ISO-10303-21;
HEADER;
FILE_DESCRIPTION (( 'STEP AP214' ),
    '1' );
FILE_NAME ('1M2A.STEP',
    '2026-06-24T01:55:18',
    ( '' ),
    ( '' ),
    'SwSTEP 2.0',
    'SolidWorks 2026',
    '' );
FILE_SCHEMA (( 'AUTOMOTIVE_DESIGN' ));
ENDSEC;

DATA;
#1 = EDGE_CURVE ( 'NONE', #3477, #3134, #2994, .T. ) ;
#2 = ADVANCED_FACE ( 'NONE', ( #6302 ), #7129, .F. ) ;
#3 = CARTESIAN_POINT ( 'NONE',  ( 79.81227975693967380, 65.00000000000000000, 5.477225575051499540 ) ) ;
#4 = CARTESIAN_POINT ( 'NONE',  ( -79.74660123940637391, 64.15750124651322039, 6.373402946047568740 ) ) ;
#5 = DIRECTION ( 'NONE',  ( 0.7071067811865401342, -0.000000000000000000, -0.7071067811865549002 ) ) ;
#6 = FACE_OUTER_BOUND ( 'NONE', #5900, .T. ) ;
#7 = EDGE_CURVE ( 'NONE', #5227, #7875, #396, .T. ) ;
#8 = AXIS2_PLACEMENT_3D ( 'NONE', #4854, #293, #7123 ) ;
#9 = FACE_OUTER_BOUND ( 'NONE', #377, .T. ) ;
#10 = VECTOR ( 'NONE', #3038, 1000.000000000000000 ) ;
#11 = EDGE_CURVE ( 'NONE', #8010, #830, #2520, .T. ) ;
#12 = EDGE_LOOP ( 'NONE', ( #3464, #6993, #2617 ) ) ;
#13 = LINE ( 'NONE', #5269, #8876 ) ;
#14 = AXIS2_PLACEMENT_3D ( 'NONE', #2557, #7725, #6893 ) ;
#15 = LINE ( 'NONE', #4529, #3845 ) ;
#16 = CARTESIAN_POINT ( 'NONE',  ( 39.13836033867524122, 52.90000000000000568, -44.86592526628658106 ) ) ;
#17 = DIRECTION ( 'NONE',  ( 0.000000000000000000, 0.000000000000000000, 1.000000000000000000 ) ) ;
#18 = CLOSED_SHELL ( 'NONE', ( #7906, #5847, #3328, #1293, #7419, #1591, #8735, #419, #3855, #2816, #7087, #8228, #6333, #1378, #9218, #862, #7990, #7012, #4284, #5337, #1709, #4426, #6011, #7655, #8432, #1708, #2908, #1586, #7688, #6482, #5893, #1541, #1118, #5913, #3334, #9207, #2478, #5652, #6934, #5222, #69, #8984, #8827, #4609, #5565, #8774, #9608, #5753, #8909, #9122, #6252, #6886, #9573, #8756, #3126, #9290, #2467, #3423, #3455, #3332, #8030, #9445, #2518, #2129, #497, #7107, #1737, #3338, #9695, #1749, #3755, #4440, #2821, #2996, #2596, #6160, #747, #8312, #8848, #49, #2023, #7344, #6900, #8430, #6757, #7835, #3611, #6646, #2, #664, #3834, #2004, #5745, #3632, #119, #4466, #4048, #2829, #4503, #6359, #5367, #4383, #1616, #9446, #5324, #5126, #2401, #9652, #3409, #3314, #690, #4134, #5918, #505, #4026, #213, #3483, #5467, #2079, #7025, #8562, #4120, #1137, #641, #807, #7116, #3267, #1690, #1982, #8591, #3926, #6592, #4624, #925, #8262, #7395, #7052, #7746, #5283, #860, #912, #7689, #4182, #6802, #9342, #8588, #2717, #7036, #3508, #2873, #265, #5007, #3545, #3925, #5174, #9697, #9393, #3824, #818, #5439, #4576, #1129, #8655, #5194, #566, #7512, #2245, #2011, #4640, #5953, #4726, #8980, #2556, #8060, #5445, #1656, #3392, #8256, #4340, #8121, #3630, #4856, #1104, #4423, #2360, #980, #4473, #3606, #7148, #974, #9227, #5365, #3041, #300, #9081, #9544, #6161, #9566, #6794, #9686, #896, #7250, #4114, #725, #3289, #8418, #2858, #1228, #5644, #686, #1249, #4691, #7834, #7995, #7938, #6745, #4260, #8330, #5493, #8859, #3527, #6935, #2312, #6179, #6090, #7591, #3201, #1532, #2102, #3176, #203, #6094, #9247, #2845, #6098, #7333, #4736, #665, #3705, #7952, #644, #6404, #4331, #561, #6423, #7809, #9056, #9105, #7713, #6753, #6368, #3949, #7773, #5928, #843, #5787, #1135, #1404, #4322, #3186, #5596, #964, #91, #3151, #4381, #5766, #6426, #2380, #9644, #342, #9200, #5016, #5287, #5035, #7540, #1056, #4864, #6370, #6834, #3260 ) ) ;
#19 = AXIS2_PLACEMENT_3D ( 'NONE', #7914, #5703, #8700 ) ;
#21 = CARTESIAN_POINT ( 'NONE',  ( -5.646478818413158685, 49.98058182672756544, 60.36806642904172548 ) ) ;
#20 = CARTESIAN_POINT ( 'NONE',  ( -4.459794268942765257E-13, 9.672827050956818619E-28, -64.40000000000004832 ) ) ;
#22 = EDGE_LOOP ( 'NONE', ( #7128, #447, #431, #5782 ) ) ;
#23 = ORIENTED_EDGE ( 'NONE', *, *, #4895, .T. ) ;
#24 = DIRECTION ( 'NONE',  ( -1.000000000000000000, 0.000000000000000000, 1.390105829006383446E-14 ) ) ;
#25 = EDGE_CURVE ( 'NONE', #6983, #2834, #9599, .T. ) ;
#26 = EDGE_CURVE ( 'NONE', #6113, #5706, #1585, .T. ) ;
#27 = CARTESIAN_POINT ( 'NONE',  ( 0.1159854610424547045, 53.89042705671922562, -57.40000000000004832 ) ) ;
#28 = DIRECTION ( 'NONE',  ( -0.000000000000000000, 1.000000000000000000, -0.000000000000000000 ) ) ;
#29 = CARTESIAN_POINT ( 'NONE',  ( -1.781881413103104661, 53.88633504566437438, 57.40000000000004832 ) ) ;
#30 = CARTESIAN_POINT ( 'NONE',  ( 10.82674895725088149, 45.50652584921627408, 64.06765941491100591 ) ) ;
#31 = CARTESIAN_POINT ( 'NONE',  ( -57.42829882522188001, 53.39900689924810706, 2.266636329750321810 ) ) ;
#32 = ORIENTED_EDGE ( 'NONE', *, *, #8189, .F. ) ;
#33 = ORIENTED_EDGE ( 'NONE', *, *, #2877, .F. ) ;
#34 = DIRECTION ( 'NONE',  ( 0.7071067811865474617, 0.000000000000000000, -0.7071067811865474617 ) ) ;
#35 = CARTESIAN_POINT ( 'NONE',  ( -18.89587269351088139, 1.500000000000001332, -51.65216350890474217 ) ) ;
#36 = DIRECTION ( 'NONE',  ( -0.7071067811865475727, 0.000000000000000000, -0.7071067811865475727 ) ) ;
#37 = CARTESIAN_POINT ( 'NONE',  ( 55.77840068099471438, 50.05457906919302502, 57.35040587229410392 ) ) ;
#38 =( NAMED_UNIT ( * ) PLANE_ANGLE_UNIT ( ) SI_UNIT ( $, .RADIAN. ) );
#39 = CARTESIAN_POINT ( 'NONE',  ( -44.86592526628644606, 52.90000000000000568, -39.13836033867539754 ) ) ;
#40 = CARTESIAN_POINT ( 'NONE',  ( -79.71466699023667957, 53.31452743713126807, -6.757759711328973573 ) ) ;
#41 = CARTESIAN_POINT ( 'NONE',  ( 64.40000000000000568, 58.49999999999999289, -1.180056052874078735E-13 ) ) ;
#42 = EDGE_LOOP ( 'NONE', ( #7788, #8445 ) ) ;
#43 = EDGE_LOOP ( 'NONE', ( #5852, #3943, #1452, #5801 ) ) ;
#44 = ORIENTED_EDGE ( 'NONE', *, *, #4674, .F. ) ;
#45 = EDGE_CURVE ( 'NONE', #5131, #8681, #7532, .T. ) ;
#46 = DIRECTION ( 'NONE',  ( -0.000000000000000000, 1.000000000000000000, -0.000000000000000000 ) ) ;
#47 = ORIENTED_EDGE ( 'NONE', *, *, #540, .F. ) ;
#48 = ORIENTED_EDGE ( 'NONE', *, *, #7556, .F. ) ;
#49 = ADVANCED_FACE ( 'NONE', ( #6248 ), #8558, .F. ) ;
#50 = FACE_BOUND ( 'NONE', #3685, .T. ) ;
#51 = FACE_OUTER_BOUND ( 'NONE', #6038, .T. ) ;
#52 = DIRECTION ( 'NONE',  ( 0.000000000000000000, 0.000000000000000000, 1.000000000000000000 ) ) ;
#53 = CARTESIAN_POINT ( 'NONE',  ( 79.55310866480101595, 57.38538913421567145, -8.444804025336221542 ) ) ;
#54 = LINE ( 'NONE', #8313, #5622 ) ;
#55 = VERTEX_POINT ( 'NONE', #3446 ) ;
#56 = ORIENTED_EDGE ( 'NONE', *, *, #3485, .T. ) ;
#57 = CARTESIAN_POINT ( 'NONE',  ( -48.40145917221872907, 52.90000000000000568, 42.67389424460865399 ) ) ;
#58 = LINE ( 'NONE', #3054, #4308 ) ;
#59 = EDGE_CURVE ( 'NONE', #2730, #3822, #4813, .T. ) ;
#60 = CARTESIAN_POINT ( 'NONE',  ( 56.55243854460502462, 65.00000000000000000, -48.80647185219058315 ) ) ;
#61 = AXIS2_PLACEMENT_3D ( 'NONE', #4778, #5525, #9204 ) ;
#62 = CARTESIAN_POINT ( 'NONE',  ( 4.049999999999543299, 60.83826859021803557, -64.40000000000007674 ) ) ;
#63 = VERTEX_POINT ( 'NONE', #7820 ) ;
#64 = VERTEX_POINT ( 'NONE', #4960 ) ;
#65 = CARTESIAN_POINT ( 'NONE',  ( 0.1159854610424547045, 53.89042705671922562, -57.40000000000004832 ) ) ;
#66 = AXIS2_PLACEMENT_3D ( 'NONE', #8283, #4193, #2523 ) ;
#67 = CARTESIAN_POINT ( 'NONE',  ( 0.000000000000000000, 45.00000000000000711, 0.000000000000000000 ) ) ;
#68 = AXIS2_PLACEMENT_3D ( 'NONE', #8872, #8136, #2284 ) ;
#69 = ADVANCED_FACE ( 'NONE', ( #7965 ), #8604, .F. ) ;
#70 = LINE ( 'NONE', #9709, #5320 ) ;
#71 = CARTESIAN_POINT ( 'NONE',  ( 58.10669776330789915, 50.28629858737063074, -54.98802682434131839 ) ) ;
#72 = DIRECTION ( 'NONE',  ( -0.7071067811865476838, -0.000000000000000000, -0.7071067811865474617 ) ) ;
#73 = AXIS2_PLACEMENT_3D ( 'NONE', #5551, #9428, #1909 ) ;
#74 = VECTOR ( 'NONE', #5079, 1000.000000000000000 ) ;
#75 = CIRCLE ( 'NONE', #2431, 4.099999999999998757 ) ;
#76 = CARTESIAN_POINT ( 'NONE',  ( -62.25874094872636988, 58.49999999999999289, 50.23792566855625097 ) ) ;
#77 = ORIENTED_EDGE ( 'NONE', *, *, #2062, .T. ) ;
#78 = EDGE_LOOP ( 'NONE', ( #7695, #93 ) ) ;
#79 = DIRECTION ( 'NONE',  ( -0.000000000000000000, 1.000000000000000000, -0.000000000000000000 ) ) ;
#80 = CARTESIAN_POINT ( 'NONE',  ( 74.50000000000001421, 58.49999999999999289, -1.359468093653504184E-13 ) ) ;
#81 = FACE_OUTER_BOUND ( 'NONE', #5701, .T. ) ;
#82 = CARTESIAN_POINT ( 'NONE',  ( 59.81453236953108643, 51.42104161641676541, 53.12608506397230457 ) ) ;
#83 = AXIS2_PLACEMENT_3D ( 'NONE', #1438, #8319, #3756 ) ;
#84 = AXIS2_PLACEMENT_3D ( 'NONE', #6596, #8811, #1380 ) ;
#85 = PLANE ( 'NONE',  #5658 ) ;
#86 = EDGE_CURVE ( 'NONE', #5877, #3697, #5508, .T. ) ;
#87 = CARTESIAN_POINT ( 'NONE',  ( 0.000000000000000000, 58.00000000000000000, 0.000000000000000000 ) ) ;
#88 = CARTESIAN_POINT ( 'NONE',  ( -79.65975723519945007, 54.24095111391810065, 7.376922362354236817 ) ) ;
#89 = DIRECTION ( 'NONE',  ( 2.081668171172168908E-15, 0.000000000000000000, 1.000000000000000000 ) ) ;
#90 = DIRECTION ( 'NONE',  ( -3.384826294588892334E-15, 0.000000000000000000, -1.000000000000000000 ) ) ;
#91 = ADVANCED_FACE ( 'NONE', ( #1032 ), #7035, .T. ) ;
#92 = VERTEX_POINT ( 'NONE', #4081 ) ;
#93 = ORIENTED_EDGE ( 'NONE', *, *, #86, .F. ) ;
#94 = VECTOR ( 'NONE', #8509, 1000.000000000000000 ) ;
#95 = ORIENTED_EDGE ( 'NONE', *, *, #4168, .T. ) ;
#96 = TOROIDAL_SURFACE ( 'NONE', #7138, 60.00000000000000711, 5.000000000000000000 ) ;
#97 = DIRECTION ( 'NONE',  ( -0.000000000000000000, 1.000000000000000000, -0.000000000000000000 ) ) ;
#98 = ORIENTED_EDGE ( 'NONE', *, *, #2420, .T. ) ;
#99 = EDGE_LOOP ( 'NONE', ( #739, #5044, #3811 ) ) ;
#100 = CIRCLE ( 'NONE', #6380, 4.999999999999997335 ) ;
#101 = CARTESIAN_POINT ( 'NONE',  ( 49.78031739553274804, 58.49999999999995737, -55.57859300126280289 ) ) ;
#102 = DIRECTION ( 'NONE',  ( -5.329070518200751394E-15, 0.000000000000000000, -1.000000000000000000 ) ) ;
#103 = DIRECTION ( 'NONE',  ( -0.000000000000000000, -1.000000000000000000, -0.000000000000000000 ) ) ;
#104 = CARTESIAN_POINT ( 'NONE',  ( 79.92345863297518349, 50.75271134841784715, 3.508151604486143604 ) ) ;
#105 = EDGE_CURVE ( 'NONE', #6798, #7235, #7083, .T. ) ;
#106 = CARTESIAN_POINT ( 'NONE',  ( -43.71487308223309043, 55.31177574804309671, -47.36048033459422868 ) ) ;
#107 = ORIENTED_EDGE ( 'NONE', *, *, #7777, .F. ) ;
#108 = ORIENTED_EDGE ( 'NONE', *, *, #8383, .T. ) ;
#109 = AXIS2_PLACEMENT_3D ( 'NONE', #5692, #9467, #7858 ) ;
#110 = DIRECTION ( 'NONE',  ( 0.7071067811865475727, 0.000000000000000000, 0.7071067811865475727 ) ) ;
#111 = DIRECTION ( 'NONE',  ( -0.000000000000000000, -1.000000000000000000, -0.000000000000000000 ) ) ;
#112 = CARTESIAN_POINT ( 'NONE',  ( -60.77777777777776436, 49.93913572686506797, 1.912140660620029076 ) ) ;
#113 = CARTESIAN_POINT ( 'NONE',  ( 1.781881413103104439, 62.14776746691671860, -57.40000000000005542 ) ) ;
#114 = EDGE_LOOP ( 'NONE', ( #6439, #2199, #1063, #8697, #7934, #1196, #7427, #8880, #9518, #1261 ) ) ;
#115 = EDGE_CURVE ( 'NONE', #7802, #4031, #3789, .T. ) ;
#116 = VERTEX_POINT ( 'NONE', #9627 ) ;
#117 = CARTESIAN_POINT ( 'NONE',  ( 7.470345474798854293E-16, 58.00000000000000000, -6.099999999999999645 ) ) ;
#118 = CARTESIAN_POINT ( 'NONE',  ( -57.39999999999999147, 53.84175531955750671, 5.873478366180060029 ) ) ;
#119 = ADVANCED_FACE ( 'NONE', ( #3541 ), #8752, .F. ) ;
#120 = EDGE_CURVE ( 'NONE', #7712, #5305, #1108, .T. ) ;
#121 = CARTESIAN_POINT ( 'NONE',  ( -0.1159854610420538445, 53.89042705671922562, 57.40000000000004832 ) ) ;
#122 = DIRECTION ( 'NONE',  ( 0.000000000000000000, 1.000000000000000000, 0.000000000000000000 ) ) ;
#123 = EDGE_CURVE ( 'NONE', #5158, #985, #8806, .T. ) ;
#124 = FACE_OUTER_BOUND ( 'NONE', #8895, .T. ) ;
#125 = EDGE_LOOP ( 'NONE', ( #1610, #445, #9527, #7535 ) ) ;
#126 = ORIENTED_EDGE ( 'NONE', *, *, #6968, .T. ) ;
#127 = VECTOR ( 'NONE', #2801, 1000.000000000000000 ) ;
#128 = LINE ( 'NONE', #3122, #3777 ) ;
#129 = DIRECTION ( 'NONE',  ( 0.6622653803999819511, 0.000000000000000000, 0.7492693547207619487 ) ) ;
#130 = PLANE ( 'NONE',  #879 ) ;
#131 = LINE ( 'NONE', #4787, #6529 ) ;
#132 = CARTESIAN_POINT ( 'NONE',  ( -64.40000000000003411, 60.83826859021802136, 4.050000000000231637 ) ) ;
#133 = AXIS2_PLACEMENT_3D ( 'NONE', #8186, #1447, #4442 ) ;
#134 = DIRECTION ( 'NONE',  ( -1.000000000000000000, -0.000000000000000000, 8.826273045769994496E-15 ) ) ;
#135 = CARTESIAN_POINT ( 'NONE',  ( -51.71217635573563598, 53.82346281956402123, -51.71217635573564309 ) ) ;
#136 = CYLINDRICAL_SURFACE ( 'NONE', #5108, 9.999999999999998224 ) ;
#137 = ORIENTED_EDGE ( 'NONE', *, *, #3605, .T. ) ;
#138 = ORIENTED_EDGE ( 'NONE', *, *, #4508, .T. ) ;
#139 = EDGE_LOOP ( 'NONE', ( #6303, #4731, #1082, #2874, #9272, #5797, #4111 ) ) ;
#140 = FACE_OUTER_BOUND ( 'NONE', #2373, .T. ) ;
#141 = EDGE_CURVE ( 'NONE', #1290, #3822, #3629, .T. ) ;
#142 = VERTEX_POINT ( 'NONE', #4270 ) ;
#143 = UNCERTAINTY_MEASURE_WITH_UNIT (LENGTH_MEASURE( 1.000000000000000082E-05 ), #8271, 'distance_accuracy_value', 'NONE');
#144 = EDGE_LOOP ( 'NONE', ( #7415, #8605, #9276, #2542, #8146, #4590, #2104, #895, #1379, #4700 ) ) ;
#145 = VECTOR ( 'NONE', #4029, 1000.000000000000114 ) ;
#146 = EDGE_CURVE ( 'NONE', #5028, #7569, #5159, .T. ) ;
#147 = AXIS2_PLACEMENT_3D ( 'NONE', #9469, #1312, #3582 ) ;
#148 = EDGE_CURVE ( 'NONE', #1274, #9435, #4319, .T. ) ;
#149 = CARTESIAN_POINT ( 'NONE',  ( -7.559093700693360063, 48.48199263650949575, -63.14629318043830608 ) ) ;
#150 = EDGE_CURVE ( 'NONE', #9564, #8681, #1316, .T. ) ;
#151 = DIRECTION ( 'NONE',  ( -0.8660254037844381525, 0.5000000000000008882, 5.991246546128640957E-15 ) ) ;
#152 = DIRECTION ( 'NONE',  ( -0.7071067811865475727, 0.000000000000000000, 0.7071067811865475727 ) ) ;
#153 = CARTESIAN_POINT ( 'NONE',  ( -46.66904755831214402, 58.49999999999999289, -58.68986283848343533 ) ) ;
#154 = CARTESIAN_POINT ( 'NONE',  ( 79.80350767577233739, 52.09668627093296323, -5.617349375502798559 ) ) ;
#155 = CARTESIAN_POINT ( 'NONE',  ( 66.98126610706803774, 14.70000000000000462, -27.74454884646963038 ) ) ;
#156 = CARTESIAN_POINT ( 'NONE',  ( -45.53767670841317283, 58.49999999999995737, 45.53767670841414628 ) ) ;
#157 = EDGE_CURVE ( 'NONE', #861, #7327, #6583, .T. ) ;
#158 = ORIENTED_EDGE ( 'NONE', *, *, #5421, .T. ) ;
#159 = LINE ( 'NONE', #6304, #4631 ) ;
#160 = DIRECTION ( 'NONE',  ( -0.6123724356957940262, -0.5000000000000009992, 0.6123724356957940262 ) ) ;
#161 = CARTESIAN_POINT ( 'NONE',  ( 11.67002566352182491, 30.90000000000000213, -28.37734619600018249 ) ) ;
#162 = DIRECTION ( 'NONE',  ( 0.000000000000000000, 0.000000000000000000, 1.000000000000000000 ) ) ;
#163 = ORIENTED_EDGE ( 'NONE', *, *, #45, .F. ) ;
#164 = AXIS2_PLACEMENT_3D ( 'NONE', #8318, #3008, #5274 ) ;
#165 = EDGE_LOOP ( 'NONE', ( #1368, #4514, #5008, #7244 ) ) ;
#166 = FACE_OUTER_BOUND ( 'NONE', #8512, .T. ) ;
#167 = AXIS2_PLACEMENT_3D ( 'NONE', #7475, #4465, #1567 ) ;
#168 = CARTESIAN_POINT ( 'NONE',  ( -52.67945519839723545, 58.49999999999999289, 52.67945519839834390 ) ) ;
#169 = VECTOR ( 'NONE', #643, 1000.000000000000000 ) ;
#170 = DIRECTION ( 'NONE',  ( 0.000000000000000000, 0.000000000000000000, 1.000000000000000000 ) ) ;
#171 = DIRECTION ( 'NONE',  ( 0.000000000000000000, 1.000000000000000000, -0.000000000000000000 ) ) ;
#172 = CARTESIAN_POINT ( 'NONE',  ( 7.559093700691445150, 48.48199263650943891, -63.14629318043857609 ) ) ;
#173 = ORIENTED_EDGE ( 'NONE', *, *, #8686, .F. ) ;
#174 = ORIENTED_EDGE ( 'NONE', *, *, #7644, .T. ) ;
#175 = DIRECTION ( 'NONE',  ( -0.000000000000000000, 1.000000000000000000, -0.000000000000000000 ) ) ;
#176 = DIRECTION ( 'NONE',  ( -1.000000000000000000, 0.000000000000000000, 5.329070518200751394E-15 ) ) ;
#177 = CARTESIAN_POINT ( 'NONE',  ( -46.66904755831151874, 58.49999999999999289, 58.68986283848393981 ) ) ;
#178 = EDGE_CURVE ( 'NONE', #3445, #5415, #945, .T. ) ;
#179 = FACE_OUTER_BOUND ( 'NONE', #5107, .T. ) ;
#180 = CARTESIAN_POINT ( 'NONE',  ( 0.000000000000000000, 45.00000000000000711, -65.00000000000000000 ) ) ;
#181 = LINE ( 'NONE', #3174, #575 ) ;
#182 = FACE_OUTER_BOUND ( 'NONE', #5256, .T. ) ;
#183 = DIRECTION ( 'NONE',  ( 1.000000000000000000, 0.000000000000000000, -3.854941057726231589E-15 ) ) ;
#184 = VERTEX_POINT ( 'NONE', #9681 ) ;
#185 = VERTEX_POINT ( 'NONE', #7234 ) ;
#186 = ORIENTED_EDGE ( 'NONE', *, *, #1882, .T. ) ;
#187 = CARTESIAN_POINT ( 'NONE',  ( -79.81227975693971644, 65.00000000000000000, -5.477225575050939099 ) ) ;
#188 = ORIENTED_EDGE ( 'NONE', *, *, #9509, .F. ) ;
#189 = ORIENTED_EDGE ( 'NONE', *, *, #4653, .F. ) ;
#190 = CARTESIAN_POINT ( 'NONE',  ( -5.957377012124339011, 49.77052315700336749, -61.23664319947136647 ) ) ;
#191 = DIRECTION ( 'NONE',  ( -0.7492693547207615046, 0.000000000000000000, -0.6622653803999826172 ) ) ;
#192 = DIRECTION ( 'NONE',  ( 0.7071067811865474617, 0.000000000000000000, -0.7071067811865474617 ) ) ;
#193 = CARTESIAN_POINT ( 'NONE',  ( -57.40000000000002700, 50.00000000000000000, 1.781881413105631973 ) ) ;
#194 = EDGE_CURVE ( 'NONE', #9328, #6877, #9531, .T. ) ;
#195 = CARTESIAN_POINT ( 'NONE',  ( 2.577833609687465000, 55.31177574804343777, -64.40000000000006253 ) ) ;
#196 = EDGE_LOOP ( 'NONE', ( #1592, #5932, #2001, #9727 ) ) ;
#197 = ORIENTED_EDGE ( 'NONE', *, *, #8348, .T. ) ;
#198 = CARTESIAN_POINT ( 'NONE',  ( 60.36806642904173970, 49.98058182672756544, 5.646478818412946410 ) ) ;
#199 = CARTESIAN_POINT ( 'NONE',  ( 1.472166390312262152, 62.32658151869705421, -64.40000000000006253 ) ) ;
#200 = CARTESIAN_POINT ( 'NONE',  ( -48.40145917221918381, 65.00000000000000000, -42.67389424460813530 ) ) ;
#201 = DIRECTION ( 'NONE',  ( -0.7071067811865474617, 0.000000000000000000, 0.7071067811865474617 ) ) ;
#202 = VERTEX_POINT ( 'NONE', #2059 ) ;
#203 = ADVANCED_FACE ( 'NONE', ( #5055 ), #2161, .T. ) ;
#204 = ORIENTED_EDGE ( 'NONE', *, *, #3638, .T. ) ;
#205 = LINE ( 'NONE', #7590, #5732 ) ;
#206 = CARTESIAN_POINT ( 'NONE',  ( 58.10521046563194147, 56.16173140978203548, -4.050000000000209432 ) ) ;
#207 = EDGE_CURVE ( 'NONE', #9082, #521, #2014, .T. ) ;
#208 = AXIS2_PLACEMENT_3D ( 'NONE', #5034, #7158, #8036 ) ;
#209 = VECTOR ( 'NONE', #953, 1000.000000000000000 ) ;
#210 = EDGE_CURVE ( 'NONE', #1016, #397, #640, .T. ) ;
#211 = DIRECTION ( 'NONE',  ( -1.000000000000000000, -1.854709381156976911E-16, 1.396592535537253500E-14 ) ) ;
#212 = DIRECTION ( 'NONE',  ( 0.000000000000000000, 0.000000000000000000, -1.000000000000000000 ) ) ;
#213 = ADVANCED_FACE ( 'NONE', ( #9582 ), #8843, .F. ) ;
#214 = CARTESIAN_POINT ( 'NONE',  ( -61.14667163244176606, 53.31721228575429450, -51.58663057988437117 ) ) ;
#215 = ORIENTED_EDGE ( 'NONE', *, *, #9347, .T. ) ;
#216 = AXIS2_PLACEMENT_3D ( 'NONE', #4287, #1387, #9601 ) ;
#217 = ORIENTED_EDGE ( 'NONE', *, *, #3497, .T. ) ;
#218 = AXIS2_PLACEMENT_3D ( 'NONE', #7608, #3871, #3129 ) ;
#219 = CARTESIAN_POINT ( 'NONE',  ( 7.529663527230812115, 1.500000000000001332, 6.655330888320931670 ) ) ;
#220 = FACE_OUTER_BOUND ( 'NONE', #660, .T. ) ;
#221 = CARTESIAN_POINT ( 'NONE',  ( -57.40000000000005542, 53.88936911430551646, -1.023481251065034403 ) ) ;
#222 = LINE ( 'NONE', #6866, #5743 ) ;
#223 = LINE ( 'NONE', #871, #6134 ) ;
#224 = AXIS2_PLACEMENT_3D ( 'NONE', #3637, #6729, #9725 ) ;
#225 = AXIS2_PLACEMENT_3D ( 'NONE', #1311, #438, #5050 ) ;
#226 = VECTOR ( 'NONE', #2073, 999.9999999999998863 ) ;
#227 = CARTESIAN_POINT ( 'NONE',  ( -74.49999999999998579, 58.49999999999999289, 6.592226764468023248E-13 ) ) ;
#228 = DIRECTION ( 'NONE',  ( 0.000000000000000000, 0.000000000000000000, 1.000000000000000000 ) ) ;
#229 = LINE ( 'NONE', #6776, #6506 ) ;
#230 = ORIENTED_EDGE ( 'NONE', *, *, #8072, .F. ) ;
#231 = VERTEX_POINT ( 'NONE', #4418 ) ;
#232 = EDGE_CURVE ( 'NONE', #1684, #8472, #1888, .T. ) ;
#233 = VERTEX_POINT ( 'NONE', #2943 ) ;
#234 = DIRECTION ( 'NONE',  ( 1.015447888376667621E-14, 0.000000000000000000, 1.000000000000000000 ) ) ;
#235 = EDGE_LOOP ( 'NONE', ( #1064, #4019 ) ) ;
#236 = EDGE_LOOP ( 'NONE', ( #9195, #5510 ) ) ;
#237 = AXIS2_PLACEMENT_3D ( 'NONE', #1538, #5275, #1386 ) ;
#238 = VECTOR ( 'NONE', #8344, 1000.000000000000114 ) ;
#239 = CARTESIAN_POINT ( 'NONE',  ( 64.40000000000000568, 58.49999999999999289, -1.180056052874078735E-13 ) ) ;
#240 = EDGE_CURVE ( 'NONE', #830, #4214, #5948, .T. ) ;
#241 = CARTESIAN_POINT ( 'NONE',  ( -64.40000000000006253, 56.16173140978204259, -4.049999999999767120 ) ) ;
#242 = DIRECTION ( 'NONE',  ( 1.000000000000000000, 0.000000000000000000, -1.776356839400250465E-15 ) ) ;
#243 = FACE_BOUND ( 'NONE', #7331, .T. ) ;
#244 = CARTESIAN_POINT ( 'NONE',  ( 79.59262195794076433, 55.76139180653833449, 8.066005663180849439 ) ) ;
#245 = AXIS2_PLACEMENT_3D ( 'NONE', #5272, #7539, #7369 ) ;
#246 = CIRCLE ( 'NONE', #1183, 4.099999999999999645 ) ;
#247 = ORIENTED_EDGE ( 'NONE', *, *, #3100, .F. ) ;
#248 = CARTESIAN_POINT ( 'NONE',  ( 7.957989382529324196, 55.50032678818203635, 79.60327829117581189 ) ) ;
#249 = ORIENTED_EDGE ( 'NONE', *, *, #8259, .T. ) ;
#250 = DIRECTION ( 'NONE',  ( -0.7071067811865476838, -0.000000000000000000, -0.7071067811865474617 ) ) ;
#251 = ORIENTED_EDGE ( 'NONE', *, *, #9365, .F. ) ;
#252 = PLANE ( 'NONE',  #4174 ) ;
#253 = CIRCLE ( 'NONE', #3232, 4.999999999999999112 ) ;
#254 = CARTESIAN_POINT ( 'NONE',  ( 1.023481251065367470, 53.88936911430552357, -57.40000000000004832 ) ) ;
#255 = CARTESIAN_POINT ( 'NONE',  ( -50.23792566855492936, 58.49999999999999289, 62.25874094872742148 ) ) ;
#256 = DIRECTION ( 'NONE',  ( -0.3535533905932745635, -0.8660254037844411501, -0.3535533905932671250 ) ) ;
#257 = ORIENTED_EDGE ( 'NONE', *, *, #2285, .T. ) ;
#258 = AXIS2_PLACEMENT_3D ( 'NONE', #2357, #5357, #4264 ) ;
#259 = ORIENTED_EDGE ( 'NONE', *, *, #4674, .T. ) ;
#260 = DIRECTION ( 'NONE',  ( -5.329070518200751394E-15, 0.000000000000000000, -1.000000000000000000 ) ) ;
#261 = EDGE_CURVE ( 'NONE', #9156, #5540, #4323, .T. ) ;
#262 = CARTESIAN_POINT ( 'NONE',  ( -79.81227975693971644, 65.00000000000000000, -5.477225575050939099 ) ) ;
#263 = VECTOR ( 'NONE', #9710, 1000.000000000000000 ) ;
#264 = EDGE_CURVE ( 'NONE', #2090, #1302, #4401, .T. ) ;
#265 = ADVANCED_FACE ( 'NONE', ( #2353, #140 ), #5446, .T. ) ;
#266 = DIRECTION ( 'NONE',  ( 0.000000000000000000, 0.000000000000000000, -1.000000000000000000 ) ) ;
#267 = LINE ( 'NONE', #6266, #7133 ) ;
#268 = EDGE_LOOP ( 'NONE', ( #2539, #2504, #353, #1792, #7840, #5684, #5076, #4225, #5772, #6885, #1577, #7854, #1179, #5899, #5598, #2718, #8079, #4828, #5040, #3181 ) ) ;
#269 = CARTESIAN_POINT ( 'NONE',  ( -4.459794268942765257E-13, 9.672827050956818619E-28, -64.40000000000004832 ) ) ;
#270 = ORIENTED_EDGE ( 'NONE', *, *, #7609, .T. ) ;
#271 = EDGE_LOOP ( 'NONE', ( #2759, #9684, #2554, #687 ) ) ;
#272 = CARTESIAN_POINT ( 'NONE',  ( 2.170278071715207258, 53.49593148416256128, 57.41771832834783851 ) ) ;
#273 = CARTESIAN_POINT ( 'NONE',  ( 5.477225575052562689, 65.00000000000000000, 74.49999999999991473 ) ) ;
#274 = FACE_OUTER_BOUND ( 'NONE', #3537, .T. ) ;
#275 = CARTESIAN_POINT ( 'NONE',  ( -3.961674738262033202E-13, 63.17653718043602140, -57.40000000000004832 ) ) ;
#276 = CARTESIAN_POINT ( 'NONE',  ( 42.67389424460797187, 52.90000000000000568, -48.40145917221933303 ) ) ;
#277 = DIRECTION ( 'NONE',  ( 0.7071067811865474617, 3.384826294588897462E-15, -0.7071067811865474617 ) ) ;
#278 = CARTESIAN_POINT ( 'NONE',  ( -1.976685244381958917, 53.69058334038353308, -57.40356766985941306 ) ) ;
#279 = DIRECTION ( 'NONE',  ( -1.000000000000000000, 0.000000000000000000, 8.826273045769994496E-15 ) ) ;
#280 = CARTESIAN_POINT ( 'NONE',  ( 64.40000000000006253, 56.16173140978204259, 4.049999999999767120 ) ) ;
#281 = VECTOR ( 'NONE', #2432, 1000.000000000000000 ) ;
#282 = ORIENTED_EDGE ( 'NONE', *, *, #3729, .T. ) ;
#283 = EDGE_LOOP ( 'NONE', ( #4845, #1958, #683, #9002, #3936, #7006 ) ) ;
#284 = EDGE_CURVE ( 'NONE', #7426, #4446, #4088, .T. ) ;
#285 = VERTEX_POINT ( 'NONE', #6093 ) ;
#286 = DIRECTION ( 'NONE',  ( -0.000000000000000000, 1.000000000000000000, -0.000000000000000000 ) ) ;
#287 = EDGE_LOOP ( 'NONE', ( #1590, #4857, #4942, #380, #7776 ) ) ;
#288 = ORIENTED_EDGE ( 'NONE', *, *, #1858, .T. ) ;
#289 = VECTOR ( 'NONE', #4329, 1000.000000000000000 ) ;
#290 = DIRECTION ( 'NONE',  ( -2.967535009851185540E-15, 0.5000000000000008882, -0.8660254037844381525 ) ) ;
#291 = LINE ( 'NONE', #3967, #3866 ) ;
#292 = CARTESIAN_POINT ( 'NONE',  ( 1.781881413105030232, 53.88633504566436727, 57.40000000000004832 ) ) ;
#293 = DIRECTION ( 'NONE',  ( 0.000000000000000000, 1.000000000000000000, -0.000000000000000000 ) ) ;
#294 = CARTESIAN_POINT ( 'NONE',  ( 64.40000000000006253, 55.31177574804344488, 2.577833609687698591 ) ) ;
#295 = VERTEX_POINT ( 'NONE', #4516 ) ;
#296 = CARTESIAN_POINT ( 'NONE',  ( 2.735896540539949129, 50.44752809394043425, 79.95364803908823603 ) ) ;
#297 = VERTEX_POINT ( 'NONE', #5391 ) ;
#298 = VECTOR ( 'NONE', #6660, 1000.000000000000000 ) ;
#299 = CARTESIAN_POINT ( 'NONE',  ( -5.951203977356239072, 64.60060205736581906, -79.77975234843775354 ) ) ;
#300 = ADVANCED_FACE ( 'NONE', ( #9174 ), #2253, .T. ) ;
#301 = ORIENTED_EDGE ( 'NONE', *, *, #3874, .T. ) ;
#302 = DIRECTION ( 'NONE',  ( -2.967535009851185540E-15, 0.5000000000000008882, -0.8660254037844381525 ) ) ;
#303 = CARTESIAN_POINT ( 'NONE',  ( -27.74454884646939945, 14.70000000000000462, -66.98126610706812301 ) ) ;
#304 = DIRECTION ( 'NONE',  ( -0.7071067811865475727, 0.000000000000000000, -0.7071067811865474617 ) ) ;
#305 = CYLINDRICAL_SURFACE ( 'NONE', #8143, 9.999999999999994671 ) ;
#306 = CIRCLE ( 'NONE', #2658, 4.099999999999999645 ) ;
#307 = ORIENTED_EDGE ( 'NONE', *, *, #7431, .T. ) ;
#308 = B_SPLINE_CURVE_WITH_KNOTS ( 'NONE', 3,
 ( #7658, #1609, #916, #4557, #3177, #6175 ),
 .UNSPECIFIED., .F., .F.,
 ( 4, 2, 4 ),
 ( -1.471960575575294398E-05, 0.0005904932817596860979, 0.001195706169275125106 ),
 .UNSPECIFIED. ) ;
#309 = CARTESIAN_POINT ( 'NONE',  ( -5.477225575052044881, 65.00000000000000000, -74.49999999999997158 ) ) ;
#310 = LINE ( 'NONE', #3313, #3217 ) ;
#311 = DIRECTION ( 'NONE',  ( -0.000000000000000000, 1.000000000000000000, -0.000000000000000000 ) ) ;
#312 = AXIS2_PLACEMENT_3D ( 'NONE', #6626, #678, #5989 ) ;
#313 = CARTESIAN_POINT ( 'NONE',  ( -27.74454884646939945, 14.70000000000000462, -66.98126610706812301 ) ) ;
#314 = CARTESIAN_POINT ( 'NONE',  ( 57.47051678568122668, 53.10945582977837631, -2.554378579551278783 ) ) ;
#315 = CARTESIAN_POINT ( 'NONE',  ( -62.22392079345770100, 57.38538913421567145, -50.28116440924448227 ) ) ;
#316 = ORIENTED_EDGE ( 'NONE', *, *, #3028, .T. ) ;
#317 = EDGE_CURVE ( 'NONE', #6095, #4869, #6875, .T. ) ;
#318 = EDGE_LOOP ( 'NONE', ( #2163, #3024, #8592, #2242, #7721, #8300 ) ) ;
#319 = CARTESIAN_POINT ( 'NONE',  ( -35.00000000000000000, 30.90000000000000213, -4.177332116314161681 ) ) ;
#320 = CARTESIAN_POINT ( 'NONE',  ( 9.090007576262848494E-13, 53.82346281956404255, 64.40000000000004832 ) ) ;
#321 = CARTESIAN_POINT ( 'NONE',  ( -4.104211388641282488E-13, 53.82346281956404255, -57.40056085429986155 ) ) ;
#322 = VECTOR ( 'NONE', #3940, 1000.000000000000114 ) ;
#323 = LINE ( 'NONE', #9163, #7473 ) ;
#324 = DIRECTION ( 'NONE',  ( 0.8660254037844381525, 0.5000000000000008882, -1.203866961868355179E-14 ) ) ;
#325 = DIRECTION ( 'NONE',  ( -0.000000000000000000, 1.000000000000000000, -0.000000000000000000 ) ) ;
#326 = CARTESIAN_POINT ( 'NONE',  ( -45.53767670841317283, 58.49999999999995737, 45.53767670841414628 ) ) ;
#327 = CARTESIAN_POINT ( 'NONE',  ( 57.40000000000004832, 53.86810544861018002, 0.07732330169115894658 ) ) ;
#328 = CARTESIAN_POINT ( 'NONE',  ( -50.66067491550131763, 55.50099659043263500, 61.91532537797291980 ) ) ;
#329 = VECTOR ( 'NONE', #7576, 1000.000000000000000 ) ;
#330 = ORIENTED_EDGE ( 'NONE', *, *, #9241, .T. ) ;
#331 = ORIENTED_EDGE ( 'NONE', *, *, #8341, .F. ) ;
#332 = ORIENTED_EDGE ( 'NONE', *, *, #8494, .F. ) ;
#333 = DIRECTION ( 'NONE',  ( 0.000000000000000000, 0.000000000000000000, 1.000000000000000000 ) ) ;
#334 = ORIENTED_EDGE ( 'NONE', *, *, #2760, .T. ) ;
#335 = ORIENTED_EDGE ( 'NONE', *, *, #3902, .F. ) ;
#336 = DIRECTION ( 'NONE',  ( 0.7071067811865476838, -0.000000000000000000, 0.7071067811865474617 ) ) ;
#337 = LINE ( 'NONE', #5397, #1264 ) ;
#338 = FACE_OUTER_BOUND ( 'NONE', #3300, .T. ) ;
#339 = PLANE ( 'NONE',  #1801 ) ;
#340 = CARTESIAN_POINT ( 'NONE',  ( -64.00132858745531905, 65.00000000000000000, 11.35032770630761334 ) ) ;
#341 = CYLINDRICAL_SURFACE ( 'NONE', #1948, 2.149999999999999023 ) ;
#342 = ADVANCED_FACE ( 'NONE', ( #3135 ), #2396, .F. ) ;
#343 = ORIENTED_EDGE ( 'NONE', *, *, #5163, .T. ) ;
#344 = EDGE_CURVE ( 'NONE', #4713, #4434, #8395, .T. ) ;
#345 = FACE_OUTER_BOUND ( 'NONE', #8447, .T. ) ;
#346 = ORIENTED_EDGE ( 'NONE', *, *, #7674, .T. ) ;
#347 = CARTESIAN_POINT ( 'NONE',  ( -66.98126610706783879, -35.59999999999999432, 25.59454884647010076 ) ) ;
#348 = ORIENTED_EDGE ( 'NONE', *, *, #8672, .T. ) ;
#349 = CARTESIAN_POINT ( 'NONE',  ( -61.04346596506924527, 1.500000000000001332, -22.33148591051283205 ) ) ;
#350 = DIRECTION ( 'NONE',  ( 0.000000000000000000, 0.000000000000000000, -1.000000000000000000 ) ) ;
#351 = CARTESIAN_POINT ( 'NONE',  ( -50.23792566855493646, 59.12239097622111217, 62.25874094872741438 ) ) ;
#352 = CARTESIAN_POINT ( 'NONE',  ( -72.03327283503138290, 64.00000071709243343, -29.92011830026050845 ) ) ;
#353 = ORIENTED_EDGE ( 'NONE', *, *, #2635, .T. ) ;
#354 = CARTESIAN_POINT ( 'NONE',  ( -5.813510302919788764, 50.52795622369259121, -57.40000000000004121 ) ) ;
#355 = EDGE_CURVE ( 'NONE', #6983, #1929, #4868, .T. ) ;
#356 = CARTESIAN_POINT ( 'NONE',  ( 52.56282089188223949, 65.00000000000000000, -60.30878758429744835 ) ) ;
#357 = CARTESIAN_POINT ( 'NONE',  ( 4.177332116314186550, 1.500000000000001332, 25.00000000000000000 ) ) ;
#358 = EDGE_CURVE ( 'NONE', #3476, #4629, #8640, .T. ) ;
#359 = DIRECTION ( 'NONE',  ( 1.000000000000000000, 0.000000000000000000, 0.000000000000000000 ) ) ;
#360 = ORIENTED_EDGE ( 'NONE', *, *, #8134, .F. ) ;
#361 = ORIENTED_EDGE ( 'NONE', *, *, #1703, .F. ) ;
#362 = B_SPLINE_CURVE_WITH_KNOTS ( 'NONE', 3,
 ( #3764, #4086, #1038, #6895, #3941, #9243, #7041, #2558, #2469, #4721, #351, #255 ),
 .UNSPECIFIED., .F., .F.,
 ( 4, 2, 2, 2, 2, 4 ),
 ( 0.04581870673879398503, 0.04765927584578603937, 0.04857956039928205266, 0.04949984495277806595, 0.05134041405977010641, 0.05318098316676214687 ),
 .UNSPECIFIED. ) ;
#363 = B_SPLINE_CURVE_WITH_KNOTS ( 'NONE', 3,
 ( #3549, #5616, #4087, #9438, #9482, #7970, #4276, #9388, #4818, #2661, #8658, #1087 ),
 .UNSPECIFIED., .F., .F.,
 ( 4, 2, 2, 2, 2, 4 ),
 ( 0.02659362627030692830, 0.02843711113902627416, 0.03028059600774561655, 0.03120233844210528948, 0.03212408087646496241, 0.03396756574518427357 ),
 .UNSPECIFIED. ) ;
#364 = ORIENTED_EDGE ( 'NONE', *, *, #9549, .T. ) ;
#365 = DIRECTION ( 'NONE',  ( -1.745740669421570425E-15, 0.8660254037844381525, -0.5000000000000009992 ) ) ;
#366 = DIRECTION ( 'NONE',  ( 0.000000000000000000, -1.000000000000000000, 0.000000000000000000 ) ) ;
#367 = CARTESIAN_POINT ( 'NONE',  ( 5.711878632417668911, 64.80226958045051333, -79.79617637371363514 ) ) ;
#368 = EDGE_CURVE ( 'NONE', #9715, #8288, #2450, .T. ) ;
#369 = CARTESIAN_POINT ( 'NONE',  ( 59.86319938987831790, 50.14630576955501340, -5.483591322064190976 ) ) ;
#370 = CARTESIAN_POINT ( 'NONE',  ( -58.10521046563163594, 60.83826859021802136, 4.050000000000209432 ) ) ;
#371 = DIRECTION ( 'NONE',  ( 0.000000000000000000, -0.000000000000000000, 1.000000000000000000 ) ) ;
#372 = CARTESIAN_POINT ( 'NONE',  ( -64.40000000000006253, 60.83826859021803557, -4.049999999999768008 ) ) ;
#373 = CARTESIAN_POINT ( 'NONE',  ( -51.71217635573510307, 53.82346281956404255, 51.71217635573618310 ) ) ;
#374 = EDGE_LOOP ( 'NONE', ( #5939, #5998, #9429, #1695 ) ) ;
#375 = AXIS2_PLACEMENT_3D ( 'NONE', #8632, #2041, #5039 ) ;
#376 = ORIENTED_EDGE ( 'NONE', *, *, #7112, .F. ) ;
#377 = EDGE_LOOP ( 'NONE', ( #2853, #922, #8947, #3798, #8620, #8423, #1838, #9703, #441 ) ) ;
#378 = CARTESIAN_POINT ( 'NONE',  ( 5.950482993818327238, 64.60120959420824249, 79.77980182690748734 ) ) ;
#379 = EDGE_LOOP ( 'NONE', ( #8834, #726, #4989, #2832, #8448, #7997, #8857 ) ) ;
#380 = ORIENTED_EDGE ( 'NONE', *, *, #9403, .F. ) ;
#381 = EDGE_CURVE ( 'NONE', #3526, #8098, #7665, .T. ) ;
#382 = AXIS2_PLACEMENT_3D ( 'NONE', #313, #1927, #8517 ) ;
#383 = CIRCLE ( 'NONE', #4636, 9.999999999999994671 ) ;
#384 = EDGE_CURVE ( 'NONE', #5702, #7685, #7073, .T. ) ;
#385 = CARTESIAN_POINT ( 'NONE',  ( -8.066204091536777199, 55.76200378584896811, 79.59260158200110880 ) ) ;
#386 = CARTESIAN_POINT ( 'NONE',  ( -11.20702771053446689, 45.13982651310359273, -64.02674215227087018 ) ) ;
#387 = CARTESIAN_POINT ( 'NONE',  ( -4.050000000000456346, 57.86164273326049567, -64.40000000000001990 ) ) ;
#388 = LINE ( 'NONE', #1768, #2203 ) ;
#389 = CARTESIAN_POINT ( 'NONE',  ( 8.946128475157607287E-13, 63.17653718043602140, 64.40000000000004832 ) ) ;
#390 = ORIENTED_EDGE ( 'NONE', *, *, #6456, .T. ) ;
#391 = CIRCLE ( 'NONE', #3209, 4.099999999999993427 ) ;
#392 = AXIS2_PLACEMENT_3D ( 'NONE', #3241, #1767, #6242 ) ;
#393 = DIRECTION ( 'NONE',  ( 0.000000000000000000, 1.000000000000000000, -0.000000000000000000 ) ) ;
#394 = VERTEX_POINT ( 'NONE', #8255 ) ;
#395 = VECTOR ( 'NONE', #8615, 1000.000000000000000 ) ;
#396 = LINE ( 'NONE', #1913, #6761 ) ;
#397 = VERTEX_POINT ( 'NONE', #9041 ) ;
#398 = CARTESIAN_POINT ( 'NONE',  ( 50.30313249799774411, 59.72675154040792478, -62.20607676815933473 ) ) ;
#399 = VECTOR ( 'NONE', #746, 1000.000000000000000 ) ;
#400 = EDGE_CURVE ( 'NONE', #5142, #2834, #1516, .T. ) ;
#401 = CARTESIAN_POINT ( 'NONE',  ( -5.646478818415044287, 65.00000000000000000, -60.36806642904157627 ) ) ;
#402 = VECTOR ( 'NONE', #9141, 1000.000000000000114 ) ;
#403 = DIRECTION ( 'NONE',  ( 1.000000000000000000, 0.000000000000000000, -1.776356839400250465E-15 ) ) ;
#404 = CARTESIAN_POINT ( 'NONE',  ( 1.023481251066998610, 53.88936911430551646, 57.40000000000004832 ) ) ;
#405 = ORIENTED_EDGE ( 'NONE', *, *, #4883, .T. ) ;
#406 = CYLINDRICAL_SURFACE ( 'NONE', #755, 4.000000000000003553 ) ;
#407 = AXIS2_PLACEMENT_3D ( 'NONE', #5093, #2091, #8097 ) ;
#408 = CARTESIAN_POINT ( 'NONE',  ( -60.36806642904178943, 65.00000000000000000, -5.646478818412526302 ) ) ;
#409 = CARTESIAN_POINT ( 'NONE',  ( 42.67389424460797187, 56.16173140978202127, -48.40145917221933303 ) ) ;
#410 = B_SPLINE_CURVE_WITH_KNOTS ( 'NONE', 3,
 ( #8175, #7440, #3704, #8960 ),
 .UNSPECIFIED., .F., .F.,
 ( 4, 4 ),
 ( 0.000000000000000000, 0.0003116544788811089427 ),
 .UNSPECIFIED. ) ;
#411 = CIRCLE ( 'NONE', #1668, 65.00000000000000000 ) ;
#412 = EDGE_CURVE ( 'NONE', #7522, #8010, #471, .T. ) ;
#413 = CARTESIAN_POINT ( 'NONE',  ( 0.000000000000000000, 37.90000000000000568, 0.000000000000000000 ) ) ;
#414 = ORIENTED_EDGE ( 'NONE', *, *, #5433, .F. ) ;
#415 = EDGE_LOOP ( 'NONE', ( #4417, #7084 ) ) ;
#416 = CARTESIAN_POINT ( 'NONE',  ( 4.850650420180094180, 50.78916072381618818, 58.82354439627704323 ) ) ;
#417 = CARTESIAN_POINT ( 'NONE',  ( 4.696156221531854413, 50.94584574205703831, -58.65112756039860642 ) ) ;
#418 = PLANE ( 'NONE',  #3857 ) ;
#419 = ADVANCED_FACE ( 'NONE', ( #828 ), #3825, .F. ) ;
#420 = AXIS2_PLACEMENT_3D ( 'NONE', #7273, #7225, #483 ) ;
#421 = CARTESIAN_POINT ( 'NONE',  ( 58.82369293879647643, 50.78903894382393247, -4.850770448145874880 ) ) ;
#422 = EDGE_CURVE ( 'NONE', #2624, #9009, #4846, .T. ) ;
#423 = B_SPLINE_CURVE_WITH_KNOTS ( 'NONE', 3,
 ( #7007, #4686, #998, #272, #4147, #3271, #5530, #8525, #6168, #2435, #8434, #7697, #6460, #5724, #416, #6559, #8033, #2674, #8669, #5820 ),
 .UNSPECIFIED., .F., .F.,
 ( 4, 2, 2, 2, 2, 2, 2, 2, 2, 4 ),
 ( -1.264918306706622997E-05, 0.0003967388650641782716, 0.0008061269131954227089, 0.001624903009457927521, 0.002443679105720432225, 0.003262455201982937363, 0.004081231298245443367, 0.004900007394507948505, 0.005718783490770455377, 0.006537559587032960515 ),
 .UNSPECIFIED. ) ;
#424 = LINE ( 'NONE', #3424, #2208 ) ;
#425 = CARTESIAN_POINT ( 'NONE',  ( -1.878457402019048761, 53.78930731398673259, 57.40000000000004832 ) ) ;
#426 = EDGE_CURVE ( 'NONE', #7712, #6223, #6130, .T. ) ;
#427 = DIRECTION ( 'NONE',  ( -0.000000000000000000, -1.000000000000000000, -0.000000000000000000 ) ) ;
#428 = CARTESIAN_POINT ( 'NONE',  ( -2.598160995413646202, 61.67648823033619010, -57.40000000000004832 ) ) ;
#429 = ORIENTED_EDGE ( 'NONE', *, *, #7542, .F. ) ;
#430 = ORIENTED_EDGE ( 'NONE', *, *, #1276, .F. ) ;
#431 = ORIENTED_EDGE ( 'NONE', *, *, #2543, .T. ) ;
#432 = CARTESIAN_POINT ( 'NONE',  ( 60.62218972012668416, 64.59900378415554201, 52.20323397250685105 ) ) ;
#433 = ORIENTED_EDGE ( 'NONE', *, *, #5489, .T. ) ;
#434 = ORIENTED_EDGE ( 'NONE', *, *, #5671, .T. ) ;
#435 = CARTESIAN_POINT ( 'NONE',  ( -2.208347269012071123, 50.27308457453233359, 79.97137260714151807 ) ) ;
#436 = AXIS2_PLACEMENT_3D ( 'NONE', #1878, #3258, #9249 ) ;
#437 = DIRECTION ( 'NONE',  ( -0.7071067811865475727, 0.000000000000000000, -0.7071067811865475727 ) ) ;
#438 = DIRECTION ( 'NONE',  ( 0.000000000000000000, 1.000000000000000000, 0.000000000000000000 ) ) ;
#439 = CARTESIAN_POINT ( 'NONE',  ( 48.80647185219039130, 65.00000000000000000, 56.55243854460518804 ) ) ;
#440 = FACE_OUTER_BOUND ( 'NONE', #4080, .T. ) ;
#441 = ORIENTED_EDGE ( 'NONE', *, *, #5271, .T. ) ;
#442 = FACE_OUTER_BOUND ( 'NONE', #2962, .T. ) ;
#443 = ORIENTED_EDGE ( 'NONE', *, *, #8370, .T. ) ;
#444 = CARTESIAN_POINT ( 'NONE',  ( -6.936071897222404026, 63.42297037784455682, -79.69897218469415634 ) ) ;
#445 = ORIENTED_EDGE ( 'NONE', *, *, #8415, .T. ) ;
#446 = EDGE_CURVE ( 'NONE', #6180, #1939, #7702, .T. ) ;
#447 = ORIENTED_EDGE ( 'NONE', *, *, #6310, .F. ) ;
#448 = EDGE_CURVE ( 'NONE', #1016, #6922, #4743, .T. ) ;
#449 = AXIS2_PLACEMENT_3D ( 'NONE', #6884, #7764, #1030 ) ;
#450 = CARTESIAN_POINT ( 'NONE',  ( 57.40000000000005542, 53.88723853897877092, 1.578777688376846067 ) ) ;
#451 = CARTESIAN_POINT ( 'NONE',  ( -59.07814946534392675, 65.00000000000000000, -10.47722557505010599 ) ) ;
#452 = CARTESIAN_POINT ( 'NONE',  ( -50.23792566855559727, 58.49999999999999289, -62.25874094872688858 ) ) ;
#453 = CIRCLE ( 'NONE', #8617, 4.000000000000000000 ) ;
#454 = EDGE_LOOP ( 'NONE', ( #8931, #5372, #2906, #4229 ) ) ;
#455 = CARTESIAN_POINT ( 'NONE',  ( -8.500000000000428102, 58.49999999999999289, -79.54715582596270451 ) ) ;
#456 = CARTESIAN_POINT ( 'NONE',  ( -64.40000000000004832, 9.672827050956818619E-28, 2.211280286727785861E-13 ) ) ;
#457 = CARTESIAN_POINT ( 'NONE',  ( 52.67945519839779678, 58.49999999999999289, 52.67945519839778257 ) ) ;
#458 = DIRECTION ( 'NONE',  ( -1.000000000000000000, -1.685161507135332739E-29, 3.426614273534433601E-15 ) ) ;
#459 = CARTESIAN_POINT ( 'NONE',  ( 1.912140660619397137, 49.93913572686506797, 60.77777777777779278 ) ) ;
#460 = CARTESIAN_POINT ( 'NONE',  ( 79.81227975693964538, 65.00000000000000000, -5.477225575051789974 ) ) ;
#461 = VERTEX_POINT ( 'NONE', #7753 ) ;
#462 = ORIENTED_EDGE ( 'NONE', *, *, #3790, .T. ) ;
#463 = CARTESIAN_POINT ( 'NONE',  ( 5.576861873200967601, 50.05142392732720680, -60.10735055216333933 ) ) ;
#464 = DIRECTION ( 'NONE',  ( 0.7492693547207619487, 0.000000000000000000, -0.6622653803999819511 ) ) ;
#465 = FACE_BOUND ( 'NONE', #493, .T. ) ;
#466 = CARTESIAN_POINT ( 'NONE',  ( 8.499999999999598543, 58.49999999999999289, -74.50000000000004263 ) ) ;
#467 = CARTESIAN_POINT ( 'NONE',  ( 58.10521046563327729, 60.83826859021803557, 4.049999999999790212 ) ) ;
#468 = LINE ( 'NONE', #2924, #9555 ) ;
#469 = DIRECTION ( 'NONE',  ( 0.000000000000000000, 0.000000000000000000, -1.000000000000000000 ) ) ;
#470 = DIRECTION ( 'NONE',  ( -0.000000000000000000, 1.000000000000000000, -0.000000000000000000 ) ) ;
#471 = CIRCLE ( 'NONE', #8176, 4.099999999999999645 ) ;
#472 = ORIENTED_EDGE ( 'NONE', *, *, #3006, .F. ) ;
#473 = EDGE_LOOP ( 'NONE', ( #5576, #6135, #1159, #8685 ) ) ;
#474 = AXIS2_PLACEMENT_3D ( 'NONE', #8384, #1653, #6912 ) ;
#475 = VERTEX_POINT ( 'NONE', #7852 ) ;
#476 = CARTESIAN_POINT ( 'NONE',  ( 64.07514010107504987, 45.63234568032633831, 10.69516753390210972 ) ) ;
#477 = VERTEX_POINT ( 'NONE', #1014 ) ;
#478 = ORIENTED_EDGE ( 'NONE', *, *, #2566, .T. ) ;
#479 = CYLINDRICAL_SURFACE ( 'NONE', #600, 2.149999999999999023 ) ;
#480 = VECTOR ( 'NONE', #8896, 1000.000000000000000 ) ;
#481 = AXIS2_PLACEMENT_3D ( 'NONE', #8802, #2849, #6587 ) ;
#482 = DIRECTION ( 'NONE',  ( -0.000000000000000000, -1.000000000000000000, -0.000000000000000000 ) ) ;
#483 = DIRECTION ( 'NONE',  ( -3.384826294588892334E-15, 0.000000000000000000, -1.000000000000000000 ) ) ;
#484 = DIRECTION ( 'NONE',  ( -1.000000000000000000, 0.000000000000000000, -0.000000000000000000 ) ) ;
#485 = FACE_OUTER_BOUND ( 'NONE', #235, .T. ) ;
#486 = CARTESIAN_POINT ( 'NONE',  ( -10.47722557505256269, 65.00000000000000000, -64.07814946534348621 ) ) ;
#487 = EDGE_LOOP ( 'NONE', ( #4695, #9059, #4016, #4487, #7053, #5552, #1578, #3934, #9140, #8979 ) ) ;
#488 = CARTESIAN_POINT ( 'NONE',  ( 0.000000000000000000, 45.00000000000000711, 0.000000000000000000 ) ) ;
#489 = VERTEX_POINT ( 'NONE', #3963 ) ;
#490 = CARTESIAN_POINT ( 'NONE',  ( 0.000000000000000000, 65.00000000000000000, 0.000000000000000000 ) ) ;
#491 = ORIENTED_EDGE ( 'NONE', *, *, #5371, .F. ) ;
#492 =( BOUNDED_SURFACE ( )  B_SPLINE_SURFACE ( 3, 2, ( 
 ( #8812, #7438, #9491 ),
 ( #5124, #2175, #5911 ),
 ( #7251, #7392, #653 ),
 ( #5712, #3651, #5173 ),
 ( #8860, #6454, #8126 ),
 ( #8173, #9443, #5071 ) ),
 .UNSPECIFIED., .F., .F., .F. ) 
 B_SPLINE_SURFACE_WITH_KNOTS ( ( 4, 2, 4 ),
 ( 3, 3 ),
 ( 0.02122663345881161540, 0.02709285688364397940, 0.03295908030847634340 ),
 ( 0.000000000000000000, 1.000000000000000000 ),
 .UNSPECIFIED. ) 
 GEOMETRIC_REPRESENTATION_ITEM ( )  RATIONAL_B_SPLINE_SURFACE ( (
 ( 1.000000000000000000, 0.7700162325872851321, 1.000000000000000000),
 ( 1.000000000000000000, 0.7634916059723626525, 1.000000000000000000),
 ( 1.000000000000000000, 0.7601171944260701752, 1.000000000000000000),
 ( 1.000000000000000000, 0.7601167057328751531, 1.000000000000000000),
 ( 1.000000000000000000, 0.7634905966358425111, 1.000000000000000000),
 ( 1.000000000000000000, 0.7700162701478091565, 1.000000000000000000) ) ) 
 REPRESENTATION_ITEM ( '' )  SURFACE ( )  );
#493 = EDGE_LOOP ( 'NONE', ( #6631, #1342 ) ) ;
#494 = LINE ( 'NONE', #5759, #8808 ) ;
#495 = DIRECTION ( 'NONE',  ( 0.7071067811865474617, 0.000000000000000000, -0.7071067811865474617 ) ) ;
#496 = CYLINDRICAL_SURFACE ( 'NONE', #3270, 10.00000000000000178 ) ;
#497 = ADVANCED_FACE ( 'NONE', ( #3386 ), #2642, .T. ) ;
#498 = ORIENTED_EDGE ( 'NONE', *, *, #569, .F. ) ;
#499 = CARTESIAN_POINT ( 'NONE',  ( -11.67002566352184267, 1.500000000000001332, -28.37734619600018249 ) ) ;
#500 = DIRECTION ( 'NONE',  ( 0.7492693547207619487, 0.000000000000000000, -0.6622653803999819511 ) ) ;
#501 = CARTESIAN_POINT ( 'NONE',  ( 57.40000000000004121, 55.32351176966336226, 2.598160995412154506 ) ) ;
#502 = CARTESIAN_POINT ( 'NONE',  ( -61.37177253049440395, 63.16973226250811990, -51.31794578837467213 ) ) ;
#503 = CARTESIAN_POINT ( 'NONE',  ( -11.08916899679971557, 45.25393385406460567, 64.04231116754797881 ) ) ;
#504 = EDGE_CURVE ( 'NONE', #6551, #3417, #2042, .T. ) ;
#505 = ADVANCED_FACE ( 'NONE', ( #3286 ), #6285, .F. ) ;
#507 = CARTESIAN_POINT ( 'NONE',  ( 0.000000000000000000, 65.00000000000000000, -65.00000000000000000 ) ) ;
#506 = CARTESIAN_POINT ( 'NONE',  ( -56.95869949706961677, 49.99979868826899576, 56.17841574191518106 ) ) ;
#508 = ORIENTED_EDGE ( 'NONE', *, *, #7489, .T. ) ;
#509 = VERTEX_POINT ( 'NONE', #1901 ) ;
#510 = PLANE ( 'NONE',  #7683 ) ;
#511 = CARTESIAN_POINT ( 'NONE',  ( -51.71217635573563598, 53.82346281956402123, -51.71217635573564309 ) ) ;
#512 = EDGE_CURVE ( 'NONE', #8147, #231, #4702, .T. ) ;
#513 = CARTESIAN_POINT ( 'NONE',  ( 58.21116836364548419, 51.44247699490367864, -4.205874051798833335 ) ) ;
#514 = PLANE ( 'NONE',  #5024 ) ;
#515 = CARTESIAN_POINT ( 'NONE',  ( 1.359357947053562156E-15, 58.00000000000000000, -11.09999999999999964 ) ) ;
#516 = CARTESIAN_POINT ( 'NONE',  ( -64.39999999999999147, 58.49999999999995737, 5.701467076235642709E-13 ) ) ;
#517 = EDGE_CURVE ( 'NONE', #4574, #1996, #1158, .T. ) ;
#518 = DIRECTION ( 'NONE',  ( 0.000000000000000000, 0.000000000000000000, 1.000000000000000000 ) ) ;
#519 = CARTESIAN_POINT ( 'NONE',  ( 5.733858381163525308, 49.91278067414284436, 60.65943617683424804 ) ) ;
#520 = ORIENTED_EDGE ( 'NONE', *, *, #6072, .F. ) ;
#521 = VERTEX_POINT ( 'NONE', #7169 ) ;
#522 = CARTESIAN_POINT ( 'NONE',  ( 62.66184885556423723, 48.97540643176188979, 6.975800077590249337 ) ) ;
#523 = ORIENTED_EDGE ( 'NONE', *, *, #1040, .F. ) ;
#524 = ORIENTED_EDGE ( 'NONE', *, *, #3935, .T. ) ;
#525 = CARTESIAN_POINT ( 'NONE',  ( -5.672430509434288837, 49.95417342428412866, 60.46525566738633017 ) ) ;
#526 = DIRECTION ( 'NONE',  ( 0.000000000000000000, 1.000000000000000000, 0.000000000000000000 ) ) ;
#527 = CIRCLE ( 'NONE', #375, 11.09999999999999964 ) ;
#528 = CARTESIAN_POINT ( 'NONE',  ( -10.76966775016437339, 45.56123945676112896, -64.07172775150789334 ) ) ;
#529 = DIRECTION ( 'NONE',  ( -0.7071067811865475727, -0.000000000000000000, -0.7071067811865475727 ) ) ;
#530 = CARTESIAN_POINT ( 'NONE',  ( 64.40000000000001990, 58.49999999999999289, 4.099999999999881517 ) ) ;
#531 = CARTESIAN_POINT ( 'NONE',  ( -74.49999999999991473, 58.49999999999999289, 8.500000000000657252 ) ) ;
#532 = EDGE_CURVE ( 'NONE', #8666, #5379, #1730, .T. ) ;
#533 = ORIENTED_EDGE ( 'NONE', *, *, #2936, .F. ) ;
#534 = ORIENTED_EDGE ( 'NONE', *, *, #1397, .T. ) ;
#535 = CARTESIAN_POINT ( 'NONE',  ( -74.49999999999994316, 65.00000000000000000, 5.477225575052303341 ) ) ;
#536 = ORIENTED_EDGE ( 'NONE', *, *, #3414, .T. ) ;
#537 = ORIENTED_EDGE ( 'NONE', *, *, #7210, .T. ) ;
#538 = AXIS2_PLACEMENT_3D ( 'NONE', #6265, #990, #7098 ) ;
#539 = AXIS2_PLACEMENT_3D ( 'NONE', #5522, #2473, #7592 ) ;
#540 = EDGE_CURVE ( 'NONE', #4619, #4223, #3354, .T. ) ;
#541 = CARTESIAN_POINT ( 'NONE',  ( 9.181544413650044589E-13, 58.49999999999999289, 64.39999999999999147 ) ) ;
#542 = CARTESIAN_POINT ( 'NONE',  ( 4.049999999999587708, 60.83826859021803557, -58.10521046563298597 ) ) ;
#543 = CARTESIAN_POINT ( 'NONE',  ( 1.680329652346836511, 53.88680772472711311, 57.40000000000004832 ) ) ;
#544 = AXIS2_PLACEMENT_3D ( 'NONE', #633, #2207, #735 ) ;
#545 = VECTOR ( 'NONE', #3779, 1000.000000000000000 ) ;
#546 = AXIS2_PLACEMENT_3D ( 'NONE', #2620, #260, #1044 ) ;
#547 = ORIENTED_EDGE ( 'NONE', *, *, #957, .F. ) ;
#548 = CARTESIAN_POINT ( 'NONE',  ( -50.57695541735282774, 55.76139180653830607, -61.98401002040154140 ) ) ;
#549 = ORIENTED_EDGE ( 'NONE', *, *, #6008, .F. ) ;
#550 = PLANE ( 'NONE',  #7933 ) ;
#551 = CARTESIAN_POINT ( 'NONE',  ( 57.69669359186848823, 52.35047046434853257, 3.307372321591651065 ) ) ;
#552 = AXIS2_PLACEMENT_3D ( 'NONE', #276, #9119, #4650 ) ;
#553 = DIRECTION ( 'NONE',  ( 0.000000000000000000, 1.000000000000000000, 0.000000000000000000 ) ) ;
#554 = AXIS2_PLACEMENT_3D ( 'NONE', #57, #2268, #891 ) ;
#555 = EDGE_CURVE ( 'NONE', #5783, #6920, #6513, .T. ) ;
#557 = CARTESIAN_POINT ( 'NONE',  ( 48.43681451127835658, 58.49999999999995737, -42.63853890554898385 ) ) ;
#556 = CARTESIAN_POINT ( 'NONE',  ( -4.050000000000456346, 60.83826859021802136, -64.40000000000001990 ) ) ;
#558 = ORIENTED_EDGE ( 'NONE', *, *, #7425, .T. ) ;
#559 = AXIS2_PLACEMENT_3D ( 'NONE', #6254, #2511, #983 ) ;
#560 = AXIS2_PLACEMENT_3D ( 'NONE', #2933, #1407, #2150 ) ;
#561 = ADVANCED_FACE ( 'NONE', ( #9665 ), #2089, .F. ) ;
#562 = VERTEX_POINT ( 'NONE', #5833 ) ;
#563 = LINE ( 'NONE', #5774, #9720 ) ;
#564 = FACE_OUTER_BOUND ( 'NONE', #890, .T. ) ;
#565 = EDGE_CURVE ( 'NONE', #5607, #1186, #8522, .T. ) ;
#566 = ADVANCED_FACE ( 'NONE', ( #5091 ), #3623, .T. ) ;
#567 = LINE ( 'NONE', #8584, #2884 ) ;
#568 = AXIS2_PLACEMENT_3D ( 'NONE', #451, #9437, #8657 ) ;
#569 = EDGE_CURVE ( 'NONE', #9629, #4269, #5693, .T. ) ;
#570 = CARTESIAN_POINT ( 'NONE',  ( 44.86592526628628974, 65.00000000000000000, -39.13836033867556807 ) ) ;
#571 = CARTESIAN_POINT ( 'NONE',  ( 27.74454884646939945, 65.00000000000000000, 70.58126610706813153 ) ) ;
#572 = CARTESIAN_POINT ( 'NONE',  ( 62.25874094872671094, 58.80956990253742589, -50.23792566855583175 ) ) ;
#573 = CARTESIAN_POINT ( 'NONE',  ( -57.40000000000004121, 62.14776746691560305, 1.781881413105631307 ) ) ;
#574 = ORIENTED_EDGE ( 'NONE', *, *, #8936, .F. ) ;
#575 = VECTOR ( 'NONE', #6173, 1000.000000000000114 ) ;
#576 = ORIENTED_EDGE ( 'NONE', *, *, #6868, .T. ) ;
#577 = CARTESIAN_POINT ( 'NONE',  ( 61.91455903305289610, 49.48343036156216357, 6.345453433994727277 ) ) ;
#578 = ORIENTED_EDGE ( 'NONE', *, *, #2399, .F. ) ;
#579 = CARTESIAN_POINT ( 'NONE',  ( 4.050000000000818723, 60.83826859021802136, 58.10521046563250991 ) ) ;
#580 = EDGE_LOOP ( 'NONE', ( #3447, #6235, #2589, #2541, #3481, #1456 ) ) ;
#581 = EDGE_CURVE ( 'NONE', #8894, #4534, #8392, .T. ) ;
#582 = CARTESIAN_POINT ( 'NONE',  ( -6.758535749840597795, 53.31555242034529130, 79.71460068233849938 ) ) ;
#583 = CARTESIAN_POINT ( 'NONE',  ( -1.781881413105030232, 53.88633504566436727, -57.40000000000004832 ) ) ;
#584 = LINE ( 'NONE', #3581, #9166 ) ;
#585 = LINE ( 'NONE', #5890, #2346 ) ;
#586 = CARTESIAN_POINT ( 'NONE',  ( 6.655330888320987626, 65.00000000000000000, -7.529663527230856523 ) ) ;
#587 = VERTEX_POINT ( 'NONE', #4449 ) ;
#588 = ORIENTED_EDGE ( 'NONE', *, *, #6147, .F. ) ;
#589 = CARTESIAN_POINT ( 'NONE',  ( 8.956822233372725057E-13, 9.672827050956818619E-28, 64.40000000000004832 ) ) ;
#590 = ORIENTED_EDGE ( 'NONE', *, *, #9670, .F. ) ;
#591 = ORIENTED_EDGE ( 'NONE', *, *, #9117, .F. ) ;
#592 = VECTOR ( 'NONE', #1924, 1000.000000000000000 ) ;
#593 = DIRECTION ( 'NONE',  ( 1.000000000000000000, 0.000000000000000000, 0.000000000000000000 ) ) ;
#594 = DIRECTION ( 'NONE',  ( -0.7071067811865474617, 1.692413147294448731E-15, 0.7071067811865474617 ) ) ;
#595 = CARTESIAN_POINT ( 'NONE',  ( 66.98126610706803774, 0.000000000000000000, -29.89454884646962896 ) ) ;
#596 = LINE ( 'NONE', #1525, #399 ) ;
#597 = ORIENTED_EDGE ( 'NONE', *, *, #146, .T. ) ;
#598 = EDGE_CURVE ( 'NONE', #475, #8045, #9585, .T. ) ;
#599 = CARTESIAN_POINT ( 'NONE',  ( -50.45145201030864968, 56.29130941663270704, -62.08593200236580856 ) ) ;
#600 = AXIS2_PLACEMENT_3D ( 'NONE', #3482, #8001, #8048 ) ;
#601 = EDGE_CURVE ( 'NONE', #7966, #8569, #2514, .T. ) ;
#602 = EDGE_LOOP ( 'NONE', ( #1821, #7055, #2214, #189 ) ) ;
#603 = CARTESIAN_POINT ( 'NONE',  ( 64.40000000000000568, 58.49999999999999289, -1.180056052874078735E-13 ) ) ;
#604 = CARTESIAN_POINT ( 'NONE',  ( 57.40356893103290048, 53.69055762859713354, 1.976710822978553717 ) ) ;
#605 = CARTESIAN_POINT ( 'NONE',  ( 9.181544413650044589E-13, 58.49999999999999289, 74.49999999999998579 ) ) ;
#606 = AXIS2_PLACEMENT_3D ( 'NONE', #4378, #646, #6590 ) ;
#608 = PLANE ( 'NONE',  #1938 ) ;
#607 = CARTESIAN_POINT ( 'NONE',  ( -50.23792566855492225, 57.93795804267958260, 62.25874094872742148 ) ) ;
#609 = ORIENTED_EDGE ( 'NONE', *, *, #8202, .F. ) ;
#610 = VERTEX_POINT ( 'NONE', #3863 ) ;
#611 = CIRCLE ( 'NONE', #6110, 4.099999999999999645 ) ;
#612 = CARTESIAN_POINT ( 'NONE',  ( 48.40145917221918381, 52.90000000000000568, 42.67389424460813530 ) ) ;
#613 = CARTESIAN_POINT ( 'NONE',  ( 66.98126610706803774, 65.00000000000000000, -27.74454884646963038 ) ) ;
#614 = PLANE ( 'NONE',  #6352 ) ;
#615 = DIRECTION ( 'NONE',  ( -0.7071067811865475727, 0.000000000000000000, -0.7071067811865474617 ) ) ;
#616 = DIRECTION ( 'NONE',  ( 0.7071067811865550112, 0.000000000000000000, 0.7071067811865398012 ) ) ;
#617 = CARTESIAN_POINT ( 'NONE',  ( 64.40000000000003411, 56.16173140978203548, -4.050000000000231637 ) ) ;
#618 = CARTESIAN_POINT ( 'NONE',  ( 5.733858381161609508, 49.91278067414286568, -60.65943617683433331 ) ) ;
#619 = CIRCLE ( 'NONE', #6739, 4.099999999999999645 ) ;
#620 = EDGE_CURVE ( 'NONE', #3269, #4223, #128, .T. ) ;
#621 = ORIENTED_EDGE ( 'NONE', *, *, #6070, .F. ) ;
#622 = VERTEX_POINT ( 'NONE', #1601 ) ;
#623 = DIRECTION ( 'NONE',  ( -0.000000000000000000, -1.000000000000000000, -0.000000000000000000 ) ) ;
#624 = ORIENTED_EDGE ( 'NONE', *, *, #6463, .T. ) ;
#625 = DIRECTION ( 'NONE',  ( 0.000000000000000000, 1.000000000000000000, -0.000000000000000000 ) ) ;
#626 = VERTEX_POINT ( 'NONE', #1551 ) ;
#627 = DIRECTION ( 'NONE',  ( 0.7071067811865450192, -0.000000000000000000, -0.7071067811865501263 ) ) ;
#628 = CYLINDRICAL_SURFACE ( 'NONE', #4047, 4.099999999999999645 ) ;
#629 = DIRECTION ( 'NONE',  ( 0.000000000000000000, 0.000000000000000000, 1.000000000000000000 ) ) ;
#630 = CARTESIAN_POINT ( 'NONE',  ( 1.781881413103104661, 65.00000000000000000, -57.40000000000004832 ) ) ;
#631 = DIRECTION ( 'NONE',  ( 1.000000000000000000, -1.854709381156976911E-16, -6.982962677686267499E-15 ) ) ;
#632 = FACE_OUTER_BOUND ( 'NONE', #4783, .T. ) ;
#633 = CARTESIAN_POINT ( 'NONE',  ( 0.000000000000000000, 0.000000000000000000, 0.000000000000000000 ) ) ;
#634 = ORIENTED_EDGE ( 'NONE', *, *, #5624, .T. ) ;
#635 = EDGE_LOOP ( 'NONE', ( #6525, #8492, #5736 ) ) ;
#636 = DIRECTION ( 'NONE',  ( 0.000000000000000000, 0.000000000000000000, 1.000000000000000000 ) ) ;
#637 = ORIENTED_EDGE ( 'NONE', *, *, #5043, .T. ) ;
#638 = ORIENTED_EDGE ( 'NONE', *, *, #1832, .T. ) ;
#639 = B_SPLINE_CURVE_WITH_KNOTS ( 'NONE', 3,
 ( #5929, #8141, #8923, #8232, #2779, #1497, #2192, #7503, #3519, #1448, #718, #3720, #6616, #6522, #8779, #5779, #9612, #2871, #5871, #2040, #5038, #8039, #2143, #5139, #1398, #71, #765, #5375, #2289, #6162, #8372, #5425, #809, #6118, #901, #3071, #4681, #1545, #6805, #3115, #1639, #6074, #854 ),
 .UNSPECIFIED., .F., .F.,
 ( 4, 2, 2, 2, 2, 2, 2, 1, 2, 2, 2, 2, 2, 2, 2, 2, 2, 2, 2, 2, 2, 4 ),
 ( 0.007371977069883758546, 0.008203119499983672555, 0.009034261930083586564, 0.01069654679028341458, 0.01235883165048324260, 0.01402111651068307062, 0.01485225894078299677, 0.01568340137088292466, 0.01651454380098284908, 0.01734568623108277696, 0.01900797109128263968, 0.02067025595148250239, 0.02233254081168235816, 0.02316368324178228605, 0.02399482567188221394, 0.02565711053208206971, 0.02731939539228191854, 0.02815053782238186725, 0.02898168025248180901, 0.03064396511268169948, 0.03230624997288158301, 0.03396853483308147348 ),
 .UNSPECIFIED. ) ;
#640 = CIRCLE ( 'NONE', #3146, 80.00000000000000000 ) ;
#641 = ADVANCED_FACE ( 'NONE', ( #3726 ), #3771, .F. ) ;
#642 = AXIS2_PLACEMENT_3D ( 'NONE', #7744, #4011, #4690 ) ;
#643 = DIRECTION ( 'NONE',  ( 0.6123724356957963577, -0.4999999999999990008, 0.6123724356957934711 ) ) ;
#644 = ADVANCED_FACE ( 'NONE', ( #5291 ), #3911, .F. ) ;
#645 = CYLINDRICAL_SURFACE ( 'NONE', #2139, 2.149999999999999023 ) ;
#646 = DIRECTION ( 'NONE',  ( 1.000000000000000000, 0.000000000000000000, -1.776356839400250465E-15 ) ) ;
#647 = CARTESIAN_POINT ( 'NONE',  ( 35.00000000000000000, 1.500000000000001332, -4.177332116314245170 ) ) ;
#648 = EDGE_CURVE ( 'NONE', #5161, #2846, #7509, .T. ) ;
#649 = VECTOR ( 'NONE', #5955, 1000.000000000000000 ) ;
#650 = CARTESIAN_POINT ( 'NONE',  ( 57.40000000000004832, 63.17653718043602140, -1.955900719163849999E-13 ) ) ;
#651 = EDGE_LOOP ( 'NONE', ( #4035, #1401, #8603, #932, #4194, #4878, #2355, #1632, #6862, #7020, #5200, #8352, #4345, #1429 ) ) ;
#652 = PLANE ( 'NONE',  #9659 ) ;
#653 = CARTESIAN_POINT ( 'NONE',  ( -1.939000770580107114, 49.93913512823023382, 60.77777480590102499 ) ) ;
#654 = CARTESIAN_POINT ( 'NONE',  ( 42.67389424460797187, 52.90000000000000568, -48.40145917221933303 ) ) ;
#655 = EDGE_CURVE ( 'NONE', #2304, #8579, #7461, .T. ) ;
#657 = CARTESIAN_POINT ( 'NONE',  ( -4.177332116314214083, 65.00000000000000000, -25.00000000000000355 ) ) ;
#656 = DIRECTION ( 'NONE',  ( -1.000000000000000000, 0.000000000000000000, 6.769652589177784668E-15 ) ) ;
#658 = EDGE_LOOP ( 'NONE', ( #2975, #7429 ) ) ;
#659 = EDGE_CURVE ( 'NONE', #2045, #7920, #4592, .T. ) ;
#660 = EDGE_LOOP ( 'NONE', ( #1279, #5846, #5674, #549 ) ) ;
#661 = CARTESIAN_POINT ( 'NONE',  ( 7.960204194457797252E-15, 65.00000000000000000, 65.00000000000000000 ) ) ;
#662 = DIRECTION ( 'NONE',  ( 8.163404592832035149E-15, 0.000000000000000000, 1.000000000000000000 ) ) ;
#663 = FACE_OUTER_BOUND ( 'NONE', #8000, .T. ) ;
#664 = ADVANCED_FACE ( 'NONE', ( #9024 ), #9071, .F. ) ;
#665 = ADVANCED_FACE ( 'NONE', ( #4547 ), #2294, .F. ) ;
#666 = CARTESIAN_POINT ( 'NONE',  ( -66.98126610706783879, 14.70000000000000462, 27.74454884647009933 ) ) ;
#667 = LINE ( 'NONE', #9658, #6264 ) ;
#668 = CARTESIAN_POINT ( 'NONE',  ( 62.20551910308544308, 59.73270048888554129, -50.30382224083926701 ) ) ;
#669 = CARTESIAN_POINT ( 'NONE',  ( 10.29933470396547968, 46.00847302059887056, 64.08194914041145296 ) ) ;
#670 = DIRECTION ( 'NONE',  ( 0.7071067811865550112, 0.000000000000000000, 0.7071067811865398012 ) ) ;
#671 = VERTEX_POINT ( 'NONE', #6767 ) ;
#672 = ORIENTED_EDGE ( 'NONE', *, *, #3935, .F. ) ;
#673 = CARTESIAN_POINT ( 'NONE',  ( 7.376648418240132621, 54.24047298807134609, -79.65978278664627510 ) ) ;
#674 = ORIENTED_EDGE ( 'NONE', *, *, #8551, .T. ) ;
#675 = CARTESIAN_POINT ( 'NONE',  ( 50.95566967099694722, 62.36212371611980387, -61.67281983135791279 ) ) ;
#676 = ORIENTED_EDGE ( 'NONE', *, *, #1880, .T. ) ;
#677 = CARTESIAN_POINT ( 'NONE',  ( 55.18648874623391976, 50.21770779688215924, 57.91827189172177981 ) ) ;
#678 = DIRECTION ( 'NONE',  ( -5.329070518200751394E-15, 0.000000000000000000, -1.000000000000000000 ) ) ;
#679 = DIRECTION ( 'NONE',  ( 1.854709381156977158E-16, 1.000000000000000000, -6.475683193286882164E-31 ) ) ;
#680 = CARTESIAN_POINT ( 'NONE',  ( 44.49669787078874350, 54.67341848130276816, -46.57865554603857561 ) ) ;
#681 = CARTESIAN_POINT ( 'NONE',  ( 61.91455823011321513, 49.48343077051514882, -6.345452901804994994 ) ) ;
#682 = DIRECTION ( 'NONE',  ( -0.000000000000000000, -1.000000000000000000, -0.000000000000000000 ) ) ;
#683 = ORIENTED_EDGE ( 'NONE', *, *, #3901, .F. ) ;
#684 = ORIENTED_EDGE ( 'NONE', *, *, #2420, .F. ) ;
#685 = DIRECTION ( 'NONE',  ( 0.000000000000000000, 1.000000000000000000, 0.000000000000000000 ) ) ;
#686 = ADVANCED_FACE ( 'NONE', ( #3076 ), #2340, .T. ) ;
#687 = ORIENTED_EDGE ( 'NONE', *, *, #4140, .F. ) ;
#688 = DIRECTION ( 'NONE',  ( 0.000000000000000000, 0.000000000000000000, -1.000000000000000000 ) ) ;
#689 = EDGE_LOOP ( 'NONE', ( #2827, #4370, #4658, #9404 ) ) ;
#690 = ADVANCED_FACE ( 'NONE', ( #8336 ), #4644, .F. ) ;
#691 = EDGE_CURVE ( 'NONE', #233, #2147, #9137, .T. ) ;
#692 = CARTESIAN_POINT ( 'NONE',  ( 79.58232913008558285, 60.94258388591423881, 8.165239551925107975 ) ) ;
#693 = CYLINDRICAL_SURFACE ( 'NONE', #4647, 8.500000000000000000 ) ;
#694 = DIRECTION ( 'NONE',  ( -0.9238795325112910684, -0.000000000000000000, -0.3826834323650794567 ) ) ;
#695 = CIRCLE ( 'NONE', #216, 65.00000000000000000 ) ;
#696 = CARTESIAN_POINT ( 'NONE',  ( 0.000000000000000000, 45.00000000000000711, -60.00000000000000711 ) ) ;
#697 = AXIS2_PLACEMENT_3D ( 'NONE', #1847, #9362, #8780 ) ;
#698 = ORIENTED_EDGE ( 'NONE', *, *, #6164, .T. ) ;
#699 = DIRECTION ( 'NONE',  ( 2.967535009851168580E-15, -0.5000000000000009992, 0.8660254037844380415 ) ) ;
#700 = EDGE_CURVE ( 'NONE', #8045, #8222, #2411, .T. ) ;
#701 = DIRECTION ( 'NONE',  ( 3.491481338843133355E-15, 0.000000000000000000, 1.000000000000000000 ) ) ;
#702 = VECTOR ( 'NONE', #6481, 1000.000000000000000 ) ;
#703 = DIRECTION ( 'NONE',  ( 0.000000000000000000, 0.000000000000000000, 1.000000000000000000 ) ) ;
#704 = CIRCLE ( 'NONE', #1950, 65.00000000000000000 ) ;
#706 = DIRECTION ( 'NONE',  ( 0.7071067811865400232, 0.000000000000000000, -0.7071067811865550112 ) ) ;
#705 = DIRECTION ( 'NONE',  ( -0.7071067811865476838, -0.000000000000000000, -0.7071067811865474617 ) ) ;
#707 = VERTEX_POINT ( 'NONE', #5241 ) ;
#708 = VERTEX_POINT ( 'NONE', #1839 ) ;
#709 = AXIS2_PLACEMENT_3D ( 'NONE', #5215, #7434, #4475 ) ;
#710 = CIRCLE ( 'NONE', #6201, 3.600000000000005862 ) ;
#711 = VECTOR ( 'NONE', #5856, 1000.000000000000000 ) ;
#712 = CARTESIAN_POINT ( 'NONE',  ( 9.181544413650044589E-13, 58.49999999999999289, 64.39999999999999147 ) ) ;
#713 = DIRECTION ( 'NONE',  ( 0.000000000000000000, 1.000000000000000000, -0.000000000000000000 ) ) ;
#714 = DIRECTION ( 'NONE',  ( -1.000000000000000000, -0.000000000000000000, 3.491481338843133750E-15 ) ) ;
#715 = DIRECTION ( 'NONE',  ( -1.745740669421573580E-15, -0.8660254037844375974, -0.5000000000000018874 ) ) ;
#716 = AXIS2_PLACEMENT_3D ( 'NONE', #8243, #627, #5149 ) ;
#717 = CARTESIAN_POINT ( 'NONE',  ( -63.23764703934347864, 48.37295897781992693, -7.686123034811829235 ) ) ;
#718 = CARTESIAN_POINT ( 'NONE',  ( 51.85811017112673227, 52.88487092618678531, -60.91710324620991202 ) ) ;
#719 = CARTESIAN_POINT ( 'NONE',  ( 11.08916469469281729, 45.25393801294133311, 64.04231169530643797 ) ) ;
#720 = CARTESIAN_POINT ( 'NONE',  ( 4.177332116314186550, 1.500000000000001332, 35.00000000000000000 ) ) ;
#721 = EDGE_CURVE ( 'NONE', #5113, #184, #7124, .T. ) ;
#722 = ORIENTED_EDGE ( 'NONE', *, *, #4285, .F. ) ;
#723 = ORIENTED_EDGE ( 'NONE', *, *, #5672, .T. ) ;
#724 = DIRECTION ( 'NONE',  ( -0.7071067811865474617, 0.000000000000000000, 0.7071067811865474617 ) ) ;
#725 = ADVANCED_FACE ( 'NONE', ( #5430 ), #9303, .F. ) ;
#726 = ORIENTED_EDGE ( 'NONE', *, *, #3849, .T. ) ;
#727 = CARTESIAN_POINT ( 'NONE',  ( -52.67945519839723545, 58.49999999999999289, 52.67945519839834390 ) ) ;
#728 = AXIS2_PLACEMENT_3D ( 'NONE', #4611, #3929, #9279 ) ;
#730 = VECTOR ( 'NONE', #1750, 1000.000000000000114 ) ;
#729 = FACE_OUTER_BOUND ( 'NONE', #8058, .T. ) ;
#731 = EDGE_CURVE ( 'NONE', #7945, #8351, #9160, .T. ) ;
#732 = CARTESIAN_POINT ( 'NONE',  ( -64.00132858745531905, 45.00000000000000711, 11.35032770630761334 ) ) ;
#733 = CARTESIAN_POINT ( 'NONE',  ( -79.54715582596283241, 58.49999999999999289, -8.499999999999294786 ) ) ;
#734 = CARTESIAN_POINT ( 'NONE',  ( -64.40000000000003411, 60.83826859021802136, 4.050000000000231637 ) ) ;
#735 = DIRECTION ( 'NONE',  ( 0.000000000000000000, 0.000000000000000000, 1.000000000000000000 ) ) ;
#736 = VECTOR ( 'NONE', #8789, 1000.000000000000000 ) ;
#737 = B_SPLINE_CURVE_WITH_KNOTS ( 'NONE', 3,
 ( #3346, #6338, #9326, #2599, #5794, #8200, #7324 ),
 .UNSPECIFIED., .F., .F.,
 ( 4, 3, 4 ),
 ( -0.0003046580400804740647, 5.421010862427522170E-20, 0.001361242976166022285 ),
 .UNSPECIFIED. ) ;
#738 = EDGE_LOOP ( 'NONE', ( #9668, #6258, #5094, #7170 ) ) ;
#739 = ORIENTED_EDGE ( 'NONE', *, *, #1588, .T. ) ;
#740 = DIRECTION ( 'NONE',  ( 0.7071067811865450192, 0.000000000000000000, -0.7071067811865500152 ) ) ;
#741 = ORIENTED_EDGE ( 'NONE', *, *, #1860, .T. ) ;
#742 = ORIENTED_EDGE ( 'NONE', *, *, #7929, .F. ) ;
#743 = CIRCLE ( 'NONE', #5289, 65.00000000000000000 ) ;
#744 = CARTESIAN_POINT ( 'NONE',  ( -57.40018703135341127, 53.84578364510152682, -0.03866080389758965591 ) ) ;
#745 = CARTESIAN_POINT ( 'NONE',  ( -79.68366399327416616, 63.16973226250811990, 7.109129066228198290 ) ) ;
#746 = DIRECTION ( 'NONE',  ( -0.7071067811865476838, -0.000000000000000000, -0.7071067811865474617 ) ) ;
#747 = ADVANCED_FACE ( 'NONE', ( #8622 ), #8580, .F. ) ;
#748 = EDGE_CURVE ( 'NONE', #7044, #6569, #2572, .T. ) ;
#749 = LINE ( 'NONE', #6003, #7977 ) ;
#750 = ORIENTED_EDGE ( 'NONE', *, *, #5639, .F. ) ;
#751 = LINE ( 'NONE', #7437, #5265 ) ;
#752 = PLANE ( 'NONE',  #3058 ) ;
#753 = FACE_OUTER_BOUND ( 'NONE', #3003, .T. ) ;
#754 = LINE ( 'NONE', #844, #4395 ) ;
#755 = AXIS2_PLACEMENT_3D ( 'NONE', #6407, #4281, #688 ) ;
#757 = DIRECTION ( 'NONE',  ( 0.7071067811865474617, 0.000000000000000000, -0.7071067811865475727 ) ) ;
#756 = CARTESIAN_POINT ( 'NONE',  ( -48.40145917221918381, 52.90000000000000568, -42.67389424460813530 ) ) ;
#758 = ORIENTED_EDGE ( 'NONE', *, *, #3457, .F. ) ;
#759 = ORIENTED_EDGE ( 'NONE', *, *, #9630, .T. ) ;
#760 = DIRECTION ( 'NONE',  ( -0.000000000000000000, 1.000000000000000000, -0.000000000000000000 ) ) ;
#761 = DIRECTION ( 'NONE',  ( 1.221245327087672352E-14, -0.000000000000000000, 1.000000000000000000 ) ) ;
#762 = PLANE ( 'NONE',  #1819 ) ;
#763 = DIRECTION ( 'NONE',  ( 0.000000000000000000, 0.000000000000000000, 1.000000000000000000 ) ) ;
#764 = EDGE_CURVE ( 'NONE', #5157, #4467, #7102, .T. ) ;
#765 = CARTESIAN_POINT ( 'NONE',  ( 58.47277639576626029, 50.44870952965121091, -54.59858825612262478 ) ) ;
#766 = CARTESIAN_POINT ( 'NONE',  ( 7.204598197256993686, 48.78392219261020557, 62.87045527952686541 ) ) ;
#767 = VECTOR ( 'NONE', #2823, 1000.000000000000000 ) ;
#768 = CARTESIAN_POINT ( 'NONE',  ( -61.26021469697295174, 63.42299537165163770, 51.45115497359829959 ) ) ;
#769 = ORIENTED_EDGE ( 'NONE', *, *, #5043, .F. ) ;
#770 = VERTEX_POINT ( 'NONE', #9257 ) ;
#771 = CARTESIAN_POINT ( 'NONE',  ( -5.646478818415044287, 49.98058182672757255, -60.36806642904157627 ) ) ;
#772 = CARTESIAN_POINT ( 'NONE',  ( -66.98126610706783879, 14.70000000000000462, 29.89454884647009791 ) ) ;
#773 = DIRECTION ( 'NONE',  ( 0.7071067811865475727, 0.000000000000000000, 0.7071067811865475727 ) ) ;
#774 = CARTESIAN_POINT ( 'NONE',  ( 52.00940432914320866, 52.68592691014927709, 60.78700829078735524 ) ) ;
#775 = EDGE_CURVE ( 'NONE', #4434, #1912, #4005, .T. ) ;
#776 = CARTESIAN_POINT ( 'NONE',  ( -51.65216350890474217, 1.500000000000001332, 18.89587269351088139 ) ) ;
#777 = CARTESIAN_POINT ( 'NONE',  ( -79.80385813927179584, 52.09201476404107467, -5.612717988003372405 ) ) ;
#778 = CARTESIAN_POINT ( 'NONE',  ( -45.02950970490492466, 65.00000000000000000, -26.38856624071845403 ) ) ;
#779 = CARTESIAN_POINT ( 'NONE',  ( -11.35032770630495236, 65.00000000000000000, 64.00132858745580222 ) ) ;
#780 = ORIENTED_EDGE ( 'NONE', *, *, #9421, .T. ) ;
#781 = ORIENTED_EDGE ( 'NONE', *, *, #6892, .F. ) ;
#782 = EDGE_CURVE ( 'NONE', #8222, #7300, #1052, .T. ) ;
#783 = ORIENTED_EDGE ( 'NONE', *, *, #7987, .T. ) ;
#784 = CARTESIAN_POINT ( 'NONE',  ( -8.500000000000399680, 58.49999999999999289, -74.49999999999995737 ) ) ;
#785 = ORIENTED_EDGE ( 'NONE', *, *, #620, .F. ) ;
#786 = VERTEX_POINT ( 'NONE', #3372 ) ;
#787 = EDGE_CURVE ( 'NONE', #3454, #2319, #6365, .T. ) ;
#788 = FACE_BOUND ( 'NONE', #812, .T. ) ;
#789 = DIRECTION ( 'NONE',  ( 0.000000000000000000, 0.000000000000000000, -1.000000000000000000 ) ) ;
#790 = CARTESIAN_POINT ( 'NONE',  ( 60.36806642904173970, 65.00000000000000000, 5.646478818412946410 ) ) ;
#791 = CARTESIAN_POINT ( 'NONE',  ( 9.181544413650044589E-13, 58.49999999999999289, 64.39999999999999147 ) ) ;
#792 = CARTESIAN_POINT ( 'NONE',  ( 57.40000000000004832, 50.47104418673020376, 1.941672373698410503 ) ) ;
#793 = ORIENTED_EDGE ( 'NONE', *, *, #8286, .T. ) ;
#794 = ORIENTED_EDGE ( 'NONE', *, *, #1150, .F. ) ;
#795 = LINE ( 'NONE', #4620, #7772 ) ;
#796 = CIRCLE ( 'NONE', #2044, 3.600000000000005862 ) ;
#797 = CARTESIAN_POINT ( 'NONE',  ( -56.55243854460468356, 65.00000000000000000, 48.80647185219098105 ) ) ;
#798 = CARTESIAN_POINT ( 'NONE',  ( -60.65943617683419120, 49.91278067414284436, 5.733858381164163021 ) ) ;
#799 = VECTOR ( 'NONE', #6344, 1000.000000000000000 ) ;
#800 = CIRCLE ( 'NONE', #6917, 4.099999999999999645 ) ;
#801 = PLANE ( 'NONE',  #9177 ) ;
#802 = ORIENTED_EDGE ( 'NONE', *, *, #3028, .F. ) ;
#803 = EDGE_LOOP ( 'NONE', ( #3821, #9147, #3244, #2568, #1514, #7184 ) ) ;
#804 = CARTESIAN_POINT ( 'NONE',  ( 64.40000000000003411, 60.83826859021802136, -4.050000000000231637 ) ) ;
#805 = EDGE_CURVE ( 'NONE', #1116, #5208, #2626, .T. ) ;
#806 = LINE ( 'NONE', #4725, #8387 ) ;
#807 = ADVANCED_FACE ( 'NONE', ( #6952 ), #2528, .T. ) ;
#808 = DIRECTION ( 'NONE',  ( 0.9258200997725515302, -0.3779644730092269755, 0.000000000000000000 ) ) ;
#809 = CARTESIAN_POINT ( 'NONE',  ( 60.78700829078717760, 52.68592691014928420, -52.00940432914339340 ) ) ;
#810 = CARTESIAN_POINT ( 'NONE',  ( 9.500720881744152635, 46.75191142416029066, 63.98925980024863946 ) ) ;
#811 = CYLINDRICAL_SURFACE ( 'NONE', #3422, 9.999999999999994671 ) ;
#812 = EDGE_LOOP ( 'NONE', ( #7755, #4946, #9682, #2672 ) ) ;
#813 = VERTEX_POINT ( 'NONE', #4054 ) ;
#814 = DIRECTION ( 'NONE',  ( -0.6622653803999822841, 0.000000000000000000, -0.7492693547207618376 ) ) ;
#815 = FACE_OUTER_BOUND ( 'NONE', #3157, .T. ) ;
#816 = CARTESIAN_POINT ( 'NONE',  ( -57.40000000000006253, 53.88762817667945626, -1.477225575050123529 ) ) ;
#817 = CARTESIAN_POINT ( 'NONE',  ( 50.23792566855560437, 58.49999999999999289, 62.25874094872689568 ) ) ;
#818 = ADVANCED_FACE ( 'NONE', ( #3168 ), #6317, .T. ) ;
#819 = DIRECTION ( 'NONE',  ( 0.6123724356957964687, 0.4999999999999952816, -0.6123724356957964687 ) ) ;
#820 = PRODUCT_CONTEXT ( 'NONE', #1529, 'mechanical' ) ;
#821 = CARTESIAN_POINT ( 'NONE',  ( -3.307355307358329721, 52.35048763411653994, -57.69668653509479128 ) ) ;
#822 = LINE ( 'NONE', #9674, #7302 ) ;
#823 = PLANE ( 'NONE',  #913 ) ;
#824 = DIRECTION ( 'NONE',  ( -1.776356839400250465E-15, 0.000000000000000000, -1.000000000000000000 ) ) ;
#825 = ORIENTED_EDGE ( 'NONE', *, *, #355, .T. ) ;
#826 = ORIENTED_EDGE ( 'NONE', *, *, #8801, .T. ) ;
#827 = ORIENTED_EDGE ( 'NONE', *, *, #581, .T. ) ;
#828 = FACE_OUTER_BOUND ( 'NONE', #271, .T. ) ;
#829 = ORIENTED_EDGE ( 'NONE', *, *, #8589, .F. ) ;
#830 = VERTEX_POINT ( 'NONE', #4879 ) ;
#831 = EDGE_CURVE ( 'NONE', #921, #7571, #3952, .T. ) ;
#832 = CARTESIAN_POINT ( 'NONE',  ( -64.39999999999999147, 58.49999999999995737, 5.701467076235642709E-13 ) ) ;
#833 = DIRECTION ( 'NONE',  ( -0.5000000000000009992, 0.8660254037844381525, 3.491481338843140849E-15 ) ) ;
#834 = LINE ( 'NONE', #5400, #6420 ) ;
#835 = CARTESIAN_POINT ( 'NONE',  ( 79.88732830655598605, 51.13438742613784882, -4.251478525233792993 ) ) ;
#836 = CYLINDRICAL_SURFACE ( 'NONE', #2637, 4.099999999999999645 ) ;
#837 = CARTESIAN_POINT ( 'NONE',  ( -10.47722557505256269, 65.00000000000000000, -59.07814946534348621 ) ) ;
#838 = EDGE_CURVE ( 'NONE', #4467, #863, #423, .T. ) ;
#839 = ORIENTED_EDGE ( 'NONE', *, *, #6962, .T. ) ;
#840 = PLANE ( 'NONE',  #5574 ) ;
#841 = DIRECTION ( 'NONE',  ( 0.000000000000000000, 1.000000000000000000, 0.000000000000000000 ) ) ;
#842 = EDGE_CURVE ( 'NONE', #8258, #8541, #6608, .T. ) ;
#843 = ADVANCED_FACE ( 'NONE', ( #5132 ), #7153, .T. ) ;
#844 = CARTESIAN_POINT ( 'NONE',  ( 64.40000000000004832, 63.17653718043602140, -2.200586528512667334E-13 ) ) ;
#845 = CARTESIAN_POINT ( 'NONE',  ( -59.49745092437838423, 51.13636141293634552, 53.48003367281752674 ) ) ;
#846 = EDGE_LOOP ( 'NONE', ( #5785, #282, #3341, #2560, #6948, #4069 ) ) ;
#847 = ORIENTED_EDGE ( 'NONE', *, *, #7833, .F. ) ;
#848 = DIRECTION ( 'NONE',  ( 0.09948836546663136771, 0.9656151785784026220, -0.2401861612078792785 ) ) ;
#849 = CIRCLE ( 'NONE', #3048, 4.099999999999999645 ) ;
#850 = CARTESIAN_POINT ( 'NONE',  ( -57.40000000000011937, 53.84175552389678643, -5.873467074498335272 ) ) ;
#851 = AXIS2_PLACEMENT_3D ( 'NONE', #2867, #8970, #5135 ) ;
#852 = DIRECTION ( 'NONE',  ( -0.000000000000000000, -1.000000000000000000, -0.000000000000000000 ) ) ;
#853 = EDGE_CURVE ( 'NONE', #1302, #2090, #4042, .T. ) ;
#854 = CARTESIAN_POINT ( 'NONE',  ( 62.25874094872671805, 58.49999999999999289, -50.23792566855581043 ) ) ;
#855 = CARTESIAN_POINT ( 'NONE',  ( 0.000000000000000000, 65.00000000000000000, 0.000000000000000000 ) ) ;
#856 = AXIS2_PLACEMENT_3D ( 'NONE', #1075, #8600, #7079 ) ;
#857 = VECTOR ( 'NONE', #9503, 999.9999999999998863 ) ;
#858 = AXIS2_PLACEMENT_3D ( 'NONE', #8380, #1648, #7561 ) ;
#859 = DIRECTION ( 'NONE',  ( 0.6123724356957940262, -0.5000000000000011102, -0.6123724356957940262 ) ) ;
#860 = ADVANCED_FACE ( 'NONE', ( #7729 ), #8614, .F. ) ;
#861 = VERTEX_POINT ( 'NONE', #6260 ) ;
#862 = ADVANCED_FACE ( 'NONE', ( #3988 ), #6996, .F. ) ;
#863 = VERTEX_POINT ( 'NONE', #8513 ) ;
#864 = DIRECTION ( 'NONE',  ( 0.7071067811865475727, 0.000000000000000000, 0.7071067811865474617 ) ) ;
#865 = CYLINDRICAL_SURFACE ( 'NONE', #2912, 8.499999999999998224 ) ;
#866 = CARTESIAN_POINT ( 'NONE',  ( -57.40000000000006253, 53.88633504566437438, -1.781881413102502920 ) ) ;
#867 = EDGE_CURVE ( 'NONE', #5518, #6442, #5202, .T. ) ;
#868 = FACE_OUTER_BOUND ( 'NONE', #6197, .T. ) ;
#869 = AXIS2_PLACEMENT_3D ( 'NONE', #8815, #1805, #7065 ) ;
#870 = VECTOR ( 'NONE', #8561, 1000.000000000000000 ) ;
#871 = CARTESIAN_POINT ( 'NONE',  ( -42.67389424460814951, 56.16173140978197154, -48.40145917221916960 ) ) ;
#872 = CARTESIAN_POINT ( 'NONE',  ( 4.050000000000818723, 56.16173140978203548, 58.10521046563250991 ) ) ;
#873 = PLANE ( 'NONE',  #218 ) ;
#874 = DIRECTION ( 'NONE',  ( 1.000000000000000000, 0.000000000000000000, -1.776356839400250465E-15 ) ) ;
#875 = ORIENTED_EDGE ( 'NONE', *, *, #1680, .F. ) ;
#876 = ORIENTED_EDGE ( 'NONE', *, *, #5670, .F. ) ;
#877 = VECTOR ( 'NONE', #1230, 1000.000000000000000 ) ;
#878 = ORIENTED_EDGE ( 'NONE', *, *, #1239, .F. ) ;
#879 = AXIS2_PLACEMENT_3D ( 'NONE', #3468, #1199, #4881 ) ;
#880 = DIRECTION ( 'NONE',  ( -1.000000000000000000, -1.685161507135332739E-29, 3.426614273534433601E-15 ) ) ;
#881 = ORIENTED_EDGE ( 'NONE', *, *, #8012, .F. ) ;
#882 = ORIENTED_EDGE ( 'NONE', *, *, #3688, .F. ) ;
#883 = CARTESIAN_POINT ( 'NONE',  ( 39.13836033867541175, 56.16173140978202127, 44.86592526628645317 ) ) ;
#884 = DIRECTION ( 'NONE',  ( 1.000000000000000000, 0.000000000000000000, -1.776356839400250465E-15 ) ) ;
#885 = DIRECTION ( 'NONE',  ( 0.7071067811865474617, 0.000000000000000000, -0.7071067811865474617 ) ) ;
#886 = DIRECTION ( 'NONE',  ( 0.3535533905932773946, -0.8660254037844388186, 0.3535533905932700116 ) ) ;
#887 = CARTESIAN_POINT ( 'NONE',  ( 79.74446642053746359, 52.88016779147036317, -6.401134795275977396 ) ) ;
#888 = CARTESIAN_POINT ( 'NONE',  ( -64.40000000000006253, 56.16173140978204259, -4.049999999999767120 ) ) ;
#889 = VERTEX_POINT ( 'NONE', #309 ) ;
#890 = EDGE_LOOP ( 'NONE', ( #2266, #793, #348 ) ) ;
#891 = DIRECTION ( 'NONE',  ( -0.7071067811865400232, 0.000000000000000000, 0.7071067811865550112 ) ) ;
#892 = CARTESIAN_POINT ( 'NONE',  ( -4.177332116314214083, 30.90000000000000213, 35.00000000000000000 ) ) ;
#893 = LINE ( 'NONE', #4531, #4558 ) ;
#894 = EDGE_CURVE ( 'NONE', #6827, #6606, #6204, .T. ) ;
#895 = ORIENTED_EDGE ( 'NONE', *, *, #5671, .F. ) ;
#896 = ADVANCED_FACE ( 'NONE', ( #6688 ), #4133, .F. ) ;
#897 = ORIENTED_EDGE ( 'NONE', *, *, #9213, .T. ) ;
#898 = DIRECTION ( 'NONE',  ( -0.7071067811865474617, 0.000000000000000000, 0.7071067811865474617 ) ) ;
#899 = CARTESIAN_POINT ( 'NONE',  ( -60.73680226482514399, 49.93176139478131859, 3.876709856207187777 ) ) ;
#900 = VECTOR ( 'NONE', #336, 1000.000000000000000 ) ;
#901 = CARTESIAN_POINT ( 'NONE',  ( 61.13802427215775026, 53.32263503475336108, -51.59625485099989817 ) ) ;
#902 = CARTESIAN_POINT ( 'NONE',  ( -4.050000000000456346, 60.83826859021802136, -64.40000000000001990 ) ) ;
#903 = CARTESIAN_POINT ( 'NONE',  ( -61.71126773746753003, 54.72905060078515049, -50.90938452242408374 ) ) ;
#904 = ORIENTED_EDGE ( 'NONE', *, *, #2164, .T. ) ;
#905 = ORIENTED_EDGE ( 'NONE', *, *, #59, .T. ) ;
#906 = AXIS2_PLACEMENT_3D ( 'NONE', #6438, #7963, #5698 ) ;
#907 = DIRECTION ( 'NONE',  ( 0.000000000000000000, 0.000000000000000000, 1.000000000000000000 ) ) ;
#908 = CARTESIAN_POINT ( 'NONE',  ( 49.78031739553296120, 58.49999999999999289, 55.57859300126261815 ) ) ;
#909 = PLANE ( 'NONE',  #1341 ) ;
#910 = CARTESIAN_POINT ( 'NONE',  ( -26.38856624071850732, 1.500000000000001332, -45.02950970490492466 ) ) ;
#911 = DIRECTION ( 'NONE',  ( 0.000000000000000000, -1.000000000000000000, 0.000000000000000000 ) ) ;
#912 = ADVANCED_FACE ( 'NONE', ( #4190 ), #8662, .F. ) ;
#913 = AXIS2_PLACEMENT_3D ( 'NONE', #8989, #3780, #4461 ) ;
#914 = DIRECTION ( 'NONE',  ( 0.000000000000000000, 0.000000000000000000, 1.000000000000000000 ) ) ;
#915 = CARTESIAN_POINT ( 'NONE',  ( 45.53767670841350679, 53.82346281956403544, -45.53767670841381232 ) ) ;
#916 = CARTESIAN_POINT ( 'NONE',  ( 11.06075649869408828, 45.28145316038303037, -64.04613078649555291 ) ) ;
#917 = ORIENTED_EDGE ( 'NONE', *, *, #1351, .T. ) ;
#918 = ORIENTED_EDGE ( 'NONE', *, *, #5150, .T. ) ;
#919 = ORIENTED_EDGE ( 'NONE', *, *, #5347, .T. ) ;
#920 = CARTESIAN_POINT ( 'NONE',  ( -27.74454884646939945, 14.70000000000000462, -66.98126610706812301 ) ) ;
#921 = VERTEX_POINT ( 'NONE', #3504 ) ;
#922 = ORIENTED_EDGE ( 'NONE', *, *, #3662, .F. ) ;
#923 = VECTOR ( 'NONE', #2260, 1000.000000000000000 ) ;
#924 = AXIS2_PLACEMENT_3D ( 'NONE', #1292, #4978, #7983 ) ;
#925 = ADVANCED_FACE ( 'NONE', ( #3459 ), #5019, .F. ) ;
#926 = PLANE ( 'NONE',  #5664 ) ;
#927 = DIRECTION ( 'NONE',  ( 0.7071067811865474617, 0.000000000000000000, -0.7071067811865474617 ) ) ;
#928 = DIRECTION ( 'NONE',  ( 0.7071067811865475727, 0.000000000000000000, 0.7071067811865475727 ) ) ;
#929 = DIRECTION ( 'NONE',  ( 1.000000000000000000, 0.000000000000000000, -1.776356839400250465E-15 ) ) ;
#930 = CARTESIAN_POINT ( 'NONE',  ( 79.99408347587936419, 50.05517551620771144, 1.115363283538340911 ) ) ;
#931 = CARTESIAN_POINT ( 'NONE',  ( 7.637693067872654673, 54.72823885147619905, 79.63486474817598548 ) ) ;
#932 = ORIENTED_EDGE ( 'NONE', *, *, #8032, .F. ) ;
#933 = EDGE_CURVE ( 'NONE', #7945, #4371, #2945, .T. ) ;
#934 = ORIENTED_EDGE ( 'NONE', *, *, #532, .F. ) ;
#935 = CARTESIAN_POINT ( 'NONE',  ( 57.40000000000004832, 53.89029207088822204, -0.5697331047746888588 ) ) ;
#936 = CARTESIAN_POINT ( 'NONE',  ( 57.40000000000005542, 62.14776746691694598, 1.781881413102901934 ) ) ;
#937 = EDGE_CURVE ( 'NONE', #5637, #9156, #4918, .T. ) ;
#938 = EDGE_CURVE ( 'NONE', #6327, #3246, #2184, .T. ) ;
#939 = CARTESIAN_POINT ( 'NONE',  ( 5.477225575050725048, 50.00000000000000000, -57.40000000000004832 ) ) ;
#940 = CARTESIAN_POINT ( 'NONE',  ( -46.57865554603799296, 54.67341848130280368, 44.49669787078934746 ) ) ;
#941 = ORIENTED_EDGE ( 'NONE', *, *, #4895, .F. ) ;
#942 = AXIS2_PLACEMENT_3D ( 'NONE', #2578, #5586, #2725 ) ;
#943 = ORIENTED_EDGE ( 'NONE', *, *, #6695, .T. ) ;
#944 = CARTESIAN_POINT ( 'NONE',  ( 52.67945519839760493, 58.49999999999999289, -52.67945519839798152 ) ) ;
#945 = CIRCLE ( 'NONE', #8953, 4.099999999999998757 ) ;
#946 = AXIS2_PLACEMENT_3D ( 'NONE', #8565, #1827, #4816 ) ;
#947 = EDGE_CURVE ( 'NONE', #8204, #142, #7508, .T. ) ;
#948 = CARTESIAN_POINT ( 'NONE',  ( 9.181544413650044589E-13, 58.49999999999999289, 64.39999999999999147 ) ) ;
#949 = CARTESIAN_POINT ( 'NONE',  ( -60.56240784565909507, 49.93163963979179698, -5.701512242973894473 ) ) ;
#950 = CARTESIAN_POINT ( 'NONE',  ( -60.40166727572328398, 52.09668627093296323, -52.45753560429938034 ) ) ;
#951 = EDGE_LOOP ( 'NONE', ( #7613, #7708, #8692, #1519, #7166, #8046, #4179, #5322 ) ) ;
#952 = ORIENTED_EDGE ( 'NONE', *, *, #2882, .T. ) ;
#953 = DIRECTION ( 'NONE',  ( -0.000000000000000000, -1.000000000000000000, -0.000000000000000000 ) ) ;
#954 = DIRECTION ( 'NONE',  ( 1.000000000000000000, -0.000000000000000000, -1.776356839400250465E-15 ) ) ;
#955 = LINE ( 'NONE', #5432, #5403 ) ;
#956 = CARTESIAN_POINT ( 'NONE',  ( 50.66467738043593272, 61.51561510504876651, 61.91203731823695477 ) ) ;
#957 = EDGE_CURVE ( 'NONE', #2461, #8569, #7249, .T. ) ;
#958 = DIRECTION ( 'NONE',  ( -0.000000000000000000, -1.000000000000000000, -0.000000000000000000 ) ) ;
#959 = CARTESIAN_POINT ( 'NONE',  ( -10.47722557505256269, 65.00000000000000000, -59.07814946534348621 ) ) ;
#960 = CARTESIAN_POINT ( 'NONE',  ( 57.40018703135340417, 53.84578364510152682, 0.03866080389758964897 ) ) ;
#961 = CARTESIAN_POINT ( 'NONE',  ( -73.88099797964947868, 64.00000071709243343, -30.68547111469908728 ) ) ;
#962 = VERTEX_POINT ( 'NONE', #8024 ) ;
#963 = EDGE_LOOP ( 'NONE', ( #917, #3101, #3320, #1658, #6245, #5195 ) ) ;
#964 = ADVANCED_FACE ( 'NONE', ( #1284 ), #406, .T. ) ;
#965 = VERTEX_POINT ( 'NONE', #9395 ) ;
#966 = DIRECTION ( 'NONE',  ( 1.000000000000000000, 0.000000000000000000, 0.000000000000000000 ) ) ;
#967 = ORIENTED_EDGE ( 'NONE', *, *, #5473, .T. ) ;
#968 = ORIENTED_EDGE ( 'NONE', *, *, #344, .F. ) ;
#969 = CARTESIAN_POINT ( 'NONE',  ( -5.831681320877825314, 49.85574637072515713, -60.95287450125622541 ) ) ;
#970 = DIRECTION ( 'NONE',  ( 0.7071067811865401342, 0.000000000000000000, -0.7071067811865549002 ) ) ;
#971 = CARTESIAN_POINT ( 'NONE',  ( 48.40145917221918381, 52.90000000000000568, 42.67389424460813530 ) ) ;
#972 = DIRECTION ( 'NONE',  ( 0.000000000000000000, 0.000000000000000000, 1.000000000000000000 ) ) ;
#973 = CARTESIAN_POINT ( 'NONE',  ( 79.66062165242551885, 54.24265682735148175, 7.362257919739720435 ) ) ;
#974 = ADVANCED_FACE ( 'NONE', ( #2666 ), #628, .F. ) ;
#975 = DIRECTION ( 'NONE',  ( 1.015447888376667621E-14, 0.000000000000000000, 1.000000000000000000 ) ) ;
#976 = ORIENTED_EDGE ( 'NONE', *, *, #6310, .T. ) ;
#977 = ORIENTED_EDGE ( 'NONE', *, *, #1526, .F. ) ;
#978 = ORIENTED_EDGE ( 'NONE', *, *, #9549, .F. ) ;
#979 = LINE ( 'NONE', #2610, #870 ) ;
#980 = ADVANCED_FACE ( 'NONE', ( #5788 ), #9571, .T. ) ;
#981 = EDGE_CURVE ( 'NONE', #8278, #6606, #4995, .T. ) ;
#982 = FACE_OUTER_BOUND ( 'NONE', #3770, .T. ) ;
#983 = DIRECTION ( 'NONE',  ( -0.7071067811865474617, 0.000000000000000000, 0.7071067811865474617 ) ) ;
#984 = ORIENTED_EDGE ( 'NONE', *, *, #8853, .T. ) ;
#985 = VERTEX_POINT ( 'NONE', #2096 ) ;
#986 = CARTESIAN_POINT ( 'NONE',  ( 0.000000000000000000, 37.90000000000000568, 0.000000000000000000 ) ) ;
#987 = DIRECTION ( 'NONE',  ( -0.7071067811865500152, 1.353930517835557091E-14, -0.7071067811865449082 ) ) ;
#988 = CARTESIAN_POINT ( 'NONE',  ( -57.40000000000009805, 53.87716522097662164, -3.916743474386039647 ) ) ;
#989 = AXIS2_PLACEMENT_3D ( 'NONE', #1546, #7361, #212 ) ;
#990 = DIRECTION ( 'NONE',  ( -0.7071067811865401342, 0.000000000000000000, 0.7071067811865549002 ) ) ;
#991 = LINE ( 'NONE', #6806, #8699 ) ;
#992 = ORIENTED_EDGE ( 'NONE', *, *, #1667, .F. ) ;
#993 = CARTESIAN_POINT ( 'NONE',  ( 9.330418276183298332, 46.90787688348186890, -63.95060260500222427 ) ) ;
#994 = ORIENTED_EDGE ( 'NONE', *, *, #8114, .F. ) ;
#995 = AXIS2_PLACEMENT_3D ( 'NONE', #6748, #5225, #757 ) ;
#996 = ORIENTED_EDGE ( 'NONE', *, *, #8072, .T. ) ;
#997 = CIRCLE ( 'NONE', #2265, 6.099999999999999645 ) ;
#998 = CARTESIAN_POINT ( 'NONE',  ( 1.976688627448618174, 53.69057993885607516, 57.40356791299593198 ) ) ;
#999 = DIRECTION ( 'NONE',  ( 1.387778780781445478E-15, 0.000000000000000000, 1.000000000000000000 ) ) ;
#1000 = LINE ( 'NONE', #6462, #6372 ) ;
#1001 = CARTESIAN_POINT ( 'NONE',  ( -5.733858381161609508, 49.91278067414286568, 60.65943617683433331 ) ) ;
#1002 = DIRECTION ( 'NONE',  ( 0.000000000000000000, -1.000000000000000000, 0.000000000000000000 ) ) ;
#1003 = CARTESIAN_POINT ( 'NONE',  ( -26.38856624071850732, 65.00000000000000000, -45.02950970490492466 ) ) ;
#1004 = AXIS2_PLACEMENT_3D ( 'NONE', #8251, #874, #90 ) ;
#1005 = AXIS2_PLACEMENT_3D ( 'NONE', #3440, #7900, #8051 ) ;
#1006 = AXIS2_PLACEMENT_3D ( 'NONE', #1593, #4582, #4092 ) ;
#1007 = CARTESIAN_POINT ( 'NONE',  ( -3.676134652389632329, 51.97813493054588463, -57.87106164875942227 ) ) ;
#1008 = CARTESIAN_POINT ( 'NONE',  ( -42.67389424460763792, 56.16173140978202838, 48.40145917221962435 ) ) ;
#1009 = EDGE_CURVE ( 'NONE', #6764, #6922, #9464, .T. ) ;
#1010 = CARTESIAN_POINT ( 'NONE',  ( -60.65943617683419120, 49.91278067414284436, 5.733858381164163021 ) ) ;
#1011 = VERTEX_POINT ( 'NONE', #7370 ) ;
#1012 = ORIENTED_EDGE ( 'NONE', *, *, #2256, .F. ) ;
#1013 = VERTEX_POINT ( 'NONE', #2003 ) ;
#1014 = CARTESIAN_POINT ( 'NONE',  ( 57.40000000000004832, 53.89042705671922562, -0.1159854610430725158 ) ) ;
#1015 = VERTEX_POINT ( 'NONE', #5690 ) ;
#1016 = VERTEX_POINT ( 'NONE', #8787 ) ;
#1017 = VECTOR ( 'NONE', #694, 999.9999999999998863 ) ;
#1018 = AXIS2_PLACEMENT_3D ( 'NONE', #135, #6231, #9121 ) ;
#1019 = VECTOR ( 'NONE', #1579, 999.9999999999998863 ) ;
#1020 = CARTESIAN_POINT ( 'NONE',  ( -1.781881413105030232, 50.00000000000000000, -57.40000000000004832 ) ) ;
#1021 = EDGE_CURVE ( 'NONE', #4730, #9060, #1947, .T. ) ;
#1022 = CARTESIAN_POINT ( 'NONE',  ( 64.40000000000004832, 9.672827050956818619E-28, -2.211280286727785861E-13 ) ) ;
#1023 = CARTESIAN_POINT ( 'NONE',  ( 6.655330888320987626, 1.500000000000001332, -7.529663527230856523 ) ) ;
#1024 = CARTESIAN_POINT ( 'NONE',  ( -64.40000000000004832, 54.67341848130315185, -1.472166390312721340 ) ) ;
#1025 = DIRECTION ( 'NONE',  ( 2.967535009851178835E-15, -0.5000000000000011102, 0.8660254037844380415 ) ) ;
#1026 = CARTESIAN_POINT ( 'NONE',  ( 79.55315504575401064, 57.38134383354564250, 8.444375928219665539 ) ) ;
#1027 = AXIS2_PLACEMENT_3D ( 'NONE', #4735, #7742, #3125 ) ;
#1028 = CIRCLE ( 'NONE', #6530, 4.099999999999998757 ) ;
#1029 = ORIENTED_EDGE ( 'NONE', *, *, #1582, .T. ) ;
#1030 = DIRECTION ( 'NONE',  ( -0.7071067811865500152, 0.000000000000000000, -0.7071067811865451302 ) ) ;
#1031 = ORIENTED_EDGE ( 'NONE', *, *, #1636, .T. ) ;
#1032 = FACE_OUTER_BOUND ( 'NONE', #6183, .T. ) ;
#1033 = ORIENTED_EDGE ( 'NONE', *, *, #6217, .T. ) ;
#1034 = CARTESIAN_POINT ( 'NONE',  ( 27.74454884646939945, 14.70000000000000462, 69.13126610706812869 ) ) ;
#1035 = VECTOR ( 'NONE', #4474, 1000.000000000000000 ) ;
#1036 = B_SPLINE_CURVE_WITH_KNOTS ( 'NONE', 3,
 ( #5889, #1412, #7469, #5991, #8199, #5250, #8249, #2938, #88, #7566, #6822, #6086, #5943, #9622, #1462, #6774, #9079, #2205, #2300, #2155, #3679, #1509, #5154, #6679, #5103, #4510, #4413, #5204, #5297, #8104, #4460, #777, #7517, #40, #3635, #7422, #3032, #1362, #4367, #6034, #8889, #9033, #733 ),
 .UNSPECIFIED., .F., .F.,
 ( 4, 2, 2, 2, 2, 2, 2, 2, 1, 2, 2, 2, 2, 2, 2, 2, 2, 2, 2, 2, 2, 4 ),
 ( 0.000000000000000000, 0.001662101641894206871, 0.002493152462841300657, 0.003324203283788394660, 0.004986304925682565753, 0.006648406567576737279, 0.008310508209470908805, 0.009141559030417995002, 0.009972609851365081199, 0.01080366067231216913, 0.01163471149325925533, 0.01329681313515343292, 0.01495891477704761052, 0.01662101641894178639, 0.01745206723988887779, 0.01828311806083596919, 0.01994521970273015546, 0.02160732134462434173, 0.02243837216557143313, 0.02326942298651852453, 0.02493152462841272815, 0.02659362627030693177 ),
 .UNSPECIFIED. ) ;
#1037 = CARTESIAN_POINT ( 'NONE',  ( 1.680329652344940916, 53.88680772472712022, -57.40000000000004832 ) ) ;
#1038 = CARTESIAN_POINT ( 'NONE',  ( -51.88268607057911908, 64.15750124651324882, 60.89603895534840206 ) ) ;
#1039 = CARTESIAN_POINT ( 'NONE',  ( 48.40145917221902749, 56.16173140978202127, -42.67389424460831293 ) ) ;
#1040 = EDGE_CURVE ( 'NONE', #9515, #5908, #5096, .T. ) ;
#1041 = ORIENTED_EDGE ( 'NONE', *, *, #4204, .T. ) ;
#1042 = AXIS2_PLACEMENT_3D ( 'NONE', #326, #6376, #4840 ) ;
#1043 = CARTESIAN_POINT ( 'NONE',  ( 5.802354120911735968, 49.91208640216488845, -60.65660001241671040 ) ) ;
#1044 = DIRECTION ( 'NONE',  ( -1.000000000000000000, 0.000000000000000000, 6.769652589177784668E-15 ) ) ;
#1045 = CARTESIAN_POINT ( 'NONE',  ( -57.40000000000002700, 65.00000000000000000, 1.781881413105632195 ) ) ;
#1046 = VECTOR ( 'NONE', #3163, 1000.000000000000000 ) ;
#1047 = DIRECTION ( 'NONE',  ( 0.6123724356957964687, 0.4999999999999952816, -0.6123724356957964687 ) ) ;
#1048 = CARTESIAN_POINT ( 'NONE',  ( 57.62567017389381618, 52.53855010969870420, -3.120936205374903238 ) ) ;
#1049 = CARTESIAN_POINT ( 'NONE',  ( -64.40000000000003411, 57.86164273325762508, 4.050000000000231637 ) ) ;
#1050 = ORIENTED_EDGE ( 'NONE', *, *, #8575, .F. ) ;
#1051 = ORIENTED_EDGE ( 'NONE', *, *, #7198, .T. ) ;
#1052 = LINE ( 'NONE', #7056, #4132 ) ;
#1053 = DIRECTION ( 'NONE',  ( -2.081668171172169697E-15, 0.000000000000000000, 1.000000000000000000 ) ) ;
#1054 = FACE_OUTER_BOUND ( 'NONE', #1418, .T. ) ;
#1055 = DIRECTION ( 'NONE',  ( -0.000000000000000000, 1.000000000000000000, -0.000000000000000000 ) ) ;
#1056 = ADVANCED_FACE ( 'NONE', ( #7223 ), #479, .F. ) ;
#1057 = CARTESIAN_POINT ( 'NONE',  ( 9.797174514176064544E-15, 49.99999999999998579, 80.00000000000000000 ) ) ;
#1058 = CARTESIAN_POINT ( 'NONE',  ( -2.554400411425175932, 53.10943384802110501, 57.47052113134449769 ) ) ;
#1059 = EDGE_CURVE ( 'NONE', #8473, #5951, #3293, .T. ) ;
#1060 = DIRECTION ( 'NONE',  ( 8.163404592832035149E-15, 0.000000000000000000, 1.000000000000000000 ) ) ;
#1061 = CARTESIAN_POINT ( 'NONE',  ( 9.090007576262848494E-13, 53.82346281956404255, 64.40000000000004832 ) ) ;
#1062 = CARTESIAN_POINT ( 'NONE',  ( -50.28116440924382147, 57.38538913421564303, 62.22392079345817706 ) ) ;
#1063 = ORIENTED_EDGE ( 'NONE', *, *, #6658, .T. ) ;
#1064 = ORIENTED_EDGE ( 'NONE', *, *, #6270, .F. ) ;
#1065 = ORIENTED_EDGE ( 'NONE', *, *, #5228, .T. ) ;
#1066 = DIRECTION ( 'NONE',  ( 4.152706626322565443E-16, 0.000000000000000000, 1.000000000000000000 ) ) ;
#1067 = ORIENTED_EDGE ( 'NONE', *, *, #8563, .F. ) ;
#1068 = ORIENTED_EDGE ( 'NONE', *, *, #8978, .T. ) ;
#1069 = CARTESIAN_POINT ( 'NONE',  ( -74.50000000000002842, 58.49999999999995737, -4.099999999999340616 ) ) ;
#1070 = AXIS2_PLACEMENT_3D ( 'NONE', #2758, #5014, #2707 ) ;
#1071 = FACE_OUTER_BOUND ( 'NONE', #4601, .T. ) ;
#1072 = CARTESIAN_POINT ( 'NONE',  ( 52.67945519839760493, 58.49999999999999289, -52.67945519839798152 ) ) ;
#1073 = CARTESIAN_POINT ( 'NONE',  ( -64.39999999999999147, 58.49999999999995737, 5.701467076235642709E-13 ) ) ;
#1074 = DIRECTION ( 'NONE',  ( -1.000000000000000000, 0.000000000000000000, -0.000000000000000000 ) ) ;
#1075 = CARTESIAN_POINT ( 'NONE',  ( 66.98126610706803774, 14.70000000000000462, -27.74454884646963038 ) ) ;
#1076 = EDGE_CURVE ( 'NONE', #2889, #3924, #8102, .T. ) ;
#1077 = EDGE_LOOP ( 'NONE', ( #2047, #5323, #3965, #7444 ) ) ;
#1078 = LINE ( 'NONE', #6299, #6878 ) ;
#1079 = ORIENTED_EDGE ( 'NONE', *, *, #2721, .F. ) ;
#1080 = VECTOR ( 'NONE', #3567, 1000.000000000000000 ) ;
#1081 = DIRECTION ( 'NONE',  ( 0.000000000000000000, 0.000000000000000000, -1.000000000000000000 ) ) ;
#1082 = ORIENTED_EDGE ( 'NONE', *, *, #3735, .T. ) ;
#1083 = DIRECTION ( 'NONE',  ( 1.000000000000000000, 0.000000000000000000, -1.396592535537253500E-14 ) ) ;
#1084 = B_SPLINE_CURVE_WITH_KNOTS ( 'NONE', 3,
 ( #6553, #9545, #4239, #1381, #502, #2123, #8069, #4282, #5767, #2909, #4972, #7975 ),
 .UNSPECIFIED., .F., .F.,
 ( 4, 2, 2, 2, 2, 4 ),
 ( 0.04581870673879399197, 0.04765927584578602549, 0.04857956039928203879, 0.04949984495277805208, 0.05134041405977009254, 0.05318098316676213994 ),
 .UNSPECIFIED. ) ;
#1085 = DIRECTION ( 'NONE',  ( 0.000000000000000000, 1.000000000000000000, 0.000000000000000000 ) ) ;
#1086 = CARTESIAN_POINT ( 'NONE',  ( 1.781881413103104661, 65.00000000000000000, -57.40000000000004832 ) ) ;
#1087 = CARTESIAN_POINT ( 'NONE',  ( -5.477225575050660211, 65.00000000000000000, 79.81227975693973065 ) ) ;
#1088 = VECTOR ( 'NONE', #1931, 1000.000000000000000 ) ;
#1089 = ORIENTED_EDGE ( 'NONE', *, *, #1371, .T. ) ;
#1090 = EDGE_CURVE ( 'NONE', #9715, #7684, #1370, .T. ) ;
#1091 = CARTESIAN_POINT ( 'NONE',  ( -1.938576124412396906, 49.93913632543437586, -60.77778074932915331 ) ) ;
#1092 = DIRECTION ( 'NONE',  ( -0.7071067811865476838, -0.000000000000000000, -0.7071067811865474617 ) ) ;
#1093 = CARTESIAN_POINT ( 'NONE',  ( -11.35032770630495058, 45.00000000000000711, 64.00132858745578801 ) ) ;
#1094 = DIRECTION ( 'NONE',  ( 1.000000000000000000, -0.000000000000000000, -3.491481338843133750E-15 ) ) ;
#1095 = ORIENTED_EDGE ( 'NONE', *, *, #1764, .T. ) ;
#1096 = EDGE_CURVE ( 'NONE', #1170, #2864, #4701, .T. ) ;
#1097 = ORIENTED_EDGE ( 'NONE', *, *, #9344, .T. ) ;
#1098 = VERTEX_POINT ( 'NONE', #9371 ) ;
#1099 = AXIS2_PLACEMENT_3D ( 'NONE', #920, #46, #8350 ) ;
#1100 = DIRECTION ( 'NONE',  ( -1.000000000000000000, -0.000000000000000000, -0.000000000000000000 ) ) ;
#1101 = CARTESIAN_POINT ( 'NONE',  ( 60.65943617683424094, 49.91278067414284436, -5.733858381163742024 ) ) ;
#1102 = LINE ( 'NONE', #1841, #730 ) ;
#1103 = AXIS2_PLACEMENT_3D ( 'NONE', #4626, #3753, #9005 ) ;
#1104 = ADVANCED_FACE ( 'NONE', ( #7808 ), #3391, .F. ) ;
#1105 = CARTESIAN_POINT ( 'NONE',  ( -51.06812598567307759, 62.63505595538028103, -61.57980645590465230 ) ) ;
#1106 = PLANE ( 'NONE',  #3310 ) ;
#1107 = CARTESIAN_POINT ( 'NONE',  ( -1.781881413103104661, 53.88633504566437438, 57.40000000000004832 ) ) ;
#1108 = CIRCLE ( 'NONE', #2050, 65.00000000000000000 ) ;
#1109 = LINE ( 'NONE', #2584, #7793 ) ;
#1110 = FACE_OUTER_BOUND ( 'NONE', #196, .T. ) ;
#1111 = AXIS2_PLACEMENT_3D ( 'NONE', #541, #2755, #2112 ) ;
#1112 = ORIENTED_EDGE ( 'NONE', *, *, #240, .T. ) ;
#1113 = ORIENTED_EDGE ( 'NONE', *, *, #194, .F. ) ;
#1114 = ORIENTED_EDGE ( 'NONE', *, *, #5958, .F. ) ;
#1115 = CARTESIAN_POINT ( 'NONE',  ( 5.477225575051242856, 65.00000000000000000, -74.50000000000002842 ) ) ;
#1116 = VERTEX_POINT ( 'NONE', #4113 ) ;
#1117 = VERTEX_POINT ( 'NONE', #7896 ) ;
#1118 = ADVANCED_FACE ( 'NONE', ( #4023 ), #3436, .F. ) ;
#1119 = CARTESIAN_POINT ( 'NONE',  ( -3.510222438551447777, 50.75365142895579140, 79.92336744799523274 ) ) ;
#1120 = CARTESIAN_POINT ( 'NONE',  ( 64.40000000000006253, 60.83826859021803557, 4.049999999999768008 ) ) ;
#1121 = CARTESIAN_POINT ( 'NONE',  ( -45.53767670841367021, 58.49999999999995737, -45.53767670841365600 ) ) ;
#1122 = LINE ( 'NONE', #3441, #145 ) ;
#1123 = PLANE ( 'NONE',  #1325 ) ;
#1124 = ORIENTED_EDGE ( 'NONE', *, *, #2111, .T. ) ;
#1125 = DIRECTION ( 'NONE',  ( -1.000000000000000000, 0.000000000000000000, 6.769652589177784668E-15 ) ) ;
#1126 = VERTEX_POINT ( 'NONE', #1069 ) ;
#1127 = DIRECTION ( 'NONE',  ( -0.000000000000000000, -1.000000000000000000, -0.000000000000000000 ) ) ;
#1128 = ORIENTED_EDGE ( 'NONE', *, *, #11, .T. ) ;
#1129 = ADVANCED_FACE ( 'NONE', ( #5545 ), #2238, .T. ) ;
#1130 = LINE ( 'NONE', #3253, #322 ) ;
#1131 = CARTESIAN_POINT ( 'NONE',  ( -64.40000000000006253, 60.83826859021803557, -4.049999999999768008 ) ) ;
#1132 = DIRECTION ( 'NONE',  ( 0.9258200997725509751, 0.3779644730092286964, 0.000000000000000000 ) ) ;
#1133 = ORIENTED_EDGE ( 'NONE', *, *, #6320, .F. ) ;
#1134 = EDGE_CURVE ( 'NONE', #7851, #3725, #1460, .T. ) ;
#1135 = ADVANCED_FACE ( 'NONE', ( #7456 ), #8332, .T. ) ;
#1136 = LINE ( 'NONE', #2472, #4937 ) ;
#1137 = ADVANCED_FACE ( 'NONE', ( #124 ), #811, .F. ) ;
#1138 = CARTESIAN_POINT ( 'NONE',  ( 43.71487308223277068, 55.31177574804326724, -47.36048033459454132 ) ) ;
#1139 = FACE_OUTER_BOUND ( 'NONE', #5346, .T. ) ;
#1140 = ORIENTED_EDGE ( 'NONE', *, *, #9386, .F. ) ;
#1141 = ORIENTED_EDGE ( 'NONE', *, *, #6249, .T. ) ;
#1142 = CARTESIAN_POINT ( 'NONE',  ( 1.781881413105030232, 50.00000000000000000, 57.40000000000004832 ) ) ;
#1143 = CARTESIAN_POINT ( 'NONE',  ( 64.40000000000003411, 55.31177574804296881, -2.577833609687347316 ) ) ;
#1144 = FACE_OUTER_BOUND ( 'NONE', #8954, .T. ) ;
#1145 = CARTESIAN_POINT ( 'NONE',  ( -52.56282089188245266, 65.00000000000000000, -60.30878758429724940 ) ) ;
#1146 = DIRECTION ( 'NONE',  ( -0.000000000000000000, 1.000000000000000000, -0.000000000000000000 ) ) ;
#1147 = DIRECTION ( 'NONE',  ( -0.7071067811865475727, -0.000000000000000000, -0.7071067811865475727 ) ) ;
#1148 = DIRECTION ( 'NONE',  ( 1.000000000000000000, 0.000000000000000000, 0.000000000000000000 ) ) ;
#1149 = FACE_OUTER_BOUND ( 'NONE', #1466, .T. ) ;
#1150 = EDGE_CURVE ( 'NONE', #6166, #2149, #5450, .T. ) ;
#1151 = VECTOR ( 'NONE', #7254, 1000.000000000000114 ) ;
#1152 = EDGE_CURVE ( 'NONE', #1274, #8222, #9110, .T. ) ;
#1153 = ORIENTED_EDGE ( 'NONE', *, *, #2677, .T. ) ;
#1154 = AXIS2_PLACEMENT_3D ( 'NONE', #1206, #1254, #4254 ) ;
#1155 = ORIENTED_EDGE ( 'NONE', *, *, #5421, .F. ) ;
#1156 = ORIENTED_EDGE ( 'NONE', *, *, #3828, .T. ) ;
#1157 = EDGE_CURVE ( 'NONE', #1725, #562, #1400, .T. ) ;
#1158 = LINE ( 'NONE', #9274, #3308 ) ;
#1159 = ORIENTED_EDGE ( 'NONE', *, *, #8354, .F. ) ;
#1160 = VERTEX_POINT ( 'NONE', #2927 ) ;
#1161 = AXIS2_PLACEMENT_3D ( 'NONE', #4666, #7673, #4855 ) ;
#1162 = AXIS2_PLACEMENT_3D ( 'NONE', #1073, #4664, #1720 ) ;
#1163 = AXIS2_PLACEMENT_3D ( 'NONE', #6357, #3506, #8664 ) ;
#1164 = EDGE_CURVE ( 'NONE', #9060, #8977, #4671, .T. ) ;
#1165 = DIRECTION ( 'NONE',  ( 1.000000000000000000, 0.000000000000000000, -3.491481338843133750E-15 ) ) ;
#1166 = CARTESIAN_POINT ( 'NONE',  ( 64.40000000000000568, 58.49999999999999289, -4.100000000000117772 ) ) ;
#1167 = CARTESIAN_POINT ( 'NONE',  ( -47.36048033459385920, 55.31177574804318908, 43.71487308223350254 ) ) ;
#1168 = CARTESIAN_POINT ( 'NONE',  ( -72.86356389321326787, 54.33424544490917896, -33.05393313121705745 ) ) ;
#1169 = CARTESIAN_POINT ( 'NONE',  ( 4.050000000000905764, 60.83826859021802136, 64.40000000000000568 ) ) ;
#1170 = VERTEX_POINT ( 'NONE', #7596 ) ;
#1171 = AXIS2_PLACEMENT_3D ( 'NONE', #4379, #9689, #5957 ) ;
#1172 = VECTOR ( 'NONE', #2743, 999.9999999999998863 ) ;
#1173 = DIRECTION ( 'NONE',  ( 0.7071067811865547892, 0.000000000000000000, 0.7071067811865400232 ) ) ;
#1174 = ORIENTED_EDGE ( 'NONE', *, *, #6122, .T. ) ;
#1175 = CIRCLE ( 'NONE', #6988, 4.099999999999993427 ) ;
#1176 = CARTESIAN_POINT ( 'NONE',  ( -1.781881413103104661, 54.85223253308358693, 57.40000000000007674 ) ) ;
#1177 = ORIENTED_EDGE ( 'NONE', *, *, #3828, .F. ) ;
#1178 =( BOUNDED_SURFACE ( )  B_SPLINE_SURFACE ( 3, 2, ( 
 ( #850, #6999, #5327 ),
 ( #988, #9251, #2521 ),
 ( #6801, #3067, #6069 ),
 ( #9062, #2330, #1594 ),
 ( #4584, #6856, #899 ),
 ( #118, #3112, #6117 ) ),
 .UNSPECIFIED., .F., .F., .T. ) 
 B_SPLINE_SURFACE_WITH_KNOTS ( ( 4, 2, 4 ),
 ( 3, 3 ),
 ( 0.02122663345881161193, 0.02709285688364398287, 0.03295908030847635034 ),
 ( 0.000000000000000000, 1.000000000000000000 ),
 .UNSPECIFIED. ) 
 GEOMETRIC_REPRESENTATION_ITEM ( )  RATIONAL_B_SPLINE_SURFACE ( (
 ( 1.000000000000000000, 0.7700162325872865754, 1.000000000000000000),
 ( 1.000000000000000000, 0.7634916059723635406, 1.000000000000000000),
 ( 1.000000000000000000, 0.7601171944260701752, 1.000000000000000000),
 ( 1.000000000000000000, 0.7601167057328751531, 1.000000000000000000),
 ( 1.000000000000000000, 0.7634905966358431773, 1.000000000000000000),
 ( 1.000000000000000000, 0.7700162701478098226, 1.000000000000000000) ) ) 
 REPRESENTATION_ITEM ( '' )  SURFACE ( )  );
#1179 = ORIENTED_EDGE ( 'NONE', *, *, #7634, .T. ) ;
#1180 = CYLINDRICAL_SURFACE ( 'NONE', #8572, 8.500000000000000000 ) ;
#1181 = VECTOR ( 'NONE', #1729, 1000.000000000000000 ) ;
#1182 = CARTESIAN_POINT ( 'NONE',  ( -42.67389424460763081, 52.90000000000000568, 48.40145917221963145 ) ) ;
#1183 = AXIS2_PLACEMENT_3D ( 'NONE', #603, #9489, #4280 ) ;
#1184 = DIRECTION ( 'NONE',  ( 0.000000000000000000, 1.000000000000000000, 0.000000000000000000 ) ) ;
#1185 = CYLINDRICAL_SURFACE ( 'NONE', #1070, 4.099999999999998757 ) ;
#1186 = VERTEX_POINT ( 'NONE', #6807 ) ;
#1187 = CARTESIAN_POINT ( 'NONE',  ( -58.47191994552399308, 50.44831829737202611, -54.59950084637971912 ) ) ;
#1188 = CIRCLE ( 'NONE', #8727, 4.099999999999998757 ) ;
#1189 = DIRECTION ( 'NONE',  ( 8.826273045769994496E-15, 0.000000000000000000, 1.000000000000000000 ) ) ;
#1190 = DIRECTION ( 'NONE',  ( 0.7071067811865474617, 0.000000000000000000, -0.7071067811865474617 ) ) ;
#1191 = VECTOR ( 'NONE', #9305, 1000.000000000000000 ) ;
#1192 = FACE_OUTER_BOUND ( 'NONE', #1790, .T. ) ;
#1193 = CARTESIAN_POINT ( 'NONE',  ( -10.69516753390230335, 45.63234568032631699, 64.07514010107502145 ) ) ;
#1194 = AXIS2_PLACEMENT_3D ( 'NONE', #5904, #6785, #7482 ) ;
#1195 = DIRECTION ( 'NONE',  ( 1.000000000000000000, 0.000000000000000000, -1.776356839400250465E-15 ) ) ;
#1196 = ORIENTED_EDGE ( 'NONE', *, *, #4262, .F. ) ;
#1197 = ORIENTED_EDGE ( 'NONE', *, *, #8667, .T. ) ;
#1198 = CARTESIAN_POINT ( 'NONE',  ( 4.205884746200430513, 51.44246617073698502, -58.21117656088758707 ) ) ;
#1199 = DIRECTION ( 'NONE',  ( -3.491481338843133750E-15, 0.000000000000000000, -1.000000000000000000 ) ) ;
#1200 = AXIS2_PLACEMENT_3D ( 'NONE', #4253, #3426, #5682 ) ;
#1201 = CARTESIAN_POINT ( 'NONE',  ( -50.95595467767381592, 62.36281802901862648, -61.67258411375184579 ) ) ;
#1202 = DIRECTION ( 'NONE',  ( 0.000000000000000000, 0.000000000000000000, -1.000000000000000000 ) ) ;
#1203 = DIRECTION ( 'NONE',  ( 0.000000000000000000, 0.000000000000000000, -1.000000000000000000 ) ) ;
#1204 = DIRECTION ( 'NONE',  ( 0.7071067811865474617, 0.000000000000000000, -0.7071067811865474617 ) ) ;
#1205 = DIRECTION ( 'NONE',  ( -2.967535009851178835E-15, -0.5000000000000011102, -0.8660254037844380415 ) ) ;
#1206 = CARTESIAN_POINT ( 'NONE',  ( 66.98126610706803774, -35.59999999999999432, -27.74454884646963038 ) ) ;
#1207 = ORIENTED_EDGE ( 'NONE', *, *, #9131, .F. ) ;
#1208 = ORIENTED_EDGE ( 'NONE', *, *, #7867, .T. ) ;
#1209 = ORIENTED_EDGE ( 'NONE', *, *, #9373, .T. ) ;
#1210 = CARTESIAN_POINT ( 'NONE',  ( 64.00132858745583064, 45.00000000000000711, 11.35032770630472854 ) ) ;
#1211 = ORIENTED_EDGE ( 'NONE', *, *, #764, .T. ) ;
#1212 = EDGE_LOOP ( 'NONE', ( #2686, #6459, #288, #2078, #8633, #5554, #4022 ) ) ;
#1213 = CARTESIAN_POINT ( 'NONE',  ( -42.67389424460763081, 52.90000000000000568, 48.40145917221963145 ) ) ;
#1214 = EDGE_CURVE ( 'NONE', #4562, #3445, #2325, .T. ) ;
#1215 = CARTESIAN_POINT ( 'NONE',  ( -3.764940814137763159, 50.87418804909559356, 79.91173781447979252 ) ) ;
#1216 = CARTESIAN_POINT ( 'NONE',  ( 45.53767670841367732, 58.49999999999999289, 45.53767670841364890 ) ) ;
#1217 = CARTESIAN_POINT ( 'NONE',  ( -48.40145917221918381, 52.90000000000000568, -42.67389424460813530 ) ) ;
#1218 = CARTESIAN_POINT ( 'NONE',  ( 10.47722557505072594, 65.00000000000000000, -64.07814946534381306 ) ) ;
#1219 = FACE_OUTER_BOUND ( 'NONE', #3309, .T. ) ;
#1220 = EDGE_LOOP ( 'NONE', ( #2930, #8915, #2961, #794 ) ) ;
#1221 = DIRECTION ( 'NONE',  ( -0.6622653803999819511, 0.000000000000000000, 0.7492693547207619487 ) ) ;
#1222 = VERTEX_POINT ( 'NONE', #6665 ) ;
#1223 = CARTESIAN_POINT ( 'NONE',  ( -52.67945519839724255, 58.49999999999995737, 52.67945519839835811 ) ) ;
#1224 = EDGE_CURVE ( 'NONE', #3649, #6284, #9662, .T. ) ;
#1225 = ORIENTED_EDGE ( 'NONE', *, *, #1360, .T. ) ;
#1226 = ORIENTED_EDGE ( 'NONE', *, *, #2170, .F. ) ;
#1227 = VECTOR ( 'NONE', #4667, 1000.000000000000000 ) ;
#1228 = ADVANCED_FACE ( 'NONE', ( #4002 ), #4781, .T. ) ;
#1229 = LINE ( 'NONE', #7528, #329 ) ;
#1230 = DIRECTION ( 'NONE',  ( 2.967535009851185540E-15, 0.5000000000000008882, 0.8660254037844381525 ) ) ;
#1231 = DIRECTION ( 'NONE',  ( 0.3535533905932752852, -0.8660254037844384856, 0.3535533905932728427 ) ) ;
#1232 = CIRCLE ( 'NONE', #6735, 4.099999999999999645 ) ;
#1233 = ORIENTED_EDGE ( 'NONE', *, *, #2158, .T. ) ;
#1234 = EDGE_CURVE ( 'NONE', #770, #7497, #6563, .T. ) ;
#1235 = CARTESIAN_POINT ( 'NONE',  ( -7.219765092692074226, 54.00538254753139711, -79.67370232912932693 ) ) ;
#1236 = CARTESIAN_POINT ( 'NONE',  ( -1.472166390311571593, 54.67341848130288184, 64.40000000000006253 ) ) ;
#1237 = CARTESIAN_POINT ( 'NONE',  ( 57.40000000000005542, 54.85223253308311797, 1.781881413102901934 ) ) ;
#1238 = CARTESIAN_POINT ( 'NONE',  ( -44.86592526628601973, 65.00000000000000000, 39.13836033867588071 ) ) ;
#1239 = EDGE_CURVE ( 'NONE', #6844, #671, #8676, .T. ) ;
#1240 = CYLINDRICAL_SURFACE ( 'NONE', #2571, 9.999999999999994671 ) ;
#1241 = VECTOR ( 'NONE', #8034, 1000.000000000000000 ) ;
#1243 = CARTESIAN_POINT ( 'NONE',  ( 64.40000000000003411, 56.16173140978203548, -4.050000000000231637 ) ) ;
#1242 = FACE_OUTER_BOUND ( 'NONE', #8929, .T. ) ;
#1244 = ORIENTED_EDGE ( 'NONE', *, *, #7545, .F. ) ;
#1245 = EDGE_LOOP ( 'NONE', ( #6964, #6096, #6247 ) ) ;
#1246 = DIRECTION ( 'NONE',  ( 1.000000000000000000, 0.000000000000000000, -1.776356839400250465E-15 ) ) ;
#1247 = LINE ( 'NONE', #2720, #2117 ) ;
#1248 = CARTESIAN_POINT ( 'NONE',  ( 59.40766745562432050, 50.37391051130658326, -5.259671429477235982 ) ) ;
#1249 = ADVANCED_FACE ( 'NONE', ( #9206 ), #3165, .F. ) ;
#1250 = CARTESIAN_POINT ( 'NONE',  ( -48.40145917221918381, 59.13835726674011539, -42.67389424460813530 ) ) ;
#1251 = DIRECTION ( 'NONE',  ( -0.7071067811865474617, 0.000000000000000000, 0.7071067811865474617 ) ) ;
#1252 = LINE ( 'NONE', #4985, #4839 ) ;
#1253 = CARTESIAN_POINT ( 'NONE',  ( 42.67389424460814240, 56.16173140978202127, 48.40145917221917671 ) ) ;
#1254 = DIRECTION ( 'NONE',  ( 0.000000000000000000, 1.000000000000000000, -0.000000000000000000 ) ) ;
#1255 = AXIS2_PLACEMENT_3D ( 'NONE', #7615, #4563, #6138 ) ;
#1256 = ORIENTED_EDGE ( 'NONE', *, *, #210, .T. ) ;
#1257 = AXIS2_PLACEMENT_3D ( 'NONE', #9242, #7823, #4765 ) ;
#1258 = VERTEX_POINT ( 'NONE', #1049 ) ;
#1259 = CARTESIAN_POINT ( 'NONE',  ( 62.20607676815916420, 59.72675154040792478, 50.30313249799796438 ) ) ;
#1260 = EDGE_CURVE ( 'NONE', #2277, #5089, #3907, .T. ) ;
#1261 = ORIENTED_EDGE ( 'NONE', *, *, #9554, .F. ) ;
#1262 = VERTEX_POINT ( 'NONE', #4051 ) ;
#1263 = CARTESIAN_POINT ( 'NONE',  ( -5.646478818413158685, 49.98058182672756544, 60.36806642904172548 ) ) ;
#1264 = VECTOR ( 'NONE', #1618, 1000.000000000000000 ) ;
#1265 = CARTESIAN_POINT ( 'NONE',  ( -5.184824058121112245, 51.74174737408880276, 79.83313885280128375 ) ) ;
#1266 = CARTESIAN_POINT ( 'NONE',  ( -39.13836033867541886, 56.16173140978197154, -44.86592526628644606 ) ) ;
#1267 = CARTESIAN_POINT ( 'NONE',  ( -4.050000000000411937, 60.83826859021802136, -58.10521046563223990 ) ) ;
#1268 = DIRECTION ( 'NONE',  ( -1.000000000000000000, 0.000000000000000000, 5.329070518200751394E-15 ) ) ;
#1269 = DIRECTION ( 'NONE',  ( -0.7071067811865500152, 0.000000000000000000, -0.7071067811865450192 ) ) ;
#1270 = ORIENTED_EDGE ( 'NONE', *, *, #5958, .T. ) ;
#1271 = ORIENTED_EDGE ( 'NONE', *, *, #1588, .F. ) ;
#1272 = CARTESIAN_POINT ( 'NONE',  ( -79.58232913008563969, 60.94258388591423881, -8.165239551924543093 ) ) ;
#1273 = EDGE_LOOP ( 'NONE', ( #7255, #2254 ) ) ;
#1274 = VERTEX_POINT ( 'NONE', #7051 ) ;
#1275 = PLANE ( 'NONE',  #1111 ) ;
#1276 = EDGE_CURVE ( 'NONE', #5064, #1624, #5165, .T. ) ;
#1277 = FACE_OUTER_BOUND ( 'NONE', #1305, .T. ) ;
#1278 = CARTESIAN_POINT ( 'NONE',  ( -4.009015341921439763E-13, 58.49999999999999289, -74.50000000000000000 ) ) ;
#1279 = ORIENTED_EDGE ( 'NONE', *, *, #5769, .T. ) ;
#1280 = EDGE_CURVE ( 'NONE', #1117, #5702, #8708, .T. ) ;
#1281 = CARTESIAN_POINT ( 'NONE',  ( -59.16568978208168517, 50.87227421863912014, -53.84683320512416316 ) ) ;
#1282 = ORIENTED_EDGE ( 'NONE', *, *, #4435, .T. ) ;
#1283 = DIRECTION ( 'NONE',  ( 0.6123724356957940262, -0.5000000000000011102, -0.6123724356957940262 ) ) ;
#1284 = FACE_OUTER_BOUND ( 'NONE', #3348, .T. ) ;
#1285 = EDGE_CURVE ( 'NONE', #1772, #9415, #1843, .T. ) ;
#1286 = LINE ( 'NONE', #1238, #6203 ) ;
#1287 = CARTESIAN_POINT ( 'NONE',  ( 9.098277686803155829E-13, 65.00000000000000000, 74.49999999999998579 ) ) ;
#1289 = CARTESIAN_POINT ( 'NONE',  ( 79.55445993653586356, 59.73714013287251845, -8.432455945594725222 ) ) ;
#1288 = CARTESIAN_POINT ( 'NONE',  ( -53.48262228117943096, 51.13438742613782040, 59.49512087170401742 ) ) ;
#1290 = VERTEX_POINT ( 'NONE', #8123 ) ;
#1291 = VERTEX_POINT ( 'NONE', #650 ) ;
#1292 = CARTESIAN_POINT ( 'NONE',  ( 10.47722557505072594, 65.00000000000000000, -59.07814946534381306 ) ) ;
#1293 = ADVANCED_FACE ( 'NONE', ( #2664 ), #5665, .F. ) ;
#1294 = DIRECTION ( 'NONE',  ( -5.329070518200752183E-15, -0.000000000000000000, -1.000000000000000000 ) ) ;
#1295 = DIRECTION ( 'NONE',  ( -5.329070518200752183E-15, -0.000000000000000000, -1.000000000000000000 ) ) ;
#1296 = EDGE_CURVE ( 'NONE', #8982, #1566, #5764, .T. ) ;
#1297 = CARTESIAN_POINT ( 'NONE',  ( 51.30168993548956990, 63.16698698507524057, 61.38629868160817438 ) ) ;
#1298 = DIRECTION ( 'NONE',  ( -1.632680918566406990E-15, 0.000000000000000000, -1.000000000000000000 ) ) ;
#1299 = CARTESIAN_POINT ( 'NONE',  ( 62.24793819334020384, 59.12075807999291754, -50.25132167018481510 ) ) ;
#1300 = DIRECTION ( 'NONE',  ( -0.7071067811865474617, 0.000000000000000000, 0.7071067811865474617 ) ) ;
#1301 = ORIENTED_EDGE ( 'NONE', *, *, #7340, .F. ) ;
#1302 = VERTEX_POINT ( 'NONE', #5017 ) ;
#1303 = CARTESIAN_POINT ( 'NONE',  ( 63.92857821738370916, 46.99757316906588045, 9.232518122801854688 ) ) ;
#1304 = ORIENTED_EDGE ( 'NONE', *, *, #8362, .T. ) ;
#1305 = EDGE_LOOP ( 'NONE', ( #3588, #9412, #4321 ) ) ;
#1306 = EDGE_CURVE ( 'NONE', #2088, #6004, #4188, .T. ) ;
#1307 = EDGE_CURVE ( 'NONE', #2834, #9629, #4222, .T. ) ;
#1308 = CARTESIAN_POINT ( 'NONE',  ( 0.000000000000000000, 65.00000000000000000, 0.000000000000000000 ) ) ;
#1309 = AXIS2_PLACEMENT_3D ( 'NONE', #9504, #3421, #1842 ) ;
#1310 = CARTESIAN_POINT ( 'NONE',  ( -60.65943617683419120, 49.91278067414284436, 5.733858381164163021 ) ) ;
#1311 = CARTESIAN_POINT ( 'NONE',  ( 0.000000000000000000, 58.00000000000000000, 0.000000000000000000 ) ) ;
#1312 = DIRECTION ( 'NONE',  ( -1.000000000000000000, 0.000000000000000000, 8.826273045769994496E-15 ) ) ;
#1313 = DIRECTION ( 'NONE',  ( 1.221245327087672352E-14, -0.000000000000000000, 1.000000000000000000 ) ) ;
#1314 = ORIENTED_EDGE ( 'NONE', *, *, #3752, .T. ) ;
#1315 = ORIENTED_EDGE ( 'NONE', *, *, #7340, .T. ) ;
#1316 = LINE ( 'NONE', #1467, #7243 ) ;
#1317 = ORIENTED_EDGE ( 'NONE', *, *, #4642, .F. ) ;
#1318 = ORIENTED_EDGE ( 'NONE', *, *, #1385, .T. ) ;
#1319 = VECTOR ( 'NONE', #8719, 1000.000000000000114 ) ;
#1320 = AXIS2_PLACEMENT_3D ( 'NONE', #5768, #4921, #3315 ) ;
#1321 = DIRECTION ( 'NONE',  ( 0.000000000000000000, 0.000000000000000000, 1.000000000000000000 ) ) ;
#1322 = LINE ( 'NONE', #4866, #6371 ) ;
#1323 = DIRECTION ( 'NONE',  ( 0.7071067811865476838, 0.000000000000000000, 0.7071067811865474617 ) ) ;
#1324 = CARTESIAN_POINT ( 'NONE',  ( -5.646478818415044287, 49.98058182672757255, -60.36806642904157627 ) ) ;
#1325 = AXIS2_PLACEMENT_3D ( 'NONE', #389, #5002, #9282 ) ;
#1326 = AXIS2_PLACEMENT_3D ( 'NONE', #2773, #1294, #4979 ) ;
#1327 = VECTOR ( 'NONE', #9346, 1000.000000000000000 ) ;
#1328 = ORIENTED_EDGE ( 'NONE', *, *, #8589, .T. ) ;
#1329 = CARTESIAN_POINT ( 'NONE',  ( -54.98856740050619862, 50.27240876867352881, -58.10813094258159595 ) ) ;
#1330 = ORIENTED_EDGE ( 'NONE', *, *, #1442, .F. ) ;
#1331 = CARTESIAN_POINT ( 'NONE',  ( -48.40145917221872907, 57.86164273325978513, 42.67389424460865399 ) ) ;
#1332 = CARTESIAN_POINT ( 'NONE',  ( 58.65112756039864195, 50.94584574205705252, 4.696156221531658126 ) ) ;
#1333 = CIRCLE ( 'NONE', #6839, 4.000000000000000000 ) ;
#1334 = CARTESIAN_POINT ( 'NONE',  ( 0.000000000000000000, 37.90000000000000568, 0.000000000000000000 ) ) ;
#1335 = VECTOR ( 'NONE', #2365, 1000.000000000000000 ) ;
#1336 = EDGE_CURVE ( 'NONE', #1731, #8894, #54, .T. ) ;
#1338 = LINE ( 'NONE', #7979, #2569 ) ;
#1337 = FACE_OUTER_BOUND ( 'NONE', #5495, .T. ) ;
#1339 = EDGE_LOOP ( 'NONE', ( #3880, #7443, #6932, #4121 ) ) ;
#1340 = AXIS2_PLACEMENT_3D ( 'NONE', #9387, #5704, #4233 ) ;
#1341 = AXIS2_PLACEMENT_3D ( 'NONE', #6909, #36, #1553 ) ;
#1342 = ORIENTED_EDGE ( 'NONE', *, *, #6463, .F. ) ;
#1343 = CARTESIAN_POINT ( 'NONE',  ( -4.050000000000456346, 56.16173140978203548, -64.40000000000001990 ) ) ;
#1344 = CARTESIAN_POINT ( 'NONE',  ( -45.02950970490492466, 30.90000000000000213, 26.38856624071850376 ) ) ;
#1345 = PLANE ( 'NONE',  #2896 ) ;
#1346 = AXIS2_PLACEMENT_3D ( 'NONE', #4520, #7529, #1572 ) ;
#1347 = CARTESIAN_POINT ( 'NONE',  ( 52.38336069342823009, 64.79987353099551228, 60.46519819453189371 ) ) ;
#1348 = DIRECTION ( 'NONE',  ( 0.6123724356957965798, 0.5000000000000004441, 0.6123724356957922499 ) ) ;
#1349 = LINE ( 'NONE', #4443, #2311 ) ;
#1350 = DIRECTION ( 'NONE',  ( 0.8660254037844375974, 0.5000000000000018874, -5.991246546128627547E-15 ) ) ;
#1351 = EDGE_CURVE ( 'NONE', #8252, #8206, #749, .T. ) ;
#1352 = ORIENTED_EDGE ( 'NONE', *, *, #1096, .T. ) ;
#1353 = ORIENTED_EDGE ( 'NONE', *, *, #7260, .F. ) ;
#1354 = CARTESIAN_POINT ( 'NONE',  ( 2.203347541775702023, 50.28582083018025628, -79.97009607488692495 ) ) ;
#1355 = ORIENTED_EDGE ( 'NONE', *, *, #3414, .F. ) ;
#1356 = LINE ( 'NONE', #7367, #5585 ) ;
#1357 = ORIENTED_EDGE ( 'NONE', *, *, #5353, .T. ) ;
#1358 = EDGE_CURVE ( 'NONE', #7678, #1772, #1428, .T. ) ;
#1359 = CARTESIAN_POINT ( 'NONE',  ( 50.90835041669702576, 54.73197904647727086, 61.71211840762017431 ) ) ;
#1360 = EDGE_CURVE ( 'NONE', #1825, #7559, #9095, .T. ) ;
#1361 = CARTESIAN_POINT ( 'NONE',  ( -64.07514027512631571, 45.63234953930300009, 10.69516348938165784 ) ) ;
#1362 = CARTESIAN_POINT ( 'NONE',  ( -79.62417291438575262, 54.98929658410191479, -7.746132394590953929 ) ) ;
#1363 = DIRECTION ( 'NONE',  ( -0.7071067811865475727, -0.000000000000000000, -0.7071067811865475727 ) ) ;
#1364 = LINE ( 'NONE', #586, #7137 ) ;
#1365 = VERTEX_POINT ( 'NONE', #3746 ) ;
#1366 = VERTEX_POINT ( 'NONE', #2318 ) ;
#1367 = DIRECTION ( 'NONE',  ( -1.000000000000000000, 0.000000000000000000, 8.826273045769994496E-15 ) ) ;
#1368 = ORIENTED_EDGE ( 'NONE', *, *, #3986, .F. ) ;
#1369 = VERTEX_POINT ( 'NONE', #106 ) ;
#1370 = CIRCLE ( 'NONE', #3103, 6.099999999999999645 ) ;
#1371 = EDGE_CURVE ( 'NONE', #185, #6327, #1527, .T. ) ;
#1372 = CARTESIAN_POINT ( 'NONE',  ( 79.55430133191697450, 59.72717834070878951, 8.433942512262296631 ) ) ;
#1373 = LINE ( 'NONE', #8210, #7326 ) ;
#1374 = CARTESIAN_POINT ( 'NONE',  ( 64.00132858745583064, 65.00000000000000000, 11.35032770630472854 ) ) ;
#1375 = DIRECTION ( 'NONE',  ( 2.967535009851178835E-15, -0.5000000000000011102, 0.8660254037844380415 ) ) ;
#1376 = CARTESIAN_POINT ( 'NONE',  ( -54.60202915008486002, 50.43308564567246322, -58.47122268980779580 ) ) ;
#1377 = CIRCLE ( 'NONE', #7668, 2.149999999999999023 ) ;
#1378 = ADVANCED_FACE ( 'NONE', ( #7580 ), #836, .F. ) ;
#1379 = ORIENTED_EDGE ( 'NONE', *, *, #4914, .T. ) ;
#1380 = DIRECTION ( 'NONE',  ( 8.826273045769994496E-15, 0.000000000000000000, 1.000000000000000000 ) ) ;
#1381 = CARTESIAN_POINT ( 'NONE',  ( -61.25888734439682537, 63.42585827956058608, -51.45273452319023733 ) ) ;
#1382 = EDGE_CURVE ( 'NONE', #3269, #587, #7435, .T. ) ;
#1383 = PLANE ( 'NONE',  #1483 ) ;
#1384 = AXIS2_PLACEMENT_3D ( 'NONE', #41, #4556, #3033 ) ;
#1385 = EDGE_CURVE ( 'NONE', #6798, #7236, #1377, .T. ) ;
#1387 = DIRECTION ( 'NONE',  ( 0.000000000000000000, 1.000000000000000000, 0.000000000000000000 ) ) ;
#1386 = DIRECTION ( 'NONE',  ( 0.000000000000000000, 0.000000000000000000, 1.000000000000000000 ) ) ;
#1388 = VERTEX_POINT ( 'NONE', #5360 ) ;
#1389 = ORIENTED_EDGE ( 'NONE', *, *, #775, .F. ) ;
#1390 = AXIS2_PLACEMENT_3D ( 'NONE', #1955, #2649, #1074 ) ;
#1391 = CARTESIAN_POINT ( 'NONE',  ( 64.40000000000006253, 56.16173140978204259, 4.049999999999767120 ) ) ;
#1392 = DIRECTION ( 'NONE',  ( -3.384826294588892334E-15, 0.000000000000000000, -1.000000000000000000 ) ) ;
#1393 = VECTOR ( 'NONE', #5865, 1000.000000000000114 ) ;
#1394 = LINE ( 'NONE', #4394, #5876 ) ;
#1395 = DIRECTION ( 'NONE',  ( -0.8660254037844381525, -0.5000000000000008882, 0.000000000000000000 ) ) ;
#1396 = DIRECTION ( 'NONE',  ( 2.967535009851185540E-15, 0.5000000000000008882, 0.8660254037844381525 ) ) ;
#1397 = EDGE_CURVE ( 'NONE', #3712, #8783, #6410, .T. ) ;
#1398 = CARTESIAN_POINT ( 'NONE',  ( 57.91827189172158086, 50.21770779688215924, -55.18648874623413292 ) ) ;
#1399 = CARTESIAN_POINT ( 'NONE',  ( 11.35032770630694188, 45.00000000000000711, 64.00132858745544695 ) ) ;
#1400 = LINE ( 'NONE', #4402, #8911 ) ;
#1401 = ORIENTED_EDGE ( 'NONE', *, *, #2278, .T. ) ;
#1402 = EDGE_CURVE ( 'NONE', #4112, #6182, #8904, .T. ) ;
#1403 = EDGE_LOOP ( 'NONE', ( #3561, #7278, #5880 ) ) ;
#1404 = ADVANCED_FACE ( 'NONE', ( #9 ), #5138, .T. ) ;
#1405 = CARTESIAN_POINT ( 'NONE',  ( 7.524155313998010600E-23, 49.99999999999998579, -80.00000000000000000 ) ) ;
#1406 = EDGE_LOOP ( 'NONE', ( #2842, #4643, #186, #2508 ) ) ;
#1407 = DIRECTION ( 'NONE',  ( 0.000000000000000000, 1.000000000000000000, 0.000000000000000000 ) ) ;
#1408 = ORIENTED_EDGE ( 'NONE', *, *, #2803, .F. ) ;
#1409 = CARTESIAN_POINT ( 'NONE',  ( 56.17244353663679846, 50.00026431108518210, 56.96460173778108071 ) ) ;
#1410 = PLANE ( 'NONE',  #6305 ) ;
#1411 = LINE ( 'NONE', #7322, #8738 ) ;
#1412 = CARTESIAN_POINT ( 'NONE',  ( -79.54715582596269030, 57.93795804267960392, 8.500000000000703437 ) ) ;
#1413 = CARTESIAN_POINT ( 'NONE',  ( 45.53767670841367732, 58.49999999999999289, 45.53767670841364890 ) ) ;
#1414 = DIRECTION ( 'NONE',  ( 0.7071067811865500152, 0.000000000000000000, 0.7071067811865451302 ) ) ;
#1415 = CIRCLE ( 'NONE', #7699, 4.099999999999999645 ) ;
#1416 = ORIENTED_EDGE ( 'NONE', *, *, #3742, .T. ) ;
#1417 = EDGE_CURVE ( 'NONE', #6345, #7559, #9548, .T. ) ;
#1418 = EDGE_LOOP ( 'NONE', ( #7931, #7256, #2625 ) ) ;
#1419 = CARTESIAN_POINT ( 'NONE',  ( -27.74454884646939945, 14.70000000000000462, -63.38126610706812158 ) ) ;
#1420 = ORIENTED_EDGE ( 'NONE', *, *, #4324, .F. ) ;
#1421 = ORIENTED_EDGE ( 'NONE', *, *, #4552, .F. ) ;
#1422 = AXIS2_PLACEMENT_3D ( 'NONE', #1664, #2991, #4659 ) ;
#1423 = VECTOR ( 'NONE', #3928, 1000.000000000000000 ) ;
#1424 = FACE_OUTER_BOUND ( 'NONE', #6570, .T. ) ;
#1425 = CARTESIAN_POINT ( 'NONE',  ( -79.54715582596264767, 59.12239097622108375, 8.500000000000699885 ) ) ;
#1426 = CARTESIAN_POINT ( 'NONE',  ( 0.1159854610436744649, 53.89042705671922562, 57.40000000000004832 ) ) ;
#1427 = CARTESIAN_POINT ( 'NONE',  ( 57.40000000000004121, 61.67648823033606931, -2.598160995413671959 ) ) ;
#1428 = LINE ( 'NONE', #6105, #8919 ) ;
#1429 = ORIENTED_EDGE ( 'NONE', *, *, #1442, .T. ) ;
#1430 = CARTESIAN_POINT ( 'NONE',  ( 60.77777777777778567, 49.93913572686506797, -1.912140660619607857 ) ) ;
#1431 = CARTESIAN_POINT ( 'NONE',  ( -10.47722557505256269, 65.00000000000000000, -64.07814946534348621 ) ) ;
#1432 = PRODUCT_DEFINITION_SHAPE ( 'NONE', 'NONE',  #2963 ) ;
#1433 = PLANE ( 'NONE',  #6820 ) ;
#1434 = B_SPLINE_CURVE_WITH_KNOTS ( 'NONE', 3,
 ( #3264, #7691, #949, #3859 ),
 .UNSPECIFIED., .F., .F.,
 ( 4, 4 ),
 ( 0.000000000000000000, 0.0003116544788811084006 ),
 .UNSPECIFIED. ) ;
#1435 = DIRECTION ( 'NONE',  ( 0.000000000000000000, 1.000000000000000000, 0.000000000000000000 ) ) ;
#1436 = EDGE_CURVE ( 'NONE', #7880, #8278, #5553, .T. ) ;
#1437 = EDGE_CURVE ( 'NONE', #5045, #5112, #1078, .T. ) ;
#1439 = DIRECTION ( 'NONE',  ( 1.015447888376667621E-14, 0.000000000000000000, 1.000000000000000000 ) ) ;
#1438 = CARTESIAN_POINT ( 'NONE',  ( 45.53767670841349968, 58.49999999999995737, -45.53767670841381943 ) ) ;
#1440 = ORIENTED_EDGE ( 'NONE', *, *, #7484, .T. ) ;
#1441 = EDGE_LOOP ( 'NONE', ( #3496, #9039, #5798 ) ) ;
#1442 = EDGE_CURVE ( 'NONE', #7964, #7945, #9384, .T. ) ;
#1443 = LINE ( 'NONE', #9502, #9094 ) ;
#1444 = CARTESIAN_POINT ( 'NONE',  ( 64.40000000000000568, 58.49999999999999289, -1.180056052874078735E-13 ) ) ;
#1445 = PLANE ( 'NONE',  #4616 ) ;
#1446 = CARTESIAN_POINT ( 'NONE',  ( -57.97417940705528849, 51.79485952321040543, -3.857487432956709483 ) ) ;
#1447 = DIRECTION ( 'NONE',  ( -0.000000000000000000, 1.000000000000000000, -0.000000000000000000 ) ) ;
#1448 = CARTESIAN_POINT ( 'NONE',  ( 51.58905212264410522, 53.31321187476279988, -61.14462724138223848 ) ) ;
#1449 = CARTESIAN_POINT ( 'NONE',  ( -28.37734619600018249, 30.90000000000000213, -11.67002566352176984 ) ) ;
#1450 = CARTESIAN_POINT ( 'NONE',  ( -59.40766745562429918, 50.37391051130657615, 5.259671429477651650 ) ) ;
#1451 = ORIENTED_EDGE ( 'NONE', *, *, #8223, .F. ) ;
#1452 = ORIENTED_EDGE ( 'NONE', *, *, #3106, .F. ) ;
#1453 = CARTESIAN_POINT ( 'NONE',  ( 4.050000000000905764, 56.16173140978203548, 64.40000000000000568 ) ) ;
#1454 = ORIENTED_EDGE ( 'NONE', *, *, #4704, .F. ) ;
#1455 = DIRECTION ( 'NONE',  ( -0.000000000000000000, 1.000000000000000000, -0.000000000000000000 ) ) ;
#1456 = ORIENTED_EDGE ( 'NONE', *, *, #7200, .F. ) ;
#1457 = CARTESIAN_POINT ( 'NONE',  ( 4.177332116314199872, 1.500000000000001332, -35.00000000000000000 ) ) ;
#1458 = EDGE_CURVE ( 'NONE', #9564, #1015, #5456, .T. ) ;
#1459 = EDGE_CURVE ( 'NONE', #6922, #8928, #5580, .T. ) ;
#1460 = B_SPLINE_CURVE_WITH_KNOTS ( 'NONE', 3,
 ( #6762, #3118, #3021, #5331, #31, #8190, #5237, #6077, #6120, #9713, #8237, #8926, #2973, #3722, #8285, #4445, #1450, #4544, #6022, #7555 ),
 .UNSPECIFIED., .F., .F.,
 ( 4, 2, 2, 2, 2, 2, 2, 2, 2, 4 ),
 ( -1.264918306707419377E-05, 0.0003968313210624458852, 0.0008063118251919659590, 0.001625272833450990386, 0.002444233841710014704, 0.003263194849969039239, 0.004082155858228063774, 0.004901116866487088310, 0.005720077874746112845, 0.006539038883005137380 ),
 .UNSPECIFIED. ) ;
#1461 = DIRECTION ( 'NONE',  ( 0.000000000000000000, 0.000000000000000000, 1.000000000000000000 ) ) ;
#1462 = CARTESIAN_POINT ( 'NONE',  ( -79.88732830655591499, 51.13438742613782750, 4.251478525234351658 ) ) ;
#1463 = DIRECTION ( 'NONE',  ( -5.329070518200751394E-15, 0.000000000000000000, -1.000000000000000000 ) ) ;
#1464 = DIRECTION ( 'NONE',  ( 0.000000000000000000, 1.000000000000000000, 0.000000000000000000 ) ) ;
#1465 = ORIENTED_EDGE ( 'NONE', *, *, #1583, .F. ) ;
#1466 = EDGE_LOOP ( 'NONE', ( #247, #3298, #1065, #1568 ) ) ;
#1467 = CARTESIAN_POINT ( 'NONE',  ( -4.049999999999092104, 56.16173140978204259, 64.40000000000010516 ) ) ;
#1468 = ORIENTED_EDGE ( 'NONE', *, *, #5078, .F. ) ;
#1469 = VERTEX_POINT ( 'NONE', #4811 ) ;
#1470 = VECTOR ( 'NONE', #2576, 1000.000000000000114 ) ;
#1471 = CARTESIAN_POINT ( 'NONE',  ( -57.40000000000004832, 53.86810544861018002, -0.07732330169115897434 ) ) ;
#1472 = CARTESIAN_POINT ( 'NONE',  ( -79.64064284177398179, 62.36770782024267135, 7.575285442453900231 ) ) ;
#1473 = CARTESIAN_POINT ( 'NONE',  ( -42.67389424460814951, 59.13835726674011539, -48.40145917221916960 ) ) ;
#1474 = CARTESIAN_POINT ( 'NONE',  ( 57.40000000000002700, 53.87717080524031843, -3.916439916196614135 ) ) ;
#1475 = AXIS2_PLACEMENT_3D ( 'NONE', #8861, #5022, #1479 ) ;
#1476 = ORIENTED_EDGE ( 'NONE', *, *, #5485, .F. ) ;
#1477 = CARTESIAN_POINT ( 'NONE',  ( -49.78031739553237145, 58.49999999999995737, 55.57859300126317237 ) ) ;
#1478 = SURFACE_SIDE_STYLE ('',( #6846 ) ) ;
#1479 = DIRECTION ( 'NONE',  ( 0.000000000000000000, -0.000000000000000000, 1.000000000000000000 ) ) ;
#1480 = AXIS2_PLACEMENT_3D ( 'NONE', #8390, #1562, #183 ) ;
#1481 = AXIS2_PLACEMENT_3D ( 'NONE', #7760, #7077, #6189 ) ;
#1482 = DIRECTION ( 'NONE',  ( -0.7071067811865474617, -0.000000000000000000, -0.7071067811865474617 ) ) ;
#1483 = AXIS2_PLACEMENT_3D ( 'NONE', #654, #3007, #8908 ) ;
#1485 = FACE_BOUND ( 'NONE', #658, .T. ) ;
#1484 = DIRECTION ( 'NONE',  ( -0.7071067811865475727, 0.000000000000000000, -0.7071067811865475727 ) ) ;
#1486 = ORIENTED_EDGE ( 'NONE', *, *, #1884, .F. ) ;
#1487 = VERTEX_POINT ( 'NONE', #8454 ) ;
#1488 = AXIS2_PLACEMENT_3D ( 'NONE', #647, #5263, #7386 ) ;
#1489 = AXIS2_PLACEMENT_3D ( 'NONE', #1560, #8297, #4555 ) ;
#1490 = AXIS2_PLACEMENT_3D ( 'NONE', #3104, #9142, #6059 ) ;
#1491 = CARTESIAN_POINT ( 'NONE',  ( 9.797174393178826052E-15, 0.000000000000000000, 80.00000000000000000 ) ) ;
#1492 = CARTESIAN_POINT ( 'NONE',  ( 64.40000000000003411, 56.16173140978203548, -4.050000000000231637 ) ) ;
#1493 = CARTESIAN_POINT ( 'NONE',  ( 61.40000000000004832, 65.00000000000000000, 1.781881413102887723 ) ) ;
#1494 = AXIS2_PLACEMENT_3D ( 'NONE', #7450, #715, #7407 ) ;
#1495 = PLANE ( 'NONE',  #2804 ) ;
#1496 = CIRCLE ( 'NONE', #8246, 4.099999999999999645 ) ;
#1497 = CARTESIAN_POINT ( 'NONE',  ( 50.45155534673404674, 56.29036654144683638, -62.08584855600741292 ) ) ;
#1498 = LINE ( 'NONE', #2086, #4138 ) ;
#1499 = DIRECTION ( 'NONE',  ( -0.000000000000000000, 1.000000000000000000, -0.000000000000000000 ) ) ;
#1500 = EDGE_CURVE ( 'NONE', #3284, #2107, #1723, .T. ) ;
#1501 = ORIENTED_EDGE ( 'NONE', *, *, #7867, .F. ) ;
#1502 = ORIENTED_EDGE ( 'NONE', *, *, #6808, .F. ) ;
#1503 = CARTESIAN_POINT ( 'NONE',  ( -7.529663527230836984, 1.500000000000001332, 6.655330888320962757 ) ) ;
#1504 = ORIENTED_EDGE ( 'NONE', *, *, #5807, .T. ) ;
#1505 = DIRECTION ( 'NONE',  ( 0.000000000000000000, 1.000000000000000000, 0.000000000000000000 ) ) ;
#1506 = CIRCLE ( 'NONE', #4488, 9.999999999999994671 ) ;
#1507 = CARTESIAN_POINT ( 'NONE',  ( 61.54185626822800259, 54.23470254946945346, 51.11453478670461692 ) ) ;
#1508 = FACE_OUTER_BOUND ( 'NONE', #5564, .T. ) ;
#1509 = CARTESIAN_POINT ( 'NONE',  ( -79.99997849107164427, 50.00020243698605071, 0.5579292939217926905 ) ) ;
#1510 = DIRECTION ( 'NONE',  ( 0.000000000000000000, 1.000000000000000000, 0.000000000000000000 ) ) ;
#1511 = CYLINDRICAL_SURFACE ( 'NONE', #4772, 4.099999999999999645 ) ;
#1512 = AXIS2_PLACEMENT_3D ( 'NONE', #87, #8439, #3083 ) ;
#1513 = ORIENTED_EDGE ( 'NONE', *, *, #4285, .T. ) ;
#1514 = ORIENTED_EDGE ( 'NONE', *, *, #9321, .T. ) ;
#1515 = ORIENTED_EDGE ( 'NONE', *, *, #358, .F. ) ;
#1516 = LINE ( 'NONE', #784, #5498 ) ;
#1517 = ORIENTED_EDGE ( 'NONE', *, *, #7714, .T. ) ;
#1518 = PRODUCT_DEFINITION_CONTEXT ( 'detailed design', #2029, 'design' ) ;
#1519 = ORIENTED_EDGE ( 'NONE', *, *, #1096, .F. ) ;
#1520 = EDGE_CURVE ( 'NONE', #4332, #4158, #6979, .T. ) ;
#1521 = VECTOR ( 'NONE', #9065, 1000.000000000000000 ) ;
#1522 = DIRECTION ( 'NONE',  ( -1.000000000000000000, 0.000000000000000000, 8.826273045769994496E-15 ) ) ;
#1523 = DIRECTION ( 'NONE',  ( 0.000000000000000000, -1.000000000000000000, 0.000000000000000000 ) ) ;
#1524 = FACE_OUTER_BOUND ( 'NONE', #580, .T. ) ;
#1525 = CARTESIAN_POINT ( 'NONE',  ( -58.68986283848344954, 58.49999999999999289, -46.66904755831212981 ) ) ;
#1526 = EDGE_CURVE ( 'NONE', #1967, #7426, #3145, .T. ) ;
#1527 = LINE ( 'NONE', #8952, #7356 ) ;
#1528 = EDGE_LOOP ( 'NONE', ( #2946, #2815, #8366, #8268, #173, #4479 ) ) ;
#1529 = APPLICATION_CONTEXT ( 'automotive_design' ) ;
#1530 = EDGE_LOOP ( 'NONE', ( #1012, #609 ) ) ;
#1531 = LINE ( 'NONE', #4429, #4318 ) ;
#1532 = ADVANCED_FACE ( 'NONE', ( #345 ), #1771, .F. ) ;
#1533 = CARTESIAN_POINT ( 'NONE',  ( 7.968885967768457590E-13, 63.17653718043602140, 57.40000000000004832 ) ) ;
#1534 = CARTESIAN_POINT ( 'NONE',  ( -55.57859300126212077, 58.49999999999995737, 49.78031739553355095 ) ) ;
#1535 = CARTESIAN_POINT ( 'NONE',  ( 44.86592526628644606, 65.00000000000000000, 39.13836033867539754 ) ) ;
#1536 = EDGE_CURVE ( 'NONE', #7559, #985, #6930, .T. ) ;
#1537 = AXIS2_PLACEMENT_3D ( 'NONE', #4971, #7291, #4238 ) ;
#1538 = CARTESIAN_POINT ( 'NONE',  ( -66.98126610706783879, 0.000000000000000000, 27.74454884647009933 ) ) ;
#1539 = VERTEX_POINT ( 'NONE', #195 ) ;
#1540 = EDGE_LOOP ( 'NONE', ( #4109, #1898 ) ) ;
#1541 = ADVANCED_FACE ( 'NONE', ( #3193 ), #3888, .F. ) ;
#1542 = DIRECTION ( 'NONE',  ( 0.000000000000000000, 1.000000000000000000, 0.000000000000000000 ) ) ;
#1543 = DIRECTION ( 'NONE',  ( -0.8660254037844380415, -0.5000000000000011102, 1.203866961868354232E-14 ) ) ;
#1544 = CARTESIAN_POINT ( 'NONE',  ( -63.39528395696482477, 48.15354100610429811, -7.938663708803349373 ) ) ;
#1545 = CARTESIAN_POINT ( 'NONE',  ( 61.71211840761999667, 54.73197904647723533, -50.90835041669721761 ) ) ;
#1546 = CARTESIAN_POINT ( 'NONE',  ( 0.000000000000000000, 65.00000000000000000, 0.000000000000000000 ) ) ;
#1547 = AXIS2_PLACEMENT_3D ( 'NONE', #1573, #4521, #6927 ) ;
#1548 = DIRECTION ( 'NONE',  ( -0.000000000000000000, -1.000000000000000000, -0.000000000000000000 ) ) ;
#1549 = ORIENTED_EDGE ( 'NONE', *, *, #7817, .F. ) ;
#1550 = EDGE_LOOP ( 'NONE', ( #536, #4065, #1903 ) ) ;
#1551 = CARTESIAN_POINT ( 'NONE',  ( -42.63853890554830883, 58.49999999999995737, 48.43681451127896054 ) ) ;
#1552 = DIRECTION ( 'NONE',  ( 1.000000000000000000, 0.000000000000000000, -1.142876642996484952E-14 ) ) ;
#1553 = DIRECTION ( 'NONE',  ( -0.7071067811865474617, 0.000000000000000000, 0.7071067811865474617 ) ) ;
#1554 = EDGE_CURVE ( 'NONE', #562, #6328, #5941, .T. ) ;
#1555 = CARTESIAN_POINT ( 'NONE',  ( 51.11036669144228739, 54.24371453776272745, 61.54532291857752568 ) ) ;
#1556 = B_SPLINE_CURVE_WITH_KNOTS ( 'NONE', 3,
 ( #4638, #3164, #6314, #4050, #7050, #314, #3318, #1048, #6464, #9407, #4980, #513, #4102, #5630, #421, #7105, #1248, #369, #4293, #4250 ),
 .UNSPECIFIED., .F., .F.,
 ( 4, 2, 2, 2, 2, 2, 2, 2, 2, 4 ),
 ( -1.264918306707289104E-05, 0.0003968313210624406810, 0.0008063118251919542496, 0.001625272833450981929, 0.002444233841710009934, 0.003263194849969037938, 0.004082155858228067244, 0.004901116866487096116, 0.005720077874746124121, 0.006539038883005152993 ),
 .UNSPECIFIED. ) ;
#1557 = LINE ( 'NONE', #7564, #6756 ) ;
#1558 = VECTOR ( 'NONE', #5969, 1000.000000000000114 ) ;
#1559 = CYLINDRICAL_SURFACE ( 'NONE', #1512, 11.09999999999999964 ) ;
#1560 = CARTESIAN_POINT ( 'NONE',  ( -74.49999999999998579, 58.49999999999999289, 6.592226764468023248E-13 ) ) ;
#1561 = CARTESIAN_POINT ( 'NONE',  ( -11.67002566352183379, 65.00000000000000000, 28.37734619600018604 ) ) ;
#1562 = DIRECTION ( 'NONE',  ( 0.000000000000000000, 1.000000000000000000, 0.000000000000000000 ) ) ;
#1563 = ORIENTED_EDGE ( 'NONE', *, *, #1214, .T. ) ;
#1564 = EDGE_CURVE ( 'NONE', #3418, #1365, #4988, .T. ) ;
#1565 = VERTEX_POINT ( 'NONE', #3400 ) ;
#1566 = VERTEX_POINT ( 'NONE', #6392 ) ;
#1567 = DIRECTION ( 'NONE',  ( -1.000000000000000000, 0.000000000000000000, 6.769652589177784668E-15 ) ) ;
#1568 = ORIENTED_EDGE ( 'NONE', *, *, #5353, .F. ) ;
#1569 = ORIENTED_EDGE ( 'NONE', *, *, #8507, .F. ) ;
#1570 = EDGE_CURVE ( 'NONE', #2932, #7313, #3492, .T. ) ;
#1571 = DIRECTION ( 'NONE',  ( 0.7071067811865474617, 0.000000000000000000, -0.7071067811865474617 ) ) ;
#1572 = DIRECTION ( 'NONE',  ( 0.000000000000000000, 0.000000000000000000, -1.000000000000000000 ) ) ;
#1573 = CARTESIAN_POINT ( 'NONE',  ( 9.181544413650044589E-13, 58.49999999999999289, 74.49999999999998579 ) ) ;
#1574 = DIRECTION ( 'NONE',  ( 0.000000000000000000, -1.000000000000000000, -0.000000000000000000 ) ) ;
#1575 = CARTESIAN_POINT ( 'NONE',  ( -64.40000000000006253, 56.16173140978204259, -4.049999999999767120 ) ) ;
#1576 = VECTOR ( 'NONE', #5111, 1000.000000000000000 ) ;
#1577 = ORIENTED_EDGE ( 'NONE', *, *, #7246, .T. ) ;
#1578 = ORIENTED_EDGE ( 'NONE', *, *, #6771, .T. ) ;
#1579 = DIRECTION ( 'NONE',  ( -2.967535009851174102E-15, 0.5000000000000018874, -0.8660254037844375974 ) ) ;
#1580 = AXIS2_PLACEMENT_3D ( 'NONE', #6937, #1728, #4719 ) ;
#1581 = DIRECTION ( 'NONE',  ( -0.3826834323650794012, 0.000000000000000000, 0.9238795325112910684 ) ) ;
#1582 = EDGE_CURVE ( 'NONE', #4004, #708, #6484, .T. ) ;
#1583 = EDGE_CURVE ( 'NONE', #8783, #297, #1857, .T. ) ;
#1584 = CARTESIAN_POINT ( 'NONE',  ( 35.00000000000000000, 30.90000000000000213, 4.177332116314168786 ) ) ;
#1585 = CIRCLE ( 'NONE', #8018, 4.000000000000000000 ) ;
#1586 = ADVANCED_FACE ( 'NONE', ( #7907 ), #8693, .F. ) ;
#1587 = VECTOR ( 'NONE', #6736, 1000.000000000000000 ) ;
#1588 = EDGE_CURVE ( 'NONE', #5457, #1539, #9228, .T. ) ;
#1589 = LINE ( 'NONE', #8220, #9028 ) ;
#1590 = ORIENTED_EDGE ( 'NONE', *, *, #9579, .F. ) ;
#1591 = ADVANCED_FACE ( 'NONE', ( #9379 ), #4123, .F. ) ;
#1592 = ORIENTED_EDGE ( 'NONE', *, *, #8075, .F. ) ;
#1593 = CARTESIAN_POINT ( 'NONE',  ( -3.470779219583164175E-13, 58.49999999999999289, -64.40000000000000568 ) ) ;
#1594 = CARTESIAN_POINT ( 'NONE',  ( -60.77778074932915331, 49.93913632543437586, 1.938576124413325052 ) ) ;
#1595 = CYLINDRICAL_SURFACE ( 'NONE', #133, 10.00000000000000178 ) ;
#1596 = CARTESIAN_POINT ( 'NONE',  ( -46.57865554603847613, 54.67341848130280368, -44.49669787078884298 ) ) ;
#1597 = DIRECTION ( 'NONE',  ( 2.967535009851185540E-15, 0.5000000000000008882, 0.8660254037844381525 ) ) ;
#1598 = DIRECTION ( 'NONE',  ( 0.7071067811865450192, 0.000000000000000000, -0.7071067811865500152 ) ) ;
#1599 = ORIENTED_EDGE ( 'NONE', *, *, #1536, .T. ) ;
#1600 = ORIENTED_EDGE ( 'NONE', *, *, #7828, .T. ) ;
#1601 = CARTESIAN_POINT ( 'NONE',  ( 61.04346596506923106, 65.00000000000000000, -22.33148591051285692 ) ) ;
#1602 = PLANE ( 'NONE',  #6210 ) ;
#1603 = CARTESIAN_POINT ( 'NONE',  ( 60.65943617683424094, 49.91278067414284436, -5.733858381163742024 ) ) ;
#1604 = CARTESIAN_POINT ( 'NONE',  ( 50.23792566855559727, 58.80956990253740457, 62.25874094872690279 ) ) ;
#1605 = DIRECTION ( 'NONE',  ( -5.329070518200751394E-15, 0.000000000000000000, -1.000000000000000000 ) ) ;
#1606 = AXIS2_PLACEMENT_3D ( 'NONE', #6224, #9210, #4732 ) ;
#1607 = CARTESIAN_POINT ( 'NONE',  ( -5.646478818415044287, 49.98058182672757255, -60.36806642904157627 ) ) ;
#1608 = LINE ( 'NONE', #9217, #7926 ) ;
#1609 = CARTESIAN_POINT ( 'NONE',  ( 11.20708770139656174, 45.13976797639679006, -64.02673151318006717 ) ) ;
#1610 = ORIENTED_EDGE ( 'NONE', *, *, #787, .F. ) ;
#1611 = ORIENTED_EDGE ( 'NONE', *, *, #2905, .T. ) ;
#1612 = VERTEX_POINT ( 'NONE', #7181 ) ;
#1613 = CARTESIAN_POINT ( 'NONE',  ( -79.69897381088472343, 63.42299537165166612, -6.936052647462183529 ) ) ;
#1614 = EDGE_LOOP ( 'NONE', ( #2656, #1696, #6236, #2057 ) ) ;
#1615 = ORIENTED_EDGE ( 'NONE', *, *, #540, .T. ) ;
#1616 = ADVANCED_FACE ( 'NONE', ( #442 ), #3444, .F. ) ;
#1617 = EDGE_CURVE ( 'NONE', #5068, #8473, #4185, .T. ) ;
#1618 = DIRECTION ( 'NONE',  ( -0.7071067811865474617, 0.000000000000000000, 0.7071067811865475727 ) ) ;
#1619 = CARTESIAN_POINT ( 'NONE',  ( 52.67945519839779678, 58.49999999999999289, 52.67945519839777546 ) ) ;
#1620 = CARTESIAN_POINT ( 'NONE',  ( 25.00000000000000000, 1.500000000000001332, -4.177332116314244281 ) ) ;
#1621 = CARTESIAN_POINT ( 'NONE',  ( 79.74406809189490275, 52.88547448879045021, 6.406401586000311177 ) ) ;
#1622 = CARTESIAN_POINT ( 'NONE',  ( -4.256461244434493807, 51.13723439331722176, -79.88706499818732709 ) ) ;
#1623 = ORIENTED_EDGE ( 'NONE', *, *, #5862, .F. ) ;
#1624 = VERTEX_POINT ( 'NONE', #452 ) ;
#1625 = CARTESIAN_POINT ( 'NONE',  ( -57.40000000000010516, 50.00000000000000000, -5.477225575050124640 ) ) ;
#1626 = PLANE ( 'NONE',  #7303 ) ;
#1627 = AXIS2_PLACEMENT_3D ( 'NONE', #4784, #365, #5480 ) ;
#1628 = FACE_OUTER_BOUND ( 'NONE', #5685, .T. ) ;
#1629 = VECTOR ( 'NONE', #1094, 1000.000000000000000 ) ;
#1630 = AXIS2_PLACEMENT_3D ( 'NONE', #2729, #7944, #5589 ) ;
#1631 = VERTEX_POINT ( 'NONE', #4234 ) ;
#1632 = ORIENTED_EDGE ( 'NONE', *, *, #8327, .T. ) ;
#1633 = CARTESIAN_POINT ( 'NONE',  ( 4.049999999999586819, 56.16173140978204259, -58.10521046563298597 ) ) ;
#1634 = AXIS2_PLACEMENT_3D ( 'NONE', #8619, #4094, #1984 ) ;
#1635 = VECTOR ( 'NONE', #9406, 1000.000000000000114 ) ;
#1636 = EDGE_CURVE ( 'NONE', #6207, #2817, #1876, .T. ) ;
#1637 = CARTESIAN_POINT ( 'NONE',  ( 48.40145917221918381, 59.13835726674021487, 42.67389424460813530 ) ) ;
#1638 = AXIS2_PLACEMENT_3D ( 'NONE', #9357, #5582, #4834 ) ;
#1639 = CARTESIAN_POINT ( 'NONE',  ( 62.22423251960526613, 57.38878418937093073, -50.28077855631119064 ) ) ;
#1640 = CARTESIAN_POINT ( 'NONE',  ( 64.40000000000003411, 56.16173140978203548, -4.050000000000231637 ) ) ;
#1641 = CIRCLE ( 'NONE', #8703, 4.099999999999999645 ) ;
#1642 = VECTOR ( 'NONE', #6144, 1000.000000000000000 ) ;
#1643 = AXIS2_PLACEMENT_3D ( 'NONE', #9250, #1783, #3360 ) ;
#1644 = DIRECTION ( 'NONE',  ( -0.8660254037844381525, 0.5000000000000008882, 0.000000000000000000 ) ) ;
#1645 = ORIENTED_EDGE ( 'NONE', *, *, #448, .F. ) ;
#1646 = ORIENTED_EDGE ( 'NONE', *, *, #9213, .F. ) ;
#1647 = DIRECTION ( 'NONE',  ( -0.7071067811865401342, 0.000000000000000000, 0.7071067811865549002 ) ) ;
#1648 = DIRECTION ( 'NONE',  ( 6.918095612377566956E-15, -1.685161507135332739E-29, 1.000000000000000000 ) ) ;
#1649 = CARTESIAN_POINT ( 'NONE',  ( 42.67389424460814951, 59.13835726674010118, 48.40145917221916960 ) ) ;
#1650 = CARTESIAN_POINT ( 'NONE',  ( 50.23792566855560437, 58.49999999999999289, 62.25874094872689568 ) ) ;
#1651 = VECTOR ( 'NONE', #8064, 1000.000000000000000 ) ;
#1652 = AXIS2_PLACEMENT_3D ( 'NONE', #6169, #8435, #1552 ) ;
#1653 = DIRECTION ( 'NONE',  ( 1.000000000000000000, 0.000000000000000000, -1.047444401652940007E-14 ) ) ;
#1654 = CARTESIAN_POINT ( 'NONE',  ( 51.71217635573565019, 53.82346281956403544, 51.71217635573565019 ) ) ;
#1655 = DIRECTION ( 'NONE',  ( 3.491481338843133355E-15, -0.000000000000000000, 1.000000000000000000 ) ) ;
#1656 = ADVANCED_FACE ( 'NONE', ( #1972 ), #3407, .F. ) ;
#1657 = DIRECTION ( 'NONE',  ( -0.000000000000000000, 1.000000000000000000, -0.000000000000000000 ) ) ;
#1658 = ORIENTED_EDGE ( 'NONE', *, *, #6447, .F. ) ;
#1659 = VERTEX_POINT ( 'NONE', #2019 ) ;
#1660 = VECTOR ( 'NONE', #3914, 1000.000000000000000 ) ;
#1661 = ORIENTED_EDGE ( 'NONE', *, *, #1276, .T. ) ;
#1662 = EDGE_CURVE ( 'NONE', #4848, #3236, #2616, .T. ) ;
#1663 = AXIS2_PLACEMENT_3D ( 'NONE', #1444, #5032, #1392 ) ;
#1664 = CARTESIAN_POINT ( 'NONE',  ( 0.000000000000000000, 65.00000000000000000, 0.000000000000000000 ) ) ;
#1665 = VERTEX_POINT ( 'NONE', #4966 ) ;
#1666 = VERTEX_POINT ( 'NONE', #7825 ) ;
#1667 = EDGE_CURVE ( 'NONE', #4467, #1757, #8342, .T. ) ;
#1668 = AXIS2_PLACEMENT_3D ( 'NONE', #3045, #9046, #5261 ) ;
#1669 = FACE_OUTER_BOUND ( 'NONE', #9364, .T. ) ;
#1670 = LINE ( 'NONE', #5548, #2922 ) ;
#1671 = LINE ( 'NONE', #1816, #8399 ) ;
#1672 = CARTESIAN_POINT ( 'NONE',  ( -48.80647185219039130, 65.00000000000000000, -56.55243854460518804 ) ) ;
#1673 = DIRECTION ( 'NONE',  ( 1.015447888376667621E-14, 0.000000000000000000, 1.000000000000000000 ) ) ;
#1674 = CARTESIAN_POINT ( 'NONE',  ( -4.049999999999092104, 56.16173140978204259, 64.40000000000010516 ) ) ;
#1675 = VERTEX_POINT ( 'NONE', #6402 ) ;
#1676 = ORIENTED_EDGE ( 'NONE', *, *, #2262, .T. ) ;
#1677 = VECTOR ( 'NONE', #8050, 999.9999999999998863 ) ;
#1678 = CARTESIAN_POINT ( 'NONE',  ( 57.40000000000004832, 53.88723853897875671, -1.578777688379113586 ) ) ;
#1679 =( NAMED_UNIT ( * ) PLANE_ANGLE_UNIT ( ) SI_UNIT ( $, .RADIAN. ) );
#1680 = EDGE_CURVE ( 'NONE', #2892, #3256, #363, .T. ) ;
#1681 = FACE_OUTER_BOUND ( 'NONE', #3997, .T. ) ;
#1682 = B_SPLINE_CURVE_WITH_KNOTS ( 'NONE', 3,
 ( #4932, #7844, #2629, #8626, #7937, #1201, #1105, #8726, #1892, #1990, #4884, #1145 ),
 .UNSPECIFIED., .F., .F.,
 ( 4, 2, 2, 2, 2, 4 ),
 ( 0.02659362627030693524, 0.02843711113902628110, 0.03028059600774562696, 0.03120233844210529642, 0.03212408087646496935, 0.03396756574518428051 ),
 .UNSPECIFIED. ) ;
#1683 = CARTESIAN_POINT ( 'NONE',  ( 45.02950970490493177, 30.90000000000000213, 26.38856624071847534 ) ) ;
#1684 = VERTEX_POINT ( 'NONE', #8017 ) ;
#1685 = EDGE_CURVE ( 'NONE', #7667, #610, #4912, .T. ) ;
#1686 = ORIENTED_EDGE ( 'NONE', *, *, #3628, .T. ) ;
#1687 = CARTESIAN_POINT ( 'NONE',  ( 58.68986283848327901, 58.49999999999999289, -46.66904755831234297 ) ) ;
#1688 = DIRECTION ( 'NONE',  ( -3.426614273534433601E-15, 0.000000000000000000, -1.000000000000000000 ) ) ;
#1689 = AXIS2_PLACEMENT_3D ( 'NONE', #5599, #3290, #6288 ) ;
#1690 = ADVANCED_FACE ( 'NONE', ( #2559 ), #496, .F. ) ;
#1691 = CARTESIAN_POINT ( 'NONE',  ( -1.477225575050725270, 53.88762817667945626, 57.40000000000004832 ) ) ;
#1692 = CARTESIAN_POINT ( 'NONE',  ( -1.781881413103104661, 54.85223253308358693, 57.40000000000007674 ) ) ;
#1693 = ORIENTED_EDGE ( 'NONE', *, *, #9273, .F. ) ;
#1694 = CARTESIAN_POINT ( 'NONE',  ( -62.25874094872690279, 57.93795804267961103, -50.23792566855559727 ) ) ;
#1695 = ORIENTED_EDGE ( 'NONE', *, *, #3774, .F. ) ;
#1696 = ORIENTED_EDGE ( 'NONE', *, *, #1942, .F. ) ;
#1697 = VECTOR ( 'NONE', #7232, 1000.000000000000000 ) ;
#1698 = DIRECTION ( 'NONE',  ( -6.938893903907231336E-16, 0.000000000000000000, 1.000000000000000000 ) ) ;
#1699 = CARTESIAN_POINT ( 'NONE',  ( 48.84839389193012948, 56.16173140978202127, 54.57595881954116379 ) ) ;
#1700 = CARTESIAN_POINT ( 'NONE',  ( -60.46525566738614543, 49.95417342428426366, 5.672430509436820145 ) ) ;
#1701 = CARTESIAN_POINT ( 'NONE',  ( 50.51052474475702070, 60.93016290018773162, 62.03786576734980684 ) ) ;
#1702 = FACE_OUTER_BOUND ( 'NONE', #165, .T. ) ;
#1703 = EDGE_CURVE ( 'NONE', #7417, #9126, #7191, .T. ) ;
#1704 = CIRCLE ( 'NONE', #1547, 8.499999999999998224 ) ;
#1705 = FACE_OUTER_BOUND ( 'NONE', #5492, .T. ) ;
#1706 = CARTESIAN_POINT ( 'NONE',  ( 60.36806642904155495, 65.00000000000000000, -5.646478818415253897 ) ) ;
#1707 = CARTESIAN_POINT ( 'NONE',  ( -27.74454884646939945, 14.70000000000000462, -70.58126610706813153 ) ) ;
#1708 = ADVANCED_FACE ( 'NONE', ( #7916 ), #1185, .F. ) ;
#1709 = ADVANCED_FACE ( 'NONE', ( #8702 ), #5761, .F. ) ;
#1710 = ORIENTED_EDGE ( 'NONE', *, *, #1351, .F. ) ;
#1711 = VERTEX_POINT ( 'NONE', #5561 ) ;
#1712 = VERTEX_POINT ( 'NONE', #8568 ) ;
#1713 = CARTESIAN_POINT ( 'NONE',  ( 8.432455945595565439, 59.73714013287250424, 79.55445993653576409 ) ) ;
#1714 = ORIENTED_EDGE ( 'NONE', *, *, #123, .T. ) ;
#1715 = ORIENTED_EDGE ( 'NONE', *, *, #5462, .T. ) ;
#1716 = DIRECTION ( 'NONE',  ( 1.221245327087672352E-14, -0.000000000000000000, 1.000000000000000000 ) ) ;
#1717 = VECTOR ( 'NONE', #2502, 999.9999999999998863 ) ;
#1718 = CARTESIAN_POINT ( 'NONE',  ( 60.36806642904155495, 65.00000000000000000, -5.646478818415253897 ) ) ;
#1719 = CARTESIAN_POINT ( 'NONE',  ( 74.50000000000001421, 58.49999999999999289, -1.359468093653504184E-13 ) ) ;
#1720 = DIRECTION ( 'NONE',  ( 1.015447888376667621E-14, 0.000000000000000000, 1.000000000000000000 ) ) ;
#1721 = DIRECTION ( 'NONE',  ( 0.9258200997725501979, 0.3779644730092305283, 0.000000000000000000 ) ) ;
#1722 = CARTESIAN_POINT ( 'NONE',  ( 79.87406756637594185, 51.27918670162676307, 4.492937423380081619 ) ) ;
#1723 = LINE ( 'NONE', #7818, #7202 ) ;
#1724 = ORIENTED_EDGE ( 'NONE', *, *, #2905, .F. ) ;
#1725 = VERTEX_POINT ( 'NONE', #595 ) ;
#1726 = ORIENTED_EDGE ( 'NONE', *, *, #7346, .T. ) ;
#1727 = DIRECTION ( 'NONE',  ( 0.000000000000000000, 1.000000000000000000, -0.000000000000000000 ) ) ;
#1728 = DIRECTION ( 'NONE',  ( 0.7071067811865401342, -0.000000000000000000, -0.7071067811865549002 ) ) ;
#1729 = DIRECTION ( 'NONE',  ( -1.000000000000000000, 0.000000000000000000, 5.329070518200751394E-15 ) ) ;
#1730 = CIRCLE ( 'NONE', #7237, 9.999999999999998224 ) ;
#1731 = VERTEX_POINT ( 'NONE', #1374 ) ;
#1732 = VECTOR ( 'NONE', #5176, 1000.000000000000114 ) ;
#1733 = ORIENTED_EDGE ( 'NONE', *, *, #842, .T. ) ;
#1734 = DIRECTION ( 'NONE',  ( 1.221245327087672352E-14, -0.000000000000000000, 1.000000000000000000 ) ) ;
#1735 = VECTOR ( 'NONE', #5799, 1000.000000000000000 ) ;
#1736 = FACE_OUTER_BOUND ( 'NONE', #4604, .T. ) ;
#1737 = ADVANCED_FACE ( 'NONE', ( #5118 ), #8804, .T. ) ;
#1738 = CIRCLE ( 'NONE', #2995, 4.099999999999993427 ) ;
#1739 = EDGE_CURVE ( 'NONE', #3788, #4534, #7874, .T. ) ;
#1740 = CARTESIAN_POINT ( 'NONE',  ( 66.98126610706803774, 14.70000000000000462, -31.34454884646963890 ) ) ;
#1741 = FACE_OUTER_BOUND ( 'NONE', #268, .T. ) ;
#1742 = ORIENTED_EDGE ( 'NONE', *, *, #4540, .F. ) ;
#1743 = EDGE_CURVE ( 'NONE', #965, #8098, #5805, .T. ) ;
#1744 = DIRECTION ( 'NONE',  ( 6.982962677686267499E-15, -0.000000000000000000, 1.000000000000000000 ) ) ;
#1745 = EDGE_LOOP ( 'NONE', ( #8394, #1504 ) ) ;
#1746 = ORIENTED_EDGE ( 'NONE', *, *, #4819, .F. ) ;
#1747 = DIRECTION ( 'NONE',  ( -5.329070518200751394E-15, -0.000000000000000000, -1.000000000000000000 ) ) ;
#1748 = DIRECTION ( 'NONE',  ( 1.000000000000000000, -0.000000000000000000, -3.491481338843133750E-15 ) ) ;
#1749 = ADVANCED_FACE ( 'NONE', ( #3593 ), #8902, .T. ) ;
#1750 = DIRECTION ( 'NONE',  ( 0.7071067811865451302, 0.000000000000000000, -0.7071067811865500152 ) ) ;
#1751 = LINE ( 'NONE', #910, #1660 ) ;
#1752 = LINE ( 'NONE', #8438, #5573 ) ;
#1753 = CARTESIAN_POINT ( 'NONE',  ( -1.472166390313539575, 62.32658151869683394, -64.40000000000003411 ) ) ;
#1754 = CARTESIAN_POINT ( 'NONE',  ( -5.477225575052072415, 65.00000000000000000, -79.81227975693963117 ) ) ;
#1755 = CARTESIAN_POINT ( 'NONE',  ( -66.98126610706783879, 14.70000000000000462, 27.74454884647009933 ) ) ;
#1756 = CARTESIAN_POINT ( 'NONE',  ( -52.45753560429875506, 52.09668627093298454, 60.40166727572381689 ) ) ;
#1757 = VERTEX_POINT ( 'NONE', #1426 ) ;
#1758 = ORIENTED_EDGE ( 'NONE', *, *, #7092, .F. ) ;
#1759 = ORIENTED_EDGE ( 'NONE', *, *, #5232, .T. ) ;
#1760 = DIRECTION ( 'NONE',  ( -5.329070518200752183E-15, -0.000000000000000000, -1.000000000000000000 ) ) ;
#1761 = ORIENTED_EDGE ( 'NONE', *, *, #9528, .F. ) ;
#1762 = ORIENTED_EDGE ( 'NONE', *, *, #4122, .T. ) ;
#1763 = EDGE_CURVE ( 'NONE', #5075, #295, #7385, .T. ) ;
#1764 = EDGE_CURVE ( 'NONE', #8681, #5607, #5167, .T. ) ;
#1765 = CARTESIAN_POINT ( 'NONE',  ( -6.408397252916511633, 49.43363913084062489, -61.99786835192166023 ) ) ;
#1766 = DIRECTION ( 'NONE',  ( -2.081668171172169697E-15, 0.000000000000000000, 1.000000000000000000 ) ) ;
#1767 = DIRECTION ( 'NONE',  ( 0.7071067811865401342, -0.000000000000000000, -0.7071067811865549002 ) ) ;
#1768 = CARTESIAN_POINT ( 'NONE',  ( 57.40000000000003411, 56.16173140978203548, -4.050000000000206768 ) ) ;
#1769 = CARTESIAN_POINT ( 'NONE',  ( 79.95356840035265122, 50.44831829737201190, -2.738213804601352663 ) ) ;
#1770 = ORIENTED_EDGE ( 'NONE', *, *, #8208, .T. ) ;
#1771 = PLANE ( 'NONE',  #8137 ) ;
#1772 = VERTEX_POINT ( 'NONE', #9634 ) ;
#1773 = CARTESIAN_POINT ( 'NONE',  ( -6.374745428506312983, 64.15610674757945731, -79.74649624505200052 ) ) ;
#1774 = ORIENTED_EDGE ( 'NONE', *, *, #5733, .F. ) ;
#1775 = DIRECTION ( 'NONE',  ( -0.000000000000000000, 1.000000000000000000, -0.000000000000000000 ) ) ;
#1776 = LINE ( 'NONE', #4672, #7074 ) ;
#1777 = CARTESIAN_POINT ( 'NONE',  ( 57.40000000000004121, 54.85223253308422642, -1.781881413105228074 ) ) ;
#1778 = CARTESIAN_POINT ( 'NONE',  ( -2.577833609686175365, 61.68822425195712356, 64.40000000000009095 ) ) ;
#1779 = B_SPLINE_CURVE_WITH_KNOTS ( 'NONE', 3,
 ( #3592, #8165, #4, #8308, #745, #6737, #1472, #9588, #4424, #3691, #1425, #6693 ),
 .UNSPECIFIED., .F., .F.,
 ( 4, 2, 2, 2, 2, 4 ),
 ( 0.04581870673879397809, 0.04765927584578600468, 0.04857956039928201797, 0.04949984495277803126, 0.05134041405977007866, 0.05318098316676212606 ),
 .UNSPECIFIED. ) ;
#1780 = ORIENTED_EDGE ( 'NONE', *, *, #1152, .T. ) ;
#1781 = DIRECTION ( 'NONE',  ( -0.000000000000000000, -1.000000000000000000, -0.000000000000000000 ) ) ;
#1782 = EDGE_CURVE ( 'NONE', #6441, #4004, #9537, .T. ) ;
#1783 = DIRECTION ( 'NONE',  ( 1.000000000000000000, 0.000000000000000000, -1.776356839400250465E-15 ) ) ;
#1784 = CARTESIAN_POINT ( 'NONE',  ( -74.49999999999998579, 65.00000000000000000, 6.575573419098644890E-13 ) ) ;
#1785 = VECTOR ( 'NONE', #4888, 1000.000000000000000 ) ;
#1786 = CARTESIAN_POINT ( 'NONE',  ( 9.181544413650044589E-13, 58.49999999999999289, 64.39999999999999147 ) ) ;
#1787 = DIRECTION ( 'NONE',  ( 0.000000000000000000, 1.000000000000000000, 0.000000000000000000 ) ) ;
#1788 = ORIENTED_EDGE ( 'NONE', *, *, #3238, .F. ) ;
#1789 = CARTESIAN_POINT ( 'NONE',  ( 10.02100682948511512, 46.26934231969521250, -64.06268622160744997 ) ) ;
#1790 = EDGE_LOOP ( 'NONE', ( #7868, #3335, #2795 ) ) ;
#1791 = AXIS2_PLACEMENT_3D ( 'NONE', #4924, #5524, #7836 ) ;
#1792 = ORIENTED_EDGE ( 'NONE', *, *, #8089, .T. ) ;
#1793 = VECTOR ( 'NONE', #6711, 1000.000000000000114 ) ;
#1794 = DIRECTION ( 'NONE',  ( 0.6622653803999817290, 0.000000000000000000, -0.7492693547207621707 ) ) ;
#1795 = LINE ( 'NONE', #4148, #1088 ) ;
#1796 = CARTESIAN_POINT ( 'NONE',  ( 8.432255506385905264, 59.73495091448169347, -79.55447745383438019 ) ) ;
#1797 = CARTESIAN_POINT ( 'NONE',  ( 0.000000000000000000, 30.90000000000000213, 0.000000000000000000 ) ) ;
#1798 = EDGE_CURVE ( 'NONE', #7460, #2463, #2066, .T. ) ;
#1799 = DIRECTION ( 'NONE',  ( -0.7071067811865475727, -0.000000000000000000, -0.7071067811865475727 ) ) ;
#1800 = CIRCLE ( 'NONE', #9329, 4.099999999999999645 ) ;
#1801 = AXIS2_PLACEMENT_3D ( 'NONE', #5549, #5453, #4807 ) ;
#1802 = AXIS2_PLACEMENT_3D ( 'NONE', #7199, #458, #7876 ) ;
#1803 = CARTESIAN_POINT ( 'NONE',  ( -4.050000000000411937, 56.16173140978203548, -58.10521046563223990 ) ) ;
#1804 = LINE ( 'NONE', #4063, #9493 ) ;
#1805 = DIRECTION ( 'NONE',  ( 1.000000000000000000, -1.685161507135332739E-29, -3.426614273534433601E-15 ) ) ;
#1806 = ORIENTED_EDGE ( 'NONE', *, *, #2036, .F. ) ;
#1807 = ORIENTED_EDGE ( 'NONE', *, *, #4567, .T. ) ;
#1808 = EDGE_LOOP ( 'NONE', ( #6558, #2638, #360, #3401, #204 ) ) ;
#1809 = DIRECTION ( 'NONE',  ( 0.000000000000000000, 0.000000000000000000, 1.000000000000000000 ) ) ;
#1810 = ORIENTED_EDGE ( 'NONE', *, *, #7929, .T. ) ;
#1811 = ORIENTED_EDGE ( 'NONE', *, *, #157, .F. ) ;
#1812 = AXIS2_PLACEMENT_3D ( 'NONE', #8963, #7543, #2326 ) ;
#1813 = DIRECTION ( 'NONE',  ( 1.000000000000000000, 0.000000000000000000, -0.000000000000000000 ) ) ;
#1814 = EDGE_CURVE ( 'NONE', #9082, #7570, #7336, .T. ) ;
#1815 = LINE ( 'NONE', #241, #3873 ) ;
#1816 = CARTESIAN_POINT ( 'NONE',  ( 4.050000000000905764, 56.16173140978203548, 64.40000000000000568 ) ) ;
#1817 = CARTESIAN_POINT ( 'NONE',  ( -72.31222335375635168, 49.50647438683942880, -34.21903496062471106 ) ) ;
#1818 = FACE_OUTER_BOUND ( 'NONE', #379, .T. ) ;
#1819 = AXIS2_PLACEMENT_3D ( 'NONE', #3155, #9194, #5464 ) ;
#1820 = AXIS2_PLACEMENT_3D ( 'NONE', #6672, #9383, #3576 ) ;
#1821 = ORIENTED_EDGE ( 'NONE', *, *, #3106, .T. ) ;
#1822 = CARTESIAN_POINT ( 'NONE',  ( 1.106948537681916811, 50.05382733983744714, 79.99422527503743652 ) ) ;
#1823 = ORIENTED_EDGE ( 'NONE', *, *, #5824, .F. ) ;
#1824 = DIRECTION ( 'NONE',  ( -0.7071067811865500152, 0.000000000000000000, -0.7071067811865450192 ) ) ;
#1825 = VERTEX_POINT ( 'NONE', #7213 ) ;
#1826 = DIRECTION ( 'NONE',  ( -0.6123724356958010206, -0.4999999999999999445, -0.6123724356957881421 ) ) ;
#1827 = DIRECTION ( 'NONE',  ( -0.000000000000000000, -0.000000000000000000, 1.000000000000000000 ) ) ;
#1828 = EDGE_CURVE ( 'NONE', #5507, #4033, #9088, .T. ) ;
#1829 = LINE ( 'NONE', #1086, #4481 ) ;
#1830 = CARTESIAN_POINT ( 'NONE',  ( 1.578777688378914412, 53.88723853897876381, 57.40000000000004832 ) ) ;
#1831 = ORIENTED_EDGE ( 'NONE', *, *, #426, .T. ) ;
#1832 = EDGE_CURVE ( 'NONE', #3445, #3526, #5870, .T. ) ;
#1833 = DIRECTION ( 'NONE',  ( 0.000000000000000000, 0.000000000000000000, 1.000000000000000000 ) ) ;
#1834 = DIRECTION ( 'NONE',  ( 0.000000000000000000, 0.000000000000000000, -1.000000000000000000 ) ) ;
#1835 = CARTESIAN_POINT ( 'NONE',  ( -22.33148591051284271, 30.90000000000000213, -61.04346596506923817 ) ) ;
#1836 = EDGE_CURVE ( 'NONE', #3257, #2045, #468, .T. ) ;
#1837 = VERTEX_POINT ( 'NONE', #6519 ) ;
#1838 = ORIENTED_EDGE ( 'NONE', *, *, #6097, .F. ) ;
#1839 = CARTESIAN_POINT ( 'NONE',  ( 11.67002566352182491, 65.00000000000000000, -28.37734619600018249 ) ) ;
#1840 = CARTESIAN_POINT ( 'NONE',  ( 9.181544413650044589E-13, 58.49999999999999289, 64.39999999999999147 ) ) ;
#1841 = CARTESIAN_POINT ( 'NONE',  ( 48.40145917221902749, 65.00000000000000000, -42.67389424460832004 ) ) ;
#1842 = DIRECTION ( 'NONE',  ( 0.000000000000000000, -0.000000000000000000, -1.000000000000000000 ) ) ;
#1843 = CIRCLE ( 'NONE', #7347, 4.099999999999998757 ) ;
#1844 = CARTESIAN_POINT ( 'NONE',  ( -64.40000000000004832, 9.672827050956818619E-28, 2.211280286727785861E-13 ) ) ;
#1845 = FACE_OUTER_BOUND ( 'NONE', #3219, .T. ) ;
#1846 = CARTESIAN_POINT ( 'NONE',  ( -51.65216350890474217, 30.90000000000000213, -18.89587269351085297 ) ) ;
#1847 = CARTESIAN_POINT ( 'NONE',  ( 1.781881413103104661, 65.00000000000000000, -61.40000000000004832 ) ) ;
#1848 = VECTOR ( 'NONE', #3453, 1000.000000000000000 ) ;
#1849 = ORIENTED_EDGE ( 'NONE', *, *, #446, .T. ) ;
#1850 = EDGE_LOOP ( 'NONE', ( #6852, #6872, #270, #6476, #9619, #6941 ) ) ;
#1851 = EDGE_CURVE ( 'NONE', #6861, #8160, #7358, .T. ) ;
#1852 = ORIENTED_EDGE ( 'NONE', *, *, #6588, .T. ) ;
#1853 = CARTESIAN_POINT ( 'NONE',  ( 27.74454884646939945, 14.70000000000000462, 66.98126610706812301 ) ) ;
#1854 = ORIENTED_EDGE ( 'NONE', *, *, #1636, .F. ) ;
#1855 = ORIENTED_EDGE ( 'NONE', *, *, #4097, .F. ) ;
#1856 = CARTESIAN_POINT ( 'NONE',  ( 46.66904755831214402, 58.49999999999999289, 58.68986283848343533 ) ) ;
#1857 = CIRCLE ( 'NONE', #7362, 65.00000000000000000 ) ;
#1858 = EDGE_CURVE ( 'NONE', #1186, #3183, #1252, .T. ) ;
#1859 = DIRECTION ( 'NONE',  ( -5.329070518200751394E-15, 0.000000000000000000, -1.000000000000000000 ) ) ;
#1860 = EDGE_CURVE ( 'NONE', #6363, #9234, #9455, .T. ) ;
#1861 = PLANE ( 'NONE',  #9685 ) ;
#1862 = FACE_OUTER_BOUND ( 'NONE', #5995, .T. ) ;
#1863 = CARTESIAN_POINT ( 'NONE',  ( 0.000000000000000000, 30.90000000000000213, 0.000000000000000000 ) ) ;
#1864 = FACE_OUTER_BOUND ( 'NONE', #963, .T. ) ;
#1865 = ORIENTED_EDGE ( 'NONE', *, *, #1917, .T. ) ;
#1866 = EDGE_CURVE ( 'NONE', #8977, #8684, #2020, .T. ) ;
#1867 = CARTESIAN_POINT ( 'NONE',  ( 0.000000000000000000, 58.00000000000000000, 11.09999999999999964 ) ) ;
#1868 = VERTEX_POINT ( 'NONE', #3616 ) ;
#1869 = AXIS2_PLACEMENT_3D ( 'NONE', #5454, #3969, #8356 ) ;
#1870 = DIRECTION ( 'NONE',  ( -3.384826294588892334E-15, 0.000000000000000000, -1.000000000000000000 ) ) ;
#1871 = ORIENTED_EDGE ( 'NONE', *, *, #5047, .F. ) ;
#1872 = CARTESIAN_POINT ( 'NONE',  ( 46.66904755831193086, 58.49999999999999289, -58.68986283848361296 ) ) ;
#1873 = VECTOR ( 'NONE', #9376, 999.9999999999998863 ) ;
#1874 = DIRECTION ( 'NONE',  ( -0.7071067811865474617, 0.000000000000000000, 0.7071067811865474617 ) ) ;
#1875 = FACE_OUTER_BOUND ( 'NONE', #7905, .T. ) ;
#1876 = LINE ( 'NONE', #7285, #4829 ) ;
#1877 = ORIENTED_EDGE ( 'NONE', *, *, #2575, .F. ) ;
#1878 = CARTESIAN_POINT ( 'NONE',  ( 9.181544413650044589E-13, 58.49999999999999289, 74.49999999999998579 ) ) ;
#1879 = DIRECTION ( 'NONE',  ( -2.967535009851178835E-15, -0.5000000000000011102, -0.8660254037844380415 ) ) ;
#1880 = EDGE_CURVE ( 'NONE', #1126, #509, #2488, .T. ) ;
#1881 = CARTESIAN_POINT ( 'NONE',  ( -11.67002566352184090, 65.00000000000000000, -28.37734619600018604 ) ) ;
#1882 = EDGE_CURVE ( 'NONE', #1160, #6731, #4205, .T. ) ;
#1883 = EDGE_CURVE ( 'NONE', #7801, #1675, #9237, .T. ) ;
#1884 = EDGE_CURVE ( 'NONE', #5643, #6897, #2870, .T. ) ;
#1885 = CARTESIAN_POINT ( 'NONE',  ( 4.100000000000918021, 58.49999999999999289, 64.39999999999999147 ) ) ;
#1886 = EDGE_LOOP ( 'NONE', ( #3827, #5351, #217, #1811 ) ) ;
#1887 = ORIENTED_EDGE ( 'NONE', *, *, #2543, .F. ) ;
#1888 = CIRCLE ( 'NONE', #5662, 2.149999999999999023 ) ;
#1889 = DIRECTION ( 'NONE',  ( -0.7071067811865474617, 0.000000000000000000, 0.7071067811865474617 ) ) ;
#1890 = CARTESIAN_POINT ( 'NONE',  ( 60.36806642904155495, 49.98058182672757255, -5.646478818415253897 ) ) ;
#1891 = DIRECTION ( 'NONE',  ( -0.7492693547207620597, 0.000000000000000000, -0.6622653803999820621 ) ) ;
#1892 = CARTESIAN_POINT ( 'NONE',  ( -51.45115497359766721, 63.42299537165162349, -61.26021469697348465 ) ) ;
#1893 = CARTESIAN_POINT ( 'NONE',  ( -51.65216350890474217, 1.500000000000001332, 28.89587269351088494 ) ) ;
#1894 = CARTESIAN_POINT ( 'NONE',  ( -3.857487432957170448, 51.79485952321055464, 57.97417940705513217 ) ) ;
#1895 = DIRECTION ( 'NONE',  ( -0.6123724356958010206, -0.4999999999999999445, -0.6123724356957881421 ) ) ;
#1896 = CARTESIAN_POINT ( 'NONE',  ( -5.646478818415044287, 65.00000000000000000, -60.36806642904157627 ) ) ;
#1897 = AXIS2_PLACEMENT_3D ( 'NONE', #832, #1522, #3644 ) ;
#1898 = ORIENTED_EDGE ( 'NONE', *, *, #6637, .F. ) ;
#1899 = VERTEX_POINT ( 'NONE', #8731 ) ;
#1900 = ORIENTED_EDGE ( 'NONE', *, *, #2968, .F. ) ;
#1901 = CARTESIAN_POINT ( 'NONE',  ( -74.49999999999994316, 58.49999999999995737, 4.100000000000658673 ) ) ;
#1902 = ORIENTED_EDGE ( 'NONE', *, *, #7420, .T. ) ;
#1903 = ORIENTED_EDGE ( 'NONE', *, *, #831, .T. ) ;
#1904 = CARTESIAN_POINT ( 'NONE',  ( 9.181544413650044589E-13, 58.49999999999999289, 74.49999999999998579 ) ) ;
#1905 = LINE ( 'NONE', #3578, #4249 ) ;
#1906 = DIRECTION ( 'NONE',  ( 0.7071067811865474617, 0.000000000000000000, -0.7071067811865474617 ) ) ;
#1907 = LINE ( 'NONE', #9468, #3991 ) ;
#1908 = DIRECTION ( 'NONE',  ( 0.000000000000000000, -0.000000000000000000, 1.000000000000000000 ) ) ;
#1909 = DIRECTION ( 'NONE',  ( -0.7071067811865474617, 0.000000000000000000, 0.7071067811865474617 ) ) ;
#1910 = VERTEX_POINT ( 'NONE', #571 ) ;
#1911 = CARTESIAN_POINT ( 'NONE',  ( 64.40000000000003411, 60.83826859021802136, -4.050000000000231637 ) ) ;
#1912 = VERTEX_POINT ( 'NONE', #5137 ) ;
#1913 = CARTESIAN_POINT ( 'NONE',  ( 51.71217635573565019, 53.82346281956403544, 51.71217635573565019 ) ) ;
#1914 = ORIENTED_EDGE ( 'NONE', *, *, #7198, .F. ) ;
#1915 = ORIENTED_EDGE ( 'NONE', *, *, #5396, .T. ) ;
#1916 = DIRECTION ( 'NONE',  ( -0.8660254037844380415, -0.5000000000000011102, 1.203866961868354232E-14 ) ) ;
#1917 = EDGE_CURVE ( 'NONE', #4428, #7909, #7832, .T. ) ;
#1918 = DIRECTION ( 'NONE',  ( -0.000000000000000000, -1.000000000000000000, -0.000000000000000000 ) ) ;
#1919 = CARTESIAN_POINT ( 'NONE',  ( -72.03327283503138290, 64.00000071709243343, -29.92011830026050845 ) ) ;
#1920 = DIRECTION ( 'NONE',  ( 0.000000000000000000, 0.000000000000000000, 1.000000000000000000 ) ) ;
#1921 = ORIENTED_EDGE ( 'NONE', *, *, #1782, .T. ) ;
#1922 = DIRECTION ( 'NONE',  ( -0.000000000000000000, 1.000000000000000000, -0.000000000000000000 ) ) ;
#1923 = DIRECTION ( 'NONE',  ( 0.000000000000000000, -0.3779644730092271976, -0.9258200997725515302 ) ) ;
#1924 = DIRECTION ( 'NONE',  ( -0.000000000000000000, -1.000000000000000000, -0.000000000000000000 ) ) ;
#1925 = DIRECTION ( 'NONE',  ( -0.7071067811865450192, 0.000000000000000000, 0.7071067811865500152 ) ) ;
#1926 = PLANE ( 'NONE',  #9322 ) ;
#1927 = DIRECTION ( 'NONE',  ( -0.000000000000000000, 1.000000000000000000, -0.000000000000000000 ) ) ;
#1928 = ORIENTED_EDGE ( 'NONE', *, *, #9146, .F. ) ;
#1929 = VERTEX_POINT ( 'NONE', #2141 ) ;
#1930 = EDGE_CURVE ( 'NONE', #3480, #9248, #2778, .T. ) ;
#1931 = DIRECTION ( 'NONE',  ( -0.000000000000000000, -1.000000000000000000, -0.000000000000000000 ) ) ;
#1932 = CARTESIAN_POINT ( 'NONE',  ( -42.67389424460814951, 65.00000000000000000, -48.40145917221916960 ) ) ;
#1933 = CYLINDRICAL_SURFACE ( 'NONE', #3829, 8.499999999999998224 ) ;
#1934 = DIRECTION ( 'NONE',  ( 1.000000000000000000, -0.000000000000000000, -1.776356839400250465E-15 ) ) ;
#1935 = LINE ( 'NONE', #7062, #3983 ) ;
#1936 = DIRECTION ( 'NONE',  ( -3.384826294588892334E-15, 0.000000000000000000, -1.000000000000000000 ) ) ;
#1937 = FACE_OUTER_BOUND ( 'NONE', #8412, .T. ) ;
#1938 = AXIS2_PLACEMENT_3D ( 'NONE', #2960, #8865, #6502 ) ;
#1939 = VERTEX_POINT ( 'NONE', #8778 ) ;
#1940 = AXIS2_PLACEMENT_3D ( 'NONE', #3904, #3996, #3072 ) ;
#1941 = ORIENTED_EDGE ( 'NONE', *, *, #6514, .F. ) ;
#1942 = EDGE_CURVE ( 'NONE', #8982, #8560, #5162, .T. ) ;
#1943 = ORIENTED_EDGE ( 'NONE', *, *, #6810, .T. ) ;
#1944 = CARTESIAN_POINT ( 'NONE',  ( 8.499999999999568345, 57.93800390229176855, -79.54715582596280399 ) ) ;
#1945 = ORIENTED_EDGE ( 'NONE', *, *, #2710, .F. ) ;
#1946 = ORIENTED_EDGE ( 'NONE', *, *, #8145, .T. ) ;
#1947 = LINE ( 'NONE', #1213, #3262 ) ;
#1948 = AXIS2_PLACEMENT_3D ( 'NONE', #8691, #5606, #7228 ) ;
#1949 = AXIS2_PLACEMENT_3D ( 'NONE', #613, #2081, #4248 ) ;
#1950 = AXIS2_PLACEMENT_3D ( 'NONE', #67, #8515, #7687 ) ;
#1951 = EDGE_CURVE ( 'NONE', #6223, #1222, #7308, .T. ) ;
#1952 = FACE_OUTER_BOUND ( 'NONE', #6412, .T. ) ;
#1953 = PLANE ( 'NONE',  #6071 ) ;
#1954 = CARTESIAN_POINT ( 'NONE',  ( -4.049999999999092992, 60.83826859021803557, 64.40000000000010516 ) ) ;
#1955 = CARTESIAN_POINT ( 'NONE',  ( -5.477225575050725048, 50.00000000000000000, 57.40000000000004832 ) ) ;
#1956 = DIRECTION ( 'NONE',  ( -1.000000000000000000, 0.000000000000000000, 9.682177540335671686E-15 ) ) ;
#1957 = EDGE_CURVE ( 'NONE', #6442, #8659, #667, .T. ) ;
#1958 = ORIENTED_EDGE ( 'NONE', *, *, #2721, .T. ) ;
#1959 = CIRCLE ( 'NONE', #83, 4.099999999999998757 ) ;
#1960 = AXIS2_PLACEMENT_3D ( 'NONE', #1755, #4740, #7748 ) ;
#1961 = EDGE_CURVE ( 'NONE', #2267, #8542, #3473, .T. ) ;
#1962 = DIRECTION ( 'NONE',  ( -0.7071067811865400232, -0.000000000000000000, 0.7071067811865550112 ) ) ;
#1963 = ORIENTED_EDGE ( 'NONE', *, *, #9099, .F. ) ;
#1964 = AXIS2_PLACEMENT_3D ( 'NONE', #2230, #5229, #8225 ) ;
#1965 = CARTESIAN_POINT ( 'NONE',  ( -5.477225575052072415, 65.00000000000000000, -79.81227975693963117 ) ) ;
#1966 = ORIENTED_EDGE ( 'NONE', *, *, #3082, .F. ) ;
#1967 = VERTEX_POINT ( 'NONE', #2191 ) ;
#1968 = AXIS2_PLACEMENT_3D ( 'NONE', #605, #3602, #9598 ) ;
#1969 = DIRECTION ( 'NONE',  ( 0.7071067811865475727, -0.000000000000000000, 0.7071067811865474617 ) ) ;
#1970 = CIRCLE ( 'NONE', #8566, 8.499999999999998224 ) ;
#1971 = CYLINDRICAL_SURFACE ( 'NONE', #5909, 5.000000000000004441 ) ;
#1972 = FACE_OUTER_BOUND ( 'NONE', #2151, .T. ) ;
#1973 = ORIENTED_EDGE ( 'NONE', *, *, #5368, .F. ) ;
#1974 = CARTESIAN_POINT ( 'NONE',  ( -4.449100510727646982E-13, 63.17653718043602140, -64.40000000000004832 ) ) ;
#1975 = DIRECTION ( 'NONE',  ( -0.7071067811865500152, 0.000000000000000000, -0.7071067811865451302 ) ) ;
#1976 = CARTESIAN_POINT ( 'NONE',  ( -57.40000000000008384, 61.67648823033683669, -2.598160995411926244 ) ) ;
#1977 = EDGE_CURVE ( 'NONE', #3236, #1366, #8231, .T. ) ;
#1978 = AXIS2_PLACEMENT_3D ( 'NONE', #7416, #9618, #8983 ) ;
#1979 = CARTESIAN_POINT ( 'NONE',  ( 4.177332116314186550, 65.00000000000000000, 35.00000000000000000 ) ) ;
#1980 = DIRECTION ( 'NONE',  ( -0.000000000000000000, 1.000000000000000000, -0.000000000000000000 ) ) ;
#1981 = AXIS2_PLACEMENT_3D ( 'NONE', #9425, #7958, #8003 ) ;
#1982 = ADVANCED_FACE ( 'NONE', ( #7551 ), #305, .F. ) ;
#1984 = DIRECTION ( 'NONE',  ( 1.015447888376667621E-14, 0.000000000000000000, 1.000000000000000000 ) ) ;
#1983 = CARTESIAN_POINT ( 'NONE',  ( -52.78074450942197160, 51.74497750639834237, 60.11996017579375007 ) ) ;
#1985 = EDGE_LOOP ( 'NONE', ( #3133, #1928, #4697 ) ) ;
#1986 = ORIENTED_EDGE ( 'NONE', *, *, #3507, .F. ) ;
#1987 = FACE_OUTER_BOUND ( 'NONE', #6472, .T. ) ;
#1988 = DIRECTION ( 'NONE',  ( 0.000000000000000000, -1.000000000000000000, 0.000000000000000000 ) ) ;
#1989 = VECTOR ( 'NONE', #1895, 999.9999999999998863 ) ;
#1990 = CARTESIAN_POINT ( 'NONE',  ( -51.88162955349943672, 64.15605084518149681, -60.89694184619833806 ) ) ;
#1991 = CARTESIAN_POINT ( 'NONE',  ( -5.477225575050725048, 50.00000000000000000, 57.40000000000004832 ) ) ;
#1992 = CARTESIAN_POINT ( 'NONE',  ( -57.40000000000006963, 53.78930731396803822, -1.878457401999644061 ) ) ;
#1993 = CARTESIAN_POINT ( 'NONE',  ( -45.53767670841317283, 58.49999999999995737, 45.53767670841414628 ) ) ;
#1994 = CARTESIAN_POINT ( 'NONE',  ( 9.181544413650044589E-13, 58.49999999999999289, 64.39999999999999147 ) ) ;
#1995 = CYLINDRICAL_SURFACE ( 'NONE', #6657, 8.500000000000000000 ) ;
#1996 = VERTEX_POINT ( 'NONE', #1778 ) ;
#1997 = ORIENTED_EDGE ( 'NONE', *, *, #2376, .F. ) ;
#1998 = EDGE_LOOP ( 'NONE', ( #3429, #9532, #7696, #6896, #3976, #6604, #2209, #443, #9542, #8180, #904, #9529, #6039, #3575, #741, #4843, #5459, #9370, #6473, #4315 ) ) ;
#1999 = CARTESIAN_POINT ( 'NONE',  ( 0.5550813905319539332, 50.00000000000002842, -80.00000000000002842 ) ) ;
#2000 = ORIENTED_EDGE ( 'NONE', *, *, #1739, .T. ) ;
#2001 = ORIENTED_EDGE ( 'NONE', *, *, #1437, .T. ) ;
#2002 = EDGE_CURVE ( 'NONE', #8541, #3417, #70, .T. ) ;
#2003 = CARTESIAN_POINT ( 'NONE',  ( -66.98126610706783879, 65.00000000000000000, 24.14454884647009791 ) ) ;
#2004 = ADVANCED_FACE ( 'NONE', ( #3307 ), #1495, .F. ) ;
#2005 = FACE_OUTER_BOUND ( 'NONE', #846, .T. ) ;
#2006 = VECTOR ( 'NONE', #5619, 1000.000000000000114 ) ;
#2007 = FACE_OUTER_BOUND ( 'NONE', #6635, .T. ) ;
#2008 = DIRECTION ( 'NONE',  ( -2.967535009851178835E-15, -0.5000000000000011102, -0.8660254037844380415 ) ) ;
#2009 = FACE_OUTER_BOUND ( 'NONE', #3523, .T. ) ;
#2010 = CARTESIAN_POINT ( 'NONE',  ( 48.40145917221902749, 57.86164273325972118, -42.67389424460832004 ) ) ;
#2011 = ADVANCED_FACE ( 'NONE', ( #3017 ), #9063, .F. ) ;
#2012 = ORIENTED_EDGE ( 'NONE', *, *, #4348, .F. ) ;
#2013 = ORIENTED_EDGE ( 'NONE', *, *, #1009, .T. ) ;
#2014 = LINE ( 'NONE', #5755, #4553 ) ;
#2015 = ORIENTED_EDGE ( 'NONE', *, *, #6468, .F. ) ;
#2016 = ORIENTED_EDGE ( 'NONE', *, *, #4714, .T. ) ;
#2017 = CARTESIAN_POINT ( 'NONE',  ( -51.65216350890474217, 30.90000000000000213, 18.89587269351088139 ) ) ;
#2018 = PLANE ( 'NONE',  #7939 ) ;
#2019 = CARTESIAN_POINT ( 'NONE',  ( -26.38856624071849666, 30.90000000000000213, 45.02950970490493177 ) ) ;
#2020 = CIRCLE ( 'NONE', #8612, 4.099999999999998757 ) ;
#2021 = ORIENTED_EDGE ( 'NONE', *, *, #6199, .T. ) ;
#2022 = CARTESIAN_POINT ( 'NONE',  ( -52.46105830492291489, 52.09201476404108888, -60.39864020533370592 ) ) ;
#2023 = ADVANCED_FACE ( 'NONE', ( #6073 ), #7775, .F. ) ;
#2024 = CARTESIAN_POINT ( 'NONE',  ( 48.84839389193012948, 56.16173140978202127, 54.57595881954116379 ) ) ;
#2025 = DIRECTION ( 'NONE',  ( 0.7071067811865474617, 0.000000000000000000, -0.7071067811865475727 ) ) ;
#2026 = DIRECTION ( 'NONE',  ( 0.000000000000000000, 0.000000000000000000, 1.000000000000000000 ) ) ;
#2027 = CARTESIAN_POINT ( 'NONE',  ( -9.232518122802082061, 46.99757316906589466, 63.92857821738369495 ) ) ;
#2028 = AXIS2_PLACEMENT_3D ( 'NONE', #8157, #6680, #8105 ) ;
#2029 = APPLICATION_CONTEXT ( 'automotive_design' ) ;
#2031 = CARTESIAN_POINT ( 'NONE',  ( 48.80647185219018525, 65.00000000000000000, -56.55243854460537278 ) ) ;
#2030 = DIRECTION ( 'NONE',  ( 1.000000000000000000, -0.000000000000000000, 0.000000000000000000 ) ) ;
#2032 = ORIENTED_EDGE ( 'NONE', *, *, #2389, .T. ) ;
#2033 = ORIENTED_EDGE ( 'NONE', *, *, #1307, .F. ) ;
#2034 = DIRECTION ( 'NONE',  ( -0.7071067811865474617, 0.000000000000000000, -0.7071067811865474617 ) ) ;
#2035 = CARTESIAN_POINT ( 'NONE',  ( 4.099999999999652367, 58.49999999999999289, -64.40000000000001990 ) ) ;
#2036 = EDGE_CURVE ( 'NONE', #4143, #6207, #7048, .T. ) ;
#2037 = DIRECTION ( 'NONE',  ( 0.8660254037844381525, 0.5000000000000008882, -1.203866961868355179E-14 ) ) ;
#2038 = DIRECTION ( 'NONE',  ( 0.000000000000000000, 1.000000000000000000, 0.000000000000000000 ) ) ;
#2039 = CARTESIAN_POINT ( 'NONE',  ( 42.67389424460797187, 52.90000000000000568, -48.40145917221933303 ) ) ;
#2040 = CARTESIAN_POINT ( 'NONE',  ( 54.98998025784315047, 50.27196699943888802, -58.10678290646680466 ) ) ;
#2041 = DIRECTION ( 'NONE',  ( 0.000000000000000000, -1.000000000000000000, 0.000000000000000000 ) ) ;
#2042 = CIRCLE ( 'NONE', #8961, 4.099999999999999645 ) ;
#2043 = VERTEX_POINT ( 'NONE', #6803 ) ;
#2044 = AXIS2_PLACEMENT_3D ( 'NONE', #303, #1085, #350 ) ;
#2045 = VERTEX_POINT ( 'NONE', #1039 ) ;
#2046 = CARTESIAN_POINT ( 'NONE',  ( 64.08194928428746096, 46.00846945721438885, 10.29933848728875745 ) ) ;
#2047 = ORIENTED_EDGE ( 'NONE', *, *, #9698, .F. ) ;
#2048 = ORIENTED_EDGE ( 'NONE', *, *, #3326, .F. ) ;
#2049 = DIRECTION ( 'NONE',  ( -1.000000000000000000, 0.000000000000000000, 3.491481338843133355E-15 ) ) ;
#2050 = AXIS2_PLACEMENT_3D ( 'NONE', #3494, #5210, #5898 ) ;
#2051 = CIRCLE ( 'NONE', #312, 8.499999999999998224 ) ;
#2052 = DIRECTION ( 'NONE',  ( -0.8660254037844380415, -0.5000000000000009992, 5.991246546128623602E-15 ) ) ;
#2053 = DIRECTION ( 'NONE',  ( -0.000000000000000000, -1.000000000000000000, 0.000000000000000000 ) ) ;
#2054 = CARTESIAN_POINT ( 'NONE',  ( -57.40000000000004832, 53.82346281956404255, 2.100061935898890342E-13 ) ) ;
#2055 = CARTESIAN_POINT ( 'NONE',  ( -3.470779219583164175E-13, 58.49999999999999289, -64.40000000000000568 ) ) ;
#2056 = CARTESIAN_POINT ( 'NONE',  ( 45.02950970490493177, 65.00000000000000000, -26.38856624071849666 ) ) ;
#2057 = ORIENTED_EDGE ( 'NONE', *, *, #9430, .F. ) ;
#2058 = ORIENTED_EDGE ( 'NONE', *, *, #7489, .F. ) ;
#2059 = CARTESIAN_POINT ( 'NONE',  ( 64.40000000000006253, 60.83826859021803557, 4.049999999999768008 ) ) ;
#2060 = EDGE_LOOP ( 'NONE', ( #3403, #9663, #621, #9223 ) ) ;
#2061 = EDGE_LOOP ( 'NONE', ( #3340, #3620, #4041 ) ) ;
#2062 = EDGE_CURVE ( 'NONE', #3037, #7269, #4040, .T. ) ;
#2063 = B_SPLINE_CURVE_WITH_KNOTS ( 'NONE', 3,
 ( #4433, #2862, #4342, #9497, #5129, #3707, #9551, #5966, #6649, #1289, #8077, #6556 ),
 .UNSPECIFIED., .F., .F.,
 ( 4, 2, 2, 2, 2, 4 ),
 ( 0.04581870673879398503, 0.04765927584578602549, 0.04857956039928203879, 0.04949984495277805902, 0.05134041405977009254, 0.05318098316676213300 ),
 .UNSPECIFIED. ) ;
#2064 = CYLINDRICAL_SURFACE ( 'NONE', #8654, 4.099999999999993427 ) ;
#2065 = CARTESIAN_POINT ( 'NONE',  ( 0.1159854610436744649, 53.89042705671922562, 57.40000000000004832 ) ) ;
#2066 = LINE ( 'NONE', #5062, #289 ) ;
#2067 = CARTESIAN_POINT ( 'NONE',  ( 64.40000000000003411, 56.16173140978203548, -4.050000000000231637 ) ) ;
#2068 = ORIENTED_EDGE ( 'NONE', *, *, #9486, .T. ) ;
#2069 = CARTESIAN_POINT ( 'NONE',  ( -57.91912513903648829, 50.21796050772876185, -55.18559828954433044 ) ) ;
#2070 = VERTEX_POINT ( 'NONE', #2332 ) ;
#2071 = DIRECTION ( 'NONE',  ( 0.000000000000000000, 0.000000000000000000, -1.000000000000000000 ) ) ;
#2072 = CARTESIAN_POINT ( 'NONE',  ( 57.40000000000005542, 53.88633504566437438, 1.781881413102901712 ) ) ;
#2073 = DIRECTION ( 'NONE',  ( 2.967535009851174102E-15, 0.5000000000000018874, 0.8660254037844375974 ) ) ;
#2075 = LINE ( 'NONE', #9646, #5714 ) ;
#2074 = DIRECTION ( 'NONE',  ( -0.000000000000000000, 1.000000000000000000, -0.000000000000000000 ) ) ;
#2076 = ORIENTED_EDGE ( 'NONE', *, *, #400, .F. ) ;
#2077 = EDGE_CURVE ( 'NONE', #9680, #707, #3982, .T. ) ;
#2078 = ORIENTED_EDGE ( 'NONE', *, *, #3568, .F. ) ;
#2079 = ADVANCED_FACE ( 'NONE', ( #8326 ), #1595, .F. ) ;
#2080 = DIRECTION ( 'NONE',  ( 0.000000000000000000, 1.000000000000000000, 1.854709381156977158E-16 ) ) ;
#2081 = DIRECTION ( 'NONE',  ( 0.000000000000000000, 1.000000000000000000, 0.000000000000000000 ) ) ;
#2082 = FACE_OUTER_BOUND ( 'NONE', #8192, .T. ) ;
#2083 = PLANE ( 'NONE',  #4173 ) ;
#2084 = DIRECTION ( 'NONE',  ( -0.6622653803999822841, 0.000000000000000000, -0.7492693547207618376 ) ) ;
#2085 = CARTESIAN_POINT ( 'NONE',  ( 60.89160900709487123, 64.13950967988908758, -51.88697158942122201 ) ) ;
#2086 = CARTESIAN_POINT ( 'NONE',  ( 34.43853890554867547, 58.49999999999995737, -40.23681451127861664 ) ) ;
#2087 = ORIENTED_EDGE ( 'NONE', *, *, #7378, .F. ) ;
#2088 = VERTEX_POINT ( 'NONE', #8972 ) ;
#2089 = CYLINDRICAL_SURFACE ( 'NONE', #8323, 5.000000000000000888 ) ;
#2090 = VERTEX_POINT ( 'NONE', #5234 ) ;
#2091 = DIRECTION ( 'NONE',  ( -0.6622653803999815070, 0.000000000000000000, -0.7492693547207626148 ) ) ;
#2092 = VECTOR ( 'NONE', #7155, 1000.000000000000000 ) ;
#2093 = VERTEX_POINT ( 'NONE', #8230 ) ;
#2094 = EDGE_CURVE ( 'NONE', #2496, #7044, #1232, .T. ) ;
#2095 = CARTESIAN_POINT ( 'NONE',  ( 60.91710324620974149, 52.88487092618679242, 51.85811017112692412 ) ) ;
#2096 = CARTESIAN_POINT ( 'NONE',  ( -64.40000000000006253, 59.13835726673799797, -4.049999999999768008 ) ) ;
#2097 = VECTOR ( 'NONE', #1597, 1000.000000000000000 ) ;
#2098 = CARTESIAN_POINT ( 'NONE',  ( 52.67945519839779678, 58.49999999999999289, 52.67945519839778257 ) ) ;
#2099 = DIRECTION ( 'NONE',  ( -0.000000000000000000, -1.000000000000000000, -0.000000000000000000 ) ) ;
#2100 = PLANE ( 'NONE',  #8462 ) ;
#2101 = CARTESIAN_POINT ( 'NONE',  ( 4.050000000000905764, 59.13835726674025040, 64.40000000000000568 ) ) ;
#2102 = ADVANCED_FACE ( 'NONE', ( #7567 ), #823, .T. ) ;
#2103 = EDGE_CURVE ( 'NONE', #1631, #1258, #6823, .T. ) ;
#2104 = ORIENTED_EDGE ( 'NONE', *, *, #7614, .F. ) ;
#2105 = EDGE_LOOP ( 'NONE', ( #7950, #994, #7277, #7895 ) ) ;
#2106 = CARTESIAN_POINT ( 'NONE',  ( -35.00000000000000000, 1.500000000000001332, 4.177332116314238064 ) ) ;
#2107 = VERTEX_POINT ( 'NONE', #1561 ) ;
#2108 = ORIENTED_EDGE ( 'NONE', *, *, #8973, .T. ) ;
#2109 = AXIS2_PLACEMENT_3D ( 'NONE', #2227, #6013, #3757 ) ;
#2110 = CIRCLE ( 'NONE', #1320, 4.099999999999998757 ) ;
#2111 = EDGE_CURVE ( 'NONE', #5212, #6829, #3595, .T. ) ;
#2112 = DIRECTION ( 'NONE',  ( 1.000000000000000000, 0.000000000000000000, -0.000000000000000000 ) ) ;
#2113 = LINE ( 'NONE', #6049, #5751 ) ;
#2114 = DIRECTION ( 'NONE',  ( -0.7071067811865401342, 0.000000000000000000, 0.7071067811865550112 ) ) ;
#2115 = DIRECTION ( 'NONE',  ( 1.000000000000000000, 0.000000000000000000, 0.000000000000000000 ) ) ;
#2116 = AXIS2_PLACEMENT_3D ( 'NONE', #4415, #682, #7376 ) ;
#2117 = VECTOR ( 'NONE', #8133, 1000.000000000000000 ) ;
#2118 = VECTOR ( 'NONE', #1879, 1000.000000000000114 ) ;
#2119 = EDGE_LOOP ( 'NONE', ( #107, #7751 ) ) ;
#2120 = CARTESIAN_POINT ( 'NONE',  ( 52.67945519839760493, 58.49999999999995737, -52.67945519839797441 ) ) ;
#2121 = ORIENTED_EDGE ( 'NONE', *, *, #9648, .T. ) ;
#2122 = CARTESIAN_POINT ( 'NONE',  ( -11.35032770630694188, 65.00000000000000000, -64.00132858745544695 ) ) ;
#2123 = CARTESIAN_POINT ( 'NONE',  ( -61.57823520990555011, 62.63942327256238940, -51.07002028496617640 ) ) ;
#2124 = AXIS2_PLACEMENT_3D ( 'NONE', #5538, #4064, #8535 ) ;
#2125 = DIRECTION ( 'NONE',  ( -0.000000000000000000, 1.000000000000000000, 0.000000000000000000 ) ) ;
#2126 = VECTOR ( 'NONE', #4815, 1000.000000000000000 ) ;
#2127 = EDGE_CURVE ( 'NONE', #8065, #5388, #6414, .T. ) ;
#2128 =( BOUNDED_CURVE ( )  B_SPLINE_CURVE ( 3, ( #961, #3959, #9123, #5387 ),
 .UNSPECIFIED., .F., .F. ) 
 B_SPLINE_CURVE_WITH_KNOTS ( ( 4, 4 ),
 ( 4.711430920051536297, 4.760194557206031796 ),
 .UNSPECIFIED. ) 
 CURVE ( )  GEOMETRIC_REPRESENTATION_ITEM ( )  RATIONAL_B_SPLINE_CURVE ( ( 1.000000000000000000, 0.9998018521240452650, 0.9998018521240452650, 1.000000000000000000 ) ) 
 REPRESENTATION_ITEM ( '' )  );
#2129 = ADVANCED_FACE ( 'NONE', ( #6728 ), #9034, .T. ) ;
#2131 = LINE ( 'NONE', #4975, #5394 ) ;
#2130 = CARTESIAN_POINT ( 'NONE',  ( 1.359357947053562156E-15, 30.90000000000000213, 11.09999999999999964 ) ) ;
#2132 = VERTEX_POINT ( 'NONE', #3733 ) ;
#2133 = AXIS2_PLACEMENT_3D ( 'NONE', #9641, #3751, #9546 ) ;
#2134 = VECTOR ( 'NONE', #6623, 1000.000000000000000 ) ;
#2135 = ORIENTED_EDGE ( 'NONE', *, *, #947, .T. ) ;
#2136 = CARTESIAN_POINT ( 'NONE',  ( 1.781881413103104661, 53.88633504566437438, -57.40000000000004832 ) ) ;
#2137 = DIRECTION ( 'NONE',  ( 0.000000000000000000, 0.000000000000000000, -1.000000000000000000 ) ) ;
#2138 = CARTESIAN_POINT ( 'NONE',  ( 74.50000000000001421, 58.49999999999999289, -1.359468093653504184E-13 ) ) ;
#2139 = AXIS2_PLACEMENT_3D ( 'NONE', #7433, #2218, #2315 ) ;
#2140 = CARTESIAN_POINT ( 'NONE',  ( 57.40000000000004832, 53.86810544861018002, -0.07732330169157530797 ) ) ;
#2141 = CARTESIAN_POINT ( 'NONE',  ( -52.56282089188245266, 65.00000000000000000, -60.30878758429724940 ) ) ;
#2142 = EDGE_CURVE ( 'NONE', #3921, #4760, #5298, .T. ) ;
#2143 = CARTESIAN_POINT ( 'NONE',  ( 56.96460173778089597, 50.00026431108516078, -56.17244353663701162 ) ) ;
#2144 = DIRECTION ( 'NONE',  ( 1.000000000000000000, -0.000000000000000000, -3.491481338843133750E-15 ) ) ;
#2145 = VERTEX_POINT ( 'NONE', #5992 ) ;
#2146 = AXIS2_PLACEMENT_3D ( 'NONE', #39, #2984, #8837 ) ;
#2147 = VERTEX_POINT ( 'NONE', #778 ) ;
#2148 = CARTESIAN_POINT ( 'NONE',  ( 5.616470491578244406, 52.09589889902443360, -79.80357042398783562 ) ) ;
#2149 = VERTEX_POINT ( 'NONE', #5251 ) ;
#2150 = DIRECTION ( 'NONE',  ( 0.000000000000000000, 0.000000000000000000, 1.000000000000000000 ) ) ;
#2151 = EDGE_LOOP ( 'NONE', ( #1389, #5597, #5003, #7581, #7024, #2653 ) ) ;
#2152 = CARTESIAN_POINT ( 'NONE',  ( 62.21564203106811419, 57.38960649903447120, 50.29129788565041537 ) ) ;
#2153 = APPLICATION_PROTOCOL_DEFINITION ( 'draft international standard', 'automotive_design', 1998, #1529 ) ;
#2154 = PLANE ( 'NONE',  #4804 ) ;
#2155 = CARTESIAN_POINT ( 'NONE',  ( -79.97711692057848154, 50.21796050772874764, 1.932895371832106912 ) ) ;
#2156 = CARTESIAN_POINT ( 'NONE',  ( 1.781881413103105771, 54.85223253308335245, -57.40000000000006253 ) ) ;
#2157 = CARTESIAN_POINT ( 'NONE',  ( 9.181544413650044589E-13, 58.49999999999999289, 74.49999999999998579 ) ) ;
#2158 = EDGE_CURVE ( 'NONE', #8181, #2698, #2178, .T. ) ;
#2159 = ORIENTED_EDGE ( 'NONE', *, *, #4920, .F. ) ;
#2160 = EDGE_LOOP ( 'NONE', ( #7616, #2494, #2538, #3823 ) ) ;
#2161 = PLANE ( 'NONE',  #3619 ) ;
#2162 = ORIENTED_EDGE ( 'NONE', *, *, #2577, .T. ) ;
#2163 = ORIENTED_EDGE ( 'NONE', *, *, #6619, .T. ) ;
#2164 = EDGE_CURVE ( 'NONE', #1469, #4213, #7518, .T. ) ;
#2165 = EDGE_CURVE ( 'NONE', #5315, #1098, #9712, .T. ) ;
#2166 = CARTESIAN_POINT ( 'NONE',  ( -42.67389424460763081, 52.90000000000000568, 48.40145917221963145 ) ) ;
#2167 = CARTESIAN_POINT ( 'NONE',  ( -45.53767670841367021, 58.49999999999995737, -45.53767670841365600 ) ) ;
#2168 = CARTESIAN_POINT ( 'NONE',  ( 60.65943617683436173, 49.91278067414285857, 5.733858381161401674 ) ) ;
#2169 = CARTESIAN_POINT ( 'NONE',  ( 56.55243854460520225, 65.00000000000000000, 48.80647185219037709 ) ) ;
#2170 = EDGE_CURVE ( 'NONE', #5315, #3287, #6050, .T. ) ;
#2171 = CARTESIAN_POINT ( 'NONE',  ( 60.77777480589438852, 49.93913512823127832, 1.939000770576996491 ) ) ;
#2172 = VECTOR ( 'NONE', #6055, 1000.000000000000000 ) ;
#2173 = ORIENTED_EDGE ( 'NONE', *, *, #3742, .F. ) ;
#2174 = CARTESIAN_POINT ( 'NONE',  ( -64.40000000000004832, 53.82346281956404255, 2.344465629617909551E-13 ) ) ;
#2175 = CARTESIAN_POINT ( 'NONE',  ( -3.865768938693549206, 50.49378412491899581, 57.40000000002058300 ) ) ;
#2176 = CARTESIAN_POINT ( 'NONE',  ( 60.30878758429727071, 65.00000000000000000, 52.56282089188243845 ) ) ;
#2177 = LINE ( 'NONE', #1535, #4242 ) ;
#2178 = CIRCLE ( 'NONE', #7676, 65.00000000000000000 ) ;
#2180 = DIRECTION ( 'NONE',  ( 0.000000000000000000, 1.000000000000000000, 0.000000000000000000 ) ) ;
#2179 = DIRECTION ( 'NONE',  ( -0.7071067811865400232, -0.000000000000000000, 0.7071067811865550112 ) ) ;
#2181 = ORIENTED_EDGE ( 'NONE', *, *, #5047, .T. ) ;
#2182 = ORIENTED_EDGE ( 'NONE', *, *, #6072, .T. ) ;
#2183 = LINE ( 'NONE', #7403, #1241 ) ;
#2184 =( BOUNDED_CURVE ( )  B_SPLINE_CURVE ( 3, ( #5950, #8946, #2213, #7141 ),
 .UNSPECIFIED., .F., .T. ) 
 B_SPLINE_CURVE_WITH_KNOTS ( ( 4, 4 ),
 ( 4.109493742189638255, 4.712388980384696779 ),
 .UNSPECIFIED. ) 
 CURVE ( )  GEOMETRIC_REPRESENTATION_ITEM ( )  RATIONAL_B_SPLINE_CURVE ( ( 1.000000000000000000, 0.9699384583855019670, 0.9699384583855019670, 1.000000000000000000 ) ) 
 REPRESENTATION_ITEM ( '' )  );
#2185 = DIRECTION ( 'NONE',  ( 0.000000000000000000, 1.000000000000000000, -0.000000000000000000 ) ) ;
#2186 = EDGE_CURVE ( 'NONE', #3875, #3037, #453, .T. ) ;
#2187 = AXIS2_PLACEMENT_3D ( 'NONE', #612, #4392, #8916 ) ;
#2188 = EDGE_CURVE ( 'NONE', #2090, #3269, #6145, .T. ) ;
#2189 = LINE ( 'NONE', #8227, #6032 ) ;
#2190 = CARTESIAN_POINT ( 'NONE',  ( -59.20153189812708661, 50.50377525058822670, -5.131832968202870049 ) ) ;
#2191 = CARTESIAN_POINT ( 'NONE',  ( 0.000000000000000000, 58.00000000000000000, 11.09999999999999964 ) ) ;
#2192 = CARTESIAN_POINT ( 'NONE',  ( 50.57730223268271175, 55.76036962810778874, -61.98372504253914173 ) ) ;
#2193 = CARTESIAN_POINT ( 'NONE',  ( 11.22106123319378668, 45.12613315233663513, 64.02425337454428700 ) ) ;
#2194 = DIRECTION ( 'NONE',  ( 0.000000000000000000, 0.000000000000000000, -1.000000000000000000 ) ) ;
#2195 = EDGE_CURVE ( 'NONE', #8375, #489, #1704, .T. ) ;
#2196 = ORIENTED_EDGE ( 'NONE', *, *, #9287, .T. ) ;
#2197 = ORIENTED_EDGE ( 'NONE', *, *, #8277, .T. ) ;
#2198 = DIRECTION ( 'NONE',  ( -0.000000000000000000, -1.000000000000000000, 0.000000000000000000 ) ) ;
#2199 = ORIENTED_EDGE ( 'NONE', *, *, #6568, .T. ) ;
#2200 = CARTESIAN_POINT ( 'NONE',  ( 42.67389424460814951, 52.90000000000000568, 48.40145917221916960 ) ) ;
#2201 = ORIENTED_EDGE ( 'NONE', *, *, #8368, .T. ) ;
#2202 = CARTESIAN_POINT ( 'NONE',  ( 58.47021884480825804, 50.43244142256114060, 54.60312189524189108 ) ) ;
#2203 = VECTOR ( 'NONE', #1025, 1000.000000000000114 ) ;
#2204 = CARTESIAN_POINT ( 'NONE',  ( -62.87045527952678015, 48.78392219261020557, 7.204598197257651826 ) ) ;
#2205 = CARTESIAN_POINT ( 'NONE',  ( -79.95356840035267965, 50.44831829737201900, 2.738213804601916657 ) ) ;
#2206 = CARTESIAN_POINT ( 'NONE',  ( 63.92857743001262349, 46.99757593165932690, -9.232515093055887689 ) ) ;
#2207 = DIRECTION ( 'NONE',  ( 0.000000000000000000, 1.000000000000000000, 0.000000000000000000 ) ) ;
#2208 = VECTOR ( 'NONE', #1934, 1000.000000000000000 ) ;
#2209 = ORIENTED_EDGE ( 'NONE', *, *, #4819, .T. ) ;
#2210 = ORIENTED_EDGE ( 'NONE', *, *, #5883, .T. ) ;
#2211 = CARTESIAN_POINT ( 'NONE',  ( -42.67389424460763081, 52.90000000000000568, 48.40145917221963145 ) ) ;
#2212 = ORIENTED_EDGE ( 'NONE', *, *, #5972, .F. ) ;
#2213 = CARTESIAN_POINT ( 'NONE',  ( -57.40000000000002700, 55.32351176966412964, 2.598160995413903773 ) ) ;
#2214 = ORIENTED_EDGE ( 'NONE', *, *, #9269, .F. ) ;
#2215 = AXIS2_PLACEMENT_3D ( 'NONE', #4746, #7893, #7117 ) ;
#2216 = VECTOR ( 'NONE', #1918, 1000.000000000000000 ) ;
#2217 = DIRECTION ( 'NONE',  ( -0.7071067811865475727, -0.000000000000000000, -0.7071067811865475727 ) ) ;
#2218 = DIRECTION ( 'NONE',  ( -0.000000000000000000, 1.000000000000000000, -0.000000000000000000 ) ) ;
#2219 = CARTESIAN_POINT ( 'NONE',  ( 58.10521046563194147, 60.83826859021802136, -4.050000000000209432 ) ) ;
#2220 = CARTESIAN_POINT ( 'NONE',  ( 57.40000000000005542, 53.87716522098337180, 3.916743474389011936 ) ) ;
#2221 = VERTEX_POINT ( 'NONE', #790 ) ;
#2222 = LINE ( 'NONE', #3839, #6054 ) ;
#2223 = DIRECTION ( 'NONE',  ( 0.000000000000000000, 0.000000000000000000, 1.000000000000000000 ) ) ;
#2224 = CARTESIAN_POINT ( 'NONE',  ( 5.733858381163525308, 49.91278067414284436, 60.65943617683424804 ) ) ;
#2225 = DIRECTION ( 'NONE',  ( 1.015447888376667621E-14, 0.000000000000000000, 1.000000000000000000 ) ) ;
#2227 = CARTESIAN_POINT ( 'NONE',  ( -52.67945519839779678, 58.49999999999999289, -52.67945519839778257 ) ) ;
#2226 = CARTESIAN_POINT ( 'NONE',  ( -62.25874094872634146, 57.94505183521493308, 50.23792566855622965 ) ) ;
#2228 = ORIENTED_EDGE ( 'NONE', *, *, #6929, .T. ) ;
#2229 = ORIENTED_EDGE ( 'NONE', *, *, #7059, .F. ) ;
#2230 = CARTESIAN_POINT ( 'NONE',  ( -72.03327283503138290, 64.00000071709243343, -29.92011830026050845 ) ) ;
#2231 = DIRECTION ( 'NONE',  ( -0.000000000000000000, 1.000000000000000000, -0.000000000000000000 ) ) ;
#2232 = CARTESIAN_POINT ( 'NONE',  ( 0.03866080389738925371, 53.84578364510152682, -57.40018703135341127 ) ) ;
#2233 = DIRECTION ( 'NONE',  ( 3.426614273534433601E-15, 0.000000000000000000, 1.000000000000000000 ) ) ;
#2234 = DIRECTION ( 'NONE',  ( 0.7071067811865475727, 0.000000000000000000, -0.7071067811865475727 ) ) ;
#2235 = CARTESIAN_POINT ( 'NONE',  ( 62.03786576734964342, 60.93016290018773873, -50.51052474475724097 ) ) ;
#2236 = CARTESIAN_POINT ( 'NONE',  ( -66.98126610706783879, 65.00000000000000000, 31.34454884647010076 ) ) ;
#2237 = EDGE_CURVE ( 'NONE', #8031, #3736, #4612, .T. ) ;
#2238 = PLANE ( 'NONE',  #4824 ) ;
#2239 = ORIENTED_EDGE ( 'NONE', *, *, #7112, .T. ) ;
#2240 = ORIENTED_EDGE ( 'NONE', *, *, #4454, .F. ) ;
#2241 = DIRECTION ( 'NONE',  ( 1.000000000000000000, 0.000000000000000000, -6.918095612377566956E-15 ) ) ;
#2242 = ORIENTED_EDGE ( 'NONE', *, *, #5489, .F. ) ;
#2243 = CARTESIAN_POINT ( 'NONE',  ( 50.25093031185849668, 59.11406220203830486, -62.24825402202047542 ) ) ;
#2244 = CARTESIAN_POINT ( 'NONE',  ( -48.80647185218978734, 65.00000000000000000, 56.55243854460571384 ) ) ;
#2245 = ADVANCED_FACE ( 'NONE', ( #1524 ), #6787, .F. ) ;
#2246 = LINE ( 'NONE', #8198, #4339 ) ;
#2247 = CARTESIAN_POINT ( 'NONE',  ( 4.049999999999542410, 56.16173140978204259, -64.40000000000007674 ) ) ;
#2248 = DIRECTION ( 'NONE',  ( 0.000000000000000000, -1.000000000000000000, 0.000000000000000000 ) ) ;
#2249 = DIRECTION ( 'NONE',  ( 0.000000000000000000, 0.000000000000000000, 1.000000000000000000 ) ) ;
#2250 = EDGE_CURVE ( 'NONE', #6829, #5519, #611, .T. ) ;
#2251 = ORIENTED_EDGE ( 'NONE', *, *, #5021, .F. ) ;
#2252 = ORIENTED_EDGE ( 'NONE', *, *, #5368, .T. ) ;
#2253 = PLANE ( 'NONE',  #7394 ) ;
#2254 = ORIENTED_EDGE ( 'NONE', *, *, #232, .T. ) ;
#2255 = ORIENTED_EDGE ( 'NONE', *, *, #1164, .F. ) ;
#2256 = EDGE_CURVE ( 'NONE', #1711, #3910, #2335, .T. ) ;
#2257 = AXIS2_PLACEMENT_3D ( 'NONE', #7110, #470, #4987 ) ;
#2258 = FACE_OUTER_BOUND ( 'NONE', #6643, .T. ) ;
#2259 = CARTESIAN_POINT ( 'NONE',  ( 5.646478818413158685, 65.00000000000000000, -60.36806642904172548 ) ) ;
#2260 = DIRECTION ( 'NONE',  ( -0.000000000000000000, -1.000000000000000000, -0.000000000000000000 ) ) ;
#2261 = DIRECTION ( 'NONE',  ( 0.7071067811865474617, 0.000000000000000000, -0.7071067811865474617 ) ) ;
#2262 = EDGE_CURVE ( 'NONE', #4603, #1116, #5472, .T. ) ;
#2263 = TOROIDAL_SURFACE ( 'NONE', #4623, 60.00000000000000711, 5.000000000000000000 ) ;
#2264 = CARTESIAN_POINT ( 'NONE',  ( 57.40000000000005542, 50.47104111603037779, -1.941248390509872745 ) ) ;
#2265 = AXIS2_PLACEMENT_3D ( 'NONE', #1334, #4338, #7345 ) ;
#2266 = ORIENTED_EDGE ( 'NONE', *, *, #7614, .T. ) ;
#2267 = VERTEX_POINT ( 'NONE', #3931 ) ;
#2268 = DIRECTION ( 'NONE',  ( -0.7071067811865550112, 0.000000000000000000, -0.7071067811865400232 ) ) ;
#2269 = DIRECTION ( 'NONE',  ( -0.000000000000000000, -1.000000000000000000, -0.000000000000000000 ) ) ;
#2270 = LINE ( 'NONE', #4530, #7932 ) ;
#2271 = B_SPLINE_CURVE_WITH_KNOTS ( 'NONE', 3,
 ( #7189, #2705, #9587, #8015, #450, #4964, #7334 ),
 .UNSPECIFIED., .F., .F.,
 ( 4, 3, 4 ),
 ( 0.001593213542510511999, 0.002954456518674312970, 0.003259114558754697480 ),
 .UNSPECIFIED. ) ;
#2272 = VECTOR ( 'NONE', #9219, 1000.000000000000000 ) ;
#2273 = CIRCLE ( 'NONE', #2739, 4.099999999999993427 ) ;
#2274 = CARTESIAN_POINT ( 'NONE',  ( 0.000000000000000000, 65.00000000000000000, 0.000000000000000000 ) ) ;
#2275 = STYLED_ITEM ( 'NONE', ( #6007 ), #3252 ) ;
#2276 = CARTESIAN_POINT ( 'NONE',  ( -27.74454884646939945, 0.000000000000000000, -64.83126610706813153 ) ) ;
#2277 = VERTEX_POINT ( 'NONE', #4708 ) ;
#2278 = EDGE_CURVE ( 'NONE', #8351, #5068, #5169, .T. ) ;
#2279 = ORIENTED_EDGE ( 'NONE', *, *, #4920, .T. ) ;
#2280 = CIRCLE ( 'NONE', #6361, 65.00000000000000000 ) ;
#2281 = VECTOR ( 'NONE', #1655, 1000.000000000000000 ) ;
#2282 = AXIS2_PLACEMENT_3D ( 'NONE', #35, #2436, #6027 ) ;
#2283 = DIRECTION ( 'NONE',  ( 0.7071067811865547892, 0.000000000000000000, 0.7071067811865400232 ) ) ;
#2284 = DIRECTION ( 'NONE',  ( 0.000000000000000000, 0.000000000000000000, 1.000000000000000000 ) ) ;
#2285 = EDGE_CURVE ( 'NONE', #3246, #7851, #3046, .T. ) ;
#2286 = AXIS2_PLACEMENT_3D ( 'NONE', #8217, #553, #5813 ) ;
#2287 = CARTESIAN_POINT ( 'NONE',  ( -60.99758666566196297, 49.83704513215163701, -5.856933535191014784 ) ) ;
#2288 = CIRCLE ( 'NONE', #560, 2.149999999999999023 ) ;
#2289 = CARTESIAN_POINT ( 'NONE',  ( 59.17160513588390813, 50.86091162790837217, -53.84220863943676960 ) ) ;
#2290 = FACE_OUTER_BOUND ( 'NONE', #1998, .T. ) ;
#2291 = CARTESIAN_POINT ( 'NONE',  ( -60.30878758429670228, 65.00000000000000000, 52.56282089188308504 ) ) ;
#2292 = ORIENTED_EDGE ( 'NONE', *, *, #4618, .T. ) ;
#2293 = EDGE_LOOP ( 'NONE', ( #8314, #1515, #8578 ) ) ;
#2294 = PLANE ( 'NONE',  #4602 ) ;
#2295 = CARTESIAN_POINT ( 'NONE',  ( 74.50000000000000000, 65.00000000000000000, -5.477225575051780204 ) ) ;
#2296 = DIRECTION ( 'NONE',  ( 0.000000000000000000, 0.000000000000000000, 1.000000000000000000 ) ) ;
#2297 = CIRCLE ( 'NONE', #1194, 10.00000000000000178 ) ;
#2298 = CARTESIAN_POINT ( 'NONE',  ( 60.39273699337582002, 52.10336565111526852, 52.46678697512361822 ) ) ;
#2299 = CARTESIAN_POINT ( 'NONE',  ( -50.23792566855492936, 58.49999999999999289, 62.25874094872742148 ) ) ;
#2300 = CARTESIAN_POINT ( 'NONE',  ( -79.97002591989451048, 50.28650355091356516, 2.205871519601842579 ) ) ;
#2301 = DIRECTION ( 'NONE',  ( -1.000000000000000000, 0.000000000000000000, 5.329070518200751394E-15 ) ) ;
#2302 = CARTESIAN_POINT ( 'NONE',  ( 42.67389424460797187, 65.00000000000000000, -48.40145917221933303 ) ) ;
#2303 = CIRCLE ( 'NONE', #2929, 8.499999999999998224 ) ;
#2304 = VERTEX_POINT ( 'NONE', #6882 ) ;
#2305 = EDGE_LOOP ( 'NONE', ( #508, #2279 ) ) ;
#2306 = ORIENTED_EDGE ( 'NONE', *, *, #6187, .T. ) ;
#2307 = DIRECTION ( 'NONE',  ( 0.000000000000000000, 0.000000000000000000, 1.000000000000000000 ) ) ;
#2308 = EDGE_CURVE ( 'NONE', #4161, #8147, #2316, .T. ) ;
#2309 = ORIENTED_EDGE ( 'NONE', *, *, #9678, .T. ) ;
#2310 = VERTEX_POINT ( 'NONE', #153 ) ;
#2311 = VECTOR ( 'NONE', #8974, 1000.000000000000000 ) ;
#2312 = ADVANCED_FACE ( 'NONE', ( #8309 ), #4570, .F. ) ;
#2313 = LINE ( 'NONE', #9632, #3938 ) ;
#2314 = EDGE_CURVE ( 'NONE', #962, #7909, #834, .T. ) ;
#2315 = DIRECTION ( 'NONE',  ( 0.000000000000000000, 0.000000000000000000, 1.000000000000000000 ) ) ;
#2316 = LINE ( 'NONE', #5309, #4380 ) ;
#2317 = CARTESIAN_POINT ( 'NONE',  ( 79.62417291438570999, 54.98929658410193611, 7.746132394591517922 ) ) ;
#2318 = CARTESIAN_POINT ( 'NONE',  ( -60.65943617683439726, 49.91278067414285857, -5.733858381160974460 ) ) ;
#2319 = VERTEX_POINT ( 'NONE', #2999 ) ;
#2320 = VERTEX_POINT ( 'NONE', #1672 ) ;
#2321 = FACE_OUTER_BOUND ( 'NONE', #22, .T. ) ;
#2322 =( NAMED_UNIT ( * ) SI_UNIT ( $, .STERADIAN. ) SOLID_ANGLE_UNIT ( ) );
#2323 = CARTESIAN_POINT ( 'NONE',  ( 5.477225575051215323, 65.00000000000000000, -79.81227975693968801 ) ) ;
#2324 = EDGE_CURVE ( 'NONE', #6268, #8122, #6001, .T. ) ;
#2325 = CIRCLE ( 'NONE', #8761, 4.099999999999998757 ) ;
#2326 = DIRECTION ( 'NONE',  ( 0.000000000000000000, 0.000000000000000000, 1.000000000000000000 ) ) ;
#2327 = ORIENTED_EDGE ( 'NONE', *, *, #2636, .F. ) ;
#2328 = VERTEX_POINT ( 'NONE', #6103 ) ;
#2329 = DIRECTION ( 'NONE',  ( 0.7071067811865475727, 0.000000000000000000, 0.7071067811865475727 ) ) ;
#2330 = CARTESIAN_POINT ( 'NONE',  ( -57.40000000000004121, 50.47104111603716348, 1.941248390512098299 ) ) ;
#2331 = AXIS2_PLACEMENT_3D ( 'NONE', #8409, #7033, #2459 ) ;
#2332 = CARTESIAN_POINT ( 'NONE',  ( -28.37734619600018249, 65.00000000000000000, -11.67002566352176984 ) ) ;
#2333 = DIRECTION ( 'NONE',  ( -0.7071067811865476838, -0.000000000000000000, -0.7071067811865474617 ) ) ;
#2334 = CARTESIAN_POINT ( 'NONE',  ( 57.40056085429985444, 53.82346281956404255, -2.100081518022105943E-13 ) ) ;
#2335 = CIRCLE ( 'NONE', #1869, 2.149999999999999023 ) ;
#2336 = DIRECTION ( 'NONE',  ( 0.7071067811865401342, -0.000000000000000000, -0.7071067811865549002 ) ) ;
#2337 = EDGE_CURVE ( 'NONE', #6542, #461, #2358, .T. ) ;
#2338 = ORIENTED_EDGE ( 'NONE', *, *, #5624, .F. ) ;
#2339 = ORIENTED_EDGE ( 'NONE', *, *, #4622, .F. ) ;
#2340 = PLANE ( 'NONE',  #3653 ) ;
#2341 = CARTESIAN_POINT ( 'NONE',  ( 9.181544413650044589E-13, 58.49999999999999289, 64.39999999999999147 ) ) ;
#2342 = CARTESIAN_POINT ( 'NONE',  ( 0.000000000000000000, 45.00000000000000711, 0.000000000000000000 ) ) ;
#2343 = EDGE_CURVE ( 'NONE', #1659, #3284, #1122, .T. ) ;
#2344 = DIRECTION ( 'NONE',  ( 0.000000000000000000, 0.000000000000000000, 1.000000000000000000 ) ) ;
#2345 = CYLINDRICAL_SURFACE ( 'NONE', #642, 2.149999999999999023 ) ;
#2346 = VECTOR ( 'NONE', #4266, 1000.000000000000114 ) ;
#2347 = DIRECTION ( 'NONE',  ( -0.6622653803999826172, 0.000000000000000000, 0.7492693547207615046 ) ) ;
#2348 = CARTESIAN_POINT ( 'NONE',  ( 9.181544413650044589E-13, 58.49999999999999289, 64.39999999999999147 ) ) ;
#2349 = CARTESIAN_POINT ( 'NONE',  ( -4.050000000000411937, 60.83826859021802136, -58.10521046563223990 ) ) ;
#2350 = ORIENTED_EDGE ( 'NONE', *, *, #2324, .F. ) ;
#2351 = ORIENTED_EDGE ( 'NONE', *, *, #2913, .T. ) ;
#2352 = ORIENTED_EDGE ( 'NONE', *, *, #3043, .F. ) ;
#2353 = FACE_BOUND ( 'NONE', #4096, .T. ) ;
#2354 = ORIENTED_EDGE ( 'NONE', *, *, #3100, .T. ) ;
#2355 = ORIENTED_EDGE ( 'NONE', *, *, #4940, .T. ) ;
#2356 = CARTESIAN_POINT ( 'NONE',  ( 79.65411691608370859, 62.63505595538026682, 7.432880542166814486 ) ) ;
#2357 = CARTESIAN_POINT ( 'NONE',  ( -59.07814946534337963, 65.00000000000000000, 10.47722557505318264 ) ) ;
#2358 = LINE ( 'NONE', #1620, #3906 ) ;
#2359 = PLANE ( 'NONE',  #1161 ) ;
#2360 = ADVANCED_FACE ( 'NONE', ( #4753 ), #4953, .T. ) ;
#2361 = DIRECTION ( 'NONE',  ( 0.8660254037844375974, 0.5000000000000018874, -5.991246546128627547E-15 ) ) ;
#2362 = VECTOR ( 'NONE', #2977, 1000.000000000000000 ) ;
#2363 = EDGE_LOOP ( 'NONE', ( #8737, #984, #7630, #5894 ) ) ;
#2364 = ORIENTED_EDGE ( 'NONE', *, *, #7031, .T. ) ;
#2365 = DIRECTION ( 'NONE',  ( 0.000000000000000000, 1.000000000000000000, 0.000000000000000000 ) ) ;
#2366 = VECTOR ( 'NONE', #324, 1000.000000000000000 ) ;
#2367 = CARTESIAN_POINT ( 'NONE',  ( -5.477225575050660211, 65.00000000000000000, 79.81227975693973065 ) ) ;
#2368 = CARTESIAN_POINT ( 'NONE',  ( -42.67389424460763081, 57.86164273325972118, 48.40145917221963145 ) ) ;
#2369 = AXIS2_PLACEMENT_3D ( 'NONE', #9333, #2607, #1870 ) ;
#2370 = AXIS2_PLACEMENT_3D ( 'NONE', #3405, #6400, #1321 ) ;
#2371 = CARTESIAN_POINT ( 'NONE',  ( 27.74454884646939945, 14.70000000000000462, 63.38126610706812158 ) ) ;
#2372 = ORIENTED_EDGE ( 'NONE', *, *, #731, .F. ) ;
#2373 = EDGE_LOOP ( 'NONE', ( #8302, #2398, #3895, #5491 ) ) ;
#2374 = CARTESIAN_POINT ( 'NONE',  ( -45.53767670841367021, 58.49999999999995737, -45.53767670841365600 ) ) ;
#2375 = CARTESIAN_POINT ( 'NONE',  ( 9.181544413650044589E-13, 58.49999999999999289, 64.39999999999999147 ) ) ;
#2376 = EDGE_CURVE ( 'NONE', #2319, #9083, #7860, .T. ) ;
#2377 = EDGE_CURVE ( 'NONE', #6861, #1160, #6894, .T. ) ;
#2378 = PLANE ( 'NONE',  #6549 ) ;
#2379 = DIRECTION ( 'NONE',  ( -0.7071067811865400232, 0.000000000000000000, 0.7071067811865550112 ) ) ;
#2380 = ADVANCED_FACE ( 'NONE', ( #8549 ), #5649, .F. ) ;
#2381 = CARTESIAN_POINT ( 'NONE',  ( -45.53767670841366311, 53.82346281956402123, -45.53767670841366311 ) ) ;
#2382 = ORIENTED_EDGE ( 'NONE', *, *, #2904, .F. ) ;
#2383 = VERTEX_POINT ( 'NONE', #1218 ) ;
#2384 = CARTESIAN_POINT ( 'NONE',  ( 60.82975683591010352, 49.87967620434614702, 5.790637834212339463 ) ) ;
#2385 = LINE ( 'NONE', #3077, #3225 ) ;
#2386 = CARTESIAN_POINT ( 'NONE',  ( -60.36806642904151232, 49.98058182672757255, 5.646478818415675782 ) ) ;
#2387 = CARTESIAN_POINT ( 'NONE',  ( -0.03866080389698842157, 53.84578364510152682, 57.40018703135341127 ) ) ;
#2388 = FACE_OUTER_BOUND ( 'NONE', #4991, .T. ) ;
#2389 = EDGE_CURVE ( 'NONE', #6268, #477, #388, .T. ) ;
#2390 = CARTESIAN_POINT ( 'NONE',  ( -4.850770448145670599, 50.78903894382391826, -58.82369293879649064 ) ) ;
#2391 = DIRECTION ( 'NONE',  ( -0.5000000000000018874, -0.8660254037844375974, 6.982962677686294321E-15 ) ) ;
#2392 = EDGE_LOOP ( 'NONE', ( #4227, #9208, #1710, #7068, #8207, #8595, #8593 ) ) ;
#2393 = ORIENTED_EDGE ( 'NONE', *, *, #3994, .T. ) ;
#2394 = EDGE_CURVE ( 'NONE', #6877, #9680, #9245, .T. ) ;
#2395 = ORIENTED_EDGE ( 'NONE', *, *, #7620, .T. ) ;
#2396 = CYLINDRICAL_SURFACE ( 'NONE', #1099, 3.600000000000005862 ) ;
#2397 = EDGE_LOOP ( 'NONE', ( #8194, #2058, #3237, #5004 ) ) ;
#2398 = ORIENTED_EDGE ( 'NONE', *, *, #3451, .T. ) ;
#2399 = EDGE_CURVE ( 'NONE', #5198, #2928, #8845, .T. ) ;
#2400 = CARTESIAN_POINT ( 'NONE',  ( -9.330418276185154625, 46.90787688348201812, -63.95060260500191873 ) ) ;
#2401 = ADVANCED_FACE ( 'NONE', ( #6974, #6435, #243, #6389, #3296, #4808 ), #3242, .F. ) ;
#2402 = CARTESIAN_POINT ( 'NONE',  ( 45.02950970490493177, 65.00000000000000000, 26.38856624071847534 ) ) ;
#2403 = PLANE ( 'NONE',  #7619 ) ;
#2404 = CARTESIAN_POINT ( 'NONE',  ( -64.40000000000006253, 60.83826859021803557, -4.049999999999768008 ) ) ;
#2405 = DIRECTION ( 'NONE',  ( -0.7071067811865400232, 0.000000000000000000, 0.7071067811865551223 ) ) ;
#2406 = CARTESIAN_POINT ( 'NONE',  ( 7.376415736030495829, 54.24005608726668726, 79.65980468866536057 ) ) ;
#2407 = ORIENTED_EDGE ( 'NONE', *, *, #3114, .F. ) ;
#2408 = ORIENTED_EDGE ( 'NONE', *, *, #7897, .F. ) ;
#2409 = CARTESIAN_POINT ( 'NONE',  ( -45.53767670841317994, 53.82346281956404255, 45.53767670841413917 ) ) ;
#2410 = DIRECTION ( 'NONE',  ( -0.000000000000000000, 1.000000000000000000, -0.000000000000000000 ) ) ;
#2411 = CIRCLE ( 'NONE', #6339, 4.099999999999993427 ) ;
#2412 = CARTESIAN_POINT ( 'NONE',  ( -42.67389424460814951, 56.16173140978197154, -48.40145917221916960 ) ) ;
#2413 = CARTESIAN_POINT ( 'NONE',  ( -64.40000000000006253, 56.16173140978204259, -4.049999999999767120 ) ) ;
#2414 = CIRCLE ( 'NONE', #3675, 65.00000000000000000 ) ;
#2415 = VECTOR ( 'NONE', #2972, 1000.000000000000114 ) ;
#2416 = ORIENTED_EDGE ( 'NONE', *, *, #1214, .F. ) ;
#2417 = ORIENTED_EDGE ( 'NONE', *, *, #9093, .F. ) ;
#2418 = CARTESIAN_POINT ( 'NONE',  ( -1.941248390511205457, 50.47104111603716348, -57.40000000000004121 ) ) ;
#2419 = DIRECTION ( 'NONE',  ( -0.7071067811865400232, -0.000000000000000000, 0.7071067811865550112 ) ) ;
#2420 = EDGE_CURVE ( 'NONE', #587, #1539, #4171, .T. ) ;
#2421 = VECTOR ( 'NONE', #9377, 1000.000000000000114 ) ;
#2422 = AXIS2_PLACEMENT_3D ( 'NONE', #3295, #6293, #9325 ) ;
#2423 = CARTESIAN_POINT ( 'NONE',  ( 0.000000000000000000, 45.00000000000000711, 0.000000000000000000 ) ) ;
#2424 = CIRCLE ( 'NONE', #7919, 8.500000000000000000 ) ;
#2425 = EDGE_CURVE ( 'NONE', #5651, #7802, #6294, .T. ) ;
#2426 = EDGE_CURVE ( 'NONE', #7412, #3495, #6269, .T. ) ;
#2427 = DIRECTION ( 'NONE',  ( 1.000000000000000000, 0.000000000000000000, 0.000000000000000000 ) ) ;
#2428 = FACE_OUTER_BOUND ( 'NONE', #8224, .T. ) ;
#2429 = VECTOR ( 'NONE', #2852, 1000.000000000000000 ) ;
#2430 = AXIS2_PLACEMENT_3D ( 'NONE', #2348, #4652, #7657 ) ;
#2431 = AXIS2_PLACEMENT_3D ( 'NONE', #8466, #1925, #987 ) ;
#2432 = DIRECTION ( 'NONE',  ( -0.000000000000000000, 1.000000000000000000, -0.000000000000000000 ) ) ;
#2433 = ORIENTED_EDGE ( 'NONE', *, *, #512, .T. ) ;
#2434 = EDGE_LOOP ( 'NONE', ( #8832, #576, #676, #5663, #3657, #722, #6595, #5590, #8214, #7536 ) ) ;
#2435 = CARTESIAN_POINT ( 'NONE',  ( 3.675709463856356329, 51.97856443953604355, 57.87083936263587702 ) ) ;
#2436 = DIRECTION ( 'NONE',  ( -0.000000000000000000, 1.000000000000000000, -0.000000000000000000 ) ) ;
#2437 = DIRECTION ( 'NONE',  ( -0.7071067811865475727, -0.000000000000000000, -0.7071067811865475727 ) ) ;
#2438 = DIRECTION ( 'NONE',  ( 1.000000000000000000, 0.000000000000000000, 0.000000000000000000 ) ) ;
#2439 = EDGE_CURVE ( 'NONE', #3908, #863, #6940, .T. ) ;
#2440 = VECTOR ( 'NONE', #8661, 1000.000000000000000 ) ;
#2441 = LINE ( 'NONE', #9261, #6052 ) ;
#2442 = PLANE ( 'NONE',  #2464 ) ;
#2443 = CARTESIAN_POINT ( 'NONE',  ( 57.40000000000004832, 53.89042705671922562, 0.1159854610426550720 ) ) ;
#2444 = LINE ( 'NONE', #1707, #5258 ) ;
#2445 = ORIENTED_EDGE ( 'NONE', *, *, #6548, .F. ) ;
#2446 = ORIENTED_EDGE ( 'NONE', *, *, #5733, .T. ) ;
#2447 = CIRCLE ( 'NONE', #5277, 4.099999999999998757 ) ;
#2448 = ORIENTED_EDGE ( 'NONE', *, *, #4471, .T. ) ;
#2449 = AXIS2_PLACEMENT_3D ( 'NONE', #9212, #1505, #4504 ) ;
#2450 = LINE ( 'NONE', #5304, #6289 ) ;
#2451 = ORIENTED_EDGE ( 'NONE', *, *, #9528, .T. ) ;
#2452 = EDGE_LOOP ( 'NONE', ( #9084, #8457, #952, #3897, #3285, #6766, #7100, #3784, #3195, #9270, #3669, #802, #7838, #2228, #8488 ) ) ;
#2453 = AXIS2_PLACEMENT_3D ( 'NONE', #1994, #8678, #1148 ) ;
#2454 = CARTESIAN_POINT ( 'NONE',  ( -10.24963992325167084, 46.05499388880115674, -64.07814946534321621 ) ) ;
#2455 = CARTESIAN_POINT ( 'NONE',  ( 25.00000000000000000, 30.90000000000000213, 4.177332116314169674 ) ) ;
#2456 = FACE_OUTER_BOUND ( 'NONE', #3683, .T. ) ;
#2457 = DIRECTION ( 'NONE',  ( 0.8660254037844380415, -0.5000000000000011102, -5.991246546128633857E-15 ) ) ;
#2458 = CARTESIAN_POINT ( 'NONE',  ( 3.377632643772216614, 61.22646006433023302, -57.64235574244816007 ) ) ;
#2459 = DIRECTION ( 'NONE',  ( 0.000000000000000000, 0.000000000000000000, 1.000000000000000000 ) ) ;
#2460 = ORIENTED_EDGE ( 'NONE', *, *, #5917, .F. ) ;
#2461 = VERTEX_POINT ( 'NONE', #439 ) ;
#2462 = EDGE_CURVE ( 'NONE', #7966, #6920, #9281, .T. ) ;
#2463 = VERTEX_POINT ( 'NONE', #340 ) ;
#2464 = AXIS2_PLACEMENT_3D ( 'NONE', #7565, #2347, #7703 ) ;
#2465 = DIRECTION ( 'NONE',  ( 0.7071067811865550112, 0.000000000000000000, 0.7071067811865398012 ) ) ;
#2466 = EDGE_CURVE ( 'NONE', #7851, #786, #737, .T. ) ;
#2467 = ADVANCED_FACE ( 'NONE', ( #632 ), #8052, .T. ) ;
#2468 = DIRECTION ( 'NONE',  ( 0.6123724356957964687, 0.4999999999999952816, -0.6123724356957964687 ) ) ;
#2469 = CARTESIAN_POINT ( 'NONE',  ( -50.50159858961630022, 60.95141844009415877, 62.04520085358374359 ) ) ;
#2470 = ORIENTED_EDGE ( 'NONE', *, *, #150, .T. ) ;
#2471 = ORIENTED_EDGE ( 'NONE', *, *, #141, .F. ) ;
#2472 = CARTESIAN_POINT ( 'NONE',  ( -46.66904755831214402, 58.49999999999999289, -58.68986283848343533 ) ) ;
#2473 = DIRECTION ( 'NONE',  ( -0.000000000000000000, -1.000000000000000000, 0.000000000000000000 ) ) ;
#2474 = VECTOR ( 'NONE', #6453, 1000.000000000000000 ) ;
#2475 = PLANE ( 'NONE',  #9521 ) ;
#2476 = LINE ( 'NONE', #6947, #2097 ) ;
#2477 = CARTESIAN_POINT ( 'NONE',  ( 5.733858381161609508, 49.91278067414286568, -60.65943617683433331 ) ) ;
#2478 = ADVANCED_FACE ( 'NONE', ( #2939 ), #6480, .F. ) ;
#2479 = ORIENTED_EDGE ( 'NONE', *, *, #555, .F. ) ;
#2480 = EDGE_CURVE ( 'NONE', #707, #285, #8781, .T. ) ;
#2481 = ORIENTED_EDGE ( 'NONE', *, *, #7092, .T. ) ;
#2482 = AXIS2_PLACEMENT_3D ( 'NONE', #7873, #1231, #1132 ) ;
#2483 = CARTESIAN_POINT ( 'NONE',  ( -42.67389424460763081, 52.90000000000000568, 48.40145917221963145 ) ) ;
#2484 = CARTESIAN_POINT ( 'NONE',  ( -64.39999999999999147, 58.49999999999995737, 5.701467076235642709E-13 ) ) ;
#2485 = DIRECTION ( 'NONE',  ( 0.000000000000000000, 0.000000000000000000, 1.000000000000000000 ) ) ;
#2486 = CARTESIAN_POINT ( 'NONE',  ( 64.40000000000006253, 61.68822425195686776, 2.577833609687292249 ) ) ;
#2487 = LINE ( 'NONE', #9164, #6517 ) ;
#2488 = CIRCLE ( 'NONE', #9389, 4.099999999999999645 ) ;
#2489 = CARTESIAN_POINT ( 'NONE',  ( 64.40000000000006253, 57.86164273325907459, 4.049999999999767120 ) ) ;
#2490 = DIRECTION ( 'NONE',  ( 0.6123724356957965798, 0.5000000000000004441, 0.6123724356957921389 ) ) ;
#2491 = DIRECTION ( 'NONE',  ( 0.7071067811865476838, -0.000000000000000000, 0.7071067811865474617 ) ) ;
#2492 = ORIENTED_EDGE ( 'NONE', *, *, #6399, .T. ) ;
#2493 = ORIENTED_EDGE ( 'NONE', *, *, #6795, .F. ) ;
#2494 = ORIENTED_EDGE ( 'NONE', *, *, #8516, .T. ) ;
#2495 = CARTESIAN_POINT ( 'NONE',  ( 60.89815246874872656, 64.15381136118418226, 51.88020230771103769 ) ) ;
#2496 = VERTEX_POINT ( 'NONE', #530 ) ;
#2497 = ORIENTED_EDGE ( 'NONE', *, *, #2936, .T. ) ;
#2498 = VECTOR ( 'NONE', #5181, 1000.000000000000000 ) ;
#2499 = CARTESIAN_POINT ( 'NONE',  ( -8.648034604434100103, 47.52792432982957394, -63.75553406665849820 ) ) ;
#2500 = CARTESIAN_POINT ( 'NONE',  ( 58.10521046563327729, 56.16173140978204259, 4.049999999999789324 ) ) ;
#2501 = DIRECTION ( 'NONE',  ( -1.776356839400250465E-15, 0.000000000000000000, -1.000000000000000000 ) ) ;
#2502 = DIRECTION ( 'NONE',  ( 2.967535009851174102E-15, 0.5000000000000018874, 0.8660254037844375974 ) ) ;
#2503 = CARTESIAN_POINT ( 'NONE',  ( -64.39999999999999147, 58.49999999999995737, 5.701467076235642709E-13 ) ) ;
#2504 = ORIENTED_EDGE ( 'NONE', *, *, #1459, .T. ) ;
#2505 = DIRECTION ( 'NONE',  ( -2.967535009851168580E-15, -0.5000000000000009992, -0.8660254037844380415 ) ) ;
#2506 = ORIENTED_EDGE ( 'NONE', *, *, #4082, .T. ) ;
#2507 = CARTESIAN_POINT ( 'NONE',  ( 27.74454884646939945, -35.59999999999999432, 69.13126610706812869 ) ) ;
#2508 = ORIENTED_EDGE ( 'NONE', *, *, #7521, .T. ) ;
#2509 = LINE ( 'NONE', #5511, #9345 ) ;
#2510 = CARTESIAN_POINT ( 'NONE',  ( 57.40000000000004121, 62.14776746691583043, -1.781881413105229628 ) ) ;
#2511 = DIRECTION ( 'NONE',  ( -0.7071067811865475727, 0.000000000000000000, -0.7071067811865474617 ) ) ;
#2512 = CARTESIAN_POINT ( 'NONE',  ( -64.04231116754812092, 45.25393385406459856, -11.08916899679901391 ) ) ;
#2513 = B_SPLINE_CURVE_WITH_KNOTS ( 'NONE', 3,
 ( #1310, #6678, #3580, #7468, #9673, #6726, #5102, #7421, #2204, #7373, #8987, #5838, #8103, #4412, #2937, #5153, #5203, #1361, #3731, #9722, #2885, #732 ),
 .UNSPECIFIED., .F., .F.,
 ( 4, 2, 2, 2, 2, 2, 2, 2, 2, 2, 4 ),
 ( 0.0009409463969580864236, 0.001487118784310448565, 0.002033291171662811141, 0.003125635946367542797, 0.004217980721072288330, 0.005310325495777033430, 0.006402670270481778531, 0.007495015045186523631, 0.008587359819891270465, 0.009133532207243643883, 0.009679704594596015566 ),
 .UNSPECIFIED. ) ;
#2514 = CIRCLE ( 'NONE', #6600, 8.500000000000000000 ) ;
#2515 = EDGE_LOOP ( 'NONE', ( #7862, #478, #3686, #4606, #2604, #3185, #3148, #3787, #9271, #1563 ) ) ;
#2516 = VECTOR ( 'NONE', #1146, 1000.000000000000000 ) ;
#2517 = ORIENTED_EDGE ( 'NONE', *, *, #5639, .T. ) ;
#2518 = ADVANCED_FACE ( 'NONE', ( #2009 ), #3680, .T. ) ;
#2519 = CARTESIAN_POINT ( 'NONE',  ( 4.049999999999542410, 56.16173140978204259, -64.40000000000007674 ) ) ;
#2520 = CIRCLE ( 'NONE', #9591, 4.099999999999999645 ) ;
#2521 = CARTESIAN_POINT ( 'NONE',  ( -60.73678965849312306, 49.93175828849869902, -3.877008887966687745 ) ) ;
#2522 = EDGE_CURVE ( 'NONE', #3960, #1469, #5185, .T. ) ;
#2523 = DIRECTION ( 'NONE',  ( 0.000000000000000000, 0.000000000000000000, 1.000000000000000000 ) ) ;
#2524 = DIRECTION ( 'NONE',  ( 0.000000000000000000, -1.000000000000000000, -0.000000000000000000 ) ) ;
#2525 = CARTESIAN_POINT ( 'NONE',  ( 5.831681320875898855, 49.85574637072515713, -60.95287450125631068 ) ) ;
#2526 = ORIENTED_EDGE ( 'NONE', *, *, #7200, .T. ) ;
#2527 = VERTEX_POINT ( 'NONE', #7275 ) ;
#2528 = PLANE ( 'NONE',  #6651 ) ;
#2529 = DIRECTION ( 'NONE',  ( 0.000000000000000000, 1.000000000000000000, 0.000000000000000000 ) ) ;
#2530 = CARTESIAN_POINT ( 'NONE',  ( 64.40000000000004832, 63.17653718043602140, -2.200586528512667334E-13 ) ) ;
#2531 = CYLINDRICAL_SURFACE ( 'NONE', #6847, 8.499999999999998224 ) ;
#2532 = CARTESIAN_POINT ( 'NONE',  ( -4.049999999999092992, 60.83826859021803557, 64.40000000000010516 ) ) ;
#2533 = CARTESIAN_POINT ( 'NONE',  ( -5.131832968203479339, 50.50377525058823380, 59.20153189812699424 ) ) ;
#2534 = CARTESIAN_POINT ( 'NONE',  ( 4.050000000000808065, 56.16173140978203548, 57.39999999999999147 ) ) ;
#2535 = DIRECTION ( 'NONE',  ( 8.826273045769994496E-15, 0.000000000000000000, 1.000000000000000000 ) ) ;
#2536 = CARTESIAN_POINT ( 'NONE',  ( 5.646478818413158685, 49.98058182672756544, -60.36806642904172548 ) ) ;
#2537 = ORIENTED_EDGE ( 'NONE', *, *, #3759, .T. ) ;
#2538 = ORIENTED_EDGE ( 'NONE', *, *, #691, .F. ) ;
#2539 = ORIENTED_EDGE ( 'NONE', *, *, #448, .T. ) ;
#2540 = CARTESIAN_POINT ( 'NONE',  ( 61.37273110752374805, 63.16750877102306561, 51.31680011256830198 ) ) ;
#2541 = ORIENTED_EDGE ( 'NONE', *, *, #4876, .F. ) ;
#2542 = ORIENTED_EDGE ( 'NONE', *, *, #4435, .F. ) ;
#2543 = EDGE_CURVE ( 'NONE', #3598, #5540, #2790, .T. ) ;
#2544 = EDGE_CURVE ( 'NONE', #6004, #2328, #585, .T. ) ;
#2545 = CARTESIAN_POINT ( 'NONE',  ( 9.181544413650044589E-13, 58.49999999999999289, 64.39999999999999147 ) ) ;
#2546 = CARTESIAN_POINT ( 'NONE',  ( 42.67389424460814951, 65.00000000000000000, 48.40145917221916960 ) ) ;
#2547 = PLANE ( 'NONE',  #4307 ) ;
#2548 = DIRECTION ( 'NONE',  ( 0.7071067811865401342, -0.000000000000000000, -0.7071067811865550112 ) ) ;
#2549 = CARTESIAN_POINT ( 'NONE',  ( -3.470779219583164175E-13, 58.49999999999999289, -64.40000000000000568 ) ) ;
#2550 = VERTEX_POINT ( 'NONE', #2156 ) ;
#2551 = CARTESIAN_POINT ( 'NONE',  ( 8.444778628927302577, 57.38513242578095941, 79.55311142929190282 ) ) ;
#2552 = ORIENTED_EDGE ( 'NONE', *, *, #8075, .T. ) ;
#2553 = CARTESIAN_POINT ( 'NONE',  ( -2.598160995412011953, 55.32351176966362516, 57.40000000000004121 ) ) ;
#2554 = ORIENTED_EDGE ( 'NONE', *, *, #4835, .T. ) ;
#2555 = DIRECTION ( 'NONE',  ( -1.776356839400250465E-15, 0.000000000000000000, -1.000000000000000000 ) ) ;
#2556 = ADVANCED_FACE ( 'NONE', ( #485 ), #2100, .T. ) ;
#2557 = CARTESIAN_POINT ( 'NONE',  ( -35.00000000000000000, 65.00000000000000000, 4.177332116314238064 ) ) ;
#2558 = CARTESIAN_POINT ( 'NONE',  ( -50.65648157573715338, 61.53346678176449558, 61.91921060147368649 ) ) ;
#2559 = FACE_OUTER_BOUND ( 'NONE', #9226, .T. ) ;
#2560 = ORIENTED_EDGE ( 'NONE', *, *, #3600, .F. ) ;
#2561 = CARTESIAN_POINT ( 'NONE',  ( -58.10521046563358993, 60.83826859021803557, -4.049999999999790212 ) ) ;
#2562 = CARTESIAN_POINT ( 'NONE',  ( 60.10735055216335354, 50.05142392732718548, 5.576861873200757991 ) ) ;
#2563 = B_SPLINE_CURVE_WITH_KNOTS ( 'NONE', 3,
 ( #519, #8826, #8233, #8092, #7553, #2825, #8878, #6617, #766, #3020, #9711, #5872, #4444, #8142, #810, #9661, #669, #3618, #30, #719, #2193, #1399 ),
 .UNSPECIFIED., .F., .F.,
 ( 4, 2, 2, 2, 2, 2, 2, 2, 2, 2, 4 ),
 ( 0.0009409463969580837131, 0.001487118784310451384, 0.002033291171662818947, 0.003125635946367562312, 0.004217980721072304810, 0.005310325495777048176, 0.006402670270481790674, 0.007495015045186534039, 0.008587359819891277404, 0.009133532207243647352, 0.009679704594596017300 ),
 .UNSPECIFIED. ) ;
#2564 = CARTESIAN_POINT ( 'NONE',  ( -7.686123034812489152, 48.37295897781994114, 63.23764703934338627 ) ) ;
#2565 = VECTOR ( 'NONE', #2037, 1000.000000000000000 ) ;
#2566 = EDGE_CURVE ( 'NONE', #5415, #5877, #9623, .T. ) ;
#2567 = CARTESIAN_POINT ( 'NONE',  ( 0.000000000000000000, 37.90000000000000568, -11.09999999999999964 ) ) ;
#2568 = ORIENTED_EDGE ( 'NONE', *, *, #7093, .T. ) ;
#2569 = VECTOR ( 'NONE', #7349, 1000.000000000000000 ) ;
#2570 = ORIENTED_EDGE ( 'NONE', *, *, #5584, .T. ) ;
#2571 = AXIS2_PLACEMENT_3D ( 'NONE', #3362, #1980, #8574 ) ;
#2572 = LINE ( 'NONE', #5578, #8371 ) ;
#2573 = CARTESIAN_POINT ( 'NONE',  ( 5.477225575051242856, 65.00000000000000000, -74.50000000000002842 ) ) ;
#2574 = CARTESIAN_POINT ( 'NONE',  ( 8.499999999999570122, 59.12294472333459794, -79.54715582596280399 ) ) ;
#2575 = EDGE_CURVE ( 'NONE', #3134, #9363, #6586, .T. ) ;
#2576 = DIRECTION ( 'NONE',  ( -0.7071067811865451302, -0.000000000000000000, 0.7071067811865500152 ) ) ;
#2577 = EDGE_CURVE ( 'NONE', #1274, #8045, #5840, .T. ) ;
#2578 = CARTESIAN_POINT ( 'NONE',  ( 42.67389424460797187, 52.90000000000000568, -48.40145917221933303 ) ) ;
#2579 = CARTESIAN_POINT ( 'NONE',  ( -2.744470027926486644, 52.91801180700228713, 57.51257718343308767 ) ) ;
#2580 = CIRCLE ( 'NONE', #2894, 4.099999999999998757 ) ;
#2581 = EDGE_CURVE ( 'NONE', #8785, #1290, #2627, .T. ) ;
#2582 = CIRCLE ( 'NONE', #3530, 10.00000000000000178 ) ;
#2583 = CIRCLE ( 'NONE', #1006, 4.099999999999999645 ) ;
#2584 = CARTESIAN_POINT ( 'NONE',  ( 7.529663527230811226, 65.00000000000000000, -6.655330888320935223 ) ) ;
#2585 = CARTESIAN_POINT ( 'NONE',  ( -3.823429064339804118, 49.93198985063452966, -60.73807584392436354 ) ) ;
#2586 = CARTESIAN_POINT ( 'NONE',  ( 58.10521046563194147, 56.16173140978203548, -4.050000000000209432 ) ) ;
#2587 = VERTEX_POINT ( 'NONE', #8526 ) ;
#2588 = ORIENTED_EDGE ( 'NONE', *, *, #1977, .F. ) ;
#2589 = ORIENTED_EDGE ( 'NONE', *, *, #7897, .T. ) ;
#2590 = CARTESIAN_POINT ( 'NONE',  ( 9.181544413650044589E-13, 58.49999999999999289, 64.39999999999999147 ) ) ;
#2591 = VERTEX_POINT ( 'NONE', #4196 ) ;
#2592 = ORIENTED_EDGE ( 'NONE', *, *, #2462, .F. ) ;
#2593 = VECTOR ( 'NONE', #2030, 1000.000000000000000 ) ;
#2594 = VECTOR ( 'NONE', #3749, 1000.000000000000000 ) ;
#2595 = LINE ( 'NONE', #4705, #2836 ) ;
#2596 = ADVANCED_FACE ( 'NONE', ( #3323 ), #6273, .F. ) ;
#2597 = LINE ( 'NONE', #6433, #2618 ) ;
#2598 = CARTESIAN_POINT ( 'NONE',  ( 5.477225575050725048, 50.00000000000000000, -57.40000000000004832 ) ) ;
#2599 = CARTESIAN_POINT ( 'NONE',  ( -57.40000000000003411, 53.88762817667944915, 1.477225575053163986 ) ) ;
#2600 = CARTESIAN_POINT ( 'NONE',  ( -57.40000000000002700, 53.88633504566436727, 1.781881413105631973 ) ) ;
#2601 = AXIS2_PLACEMENT_3D ( 'NONE', #7989, #615, #1251 ) ;
#2602 = CIRCLE ( 'NONE', #3711, 4.099999999999993427 ) ;
#2603 = EDGE_CURVE ( 'NONE', #3960, #1899, #4982, .T. ) ;
#2604 = ORIENTED_EDGE ( 'NONE', *, *, #9146, .T. ) ;
#2605 = CARTESIAN_POINT ( 'NONE',  ( 6.400200792016785378, 52.87909197243214265, 79.74454216849183297 ) ) ;
#2606 = EDGE_LOOP ( 'NONE', ( #3962, #2552, #6430, #4015 ) ) ;
#2607 = DIRECTION ( 'NONE',  ( 1.000000000000000000, 0.000000000000000000, -1.776356839400250465E-15 ) ) ;
#2608 = EDGE_CURVE ( 'NONE', #8335, #7522, #619, .T. ) ;
#2609 = VERTEX_POINT ( 'NONE', #9354 ) ;
#2610 = CARTESIAN_POINT ( 'NONE',  ( 58.10521046563327729, 56.16173140978204259, 4.049999999999789324 ) ) ;
#2611 = EDGE_CURVE ( 'NONE', #2932, #5519, #9304, .T. ) ;
#2612 = CIRCLE ( 'NONE', #4335, 4.099999999999993427 ) ;
#2613 = EDGE_CURVE ( 'NONE', #5075, #5540, #5326, .T. ) ;
#2614 = LINE ( 'NONE', #200, #9586 ) ;
#2615 = DIRECTION ( 'NONE',  ( -0.000000000000000000, -1.000000000000000000, -0.000000000000000000 ) ) ;
#2616 = LINE ( 'NONE', #8610, #1848 ) ;
#2617 = ORIENTED_EDGE ( 'NONE', *, *, #9148, .T. ) ;
#2618 = VECTOR ( 'NONE', #2788, 1000.000000000000000 ) ;
#2619 = CARTESIAN_POINT ( 'NONE',  ( -1.958422607717075437, 53.89044538576803944, -57.40000000000004832 ) ) ;
#2620 = CARTESIAN_POINT ( 'NONE',  ( -3.470779219583164175E-13, 58.49999999999999289, -64.40000000000000568 ) ) ;
#2621 = CARTESIAN_POINT ( 'NONE',  ( -5.790637834212544632, 49.87967620434612570, 60.82975683591004668 ) ) ;
#2622 = CARTESIAN_POINT ( 'NONE',  ( 57.40000000000004121, 65.00000000000000000, -1.781881413105227852 ) ) ;
#2623 = VERTEX_POINT ( 'NONE', #1143 ) ;
#2624 = VERTEX_POINT ( 'NONE', #2573 ) ;
#2625 = ORIENTED_EDGE ( 'NONE', *, *, #5823, .F. ) ;
#2626 = LINE ( 'NONE', #3322, #7902 ) ;
#2627 = LINE ( 'NONE', #5628, #3909 ) ;
#2628 = CARTESIAN_POINT ( 'NONE',  ( 51.65216350890475638, 30.90000000000000213, 28.89587269351084942 ) ) ;
#2629 = CARTESIAN_POINT ( 'NONE',  ( -50.28968800179818288, 59.72717834070878240, -62.21708388691474312 ) ) ;
#2630 = AXIS2_PLACEMENT_3D ( 'NONE', #9683, #7197, #5667 ) ;
#2631 = CARTESIAN_POINT ( 'NONE',  ( 64.00132858745583064, 45.00000000000000711, 11.35032770630472854 ) ) ;
#2632 = CARTESIAN_POINT ( 'NONE',  ( -4.374024326021173081, 51.27224245364389077, 58.34547999396776419 ) ) ;
#2633 = DIRECTION ( 'NONE',  ( 2.967535009851185540E-15, 0.5000000000000008882, 0.8660254037844381525 ) ) ;
#2634 = DIRECTION ( 'NONE',  ( -0.000000000000000000, 1.000000000000000000, -0.000000000000000000 ) ) ;
#2635 = EDGE_CURVE ( 'NONE', #8928, #2944, #1795, .T. ) ;
#2636 = EDGE_CURVE ( 'NONE', #8267, #2785, #5936, .T. ) ;
#2637 = AXIS2_PLACEMENT_3D ( 'NONE', #8213, #4427, #7628 ) ;
#2638 = ORIENTED_EDGE ( 'NONE', *, *, #3281, .T. ) ;
#2639 = EDGE_CURVE ( 'NONE', #2463, #6113, #8154, .T. ) ;
#2640 = ORIENTED_EDGE ( 'NONE', *, *, #6212, .T. ) ;
#2641 = ORIENTED_EDGE ( 'NONE', *, *, #8611, .F. ) ;
#2642 = PLANE ( 'NONE',  #3466 ) ;
#2643 = ORIENTED_EDGE ( 'NONE', *, *, #8370, .F. ) ;
#2644 = VERTEX_POINT ( 'NONE', #4006 ) ;
#2645 = AXIS2_PLACEMENT_3D ( 'NONE', #7263, #3518, #1204 ) ;
#2646 = CARTESIAN_POINT ( 'NONE',  ( -4.494630780296308359, 51.28024315394669230, 79.87397203751604025 ) ) ;
#2647 = LINE ( 'NONE', #7121, #5758 ) ;
#2648 = DIRECTION ( 'NONE',  ( -0.7071067811865474617, 0.000000000000000000, 0.7071067811865474617 ) ) ;
#2649 = DIRECTION ( 'NONE',  ( 0.000000000000000000, 0.000000000000000000, -1.000000000000000000 ) ) ;
#2650 = DIRECTION ( 'NONE',  ( -1.000000000000000000, 0.000000000000000000, 8.826273045769994496E-15 ) ) ;
#2651 = VERTEX_POINT ( 'NONE', #273 ) ;
#2652 = DIRECTION ( 'NONE',  ( 0.000000000000000000, 1.000000000000000000, 0.000000000000000000 ) ) ;
#2653 = ORIENTED_EDGE ( 'NONE', *, *, #2724, .F. ) ;
#2654 = VECTOR ( 'NONE', #2548, 1000.000000000000114 ) ;
#2655 = CARTESIAN_POINT ( 'NONE',  ( -8.500000000000428102, 59.11544821534970140, -79.54715582596270451 ) ) ;
#2656 = ORIENTED_EDGE ( 'NONE', *, *, #9373, .F. ) ;
#2657 = LINE ( 'NONE', #2200, #4489 ) ;
#2658 = AXIS2_PLACEMENT_3D ( 'NONE', #712, #3714, #5821 ) ;
#2659 = FACE_OUTER_BOUND ( 'NONE', #5689, .T. ) ;
#2660 = DIRECTION ( 'NONE',  ( -1.000000000000000000, 0.000000000000000000, 6.769652589177784668E-15 ) ) ;
#2661 = CARTESIAN_POINT ( 'NONE',  ( -6.374788456680859916, 64.15605084518146839, 79.74649260925755812 ) ) ;
#2662 = EDGE_CURVE ( 'NONE', #7472, #5131, #3272, .T. ) ;
#2663 = ORIENTED_EDGE ( 'NONE', *, *, #532, .T. ) ;
#2664 = FACE_OUTER_BOUND ( 'NONE', #2606, .T. ) ;
#2665 = DIRECTION ( 'NONE',  ( -0.3535533905932736753, -0.8660254037844388186, 0.3535533905932737864 ) ) ;
#2666 = FACE_OUTER_BOUND ( 'NONE', #144, .T. ) ;
#2667 = CARTESIAN_POINT ( 'NONE',  ( 52.67945519839760493, 58.49999999999999289, -52.67945519839798152 ) ) ;
#2668 = CARTESIAN_POINT ( 'NONE',  ( 64.40000000000004832, 53.82346281956404255, -2.344465629617909551E-13 ) ) ;
#2669 = VECTOR ( 'NONE', #4202, 1000.000000000000000 ) ;
#2670 = CARTESIAN_POINT ( 'NONE',  ( -27.74454884646939945, -35.59999999999999432, -66.98126610706812301 ) ) ;
#2671 = ORIENTED_EDGE ( 'NONE', *, *, #7957, .T. ) ;
#2672 = ORIENTED_EDGE ( 'NONE', *, *, #9152, .F. ) ;
#2673 = AXIS2_PLACEMENT_3D ( 'NONE', #6921, #3922, #8446 ) ;
#2674 = CARTESIAN_POINT ( 'NONE',  ( 5.483473478481566410, 50.14642558897927671, 59.86293350330309693 ) ) ;
#2675 = CARTESIAN_POINT ( 'NONE',  ( 60.56240784565893875, 49.93163963979180409, -5.701512242976660261 ) ) ;
#2676 = CARTESIAN_POINT ( 'NONE',  ( -64.40000000000004832, 63.17653718043602140, 2.200586528512667334E-13 ) ) ;
#2677 = EDGE_CURVE ( 'NONE', #5305, #4143, #8618, .T. ) ;
#2678 = VECTOR ( 'NONE', #9574, 1000.000000000000000 ) ;
#2679 = FACE_OUTER_BOUND ( 'NONE', #2305, .T. ) ;
#2680 = EDGE_CURVE ( 'NONE', #3417, #6551, #4055, .T. ) ;
#2681 = CARTESIAN_POINT ( 'NONE',  ( 11.67002566352182491, 1.500000000000001332, -28.37734619600018249 ) ) ;
#2682 = CARTESIAN_POINT ( 'NONE',  ( 0.000000000000000000, 45.00000000000000711, 0.000000000000000000 ) ) ;
#2683 = EDGE_CURVE ( 'NONE', #2992, #7570, #5923, .T. ) ;
#2684 = CARTESIAN_POINT ( 'NONE',  ( 57.40000000000005542, 65.00000000000000000, 1.781881413102901712 ) ) ;
#2685 = CARTESIAN_POINT ( 'NONE',  ( -4.050000000000411937, 56.16173140978203548, -58.10521046563223990 ) ) ;
#2686 = ORIENTED_EDGE ( 'NONE', *, *, #3713, .T. ) ;
#2687 = ORIENTED_EDGE ( 'NONE', *, *, #3986, .T. ) ;
#2688 = ORIENTED_EDGE ( 'NONE', *, *, #5188, .T. ) ;
#2689 = CARTESIAN_POINT ( 'NONE',  ( -0.03866080389820841789, 53.84578364510152682, -57.40018703135341127 ) ) ;
#2690 = ORIENTED_EDGE ( 'NONE', *, *, #9074, .F. ) ;
#2691 = ORIENTED_EDGE ( 'NONE', *, *, #7870, .F. ) ;
#2692 = FACE_BOUND ( 'NONE', #5642, .T. ) ;
#2693 = LINE ( 'NONE', #8688, #736 ) ;
#2694 = CARTESIAN_POINT ( 'NONE',  ( 66.98126610706803774, 0.000000000000000000, -27.74454884646963038 ) ) ;
#2695 = DIRECTION ( 'NONE',  ( -0.7071067811865500152, 0.000000000000000000, -0.7071067811865449082 ) ) ;
#2696 = CARTESIAN_POINT ( 'NONE',  ( -44.86592526628601973, 52.90000000000000568, 39.13836033867588071 ) ) ;
#2697 = EDGE_CURVE ( 'NONE', #5643, #4629, #563, .T. ) ;
#2698 = VERTEX_POINT ( 'NONE', #8132 ) ;
#2699 = DIRECTION ( 'NONE',  ( -0.000000000000000000, 1.000000000000000000, -0.000000000000000000 ) ) ;
#2700 = ORIENTED_EDGE ( 'NONE', *, *, #4324, .T. ) ;
#2701 = DIRECTION ( 'NONE',  ( 0.7071067811865450192, 0.000000000000000000, -0.7071067811865500152 ) ) ;
#2702 = ORIENTED_EDGE ( 'NONE', *, *, #4764, .T. ) ;
#2703 = EDGE_LOOP ( 'NONE', ( #8650, #2255, #8782 ) ) ;
#2704 = EDGE_CURVE ( 'NONE', #8278, #7044, #3658, .T. ) ;
#2705 = CARTESIAN_POINT ( 'NONE',  ( 57.40000000000004832, 53.89029207088822204, 0.5697331047736707843 ) ) ;
#2706 = CARTESIAN_POINT ( 'NONE',  ( 4.049999999999586819, 56.16173140978204259, -58.10521046563298597 ) ) ;
#2707 = DIRECTION ( 'NONE',  ( 0.7071067811865550112, 0.000000000000000000, 0.7071067811865398012 ) ) ;
#2708 = VERTEX_POINT ( 'NONE', #5031 ) ;
#2709 = CARTESIAN_POINT ( 'NONE',  ( -8.066122427767679071, 55.76175656954195858, -79.59260993964497288 ) ) ;
#2710 = EDGE_CURVE ( 'NONE', #9628, #1302, #7353, .T. ) ;
#2711 = CARTESIAN_POINT ( 'NONE',  ( 2.577833609688464200, 55.31177574804322461, 64.40000000000000568 ) ) ;
#2712 = CARTESIAN_POINT ( 'NONE',  ( 1.781881413105030232, 50.00000000000000000, 57.40000000000004832 ) ) ;
#2713 = LINE ( 'NONE', #3601, #711 ) ;
#2714 = CARTESIAN_POINT ( 'NONE',  ( -7.938663708804017283, 48.15354100610429100, 63.39528395696475371 ) ) ;
#2715 = CARTESIAN_POINT ( 'NONE',  ( 9.181544413650044589E-13, 58.49999999999999289, 64.39999999999999147 ) ) ;
#2716 = VERTEX_POINT ( 'NONE', #9604 ) ;
#2717 = ADVANCED_FACE ( 'NONE', ( #6560 ), #9704, .T. ) ;
#2718 = ORIENTED_EDGE ( 'NONE', *, *, #5223, .F. ) ;
#2719 = CARTESIAN_POINT ( 'NONE',  ( 2.266660022138732522, 53.39898306424008467, -57.42830173027761020 ) ) ;
#2720 = CARTESIAN_POINT ( 'NONE',  ( -25.00000000000000000, 1.500000000000001332, 4.177332116314237176 ) ) ;
#2721 = EDGE_CURVE ( 'NONE', #4066, #5518, #2183, .T. ) ;
#2722 = FACE_BOUND ( 'NONE', #9130, .T. ) ;
#2723 = VECTOR ( 'NONE', #5285, 1000.000000000000000 ) ;
#2724 = EDGE_CURVE ( 'NONE', #1912, #3257, #1443, .T. ) ;
#2725 = DIRECTION ( 'NONE',  ( -0.7071067811865500152, 0.000000000000000000, -0.7071067811865450192 ) ) ;
#2726 = CARTESIAN_POINT ( 'NONE',  ( -1.781881413105030232, 65.00000000000000000, -61.40000000000004832 ) ) ;
#2727 = DIRECTION ( 'NONE',  ( 0.000000000000000000, 1.000000000000000000, -0.000000000000000000 ) ) ;
#2728 = DIRECTION ( 'NONE',  ( -1.000000000000000000, 0.000000000000000000, 8.826273045769994496E-15 ) ) ;
#2729 = CARTESIAN_POINT ( 'NONE',  ( 27.74454884646939945, 14.70000000000000462, 66.98126610706812301 ) ) ;
#2730 = VERTEX_POINT ( 'NONE', #9556 ) ;
#2731 = AXIS2_PLACEMENT_3D ( 'NONE', #5072, #5220, #7490 ) ;
#2732 = ORIENTED_EDGE ( 'NONE', *, *, #3412, .T. ) ;
#2733 = ORIENTED_EDGE ( 'NONE', *, *, #284, .T. ) ;
#2734 = CARTESIAN_POINT ( 'NONE',  ( -1.781881413103104217, 62.14776746691649123, 57.40000000000006253 ) ) ;
#2735 = ORIENTED_EDGE ( 'NONE', *, *, #4561, .F. ) ;
#2736 = ORIENTED_EDGE ( 'NONE', *, *, #384, .F. ) ;
#2737 = CARTESIAN_POINT ( 'NONE',  ( 64.40000000000006253, 56.16173140978204259, 4.049999999999767120 ) ) ;
#2738 = CIRCLE ( 'NONE', #8234, 2.149999999999999023 ) ;
#2739 = AXIS2_PLACEMENT_3D ( 'NONE', #8790, #529, #5839 ) ;
#2740 = CIRCLE ( 'NONE', #8236, 10.00000000000000178 ) ;
#2741 = CARTESIAN_POINT ( 'NONE',  ( -7.625949033775810015, 54.73533798850021270, 79.63581085173129281 ) ) ;
#2742 = CARTESIAN_POINT ( 'NONE',  ( -48.40145917221918381, 52.90000000000000568, -42.67389424460813530 ) ) ;
#2743 = DIRECTION ( 'NONE',  ( -2.967535009851174102E-15, 0.5000000000000018874, -0.8660254037844375974 ) ) ;
#2744 = DIRECTION ( 'NONE',  ( -0.7071067811865500152, 0.000000000000000000, -0.7071067811865450192 ) ) ;
#2745 = CARTESIAN_POINT ( 'NONE',  ( 4.177332116314199872, 30.90000000000000213, -35.00000000000000000 ) ) ;
#2746 = ORIENTED_EDGE ( 'NONE', *, *, #838, .F. ) ;
#2747 = VECTOR ( 'NONE', #8951, 1000.000000000000114 ) ;
#2748 = CIRCLE ( 'NONE', #8245, 8.500000000000000000 ) ;
#2749 = ORIENTED_EDGE ( 'NONE', *, *, #6850, .F. ) ;
#2750 = CIRCLE ( 'NONE', #6981, 2.149999999999999023 ) ;
#2751 = DIRECTION ( 'NONE',  ( -1.390105829006383446E-14, -1.685161507135332739E-29, -1.000000000000000000 ) ) ;
#2752 = VERTEX_POINT ( 'NONE', #4290 ) ;
#2753 = ORIENTED_EDGE ( 'NONE', *, *, #1280, .F. ) ;
#2754 = AXIS2_PLACEMENT_3D ( 'NONE', #4039, #304, #201 ) ;
#2755 = DIRECTION ( 'NONE',  ( 0.000000000000000000, 0.000000000000000000, 1.000000000000000000 ) ) ;
#2756 = AXIS2_PLACEMENT_3D ( 'NONE', #9211, #7510, #5335 ) ;
#2757 = CARTESIAN_POINT ( 'NONE',  ( 0.07732330169217682680, 53.86810544861018002, 57.40000000000004832 ) ) ;
#2758 = CARTESIAN_POINT ( 'NONE',  ( -37.33767670841325526, 58.49999999999995737, 37.33767670841405106 ) ) ;
#2759 = ORIENTED_EDGE ( 'NONE', *, *, #4996, .F. ) ;
#2760 = EDGE_CURVE ( 'NONE', #394, #8181, #4437, .T. ) ;
#2761 = CARTESIAN_POINT ( 'NONE',  ( -5.184463729867864856, 51.74147645386955219, -79.83316201025714065 ) ) ;
#2762 = AXIS2_PLACEMENT_3D ( 'NONE', #2167, #3793, #594 ) ;
#2763 = CARTESIAN_POINT ( 'NONE',  ( 1.359357947053562156E-15, 58.00000000000000000, -11.09999999999999964 ) ) ;
#2764 = CARTESIAN_POINT ( 'NONE',  ( 58.10521046563327729, 56.16173140978204259, 4.049999999999789324 ) ) ;
#2765 = CARTESIAN_POINT ( 'NONE',  ( 57.47052113134446216, 53.10943384802109080, 2.554400411424964989 ) ) ;
#2766 = CARTESIAN_POINT ( 'NONE',  ( -9.500724130577980375, 46.75190843746175062, 63.98926045467473500 ) ) ;
#2767 = EDGE_CURVE ( 'NONE', #4214, #3480, #6653, .T. ) ;
#2769 = FACE_OUTER_BOUND ( 'NONE', #4405, .T. ) ;
#2768 = CARTESIAN_POINT ( 'NONE',  ( -58.47122268980721316, 50.43308564567245611, 54.60202915008547109 ) ) ;
#2770 = VERTEX_POINT ( 'NONE', #5077 ) ;
#2771 = ORIENTED_EDGE ( 'NONE', *, *, #6008, .T. ) ;
#2772 = LINE ( 'NONE', #6709, #5010 ) ;
#2773 = CARTESIAN_POINT ( 'NONE',  ( -4.009015341921439763E-13, 58.49999999999999289, -74.50000000000000000 ) ) ;
#2774 = VECTOR ( 'NONE', #7264, 1000.000000000000000 ) ;
#2775 = DIRECTION ( 'NONE',  ( 0.000000000000000000, -1.000000000000000000, 0.000000000000000000 ) ) ;
#2776 = DIRECTION ( 'NONE',  ( -1.000000000000000000, -0.000000000000000000, 3.491481338843133750E-15 ) ) ;
#2777 = CARTESIAN_POINT ( 'NONE',  ( -57.41772093275442046, 53.49590396740813958, -2.170305432101884424 ) ) ;
#2778 = LINE ( 'NONE', #8088, #4532 ) ;
#2779 = CARTESIAN_POINT ( 'NONE',  ( 50.32374378385689084, 57.11054155446323222, -62.18941886312124723 ) ) ;
#2780 = CARTESIAN_POINT ( 'NONE',  ( -1.912140660619393584, 49.93913572686508218, -60.77777777777779278 ) ) ;
#2781 = EDGE_CURVE ( 'NONE', #3417, #8258, #306, .T. ) ;
#2782 = ORIENTED_EDGE ( 'NONE', *, *, #7096, .T. ) ;
#2783 = ORIENTED_EDGE ( 'NONE', *, *, #1951, .T. ) ;
#2784 = DIRECTION ( 'NONE',  ( 0.000000000000000000, 0.000000000000000000, -1.000000000000000000 ) ) ;
#2785 = VERTEX_POINT ( 'NONE', #2136 ) ;
#2786 = VERTEX_POINT ( 'NONE', #6609 ) ;
#2787 = LINE ( 'NONE', #7175, #3316 ) ;
#2788 = DIRECTION ( 'NONE',  ( -1.854709381156977158E-16, 1.000000000000000000, 1.942704957986064299E-30 ) ) ;
#2789 = DIRECTION ( 'NONE',  ( -1.000000000000000000, 0.000000000000000000, 6.769652589177784668E-15 ) ) ;
#2790 = LINE ( 'NONE', #8005, #3449 ) ;
#2791 = CARTESIAN_POINT ( 'NONE',  ( -74.49999999999991473, 58.49999999999999289, 8.500000000000657252 ) ) ;
#2792 = EDGE_LOOP ( 'NONE', ( #3384, #2354, #430, #1569 ) ) ;
#2793 = ORIENTED_EDGE ( 'NONE', *, *, #4794, .T. ) ;
#2794 = CARTESIAN_POINT ( 'NONE',  ( 45.53767670841366311, 53.82346281956403544, 45.53767670841366311 ) ) ;
#2795 = ORIENTED_EDGE ( 'NONE', *, *, #2611, .T. ) ;
#2796 = ORIENTED_EDGE ( 'NONE', *, *, #3433, .F. ) ;
#2797 = AXIS2_PLACEMENT_3D ( 'NONE', #155, #2652, #4176 ) ;
#2798 = DIRECTION ( 'NONE',  ( -5.329070518200751394E-15, -0.000000000000000000, -1.000000000000000000 ) ) ;
#2799 = EDGE_CURVE ( 'NONE', #6150, #1939, #2772, .T. ) ;
#2800 = CARTESIAN_POINT ( 'NONE',  ( 0.03866080389860944433, 53.84578364510152682, 57.40018703135341127 ) ) ;
#2801 = DIRECTION ( 'NONE',  ( -0.000000000000000000, 1.000000000000000000, -0.000000000000000000 ) ) ;
#2802 = CARTESIAN_POINT ( 'NONE',  ( 0.000000000000000000, 37.90000000000000568, -11.09999999999999964 ) ) ;
#2803 = EDGE_CURVE ( 'NONE', #813, #7875, #8870, .T. ) ;
#2804 = AXIS2_PLACEMENT_3D ( 'NONE', #3765, #2970, #6991 ) ;
#2805 = ORIENTED_EDGE ( 'NONE', *, *, #5060, .T. ) ;
#2806 = CARTESIAN_POINT ( 'NONE',  ( -56.96304287296892710, 50.00020243698605071, -56.17401169866047894 ) ) ;
#2807 = VERTEX_POINT ( 'NONE', #4346 ) ;
#2808 = DIRECTION ( 'NONE',  ( 1.000000000000000000, 0.000000000000000000, 0.000000000000000000 ) ) ;
#2809 = CARTESIAN_POINT ( 'NONE',  ( 57.62567668162562740, 52.53853175166453582, 3.120954407576283618 ) ) ;
#2810 = DIRECTION ( 'NONE',  ( 1.000000000000000000, 0.000000000000000000, -1.221245327087672194E-14 ) ) ;
#2811 =( BOUNDED_CURVE ( )  B_SPLINE_CURVE ( 3, ( #7106, #5680, #8675, #370 ),
 .UNSPECIFIED., .F., .F. ) 
 B_SPLINE_CURVE_WITH_KNOTS ( ( 4, 4 ),
 ( 4.712388980384681680, 5.315284218579741093 ),
 .UNSPECIFIED. ) 
 CURVE ( )  GEOMETRIC_REPRESENTATION_ITEM ( )  RATIONAL_B_SPLINE_CURVE ( ( 1.000000000000000000, 0.9699384583855019670, 0.9699384583855019670, 1.000000000000000000 ) ) 
 REPRESENTATION_ITEM ( '' )  );
#2812 = AXIS2_PLACEMENT_3D ( 'NONE', #6017, #4678, #24 ) ;
#2814 = CYLINDRICAL_SURFACE ( 'NONE', #4922, 4.099999999999998757 ) ;
#2813 = PLANE ( 'NONE',  #2124 ) ;
#2815 = ORIENTED_EDGE ( 'NONE', *, *, #6375, .T. ) ;
#2816 = ADVANCED_FACE ( 'NONE', ( #1987 ), #9654, .F. ) ;
#2817 = VERTEX_POINT ( 'NONE', #5133 ) ;
#2818 = DIRECTION ( 'NONE',  ( -1.396592535537253500E-14, -0.000000000000000000, -1.000000000000000000 ) ) ;
#2819 = CARTESIAN_POINT ( 'NONE',  ( 64.40000000000004832, 62.32658151869682683, -1.472166390313325968 ) ) ;
#2820 = CARTESIAN_POINT ( 'NONE',  ( 0.07732330169095856520, 53.86810544861018002, -57.40000000000004832 ) ) ;
#2821 = ADVANCED_FACE ( 'NONE', ( #8773 ), #2919, .T. ) ;
#2822 = CARTESIAN_POINT ( 'NONE',  ( -58.65112756039874853, 50.94584574205698146, -4.696156221531315289 ) ) ;
#2823 = DIRECTION ( 'NONE',  ( -0.000000000000000000, 1.000000000000000000, -0.000000000000000000 ) ) ;
#2824 = CARTESIAN_POINT ( 'NONE',  ( 61.58946737503423208, 62.64264149127161829, -51.05688547966386892 ) ) ;
#2825 = CARTESIAN_POINT ( 'NONE',  ( 6.345452901804772061, 49.48343077051514882, 61.91455823011321513 ) ) ;
#2826 = VECTOR ( 'NONE', #1760, 1000.000000000000000 ) ;
#2827 = ORIENTED_EDGE ( 'NONE', *, *, #6605, .F. ) ;
#2828 = CIRCLE ( 'NONE', #3150, 4.999999999999997335 ) ;
#2829 = ADVANCED_FACE ( 'NONE', ( #7257 ), #510, .F. ) ;
#2830 = ORIENTED_EDGE ( 'NONE', *, *, #45, .T. ) ;
#2831 = CARTESIAN_POINT ( 'NONE',  ( 62.25874094872690279, 58.49999999999999289, 50.23792566855558306 ) ) ;
#2832 = ORIENTED_EDGE ( 'NONE', *, *, #240, .F. ) ;
#2833 = CARTESIAN_POINT ( 'NONE',  ( -48.40145917221918381, 52.90000000000000568, -42.67389424460813530 ) ) ;
#2834 = VERTEX_POINT ( 'NONE', #5279 ) ;
#2835 = DIRECTION ( 'NONE',  ( 3.491481338843133355E-15, 0.000000000000000000, 1.000000000000000000 ) ) ;
#2836 = VECTOR ( 'NONE', #8402, 1000.000000000000000 ) ;
#2837 = DIRECTION ( 'NONE',  ( 1.000000000000000000, 0.000000000000000000, 0.000000000000000000 ) ) ;
#2838 = DIRECTION ( 'NONE',  ( 1.000000000000000000, 0.000000000000000000, -0.000000000000000000 ) ) ;
#2839 = CARTESIAN_POINT ( 'NONE',  ( -64.40000000000004832, 53.82346281956404255, 2.344465629617909551E-13 ) ) ;
#2840 = CARTESIAN_POINT ( 'NONE',  ( 64.02425337454431542, 45.12613315233658540, -11.22106123319392346 ) ) ;
#2841 = FACE_OUTER_BOUND ( 'NONE', #6751, .T. ) ;
#2842 = ORIENTED_EDGE ( 'NONE', *, *, #1851, .F. ) ;
#2843 = ORIENTED_EDGE ( 'NONE', *, *, #2968, .T. ) ;
#2844 = DIRECTION ( 'NONE',  ( 0.7071067811865549002, 0.000000000000000000, 0.7071067811865401342 ) ) ;
#2845 = ADVANCED_FACE ( 'NONE', ( #3944 ), #6115, .T. ) ;
#2846 = VERTEX_POINT ( 'NONE', #8367 ) ;
#2847 = ORIENTED_EDGE ( 'NONE', *, *, #8927, .T. ) ;
#2848 = EDGE_CURVE ( 'NONE', #7113, #3975, #5420, .T. ) ;
#2849 = DIRECTION ( 'NONE',  ( 0.000000000000000000, 1.000000000000000000, 0.000000000000000000 ) ) ;
#2850 = CARTESIAN_POINT ( 'NONE',  ( -2.577833609686586591, 55.31177574804318908, 64.40000000000009095 ) ) ;
#2851 = CARTESIAN_POINT ( 'NONE',  ( -4.049999999999180034, 56.16173140978204259, 58.10521046563271597 ) ) ;
#2852 = DIRECTION ( 'NONE',  ( -0.000000000000000000, -1.000000000000000000, -0.000000000000000000 ) ) ;
#2853 = ORIENTED_EDGE ( 'NONE', *, *, #2603, .F. ) ;
#2854 = CARTESIAN_POINT ( 'NONE',  ( -50.91897301523955122, 54.73451963194221292, -61.70312529200575824 ) ) ;
#2855 = EDGE_LOOP ( 'NONE', ( #1153, #2537, #6980, #1746 ) ) ;
#2856 = DIRECTION ( 'NONE',  ( 0.7071067811865450192, 0.000000000000000000, -0.7071067811865500152 ) ) ;
#2857 = FACE_OUTER_BOUND ( 'NONE', #8511, .T. ) ;
#2858 = ADVANCED_FACE ( 'NONE', ( #166 ), #6800, .T. ) ;
#2859 = LINE ( 'NONE', #5857, #226 ) ;
#2860 = VECTOR ( 'NONE', #1100, 1000.000000000000000 ) ;
#2862 = CARTESIAN_POINT ( 'NONE',  ( 79.77980182690760103, 64.60120959420825670, -5.950482993817492350 ) ) ;
#2861 = PLANE ( 'NONE',  #5729 ) ;
#2863 = VERTEX_POINT ( 'NONE', #117 ) ;
#2864 = VERTEX_POINT ( 'NONE', #3898 ) ;
#2865 = DIRECTION ( 'NONE',  ( 0.000000000000000000, 1.000000000000000000, -0.000000000000000000 ) ) ;
#2866 = FACE_OUTER_BOUND ( 'NONE', #6918, .T. ) ;
#2867 = CARTESIAN_POINT ( 'NONE',  ( -48.40145917221918381, 52.90000000000000568, -42.67389424460813530 ) ) ;
#2868 = EDGE_CURVE ( 'NONE', #5112, #1013, #3015, .T. ) ;
#2869 = PLANE ( 'NONE',  #7778 ) ;
#2870 = LINE ( 'NONE', #5927, #7371 ) ;
#2871 = CARTESIAN_POINT ( 'NONE',  ( 54.03279690943215741, 50.75328012532695254, -58.99596351667345573 ) ) ;
#2872 = LINE ( 'NONE', #6662, #5240 ) ;
#2873 = ADVANCED_FACE ( 'NONE', ( #3853 ), #6752, .F. ) ;
#2874 = ORIENTED_EDGE ( 'NONE', *, *, #8973, .F. ) ;
#2875 = ORIENTED_EDGE ( 'NONE', *, *, #8529, .F. ) ;
#2876 = CARTESIAN_POINT ( 'NONE',  ( 4.250126715079034945, 51.13360320409385196, -79.88740061076062204 ) ) ;
#2877 = EDGE_CURVE ( 'NONE', #2550, #1665, #3881, .T. ) ;
#2878 = ORIENTED_EDGE ( 'NONE', *, *, #933, .F. ) ;
#2879 = CARTESIAN_POINT ( 'NONE',  ( 3.377632643773595067, 61.22646006433013355, 57.64235574244800375 ) ) ;
#2880 = VERTEX_POINT ( 'NONE', #65 ) ;
#2881 = CARTESIAN_POINT ( 'NONE',  ( 57.35330801267806322, 50.05530670056536735, 55.77539070683518219 ) ) ;
#2882 = EDGE_CURVE ( 'NONE', #5706, #3875, #205, .T. ) ;
#2883 = VECTOR ( 'NONE', #2915, 1000.000000000000000 ) ;
#2884 = VECTOR ( 'NONE', #4199, 1000.000000000000000 ) ;
#2885 = CARTESIAN_POINT ( 'NONE',  ( -64.02425337453885845, 45.12613315236841771, 11.22106123322451587 ) ) ;
#2886 = DIRECTION ( 'NONE',  ( 0.000000000000000000, 1.000000000000000000, 0.000000000000000000 ) ) ;
#2887 = DIRECTION ( 'NONE',  ( 0.7071067811865450192, 0.000000000000000000, -0.7071067811865500152 ) ) ;
#2888 = CARTESIAN_POINT ( 'NONE',  ( 45.02950970490493177, 30.90000000000000213, -26.38856624071849666 ) ) ;
#2889 = VERTEX_POINT ( 'NONE', #6068 ) ;
#2890 = ORIENTED_EDGE ( 'NONE', *, *, #8354, .T. ) ;
#2891 = DIRECTION ( 'NONE',  ( -0.000000000000000000, 1.000000000000000000, -0.000000000000000000 ) ) ;
#2892 = VERTEX_POINT ( 'NONE', #6855 ) ;
#2893 = ORIENTED_EDGE ( 'NONE', *, *, #2127, .T. ) ;
#2894 = AXIS2_PLACEMENT_3D ( 'NONE', #6838, #2405, #6928 ) ;
#2895 = AXIS2_PLACEMENT_3D ( 'NONE', #9026, #6170, #2296 ) ;
#2896 = AXIS2_PLACEMENT_3D ( 'NONE', #9107, #6263, #1688 ) ;
#2897 = CARTESIAN_POINT ( 'NONE',  ( 79.64040353454919341, 62.36281802901861226, 7.577801345714010317 ) ) ;
#2898 = DIRECTION ( 'NONE',  ( -0.7071067811865451302, -0.000000000000000000, 0.7071067811865500152 ) ) ;
#2899 = CARTESIAN_POINT ( 'NONE',  ( 26.38856624071848955, 1.500000000000001332, -45.02950970490492466 ) ) ;
#2900 = LINE ( 'NONE', #5906, #8244 ) ;
#2901 = AXIS2_PLACEMENT_3D ( 'NONE', #2549, #4030, #6340 ) ;
#2902 = AXIS2_PLACEMENT_3D ( 'NONE', #2694, #5694, #9426 ) ;
#2903 = CIRCLE ( 'NONE', #6046, 8.499999999999998224 ) ;
#2904 = EDGE_CURVE ( 'NONE', #7221, #7667, #4536, .T. ) ;
#2905 = EDGE_CURVE ( 'NONE', #8222, #7300, #1175, .T. ) ;
#2906 = ORIENTED_EDGE ( 'NONE', *, *, #7260, .T. ) ;
#2907 = CARTESIAN_POINT ( 'NONE',  ( 4.049999999999543299, 60.83826859021803557, -64.40000000000007674 ) ) ;
#2908 = ADVANCED_FACE ( 'NONE', ( #4632 ), #8424, .F. ) ;
#2909 = CARTESIAN_POINT ( 'NONE',  ( -62.21614487594477794, 59.73714013287248292, -50.29085131357126670 ) ) ;
#2910 = VECTOR ( 'NONE', #7978, 1000.000000000000114 ) ;
#2911 = CYLINDRICAL_SURFACE ( 'NONE', #9478, 4.000000000000000000 ) ;
#2912 = AXIS2_PLACEMENT_3D ( 'NONE', #80, #954, #8476 ) ;
#2913 = EDGE_CURVE ( 'NONE', #6223, #7999, #6898, .T. ) ;
#2915 = DIRECTION ( 'NONE',  ( 0.000000000000000000, 0.000000000000000000, 1.000000000000000000 ) ) ;
#2914 = CARTESIAN_POINT ( 'NONE',  ( -5.477225575050725048, 65.00000000000000000, 74.50000000000005684 ) ) ;
#2916 = ORIENTED_EDGE ( 'NONE', *, *, #6296, .F. ) ;
#2917 = CIRCLE ( 'NONE', #8253, 11.09999999999999964 ) ;
#2918 = ORIENTED_EDGE ( 'NONE', *, *, #6676, .F. ) ;
#2919 = PLANE ( 'NONE',  #6424 ) ;
#2920 = DIRECTION ( 'NONE',  ( -5.329070518200752183E-15, -0.000000000000000000, -1.000000000000000000 ) ) ;
#2921 = CARTESIAN_POINT ( 'NONE',  ( 48.40145917221918381, 52.90000000000000568, 42.67389424460813530 ) ) ;
#2922 = VECTOR ( 'NONE', #4027, 1000.000000000000000 ) ;
#2923 = CARTESIAN_POINT ( 'NONE',  ( 51.73226785401398331, 63.90242218789503426, 61.02300981348537334 ) ) ;
#2924 = CARTESIAN_POINT ( 'NONE',  ( 48.40145917221903460, 56.16173140978202127, -42.67389424460831293 ) ) ;
#2925 = CARTESIAN_POINT ( 'NONE',  ( 4.177332116314199872, 65.00000000000000000, -25.00000000000000711 ) ) ;
#2926 = CARTESIAN_POINT ( 'NONE',  ( -57.40000000000004832, 53.89042705671922562, 0.1159854610430725158 ) ) ;
#2927 = CARTESIAN_POINT ( 'NONE',  ( 48.40145917221902749, 59.13835726674018645, -42.67389424460832004 ) ) ;
#2928 = VERTEX_POINT ( 'NONE', #3161 ) ;
#2929 = AXIS2_PLACEMENT_3D ( 'NONE', #9309, #2728, #1060 ) ;
#2930 = ORIENTED_EDGE ( 'NONE', *, *, #3105, .F. ) ;
#2931 = CARTESIAN_POINT ( 'NONE',  ( 8.282631561730726233, 56.57002355792058523, -79.57010097403934878 ) ) ;
#2932 = VERTEX_POINT ( 'NONE', #804 ) ;
#2933 = CARTESIAN_POINT ( 'NONE',  ( 27.74454884646939945, 14.70000000000000462, 66.98126610706812301 ) ) ;
#2934 = ORIENTED_EDGE ( 'NONE', *, *, #721, .T. ) ;
#2935 = CYLINDRICAL_SURFACE ( 'NONE', #3856, 9.999999999999998224 ) ;
#2936 = EDGE_CURVE ( 'NONE', #610, #7221, #9179, .T. ) ;
#2937 = CARTESIAN_POINT ( 'NONE',  ( -63.98925980024849736, 46.75191142416028356, 9.500720881744834756 ) ) ;
#2938 = CARTESIAN_POINT ( 'NONE',  ( -79.63482691462135676, 54.72905060078513628, 7.638084870943062654 ) ) ;
#2939 = FACE_OUTER_BOUND ( 'NONE', #8590, .T. ) ;
#2940 = LINE ( 'NONE', #2791, #3687 ) ;
#2941 = ORIENTED_EDGE ( 'NONE', *, *, #381, .F. ) ;
#2942 = ORIENTED_EDGE ( 'NONE', *, *, #9299, .T. ) ;
#2943 = CARTESIAN_POINT ( 'NONE',  ( -61.04346596506924527, 65.00000000000000000, -22.33148591051283205 ) ) ;
#2944 = VERTEX_POINT ( 'NONE', #1491 ) ;
#2945 = LINE ( 'NONE', #2712, #592 ) ;
#2946 = ORIENTED_EDGE ( 'NONE', *, *, #4648, .T. ) ;
#2947 = AXIS2_PLACEMENT_3D ( 'NONE', #5981, #1548, #2194 ) ;
#2948 = LINE ( 'NONE', #3830, #169 ) ;
#2949 = CARTESIAN_POINT ( 'NONE',  ( 51.65216350890475638, 65.00000000000000000, 18.89587269351085297 ) ) ;
#2950 = CARTESIAN_POINT ( 'NONE',  ( 74.50000000000002842, 58.49999999999999289, 8.499999999999863221 ) ) ;
#2951 = CARTESIAN_POINT ( 'NONE',  ( 57.40000000000004121, 53.89044538576803944, -1.958422607714329855 ) ) ;
#2952 = AXIS2_PLACEMENT_3D ( 'NONE', #4224, #4958, #1125 ) ;
#2953 = ORIENTED_EDGE ( 'NONE', *, *, #5078, .T. ) ;
#2954 = DIRECTION ( 'NONE',  ( 8.163404592832035149E-15, 0.000000000000000000, 1.000000000000000000 ) ) ;
#2955 = LINE ( 'NONE', #16, #4009 ) ;
#2956 = EDGE_CURVE ( 'NONE', #9435, #7289, #4491, .T. ) ;
#2957 = CARTESIAN_POINT ( 'NONE',  ( -60.73807584392432801, 49.93198985063452966, 3.823429064340438721 ) ) ;
#2958 = AXIS2_PLACEMENT_3D ( 'NONE', #7530, #886, #1721 ) ;
#2960 = CARTESIAN_POINT ( 'NONE',  ( -64.40000000000003411, 56.16173140978203548, 4.050000000000231637 ) ) ;
#2959 = CARTESIAN_POINT ( 'NONE',  ( -60.91758131164525025, 52.88547448879043600, 51.85756130271612108 ) ) ;
#2961 = ORIENTED_EDGE ( 'NONE', *, *, #3274, .T. ) ;
#2962 = EDGE_LOOP ( 'NONE', ( #5544, #7267, #8741, #3739 ) ) ;
#2963 = PRODUCT_DEFINITION ( 'UNKNOWN', '', #6282, #1518 ) ;
#2964 = DIRECTION ( 'NONE',  ( -0.000000000000000000, -0.000000000000000000, 1.000000000000000000 ) ) ;
#2965 = EDGE_CURVE ( 'NONE', #4246, #9463, #5325, .T. ) ;
#2966 = CARTESIAN_POINT ( 'NONE',  ( 1.781881413105030232, 62.14776746691629938, 57.40000000000001990 ) ) ;
#2967 = CARTESIAN_POINT ( 'NONE',  ( 44.86592526628644606, 65.00000000000000000, 39.13836033867539754 ) ) ;
#2968 = EDGE_CURVE ( 'NONE', #7734, #3287, #2583, .T. ) ;
#2969 = DIRECTION ( 'NONE',  ( -1.000000000000000000, 0.000000000000000000, 1.390105829006383446E-14 ) ) ;
#2970 = DIRECTION ( 'NONE',  ( -0.7071067811865401342, 0.000000000000000000, 0.7071067811865549002 ) ) ;
#2971 = DIRECTION ( 'NONE',  ( -0.6123724356958025750, 0.4999999999999958367, -0.6123724356957898074 ) ) ;
#2972 = DIRECTION ( 'NONE',  ( -0.6622653803999819511, 0.000000000000000000, 0.7492693547207619487 ) ) ;
#2973 = CARTESIAN_POINT ( 'NONE',  ( -58.34547188391906047, 51.27225204461142027, 4.374014855583322259 ) ) ;
#2974 = EDGE_CURVE ( 'NONE', #3194, #962, #5668, .T. ) ;
#2975 = ORIENTED_EDGE ( 'NONE', *, *, #3972, .F. ) ;
#2976 = ORIENTED_EDGE ( 'NONE', *, *, #5796, .F. ) ;
#2977 = DIRECTION ( 'NONE',  ( 0.000000000000000000, 1.000000000000000000, -0.000000000000000000 ) ) ;
#2978 = ORIENTED_EDGE ( 'NONE', *, *, #1285, .T. ) ;
#2979 = FACE_OUTER_BOUND ( 'NONE', #1220, .T. ) ;
#2980 = CARTESIAN_POINT ( 'NONE',  ( 59.49698291047736376, 51.13599193723079850, 53.48055079409735413 ) ) ;
#2981 = EDGE_CURVE ( 'NONE', #6861, #3476, #75, .T. ) ;
#2982 = PLANE ( 'NONE',  #5033 ) ;
#2983 = VECTOR ( 'NONE', #8944, 1000.000000000000114 ) ;
#2984 = DIRECTION ( 'NONE',  ( -0.7071067811865475727, 0.000000000000000000, 0.7071067811865475727 ) ) ;
#2985 = DIRECTION ( 'NONE',  ( -6.982962677686267499E-15, 0.000000000000000000, -1.000000000000000000 ) ) ;
#2986 = DIRECTION ( 'NONE',  ( -0.000000000000000000, 1.000000000000000000, -0.000000000000000000 ) ) ;
#2987 = CARTESIAN_POINT ( 'NONE',  ( 27.74454884646939945, 14.70000000000000462, 66.98126610706812301 ) ) ;
#2988 = AXIS2_PLACEMENT_3D ( 'NONE', #5221, #9696, #3844 ) ;
#2989 = ORIENTED_EDGE ( 'NONE', *, *, #1570, .T. ) ;
#2990 = EDGE_LOOP ( 'NONE', ( #6064, #1807, #1225 ) ) ;
#2991 = DIRECTION ( 'NONE',  ( 0.000000000000000000, 1.000000000000000000, 0.000000000000000000 ) ) ;
#2992 = VERTEX_POINT ( 'NONE', #356 ) ;
#2993 = ORIENTED_EDGE ( 'NONE', *, *, #5646, .F. ) ;
#2994 = CIRCLE ( 'NONE', #8482, 4.999999999999997335 ) ;
#2995 = AXIS2_PLACEMENT_3D ( 'NONE', #5746, #5645, #8745 ) ;
#2996 = ADVANCED_FACE ( 'NONE', ( #4871 ), #5521, .T. ) ;
#2997 = FACE_BOUND ( 'NONE', #2452, .T. ) ;
#2998 = CARTESIAN_POINT ( 'NONE',  ( 25.00000000000000000, 30.90000000000000213, -4.177332116314244281 ) ) ;
#2999 = CARTESIAN_POINT ( 'NONE',  ( -42.67389424460763081, 65.00000000000000000, 48.40145917221963145 ) ) ;
#3000 = CARTESIAN_POINT ( 'NONE',  ( -35.00000000000000000, 1.500000000000001332, -4.177332116314161681 ) ) ;
#3001 = DIRECTION ( 'NONE',  ( -0.6123724356958025750, 0.4999999999999958367, -0.6123724356957898074 ) ) ;
#3002 = EDGE_LOOP ( 'NONE', ( #1420, #472, #7280, #4758, #1900, #1986, #7330, #8723, #9402, #4211 ) ) ;
#3003 = EDGE_LOOP ( 'NONE', ( #3385, #1761, #4468, #2350, #6300, #829, #5301, #361 ) ) ;
#3004 = FACE_OUTER_BOUND ( 'NONE', #4669, .T. ) ;
#3005 = DIRECTION ( 'NONE',  ( -0.9238795325112910684, 0.000000000000000000, -0.3826834323650794012 ) ) ;
#3006 = EDGE_CURVE ( 'NONE', #1098, #2708, #7146, .T. ) ;
#3007 = DIRECTION ( 'NONE',  ( 0.7071067811865450192, 0.000000000000000000, -0.7071067811865500152 ) ) ;
#3008 = DIRECTION ( 'NONE',  ( -0.000000000000000000, 1.000000000000000000, -0.000000000000000000 ) ) ;
#3010 = CARTESIAN_POINT ( 'NONE',  ( -5.576861873200967601, 50.05142392732720680, 60.10735055216333933 ) ) ;
#3009 = DIRECTION ( 'NONE',  ( 6.918095612377566956E-15, -1.685161507135332739E-29, 1.000000000000000000 ) ) ;
#3011 = EDGE_LOOP ( 'NONE', ( #4684, #6668, #8552, #8196, #8391, #6107, #7005, #6584 ) ) ;
#3012 = ORIENTED_EDGE ( 'NONE', *, *, #4165, .T. ) ;
#3013 = CARTESIAN_POINT ( 'NONE',  ( 2.598160995412186924, 55.32351176966349726, -57.40000000000004832 ) ) ;
#3014 = FACE_OUTER_BOUND ( 'NONE', #6650, .T. ) ;
#3015 = CIRCLE ( 'NONE', #9295, 3.600000000000005862 ) ;
#3016 = B_SPLINE_CURVE_WITH_KNOTS ( 'NONE', 3,
 ( #5910, #8906, #8171, #1430, #6700, #8955 ),
 .UNSPECIFIED., .F., .F.,
 ( 4, 2, 4 ),
 ( 0.000000000000000000, 0.005735140038268126197, 0.01147028007653625239 ),
 .UNSPECIFIED. ) ;
#3017 = FACE_OUTER_BOUND ( 'NONE', #3092, .T. ) ;
#3018 = EDGE_CURVE ( 'NONE', #8375, #3256, #4919, .T. ) ;
#3019 = CARTESIAN_POINT ( 'NONE',  ( -1.038176656580641671E-14, 65.00000000000000000, -25.00000000000000355 ) ) ;
#3020 = CARTESIAN_POINT ( 'NONE',  ( 7.686121263544371196, 48.37296050605480247, 63.23764583683684748 ) ) ;
#3021 = CARTESIAN_POINT ( 'NONE',  ( -57.40356766985938464, 53.69058334038356151, 1.976685244382588191 ) ) ;
#3022 = VERTEX_POINT ( 'NONE', #6408 ) ;
#3023 = EDGE_CURVE ( 'NONE', #2992, #9009, #7621, .T. ) ;
#3024 = ORIENTED_EDGE ( 'NONE', *, *, #9403, .T. ) ;
#3025 = CARTESIAN_POINT ( 'NONE',  ( -42.67389424460763081, 52.90000000000000568, 48.40145917221963145 ) ) ;
#3026 = LINE ( 'NONE', #1699, #7152 ) ;
#3027 = CARTESIAN_POINT ( 'NONE',  ( -11.35032770630495058, 65.00000000000000000, 64.00132858745578801 ) ) ;
#3028 = EDGE_CURVE ( 'NONE', #3418, #3584, #6354, .T. ) ;
#3029 = CARTESIAN_POINT ( 'NONE',  ( 51.59625485099969922, 53.32263503475334687, 61.13802427215792079 ) ) ;
#3030 = CARTESIAN_POINT ( 'NONE',  ( -1.472166390312056539, 62.32658151869691210, 64.40000000000006253 ) ) ;
#3031 = CARTESIAN_POINT ( 'NONE',  ( 42.63853890554883463, 58.49999999999999289, 48.43681451127848447 ) ) ;
#3032 = CARTESIAN_POINT ( 'NONE',  ( -79.63584942451120696, 54.73451963194222003, -7.625547204249023991 ) ) ;
#3033 = DIRECTION ( 'NONE',  ( -3.384826294588892334E-15, 0.000000000000000000, -1.000000000000000000 ) ) ;
#3034 = FACE_OUTER_BOUND ( 'NONE', #6826, .T. ) ;
#3035 = ORIENTED_EDGE ( 'NONE', *, *, #1152, .F. ) ;
#3036 = ORIENTED_EDGE ( 'NONE', *, *, #7644, .F. ) ;
#3037 = VERTEX_POINT ( 'NONE', #408 ) ;
#3038 = DIRECTION ( 'NONE',  ( 0.6123724356957971349, -0.4999999999999990563, 0.6123724356957928050 ) ) ;
#3039 = VERTEX_POINT ( 'NONE', #5620 ) ;
#3040 = ORIENTED_EDGE ( 'NONE', *, *, #7111, .F. ) ;
#3041 = ADVANCED_FACE ( 'NONE', ( #1192 ), #7829, .T. ) ;
#3042 = CIRCLE ( 'NONE', #1940, 4.099999999999998757 ) ;
#3043 = EDGE_CURVE ( 'NONE', #1016, #2651, #3259, .T. ) ;
#3044 = CARTESIAN_POINT ( 'NONE',  ( 79.54715582596276136, 59.11550901516400103, 8.499999999999856115 ) ) ;
#3045 = CARTESIAN_POINT ( 'NONE',  ( 0.000000000000000000, 65.00000000000000000, 0.000000000000000000 ) ) ;
#3046 = LINE ( 'NONE', #193, #9398 ) ;
#3047 = CARTESIAN_POINT ( 'NONE',  ( 79.54715582596276136, 57.94505183521495439, 8.499999999999856115 ) ) ;
#3048 = AXIS2_PLACEMENT_3D ( 'NONE', #7732, #1195, #6457 ) ;
#3049 = CARTESIAN_POINT ( 'NONE',  ( -1.118394946020719649, 50.05559769236783296, -79.99403875766785177 ) ) ;
#3050 = CIRCLE ( 'NONE', #1163, 9.999999999999994671 ) ;
#3051 = ORIENTED_EDGE ( 'NONE', *, *, #3152, .T. ) ;
#3052 = VERTEX_POINT ( 'NONE', #2519 ) ;
#3053 = FACE_OUTER_BOUND ( 'NONE', #5505, .T. ) ;
#3054 = CARTESIAN_POINT ( 'NONE',  ( -57.40000000000002700, 50.00000000000000000, 1.781881413105631973 ) ) ;
#3055 = AXIS2_PLACEMENT_3D ( 'NONE', #3347, #7861, #8749 ) ;
#3056 = CIRCLE ( 'NONE', #392, 4.099999999999998757 ) ;
#3057 = CARTESIAN_POINT ( 'NONE',  ( -39.13836033867492858, 65.00000000000000000, 44.86592526628685107 ) ) ;
#3058 = AXIS2_PLACEMENT_3D ( 'NONE', #6701, #5962, #8957 ) ;
#3059 = EDGE_CURVE ( 'NONE', #3477, #1675, #6508, .T. ) ;
#3060 = EDGE_CURVE ( 'NONE', #5388, #622, #6998, .T. ) ;
#3061 = CARTESIAN_POINT ( 'NONE',  ( -61.04346596506925238, 1.500000000000001332, 22.33148591051281429 ) ) ;
#3062 = ORIENTED_EDGE ( 'NONE', *, *, #598, .T. ) ;
#3063 = ORIENTED_EDGE ( 'NONE', *, *, #3887, .T. ) ;
#3064 = VECTOR ( 'NONE', #6867, 1000.000000000000000 ) ;
#3065 = AXIS2_PLACEMENT_3D ( 'NONE', #8316, #5172, #2954 ) ;
#3066 = DIRECTION ( 'NONE',  ( -1.047444401652940007E-14, -0.000000000000000000, -1.000000000000000000 ) ) ;
#3067 = CARTESIAN_POINT ( 'NONE',  ( -57.40000000000005542, 50.47104418672341808, -1.941672373702610033 ) ) ;
#3068 = CIRCLE ( 'NONE', #8721, 3.600000000000005862 ) ;
#3069 = CARTESIAN_POINT ( 'NONE',  ( -62.66184885556427986, 48.97540643176191821, -6.975800077589807913 ) ) ;
#3070 = VECTOR ( 'NONE', #3223, 1000.000000000000000 ) ;
#3071 = CARTESIAN_POINT ( 'NONE',  ( 61.24646232008638691, 53.54897383806827094, -51.46741631746883172 ) ) ;
#3072 = DIRECTION ( 'NONE',  ( -0.7071067811865500152, 0.000000000000000000, -0.7071067811865449082 ) ) ;
#3073 = DIRECTION ( 'NONE',  ( 0.000000000000000000, 0.000000000000000000, 1.000000000000000000 ) ) ;
#3074 = ORIENTED_EDGE ( 'NONE', *, *, #6101, .T. ) ;
#3075 = EDGE_LOOP ( 'NONE', ( #6396, #591, #9418, #2016 ) ) ;
#3076 = FACE_OUTER_BOUND ( 'NONE', #4844, .T. ) ;
#3077 = CARTESIAN_POINT ( 'NONE',  ( 1.359357947053562156E-15, 37.90000000000000568, 11.09999999999999964 ) ) ;
#3078 = CARTESIAN_POINT ( 'NONE',  ( -58.10521046563358993, 56.16173140978204259, -4.049999999999789324 ) ) ;
#3079 = AXIS2_PLACEMENT_3D ( 'NONE', #5760, #403, #4275 ) ;
#3080 = CYLINDRICAL_SURFACE ( 'NONE', #8570, 4.000000000000003553 ) ;
#3081 = PLANE ( 'NONE',  #552 ) ;
#3082 = EDGE_CURVE ( 'NONE', #2644, #7570, #2903, .T. ) ;
#3083 = DIRECTION ( 'NONE',  ( 0.000000000000000000, 0.000000000000000000, 1.000000000000000000 ) ) ;
#3084 = PLANE ( 'NONE',  #5730 ) ;
#3085 = CARTESIAN_POINT ( 'NONE',  ( -3.470779219583164175E-13, 58.49999999999999289, -64.40000000000000568 ) ) ;
#3086 = CARTESIAN_POINT ( 'NONE',  ( 0.000000000000000000, 45.00000000000000711, 0.000000000000000000 ) ) ;
#3087 = CIRCLE ( 'NONE', #8583, 10.00000000000000178 ) ;
#3088 = EDGE_LOOP ( 'NONE', ( #414, #1209, #847, #5882 ) ) ;
#3089 = ORIENTED_EDGE ( 'NONE', *, *, #7782, .F. ) ;
#3090 = VERTEX_POINT ( 'NONE', #6261 ) ;
#3091 = DIRECTION ( 'NONE',  ( 1.000000000000000000, -0.000000000000000000, -1.776356839400250465E-15 ) ) ;
#3092 = EDGE_LOOP ( 'NONE', ( #6393, #4564, #7363, #4756, #6286, #6043 ) ) ;
#3093 = VERTEX_POINT ( 'NONE', #7730 ) ;
#3094 = CARTESIAN_POINT ( 'NONE',  ( -57.40000000000004832, 53.89042705671922562, -0.1159854610426550858 ) ) ;
#3095 = CARTESIAN_POINT ( 'NONE',  ( 4.177332116314199872, 30.90000000000000213, -25.00000000000000711 ) ) ;
#3096 = DIRECTION ( 'NONE',  ( -2.967535009851178835E-15, -0.5000000000000011102, -0.8660254037844380415 ) ) ;
#3097 = CARTESIAN_POINT ( 'NONE',  ( 79.88714548007592953, 51.13636141293635973, 4.254956543808308567 ) ) ;
#3098 = DIRECTION ( 'NONE',  ( -0.000000000000000000, -1.000000000000000000, -0.000000000000000000 ) ) ;
#3099 = VERTEX_POINT ( 'NONE', #4771 ) ;
#3100 = EDGE_CURVE ( 'NONE', #2310, #1624, #1136, .T. ) ;
#3101 = ORIENTED_EDGE ( 'NONE', *, *, #4596, .T. ) ;
#3102 = PLANE ( 'NONE',  #554 ) ;
#3103 = AXIS2_PLACEMENT_3D ( 'NONE', #4849, #9319, #4897 ) ;
#3104 = CARTESIAN_POINT ( 'NONE',  ( -64.40000000000003411, 60.83826859021802136, 4.050000000000231637 ) ) ;
#3105 = EDGE_CURVE ( 'NONE', #2132, #6166, #5470, .T. ) ;
#3106 = EDGE_CURVE ( 'NONE', #8634, #7685, #310, .T. ) ;
#3107 = FACE_OUTER_BOUND ( 'NONE', #7816, .T. ) ;
#3108 = CARTESIAN_POINT ( 'NONE',  ( -28.37734619600019315, 1.500000000000001332, 11.67002566352185511 ) ) ;
#3109 = ORIENTED_EDGE ( 'NONE', *, *, #5954, .T. ) ;
#3110 = ORIENTED_EDGE ( 'NONE', *, *, #6634, .F. ) ;
#3111 = DIRECTION ( 'NONE',  ( -0.7071067811865500152, 0.000000000000000000, -0.7071067811865451302 ) ) ;
#3112 = CARTESIAN_POINT ( 'NONE',  ( -57.39999999999999147, 50.52795622369258410, 5.813510302920393613 ) ) ;
#3113 = VECTOR ( 'NONE', #9508, 1000.000000000000000 ) ;
#3114 = EDGE_CURVE ( 'NONE', #3788, #7126, #5418, .T. ) ;
#3115 = CARTESIAN_POINT ( 'NONE',  ( 62.08742771212190092, 56.30035377264326968, -50.44960976038112221 ) ) ;
#3116 = CARTESIAN_POINT ( 'NONE',  ( -72.31222335375635168, 49.50647438683942880, -34.21903496062471106 ) ) ;
#3117 = AXIS2_PLACEMENT_3D ( 'NONE', #7470, #6035, #89 ) ;
#3118 = CARTESIAN_POINT ( 'NONE',  ( -57.40000000000004121, 53.78959459549198385, 1.878171458044030739 ) ) ;
#3119 = EDGE_LOOP ( 'NONE', ( #2012, #5027 ) ) ;
#3120 = AXIS2_PLACEMENT_3D ( 'NONE', #8623, #7008, #9405 ) ;
#3121 = ORIENTED_EDGE ( 'NONE', *, *, #426, .F. ) ;
#3122 = CARTESIAN_POINT ( 'NONE',  ( -4.592979611832889198E-13, 53.82346281956404255, -64.40000000000004832 ) ) ;
#3123 = LINE ( 'NONE', #6864, #6358 ) ;
#3124 = DIRECTION ( 'NONE',  ( -0.000000000000000000, -1.000000000000000000, -0.000000000000000000 ) ) ;
#3125 = DIRECTION ( 'NONE',  ( 1.015447888376667621E-14, 0.000000000000000000, 1.000000000000000000 ) ) ;
#3126 = ADVANCED_FACE ( 'NONE', ( #2857 ), #4337, .T. ) ;
#3127 = PLANE ( 'NONE',  #474 ) ;
#3128 = CARTESIAN_POINT ( 'NONE',  ( -39.13836033867541175, 65.00000000000000000, -44.86592526628643185 ) ) ;
#3129 = DIRECTION ( 'NONE',  ( 0.9238795325112910684, 0.000000000000000000, 0.3826834323650794012 ) ) ;
#3130 = DIRECTION ( 'NONE',  ( -0.6123724356958029080, 0.4999999999999958922, -0.6123724356957895854 ) ) ;
#3131 = EDGE_CURVE ( 'NONE', #4907, #4711, #5259, .T. ) ;
#3132 = ORIENTED_EDGE ( 'NONE', *, *, #659, .T. ) ;
#3133 = ORIENTED_EDGE ( 'NONE', *, *, #9347, .F. ) ;
#3134 = VERTEX_POINT ( 'NONE', #1431 ) ;
#3135 = FACE_OUTER_BOUND ( 'NONE', #3075, .T. ) ;
#3136 = ORIENTED_EDGE ( 'NONE', *, *, #7639, .F. ) ;
#3137 = ORIENTED_EDGE ( 'NONE', *, *, #598, .F. ) ;
#3138 = VECTOR ( 'NONE', #9359, 1000.000000000000114 ) ;
#3139 = CARTESIAN_POINT ( 'NONE',  ( 64.40000000000004832, 9.672827050956818619E-28, -2.211280286727785861E-13 ) ) ;
#3140 = DIRECTION ( 'NONE',  ( -0.7071067811865549002, 0.000000000000000000, -0.7071067811865401342 ) ) ;
#3141 = CARTESIAN_POINT ( 'NONE',  ( -48.84839389192955394, 56.16173140978202838, 54.57595881954166828 ) ) ;
#3142 = DIRECTION ( 'NONE',  ( 2.967535009851168580E-15, -0.5000000000000009992, 0.8660254037844380415 ) ) ;
#3143 = CARTESIAN_POINT ( 'NONE',  ( 79.57594737235670834, 56.29130941663271415, 8.226819697962687528 ) ) ;
#3144 = EDGE_CURVE ( 'NONE', #8335, #2587, #2713, .T. ) ;
#3145 = LINE ( 'NONE', #1867, #8295 ) ;
#3146 = AXIS2_PLACEMENT_3D ( 'NONE', #490, #7380, #6686 ) ;
#3147 = EDGE_LOOP ( 'NONE', ( #9314, #6976, #8696, #6079 ) ) ;
#3148 = ORIENTED_EDGE ( 'NONE', *, *, #1866, .T. ) ;
#3149 = LINE ( 'NONE', #349, #7627 ) ;
#3150 = AXIS2_PLACEMENT_3D ( 'NONE', #7701, #958, #3956 ) ;
#3151 = ADVANCED_FACE ( 'NONE', ( #3555 ), #492, .T. ) ;
#3152 = EDGE_CURVE ( 'NONE', #9083, #965, #1286, .T. ) ;
#3153 = DIRECTION ( 'NONE',  ( 0.000000000000000000, 0.000000000000000000, -1.000000000000000000 ) ) ;
#3154 = PLANE ( 'NONE',  #7396 ) ;
#3155 = CARTESIAN_POINT ( 'NONE',  ( 9.181544413650044589E-13, 58.49999999999999289, 64.39999999999999147 ) ) ;
#3156 = AXIS2_PLACEMENT_3D ( 'NONE', #6048, #5164, #8164 ) ;
#3157 = EDGE_LOOP ( 'NONE', ( #6156, #2121 ) ) ;
#3158 = ORIENTED_EDGE ( 'NONE', *, *, #1798, .T. ) ;
#3159 = CARTESIAN_POINT ( 'NONE',  ( 1.958851601267856513, 53.89044323082825372, -57.40000000000004832 ) ) ;
#3160 = EDGE_CURVE ( 'NONE', #5075, #5064, #1084, .T. ) ;
#3161 = CARTESIAN_POINT ( 'NONE',  ( -73.88099797964947868, 64.00000071709243343, -30.68547111469908728 ) ) ;
#3162 = DIRECTION ( 'NONE',  ( -0.7071067811865400232, 0.000000000000000000, 0.7071067811865550112 ) ) ;
#3163 = DIRECTION ( 'NONE',  ( -0.000000000000000000, 1.000000000000000000, -0.000000000000000000 ) ) ;
#3164 = CARTESIAN_POINT ( 'NONE',  ( 57.40000000000002700, 53.78959459549174227, -1.878171458043391917 ) ) ;
#3165 = PLANE ( 'NONE',  #6099 ) ;
#3166 = EDGE_LOOP ( 'NONE', ( #8621, #8844, #4657, #2671 ) ) ;
#3167 = EDGE_LOOP ( 'NONE', ( #257, #7230, #6123 ) ) ;
#3168 = FACE_OUTER_BOUND ( 'NONE', #9172, .T. ) ;
#3169 = DIRECTION ( 'NONE',  ( 0.000000000000000000, 0.000000000000000000, 1.000000000000000000 ) ) ;
#3170 = DIRECTION ( 'NONE',  ( 0.000000000000000000, 0.000000000000000000, -1.000000000000000000 ) ) ;
#3171 = DIRECTION ( 'NONE',  ( 0.000000000000000000, 0.000000000000000000, -1.000000000000000000 ) ) ;
#3172 = CARTESIAN_POINT ( 'NONE',  ( 27.74454884646939945, 0.000000000000000000, 64.83126610706813153 ) ) ;
#3173 = AXIS2_PLACEMENT_3D ( 'NONE', #319, #7841, #1698 ) ;
#3174 = CARTESIAN_POINT ( 'NONE',  ( 39.13836033867541175, 65.00000000000000000, 44.86592526628643185 ) ) ;
#3175 = PLANE ( 'NONE',  #3999 ) ;
#3176 = ADVANCED_FACE ( 'NONE', ( #5020 ), #8025, .T. ) ;
#3177 = CARTESIAN_POINT ( 'NONE',  ( 10.62366485308692354, 45.70055609242652395, -64.07814946534399780 ) ) ;
#3178 = EDGE_LOOP ( 'NONE', ( #2847, #2000, #6707, #9626, #5686 ) ) ;
#3179 = EDGE_CURVE ( 'NONE', #2277, #9328, #6889, .T. ) ;
#3180 = ORIENTED_EDGE ( 'NONE', *, *, #1520, .F. ) ;
#3181 = ORIENTED_EDGE ( 'NONE', *, *, #210, .F. ) ;
#3182 = CARTESIAN_POINT ( 'NONE',  ( -79.65411691608375122, 62.63505595538028103, -7.432880542166256710 ) ) ;
#3183 = VERTEX_POINT ( 'NONE', #1533 ) ;
#3184 = UNCERTAINTY_MEASURE_WITH_UNIT (LENGTH_MEASURE( 1.000000000000000082E-05 ), #4457, 'distance_accuracy_value', 'NONE');
#3185 = ORIENTED_EDGE ( 'NONE', *, *, #1164, .T. ) ;
#3186 = ADVANCED_FACE ( 'NONE', ( #8216 ), #8414, .T. ) ;
#3187 = B_SPLINE_CURVE_WITH_KNOTS ( 'NONE', 3,
 ( #2065, #2757, #2800, #8016 ),
 .UNSPECIFIED., .F., .F.,
 ( 4, 4 ),
 ( 7.318364664277153967E-19, 0.0001339296486542325654 ),
 .UNSPECIFIED. ) ;
#3188 = LINE ( 'NONE', #9180, #1423 ) ;
#3189 = CARTESIAN_POINT ( 'NONE',  ( -44.86592526628601973, 52.90000000000000568, 39.13836033867588071 ) ) ;
#3190 = CARTESIAN_POINT ( 'NONE',  ( -72.58481044685854044, 49.33674092298044656, -33.64299946510481476 ) ) ;
#3191 = CARTESIAN_POINT ( 'NONE',  ( -1.781881413103104661, 65.00000000000000000, 61.40000000000004832 ) ) ;
#3192 = DIRECTION ( 'NONE',  ( -1.000000000000000000, 0.000000000000000000, 8.826273045769994496E-15 ) ) ;
#3193 = FACE_OUTER_BOUND ( 'NONE', #5842, .T. ) ;
#3194 = VERTEX_POINT ( 'NONE', #7632 ) ;
#3195 = ORIENTED_EDGE ( 'NONE', *, *, #8575, .T. ) ;
#3196 = EDGE_LOOP ( 'NONE', ( #1724, #3837 ) ) ;
#3197 = CARTESIAN_POINT ( 'NONE',  ( 57.40000000000004832, 53.89042705671922562, -0.1159854610430725158 ) ) ;
#3198 = DIRECTION ( 'NONE',  ( -0.000000000000000000, -1.000000000000000000, -0.000000000000000000 ) ) ;
#3199 = FACE_OUTER_BOUND ( 'NONE', #5306, .T. ) ;
#3200 = DIRECTION ( 'NONE',  ( 0.7071067811865500152, 0.000000000000000000, 0.7071067811865450192 ) ) ;
#3201 = ADVANCED_FACE ( 'NONE', ( #4577 ), #9693, .F. ) ;
#3202 = AXIS2_PLACEMENT_3D ( 'NONE', #6946, #6219, #6858 ) ;
#3203 = EDGE_CURVE ( 'NONE', #9534, #9417, #15, .T. ) ;
#3204 = CIRCLE ( 'NONE', #5558, 8.500000000000000000 ) ;
#3205 = ORIENTED_EDGE ( 'NONE', *, *, #5892, .T. ) ;
#3206 = ORIENTED_EDGE ( 'NONE', *, *, #6334, .T. ) ;
#3207 = CARTESIAN_POINT ( 'NONE',  ( 26.38856624071847889, 1.500000000000001332, 45.02950970490492466 ) ) ;
#3208 = B_SPLINE_CURVE_WITH_KNOTS ( 'NONE', 3,
 ( #5412, #8608, #254, #5559, #6253, #1037, #9337 ),
 .UNSPECIFIED., .F., .F.,
 ( 4, 3, 4 ),
 ( 0.001593213542510111061, 0.002954456518674312537, 0.003259114558754699648 ),
 .UNSPECIFIED. ) ;
#3209 = AXIS2_PLACEMENT_3D ( 'NONE', #3583, #8941, #8840 ) ;
#3210 = CIRCLE ( 'NONE', #2902, 2.149999999999999023 ) ;
#3211 = CARTESIAN_POINT ( 'NONE',  ( 57.64235574244778348, 55.77353993567002988, -3.377632643773159415 ) ) ;
#3212 = VECTOR ( 'NONE', #7097, 1000.000000000000114 ) ;
#3213 = DIRECTION ( 'NONE',  ( 0.000000000000000000, 0.000000000000000000, 1.000000000000000000 ) ) ;
#3214 = PLANE ( 'NONE',  #4458 ) ;
#3215 = AXIS2_PLACEMENT_3D ( 'NONE', #7441, #705, #6012 ) ;
#3216 = VECTOR ( 'NONE', #9266, 1000.000000000000000 ) ;
#3217 = VECTOR ( 'NONE', #6311, 1000.000000000000000 ) ;
#3218 = CARTESIAN_POINT ( 'NONE',  ( -60.11996017579318874, 51.74497750639832816, -52.78074450942258267 ) ) ;
#3219 = EDGE_LOOP ( 'NONE', ( #827, #7967, #9569, #2976 ) ) ;
#3220 = ORIENTED_EDGE ( 'NONE', *, *, #1617, .F. ) ;
#3221 = DIRECTION ( 'NONE',  ( 0.7492693547207622817, 0.000000000000000000, 0.6622653803999818400 ) ) ;
#3222 = DIRECTION ( 'NONE',  ( 0.000000000000000000, 0.000000000000000000, 1.000000000000000000 ) ) ;
#3223 = DIRECTION ( 'NONE',  ( -0.000000000000000000, -1.000000000000000000, -0.000000000000000000 ) ) ;
#3224 = DIRECTION ( 'NONE',  ( 0.000000000000000000, 1.000000000000000000, 0.000000000000000000 ) ) ;
#3225 = VECTOR ( 'NONE', #6081, 1000.000000000000000 ) ;
#3226 = CARTESIAN_POINT ( 'NONE',  ( 9.181544413650044589E-13, 58.49999999999999289, 64.39999999999999147 ) ) ;
#3227 = CARTESIAN_POINT ( 'NONE',  ( -4.696149087049128035, 50.94585297585263817, -58.65111991528470270 ) ) ;
#3228 = CARTESIAN_POINT ( 'NONE',  ( 61.04346596506924527, 1.500000000000001332, 22.33148591051282494 ) ) ;
#3229 = LINE ( 'NONE', #779, #2272 ) ;
#3230 = ORIENTED_EDGE ( 'NONE', *, *, #7693, .F. ) ;
#3231 = ORIENTED_EDGE ( 'NONE', *, *, #3902, .T. ) ;
#3232 = AXIS2_PLACEMENT_3D ( 'NONE', #5013, #2615, #3452 ) ;
#3233 = ORIENTED_EDGE ( 'NONE', *, *, #655, .F. ) ;
#3234 = AXIS2_PLACEMENT_3D ( 'NONE', #8871, #7354, #662 ) ;
#3235 = CARTESIAN_POINT ( 'NONE',  ( 35.00000000000000000, 65.00000000000000000, 4.177332116314168786 ) ) ;
#3236 = VERTEX_POINT ( 'NONE', #5364 ) ;
#3237 = ORIENTED_EDGE ( 'NONE', *, *, #8563, .T. ) ;
#3238 = EDGE_CURVE ( 'NONE', #2730, #8785, #2750, .T. ) ;
#3239 = DIRECTION ( 'NONE',  ( -1.000000000000000000, -1.685161507135332739E-29, 3.426614273534433601E-15 ) ) ;
#3240 = DIRECTION ( 'NONE',  ( 1.000000000000000000, 0.000000000000000000, 0.000000000000000000 ) ) ;
#3241 = CARTESIAN_POINT ( 'NONE',  ( -45.53767670841317283, 58.49999999999995737, 45.53767670841414628 ) ) ;
#3242 = PLANE ( 'NONE',  #5636 ) ;
#3243 = CARTESIAN_POINT ( 'NONE',  ( 79.97711692057846733, 50.21796050772874054, -1.932895371831544473 ) ) ;
#3244 = ORIENTED_EDGE ( 'NONE', *, *, #8415, .F. ) ;
#3245 = CARTESIAN_POINT ( 'NONE',  ( -64.39999999999999147, 58.49999999999995737, 5.701467076235642709E-13 ) ) ;
#3246 = VERTEX_POINT ( 'NONE', #5409 ) ;
#3247 = DIRECTION ( 'NONE',  ( 0.7071067811865550112, 0.000000000000000000, 0.7071067811865398012 ) ) ;
#3248 = EDGE_CURVE ( 'NONE', #3284, #3921, #2740, .T. ) ;
#3249 = ORIENTED_EDGE ( 'NONE', *, *, #5569, .T. ) ;
#3250 = CIRCLE ( 'NONE', #7018, 4.099999999999999645 ) ;
#3251 = CARTESIAN_POINT ( 'NONE',  ( -42.67389424460763081, 52.90000000000000568, 48.40145917221963145 ) ) ;
#3252 = MANIFOLD_SOLID_BREP ( 'Cortar-Extruir26', #18 ) ;
#3253 = CARTESIAN_POINT ( 'NONE',  ( 6.655330888320908578, 65.00000000000000000, 7.529663527230791686 ) ) ;
#3254 = CARTESIAN_POINT ( 'NONE',  ( -0.1159854610432728694, 53.89042705671922562, -57.40000000000004832 ) ) ;
#3255 = CARTESIAN_POINT ( 'NONE',  ( -64.07514010107510671, 45.63234568032625305, -10.69516753390157859 ) ) ;
#3256 = VERTEX_POINT ( 'NONE', #2367 ) ;
#3257 = VERTEX_POINT ( 'NONE', #7538 ) ;
#3258 = DIRECTION ( 'NONE',  ( 1.221245327087672352E-14, -0.000000000000000000, 1.000000000000000000 ) ) ;
#3259 = LINE ( 'NONE', #6211, #395 ) ;
#3260 = ADVANCED_FACE ( 'NONE', ( #3700 ), #1626, .T. ) ;
#3261 = LINE ( 'NONE', #5471, #5563 ) ;
#3262 = VECTOR ( 'NONE', #5046, 1000.000000000000000 ) ;
#3263 = CARTESIAN_POINT ( 'NONE',  ( -64.40000000000003411, 56.16173140978203548, 4.050000000000231637 ) ) ;
#3264 = CARTESIAN_POINT ( 'NONE',  ( -60.36806642904178943, 49.98058182672756544, -5.646478818412526302 ) ) ;
#3265 = ORIENTED_EDGE ( 'NONE', *, *, #8286, .F. ) ;
#3266 = CARTESIAN_POINT ( 'NONE',  ( 8.648034604432217165, 47.52792432982944604, -63.75553406665875400 ) ) ;
#3267 = ADVANCED_FACE ( 'NONE', ( #3892 ), #752, .T. ) ;
#3268 = ORIENTED_EDGE ( 'NONE', *, *, #4585, .F. ) ;
#3269 = VERTEX_POINT ( 'NONE', #5219 ) ;
#3270 = AXIS2_PLACEMENT_3D ( 'NONE', #3500, #6492, #1920 ) ;
#3271 = CARTESIAN_POINT ( 'NONE',  ( 2.554334792633710105, 53.10949990370522755, 57.47050929887705450 ) ) ;
#3272 = LINE ( 'NONE', #9258, #6111 ) ;
#3273 = CARTESIAN_POINT ( 'NONE',  ( -7.529663527230820996, 1.500000000000001332, -6.655330888320944993 ) ) ;
#3274 = EDGE_CURVE ( 'NONE', #9515, #2149, #5270, .T. ) ;
#3275 = CARTESIAN_POINT ( 'NONE',  ( 11.35032770630495236, 65.00000000000000000, -64.00132858745580222 ) ) ;
#3276 = CARTESIAN_POINT ( 'NONE',  ( 45.02950970490493177, 1.500000000000001332, -26.38856624071849666 ) ) ;
#3277 = CARTESIAN_POINT ( 'NONE',  ( 57.40000000000005542, 62.14776746691694598, 1.781881413102901934 ) ) ;
#3278 = VECTOR ( 'NONE', #2986, 1000.000000000000000 ) ;
#3279 = CARTESIAN_POINT ( 'NONE',  ( -3.120936205374701178, 52.53855010969871842, -57.62567017389385171 ) ) ;
#3280 = CARTESIAN_POINT ( 'NONE',  ( 61.04346596506924527, 65.00000000000000000, 22.33148591051282494 ) ) ;
#3281 = EDGE_CURVE ( 'NONE', #5706, #5009, #58, .T. ) ;
#3282 = CARTESIAN_POINT ( 'NONE',  ( -50.46042647218209254, 56.30068309407813132, 62.07859525918782140 ) ) ;
#3283 = VERTEX_POINT ( 'NONE', #936 ) ;
#3284 = VERTEX_POINT ( 'NONE', #3939 ) ;
#3285 = ORIENTED_EDGE ( 'NONE', *, *, #3311, .T. ) ;
#3286 = FACE_OUTER_BOUND ( 'NONE', #602, .T. ) ;
#3287 = VERTEX_POINT ( 'NONE', #199 ) ;
#3288 = ORIENTED_EDGE ( 'NONE', *, *, #8920, .T. ) ;
#3289 = ADVANCED_FACE ( 'NONE', ( #7680 ), #6936, .T. ) ;
#3290 = DIRECTION ( 'NONE',  ( 0.7071067811865475727, -0.000000000000000000, 0.7071067811865474617 ) ) ;
#3291 = VECTOR ( 'NONE', #7078, 1000.000000000000000 ) ;
#3292 = DIRECTION ( 'NONE',  ( -3.384826294588892334E-15, 0.000000000000000000, -1.000000000000000000 ) ) ;
#3293 = B_SPLINE_CURVE_WITH_KNOTS ( 'NONE', 3,
 ( #1263, #525, #3528, #5497 ),
 .UNSPECIFIED., .F., .F.,
 ( 4, 4 ),
 ( 0.000000000000000000, 0.0003116544788811089427 ),
 .UNSPECIFIED. ) ;
#3294 = FACE_OUTER_BOUND ( 'NONE', #7806, .T. ) ;
#3295 = CARTESIAN_POINT ( 'NONE',  ( 51.65216350890474217, 65.00000000000000000, -18.89587269351087429 ) ) ;
#3296 = FACE_OUTER_BOUND ( 'NONE', #7216, .T. ) ;
#3297 = DIRECTION ( 'NONE',  ( 0.000000000000000000, 1.000000000000000000, 0.000000000000000000 ) ) ;
#3298 = ORIENTED_EDGE ( 'NONE', *, *, #6217, .F. ) ;
#3299 = DIRECTION ( 'NONE',  ( -0.000000000000000000, 1.000000000000000000, -0.000000000000000000 ) ) ;
#3300 = EDGE_LOOP ( 'NONE', ( #3643, #5968, #2182 ) ) ;
#3301 = DIRECTION ( 'NONE',  ( 0.000000000000000000, 0.000000000000000000, 1.000000000000000000 ) ) ;
#3302 = ORIENTED_EDGE ( 'NONE', *, *, #5245, .F. ) ;
#3303 = CARTESIAN_POINT ( 'NONE',  ( 56.55243854460520225, 65.00000000000000000, 48.80647185219037709 ) ) ;
#3304 = EDGE_CURVE ( 'NONE', #3039, #2107, #3123, .T. ) ;
#3305 = DIRECTION ( 'NONE',  ( -0.000000000000000000, -1.000000000000000000, -0.000000000000000000 ) ) ;
#3306 = CARTESIAN_POINT ( 'NONE',  ( -1.781881413105030232, 53.88633504566436727, -57.40000000000004832 ) ) ;
#3307 = FACE_OUTER_BOUND ( 'NONE', #1245, .T. ) ;
#3308 = VECTOR ( 'NONE', #4160, 1000.000000000000000 ) ;
#3309 = EDGE_LOOP ( 'NONE', ( #7727, #1902, #7066 ) ) ;
#3310 = AXIS2_PLACEMENT_3D ( 'NONE', #1844, #4983, #7988 ) ;
#3311 = EDGE_CURVE ( 'NONE', #3037, #4848, #3380, .T. ) ;
#3312 = CARTESIAN_POINT ( 'NONE',  ( 3.865768938693549206, 50.49378412491899581, -57.40000000002058300 ) ) ;
#3313 = CARTESIAN_POINT ( 'NONE',  ( -4.177332116314214083, 1.500000000000001332, -25.00000000000000355 ) ) ;
#3314 = ADVANCED_FACE ( 'NONE', ( #220 ), #7651, .F. ) ;
#3315 = DIRECTION ( 'NONE',  ( -0.7071067811865500152, 0.000000000000000000, -0.7071067811865449082 ) ) ;
#3316 = VECTOR ( 'NONE', #2052, 1000.000000000000114 ) ;
#3317 = DIRECTION ( 'NONE',  ( 0.000000000000000000, 0.000000000000000000, 1.000000000000000000 ) ) ;
#3318 = CARTESIAN_POINT ( 'NONE',  ( 57.51257203140284702, 52.91803257104854197, -2.744449416886643789 ) ) ;
#3319 = CARTESIAN_POINT ( 'NONE',  ( -62.07859525918728139, 56.30068309407813132, -50.46042647218273203 ) ) ;
#3320 = ORIENTED_EDGE ( 'NONE', *, *, #7319, .F. ) ;
#3321 = VERTEX_POINT ( 'NONE', #908 ) ;
#3322 = CARTESIAN_POINT ( 'NONE',  ( -4.100000000000346034, 58.49999999999999289, -64.39999999999997726 ) ) ;
#3323 = FACE_OUTER_BOUND ( 'NONE', #8668, .T. ) ;
#3324 = CARTESIAN_POINT ( 'NONE',  ( 7.127997369823916074, 63.17187435911875326, -79.68271275738476334 ) ) ;
#3325 = CARTESIAN_POINT ( 'NONE',  ( -4.449100510727646982E-13, 63.17653718043602140, -64.40000000000004832 ) ) ;
#3326 = EDGE_CURVE ( 'NONE', #1825, #4066, #3912, .T. ) ;
#3327 = LINE ( 'NONE', #9307, #2669 ) ;
#3328 = ADVANCED_FACE ( 'NONE', ( #6908 ), #3813, .F. ) ;
#3329 = FACE_OUTER_BOUND ( 'NONE', #951, .T. ) ;
#3330 = FACE_OUTER_BOUND ( 'NONE', #1339, .T. ) ;
#3331 = CARTESIAN_POINT ( 'NONE',  ( -64.00132858745591591, 65.00000000000000000, -11.35032770630428089 ) ) ;
#3332 = ADVANCED_FACE ( 'NONE', ( #5481 ), #9025, .T. ) ;
#3333 = CARTESIAN_POINT ( 'NONE',  ( -51.11168270197622121, 54.24095111391810775, 61.54422635539113884 ) ) ;
#3334 = ADVANCED_FACE ( 'NONE', ( #7601 ), #5431, .F. ) ;
#3335 = ORIENTED_EDGE ( 'NONE', *, *, #4198, .T. ) ;
#3336 = VERTEX_POINT ( 'NONE', #2295 ) ;
#3337 = ORIENTED_EDGE ( 'NONE', *, *, #5592, .F. ) ;
#3338 = ADVANCED_FACE ( 'NONE', ( #815 ), #1602, .T. ) ;
#3339 = CARTESIAN_POINT ( 'NONE',  ( 7.575285442454182672, 62.36770782024269266, 79.64064284177399600 ) ) ;
#3340 = ORIENTED_EDGE ( 'NONE', *, *, #6066, .T. ) ;
#3341 = ORIENTED_EDGE ( 'NONE', *, *, #9479, .F. ) ;
#3342 = B_SPLINE_CURVE_WITH_KNOTS ( 'NONE', 3,
 ( #6746, #5915, #6109, #112, #2957, #798 ),
 .UNSPECIFIED., .F., .F.,
 ( 4, 2, 4 ),
 ( 8.673617379884035472E-19, 0.005735140038268125330, 0.01147028007653624893 ),
 .UNSPECIFIED. ) ;
#3343 = CARTESIAN_POINT ( 'NONE',  ( -10.02100682948694832, 46.26934231969540434, -64.06268622160715154 ) ) ;
#3344 = DIRECTION ( 'NONE',  ( -0.7071067811865475727, -0.000000000000000000, -0.7071067811865475727 ) ) ;
#3345 = PLANE ( 'NONE',  #3843 ) ;
#3346 = CARTESIAN_POINT ( 'NONE',  ( -57.40000000000002700, 53.88633504566436727, 1.781881413105631973 ) ) ;
#3347 = CARTESIAN_POINT ( 'NONE',  ( -4.050000000000456346, 60.83826859021802136, -64.40000000000001990 ) ) ;
#3348 = EDGE_LOOP ( 'NONE', ( #1330, #5496, #2746, #7574, #8359, #5160, #5468, #2878 ) ) ;
#3349 = CARTESIAN_POINT ( 'NONE',  ( -64.40000000000004832, 63.17653718043602140, 2.200586528512667334E-13 ) ) ;
#3350 = ORIENTED_EDGE ( 'NONE', *, *, #8134, .T. ) ;
#3351 = CARTESIAN_POINT ( 'NONE',  ( 9.181544413650044589E-13, 58.49999999999999289, 64.39999999999999147 ) ) ;
#3352 = VERTEX_POINT ( 'NONE', #772 ) ;
#3353 = PLANE ( 'NONE',  #3390 ) ;
#3354 = B_SPLINE_CURVE_WITH_KNOTS ( 'NONE', 3,
 ( #3432, #9416, #2689, #9224 ),
 .UNSPECIFIED., .F., .F.,
 ( 4, 4 ),
 ( 4.201283418381329682E-19, 0.0001339296486542322943 ),
 .UNSPECIFIED. ) ;
#3355 = DIRECTION ( 'NONE',  ( 0.000000000000000000, 0.000000000000000000, -1.000000000000000000 ) ) ;
#3356 = CARTESIAN_POINT ( 'NONE',  ( 10.47722557505072594, 65.00000000000000000, -59.07814946534381306 ) ) ;
#3357 = CARTESIAN_POINT ( 'NONE',  ( 57.40000000000004121, 50.00000000000000000, -1.781881413105227852 ) ) ;
#3358 = ORIENTED_EDGE ( 'NONE', *, *, #4139, .T. ) ;
#3359 = CARTESIAN_POINT ( 'NONE',  ( 5.813499158005827283, 50.52795602816083687, -57.40000000000004121 ) ) ;
#3360 = DIRECTION ( 'NONE',  ( -1.776356839400250465E-15, 0.000000000000000000, -1.000000000000000000 ) ) ;
#3361 = B_SPLINE_CURVE_WITH_KNOTS ( 'NONE', 3,
 ( #8996, #3044, #1372, #692, #5356, #2897, #2356, #8949, #3690, #4376, #7383, #3 ),
 .UNSPECIFIED., .F., .F.,
 ( 4, 2, 2, 2, 2, 4 ),
 ( 0.02659362627030692830, 0.02843711113902627763, 0.03028059600774562349, 0.03120233844210529989, 0.03212408087646497629, 0.03396756574518428745 ),
 .UNSPECIFIED. ) ;
#3362 = CARTESIAN_POINT ( 'NONE',  ( 51.65216350890475638, 1.500000000000001332, 18.89587269351085297 ) ) ;
#3363 = EDGE_CURVE ( 'NONE', #8288, #2863, #6685, .T. ) ;
#3364 = EDGE_CURVE ( 'NONE', #6764, #2651, #7310, .T. ) ;
#3365 = VECTOR ( 'NONE', #2634, 1000.000000000000000 ) ;
#3366 = EDGE_CURVE ( 'NONE', #3434, #9534, #3026, .T. ) ;
#3367 = CARTESIAN_POINT ( 'NONE',  ( 22.33148591051282139, 65.00000000000000000, 61.04346596506924527 ) ) ;
#3368 = ORIENTED_EDGE ( 'NONE', *, *, #7193, .T. ) ;
#3369 = CIRCLE ( 'NONE', #8862, 11.09999999999999964 ) ;
#3370 = ORIENTED_EDGE ( 'NONE', *, *, #6037, .F. ) ;
#3371 = VECTOR ( 'NONE', #714, 1000.000000000000000 ) ;
#3372 = CARTESIAN_POINT ( 'NONE',  ( -57.40000000000004832, 53.89042705671922562, 0.1159854610430725158 ) ) ;
#3373 = DIRECTION ( 'NONE',  ( 0.000000000000000000, 0.000000000000000000, 1.000000000000000000 ) ) ;
#3374 = CARTESIAN_POINT ( 'NONE',  ( -25.00000000000000000, 1.500000000000001332, 0.000000000000000000 ) ) ;
#3375 = PLANE ( 'NONE',  #6812 ) ;
#3376 = CARTESIAN_POINT ( 'NONE',  ( 27.74454884646939945, 14.70000000000000462, 70.58126610706813153 ) ) ;
#3377 = CARTESIAN_POINT ( 'NONE',  ( -2.170305432102503929, 53.49590396740815379, 57.41772093275439914 ) ) ;
#3378 = AXIS2_PLACEMENT_3D ( 'NONE', #8106, #8990, #5945 ) ;
#3379 = AXIS2_PLACEMENT_3D ( 'NONE', #8644, #4170, #484 ) ;
#3380 = CIRCLE ( 'NONE', #3540, 5.000000000000000000 ) ;
#3381 = CARTESIAN_POINT ( 'NONE',  ( 57.40000000000005542, 53.88633504566437438, 1.781881413102901712 ) ) ;
#3382 = CARTESIAN_POINT ( 'NONE',  ( -3.377632643773274435, 61.22646006433006960, -57.64235574244789717 ) ) ;
#3383 = ORIENTED_EDGE ( 'NONE', *, *, #7786, .T. ) ;
#3384 = ORIENTED_EDGE ( 'NONE', *, *, #6127, .F. ) ;
#3385 = ORIENTED_EDGE ( 'NONE', *, *, #8707, .F. ) ;
#3386 = FACE_OUTER_BOUND ( 'NONE', #4195, .T. ) ;
#3387 = ORIENTED_EDGE ( 'NONE', *, *, #1880, .F. ) ;
#3388 = ORIENTED_EDGE ( 'NONE', *, *, #6568, .F. ) ;
#3389 = VECTOR ( 'NONE', #3706, 1000.000000000000000 ) ;
#3390 = AXIS2_PLACEMENT_3D ( 'NONE', #5612, #8606, #2555 ) ;
#3391 = CYLINDRICAL_SURFACE ( 'NONE', #4981, 8.499999999999998224 ) ;
#3392 = ADVANCED_FACE ( 'NONE', ( #6225 ), #865, .F. ) ;
#3393 = CARTESIAN_POINT ( 'NONE',  ( -8.444402047719760773, 57.38160407501093374, 79.55315220460568071 ) ) ;
#3394 = CARTESIAN_POINT ( 'NONE',  ( -10.62366409840343628, 45.70055680759025307, -64.07814946534367095 ) ) ;
#3395 = CYLINDRICAL_SURFACE ( 'NONE', #9484, 9.999999999999998224 ) ;
#3396 = CARTESIAN_POINT ( 'NONE',  ( 45.53767670841367732, 58.49999999999999289, 45.53767670841364890 ) ) ;
#3397 = LINE ( 'NONE', #4809, #2421 ) ;
#3398 = VECTOR ( 'NONE', #5629, 1000.000000000000114 ) ;
#3399 = ORIENTED_EDGE ( 'NONE', *, *, #207, .T. ) ;
#3400 = CARTESIAN_POINT ( 'NONE',  ( 27.74454884646939945, 65.00000000000000000, 63.38126610706812158 ) ) ;
#3401 = ORIENTED_EDGE ( 'NONE', *, *, #1957, .F. ) ;
#3402 = CARTESIAN_POINT ( 'NONE',  ( -8.165103504291209902, 60.94310351377244217, -79.58234321687427837 ) ) ;
#3403 = ORIENTED_EDGE ( 'NONE', *, *, #4168, .F. ) ;
#3404 = CARTESIAN_POINT ( 'NONE',  ( 52.56282089188223949, 65.00000000000000000, -60.30878758429744835 ) ) ;
#3405 = CARTESIAN_POINT ( 'NONE',  ( 0.000000000000000000, 0.000000000000000000, 0.000000000000000000 ) ) ;
#3406 = DIRECTION ( 'NONE',  ( 0.7071067811865401342, -0.000000000000000000, -0.7071067811865549002 ) ) ;
#3407 = PLANE ( 'NONE',  #2482 ) ;
#3408 = ORIENTED_EDGE ( 'NONE', *, *, #3848, .T. ) ;
#3409 = ADVANCED_FACE ( 'NONE', ( #3772 ), #6768, .F. ) ;
#3410 = CIRCLE ( 'NONE', #1042, 4.099999999999998757 ) ;
#3411 = CARTESIAN_POINT ( 'NONE',  ( -74.50000000000005684, 58.49999999999999289, -8.499999999999339195 ) ) ;
#3412 = EDGE_CURVE ( 'NONE', #9500, #8470, #2385, .T. ) ;
#3413 = DIRECTION ( 'NONE',  ( -0.7071067811865500152, 0.000000000000000000, -0.7071067811865451302 ) ) ;
#3414 = EDGE_CURVE ( 'NONE', #7571, #9714, #4164, .T. ) ;
#3415 = CARTESIAN_POINT ( 'NONE',  ( -5.733858381161609508, 49.91278067414286568, 60.65943617683433331 ) ) ;
#3416 = FACE_OUTER_BOUND ( 'NONE', #5290, .T. ) ;
#3417 = VERTEX_POINT ( 'NONE', #1236 ) ;
#3418 = VERTEX_POINT ( 'NONE', #7389 ) ;
#3419 = CARTESIAN_POINT ( 'NONE',  ( 3.676149320369791695, 51.97812011110467978, -57.87106957281825004 ) ) ;
#3420 = PLANE ( 'NONE',  #7940 ) ;
#3421 = DIRECTION ( 'NONE',  ( 0.000000000000000000, -1.000000000000000000, 0.000000000000000000 ) ) ;
#3422 = AXIS2_PLACEMENT_3D ( 'NONE', #720, #1499, #3073 ) ;
#3423 = ADVANCED_FACE ( 'NONE', ( #5123 ), #7342, .T. ) ;
#3424 = CARTESIAN_POINT ( 'NONE',  ( 64.40000000000000568, 58.49999999999999289, -4.100000000000117772 ) ) ;
#3425 = CARTESIAN_POINT ( 'NONE',  ( -3.307372321591833586, 52.35047046434853968, 57.69669359186846691 ) ) ;
#3426 = DIRECTION ( 'NONE',  ( -0.000000000000000000, -1.000000000000000000, 0.000000000000000000 ) ) ;
#3427 = DIRECTION ( 'NONE',  ( -0.9238795325112910684, -0.000000000000000000, -0.3826834323650794567 ) ) ;
#3428 = VECTOR ( 'NONE', #7194, 1000.000000000000000 ) ;
#3429 = ORIENTED_EDGE ( 'NONE', *, *, #2760, .F. ) ;
#3430 = ORIENTED_EDGE ( 'NONE', *, *, #6257, .T. ) ;
#3431 = ORIENTED_EDGE ( 'NONE', *, *, #4835, .F. ) ;
#3432 = CARTESIAN_POINT ( 'NONE',  ( -0.1159854610432728694, 53.89042705671922562, -57.40000000000004832 ) ) ;
#3433 = EDGE_CURVE ( 'NONE', #3434, #285, #3554, .T. ) ;
#3434 = VERTEX_POINT ( 'NONE', #7290 ) ;
#3435 = ORIENTED_EDGE ( 'NONE', *, *, #1554, .T. ) ;
#3436 = CYLINDRICAL_SURFACE ( 'NONE', #1689, 4.099999999999993427 ) ;
#3437 = AXIS2_PLACEMENT_3D ( 'NONE', #8282, #3806, #5977 ) ;
#3438 = CARTESIAN_POINT ( 'NONE',  ( 44.49669787078871508, 54.67341848130292448, 46.57865554603860403 ) ) ;
#3439 = FACE_OUTER_BOUND ( 'NONE', #8241, .T. ) ;
#3440 = CARTESIAN_POINT ( 'NONE',  ( -37.33767670841367448, 58.49999999999995737, -37.33767670841366026 ) ) ;
#3441 = CARTESIAN_POINT ( 'NONE',  ( 7.529663527230812115, 30.90000000000000213, 6.655330888320931670 ) ) ;
#3442 = CYLINDRICAL_SURFACE ( 'NONE', #6192, 8.499999999999998224 ) ;
#3443 = ORIENTED_EDGE ( 'NONE', *, *, #1957, .T. ) ;
#3444 = CYLINDRICAL_SURFACE ( 'NONE', #5465, 6.099999999999999645 ) ;
#3445 = VERTEX_POINT ( 'NONE', #1331 ) ;
#3446 = CARTESIAN_POINT ( 'NONE',  ( -42.67389424460814951, 56.16173140978197154, -48.40145917221917671 ) ) ;
#3447 = ORIENTED_EDGE ( 'NONE', *, *, #3710, .F. ) ;
#3448 = ORIENTED_EDGE ( 'NONE', *, *, #5546, .F. ) ;
#3449 = VECTOR ( 'NONE', #5104, 1000.000000000000000 ) ;
#3450 = DIRECTION ( 'NONE',  ( -0.000000000000000000, 1.000000000000000000, -0.000000000000000000 ) ) ;
#3451 = EDGE_CURVE ( 'NONE', #7113, #2644, #1970, .T. ) ;
#3452 = DIRECTION ( 'NONE',  ( -2.775557561562891745E-15, 0.000000000000000000, 1.000000000000000000 ) ) ;
#3453 = DIRECTION ( 'NONE',  ( -0.000000000000000000, -1.000000000000000000, -0.000000000000000000 ) ) ;
#3454 = VERTEX_POINT ( 'NONE', #8858 ) ;
#3455 = ADVANCED_FACE ( 'NONE', ( #7248 ), #652, .T. ) ;
#3456 = CARTESIAN_POINT ( 'NONE',  ( -8.500000000000428102, 57.94528214226597385, -79.54715582596269030 ) ) ;
#3457 = EDGE_CURVE ( 'NONE', #7300, #5752, #3599, .T. ) ;
#3458 = FACE_OUTER_BOUND ( 'NONE', #5442, .T. ) ;
#3459 = FACE_OUTER_BOUND ( 'NONE', #3961, .T. ) ;
#3460 = CARTESIAN_POINT ( 'NONE',  ( 57.51257718343308767, 52.91801180700229423, 2.744470027926297018 ) ) ;
#3461 = CARTESIAN_POINT ( 'NONE',  ( -10.82675308816181747, 45.50652189090097721, 64.06765912808934615 ) ) ;
#3462 = CIRCLE ( 'NONE', #8956, 9.999999999999998224 ) ;
#3463 = DIRECTION ( 'NONE',  ( 0.000000000000000000, -1.000000000000000000, 0.000000000000000000 ) ) ;
#3464 = ORIENTED_EDGE ( 'NONE', *, *, #7542, .T. ) ;
#3465 = ORIENTED_EDGE ( 'NONE', *, *, #4498, .F. ) ;
#3466 = AXIS2_PLACEMENT_3D ( 'NONE', #9367, #9316, #6965 ) ;
#3467 = CARTESIAN_POINT ( 'NONE',  ( 3.307372321591833586, 52.35047046434853968, -57.69669359186846691 ) ) ;
#3468 = CARTESIAN_POINT ( 'NONE',  ( 64.40000000000003411, 60.83826859021802136, -4.050000000000231637 ) ) ;
#3469 = AXIS2_PLACEMENT_3D ( 'NONE', #7968, #2798, #3498 ) ;
#3470 = FACE_BOUND ( 'NONE', #1745, .T. ) ;
#3471 = CARTESIAN_POINT ( 'NONE',  ( -42.67389424460814951, 57.86164273325979224, -48.40145917221916960 ) ) ;
#3472 = CARTESIAN_POINT ( 'NONE',  ( 57.40000000000004832, 61.67648823033671590, 2.598160995412153174 ) ) ;
#3473 = LINE ( 'NONE', #3664, #298 ) ;
#3474 = LINE ( 'NONE', #2684, #7643 ) ;
#3475 = CARTESIAN_POINT ( 'NONE',  ( 4.177332116314186550, 65.00000000000000000, 25.00000000000000000 ) ) ;
#3476 = VERTEX_POINT ( 'NONE', #6496 ) ;
#3477 = VERTEX_POINT ( 'NONE', #2122 ) ;
#3478 = ORIENTED_EDGE ( 'NONE', *, *, #2103, .F. ) ;
#3479 = CARTESIAN_POINT ( 'NONE',  ( 6.759601808755519414, 53.31672925280337694, -79.71451385343233653 ) ) ;
#3480 = VERTEX_POINT ( 'NONE', #5069 ) ;
#3481 = ORIENTED_EDGE ( 'NONE', *, *, #4351, .F. ) ;
#3482 = CARTESIAN_POINT ( 'NONE',  ( -66.98126610706783879, -35.59999999999999432, 27.74454884647009933 ) ) ;
#3483 = ADVANCED_FACE ( 'NONE', ( #7196 ), #550, .F. ) ;
#3484 = CARTESIAN_POINT ( 'NONE',  ( -4.256743586722675055, 51.13739711233787233, 79.88704997620713755 ) ) ;
#3485 = EDGE_CURVE ( 'NONE', #6182, #4562, #3503, .T. ) ;
#3486 = CARTESIAN_POINT ( 'NONE',  ( 42.67389424460797187, 59.13835726674011539, -48.40145917221933303 ) ) ;
#3487 = DIRECTION ( 'NONE',  ( -0.7071067811865474617, -1.184689203106114013E-14, 0.7071067811865474617 ) ) ;
#3488 = CARTESIAN_POINT ( 'NONE',  ( 63.76239183405908761, 47.47313856652339581, -8.706963149431375726 ) ) ;
#3489 = DIRECTION ( 'NONE',  ( -0.000000000000000000, 1.000000000000000000, -0.000000000000000000 ) ) ;
#3490 = EDGE_LOOP ( 'NONE', ( #4668, #5143, #5239, #2395 ) ) ;
#3491 = EDGE_CURVE ( 'NONE', #4031, #2623, #246, .T. ) ;
#3492 = LINE ( 'NONE', #1911, #1697 ) ;
#3493 = VERTEX_POINT ( 'NONE', #2763 ) ;
#3494 = CARTESIAN_POINT ( 'NONE',  ( 0.000000000000000000, 30.90000000000000213, 0.000000000000000000 ) ) ;
#3495 = VERTEX_POINT ( 'NONE', #9543 ) ;
#3496 = ORIENTED_EDGE ( 'NONE', *, *, #7478, .T. ) ;
#3497 = EDGE_CURVE ( 'NONE', #2786, #7327, #6520, .T. ) ;
#3498 = DIRECTION ( 'NONE',  ( -1.000000000000000000, 0.000000000000000000, 6.769652589177784668E-15 ) ) ;
#3499 = DIRECTION ( 'NONE',  ( -5.329070518200751394E-15, -0.000000000000000000, -1.000000000000000000 ) ) ;
#3500 = CARTESIAN_POINT ( 'NONE',  ( 18.89587269351085297, 1.500000000000001332, 51.65216350890474928 ) ) ;
#3501 = ORIENTED_EDGE ( 'NONE', *, *, #5396, .F. ) ;
#3502 = CARTESIAN_POINT ( 'NONE',  ( -6.406859952296661831, 52.88601245464571576, -79.74403054071147778 ) ) ;
#3503 = LINE ( 'NONE', #4385, #4483 ) ;
#3504 = CARTESIAN_POINT ( 'NONE',  ( 8.946128475157607287E-13, 63.17653718043602140, 64.40000000000004832 ) ) ;
#3505 = CARTESIAN_POINT ( 'NONE',  ( 9.181544413650044589E-13, 58.49999999999999289, 64.39999999999999147 ) ) ;
#3506 = DIRECTION ( 'NONE',  ( 0.000000000000000000, 1.000000000000000000, 0.000000000000000000 ) ) ;
#3507 = EDGE_CURVE ( 'NONE', #6708, #7734, #1496, .T. ) ;
#3508 = ADVANCED_FACE ( 'NONE', ( #5765 ), #8762, .F. ) ;
#3510 = CARTESIAN_POINT ( 'NONE',  ( 28.37734619600019670, 30.90000000000000213, -11.67002566352186577 ) ) ;
#3509 = CARTESIAN_POINT ( 'NONE',  ( -58.10813094258102041, 50.27240876867351460, 54.98856740050680969 ) ) ;
#3511 = VERTEX_POINT ( 'NONE', #2711 ) ;
#3512 = ORIENTED_EDGE ( 'NONE', *, *, #4044, .F. ) ;
#3513 = CARTESIAN_POINT ( 'NONE',  ( 44.86592526628644606, 52.90000000000000568, 39.13836033867539754 ) ) ;
#3514 = LINE ( 'NONE', #6510, #857 ) ;
#3515 = CARTESIAN_POINT ( 'NONE',  ( -4.049999999999092992, 60.83826859021803557, 64.40000000000010516 ) ) ;
#3516 = CARTESIAN_POINT ( 'NONE',  ( 5.477225575050725048, 50.00000000000000000, -57.40000000000004832 ) ) ;
#3517 = FACE_OUTER_BOUND ( 'NONE', #7205, .T. ) ;
#3518 = DIRECTION ( 'NONE',  ( 0.7071067811865475727, 0.000000000000000000, 0.7071067811865475727 ) ) ;
#3519 = CARTESIAN_POINT ( 'NONE',  ( 51.11453478670439665, 54.23470254946945346, -61.54185626822817312 ) ) ;
#3520 = CARTESIAN_POINT ( 'NONE',  ( -4.050000000000411937, 60.83826859021802136, -58.10521046563223990 ) ) ;
#3521 = AXIS2_PLACEMENT_3D ( 'NONE', #7393, #3652, #5125 ) ;
#3522 = ORIENTED_EDGE ( 'NONE', *, *, #8813, .T. ) ;
#3523 = EDGE_LOOP ( 'NONE', ( #759, #6777 ) ) ;
#3524 = CARTESIAN_POINT ( 'NONE',  ( 62.18507942017397028, 49.32494541535800181, 6.546593553414548516 ) ) ;
#3525 = ORIENTED_EDGE ( 'NONE', *, *, #7229, .T. ) ;
#3526 = VERTEX_POINT ( 'NONE', #7922 ) ;
#3527 = ADVANCED_FACE ( 'NONE', ( #3458 ), #4189, .T. ) ;
#3528 = CARTESIAN_POINT ( 'NONE',  ( -5.701512242974530409, 49.93163963979179698, 60.56240784565903823 ) ) ;
#3529 = AXIS2_PLACEMENT_3D ( 'NONE', #7568, #8299, #824 ) ;
#3530 = AXIS2_PLACEMENT_3D ( 'NONE', #8084, #713, #8183 ) ;
#3531 = PRESENTATION_LAYER_ASSIGNMENT (  '', '', ( #2275 ) ) ;
#3532 = PLANE ( 'NONE',  #3791 ) ;
#3533 = DIRECTION ( 'NONE',  ( 0.000000000000000000, -0.5000000000000008882, 0.8660254037844381525 ) ) ;
#3534 = FACE_OUTER_BOUND ( 'NONE', #5238, .T. ) ;
#3535 = DIRECTION ( 'NONE',  ( -0.7071067811865399122, -0.000000000000000000, 0.7071067811865551223 ) ) ;
#3536 = PLANE ( 'NONE',  #8385 ) ;
#3537 = EDGE_LOOP ( 'NONE', ( #8914, #9649, #3136, #9050 ) ) ;
#3538 = CIRCLE ( 'NONE', #3693, 4.099999999999993427 ) ;
#3539 = ORIENTED_EDGE ( 'NONE', *, *, #2439, .T. ) ;
#3540 = AXIS2_PLACEMENT_3D ( 'NONE', #7698, #9161, #3222 ) ;
#3541 = FACE_OUTER_BOUND ( 'NONE', #125, .T. ) ;
#3542 = ORIENTED_EDGE ( 'NONE', *, *, #1858, .F. ) ;
#3543 = ORIENTED_EDGE ( 'NONE', *, *, #8054, .T. ) ;
#3544 = VECTOR ( 'NONE', #5233, 1000.000000000000114 ) ;
#3545 = ADVANCED_FACE ( 'NONE', ( #4237, #5710 ), #8710, .T. ) ;
#3546 = DIRECTION ( 'NONE',  ( -1.390105829006383446E-14, -1.685161507135332739E-29, -1.000000000000000000 ) ) ;
#3547 = AXIS2_PLACEMENT_3D ( 'NONE', #7869, #3891, #6151 ) ;
#3548 = CARTESIAN_POINT ( 'NONE',  ( -64.40000000000001990, 58.49999999999995737, -4.099999999999429434 ) ) ;
#3549 = CARTESIAN_POINT ( 'NONE',  ( -8.499999999999019451, 58.49999999999999289, 79.54715582596286083 ) ) ;
#3550 = ORIENTED_EDGE ( 'NONE', *, *, #9074, .T. ) ;
#3551 = DIRECTION ( 'NONE',  ( 0.000000000000000000, 0.000000000000000000, 1.000000000000000000 ) ) ;
#3552 = ORIENTED_EDGE ( 'NONE', *, *, #4648, .F. ) ;
#3553 = AXIS2_PLACEMENT_3D ( 'NONE', #6445, #3499, #2660 ) ;
#3554 = LINE ( 'NONE', #5855, #2440 ) ;
#3555 = FACE_OUTER_BOUND ( 'NONE', #4259, .T. ) ;
#3556 = CARTESIAN_POINT ( 'NONE',  ( 57.40000000000006963, 50.00000000000000000, 5.477225575050525208 ) ) ;
#3557 = EDGE_CURVE ( 'NONE', #8147, #9702, #751, .T. ) ;
#3559 = LINE ( 'NONE', #8768, #4456 ) ;
#3558 = CARTESIAN_POINT ( 'NONE',  ( -48.40145917221918381, 65.00000000000000000, -42.67389424460813530 ) ) ;
#3560 = EDGE_LOOP ( 'NONE', ( #8818, #7864, #1997, #7115 ) ) ;
#3561 = ORIENTED_EDGE ( 'NONE', *, *, #115, .T. ) ;
#3562 = CARTESIAN_POINT ( 'NONE',  ( 48.80647185219018525, 65.00000000000000000, -56.55243854460537278 ) ) ;
#3563 = CARTESIAN_POINT ( 'NONE',  ( -64.39999999999999147, 58.49999999999995737, 5.701467076235642709E-13 ) ) ;
#3564 = CIRCLE ( 'NONE', #5763, 80.00000000000000000 ) ;
#3565 = CARTESIAN_POINT ( 'NONE',  ( -66.98126610706783879, 14.70000000000000462, 24.14454884647009791 ) ) ;
#3566 = CARTESIAN_POINT ( 'NONE',  ( -57.69669359186857349, 52.35047046434837625, -3.307372321591390829 ) ) ;
#3567 = DIRECTION ( 'NONE',  ( -0.000000000000000000, 1.000000000000000000, -0.000000000000000000 ) ) ;
#3568 = EDGE_CURVE ( 'NONE', #921, #3183, #13, .T. ) ;
#3569 = CARTESIAN_POINT ( 'NONE',  ( 62.17392939536074437, 60.03534836183309409, -50.34289354691298257 ) ) ;
#3570 = DIRECTION ( 'NONE',  ( 0.000000000000000000, 0.000000000000000000, 1.000000000000000000 ) ) ;
#3571 = ORIENTED_EDGE ( 'NONE', *, *, #2337, .F. ) ;
#3572 = EDGE_CURVE ( 'NONE', #4428, #116, #7537, .T. ) ;
#3573 = ORIENTED_EDGE ( 'NONE', *, *, #1436, .T. ) ;
#3574 = CARTESIAN_POINT ( 'NONE',  ( 3.759404002893440122, 50.87148373587668715, -79.91199681513039366 ) ) ;
#3575 = ORIENTED_EDGE ( 'NONE', *, *, #5972, .T. ) ;
#3576 = DIRECTION ( 'NONE',  ( 0.000000000000000000, 0.000000000000000000, 1.000000000000000000 ) ) ;
#3577 = ORIENTED_EDGE ( 'NONE', *, *, #8836, .T. ) ;
#3578 = CARTESIAN_POINT ( 'NONE',  ( -42.00214280248092535, 53.82346281956402123, -42.00214280248093246 ) ) ;
#3579 = AXIS2_PLACEMENT_3D ( 'NONE', #9155, #8429, #5377 ) ;
#3580 = CARTESIAN_POINT ( 'NONE',  ( -60.99758642526492736, 49.83704519347309514, 5.856933439962059396 ) ) ;
#3581 = CARTESIAN_POINT ( 'NONE',  ( -57.40000000000003411, 56.16173140978203548, 4.050000000000206768 ) ) ;
#3582 = DIRECTION ( 'NONE',  ( 8.826273045769994496E-15, 0.000000000000000000, 1.000000000000000000 ) ) ;
#3583 = CARTESIAN_POINT ( 'NONE',  ( -52.67945519839779678, 58.49999999999995737, -52.67945519839777546 ) ) ;
#3584 = VERTEX_POINT ( 'NONE', #6845 ) ;
#3585 = EDGE_CURVE ( 'NONE', #707, #3434, #795, .T. ) ;
#3586 = ORIENTED_EDGE ( 'NONE', *, *, #3248, .F. ) ;
#3587 = CARTESIAN_POINT ( 'NONE',  ( 27.74454884646939945, 14.70000000000000462, 66.98126610706812301 ) ) ;
#3588 = ORIENTED_EDGE ( 'NONE', *, *, #3585, .T. ) ;
#3589 = ORIENTED_EDGE ( 'NONE', *, *, #5614, .T. ) ;
#3590 = VECTOR ( 'NONE', #1221, 1000.000000000000114 ) ;
#3591 = LINE ( 'NONE', #1182, #9112 ) ;
#3592 = CARTESIAN_POINT ( 'NONE',  ( -79.81227975693960275, 65.00000000000000000, 5.477225575052350415 ) ) ;
#3593 = FACE_OUTER_BOUND ( 'NONE', #8945, .T. ) ;
#3594 = DIRECTION ( 'NONE',  ( 0.000000000000000000, 1.000000000000000000, 0.000000000000000000 ) ) ;
#3595 = CIRCLE ( 'NONE', #1384, 4.099999999999999645 ) ;
#3596 = EDGE_LOOP ( 'NONE', ( #2771, #2239, #2753, #3923 ) ) ;
#3597 = CARTESIAN_POINT ( 'NONE',  ( -51.12266326407358008, 54.24265682735147465, -61.53446826385840751 ) ) ;
#3598 = VERTEX_POINT ( 'NONE', #5363 ) ;
#3599 = LINE ( 'NONE', #8125, #5419 ) ;
#3600 = EDGE_CURVE ( 'NONE', #6569, #202, #1531, .T. ) ;
#3601 = CARTESIAN_POINT ( 'NONE',  ( 4.050000000000905764, 60.83826859021802136, 64.40000000000000568 ) ) ;
#3602 = DIRECTION ( 'NONE',  ( 1.221245327087672194E-14, 0.000000000000000000, 1.000000000000000000 ) ) ;
#3603 = B_SPLINE_CURVE_WITH_KNOTS ( 'NONE', 3,
 ( #4851, #7857, #5048, #435, #8049, #1119, #1215, #3484, #2646, #1265, #4217, #8597, #582, #4115, #4898, #2741, #7120, #385, #7224, #3393, #6386, #9372 ),
 .UNSPECIFIED., .F., .F.,
 ( 4, 2, 2, 2, 2, 2, 2, 2, 2, 2, 4 ),
 ( 0.01329990130902859898, 0.01496161692918839166, 0.01662333254934818608, 0.01745419035942807895, 0.01828504816950797529, 0.01994676378966776450, 0.02160847940982755372, 0.02243933721990745700, 0.02327019502998736028, 0.02493191065014714256, 0.02659362627030692830 ),
 .UNSPECIFIED. ) ;
#3604 = VECTOR ( 'NONE', #2818, 1000.000000000000000 ) ;
#3605 = EDGE_CURVE ( 'NONE', #8798, #5933, #9029, .T. ) ;
#3606 = ADVANCED_FACE ( 'NONE', ( #3053 ), #4528, .T. ) ;
#3608 = CARTESIAN_POINT ( 'NONE',  ( 7.470345474798854293E-16, 37.90000000000000568, -6.099999999999999645 ) ) ;
#3607 = DIRECTION ( 'NONE',  ( 0.000000000000000000, -1.000000000000000000, -0.000000000000000000 ) ) ;
#3609 = EDGE_LOOP ( 'NONE', ( #1921, #1156, #6114, #2338 ) ) ;
#3610 = ORIENTED_EDGE ( 'NONE', *, *, #8223, .T. ) ;
#3611 = ADVANCED_FACE ( 'NONE', ( #9692 ), #3102, .F. ) ;
#3612 = DIRECTION ( 'NONE',  ( 0.6123724356957965798, 0.5000000000000004441, 0.6123724356957922499 ) ) ;
#3613 = DIRECTION ( 'NONE',  ( 0.000000000000000000, 0.000000000000000000, -1.000000000000000000 ) ) ;
#3614 = CYLINDRICAL_SURFACE ( 'NONE', #4769, 10.00000000000000178 ) ;
#3615 = CARTESIAN_POINT ( 'NONE',  ( 57.40018703135340417, 53.84578364510152682, -0.03866080389800809203 ) ) ;
#3616 = CARTESIAN_POINT ( 'NONE',  ( -4.049999999999092992, 59.13835726674010118, 64.40000000000010516 ) ) ;
#3617 = CARTESIAN_POINT ( 'NONE',  ( -44.86592526628644606, 65.00000000000000000, -39.13836033867539754 ) ) ;
#3618 = CARTESIAN_POINT ( 'NONE',  ( 10.69516348938097394, 45.63234953930300719, 64.07514027512640098 ) ) ;
#3619 = AXIS2_PLACEMENT_3D ( 'NONE', #589, #2751, #3641 ) ;
#3620 = ORIENTED_EDGE ( 'NONE', *, *, #5513, .T. ) ;
#3621 = AXIS2_PLACEMENT_3D ( 'NONE', #5964, #7585, #8364 ) ;
#3622 = EDGE_LOOP ( 'NONE', ( #7341, #5056, #5332 ) ) ;
#3623 = PLANE ( 'NONE',  #4241 ) ;
#3624 = ORIENTED_EDGE ( 'NONE', *, *, #3018, .F. ) ;
#3625 = FACE_OUTER_BOUND ( 'NONE', #3147, .T. ) ;
#3626 = EDGE_LOOP ( 'NONE', ( #8238, #8078, #5654, #6428, #9043, #1854, #1806, #5656, #7948, #1831, #2783, #230, #7765, #3586, #9617, #335, #6234, #1941, #1693, #1762, #6698, #8524, #8365, #6994, #4908, #9197, #5370, #1041, #7377, #4126, #1810, #8596, #634, #2212 ) ) ;
#3627 = CARTESIAN_POINT ( 'NONE',  ( 62.25874094872690279, 58.49999999999999289, 50.23792566855558306 ) ) ;
#3628 = EDGE_CURVE ( 'NONE', #1837, #6830, #2222, .T. ) ;
#3629 = CIRCLE ( 'NONE', #7554, 2.149999999999999023 ) ;
#3630 = ADVANCED_FACE ( 'NONE', ( #2321 ), #5316, .F. ) ;
#3631 = AXIS2_PLACEMENT_3D ( 'NONE', #4326, #9480, #5659 ) ;
#3632 = ADVANCED_FACE ( 'NONE', ( #7631 ), #840, .F. ) ;
#3633 = DIRECTION ( 'NONE',  ( -1.776356839400250465E-15, 0.000000000000000000, -1.000000000000000000 ) ) ;
#3634 = CARTESIAN_POINT ( 'NONE',  ( 39.13836033867524122, 56.16173140978202127, -44.86592526628657396 ) ) ;
#3635 = CARTESIAN_POINT ( 'NONE',  ( -79.67373795396751746, 54.00475054735972691, -7.219372747172078775 ) ) ;
#3636 = CARTESIAN_POINT ( 'NONE',  ( 62.87045527952683699, 48.78392219261020557, -7.204598197257214842 ) ) ;
#3637 = CARTESIAN_POINT ( 'NONE',  ( -4.009015341921439763E-13, 58.49999999999999289, -74.50000000000000000 ) ) ;
#3638 = EDGE_CURVE ( 'NONE', #6442, #3875, #5961, .T. ) ;
#3639 = EDGE_LOOP ( 'NONE', ( #1855, #6905, #1946, #6557 ) ) ;
#3640 = ORIENTED_EDGE ( 'NONE', *, *, #4000, .T. ) ;
#3641 = DIRECTION ( 'NONE',  ( -1.000000000000000000, 0.000000000000000000, 1.390105829006383446E-14 ) ) ;
#3642 = EDGE_LOOP ( 'NONE', ( #9567, #3132, #3737 ) ) ;
#3643 = ORIENTED_EDGE ( 'NONE', *, *, #5602, .T. ) ;
#3644 = DIRECTION ( 'NONE',  ( 8.826273045769994496E-15, 0.000000000000000000, 1.000000000000000000 ) ) ;
#3645 = LINE ( 'NONE', #5166, #4799 ) ;
#3646 = CARTESIAN_POINT ( 'NONE',  ( -56.55243854460520225, 65.00000000000000000, -48.80647185219037709 ) ) ;
#3647 = LINE ( 'NONE', #9635, #2747 ) ;
#3648 = DIRECTION ( 'NONE',  ( -1.000000000000000000, -0.000000000000000000, -0.000000000000000000 ) ) ;
#3649 = VERTEX_POINT ( 'NONE', #2907 ) ;
#3650 = DIRECTION ( 'NONE',  ( -5.329070518200751394E-15, 0.000000000000000000, -1.000000000000000000 ) ) ;
#3651 = CARTESIAN_POINT ( 'NONE',  ( 1.941248390511205457, 50.47104111603716348, 57.40000000000004121 ) ) ;
#3652 = DIRECTION ( 'NONE',  ( -0.7071067811865475727, -0.000000000000000000, -0.7071067811865475727 ) ) ;
#3653 = AXIS2_PLACEMENT_3D ( 'NONE', #5334, #5985, #2241 ) ;
#3655 = CARTESIAN_POINT ( 'NONE',  ( -55.57859300126263946, 58.49999999999995737, -49.78031739553293988 ) ) ;
#3654 = LINE ( 'NONE', #3108, #6985 ) ;
#3656 = ORIENTED_EDGE ( 'NONE', *, *, #4718, .T. ) ;
#3657 = ORIENTED_EDGE ( 'NONE', *, *, #9241, .F. ) ;
#3658 = LINE ( 'NONE', #1391, #5478 ) ;
#3659 = LINE ( 'NONE', #5775, #5568 ) ;
#3660 = B_SPLINE_CURVE_WITH_KNOTS ( 'NONE', 3,
 ( #4396, #2140, #3615, #5926 ),
 .UNSPECIFIED., .F., .F.,
 ( 4, 4 ),
 ( 4.878909776184769953E-19, 0.0001339296486542321859 ),
 .UNSPECIFIED. ) ;
#3661 = DIRECTION ( 'NONE',  ( -3.384826294588892334E-15, 0.000000000000000000, -1.000000000000000000 ) ) ;
#3662 = EDGE_CURVE ( 'NONE', #4534, #3960, #3016, .T. ) ;
#3663 = PLANE ( 'NONE',  #5417 ) ;
#3664 = CARTESIAN_POINT ( 'NONE',  ( 66.98126610706803774, 14.70000000000000462, -24.14454884646962896 ) ) ;
#3665 = LINE ( 'NONE', #7452, #263 ) ;
#3666 = CARTESIAN_POINT ( 'NONE',  ( 5.477225575050725048, 65.00000000000000000, -57.40000000000004832 ) ) ;
#3667 = DIRECTION ( 'NONE',  ( 0.7071067811865550112, 1.692413147294446364E-15, 0.7071067811865398012 ) ) ;
#3668 = ORIENTED_EDGE ( 'NONE', *, *, #4714, .F. ) ;
#3669 = ORIENTED_EDGE ( 'NONE', *, *, #9093, .T. ) ;
#3670 = CARTESIAN_POINT ( 'NONE',  ( 7.637863275356403747, 54.72859306077922525, -79.63484830304075501 ) ) ;
#3671 = EDGE_LOOP ( 'NONE', ( #3668, #8943 ) ) ;
#3672 = CARTESIAN_POINT ( 'NONE',  ( 50.49980494691425292, 60.94345705149179793, -62.04665908442192546 ) ) ;
#3673 = ORIENTED_EDGE ( 'NONE', *, *, #867, .T. ) ;
#3674 = CARTESIAN_POINT ( 'NONE',  ( 50.44960976038090905, 56.30035377264326968, 62.08742771212208567 ) ) ;
#3675 = AXIS2_PLACEMENT_3D ( 'NONE', #9308, #4738, #7745 ) ;
#3676 = CARTESIAN_POINT ( 'NONE',  ( -64.39999999999997726, 61.68822425195645565, 2.577833609688449101 ) ) ;
#3677 = CIRCLE ( 'NONE', #1630, 3.600000000000005862 ) ;
#3678 = CARTESIAN_POINT ( 'NONE',  ( 27.74454884646939945, 65.00000000000000000, 66.98126610706812301 ) ) ;
#3679 = CARTESIAN_POINT ( 'NONE',  ( -79.99418534447698903, 50.05420354133634930, 1.109762523595371198 ) ) ;
#3680 = PLANE ( 'NONE',  #7533 ) ;
#3681 = CARTESIAN_POINT ( 'NONE',  ( -3.470779219583164175E-13, 58.49999999999999289, -64.40000000000000568 ) ) ;
#3682 = ORIENTED_EDGE ( 'NONE', *, *, #9572, .F. ) ;
#3683 = EDGE_LOOP ( 'NONE', ( #8942, #4021, #4905, #1823 ) ) ;
#3684 = DIRECTION ( 'NONE',  ( 0.7071067811865550112, 0.000000000000000000, 0.7071067811865398012 ) ) ;
#3685 = EDGE_LOOP ( 'NONE', ( #5361, #4416 ) ) ;
#3686 = ORIENTED_EDGE ( 'NONE', *, *, #86, .T. ) ;
#3687 = VECTOR ( 'NONE', #8053, 1000.000000000000000 ) ;
#3688 = EDGE_CURVE ( 'NONE', #9341, #6328, #6742, .T. ) ;
#3689 = CIRCLE ( 'NONE', #7296, 65.00000000000000000 ) ;
#3690 = CARTESIAN_POINT ( 'NONE',  ( 79.69897381088462396, 63.42299537165165191, 6.936052647462748411 ) ) ;
#3691 = CARTESIAN_POINT ( 'NONE',  ( -79.55445993653577830, 59.73714013287249713, 8.432455945595286551 ) ) ;
#3692 = CYLINDRICAL_SURFACE ( 'NONE', #9650, 9.999999999999996447 ) ;
#3693 = AXIS2_PLACEMENT_3D ( 'NONE', #6326, #7799, #9550 ) ;
#3694 = VECTOR ( 'NONE', #5487, 1000.000000000000000 ) ;
#3695 = VECTOR ( 'NONE', #4724, 1000.000000000000000 ) ;
#3696 = CARTESIAN_POINT ( 'NONE',  ( 57.40000000000006253, 53.84175552389679353, 5.873467074498742946 ) ) ;
#3697 = VERTEX_POINT ( 'NONE', #1477 ) ;
#3698 = CARTESIAN_POINT ( 'NONE',  ( -57.40000000000006253, 65.00000000000000000, -1.781881413102502920 ) ) ;
#3699 = EDGE_CURVE ( 'NONE', #5507, #2609, #4480, .T. ) ;
#3700 = FACE_OUTER_BOUND ( 'NONE', #4890, .T. ) ;
#3701 = AXIS2_PLACEMENT_3D ( 'NONE', #8479, #5533, #8339 ) ;
#3702 = FACE_OUTER_BOUND ( 'NONE', #6287, .T. ) ;
#3703 = VECTOR ( 'NONE', #1748, 1000.000000000000000 ) ;
#3704 = CARTESIAN_POINT ( 'NONE',  ( 5.701512242974530409, 49.93163963979179698, -60.56240784565903823 ) ) ;
#3705 = ADVANCED_FACE ( 'NONE', ( #3004 ), #6006, .F. ) ;
#3707 = CARTESIAN_POINT ( 'NONE',  ( 79.65434534925853427, 62.63942327256238940, -7.430430031590439910 ) ) ;
#3706 = DIRECTION ( 'NONE',  ( -0.000000000000000000, 1.000000000000000000, -0.000000000000000000 ) ) ;
#3708 = ORIENTED_EDGE ( 'NONE', *, *, #3729, .F. ) ;
#3709 = AXIS2_PLACEMENT_3D ( 'NONE', #6188, #4706, #927 ) ;
#3710 = EDGE_CURVE ( 'NONE', #4730, #8977, #7724, .T. ) ;
#3711 = AXIS2_PLACEMENT_3D ( 'NONE', #7562, #773, #6954 ) ;
#3712 = VERTEX_POINT ( 'NONE', #7769 ) ;
#3713 = EDGE_CURVE ( 'NONE', #4574, #5607, #4761, .T. ) ;
#3714 = DIRECTION ( 'NONE',  ( 0.000000000000000000, 0.000000000000000000, 1.000000000000000000 ) ) ;
#3715 = CYLINDRICAL_SURFACE ( 'NONE', #5721, 4.000000000000000000 ) ;
#3716 = DIRECTION ( 'NONE',  ( -1.632680918566406990E-15, 0.000000000000000000, -1.000000000000000000 ) ) ;
#3717 = CIRCLE ( 'NONE', #7954, 3.600000000000005862 ) ;
#3718 = CARTESIAN_POINT ( 'NONE',  ( -57.62567668162568424, 52.53853175166441503, -3.120954407575974976 ) ) ;
#3719 = CARTESIAN_POINT ( 'NONE',  ( -61.31953313423084495, 49.73598380730357604, -6.004247042975870308 ) ) ;
#3720 = CARTESIAN_POINT ( 'NONE',  ( 52.30884916436387755, 52.29207594003638349, -60.52952637934117774 ) ) ;
#3721 = LINE ( 'NONE', #3666, #2723 ) ;
#3722 = CARTESIAN_POINT ( 'NONE',  ( -58.65111991528465296, 50.94585297585264527, 4.696149087049739101 ) ) ;
#3723 = VERTEX_POINT ( 'NONE', #7679 ) ;
#3724 = VECTOR ( 'NONE', #7311, 1000.000000000000114 ) ;
#3725 = VERTEX_POINT ( 'NONE', #5557 ) ;
#3726 = FACE_OUTER_BOUND ( 'NONE', #8094, .T. ) ;
#3727 = ORIENTED_EDGE ( 'NONE', *, *, #25, .T. ) ;
#3728 = CARTESIAN_POINT ( 'NONE',  ( 52.20323397250667341, 64.59900378415558464, -60.62218972012689733 ) ) ;
#3729 = EDGE_CURVE ( 'NONE', #6606, #6040, #979, .T. ) ;
#3730 = CARTESIAN_POINT ( 'NONE',  ( 1.781881413103104661, 65.00000000000000000, -61.40000000000004832 ) ) ;
#3731 = CARTESIAN_POINT ( 'NONE',  ( -64.06765941491089222, 45.50652584921628829, 10.82674895725155473 ) ) ;
#3732 = CARTESIAN_POINT ( 'NONE',  ( -27.74454884646939945, 65.00000000000000000, -66.98126610706812301 ) ) ;
#3733 = CARTESIAN_POINT ( 'NONE',  ( -58.68986283848295216, 58.49999999999999289, 46.66904755831275509 ) ) ;
#3734 = FACE_OUTER_BOUND ( 'NONE', #5922, .T. ) ;
#3735 = EDGE_CURVE ( 'NONE', #3283, #1291, #4716, .T. ) ;
#3736 = VERTEX_POINT ( 'NONE', #6346 ) ;
#3737 = ORIENTED_EDGE ( 'NONE', *, *, #8368, .F. ) ;
#3738 = DIRECTION ( 'NONE',  ( -0.7071067811865500152, 0.000000000000000000, -0.7071067811865450192 ) ) ;
#3739 = ORIENTED_EDGE ( 'NONE', *, *, #3363, .T. ) ;
#3740 = ORIENTED_EDGE ( 'NONE', *, *, #2577, .F. ) ;
#3741 = AXIS2_PLACEMENT_3D ( 'NONE', #8660, #1922, #3551 ) ;
#3742 = EDGE_CURVE ( 'NONE', #5783, #8569, #6888, .T. ) ;
#3743 = DIRECTION ( 'NONE',  ( 0.7071067811865549002, 0.000000000000000000, 0.7071067811865401342 ) ) ;
#3744 = FACE_OUTER_BOUND ( 'NONE', #3178, .T. ) ;
#3745 = DIRECTION ( 'NONE',  ( 1.000000000000000000, 0.000000000000000000, -3.854941057726231589E-15 ) ) ;
#3746 = CARTESIAN_POINT ( 'NONE',  ( -51.65216350890474217, 65.00000000000000000, 28.89587269351088494 ) ) ;
#3747 = VECTOR ( 'NONE', #2361, 999.9999999999998863 ) ;
#3748 = ORIENTED_EDGE ( 'NONE', *, *, #6771, .F. ) ;
#3749 = DIRECTION ( 'NONE',  ( -0.000000000000000000, 1.000000000000000000, -0.000000000000000000 ) ) ;
#3750 = DIRECTION ( 'NONE',  ( -1.390105829006383446E-14, -1.685161507135332739E-29, -1.000000000000000000 ) ) ;
#3751 = DIRECTION ( 'NONE',  ( -0.000000000000000000, 1.000000000000000000, -0.000000000000000000 ) ) ;
#3752 = EDGE_CURVE ( 'NONE', #3495, #233, #3149, .T. ) ;
#3753 = DIRECTION ( 'NONE',  ( -0.000000000000000000, -1.000000000000000000, -0.000000000000000000 ) ) ;
#3754 = VECTOR ( 'NONE', #5187, 1000.000000000000000 ) ;
#3755 = ADVANCED_FACE ( 'NONE', ( #7085 ), #3353, .T. ) ;
#3757 = DIRECTION ( 'NONE',  ( -0.7071067811865474617, 0.000000000000000000, 0.7071067811865474617 ) ) ;
#3756 = DIRECTION ( 'NONE',  ( -0.7071067811865500152, 1.692413147294446364E-15, -0.7071067811865449082 ) ) ;
#3758 = ORIENTED_EDGE ( 'NONE', *, *, #6929, .F. ) ;
#3759 = EDGE_CURVE ( 'NONE', #4143, #1388, #159, .T. ) ;
#3760 = ORIENTED_EDGE ( 'NONE', *, *, #5247, .T. ) ;
#3761 = CARTESIAN_POINT ( 'NONE',  ( -64.40000000000004832, 53.82346281956404255, 2.344465629617909551E-13 ) ) ;
#3762 = VECTOR ( 'NONE', #3535, 1000.000000000000114 ) ;
#3763 = CARTESIAN_POINT ( 'NONE',  ( -8.499999999999081624, 58.49999999999999289, 74.50000000000008527 ) ) ;
#3764 = CARTESIAN_POINT ( 'NONE',  ( -52.56282089188180606, 65.00000000000000000, 60.30878758429780362 ) ) ;
#3765 = CARTESIAN_POINT ( 'NONE',  ( -42.67389424460763081, 52.90000000000000568, 48.40145917221963145 ) ) ;
#3766 = LINE ( 'NONE', #3019, #5874 ) ;
#3767 = CARTESIAN_POINT ( 'NONE',  ( -7.529663527230820996, 30.90000000000000213, -6.655330888320944993 ) ) ;
#3768 = CARTESIAN_POINT ( 'NONE',  ( -60.89694184619774830, 64.15605084518143997, 51.88162955350001937 ) ) ;
#3769 = EDGE_LOOP ( 'NONE', ( #4175, #9149, #4517, #5276, #4661, #1113 ) ) ;
#3770 = EDGE_LOOP ( 'NONE', ( #7589, #6622, #4407, #1451, #2229 ) ) ;
#3771 = PLANE ( 'NONE',  #5023 ) ;
#3772 = FACE_OUTER_BOUND ( 'NONE', #3596, .T. ) ;
#3773 = DIRECTION ( 'NONE',  ( 0.000000000000000000, 0.000000000000000000, 1.000000000000000000 ) ) ;
#3774 = EDGE_CURVE ( 'NONE', #2644, #1262, #8506, .T. ) ;
#3775 = CARTESIAN_POINT ( 'NONE',  ( 51.86713256787487580, 52.89146958312123559, 60.90839093046844965 ) ) ;
#3776 = CARTESIAN_POINT ( 'NONE',  ( 0.000000000000000000, 0.000000000000000000, 0.000000000000000000 ) ) ;
#3777 = VECTOR ( 'NONE', #8240, 1000.000000000000000 ) ;
#3778 = DIRECTION ( 'NONE',  ( 0.000000000000000000, 1.000000000000000000, 0.000000000000000000 ) ) ;
#3779 = DIRECTION ( 'NONE',  ( 6.982962677686267499E-15, -0.000000000000000000, 1.000000000000000000 ) ) ;
#3780 = DIRECTION ( 'NONE',  ( -1.390105829006383446E-14, -1.685161507135332739E-29, -1.000000000000000000 ) ) ;
#3781 = FACE_BOUND ( 'NONE', #5810, .T. ) ;
#3782 = AXIS2_PLACEMENT_3D ( 'NONE', #6010, #8273, #8218 ) ;
#3783 = ORIENTED_EDGE ( 'NONE', *, *, #3304, .F. ) ;
#3784 = ORIENTED_EDGE ( 'NONE', *, *, #9514, .T. ) ;
#3785 = EDGE_LOOP ( 'NONE', ( #5819, #8433, #8096, #1742 ) ) ;
#3786 = DIRECTION ( 'NONE',  ( -5.329070518200752183E-15, -0.000000000000000000, -1.000000000000000000 ) ) ;
#3787 = ORIENTED_EDGE ( 'NONE', *, *, #4833, .T. ) ;
#3788 = VERTEX_POINT ( 'NONE', #198 ) ;
#3789 = CIRCLE ( 'NONE', #2369, 4.099999999999999645 ) ;
#3790 = EDGE_CURVE ( 'NONE', #6095, #3336, #8417, .T. ) ;
#3791 = AXIS2_PLACEMENT_3D ( 'NONE', #4998, #8002, #1165 ) ;
#3792 = FACE_BOUND ( 'NONE', #2060, .T. ) ;
#3793 = DIRECTION ( 'NONE',  ( 0.7071067811865475727, 0.000000000000000000, 0.7071067811865475727 ) ) ;
#3794 = CARTESIAN_POINT ( 'NONE',  ( 64.40000000000000568, 58.49999999999999289, -1.180056052874078735E-13 ) ) ;
#3795 = CARTESIAN_POINT ( 'NONE',  ( -73.52559831703085536, 49.51577303841638411, -26.31732588214232393 ) ) ;
#3796 = CARTESIAN_POINT ( 'NONE',  ( 60.65659954966127287, 49.91208628864306007, -5.802365231611708474 ) ) ;
#3797 = ORIENTED_EDGE ( 'NONE', *, *, #422, .T. ) ;
#3798 = ORIENTED_EDGE ( 'NONE', *, *, #3114, .T. ) ;
#3799 = CARTESIAN_POINT ( 'NONE',  ( -45.53767670841367021, 58.49999999999995737, -45.53767670841365600 ) ) ;
#3800 = CARTESIAN_POINT ( 'NONE',  ( 64.40000000000004832, 9.672827050956818619E-28, -2.211280286727785861E-13 ) ) ;
#3801 = DIRECTION ( 'NONE',  ( -0.8660254037844381525, 0.5000000000000008882, 5.991246546128640957E-15 ) ) ;
#3802 = ORIENTED_EDGE ( 'NONE', *, *, #6199, .F. ) ;
#3803 = ORIENTED_EDGE ( 'NONE', *, *, #9358, .F. ) ;
#3804 = CARTESIAN_POINT ( 'NONE',  ( 3.377632643772222387, 55.77353993566985224, -57.64235574244816718 ) ) ;
#3805 = EDGE_CURVE ( 'NONE', #8122, #477, #6890, .T. ) ;
#3806 = DIRECTION ( 'NONE',  ( -0.000000000000000000, -1.000000000000000000, -0.000000000000000000 ) ) ;
#3807 = LINE ( 'NONE', #3858, #1046 ) ;
#3808 = DIRECTION ( 'NONE',  ( 0.000000000000000000, 0.000000000000000000, 1.000000000000000000 ) ) ;
#3809 = CARTESIAN_POINT ( 'NONE',  ( -45.53767670841317283, 58.49999999999995737, 45.53767670841414628 ) ) ;
#3810 = ORIENTED_EDGE ( 'NONE', *, *, #7620, .F. ) ;
#3811 = ORIENTED_EDGE ( 'NONE', *, *, #8770, .T. ) ;
#3812 = CARTESIAN_POINT ( 'NONE',  ( 52.67945519839779678, 58.49999999999999289, 52.67945519839778257 ) ) ;
#3813 = CYLINDRICAL_SURFACE ( 'NONE', #2756, 2.149999999999999023 ) ;
#3814 = CARTESIAN_POINT ( 'NONE',  ( -45.53767670841367021, 58.49999999999995737, -45.53767670841365600 ) ) ;
#3815 = CARTESIAN_POINT ( 'NONE',  ( 56.95894864512514033, 49.99973759517570926, 56.17817577371713611 ) ) ;
#3816 = CARTESIAN_POINT ( 'NONE',  ( 25.00000000000000000, 65.00000000000000000, 4.177332116314169674 ) ) ;
#3817 = LINE ( 'NONE', #3870, #9356 ) ;
#3818 = LINE ( 'NONE', #8939, #545 ) ;
#3819 = CARTESIAN_POINT ( 'NONE',  ( 64.40000000000000568, 58.49999999999999289, -1.180056052874078735E-13 ) ) ;
#3820 = CARTESIAN_POINT ( 'NONE',  ( 1.472166390313352391, 54.67341848130285342, 64.40000000000003411 ) ) ;
#3821 = ORIENTED_EDGE ( 'NONE', *, *, #2566, .F. ) ;
#3822 = VERTEX_POINT ( 'NONE', #1034 ) ;
#3823 = ORIENTED_EDGE ( 'NONE', *, *, #3752, .F. ) ;
#3824 = ADVANCED_FACE ( 'NONE', ( #9289 ), #4037, .F. ) ;
#3825 = CYLINDRICAL_SURFACE ( 'NONE', #9420, 3.600000000000005862 ) ;
#3826 = EDGE_LOOP ( 'NONE', ( #3525, #3206, #8706, #6056, #4977, #4685, #9580, #7752 ) ) ;
#3827 = ORIENTED_EDGE ( 'NONE', *, *, #7364, .F. ) ;
#3828 = EDGE_CURVE ( 'NONE', #4004, #9234, #383, .T. ) ;
#3829 = AXIS2_PLACEMENT_3D ( 'NONE', #5726, #1295, #6321 ) ;
#3830 = CARTESIAN_POINT ( 'NONE',  ( 42.00214280248077614, 53.82346281956403544, -42.00214280248106036 ) ) ;
#3831 = DIRECTION ( 'NONE',  ( 0.000000000000000000, 0.000000000000000000, 1.000000000000000000 ) ) ;
#3832 = DIRECTION ( 'NONE',  ( -5.329070518200751394E-15, 0.000000000000000000, -1.000000000000000000 ) ) ;
#3833 = CARTESIAN_POINT ( 'NONE',  ( 4.049999999999587708, 60.83826859021803557, -58.10521046563298597 ) ) ;
#3834 = ADVANCED_FACE ( 'NONE', ( #6984 ), #252, .F. ) ;
#3835 = DIRECTION ( 'NONE',  ( 0.000000000000000000, 1.000000000000000000, 0.000000000000000000 ) ) ;
#3836 = CIRCLE ( 'NONE', #2731, 10.00000000000000178 ) ;
#3837 = ORIENTED_EDGE ( 'NONE', *, *, #782, .T. ) ;
#3838 = VERTEX_POINT ( 'NONE', #7038 ) ;
#3839 = CARTESIAN_POINT ( 'NONE',  ( -39.13836033867541886, 56.16173140978197154, -44.86592526628644606 ) ) ;
#3840 = FILL_AREA_STYLE_COLOUR ( '', #9485 ) ;
#3841 = EDGE_CURVE ( 'NONE', #6024, #2770, #2509, .T. ) ;
#3842 = VECTOR ( 'NONE', #1414, 1000.000000000000114 ) ;
#3843 = AXIS2_PLACEMENT_3D ( 'NONE', #6337, #242, #2501 ) ;
#3844 = DIRECTION ( 'NONE',  ( 1.015447888376667621E-14, 0.000000000000000000, 1.000000000000000000 ) ) ;
#3845 = VECTOR ( 'NONE', #2410, 1000.000000000000000 ) ;
#3846 = CARTESIAN_POINT ( 'NONE',  ( -45.53767670841317283, 58.49999999999995737, 45.53767670841414628 ) ) ;
#3847 = ORIENTED_EDGE ( 'NONE', *, *, #6619, .F. ) ;
#3848 = EDGE_CURVE ( 'NONE', #4361, #4800, #6397, .T. ) ;
#3849 = EDGE_CURVE ( 'NONE', #4371, #3480, #9533, .T. ) ;
#3850 = ORIENTED_EDGE ( 'NONE', *, *, #1798, .F. ) ;
#3851 = CIRCLE ( 'NONE', #8874, 4.099999999999998757 ) ;
#3852 = VECTOR ( 'NONE', #1826, 999.9999999999998863 ) ;
#3853 = FACE_OUTER_BOUND ( 'NONE', #6887, .T. ) ;
#3854 = DIRECTION ( 'NONE',  ( -0.000000000000000000, 1.000000000000000000, -0.000000000000000000 ) ) ;
#3855 = ADVANCED_FACE ( 'NONE', ( #8932 ), #9672, .F. ) ;
#3856 = AXIS2_PLACEMENT_3D ( 'NONE', #1457, #4455, #6817 ) ;
#3857 = AXIS2_PLACEMENT_3D ( 'NONE', #3273, #1891, #4101 ) ;
#3858 = CARTESIAN_POINT ( 'NONE',  ( -45.02950970490492466, 1.500000000000001332, 26.38856624071850376 ) ) ;
#3859 = CARTESIAN_POINT ( 'NONE',  ( -60.65943617683439726, 49.91278067414285857, -5.733858381160974460 ) ) ;
#3860 = CARTESIAN_POINT ( 'NONE',  ( -62.21708388691422442, 59.72717834070879661, 50.28968800179884369 ) ) ;
#3861 = ORIENTED_EDGE ( 'NONE', *, *, #4883, .F. ) ;
#3862 = ORIENTED_EDGE ( 'NONE', *, *, #7420, .F. ) ;
#3863 = CARTESIAN_POINT ( 'NONE',  ( -70.55422763154126642, 49.50647438683942880, -33.49084928988936838 ) ) ;
#3864 = DIRECTION ( 'NONE',  ( 0.7071067811865474617, 0.000000000000000000, -0.7071067811865474617 ) ) ;
#3865 = DIRECTION ( 'NONE',  ( 0.7071067811865475727, 0.000000000000000000, 0.7071067811865474617 ) ) ;
#3866 = VECTOR ( 'NONE', #151, 1000.000000000000000 ) ;
#3867 = CARTESIAN_POINT ( 'NONE',  ( -57.40000000000006253, 53.88633504566437438, -1.781881413102502920 ) ) ;
#3868 = CARTESIAN_POINT ( 'NONE',  ( -44.49669787078845218, 54.67341848130274684, 46.57865554603885272 ) ) ;
#3869 = EDGE_CURVE ( 'NONE', #8045, #8879, #7187, .T. ) ;
#3870 = CARTESIAN_POINT ( 'NONE',  ( 7.470345474798854293E-16, 10.99999999999999645, -6.099999999999999645 ) ) ;
#3871 = DIRECTION ( 'NONE',  ( -0.3695249308822022294, 0.2599756275095790325, 0.8921120997708215095 ) ) ;
#3872 = DIRECTION ( 'NONE',  ( 7.993605777301127091E-15, 0.000000000000000000, -1.000000000000000000 ) ) ;
#3873 = VECTOR ( 'NONE', #6925, 1000.000000000000000 ) ;
#3874 = EDGE_CURVE ( 'NONE', #3822, #1290, #2288, .T. ) ;
#3875 = VERTEX_POINT ( 'NONE', #4909 ) ;
#3876 = EDGE_LOOP ( 'NONE', ( #3942, #3387 ) ) ;
#3877 = EDGE_LOOP ( 'NONE', ( #2181, #23, #8995, #108, #7180, #1177, #1029, #7573, #9139, #2736, #376, #7908, #6825, #4812, #7894, #967 ) ) ;
#3878 = CARTESIAN_POINT ( 'NONE',  ( -79.68346272128967200, 63.16632374874969713, -7.111386895683187603 ) ) ;
#3879 = EDGE_LOOP ( 'NONE', ( #3074, #9432 ) ) ;
#3880 = ORIENTED_EDGE ( 'NONE', *, *, #3248, .T. ) ;
#3881 =( BOUNDED_CURVE ( )  B_SPLINE_CURVE ( 3, ( #5373, #3013, #3804, #1633 ),
 .UNSPECIFIED., .F., .F. ) 
 B_SPLINE_CURVE_WITH_KNOTS ( ( 4, 4 ),
 ( 1.570796326794890563, 2.173691564990527514 ),
 .UNSPECIFIED. ) 
 CURVE ( )  GEOMETRIC_REPRESENTATION_ITEM ( )  RATIONAL_B_SPLINE_CURVE ( ( 1.000000000000000000, 0.9699384583854447905, 0.9699384583854447905, 1.000000000000000000 ) ) 
 REPRESENTATION_ITEM ( '' )  );
#3882 = DIRECTION ( 'NONE',  ( -1.000000000000000000, -0.000000000000000000, 3.491481338843133750E-15 ) ) ;
#3883 = PLANE ( 'NONE',  #9349 ) ;
#3884 = CARTESIAN_POINT ( 'NONE',  ( 1.359357947053562156E-15, 65.00000000000000000, -11.09999999999999964 ) ) ;
#3885 = DIRECTION ( 'NONE',  ( -1.000000000000000000, 0.000000000000000000, 6.769652589177784668E-15 ) ) ;
#3886 = CARTESIAN_POINT ( 'NONE',  ( 79.91192136325378215, 50.87227421863912014, -3.760999553725461020 ) ) ;
#3887 = EDGE_CURVE ( 'NONE', #3511, #8258, #8653, .T. ) ;
#3888 = CYLINDRICAL_SURFACE ( 'NONE', #449, 8.499999999999998224 ) ;
#3889 = ORIENTED_EDGE ( 'NONE', *, *, #9125, .T. ) ;
#3890 = ORIENTED_EDGE ( 'NONE', *, *, #6816, .F. ) ;
#3891 = DIRECTION ( 'NONE',  ( 1.000000000000000000, 0.000000000000000000, -1.776356839400250465E-15 ) ) ;
#3892 = FACE_OUTER_BOUND ( 'NONE', #4925, .T. ) ;
#3893 = CYLINDRICAL_SURFACE ( 'NONE', #3782, 4.999999999999997335 ) ;
#3894 = AXIS2_PLACEMENT_3D ( 'NONE', #696, #3648, #8266 ) ;
#3895 = ORIENTED_EDGE ( 'NONE', *, *, #3082, .T. ) ;
#3896 = EDGE_CURVE ( 'NONE', #2992, #1262, #9077, .T. ) ;
#3897 = ORIENTED_EDGE ( 'NONE', *, *, #2186, .T. ) ;
#3898 = CARTESIAN_POINT ( 'NONE',  ( -1.781881413105030232, 53.88633504566436727, -57.40000000000004832 ) ) ;
#3899 = DIRECTION ( 'NONE',  ( 1.000000000000000000, 0.000000000000000000, 0.000000000000000000 ) ) ;
#3900 = AXIS2_PLACEMENT_3D ( 'NONE', #516, #7991, #4252 ) ;
#3901 = EDGE_CURVE ( 'NONE', #9602, #5518, #4408, .T. ) ;
#3902 = EDGE_CURVE ( 'NONE', #5161, #1659, #7160, .T. ) ;
#3903 = DIRECTION ( 'NONE',  ( 0.7071067811865475727, 0.000000000000000000, 0.7071067811865475727 ) ) ;
#3904 = CARTESIAN_POINT ( 'NONE',  ( 45.53767670841349968, 58.49999999999995737, -45.53767670841381943 ) ) ;
#3905 = EDGE_CURVE ( 'NONE', #4033, #5949, #2657, .T. ) ;
#3906 = VECTOR ( 'NONE', #9427, 1000.000000000000000 ) ;
#3907 = LINE ( 'NONE', #8520, #281 ) ;
#3908 = VERTEX_POINT ( 'NONE', #6573 ) ;
#3909 = VECTOR ( 'NONE', #7935, 1000.000000000000000 ) ;
#3910 = VERTEX_POINT ( 'NONE', #7912 ) ;
#3911 = CYLINDRICAL_SURFACE ( 'NONE', #8799, 4.999999999999997335 ) ;
#3912 = LINE ( 'NONE', #6953, #3703 ) ;
#3913 = FACE_OUTER_BOUND ( 'NONE', #43, .T. ) ;
#3914 = DIRECTION ( 'NONE',  ( -0.000000000000000000, 1.000000000000000000, -0.000000000000000000 ) ) ;
#3915 = DIRECTION ( 'NONE',  ( -2.967535009851185540E-15, 0.5000000000000008882, -0.8660254037844381525 ) ) ;
#3916 = LINE ( 'NONE', #6821, #4024 ) ;
#3917 = CARTESIAN_POINT ( 'NONE',  ( 55.57859300126263946, 58.49999999999999289, 49.78031739553293988 ) ) ;
#3918 = CARTESIAN_POINT ( 'NONE',  ( -4.050000000000456346, 60.83826859021802136, -64.40000000000001990 ) ) ;
#3919 = ORIENTED_EDGE ( 'NONE', *, *, #4349, .T. ) ;
#3920 = ORIENTED_EDGE ( 'NONE', *, *, #4870, .T. ) ;
#3921 = VERTEX_POINT ( 'NONE', #7132 ) ;
#3922 = DIRECTION ( 'NONE',  ( 0.000000000000000000, 1.000000000000000000, -0.000000000000000000 ) ) ;
#3923 = ORIENTED_EDGE ( 'NONE', *, *, #4204, .F. ) ;
#3924 = VERTEX_POINT ( 'NONE', #9568 ) ;
#3925 = ADVANCED_FACE ( 'NONE', ( #2979 ), #1180, .F. ) ;
#3926 = ADVANCED_FACE ( 'NONE', ( #8833 ), #4360, .F. ) ;
#3927 = VECTOR ( 'NONE', #3915, 1000.000000000000000 ) ;
#3928 = DIRECTION ( 'NONE',  ( -0.000000000000000000, 1.000000000000000000, -0.000000000000000000 ) ) ;
#3929 = DIRECTION ( 'NONE',  ( -0.000000000000000000, -1.000000000000000000, -0.000000000000000000 ) ) ;
#3930 = CARTESIAN_POINT ( 'NONE',  ( -44.49669787078877192, 54.67341848130285342, -46.57865554603855429 ) ) ;
#3931 = CARTESIAN_POINT ( 'NONE',  ( 66.98126610706803774, 14.70000000000000462, -24.14454884646962896 ) ) ;
#3932 = CARTESIAN_POINT ( 'NONE',  ( 79.60325320637444690, 55.50099659043263500, -7.958239661897282602 ) ) ;
#3933 = CARTESIAN_POINT ( 'NONE',  ( 2.203366688004356977, 50.28582877481795066, 79.97009528490715979 ) ) ;
#3934 = ORIENTED_EDGE ( 'NONE', *, *, #2394, .T. ) ;
#3935 = EDGE_CURVE ( 'NONE', #2591, #6089, #1356, .T. ) ;
#3936 = ORIENTED_EDGE ( 'NONE', *, *, #1536, .F. ) ;
#3937 = DIRECTION ( 'NONE',  ( -1.396592535537253500E-14, -0.000000000000000000, -1.000000000000000000 ) ) ;
#3938 = VECTOR ( 'NONE', #5999, 1000.000000000000000 ) ;
#3939 = CARTESIAN_POINT ( 'NONE',  ( -11.67002566352183379, 30.90000000000000213, 28.37734619600018604 ) ) ;
#3940 = DIRECTION ( 'NONE',  ( -0.7492693547207625038, 0.000000000000000000, 0.6622653803999813960 ) ) ;
#3941 = CARTESIAN_POINT ( 'NONE',  ( -51.31794578837404686, 63.16973226250811990, 61.37177253049492975 ) ) ;
#3942 = ORIENTED_EDGE ( 'NONE', *, *, #7498, .F. ) ;
#3943 = ORIENTED_EDGE ( 'NONE', *, *, #384, .T. ) ;
#3944 = FACE_OUTER_BOUND ( 'NONE', #7114, .T. ) ;
#3945 = CARTESIAN_POINT ( 'NONE',  ( 9.090007576262848494E-13, 53.82346281956404255, 64.40000000000004832 ) ) ;
#3946 = CARTESIAN_POINT ( 'NONE',  ( 0.000000000000000000, 0.000000000000000000, 0.000000000000000000 ) ) ;
#3947 = LINE ( 'NONE', #902, #8219 ) ;
#3948 = CARTESIAN_POINT ( 'NONE',  ( 10.47722557504451224, 45.83932656164265040, -64.07814946534381306 ) ) ;
#3949 = ADVANCED_FACE ( 'NONE', ( #3625 ), #96, .F. ) ;
#3950 = ORIENTED_EDGE ( 'NONE', *, *, #8630, .T. ) ;
#3951 = ORIENTED_EDGE ( 'NONE', *, *, #6992, .T. ) ;
#3952 = LINE ( 'NONE', #7739, #5709 ) ;
#3953 = DIRECTION ( 'NONE',  ( -5.329070518200751394E-15, 0.000000000000000000, -1.000000000000000000 ) ) ;
#3954 = CYLINDRICAL_SURFACE ( 'NONE', #6692, 10.00000000000000178 ) ;
#3955 = PLANE ( 'NONE',  #3701 ) ;
#3956 = DIRECTION ( 'NONE',  ( -3.469446951953616161E-15, 0.000000000000000000, 1.000000000000000000 ) ) ;
#3957 = CARTESIAN_POINT ( 'NONE',  ( -2.266636329749722290, 53.39900689924812127, -57.42829882522192264 ) ) ;
#3958 = DIRECTION ( 'NONE',  ( 0.7071067811865550112, 0.000000000000000000, 0.7071067811865398012 ) ) ;
#3959 = CARTESIAN_POINT ( 'NONE',  ( -74.37982579752053880, 59.16964509691318597, -29.48445005601728042 ) ) ;
#3960 = VERTEX_POINT ( 'NONE', #1603 ) ;
#3961 = EDGE_LOOP ( 'NONE', ( #8639, #7612, #3861, #4334 ) ) ;
#3962 = ORIENTED_EDGE ( 'NONE', *, *, #4838, .F. ) ;
#3963 = CARTESIAN_POINT ( 'NONE',  ( -8.499999999999081624, 58.49999999999999289, 74.50000000000008527 ) ) ;
#3964 = ORIENTED_EDGE ( 'NONE', *, *, #3790, .F. ) ;
#3965 = ORIENTED_EDGE ( 'NONE', *, *, #25, .F. ) ;
#3966 = PLANE ( 'NONE',  #8641 ) ;
#3967 = CARTESIAN_POINT ( 'NONE',  ( 4.049999999999543299, 60.83826859021803557, -64.40000000000007674 ) ) ;
#3968 = DIRECTION ( 'NONE',  ( -1.396592535537253500E-14, -0.000000000000000000, -1.000000000000000000 ) ) ;
#3969 = DIRECTION ( 'NONE',  ( 0.000000000000000000, 1.000000000000000000, 0.000000000000000000 ) ) ;
#3970 = CARTESIAN_POINT ( 'NONE',  ( 79.97144232820676280, 50.27240876867350750, 2.205864534943700495 ) ) ;
#3971 = B_SPLINE_CURVE_WITH_KNOTS ( 'NONE', 3,
 ( #6422, #2780, #2585, #9411 ),
 .UNSPECIFIED., .F., .F.,
 ( 4, 4 ),
 ( 0.005735140038268133136, 0.01147028007653624546 ),
 .UNSPECIFIED. ) ;
#3972 = EDGE_CURVE ( 'NONE', #4800, #3321, #5875, .T. ) ;
#3973 = CARTESIAN_POINT ( 'NONE',  ( 0.5549767457758514322, 49.99999999999994316, 80.00000000000001421 ) ) ;
#3974 = ORIENTED_EDGE ( 'NONE', *, *, #2974, .F. ) ;
#3975 = VERTEX_POINT ( 'NONE', #6082 ) ;
#3976 = ORIENTED_EDGE ( 'NONE', *, *, #6456, .F. ) ;
#3977 = DIRECTION ( 'NONE',  ( 0.000000000000000000, 0.000000000000000000, 1.000000000000000000 ) ) ;
#3978 = CIRCLE ( 'NONE', #6185, 2.149999999999999023 ) ;
#3979 = CYLINDRICAL_SURFACE ( 'NONE', #6290, 4.999999999999997335 ) ;
#3980 = EDGE_CURVE ( 'NONE', #8301, #3725, #5436, .T. ) ;
#3981 = CARTESIAN_POINT ( 'NONE',  ( 48.40145917221902749, 52.90000000000000568, -42.67389424460832004 ) ) ;
#3982 = LINE ( 'NONE', #5328, #3754 ) ;
#3983 = VECTOR ( 'NONE', #325, 1000.000000000000000 ) ;
#3984 = VECTOR ( 'NONE', #9694, 1000.000000000000000 ) ;
#3985 = ORIENTED_EDGE ( 'NONE', *, *, #4201, .F. ) ;
#3986 = EDGE_CURVE ( 'NONE', #8785, #2730, #7481, .T. ) ;
#3987 = EDGE_LOOP ( 'NONE', ( #674, #8191 ) ) ;
#3988 = FACE_OUTER_BOUND ( 'NONE', #9225, .T. ) ;
#3989 = CARTESIAN_POINT ( 'NONE',  ( -5.477225575050725048, 65.00000000000000000, 74.50000000000005684 ) ) ;
#3990 = CIRCLE ( 'NONE', #1004, 4.099999999999999645 ) ;
#3991 = VECTOR ( 'NONE', #7374, 1000.000000000000000 ) ;
#3992 = DIRECTION ( 'NONE',  ( 8.826273045769994496E-15, -0.000000000000000000, 1.000000000000000000 ) ) ;
#3993 = VECTOR ( 'NONE', #160, 1000.000000000000114 ) ;
#3994 = EDGE_CURVE ( 'NONE', #7476, #521, #5116, .T. ) ;
#3995 = DIRECTION ( 'NONE',  ( 0.000000000000000000, 0.000000000000000000, 1.000000000000000000 ) ) ;
#3996 = DIRECTION ( 'NONE',  ( -0.7071067811865450192, 0.000000000000000000, 0.7071067811865500152 ) ) ;
#3997 = EDGE_LOOP ( 'NONE', ( #2159, #2732, #624, #1067 ) ) ;
#3998 = VECTOR ( 'NONE', #5295, 1000.000000000000000 ) ;
#3999 = AXIS2_PLACEMENT_3D ( 'NONE', #1061, #2391, #5386 ) ;
#4000 = EDGE_CURVE ( 'NONE', #3838, #2328, #955, .T. ) ;
#4001 = AXIS2_PLACEMENT_3D ( 'NONE', #456, #6452, #9441 ) ;
#4002 = FACE_OUTER_BOUND ( 'NONE', #99, .T. ) ;
#4003 = ORIENTED_EDGE ( 'NONE', *, *, #5101, .T. ) ;
#4004 = VERTEX_POINT ( 'NONE', #6126 ) ;
#4005 = LINE ( 'NONE', #7790, #2092 ) ;
#4006 = CARTESIAN_POINT ( 'NONE',  ( 46.66904755831193086, 58.49999999999999289, -58.68986283848361296 ) ) ;
#4007 = CARTESIAN_POINT ( 'NONE',  ( 7.968513700281529443E-13, 63.17653718043602140, 57.40000000000004832 ) ) ;
#4008 = CARTESIAN_POINT ( 'NONE',  ( 42.67389424460814951, 65.00000000000000000, 48.40145917221915539 ) ) ;
#4009 = VECTOR ( 'NONE', #5963, 1000.000000000000000 ) ;
#4010 = AXIS2_PLACEMENT_3D ( 'NONE', #4593, #6125, #3864 ) ;
#4011 = DIRECTION ( 'NONE',  ( -0.000000000000000000, 1.000000000000000000, -0.000000000000000000 ) ) ;
#4012 = CARTESIAN_POINT ( 'NONE',  ( 1.781881413105030232, 54.85223253308375746, 57.40000000000003411 ) ) ;
#4013 = CARTESIAN_POINT ( 'NONE',  ( -25.00000000000000000, 30.90000000000000213, 4.177332116314237176 ) ) ;
#4014 = LINE ( 'NONE', #5073, #7770 ) ;
#4015 = ORIENTED_EDGE ( 'NONE', *, *, #1437, .F. ) ;
#4016 = ORIENTED_EDGE ( 'NONE', *, *, #6599, .T. ) ;
#4017 = AXIS2_PLACEMENT_3D ( 'NONE', #6241, #102, #9230 ) ;
#4018 = EDGE_CURVE ( 'NONE', #9629, #92, #5382, .T. ) ;
#4019 = ORIENTED_EDGE ( 'NONE', *, *, #8936, .T. ) ;
#4020 = CARTESIAN_POINT ( 'NONE',  ( 5.477225575052628415, 65.00000000000000000, 79.81227975693958854 ) ) ;
#4021 = ORIENTED_EDGE ( 'NONE', *, *, #5873, .T. ) ;
#4022 = ORIENTED_EDGE ( 'NONE', *, *, #517, .F. ) ;
#4023 = FACE_OUTER_BOUND ( 'NONE', #487, .T. ) ;
#4024 = VECTOR ( 'NONE', #7747, 1000.000000000000000 ) ;
#4025 = CARTESIAN_POINT ( 'NONE',  ( 64.40000000000006253, 60.83826859021803557, 4.049999999999768008 ) ) ;
#4026 = ADVANCED_FACE ( 'NONE', ( #3913 ), #3954, .F. ) ;
#4027 = DIRECTION ( 'NONE',  ( 0.000000000000000000, 1.000000000000000000, -0.000000000000000000 ) ) ;
#4028 = FACE_OUTER_BOUND ( 'NONE', #5041, .T. ) ;
#4029 = DIRECTION ( 'NONE',  ( 0.6622653803999817290, 0.000000000000000000, -0.7492693547207621707 ) ) ;
#4030 = DIRECTION ( 'NONE',  ( -5.329070518200751394E-15, 0.000000000000000000, -1.000000000000000000 ) ) ;
#4031 = VERTEX_POINT ( 'NONE', #9116 ) ;
#4032 = CARTESIAN_POINT ( 'NONE',  ( 8.500000000000978773, 58.49999999999999289, 79.54715582596264767 ) ) ;
#4033 = VERTEX_POINT ( 'NONE', #1649 ) ;
#4034 = CARTESIAN_POINT ( 'NONE',  ( -4.049999999999180034, 56.16173140978204259, 58.10521046563271597 ) ) ;
#4035 = ORIENTED_EDGE ( 'NONE', *, *, #731, .T. ) ;
#4036 = CIRCLE ( 'NONE', #7493, 65.00000000000000000 ) ;
#4037 = CYLINDRICAL_SURFACE ( 'NONE', #9040, 4.099999999999998757 ) ;
#4038 = DIRECTION ( 'NONE',  ( -0.8660254037844381525, 0.5000000000000008882, 5.991246546128640957E-15 ) ) ;
#4039 = CARTESIAN_POINT ( 'NONE',  ( -52.67945519839779678, 58.49999999999999289, -52.67945519839778257 ) ) ;
#4040 = LINE ( 'NONE', #6308, #7982 ) ;
#4041 = ORIENTED_EDGE ( 'NONE', *, *, #1458, .T. ) ;
#4042 = LINE ( 'NONE', #6157, #2006 ) ;
#4043 = DIRECTION ( 'NONE',  ( -0.7071067811865400232, -0.000000000000000000, 0.7071067811865550112 ) ) ;
#4044 = EDGE_CURVE ( 'NONE', #8982, #3336, #4594, .T. ) ;
#4045 = CARTESIAN_POINT ( 'NONE',  ( -6.975800077590465165, 48.97540643176191821, 62.66184885556420880 ) ) ;
#4046 = EDGE_CURVE ( 'NONE', #2145, #5984, #5086, .T. ) ;
#4047 = AXIS2_PLACEMENT_3D ( 'NONE', #6531, #9519, #5837 ) ;
#4048 = ADVANCED_FACE ( 'NONE', ( #9073 ), #909, .F. ) ;
#4049 = DIRECTION ( 'NONE',  ( 0.000000000000000000, 0.000000000000000000, 1.000000000000000000 ) ) ;
#4050 = CARTESIAN_POINT ( 'NONE',  ( 57.41771854662157182, 53.49592842463899700, -2.170281114638888731 ) ) ;
#4051 = CARTESIAN_POINT ( 'NONE',  ( 50.23792566855536990, 58.49999999999999289, -62.25874094872707332 ) ) ;
#4052 = ORIENTED_EDGE ( 'NONE', *, *, #9572, .T. ) ;
#4053 = VERTEX_POINT ( 'NONE', #177 ) ;
#4054 = CARTESIAN_POINT ( 'NONE',  ( 44.86592526628644606, 56.16173140978202838, 39.13836033867541886 ) ) ;
#4055 = LINE ( 'NONE', #320, #7372 ) ;
#4056 = CARTESIAN_POINT ( 'NONE',  ( 64.00132858745540432, 65.00000000000000000, -11.35032770630716570 ) ) ;
#4057 = DIRECTION ( 'NONE',  ( -0.000000000000000000, 1.000000000000000000, -0.000000000000000000 ) ) ;
#4058 = CARTESIAN_POINT ( 'NONE',  ( 39.13836033867524122, 65.00000000000000000, -44.86592526628658106 ) ) ;
#4059 = CARTESIAN_POINT ( 'NONE',  ( -5.483592419851312627, 50.14630465282288441, 59.86320225037687948 ) ) ;
#4060 = VECTOR ( 'NONE', #2248, 1000.000000000000000 ) ;
#4061 = EDGE_CURVE ( 'NONE', #8879, #8539, #8728, .T. ) ;
#4062 = DIRECTION ( 'NONE',  ( 0.000000000000000000, 0.000000000000000000, 1.000000000000000000 ) ) ;
#4063 = CARTESIAN_POINT ( 'NONE',  ( -6.655330888320991178, 30.90000000000000213, 7.529663527230861853 ) ) ;
#4064 = DIRECTION ( 'NONE',  ( 0.7071067811865450192, 0.000000000000000000, -0.7071067811865500152 ) ) ;
#4065 = ORIENTED_EDGE ( 'NONE', *, *, #5317, .T. ) ;
#4066 = VERTEX_POINT ( 'NONE', #3078 ) ;
#4067 = EDGE_LOOP ( 'NONE', ( #6137, #8110, #2451, #2918, #8113 ) ) ;
#4068 = CARTESIAN_POINT ( 'NONE',  ( 61.57948144812871760, 62.63598103568361353, 51.06851830599035935 ) ) ;
#4069 = ORIENTED_EDGE ( 'NONE', *, *, #2704, .F. ) ;
#4070 = EDGE_LOOP ( 'NONE', ( #4356, #9729, #2479, #1416 ) ) ;
#4071 = DIRECTION ( 'NONE',  ( -0.000000000000000000, -1.000000000000000000, -0.000000000000000000 ) ) ;
#4072 = AXIS2_PLACEMENT_3D ( 'NONE', #5155, #6535, #9525 ) ;
#4073 = LINE ( 'NONE', #5547, #4404 ) ;
#4074 = LINE ( 'NONE', #6478, #8115 ) ;
#4075 = FACE_BOUND ( 'NONE', #1540, .T. ) ;
#4076 = CARTESIAN_POINT ( 'NONE',  ( 64.40000000000004832, 53.82346281956404255, -2.344465629617909551E-13 ) ) ;
#4077 = CARTESIAN_POINT ( 'NONE',  ( -64.40000000000004832, 54.67341848130237736, 1.472166390311844930 ) ) ;
#4078 = ORIENTED_EDGE ( 'NONE', *, *, #1884, .T. ) ;
#4079 = CARTESIAN_POINT ( 'NONE',  ( 4.249682763193643353, 51.13334900741552502, 79.88742411135271482 ) ) ;
#4080 = EDGE_LOOP ( 'NONE', ( #5090, #2013, #1645, #7328 ) ) ;
#4081 = CARTESIAN_POINT ( 'NONE',  ( 0.000000000000000000, 0.000000000000000000, -80.00000000000000000 ) ) ;
#4082 = EDGE_CURVE ( 'NONE', #4450, #1369, #2602, .T. ) ;
#4083 = ORIENTED_EDGE ( 'NONE', *, *, #2002, .F. ) ;
#4084 = CARTESIAN_POINT ( 'NONE',  ( 57.40000000000006253, 60.83826859021803557, 4.049999999999792877 ) ) ;
#4085 = FACE_OUTER_BOUND ( 'NONE', #7996, .T. ) ;
#4086 = CARTESIAN_POINT ( 'NONE',  ( -52.20521199726117345, 64.60120959420829934, 60.62046574978930380 ) ) ;
#4087 = CARTESIAN_POINT ( 'NONE',  ( -8.433942512261458191, 59.72717834070878951, 79.55430133191705977 ) ) ;
#4088 = CIRCLE ( 'NONE', #1255, 11.09999999999999964 ) ;
#4089 = ORIENTED_EDGE ( 'NONE', *, *, #7229, .F. ) ;
#4090 = AXIS2_PLACEMENT_3D ( 'NONE', #3800, #6796, #5319 ) ;
#4091 = CARTESIAN_POINT ( 'NONE',  ( -3.865463758374450443, 50.49377873550142226, -57.39999999999319868 ) ) ;
#4092 = DIRECTION ( 'NONE',  ( -1.000000000000000000, 0.000000000000000000, 6.769652589177784668E-15 ) ) ;
#4093 = CARTESIAN_POINT ( 'NONE',  ( -6.345453433994940440, 49.48343036156218488, 61.91455903305288189 ) ) ;
#4094 = DIRECTION ( 'NONE',  ( -1.000000000000000000, 0.000000000000000000, 8.826273045769994496E-15 ) ) ;
#4095 = ORIENTED_EDGE ( 'NONE', *, *, #6348, .F. ) ;
#4096 = EDGE_LOOP ( 'NONE', ( #9036, #4177 ) ) ;
#4097 = EDGE_CURVE ( 'NONE', #7381, #2267, #8101, .T. ) ;
#4098 = VERTEX_POINT ( 'NONE', #7511 ) ;
#4099 = DIRECTION ( 'NONE',  ( 0.000000000000000000, 1.000000000000000000, 1.854709381156977158E-16 ) ) ;
#4100 = DIRECTION ( 'NONE',  ( 0.000000000000000000, 0.000000000000000000, 1.000000000000000000 ) ) ;
#4101 = DIRECTION ( 'NONE',  ( -0.6622653803999819511, 0.000000000000000000, 0.7492693547207619487 ) ) ;
#4102 = CARTESIAN_POINT ( 'NONE',  ( 58.34547188391906758, 51.27225204461140606, -4.374014855582913697 ) ) ;
#4103 = CARTESIAN_POINT ( 'NONE',  ( -27.74454884646939945, -35.59999999999999432, -69.13126610706812869 ) ) ;
#4104 = CARTESIAN_POINT ( 'NONE',  ( -4.696156221531854413, 50.94584574205703831, 58.65112756039860642 ) ) ;
#4105 = CARTESIAN_POINT ( 'NONE',  ( 64.40000000000000568, 58.49999999999999289, -1.180056052874078735E-13 ) ) ;
#4106 = CYLINDRICAL_SURFACE ( 'NONE', #2257, 3.600000000000002309 ) ;
#4107 = ORIENTED_EDGE ( 'NONE', *, *, #9262, .T. ) ;
#4108 = VERTEX_POINT ( 'NONE', #3027 ) ;
#4109 = ORIENTED_EDGE ( 'NONE', *, *, #446, .F. ) ;
#4110 = CARTESIAN_POINT ( 'NONE',  ( 7.109129066228474514, 63.16973226250813411, 79.68366399327412353 ) ) ;
#4111 = ORIENTED_EDGE ( 'NONE', *, *, #9520, .F. ) ;
#4112 = VERTEX_POINT ( 'NONE', #6815 ) ;
#4113 = CARTESIAN_POINT ( 'NONE',  ( -4.100000000000346034, 58.49999999999999289, -64.39999999999997726 ) ) ;
#4114 = ADVANCED_FACE ( 'NONE', ( #81 ), #130, .F. ) ;
#4115 = CARTESIAN_POINT ( 'NONE',  ( -7.219949514897148646, 54.00568085808975383, 79.67368556091135190 ) ) ;
#4116 = CARTESIAN_POINT ( 'NONE',  ( -10.47722557504630814, 45.83932656164284936, -64.07814946534348621 ) ) ;
#4117 = CYLINDRICAL_SURFACE ( 'NONE', #1005, 4.099999999999993427 ) ;
#4118 = CARTESIAN_POINT ( 'NONE',  ( 45.53767670841349968, 58.49999999999995737, -45.53767670841381943 ) ) ;
#4119 = FACE_OUTER_BOUND ( 'NONE', #9239, .T. ) ;
#4120 = ADVANCED_FACE ( 'NONE', ( #274 ), #3420, .T. ) ;
#4121 = ORIENTED_EDGE ( 'NONE', *, *, #1500, .F. ) ;
#4122 = EDGE_CURVE ( 'NONE', #4258, #2043, #1000, .T. ) ;
#4123 = CYLINDRICAL_SURFACE ( 'NONE', #7826, 3.600000000000002309 ) ;
#4124 = ORIENTED_EDGE ( 'NONE', *, *, #8494, .T. ) ;
#4125 = DIRECTION ( 'NONE',  ( 0.000000000000000000, 1.000000000000000000, 0.000000000000000000 ) ) ;
#4126 = ORIENTED_EDGE ( 'NONE', *, *, #4653, .T. ) ;
#4127 = CARTESIAN_POINT ( 'NONE',  ( 50.23792566855536990, 58.49999999999999289, -62.25874094872707332 ) ) ;
#4128 = DIRECTION ( 'NONE',  ( -1.000000000000000000, 0.000000000000000000, 1.390105829006383446E-14 ) ) ;
#4129 = DIRECTION ( 'NONE',  ( -0.7071067811865476838, -0.000000000000000000, -0.7071067811865474617 ) ) ;
#4130 = CARTESIAN_POINT ( 'NONE',  ( -5.646478818413158685, 65.00000000000000000, 60.36806642904172548 ) ) ;
#4131 = EDGE_LOOP ( 'NONE', ( #7368, #3656, #5947, #547 ) ) ;
#4132 = VECTOR ( 'NONE', #8475, 1000.000000000000114 ) ;
#4133 = PLANE ( 'NONE',  #2630 ) ;
#4134 = ADVANCED_FACE ( 'NONE', ( #1144 ), #418, .T. ) ;
#4135 = CARTESIAN_POINT ( 'NONE',  ( -58.68986283848295216, 58.49999999999999289, 46.66904755831275509 ) ) ;
#4136 = FACE_OUTER_BOUND ( 'NONE', #1441, .T. ) ;
#4137 = AXIS2_PLACEMENT_3D ( 'NONE', #2682, #5535, #1203 ) ;
#4138 = VECTOR ( 'NONE', #4542, 1000.000000000000000 ) ;
#4139 = EDGE_CURVE ( 'NONE', #8500, #6906, #6274, .T. ) ;
#4140 = EDGE_CURVE ( 'NONE', #8810, #1910, #9451, .T. ) ;
#4141 = DIRECTION ( 'NONE',  ( -1.000000000000000000, 0.000000000000000000, 6.769652589177784668E-15 ) ) ;
#4142 = ORIENTED_EDGE ( 'NONE', *, *, #3557, .F. ) ;
#4143 = VERTEX_POINT ( 'NONE', #2628 ) ;
#4144 = CIRCLE ( 'NONE', #544, 80.00000000000000000 ) ;
#4145 = VECTOR ( 'NONE', #7009, 1000.000000000000114 ) ;
#4146 = CIRCLE ( 'NONE', #5405, 4.099999999999999645 ) ;
#4147 = CARTESIAN_POINT ( 'NONE',  ( 2.266626035030498088, 53.39901725280454059, 57.42829784601699572 ) ) ;
#4148 = CARTESIAN_POINT ( 'NONE',  ( 9.797174393178826052E-15, 65.00000000000000000, 80.00000000000000000 ) ) ;
#4149 = CARTESIAN_POINT ( 'NONE',  ( 45.53767670841349968, 58.49999999999995737, -45.53767670841381943 ) ) ;
#4150 = LINE ( 'NONE', #3515, #2565 ) ;
#4151 = LINE ( 'NONE', #1893, #2516 ) ;
#4152 = DIRECTION ( 'NONE',  ( -0.000000000000000000, -1.000000000000000000, -0.000000000000000000 ) ) ;
#4153 = AXIS2_PLACEMENT_3D ( 'NONE', #6063, #7398, #656 ) ;
#4154 = VECTOR ( 'NONE', #848, 1000.000000000000227 ) ;
#4155 = CARTESIAN_POINT ( 'NONE',  ( 0.000000000000000000, 65.00000000000000000, 0.000000000000000000 ) ) ;
#4156 = LINE ( 'NONE', #7215, #5395 ) ;
#4157 = EDGE_LOOP ( 'NONE', ( #1600, #6671 ) ) ;
#4158 = VERTEX_POINT ( 'NONE', #5482 ) ;
#4159 = ORIENTED_EDGE ( 'NONE', *, *, #150, .F. ) ;
#4160 = DIRECTION ( 'NONE',  ( 0.8660254037844381525, 0.5000000000000008882, -1.203866961868355179E-14 ) ) ;
#4161 = VERTEX_POINT ( 'NONE', #2676 ) ;
#4162 = ORIENTED_EDGE ( 'NONE', *, *, #2439, .F. ) ;
#4163 = AXIS2_PLACEMENT_3D ( 'NONE', #791, #5806, #2115 ) ;
#4164 = CIRCLE ( 'NONE', #4949, 4.099999999999999645 ) ;
#4165 = EDGE_CURVE ( 'NONE', #1912, #3257, #1028, .T. ) ;
#4166 = EDGE_CURVE ( 'NONE', #7021, #7204, #7208, .T. ) ;
#4167 = FACE_OUTER_BOUND ( 'NONE', #4268, .T. ) ;
#4168 = EDGE_CURVE ( 'NONE', #6089, #6731, #1102, .T. ) ;
#4169 = PLANE ( 'NONE',  #1981 ) ;
#4170 = DIRECTION ( 'NONE',  ( 0.000000000000000000, 0.000000000000000000, -1.000000000000000000 ) ) ;
#4171 = LINE ( 'NONE', #6243, #1873 ) ;
#4172 = PLANE ( 'NONE',  #3055 ) ;
#4173 = AXIS2_PLACEMENT_3D ( 'NONE', #5082, #8086, #3200 ) ;
#4174 = AXIS2_PLACEMENT_3D ( 'NONE', #3251, #6251, #9240 ) ;
#4175 = ORIENTED_EDGE ( 'NONE', *, *, #3179, .F. ) ;
#4176 = DIRECTION ( 'NONE',  ( 1.000000000000000000, 0.000000000000000000, -3.227392513445223895E-15 ) ) ;
#4177 = ORIENTED_EDGE ( 'NONE', *, *, #1285, .F. ) ;
#4178 = CARTESIAN_POINT ( 'NONE',  ( -3.377632643771899978, 55.77353993566990198, 57.64235574244806060 ) ) ;
#4179 = ORIENTED_EDGE ( 'NONE', *, *, #4882, .F. ) ;
#4180 = EDGE_LOOP ( 'NONE', ( #3368, #4447 ) ) ;
#4181 = CIRCLE ( 'NONE', #9505, 4.099999999999999645 ) ;
#4182 = ADVANCED_FACE ( 'NONE', ( #1054 ), #4734, .T. ) ;
#4183 = FACE_OUTER_BOUND ( 'NONE', #9434, .T. ) ;
#4184 = CARTESIAN_POINT ( 'NONE',  ( 57.40000000000004832, 53.89042705671922562, 0.1159854610426550720 ) ) ;
#4185 = LINE ( 'NONE', #4130, #4208 ) ;
#4186 = EDGE_LOOP ( 'NONE', ( #4742, #7890, #3797, #9256 ) ) ;
#4187 = CIRCLE ( 'NONE', #1200, 9.999999999999994671 ) ;
#4188 = LINE ( 'NONE', #1974, #3428 ) ;
#4189 = PLANE ( 'NONE',  #4001 ) ;
#4190 = FACE_OUTER_BOUND ( 'NONE', #7458, .T. ) ;
#4191 = DIRECTION ( 'NONE',  ( 0.000000000000000000, 1.000000000000000000, 0.000000000000000000 ) ) ;
#4192 = CARTESIAN_POINT ( 'NONE',  ( -5.856933535191653384, 49.83704513215162990, 60.99758666566189902 ) ) ;
#4193 = DIRECTION ( 'NONE',  ( -0.000000000000000000, 1.000000000000000000, -0.000000000000000000 ) ) ;
#4194 = ORIENTED_EDGE ( 'NONE', *, *, #7111, .T. ) ;
#4195 = EDGE_LOOP ( 'NONE', ( #5057, #98 ) ) ;
#4196 = CARTESIAN_POINT ( 'NONE',  ( 44.86592526628629685, 56.16173140978202127, -39.13836033867555386 ) ) ;
#4197 = LINE ( 'NONE', #4007, #4145 ) ;
#4198 = EDGE_CURVE ( 'NONE', #4158, #2932, #8527, .T. ) ;
#4199 = DIRECTION ( 'NONE',  ( 0.000000000000000000, -0.000000000000000000, 1.000000000000000000 ) ) ;
#4200 = AXIS2_PLACEMENT_3D ( 'NONE', #986, #1781, #7045 ) ;
#4201 = EDGE_CURVE ( 'NONE', #3183, #4371, #4197, .T. ) ;
#4202 = DIRECTION ( 'NONE',  ( 0.000000000000000000, -1.000000000000000000, 0.000000000000000000 ) ) ;
#4203 = CARTESIAN_POINT ( 'NONE',  ( 11.67002566352180004, 1.500000000000001332, 28.37734619600018249 ) ) ;
#4204 = EDGE_CURVE ( 'NONE', #63, #1117, #7157, .T. ) ;
#4205 = LINE ( 'NONE', #9610, #8456 ) ;
#4206 = CARTESIAN_POINT ( 'NONE',  ( -45.53767670841317994, 53.82346281956404255, 45.53767670841413917 ) ) ;
#4207 = CARTESIAN_POINT ( 'NONE',  ( -52.67945519839779678, 58.49999999999999289, -52.67945519839778257 ) ) ;
#4208 = VECTOR ( 'NONE', #5705, 1000.000000000000000 ) ;
#4209 = EDGE_LOOP ( 'NONE', ( #6425, #6155, #251, #3571 ) ) ;
#4210 = ORIENTED_EDGE ( 'NONE', *, *, #7736, .T. ) ;
#4211 = ORIENTED_EDGE ( 'NONE', *, *, #4523, .T. ) ;
#4212 = CARTESIAN_POINT ( 'NONE',  ( 64.06765912808940300, 45.50652189090095590, 10.82675308816157411 ) ) ;
#4213 = VERTEX_POINT ( 'NONE', #4056 ) ;
#4214 = VERTEX_POINT ( 'NONE', #7058 ) ;
#4215 = DIRECTION ( 'NONE',  ( 0.7071067811865550112, -0.000000000000000000, 0.7071067811865400232 ) ) ;
#4216 = AXIS2_PLACEMENT_3D ( 'NONE', #7408, #8875, #5828 ) ;
#4217 = CARTESIAN_POINT ( 'NONE',  ( -5.614001360319299749, 52.09315203205074596, 79.80376698213197528 ) ) ;
#4218 = CARTESIAN_POINT ( 'NONE',  ( 10.47722557504451224, 45.83932656164265040, -64.07814946534381306 ) ) ;
#4219 = DIRECTION ( 'NONE',  ( 0.7071067811865475727, 0.000000000000000000, 0.7071067811865475727 ) ) ;
#4220 = CARTESIAN_POINT ( 'NONE',  ( 64.06574809199082665, 46.25743379530680244, -10.03402575879565894 ) ) ;
#4221 = CARTESIAN_POINT ( 'NONE',  ( 48.40145917221918381, 52.90000000000000568, 42.67389424460813530 ) ) ;
#4222 = B_SPLINE_CURVE_WITH_KNOTS ( 'NONE', 3,
 ( #455, #3456, #6451, #9488, #2709, #6550, #4969, #7972, #1235, #7247, #3502, #6494, #2761, #8021, #1622, #8168, #6642, #9049, #5170, #3049, #6789, #5312 ),
 .UNSPECIFIED., .F., .F.,
 ( 4, 2, 2, 2, 2, 2, 2, 2, 2, 2, 4 ),
 ( 0.01329990719472703628, 0.01496162293009111258, 0.01662333866545519234, 0.01745419653313722702, 0.01828505440081926864, 0.01994677013618334840, 0.02160848587154742817, 0.02243934373922947673, 0.02327020160691152181, 0.02493191734227562933, 0.02659363307763973339 ),
 .UNSPECIFIED. ) ;
#4223 = VERTEX_POINT ( 'NONE', #321 ) ;
#4224 = CARTESIAN_POINT ( 'NONE',  ( -3.470779219583164175E-13, 58.49999999999999289, -64.40000000000000568 ) ) ;
#4225 = ORIENTED_EDGE ( 'NONE', *, *, #3023, .F. ) ;
#4226 = DIRECTION ( 'NONE',  ( -0.7071067811865400232, 0.000000000000000000, 0.7071067811865551223 ) ) ;
#4227 = ORIENTED_EDGE ( 'NONE', *, *, #2544, .T. ) ;
#4228 = EDGE_CURVE ( 'NONE', #4269, #9009, #5914, .T. ) ;
#4229 = ORIENTED_EDGE ( 'NONE', *, *, #5584, .F. ) ;
#4230 = AXIS2_PLACEMENT_3D ( 'NONE', #7883, #7791, #4100 ) ;
#4231 = EDGE_CURVE ( 'NONE', #8898, #4269, #6710, .T. ) ;
#4232 = PLANE ( 'NONE',  #6141 ) ;
#4233 = DIRECTION ( 'NONE',  ( -0.7071067811865500152, 3.384826294588892728E-15, -0.7071067811865449082 ) ) ;
#4234 = CARTESIAN_POINT ( 'NONE',  ( -64.40000000000003411, 59.13835726674228255, 4.050000000000231637 ) ) ;
#4235 = ORIENTED_EDGE ( 'NONE', *, *, #1040, .T. ) ;
#4236 = CARTESIAN_POINT ( 'NONE',  ( -51.23297296429117864, 54.00475054735974112, -61.44270781516962643 ) ) ;
#4237 = FACE_BOUND ( 'NONE', #5122, .T. ) ;
#4238 = DIRECTION ( 'NONE',  ( 0.000000000000000000, 0.000000000000000000, 1.000000000000000000 ) ) ;
#4239 = CARTESIAN_POINT ( 'NONE',  ( -60.89603895534785494, 64.15750124651324882, -51.88268607057972304 ) ) ;
#4240 = CARTESIAN_POINT ( 'NONE',  ( -64.39999999999999147, 58.49999999999995737, 5.701467076235642709E-13 ) ) ;
#4241 = AXIS2_PLACEMENT_3D ( 'NONE', #5144, #8148, #8095 ) ;
#4242 = VECTOR ( 'NONE', #1482, 1000.000000000000114 ) ;
#4244 = DIRECTION ( 'NONE',  ( -0.7071067811865500152, 0.000000000000000000, -0.7071067811865449082 ) ) ;
#4243 = CARTESIAN_POINT ( 'NONE',  ( -64.40000000000004832, 63.17653718043602140, 2.200586528512667334E-13 ) ) ;
#4245 = ORIENTED_EDGE ( 'NONE', *, *, #317, .T. ) ;
#4246 = VERTEX_POINT ( 'NONE', #4438 ) ;
#4247 = DIRECTION ( 'NONE',  ( -1.776356839400250465E-15, 0.000000000000000000, -1.000000000000000000 ) ) ;
#4248 = DIRECTION ( 'NONE',  ( 1.000000000000000000, 0.000000000000000000, -3.854941057726231589E-15 ) ) ;
#4249 = VECTOR ( 'NONE', #6477, 1000.000000000000114 ) ;
#4250 = CARTESIAN_POINT ( 'NONE',  ( 60.36806642904155495, 49.98058182672757255, -5.646478818415253897 ) ) ;
#4251 = CARTESIAN_POINT ( 'NONE',  ( -57.87106957281842057, 51.97812011110438135, -3.676149320369455964 ) ) ;
#4252 = DIRECTION ( 'NONE',  ( 1.015447888376667621E-14, 0.000000000000000000, 1.000000000000000000 ) ) ;
#4253 = CARTESIAN_POINT ( 'NONE',  ( -18.89587269351087429, 65.00000000000000000, 51.65216350890474217 ) ) ;
#4254 = DIRECTION ( 'NONE',  ( 0.000000000000000000, 0.000000000000000000, 1.000000000000000000 ) ) ;
#4255 = ORIENTED_EDGE ( 'NONE', *, *, #2186, .F. ) ;
#4256 = ORIENTED_EDGE ( 'NONE', *, *, #8529, .T. ) ;
#4257 = CARTESIAN_POINT ( 'NONE',  ( 3.258135161444047689, 50.63461777378601170, -79.93485613733226103 ) ) ;
#4258 = VERTEX_POINT ( 'NONE', #1344 ) ;
#4259 = EDGE_LOOP ( 'NONE', ( #4162, #1774, #4802, #8680, #2087, #1114, #7849, #992, #4820 ) ) ;
#4260 = ADVANCED_FACE ( 'NONE', ( #564 ), #6654, .T. ) ;
#4261 = CARTESIAN_POINT ( 'NONE',  ( 57.40000000000006963, 50.00000000000000000, 5.477225575050525208 ) ) ;
#4262 = EDGE_CURVE ( 'NONE', #2623, #5212, #5903, .T. ) ;
#4263 = CARTESIAN_POINT ( 'NONE',  ( 57.40000000000006963, 50.00000000000000000, 5.477225575050525208 ) ) ;
#4264 = DIRECTION ( 'NONE',  ( 0.000000000000000000, 0.000000000000000000, -1.000000000000000000 ) ) ;
#4265 = DIRECTION ( 'NONE',  ( -2.967535009851174102E-15, 0.5000000000000018874, -0.8660254037844375974 ) ) ;
#4266 = DIRECTION ( 'NONE',  ( -0.8660254037844380415, -0.5000000000000009992, 5.991246546128623602E-15 ) ) ;
#4267 = LINE ( 'NONE', #8792, #7143 ) ;
#4268 = EDGE_LOOP ( 'NONE', ( #1440, #4641 ) ) ;
#4269 = VERTEX_POINT ( 'NONE', #5822 ) ;
#4270 = CARTESIAN_POINT ( 'NONE',  ( 74.50000000000002842, 58.49999999999999289, 4.099999999999862865 ) ) ;
#4271 = ORIENTED_EDGE ( 'NONE', *, *, #7817, .T. ) ;
#4272 = ORIENTED_EDGE ( 'NONE', *, *, #2613, .F. ) ;
#4273 = B_SPLINE_CURVE_WITH_KNOTS ( 'NONE', 3,
 ( #4116, #3394, #528, #4951, #386, #8643 ),
 .UNSPECIFIED., .F., .F.,
 ( 4, 2, 4 ),
 ( 0.008468771876873809612, 0.009074238235734912589, 0.009679704594596017300 ),
 .UNSPECIFIED. ) ;
#4274 = DIRECTION ( 'NONE',  ( -0.7071067811865399122, -0.000000000000000000, 0.7071067811865551223 ) ) ;
#4275 = DIRECTION ( 'NONE',  ( -3.384826294588892334E-15, 0.000000000000000000, -1.000000000000000000 ) ) ;
#4276 = CARTESIAN_POINT ( 'NONE',  ( -7.432880542165980486, 62.63505595538028103, 79.65411691608377964 ) ) ;
#4277 = ORIENTED_EDGE ( 'NONE', *, *, #2611, .F. ) ;
#4278 = DIRECTION ( 'NONE',  ( 1.000000000000000000, -0.000000000000000000, -1.776356839400250465E-15 ) ) ;
#4279 = ORIENTED_EDGE ( 'NONE', *, *, #4585, .T. ) ;
#4280 = DIRECTION ( 'NONE',  ( -3.384826294588892334E-15, 0.000000000000000000, -1.000000000000000000 ) ) ;
#4281 = DIRECTION ( 'NONE',  ( -0.000000000000000000, -1.000000000000000000, -0.000000000000000000 ) ) ;
#4282 = CARTESIAN_POINT ( 'NONE',  ( -61.91921060147314648, 61.53346678176448137, -50.65648157573777866 ) ) ;
#4283 = DIRECTION ( 'NONE',  ( 5.329070518200752183E-15, 0.000000000000000000, 1.000000000000000000 ) ) ;
#4284 = ADVANCED_FACE ( 'NONE', ( #7305 ), #7446, .F. ) ;
#4285 = EDGE_CURVE ( 'NONE', #962, #1258, #5424, .T. ) ;
#4287 = CARTESIAN_POINT ( 'NONE',  ( 0.000000000000000000, 30.90000000000000213, 0.000000000000000000 ) ) ;
#4286 = CARTESIAN_POINT ( 'NONE',  ( -54.98756090968452526, 50.28650355091357937, 58.10713432955819968 ) ) ;
#4288 = EDGE_LOOP ( 'NONE', ( #1486, #6966, #2364, #4409, #6222, #1623 ) ) ;
#4289 = ORIENTED_EDGE ( 'NONE', *, *, #700, .F. ) ;
#4290 = CARTESIAN_POINT ( 'NONE',  ( 27.74454884646939945, 14.70000000000000462, 63.38126610706812158 ) ) ;
#4291 = CARTESIAN_POINT ( 'NONE',  ( 8.499999999999598543, 58.49999999999999289, -74.50000000000004263 ) ) ;
#4292 = EDGE_CURVE ( 'NONE', #4847, #9730, #1247, .T. ) ;
#4293 = CARTESIAN_POINT ( 'NONE',  ( 60.10734905892928737, 50.05142433307082683, -5.576861474476358715 ) ) ;
#4294 = CARTESIAN_POINT ( 'NONE',  ( -59.86320225037705711, 50.14630465282282756, -5.483592419850743305 ) ) ;
#4295 = CARTESIAN_POINT ( 'NONE',  ( -48.40145917221872907, 52.90000000000000568, 42.67389424460865399 ) ) ;
#4296 = EDGE_CURVE ( 'NONE', #7497, #7999, #2582, .T. ) ;
#4297 = CARTESIAN_POINT ( 'NONE',  ( 61.02300981348520992, 63.90242218789503426, -51.73226785401420358 ) ) ;
#4298 = CARTESIAN_POINT ( 'NONE',  ( -4.009015341921439763E-13, 58.49999999999999289, -74.50000000000000000 ) ) ;
#4299 = AXIS2_PLACEMENT_3D ( 'NONE', #8028, #8913, #1439 ) ;
#4300 = CIRCLE ( 'NONE', #539, 9.999999999999994671 ) ;
#4301 = ORIENTED_EDGE ( 'NONE', *, *, #9391, .T. ) ;
#4302 = EDGE_LOOP ( 'NONE', ( #783, #7270, #1599 ) ) ;
#4303 = CARTESIAN_POINT ( 'NONE',  ( 63.76239282687333798, 47.47313623487129775, 8.706965749413255296 ) ) ;
#4304 = ORIENTED_EDGE ( 'NONE', *, *, #1685, .T. ) ;
#4305 = ORIENTED_EDGE ( 'NONE', *, *, #261, .T. ) ;
#4306 = CIRCLE ( 'NONE', #2116, 9.999999999999994671 ) ;
#4307 = AXIS2_PLACEMENT_3D ( 'NONE', #2598, #6926, #5604 ) ;
#4308 = VECTOR ( 'NONE', #3198, 1000.000000000000000 ) ;
#4309 = CARTESIAN_POINT ( 'NONE',  ( -64.40000000000006253, 60.83826859021803557, -4.049999999999768008 ) ) ;
#4310 = DIRECTION ( 'NONE',  ( 0.000000000000000000, 1.000000000000000000, 0.000000000000000000 ) ) ;
#4311 = CARTESIAN_POINT ( 'NONE',  ( 9.181544413650044589E-13, 58.49999999999999289, 64.39999999999999147 ) ) ;
#4312 = CARTESIAN_POINT ( 'NONE',  ( 60.82975671427796271, 49.87967622798718992, -5.790637793666469690 ) ) ;
#4313 = LINE ( 'NONE', #5206, #3842 ) ;
#4314 = EDGE_CURVE ( 'NONE', #8541, #1612, #3659, .T. ) ;
#4315 = ORIENTED_EDGE ( 'NONE', *, *, #2158, .F. ) ;
#4316 = AXIS2_PLACEMENT_3D ( 'NONE', #6129, #1605, #8480 ) ;
#4317 = EDGE_LOOP ( 'NONE', ( #3862, #3919, #1686, #3847, #8315, #1646 ) ) ;
#4318 = VECTOR ( 'NONE', #8361, 1000.000000000000000 ) ;
#4319 = LINE ( 'NONE', #4372, #1735 ) ;
#4320 = ORIENTED_EDGE ( 'NONE', *, *, #7904, .F. ) ;
#4321 = ORIENTED_EDGE ( 'NONE', *, *, #2480, .F. ) ;
#4322 = ADVANCED_FACE ( 'NONE', ( #4393 ), #3715, .T. ) ;
#4323 = B_SPLINE_CURVE_WITH_KNOTS ( 'NONE', 3,
 ( #9474, #5005, #8009, #1272, #9085, #4605, #3182, #3878, #1613, #5350, #8993, #187 ),
 .UNSPECIFIED., .F., .F.,
 ( 4, 2, 2, 2, 2, 4 ),
 ( 0.02659362627030693177, 0.02843711113902627416, 0.03028059600774562002, 0.03120233844210529295, 0.03212408087646496935, 0.03396756574518428051 ),
 .UNSPECIFIED. ) ;
#4324 = EDGE_CURVE ( 'NONE', #2708, #6196, #4347, .T. ) ;
#4325 = AXIS2_PLACEMENT_3D ( 'NONE', #6910, #2344, #2438 ) ;
#4326 = CARTESIAN_POINT ( 'NONE',  ( -64.39999999999999147, 58.49999999999995737, 5.701467076235642709E-13 ) ) ;
#4327 = AXIS2_PLACEMENT_3D ( 'NONE', #4688, #8338, #3773 ) ;
#4328 = FACE_OUTER_BOUND ( 'NONE', #4798, .T. ) ;
#4329 = DIRECTION ( 'NONE',  ( 0.000000000000000000, 1.000000000000000000, 0.000000000000000000 ) ) ;
#4330 = CARTESIAN_POINT ( 'NONE',  ( 48.40145917221918381, 52.90000000000000568, 42.67389424460813530 ) ) ;
#4331 = ADVANCED_FACE ( 'NONE', ( #2866 ), #6045, .F. ) ;
#4332 = VERTEX_POINT ( 'NONE', #2819 ) ;
#4333 = CARTESIAN_POINT ( 'NONE',  ( -54.03378178629652950, 50.75271134841784715, -58.99505736422196378 ) ) ;
#4334 = ORIENTED_EDGE ( 'NONE', *, *, #5311, .F. ) ;
#4335 = AXIS2_PLACEMENT_3D ( 'NONE', #1619, #8403, #6292 ) ;
#4336 = DIRECTION ( 'NONE',  ( -0.6123724356958025750, 0.4999999999999958367, -0.6123724356957898074 ) ) ;
#4337 = PLANE ( 'NONE',  #8400 ) ;
#4338 = DIRECTION ( 'NONE',  ( -0.000000000000000000, 1.000000000000000000, -0.000000000000000000 ) ) ;
#4339 = VECTOR ( 'NONE', #4310, 1000.000000000000000 ) ;
#4340 = ADVANCED_FACE ( 'NONE', ( #9655 ), #5134, .F. ) ;
#4342 = CARTESIAN_POINT ( 'NONE',  ( 79.74660123940635970, 64.15750124651323461, -6.373402946047009188 ) ) ;
#4341 = CARTESIAN_POINT ( 'NONE',  ( 0.000000000000000000, 65.00000000000000000, 25.00000000000000000 ) ) ;
#4343 = ORIENTED_EDGE ( 'NONE', *, *, #8853, .F. ) ;
#4344 = EDGE_CURVE ( 'NONE', #233, #4848, #6832, .T. ) ;
#4345 = ORIENTED_EDGE ( 'NONE', *, *, #8796, .T. ) ;
#4346 = CARTESIAN_POINT ( 'NONE',  ( -11.35032770630495058, 45.00000000000000711, 64.00132858745578801 ) ) ;
#4347 = LINE ( 'NONE', #2035, #8554 ) ;
#4348 = EDGE_CURVE ( 'NONE', #8542, #8463, #5886, .T. ) ;
#4349 = EDGE_CURVE ( 'NONE', #5752, #1837, #8035, .T. ) ;
#4350 = LINE ( 'NONE', #9558, #1793 ) ;
#4351 = EDGE_CURVE ( 'NONE', #8684, #4112, #3514, .T. ) ;
#4352 = CARTESIAN_POINT ( 'NONE',  ( 50.75483598778591698, 61.80518412238959058, 61.83820530593472142 ) ) ;
#4353 = CARTESIAN_POINT ( 'NONE',  ( 52.67945519839760493, 65.00000000000000000, -52.67945519839797441 ) ) ;
#4354 = CARTESIAN_POINT ( 'NONE',  ( 62.09010216162518958, 60.63407945469483451, -50.44624506040129575 ) ) ;
#4355 = CARTESIAN_POINT ( 'NONE',  ( -57.40000000000004832, 53.86810544861018002, 0.07732330169157522470 ) ) ;
#4356 = ORIENTED_EDGE ( 'NONE', *, *, #601, .F. ) ;
#4357 = ORIENTED_EDGE ( 'NONE', *, *, #4400, .F. ) ;
#4358 = CARTESIAN_POINT ( 'NONE',  ( 62.24825402202031910, 59.11406220203831907, 50.25093031185872405 ) ) ;
#4359 = ORIENTED_EDGE ( 'NONE', *, *, #7478, .F. ) ;
#4360 = PLANE ( 'NONE',  #407 ) ;
#4361 = VERTEX_POINT ( 'NONE', #8775 ) ;
#4362 = CARTESIAN_POINT ( 'NONE',  ( 50.57781030786192389, 55.75847419433516450, 61.98331069705204754 ) ) ;
#4363 = CARTESIAN_POINT ( 'NONE',  ( 8.500000000000916600, 58.49999999999999289, 74.49999999999988631 ) ) ;
#4364 = CARTESIAN_POINT ( 'NONE',  ( -42.67389424460763081, 52.90000000000000568, 48.40145917221963145 ) ) ;
#4365 = VECTOR ( 'NONE', #2505, 1000.000000000000114 ) ;
#4366 = CARTESIAN_POINT ( 'NONE',  ( 9.181544413650044589E-13, 58.49999999999999289, 64.39999999999999147 ) ) ;
#4367 = CARTESIAN_POINT ( 'NONE',  ( -79.59262195794082118, 55.76139180653833449, -8.066005663180291663 ) ) ;
#4368 = CARTESIAN_POINT ( 'NONE',  ( 62.18507848280685835, 49.32494599099502608, -6.546592828191893254 ) ) ;
#4369 = DIRECTION ( 'NONE',  ( 0.000000000000000000, 1.000000000000000000, -0.000000000000000000 ) ) ;
#4370 = ORIENTED_EDGE ( 'NONE', *, *, #8532, .F. ) ;
#4371 = VERTEX_POINT ( 'NONE', #2966 ) ;
#4372 = CARTESIAN_POINT ( 'NONE',  ( -54.57595881954114958, 56.16173140978201417, -48.84839389193012238 ) ) ;
#4373 = ORIENTED_EDGE ( 'NONE', *, *, #7397, .F. ) ;
#4374 = ORIENTED_EDGE ( 'NONE', *, *, #1009, .F. ) ;
#4375 = AXIS2_PLACEMENT_3D ( 'NONE', #8452, #9047, #3885 ) ;
#4376 = CARTESIAN_POINT ( 'NONE',  ( 79.74649260925750127, 64.15605084518146839, 6.374788456681703686 ) ) ;
#4377 = DIRECTION ( 'NONE',  ( 0.000000000000000000, 0.000000000000000000, -1.000000000000000000 ) ) ;
#4378 = CARTESIAN_POINT ( 'NONE',  ( 64.40000000000000568, 58.49999999999999289, -1.180056052874078735E-13 ) ) ;
#4379 = CARTESIAN_POINT ( 'NONE',  ( -35.00000000000000000, 65.00000000000000000, -4.177332116314161681 ) ) ;
#4380 = VECTOR ( 'NONE', #3142, 1000.000000000000114 ) ;
#4381 = ADVANCED_FACE ( 'NONE', ( #9705 ), #8969, .F. ) ;
#4382 = CARTESIAN_POINT ( 'NONE',  ( -58.82759037732834173, 50.63540316567587496, -54.21725793307061991 ) ) ;
#4383 = ADVANCED_FACE ( 'NONE', ( #8548 ), #4853, .F. ) ;
#4384 = ORIENTED_EDGE ( 'NONE', *, *, #3203, .F. ) ;
#4385 = CARTESIAN_POINT ( 'NONE',  ( -48.40145917221872907, 56.16173140978199996, 42.67389424460864689 ) ) ;
#4386 = CARTESIAN_POINT ( 'NONE',  ( 58.34547999396779261, 51.27224245364389787, 4.374024326020976794 ) ) ;
#4387 = DIRECTION ( 'NONE',  ( -3.552713678800500929E-15, 0.000000000000000000, -1.000000000000000000 ) ) ;
#4389 = CARTESIAN_POINT ( 'NONE',  ( -72.03327283503138290, 64.00000071709243343, -29.92011830026050845 ) ) ;
#4388 = FACE_OUTER_BOUND ( 'NONE', #5428, .T. ) ;
#4390 = ORIENTED_EDGE ( 'NONE', *, *, #8714, .F. ) ;
#4391 = ORIENTED_EDGE ( 'NONE', *, *, #6891, .F. ) ;
#4392 = DIRECTION ( 'NONE',  ( 0.7071067811865475727, 0.000000000000000000, 0.7071067811865475727 ) ) ;
#4393 = FACE_OUTER_BOUND ( 'NONE', #3011, .T. ) ;
#4394 = CARTESIAN_POINT ( 'NONE',  ( -42.67389424460814951, 52.90000000000000568, -48.40145917221916960 ) ) ;
#4395 = VECTOR ( 'NONE', #2776, 1000.000000000000000 ) ;
#4396 = CARTESIAN_POINT ( 'NONE',  ( 57.40000000000004832, 53.89042705671922562, -0.1159854610430725158 ) ) ;
#4397 = CARTESIAN_POINT ( 'NONE',  ( 22.33148591051282850, 1.500000000000001332, -61.04346596506924527 ) ) ;
#4398 = CARTESIAN_POINT ( 'NONE',  ( 0.000000000000000000, 65.00000000000000000, 0.000000000000000000 ) ) ;
#4399 = CARTESIAN_POINT ( 'NONE',  ( 3.823429064337879435, 49.93198985063454387, -60.73807584392441328 ) ) ;
#4400 = EDGE_CURVE ( 'NONE', #2093, #5198, #6903, .T. ) ;
#4401 = CIRCLE ( 'NONE', #167, 4.099999999999999645 ) ;
#4402 = CARTESIAN_POINT ( 'NONE',  ( 66.98126610706803774, -35.59999999999999432, -29.89454884646962896 ) ) ;
#4403 = EDGE_LOOP ( 'NONE', ( #6581, #3522 ) ) ;
#4404 = VECTOR ( 'NONE', #7026, 1000.000000000000000 ) ;
#4405 = EDGE_LOOP ( 'NONE', ( #8421, #4003, #6271, #8042, #4814, #3974, #8652, #9382 ) ) ;
#4406 = CARTESIAN_POINT ( 'NONE',  ( 2.736034861890458636, 50.44757222582721568, -79.95364356832659780 ) ) ;
#4407 = ORIENTED_EDGE ( 'NONE', *, *, #5677, .F. ) ;
#4408 = LINE ( 'NONE', #4451, #6061 ) ;
#4409 = ORIENTED_EDGE ( 'NONE', *, *, #1851, .T. ) ;
#4410 = CARTESIAN_POINT ( 'NONE',  ( 51.46741631746861856, 53.54897383806826383, 61.24646232008657165 ) ) ;
#4411 = VECTOR ( 'NONE', #3882, 1000.000000000000000 ) ;
#4412 = CARTESIAN_POINT ( 'NONE',  ( -63.92857743001253823, 46.99757593165934111, 9.232515093056354871 ) ) ;
#4413 = CARTESIAN_POINT ( 'NONE',  ( -79.92345863297519770, 50.75271134841785425, -3.508151604485578723 ) ) ;
#4414 = DIRECTION ( 'NONE',  ( -5.329070518200751394E-15, 0.000000000000000000, -1.000000000000000000 ) ) ;
#4415 = CARTESIAN_POINT ( 'NONE',  ( 4.177332116314186550, 30.90000000000000213, 35.00000000000000000 ) ) ;
#4416 = ORIENTED_EDGE ( 'NONE', *, *, #7431, .F. ) ;
#4417 = ORIENTED_EDGE ( 'NONE', *, *, #504, .T. ) ;
#4418 = CARTESIAN_POINT ( 'NONE',  ( -64.40000000000004832, 62.32658151869642893, -1.472166390313564444 ) ) ;
#4419 = ORIENTED_EDGE ( 'NONE', *, *, #9030, .T. ) ;
#4420 = EDGE_LOOP ( 'NONE', ( #4513, #4078, #780, #4770, #968, #574 ) ) ;
#4421 = EDGE_CURVE ( 'NONE', #2587, #9248, #1671, .T. ) ;
#4422 = CARTESIAN_POINT ( 'NONE',  ( 45.53767670841367732, 58.49999999999999289, 45.53767670841364890 ) ) ;
#4423 = ADVANCED_FACE ( 'NONE', ( #4075, #2456 ), #339, .T. ) ;
#4424 = CARTESIAN_POINT ( 'NONE',  ( -79.58260508712915282, 60.95141844009417298, 8.162559440171634151 ) ) ;
#4425 = CARTESIAN_POINT ( 'NONE',  ( 57.64235574244778348, 61.22646006433002697, -3.377632643773158083 ) ) ;
#4426 = ADVANCED_FACE ( 'NONE', ( #7028 ), #7813, .F. ) ;
#4427 = DIRECTION ( 'NONE',  ( -1.000000000000000000, -0.000000000000000000, 8.826273045769994496E-15 ) ) ;
#4428 = VERTEX_POINT ( 'NONE', #1024 ) ;
#4429 = CARTESIAN_POINT ( 'NONE',  ( 64.40000000000006253, 56.16173140978204259, 4.049999999999767120 ) ) ;
#4430 = LINE ( 'NONE', #7439, #5423 ) ;
#4431 = FACE_OUTER_BOUND ( 'NONE', #4317, .T. ) ;
#4433 = CARTESIAN_POINT ( 'NONE',  ( 79.81227975693964538, 65.00000000000000000, -5.477225575051789974 ) ) ;
#4432 = FACE_OUTER_BOUND ( 'NONE', #5526, .T. ) ;
#4434 = VERTEX_POINT ( 'NONE', #8451 ) ;
#4435 = EDGE_CURVE ( 'NONE', #231, #5158, #7918, .T. ) ;
#4436 = ORIENTED_EDGE ( 'NONE', *, *, #6097, .T. ) ;
#4437 = LINE ( 'NONE', #661, #2498 ) ;
#4438 = CARTESIAN_POINT ( 'NONE',  ( -64.40000000000004832, 53.82346281956404255, 2.344465629617909551E-13 ) ) ;
#4439 = DIRECTION ( 'NONE',  ( 0.7071067811865474617, 0.000000000000000000, -0.7071067811865474617 ) ) ;
#4440 = ADVANCED_FACE ( 'NONE', ( #4028 ), #3345, .T. ) ;
#4441 = CARTESIAN_POINT ( 'NONE',  ( -60.36806642904178943, 49.98058182672756544, -5.646478818412526302 ) ) ;
#4442 = DIRECTION ( 'NONE',  ( 0.000000000000000000, 0.000000000000000000, 1.000000000000000000 ) ) ;
#4443 = CARTESIAN_POINT ( 'NONE',  ( -22.33148591051284271, 1.500000000000001332, -61.04346596506923817 ) ) ;
#4444 = CARTESIAN_POINT ( 'NONE',  ( 8.706963149431159010, 47.47313856652341002, 63.76239183405911604 ) ) ;
#4445 = CARTESIAN_POINT ( 'NONE',  ( -59.20152608713191711, 50.50377903797176060, 5.131829239182735591 ) ) ;
#4446 = VERTEX_POINT ( 'NONE', #3884 ) ;
#4447 = ORIENTED_EDGE ( 'NONE', *, *, #5021, .T. ) ;
#4448 = VECTOR ( 'NONE', #2775, 1000.000000000000000 ) ;
#4449 = CARTESIAN_POINT ( 'NONE',  ( 1.472166390311777873, 54.67341848130273263, -64.40000000000006253 ) ) ;
#4450 = VERTEX_POINT ( 'NONE', #3930 ) ;
#4451 = CARTESIAN_POINT ( 'NONE',  ( -64.40000000000006253, 60.83826859021803557, -4.049999999999768008 ) ) ;
#4452 = AXIS2_PLACEMENT_3D ( 'NONE', #7650, #175, #907 ) ;
#4453 = ORIENTED_EDGE ( 'NONE', *, *, #1520, .T. ) ;
#4454 = EDGE_CURVE ( 'NONE', #6182, #4562, #3056, .T. ) ;
#4455 = DIRECTION ( 'NONE',  ( -0.000000000000000000, 1.000000000000000000, -0.000000000000000000 ) ) ;
#4456 = VECTOR ( 'NONE', #5860, 1000.000000000000000 ) ;
#4457 =( LENGTH_UNIT ( ) NAMED_UNIT ( * ) SI_UNIT ( .MILLI., .METRE. ) );
#4458 = AXIS2_PLACEMENT_3D ( 'NONE', #8428, #6220, #9253 ) ;
#4459 = FACE_OUTER_BOUND ( 'NONE', #9378, .T. ) ;
#4460 = CARTESIAN_POINT ( 'NONE',  ( -79.83323233944868491, 51.74064454756921805, -5.183400369369845606 ) ) ;
#4461 = DIRECTION ( 'NONE',  ( -1.000000000000000000, 0.000000000000000000, 1.390105829006383446E-14 ) ) ;
#4462 = DIRECTION ( 'NONE',  ( 0.000000000000000000, 0.000000000000000000, 1.000000000000000000 ) ) ;
#4463 = ORIENTED_EDGE ( 'NONE', *, *, #5575, .T. ) ;
#4464 = ORIENTED_EDGE ( 'NONE', *, *, #504, .F. ) ;
#4465 = DIRECTION ( 'NONE',  ( -5.329070518200751394E-15, 0.000000000000000000, -1.000000000000000000 ) ) ;
#4466 = ADVANCED_FACE ( 'NONE', ( #1862 ), #2403, .F. ) ;
#4467 = VERTEX_POINT ( 'NONE', #292 ) ;
#4468 = ORIENTED_EDGE ( 'NONE', *, *, #5271, .F. ) ;
#4469 = AXIS2_PLACEMENT_3D ( 'NONE', #4311, #5748, #7226 ) ;
#4470 = AXIS2_PLACEMENT_3D ( 'NONE', #4872, #7877, #7145 ) ;
#4471 = EDGE_CURVE ( 'NONE', #8029, #622, #7454, .T. ) ;
#4472 = LINE ( 'NONE', #7480, #1587 ) ;
#4473 = ADVANCED_FACE ( 'NONE', ( #9280 ), #2547, .T. ) ;
#4474 = DIRECTION ( 'NONE',  ( -0.000000000000000000, -1.000000000000000000, -0.000000000000000000 ) ) ;
#4475 = DIRECTION ( 'NONE',  ( 0.000000000000000000, 0.000000000000000000, 1.000000000000000000 ) ) ;
#4476 = CIRCLE ( 'NONE', #1960, 3.600000000000005862 ) ;
#4477 = AXIS2_PLACEMENT_3D ( 'NONE', #944, #7499, #3111 ) ;
#4478 = CARTESIAN_POINT ( 'NONE',  ( 57.39999999999317737, 50.49377873550225360, -3.865463758377944536 ) ) ;
#4479 = ORIENTED_EDGE ( 'NONE', *, *, #8770, .F. ) ;
#4480 = LINE ( 'NONE', #7488, #2594 ) ;
#4481 = VECTOR ( 'NONE', #5414, 1000.000000000000000 ) ;
#4482 = CARTESIAN_POINT ( 'NONE',  ( -45.53767670841366311, 53.82346281956402123, -45.53767670841366311 ) ) ;
#4483 = VECTOR ( 'NONE', #4336, 1000.000000000000114 ) ;
#4484 = FACE_OUTER_BOUND ( 'NONE', #6140, .T. ) ;
#4486 = CYLINDRICAL_SURFACE ( 'NONE', #2109, 8.500000000000000000 ) ;
#4485 = CARTESIAN_POINT ( 'NONE',  ( -61.53446826385787460, 54.24265682735146044, 51.12266326407422667 ) ) ;
#4487 = ORIENTED_EDGE ( 'NONE', *, *, #3848, .F. ) ;
#4488 = AXIS2_PLACEMENT_3D ( 'NONE', #2949, #6143, #1766 ) ;
#4489 = VECTOR ( 'NONE', #9718, 1000.000000000000000 ) ;
#4490 = ORIENTED_EDGE ( 'NONE', *, *, #8625, .F. ) ;
#4491 = LINE ( 'NONE', #8279, #7766 ) ;
#4492 = LINE ( 'NONE', #3763, #5715 ) ;
#4493 = DIRECTION ( 'NONE',  ( 0.000000000000000000, 1.000000000000000000, 0.000000000000000000 ) ) ;
#4494 = CARTESIAN_POINT ( 'NONE',  ( -63.65680342856502705, 47.70458152418200370, -8.447970920605609280 ) ) ;
#4495 = PLANE ( 'NONE',  #8274 ) ;
#4496 = DIRECTION ( 'NONE',  ( 0.8660254037844375974, 0.5000000000000018874, -5.991246546128627547E-15 ) ) ;
#4497 = CARTESIAN_POINT ( 'NONE',  ( -61.37322673622804814, 63.16632374874971134, 51.31620694107078151 ) ) ;
#4498 = EDGE_CURVE ( 'NONE', #4730, #2716, #8599, .T. ) ;
#4499 = ORIENTED_EDGE ( 'NONE', *, *, #2262, .F. ) ;
#4500 = VECTOR ( 'NONE', #2971, 1000.000000000000114 ) ;
#4501 = ORIENTED_EDGE ( 'NONE', *, *, #6127, .T. ) ;
#4502 = DIRECTION ( 'NONE',  ( 0.000000000000000000, 0.000000000000000000, -1.000000000000000000 ) ) ;
#4503 = ADVANCED_FACE ( 'NONE', ( #9134 ), #5399, .F. ) ;
#4504 = DIRECTION ( 'NONE',  ( 1.000000000000000000, 0.000000000000000000, -3.854941057726231589E-15 ) ) ;
#4505 = CARTESIAN_POINT ( 'NONE',  ( 59.16757798887932296, 50.87365499787492240, 53.84475836717582098 ) ) ;
#4506 =( BOUNDED_CURVE ( )  B_SPLINE_CURVE ( 3, ( #4939, #428, #3382, #3520 ),
 .UNSPECIFIED., .F., .F. ) 
 B_SPLINE_CURVE_WITH_KNOTS ( ( 4, 4 ),
 ( 4.712388980384697668, 5.315284218580000442 ),
 .UNSPECIFIED. ) 
 CURVE ( )  GEOMETRIC_REPRESENTATION_ITEM ( )  RATIONAL_B_SPLINE_CURVE ( ( 1.000000000000000000, 0.9699384583854777642, 0.9699384583854777642, 1.000000000000000000 ) ) 
 REPRESENTATION_ITEM ( '' )  );
#4507 = APPLICATION_PROTOCOL_DEFINITION ( 'draft international standard', 'automotive_design', 1998, #2029 ) ;
#4508 = EDGE_CURVE ( 'NONE', #9341, #1725, #3210, .T. ) ;
#4509 = CARTESIAN_POINT ( 'NONE',  ( -64.40000000000004832, 9.672827050956818619E-28, 2.211280286727785861E-13 ) ) ;
#4510 = CARTESIAN_POINT ( 'NONE',  ( -79.95486314680239559, 50.43308564567246322, -2.735932989660562864 ) ) ;
#4511 = DIRECTION ( 'NONE',  ( 0.000000000000000000, 0.000000000000000000, 1.000000000000000000 ) ) ;
#4512 = DIRECTION ( 'NONE',  ( 1.000000000000000000, -0.000000000000000000, -1.776356839400250465E-15 ) ) ;
#4513 = ORIENTED_EDGE ( 'NONE', *, *, #4794, .F. ) ;
#4514 = ORIENTED_EDGE ( 'NONE', *, *, #2581, .T. ) ;
#4515 = ORIENTED_EDGE ( 'NONE', *, *, #8047, .F. ) ;
#4516 = CARTESIAN_POINT ( 'NONE',  ( -56.55243854460520225, 65.00000000000000000, -48.80647185219037709 ) ) ;
#4517 = ORIENTED_EDGE ( 'NONE', *, *, #2803, .T. ) ;
#4518 = ORIENTED_EDGE ( 'NONE', *, *, #6962, .F. ) ;
#4519 = FACE_BOUND ( 'NONE', #3560, .T. ) ;
#4520 = CARTESIAN_POINT ( 'NONE',  ( 59.07814946534384859, 65.00000000000000000, 10.47722557505051988 ) ) ;
#4521 = DIRECTION ( 'NONE',  ( 1.221245327087672194E-14, 0.000000000000000000, 1.000000000000000000 ) ) ;
#4522 = CARTESIAN_POINT ( 'NONE',  ( 57.40000000000004121, 62.14776746691583043, -1.781881413105229628 ) ) ;
#4523 = EDGE_CURVE ( 'NONE', #5208, #6196, #9651, .T. ) ;
#4524 = CARTESIAN_POINT ( 'NONE',  ( -66.98126610706783879, 0.000000000000000000, 27.74454884647009933 ) ) ;
#4525 = VECTOR ( 'NONE', #6640, 1000.000000000000000 ) ;
#4526 = ORIENTED_EDGE ( 'NONE', *, *, #8801, .F. ) ;
#4527 = ORIENTED_EDGE ( 'NONE', *, *, #8920, .F. ) ;
#4528 = PLANE ( 'NONE',  #9338 ) ;
#4529 = CARTESIAN_POINT ( 'NONE',  ( 39.13836033867541175, 52.90000000000000568, 44.86592526628643185 ) ) ;
#4530 = CARTESIAN_POINT ( 'NONE',  ( -72.03327283503138290, 64.00000071709243343, -29.92011830026050845 ) ) ;
#4531 = CARTESIAN_POINT ( 'NONE',  ( -64.40000000000004832, 63.17653718043602140, 2.200586528512667334E-13 ) ) ;
#4532 = VECTOR ( 'NONE', #5778, 1000.000000000000000 ) ;
#4533 = DIRECTION ( 'NONE',  ( 0.000000000000000000, 1.000000000000000000, -0.000000000000000000 ) ) ;
#4534 = VERTEX_POINT ( 'NONE', #8689 ) ;
#4535 = ORIENTED_EDGE ( 'NONE', *, *, #9064, .T. ) ;
#4536 = LINE ( 'NONE', #9150, #4154 ) ;
#4537 = AXIS2_PLACEMENT_3D ( 'NONE', #4733, #7740, #999 ) ;
#4538 = LINE ( 'NONE', #7549, #8074 ) ;
#4539 = CARTESIAN_POINT ( 'NONE',  ( -60.82975683591013194, 49.87967620434613991, -5.790637834211907808 ) ) ;
#4540 = EDGE_CURVE ( 'NONE', #5949, #2609, #6534, .T. ) ;
#4541 = CARTESIAN_POINT ( 'NONE',  ( -4.050000000000456346, 56.16173140978203548, -64.40000000000001990 ) ) ;
#4542 = DIRECTION ( 'NONE',  ( 0.7071067811865450192, -0.000000000000000000, -0.7071067811865500152 ) ) ;
#4543 = EDGE_CURVE ( 'NONE', #2145, #7037, #5000, .T. ) ;
#4544 = CARTESIAN_POINT ( 'NONE',  ( -59.86319938987828948, 50.14630576955503471, 5.483591322064610196 ) ) ;
#4545 = EDGE_LOOP ( 'NONE', ( #9638, #533, #3920, #4357 ) ) ;
#4546 = ORIENTED_EDGE ( 'NONE', *, *, #9117, .T. ) ;
#4547 = FACE_OUTER_BOUND ( 'NONE', #3826, .T. ) ;
#4548 = DIRECTION ( 'NONE',  ( -0.7492693547207620597, 0.000000000000000000, 0.6622653803999820621 ) ) ;
#4549 = DIRECTION ( 'NONE',  ( -0.7071067811865474617, 0.000000000000000000, 0.7071067811865474617 ) ) ;
#4550 = DIRECTION ( 'NONE',  ( 0.7071067811865474617, 0.000000000000000000, -0.7071067811865474617 ) ) ;
#4551 = CARTESIAN_POINT ( 'NONE',  ( -4.049999999999180034, 56.16173140978204259, 58.10521046563271597 ) ) ;
#4552 = EDGE_CURVE ( 'NONE', #2863, #8288, #9330, .T. ) ;
#4553 = VECTOR ( 'NONE', #8057, 1000.000000000000114 ) ;
#4554 = CARTESIAN_POINT ( 'NONE',  ( 2.598160995413814511, 55.32351176966373885, 57.40000000000005542 ) ) ;
#4555 = DIRECTION ( 'NONE',  ( 8.163404592832035149E-15, 0.000000000000000000, 1.000000000000000000 ) ) ;
#4556 = DIRECTION ( 'NONE',  ( 1.000000000000000000, 0.000000000000000000, -1.776356839400250465E-15 ) ) ;
#4557 = CARTESIAN_POINT ( 'NONE',  ( 10.76966925505978878, 45.56123802080073659, -64.07172768543641439 ) ) ;
#4558 = VECTOR ( 'NONE', #6849, 1000.000000000000000 ) ;
#4559 = ORIENTED_EDGE ( 'NONE', *, *, #4122, .F. ) ;
#4560 = ORIENTED_EDGE ( 'NONE', *, *, #8054, .F. ) ;
#4561 = EDGE_CURVE ( 'NONE', #9714, #1996, #6664, .T. ) ;
#4562 = VERTEX_POINT ( 'NONE', #1167 ) ;
#4563 = DIRECTION ( 'NONE',  ( 0.000000000000000000, 1.000000000000000000, 0.000000000000000000 ) ) ;
#4564 = ORIENTED_EDGE ( 'NONE', *, *, #4876, .T. ) ;
#4565 = ORIENTED_EDGE ( 'NONE', *, *, #8108, .T. ) ;
#4566 = AXIS2_PLACEMENT_3D ( 'NONE', #9238, #5509, #1081 ) ;
#4567 = EDGE_CURVE ( 'NONE', #116, #1825, #5648, .T. ) ;
#4568 = PLANE ( 'NONE',  #1897 ) ;
#4569 = CARTESIAN_POINT ( 'NONE',  ( -4.050000000000456346, 60.83826859021802136, -64.40000000000001990 ) ) ;
#4570 = PLANE ( 'NONE',  #8153 ) ;
#4571 = CARTESIAN_POINT ( 'NONE',  ( 79.57009816837647520, 56.57014577954967649, -8.282658437357337533 ) ) ;
#4572 = DIRECTION ( 'NONE',  ( -0.000000000000000000, -1.000000000000000000, -0.000000000000000000 ) ) ;
#4573 = ORIENTED_EDGE ( 'NONE', *, *, #2662, .F. ) ;
#4574 = VERTEX_POINT ( 'NONE', #1954 ) ;
#4575 = DIRECTION ( 'NONE',  ( -0.6123724356957945814, 0.4999999999999998890, 0.6123724356957945814 ) ) ;
#4576 = ADVANCED_FACE ( 'NONE', ( #3534 ), #4117, .F. ) ;
#4577 = FACE_OUTER_BOUND ( 'NONE', #5477, .T. ) ;
#4578 = DIRECTION ( 'NONE',  ( 0.000000000000000000, 1.000000000000000000, 0.000000000000000000 ) ) ;
#4579 = CARTESIAN_POINT ( 'NONE',  ( -61.70312529200522533, 54.73451963194220582, 50.91897301524019070 ) ) ;
#4580 = ORIENTED_EDGE ( 'NONE', *, *, #6212, .F. ) ;
#4581 = ORIENTED_EDGE ( 'NONE', *, *, #5371, .T. ) ;
#4582 = DIRECTION ( 'NONE',  ( -5.329070518200751394E-15, 0.000000000000000000, -1.000000000000000000 ) ) ;
#4583 = EDGE_CURVE ( 'NONE', #3246, #786, #584, .T. ) ;
#4584 = CARTESIAN_POINT ( 'NONE',  ( -57.40000000000001279, 53.87717080524073765, 3.916439916194610404 ) ) ;
#4585 = EDGE_CURVE ( 'NONE', #7920, #7678, #6507, .T. ) ;
#4586 = CARTESIAN_POINT ( 'NONE',  ( -64.06574842077762355, 46.25743042576930719, -10.03402936529539247 ) ) ;
#4587 = CARTESIAN_POINT ( 'NONE',  ( -4.049999999999092104, 56.16173140978204259, 64.40000000000010516 ) ) ;
#4588 = CARTESIAN_POINT ( 'NONE',  ( -4.009015341921439763E-13, 58.49999999999999289, -74.50000000000000000 ) ) ;
#4589 = DIRECTION ( 'NONE',  ( -0.7071067811865500152, 0.000000000000000000, -0.7071067811865450192 ) ) ;
#4590 = ORIENTED_EDGE ( 'NONE', *, *, #6030, .F. ) ;
#4591 = EDGE_LOOP ( 'NONE', ( #8505, #4107, #2481 ) ) ;
#4592 = LINE ( 'NONE', #6907, #2362 ) ;
#4593 = CARTESIAN_POINT ( 'NONE',  ( 52.67945519839779678, 58.49999999999999289, 52.67945519839778257 ) ) ;
#4594 = LINE ( 'NONE', #6769, #4789 ) ;
#4595 = LINE ( 'NONE', #6128, #8416 ) ;
#4596 = EDGE_CURVE ( 'NONE', #8206, #5015, #8004, .T. ) ;
#4597 = LINE ( 'NONE', #3276, #3064 ) ;
#4598 = CARTESIAN_POINT ( 'NONE',  ( -5.576861474476149994, 50.05142433307084104, -60.10734905892935132 ) ) ;
#4599 = FACE_OUTER_BOUND ( 'NONE', #8742, .T. ) ;
#4600 = CARTESIAN_POINT ( 'NONE',  ( 64.40000000000000568, 58.49999999999999289, -1.180056052874078735E-13 ) ) ;
#4601 = EDGE_LOOP ( 'NONE', ( #6538, #3573, #6620 ) ) ;
#4602 = AXIS2_PLACEMENT_3D ( 'NONE', #1453, #8290, #7560 ) ;
#4603 = VERTEX_POINT ( 'NONE', #387 ) ;
#4604 = EDGE_LOOP ( 'NONE', ( #7819, #8159, #7118, #1174, #9553, #5109, #8131, #5640, #9317 ) ) ;
#4605 = CARTESIAN_POINT ( 'NONE',  ( -79.64040353454926446, 62.36281802901861226, -7.577801345713449876 ) ) ;
#4606 = ORIENTED_EDGE ( 'NONE', *, *, #9321, .F. ) ;
#4607 = ORIENTED_EDGE ( 'NONE', *, *, #358, .T. ) ;
#4608 = VECTOR ( 'NONE', #2144, 1000.000000000000000 ) ;
#4609 = ADVANCED_FACE ( 'NONE', ( #8838 ), #9576, .T. ) ;
#4610 = DIRECTION ( 'NONE',  ( -1.000000000000000000, -1.685161507135332739E-29, 3.426614273534433601E-15 ) ) ;
#4611 = CARTESIAN_POINT ( 'NONE',  ( 59.07814946534345779, 65.00000000000000000, -10.47722557505276875 ) ) ;
#4612 = LINE ( 'NONE', #9135, #7206 ) ;
#4613 = CARTESIAN_POINT ( 'NONE',  ( 79.71466699023665115, 53.31452743713127518, 6.757759711329534902 ) ) ;
#4614 = CIRCLE ( 'NONE', #7131, 4.099999999999993427 ) ;
#4615 = DIRECTION ( 'NONE',  ( 0.7071067811865450192, -0.000000000000000000, -0.7071067811865500152 ) ) ;
#4616 = AXIS2_PLACEMENT_3D ( 'NONE', #2921, #5080, #4439 ) ;
#4617 = ORIENTED_EDGE ( 'NONE', *, *, #7240, .T. ) ;
#4618 = EDGE_CURVE ( 'NONE', #6961, #4033, #2273, .T. ) ;
#4619 = VERTEX_POINT ( 'NONE', #4900 ) ;
#4620 = CARTESIAN_POINT ( 'NONE',  ( 42.67389424460814240, 56.16173140978202127, 48.40145917221917671 ) ) ;
#4621 = FILL_AREA_STYLE ('',( #3840 ) ) ;
#4622 = EDGE_CURVE ( 'NONE', #8879, #475, #4625, .T. ) ;
#4623 = AXIS2_PLACEMENT_3D ( 'NONE', #5310, #1574, #6244 ) ;
#4624 = ADVANCED_FACE ( 'NONE', ( #7122 ), #3395, .F. ) ;
#4625 = CIRCLE ( 'NONE', #8235, 4.099999999999993427 ) ;
#4626 = CARTESIAN_POINT ( 'NONE',  ( 35.00000000000000000, 30.90000000000000213, -4.177332116314245170 ) ) ;
#4627 = AXIS2_PLACEMENT_3D ( 'NONE', #5812, #3750, #7584 ) ;
#4628 = ORIENTED_EDGE ( 'NONE', *, *, #6047, .T. ) ;
#4629 = VERTEX_POINT ( 'NONE', #7959 ) ;
#4630 = VECTOR ( 'NONE', #8851, 1000.000000000000000 ) ;
#4631 = VECTOR ( 'NONE', #9335, 1000.000000000000000 ) ;
#4632 = FACE_OUTER_BOUND ( 'NONE', #473, .T. ) ;
#4633 = CARTESIAN_POINT ( 'NONE',  ( 64.40000000000003411, 59.13835726673945459, -4.050000000000231637 ) ) ;
#4634 = B_SPLINE_CURVE_WITH_KNOTS ( 'NONE', 3,
 ( #6555, #607, #1062, #9600, #3282, #6602, #328, #5488, #3333, #8485, #5716, #1756, #1983, #8027, #1288, #9311, #4741, #7749, #4286, #8718, #4974, #7253, #506, #7297, #3509, #2768, #6501, #5770, #845, #6705, #5965, #5177, #2959, #6648, #9700, #4485, #4579, #8275, #9058, #5321, #9645, #2226, #6747 ),
 .UNSPECIFIED., .F., .F.,
 ( 4, 2, 2, 2, 2, 2, 2, 2, 1, 2, 2, 2, 2, 2, 2, 2, 2, 2, 2, 2, 2, 4 ),
 ( 0.000000000000000000, 0.001662101641894222484, 0.002493152462841323642, 0.003324203283788424584, 0.004986304925682607386, 0.006648406567576790188, 0.008310508209470971255, 0.009141559030418071330, 0.009972609851365167935, 0.01080366067231226281, 0.01163471149325935941, 0.01329681313515355956, 0.01495891477704775797, 0.01662101641894195639, 0.01745206723988904085, 0.01828311806083612878, 0.01994521970273028730, 0.02160732134462444581, 0.02243837216557152681, 0.02326942298651860433, 0.02493152462841277325, 0.02659362627030693524 ),
 .UNSPECIFIED. ) ;
#4635 = AXIS2_PLACEMENT_3D ( 'NONE', #1797, #3224, #9260 ) ;
#4636 = AXIS2_PLACEMENT_3D ( 'NONE', #8459, #1727, #3977 ) ;
#4637 = CARTESIAN_POINT ( 'NONE',  ( 54.57595881954116379, 56.16173140978202838, 48.84839389193012948 ) ) ;
#4638 = CARTESIAN_POINT ( 'NONE',  ( 57.40000000000004121, 53.88633504566436727, -1.781881413105227852 ) ) ;
#4639 = CARTESIAN_POINT ( 'NONE',  ( -61.97575540135944294, 55.76642749574394031, -50.58668176051293841 ) ) ;
#4640 = ADVANCED_FACE ( 'NONE', ( #6388 ), #9375, .T. ) ;
#4641 = ORIENTED_EDGE ( 'NONE', *, *, #3841, .T. ) ;
#4642 = EDGE_CURVE ( 'NONE', #6961, #3321, #1907, .T. ) ;
#4643 = ORIENTED_EDGE ( 'NONE', *, *, #2377, .T. ) ;
#4644 = CYLINDRICAL_SURFACE ( 'NONE', #4452, 9.999999999999994671 ) ;
#4645 = DIRECTION ( 'NONE',  ( 0.6622653803999817290, 0.000000000000000000, -0.7492693547207621707 ) ) ;
#4646 = DIRECTION ( 'NONE',  ( 0.7071067811865474617, 0.000000000000000000, -0.7071067811865474617 ) ) ;
#4647 = AXIS2_PLACEMENT_3D ( 'NONE', #5214, #5308, #6000 ) ;
#4648 = EDGE_CURVE ( 'NONE', #3052, #1665, #3818, .T. ) ;
#4649 = CARTESIAN_POINT ( 'NONE',  ( 50.25132167018459484, 59.12075807999292465, 62.24793819334036726 ) ) ;
#4650 = DIRECTION ( 'NONE',  ( -0.7071067811865500152, 0.000000000000000000, -0.7071067811865450192 ) ) ;
#4651 = CARTESIAN_POINT ( 'NONE',  ( -10.47722557505072594, 65.00000000000000000, 59.07814946534381306 ) ) ;
#4652 = DIRECTION ( 'NONE',  ( 0.000000000000000000, 0.000000000000000000, 1.000000000000000000 ) ) ;
#4653 = EDGE_CURVE ( 'NONE', #8634, #6749, #822, .T. ) ;
#4654 = CARTESIAN_POINT ( 'NONE',  ( -57.40000000000008384, 55.32351176966323436, -2.598160995411924912 ) ) ;
#4655 = CIRCLE ( 'NONE', #7174, 5.000000000000004441 ) ;
#4656 = ORIENTED_EDGE ( 'NONE', *, *, #6257, .F. ) ;
#4657 = ORIENTED_EDGE ( 'NONE', *, *, #5592, .T. ) ;
#4658 = ORIENTED_EDGE ( 'NONE', *, *, #1961, .T. ) ;
#4659 = DIRECTION ( 'NONE',  ( 0.000000000000000000, 0.000000000000000000, 1.000000000000000000 ) ) ;
#4660 = ORIENTED_EDGE ( 'NONE', *, *, #2697, .F. ) ;
#4661 = ORIENTED_EDGE ( 'NONE', *, *, #8854, .F. ) ;
#4662 = CARTESIAN_POINT ( 'NONE',  ( 64.40000000000000568, 58.49999999999999289, -1.180056052874078735E-13 ) ) ;
#4663 = LINE ( 'NONE', #4751, #8107 ) ;
#4664 = DIRECTION ( 'NONE',  ( -1.000000000000000000, 0.000000000000000000, 8.826273045769994496E-15 ) ) ;
#4665 = DIRECTION ( 'NONE',  ( 0.000000000000000000, 1.000000000000000000, 0.000000000000000000 ) ) ;
#4666 = CARTESIAN_POINT ( 'NONE',  ( -4.592979611832889198E-13, 53.82346281956404255, -64.40000000000004832 ) ) ;
#4667 = DIRECTION ( 'NONE',  ( -1.854709381156977158E-16, 1.000000000000000000, 1.942704957986064299E-30 ) ) ;
#4668 = ORIENTED_EDGE ( 'NONE', *, *, #6783, .F. ) ;
#4669 = EDGE_LOOP ( 'NONE', ( #7430, #8613, #7588, #7388, #2691, #6733 ) ) ;
#4670 = CARTESIAN_POINT ( 'NONE',  ( 57.40000000000004832, 53.88762817667944205, -1.477225575052762974 ) ) ;
#4671 = CIRCLE ( 'NONE', #8442, 4.099999999999998757 ) ;
#4672 = CARTESIAN_POINT ( 'NONE',  ( 64.40000000000004832, 63.17653718043602140, -2.200586528512667334E-13 ) ) ;
#4673 = FACE_OUTER_BOUND ( 'NONE', #283, .T. ) ;
#4674 = EDGE_CURVE ( 'NONE', #8008, #7569, #6518, .T. ) ;
#4675 = VECTOR ( 'NONE', #3001, 1000.000000000000114 ) ;
#4676 = ORIENTED_EDGE ( 'NONE', *, *, #7282, .F. ) ;
#4677 = ORIENTED_EDGE ( 'NONE', *, *, #6298, .T. ) ;
#4678 = DIRECTION ( 'NONE',  ( -1.390105829006383446E-14, -1.685161507135332739E-29, -1.000000000000000000 ) ) ;
#4679 = CARTESIAN_POINT ( 'NONE',  ( -58.10521046563358993, 60.83826859021803557, -4.049999999999790212 ) ) ;
#4680 = AXIS2_PLACEMENT_3D ( 'NONE', #5262, #3832, #9091 ) ;
#4681 = CARTESIAN_POINT ( 'NONE',  ( 61.54532291857736936, 54.24371453776273455, -51.11036669144250766 ) ) ;
#4682 = CARTESIAN_POINT ( 'NONE',  ( -8.500000000000399680, 58.49999999999999289, -74.49999999999995737 ) ) ;
#4683 = CARTESIAN_POINT ( 'NONE',  ( -61.54422635539062014, 54.24095111391810775, -51.11168270197686070 ) ) ;
#4684 = ORIENTED_EDGE ( 'NONE', *, *, #26, .F. ) ;
#4685 = ORIENTED_EDGE ( 'NONE', *, *, #5462, .F. ) ;
#4686 = CARTESIAN_POINT ( 'NONE',  ( 1.878149716855884499, 53.78961643837483564, 57.40000000000004832 ) ) ;
#4687 = CARTESIAN_POINT ( 'NONE',  ( -3.470779219583164175E-13, 58.49999999999999289, -64.40000000000000568 ) ) ;
#4688 = CARTESIAN_POINT ( 'NONE',  ( 27.74454884646939945, 0.000000000000000000, 66.98126610706812301 ) ) ;
#4689 = DIRECTION ( 'NONE',  ( 1.000000000000000000, -0.000000000000000000, -1.776356839400250465E-15 ) ) ;
#4690 = DIRECTION ( 'NONE',  ( 0.000000000000000000, 0.000000000000000000, 1.000000000000000000 ) ) ;
#4691 = ADVANCED_FACE ( 'NONE', ( #8988 ), #3084, .F. ) ;
#4692 = CYLINDRICAL_SURFACE ( 'NONE', #6543, 4.999999999999997335 ) ;
#4693 = CARTESIAN_POINT ( 'NONE',  ( 27.74454884646939945, 65.00000000000000000, 66.98126610706812301 ) ) ;
#4694 = CARTESIAN_POINT ( 'NONE',  ( -58.10521046563358993, 56.16173140978204259, -4.049999999999789324 ) ) ;
#4695 = ORIENTED_EDGE ( 'NONE', *, *, #5823, .T. ) ;
#4696 = ORIENTED_EDGE ( 'NONE', *, *, #7674, .F. ) ;
#4697 = ORIENTED_EDGE ( 'NONE', *, *, #7093, .F. ) ;
#4698 = DIRECTION ( 'NONE',  ( -1.000000000000000000, 0.000000000000000000, 8.826273045769994496E-15 ) ) ;
#4699 = ORIENTED_EDGE ( 'NONE', *, *, #4292, .F. ) ;
#4700 = ORIENTED_EDGE ( 'NONE', *, *, #7498, .T. ) ;
#4701 = LINE ( 'NONE', #1020, #6406 ) ;
#4702 = CIRCLE ( 'NONE', #5973, 4.099999999999999645 ) ;
#4703 = CIRCLE ( 'NONE', #14, 9.999999999999996447 ) ;
#4704 = EDGE_CURVE ( 'NONE', #5937, #9156, #1036, .T. ) ;
#4705 = CARTESIAN_POINT ( 'NONE',  ( -6.655330888320991178, 65.00000000000000000, 7.529663527230861853 ) ) ;
#4706 = DIRECTION ( 'NONE',  ( -0.7071067811865475727, -0.000000000000000000, -0.7071067811865475727 ) ) ;
#4707 = DIRECTION ( 'NONE',  ( 0.7071067811865475727, 0.000000000000000000, 0.7071067811865475727 ) ) ;
#4708 = CARTESIAN_POINT ( 'NONE',  ( 48.40145917221917671, 56.16173140978202838, 42.67389424460814240 ) ) ;
#4709 = CARTESIAN_POINT ( 'NONE',  ( 79.83323233944865649, 51.74064454756921805, 5.183400369370414040 ) ) ;
#4710 = CARTESIAN_POINT ( 'NONE',  ( 8.282558148057564296, 56.56970611720250020, 79.57010862483018343 ) ) ;
#4711 = VERTEX_POINT ( 'NONE', #6628 ) ;
#4712 = AXIS2_PLACEMENT_3D ( 'NONE', #5641, #1066, #8637 ) ;
#4713 = VERTEX_POINT ( 'NONE', #680 ) ;
#4714 = EDGE_CURVE ( 'NONE', #7327, #2786, #6986, .T. ) ;
#4715 = ORIENTED_EDGE ( 'NONE', *, *, #9678, .F. ) ;
#4716 = LINE ( 'NONE', #4084, #6362 ) ;
#4717 = VECTOR ( 'NONE', #8495, 1000.000000000000000 ) ;
#4718 = EDGE_CURVE ( 'NONE', #2889, #7966, #2748, .T. ) ;
#4719 = DIRECTION ( 'NONE',  ( 0.7071067811865550112, 0.000000000000000000, 0.7071067811865398012 ) ) ;
#4720 = B_SPLINE_CURVE_WITH_KNOTS ( 'NONE', 3,
 ( #6612, #2232, #2820, #27 ),
 .UNSPECIFIED., .F., .F.,
 ( 4, 4 ),
 ( 0.000000000000000000, 0.0001339296486542352488 ),
 .UNSPECIFIED. ) ;
#4721 = CARTESIAN_POINT ( 'NONE',  ( -50.29085131357063432, 59.73714013287252556, 62.21614487594532505 ) ) ;
#4722 = ORIENTED_EDGE ( 'NONE', *, *, #4097, .T. ) ;
#4723 = ORIENTED_EDGE ( 'NONE', *, *, #1667, .T. ) ;
#4724 = DIRECTION ( 'NONE',  ( -0.000000000000000000, 1.000000000000000000, -0.000000000000000000 ) ) ;
#4725 = CARTESIAN_POINT ( 'NONE',  ( -48.40145917221872907, 52.90000000000000568, 42.67389424460865399 ) ) ;
#4726 = ADVANCED_FACE ( 'NONE', ( #182 ), #6132, .F. ) ;
#4727 = DIRECTION ( 'NONE',  ( 0.000000000000000000, 1.000000000000000000, 0.000000000000000000 ) ) ;
#4728 = DIRECTION ( 'NONE',  ( 0.000000000000000000, 0.000000000000000000, -1.000000000000000000 ) ) ;
#4729 = DIRECTION ( 'NONE',  ( 6.918095612377566956E-15, -1.685161507135332739E-29, 1.000000000000000000 ) ) ;
#4730 = VERTEX_POINT ( 'NONE', #1008 ) ;
#4731 = ORIENTED_EDGE ( 'NONE', *, *, #7782, .T. ) ;
#4732 = DIRECTION ( 'NONE',  ( -0.7071067811865451302, 0.000000000000000000, 0.7071067811865500152 ) ) ;
#4733 = CARTESIAN_POINT ( 'NONE',  ( -59.07814946534337963, 65.00000000000000000, 10.47722557505318264 ) ) ;
#4734 = PLANE ( 'NONE',  #7635 ) ;
#4735 = CARTESIAN_POINT ( 'NONE',  ( -64.39999999999999147, 58.49999999999995737, 5.701467076235642709E-13 ) ) ;
#4736 = ADVANCED_FACE ( 'NONE', ( #9169 ), #3175, .F. ) ;
#4737 = CARTESIAN_POINT ( 'NONE',  ( 64.40000000000006253, 60.83826859021803557, 4.049999999999768008 ) ) ;
#4738 = DIRECTION ( 'NONE',  ( -0.000000000000000000, 1.000000000000000000, -0.000000000000000000 ) ) ;
#4739 = CARTESIAN_POINT ( 'NONE',  ( -57.40000000000005542, 54.85223253308289060, -1.781881413102503364 ) ) ;
#4740 = DIRECTION ( 'NONE',  ( 0.000000000000000000, 1.000000000000000000, 0.000000000000000000 ) ) ;
#4741 = CARTESIAN_POINT ( 'NONE',  ( -54.21725793307000174, 50.63540316567588206, 58.82759037732893148 ) ) ;
#4742 = ORIENTED_EDGE ( 'NONE', *, *, #4231, .F. ) ;
#4743 = B_SPLINE_CURVE_WITH_KNOTS ( 'NONE', 3,
 ( #4020, #378, #8540, #5595, #4110, #8594, #3339, #6429, #6330, #1713, #7710, #6382 ),
 .UNSPECIFIED., .F., .F.,
 ( 4, 2, 2, 2, 2, 4 ),
 ( 0.04581870673879396422, 0.04765927584578599080, 0.04857956039928200409, 0.04949984495277802432, 0.05134041405977007172, 0.05318098316676211912 ),
 .UNSPECIFIED. ) ;
#4744 = ORIENTED_EDGE ( 'NONE', *, *, #6296, .T. ) ;
#4745 = ORIENTED_EDGE ( 'NONE', *, *, #5300, .F. ) ;
#4746 = CARTESIAN_POINT ( 'NONE',  ( 18.89587269351085297, 30.90000000000000213, 51.65216350890474928 ) ) ;
#4747 = VERTEX_POINT ( 'NONE', #3280 ) ;
#4748 = ORIENTED_EDGE ( 'NONE', *, *, #5971, .F. ) ;
#4749 = B_SPLINE_CURVE_WITH_KNOTS ( 'NONE', 3,
 ( #21, #3010, #4059, #5681, #2533, #7796, #4104, #2632, #4837, #1894, #4791, #3425, #6419, #2579, #1058, #4934, #3377, #7108, #425, #1107 ),
 .UNSPECIFIED., .F., .F.,
 ( 4, 2, 2, 2, 2, 2, 2, 2, 2, 4 ),
 ( 0.006253452100163747578, 0.007074845104046453489, 0.007896238107929158534, 0.008717631111811865313, 0.009539024115694570358, 0.01036041711957727540, 0.01118181012345998218, 0.01200320312734268896, 0.01241389962928404235, 0.01282459613122539574 ),
 .UNSPECIFIED. ) ;
#4750 = CARTESIAN_POINT ( 'NONE',  ( -6.763919017154689683, 49.14932724798669739, -62.43842872438290925 ) ) ;
#4751 = CARTESIAN_POINT ( 'NONE',  ( -48.84839389193012948, 56.16173140978197154, -54.57595881954114958 ) ) ;
#4752 = CARTESIAN_POINT ( 'NONE',  ( -74.85829021768985569, 49.17324777826779325, -28.24639176496877369 ) ) ;
#4753 = FACE_OUTER_BOUND ( 'NONE', #7457, .T. ) ;
#4754 = CARTESIAN_POINT ( 'NONE',  ( 79.59366262404456904, 55.76642749574394031, -8.053291202875666244 ) ) ;
#4755 = EDGE_CURVE ( 'NONE', #5242, #6281, #6786, .T. ) ;
#4756 = ORIENTED_EDGE ( 'NONE', *, *, #2237, .F. ) ;
#4757 = DIRECTION ( 'NONE',  ( 0.000000000000000000, 1.000000000000000000, -1.854709381156977158E-16 ) ) ;
#4758 = ORIENTED_EDGE ( 'NONE', *, *, #9630, .F. ) ;
#4759 = DIRECTION ( 'NONE',  ( 0.000000000000000000, 0.000000000000000000, 1.000000000000000000 ) ) ;
#4760 = VERTEX_POINT ( 'NONE', #8389 ) ;
#4761 = LINE ( 'NONE', #6933, #5110 ) ;
#4762 = EDGE_CURVE ( 'NONE', #3090, #5113, #1804, .T. ) ;
#4763 = VECTOR ( 'NONE', #5979, 1000.000000000000000 ) ;
#4764 = EDGE_CURVE ( 'NONE', #7417, #1011, #7704, .T. ) ;
#4765 = DIRECTION ( 'NONE',  ( 0.000000000000000000, 0.000000000000000000, 1.000000000000000000 ) ) ;
#4766 = LINE ( 'NONE', #6154, #1181 ) ;
#4767 = DIRECTION ( 'NONE',  ( -0.8660254037844375974, 0.5000000000000018874, 1.203866961868353444E-14 ) ) ;
#4768 = AXIS2_PLACEMENT_3D ( 'NONE', #4825, #4875, #4141 ) ;
#4769 = AXIS2_PLACEMENT_3D ( 'NONE', #7500, #8821, #6755 ) ;
#4770 = ORIENTED_EDGE ( 'NONE', *, *, #6489, .F. ) ;
#4771 = CARTESIAN_POINT ( 'NONE',  ( -61.04346596506925238, 30.90000000000000213, 22.33148591051281429 ) ) ;
#4772 = AXIS2_PLACEMENT_3D ( 'NONE', #4600, #4512, #6916 ) ;
#4773 = AXIS2_PLACEMENT_3D ( 'NONE', #1217, #6479, #2648 ) ;
#4774 = CARTESIAN_POINT ( 'NONE',  ( 57.40000000000004121, 54.85223253308422642, -1.781881413105228074 ) ) ;
#4775 = AXIS2_PLACEMENT_3D ( 'NONE', #6152, #111, #3153 ) ;
#4776 = EDGE_CURVE ( 'NONE', #1996, #1868, #8715, .T. ) ;
#4777 = LINE ( 'NONE', #7203, #9012 ) ;
#4778 = CARTESIAN_POINT ( 'NONE',  ( 37.33767670841353237, 58.49999999999995737, -37.33767670841378816 ) ) ;
#4779 = CIRCLE ( 'NONE', #1171, 9.999999999999996447 ) ;
#4780 = AXIS2_PLACEMENT_3D ( 'NONE', #3799, #110, #7583 ) ;
#4781 = PLANE ( 'NONE',  #5461 ) ;
#4782 = ORIENTED_EDGE ( 'NONE', *, *, #4718, .F. ) ;
#4783 = EDGE_LOOP ( 'NONE', ( #1282, #6493 ) ) ;
#4784 = CARTESIAN_POINT ( 'NONE',  ( 64.40000000000004832, 63.17653718043602140, -2.200586528512667334E-13 ) ) ;
#4785 = DIRECTION ( 'NONE',  ( -0.000000000000000000, -1.000000000000000000, -0.000000000000000000 ) ) ;
#4786 = CARTESIAN_POINT ( 'NONE',  ( 8.233121653332570844, 60.63546646261647766, -79.57524842443682189 ) ) ;
#4787 = CARTESIAN_POINT ( 'NONE',  ( -42.67389424460814951, 52.90000000000000568, -48.40145917221916960 ) ) ;
#4788 = CIRCLE ( 'NONE', #245, 65.00000000000000000 ) ;
#4789 = VECTOR ( 'NONE', #9162, 1000.000000000000000 ) ;
#4790 = FACE_OUTER_BOUND ( 'NONE', #8112, .T. ) ;
#4791 = CARTESIAN_POINT ( 'NONE',  ( -3.676149320369791695, 51.97812011110467978, 57.87106957281825004 ) ) ;
#4792 = CARTESIAN_POINT ( 'NONE',  ( -3.377632643773275767, 55.77353993566998724, -57.64235574244790428 ) ) ;
#4793 = LINE ( 'NONE', #7064, #238 ) ;
#4794 = EDGE_CURVE ( 'NONE', #5643, #5638, #6915, .T. ) ;
#4795 = DIRECTION ( 'NONE',  ( 0.000000000000000000, 0.000000000000000000, 1.000000000000000000 ) ) ;
#4796 = EDGE_CURVE ( 'NONE', #64, #2591, #1608, .T. ) ;
#4797 = ORIENTED_EDGE ( 'NONE', *, *, #894, .T. ) ;
#4798 = EDGE_LOOP ( 'NONE', ( #5392, #2700, #7413, #6632, #4499, #6092, #5378, #4359, #4947, #1271 ) ) ;
#4799 = VECTOR ( 'NONE', #8950, 1000.000000000000000 ) ;
#4800 = VERTEX_POINT ( 'NONE', #3917 ) ;
#4801 = CARTESIAN_POINT ( 'NONE',  ( 60.30878758429727071, 65.00000000000000000, 52.56282089188243845 ) ) ;
#4802 = ORIENTED_EDGE ( 'NONE', *, *, #1059, .F. ) ;
#4803 = ORIENTED_EDGE ( 'NONE', *, *, #8958, .F. ) ;
#4804 = AXIS2_PLACEMENT_3D ( 'NONE', #4509, #8155, #7516 ) ;
#4805 = CARTESIAN_POINT ( 'NONE',  ( -8.203949880376448789, 47.92298856977770782, -63.56071182489419868 ) ) ;
#4806 = DIRECTION ( 'NONE',  ( 0.7071067811865474617, -1.692413147294448731E-15, -0.7071067811865474617 ) ) ;
#4807 = DIRECTION ( 'NONE',  ( 1.000000000000000000, 0.000000000000000000, -1.221245327087672194E-14 ) ) ;
#4808 = FACE_BOUND ( 'NONE', #7365, .T. ) ;
#4809 = CARTESIAN_POINT ( 'NONE',  ( -44.86592526628644606, 65.00000000000000000, -39.13836033867539754 ) ) ;
#4810 = ORIENTED_EDGE ( 'NONE', *, *, #4139, .F. ) ;
#4811 = CARTESIAN_POINT ( 'NONE',  ( 64.00132858745540432, 45.00000000000000711, -11.35032770630716570 ) ) ;
#4812 = ORIENTED_EDGE ( 'NONE', *, *, #1, .T. ) ;
#4813 = LINE ( 'NONE', #2507, #5354 ) ;
#4814 = ORIENTED_EDGE ( 'NONE', *, *, #2314, .F. ) ;
#4815 = DIRECTION ( 'NONE',  ( -0.7071067811865476838, 0.000000000000000000, -0.7071067811865474617 ) ) ;
#4816 = DIRECTION ( 'NONE',  ( 1.000000000000000000, 0.000000000000000000, 0.000000000000000000 ) ) ;
#4817 = CARTESIAN_POINT ( 'NONE',  ( -1.023481251066864717, 53.88936911430551646, -57.40000000000004832 ) ) ;
#4818 = CARTESIAN_POINT ( 'NONE',  ( -6.936052647461906417, 63.42299537165165191, 79.69897381088472343 ) ) ;
#4819 = EDGE_CURVE ( 'NONE', #5305, #4747, #5438, .T. ) ;
#4820 = ORIENTED_EDGE ( 'NONE', *, *, #838, .T. ) ;
#4821 = B_SPLINE_CURVE_WITH_KNOTS ( 'NONE', 3,
 ( #3627, #7563, #8152, #2152, #7418, #5988, #6083, #5244, #1507, #9620, #2095, #6770, #2298, #8935, #82, #2980, #4505, #5294, #2202, #7513, #2881, #3815, #1409, #37, #677, #8293, #5095, #8197, #5940, #8100, #5884, #8886, #774, #3775, #3029, #4410, #1555, #1359, #4362, #3674, #6674, #9671, #817 ),
 .UNSPECIFIED., .F., .F.,
 ( 4, 2, 2, 2, 2, 2, 2, 1, 2, 2, 2, 2, 2, 2, 2, 2, 2, 2, 2, 2, 2, 4 ),
 ( 0.007371977069883755077, 0.008203119499983665616, 0.009034261930083574421, 0.01069654679028341458, 0.01235883165048325474, 0.01402111651068309491, 0.01485225894078301759, 0.01568340137088293854, 0.01651454380098285948, 0.01734568623108278390, 0.01900797109128263274, 0.02067025595148248157, 0.02233254081168233041, 0.02316368324178225135, 0.02399482567188217924, 0.02565711053208203501, 0.02731939539228189079, 0.02815053782238182561, 0.02898168025248176738, 0.03064396511268167173, 0.03230624997288157607, 0.03396853483308148042 ),
 .UNSPECIFIED. ) ;
#4822 = CARTESIAN_POINT ( 'NONE',  ( -6.655330888320931670, 65.00000000000000000, -7.529663527230808562 ) ) ;
#4823 = CARTESIAN_POINT ( 'NONE',  ( -74.50000000000005684, 58.49999999999999289, -8.499999999999339195 ) ) ;
#4824 = AXIS2_PLACEMENT_3D ( 'NONE', #5191, #1598, #4589 ) ;
#4825 = CARTESIAN_POINT ( 'NONE',  ( -3.470779219583164175E-13, 58.49999999999999289, -64.40000000000000568 ) ) ;
#4826 = VERTEX_POINT ( 'NONE', #1706 ) ;
#4827 = ORIENTED_EDGE ( 'NONE', *, *, #5858, .F. ) ;
#4828 = ORIENTED_EDGE ( 'NONE', *, *, #5917, .T. ) ;
#4829 = VECTOR ( 'NONE', #4867, 1000.000000000000000 ) ;
#4830 = CARTESIAN_POINT ( 'NONE',  ( -5.477225575050725048, 65.00000000000000000, 57.40000000000004832 ) ) ;
#4831 = CARTESIAN_POINT ( 'NONE',  ( 4.850776377534835149, 50.78903292842427675, -58.82370011183519409 ) ) ;
#4832 = DIRECTION ( 'NONE',  ( 0.7071067811865474617, 0.000000000000000000, -0.7071067811865474617 ) ) ;
#4833 = EDGE_CURVE ( 'NONE', #8684, #6182, #9178, .T. ) ;
#4834 = DIRECTION ( 'NONE',  ( -0.7071067811865474617, 0.000000000000000000, 0.7071067811865474617 ) ) ;
#4835 = EDGE_CURVE ( 'NONE', #1565, #1910, #710, .T. ) ;
#4836 = LINE ( 'NONE', #2681, #6443 ) ;
#4837 = CARTESIAN_POINT ( 'NONE',  ( -4.205884746200430513, 51.44246617073698502, 58.21117656088758707 ) ) ;
#4838 = EDGE_CURVE ( 'NONE', #5444, #5045, #4476, .T. ) ;
#4839 = VECTOR ( 'NONE', #6565, 1000.000000000000000 ) ;
#4840 = DIRECTION ( 'NONE',  ( 0.7071067811865550112, -1.184689203106112593E-14, 0.7071067811865398012 ) ) ;
#4841 = DIRECTION ( 'NONE',  ( -5.329070518200751394E-15, 0.000000000000000000, -1.000000000000000000 ) ) ;
#4842 = AXIS2_PLACEMENT_3D ( 'NONE', #1413, #1363, #7423 ) ;
#4843 = ORIENTED_EDGE ( 'NONE', *, *, #7220, .T. ) ;
#4844 = EDGE_LOOP ( 'NONE', ( #5288, #6574, #6431 ) ) ;
#4845 = ORIENTED_EDGE ( 'NONE', *, *, #3326, .T. ) ;
#4846 = LINE ( 'NONE', #1115, #2826 ) ;
#4847 = VERTEX_POINT ( 'NONE', #4013 ) ;
#4848 = VERTEX_POINT ( 'NONE', #3331 ) ;
#4849 = CARTESIAN_POINT ( 'NONE',  ( 0.000000000000000000, 37.90000000000000568, 0.000000000000000000 ) ) ;
#4850 = AXIS2_PLACEMENT_3D ( 'NONE', #1863, #4901, #5503 ) ;
#4851 = CARTESIAN_POINT ( 'NONE',  ( 9.797174514176064544E-15, 49.99999999999998579, 80.00000000000000000 ) ) ;
#4852 = DIRECTION ( 'NONE',  ( -0.7071067811865474617, 0.000000000000000000, 0.7071067811865474617 ) ) ;
#4853 = PLANE ( 'NONE',  #8081 ) ;
#4854 = CARTESIAN_POINT ( 'NONE',  ( 66.98126610706803774, 14.70000000000000462, -27.74454884646963038 ) ) ;
#4855 = DIRECTION ( 'NONE',  ( 0.8660254037844375974, 0.5000000000000018874, 0.000000000000000000 ) ) ;
#4856 = ADVANCED_FACE ( 'NONE', ( #7798, #6325 ), #7016, .T. ) ;
#4857 = ORIENTED_EDGE ( 'NONE', *, *, #2956, .T. ) ;
#4858 = CARTESIAN_POINT ( 'NONE',  ( 64.40000000000004832, 53.82346281956404255, -2.344465629617909551E-13 ) ) ;
#4859 = ORIENTED_EDGE ( 'NONE', *, *, #7881, .T. ) ;
#4860 = DIRECTION ( 'NONE',  ( 0.7071067811865400232, 0.000000000000000000, -0.7071067811865550112 ) ) ;
#4861 = EDGE_LOOP ( 'NONE', ( #1124, #6874, #6963 ) ) ;
#4862 = DIRECTION ( 'NONE',  ( -1.396592535537253500E-14, 0.000000000000000000, -1.000000000000000000 ) ) ;
#4863 = EDGE_CURVE ( 'NONE', #7289, #7021, #4793, .T. ) ;
#4864 = ADVANCED_FACE ( 'NONE', ( #4599 ), #873, .F. ) ;
#4865 = CARTESIAN_POINT ( 'NONE',  ( -79.54715582596283241, 58.49999999999999289, -8.499999999999294786 ) ) ;
#4866 = CARTESIAN_POINT ( 'NONE',  ( -34.43853890554883179, 58.49999999999995737, -40.23681451127850295 ) ) ;
#4867 = DIRECTION ( 'NONE',  ( -0.7492693547207615046, 0.000000000000000000, -0.6622653803999826172 ) ) ;
#4868 = CIRCLE ( 'NONE', #1422, 80.00000000000000000 ) ;
#4869 = VERTEX_POINT ( 'NONE', #6470 ) ;
#4870 = EDGE_CURVE ( 'NONE', #610, #5198, #5683, .T. ) ;
#4871 = FACE_OUTER_BOUND ( 'NONE', #8694, .T. ) ;
#4872 = CARTESIAN_POINT ( 'NONE',  ( -4.009015341921439763E-13, 58.49999999999999289, -74.50000000000000000 ) ) ;
#4873 =( BOUNDED_CURVE ( )  B_SPLINE_CURVE ( 3, ( #872, #5486, #4554, #4012 ),
 .UNSPECIFIED., .F., .F. ) 
 B_SPLINE_CURVE_WITH_KNOTS ( ( 4, 4 ),
 ( 4.109493742189249232, 4.712388980384676351 ),
 .UNSPECIFIED. ) 
 CURVE ( )  GEOMETRIC_REPRESENTATION_ITEM ( )  RATIONAL_B_SPLINE_CURVE ( ( 1.000000000000000000, 0.9699384583854655517, 0.9699384583854655517, 1.000000000000000000 ) ) 
 REPRESENTATION_ITEM ( '' )  );
#4874 = CIRCLE ( 'NONE', #7245, 4.099999999999993427 ) ;
#4875 = DIRECTION ( 'NONE',  ( -5.329070518200751394E-15, 0.000000000000000000, -1.000000000000000000 ) ) ;
#4876 = EDGE_CURVE ( 'NONE', #4112, #4943, #5735, .T. ) ;
#4877 = ORIENTED_EDGE ( 'NONE', *, *, #7378, .T. ) ;
#4878 = ORIENTED_EDGE ( 'NONE', *, *, #3304, .T. ) ;
#4879 = CARTESIAN_POINT ( 'NONE',  ( 2.577833609688134686, 61.68822425195701697, 64.39999999999997726 ) ) ;
#4880 = CARTESIAN_POINT ( 'NONE',  ( 64.40000000000003411, 60.83826859021802136, -4.050000000000231637 ) ) ;
#4881 = DIRECTION ( 'NONE',  ( -1.000000000000000000, 0.000000000000000000, 3.491481338843133750E-15 ) ) ;
#4882 = EDGE_CURVE ( 'NONE', #2328, #8206, #4506, .T. ) ;
#4883 = EDGE_CURVE ( 'NONE', #6717, #8666, #9310, .T. ) ;
#4884 = CARTESIAN_POINT ( 'NONE',  ( -52.20462634472456642, 64.60055649911892317, -60.62097618202679428 ) ) ;
#4885 = DIRECTION ( 'NONE',  ( -1.000000000000000000, 0.000000000000000000, 1.060108790874713746E-14 ) ) ;
#4886 = CARTESIAN_POINT ( 'NONE',  ( 0.000000000000000000, 58.00000000000000000, 0.000000000000000000 ) ) ;
#4887 = LINE ( 'NONE', #1253, #2774 ) ;
#4888 = DIRECTION ( 'NONE',  ( 0.000000000000000000, 1.000000000000000000, 0.000000000000000000 ) ) ;
#4889 = EDGE_LOOP ( 'NONE', ( #8393, #7981, #2021 ) ) ;
#4890 = EDGE_LOOP ( 'NONE', ( #5854, #4304, #2497 ) ) ;
#4891 = ORIENTED_EDGE ( 'NONE', *, *, #2278, .F. ) ;
#4892 = CARTESIAN_POINT ( 'NONE',  ( -64.39999999999999147, 58.49999999999995737, 5.701467076235642709E-13 ) ) ;
#4893 = ORIENTED_EDGE ( 'NONE', *, *, #8625, .T. ) ;
#4894 = ORIENTED_EDGE ( 'NONE', *, *, #5011, .T. ) ;
#4895 = EDGE_CURVE ( 'NONE', #6906, #8794, #4923, .T. ) ;
#4896 = VECTOR ( 'NONE', #9353, 1000.000000000000000 ) ;
#4897 = DIRECTION ( 'NONE',  ( 0.000000000000000000, 0.000000000000000000, -1.000000000000000000 ) ) ;
#4898 = CARTESIAN_POINT ( 'NONE',  ( -7.362773229821154786, 54.24355205684300074, 79.66057393117816332 ) ) ;
#4899 = CARTESIAN_POINT ( 'NONE',  ( 57.40000000000005542, 54.85223253308311797, 1.781881413102901934 ) ) ;
#4900 = CARTESIAN_POINT ( 'NONE',  ( -0.1159854610432728694, 53.89042705671922562, -57.40000000000004832 ) ) ;
#4901 = DIRECTION ( 'NONE',  ( 0.000000000000000000, 1.000000000000000000, 0.000000000000000000 ) ) ;
#4902 = LINE ( 'NONE', #1169, #5402 ) ;
#4903 = ORIENTED_EDGE ( 'NONE', *, *, #6298, .F. ) ;
#4904 = CARTESIAN_POINT ( 'NONE',  ( -7.529663527230820996, 65.00000000000000000, -6.655330888320944993 ) ) ;
#4905 = ORIENTED_EDGE ( 'NONE', *, *, #3364, .T. ) ;
#4906 = CARTESIAN_POINT ( 'NONE',  ( -39.13836033867492858, 52.90000000000000568, 44.86592526628685107 ) ) ;
#4907 = VERTEX_POINT ( 'NONE', #3475 ) ;
#4908 = ORIENTED_EDGE ( 'NONE', *, *, #7188, .F. ) ;
#4909 = CARTESIAN_POINT ( 'NONE',  ( -57.40000000000006253, 65.00000000000000000, -1.781881413102502698 ) ) ;
#4910 = CARTESIAN_POINT ( 'NONE',  ( 37.33767670841367448, 58.49999999999999289, 37.33767670841365316 ) ) ;
#4911 = DIRECTION ( 'NONE',  ( -0.9238795325112910684, -0.000000000000000000, -0.3826834323650794012 ) ) ;
#4912 = LINE ( 'NONE', #352, #6256 ) ;
#4913 = ORIENTED_EDGE ( 'NONE', *, *, #9015, .F. ) ;
#4914 = EDGE_CURVE ( 'NONE', #8321, #509, #9511, .T. ) ;
#4915 = CARTESIAN_POINT ( 'NONE',  ( 74.50000000000002842, 65.00000000000000000, 5.477225575051507533 ) ) ;
#4916 = EDGE_CURVE ( 'NONE', #3712, #2304, #3971, .T. ) ;
#4917 = CARTESIAN_POINT ( 'NONE',  ( -27.74454884646939945, 65.00000000000000000, -66.98126610706812301 ) ) ;
#4918 = LINE ( 'NONE', #3411, #2474 ) ;
#4919 = LINE ( 'NONE', #3989, #7928 ) ;
#4920 = EDGE_CURVE ( 'NONE', #9500, #7436, #527, .T. ) ;
#4921 = DIRECTION ( 'NONE',  ( -0.7071067811865450192, 0.000000000000000000, 0.7071067811865500152 ) ) ;
#4922 = AXIS2_PLACEMENT_3D ( 'NONE', #8816, #5920, #4244 ) ;
#4923 = CIRCLE ( 'NONE', #697, 4.000000000000003553 ) ;
#4924 = CARTESIAN_POINT ( 'NONE',  ( 64.40000000000000568, 58.49999999999999289, -1.180056052874078735E-13 ) ) ;
#4925 = EDGE_LOOP ( 'NONE', ( #1097, #2517, #6843, #9222 ) ) ;
#4926 = ORIENTED_EDGE ( 'NONE', *, *, #1157, .F. ) ;
#4927 = VECTOR ( 'NONE', #3489, 1000.000000000000000 ) ;
#4928 = VECTOR ( 'NONE', #2099, 1000.000000000000000 ) ;
#4929 = CIRCLE ( 'NONE', #6195, 4.099999999999999645 ) ;
#4930 = CARTESIAN_POINT ( 'NONE',  ( 5.259674179122229454, 50.37390771728855299, -59.40767242217739152 ) ) ;
#4931 = CARTESIAN_POINT ( 'NONE',  ( 48.40145917221918381, 52.90000000000000568, 42.67389424460813530 ) ) ;
#4932 = CARTESIAN_POINT ( 'NONE',  ( -50.23792566855559727, 58.49999999999999289, -62.25874094872688858 ) ) ;
#4933 = LINE ( 'NONE', #7941, #8014 ) ;
#4934 = CARTESIAN_POINT ( 'NONE',  ( -2.266660022138732522, 53.39898306424008467, 57.42830173027761020 ) ) ;
#4935 = CIRCLE ( 'NONE', #709, 11.09999999999999964 ) ;
#4936 = AXIS2_PLACEMENT_3D ( 'NONE', #8534, #8440, #3958 ) ;
#4937 = VECTOR ( 'NONE', #1092, 1000.000000000000000 ) ;
#4938 = DIRECTION ( 'NONE',  ( -1.000000000000000000, 0.000000000000000000, 5.329070518200751394E-15 ) ) ;
#4939 = CARTESIAN_POINT ( 'NONE',  ( -1.781881413105031786, 62.14776746691605780, -57.40000000000003411 ) ) ;
#4940 = EDGE_CURVE ( 'NONE', #2107, #4760, #9637, .T. ) ;
#4941 = EDGE_CURVE ( 'NONE', #8579, #9363, #9457, .T. ) ;
#4942 = ORIENTED_EDGE ( 'NONE', *, *, #4863, .T. ) ;
#4943 = VERTEX_POINT ( 'NONE', #6377 ) ;
#4944 = ORIENTED_EDGE ( 'NONE', *, *, #1436, .F. ) ;
#4945 = CARTESIAN_POINT ( 'NONE',  ( 8.499999999999570122, 58.49999999999999289, -79.54715582596278978 ) ) ;
#4946 = ORIENTED_EDGE ( 'NONE', *, *, #4863, .F. ) ;
#4947 = ORIENTED_EDGE ( 'NONE', *, *, #8493, .F. ) ;
#4948 = VECTOR ( 'NONE', #7011, 1000.000000000000114 ) ;
#4949 = AXIS2_PLACEMENT_3D ( 'NONE', #2341, #9115, #2808 ) ;
#4950 = DIRECTION ( 'NONE',  ( -1.000000000000000000, 0.000000000000000000, 3.491481338843133355E-15 ) ) ;
#4951 = CARTESIAN_POINT ( 'NONE',  ( -11.06075350317638772, 45.28145605009689945, -64.04613111616873766 ) ) ;
#4952 = DIRECTION ( 'NONE',  ( 0.000000000000000000, 0.000000000000000000, 1.000000000000000000 ) ) ;
#4953 = PLANE ( 'NONE',  #1390 ) ;
#4954 = CARTESIAN_POINT ( 'NONE',  ( 42.00214280248092535, 53.82346281956403544, 42.00214280248093246 ) ) ;
#4955 = AXIS2_PLACEMENT_3D ( 'NONE', #5501, #7759, #6880 ) ;
#4956 = VECTOR ( 'NONE', #7741, 1000.000000000000000 ) ;
#4957 = ORIENTED_EDGE ( 'NONE', *, *, #1832, .F. ) ;
#4958 = DIRECTION ( 'NONE',  ( -5.329070518200751394E-15, 0.000000000000000000, -1.000000000000000000 ) ) ;
#4959 = ORIENTED_EDGE ( 'NONE', *, *, #7320, .F. ) ;
#4960 = CARTESIAN_POINT ( 'NONE',  ( 42.00214280248077614, 53.82346281956403544, -42.00214280248106036 ) ) ;
#4961 = ORIENTED_EDGE ( 'NONE', *, *, #1583, .T. ) ;
#4962 = ORIENTED_EDGE ( 'NONE', *, *, #4231, .T. ) ;
#4963 = AXIS2_PLACEMENT_3D ( 'NONE', #1072, #7176, #6387 ) ;
#4964 = CARTESIAN_POINT ( 'NONE',  ( 57.40000000000005542, 53.88680772472712022, 1.680329652344737079 ) ) ;
#4965 = CARTESIAN_POINT ( 'NONE',  ( 10.47722557505072594, 65.00000000000000000, -59.07814946534381306 ) ) ;
#4966 = CARTESIAN_POINT ( 'NONE',  ( 4.049999999999586819, 56.16173140978204259, -58.10521046563298597 ) ) ;
#4967 = ORIENTED_EDGE ( 'NONE', *, *, #2868, .F. ) ;
#4968 = CIRCLE ( 'NONE', #9202, 4.099999999999999645 ) ;
#4969 = CARTESIAN_POINT ( 'NONE',  ( -7.625816325388283801, 54.73506819291766590, -79.63582358536453398 ) ) ;
#4970 = CARTESIAN_POINT ( 'NONE',  ( -52.67945519839779678, 58.49999999999999289, -52.67945519839778257 ) ) ;
#4971 = CARTESIAN_POINT ( 'NONE',  ( 25.00000000000000000, 1.500000000000001332, 0.000000000000000000 ) ) ;
#4972 = CARTESIAN_POINT ( 'NONE',  ( -62.25874094872688147, 59.12239097622109796, -50.23792566855556885 ) ) ;
#4973 = CARTESIAN_POINT ( 'NONE',  ( -11.22111592271647496, 45.12607978846643420, 64.02424367562059615 ) ) ;
#4975 = CARTESIAN_POINT ( 'NONE',  ( -48.80647185218978734, 65.00000000000000000, 56.55243854460571384 ) ) ;
#4974 = CARTESIAN_POINT ( 'NONE',  ( -55.77971030663209717, 50.05420354133634930, 57.34915151851426884 ) ) ;
#4976 = ORIENTED_EDGE ( 'NONE', *, *, #2877, .T. ) ;
#4977 = ORIENTED_EDGE ( 'NONE', *, *, #3887, .F. ) ;
#4978 = DIRECTION ( 'NONE',  ( -0.000000000000000000, -1.000000000000000000, -0.000000000000000000 ) ) ;
#4979 = DIRECTION ( 'NONE',  ( -1.000000000000000000, 0.000000000000000000, 4.898042755699220774E-15 ) ) ;
#4980 = CARTESIAN_POINT ( 'NONE',  ( 57.97417131571117466, 51.79487291879314625, -3.857474182258202156 ) ) ;
#4981 = AXIS2_PLACEMENT_3D ( 'NONE', #1904, #1716, #7172 ) ;
#4982 = B_SPLINE_CURVE_WITH_KNOTS ( 'NONE', 3,
 ( #1101, #2675, #6318, #1890 ),
 .UNSPECIFIED., .F., .F.,
 ( 4, 4 ),
 ( 2.255140518769849223E-17, 0.0003116544788811720975 ),
 .UNSPECIFIED. ) ;
#4983 = DIRECTION ( 'NONE',  ( 1.000000000000000000, -1.685161507135332739E-29, -3.426614273534433601E-15 ) ) ;
#4984 = CARTESIAN_POINT ( 'NONE',  ( -57.51257718343313741, 52.91801180700223739, -2.744470027925923539 ) ) ;
#4985 = CARTESIAN_POINT ( 'NONE',  ( -4.049999999999191580, 60.83826859021803557, 57.40000000000010516 ) ) ;
#4986 = CARTESIAN_POINT ( 'NONE',  ( 58.68986283848327901, 58.49999999999999289, -46.66904755831234297 ) ) ;
#4987 = DIRECTION ( 'NONE',  ( 0.000000000000000000, 0.000000000000000000, 1.000000000000000000 ) ) ;
#4988 = CIRCLE ( 'NONE', #906, 10.00000000000000178 ) ;
#4989 = ORIENTED_EDGE ( 'NONE', *, *, #2767, .F. ) ;
#4990 = ORIENTED_EDGE ( 'NONE', *, *, #7492, .F. ) ;
#4991 = EDGE_LOOP ( 'NONE', ( #558, #3063 ) ) ;
#4992 = CARTESIAN_POINT ( 'NONE',  ( 7.958092752268534298, 55.50060403166802558, -79.60326792702439036 ) ) ;
#4993 = ORIENTED_EDGE ( 'NONE', *, *, #2635, .F. ) ;
#4994 = ORIENTED_EDGE ( 'NONE', *, *, #4796, .F. ) ;
#4995 = LINE ( 'NONE', #2737, #9541 ) ;
#4996 = EDGE_CURVE ( 'NONE', #2752, #8810, #3677, .T. ) ;
#4997 = AXIS2_PLACEMENT_3D ( 'NONE', #7593, #2234, #5282 ) ;
#4998 = CARTESIAN_POINT ( 'NONE',  ( 64.40000000000006253, 56.16173140978204259, 4.049999999999767120 ) ) ;
#4999 = DIRECTION ( 'NONE',  ( 0.7071067811865475727, 0.000000000000000000, 0.7071067811865475727 ) ) ;
#5000 = LINE ( 'NONE', #2054, #8869 ) ;
#5001 = CARTESIAN_POINT ( 'NONE',  ( 60.99758642526499131, 49.83704519347309514, -5.856933439961634846 ) ) ;
#5002 = DIRECTION ( 'NONE',  ( 0.5000000000000009992, 0.8660254037844381525, -6.982962677686281699E-15 ) ) ;
#5003 = ORIENTED_EDGE ( 'NONE', *, *, #4796, .T. ) ;
#5004 = ORIENTED_EDGE ( 'NONE', *, *, #6053, .T. ) ;
#5005 = CARTESIAN_POINT ( 'NONE',  ( -79.54715582596284662, 59.11550901516400103, -8.499999999999294786 ) ) ;
#5006 = B_SPLINE_CURVE_WITH_KNOTS ( 'NONE', 3,
 ( #9687, #744, #1471, #3094 ),
 .UNSPECIFIED., .F., .F.,
 ( 4, 4 ),
 ( 0.000000000000000000, 0.0001339296486542351945 ),
 .UNSPECIFIED. ) ;
#5007 = ADVANCED_FACE ( 'NONE', ( #1149 ), #1995, .F. ) ;
#5008 = ORIENTED_EDGE ( 'NONE', *, *, #141, .T. ) ;
#5009 = VERTEX_POINT ( 'NONE', #573 ) ;
#5010 = VECTOR ( 'NONE', #2964, 1000.000000000000000 ) ;
#5011 = EDGE_CURVE ( 'NONE', #8898, #5142, #6495, .T. ) ;
#5012 = CARTESIAN_POINT ( 'NONE',  ( 22.33148591051282850, 65.00000000000000000, -61.04346596506924527 ) ) ;
#5013 = CARTESIAN_POINT ( 'NONE',  ( 59.07814946534384859, 65.00000000000000000, 10.47722557505051988 ) ) ;
#5014 = DIRECTION ( 'NONE',  ( -0.7071067811865400232, -0.000000000000000000, 0.7071067811865551223 ) ) ;
#5015 = VERTEX_POINT ( 'NONE', #2685 ) ;
#5016 = ADVANCED_FACE ( 'NONE', ( #1110 ), #4106, .F. ) ;
#5017 = CARTESIAN_POINT ( 'NONE',  ( -2.577833609687590677, 55.31177574804298303, -64.40000000000003411 ) ) ;
#5018 = CARTESIAN_POINT ( 'NONE',  ( -64.39999999999999147, 58.49999999999995737, 5.701467076235642709E-13 ) ) ;
#5019 = PLANE ( 'NONE',  #1537 ) ;
#5020 = FACE_OUTER_BOUND ( 'NONE', #1550, .T. ) ;
#5021 = EDGE_CURVE ( 'NONE', #7802, #7880, #4156, .T. ) ;
#5022 = DIRECTION ( 'NONE',  ( 0.000000000000000000, 1.000000000000000000, 0.000000000000000000 ) ) ;
#5023 = AXIS2_PLACEMENT_3D ( 'NONE', #1503, #6124, #814 ) ;
#5024 = AXIS2_PLACEMENT_3D ( 'NONE', #3516, #8628, #8530 ) ;
#5026 = CARTESIAN_POINT ( 'NONE',  ( -64.40000000000006253, 57.86164273326191676, -4.049999999999767120 ) ) ;
#5025 = CARTESIAN_POINT ( 'NONE',  ( 4.050000000000905764, 57.86164273325972829, 64.40000000000000568 ) ) ;
#5027 = ORIENTED_EDGE ( 'NONE', *, *, #8145, .F. ) ;
#5028 = VERTEX_POINT ( 'NONE', #8679 ) ;
#5029 = AXIS2_PLACEMENT_3D ( 'NONE', #2211, #8111, #2844 ) ;
#5030 = DIRECTION ( 'NONE',  ( -0.8660254037844380415, -0.5000000000000011102, 1.203866961868354232E-14 ) ) ;
#5031 = CARTESIAN_POINT ( 'NONE',  ( 4.099999999999652367, 58.49999999999999289, -64.40000000000001990 ) ) ;
#5032 = DIRECTION ( 'NONE',  ( 1.000000000000000000, 0.000000000000000000, -1.776356839400250465E-15 ) ) ;
#5033 = AXIS2_PLACEMENT_3D ( 'NONE', #5151, #6772, #3633 ) ;
#5034 = CARTESIAN_POINT ( 'NONE',  ( 0.000000000000000000, 30.90000000000000213, 0.000000000000000000 ) ) ;
#5035 = ADVANCED_FACE ( 'NONE', ( #1937 ), #7993, .F. ) ;
#5036 = CARTESIAN_POINT ( 'NONE',  ( 52.21225230456398236, 64.58770670893133570, 60.61292417858486203 ) ) ;
#5037 = DIRECTION ( 'NONE',  ( 1.000000000000000000, 0.000000000000000000, -1.776356839400250465E-15 ) ) ;
#5038 = CARTESIAN_POINT ( 'NONE',  ( 55.77539070683499745, 50.05530670056539577, -57.35330801267827638 ) ) ;
#5039 = DIRECTION ( 'NONE',  ( 0.000000000000000000, 0.000000000000000000, -1.000000000000000000 ) ) ;
#5040 = ORIENTED_EDGE ( 'NONE', *, *, #6076, .T. ) ;
#5041 = EDGE_LOOP ( 'NONE', ( #8648, #5349 ) ) ;
#5042 = CARTESIAN_POINT ( 'NONE',  ( 63.98926045467473500, 46.75190843746172220, 9.500724130577737014 ) ) ;
#5043 = EDGE_CURVE ( 'NONE', #3908, #1666, #2563, .T. ) ;
#5044 = ORIENTED_EDGE ( 'NONE', *, *, #5066, .T. ) ;
#5045 = VERTEX_POINT ( 'NONE', #9613 ) ;
#5046 = DIRECTION ( 'NONE',  ( -0.000000000000000000, 1.000000000000000000, -0.000000000000000000 ) ) ;
#5047 = EDGE_CURVE ( 'NONE', #3838, #6906, #3721, .T. ) ;
#5048 = CARTESIAN_POINT ( 'NONE',  ( -1.118198934728223737, 50.05556004102549394, 79.99404268739760937 ) ) ;
#5049 = CARTESIAN_POINT ( 'NONE',  ( -64.40000000000004832, 53.82346281956404255, 2.344465629617909551E-13 ) ) ;
#5050 = DIRECTION ( 'NONE',  ( 0.000000000000000000, 0.000000000000000000, 1.000000000000000000 ) ) ;
#5051 = CARTESIAN_POINT ( 'NONE',  ( 61.31953268488740605, 49.73598396249644082, -6.004246822605508349 ) ) ;
#5052 = DIRECTION ( 'NONE',  ( -0.000000000000000000, 1.000000000000000000, -0.000000000000000000 ) ) ;
#5053 = ORIENTED_EDGE ( 'NONE', *, *, #1397, .F. ) ;
#5054 = ORIENTED_EDGE ( 'NONE', *, *, #6537, .T. ) ;
#5055 = FACE_OUTER_BOUND ( 'NONE', #5302, .T. ) ;
#5056 = ORIENTED_EDGE ( 'NONE', *, *, #8169, .T. ) ;
#5057 = ORIENTED_EDGE ( 'NONE', *, *, #8493, .T. ) ;
#5058 = EDGE_CURVE ( 'NONE', #3476, #9415, #1498, .T. ) ;
#5059 = LINE ( 'NONE', #6544, #8486 ) ;
#5060 = EDGE_CURVE ( 'NONE', #6441, #9188, #6715, .T. ) ;
#5061 = CYLINDRICAL_SURFACE ( 'NONE', #8422, 14.99999999999999645 ) ;
#5062 = CARTESIAN_POINT ( 'NONE',  ( -64.00132858745533326, 65.00000000000000000, 11.35032770630761334 ) ) ;
#5063 = FACE_OUTER_BOUND ( 'NONE', #6730, .T. ) ;
#5064 = VERTEX_POINT ( 'NONE', #6567 ) ;
#5065 = EDGE_CURVE ( 'NONE', #184, #4847, #5236, .T. ) ;
#5066 = EDGE_CURVE ( 'NONE', #1539, #3052, #2872, .T. ) ;
#5067 = CARTESIAN_POINT ( 'NONE',  ( -59.49512087170346319, 51.13438742613783461, -53.48262228118005623 ) ) ;
#5068 = VERTEX_POINT ( 'NONE', #6021 ) ;
#5069 = CARTESIAN_POINT ( 'NONE',  ( 4.050000000000818723, 60.83826859021802136, 58.10521046563250991 ) ) ;
#5070 = EDGE_CURVE ( 'NONE', #5832, #5131, #6760, .T. ) ;
#5071 = CARTESIAN_POINT ( 'NONE',  ( 5.802365231611493535, 49.91208628864306007, 60.65659954966129419 ) ) ;
#5072 = CARTESIAN_POINT ( 'NONE',  ( -18.89587269351088139, 30.90000000000000213, -51.65216350890474217 ) ) ;
#5074 = CARTESIAN_POINT ( 'NONE',  ( -74.49999999999994316, 65.00000000000000000, 5.477225575052303341 ) ) ;
#5073 = CARTESIAN_POINT ( 'NONE',  ( 25.00000000000000000, 65.00000000000000000, -0.000000000000000000 ) ) ;
#5075 = VERTEX_POINT ( 'NONE', #7504 ) ;
#5076 = ORIENTED_EDGE ( 'NONE', *, *, #4228, .T. ) ;
#5077 = CARTESIAN_POINT ( 'NONE',  ( 64.40000000000004832, 62.32658151869705421, 1.472166390312478867 ) ) ;
#5078 = EDGE_CURVE ( 'NONE', #8751, #185, #5830, .T. ) ;
#5079 = DIRECTION ( 'NONE',  ( 0.7071067811865475727, -0.000000000000000000, 0.7071067811865474617 ) ) ;
#5080 = DIRECTION ( 'NONE',  ( 0.7071067811865475727, 0.000000000000000000, 0.7071067811865475727 ) ) ;
#5081 = VECTOR ( 'NONE', #5635, 1000.000000000000000 ) ;
#5082 = CARTESIAN_POINT ( 'NONE',  ( 44.86592526628628974, 52.90000000000000568, -39.13836033867556807 ) ) ;
#5083 = DIRECTION ( 'NONE',  ( -1.000000000000000000, 0.000000000000000000, 8.826273045769994496E-15 ) ) ;
#5084 = CARTESIAN_POINT ( 'NONE',  ( 60.46519819453172317, 64.79987353099551228, -52.38336069342844326 ) ) ;
#5085 = DIRECTION ( 'NONE',  ( -0.8660254037844375974, 0.5000000000000018874, 1.203866961868353444E-14 ) ) ;
#5086 = B_SPLINE_CURVE_WITH_KNOTS ( 'NONE', 3,
 ( #8436, #7652, #221, #816, #8242, #7602, #866 ),
 .UNSPECIFIED., .F., .F.,
 ( 4, 3, 4 ),
 ( 0.001593213542510912937, 0.002954456518674312103, 0.003259114558754699215 ),
 .UNSPECIFIED. ) ;
#5087 = AXIS2_PLACEMENT_3D ( 'NONE', #7298, #2180, #8179 ) ;
#5088 = AXIS2_PLACEMENT_3D ( 'NONE', #8026, #2125, #4387 ) ;
#5089 = VERTEX_POINT ( 'NONE', #5190 ) ;
#5090 = ORIENTED_EDGE ( 'NONE', *, *, #3364, .F. ) ;
#5091 = FACE_OUTER_BOUND ( 'NONE', #8754, .T. ) ;
#5092 = ORIENTED_EDGE ( 'NONE', *, *, #2314, .T. ) ;
#5093 = CARTESIAN_POINT ( 'NONE',  ( 6.655330888320908578, 1.500000000000001332, 7.529663527230791686 ) ) ;
#5094 = ORIENTED_EDGE ( 'NONE', *, *, #9514, .F. ) ;
#5095 = CARTESIAN_POINT ( 'NONE',  ( 54.59858825612241873, 50.44870952965122513, 58.47277639576644503 ) ) ;
#5096 = LINE ( 'NONE', #8835, #9220 ) ;
#5097 = CIRCLE ( 'NONE', #856, 2.149999999999999023 ) ;
#5098 = AXIS2_PLACEMENT_3D ( 'NONE', #7859, #6578, #8747 ) ;
#5099 = AXIS2_PLACEMENT_3D ( 'NONE', #7925, #4191, #1833 ) ;
#5100 = EDGE_CURVE ( 'NONE', #2880, #2550, #5140, .T. ) ;
#5101 = EDGE_CURVE ( 'NONE', #786, #9463, #8070, .T. ) ;
#5102 = CARTESIAN_POINT ( 'NONE',  ( -62.18507848280683703, 49.32494599099504029, 6.546592828192332014 ) ) ;
#5103 = CARTESIAN_POINT ( 'NONE',  ( -79.97144232820679122, 50.27240876867351460, -2.205864534943140054 ) ) ;
#5104 = DIRECTION ( 'NONE',  ( -1.000000000000000000, -0.000000000000000000, 8.826273045769994496E-15 ) ) ;
#5105 = EDGE_CURVE ( 'NONE', #671, #3712, #7309, .T. ) ;
#5106 = PLANE ( 'NONE',  #224 ) ;
#5107 = EDGE_LOOP ( 'NONE', ( #3964, #4245, #9487, #8163 ) ) ;
#5108 = AXIS2_PLACEMENT_3D ( 'NONE', #6133, #2074, #8767 ) ;
#5109 = ORIENTED_EDGE ( 'NONE', *, *, #9368, .F. ) ;
#5110 = VECTOR ( 'NONE', #3937, 1000.000000000000000 ) ;
#5111 = DIRECTION ( 'NONE',  ( -0.000000000000000000, 1.000000000000000000, -0.000000000000000000 ) ) ;
#5112 = VERTEX_POINT ( 'NONE', #2236 ) ;
#5113 = VERTEX_POINT ( 'NONE', #1449 ) ;
#5114 = VECTOR ( 'NONE', #2810, 1000.000000000000000 ) ;
#5115 = CARTESIAN_POINT ( 'NONE',  ( 10.47722557505072594, 65.00000000000000000, -64.07814946534381306 ) ) ;
#5116 = CIRCLE ( 'NONE', #2895, 80.00000000000000000 ) ;
#5117 = CARTESIAN_POINT ( 'NONE',  ( 64.40000000000006253, 59.13835726674090409, 4.049999999999768008 ) ) ;
#5118 = FACE_OUTER_BOUND ( 'NONE', #8536, .T. ) ;
#5119 = CYLINDRICAL_SURFACE ( 'NONE', #1488, 9.999999999999996447 ) ;
#5120 = ORIENTED_EDGE ( 'NONE', *, *, #2343, .T. ) ;
#5121 = DIRECTION ( 'NONE',  ( 0.7071067811865450192, 0.000000000000000000, -0.7071067811865500152 ) ) ;
#5122 = EDGE_LOOP ( 'NONE', ( #8638, #4515 ) ) ;
#5123 = FACE_OUTER_BOUND ( 'NONE', #4302, .T. ) ;
#5124 = CARTESIAN_POINT ( 'NONE',  ( -3.916743474386488622, 53.87716522095621485, 57.40000000000004832 ) ) ;
#5125 = DIRECTION ( 'NONE',  ( 0.7071067811865474617, 0.000000000000000000, -0.7071067811865474617 ) ) ;
#5126 = ADVANCED_FACE ( 'NONE', ( #2290 ), #8284, .F. ) ;
#5127 = AXIS2_PLACEMENT_3D ( 'NONE', #1654, #8296, #6085 ) ;
#5129 = CARTESIAN_POINT ( 'NONE',  ( 79.68366399327419458, 63.16973226250811990, -7.109129066227640514 ) ) ;
#5128 = CARTESIAN_POINT ( 'NONE',  ( -5.646478818413158685, 49.98058182672756544, 60.36806642904172548 ) ) ;
#5130 = EDGE_LOOP ( 'NONE', ( #1033, #4501, #2640, #188 ) ) ;
#5131 = VERTEX_POINT ( 'NONE', #1692 ) ;
#5132 = FACE_OUTER_BOUND ( 'NONE', #9051, .T. ) ;
#5133 = CARTESIAN_POINT ( 'NONE',  ( 28.37734619600017894, 30.90000000000000213, 11.67002566352177517 ) ) ;
#5134 = CYLINDRICAL_SURFACE ( 'NONE', #1326, 8.499999999999998224 ) ;
#5135 = DIRECTION ( 'NONE',  ( -0.7071067811865474617, 0.000000000000000000, 0.7071067811865474617 ) ) ;
#5136 = CARTESIAN_POINT ( 'NONE',  ( 8.956822233372725057E-13, 9.672827050956818619E-28, 64.40000000000004832 ) ) ;
#5137 = CARTESIAN_POINT ( 'NONE',  ( 46.57865554603828429, 54.67341848130278237, -44.49669787078904193 ) ) ;
#5138 =( BOUNDED_SURFACE ( )  B_SPLINE_SURFACE ( 3, 2, ( 
 ( #3696, #5907, #9000 ),
 ( #2220, #6697, #9690 ),
 ( #5266, #792, #2171 ),
 ( #2951, #2264, #5959 ),
 ( #1474, #4478, #7534 ),
 ( #7485, #6740, #3796 ) ),
 .UNSPECIFIED., .F., .F., .T. ) 
 B_SPLINE_SURFACE_WITH_KNOTS ( ( 4, 2, 4 ),
 ( 3, 3 ),
 ( 0.02122663345881160499, 0.02709285688364397593, 0.03295908030847635034 ),
 ( 0.000000000000000000, 1.000000000000000000 ),
 .UNSPECIFIED. ) 
 GEOMETRIC_REPRESENTATION_ITEM ( )  RATIONAL_B_SPLINE_SURFACE ( (
 ( 1.000000000000000000, 0.7700162325872861313, 1.000000000000000000),
 ( 1.000000000000000000, 0.7634916059719535353, 1.000000000000000000),
 ( 1.000000000000000000, 0.7601171944266142955, 1.000000000000000000),
 ( 1.000000000000000000, 0.7601167057323321430, 1.000000000000000000),
 ( 1.000000000000000000, 0.7634905966362498519, 1.000000000000000000),
 ( 1.000000000000000000, 0.7700162701478097116, 1.000000000000000000) ) ) 
 REPRESENTATION_ITEM ( '' )  SURFACE ( )  );
#5139 = CARTESIAN_POINT ( 'NONE',  ( 57.35040587229392628, 50.05457906919303213, -55.77840068099491333 ) ) ;
#5140 = LINE ( 'NONE', #7453, #5708 ) ;
#5141 = EDGE_CURVE ( 'NONE', #5158, #231, #2476, .T. ) ;
#5142 = VERTEX_POINT ( 'NONE', #4682 ) ;
#5143 = ORIENTED_EDGE ( 'NONE', *, *, #8411, .T. ) ;
#5144 = CARTESIAN_POINT ( 'NONE',  ( -42.67389424460763081, 52.90000000000000568, 48.40145917221963145 ) ) ;
#5145 = EDGE_LOOP ( 'NONE', ( #5268, #8130, #6854 ) ) ;
#5146 = CARTESIAN_POINT ( 'NONE',  ( 50.23792566855537700, 58.80725860818438377, -62.25874094872708753 ) ) ;
#5147 = ORIENTED_EDGE ( 'NONE', *, *, #4916, .T. ) ;
#5148 = EDGE_CURVE ( 'NONE', #1666, #770, #267, .T. ) ;
#5149 = DIRECTION ( 'NONE',  ( -0.7071067811865500152, 0.000000000000000000, -0.7071067811865451302 ) ) ;
#5150 = EDGE_CURVE ( 'NONE', #7269, #1366, #1434, .T. ) ;
#5151 = CARTESIAN_POINT ( 'NONE',  ( 64.40000000000000568, 58.49999999999999289, -1.180056052874078735E-13 ) ) ;
#5152 = VECTOR ( 'NONE', #4757, 1000.000000000000000 ) ;
#5153 = CARTESIAN_POINT ( 'NONE',  ( -64.06574809199075560, 46.25743379530681665, 10.03402575879611547 ) ) ;
#5154 = CARTESIAN_POINT ( 'NONE',  ( -80.00002138937003338, 49.99979868826900287, -0.5517439345195410683 ) ) ;
#5155 = CARTESIAN_POINT ( 'NONE',  ( -10.47722557505256269, 65.00000000000000000, -59.07814946534348621 ) ) ;
#5156 = CARTESIAN_POINT ( 'NONE',  ( -48.40145917221872907, 56.16173140978199996, 42.67389424460864689 ) ) ;
#5157 = VERTEX_POINT ( 'NONE', #7595 ) ;
#5158 = VERTEX_POINT ( 'NONE', #5330 ) ;
#5159 = LINE ( 'NONE', #535, #480 ) ;
#5160 = ORIENTED_EDGE ( 'NONE', *, *, #1930, .F. ) ;
#5161 = VERTEX_POINT ( 'NONE', #6075 ) ;
#5162 = CIRCLE ( 'NONE', #8925, 8.499999999999998224 ) ;
#5163 = EDGE_CURVE ( 'NONE', #7281, #708, #7913, .T. ) ;
#5164 = DIRECTION ( 'NONE',  ( 0.000000000000000000, 1.000000000000000000, 0.000000000000000000 ) ) ;
#5165 = B_SPLINE_CURVE_WITH_KNOTS ( 'NONE', 3,
 ( #6904, #1694, #315, #5427, #3319, #4639, #7647, #903, #4683, #214, #7694, #950, #3218, #5707, #5067, #1281, #4382, #1187, #9392, #2069, #7921, #2806, #9440, #8066, #1329, #1376, #4333, #6594, #5853, #7339, #7387, #2022, #8760, #9594, #4236, #3597, #2854, #7287, #548, #599, #5809, #6405, #8809 ),
 .UNSPECIFIED., .F., .F.,
 ( 4, 2, 2, 2, 2, 2, 2, 2, 1, 2, 2, 2, 2, 2, 2, 2, 2, 2, 2, 2, 2, 4 ),
 ( 0.000000000000000000, 0.001662101641894187572, 0.002493152462841270733, 0.003324203283788354328, 0.004986304925682501568, 0.006648406567576649676, 0.008310508209470797783, 0.009141559030417877041, 0.009972609851364958033, 0.01080366067231203903, 0.01163471149325911828, 0.01329681313515331323, 0.01495891477704750297, 0.01662101641894169965, 0.01745206723988879452, 0.01828311806083588939, 0.01994521970273009301, 0.02160732134462429663, 0.02243837216557139497, 0.02326942298651848984, 0.02493152462841271427, 0.02659362627030693524 ),
 .UNSPECIFIED. ) ;
#5166 = CARTESIAN_POINT ( 'NONE',  ( -11.35032770630694365, 65.00000000000000000, -64.00132858745546116 ) ) ;
#5167 = LINE ( 'NONE', #2851, #4525 ) ;
#5168 = DIRECTION ( 'NONE',  ( -0.000000000000000000, -1.000000000000000000, -0.000000000000000000 ) ) ;
#5169 = CIRCLE ( 'NONE', #5633, 4.000000000000003553 ) ;
#5170 = CARTESIAN_POINT ( 'NONE',  ( -2.208194219943149683, 50.27305549578464650, -79.97137564344853899 ) ) ;
#5171 = ORIENTED_EDGE ( 'NONE', *, *, #3160, .T. ) ;
#5172 = DIRECTION ( 'NONE',  ( -1.000000000000000000, -0.000000000000000000, 8.826273045769994496E-15 ) ) ;
#5173 = CARTESIAN_POINT ( 'NONE',  ( 1.938576124412396906, 49.93913632543437586, 60.77778074932915331 ) ) ;
#5174 = ADVANCED_FACE ( 'NONE', ( #7646, #5475 ), #3214, .T. ) ;
#5175 = LINE ( 'NONE', #6009, #3984 ) ;
#5176 = DIRECTION ( 'NONE',  ( 0.8660254037844380415, -0.5000000000000011102, -5.991246546128633857E-15 ) ) ;
#5178 = CARTESIAN_POINT ( 'NONE',  ( 1.472166390313745854, 62.32658151869697605, 64.40000000000003411 ) ) ;
#5177 = CARTESIAN_POINT ( 'NONE',  ( -60.39864020533315170, 52.09201476404107467, 52.46105830492354016 ) ) ;
#5179 = ORIENTED_EDGE ( 'NONE', *, *, #2965, .T. ) ;
#5180 = ORIENTED_EDGE ( 'NONE', *, *, #3238, .T. ) ;
#5181 = DIRECTION ( 'NONE',  ( -0.000000000000000000, -1.000000000000000000, -0.000000000000000000 ) ) ;
#5182 = CARTESIAN_POINT ( 'NONE',  ( -64.40000000000004832, 9.672827050956818619E-28, 2.211280286727785861E-13 ) ) ;
#5183 = FACE_OUTER_BOUND ( 'NONE', #6582, .T. ) ;
#5184 = CIRCLE ( 'NONE', #8800, 3.600000000000005862 ) ;
#5185 = B_SPLINE_CURVE_WITH_KNOTS ( 'NONE', 3,
 ( #8791, #4312, #5001, #5051, #8748, #681, #4368, #9675, #3636, #8839, #6629, #5944, #3488, #2206, #7375, #4220, #8890, #9577, #8940, #5205, #2840, #7227 ),
 .UNSPECIFIED., .F., .F.,
 ( 4, 2, 2, 2, 2, 2, 2, 2, 2, 2, 4 ),
 ( 0.0009409463969580995424, 0.001487118784310471984, 0.002033291171662844100, 0.003125635946367582262, 0.004217980721072321290, 0.005310325495777058584, 0.006402670270481797613, 0.007495015045186536641, 0.008587359819891275670, 0.009133532207243642148, 0.009679704594596010361 ),
 .UNSPECIFIED. ) ;
#5186 = CARTESIAN_POINT ( 'NONE',  ( -58.34547999396786366, 51.27224245364381972, -4.374024326020622411 ) ) ;
#5187 = DIRECTION ( 'NONE',  ( -0.6123724356957945814, 0.4999999999999998890, 0.6123724356957945814 ) ) ;
#5188 = EDGE_CURVE ( 'NONE', #8252, #9175, #3947, .T. ) ;
#5189 = LINE ( 'NONE', #5235, #4500 ) ;
#5190 = CARTESIAN_POINT ( 'NONE',  ( 48.40145917221918381, 57.86164273325976382, 42.67389424460813530 ) ) ;
#5191 = CARTESIAN_POINT ( 'NONE',  ( 42.67389424460797187, 52.90000000000000568, -48.40145917221933303 ) ) ;
#5192 = ORIENTED_EDGE ( 'NONE', *, *, #4508, .F. ) ;
#5193 = CIRCLE ( 'NONE', #9268, 4.099999999999999645 ) ;
#5194 = ADVANCED_FACE ( 'NONE', ( #2428 ), #5426, .F. ) ;
#5195 = ORIENTED_EDGE ( 'NONE', *, *, #5188, .F. ) ;
#5196 = EDGE_CURVE ( 'NONE', #7235, #3352, #3978, .T. ) ;
#5197 = DIRECTION ( 'NONE',  ( 0.000000000000000000, 0.000000000000000000, 1.000000000000000000 ) ) ;
#5198 = VERTEX_POINT ( 'NONE', #3116 ) ;
#5199 = CARTESIAN_POINT ( 'NONE',  ( 1.781881413105030232, 62.14776746691629938, 57.40000000000001990 ) ) ;
#5200 = ORIENTED_EDGE ( 'NONE', *, *, #4296, .F. ) ;
#5201 = FACE_OUTER_BOUND ( 'NONE', #7119, .T. ) ;
#5202 =( BOUNDED_CURVE ( )  B_SPLINE_CURVE ( 3, ( #2561, #9442, #1976, #7974 ),
 .UNSPECIFIED., .F., .T. ) 
 B_SPLINE_CURVE_WITH_KNOTS ( ( 4, 4 ),
 ( 0.9679010885990060320, 1.570796326794889897 ),
 .UNSPECIFIED. ) 
 CURVE ( )  GEOMETRIC_REPRESENTATION_ITEM ( )  RATIONAL_B_SPLINE_CURVE ( ( 1.000000000000000000, 0.9699384583854202546, 0.9699384583854202546, 1.000000000000000000 ) ) 
 REPRESENTATION_ITEM ( '' )  );
#5203 = CARTESIAN_POINT ( 'NONE',  ( -64.08194914041139612, 46.00847302059890609, 10.29933470396616357 ) ) ;
#5204 = CARTESIAN_POINT ( 'NONE',  ( -79.91183153886461810, 50.87320642852101571, -3.762957380655914008 ) ) ;
#5205 = CARTESIAN_POINT ( 'NONE',  ( 64.04231169530638113, 45.25393801294126206, -11.08916469469295230 ) ) ;
#5206 = CARTESIAN_POINT ( 'NONE',  ( 44.86592526628628974, 65.00000000000000000, -39.13836033867556807 ) ) ;
#5207 = PRODUCT ( '1M2A', '1M2A', '', ( #820 ) ) ;
#5208 = VERTEX_POINT ( 'NONE', #6163 ) ;
#5209 = ORIENTED_EDGE ( 'NONE', *, *, #1076, .F. ) ;
#5210 = DIRECTION ( 'NONE',  ( 0.000000000000000000, 1.000000000000000000, 0.000000000000000000 ) ) ;
#5211 = ORIENTED_EDGE ( 'NONE', *, *, #8532, .T. ) ;
#5212 = VERTEX_POINT ( 'NONE', #7785 ) ;
#5213 = FACE_BOUND ( 'NONE', #6876, .T. ) ;
#5214 = CARTESIAN_POINT ( 'NONE',  ( -52.67945519839779678, 58.49999999999999289, -52.67945519839778257 ) ) ;
#5215 = CARTESIAN_POINT ( 'NONE',  ( 0.000000000000000000, 58.00000000000000000, 0.000000000000000000 ) ) ;
#5216 = DIRECTION ( 'NONE',  ( 6.982962677686267499E-15, -0.000000000000000000, 1.000000000000000000 ) ) ;
#5217 = ORIENTED_EDGE ( 'NONE', *, *, #7870, .T. ) ;
#5218 = CARTESIAN_POINT ( 'NONE',  ( 66.98126610706803774, -35.59999999999999432, -25.59454884646963180 ) ) ;
#5219 = CARTESIAN_POINT ( 'NONE',  ( -4.592979611832889198E-13, 53.82346281956404255, -64.40000000000004832 ) ) ;
#5220 = DIRECTION ( 'NONE',  ( -0.000000000000000000, -1.000000000000000000, -0.000000000000000000 ) ) ;
#5221 = CARTESIAN_POINT ( 'NONE',  ( -64.39999999999999147, 58.49999999999995737, 5.701467076235642709E-13 ) ) ;
#5222 = ADVANCED_FACE ( 'NONE', ( #1741 ), #6119, .T. ) ;
#5223 = EDGE_CURVE ( 'NONE', #5783, #1566, #9466, .T. ) ;
#5225 = DIRECTION ( 'NONE',  ( 0.7071067811865475727, 0.000000000000000000, 0.7071067811865474617 ) ) ;
#5224 = LINE ( 'NONE', #3061, #3389 ) ;
#5226 = ORIENTED_EDGE ( 'NONE', *, *, #105, .T. ) ;
#5227 = VERTEX_POINT ( 'NONE', #6902 ) ;
#5228 = EDGE_CURVE ( 'NONE', #2320, #1929, #991, .T. ) ;
#5229 = DIRECTION ( 'NONE',  ( -0.9238795325112910684, 0.000000000000000000, -0.3826834323650793457 ) ) ;
#5230 = CARTESIAN_POINT ( 'NONE',  ( 27.74454884646939945, 14.70000000000000462, 66.98126610706812301 ) ) ;
#5231 = DIRECTION ( 'NONE',  ( 0.9258200997725513082, -0.3779644730092274196, 0.000000000000000000 ) ) ;
#5232 = EDGE_CURVE ( 'NONE', #4713, #1912, #3042, .T. ) ;
#5233 = DIRECTION ( 'NONE',  ( 0.8660254037844380415, -0.5000000000000009992, -1.203866961868353286E-14 ) ) ;
#5234 = CARTESIAN_POINT ( 'NONE',  ( -1.472166390313147222, 54.67341848130299553, -64.40000000000003411 ) ) ;
#5235 = CARTESIAN_POINT ( 'NONE',  ( -48.40145917221872907, 56.16173140978199996, 42.67389424460864689 ) ) ;
#5236 = LINE ( 'NONE', #9562, #4763 ) ;
#5237 = CARTESIAN_POINT ( 'NONE',  ( -57.51257203140285412, 52.91803257104854197, 2.744449416887039028 ) ) ;
#5238 = EDGE_LOOP ( 'NONE', ( #4903, #2309, #6149, #8397, #9413, #919 ) ) ;
#5239 = ORIENTED_EDGE ( 'NONE', *, *, #6187, .F. ) ;
#5240 = VECTOR ( 'NONE', #4496, 999.9999999999998863 ) ;
#5241 = CARTESIAN_POINT ( 'NONE',  ( 43.71487308223311885, 55.31177574804311092, 47.36048033459420026 ) ) ;
#5242 = VERTEX_POINT ( 'NONE', #2334 ) ;
#5243 = CARTESIAN_POINT ( 'NONE',  ( 40.23681451127851716, 58.49999999999999289, 34.43853890554881758 ) ) ;
#5244 = CARTESIAN_POINT ( 'NONE',  ( 61.71262245511009326, 54.73356094549178152, 50.90773910711678241 ) ) ;
#5245 = EDGE_CURVE ( 'NONE', #6196, #5208, #7599, .T. ) ;
#5246 = AXIS2_PLACEMENT_3D ( 'NONE', #4886, #7887, #371 ) ;
#5247 = EDGE_CURVE ( 'NONE', #2132, #4053, #3204, .T. ) ;
#5248 = CIRCLE ( 'NONE', #5088, 65.00000000000000000 ) ;
#5249 = CARTESIAN_POINT ( 'NONE',  ( 62.25874094872690279, 58.49999999999999289, 50.23792566855558306 ) ) ;
#5250 = CARTESIAN_POINT ( 'NONE',  ( -79.59366262404455483, 55.76642749574394742, 8.053291202876229349 ) ) ;
#5251 = CARTESIAN_POINT ( 'NONE',  ( -60.30878758429670228, 65.00000000000000000, 52.56282089188308504 ) ) ;
#5252 = FACE_OUTER_BOUND ( 'NONE', #42, .T. ) ;
#5253 = ORIENTED_EDGE ( 'NONE', *, *, #3896, .F. ) ;
#5254 = ORIENTED_EDGE ( 'NONE', *, *, #3774, .T. ) ;
#5255 = CARTESIAN_POINT ( 'NONE',  ( 45.53767670841350679, 53.82346281956403544, -45.53767670841381232 ) ) ;
#5256 = EDGE_LOOP ( 'NONE', ( #3035, #5393, #6015, #7853, #758, #9189 ) ) ;
#5257 = ORIENTED_EDGE ( 'NONE', *, *, #8707, .T. ) ;
#5258 = VECTOR ( 'NONE', #1657, 1000.000000000000000 ) ;
#5259 = CIRCLE ( 'NONE', #5413, 9.999999999999994671 ) ;
#5260 = FACE_BOUND ( 'NONE', #3877, .T. ) ;
#5261 = DIRECTION ( 'NONE',  ( 0.000000000000000000, 0.000000000000000000, 1.000000000000000000 ) ) ;
#5262 = CARTESIAN_POINT ( 'NONE',  ( -3.470779219583164175E-13, 58.49999999999999289, -64.40000000000000568 ) ) ;
#5263 = DIRECTION ( 'NONE',  ( -0.000000000000000000, 1.000000000000000000, -0.000000000000000000 ) ) ;
#5264 = AXIS2_PLACEMENT_3D ( 'NONE', #3732, #2886, #6727 ) ;
#5265 = VECTOR ( 'NONE', #699, 1000.000000000000114 ) ;
#5266 = CARTESIAN_POINT ( 'NONE',  ( 57.40000000000005542, 53.89044323082825372, 1.958851601264728792 ) ) ;
#5267 = VERTEX_POINT ( 'NONE', #1640 ) ;
#5268 = ORIENTED_EDGE ( 'NONE', *, *, #3006, .T. ) ;
#5269 = CARTESIAN_POINT ( 'NONE',  ( 8.946128475157607287E-13, 63.17653718043602140, 64.40000000000004832 ) ) ;
#5270 = LINE ( 'NONE', #797, #8557 ) ;
#5271 = EDGE_CURVE ( 'NONE', #8122, #1899, #1556, .T. ) ;
#5272 = CARTESIAN_POINT ( 'NONE',  ( 0.000000000000000000, 65.00000000000000000, 0.000000000000000000 ) ) ;
#5273 = AXIS2_PLACEMENT_3D ( 'NONE', #5182, #6610, #5924 ) ;
#5274 = DIRECTION ( 'NONE',  ( 0.000000000000000000, 0.000000000000000000, 1.000000000000000000 ) ) ;
#5275 = DIRECTION ( 'NONE',  ( 0.000000000000000000, 1.000000000000000000, 0.000000000000000000 ) ) ;
#5276 = ORIENTED_EDGE ( 'NONE', *, *, #7, .F. ) ;
#5277 = AXIS2_PLACEMENT_3D ( 'NONE', #5660, #3406, #7284 ) ;
#5278 = ORIENTED_EDGE ( 'NONE', *, *, #8362, .F. ) ;
#5279 = CARTESIAN_POINT ( 'NONE',  ( -8.500000000000428102, 58.49999999999999289, -79.54715582596270451 ) ) ;
#5280 = DIRECTION ( 'NONE',  ( 2.967535009851178835E-15, -0.5000000000000011102, 0.8660254037844380415 ) ) ;
#5281 = CIRCLE ( 'NONE', #109, 8.500000000000000000 ) ;
#5282 = DIRECTION ( 'NONE',  ( -0.7071067811865474617, 0.000000000000000000, -0.7071067811865474617 ) ) ;
#5283 = ADVANCED_FACE ( 'NONE', ( #2679, #3470 ), #7259, .T. ) ;
#5284 = CYLINDRICAL_SURFACE ( 'NONE', #66, 9.999999999999994671 ) ;
#5285 = DIRECTION ( 'NONE',  ( 1.000000000000000000, -0.000000000000000000, 0.000000000000000000 ) ) ;
#5286 = DIRECTION ( 'NONE',  ( 0.7071067811865401342, -0.000000000000000000, -0.7071067811865549002 ) ) ;
#5287 = ADVANCED_FACE ( 'NONE', ( #2722, #7209 ), #3375, .T. ) ;
#5288 = ORIENTED_EDGE ( 'NONE', *, *, #7955, .T. ) ;
#5289 = AXIS2_PLACEMENT_3D ( 'NONE', #3946, #4727, #170 ) ;
#5290 = EDGE_LOOP ( 'NONE', ( #2240, #56 ) ) ;
#5291 = FACE_OUTER_BOUND ( 'NONE', #7496, .T. ) ;
#5292 = DIRECTION ( 'NONE',  ( -0.7071067811865476838, -0.000000000000000000, -0.7071067811865474617 ) ) ;
#5293 = CARTESIAN_POINT ( 'NONE',  ( -60.56240784565888902, 49.93163963979180409, 5.701512242977080369 ) ) ;
#5294 = CARTESIAN_POINT ( 'NONE',  ( 58.99596351667325678, 50.75328012532694544, 54.03279690943234215 ) ) ;
#5295 = DIRECTION ( 'NONE',  ( -0.6622653803999822841, 0.000000000000000000, -0.7492693547207618376 ) ) ;
#5296 = CARTESIAN_POINT ( 'NONE',  ( -5.131829239182116531, 50.50377903797174639, -59.20152608713197395 ) ) ;
#5297 = CARTESIAN_POINT ( 'NONE',  ( -79.88714548007591532, 51.13636141293633841, -4.254956543807745462 ) ) ;
#5298 = LINE ( 'NONE', #9724, #3278 ) ;
#5299 = FACE_OUTER_BOUND ( 'NONE', #114, .T. ) ;
#5300 = EDGE_CURVE ( 'NONE', #1258, #3194, #6417, .T. ) ;
#5301 = ORIENTED_EDGE ( 'NONE', *, *, #8627, .F. ) ;
#5302 = EDGE_LOOP ( 'NONE', ( #6383, #8203, #5479 ) ) ;
#5303 = ORIENTED_EDGE ( 'NONE', *, *, #7743, .T. ) ;
#5304 = CARTESIAN_POINT ( 'NONE',  ( 0.000000000000000000, 10.99999999999999645, 6.099999999999999645 ) ) ;
#5305 = VERTEX_POINT ( 'NONE', #8776 ) ;
#5306 = EDGE_LOOP ( 'NONE', ( #4546, #6809 ) ) ;
#5307 = PLANE ( 'NONE',  #5825 ) ;
#5308 = DIRECTION ( 'NONE',  ( -0.7071067811865476838, -0.000000000000000000, -0.7071067811865474617 ) ) ;
#5309 = CARTESIAN_POINT ( 'NONE',  ( -64.40000000000004832, 63.17653718043602140, 2.200586528512667334E-13 ) ) ;
#5310 = CARTESIAN_POINT ( 'NONE',  ( 0.000000000000000000, 45.00000000000000711, 0.000000000000000000 ) ) ;
#5311 = EDGE_CURVE ( 'NONE', #6542, #6717, #567, .T. ) ;
#5312 = CARTESIAN_POINT ( 'NONE',  ( 7.524155313998010600E-23, 49.99999999999998579, -80.00000000000000000 ) ) ;
#5313 = VECTOR ( 'NONE', #8758, 1000.000000000000000 ) ;
#5314 = EDGE_LOOP ( 'NONE', ( #174, #9512, #8750, #4797, #7648, #4944, #2251, #5762 ) ) ;
#5315 = VERTEX_POINT ( 'NONE', #8674 ) ;
#5316 = CYLINDRICAL_SURFACE ( 'NONE', #3065, 8.499999999999998224 ) ;
#5317 = EDGE_CURVE ( 'NONE', #9714, #921, #4150, .T. ) ;
#5318 = CARTESIAN_POINT ( 'NONE',  ( 45.53767670841366311, 53.82346281956403544, 45.53767670841366311 ) ) ;
#5319 = DIRECTION ( 'NONE',  ( 3.426614273534433601E-15, 0.000000000000000000, 1.000000000000000000 ) ) ;
#5320 = VECTOR ( 'NONE', #4767, 999.9999999999998863 ) ;
#5321 = CARTESIAN_POINT ( 'NONE',  ( -62.08593200236529697, 56.29130941663270704, 50.45145201030931759 ) ) ;
#5322 = ORIENTED_EDGE ( 'NONE', *, *, #4000, .F. ) ;
#5323 = ORIENTED_EDGE ( 'NONE', *, *, #400, .T. ) ;
#5324 = ADVANCED_FACE ( 'NONE', ( #465, #6512 ), #7986, .F. ) ;
#5325 = LINE ( 'NONE', #3761, #8717 ) ;
#5326 = CIRCLE ( 'NONE', #4230, 80.00000000000000000 ) ;
#5327 = CARTESIAN_POINT ( 'NONE',  ( -60.65660001241676724, 49.91208640216488135, -5.802354120911106250 ) ) ;
#5328 = CARTESIAN_POINT ( 'NONE',  ( 42.67389424460814240, 56.16173140978202127, 48.40145917221917671 ) ) ;
#5329 = LINE ( 'NONE', #4637, #8744 ) ;
#5330 = CARTESIAN_POINT ( 'NONE',  ( -64.40000000000006253, 61.68822425195786252, -2.577833609685558081 ) ) ;
#5331 = CARTESIAN_POINT ( 'NONE',  ( -57.41771854662157182, 53.49592842463902542, 2.170281114639299958 ) ) ;
#5332 = ORIENTED_EDGE ( 'NONE', *, *, #4400, .T. ) ;
#5333 = ORIENTED_EDGE ( 'NONE', *, *, #3980, .T. ) ;
#5334 = CARTESIAN_POINT ( 'NONE',  ( -4.459794268942765257E-13, 9.672827050956818619E-28, -64.40000000000004832 ) ) ;
#5335 = DIRECTION ( 'NONE',  ( 0.000000000000000000, 0.000000000000000000, 1.000000000000000000 ) ) ;
#5336 = CARTESIAN_POINT ( 'NONE',  ( -60.65943617683419120, 49.91278067414284436, 5.733858381164163021 ) ) ;
#5337 = ADVANCED_FACE ( 'NONE', ( #7885 ), #1933, .F. ) ;
#5338 = DIRECTION ( 'NONE',  ( -1.854709381156977158E-16, 1.000000000000000000, 1.942704957986064299E-30 ) ) ;
#5339 = DIRECTION ( 'NONE',  ( 0.000000000000000000, 0.000000000000000000, 1.000000000000000000 ) ) ;
#5340 = AXIS2_PLACEMENT_3D ( 'NONE', #9716, #7600, #5380 ) ;
#5341 = CARTESIAN_POINT ( 'NONE',  ( -3.857474182258004536, 51.79487291879314625, -57.97417131571118176 ) ) ;
#5342 = CARTESIAN_POINT ( 'NONE',  ( -74.49999999999998579, 58.49999999999999289, 6.592226764468023248E-13 ) ) ;
#5343 = EDGE_CURVE ( 'NONE', #2045, #2591, #9306, .T. ) ;
#5344 = CARTESIAN_POINT ( 'NONE',  ( 74.50000000000000000, 58.49999999999999289, -4.100000000000135536 ) ) ;
#5345 = AXIS2_PLACEMENT_3D ( 'NONE', #939, #7088, #6349 ) ;
#5346 = EDGE_LOOP ( 'NONE', ( #4343, #6721, #9581, #9390 ) ) ;
#5347 = EDGE_CURVE ( 'NONE', #7597, #8443, #9313, .T. ) ;
#5348 = ORIENTED_EDGE ( 'NONE', *, *, #5883, .F. ) ;
#5349 = ORIENTED_EDGE ( 'NONE', *, *, #8546, .T. ) ;
#5350 = CARTESIAN_POINT ( 'NONE',  ( -79.74649260925752969, 64.15605084518146839, -6.374788456681137028 ) ) ;
#5351 = ORIENTED_EDGE ( 'NONE', *, *, #8135, .T. ) ;
#5352 = ORIENTED_EDGE ( 'NONE', *, *, #7173, .T. ) ;
#5353 = EDGE_CURVE ( 'NONE', #1624, #1929, #1682, .T. ) ;
#5354 = VECTOR ( 'NONE', #9433, 1000.000000000000000 ) ;
#5355 = VECTOR ( 'NONE', #2468, 999.9999999999998863 ) ;
#5356 = CARTESIAN_POINT ( 'NONE',  ( 79.60277630491721368, 61.52687088733337362, 7.966542416449318154 ) ) ;
#5357 = DIRECTION ( 'NONE',  ( -0.000000000000000000, -1.000000000000000000, -0.000000000000000000 ) ) ;
#5358 = DIRECTION ( 'NONE',  ( 0.000000000000000000, 1.000000000000000000, 0.000000000000000000 ) ) ;
#5359 = CARTESIAN_POINT ( 'NONE',  ( 79.91183153886458967, 50.87320642852100860, 3.762957380656476669 ) ) ;
#5360 = CARTESIAN_POINT ( 'NONE',  ( 51.65216350890475638, 65.00000000000000000, 28.89587269351084942 ) ) ;
#5361 = ORIENTED_EDGE ( 'NONE', *, *, #284, .F. ) ;
#5362 = ORIENTED_EDGE ( 'NONE', *, *, #8401, .T. ) ;
#5363 = CARTESIAN_POINT ( 'NONE',  ( -74.50000000000002842, 65.00000000000000000, -5.477225575050984396 ) ) ;
#5364 = CARTESIAN_POINT ( 'NONE',  ( -64.00132858745591591, 45.00000000000000711, -11.35032770630428089 ) ) ;
#5365 = ADVANCED_FACE ( 'NONE', ( #663 ), #7406, .F. ) ;
#5366 = CARTESIAN_POINT ( 'NONE',  ( -64.39999999999999147, 58.49999999999995737, 5.701467076235642709E-13 ) ) ;
#5367 = ADVANCED_FACE ( 'NONE', ( #7355 ), #1445, .F. ) ;
#5368 = EDGE_CURVE ( 'NONE', #1291, #9126, #4350, .T. ) ;
#5369 = CARTESIAN_POINT ( 'NONE',  ( 11.35032770630495058, 45.00000000000000711, -64.00132858745578801 ) ) ;
#5370 = ORIENTED_EDGE ( 'NONE', *, *, #5769, .F. ) ;
#5371 = EDGE_CURVE ( 'NONE', #4223, #2880, #4720, .T. ) ;
#5372 = ORIENTED_EDGE ( 'NONE', *, *, #2036, .T. ) ;
#5373 = CARTESIAN_POINT ( 'NONE',  ( 1.781881413103105771, 54.85223253308335245, -57.40000000000006253 ) ) ;
#5374 = FACE_OUTER_BOUND ( 'NONE', #1808, .T. ) ;
#5375 = CARTESIAN_POINT ( 'NONE',  ( 58.65096429128970357, 50.54252340121941245, -54.40707636957037607 ) ) ;
#5376 = DIRECTION ( 'NONE',  ( 0.7071067811865547892, 0.000000000000000000, 0.7071067811865400232 ) ) ;
#5377 = DIRECTION ( 'NONE',  ( 0.000000000000000000, 0.000000000000000000, 1.000000000000000000 ) ) ;
#5378 = ORIENTED_EDGE ( 'NONE', *, *, #264, .F. ) ;
#5379 = VERTEX_POINT ( 'NONE', #8085 ) ;
#5380 = DIRECTION ( 'NONE',  ( -0.7071067811865474617, 0.000000000000000000, 0.7071067811865474617 ) ) ;
#5381 = CARTESIAN_POINT ( 'NONE',  ( 0.000000000000000000, 58.00000000000000000, 0.000000000000000000 ) ) ;
#5382 = LINE ( 'NONE', #8292, #3070 ) ;
#5383 = DIRECTION ( 'NONE',  ( 0.000000000000000000, -1.000000000000000000, 0.000000000000000000 ) ) ;
#5384 = DIRECTION ( 'NONE',  ( 1.854709381156977158E-16, 1.000000000000000000, -6.475683193286882164E-31 ) ) ;
#5385 = CARTESIAN_POINT ( 'NONE',  ( -5.259671429477028148, 50.37391051130657615, -59.40766745562434181 ) ) ;
#5386 = DIRECTION ( 'NONE',  ( 0.8660254037844375974, -0.5000000000000018874, 0.000000000000000000 ) ) ;
#5387 = CARTESIAN_POINT ( 'NONE',  ( -75.28891708532748339, 49.51577303841638411, -27.04771643075778442 ) ) ;
#5388 = VERTEX_POINT ( 'NONE', #9706 ) ;
#5389 = VERTEX_POINT ( 'NONE', #2967 ) ;
#5390 = ORIENTED_EDGE ( 'NONE', *, *, #8116, .T. ) ;
#5391 = CARTESIAN_POINT ( 'NONE',  ( -11.35032770630694188, 45.00000000000000711, -64.00132858745544695 ) ) ;
#5392 = ORIENTED_EDGE ( 'NONE', *, *, #8673, .F. ) ;
#5393 = ORIENTED_EDGE ( 'NONE', *, *, #148, .T. ) ;
#5394 = VECTOR ( 'NONE', #706, 1000.000000000000000 ) ;
#5395 = VECTOR ( 'NONE', #7164, 999.9999999999998863 ) ;
#5396 = EDGE_CURVE ( 'NONE', #5212, #5267, #4538, .T. ) ;
#5397 = CARTESIAN_POINT ( 'NONE',  ( -52.67945519839778967, 65.00000000000000000, -52.67945519839778257 ) ) ;
#5398 = CARTESIAN_POINT ( 'NONE',  ( -2.577833609687258054, 61.68822425195726566, -64.39999999999999147 ) ) ;
#5399 = PLANE ( 'NONE',  #6978 ) ;
#5400 = CARTESIAN_POINT ( 'NONE',  ( -64.40000000000003411, 56.16173140978203548, 4.050000000000231637 ) ) ;
#5401 = CARTESIAN_POINT ( 'NONE',  ( 79.65975723519950691, 54.24095111391811486, -7.376922362353678153 ) ) ;
#5402 = VECTOR ( 'NONE', #8006, 1000.000000000000000 ) ;
#5403 = VECTOR ( 'NONE', #3124, 1000.000000000000000 ) ;
#5404 = CARTESIAN_POINT ( 'NONE',  ( 4.491003403065631616, 51.27787961209681100, 79.87418283930625762 ) ) ;
#5405 = AXIS2_PLACEMENT_3D ( 'NONE', #2375, #8369, #3899 ) ;
#5406 = ORIENTED_EDGE ( 'NONE', *, *, #368, .F. ) ;
#5407 = ORIENTED_EDGE ( 'NONE', *, *, #8507, .T. ) ;
#5408 = CARTESIAN_POINT ( 'NONE',  ( 57.40000000000004121, 53.88633504566436727, -1.781881413105227852 ) ) ;
#5409 = CARTESIAN_POINT ( 'NONE',  ( -57.40000000000003411, 54.85223253308445379, 1.781881413105631751 ) ) ;
#5410 = CIRCLE ( 'NONE', #8398, 3.600000000000005862 ) ;
#5411 = AXIS2_PLACEMENT_3D ( 'NONE', #5230, #2231, #5970 ) ;
#5412 = CARTESIAN_POINT ( 'NONE',  ( 0.1159854610424547045, 53.89042705671922562, -57.40000000000004832 ) ) ;
#5413 = AXIS2_PLACEMENT_3D ( 'NONE', #1979, #6597, #7343 ) ;
#5414 = DIRECTION ( 'NONE',  ( 0.000000000000000000, 1.000000000000000000, 0.000000000000000000 ) ) ;
#5415 = VERTEX_POINT ( 'NONE', #7448 ) ;
#5416 = ORIENTED_EDGE ( 'NONE', *, *, #1763, .T. ) ;
#5417 = AXIS2_PLACEMENT_3D ( 'NONE', #8777, #7357, #1395 ) ;
#5418 = B_SPLINE_CURVE_WITH_KNOTS ( 'NONE', 3,
 ( #9297, #2562, #5566, #8573, #7095, #7142, #1332, #4386, #6645, #7292, #8712, #551, #2809, #3460, #2765, #6498, #8764, #604, #9597, #2072 ),
 .UNSPECIFIED., .F., .F.,
 ( 4, 2, 2, 2, 2, 2, 2, 2, 2, 4 ),
 ( 0.006253452100163731965, 0.007074845104046437010, 0.007896238107929141187, 0.008717631111811847966, 0.009539024115694551276, 0.01036041711957725632, 0.01118181012345996136, 0.01200320312734266467, 0.01241389962928401633, 0.01282459613122536798 ),
 .UNSPECIFIED. ) ;
#5419 = VECTOR ( 'NONE', #1283, 1000.000000000000114 ) ;
#5420 = LINE ( 'NONE', #1687, #8311 ) ;
#5421 = EDGE_CURVE ( 'NONE', #5267, #8287, #5826, .T. ) ;
#5422 = DIRECTION ( 'NONE',  ( 1.000000000000000000, 0.000000000000000000, -1.047444401652940007E-14 ) ) ;
#5423 = VECTOR ( 'NONE', #4283, 1000.000000000000000 ) ;
#5424 = CIRCLE ( 'NONE', #6677, 4.099999999999999645 ) ;
#5425 = CARTESIAN_POINT ( 'NONE',  ( 60.40314870830695781, 52.09871281495917827, -52.45582606906842216 ) ) ;
#5426 = CYLINDRICAL_SURFACE ( 'NONE', #61, 4.099999999999998757 ) ;
#5427 = CARTESIAN_POINT ( 'NONE',  ( -62.12127994184555035, 56.57014577954968360, -50.40783204723103239 ) ) ;
#5428 = EDGE_LOOP ( 'NONE', ( #2843, #5845, #723 ) ) ;
#5429 = ORIENTED_EDGE ( 'NONE', *, *, #5058, .T. ) ;
#5430 = FACE_OUTER_BOUND ( 'NONE', #6391, .T. ) ;
#5431 = CYLINDRICAL_SURFACE ( 'NONE', #4010, 8.500000000000000000 ) ;
#5432 = CARTESIAN_POINT ( 'NONE',  ( -1.781881413105030232, 50.00000000000000000, -57.40000000000004832 ) ) ;
#5433 = EDGE_CURVE ( 'NONE', #8560, #6095, #9014, .T. ) ;
#5434 = CARTESIAN_POINT ( 'NONE',  ( 50.34289354691274809, 60.03534836183307277, 62.17392939536090779 ) ) ;
#5435 = LINE ( 'NONE', #4737, #3927 ) ;
#5436 = B_SPLINE_CURVE_WITH_KNOTS ( 'NONE', 3,
 ( #5336, #5293, #1700, #2386 ),
 .UNSPECIFIED., .F., .F.,
 ( 4, 4 ),
 ( 1.430489624538199204E-17, 0.0003116544788811720975 ),
 .UNSPECIFIED. ) ;
#5437 = CARTESIAN_POINT ( 'NONE',  ( -5.483591322063983142, 50.14630576955502761, -59.86319938987834632 ) ) ;
#5438 = LINE ( 'NONE', #3228, #3694 ) ;
#5439 = ADVANCED_FACE ( 'NONE', ( #3014 ), #5974, .T. ) ;
#5440 = CARTESIAN_POINT ( 'NONE',  ( -57.64235574244839455, 55.77353993566974566, -3.377632643772255250 ) ) ;
#5441 = VECTOR ( 'NONE', #5603, 1000.000000000000000 ) ;
#5442 = EDGE_LOOP ( 'NONE', ( #1865, #5352, #839 ) ) ;
#5443 = ORIENTED_EDGE ( 'NONE', *, *, #1358, .T. ) ;
#5444 = VERTEX_POINT ( 'NONE', #3565 ) ;
#5445 = ADVANCED_FACE ( 'NONE', ( #9656 ), #614, .F. ) ;
#5446 = PLANE ( 'NONE',  #9106 ) ;
#5447 = ORIENTED_EDGE ( 'NONE', *, *, #6943, .T. ) ;
#5448 = ORIENTED_EDGE ( 'NONE', *, *, #8831, .F. ) ;
#5449 = EDGE_CURVE ( 'NONE', #489, #2892, #4492, .T. ) ;
#5450 = B_SPLINE_CURVE_WITH_KNOTS ( 'NONE', 3,
 ( #76, #8144, #3860, #6716, #8976, #6860, #7505, #4497, #768, #3768, #9021, #2291 ),
 .UNSPECIFIED., .F., .F.,
 ( 4, 2, 2, 2, 2, 4 ),
 ( 0.02659362627030693524, 0.02843711113902627416, 0.03028059600774561655, 0.03120233844210528601, 0.03212408087646496241, 0.03396756574518427357 ),
 .UNSPECIFIED. ) ;
#5451 = LINE ( 'NONE', #7669, #4411 ) ;
#5452 = CARTESIAN_POINT ( 'NONE',  ( 48.40145917221902749, 65.00000000000000000, -42.67389424460832004 ) ) ;
#5453 = DIRECTION ( 'NONE',  ( 1.221245327087672194E-14, 0.000000000000000000, 1.000000000000000000 ) ) ;
#5454 = CARTESIAN_POINT ( 'NONE',  ( -27.74454884646939945, 14.70000000000000462, -66.98126610706812301 ) ) ;
#5455 = CARTESIAN_POINT ( 'NONE',  ( 79.97002591989451048, 50.28650355091357227, -2.205871519601280362 ) ) ;
#5456 = LINE ( 'NONE', #1674, #1227 ) ;
#5457 = VERTEX_POINT ( 'NONE', #6018 ) ;
#5458 = ORIENTED_EDGE ( 'NONE', *, *, #5646, .T. ) ;
#5459 = ORIENTED_EDGE ( 'NONE', *, *, #6037, .T. ) ;
#5460 = CARTESIAN_POINT ( 'NONE',  ( 57.40000000000004832, 53.88936911430550936, -1.023481251066926889 ) ) ;
#5461 = AXIS2_PLACEMENT_3D ( 'NONE', #269, #4729, #7735 ) ;
#5462 = EDGE_CURVE ( 'NONE', #2587, #3511, #2189, .T. ) ;
#5463 = CARTESIAN_POINT ( 'NONE',  ( -10.47722557505072594, 65.00000000000000000, 59.07814946534381306 ) ) ;
#5464 = DIRECTION ( 'NONE',  ( 1.000000000000000000, 0.000000000000000000, -0.000000000000000000 ) ) ;
#5465 = AXIS2_PLACEMENT_3D ( 'NONE', #9431, #2699, #9340 ) ;
#5466 = ORIENTED_EDGE ( 'NONE', *, *, #8032, .T. ) ;
#5467 = ADVANCED_FACE ( 'NONE', ( #5183 ), #3614, .F. ) ;
#5468 = ORIENTED_EDGE ( 'NONE', *, *, #3849, .F. ) ;
#5469 = CARTESIAN_POINT ( 'NONE',  ( -5.802365231611493535, 49.91208628864306007, -60.65659954966129419 ) ) ;
#5470 = LINE ( 'NONE', #4135, #8082 ) ;
#5471 = CARTESIAN_POINT ( 'NONE',  ( -66.98126610706783879, -35.59999999999999432, 29.89454884647009791 ) ) ;
#5472 = CIRCLE ( 'NONE', #4375, 4.099999999999999645 ) ;
#5473 = EDGE_CURVE ( 'NONE', #9363, #3838, #6970, .T. ) ;
#5474 = CARTESIAN_POINT ( 'NONE',  ( -1.578777688377048127, 53.88723853897877092, 57.40000000000004832 ) ) ;
#5475 = FACE_OUTER_BOUND ( 'NONE', #7962, .T. ) ;
#5476 = CARTESIAN_POINT ( 'NONE',  ( 6.953002192755891819, 48.99377667534069758, -62.63490453770609179 ) ) ;
#5477 = EDGE_LOOP ( 'NONE', ( #2953, #1089, #4990, #4745, #3478, #6238 ) ) ;
#5478 = VECTOR ( 'NONE', #2080, 1000.000000000000000 ) ;
#5479 = ORIENTED_EDGE ( 'NONE', *, *, #517, .T. ) ;
#5480 = DIRECTION ( 'NONE',  ( 0.000000000000000000, 0.5000000000000008882, 0.8660254037844380415 ) ) ;
#5481 = FACE_OUTER_BOUND ( 'NONE', #5863, .T. ) ;
#5482 = CARTESIAN_POINT ( 'NONE',  ( 64.40000000000000568, 61.68822425195727277, -2.577833609687016914 ) ) ;
#5483 = CARTESIAN_POINT ( 'NONE',  ( -0.1159854610420538445, 53.89042705671922562, 57.40000000000004832 ) ) ;
#5484 = FACE_OUTER_BOUND ( 'NONE', #2293, .T. ) ;
#5485 = EDGE_CURVE ( 'NONE', #4031, #5651, #6562, .T. ) ;
#5486 = CARTESIAN_POINT ( 'NONE',  ( 3.377632643773595067, 55.77353993566994461, 57.64235574244799665 ) ) ;
#5487 = DIRECTION ( 'NONE',  ( -0.000000000000000000, 1.000000000000000000, -0.000000000000000000 ) ) ;
#5488 = CARTESIAN_POINT ( 'NONE',  ( -50.90938452242343715, 54.72905060078515049, 61.71126773746804872 ) ) ;
#5489 = EDGE_CURVE ( 'NONE', #8539, #7204, #1394, .T. ) ;
#5490 = ORIENTED_EDGE ( 'NONE', *, *, #2062, .F. ) ;
#5491 = ORIENTED_EDGE ( 'NONE', *, *, #1814, .F. ) ;
#5492 = EDGE_LOOP ( 'NONE', ( #1877, #1208, #9679, #9473, #8991 ) ) ;
#5493 = ADVANCED_FACE ( 'NONE', ( #2082 ), #1345, .T. ) ;
#5494 = DIRECTION ( 'NONE',  ( 1.000000000000000000, 0.000000000000000000, 0.000000000000000000 ) ) ;
#5495 = EDGE_LOOP ( 'NONE', ( #2793, #8444, #4660 ) ) ;
#5496 = ORIENTED_EDGE ( 'NONE', *, *, #5790, .F. ) ;
#5497 = CARTESIAN_POINT ( 'NONE',  ( -5.733858381161609508, 49.91278067414286568, 60.65943617683433331 ) ) ;
#5498 = VECTOR ( 'NONE', #3786, 1000.000000000000000 ) ;
#5499 = CIRCLE ( 'NONE', #1257, 11.09999999999999964 ) ;
#5500 = CARTESIAN_POINT ( 'NONE',  ( -6.244538851978532534, 49.56026239373844788, -61.75629982265847673 ) ) ;
#5501 = CARTESIAN_POINT ( 'NONE',  ( 45.53767670841349968, 58.49999999999995737, -45.53767670841381943 ) ) ;
#5502 = CARTESIAN_POINT ( 'NONE',  ( -74.39371325442782279, 49.00279191683772950, -29.44964899029063332 ) ) ;
#5503 = DIRECTION ( 'NONE',  ( 0.000000000000000000, 0.000000000000000000, 1.000000000000000000 ) ) ;
#5504 = CARTESIAN_POINT ( 'NONE',  ( 79.99418534447698903, 50.05420354133636351, -1.109762523594810979 ) ) ;
#5505 = EDGE_LOOP ( 'NONE', ( #7892, #7692, #8905 ) ) ;
#5506 = DIRECTION ( 'NONE',  ( 0.000000000000000000, -0.5000000000000008882, 0.8660254037844380415 ) ) ;
#5507 = VERTEX_POINT ( 'NONE', #1637 ) ;
#5508 = CIRCLE ( 'NONE', #6301, 4.099999999999998757 ) ;
#5509 = DIRECTION ( 'NONE',  ( -0.000000000000000000, -1.000000000000000000, -0.000000000000000000 ) ) ;
#5510 = ORIENTED_EDGE ( 'NONE', *, *, #4996, .T. ) ;
#5511 = CARTESIAN_POINT ( 'NONE',  ( 64.40000000000006253, 60.83826859021803557, 4.049999999999768008 ) ) ;
#5512 = CIRCLE ( 'NONE', #19, 9.999999999999996447 ) ;
#5513 = EDGE_CURVE ( 'NONE', #6551, #9564, #9201, .T. ) ;
#5514 = FACE_BOUND ( 'NONE', #1530, .T. ) ;
#5515 =( BOUNDED_CURVE ( )  B_SPLINE_CURVE ( 3, ( #1803, #4792, #8732, #7847 ),
 .UNSPECIFIED., .F., .F. ) 
 B_SPLINE_CURVE_WITH_KNOTS ( ( 4, 4 ),
 ( 4.109493742189378906, 4.712388980384682569 ),
 .UNSPECIFIED. ) 
 CURVE ( )  GEOMETRIC_REPRESENTATION_ITEM ( )  RATIONAL_B_SPLINE_CURVE ( ( 1.000000000000000000, 0.9699384583854776531, 0.9699384583854776531, 1.000000000000000000 ) ) 
 REPRESENTATION_ITEM ( '' )  );
#5516 = CARTESIAN_POINT ( 'NONE',  ( 26.38856624071847889, 30.90000000000000213, 45.02950970490492466 ) ) ;
#5517 = CARTESIAN_POINT ( 'NONE',  ( -64.08194928428758885, 46.00846945721434622, -10.29933848728826717 ) ) ;
#5518 = VERTEX_POINT ( 'NONE', #4679 ) ;
#5519 = VERTEX_POINT ( 'NONE', #4633 ) ;
#5520 = CARTESIAN_POINT ( 'NONE',  ( 5.873467074498929463, 53.84175552389679353, -57.40000000000004832 ) ) ;
#5521 = PLANE ( 'NONE',  #1643 ) ;
#5522 = CARTESIAN_POINT ( 'NONE',  ( 51.65216350890475638, 65.00000000000000000, 18.89587269351085297 ) ) ;
#5523 = EDGE_CURVE ( 'NONE', #8502, #8783, #704, .T. ) ;
#5524 = DIRECTION ( 'NONE',  ( 1.000000000000000000, 0.000000000000000000, -1.776356839400250465E-15 ) ) ;
#5525 = DIRECTION ( 'NONE',  ( 0.7071067811865450192, -0.000000000000000000, -0.7071067811865500152 ) ) ;
#5526 = EDGE_LOOP ( 'NONE', ( #1780, #4289, #3740 ) ) ;
#5527 = CARTESIAN_POINT ( 'NONE',  ( 4.049999999999543299, 60.83826859021803557, -64.40000000000007674 ) ) ;
#5528 = EDGE_LOOP ( 'NONE', ( #33, #3802, #2327, #7711, #941, #4810, #1549, #9726 ) ) ;
#5529 = ORIENTED_EDGE ( 'NONE', *, *, #3638, .F. ) ;
#5530 = CARTESIAN_POINT ( 'NONE',  ( 2.744367705240443822, 52.91811485641257917, 57.51255471314070178 ) ) ;
#5531 = CARTESIAN_POINT ( 'NONE',  ( 51.65216350890475638, 30.90000000000000213, 18.89587269351085297 ) ) ;
#5532 = CARTESIAN_POINT ( 'NONE',  ( 8.499999999999570122, 58.49999999999999289, -79.54715582596278978 ) ) ;
#5533 = DIRECTION ( 'NONE',  ( -0.7071067811865475727, 0.000000000000000000, -0.7071067811865475727 ) ) ;
#5534 = LINE ( 'NONE', #7161, #8172 ) ;
#5535 = DIRECTION ( 'NONE',  ( 0.000000000000000000, -1.000000000000000000, 0.000000000000000000 ) ) ;
#5536 = CYLINDRICAL_SURFACE ( 'NONE', #7947, 10.00000000000000178 ) ;
#5537 = DIRECTION ( 'NONE',  ( 0.7071067811865475727, 0.000000000000000000, 0.7071067811865474617 ) ) ;
#5538 = CARTESIAN_POINT ( 'NONE',  ( 42.67389424460797187, 52.90000000000000568, -48.40145917221933303 ) ) ;
#5539 = ORIENTED_EDGE ( 'NONE', *, *, #4764, .F. ) ;
#5540 = VERTEX_POINT ( 'NONE', #262 ) ;
#5541 = ORIENTED_EDGE ( 'NONE', *, *, #194, .T. ) ;
#5542 = CARTESIAN_POINT ( 'NONE',  ( 61.67281983135773515, 62.36212371611978966, 50.95566967099714617 ) ) ;
#5543 = ORIENTED_EDGE ( 'NONE', *, *, #2956, .F. ) ;
#5544 = ORIENTED_EDGE ( 'NONE', *, *, #6992, .F. ) ;
#5545 = FACE_OUTER_BOUND ( 'NONE', #7523, .T. ) ;
#5546 = EDGE_CURVE ( 'NONE', #8031, #3445, #806, .T. ) ;
#5547 = CARTESIAN_POINT ( 'NONE',  ( -1.781881413103104661, 65.00000000000000000, 57.40000000000004832 ) ) ;
#5548 = CARTESIAN_POINT ( 'NONE',  ( 66.98126610706803774, 14.70000000000000462, -31.34454884646963890 ) ) ;
#5549 = CARTESIAN_POINT ( 'NONE',  ( 9.181544413650044589E-13, 58.49999999999999289, 74.49999999999998579 ) ) ;
#5550 = CARTESIAN_POINT ( 'NONE',  ( 58.68986283848344954, 58.49999999999999289, 46.66904755831212981 ) ) ;
#5551 = CARTESIAN_POINT ( 'NONE',  ( -48.40145917221918381, 52.90000000000000568, -42.67389424460813530 ) ) ;
#5552 = ORIENTED_EDGE ( 'NONE', *, *, #6670, .T. ) ;
#5553 = LINE ( 'NONE', #4858, #7043 ) ;
#5554 = ORIENTED_EDGE ( 'NONE', *, *, #8813, .F. ) ;
#5555 = CARTESIAN_POINT ( 'NONE',  ( -7.577831795900349832, 62.36275529636979087, -79.64040060939166210 ) ) ;
#5556 = ORIENTED_EDGE ( 'NONE', *, *, #7609, .F. ) ;
#5557 = CARTESIAN_POINT ( 'NONE',  ( -60.36806642904151232, 49.98058182672757255, 5.646478818415675782 ) ) ;
#5558 = AXIS2_PLACEMENT_3D ( 'NONE', #9109, #2379, #5376 ) ;
#5559 = CARTESIAN_POINT ( 'NONE',  ( 1.477225575050725270, 53.88762817667945626, -57.40000000000004832 ) ) ;
#5560 = CARTESIAN_POINT ( 'NONE',  ( -62.25874094872636988, 58.49999999999999289, 50.23792566855625097 ) ) ;
#5561 = CARTESIAN_POINT ( 'NONE',  ( -27.74454884646939945, 14.70000000000000462, -64.83126610706813153 ) ) ;
#5562 = CIRCLE ( 'NONE', #1791, 4.099999999999999645 ) ;
#5563 = VECTOR ( 'NONE', #7731, 1000.000000000000000 ) ;
#5564 = EDGE_LOOP ( 'NONE', ( #5611, #3288, #8489, #7768 ) ) ;
#5565 = ADVANCED_FACE ( 'NONE', ( #5374 ), #6213, .T. ) ;
#5566 = CARTESIAN_POINT ( 'NONE',  ( 59.86320225037690790, 50.14630465282287020, 5.483592419851108346 ) ) ;
#5567 = VECTOR ( 'NONE', #8550, 1000.000000000000114 ) ;
#5568 = VECTOR ( 'NONE', #9557, 1000.000000000000000 ) ;
#5569 = EDGE_CURVE ( 'NONE', #3598, #7569, #7642, .T. ) ;
#5570 = CARTESIAN_POINT ( 'NONE',  ( 28.37734619600017894, 1.500000000000001332, 11.67002566352177517 ) ) ;
#5571 =( GEOMETRIC_REPRESENTATION_CONTEXT ( 3 ) GLOBAL_UNCERTAINTY_ASSIGNED_CONTEXT ( ( #143 ) ) GLOBAL_UNIT_ASSIGNED_CONTEXT ( ( #8271, #1679, #2322 ) ) REPRESENTATION_CONTEXT ( 'NONE', 'WORKASPACE' ) );
#5572 = CARTESIAN_POINT ( 'NONE',  ( -64.00132858745531905, 45.00000000000000711, 11.35032770630761334 ) ) ;
#5573 = VECTOR ( 'NONE', #5384, 1000.000000000000000 ) ;
#5574 = AXIS2_PLACEMENT_3D ( 'NONE', #6644, #9098, #9639 ) ;
#5575 = EDGE_CURVE ( 'NONE', #8287, #6268, #7586, .T. ) ;
#5576 = ORIENTED_EDGE ( 'NONE', *, *, #5247, .F. ) ;
#5577 = ORIENTED_EDGE ( 'NONE', *, *, #3366, .T. ) ;
#5578 = CARTESIAN_POINT ( 'NONE',  ( 64.40000000000006253, 56.16173140978204259, 4.049999999999767120 ) ) ;
#5579 = CARTESIAN_POINT ( 'NONE',  ( 3.857487432957170448, 51.79485952321055464, -57.97417940705513217 ) ) ;
#5580 = B_SPLINE_CURVE_WITH_KNOTS ( 'NONE', 3,
 ( #4032, #8501, #2551, #4710, #9138, #7720, #248, #931, #2406, #5608, #2605, #9331, #9284, #5404, #4079, #7675, #8602, #296, #3933, #8555, #1822, #3973, #9186 ),
 .UNSPECIFIED., .F., .F.,
 ( 4, 2, 2, 2, 2, 2, 2, 2, 1, 2, 2, 4 ),
 ( 0.000000000000000000, 0.001662487663628587882, 0.002493731495442870656, 0.003324975327257154081, 0.004987462990885720496, 0.006649950654514287345, 0.008312438318142854193, 0.009143682149957142388, 0.009974925981771432318, 0.01080616981358572572, 0.01163741364540001565, 0.01329990130902859898 ),
 .UNSPECIFIED. ) ;
#5581 = CARTESIAN_POINT ( 'NONE',  ( 6.562674279663096577, 63.91086826969075219, -79.73059055982889731 ) ) ;
#5582 = DIRECTION ( 'NONE',  ( -0.7071067811865475727, 0.000000000000000000, -0.7071067811865474617 ) ) ;
#5583 = CIRCLE ( 'NONE', #1340, 4.099999999999998757 ) ;
#5584 = EDGE_CURVE ( 'NONE', #1388, #6673, #4300, .T. ) ;
#5585 = VECTOR ( 'NONE', #625, 1000.000000000000000 ) ;
#5586 = DIRECTION ( 'NONE',  ( 0.7071067811865450192, 0.000000000000000000, -0.7071067811865500152 ) ) ;
#5587 = CARTESIAN_POINT ( 'NONE',  ( -35.00000000000000000, 30.90000000000000213, 4.177332116314238064 ) ) ;
#5588 = CARTESIAN_POINT ( 'NONE',  ( -4.177332116314214083, 1.500000000000001332, 35.00000000000000000 ) ) ;
#5589 = DIRECTION ( 'NONE',  ( 0.000000000000000000, 0.000000000000000000, 1.000000000000000000 ) ) ;
#5590 = ORIENTED_EDGE ( 'NONE', *, *, #1917, .F. ) ;
#5591 = ORIENTED_EDGE ( 'NONE', *, *, #2094, .T. ) ;
#5592 = EDGE_CURVE ( 'NONE', #7236, #3352, #3261, .T. ) ;
#5593 = CIRCLE ( 'NONE', #6699, 8.499999999999998224 ) ;
#5594 = ORIENTED_EDGE ( 'NONE', *, *, #1763, .F. ) ;
#5595 = CARTESIAN_POINT ( 'NONE',  ( 6.933997157227754116, 63.42585827956057187, 79.69915214110470458 ) ) ;
#5596 = ADVANCED_FACE ( 'NONE', ( #1736 ), #1178, .T. ) ;
#5597 = ORIENTED_EDGE ( 'NONE', *, *, #6489, .T. ) ;
#5598 = ORIENTED_EDGE ( 'NONE', *, *, #9430, .T. ) ;
#5599 = CARTESIAN_POINT ( 'NONE',  ( 37.33767670841367448, 58.49999999999999289, 37.33767670841365316 ) ) ;
#5600 = AXIS2_PLACEMENT_3D ( 'NONE', #776, #9621, #8888 ) ;
#5601 = CARTESIAN_POINT ( 'NONE',  ( -3.470779219583164175E-13, 58.49999999999999289, -64.40000000000000568 ) ) ;
#5602 = EDGE_CURVE ( 'NONE', #1868, #6150, #4146, .T. ) ;
#5603 = DIRECTION ( 'NONE',  ( 0.000000000000000000, 1.000000000000000000, 0.000000000000000000 ) ) ;
#5604 = DIRECTION ( 'NONE',  ( 1.000000000000000000, 0.000000000000000000, 0.000000000000000000 ) ) ;
#5605 = DIRECTION ( 'NONE',  ( -0.7071067811865475727, -0.000000000000000000, -0.7071067811865475727 ) ) ;
#5606 = DIRECTION ( 'NONE',  ( -0.000000000000000000, 1.000000000000000000, -0.000000000000000000 ) ) ;
#5607 = VERTEX_POINT ( 'NONE', #6899 ) ;
#5608 = CARTESIAN_POINT ( 'NONE',  ( 6.759186763462016856, 53.31617655132522060, 79.71454940250058030 ) ) ;
#5609 = ORIENTED_EDGE ( 'NONE', *, *, #9368, .T. ) ;
#5610 = DIRECTION ( 'NONE',  ( -0.000000000000000000, -1.000000000000000000, -0.000000000000000000 ) ) ;
#5611 = ORIENTED_EDGE ( 'NONE', *, *, #9273, .T. ) ;
#5612 = CARTESIAN_POINT ( 'NONE',  ( 64.40000000000000568, 58.49999999999999289, -1.180056052874078735E-13 ) ) ;
#5613 = DIRECTION ( 'NONE',  ( -2.967535009851168580E-15, -0.5000000000000009992, -0.8660254037844380415 ) ) ;
#5614 = EDGE_CURVE ( 'NONE', #9515, #2132, #2424, .T. ) ;
#5615 = CARTESIAN_POINT ( 'NONE',  ( 52.67945519839760493, 58.49999999999995737, -52.67945519839797441 ) ) ;
#5616 = CARTESIAN_POINT ( 'NONE',  ( -8.499999999999021227, 59.11550901516400103, 79.54715582596287504 ) ) ;
#5617 = ORIENTED_EDGE ( 'NONE', *, *, #8169, .F. ) ;
#5618 = EDGE_CURVE ( 'NONE', #394, #1666, #3689, .T. ) ;
#5619 = DIRECTION ( 'NONE',  ( 0.8660254037844380415, -0.5000000000000011102, -5.991246546128633857E-15 ) ) ;
#5620 = CARTESIAN_POINT ( 'NONE',  ( -26.38856624071849666, 65.00000000000000000, 45.02950970490493177 ) ) ;
#5621 = LINE ( 'NONE', #357, #8544 ) ;
#5622 = VECTOR ( 'NONE', #3098, 1000.000000000000000 ) ;
#5623 = LINE ( 'NONE', #3263, #1629 ) ;
#5624 = EDGE_CURVE ( 'NONE', #6441, #6363, #3050, .T. ) ;
#5625 = ORIENTED_EDGE ( 'NONE', *, *, #9606, .F. ) ;
#5626 = ORIENTED_EDGE ( 'NONE', *, *, #8551, .F. ) ;
#5627 = DIRECTION ( 'NONE',  ( -0.7071067811865475727, 0.000000000000000000, -0.7071067811865475727 ) ) ;
#5628 = CARTESIAN_POINT ( 'NONE',  ( 27.74454884646939945, -35.59999999999999432, 64.83126610706813153 ) ) ;
#5629 = DIRECTION ( 'NONE',  ( 0.6622653803999819511, -0.000000000000000000, 0.7492693547207619487 ) ) ;
#5630 = CARTESIAN_POINT ( 'NONE',  ( 58.65111991528468138, 50.94585297585263817, -4.696149087049330539 ) ) ;
#5631 = DIRECTION ( 'NONE',  ( -1.000000000000000000, 0.000000000000000000, -0.000000000000000000 ) ) ;
#5632 = DIRECTION ( 'NONE',  ( -0.000000000000000000, -1.000000000000000000, -0.000000000000000000 ) ) ;
#5633 = AXIS2_PLACEMENT_3D ( 'NONE', #3191, #6837, #52 ) ;
#5634 = LINE ( 'NONE', #4206, #1989 ) ;
#5635 = DIRECTION ( 'NONE',  ( -1.000000000000000000, -0.000000000000000000, 8.826273045769994496E-15 ) ) ;
#5636 = AXIS2_PLACEMENT_3D ( 'NONE', #8645, #9232, #1908 ) ;
#5637 = VERTEX_POINT ( 'NONE', #4823 ) ;
#5638 = VERTEX_POINT ( 'NONE', #1138 ) ;
#5639 = EDGE_CURVE ( 'NONE', #1712, #4907, #5621, .T. ) ;
#5640 = ORIENTED_EDGE ( 'NONE', *, *, #2466, .F. ) ;
#5641 = CARTESIAN_POINT ( 'NONE',  ( -1.038176656580641671E-14, 1.500000000000001332, -25.00000000000000355 ) ) ;
#5642 = EDGE_LOOP ( 'NONE', ( #9176, #6503 ) ) ;
#5643 = VERTEX_POINT ( 'NONE', #409 ) ;
#5644 = ADVANCED_FACE ( 'NONE', ( #4136 ), #1926, .T. ) ;
#5645 = DIRECTION ( 'NONE',  ( 0.7071067811865475727, 0.000000000000000000, 0.7071067811865475727 ) ) ;
#5646 = EDGE_CURVE ( 'NONE', #7678, #1160, #2110, .T. ) ;
#5647 = DIRECTION ( 'NONE',  ( 1.745740669421569833E-15, 0.8660254037844381525, 0.5000000000000008882 ) ) ;
#5648 = LINE ( 'NONE', #2839, #1172 ) ;
#5649 = CYLINDRICAL_SURFACE ( 'NONE', #8, 3.600000000000002309 ) ;
#5650 = DIRECTION ( 'NONE',  ( 1.015447888376667621E-14, 0.000000000000000000, 1.000000000000000000 ) ) ;
#5651 = VERTEX_POINT ( 'NONE', #2668 ) ;
#5652 = ADVANCED_FACE ( 'NONE', ( #7201 ), #1240, .F. ) ;
#5653 = DIRECTION ( 'NONE',  ( 0.000000000000000000, 0.000000000000000000, -1.000000000000000000 ) ) ;
#5654 = ORIENTED_EDGE ( 'NONE', *, *, #8948, .F. ) ;
#5655 = CARTESIAN_POINT ( 'NONE',  ( -8.500000000000428102, 58.49999999999999289, -79.54715582596270451 ) ) ;
#5656 = ORIENTED_EDGE ( 'NONE', *, *, #2677, .F. ) ;
#5657 = CARTESIAN_POINT ( 'NONE',  ( 51.88020230771084584, 64.15381136118421068, -60.89815246874890420 ) ) ;
#5658 = AXIS2_PLACEMENT_3D ( 'NONE', #3226, #5339, #7013 ) ;
#5659 = DIRECTION ( 'NONE',  ( 1.015447888376667621E-14, 0.000000000000000000, 1.000000000000000000 ) ) ;
#5660 = CARTESIAN_POINT ( 'NONE',  ( -45.53767670841317283, 58.49999999999995737, 45.53767670841414628 ) ) ;
#5661 = DIRECTION ( 'NONE',  ( 0.09860301356600839617, -0.9662350886835332497, -0.2380487326419237215 ) ) ;
#5662 = AXIS2_PLACEMENT_3D ( 'NONE', #7428, #685, #6486 ) ;
#5663 = ORIENTED_EDGE ( 'NONE', *, *, #4914, .F. ) ;
#5664 = AXIS2_PLACEMENT_3D ( 'NONE', #1022, #3239, #6291 ) ;
#5665 = CYLINDRICAL_SURFACE ( 'NONE', #3741, 3.600000000000002309 ) ;
#5666 = CARTESIAN_POINT ( 'NONE',  ( -6.655330888320931670, 1.500000000000001332, -7.529663527230808562 ) ) ;
#5667 = DIRECTION ( 'NONE',  ( 0.000000000000000000, -0.5000000000000018874, -0.8660254037844375974 ) ) ;
#5668 = LINE ( 'NONE', #8663, #2118 ) ;
#5669 = CARTESIAN_POINT ( 'NONE',  ( -10.29933848728896706, 46.00846945721437464, 64.08194928428747517 ) ) ;
#5670 = EDGE_CURVE ( 'NONE', #2817, #5379, #9494, .T. ) ;
#5671 = EDGE_CURVE ( 'NONE', #8321, #1631, #4929, .T. ) ;
#5672 = EDGE_CURVE ( 'NONE', #2088, #7734, #6312, .T. ) ;
#5673 = LINE ( 'NONE', #6360, #6031 ) ;
#5674 = ORIENTED_EDGE ( 'NONE', *, *, #1883, .F. ) ;
#5675 = ORIENTED_EDGE ( 'NONE', *, *, #2308, .F. ) ;
#5676 = CARTESIAN_POINT ( 'NONE',  ( 5.131832968203479339, 50.50377525058823380, -59.20153189812699424 ) ) ;
#5677 = EDGE_CURVE ( 'NONE', #2807, #5951, #6016, .T. ) ;
#5678 = CARTESIAN_POINT ( 'NONE',  ( 1.781881413103104661, 65.00000000000000000, -57.40000000000004832 ) ) ;
#5679 = DIRECTION ( 'NONE',  ( -1.000000000000000000, 0.000000000000000000, 1.047444401652940007E-14 ) ) ;
#5680 = CARTESIAN_POINT ( 'NONE',  ( -57.40000000000002700, 61.67648823033592720, 2.598160995413900221 ) ) ;
#5681 = CARTESIAN_POINT ( 'NONE',  ( -5.259674179122229454, 50.37390771728855299, 59.40767242217739152 ) ) ;
#5682 = DIRECTION ( 'NONE',  ( 0.000000000000000000, 0.000000000000000000, 1.000000000000000000 ) ) ;
#5683 = LINE ( 'NONE', #5780, #8537 ) ;
#5684 = ORIENTED_EDGE ( 'NONE', *, *, #569, .T. ) ;
#5685 = EDGE_LOOP ( 'NONE', ( #7099, #3951, #7507, #5406 ) ) ;
#5686 = ORIENTED_EDGE ( 'NONE', *, *, #6398, .F. ) ;
#5687 = DIRECTION ( 'NONE',  ( 0.000000000000000000, 0.000000000000000000, 1.000000000000000000 ) ) ;
#5688 = ORIENTED_EDGE ( 'NONE', *, *, #1662, .T. ) ;
#5689 = EDGE_LOOP ( 'NONE', ( #1317, #2292, #8817, #3577, #3408, #9104 ) ) ;
#5690 = CARTESIAN_POINT ( 'NONE',  ( -4.049999999999092104, 57.86164273325987750, 64.40000000000010516 ) ) ;
#5691 = PLANE ( 'NONE',  #6765 ) ;
#5692 = CARTESIAN_POINT ( 'NONE',  ( -52.67945519839723545, 58.49999999999999289, 52.67945519839834390 ) ) ;
#5693 = B_SPLINE_CURVE_WITH_KNOTS ( 'NONE', 3,
 ( #1405, #1999, #7219, #8881, #1354, #4406, #4257, #3574, #2876, #7414, #5879, #2148, #9565, #3479, #673, #3670, #4992, #6669, #8784, #2931, #8683, #1944, #4945 ),
 .UNSPECIFIED., .F., .F.,
 ( 4, 2, 2, 1, 2, 2, 2, 2, 2, 2, 2, 4 ),
 ( 0.02659363307763973339, 0.02825613426122041208, 0.02908738485301074969, 0.02991863544480108730, 0.03074988603659142145, 0.03158113662838175906, 0.03324363781196244816, 0.03490613899554313032, 0.03656864017912381942, 0.03739989077091415010, 0.03823114136270448771, 0.03989364254628514905 ),
 .UNSPECIFIED. ) ;
#5694 = DIRECTION ( 'NONE',  ( 0.000000000000000000, 1.000000000000000000, 0.000000000000000000 ) ) ;
#5695 = CARTESIAN_POINT ( 'NONE',  ( -73.38659057694701460, 59.16636147164828685, -31.87584919896086078 ) ) ;
#5696 = DIRECTION ( 'NONE',  ( 0.000000000000000000, 1.000000000000000000, 0.000000000000000000 ) ) ;
#5697 = ORIENTED_EDGE ( 'NONE', *, *, #9365, .T. ) ;
#5698 = DIRECTION ( 'NONE',  ( 2.081668171172168119E-15, 0.000000000000000000, 1.000000000000000000 ) ) ;
#5699 = ORIENTED_EDGE ( 'NONE', *, *, #7811, .T. ) ;
#5700 = CARTESIAN_POINT ( 'NONE',  ( 0.000000000000000000, 65.00000000000000000, 0.000000000000000000 ) ) ;
#5701 = EDGE_LOOP ( 'NONE', ( #2989, #1328, #1155, #3501, #4390, #4277 ) ) ;
#5702 = VERTEX_POINT ( 'NONE', #1881 ) ;
#5703 = DIRECTION ( 'NONE',  ( -0.000000000000000000, -1.000000000000000000, 0.000000000000000000 ) ) ;
#5704 = DIRECTION ( 'NONE',  ( -0.7071067811865450192, 0.000000000000000000, 0.7071067811865500152 ) ) ;
#5705 = DIRECTION ( 'NONE',  ( -0.000000000000000000, -1.000000000000000000, -0.000000000000000000 ) ) ;
#5706 = VERTEX_POINT ( 'NONE', #1045 ) ;
#5707 = CARTESIAN_POINT ( 'NONE',  ( -59.65634014622241921, 51.27894974716101473, -53.30267564564832128 ) ) ;
#5708 = VECTOR ( 'NONE', #1350, 999.9999999999998863 ) ;
#5709 = VECTOR ( 'NONE', #7882, 1000.000000000000114 ) ;
#5710 = FACE_OUTER_BOUND ( 'NONE', #5130, .T. ) ;
#5711 = CARTESIAN_POINT ( 'NONE',  ( 74.50000000000001421, 58.49999999999999289, -1.359468093653504184E-13 ) ) ;
#5712 = CARTESIAN_POINT ( 'NONE',  ( 1.958422607717075437, 53.89044538576803944, 57.40000000000004832 ) ) ;
#5713 = CARTESIAN_POINT ( 'NONE',  ( -10.03402936529607992, 46.25743042576932140, 64.06574842077749565 ) ) ;
#5714 = VECTOR ( 'NONE', #9701, 1000.000000000000000 ) ;
#5715 = VECTOR ( 'NONE', #761, 1000.000000000000000 ) ;
#5717 = CARTESIAN_POINT ( 'NONE',  ( -42.67389424460763081, 65.00000000000000000, 48.40145917221963145 ) ) ;
#5716 = CARTESIAN_POINT ( 'NONE',  ( -51.86156714703562187, 52.88016779147034896, 60.91413878909422408 ) ) ;
#5718 = EDGE_LOOP ( 'NONE', ( #1726, #316, #332, #4559 ) ) ;
#5719 = ORIENTED_EDGE ( 'NONE', *, *, #4314, .T. ) ;
#5720 = VECTOR ( 'NONE', #2491, 1000.000000000000000 ) ;
#5721 = AXIS2_PLACEMENT_3D ( 'NONE', #7404, #7984, #2137 ) ;
#5722 = EDGE_CURVE ( 'NONE', #2624, #8898, #8705, .T. ) ;
#5723 = VECTOR ( 'NONE', #5280, 1000.000000000000114 ) ;
#5724 = CARTESIAN_POINT ( 'NONE',  ( 4.695982709847285719, 50.94602163928299632, 58.65094699133927492 ) ) ;
#5725 = CARTESIAN_POINT ( 'NONE',  ( 2.170305432102503929, 53.49590396740815379, -57.41772093275439914 ) ) ;
#5726 = CARTESIAN_POINT ( 'NONE',  ( -4.009015341921439763E-13, 58.49999999999999289, -74.50000000000000000 ) ) ;
#5727 = FACE_OUTER_BOUND ( 'NONE', #2990, .T. ) ;
#5728 = FACE_OUTER_BOUND ( 'NONE', #6684, .T. ) ;
#5729 = AXIS2_PLACEMENT_3D ( 'NONE', #20, #3009, #5919 ) ;
#5731 = DIRECTION ( 'NONE',  ( 0.7071067811865401342, -0.000000000000000000, -0.7071067811865549002 ) ) ;
#5730 = AXIS2_PLACEMENT_3D ( 'NONE', #2247, #631, #2985 ) ;
#5732 = VECTOR ( 'NONE', #3066, 1000.000000000000000 ) ;
#5733 = EDGE_CURVE ( 'NONE', #5951, #3908, #9530, .T. ) ;
#5734 = DIRECTION ( 'NONE',  ( -0.000000000000000000, 1.000000000000000000, -0.000000000000000000 ) ) ;
#5735 = LINE ( 'NONE', #373, #9007 ) ;
#5736 = ORIENTED_EDGE ( 'NONE', *, *, #1260, .F. ) ;
#5737 = ORIENTED_EDGE ( 'NONE', *, *, #2188, .F. ) ;
#5738 = EDGE_CURVE ( 'NONE', #6281, #6827, #2859, .T. ) ;
#5739 = ORIENTED_EDGE ( 'NONE', *, *, #1685, .F. ) ;
#5740 = CARTESIAN_POINT ( 'NONE',  ( 62.87045643703562092, 48.78392107950238454, 7.204599520841058258 ) ) ;
#5741 = EDGE_LOOP ( 'NONE', ( #7477, #9476 ) ) ;
#5742 = ORIENTED_EDGE ( 'NONE', *, *, #1382, .F. ) ;
#5743 = VECTOR ( 'NONE', #1055, 1000.000000000000000 ) ;
#5744 = AXIS2_PLACEMENT_3D ( 'NONE', #4917, #5811, #2071 ) ;
#5745 = ADVANCED_FACE ( 'NONE', ( #8814 ), #1383, .F. ) ;
#5746 = CARTESIAN_POINT ( 'NONE',  ( -45.53767670841367021, 58.49999999999995737, -45.53767670841365600 ) ) ;
#5747 = DIRECTION ( 'NONE',  ( -0.7071067811865476838, -0.000000000000000000, -0.7071067811865474617 ) ) ;
#5748 = DIRECTION ( 'NONE',  ( 0.000000000000000000, 0.000000000000000000, 1.000000000000000000 ) ) ;
#5749 = CARTESIAN_POINT ( 'NONE',  ( -40.23681451127813347, 58.49999999999995737, 34.43853890554923680 ) ) ;
#5750 = DIRECTION ( 'NONE',  ( 0.000000000000000000, 0.000000000000000000, 1.000000000000000000 ) ) ;
#5751 = VECTOR ( 'NONE', #6639, 1000.000000000000000 ) ;
#5752 = VERTEX_POINT ( 'NONE', #4482 ) ;
#5753 = ADVANCED_FACE ( 'NONE', ( #3702 ), #1433, .T. ) ;
#5754 = ORIENTED_EDGE ( 'NONE', *, *, #5011, .F. ) ;
#5755 = CARTESIAN_POINT ( 'NONE',  ( 56.55243854460502462, 65.00000000000000000, -48.80647185219058315 ) ) ;
#5756 = ORIENTED_EDGE ( 'NONE', *, *, #648, .F. ) ;
#5757 = EDGE_LOOP ( 'NONE', ( #8736, #1421 ) ) ;
#5758 = VECTOR ( 'NONE', #5747, 1000.000000000000000 ) ;
#5759 = CARTESIAN_POINT ( 'NONE',  ( -34.43853890554838415, 58.49999999999995737, 40.23681451127886533 ) ) ;
#5760 = CARTESIAN_POINT ( 'NONE',  ( 64.40000000000000568, 58.49999999999999289, -1.180056052874078735E-13 ) ) ;
#5761 = CYLINDRICAL_SURFACE ( 'NONE', #8607, 8.499999999999998224 ) ;
#5762 = ORIENTED_EDGE ( 'NONE', *, *, #2425, .F. ) ;
#5763 = AXIS2_PLACEMENT_3D ( 'NONE', #4398, #8091, #7360 ) ;
#5764 = LINE ( 'NONE', #4915, #6719 ) ;
#5765 = FACE_OUTER_BOUND ( 'NONE', #1850, .T. ) ;
#5766 = ADVANCED_FACE ( 'NONE', ( #8071, #6744 ), #6702, .T. ) ;
#5767 = CARTESIAN_POINT ( 'NONE',  ( -62.04520085358321779, 60.95141844009415877, -50.50159858961695392 ) ) ;
#5768 = CARTESIAN_POINT ( 'NONE',  ( 45.53767670841349968, 58.49999999999995737, -45.53767670841381943 ) ) ;
#5769 = EDGE_CURVE ( 'NONE', #63, #7412, #3836, .T. ) ;
#5771 = DIRECTION ( 'NONE',  ( 1.000000000000000000, 0.000000000000000000, 0.000000000000000000 ) ) ;
#5770 = CARTESIAN_POINT ( 'NONE',  ( -59.16701065934585557, 50.87320642852099439, 53.84538529699052134 ) ) ;
#5772 = ORIENTED_EDGE ( 'NONE', *, *, #3896, .T. ) ;
#5773 = EDGE_LOOP ( 'NONE', ( #3231, #4893, #3040, #5756 ) ) ;
#5774 = CARTESIAN_POINT ( 'NONE',  ( 42.67389424460797187, 52.90000000000000568, -48.40145917221933303 ) ) ;
#5775 = CARTESIAN_POINT ( 'NONE',  ( 9.090007576262848494E-13, 53.82346281956404255, 64.40000000000004832 ) ) ;
#5776 = CARTESIAN_POINT ( 'NONE',  ( -66.98126610706783879, 14.70000000000000462, 27.74454884647009933 ) ) ;
#5777 = CARTESIAN_POINT ( 'NONE',  ( -57.40000000000006253, 53.88633504566437438, -1.781881413102502920 ) ) ;
#5778 = DIRECTION ( 'NONE',  ( -0.000000000000000000, -1.000000000000000000, -0.000000000000000000 ) ) ;
#5779 = CARTESIAN_POINT ( 'NONE',  ( 53.48055079409715518, 51.13599193723080560, -59.49698291047756271 ) ) ;
#5780 = CARTESIAN_POINT ( 'NONE',  ( -70.55422763154126642, 49.50647438683942880, -33.49084928988936838 ) ) ;
#5781 = VECTOR ( 'NONE', #8038, 1000.000000000000000 ) ;
#5782 = ORIENTED_EDGE ( 'NONE', *, *, #261, .F. ) ;
#5783 = VERTEX_POINT ( 'NONE', #2176 ) ;
#5784 = CARTESIAN_POINT ( 'NONE',  ( 62.25874094872692410, 58.80725860818438377, 50.23792566855559016 ) ) ;
#5785 = ORIENTED_EDGE ( 'NONE', *, *, #981, .T. ) ;
#5786 = ORIENTED_EDGE ( 'NONE', *, *, #2608, .T. ) ;
#5787 = ADVANCED_FACE ( 'NONE', ( #753 ), #2911, .T. ) ;
#5788 = FACE_OUTER_BOUND ( 'NONE', #4591, .T. ) ;
#5789 = VECTOR ( 'NONE', #9183, 1000.000000000000000 ) ;
#5790 = EDGE_CURVE ( 'NONE', #863, #7964, #5175, .T. ) ;
#5791 = CARTESIAN_POINT ( 'NONE',  ( -28.37734619600018249, 1.500000000000001332, -11.67002566352176984 ) ) ;
#5792 = CARTESIAN_POINT ( 'NONE',  ( 8.500000000000916600, 58.49999999999999289, 74.49999999999988631 ) ) ;
#5793 = CARTESIAN_POINT ( 'NONE',  ( 48.40145917221918381, 65.00000000000000000, 42.67389424460813530 ) ) ;
#5794 = CARTESIAN_POINT ( 'NONE',  ( -57.40000000000004121, 53.88936911430551646, 1.023481251067197562 ) ) ;
#5795 = CARTESIAN_POINT ( 'NONE',  ( -48.40145917221918381, 57.86164273325979224, -42.67389424460813530 ) ) ;
#5796 = EDGE_CURVE ( 'NONE', #8894, #1469, #5248, .T. ) ;
#5797 = ORIENTED_EDGE ( 'NONE', *, *, #3841, .F. ) ;
#5798 = ORIENTED_EDGE ( 'NONE', *, *, #1382, .T. ) ;
#5799 = DIRECTION ( 'NONE',  ( 0.7071067811865475727, -0.000000000000000000, 0.7071067811865474617 ) ) ;
#5800 = ORIENTED_EDGE ( 'NONE', *, *, #6637, .T. ) ;
#5801 = ORIENTED_EDGE ( 'NONE', *, *, #7660, .F. ) ;
#5802 = VECTOR ( 'NONE', #7304, 1000.000000000000114 ) ;
#5803 = DIRECTION ( 'NONE',  ( -0.000000000000000000, -1.000000000000000000, -0.000000000000000000 ) ) ;
#5804 = FACE_OUTER_BOUND ( 'NONE', #4545, .T. ) ;
#5805 = LINE ( 'NONE', #5905, #7515 ) ;
#5806 = DIRECTION ( 'NONE',  ( 0.000000000000000000, 0.000000000000000000, 1.000000000000000000 ) ) ;
#5807 = EDGE_CURVE ( 'NONE', #7684, #9715, #997, .T. ) ;
#5808 = ORIENTED_EDGE ( 'NONE', *, *, #1882, .F. ) ;
#5809 = CARTESIAN_POINT ( 'NONE',  ( -50.28149991590478152, 57.38134383354564250, -62.22365087937011907 ) ) ;
#5810 = EDGE_LOOP ( 'NONE', ( #9369, #9625 ) ) ;
#5811 = DIRECTION ( 'NONE',  ( 0.000000000000000000, 1.000000000000000000, 0.000000000000000000 ) ) ;
#5812 = CARTESIAN_POINT ( 'NONE',  ( 8.956822233372725057E-13, 9.672827050956818619E-28, 64.40000000000004832 ) ) ;
#5813 = DIRECTION ( 'NONE',  ( 0.000000000000000000, 0.000000000000000000, 1.000000000000000000 ) ) ;
#5814 = VECTOR ( 'NONE', #7329, 1000.000000000000114 ) ;
#5815 = CIRCLE ( 'NONE', #1580, 4.099999999999998757 ) ;
#5817 = LINE ( 'NONE', #7442, #2883 ) ;
#5816 = PLANE ( 'NONE',  #869 ) ;
#5818 = ORIENTED_EDGE ( 'NONE', *, *, #8796, .F. ) ;
#5819 = ORIENTED_EDGE ( 'NONE', *, *, #6695, .F. ) ;
#5820 = CARTESIAN_POINT ( 'NONE',  ( 5.646478818415044287, 49.98058182672757255, 60.36806642904157627 ) ) ;
#5821 = DIRECTION ( 'NONE',  ( 1.000000000000000000, 0.000000000000000000, 0.000000000000000000 ) ) ;
#5822 = CARTESIAN_POINT ( 'NONE',  ( 8.499999999999570122, 58.49999999999999289, -79.54715582596278978 ) ) ;
#5823 = EDGE_CURVE ( 'NONE', #285, #6961, #7757, .T. ) ;
#5824 = EDGE_CURVE ( 'NONE', #8375, #2651, #6554, .T. ) ;
#5825 = AXIS2_PLACEMENT_3D ( 'NONE', #2166, #7432, #3743 ) ;
#5826 = LINE ( 'NONE', #1492, #3371 ) ;
#5827 = DIRECTION ( 'NONE',  ( -0.000000000000000000, 1.000000000000000000, -0.000000000000000000 ) ) ;
#5828 = DIRECTION ( 'NONE',  ( 0.000000000000000000, 0.000000000000000000, 1.000000000000000000 ) ) ;
#5829 = CARTESIAN_POINT ( 'NONE',  ( 61.38629868160799674, 63.16698698507521215, -51.30168993548976175 ) ) ;
#5830 = LINE ( 'NONE', #9018, #4608 ) ;
#5831 = EDGE_LOOP ( 'NONE', ( #330, #434, #9129 ) ) ;
#5832 = VERTEX_POINT ( 'NONE', #6647 ) ;
#5833 = CARTESIAN_POINT ( 'NONE',  ( 66.98126610706803774, 14.70000000000000462, -29.89454884646962896 ) ) ;
#5834 = ORIENTED_EDGE ( 'NONE', *, *, #5066, .F. ) ;
#5835 = DIRECTION ( 'NONE',  ( -0.7071067811865400232, -0.000000000000000000, 0.7071067811865550112 ) ) ;
#5836 = ORIENTED_EDGE ( 'NONE', *, *, #1224, .T. ) ;
#5837 = DIRECTION ( 'NONE',  ( 1.015447888376667621E-14, 0.000000000000000000, 1.000000000000000000 ) ) ;
#5838 = CARTESIAN_POINT ( 'NONE',  ( -63.65680235966937772, 47.70458364835762666, 8.447968531467106246 ) ) ;
#5839 = DIRECTION ( 'NONE',  ( 0.7071067811865474617, 0.000000000000000000, -0.7071067811865474617 ) ) ;
#5840 = LINE ( 'NONE', #6415, #7839 ) ;
#5841 = DIRECTION ( 'NONE',  ( 8.826273045769994496E-15, 0.000000000000000000, 1.000000000000000000 ) ) ;
#5842 = EDGE_LOOP ( 'NONE', ( #1966, #5254, #5253, #8257 ) ) ;
#5843 = ORIENTED_EDGE ( 'NONE', *, *, #4044, .T. ) ;
#5844 = DIRECTION ( 'NONE',  ( 1.015447888376667621E-14, 0.000000000000000000, 1.000000000000000000 ) ) ;
#5845 = ORIENTED_EDGE ( 'NONE', *, *, #6634, .T. ) ;
#5846 = ORIENTED_EDGE ( 'NONE', *, *, #7282, .T. ) ;
#5847 = ADVANCED_FACE ( 'NONE', ( #5912 ), #8174, .F. ) ;
#5848 = CYLINDRICAL_SURFACE ( 'NONE', #3469, 4.099999999999999645 ) ;
#5849 = LINE ( 'NONE', #4569, #9044 ) ;
#5850 = DIRECTION ( 'NONE',  ( -5.329070518200751394E-15, 0.000000000000000000, -1.000000000000000000 ) ) ;
#5851 = FACE_OUTER_BOUND ( 'NONE', #4209, .T. ) ;
#5852 = ORIENTED_EDGE ( 'NONE', *, *, #1280, .T. ) ;
#5853 = CARTESIAN_POINT ( 'NONE',  ( -53.48003367281690146, 51.13636141293635973, -59.49745092437895977 ) ) ;
#5854 = ORIENTED_EDGE ( 'NONE', *, *, #2904, .T. ) ;
#5855 = CARTESIAN_POINT ( 'NONE',  ( 42.67389424460814951, 52.90000000000000568, 48.40145917221916960 ) ) ;
#5856 = DIRECTION ( 'NONE',  ( 0.000000000000000000, -1.000000000000000000, 0.000000000000000000 ) ) ;
#5857 = CARTESIAN_POINT ( 'NONE',  ( 57.40000000000004832, 53.82346281956404255, -2.100061935898890342E-13 ) ) ;
#5858 = EDGE_CURVE ( 'NONE', #6983, #889, #4430, .T. ) ;
#5860 = DIRECTION ( 'NONE',  ( -0.6123724356957945814, 0.4999999999999998335, 0.6123724356957945814 ) ) ;
#5859 = DIRECTION ( 'NONE',  ( -0.7071067811865474617, 0.000000000000000000, 0.7071067811865474617 ) ) ;
#5861 = ORIENTED_EDGE ( 'NONE', *, *, #1150, .T. ) ;
#5862 = EDGE_CURVE ( 'NONE', #6897, #8841, #2955, .T. ) ;
#5863 = EDGE_LOOP ( 'NONE', ( #1068, #5092 ) ) ;
#5864 = EDGE_CURVE ( 'NONE', #8472, #1684, #5901, .T. ) ;
#5865 = DIRECTION ( 'NONE',  ( 0.8660254037844380415, -0.5000000000000011102, -5.991246546128633857E-15 ) ) ;
#5866 = CARTESIAN_POINT ( 'NONE',  ( 5.477225575051215323, 65.00000000000000000, -79.81227975693968801 ) ) ;
#5867 = CIRCLE ( 'NONE', #8543, 4.099999999999999645 ) ;
#5868 = DIRECTION ( 'NONE',  ( 1.000000000000000000, -0.000000000000000000, -1.776356839400250465E-15 ) ) ;
#5869 = FACE_OUTER_BOUND ( 'NONE', #1212, .T. ) ;
#5870 = LINE ( 'NONE', #4295, #1080 ) ;
#5871 = CARTESIAN_POINT ( 'NONE',  ( 54.60312189524170634, 50.43244142256112639, -58.47021884480844278 ) ) ;
#5872 = CARTESIAN_POINT ( 'NONE',  ( 8.447968531466429454, 47.70458364835760534, 63.65680235966945588 ) ) ;
#5873 = EDGE_CURVE ( 'NONE', #489, #6764, #9185, .T. ) ;
#5874 = VECTOR ( 'NONE', #6020, 1000.000000000000000 ) ;
#5875 = CIRCLE ( 'NONE', #9192, 4.099999999999993427 ) ;
#5876 = VECTOR ( 'NONE', #8280, 1000.000000000000000 ) ;
#5877 = VERTEX_POINT ( 'NONE', #1534 ) ;
#5878 = ORIENTED_EDGE ( 'NONE', *, *, #1239, .T. ) ;
#5879 = CARTESIAN_POINT ( 'NONE',  ( 5.188564909164202987, 51.74416745800176187, -79.83292252379072806 ) ) ;
#5880 = ORIENTED_EDGE ( 'NONE', *, *, #2425, .T. ) ;
#5881 = CARTESIAN_POINT ( 'NONE',  ( 50.65392074524540078, 61.52516452259855129, -61.92130669985863278 ) ) ;
#5882 = ORIENTED_EDGE ( 'NONE', *, *, #317, .F. ) ;
#5883 = EDGE_CURVE ( 'NONE', #7667, #2928, #2270, .T. ) ;
#5884 = CARTESIAN_POINT ( 'NONE',  ( 52.77939340920298861, 51.74616339696982692, 60.12116207518106847 ) ) ;
#5885 = VECTOR ( 'NONE', #7519, 1000.000000000000114 ) ;
#5886 = CIRCLE ( 'NONE', #1949, 3.600000000000005862 ) ;
#5887 = VECTOR ( 'NONE', #8968, 1000.000000000000000 ) ;
#5888 = CYLINDRICAL_SURFACE ( 'NONE', #5600, 10.00000000000000178 ) ;
#5889 = CARTESIAN_POINT ( 'NONE',  ( -79.54715582596267609, 58.49999999999999289, 8.500000000000703437 ) ) ;
#5890 = CARTESIAN_POINT ( 'NONE',  ( -3.960293123289608060E-13, 63.17653718043602140, -57.40000000000004832 ) ) ;
#5891 = PLANE ( 'NONE',  #3378 ) ;
#5892 = EDGE_CURVE ( 'NONE', #2463, #2527, #4788, .T. ) ;
#5893 = ADVANCED_FACE ( 'NONE', ( #6029 ), #9719, .F. ) ;
#5894 = ORIENTED_EDGE ( 'NONE', *, *, #9424, .F. ) ;
#5895 = AXIS2_PLACEMENT_3D ( 'NONE', #6797, #4533, #7494 ) ;
#5896 = EDGE_LOOP ( 'NONE', ( #9124, #4124, #2417, #4699 ) ) ;
#5897 = AXIS2_PLACEMENT_3D ( 'NONE', #5381, #6814, #3169 ) ;
#5898 = DIRECTION ( 'NONE',  ( 0.000000000000000000, 0.000000000000000000, 1.000000000000000000 ) ) ;
#5899 = ORIENTED_EDGE ( 'NONE', *, *, #7833, .T. ) ;
#5900 = EDGE_LOOP ( 'NONE', ( #2934, #5303, #1050, #5625 ) ) ;
#5901 = CIRCLE ( 'NONE', #2286, 2.149999999999999023 ) ;
#5902 = FACE_BOUND ( 'NONE', #651, .T. ) ;
#5903 = CIRCLE ( 'NONE', #1663, 4.099999999999999645 ) ;
#5904 = CARTESIAN_POINT ( 'NONE',  ( -51.65216350890474217, 30.90000000000000213, 18.89587269351088139 ) ) ;
#5905 = CARTESIAN_POINT ( 'NONE',  ( -48.40145917221872907, 65.00000000000000000, 42.67389424460865399 ) ) ;
#5906 = CARTESIAN_POINT ( 'NONE',  ( -26.38856624071849666, 1.500000000000001332, 45.02950970490493177 ) ) ;
#5907 = CARTESIAN_POINT ( 'NONE',  ( 57.40000000000005542, 50.52795602816085108, 5.813499158005641654 ) ) ;
#5908 = VERTEX_POINT ( 'NONE', #2244 ) ;
#5909 = AXIS2_PLACEMENT_3D ( 'NONE', #4965, #7872, #4377 ) ;
#5910 = CARTESIAN_POINT ( 'NONE',  ( 60.65943617683436173, 49.91278067414285857, 5.733858381161401674 ) ) ;
#5911 = CARTESIAN_POINT ( 'NONE',  ( -3.877008887966909789, 49.93175828850173303, 60.73678965847709321 ) ) ;
#5912 = FACE_OUTER_BOUND ( 'NONE', #2363, .T. ) ;
#5913 = ADVANCED_FACE ( 'NONE', ( #5201 ), #6625, .F. ) ;
#5914 = B_SPLINE_CURVE_WITH_KNOTS ( 'NONE', 3,
 ( #5532, #2574, #1796, #4786, #8624, #7843, #7792, #7884, #3324, #5581, #8582, #7104, #367, #5866 ),
 .UNSPECIFIED., .F., .F.,
 ( 4, 2, 2, 2, 2, 2, 4 ),
 ( 0.03989364254628514905, 0.04173644242349498074, 0.04265784236209990005, 0.04357924230070481936, 0.04542204217791463022, 0.04634344211651952178, 0.04726484205512441333 ),
 .UNSPECIFIED. ) ;
#5915 = CARTESIAN_POINT ( 'NONE',  ( -60.73807584392447012, 49.93198985063452255, -3.823429064337245720 ) ) ;
#5916 = CIRCLE ( 'NONE', #4963, 8.499999999999998224 ) ;
#5917 = EDGE_CURVE ( 'NONE', #6920, #3924, #4821, .T. ) ;
#5918 = ADVANCED_FACE ( 'NONE', ( #729 ), #2935, .F. ) ;
#5920 = DIRECTION ( 'NONE',  ( 0.7071067811865450192, -0.000000000000000000, -0.7071067811865500152 ) ) ;
#5919 = DIRECTION ( 'NONE',  ( 1.000000000000000000, 0.000000000000000000, -6.918095612377566956E-15 ) ) ;
#5921 = ORIENTED_EDGE ( 'NONE', *, *, #8047, .T. ) ;
#5922 = EDGE_LOOP ( 'NONE', ( #8007, #4894, #7640, #6782 ) ) ;
#5923 = LINE ( 'NONE', #3562, #5802 ) ;
#5924 = DIRECTION ( 'NONE',  ( -3.426614273534433601E-15, 0.000000000000000000, -1.000000000000000000 ) ) ;
#5925 = DIRECTION ( 'NONE',  ( -0.3535533905932742305, -0.8660254037844392627, -0.3535533905932718435 ) ) ;
#5926 = CARTESIAN_POINT ( 'NONE',  ( 57.40056085429985444, 53.82346281956404255, -2.100081518022105943E-13 ) ) ;
#5927 = CARTESIAN_POINT ( 'NONE',  ( 48.84839389192994474, 56.16173140978202127, -54.57595881954134853 ) ) ;
#5928 = ADVANCED_FACE ( 'NONE', ( #7464 ), #3080, .T. ) ;
#5929 = CARTESIAN_POINT ( 'NONE',  ( 50.23792566855536990, 58.49999999999999289, -62.25874094872707332 ) ) ;
#5930 = CARTESIAN_POINT ( 'NONE',  ( -57.40018703135341127, 53.84578364510152682, 0.03866080389800806427 ) ) ;
#5931 = CARTESIAN_POINT ( 'NONE',  ( 4.049999999999543299, 60.83826859021803557, -64.40000000000007674 ) ) ;
#5932 = ORIENTED_EDGE ( 'NONE', *, *, #6101, .F. ) ;
#5933 = VERTEX_POINT ( 'NONE', #7794 ) ;
#5934 = AXIS2_PLACEMENT_3D ( 'NONE', #5711, #8711, #9490 ) ;
#5935 = CARTESIAN_POINT ( 'NONE',  ( -51.65216350890474217, 65.00000000000000000, -18.89587269351085297 ) ) ;
#5936 = B_SPLINE_CURVE_WITH_KNOTS ( 'NONE', 3,
 ( #8670, #463, #7156, #4930, #5676, #4831, #417, #7103, #1198, #5579, #3419, #3467, #8581, #6461, #9450, #2719, #5725, #7057, #7842, #8724 ),
 .UNSPECIFIED., .F., .F.,
 ( 4, 2, 2, 2, 2, 2, 2, 2, 2, 4 ),
 ( 0.006253452100163747578, 0.007074845104046453489, 0.007896238107929158534, 0.008717631111811865313, 0.009539024115694570358, 0.01036041711957727540, 0.01118181012345998218, 0.01200320312734268896, 0.01241389962928404235, 0.01282459613122539574 ),
 .UNSPECIFIED. ) ;
#5937 = VERTEX_POINT ( 'NONE', #9118 ) ;
#5938 = CARTESIAN_POINT ( 'NONE',  ( 2.598160995413814955, 61.67648823033632510, 57.40000000000005542 ) ) ;
#5939 = ORIENTED_EDGE ( 'NONE', *, *, #3451, .F. ) ;
#5940 = CARTESIAN_POINT ( 'NONE',  ( 53.84220863943657776, 50.86091162790835796, 59.17160513588408577 ) ) ;
#5941 = CIRCLE ( 'NONE', #2797, 2.149999999999999023 ) ;
#5942 = CARTESIAN_POINT ( 'NONE',  ( 8.500000000000978773, 58.49999999999999289, 79.54715582596264767 ) ) ;
#5943 = CARTESIAN_POINT ( 'NONE',  ( -79.83285388365587210, 51.74497750639832816, 5.189609166281895725 ) ) ;
#5944 = CARTESIAN_POINT ( 'NONE',  ( 63.65680235966944878, 47.70458364835763376, -8.447968531466656827 ) ) ;
#5945 = DIRECTION ( 'NONE',  ( 0.8660254037844379305, -0.5000000000000011102, 0.000000000000000000 ) ) ;
#5946 = ORIENTED_EDGE ( 'NONE', *, *, #9570, .T. ) ;
#5947 = ORIENTED_EDGE ( 'NONE', *, *, #601, .T. ) ;
#5948 = LINE ( 'NONE', #7279, #2983 ) ;
#5949 = VERTEX_POINT ( 'NONE', #4008 ) ;
#5950 = CARTESIAN_POINT ( 'NONE',  ( -58.10521046563163594, 56.16173140978203548, 4.050000000000209432 ) ) ;
#5951 = VERTEX_POINT ( 'NONE', #1001 ) ;
#5952 = VECTOR ( 'NONE', #2457, 1000.000000000000114 ) ;
#5953 = ADVANCED_FACE ( 'NONE', ( #868 ), #3955, .T. ) ;
#5954 = EDGE_CURVE ( 'NONE', #6708, #8252, #7603, .T. ) ;
#5955 = DIRECTION ( 'NONE',  ( -0.000000000000000000, 1.000000000000000000, -0.000000000000000000 ) ) ;
#5956 = DIRECTION ( 'NONE',  ( 0.000000000000000000, -1.000000000000000000, -0.000000000000000000 ) ) ;
#5957 = DIRECTION ( 'NONE',  ( -6.938893903907231336E-16, 0.000000000000000000, 1.000000000000000000 ) ) ;
#5958 = EDGE_CURVE ( 'NONE', #1612, #5832, #6116, .T. ) ;
#5959 = CARTESIAN_POINT ( 'NONE',  ( 60.77778074933577557, 49.93913632543333847, -1.938576124409692625 ) ) ;
#5960 = ORIENTED_EDGE ( 'NONE', *, *, #9358, .T. ) ;
#5961 = LINE ( 'NONE', #3698, #1335 ) ;
#5962 = DIRECTION ( 'NONE',  ( 0.000000000000000000, 0.000000000000000000, 1.000000000000000000 ) ) ;
#5963 = DIRECTION ( 'NONE',  ( 0.000000000000000000, 1.000000000000000000, -0.000000000000000000 ) ) ;
#5964 = CARTESIAN_POINT ( 'NONE',  ( -48.84839389193012948, 56.16173140978197154, -54.57595881954114958 ) ) ;
#5966 = CARTESIAN_POINT ( 'NONE',  ( 79.60303533527522291, 61.53346678176451690, -7.963952068764174719 ) ) ;
#5965 = CARTESIAN_POINT ( 'NONE',  ( -60.11583750205151944, 51.74064454756921094, 52.78540240047917109 ) ) ;
#5967 = EDGE_LOOP ( 'NONE', ( #2032, #4436, #3036, #1476, #6297, #4696, #158, #4463 ) ) ;
#5968 = ORIENTED_EDGE ( 'NONE', *, *, #7359, .T. ) ;
#5969 = DIRECTION ( 'NONE',  ( -0.6123724356957940262, -0.5000000000000009992, 0.6123724356957940262 ) ) ;
#5970 = DIRECTION ( 'NONE',  ( 0.000000000000000000, 0.000000000000000000, 1.000000000000000000 ) ) ;
#5971 = EDGE_CURVE ( 'NONE', #285, #4033, #222, .T. ) ;
#5972 = EDGE_CURVE ( 'NONE', #5388, #6363, #7633, .T. ) ;
#5973 = AXIS2_PLACEMENT_3D ( 'NONE', #4892, #4698, #234 ) ;
#5974 = PLANE ( 'NONE',  #851 ) ;
#5975 = CIRCLE ( 'NONE', #7238, 4.099999999999993427 ) ;
#5976 = CARTESIAN_POINT ( 'NONE',  ( -1.578777688378914412, 53.88723853897876381, -57.40000000000004832 ) ) ;
#5977 = DIRECTION ( 'NONE',  ( 0.000000000000000000, 0.000000000000000000, 1.000000000000000000 ) ) ;
#5978 = DIRECTION ( 'NONE',  ( 0.000000000000000000, 0.5000000000000011102, -0.8660254037844379305 ) ) ;
#5979 = DIRECTION ( 'NONE',  ( 0.000000000000000000, -0.000000000000000000, 1.000000000000000000 ) ) ;
#5980 = AXIS2_PLACEMENT_3D ( 'NONE', #7183, #2701, #1824 ) ;
#5981 = CARTESIAN_POINT ( 'NONE',  ( 61.40000000000004832, 65.00000000000000000, 1.781881413102887723 ) ) ;
#5982 = ORIENTED_EDGE ( 'NONE', *, *, #620, .T. ) ;
#5983 = VECTOR ( 'NONE', #290, 1000.000000000000000 ) ;
#5984 = VERTEX_POINT ( 'NONE', #3867 ) ;
#5985 = DIRECTION ( 'NONE',  ( 6.918095612377566956E-15, -1.685161507135332739E-29, 1.000000000000000000 ) ) ;
#5986 = ORIENTED_EDGE ( 'NONE', *, *, #6514, .T. ) ;
#5987 = DIRECTION ( 'NONE',  ( 0.7071067811865547892, 0.000000000000000000, 0.7071067811865400232 ) ) ;
#5988 = CARTESIAN_POINT ( 'NONE',  ( 62.08584855600722108, 56.29036654144683638, 50.45155534673423858 ) ) ;
#5989 = DIRECTION ( 'NONE',  ( -1.000000000000000000, 0.000000000000000000, 4.898042755699220774E-15 ) ) ;
#5990 = DIRECTION ( 'NONE',  ( 0.000000000000000000, 0.000000000000000000, 1.000000000000000000 ) ) ;
#5991 = CARTESIAN_POINT ( 'NONE',  ( -79.57009816837641836, 56.57014577954969070, 8.282658437357902415 ) ) ;
#5992 = CARTESIAN_POINT ( 'NONE',  ( -57.40000000000004832, 53.89042705671922562, -0.1159854610426550858 ) ) ;
#5993 = LINE ( 'NONE', #9080, #5885 ) ;
#5994 = ORIENTED_EDGE ( 'NONE', *, *, #3557, .T. ) ;
#5995 = EDGE_LOOP ( 'NONE', ( #5577, #7750, #943, #7664, #4748, #2796 ) ) ;
#5996 = DIRECTION ( 'NONE',  ( -0.7071067811865450192, 0.000000000000000000, 0.7071067811865500152 ) ) ;
#5997 = ORIENTED_EDGE ( 'NONE', *, *, #6066, .F. ) ;
#5998 = ORIENTED_EDGE ( 'NONE', *, *, #2848, .T. ) ;
#5999 = DIRECTION ( 'NONE',  ( -0.000000000000000000, 1.000000000000000000, -0.000000000000000000 ) ) ;
#6000 = DIRECTION ( 'NONE',  ( -0.7071067811865474617, 0.000000000000000000, 0.7071067811865474617 ) ) ;
#6001 = LINE ( 'NONE', #8998, #923 ) ;
#6002 = LINE ( 'NONE', #2802, #7465 ) ;
#6003 = CARTESIAN_POINT ( 'NONE',  ( -4.050000000000456346, 60.83826859021802136, -64.40000000000001990 ) ) ;
#6004 = VERTEX_POINT ( 'NONE', #275 ) ;
#6005 = ORIENTED_EDGE ( 'NONE', *, *, #9509, .T. ) ;
#6006 = PLANE ( 'NONE',  #8090 ) ;
#6007 = PRESENTATION_STYLE_ASSIGNMENT (( #9054 ) ) ;
#6008 = EDGE_CURVE ( 'NONE', #63, #7801, #1751, .T. ) ;
#6009 = CARTESIAN_POINT ( 'NONE',  ( 5.646478818415044287, 65.00000000000000000, 60.36806642904157627 ) ) ;
#6010 = CARTESIAN_POINT ( 'NONE',  ( 10.47722557505256269, 65.00000000000000000, 59.07814946534348621 ) ) ;
#6011 = ADVANCED_FACE ( 'NONE', ( #179 ), #2531, .F. ) ;
#6013 = DIRECTION ( 'NONE',  ( -0.7071067811865476838, -0.000000000000000000, -0.7071067811865474617 ) ) ;
#6012 = DIRECTION ( 'NONE',  ( -0.7071067811865474617, 0.000000000000000000, 0.7071067811865474617 ) ) ;
#6014 = ORIENTED_EDGE ( 'NONE', *, *, #1358, .F. ) ;
#6015 = ORIENTED_EDGE ( 'NONE', *, *, #9579, .T. ) ;
#6016 = B_SPLINE_CURVE_WITH_KNOTS ( 'NONE', 3,
 ( #1093, #4973, #503, #3461, #1193, #5669, #5713, #2766, #2027, #9444, #9298, #2714, #2564, #7781, #4045, #9348, #4093, #7976, #7252, #4192, #2621, #7927 ),
 .UNSPECIFIED., .F., .F.,
 ( 4, 2, 2, 2, 2, 2, 2, 2, 2, 2, 4 ),
 ( -1.471960575575294398E-05, 0.0005312217092882942377, 0.001077163024332341386, 0.002169045654420432429, 0.003260928284508523255, 0.004352810914596614081, 0.005444693544684705774, 0.006536576174772797468, 0.007628458804860888294, 0.008174400119904926335, 0.008720341434948963508 ),
 .UNSPECIFIED. ) ;
#6017 = CARTESIAN_POINT ( 'NONE',  ( 8.956822233372725057E-13, 9.672827050956818619E-28, 64.40000000000004832 ) ) ;
#6018 = CARTESIAN_POINT ( 'NONE',  ( 4.049999999999542410, 57.86164273325910301, -64.40000000000007674 ) ) ;
#6019 = CARTESIAN_POINT ( 'NONE',  ( -18.89587269351087429, 1.500000000000001332, 51.65216350890474217 ) ) ;
#6020 = DIRECTION ( 'NONE',  ( 1.000000000000000000, 0.000000000000000000, -4.152706626322565443E-16 ) ) ;
#6021 = CARTESIAN_POINT ( 'NONE',  ( -5.646478818413158685, 65.00000000000000000, 60.36806642904172548 ) ) ;
#6022 = CARTESIAN_POINT ( 'NONE',  ( -60.10734905892926605, 50.05142433307083394, 5.576861474476777936 ) ) ;
#6023 = ORIENTED_EDGE ( 'NONE', *, *, #3274, .F. ) ;
#6024 = VERTEX_POINT ( 'NONE', #2486 ) ;
#6025 = AXIS2_PLACEMENT_3D ( 'NONE', #7889, #8040, #3570 ) ;
#6026 = DIRECTION ( 'NONE',  ( 0.7071067811865549002, 0.000000000000000000, 0.7071067811865401342 ) ) ;
#6027 = DIRECTION ( 'NONE',  ( 0.000000000000000000, 0.000000000000000000, 1.000000000000000000 ) ) ;
#6028 = DIRECTION ( 'NONE',  ( 0.000000000000000000, -1.000000000000000000, 0.000000000000000000 ) ) ;
#6029 = FACE_OUTER_BOUND ( 'NONE', #374, .T. ) ;
#6030 = EDGE_CURVE ( 'NONE', #9702, #8147, #9343, .T. ) ;
#6031 = VECTOR ( 'NONE', #9350, 1000.000000000000114 ) ;
#6032 = VECTOR ( 'NONE', #1543, 1000.000000000000114 ) ;
#6033 = LINE ( 'NONE', #5049, #1677 ) ;
#6034 = CARTESIAN_POINT ( 'NONE',  ( -79.57594737235677940, 56.29130941663273546, -8.226819697962127975 ) ) ;
#6035 = DIRECTION ( 'NONE',  ( -0.000000000000000000, -1.000000000000000000, -0.000000000000000000 ) ) ;
#6036 = PLANE ( 'NONE',  #3529 ) ;
#6037 = EDGE_CURVE ( 'NONE', #6689, #8502, #8528, .T. ) ;
#6038 = EDGE_LOOP ( 'NONE', ( #8556, #1788, #905, #301 ) ) ;
#6039 = ORIENTED_EDGE ( 'NONE', *, *, #3060, .F. ) ;
#6040 = VERTEX_POINT ( 'NONE', #6275 ) ;
#6041 = DIRECTION ( 'NONE',  ( -0.7071067811865500152, 0.000000000000000000, -0.7071067811865449082 ) ) ;
#6042 = EDGE_LOOP ( 'NONE', ( #1128, #1112, #9187 ) ) ;
#6043 = ORIENTED_EDGE ( 'NONE', *, *, #3485, .F. ) ;
#6044 = AXIS2_PLACEMENT_3D ( 'NONE', #7030, #3297, #1956 ) ;
#6045 = TOROIDAL_SURFACE ( 'NONE', #9020, 60.00000000000000711, 5.000000000000000000 ) ;
#6046 = AXIS2_PLACEMENT_3D ( 'NONE', #2667, #8514, #3413 ) ;
#6047 = EDGE_CURVE ( 'NONE', #8798, #8539, #131, .T. ) ;
#6048 = CARTESIAN_POINT ( 'NONE',  ( 0.000000000000000000, 65.00000000000000000, 0.000000000000000000 ) ) ;
#6049 = CARTESIAN_POINT ( 'NONE',  ( 22.33148591051282139, 1.500000000000001332, 61.04346596506924527 ) ) ;
#6050 = LINE ( 'NONE', #8264, #5789 ) ;
#6051 = CARTESIAN_POINT ( 'NONE',  ( 79.54715582596276136, 57.93795804267961103, -8.500000000000143885 ) ) ;
#6052 = VECTOR ( 'NONE', #1002, 1000.000000000000000 ) ;
#6053 = EDGE_CURVE ( 'NONE', #7317, #8470, #2917, .T. ) ;
#6054 = VECTOR ( 'NONE', #9053, 999.9999999999998863 ) ;
#6055 = DIRECTION ( 'NONE',  ( 0.000000000000000000, 1.000000000000000000, -1.854709381156977158E-16 ) ) ;
#6056 = ORIENTED_EDGE ( 'NONE', *, *, #842, .F. ) ;
#6057 = ORIENTED_EDGE ( 'NONE', *, *, #6763, .T. ) ;
#6058 = DIRECTION ( 'NONE',  ( -0.7071067811865474617, 0.000000000000000000, 0.7071067811865475727 ) ) ;
#6059 = DIRECTION ( 'NONE',  ( 1.000000000000000000, 0.000000000000000000, -3.491481338843133750E-15 ) ) ;
#6060 = AXIS2_PLACEMENT_3D ( 'NONE', #1493, #4493, #162 ) ;
#6061 = VECTOR ( 'NONE', #8883, 1000.000000000000000 ) ;
#6062 = PLANE ( 'NONE',  #3621 ) ;
#6063 = CARTESIAN_POINT ( 'NONE',  ( -3.470779219583164175E-13, 58.49999999999999289, -64.40000000000000568 ) ) ;
#6064 = ORIENTED_EDGE ( 'NONE', *, *, #8966, .T. ) ;
#6065 = VECTOR ( 'NONE', #1184, 1000.000000000000000 ) ;
#6066 = EDGE_CURVE ( 'NONE', #1015, #6551, #7318, .T. ) ;
#6067 = ORIENTED_EDGE ( 'NONE', *, *, #355, .F. ) ;
#6068 = CARTESIAN_POINT ( 'NONE',  ( 46.66904755831214402, 58.49999999999999289, 58.68986283848343533 ) ) ;
#6069 = CARTESIAN_POINT ( 'NONE',  ( -60.77777480590102499, 49.93913512823023382, -1.939000770579779598 ) ) ;
#6070 = EDGE_CURVE ( 'NONE', #8160, #8841, #4595, .T. ) ;
#6071 = AXIS2_PLACEMENT_3D ( 'NONE', #1120, #5647, #3533 ) ;
#6072 = EDGE_CURVE ( 'NONE', #1015, #1868, #323, .T. ) ;
#6073 = FACE_OUTER_BOUND ( 'NONE', #318, .T. ) ;
#6074 = CARTESIAN_POINT ( 'NONE',  ( 62.25874094872673226, 57.94052951701971210, -50.23792566855582464 ) ) ;
#6075 = CARTESIAN_POINT ( 'NONE',  ( -22.33148591051289245, 30.90000000000000213, 61.04346596506922396 ) ) ;
#6076 = EDGE_CURVE ( 'NONE', #3924, #397, #9277, .T. ) ;
#6077 = CARTESIAN_POINT ( 'NONE',  ( -57.62567017389380908, 52.53855010969871131, 3.120936205375302031 ) ) ;
#6078 = ORIENTED_EDGE ( 'NONE', *, *, #4471, .F. ) ;
#6079 = ORIENTED_EDGE ( 'NONE', *, *, #7786, .F. ) ;
#6080 = CARTESIAN_POINT ( 'NONE',  ( 60.99758666566195586, 49.83704513215165832, 5.856933535191445550 ) ) ;
#6081 = DIRECTION ( 'NONE',  ( -0.000000000000000000, -1.000000000000000000, -0.000000000000000000 ) ) ;
#6082 = CARTESIAN_POINT ( 'NONE',  ( 62.25874094872671805, 58.49999999999999289, -50.23792566855581043 ) ) ;
#6083 = CARTESIAN_POINT ( 'NONE',  ( 61.98372504253898541, 55.76036962810778164, 50.57730223268293201 ) ) ;
#6084 = DIRECTION ( 'NONE',  ( 0.000000000000000000, 0.000000000000000000, 1.000000000000000000 ) ) ;
#6085 = DIRECTION ( 'NONE',  ( 0.000000000000000000, 0.3779644730092281413, -0.9258200997725510861 ) ) ;
#6086 = CARTESIAN_POINT ( 'NONE',  ( -79.80350767577232318, 52.09668627093296323, 5.617349375503357223 ) ) ;
#6087 = CARTESIAN_POINT ( 'NONE',  ( -57.40000000000005542, 54.85223253308289060, -1.781881413102503364 ) ) ;
#6088 = VECTOR ( 'NONE', #8855, 1000.000000000000000 ) ;
#6089 = VERTEX_POINT ( 'NONE', #570 ) ;
#6090 = ADVANCED_FACE ( 'NONE', ( #9657 ), #6659, .F. ) ;
#6091 = ORIENTED_EDGE ( 'NONE', *, *, #1782, .F. ) ;
#6092 = ORIENTED_EDGE ( 'NONE', *, *, #7955, .F. ) ;
#6093 = CARTESIAN_POINT ( 'NONE',  ( 42.67389424460814951, 57.86164273325988461, 48.40145917221916960 ) ) ;
#6094 = ADVANCED_FACE ( 'NONE', ( #8185 ), #2869, .T. ) ;
#6095 = VERTEX_POINT ( 'NONE', #8139 ) ;
#6096 = ORIENTED_EDGE ( 'NONE', *, *, #1402, .T. ) ;
#6097 = EDGE_CURVE ( 'NONE', #477, #5242, #3660, .T. ) ;
#6098 = ADVANCED_FACE ( 'NONE', ( #5869 ), #3663, .F. ) ;
#6099 = AXIS2_PLACEMENT_3D ( 'NONE', #5527, #6949, #1644 ) ;
#6100 = FACE_OUTER_BOUND ( 'NONE', #1985, .T. ) ;
#6101 = EDGE_CURVE ( 'NONE', #5045, #5444, #3068, .T. ) ;
#6102 = FACE_OUTER_BOUND ( 'NONE', #7544, .T. ) ;
#6103 = CARTESIAN_POINT ( 'NONE',  ( -1.781881413105031786, 62.14776746691605780, -57.40000000000003411 ) ) ;
#6104 = CARTESIAN_POINT ( 'NONE',  ( 79.80385813927178162, 52.09201476404110309, 5.612717988003939951 ) ) ;
#6105 = CARTESIAN_POINT ( 'NONE',  ( 40.23681451127838216, 58.49999999999995737, -34.43853890554895258 ) ) ;
#6106 = ORIENTED_EDGE ( 'NONE', *, *, #853, .F. ) ;
#6107 = ORIENTED_EDGE ( 'NONE', *, *, #1371, .F. ) ;
#6108 = DIRECTION ( 'NONE',  ( -1.396592535537253500E-14, -0.000000000000000000, -1.000000000000000000 ) ) ;
#6109 = CARTESIAN_POINT ( 'NONE',  ( -60.77777777777784252, 49.93913572686509639, -1.912140660616824750 ) ) ;
#6110 = AXIS2_PLACEMENT_3D ( 'NONE', #3794, #929, #8405 ) ;
#6111 = VECTOR ( 'NONE', #2529, 1000.000000000000000 ) ;
#6112 = LINE ( 'NONE', #2371, #4630 ) ;
#6113 = VERTEX_POINT ( 'NONE', #8037 ) ;
#6114 = ORIENTED_EDGE ( 'NONE', *, *, #1860, .F. ) ;
#6115 = PLANE ( 'NONE',  #2812 ) ;
#6116 = B_SPLINE_CURVE_WITH_KNOTS ( 'NONE', 3,
 ( #7653, #2387, #6228, #5483 ),
 .UNSPECIFIED., .F., .F.,
 ( 4, 4 ),
 ( 0.000000000000000000, 0.0001339296486542352217 ),
 .UNSPECIFIED. ) ;
#6117 = CARTESIAN_POINT ( 'NONE',  ( -60.65659954966123024, 49.91208628864306007, 5.802365231612133023 ) ) ;
#6118 = CARTESIAN_POINT ( 'NONE',  ( 60.90839093046827912, 52.89146958312123559, -51.86713256787508897 ) ) ;
#6119 = CYLINDRICAL_SURFACE ( 'NONE', #8378, 80.00000000000000000 ) ;
#6120 = CARTESIAN_POINT ( 'NONE',  ( -57.69668653509475575, 52.35048763411654704, 3.307355307358927465 ) ) ;
#6121 = EDGE_LOOP ( 'NONE', ( #9666, #537, #9312 ) ) ;
#6122 = EDGE_CURVE ( 'NONE', #7269, #5984, #7186, .T. ) ;
#6123 = ORIENTED_EDGE ( 'NONE', *, *, #4583, .F. ) ;
#6124 = DIRECTION ( 'NONE',  ( 0.7492693547207618376, 0.000000000000000000, -0.6622653803999822841 ) ) ;
#6125 = DIRECTION ( 'NONE',  ( 0.7071067811865476838, -0.000000000000000000, 0.7071067811865474617 ) ) ;
#6126 = CARTESIAN_POINT ( 'NONE',  ( 26.38856624071848955, 65.00000000000000000, -45.02950970490492466 ) ) ;
#6127 = EDGE_CURVE ( 'NONE', #2310, #9288, #8885, .T. ) ;
#6128 = CARTESIAN_POINT ( 'NONE',  ( 39.13836033867524122, 65.00000000000000000, -44.86592526628658106 ) ) ;
#6129 = CARTESIAN_POINT ( 'NONE',  ( -3.470779219583164175E-13, 58.49999999999999289, -64.40000000000000568 ) ) ;
#6130 = CIRCLE ( 'NONE', #2215, 10.00000000000000178 ) ;
#6131 = CARTESIAN_POINT ( 'NONE',  ( -1.878171458042920516, 53.78959459549147226, -57.40000000000004832 ) ) ;
#6132 = PLANE ( 'NONE',  #1018 ) ;
#6133 = CARTESIAN_POINT ( 'NONE',  ( 51.65216350890474217, 1.500000000000001332, -18.89587269351087429 ) ) ;
#6134 = VECTOR ( 'NONE', #819, 999.9999999999998863 ) ;
#6135 = ORIENTED_EDGE ( 'NONE', *, *, #3105, .T. ) ;
#6136 = ORIENTED_EDGE ( 'NONE', *, *, #5873, .F. ) ;
#6137 = ORIENTED_EDGE ( 'NONE', *, *, #2522, .F. ) ;
#6138 = DIRECTION ( 'NONE',  ( 0.000000000000000000, 0.000000000000000000, 1.000000000000000000 ) ) ;
#6139 = ORIENTED_EDGE ( 'NONE', *, *, #5232, .F. ) ;
#6140 = EDGE_LOOP ( 'NONE', ( #9111, #6505, #8842 ) ) ;
#6141 = AXIS2_PLACEMENT_3D ( 'NONE', #8847, #3546, #4128 ) ;
#6142 = CARTESIAN_POINT ( 'NONE',  ( -9.561742101838515140, 46.69547927027814893, -63.99908761051670325 ) ) ;
#6143 = DIRECTION ( 'NONE',  ( -0.000000000000000000, -1.000000000000000000, 0.000000000000000000 ) ) ;
#6144 = DIRECTION ( 'NONE',  ( 0.7071067811865401342, -0.000000000000000000, -0.7071067811865549002 ) ) ;
#6145 = LINE ( 'NONE', #7672, #5952 ) ;
#6146 = CARTESIAN_POINT ( 'NONE',  ( 80.00002138937003338, 49.99979868826900287, 0.5517439345201023970 ) ) ;
#6147 = EDGE_CURVE ( 'NONE', #3493, #4446, #6564, .T. ) ;
#6148 = DIRECTION ( 'NONE',  ( -1.000000000000000000, 0.000000000000000000, 8.826273045769994496E-15 ) ) ;
#6149 = ORIENTED_EDGE ( 'NONE', *, *, #4061, .F. ) ;
#6150 = VERTEX_POINT ( 'NONE', #8823 ) ;
#6151 = DIRECTION ( 'NONE',  ( -1.632680918566406990E-15, 0.000000000000000000, -1.000000000000000000 ) ) ;
#6152 = CARTESIAN_POINT ( 'NONE',  ( -61.40000000000006963, 65.00000000000000000, -1.781881413102460954 ) ) ;
#6153 = CARTESIAN_POINT ( 'NONE',  ( -27.74454884646939945, 14.70000000000000462, -66.98126610706812301 ) ) ;
#6154 = CARTESIAN_POINT ( 'NONE',  ( -3.970157536059559284E-13, 65.00000000000000000, -74.50000000000000000 ) ) ;
#6155 = ORIENTED_EDGE ( 'NONE', *, *, #7575, .T. ) ;
#6156 = ORIENTED_EDGE ( 'NONE', *, *, #3507, .T. ) ;
#6157 = CARTESIAN_POINT ( 'NONE',  ( -4.050000000000456346, 56.16173140978203548, -64.40000000000001990 ) ) ;
#6158 = CARTESIAN_POINT ( 'NONE',  ( -4.459794268942765257E-13, 9.672827050956818619E-28, -64.40000000000004832 ) ) ;
#6159 = DIRECTION ( 'NONE',  ( 0.7071067811865547892, 0.000000000000000000, 0.7071067811865400232 ) ) ;
#6160 = ADVANCED_FACE ( 'NONE', ( #3517 ), #2083, .F. ) ;
#6161 = ADVANCED_FACE ( 'NONE', ( #7824 ), #7774, .T. ) ;
#6162 = CARTESIAN_POINT ( 'NONE',  ( 59.50030133278908551, 51.12212283471197338, -53.47833803719888834 ) ) ;
#6163 = CARTESIAN_POINT ( 'NONE',  ( -4.100000000000400213, 58.49999999999999289, -74.49999999999997158 ) ) ;
#6164 = EDGE_CURVE ( 'NONE', #2624, #889, #4766, .T. ) ;
#6165 = CARTESIAN_POINT ( 'NONE',  ( 10.24963992324986961, 46.05499388880099332, -64.07814946534357148 ) ) ;
#6166 = VERTEX_POINT ( 'NONE', #5560 ) ;
#6167 = ORIENTED_EDGE ( 'NONE', *, *, #7904, .T. ) ;
#6168 = CARTESIAN_POINT ( 'NONE',  ( 3.307098703000545203, 52.35074652400984263, 57.69658647883652236 ) ) ;
#6169 = CARTESIAN_POINT ( 'NONE',  ( 9.181544413650044589E-13, 58.49999999999999289, 74.49999999999998579 ) ) ;
#6170 = DIRECTION ( 'NONE',  ( 0.000000000000000000, 1.000000000000000000, 0.000000000000000000 ) ) ;
#6171 = CARTESIAN_POINT ( 'NONE',  ( 50.30382224083905385, 59.73270048888554129, 62.20551910308562071 ) ) ;
#6172 = CARTESIAN_POINT ( 'NONE',  ( 5.646478818413158685, 65.00000000000000000, -60.36806642904172548 ) ) ;
#6173 = DIRECTION ( 'NONE',  ( -0.7071067811865474617, -0.000000000000000000, 0.7071067811865474617 ) ) ;
#6174 = DIRECTION ( 'NONE',  ( 0.7071067811865474617, 0.000000000000000000, -0.7071067811865474617 ) ) ;
#6175 = CARTESIAN_POINT ( 'NONE',  ( 10.47722557504451224, 45.83932656164265040, -64.07814946534381306 ) ) ;
#6176 = EDGE_LOOP ( 'NONE', ( #7140, #7382, #5800, #8149, #8753, #1244, #6384, #8055, #4464, #5997 ) ) ;
#6177 = AXIS2_PLACEMENT_3D ( 'NONE', #6272, #5627, #1889 ) ;
#6178 = ORIENTED_EDGE ( 'NONE', *, *, #9421, .F. ) ;
#6179 = ADVANCED_FACE ( 'NONE', ( #4673 ), #6938, .F. ) ;
#6180 = VERTEX_POINT ( 'NONE', #9144 ) ;
#6181 = CARTESIAN_POINT ( 'NONE',  ( 64.40000000000004832, 9.672827050956818619E-28, -2.211280286727785861E-13 ) ) ;
#6182 = VERTEX_POINT ( 'NONE', #940 ) ;
#6183 = EDGE_LOOP ( 'NONE', ( #163, #4573, #3230, #3220, #4891, #978, #7154, #9221 ) ) ;
#6184 = CIRCLE ( 'NONE', #1634, 4.099999999999999645 ) ;
#6185 = AXIS2_PLACEMENT_3D ( 'NONE', #8518, #122, #8469 ) ;
#6186 = DIRECTION ( 'NONE',  ( 1.000000000000000000, 0.000000000000000000, -1.776356839400250465E-15 ) ) ;
#6187 = EDGE_CURVE ( 'NONE', #1487, #7032, #362, .T. ) ;
#6188 = CARTESIAN_POINT ( 'NONE',  ( 45.53767670841367732, 58.49999999999999289, 45.53767670841364890 ) ) ;
#6189 = DIRECTION ( 'NONE',  ( -1.632680918566406990E-15, 0.000000000000000000, -1.000000000000000000 ) ) ;
#6190 = DIRECTION ( 'NONE',  ( -1.745740669421569833E-15, 0.8660254037844381525, -0.5000000000000008882 ) ) ;
#6191 = CARTESIAN_POINT ( 'NONE',  ( 79.57710541435193363, 56.30068309407809579, -8.215285934260933232 ) ) ;
#6192 = AXIS2_PLACEMENT_3D ( 'NONE', #2157, #1313, #9578 ) ;
#6193 = DIRECTION ( 'NONE',  ( 1.745740669421570425E-15, 0.8660254037844381525, 0.5000000000000009992 ) ) ;
#6194 = ORIENTED_EDGE ( 'NONE', *, *, #7881, .F. ) ;
#6195 = AXIS2_PLACEMENT_3D ( 'NONE', #4240, #7047, #8765 ) ;
#6196 = VERTEX_POINT ( 'NONE', #8567 ) ;
#6197 = EDGE_LOOP ( 'NONE', ( #9351, #897 ) ) ;
#6198 = CARTESIAN_POINT ( 'NONE',  ( -37.33767670841325526, 58.49999999999995737, 37.33767670841405106 ) ) ;
#6199 = EDGE_CURVE ( 'NONE', #2785, #2550, #1829, .T. ) ;
#6200 = CIRCLE ( 'NONE', #4163, 4.099999999999999645 ) ;
#6201 = AXIS2_PLACEMENT_3D ( 'NONE', #4693, #6958, #228 ) ;
#6202 = CYLINDRICAL_SURFACE ( 'NONE', #7558, 11.09999999999999964 ) ;
#6203 = VECTOR ( 'NONE', #9640, 1000.000000000000114 ) ;
#6204 =( BOUNDED_CURVE ( )  B_SPLINE_CURVE ( 3, ( #1237, #501, #7923, #2764 ),
 .UNSPECIFIED., .F., .T. ) 
 B_SPLINE_CURVE_WITH_KNOTS ( ( 4, 4 ),
 ( 1.570796326794896780, 2.173691564990658076 ),
 .UNSPECIFIED. ) 
 CURVE ( )  GEOMETRIC_REPRESENTATION_ITEM ( )  RATIONAL_B_SPLINE_CURVE ( ( 1.000000000000000000, 0.9699384583854323560, 0.9699384583854323560, 1.000000000000000000 ) ) 
 REPRESENTATION_ITEM ( '' )  );
#6205 = FACE_OUTER_BOUND ( 'NONE', #4403, .T. ) ;
#6206 = VERTEX_POINT ( 'NONE', #8420 ) ;
#6207 = VERTEX_POINT ( 'NONE', #1683 ) ;
#6208 = VECTOR ( 'NONE', #5827, 1000.000000000000000 ) ;
#6209 = CARTESIAN_POINT ( 'NONE',  ( 1.939000770580107114, 49.93913512823023382, -60.77777480590102499 ) ) ;
#6210 = AXIS2_PLACEMENT_3D ( 'NONE', #4687, #3953, #176 ) ;
#6211 = CARTESIAN_POINT ( 'NONE',  ( 5.477225575052562689, 65.00000000000000000, 74.49999999999991473 ) ) ;
#6212 = EDGE_CURVE ( 'NONE', #9288, #295, #6995, .T. ) ;
#6213 = PLANE ( 'NONE',  #9643 ) ;
#6214 = EDGE_CURVE ( 'NONE', #7571, #830, #7682, .T. ) ;
#6215 = EDGE_CURVE ( 'NONE', #2864, #4619, #9399, .T. ) ;
#6216 = VECTOR ( 'NONE', #8496, 1000.000000000000114 ) ;
#6217 = EDGE_CURVE ( 'NONE', #2320, #2310, #9038, .T. ) ;
#6218 = VECTOR ( 'NONE', #1455, 1000.000000000000000 ) ;
#6219 = DIRECTION ( 'NONE',  ( 0.000000000000000000, 1.000000000000000000, 0.000000000000000000 ) ) ;
#6220 = DIRECTION ( 'NONE',  ( -0.7071067811865400232, 0.000000000000000000, 0.7071067811865550112 ) ) ;
#6221 = CARTESIAN_POINT ( 'NONE',  ( 7.349975289721379923, 48.66065249638975132, -62.98851552825865241 ) ) ;
#6222 = ORIENTED_EDGE ( 'NONE', *, *, #6070, .T. ) ;
#6223 = VERTEX_POINT ( 'NONE', #5516 ) ;
#6224 = CARTESIAN_POINT ( 'NONE',  ( 39.13836033867524122, 52.90000000000000568, -44.86592526628658106 ) ) ;
#6225 = FACE_OUTER_BOUND ( 'NONE', #1614, .T. ) ;
#6226 = CARTESIAN_POINT ( 'NONE',  ( 52.67945519839779678, 58.49999999999999289, 52.67945519839777546 ) ) ;
#6227 = AXIS2_PLACEMENT_3D ( 'NONE', #8746, #4999, #1906 ) ;
#6228 = CARTESIAN_POINT ( 'NONE',  ( -0.07732330169055773306, 53.86810544861018002, 57.40000000000004832 ) ) ;
#6229 = DIRECTION ( 'NONE',  ( -0.000000000000000000, 1.000000000000000000, -0.000000000000000000 ) ) ;
#6230 = FACE_OUTER_BOUND ( 'NONE', #6329, .T. ) ;
#6231 = DIRECTION ( 'NONE',  ( -0.3535533905932745080, -0.8660254037844380415, 0.3535533905932745635 ) ) ;
#6232 = LINE ( 'NONE', #8441, #5720 ) ;
#6233 = CIRCLE ( 'NONE', #3202, 3.600000000000005862 ) ;
#6234 = ORIENTED_EDGE ( 'NONE', *, *, #7659, .F. ) ;
#6235 = ORIENTED_EDGE ( 'NONE', *, *, #4498, .T. ) ;
#6236 = ORIENTED_EDGE ( 'NONE', *, *, #1296, .T. ) ;
#6237 = DIRECTION ( 'NONE',  ( 0.000000000000000000, 1.000000000000000000, -0.000000000000000000 ) ) ;
#6238 = ORIENTED_EDGE ( 'NONE', *, *, #8672, .F. ) ;
#6239 = ORIENTED_EDGE ( 'NONE', *, *, #4870, .F. ) ;
#6240 = FACE_OUTER_BOUND ( 'NONE', #415, .T. ) ;
#6241 = CARTESIAN_POINT ( 'NONE',  ( -3.470779219583164175E-13, 58.49999999999999289, -64.40000000000000568 ) ) ;
#6242 = DIRECTION ( 'NONE',  ( 0.7071067811865550112, -5.077239441883339684E-15, 0.7071067811865398012 ) ) ;
#6243 = CARTESIAN_POINT ( 'NONE',  ( -4.592979611832889198E-13, 53.82346281956404255, -64.40000000000004832 ) ) ;
#6244 = DIRECTION ( 'NONE',  ( 0.000000000000000000, 0.000000000000000000, -1.000000000000000000 ) ) ;
#6245 = ORIENTED_EDGE ( 'NONE', *, *, #8277, .F. ) ;
#6246 = CARTESIAN_POINT ( 'NONE',  ( 64.40000000000004832, 63.17653718043602140, -2.200586528512667334E-13 ) ) ;
#6247 = ORIENTED_EDGE ( 'NONE', *, *, #4833, .F. ) ;
#6248 = FACE_OUTER_BOUND ( 'NONE', #7130, .T. ) ;
#6249 = EDGE_CURVE ( 'NONE', #1011, #2221, #8099, .T. ) ;
#6250 = ORIENTED_EDGE ( 'NONE', *, *, #3869, .T. ) ;
#6251 = DIRECTION ( 'NONE',  ( -0.7071067811865401342, 0.000000000000000000, 0.7071067811865549002 ) ) ;
#6252 = ADVANCED_FACE ( 'NONE', ( #6205 ), #762, .T. ) ;
#6253 = CARTESIAN_POINT ( 'NONE',  ( 1.578777688377048127, 53.88723853897877092, -57.40000000000004832 ) ) ;
#6254 = CARTESIAN_POINT ( 'NONE',  ( -52.67945519839779678, 58.49999999999999289, -52.67945519839778257 ) ) ;
#6255 = CARTESIAN_POINT ( 'NONE',  ( -62.87045643703567777, 48.78392107950237744, -7.204599520840612392 ) ) ;
#6256 = VECTOR ( 'NONE', #5661, 1000.000000000000000 ) ;
#6257 = EDGE_CURVE ( 'NONE', #7920, #1160, #8461, .T. ) ;
#6258 = ORIENTED_EDGE ( 'NONE', *, *, #9606, .T. ) ;
#6259 = ORIENTED_EDGE ( 'NONE', *, *, #659, .F. ) ;
#6260 = CARTESIAN_POINT ( 'NONE',  ( -27.74454884646939945, 14.70000000000000462, -63.38126610706812158 ) ) ;
#6261 = CARTESIAN_POINT ( 'NONE',  ( -45.02950970490492466, 30.90000000000000213, -26.38856624071845403 ) ) ;
#6262 = B_SPLINE_CURVE_WITH_KNOTS ( 'NONE', 3,
 ( #121, #8427, #9203, #1691, #5474, #8468, #29 ),
 .UNSPECIFIED., .F., .F.,
 ( 4, 3, 4 ),
 ( 0.001593213542509710123, 0.002954456518674312537, 0.003259114558754700082 ),
 .UNSPECIFIED. ) ;
#6263 = DIRECTION ( 'NONE',  ( 1.000000000000000000, -1.685161507135332739E-29, -3.426614273534433601E-15 ) ) ;
#6264 = VECTOR ( 'NONE', #1396, 1000.000000000000000 ) ;
#6265 = CARTESIAN_POINT ( 'NONE',  ( -42.67389424460763081, 52.90000000000000568, 48.40145917221963145 ) ) ;
#6266 = CARTESIAN_POINT ( 'NONE',  ( 11.35032770630694365, 65.00000000000000000, 64.00132858745546116 ) ) ;
#6267 = CARTESIAN_POINT ( 'NONE',  ( 6.408397252914570963, 49.43363913084061778, -61.99786835192185208 ) ) ;
#6268 = VERTEX_POINT ( 'NONE', #1777 ) ;
#6269 = CIRCLE ( 'NONE', #4850, 65.00000000000000000 ) ;
#6270 = EDGE_CURVE ( 'NONE', #5638, #4713, #5583, .T. ) ;
#6271 = ORIENTED_EDGE ( 'NONE', *, *, #2965, .F. ) ;
#6272 = CARTESIAN_POINT ( 'NONE',  ( -48.40145917221918381, 52.90000000000000568, -42.67389424460813530 ) ) ;
#6273 = PLANE ( 'NONE',  #3120 ) ;
#6274 = LINE ( 'NONE', #5678, #4956 ) ;
#6275 = CARTESIAN_POINT ( 'NONE',  ( 58.10521046563327729, 60.83826859021803557, 4.049999999999790212 ) ) ;
#6276 = CARTESIAN_POINT ( 'NONE',  ( -10.47722557504630814, 45.83932656164284936, -64.07814946534348621 ) ) ;
#6277 = CARTESIAN_POINT ( 'NONE',  ( 64.40000000000004832, 54.67341848130273263, 1.472166390311998363 ) ) ;
#6278 = CARTESIAN_POINT ( 'NONE',  ( -73.52559831703085536, 49.51577303841638411, -26.31732588214232393 ) ) ;
#6279 = DIRECTION ( 'NONE',  ( 0.7492693547207615046, -0.000000000000000000, 0.6622653803999826172 ) ) ;
#6280 = LINE ( 'NONE', #4243, #2910 ) ;
#6281 = VERTEX_POINT ( 'NONE', #4184 ) ;
#6282 = PRODUCT_DEFINITION_FORMATION_WITH_SPECIFIED_SOURCE ( 'ANY', '', #5207, .NOT_KNOWN. ) ;
#6283 = ORIENTED_EDGE ( 'NONE', *, *, #3901, .T. ) ;
#6284 = VERTEX_POINT ( 'NONE', #542 ) ;
#6285 = PLANE ( 'NONE',  #4712 ) ;
#6286 = ORIENTED_EDGE ( 'NONE', *, *, #7240, .F. ) ;
#6287 = EDGE_LOOP ( 'NONE', ( #9460, #6778, #8797 ) ) ;
#6288 = DIRECTION ( 'NONE',  ( 0.7071067811865474617, 0.000000000000000000, -0.7071067811865474617 ) ) ;
#6289 = VECTOR ( 'NONE', #97, 1000.000000000000000 ) ;
#6290 = AXIS2_PLACEMENT_3D ( 'NONE', #5463, #8419, #3355 ) ;
#6291 = DIRECTION ( 'NONE',  ( 3.426614273534433601E-15, 0.000000000000000000, 1.000000000000000000 ) ) ;
#6292 = DIRECTION ( 'NONE',  ( 0.7071067811865474617, 0.000000000000000000, -0.7071067811865474617 ) ) ;
#6293 = DIRECTION ( 'NONE',  ( -0.000000000000000000, -1.000000000000000000, 0.000000000000000000 ) ) ;
#6294 = LINE ( 'NONE', #4076, #1717 ) ;
#6295 = CARTESIAN_POINT ( 'NONE',  ( 58.68986283848344954, 58.49999999999999289, 46.66904755831212981 ) ) ;
#6296 = EDGE_CURVE ( 'NONE', #9602, #5158, #7190, .T. ) ;
#6297 = ORIENTED_EDGE ( 'NONE', *, *, #8546, .F. ) ;
#6298 = EDGE_CURVE ( 'NONE', #5933, #8443, #1322, .T. ) ;
#6299 = CARTESIAN_POINT ( 'NONE',  ( -66.98126610706783879, 14.70000000000000462, 31.34454884647010076 ) ) ;
#6300 = ORIENTED_EDGE ( 'NONE', *, *, #5575, .F. ) ;
#6301 = AXIS2_PLACEMENT_3D ( 'NONE', #1223, #4226, #3247 ) ;
#6302 = FACE_OUTER_BOUND ( 'NONE', #8487, .T. ) ;
#6303 = ORIENTED_EDGE ( 'NONE', *, *, #9479, .T. ) ;
#6304 = CARTESIAN_POINT ( 'NONE',  ( 51.65216350890475638, 1.500000000000001332, 28.89587269351084942 ) ) ;
#6305 = AXIS2_PLACEMENT_3D ( 'NONE', #4364, #9031, #6724 ) ;
#6306 = FACE_OUTER_BOUND ( 'NONE', #6176, .T. ) ;
#6307 = CARTESIAN_POINT ( 'NONE',  ( -1.680329652346836511, 53.88680772472711311, -57.40000000000004832 ) ) ;
#6308 = CARTESIAN_POINT ( 'NONE',  ( -60.36806642904178943, 65.00000000000000000, -5.646478818412526302 ) ) ;
#6309 = ORIENTED_EDGE ( 'NONE', *, *, #8012, .T. ) ;
#6310 = EDGE_CURVE ( 'NONE', #3598, #5637, #5593, .T. ) ;
#6311 = DIRECTION ( 'NONE',  ( -0.000000000000000000, 1.000000000000000000, -0.000000000000000000 ) ) ;
#6312 = LINE ( 'NONE', #6455, #3212 ) ;
#6313 = CARTESIAN_POINT ( 'NONE',  ( 0.000000000000000000, 65.00000000000000000, 11.09999999999999964 ) ) ;
#6314 = CARTESIAN_POINT ( 'NONE',  ( 57.40356766985940595, 53.69058334038355440, -1.976685244382167861 ) ) ;
#6315 = EDGE_LOOP ( 'NONE', ( #137, #4677, #5921, #2493, #3062, #6652, #1611, #197, #2506, #8992 ) ) ;
#6316 = ORIENTED_EDGE ( 'NONE', *, *, #4262, .T. ) ;
#6317 = PLANE ( 'NONE',  #6177 ) ;
#6318 = CARTESIAN_POINT ( 'NONE',  ( 60.46525566738618807, 49.95417342428426366, -5.672430509436396484 ) ) ;
#6319 = DIRECTION ( 'NONE',  ( -0.7071067811865450192, 0.000000000000000000, 0.7071067811865500152 ) ) ;
#6320 = EDGE_CURVE ( 'NONE', #5415, #3526, #2447, .T. ) ;
#6321 = DIRECTION ( 'NONE',  ( -1.000000000000000000, 0.000000000000000000, 4.898042755699220774E-15 ) ) ;
#6322 = DIRECTION ( 'NONE',  ( -0.000000000000000000, 1.000000000000000000, -0.000000000000000000 ) ) ;
#6323 = CARTESIAN_POINT ( 'NONE',  ( 57.64235574244826665, 61.22646006433028276, 3.377632643772338739 ) ) ;
#6324 = DIRECTION ( 'NONE',  ( -0.000000000000000000, -1.000000000000000000, -0.000000000000000000 ) ) ;
#6325 = FACE_OUTER_BOUND ( 'NONE', #7891, .T. ) ;
#6326 = CARTESIAN_POINT ( 'NONE',  ( -45.53767670841367021, 58.49999999999995737, -45.53767670841365600 ) ) ;
#6327 = VERTEX_POINT ( 'NONE', #7135 ) ;
#6328 = VERTEX_POINT ( 'NONE', #7969 ) ;
#6329 = EDGE_LOOP ( 'NONE', ( #6471, #9068, #1454, #4560 ) ) ;
#6330 = CARTESIAN_POINT ( 'NONE',  ( 8.162559440171907710, 60.95141844009415166, 79.58260508712909598 ) ) ;
#6331 = ORIENTED_EDGE ( 'NONE', *, *, #4061, .T. ) ;
#6332 = ORIENTED_EDGE ( 'NONE', *, *, #933, .T. ) ;
#6333 = ADVANCED_FACE ( 'NONE', ( #4328 ), #7241, .F. ) ;
#6334 = EDGE_CURVE ( 'NONE', #1757, #1612, #3187, .T. ) ;
#6335 = CARTESIAN_POINT ( 'NONE',  ( -56.55243854460468356, 65.00000000000000000, 48.80647185219098105 ) ) ;
#6336 = PLANE ( 'NONE',  #6704 ) ;
#6337 = CARTESIAN_POINT ( 'NONE',  ( 64.40000000000000568, 58.49999999999999289, -1.180056052874078735E-13 ) ) ;
#6338 = CARTESIAN_POINT ( 'NONE',  ( -57.40000000000003411, 53.88680772472711311, 1.680329652347436697 ) ) ;
#6339 = AXIS2_PLACEMENT_3D ( 'NONE', #8193, #7459, #724 ) ;
#6340 = DIRECTION ( 'NONE',  ( -1.000000000000000000, 0.000000000000000000, 6.769652589177784668E-15 ) ) ;
#6341 = EDGE_LOOP ( 'NONE', ( #6413, #7980, #9614, #875 ) ) ;
#6342 = DIRECTION ( 'NONE',  ( -0.000000000000000000, 1.000000000000000000, -0.000000000000000000 ) ) ;
#6343 = ORIENTED_EDGE ( 'NONE', *, *, #3869, .F. ) ;
#6344 = DIRECTION ( 'NONE',  ( -0.000000000000000000, 1.000000000000000000, -0.000000000000000000 ) ) ;
#6345 = VERTEX_POINT ( 'NONE', #3548 ) ;
#6346 = CARTESIAN_POINT ( 'NONE',  ( -44.86592526628601973, 56.16173140978199996, 39.13836033867587361 ) ) ;
#6347 = VECTOR ( 'NONE', #5085, 999.9999999999998863 ) ;
#6348 = EDGE_CURVE ( 'NONE', #6024, #6569, #8576, .T. ) ;
#6349 = DIRECTION ( 'NONE',  ( 1.000000000000000000, 0.000000000000000000, 0.000000000000000000 ) ) ;
#6350 = DIRECTION ( 'NONE',  ( -0.000000000000000000, -1.000000000000000000, -0.000000000000000000 ) ) ;
#6351 = DIRECTION ( 'NONE',  ( -5.329070518200752183E-15, -0.000000000000000000, -1.000000000000000000 ) ) ;
#6352 = AXIS2_PLACEMENT_3D ( 'NONE', #9607, #5925, #5231 ) ;
#6353 = EDGE_LOOP ( 'NONE', ( #5754, #4962, #498, #2033, #2076 ) ) ;
#6354 = LINE ( 'NONE', #4822, #1327 ) ;
#6355 = AXIS2_PLACEMENT_3D ( 'NONE', #7424, #9624, #1269 ) ;
#6356 = AXIS2_PLACEMENT_3D ( 'NONE', #8917, #2185, #8820 ) ;
#6357 = CARTESIAN_POINT ( 'NONE',  ( 18.89587269351086718, 30.90000000000000213, -51.65216350890474217 ) ) ;
#6358 = VECTOR ( 'NONE', #4645, 1000.000000000000114 ) ;
#6359 = ADVANCED_FACE ( 'NONE', ( #1277 ), #2018, .F. ) ;
#6360 = CARTESIAN_POINT ( 'NONE',  ( 42.67389424460797187, 65.00000000000000000, -48.40145917221933303 ) ) ;
#6361 = AXIS2_PLACEMENT_3D ( 'NONE', #3086, #7610, #3872 ) ;
#6362 = VECTOR ( 'NONE', #7822, 1000.000000000000000 ) ;
#6363 = VERTEX_POINT ( 'NONE', #6545 ) ;
#6364 = ORIENTED_EDGE ( 'NONE', *, *, #6816, .T. ) ;
#6365 = LINE ( 'NONE', #2483, #4896 ) ;
#6366 = DIRECTION ( 'NONE',  ( 1.000000000000000000, 0.000000000000000000, 0.000000000000000000 ) ) ;
#6367 = DIRECTION ( 'NONE',  ( 0.7071067811865475727, 0.000000000000000000, 0.7071067811865475727 ) ) ;
#6368 = ADVANCED_FACE ( 'NONE', ( #6491 ), #7335, .F. ) ;
#6369 = CARTESIAN_POINT ( 'NONE',  ( 54.57595881954100037, 56.16173140978202127, -48.84839389193032844 ) ) ;
#6370 = ADVANCED_FACE ( 'NONE', ( #5804 ), #5061, .F. ) ;
#6371 = VECTOR ( 'NONE', #4129, 1000.000000000000000 ) ;
#6372 = VECTOR ( 'NONE', #464, 1000.000000000000114 ) ;
#6373 = PLANE ( 'NONE',  #7856 ) ;
#6374 = CYLINDRICAL_SURFACE ( 'NONE', #6500, 4.000000000000003553 ) ;
#6375 = EDGE_CURVE ( 'NONE', #1665, #6284, #8062, .T. ) ;
#6376 = DIRECTION ( 'NONE',  ( 0.7071067811865401342, -0.000000000000000000, -0.7071067811865549002 ) ) ;
#6377 = CARTESIAN_POINT ( 'NONE',  ( -42.00214280248047771, 53.82346281956404255, 42.00214280248135879 ) ) ;
#6378 = ORIENTED_EDGE ( 'NONE', *, *, #6147, .T. ) ;
#6379 = EDGE_LOOP ( 'NONE', ( #6239, #5739, #2210, #578 ) ) ;
#6380 = AXIS2_PLACEMENT_3D ( 'NONE', #3356, #6350, #9481 ) ;
#6381 = ORIENTED_EDGE ( 'NONE', *, *, #1021, .T. ) ;
#6382 = CARTESIAN_POINT ( 'NONE',  ( 8.500000000000978773, 58.49999999999999289, 79.54715582596264767 ) ) ;
#6383 = ORIENTED_EDGE ( 'NONE', *, *, #4776, .T. ) ;
#6384 = ORIENTED_EDGE ( 'NONE', *, *, #7425, .F. ) ;
#6385 = AXIS2_PLACEMENT_3D ( 'NONE', #2098, #8248, #6577 ) ;
#6386 = CARTESIAN_POINT ( 'NONE',  ( -8.499999999999021227, 57.94518072146816934, 79.54715582596288925 ) ) ;
#6387 = DIRECTION ( 'NONE',  ( -0.7071067811865500152, 0.000000000000000000, -0.7071067811865451302 ) ) ;
#6388 = FACE_OUTER_BOUND ( 'NONE', #3196, .T. ) ;
#6389 = FACE_BOUND ( 'NONE', #6572, .T. ) ;
#6390 = LINE ( 'NONE', #9470, #5567 ) ;
#6391 = EDGE_LOOP ( 'NONE', ( #2252, #9022, #9717, #9023, #3180, #7233, #2108 ) ) ;
#6392 = CARTESIAN_POINT ( 'NONE',  ( 79.81227975693967380, 65.00000000000000000, 5.477225575051499540 ) ) ;
#6393 = ORIENTED_EDGE ( 'NONE', *, *, #1402, .F. ) ;
#6394 = CARTESIAN_POINT ( 'NONE',  ( -7.111459161973503917, 63.16621244281307668, -79.68345624598541121 ) ) ;
#6395 = EDGE_CURVE ( 'NONE', #8794, #2383, #100, .T. ) ;
#6396 = ORIENTED_EDGE ( 'NONE', *, *, #8135, .F. ) ;
#6397 = LINE ( 'NONE', #5243, #2134 ) ;
#6398 = EDGE_CURVE ( 'NONE', #2221, #1731, #253, .T. ) ;
#6399 = EDGE_CURVE ( 'NONE', #9415, #1772, #1188, .T. ) ;
#6400 = DIRECTION ( 'NONE',  ( 0.000000000000000000, 1.000000000000000000, 0.000000000000000000 ) ) ;
#6401 = DIRECTION ( 'NONE',  ( 8.163404592832035149E-15, 0.000000000000000000, 1.000000000000000000 ) ) ;
#6402 = CARTESIAN_POINT ( 'NONE',  ( -22.33148591051284271, 65.00000000000000000, -61.04346596506923817 ) ) ;
#6403 = ORIENTED_EDGE ( 'NONE', *, *, #1703, .T. ) ;
#6404 = ADVANCED_FACE ( 'NONE', ( #1875 ), #1971, .F. ) ;
#6405 = CARTESIAN_POINT ( 'NONE',  ( -50.23792566855560437, 57.94505183521496861, -62.25874094872690989 ) ) ;
#6406 = VECTOR ( 'NONE', #4071, 1000.000000000000000 ) ;
#6407 = CARTESIAN_POINT ( 'NONE',  ( 1.781881413105030232, 65.00000000000000000, 61.40000000000004832 ) ) ;
#6408 = CARTESIAN_POINT ( 'NONE',  ( -51.65216350890474217, 30.90000000000000213, 28.89587269351088494 ) ) ;
#6409 = CARTESIAN_POINT ( 'NONE',  ( -3.823429064337882544, 49.93198985063452255, 60.73807584392440617 ) ) ;
#6410 = CIRCLE ( 'NONE', #3894, 4.999999999999997335 ) ;
#6411 = CYLINDRICAL_SURFACE ( 'NONE', #6819, 2.149999999999999023 ) ;
#6412 = EDGE_LOOP ( 'NONE', ( #5539, #6403, #1973, #6539, #6364 ) ) ;
#6413 = ORIENTED_EDGE ( 'NONE', *, *, #5449, .F. ) ;
#6414 = CIRCLE ( 'NONE', #3117, 9.999999999999998224 ) ;
#6415 = CARTESIAN_POINT ( 'NONE',  ( -48.40145917221918381, 52.90000000000000568, -42.67389424460813530 ) ) ;
#6416 = DIRECTION ( 'NONE',  ( -1.000000000000000000, 0.000000000000000000, 0.000000000000000000 ) ) ;
#6417 = LINE ( 'NONE', #7306, #4448 ) ;
#6418 = LINE ( 'NONE', #2532, #2366 ) ;
#6419 = CARTESIAN_POINT ( 'NONE',  ( -3.120954407576468803, 52.53853175166452871, 57.62567668162559187 ) ) ;
#6420 = VECTOR ( 'NONE', #3096, 1000.000000000000114 ) ;
#6421 = CYLINDRICAL_SURFACE ( 'NONE', #2453, 4.099999999999999645 ) ;
#6422 = CARTESIAN_POINT ( 'NONE',  ( -9.699830827299436845E-13, 49.93913572686508218, -60.77777777777780699 ) ) ;
#6423 = ADVANCED_FACE ( 'NONE', ( #3744 ), #7384, .F. ) ;
#6424 = AXIS2_PLACEMENT_3D ( 'NONE', #8182, #1246, #4247 ) ;
#6425 = ORIENTED_EDGE ( 'NONE', *, *, #8948, .T. ) ;
#6426 = ADVANCED_FACE ( 'NONE', ( #51 ), #645, .F. ) ;
#6427 = EDGE_LOOP ( 'NONE', ( #5836, #4271, #8396, #7662, #3110, #1226, #5278 ) ) ;
#6428 = ORIENTED_EDGE ( 'NONE', *, *, #5311, .T. ) ;
#6429 = CARTESIAN_POINT ( 'NONE',  ( 7.963952068765014047, 61.53346678176449558, 79.60303533527512343 ) ) ;
#6430 = ORIENTED_EDGE ( 'NONE', *, *, #8831, .T. ) ;
#6431 = ORIENTED_EDGE ( 'NONE', *, *, #2710, .T. ) ;
#6432 = DIRECTION ( 'NONE',  ( 1.000000000000000000, 0.000000000000000000, -3.491481338843133355E-15 ) ) ;
#6433 = CARTESIAN_POINT ( 'NONE',  ( -4.049999999999092104, 56.16173140978204259, 64.40000000000010516 ) ) ;
#6434 = DIRECTION ( 'NONE',  ( -0.000000000000000000, 1.000000000000000000, -0.000000000000000000 ) ) ;
#6435 = FACE_BOUND ( 'NONE', #1273, .T. ) ;
#6436 = CARTESIAN_POINT ( 'NONE',  ( -64.39999999999999147, 58.49999999999995737, 5.701467076235642709E-13 ) ) ;
#6437 = ORIENTED_EDGE ( 'NONE', *, *, #6676, .T. ) ;
#6438 = CARTESIAN_POINT ( 'NONE',  ( -51.65216350890474217, 65.00000000000000000, 18.89587269351088139 ) ) ;
#6439 = ORIENTED_EDGE ( 'NONE', *, *, #2094, .F. ) ;
#6440 = CARTESIAN_POINT ( 'NONE',  ( -7.432927385667407627, 62.63497042955279426, -79.65411251905129575 ) ) ;
#6441 = VERTEX_POINT ( 'NONE', #8997 ) ;
#6442 = VERTEX_POINT ( 'NONE', #8118 ) ;
#6443 = VECTOR ( 'NONE', #6322, 1000.000000000000000 ) ;
#6444 = CARTESIAN_POINT ( 'NONE',  ( 47.36048033459431394, 55.31177574804320329, 43.71487308223300516 ) ) ;
#6445 = CARTESIAN_POINT ( 'NONE',  ( -3.470779219583164175E-13, 58.49999999999999289, -64.40000000000000568 ) ) ;
#6446 = CARTESIAN_POINT ( 'NONE',  ( 1.781881413105030232, 53.88633504566436727, 57.40000000000004832 ) ) ;
#6447 = EDGE_CURVE ( 'NONE', #4603, #9628, #5849, .T. ) ;
#6448 = VECTOR ( 'NONE', #3091, 1000.000000000000000 ) ;
#6449 = ORIENTED_EDGE ( 'NONE', *, *, #5196, .F. ) ;
#6450 = AXIS2_PLACEMENT_3D ( 'NONE', #5601, #1859, #7898 ) ;
#6451 = CARTESIAN_POINT ( 'NONE',  ( -8.444440130335390648, 57.38180258397164124, -79.55314820863961245 ) ) ;
#6452 = DIRECTION ( 'NONE',  ( 1.000000000000000000, -1.685161507135332739E-29, -3.426614273534433601E-15 ) ) ;
#6453 = DIRECTION ( 'NONE',  ( -1.000000000000000000, -0.000000000000000000, 8.826273045769994496E-15 ) ) ;
#6454 = CARTESIAN_POINT ( 'NONE',  ( 3.865463758374450443, 50.49377873550142226, 57.39999999999319868 ) ) ;
#6455 = CARTESIAN_POINT ( 'NONE',  ( -4.449100510727646982E-13, 63.17653718043602140, -64.40000000000004832 ) ) ;
#6456 = EDGE_CURVE ( 'NONE', #7712, #7497, #2113, .T. ) ;
#6457 = DIRECTION ( 'NONE',  ( -3.384826294588892334E-15, 0.000000000000000000, -1.000000000000000000 ) ) ;
#6458 = ORIENTED_EDGE ( 'NONE', *, *, #8383, .F. ) ;
#6459 = ORIENTED_EDGE ( 'NONE', *, *, #565, .T. ) ;
#6460 = CARTESIAN_POINT ( 'NONE',  ( 4.373895460437251970, 51.27237293688502007, 58.34537367415686759 ) ) ;
#6461 = CARTESIAN_POINT ( 'NONE',  ( 2.744470027926486644, 52.91801180700228713, -57.51257718343308767 ) ) ;
#6462 = CARTESIAN_POINT ( 'NONE',  ( -6.655330888320933447, 30.90000000000000213, -7.529663527230808562 ) ) ;
#6463 = EDGE_CURVE ( 'NONE', #8470, #7317, #8893, .T. ) ;
#6464 = CARTESIAN_POINT ( 'NONE',  ( 57.69668653509474865, 52.35048763411651862, -3.307355307358526009 ) ) ;
#6465 = CARTESIAN_POINT ( 'NONE',  ( 45.53767670841367732, 58.49999999999999289, 45.53767670841364890 ) ) ;
#6466 = CARTESIAN_POINT ( 'NONE',  ( 22.33148591051282139, 30.90000000000000213, 61.04346596506924527 ) ) ;
#6467 = CARTESIAN_POINT ( 'NONE',  ( -64.02424367561893348, 45.12607978847707813, -11.22111592272587366 ) ) ;
#6468 = EDGE_CURVE ( 'NONE', #297, #3477, #3645, .T. ) ;
#6469 = FACE_OUTER_BOUND ( 'NONE', #7463, .T. ) ;
#6470 = CARTESIAN_POINT ( 'NONE',  ( 79.54715582596273293, 58.49999999999999289, -8.500000000000142109 ) ) ;
#6471 = ORIENTED_EDGE ( 'NONE', *, *, #7096, .F. ) ;
#6472 = EDGE_LOOP ( 'NONE', ( #6458, #5960, #32, #3370 ) ) ;
#6473 = ORIENTED_EDGE ( 'NONE', *, *, #7556, .T. ) ;
#6474 = CARTESIAN_POINT ( 'NONE',  ( 64.06574842077752407, 46.25743042576929298, 10.03402936529583123 ) ) ;
#6475 = ORIENTED_EDGE ( 'NONE', *, *, #8089, .F. ) ;
#6476 = ORIENTED_EDGE ( 'NONE', *, *, #3366, .F. ) ;
#6477 = DIRECTION ( 'NONE',  ( 0.6123724356957940262, -0.5000000000000009992, -0.6123724356957940262 ) ) ;
#6478 = CARTESIAN_POINT ( 'NONE',  ( -64.40000000000001990, 58.49999999999995737, -4.099999999999429434 ) ) ;
#6479 = DIRECTION ( 'NONE',  ( -0.7071067811865475727, 0.000000000000000000, -0.7071067811865475727 ) ) ;
#6480 = CYLINDRICAL_SURFACE ( 'NONE', #2028, 11.09999999999999964 ) ;
#6481 = DIRECTION ( 'NONE',  ( -0.000000000000000000, 1.000000000000000000, -0.000000000000000000 ) ) ;
#6482 = ADVANCED_FACE ( 'NONE', ( #9633 ), #693, .F. ) ;
#6483 = ORIENTED_EDGE ( 'NONE', *, *, #7659, .T. ) ;
#6484 = LINE ( 'NONE', #4904, #3590 ) ;
#6485 = ORIENTED_EDGE ( 'NONE', *, *, #2680, .F. ) ;
#6486 = DIRECTION ( 'NONE',  ( 0.000000000000000000, 0.000000000000000000, 1.000000000000000000 ) ) ;
#6487 = ORIENTED_EDGE ( 'NONE', *, *, #6504, .F. ) ;
#6488 = ORIENTED_EDGE ( 'NONE', *, *, #8836, .F. ) ;
#6489 = EDGE_CURVE ( 'NONE', #4434, #64, #1373, .T. ) ;
#6490 = FACE_OUTER_BOUND ( 'NONE', #3002, .T. ) ;
#6491 = FACE_OUTER_BOUND ( 'NONE', #8933, .T. ) ;
#6492 = DIRECTION ( 'NONE',  ( -0.000000000000000000, 1.000000000000000000, -0.000000000000000000 ) ) ;
#6493 = ORIENTED_EDGE ( 'NONE', *, *, #5141, .T. ) ;
#6494 = CARTESIAN_POINT ( 'NONE',  ( -5.613467016002366528, 52.09268397314532706, -79.80380473001596897 ) ) ;
#6495 = CIRCLE ( 'NONE', #8856, 8.499999999999998224 ) ;
#6496 = CARTESIAN_POINT ( 'NONE',  ( 42.63853890554864989, 58.49999999999995737, -48.43681451127865500 ) ) ;
#6497 = DIRECTION ( 'NONE',  ( 0.7071067811865476838, -0.000000000000000000, 0.7071067811865474617 ) ) ;
#6498 = CARTESIAN_POINT ( 'NONE',  ( 57.42830173027759599, 53.39898306424006336, 2.266660022138516251 ) ) ;
#6499 = DIRECTION ( 'NONE',  ( 1.000000000000000000, 0.000000000000000000, -6.918095612377566956E-15 ) ) ;
#6500 = AXIS2_PLACEMENT_3D ( 'NONE', #2726, #5632, #7014 ) ;
#6502 = DIRECTION ( 'NONE',  ( 0.000000000000000000, -0.5000000000000011102, -0.8660254037844379305 ) ) ;
#6501 = CARTESIAN_POINT ( 'NONE',  ( -58.99505736422140245, 50.75271134841783294, 54.03378178629714057 ) ) ;
#6503 = ORIENTED_EDGE ( 'NONE', *, *, #1554, .F. ) ;
#6504 = EDGE_CURVE ( 'NONE', #1369, #8798, #7638, .T. ) ;
#6505 = ORIENTED_EDGE ( 'NONE', *, *, #3600, .T. ) ;
#6506 = VECTOR ( 'NONE', #3130, 999.9999999999998863 ) ;
#6507 = CIRCLE ( 'NONE', #5098, 4.099999999999998757 ) ;
#6508 = CIRCLE ( 'NONE', #7467, 65.00000000000000000 ) ;
#6509 = DIRECTION ( 'NONE',  ( 0.7071067811865475727, 0.000000000000000000, -0.7071067811865475727 ) ) ;
#6510 = CARTESIAN_POINT ( 'NONE',  ( -45.53767670841317994, 53.82346281956404255, 45.53767670841413917 ) ) ;
#6511 = EDGE_CURVE ( 'NONE', #8794, #8267, #6589, .T. ) ;
#6512 = FACE_OUTER_BOUND ( 'NONE', #3626, .T. ) ;
#6513 = B_SPLINE_CURVE_WITH_KNOTS ( 'NONE', 3,
 ( #4801, #432, #2495, #8490, #2540, #4068, #5542, #7069, #6621, #7998, #1259, #4358, #5784, #2831 ),
 .UNSPECIFIED., .F., .F.,
 ( 4, 2, 2, 2, 2, 2, 4 ),
 ( 0.000000000000000000, 0.001842994267470930096, 0.002764491401206400131, 0.003685988534941870166, 0.005528982802412822813, 0.006450479936148289378, 0.007371977069883755077 ),
 .UNSPECIFIED. ) ;
#6514 = EDGE_CURVE ( 'NONE', #3022, #3099, #2297, .T. ) ;
#6515 = DIRECTION ( 'NONE',  ( -0.000000000000000000, -1.000000000000000000, -0.000000000000000000 ) ) ;
#6516 = CARTESIAN_POINT ( 'NONE',  ( -57.40356893103289337, 53.69055762859710512, -1.976710822978131832 ) ) ;
#6517 = VECTOR ( 'NONE', #6229, 1000.000000000000000 ) ;
#6519 = CARTESIAN_POINT ( 'NONE',  ( -42.00214280248092535, 53.82346281956402123, -42.00214280248093246 ) ) ;
#6518 = CIRCLE ( 'NONE', #1489, 8.499999999999998224 ) ;
#6520 = CIRCLE ( 'NONE', #5744, 3.600000000000005862 ) ;
#6521 =( BOUNDED_CURVE ( )  B_SPLINE_CURVE ( 3, ( #4522, #1427, #4425, #2219 ),
 .UNSPECIFIED., .F., .T. ) 
 B_SPLINE_CURVE_WITH_KNOTS ( ( 4, 4 ),
 ( 4.712388980384689674, 5.315284218579872544 ),
 .UNSPECIFIED. ) 
 CURVE ( )  GEOMETRIC_REPRESENTATION_ITEM ( )  RATIONAL_B_SPLINE_CURVE ( ( 1.000000000000000000, 0.9699384583854897546, 0.9699384583854897546, 1.000000000000000000 ) ) 
 REPRESENTATION_ITEM ( '' )  );
#6522 = CARTESIAN_POINT ( 'NONE',  ( 52.79130814223654511, 51.75085202566749132, -60.10926884994933062 ) ) ;
#6523 = CARTESIAN_POINT ( 'NONE',  ( 25.00000000000000000, 1.500000000000001332, 4.177332116314169674 ) ) ;
#6524 = EDGE_LOOP ( 'NONE', ( #3542, #364, #2372, #6332, #3985 ) ) ;
#6525 = ORIENTED_EDGE ( 'NONE', *, *, #3179, .T. ) ;
#6526 = CARTESIAN_POINT ( 'NONE',  ( 61.47319912008004650, 49.67789204273108083, 6.084854095234966564 ) ) ;
#6527 = ORIENTED_EDGE ( 'NONE', *, *, #1526, .T. ) ;
#6528 = ORIENTED_EDGE ( 'NONE', *, *, #5300, .T. ) ;
#6529 = VECTOR ( 'NONE', #4057, 1000.000000000000000 ) ;
#6530 = AXIS2_PLACEMENT_3D ( 'NONE', #4149, #6319, #8477 ) ;
#6531 = CARTESIAN_POINT ( 'NONE',  ( -64.39999999999999147, 58.49999999999995737, 5.701467076235642709E-13 ) ) ;
#6532 = FACE_OUTER_BOUND ( 'NONE', #9352, .T. ) ;
#6533 = CARTESIAN_POINT ( 'NONE',  ( 57.40000000000005542, 65.00000000000000000, 1.781881413102901712 ) ) ;
#6534 = LINE ( 'NONE', #5793, #8704 ) ;
#6535 = DIRECTION ( 'NONE',  ( -0.000000000000000000, -1.000000000000000000, -0.000000000000000000 ) ) ;
#6536 = DIRECTION ( 'NONE',  ( -0.7492693547207615046, 0.000000000000000000, -0.6622653803999826172 ) ) ;
#6537 = EDGE_CURVE ( 'NONE', #5028, #5937, #1779, .T. ) ;
#6538 = ORIENTED_EDGE ( 'NONE', *, *, #9554, .T. ) ;
#6539 = ORIENTED_EDGE ( 'NONE', *, *, #3735, .F. ) ;
#6540 = DIRECTION ( 'NONE',  ( 0.7071067811865401342, -0.000000000000000000, -0.7071067811865549002 ) ) ;
#6541 = ORIENTED_EDGE ( 'NONE', *, *, #4523, .F. ) ;
#6542 = VERTEX_POINT ( 'NONE', #2998 ) ;
#6543 = AXIS2_PLACEMENT_3D ( 'NONE', #959, #6324, #469 ) ;
#6544 = CARTESIAN_POINT ( 'NONE',  ( 0.000000000000000000, 30.90000000000000213, 25.00000000000000000 ) ) ;
#6545 = CARTESIAN_POINT ( 'NONE',  ( 22.33148591051282850, 30.90000000000000213, -61.04346596506924527 ) ) ;
#6546 = DIRECTION ( 'NONE',  ( -1.000000000000000000, 0.000000000000000000, 4.898042755699220774E-15 ) ) ;
#6547 = ORIENTED_EDGE ( 'NONE', *, *, #4704, .T. ) ;
#6548 = EDGE_CURVE ( 'NONE', #4213, #622, #411, .T. ) ;
#6549 = AXIS2_PLACEMENT_3D ( 'NONE', #7594, #3903, #6901 ) ;
#6550 = CARTESIAN_POINT ( 'NONE',  ( -7.746351910596591672, 54.98978503461008671, -79.62415151248549705 ) ) ;
#6551 = VERTEX_POINT ( 'NONE', #2850 ) ;
#6552 = CARTESIAN_POINT ( 'NONE',  ( 52.67945519839760493, 58.49999999999999289, -52.67945519839798152 ) ) ;
#6553 = CARTESIAN_POINT ( 'NONE',  ( -60.30878758429725650, 65.00000000000000000, -52.56282089188243134 ) ) ;
#6554 = LINE ( 'NONE', #1287, #5114 ) ;
#6556 = CARTESIAN_POINT ( 'NONE',  ( 79.54715582596273293, 58.49999999999999289, -8.500000000000142109 ) ) ;
#6555 = CARTESIAN_POINT ( 'NONE',  ( -50.23792566855492936, 58.49999999999999289, 62.25874094872742148 ) ) ;
#6557 = ORIENTED_EDGE ( 'NONE', *, *, #1961, .F. ) ;
#6558 = ORIENTED_EDGE ( 'NONE', *, *, #2882, .F. ) ;
#6559 = CARTESIAN_POINT ( 'NONE',  ( 5.131794256945138244, 50.50381458516735478, 59.20146625329176970 ) ) ;
#6560 = FACE_OUTER_BOUND ( 'NONE', #2119, .T. ) ;
#6561 = DIRECTION ( 'NONE',  ( 1.015447888376667621E-14, 0.000000000000000000, 1.000000000000000000 ) ) ;
#6562 = LINE ( 'NONE', #8184, #5723 ) ;
#6563 = CIRCLE ( 'NONE', #3579, 65.00000000000000000 ) ;
#6564 = LINE ( 'NONE', #515, #6208 ) ;
#6565 = DIRECTION ( 'NONE',  ( 0.8660254037844381525, 0.5000000000000008882, -1.203866961868355179E-14 ) ) ;
#6566 = CARTESIAN_POINT ( 'NONE',  ( 61.91203731823679135, 61.51561510504877361, -50.66467738043615299 ) ) ;
#6567 = CARTESIAN_POINT ( 'NONE',  ( -62.25874094872690279, 58.49999999999999289, -50.23792566855558306 ) ) ;
#6568 = EDGE_CURVE ( 'NONE', #2496, #142, #8263, .T. ) ;
#6569 = VERTEX_POINT ( 'NONE', #5117 ) ;
#6570 = EDGE_LOOP ( 'NONE', ( #1887, #3249, #7070, #4419, #6023, #4235, #3810, #7663, #3624, #8682, #2352, #1256, #7879, #9449, #2173, #8333, #9498, #5843, #4373, #2393, #8739, #8897, #8056, #9246, #9448, #698, #4827, #825, #9255, #6005, #5594, #9275 ) ) ;
#6571 = CARTESIAN_POINT ( 'NONE',  ( 59.07814946534345779, 65.00000000000000000, -10.47722557505276875 ) ) ;
#6572 = EDGE_LOOP ( 'NONE', ( #5180, #2687 ) ) ;
#6573 = CARTESIAN_POINT ( 'NONE',  ( 5.733858381163525308, 49.91278067414284436, 60.65943617683424804 ) ) ;
#6574 = ORIENTED_EDGE ( 'NONE', *, *, #6447, .T. ) ;
#6575 = AXIS2_PLACEMENT_3D ( 'NONE', #3085, #1463, #2301 ) ;
#6576 = LINE ( 'NONE', #5791, #2678 ) ;
#6577 = DIRECTION ( 'NONE',  ( 0.7071067811865474617, 0.000000000000000000, -0.7071067811865474617 ) ) ;
#6578 = DIRECTION ( 'NONE',  ( -0.7071067811865450192, 0.000000000000000000, 0.7071067811865500152 ) ) ;
#6579 = CARTESIAN_POINT ( 'NONE',  ( 42.67389424460797187, 52.90000000000000568, -48.40145917221933303 ) ) ;
#6580 = CARTESIAN_POINT ( 'NONE',  ( 26.38856624071847889, 65.00000000000000000, 45.02950970490492466 ) ) ;
#6581 = ORIENTED_EDGE ( 'NONE', *, *, #4561, .T. ) ;
#6582 = EDGE_LOOP ( 'NONE', ( #4527, #5986, #5362, #3758 ) ) ;
#6583 = LINE ( 'NONE', #1419, #1576 ) ;
#6584 = ORIENTED_EDGE ( 'NONE', *, *, #3281, .F. ) ;
#6585 = EDGE_LOOP ( 'NONE', ( #405, #2663, #876, #4913 ) ) ;
#6586 = CIRCLE ( 'NONE', #4072, 4.999999999999997335 ) ;
#6587 = DIRECTION ( 'NONE',  ( 0.000000000000000000, 0.000000000000000000, 1.000000000000000000 ) ) ;
#6588 = EDGE_CURVE ( 'NONE', #4747, #1388, #1506, .T. ) ;
#6589 = LINE ( 'NONE', #2259, #1035 ) ;
#6590 = DIRECTION ( 'NONE',  ( -1.776356839400250465E-15, 0.000000000000000000, -1.000000000000000000 ) ) ;
#6591 = CARTESIAN_POINT ( 'NONE',  ( 58.10521046563194147, 60.83826859021802136, -4.050000000000209432 ) ) ;
#6592 = ADVANCED_FACE ( 'NONE', ( #7716 ), #3883, .T. ) ;
#6593 = ORIENTED_EDGE ( 'NONE', *, *, #9125, .F. ) ;
#6594 = CARTESIAN_POINT ( 'NONE',  ( -53.84538529698990317, 50.87320642852101571, -59.16701065934641690 ) ) ;
#6595 = ORIENTED_EDGE ( 'NONE', *, *, #8978, .F. ) ;
#6596 = CARTESIAN_POINT ( 'NONE',  ( -64.39999999999999147, 58.49999999999995737, 5.701467076235642709E-13 ) ) ;
#6597 = DIRECTION ( 'NONE',  ( -0.000000000000000000, -1.000000000000000000, 0.000000000000000000 ) ) ;
#6598 = CARTESIAN_POINT ( 'NONE',  ( 61.40000000000004121, 65.00000000000000000, -1.781881413105241840 ) ) ;
#6599 = EDGE_CURVE ( 'NONE', #3321, #4800, #2612, .T. ) ;
#6600 = AXIS2_PLACEMENT_3D ( 'NONE', #3812, #864, #34 ) ;
#6601 = CIRCLE ( 'NONE', #8478, 80.00000000000000000 ) ;
#6603 = FACE_OUTER_BOUND ( 'NONE', #2792, .T. ) ;
#6602 = CARTESIAN_POINT ( 'NONE',  ( -50.58668176051231313, 55.76642749574394742, 61.97575540136000427 ) ) ;
#6604 = ORIENTED_EDGE ( 'NONE', *, *, #120, .T. ) ;
#6605 = EDGE_CURVE ( 'NONE', #7381, #8463, #1670, .T. ) ;
#6606 = VERTEX_POINT ( 'NONE', #2500 ) ;
#6607 = AXIS2_PLACEMENT_3D ( 'NONE', #6633, #1367, #5844 ) ;
#6608 = LINE ( 'NONE', #9501, #9631 ) ;
#6609 = CARTESIAN_POINT ( 'NONE',  ( -27.74454884646939945, 65.00000000000000000, -70.58126610706813153 ) ) ;
#6610 = DIRECTION ( 'NONE',  ( 1.000000000000000000, -1.685161507135332739E-29, -3.426614273534433601E-15 ) ) ;
#6611 = CIRCLE ( 'NONE', #2370, 80.00000000000000000 ) ;
#6612 = CARTESIAN_POINT ( 'NONE',  ( -4.104211388641282488E-13, 53.82346281956404255, -57.40056085429986155 ) ) ;
#6613 = EDGE_CURVE ( 'NONE', #4629, #5638, #6690, .T. ) ;
#6614 = CARTESIAN_POINT ( 'NONE',  ( -58.21117656088767944, 51.44246617073690686, -4.205884746199889612 ) ) ;
#6615 = DIRECTION ( 'NONE',  ( 1.015447888376667621E-14, 0.000000000000000000, 1.000000000000000000 ) ) ;
#6616 = CARTESIAN_POINT ( 'NONE',  ( 52.46678697512339085, 52.10336565111527563, -60.39273699337598345 ) ) ;
#6617 = CARTESIAN_POINT ( 'NONE',  ( 6.975798963748346182, 48.97540735383348220, 62.66184775006306040 ) ) ;
#6618 = ORIENTED_EDGE ( 'NONE', *, *, #2662, .T. ) ;
#6619 = EDGE_CURVE ( 'NONE', #55, #6830, #4663, .T. ) ;
#6620 = ORIENTED_EDGE ( 'NONE', *, *, #2704, .T. ) ;
#6621 = CARTESIAN_POINT ( 'NONE',  ( 62.04665908442176203, 60.94345705149179793, 50.49980494691446609 ) ) ;
#6622 = ORIENTED_EDGE ( 'NONE', *, *, #1059, .T. ) ;
#6623 = DIRECTION ( 'NONE',  ( 0.7071067811865475727, -0.000000000000000000, 0.7071067811865474617 ) ) ;
#6624 = EDGE_LOOP ( 'NONE', ( #1031, #6741, #881, #1353 ) ) ;
#6625 = CYLINDRICAL_SURFACE ( 'NONE', #9499, 8.500000000000000000 ) ;
#6626 = CARTESIAN_POINT ( 'NONE',  ( -4.009015341921439763E-13, 58.49999999999999289, -74.50000000000000000 ) ) ;
#6627 = CARTESIAN_POINT ( 'NONE',  ( -51.65216350890474217, 65.00000000000000000, 18.89587269351088139 ) ) ;
#6628 = CARTESIAN_POINT ( 'NONE',  ( 11.67002566352180004, 65.00000000000000000, 28.37734619600018249 ) ) ;
#6629 = CARTESIAN_POINT ( 'NONE',  ( 63.39528278473478906, 48.15354272934239077, -7.938661733376796370 ) ) ;
#6630 = CARTESIAN_POINT ( 'NONE',  ( 57.40000000000004121, 53.88633504566436727, -1.781881413105227852 ) ) ;
#6631 = ORIENTED_EDGE ( 'NONE', *, *, #6053, .F. ) ;
#6632 = ORIENTED_EDGE ( 'NONE', *, *, #805, .F. ) ;
#6633 = CARTESIAN_POINT ( 'NONE',  ( -64.39999999999999147, 58.49999999999995737, 5.701467076235642709E-13 ) ) ;
#6634 = EDGE_CURVE ( 'NONE', #3287, #2088, #291, .T. ) ;
#6635 = EDGE_LOOP ( 'NONE', ( #7910, #4301, #6487 ) ) ;
#6636 = ORIENTED_EDGE ( 'NONE', *, *, #2639, .F. ) ;
#6637 = EDGE_CURVE ( 'NONE', #1939, #6180, #7000, .T. ) ;
#6638 = FACE_BOUND ( 'NONE', #3671, .T. ) ;
#6639 = DIRECTION ( 'NONE',  ( -0.000000000000000000, 1.000000000000000000, -0.000000000000000000 ) ) ;
#6640 = DIRECTION ( 'NONE',  ( 0.000000000000000000, 1.000000000000000000, 0.000000000000000000 ) ) ;
#6641 = DIRECTION ( 'NONE',  ( -0.000000000000000000, 1.000000000000000000, -0.000000000000000000 ) ) ;
#6642 = CARTESIAN_POINT ( 'NONE',  ( -3.509942704351350251, 50.75352525603457110, -79.92337969685772237 ) ) ;
#6643 = EDGE_LOOP ( 'NONE', ( #7677, #5994 ) ) ;
#6644 = CARTESIAN_POINT ( 'NONE',  ( -48.40145917221918381, 52.90000000000000568, -42.67389424460813530 ) ) ;
#6645 = CARTESIAN_POINT ( 'NONE',  ( 58.21117656088759418, 51.44246617073697792, 4.205884746200233337 ) ) ;
#6646 = ADVANCED_FACE ( 'NONE', ( #3294 ), #7623, .F. ) ;
#6647 = CARTESIAN_POINT ( 'NONE',  ( -0.1159854610420538445, 53.89042705671922562, 57.40000000000004832 ) ) ;
#6649 = CARTESIAN_POINT ( 'NONE',  ( 79.58260508712919545, 60.95141844009416587, -8.162559440171069269 ) ) ;
#6648 = CARTESIAN_POINT ( 'NONE',  ( -61.14523930633365723, 53.31452743713126807, 51.58832387131392494 ) ) ;
#6650 = EDGE_LOOP ( 'NONE', ( #6343, #3137, #2339 ) ) ;
#6651 = AXIS2_PLACEMENT_3D ( 'NONE', #219, #3221, #1794 ) ;
#6652 = ORIENTED_EDGE ( 'NONE', *, *, #700, .T. ) ;
#6653 = LINE ( 'NONE', #8819, #3604 ) ;
#6654 = PLANE ( 'NONE',  #5273 ) ;
#6655 = TOROIDAL_SURFACE ( 'NONE', #4137, 60.00000000000000711, 5.000000000000000000 ) ;
#6656 = CARTESIAN_POINT ( 'NONE',  ( 64.40000000000000568, 58.49999999999999289, -1.180056052874078735E-13 ) ) ;
#6657 = AXIS2_PLACEMENT_3D ( 'NONE', #4207, #7265, #1300 ) ;
#6658 = EDGE_CURVE ( 'NONE', #142, #8204, #4181, .T. ) ;
#6659 = PLANE ( 'NONE',  #1494 ) ;
#6660 = DIRECTION ( 'NONE',  ( 0.000000000000000000, 1.000000000000000000, -0.000000000000000000 ) ) ;
#6661 = CARTESIAN_POINT ( 'NONE',  ( 60.30878758429707176, 65.00000000000000000, -52.56282089188266582 ) ) ;
#6662 = CARTESIAN_POINT ( 'NONE',  ( -4.592979611832889198E-13, 53.82346281956404255, -64.40000000000004832 ) ) ;
#6663 = AXIS2_PLACEMENT_3D ( 'NONE', #2745, #5696, #5750 ) ;
#6664 = CIRCLE ( 'NONE', #4469, 4.099999999999999645 ) ;
#6665 = CARTESIAN_POINT ( 'NONE',  ( 11.67002566352180004, 30.90000000000000213, 28.37734619600018249 ) ) ;
#6666 = EDGE_CURVE ( 'NONE', #1116, #9175, #9677, .T. ) ;
#6667 = ORIENTED_EDGE ( 'NONE', *, *, #3874, .F. ) ;
#6668 = ORIENTED_EDGE ( 'NONE', *, *, #7811, .F. ) ;
#6669 = CARTESIAN_POINT ( 'NONE',  ( 8.053178088173790883, 55.76608562352707565, -79.59367410308924207 ) ) ;
#6670 = EDGE_CURVE ( 'NONE', #5089, #9328, #7167, .T. ) ;
#6671 = ORIENTED_EDGE ( 'NONE', *, *, #3572, .T. ) ;
#6672 = CARTESIAN_POINT ( 'NONE',  ( -18.89587269351087429, 30.90000000000000213, 51.65216350890474217 ) ) ;
#6673 = VERTEX_POINT ( 'NONE', #2402 ) ;
#6674 = CARTESIAN_POINT ( 'NONE',  ( 50.28077855631097748, 57.38878418937093784, 62.22423251960544377 ) ) ;
#6675 = AXIS2_PLACEMENT_3D ( 'NONE', #4330, #9590, #2261 ) ;
#6676 = EDGE_CURVE ( 'NONE', #4213, #4826, #9191, .T. ) ;
#6677 = AXIS2_PLACEMENT_3D ( 'NONE', #3563, #7258, #6561 ) ;
#6678 = CARTESIAN_POINT ( 'NONE',  ( -60.82975671427792008, 49.87967622798721123, 5.790637793666894240 ) ) ;
#6679 = CARTESIAN_POINT ( 'NONE',  ( -79.99408347587937840, 50.05517551620770433, -1.115363283537778694 ) ) ;
#6680 = DIRECTION ( 'NONE',  ( -0.000000000000000000, 1.000000000000000000, -0.000000000000000000 ) ) ;
#6681 = DIRECTION ( 'NONE',  ( -5.329070518200751394E-15, 0.000000000000000000, -1.000000000000000000 ) ) ;
#6682 = ORIENTED_EDGE ( 'NONE', *, *, #3144, .T. ) ;
#6683 = AXIS2_PLACEMENT_3D ( 'NONE', #2413, #9292, #7726 ) ;
#6684 = EDGE_LOOP ( 'NONE', ( #9037, #4256 ) ) ;
#6685 = CIRCLE ( 'NONE', #5897, 6.099999999999999645 ) ;
#6686 = DIRECTION ( 'NONE',  ( 0.000000000000000000, 0.000000000000000000, 1.000000000000000000 ) ) ;
#6687 = ORIENTED_EDGE ( 'NONE', *, *, #1680, .T. ) ;
#6688 = FACE_OUTER_BOUND ( 'NONE', #5314, .T. ) ;
#6689 = VERTEX_POINT ( 'NONE', #6972 ) ;
#6690 = CIRCLE ( 'NONE', #4955, 4.099999999999998757 ) ;
#6691 = CARTESIAN_POINT ( 'NONE',  ( -39.13836033867541175, 52.90000000000000568, -44.86592526628643185 ) ) ;
#6692 = AXIS2_PLACEMENT_3D ( 'NONE', #8381, #6865, #2485 ) ;
#6693 = CARTESIAN_POINT ( 'NONE',  ( -79.54715582596267609, 58.49999999999999289, 8.500000000000703437 ) ) ;
#6694 = DIRECTION ( 'NONE',  ( 0.000000000000000000, 0.000000000000000000, 1.000000000000000000 ) ) ;
#6695 = EDGE_CURVE ( 'NONE', #9417, #5949, #9133, .T. ) ;
#6696 = EDGE_CURVE ( 'NONE', #985, #9602, #1815, .T. ) ;
#6697 = CARTESIAN_POINT ( 'NONE',  ( 57.40000000002060432, 50.49378412495331503, 3.865768938693846302 ) ) ;
#6698 = ORIENTED_EDGE ( 'NONE', *, *, #7803, .F. ) ;
#6699 = AXIS2_PLACEMENT_3D ( 'NONE', #8609, #8803, #6401 ) ;
#6700 = CARTESIAN_POINT ( 'NONE',  ( 60.73807584392435643, 49.93198985063452966, -3.823429064340015060 ) ) ;
#6701 = CARTESIAN_POINT ( 'NONE',  ( 0.000000000000000000, 1.500000000000001332, 25.00000000000000000 ) ) ;
#6702 = PLANE ( 'NONE',  #1475 ) ;
#6703 = CARTESIAN_POINT ( 'NONE',  ( -43.71487308223239410, 55.31177574804330277, 47.36048033459488948 ) ) ;
#6704 = AXIS2_PLACEMENT_3D ( 'NONE', #4366, #5990, #2838 ) ;
#6706 = DIRECTION ( 'NONE',  ( -0.000000000000000000, -1.000000000000000000, -0.000000000000000000 ) ) ;
#6705 = CARTESIAN_POINT ( 'NONE',  ( -59.65648133665526842, 51.27918670162676307, 53.30250829761854447 ) ) ;
#6707 = ORIENTED_EDGE ( 'NONE', *, *, #581, .F. ) ;
#6708 = VERTEX_POINT ( 'NONE', #5398 ) ;
#6709 = CARTESIAN_POINT ( 'NONE',  ( -4.099999999999081268, 58.49999999999999289, 64.39999999999999147 ) ) ;
#6710 = LINE ( 'NONE', #4291, #8887 ) ;
#6711 = DIRECTION ( 'NONE',  ( -2.967535009851168580E-15, -0.5000000000000009992, -0.8660254037844380415 ) ) ;
#6712 = CARTESIAN_POINT ( 'NONE',  ( -57.47052113134451190, 53.10943384802106948, -2.554400411424581296 ) ) ;
#6713 = CARTESIAN_POINT ( 'NONE',  ( -60.65943617683439726, 49.91278067414285857, -5.733858381160974460 ) ) ;
#6714 = CARTESIAN_POINT ( 'NONE',  ( -66.98126610706783879, 0.000000000000000000, 29.89454884647009791 ) ) ;
#6715 = LINE ( 'NONE', #3767, #2415 ) ;
#6716 = CARTESIAN_POINT ( 'NONE',  ( -62.04690084768164837, 60.94258388591425302, 50.49950833332491840 ) ) ;
#6717 = VERTEX_POINT ( 'NONE', #2455 ) ;
#6718 = ORIENTED_EDGE ( 'NONE', *, *, #3160, .F. ) ;
#6719 = VECTOR ( 'NONE', #4278, 1000.000000000000000 ) ;
#6720 = CARTESIAN_POINT ( 'NONE',  ( -5.701512242976444433, 49.93163963979180409, -60.56240784565895297 ) ) ;
#6721 = ORIENTED_EDGE ( 'NONE', *, *, #5864, .F. ) ;
#6722 = CARTESIAN_POINT ( 'NONE',  ( 51.06851830599017461, 62.63598103568361353, -61.57948144812890945 ) ) ;
#6723 = DIRECTION ( 'NONE',  ( -0.000000000000000000, -1.000000000000000000, -0.000000000000000000 ) ) ;
#6724 = DIRECTION ( 'NONE',  ( 0.7071067811865549002, 0.000000000000000000, 0.7071067811865401342 ) ) ;
#6725 = AXIS2_PLACEMENT_3D ( 'NONE', #3245, #6148, #975 ) ;
#6726 = CARTESIAN_POINT ( 'NONE',  ( -61.91455823011315829, 49.48343077051514172, 6.345452901805423984 ) ) ;
#6727 = DIRECTION ( 'NONE',  ( 0.000000000000000000, 0.000000000000000000, -1.000000000000000000 ) ) ;
#6728 = FACE_OUTER_BOUND ( 'NONE', #5145, .T. ) ;
#6729 = DIRECTION ( 'NONE',  ( -5.329070518200751394E-15, 0.000000000000000000, -1.000000000000000000 ) ) ;
#6730 = EDGE_LOOP ( 'NONE', ( #3748, #5541 ) ) ;
#6731 = VERTEX_POINT ( 'NONE', #5452 ) ;
#6732 = CARTESIAN_POINT ( 'NONE',  ( 74.50000000000000000, 58.49999999999999289, -8.500000000000135003 ) ) ;
#6733 = ORIENTED_EDGE ( 'NONE', *, *, #8822, .F. ) ;
#6734 = EDGE_LOOP ( 'NONE', ( #8867, #534, #8829, #7827, #5878 ) ) ;
#6735 = AXIS2_PLACEMENT_3D ( 'NONE', #3819, #8298, #6775 ) ;
#6736 = DIRECTION ( 'NONE',  ( -0.000000000000000000, 1.000000000000000000, -0.000000000000000000 ) ) ;
#6737 = CARTESIAN_POINT ( 'NONE',  ( -79.65434534925849164, 62.63942327256240361, 7.430430031590996798 ) ) ;
#6738 = CARTESIAN_POINT ( 'NONE',  ( 66.98126610706803774, 65.00000000000000000, -24.14454884646962896 ) ) ;
#6739 = AXIS2_PLACEMENT_3D ( 'NONE', #1840, #3373, #6366 ) ;
#6740 = CARTESIAN_POINT ( 'NONE',  ( 57.40000000000001990, 50.52795622369259121, -5.813510302919992156 ) ) ;
#6741 = ORIENTED_EDGE ( 'NONE', *, *, #5670, .T. ) ;
#6742 = LINE ( 'NONE', #5218, #6840 ) ;
#6743 = CARTESIAN_POINT ( 'NONE',  ( 27.74454884646939945, 0.000000000000000000, 66.98126610706812301 ) ) ;
#6744 = FACE_OUTER_BOUND ( 'NONE', #236, .T. ) ;
#6745 = ADVANCED_FACE ( 'NONE', ( #8355 ), #8547, .F. ) ;
#6746 = CARTESIAN_POINT ( 'NONE',  ( -60.65943617683439726, 49.91278067414285857, -5.733858381160974460 ) ) ;
#6748 = CARTESIAN_POINT ( 'NONE',  ( 52.67945519839779678, 58.49999999999999289, 52.67945519839778257 ) ) ;
#6747 = CARTESIAN_POINT ( 'NONE',  ( -62.25874094872636988, 58.49999999999999289, 50.23792566855625097 ) ) ;
#6749 = VERTEX_POINT ( 'NONE', #3095 ) ;
#6750 = AXIS2_PLACEMENT_3D ( 'NONE', #3776, #629, #2837 ) ;
#6751 = EDGE_LOOP ( 'NONE', ( #9010, #1615, #785, #5737, #6106, #1945, #9127, #9647 ) ) ;
#6752 = CYLINDRICAL_SURFACE ( 'NONE', #4477, 8.499999999999998224 ) ;
#6753 = ADVANCED_FACE ( 'NONE', ( #6102 ), #9090, .F. ) ;
#6754 = AXIS2_PLACEMENT_3D ( 'NONE', #7022, #333, #966 ) ;
#6755 = DIRECTION ( 'NONE',  ( 0.000000000000000000, 0.000000000000000000, 1.000000000000000000 ) ) ;
#6756 = VECTOR ( 'NONE', #8340, 1000.000000000000000 ) ;
#6757 = ADVANCED_FACE ( 'NONE', ( #2007 ), #1861, .F. ) ;
#6758 = CARTESIAN_POINT ( 'NONE',  ( -64.06765912808948826, 45.50652189090096300, -10.82675308816113180 ) ) ;
#6759 = CARTESIAN_POINT ( 'NONE',  ( 0.000000000000000000, 30.90000000000000213, -11.09999999999999964 ) ) ;
#6760 = LINE ( 'NONE', #8975, #6347 ) ;
#6761 = VECTOR ( 'NONE', #250, 1000.000000000000000 ) ;
#6762 = CARTESIAN_POINT ( 'NONE',  ( -57.40000000000002700, 53.88633504566436727, 1.781881413105631973 ) ) ;
#6763 = EDGE_CURVE ( 'NONE', #7522, #6180, #2693, .T. ) ;
#6764 = VERTEX_POINT ( 'NONE', #5792 ) ;
#6765 = AXIS2_PLACEMENT_3D ( 'NONE', #4263, #4950, #9465 ) ;
#6766 = ORIENTED_EDGE ( 'NONE', *, *, #4344, .F. ) ;
#6767 = CARTESIAN_POINT ( 'NONE',  ( 5.733858381161609508, 49.91278067414286568, -60.65943617683433331 ) ) ;
#6768 = PLANE ( 'NONE',  #8408 ) ;
#6769 = CARTESIAN_POINT ( 'NONE',  ( 74.50000000000001421, 65.00000000000000000, -1.323385845353186849E-13 ) ) ;
#6770 = CARTESIAN_POINT ( 'NONE',  ( 60.52952637934099300, 52.29207594003639770, 52.30884916436409071 ) ) ;
#6771 = EDGE_CURVE ( 'NONE', #9328, #6877, #6857, .T. ) ;
#6772 = DIRECTION ( 'NONE',  ( 1.000000000000000000, 0.000000000000000000, -1.776356839400250465E-15 ) ) ;
#6773 = DIRECTION ( 'NONE',  ( 0.000000000000000000, 0.000000000000000000, 1.000000000000000000 ) ) ;
#6774 = CARTESIAN_POINT ( 'NONE',  ( -79.91192136325376794, 50.87227421863911303, 3.760999553726022349 ) ) ;
#6775 = DIRECTION ( 'NONE',  ( -3.384826294588892334E-15, 0.000000000000000000, -1.000000000000000000 ) ) ;
#6776 = CARTESIAN_POINT ( 'NONE',  ( -44.86592526628601973, 56.16173140978199996, 39.13836033867587361 ) ) ;
#6777 = ORIENTED_EDGE ( 'NONE', *, *, #2170, .T. ) ;
#6778 = ORIENTED_EDGE ( 'NONE', *, *, #3805, .T. ) ;
#6779 = ORIENTED_EDGE ( 'NONE', *, *, #5677, .T. ) ;
#6780 = CARTESIAN_POINT ( 'NONE',  ( 9.181544413650044589E-13, 58.49999999999999289, 64.39999999999999147 ) ) ;
#6781 = ORIENTED_EDGE ( 'NONE', *, *, #5100, .T. ) ;
#6782 = ORIENTED_EDGE ( 'NONE', *, *, #6164, .F. ) ;
#6783 = EDGE_CURVE ( 'NONE', #4053, #5908, #5281, .T. ) ;
#6784 = FACE_BOUND ( 'NONE', #3785, .T. ) ;
#6785 = DIRECTION ( 'NONE',  ( -0.000000000000000000, -1.000000000000000000, -0.000000000000000000 ) ) ;
#6786 = B_SPLINE_CURVE_WITH_KNOTS ( 'NONE', 3,
 ( #8484, #960, #327, #2443 ),
 .UNSPECIFIED., .F., .F.,
 ( 4, 4 ),
 ( 0.000000000000000000, 0.0001339296486542351403 ),
 .UNSPECIFIED. ) ;
#6787 = PLANE ( 'NONE',  #2958 ) ;
#6788 = CARTESIAN_POINT ( 'NONE',  ( 1.781881413103104439, 62.14776746691671860, -57.40000000000005542 ) ) ;
#6789 = CARTESIAN_POINT ( 'NONE',  ( -0.5548191424851197651, 49.99999999999996447, -80.00000000000000000 ) ) ;
#6790 = ORIENTED_EDGE ( 'NONE', *, *, #1076, .T. ) ;
#6791 = EDGE_LOOP ( 'NONE', ( #5719, #1270, #9209, #2830, #4159, #9563, #6485, #4083 ) ) ;
#6792 = DIRECTION ( 'NONE',  ( -1.047444401652940007E-14, 0.000000000000000000, -1.000000000000000000 ) ) ;
#6793 = DIRECTION ( 'NONE',  ( -0.7071067811865400232, -0.000000000000000000, 0.7071067811865550112 ) ) ;
#6794 = ADVANCED_FACE ( 'NONE', ( #8598 ), #1953, .F. ) ;
#6795 = EDGE_CURVE ( 'NONE', #475, #7597, #2647, .T. ) ;
#6796 = DIRECTION ( 'NONE',  ( -1.000000000000000000, -1.685161507135332739E-29, 3.426614273534433601E-15 ) ) ;
#6797 = CARTESIAN_POINT ( 'NONE',  ( 0.000000000000000000, 65.00000000000000000, 0.000000000000000000 ) ) ;
#6798 = VERTEX_POINT ( 'NONE', #7899 ) ;
#6799 = EDGE_LOOP ( 'NONE', ( #8011, #1318 ) ) ;
#6800 = PLANE ( 'NONE',  #8041 ) ;
#6801 = CARTESIAN_POINT ( 'NONE',  ( -57.40000000000006963, 53.89044323082825372, -1.958851601267568077 ) ) ;
#6802 = ADVANCED_FACE ( 'NONE', ( #3439 ), #7812, .T. ) ;
#6803 = CARTESIAN_POINT ( 'NONE',  ( -28.37734619600019315, 30.90000000000000213, 11.67002566352185511 ) ) ;
#6804 = EDGE_CURVE ( 'NONE', #1868, #4574, #2597, .T. ) ;
#6805 = CARTESIAN_POINT ( 'NONE',  ( 61.98331069705185570, 55.75847419433516450, -50.57781030786211574 ) ) ;
#6806 = CARTESIAN_POINT ( 'NONE',  ( -48.80647185219039130, 65.00000000000000000, -56.55243854460518804 ) ) ;
#6807 = CARTESIAN_POINT ( 'NONE',  ( -1.781881413103104217, 62.14776746691649123, 57.40000000000006253 ) ) ;
#6808 = EDGE_CURVE ( 'NONE', #9082, #7113, #5916, .T. ) ;
#6809 = ORIENTED_EDGE ( 'NONE', *, *, #7364, .T. ) ;
#6810 = EDGE_CURVE ( 'NONE', #8759, #297, #4273, .T. ) ;
#6811 = ORIENTED_EDGE ( 'NONE', *, *, #1582, .F. ) ;
#6812 = AXIS2_PLACEMENT_3D ( 'NONE', #5776, #9452, #5679 ) ;
#6813 = CARTESIAN_POINT ( 'NONE',  ( -10.47722557505256269, 65.00000000000000000, -59.07814946534348621 ) ) ;
#6814 = DIRECTION ( 'NONE',  ( 0.000000000000000000, 1.000000000000000000, 0.000000000000000000 ) ) ;
#6815 = CARTESIAN_POINT ( 'NONE',  ( -45.53767670841317994, 53.82346281956404255, 45.53767670841413917 ) ) ;
#6816 = EDGE_CURVE ( 'NONE', #3283, #1011, #9374, .T. ) ;
#6817 = DIRECTION ( 'NONE',  ( 0.000000000000000000, 0.000000000000000000, 1.000000000000000000 ) ) ;
#6818 = CARTESIAN_POINT ( 'NONE',  ( 61.40000000000004121, 65.00000000000000000, -1.781881413105241840 ) ) ;
#6819 = AXIS2_PLACEMENT_3D ( 'NONE', #2670, #7930, #9447 ) ;
#6820 = AXIS2_PLACEMENT_3D ( 'NONE', #3556, #7293, #701 ) ;
#6821 = CARTESIAN_POINT ( 'NONE',  ( 42.67389424460797187, 52.90000000000000568, -48.40145917221933303 ) ) ;
#6822 = CARTESIAN_POINT ( 'NONE',  ( -79.74446642053740675, 52.88016779147034896, 6.401134795276534284 ) ) ;
#6823 = LINE ( 'NONE', #734, #4060 ) ;
#6824 = CARTESIAN_POINT ( 'NONE',  ( -27.74454884646939945, 14.70000000000000462, -66.98126610706812301 ) ) ;
#6825 = ORIENTED_EDGE ( 'NONE', *, *, #3059, .F. ) ;
#6826 = EDGE_LOOP ( 'NONE', ( #7789, #7637, #462, #3512 ) ) ;
#6827 = VERTEX_POINT ( 'NONE', #4899 ) ;
#6828 = DIRECTION ( 'NONE',  ( -0.000000000000000000, 1.000000000000000000, -0.000000000000000000 ) ) ;
#6829 = VERTEX_POINT ( 'NONE', #1166 ) ;
#6830 = VERTEX_POINT ( 'NONE', #1266 ) ;
#6831 = CIRCLE ( 'NONE', #7917, 65.00000000000000000 ) ;
#6832 = CIRCLE ( 'NONE', #6356, 65.00000000000000000 ) ;
#6833 = MECHANICAL_DESIGN_GEOMETRIC_PRESENTATION_REPRESENTATION (  '', ( #2275 ), #5571 ) ;
#6834 = ADVANCED_FACE ( 'NONE', ( #9324 ), #4169, .F. ) ;
#6835 = FACE_BOUND ( 'NONE', #3119, .T. ) ;
#6836 = DIRECTION ( 'NONE',  ( -0.8660254037844380415, -0.5000000000000008882, 0.000000000000000000 ) ) ;
#6837 = DIRECTION ( 'NONE',  ( 0.000000000000000000, 1.000000000000000000, 0.000000000000000000 ) ) ;
#6838 = CARTESIAN_POINT ( 'NONE',  ( -52.67945519839724255, 58.49999999999995737, 52.67945519839835811 ) ) ;
#6839 = AXIS2_PLACEMENT_3D ( 'NONE', #6818, #6956, #6084 ) ;
#6840 = VECTOR ( 'NONE', #8215, 1000.000000000000000 ) ;
#6841 =( BOUNDED_CURVE ( )  B_SPLINE_CURVE ( 3, ( #6087, #4654, #5440, #4694 ),
 .UNSPECIFIED., .F., .T. ) 
 B_SPLINE_CURVE_WITH_KNOTS ( ( 4, 4 ),
 ( 1.570796326794903663, 2.173691564990786418 ),
 .UNSPECIFIED. ) 
 CURVE ( )  GEOMETRIC_REPRESENTATION_ITEM ( )  RATIONAL_B_SPLINE_CURVE ( ( 1.000000000000000000, 0.9699384583854204767, 0.9699384583854204767, 1.000000000000000000 ) ) 
 REPRESENTATION_ITEM ( '' )  );
#6842 = DIRECTION ( 'NONE',  ( 0.000000000000000000, 0.000000000000000000, 1.000000000000000000 ) ) ;
#6843 = ORIENTED_EDGE ( 'NONE', *, *, #8327, .F. ) ;
#6844 = VERTEX_POINT ( 'NONE', #4218 ) ;
#6845 = CARTESIAN_POINT ( 'NONE',  ( -28.37734619600019315, 65.00000000000000000, 11.67002566352185511 ) ) ;
#6846 = SURFACE_STYLE_FILL_AREA ( #4621 ) ;
#6847 = AXIS2_PLACEMENT_3D ( 'NONE', #9214, #4689, #9075 ) ;
#6848 = AXIS2_PLACEMENT_3D ( 'NONE', #3814, #2437, #4549 ) ;
#6849 = DIRECTION ( 'NONE',  ( 1.000000000000000000, -0.000000000000000000, -3.491481338843133750E-15 ) ) ;
#6850 = EDGE_CURVE ( 'NONE', #5519, #4158, #8899, .T. ) ;
#6851 = DIRECTION ( 'NONE',  ( 0.7071067811865550112, 0.000000000000000000, 0.7071067811865398012 ) ) ;
#6852 = ORIENTED_EDGE ( 'NONE', *, *, #7210, .F. ) ;
#6853 = AXIS2_PLACEMENT_3D ( 'NONE', #8901, #1523, #789 ) ;
#6854 = ORIENTED_EDGE ( 'NONE', *, *, #8686, .T. ) ;
#6855 = CARTESIAN_POINT ( 'NONE',  ( -8.499999999999019451, 58.49999999999999289, 79.54715582596286083 ) ) ;
#6856 = CARTESIAN_POINT ( 'NONE',  ( -57.39999999999314895, 50.49377873548117890, 3.865463758375168091 ) ) ;
#6857 = CIRCLE ( 'NONE', #9052, 4.099999999999993427 ) ;
#6858 = DIRECTION ( 'NONE',  ( 0.000000000000000000, 0.000000000000000000, -1.000000000000000000 ) ) ;
#6859 = DIRECTION ( 'NONE',  ( -1.000000000000000000, 0.000000000000000000, 6.769652589177784668E-15 ) ) ;
#6860 = CARTESIAN_POINT ( 'NONE',  ( -61.67258411375130578, 62.36281802901861937, 50.95595467767445541 ) ) ;
#6861 = VERTEX_POINT ( 'NONE', #3486 ) ;
#6862 = ORIENTED_EDGE ( 'NONE', *, *, #3131, .T. ) ;
#6863 = CARTESIAN_POINT ( 'NONE',  ( 60.65943617683436173, 49.91278067414285857, 5.733858381161401674 ) ) ;
#6864 = CARTESIAN_POINT ( 'NONE',  ( 7.529663527230812115, 65.00000000000000000, 6.655330888320931670 ) ) ;
#6865 = DIRECTION ( 'NONE',  ( -0.000000000000000000, 1.000000000000000000, -0.000000000000000000 ) ) ;
#6866 = CARTESIAN_POINT ( 'NONE',  ( 42.67389424460814951, 52.90000000000000568, 48.40145917221916960 ) ) ;
#6867 = DIRECTION ( 'NONE',  ( -0.000000000000000000, 1.000000000000000000, -0.000000000000000000 ) ) ;
#6868 = EDGE_CURVE ( 'NONE', #6345, #1126, #4074, .T. ) ;
#6869 = CYLINDRICAL_SURFACE ( 'NONE', #8269, 8.499999999999998224 ) ;
#6870 = CARTESIAN_POINT ( 'NONE',  ( 57.40000000000006963, 65.00000000000000000, 5.477225575050525208 ) ) ;
#6871 = FACE_OUTER_BOUND ( 'NONE', #6919, .T. ) ;
#6872 = ORIENTED_EDGE ( 'NONE', *, *, #7, .T. ) ;
#6873 = ORIENTED_EDGE ( 'NONE', *, *, #3060, .T. ) ;
#6874 = ORIENTED_EDGE ( 'NONE', *, *, #2250, .T. ) ;
#6875 = LINE ( 'NONE', #6732, #6448 ) ;
#6876 = EDGE_LOOP ( 'NONE', ( #7379, #3431 ) ) ;
#6877 = VERTEX_POINT ( 'NONE', #7076 ) ;
#6878 = VECTOR ( 'NONE', #6342, 1000.000000000000000 ) ;
#6879 = DIRECTION ( 'NONE',  ( 3.426614273534433601E-15, 0.000000000000000000, 1.000000000000000000 ) ) ;
#6880 = DIRECTION ( 'NONE',  ( -0.7071067811865500152, 0.000000000000000000, -0.7071067811865449082 ) ) ;
#6881 = CARTESIAN_POINT ( 'NONE',  ( 42.67389424460814951, 52.90000000000000568, 48.40145917221916960 ) ) ;
#6882 = CARTESIAN_POINT ( 'NONE',  ( -5.733858381163525308, 49.91278067414284436, -60.65943617683424804 ) ) ;
#6883 = CARTESIAN_POINT ( 'NONE',  ( 79.87408606259009503, 51.27894974716101473, -4.492719253740328433 ) ) ;
#6884 = CARTESIAN_POINT ( 'NONE',  ( 52.67945519839760493, 58.49999999999999289, -52.67945519839798152 ) ) ;
#6885 = ORIENTED_EDGE ( 'NONE', *, *, #7295, .T. ) ;
#6886 = ADVANCED_FACE ( 'NONE', ( #338 ), #6336, .T. ) ;
#6887 = EDGE_LOOP ( 'NONE', ( #9087, #1502, #3399, #8431 ) ) ;
#6888 = LINE ( 'NONE', #3303, #2126 ) ;
#6889 = LINE ( 'NONE', #5318, #3993 ) ;
#6890 = B_SPLINE_CURVE_WITH_KNOTS ( 'NONE', 3,
 ( #5408, #8413, #1678, #4670, #5460, #935, #3197 ),
 .UNSPECIFIED., .F., .F.,
 ( 4, 3, 4 ),
 ( -0.0003046580400804727636, 0.000000000000000000, 0.001361242976165621564 ),
 .UNSPECIFIED. ) ;
#6891 = EDGE_CURVE ( 'NONE', #2461, #2889, #9513, .T. ) ;
#6892 = EDGE_CURVE ( 'NONE', #8301, #7460, #2513, .T. ) ;
#6893 = DIRECTION ( 'NONE',  ( 2.081668171172169302E-15, 0.000000000000000000, 1.000000000000000000 ) ) ;
#6894 = CIRCLE ( 'NONE', #7231, 4.099999999999998757 ) ;
#6895 = CARTESIAN_POINT ( 'NONE',  ( -51.45273452318959073, 63.42585827956058608, 61.25888734439735117 ) ) ;
#6896 = ORIENTED_EDGE ( 'NONE', *, *, #1234, .T. ) ;
#6897 = VERTEX_POINT ( 'NONE', #3634 ) ;
#6898 = LINE ( 'NONE', #3207, #5887 ) ;
#6899 = CARTESIAN_POINT ( 'NONE',  ( -4.049999999999180922, 60.83826859021803557, 58.10521046563271597 ) ) ;
#6900 = ADVANCED_FACE ( 'NONE', ( #8938 ), #9575, .F. ) ;
#6901 = DIRECTION ( 'NONE',  ( 0.7071067811865474617, 0.000000000000000000, -0.7071067811865474617 ) ) ;
#6902 = CARTESIAN_POINT ( 'NONE',  ( 45.53767670841366311, 53.82346281956403544, 45.53767670841366311 ) ) ;
#6903 = B_SPLINE_CURVE_WITH_KNOTS ( 'NONE', 3,
 ( #8404, #4752, #5502, #6973, #8497, #7717, #3190, #9231 ),
 .UNSPECIFIED., .F., .F.,
 ( 4, 2, 2, 4 ),
 ( 0.000000000000000000, 0.003900703625663397983, 0.005851055438495102179, 0.007801407251326806375 ),
 .UNSPECIFIED. ) ;
#6904 = CARTESIAN_POINT ( 'NONE',  ( -62.25874094872690279, 58.49999999999999289, -50.23792566855558306 ) ) ;
#6905 = ORIENTED_EDGE ( 'NONE', *, *, #6605, .T. ) ;
#6906 = VERTEX_POINT ( 'NONE', #630 ) ;
#6907 = CARTESIAN_POINT ( 'NONE',  ( 48.40145917221902749, 52.90000000000000568, -42.67389424460832004 ) ) ;
#6908 = FACE_OUTER_BOUND ( 'NONE', #9318, .T. ) ;
#6909 = CARTESIAN_POINT ( 'NONE',  ( 39.13836033867541175, 52.90000000000000568, 44.86592526628643185 ) ) ;
#6910 = CARTESIAN_POINT ( 'NONE',  ( 9.181544413650044589E-13, 58.49999999999999289, 64.39999999999999147 ) ) ;
#6911 = EDGE_CURVE ( 'NONE', #5984, #7037, #2246, .T. ) ;
#6912 = DIRECTION ( 'NONE',  ( -1.047444401652940007E-14, 0.000000000000000000, -1.000000000000000000 ) ) ;
#6913 = AXIS2_PLACEMENT_3D ( 'NONE', #8303, #5996, #6041 ) ;
#6914 = PLANE ( 'NONE',  #5127 ) ;
#6915 = LINE ( 'NONE', #915, #3216 ) ;
#6916 = DIRECTION ( 'NONE',  ( -3.384826294588892334E-15, 0.000000000000000000, -1.000000000000000000 ) ) ;
#6917 = AXIS2_PLACEMENT_3D ( 'NONE', #239, #6186, #3292 ) ;
#6918 = EDGE_LOOP ( 'NONE', ( #5053, #5147, #2068, #1943, #1465 ) ) ;
#6919 = EDGE_LOOP ( 'NONE', ( #2893, #6873, #6078, #9664 ) ) ;
#6920 = VERTEX_POINT ( 'NONE', #5249 ) ;
#6921 = CARTESIAN_POINT ( 'NONE',  ( -4.177332116314214083, 65.00000000000000000, -35.00000000000000000 ) ) ;
#6922 = VERTEX_POINT ( 'NONE', #5942 ) ;
#6923 = ORIENTED_EDGE ( 'NONE', *, *, #9055, .F. ) ;
#6924 = CARTESIAN_POINT ( 'NONE',  ( -7.349975289723305494, 48.66065249638980816, -62.98851552825836109 ) ) ;
#6925 = DIRECTION ( 'NONE',  ( 0.000000000000000000, 1.000000000000000000, -1.854709381156977158E-16 ) ) ;
#6926 = DIRECTION ( 'NONE',  ( -0.000000000000000000, 0.000000000000000000, 1.000000000000000000 ) ) ;
#6927 = DIRECTION ( 'NONE',  ( 1.000000000000000000, 0.000000000000000000, -1.142876642996484952E-14 ) ) ;
#6928 = DIRECTION ( 'NONE',  ( 0.7071067811865550112, 0.000000000000000000, 0.7071067811865398012 ) ) ;
#6929 = EDGE_CURVE ( 'NONE', #1365, #2527, #7487, .T. ) ;
#6930 = LINE ( 'NONE', #888, #5152 ) ;
#6931 = ORIENTED_EDGE ( 'NONE', *, *, #4296, .T. ) ;
#6932 = ORIENTED_EDGE ( 'NONE', *, *, #4940, .F. ) ;
#6933 = CARTESIAN_POINT ( 'NONE',  ( -4.049999999999092992, 60.83826859021803557, 64.40000000000010516 ) ) ;
#6934 = ADVANCED_FACE ( 'NONE', ( #1508 ), #5888, .F. ) ;
#6935 = ADVANCED_FACE ( 'NONE', ( #4459 ), #2154, .T. ) ;
#6936 = PLANE ( 'NONE',  #858 ) ;
#6937 = CARTESIAN_POINT ( 'NONE',  ( -45.53767670841317283, 58.49999999999995737, 45.53767670841414628 ) ) ;
#6938 = PLANE ( 'NONE',  #6683 ) ;
#6939 = ORIENTED_EDGE ( 'NONE', *, *, #2002, .T. ) ;
#6940 = B_SPLINE_CURVE_WITH_KNOTS ( 'NONE', 3,
 ( #7901, #8498, #7178, #7814 ),
 .UNSPECIFIED., .F., .F.,
 ( 4, 4 ),
 ( 7.152448122690996019E-18, 0.0003116544788811708507 ),
 .UNSPECIFIED. ) ;
#6941 = ORIENTED_EDGE ( 'NONE', *, *, #2077, .F. ) ;
#6942 = CARTESIAN_POINT ( 'NONE',  ( 3.916743474386488622, 53.87716522095621485, -57.40000000000004832 ) ) ;
#6943 = EDGE_CURVE ( 'NONE', #1098, #3649, #1411, .T. ) ;
#6944 = DIRECTION ( 'NONE',  ( 0.7071067811865450192, -0.000000000000000000, -0.7071067811865501263 ) ) ;
#6945 = CARTESIAN_POINT ( 'NONE',  ( -57.40000000000010516, 50.00000000000000000, -5.477225575050124640 ) ) ;
#6946 = CARTESIAN_POINT ( 'NONE',  ( -27.74454884646939945, 14.70000000000000462, -66.98126610706812301 ) ) ;
#6947 = CARTESIAN_POINT ( 'NONE',  ( -64.40000000000006253, 60.83826859021803557, -4.049999999999768008 ) ) ;
#6948 = ORIENTED_EDGE ( 'NONE', *, *, #748, .F. ) ;
#6949 = DIRECTION ( 'NONE',  ( 0.5000000000000008882, 0.8660254037844381525, -3.491481338843139666E-15 ) ) ;
#6950 = EDGE_LOOP ( 'NONE', ( #1352, #7352, #4803 ) ) ;
#6951 = ORIENTED_EDGE ( 'NONE', *, *, #9287, .F. ) ;
#6952 = FACE_OUTER_BOUND ( 'NONE', #9539, .T. ) ;
#6953 = CARTESIAN_POINT ( 'NONE',  ( -64.40000000000006253, 56.16173140978204259, -4.049999999999767120 ) ) ;
#6954 = DIRECTION ( 'NONE',  ( -0.7071067811865474617, -3.384826294588897462E-15, 0.7071067811865474617 ) ) ;
#6955 = DIRECTION ( 'NONE',  ( 0.000000000000000000, 0.000000000000000000, -1.000000000000000000 ) ) ;
#6956 = DIRECTION ( 'NONE',  ( 0.000000000000000000, 1.000000000000000000, 0.000000000000000000 ) ) ;
#6957 = CARTESIAN_POINT ( 'NONE',  ( -4.205874051798632607, 51.44247699490367864, -58.21116836364551972 ) ) ;
#6958 = DIRECTION ( 'NONE',  ( 0.000000000000000000, 1.000000000000000000, 0.000000000000000000 ) ) ;
#6959 = EDGE_CURVE ( 'NONE', #1910, #1565, #3717, .T. ) ;
#6960 = DIRECTION ( 'NONE',  ( 0.000000000000000000, 1.000000000000000000, 0.000000000000000000 ) ) ;
#6961 = VERTEX_POINT ( 'NONE', #3031 ) ;
#6962 = EDGE_CURVE ( 'NONE', #4246, #4428, #6033, .T. ) ;
#6963 = ORIENTED_EDGE ( 'NONE', *, *, #8714, .T. ) ;
#6964 = ORIENTED_EDGE ( 'NONE', *, *, #4351, .T. ) ;
#6965 = DIRECTION ( 'NONE',  ( -1.000000000000000000, 0.000000000000000000, 5.329070518200751394E-15 ) ) ;
#6966 = ORIENTED_EDGE ( 'NONE', *, *, #2697, .T. ) ;
#6967 = ORIENTED_EDGE ( 'NONE', *, *, #9670, .T. ) ;
#6968 = EDGE_CURVE ( 'NONE', #2864, #8579, #9419, .T. ) ;
#6969 = CIRCLE ( 'NONE', #5087, 10.00000000000000178 ) ;
#6970 = CIRCLE ( 'NONE', #68, 4.000000000000003553 ) ;
#6971 = DIRECTION ( 'NONE',  ( 1.000000000000000000, 0.000000000000000000, -1.776356839400250465E-15 ) ) ;
#6972 = CARTESIAN_POINT ( 'NONE',  ( 11.35032770630495058, 65.00000000000000000, -64.00132858745578801 ) ) ;
#6973 = CARTESIAN_POINT ( 'NONE',  ( -73.64285143181632520, 48.99865525764187169, -31.25951107022904907 ) ) ;
#6974 = FACE_BOUND ( 'NONE', #6799, .T. ) ;
#6975 = CARTESIAN_POINT ( 'NONE',  ( 79.95486314680235296, 50.43308564567245611, 2.735932989661128190 ) ) ;
#6976 = ORIENTED_EDGE ( 'NONE', *, *, #9006, .T. ) ;
#6977 = CIRCLE ( 'NONE', #6044, 2.149999999999999023 ) ;
#6978 = AXIS2_PLACEMENT_3D ( 'NONE', #7671, #928, #192 ) ;
#6979 = LINE ( 'NONE', #6246, #4365 ) ;
#6980 = ORIENTED_EDGE ( 'NONE', *, *, #6588, .F. ) ;
#6981 = AXIS2_PLACEMENT_3D ( 'NONE', #6743, #841, #2223 ) ;
#6982 = ORIENTED_EDGE ( 'NONE', *, *, #4567, .F. ) ;
#6983 = VERTEX_POINT ( 'NONE', #1754 ) ;
#6984 = FACE_OUTER_BOUND ( 'NONE', #7807, .T. ) ;
#6985 = VECTOR ( 'NONE', #9102, 1000.000000000000000 ) ;
#6986 = CIRCLE ( 'NONE', #5264, 3.600000000000005862 ) ;
#6987 = PLANE ( 'NONE',  #5345 ) ;
#6988 = AXIS2_PLACEMENT_3D ( 'NONE', #2374, #2329, #898 ) ;
#6989 = CARTESIAN_POINT ( 'NONE',  ( 8.946128475157607287E-13, 63.17653718043602140, 64.40000000000004832 ) ) ;
#6990 = EDGE_CURVE ( 'NONE', #9248, #5157, #4873, .T. ) ;
#6991 = DIRECTION ( 'NONE',  ( 0.7071067811865549002, 0.000000000000000000, 0.7071067811865401342 ) ) ;
#6992 = EDGE_CURVE ( 'NONE', #7684, #2863, #3817, .T. ) ;
#6993 = ORIENTED_EDGE ( 'NONE', *, *, #8734, .T. ) ;
#6994 = ORIENTED_EDGE ( 'NONE', *, *, #4762, .F. ) ;
#6995 = CIRCLE ( 'NONE', #2754, 8.500000000000000000 ) ;
#6996 = CYLINDRICAL_SURFACE ( 'NONE', #436, 8.499999999999998224 ) ;
#6997 = AXIS2_PLACEMENT_3D ( 'NONE', #2024, #2665, #1923 ) ;
#6998 = LINE ( 'NONE', #9396, #3695 ) ;
#6999 = CARTESIAN_POINT ( 'NONE',  ( -57.40000000000010516, 50.52795602816083687, -5.813499158005233092 ) ) ;
#7000 = CIRCLE ( 'NONE', #8260, 4.099999999999999645 ) ;
#7001 = DIRECTION ( 'NONE',  ( -1.000000000000000000, 0.000000000000000000, 1.776356839400250465E-15 ) ) ;
#7002 = CARTESIAN_POINT ( 'NONE',  ( 4.177332116314199872, 65.00000000000000000, -35.00000000000000000 ) ) ;
#7003 = ORIENTED_EDGE ( 'NONE', *, *, #9570, .F. ) ;
#7004 = CARTESIAN_POINT ( 'NONE',  ( 6.763919017152749902, 49.14932724798668318, -62.43842872438309399 ) ) ;
#7005 = ORIENTED_EDGE ( 'NONE', *, *, #8891, .F. ) ;
#7006 = ORIENTED_EDGE ( 'NONE', *, *, #1360, .F. ) ;
#7007 = CARTESIAN_POINT ( 'NONE',  ( 1.781881413105030232, 53.88633504566436727, 57.40000000000004832 ) ) ;
#7008 = DIRECTION ( 'NONE',  ( 0.7071067811865500152, 0.000000000000000000, 0.7071067811865451302 ) ) ;
#7009 = DIRECTION ( 'NONE',  ( 0.8660254037844380415, -0.5000000000000009992, -1.203866961868353286E-14 ) ) ;
#7010 = AXIS2_PLACEMENT_3D ( 'NONE', #6627, #2053, #1461 ) ;
#7011 = DIRECTION ( 'NONE',  ( -0.8660254037844380415, -0.5000000000000009992, 5.991246546128623602E-15 ) ) ;
#7012 = ADVANCED_FACE ( 'NONE', ( #6230 ), #6869, .F. ) ;
#7013 = DIRECTION ( 'NONE',  ( 1.000000000000000000, 0.000000000000000000, -0.000000000000000000 ) ) ;
#7014 = DIRECTION ( 'NONE',  ( 0.000000000000000000, 0.000000000000000000, -1.000000000000000000 ) ) ;
#7015 = FACE_OUTER_BOUND ( 'NONE', #7222, .T. ) ;
#7016 = PLANE ( 'NONE',  #7466 ) ;
#7017 = LINE ( 'NONE', #4341, #2593 ) ;
#7018 = AXIS2_PLACEMENT_3D ( 'NONE', #4105, #9410, #1936 ) ;
#7019 = ORIENTED_EDGE ( 'NONE', *, *, #6804, .F. ) ;
#7020 = ORIENTED_EDGE ( 'NONE', *, *, #8630, .F. ) ;
#7021 = VERTEX_POINT ( 'NONE', #3128 ) ;
#7022 = CARTESIAN_POINT ( 'NONE',  ( 9.181544413650044589E-13, 58.49999999999999289, 74.49999999999998579 ) ) ;
#7023 = ORIENTED_EDGE ( 'NONE', *, *, #3059, .T. ) ;
#7024 = ORIENTED_EDGE ( 'NONE', *, *, #1836, .F. ) ;
#7025 = ADVANCED_FACE ( 'NONE', ( #9168 ), #2442, .T. ) ;
#7026 = DIRECTION ( 'NONE',  ( 0.000000000000000000, 1.000000000000000000, 0.000000000000000000 ) ) ;
#7027 = DIRECTION ( 'NONE',  ( 0.7071067811865475727, -0.000000000000000000, 0.7071067811865474617 ) ) ;
#7028 = FACE_OUTER_BOUND ( 'NONE', #3088, .T. ) ;
#7029 = DIRECTION ( 'NONE',  ( 0.7071067811865450192, -0.000000000000000000, -0.7071067811865500152 ) ) ;
#7030 = CARTESIAN_POINT ( 'NONE',  ( -66.98126610706783879, 14.70000000000000462, 27.74454884647009933 ) ) ;
#7031 = EDGE_CURVE ( 'NONE', #4629, #6861, #3916, .T. ) ;
#7032 = VERTEX_POINT ( 'NONE', #2299 ) ;
#7033 = DIRECTION ( 'NONE',  ( 0.000000000000000000, 1.000000000000000000, 0.000000000000000000 ) ) ;
#7034 = ORIENTED_EDGE ( 'NONE', *, *, #6696, .T. ) ;
#7035 = CYLINDRICAL_SURFACE ( 'NONE', #4566, 4.000000000000003553 ) ;
#7036 = ADVANCED_FACE ( 'NONE', ( #8388 ), #6914, .F. ) ;
#7037 = VERTEX_POINT ( 'NONE', #4739 ) ;
#7038 = CARTESIAN_POINT ( 'NONE',  ( -1.781881413105030232, 65.00000000000000000, -57.40000000000004832 ) ) ;
#7039 = VECTOR ( 'NONE', #7953, 1000.000000000000000 ) ;
#7040 = CARTESIAN_POINT ( 'NONE',  ( 0.000000000000000000, 37.90000000000000568, 0.000000000000000000 ) ) ;
#7041 = CARTESIAN_POINT ( 'NONE',  ( -50.95790290569128445, 62.36770782024269266, 61.67097431725724732 ) ) ;
#7042 = CARTESIAN_POINT ( 'NONE',  ( -63.98926045467482027, 46.75190843746173641, -9.500724130577300031 ) ) ;
#7043 = VECTOR ( 'NONE', #9235, 999.9999999999998863 ) ;
#7044 = VERTEX_POINT ( 'NONE', #2489 ) ;
#7045 = DIRECTION ( 'NONE',  ( 0.000000000000000000, 0.000000000000000000, -1.000000000000000000 ) ) ;
#7046 = DIRECTION ( 'NONE',  ( 0.000000000000000000, 1.000000000000000000, -0.000000000000000000 ) ) ;
#7047 = DIRECTION ( 'NONE',  ( -1.000000000000000000, 0.000000000000000000, 8.826273045769994496E-15 ) ) ;
#7048 = CIRCLE ( 'NONE', #3437, 9.999999999999994671 ) ;
#7049 = DIRECTION ( 'NONE',  ( 0.000000000000000000, 1.000000000000000000, 0.000000000000000000 ) ) ;
#7050 = CARTESIAN_POINT ( 'NONE',  ( 57.42829882522190843, 53.39900689924812127, -2.266636329749930123 ) ) ;
#7051 = CARTESIAN_POINT ( 'NONE',  ( -48.40145917221917671, 56.16173140978201417, -42.67389424460814240 ) ) ;
#7052 = ADVANCED_FACE ( 'NONE', ( #7015 ), #1559, .F. ) ;
#7053 = ORIENTED_EDGE ( 'NONE', *, *, #9386, .T. ) ;
#7054 = AXIS2_PLACEMENT_3D ( 'NONE', #3396, #5605, #7960 ) ;
#7055 = ORIENTED_EDGE ( 'NONE', *, *, #7391, .T. ) ;
#7056 = CARTESIAN_POINT ( 'NONE',  ( -45.53767670841366311, 53.82346281956402123, -45.53767670841366311 ) ) ;
#7057 = CARTESIAN_POINT ( 'NONE',  ( 1.976710822978771098, 53.69055762859711933, -57.40356893103287916 ) ) ;
#7058 = CARTESIAN_POINT ( 'NONE',  ( 4.050000000000905764, 60.83826859021802136, 64.40000000000000568 ) ) ;
#7059 = EDGE_CURVE ( 'NONE', #5068, #4108, #4655, .T. ) ;
#7060 = CARTESIAN_POINT ( 'NONE',  ( 0.000000000000000000, 30.90000000000000213, 0.000000000000000000 ) ) ;
#7061 = DIRECTION ( 'NONE',  ( 0.000000000000000000, 1.000000000000000000, 0.000000000000000000 ) ) ;
#7062 = CARTESIAN_POINT ( 'NONE',  ( -25.00000000000000000, 1.500000000000001332, -4.177332116314162569 ) ) ;
#7063 = LINE ( 'NONE', #7943, #7332 ) ;
#7064 = CARTESIAN_POINT ( 'NONE',  ( -39.13836033867541175, 65.00000000000000000, -44.86592526628643185 ) ) ;
#7065 = DIRECTION ( 'NONE',  ( -3.426614273534433601E-15, 0.000000000000000000, -1.000000000000000000 ) ) ;
#7066 = ORIENTED_EDGE ( 'NONE', *, *, #8348, .F. ) ;
#7067 = ORIENTED_EDGE ( 'NONE', *, *, #8647, .T. ) ;
#7068 = ORIENTED_EDGE ( 'NONE', *, *, #5954, .F. ) ;
#7069 = CARTESIAN_POINT ( 'NONE',  ( 61.92130669985845515, 61.52516452259852997, 50.65392074524560684 ) ) ;
#7070 = ORIENTED_EDGE ( 'NONE', *, *, #146, .F. ) ;
#7071 = ORIENTED_EDGE ( 'NONE', *, *, #2781, .T. ) ;
#7072 = EDGE_CURVE ( 'NONE', #5389, #9417, #181, .T. ) ;
#7073 = CIRCLE ( 'NONE', #2673, 10.00000000000000178 ) ;
#7074 = VECTOR ( 'NONE', #5613, 1000.000000000000114 ) ;
#7075 = CARTESIAN_POINT ( 'NONE',  ( -57.40056085429986155, 53.82346281956404255, 2.100081518022106196E-13 ) ) ;
#7076 = CARTESIAN_POINT ( 'NONE',  ( 46.57865554603854008, 54.67341848130287474, 44.49669787078878613 ) ) ;
#7077 = DIRECTION ( 'NONE',  ( 1.000000000000000000, -0.000000000000000000, -1.776356839400250465E-15 ) ) ;
#7078 = DIRECTION ( 'NONE',  ( 0.7071067811865476838, -0.000000000000000000, 0.7071067811865474617 ) ) ;
#7079 = DIRECTION ( 'NONE',  ( 1.000000000000000000, 0.000000000000000000, -3.227392513445223895E-15 ) ) ;
#7080 = ORIENTED_EDGE ( 'NONE', *, *, #1866, .F. ) ;
#7081 = DIRECTION ( 'NONE',  ( -0.000000000000000000, 1.000000000000000000, -0.000000000000000000 ) ) ;
#7082 = EDGE_LOOP ( 'NONE', ( #7837, #2162, #6250, #7067, #8491, #5543 ) ) ;
#7083 = LINE ( 'NONE', #347, #799 ) ;
#7084 = ORIENTED_EDGE ( 'NONE', *, *, #2680, .T. ) ;
#7085 = FACE_OUTER_BOUND ( 'NONE', #4180, .T. ) ;
#7086 = AXIS2_PLACEMENT_3D ( 'NONE', #2017, #5803, #7134 ) ;
#7087 = ADVANCED_FACE ( 'NONE', ( #1705 ), #4692, .F. ) ;
#7088 = DIRECTION ( 'NONE',  ( -0.000000000000000000, 0.000000000000000000, 1.000000000000000000 ) ) ;
#7089 = DIRECTION ( 'NONE',  ( -1.000000000000000000, -1.685161507135332739E-29, 3.426614273534433601E-15 ) ) ;
#7090 = CARTESIAN_POINT ( 'NONE',  ( 0.5697331047750326949, 53.89029207088822204, 57.40000000000004832 ) ) ;
#7091 = ORIENTED_EDGE ( 'NONE', *, *, #5602, .F. ) ;
#7092 = EDGE_CURVE ( 'NONE', #7126, #6827, #3474, .T. ) ;
#7093 = EDGE_CURVE ( 'NONE', #3454, #626, #3410, .T. ) ;
#7094 = CARTESIAN_POINT ( 'NONE',  ( -5.873478366179453403, 53.84175531955750671, -57.40000000000004832 ) ) ;
#7095 = CARTESIAN_POINT ( 'NONE',  ( 59.20153189812703687, 50.50377525058823380, 5.131832968203275058 ) ) ;
#7096 = EDGE_CURVE ( 'NONE', #5637, #8008, #2303, .T. ) ;
#7097 = DIRECTION ( 'NONE',  ( -0.8660254037844380415, -0.5000000000000009992, 5.991246546128623602E-15 ) ) ;
#7098 = DIRECTION ( 'NONE',  ( 0.7071067811865549002, 0.000000000000000000, 0.7071067811865401342 ) ) ;
#7099 = ORIENTED_EDGE ( 'NONE', *, *, #5807, .F. ) ;
#7100 = ORIENTED_EDGE ( 'NONE', *, *, #691, .T. ) ;
#7101 = ORIENTED_EDGE ( 'NONE', *, *, #5058, .F. ) ;
#7102 = LINE ( 'NONE', #1142, #209 ) ;
#7103 = CARTESIAN_POINT ( 'NONE',  ( 4.374024326021173081, 51.27224245364389077, -58.34547999396776419 ) ) ;
#7104 = CARTESIAN_POINT ( 'NONE',  ( 5.935478591898291079, 64.59218856903635242, -79.77979383777508815 ) ) ;
#7105 = CARTESIAN_POINT ( 'NONE',  ( 59.20152608713198106, 50.50377903797178192, -5.131829239182324365 ) ) ;
#7106 = CARTESIAN_POINT ( 'NONE',  ( -57.40000000000004121, 62.14776746691560305, 1.781881413105631307 ) ) ;
#7107 = ADVANCED_FACE ( 'NONE', ( #9361 ), #9456, .T. ) ;
#7108 = CARTESIAN_POINT ( 'NONE',  ( -1.976710822978771098, 53.69055762859711933, 57.40356893103287916 ) ) ;
#7109 = LINE ( 'NONE', #372, #7800 ) ;
#7110 = CARTESIAN_POINT ( 'NONE',  ( -66.98126610706783879, 14.70000000000000462, 27.74454884647009933 ) ) ;
#7111 = EDGE_CURVE ( 'NONE', #2846, #3039, #4187, .T. ) ;
#7112 = EDGE_CURVE ( 'NONE', #7801, #5702, #1109, .T. ) ;
#7113 = VERTEX_POINT ( 'NONE', #4986 ) ;
#7114 = EDGE_LOOP ( 'NONE', ( #8162, #6682, #1715 ) ) ;
#7115 = ORIENTED_EDGE ( 'NONE', *, *, #7402, .F. ) ;
#7116 = ADVANCED_FACE ( 'NONE', ( #3330 ), #5536, .F. ) ;
#7117 = DIRECTION ( 'NONE',  ( 0.000000000000000000, 0.000000000000000000, 1.000000000000000000 ) ) ;
#7118 = ORIENTED_EDGE ( 'NONE', *, *, #5150, .F. ) ;
#7119 = EDGE_LOOP ( 'NONE', ( #4782, #6790, #2460, #2592 ) ) ;
#7120 = CARTESIAN_POINT ( 'NONE',  ( -7.746478870825279195, 54.99006652020242569, 79.62413914048445918 ) ) ;
#7121 = CARTESIAN_POINT ( 'NONE',  ( -40.23681451127851716, 58.49999999999995737, -34.43853890554882469 ) ) ;
#7122 = FACE_OUTER_BOUND ( 'NONE', #6585, .T. ) ;
#7123 = DIRECTION ( 'NONE',  ( 0.000000000000000000, 0.000000000000000000, 1.000000000000000000 ) ) ;
#7124 = CIRCLE ( 'NONE', #3173, 9.999999999999996447 ) ;
#7125 = CARTESIAN_POINT ( 'NONE',  ( 1.781881413105030232, 65.00000000000000000, 57.40000000000004832 ) ) ;
#7126 = VERTEX_POINT ( 'NONE', #3381 ) ;
#7127 = CARTESIAN_POINT ( 'NONE',  ( 66.98126610706803774, 14.70000000000000462, -27.74454884646963038 ) ) ;
#7128 = ORIENTED_EDGE ( 'NONE', *, *, #937, .F. ) ;
#7129 = PLANE ( 'NONE',  #8331 ) ;
#7130 = EDGE_LOOP ( 'NONE', ( #8967, #8151, #6139 ) ) ;
#7132 = CARTESIAN_POINT ( 'NONE',  ( -4.177332116314214083, 30.90000000000000213, 25.00000000000000000 ) ) ;
#7131 = AXIS2_PLACEMENT_3D ( 'NONE', #8586, #1147, #277 ) ;
#7133 = VECTOR ( 'NONE', #1787, 1000.000000000000000 ) ;
#7134 = DIRECTION ( 'NONE',  ( 2.081668171172168119E-15, 0.000000000000000000, 1.000000000000000000 ) ) ;
#7135 = CARTESIAN_POINT ( 'NONE',  ( -58.10521046563163594, 56.16173140978203548, 4.050000000000209432 ) ) ;
#7136 = CARTESIAN_POINT ( 'NONE',  ( 1.477225575052562467, 53.88762817667944915, 57.40000000000004832 ) ) ;
#7137 = VECTOR ( 'NONE', #6536, 1000.000000000000000 ) ;
#7138 = AXIS2_PLACEMENT_3D ( 'NONE', #2342, #6028, #3170 ) ;
#7139 = AXIS2_PLACEMENT_3D ( 'NONE', #2138, #9013, #3716 ) ;
#7140 = ORIENTED_EDGE ( 'NONE', *, *, #7359, .F. ) ;
#7141 = CARTESIAN_POINT ( 'NONE',  ( -57.40000000000003411, 54.85223253308445379, 1.781881413105631751 ) ) ;
#7142 = CARTESIAN_POINT ( 'NONE',  ( 58.82370011183522251, 50.78903292842427675, 4.850776377534637085 ) ) ;
#7143 = VECTOR ( 'NONE', #5052, 1000.000000000000000 ) ;
#7144 = AXIS2_PLACEMENT_3D ( 'NONE', #7274, #7323, #2789 ) ;
#7145 = DIRECTION ( 'NONE',  ( -1.000000000000000000, 0.000000000000000000, 4.898042755699220774E-15 ) ) ;
#7146 = CIRCLE ( 'NONE', #546, 4.099999999999999645 ) ;
#7147 = EDGE_CURVE ( 'NONE', #5015, #1170, #5515, .T. ) ;
#7148 = ADVANCED_FACE ( 'NONE', ( #6469 ), #6421, .F. ) ;
#7149 = FACE_OUTER_BOUND ( 'NONE', #1886, .T. ) ;
#7150 = ORIENTED_EDGE ( 'NONE', *, *, #6511, .T. ) ;
#7151 = VECTOR ( 'NONE', #1375, 1000.000000000000114 ) ;
#7152 = VECTOR ( 'NONE', #5292, 1000.000000000000000 ) ;
#7153 =( BOUNDED_SURFACE ( )  B_SPLINE_SURFACE ( 3, 2, ( 
 ( #5520, #3359, #1043 ),
 ( #6942, #3312, #8465 ),
 ( #3159, #9296, #6209 ),
 ( #2619, #2418, #1091 ),
 ( #9198, #4091, #8571 ),
 ( #7094, #354, #5469 ) ),
 .UNSPECIFIED., .F., .F., .T. ) 
 B_SPLINE_SURFACE_WITH_KNOTS ( ( 4, 2, 4 ),
 ( 3, 3 ),
 ( 0.02122663345881161540, 0.02709285688364397940, 0.03295908030847634340 ),
 ( 0.000000000000000000, 1.000000000000000000 ),
 .UNSPECIFIED. ) 
 GEOMETRIC_REPRESENTATION_ITEM ( )  RATIONAL_B_SPLINE_SURFACE ( (
 ( 1.000000000000000000, 0.7700162325872851321, 1.000000000000000000),
 ( 1.000000000000000000, 0.7634916059723626525, 1.000000000000000000),
 ( 1.000000000000000000, 0.7601171944260701752, 1.000000000000000000),
 ( 1.000000000000000000, 0.7601167057328751531, 1.000000000000000000),
 ( 1.000000000000000000, 0.7634905966358425111, 1.000000000000000000),
 ( 1.000000000000000000, 0.7700162701478091565, 1.000000000000000000) ) ) 
 REPRESENTATION_ITEM ( '' )  SURFACE ( )  );
#7154 = ORIENTED_EDGE ( 'NONE', *, *, #565, .F. ) ;
#7155 = DIRECTION ( 'NONE',  ( 0.6123724356957965798, 0.5000000000000004441, 0.6123724356957922499 ) ) ;
#7156 = CARTESIAN_POINT ( 'NONE',  ( 5.483592419851312627, 50.14630465282288441, -59.86320225037687948 ) ) ;
#7157 = LINE ( 'NONE', #9259, #3398 ) ;
#7158 = DIRECTION ( 'NONE',  ( 0.000000000000000000, 1.000000000000000000, 0.000000000000000000 ) ) ;
#7159 = VECTOR ( 'NONE', #7700, 1000.000000000000000 ) ;
#7160 = CIRCLE ( 'NONE', #1820, 9.999999999999994671 ) ;
#7161 = CARTESIAN_POINT ( 'NONE',  ( 60.36806642904173970, 65.00000000000000000, 5.646478818412946410 ) ) ;
#7162 = DIRECTION ( 'NONE',  ( 2.081668171172169302E-15, 0.000000000000000000, 1.000000000000000000 ) ) ;
#7163 = DIRECTION ( 'NONE',  ( 0.000000000000000000, 1.000000000000000000, -0.000000000000000000 ) ) ;
#7164 = DIRECTION ( 'NONE',  ( 2.967535009851174102E-15, 0.5000000000000018874, 0.8660254037844375974 ) ) ;
#7165 = ORIENTED_EDGE ( 'NONE', *, *, #1157, .T. ) ;
#7166 = ORIENTED_EDGE ( 'NONE', *, *, #7147, .F. ) ;
#7167 = CIRCLE ( 'NONE', #3709, 4.099999999999993427 ) ;
#7168 = ORIENTED_EDGE ( 'NONE', *, *, #7924, .T. ) ;
#7169 = CARTESIAN_POINT ( 'NONE',  ( 60.30878758429707176, 65.00000000000000000, -52.56282089188266582 ) ) ;
#7170 = ORIENTED_EDGE ( 'NONE', *, *, #8516, .F. ) ;
#7171 = ORIENTED_EDGE ( 'NONE', *, *, #2376, .T. ) ;
#7172 = DIRECTION ( 'NONE',  ( 1.000000000000000000, 0.000000000000000000, -1.142876642996484952E-14 ) ) ;
#7173 = EDGE_CURVE ( 'NONE', #7909, #4246, #7063, .T. ) ;
#7174 = AXIS2_PLACEMENT_3D ( 'NONE', #4651, #7656, #914 ) ;
#7175 = CARTESIAN_POINT ( 'NONE',  ( -4.449100510727646982E-13, 63.17653718043602140, -64.40000000000004832 ) ) ;
#7176 = DIRECTION ( 'NONE',  ( 0.7071067811865450192, 0.000000000000000000, -0.7071067811865500152 ) ) ;
#7177 = CARTESIAN_POINT ( 'NONE',  ( 35.00000000000000000, 1.500000000000001332, 4.177332116314168786 ) ) ;
#7178 = CARTESIAN_POINT ( 'NONE',  ( 5.672430509436186874, 49.95417342428426366, 60.46525566738621649 ) ) ;
#7179 = CARTESIAN_POINT ( 'NONE',  ( 5.646478818415044287, 65.00000000000000000, 60.36806642904157627 ) ) ;
#7180 = ORIENTED_EDGE ( 'NONE', *, *, #7220, .F. ) ;
#7181 = CARTESIAN_POINT ( 'NONE',  ( 8.112471129879635074E-13, 53.82346281956404255, 57.40056085429986155 ) ) ;
#7182 = ORIENTED_EDGE ( 'NONE', *, *, #4344, .T. ) ;
#7183 = CARTESIAN_POINT ( 'NONE',  ( 42.67389424460797187, 52.90000000000000568, -48.40145917221933303 ) ) ;
#7184 = ORIENTED_EDGE ( 'NONE', *, *, #7830, .T. ) ;
#7185 = ORIENTED_EDGE ( 'NONE', *, *, #3688, .T. ) ;
#7186 = B_SPLINE_CURVE_WITH_KNOTS ( 'NONE', 3,
 ( #4441, #8921, #4294, #9559, #2190, #8730, #2822, #5186, #6614, #1446, #4251, #3566, #3718, #4984, #6712, #9708, #2777, #6516, #1992, #5777 ),
 .UNSPECIFIED., .F., .F.,
 ( 4, 2, 2, 2, 2, 2, 2, 2, 2, 4 ),
 ( 0.006253452100163790946, 0.007074845104046467367, 0.007896238107929144656, 0.008717631111811820210, 0.009539024115694495765, 0.01036041711957717305, 0.01118181012345984861, 0.01200320312734252590, 0.01241389962928385673, 0.01282459613122518584 ),
 .UNSPECIFIED. ) ;
#7187 = LINE ( 'NONE', #2833, #6218 ) ;
#7188 = EDGE_CURVE ( 'NONE', #3495, #3090, #3087, .T. ) ;
#7189 = CARTESIAN_POINT ( 'NONE',  ( 57.40000000000004832, 53.89042705671922562, 0.1159854610426550720 ) ) ;
#7190 = LINE ( 'NONE', #1131, #877 ) ;
#7191 = LINE ( 'NONE', #3357, #5313 ) ;
#7192 = ORIENTED_EDGE ( 'NONE', *, *, #7072, .T. ) ;
#7193 = EDGE_CURVE ( 'NONE', #7880, #7802, #3250, .T. ) ;
#7194 = DIRECTION ( 'NONE',  ( 6.982962677686267499E-15, -0.000000000000000000, 1.000000000000000000 ) ) ;
#7195 = AXIS2_PLACEMENT_3D ( 'NONE', #4261, #2049, #2835 ) ;
#7196 = FACE_OUTER_BOUND ( 'NONE', #5718, .T. ) ;
#7197 = DIRECTION ( 'NONE',  ( 1.745740669421573580E-15, -0.8660254037844375974, 0.5000000000000018874 ) ) ;
#7198 = EDGE_CURVE ( 'NONE', #231, #4161, #7109, .T. ) ;
#7199 = CARTESIAN_POINT ( 'NONE',  ( 64.40000000000004832, 9.672827050956818619E-28, -2.211280286727785861E-13 ) ) ;
#7200 = EDGE_CURVE ( 'NONE', #8977, #8684, #5634, .T. ) ;
#7201 = FACE_OUTER_BOUND ( 'NONE', #2855, .T. ) ;
#7202 = VECTOR ( 'NONE', #7081, 1000.000000000000000 ) ;
#7203 = CARTESIAN_POINT ( 'NONE',  ( -42.67389424460814951, 56.16173140978197154, -48.40145917221916960 ) ) ;
#7204 = VERTEX_POINT ( 'NONE', #7992 ) ;
#7205 = EDGE_LOOP ( 'NONE', ( #6178, #8276, #4565, #672, #4994 ) ) ;
#7206 = VECTOR ( 'NONE', #5, 1000.000000000000000 ) ;
#7207 = DIRECTION ( 'NONE',  ( -0.000000000000000000, 1.000000000000000000, -0.000000000000000000 ) ) ;
#7208 = LINE ( 'NONE', #1932, #1635 ) ;
#7209 = FACE_OUTER_BOUND ( 'NONE', #3879, .T. ) ;
#7210 = EDGE_CURVE ( 'NONE', #5227, #9680, #4887, .T. ) ;
#7211 = CARTESIAN_POINT ( 'NONE',  ( 45.53767670841366311, 53.82346281956403544, 45.53767670841366311 ) ) ;
#7212 = FACE_BOUND ( 'NONE', #5757, .T. ) ;
#7213 = CARTESIAN_POINT ( 'NONE',  ( -64.40000000000006253, 56.16173140978204259, -4.049999999999767120 ) ) ;
#7214 = DIRECTION ( 'NONE',  ( 0.6622653803999819511, 0.000000000000000000, 0.7492693547207619487 ) ) ;
#7215 = CARTESIAN_POINT ( 'NONE',  ( 64.40000000000004832, 53.82346281956404255, -2.344465629617909551E-13 ) ) ;
#7216 = EDGE_LOOP ( 'NONE', ( #9458, #6475 ) ) ;
#7217 = ORIENTED_EDGE ( 'NONE', *, *, #2426, .T. ) ;
#7218 = ORIENTED_EDGE ( 'NONE', *, *, #9269, .T. ) ;
#7219 = CARTESIAN_POINT ( 'NONE',  ( 1.107033810936230545, 50.05384816600997766, -79.99422311940385555 ) ) ;
#7220 = EDGE_CURVE ( 'NONE', #9234, #6689, #4036, .T. ) ;
#7221 = VERTEX_POINT ( 'NONE', #6278 ) ;
#7222 = EDGE_LOOP ( 'NONE', ( #588, #1963, #6527, #2733 ) ) ;
#7223 = FACE_OUTER_BOUND ( 'NONE', #3166, .T. ) ;
#7224 = CARTESIAN_POINT ( 'NONE',  ( -8.226945143221591650, 56.29180865888189089, 79.57593433471647870 ) ) ;
#7225 = DIRECTION ( 'NONE',  ( 1.000000000000000000, 0.000000000000000000, -1.776356839400250465E-15 ) ) ;
#7226 = DIRECTION ( 'NONE',  ( 1.000000000000000000, 0.000000000000000000, 0.000000000000000000 ) ) ;
#7227 = CARTESIAN_POINT ( 'NONE',  ( 64.00132858745540432, 45.00000000000000711, -11.35032770630716570 ) ) ;
#7228 = DIRECTION ( 'NONE',  ( 0.000000000000000000, 0.000000000000000000, 1.000000000000000000 ) ) ;
#7229 = EDGE_CURVE ( 'NONE', #5157, #1757, #9265, .T. ) ;
#7230 = ORIENTED_EDGE ( 'NONE', *, *, #2466, .T. ) ;
#7231 = AXIS2_PLACEMENT_3D ( 'NONE', #4118, #7029, #2695 ) ;
#7232 = DIRECTION ( 'NONE',  ( -1.000000000000000000, -0.000000000000000000, 3.491481338843133750E-15 ) ) ;
#7233 = ORIENTED_EDGE ( 'NONE', *, *, #9148, .F. ) ;
#7234 = CARTESIAN_POINT ( 'NONE',  ( -58.10521046563163594, 60.83826859021802136, 4.050000000000209432 ) ) ;
#7235 = VERTEX_POINT ( 'NONE', #9510 ) ;
#7236 = VERTEX_POINT ( 'NONE', #6714 ) ;
#7237 = AXIS2_PLACEMENT_3D ( 'NONE', #3235, #6237, #1809 ) ;
#7238 = AXIS2_PLACEMENT_3D ( 'NONE', #6465, #1799, #7795 ) ;
#7239 = FACE_OUTER_BOUND ( 'NONE', #3987, .T. ) ;
#7240 = EDGE_CURVE ( 'NONE', #4562, #8031, #5189, .T. ) ;
#7241 = CYLINDRICAL_SURFACE ( 'NONE', #3553, 4.099999999999999645 ) ;
#7242 = CARTESIAN_POINT ( 'NONE',  ( 0.1159854610436744649, 53.89042705671922562, 57.40000000000004832 ) ) ;
#7243 = VECTOR ( 'NONE', #8795, 1000.000000000000000 ) ;
#7244 = ORIENTED_EDGE ( 'NONE', *, *, #59, .F. ) ;
#7245 = AXIS2_PLACEMENT_3D ( 'NONE', #4422, #2217, #1571 ) ;
#7246 = EDGE_CURVE ( 'NONE', #3975, #521, #9547, .T. ) ;
#7247 = CARTESIAN_POINT ( 'NONE',  ( -6.758264449572167543, 53.31519163513332416, -79.71462390883561966 ) ) ;
#7248 = FACE_OUTER_BOUND ( 'NONE', #4157, .T. ) ;
#7249 = LINE ( 'NONE', #8763, #9070 ) ;
#7250 = ADVANCED_FACE ( 'NONE', ( #8877 ), #4495, .F. ) ;
#7251 = CARTESIAN_POINT ( 'NONE',  ( -1.958851601267856513, 53.89044323082825372, 57.40000000000004832 ) ) ;
#7252 = CARTESIAN_POINT ( 'NONE',  ( -6.004247042976515125, 49.73598380730358315, 61.31953313423080232 ) ) ;
#7254 = DIRECTION ( 'NONE',  ( 2.967535009851178835E-15, -0.5000000000000011102, 0.8660254037844380415 ) ) ;
#7253 = CARTESIAN_POINT ( 'NONE',  ( -56.17401169865989630, 50.00020243698606492, 56.96304287296952396 ) ) ;
#7255 = ORIENTED_EDGE ( 'NONE', *, *, #5864, .T. ) ;
#7256 = ORIENTED_EDGE ( 'NONE', *, *, #4618, .F. ) ;
#7257 = FACE_OUTER_BOUND ( 'NONE', #7506, .T. ) ;
#7258 = DIRECTION ( 'NONE',  ( -1.000000000000000000, 0.000000000000000000, 8.826273045769994496E-15 ) ) ;
#7259 = PLANE ( 'NONE',  #1309 ) ;
#7260 = EDGE_CURVE ( 'NONE', #6207, #6673, #3665, .T. ) ;
#7261 = FACE_OUTER_BOUND ( 'NONE', #4889, .T. ) ;
#7262 = DIRECTION ( 'NONE',  ( -1.390105829006383446E-14, -1.685161507135332739E-29, -1.000000000000000000 ) ) ;
#7263 = CARTESIAN_POINT ( 'NONE',  ( 45.53767670841367732, 58.49999999999999289, 45.53767670841364890 ) ) ;
#7264 = DIRECTION ( 'NONE',  ( -0.6123724356957945814, 0.4999999999999998890, 0.6123724356957945814 ) ) ;
#7265 = DIRECTION ( 'NONE',  ( -0.7071067811865476838, -0.000000000000000000, -0.7071067811865474617 ) ) ;
#7266 = ORIENTED_EDGE ( 'NONE', *, *, #8647, .F. ) ;
#7267 = ORIENTED_EDGE ( 'NONE', *, *, #1090, .F. ) ;
#7268 = CARTESIAN_POINT ( 'NONE',  ( 63.23764703934342890, 48.37295897781993403, 7.686123034812279542 ) ) ;
#7269 = VERTEX_POINT ( 'NONE', #9660 ) ;
#7270 = ORIENTED_EDGE ( 'NONE', *, *, #1417, .T. ) ;
#7271 = EDGE_CURVE ( 'NONE', #1487, #3256, #3564, .T. ) ;
#7272 = CARTESIAN_POINT ( 'NONE',  ( 66.98126610706803774, 14.70000000000000462, -27.74454884646963038 ) ) ;
#7273 = CARTESIAN_POINT ( 'NONE',  ( 64.40000000000000568, 58.49999999999999289, -1.180056052874078735E-13 ) ) ;
#7274 = CARTESIAN_POINT ( 'NONE',  ( -4.009015341921439763E-13, 58.49999999999999289, -74.50000000000000000 ) ) ;
#7275 = CARTESIAN_POINT ( 'NONE',  ( -61.04346596506925238, 65.00000000000000000, 22.33148591051281429 ) ) ;
#7276 = CARTESIAN_POINT ( 'NONE',  ( -48.40145917221872196, 65.00000000000000000, 42.67389424460865399 ) ) ;
#7277 = ORIENTED_EDGE ( 'NONE', *, *, #4140, .T. ) ;
#7278 = ORIENTED_EDGE ( 'NONE', *, *, #5485, .T. ) ;
#7279 = CARTESIAN_POINT ( 'NONE',  ( 8.946128475157607287E-13, 63.17653718043602140, 64.40000000000004832 ) ) ;
#7280 = ORIENTED_EDGE ( 'NONE', *, *, #2165, .F. ) ;
#7281 = VERTEX_POINT ( 'NONE', #2925 ) ;
#7282 = EDGE_CURVE ( 'NONE', #7412, #1675, #1349, .T. ) ;
#7283 = DIRECTION ( 'NONE',  ( 0.7071067811865474617, 0.000000000000000000, -0.7071067811865474617 ) ) ;
#7284 = DIRECTION ( 'NONE',  ( 0.7071067811865550112, 0.000000000000000000, 0.7071067811865398012 ) ) ;
#7285 = CARTESIAN_POINT ( 'NONE',  ( 6.655330888320987626, 30.90000000000000213, -7.529663527230856523 ) ) ;
#7286 = EDGE_LOOP ( 'NONE', ( #9517, #9285, #7401, #8793 ) ) ;
#7287 = CARTESIAN_POINT ( 'NONE',  ( -50.82544986994779634, 54.98929658410191479, -61.78013535831689040 ) ) ;
#7288 = AXIS2_PLACEMENT_3D ( 'NONE', #7733, #8329, #3808 ) ;
#7289 = VERTEX_POINT ( 'NONE', #3617 ) ;
#7290 = CARTESIAN_POINT ( 'NONE',  ( 42.67389424460814240, 56.16173140978202127, 48.40145917221917671 ) ) ;
#7291 = DIRECTION ( 'NONE',  ( -1.000000000000000000, 0.000000000000000000, 0.000000000000000000 ) ) ;
#7292 = CARTESIAN_POINT ( 'NONE',  ( 57.97417940705516060, 51.79485952321054754, 3.857487432956981266 ) ) ;
#7293 = DIRECTION ( 'NONE',  ( -1.000000000000000000, 0.000000000000000000, 3.491481338843133355E-15 ) ) ;
#7294 = AXIS2_PLACEMENT_3D ( 'NONE', #1786, #4049, #359 ) ;
#7295 = EDGE_CURVE ( 'NONE', #1262, #3975, #639, .T. ) ;
#7296 = AXIS2_PLACEMENT_3D ( 'NONE', #2423, #8425, #1834 ) ;
#7298 = CARTESIAN_POINT ( 'NONE',  ( -4.177332116314214083, 30.90000000000000213, -35.00000000000000000 ) ) ;
#7297 = CARTESIAN_POINT ( 'NONE',  ( -57.35303982187303262, 50.05517551620770433, 55.77567793932109197 ) ) ;
#7299 = ORIENTED_EDGE ( 'NONE', *, *, #8891, .T. ) ;
#7300 = VERTEX_POINT ( 'NONE', #1596 ) ;
#7301 = CIRCLE ( 'NONE', #6663, 9.999999999999998224 ) ;
#7302 = VECTOR ( 'NONE', #8156, 1000.000000000000000 ) ;
#7303 = AXIS2_PLACEMENT_3D ( 'NONE', #8317, #3005, #1581 ) ;
#7304 = DIRECTION ( 'NONE',  ( -0.7071067811865450192, 0.000000000000000000, 0.7071067811865501263 ) ) ;
#7305 = FACE_OUTER_BOUND ( 'NONE', #8093, .T. ) ;
#7306 = CARTESIAN_POINT ( 'NONE',  ( -64.40000000000003411, 60.83826859021802136, 4.050000000000231637 ) ) ;
#7307 = DIRECTION ( 'NONE',  ( -1.000000000000000000, 0.000000000000000000, 1.060108790874713746E-14 ) ) ;
#7308 = LINE ( 'NONE', #8824, #7527 ) ;
#7310 = CIRCLE ( 'NONE', #1652, 8.499999999999998224 ) ;
#7309 = B_SPLINE_CURVE_WITH_KNOTS ( 'NONE', 3,
 ( #618, #4399, #7410, #8188 ),
 .UNSPECIFIED., .F., .F.,
 ( 4, 4 ),
 ( 8.673617379884035472E-19, 0.005735140038268133136 ),
 .UNSPECIFIED. ) ;
#7311 = DIRECTION ( 'NONE',  ( -0.8660254037844380415, -0.5000000000000011102, 1.203866961868354232E-14 ) ) ;
#7312 = DIRECTION ( 'NONE',  ( 0.7071067811865401342, -0.000000000000000000, -0.7071067811865549002 ) ) ;
#7313 = VERTEX_POINT ( 'NONE', #7690 ) ;
#7314 = ORIENTED_EDGE ( 'NONE', *, *, #6468, .T. ) ;
#7315 = CARTESIAN_POINT ( 'NONE',  ( 61.31953313423083074, 49.73598380730357604, 6.004247042976301962 ) ) ;
#7316 = EDGE_LOOP ( 'NONE', ( #6541, #3302 ) ) ;
#7317 = VERTEX_POINT ( 'NONE', #6759 ) ;
#7318 = CIRCLE ( 'NONE', #4325, 4.099999999999999645 ) ;
#7319 = EDGE_CURVE ( 'NONE', #9628, #5015, #7552, .T. ) ;
#7320 = EDGE_CURVE ( 'NONE', #2277, #813, #5329, .T. ) ;
#7321 = FACE_OUTER_BOUND ( 'NONE', #7722, .T. ) ;
#7322 = CARTESIAN_POINT ( 'NONE',  ( 4.049999999999542410, 56.16173140978204259, -64.40000000000007674 ) ) ;
#7323 = DIRECTION ( 'NONE',  ( -5.329070518200751394E-15, 0.000000000000000000, -1.000000000000000000 ) ) ;
#7324 = CARTESIAN_POINT ( 'NONE',  ( -57.40000000000004832, 53.89042705671922562, 0.1159854610430725158 ) ) ;
#7325 = FACE_OUTER_BOUND ( 'NONE', #5831, .T. ) ;
#7326 = VECTOR ( 'NONE', #2898, 1000.000000000000114 ) ;
#7327 = VERTEX_POINT ( 'NONE', #7645 ) ;
#7328 = ORIENTED_EDGE ( 'NONE', *, *, #3043, .T. ) ;
#7329 = DIRECTION ( 'NONE',  ( -0.6123724356957940262, -0.5000000000000009992, 0.6123724356957940262 ) ) ;
#7330 = ORIENTED_EDGE ( 'NONE', *, *, #8116, .F. ) ;
#7331 = EDGE_LOOP ( 'NONE', ( #138, #2196 ) ) ;
#7332 = VECTOR ( 'NONE', #1205, 1000.000000000000114 ) ;
#7333 = ADVANCED_FACE ( 'NONE', ( #8328 ), #2475, .F. ) ;
#7334 = CARTESIAN_POINT ( 'NONE',  ( 57.40000000000005542, 53.88633504566437438, 1.781881413102901712 ) ) ;
#7335 = CYLINDRICAL_SURFACE ( 'NONE', #568, 4.999999999999999112 ) ;
#7336 = LINE ( 'NONE', #4353, #5781 ) ;
#7337 = LINE ( 'NONE', #6591, #2429 ) ;
#7338 = ORIENTED_EDGE ( 'NONE', *, *, #1260, .T. ) ;
#7339 = CARTESIAN_POINT ( 'NONE',  ( -53.30250829761793341, 51.27918670162677728, -59.65648133665586528 ) ) ;
#7340 = EDGE_CURVE ( 'NONE', #2698, #8181, #743, .T. ) ;
#7341 = ORIENTED_EDGE ( 'NONE', *, *, #2399, .T. ) ;
#7342 = PLANE ( 'NONE',  #84 ) ;
#7343 = DIRECTION ( 'NONE',  ( 0.000000000000000000, 0.000000000000000000, 1.000000000000000000 ) ) ;
#7344 = ADVANCED_FACE ( 'NONE', ( #9108 ), #2378, .F. ) ;
#7345 = DIRECTION ( 'NONE',  ( 0.000000000000000000, 0.000000000000000000, -1.000000000000000000 ) ) ;
#7346 = EDGE_CURVE ( 'NONE', #4258, #3418, #3807, .T. ) ;
#7347 = AXIS2_PLACEMENT_3D ( 'NONE', #2120, #5121, #9540 ) ;
#7349 = DIRECTION ( 'NONE',  ( -1.000000000000000000, -0.000000000000000000, 3.491481338843133750E-15 ) ) ;
#7348 = CARTESIAN_POINT ( 'NONE',  ( 0.000000000000000000, 58.00000000000000000, 6.099999999999999645 ) ) ;
#7350 = ORIENTED_EDGE ( 'NONE', *, *, #5618, .F. ) ;
#7351 = B_SPLINE_CURVE_WITH_KNOTS ( 'NONE', 3,
 ( #8353, #969, #190, #5500, #1765, #4750, #8449, #6924, #149, #4805, #2499, #2400, #6142, #3343, #2454, #7715 ),
 .UNSPECIFIED., .F., .F.,
 ( 4, 2, 2, 2, 2, 2, 2, 4 ),
 ( 0.0009409463969580837131, 0.001881924581947548624, 0.002822902766937013426, 0.003763880951926478445, 0.004704859136915943464, 0.006586815506894863094, 0.007527793691884335919, 0.008468771876873809612 ),
 .UNSPECIFIED. ) ;
#7352 = ORIENTED_EDGE ( 'NONE', *, *, #6215, .T. ) ;
#7353 = LINE ( 'NONE', #1343, #1393 ) ;
#7354 = DIRECTION ( 'NONE',  ( -1.000000000000000000, -0.000000000000000000, 8.826273045769994496E-15 ) ) ;
#7355 = FACE_OUTER_BOUND ( 'NONE', #6121, .T. ) ;
#7356 = VECTOR ( 'NONE', #4572, 1000.000000000000000 ) ;
#7357 = DIRECTION ( 'NONE',  ( -0.5000000000000008882, 0.8660254037844381525, 6.982962677686279332E-15 ) ) ;
#7358 = LINE ( 'NONE', #2039, #3113 ) ;
#7359 = EDGE_CURVE ( 'NONE', #6150, #1015, #4968, .T. ) ;
#7360 = DIRECTION ( 'NONE',  ( 0.000000000000000000, 0.000000000000000000, 1.000000000000000000 ) ) ;
#7361 = DIRECTION ( 'NONE',  ( -0.000000000000000000, -1.000000000000000000, -0.000000000000000000 ) ) ;
#7362 = AXIS2_PLACEMENT_3D ( 'NONE', #488, #9472, #5653 ) ;
#7363 = ORIENTED_EDGE ( 'NONE', *, *, #8212, .T. ) ;
#7364 = EDGE_CURVE ( 'NONE', #3723, #861, #6233, .T. ) ;
#7365 = EDGE_LOOP ( 'NONE', ( #1315, #1233 ) ) ;
#7366 = ORIENTED_EDGE ( 'NONE', *, *, #8934, .T. ) ;
#7367 = CARTESIAN_POINT ( 'NONE',  ( 44.86592526628628974, 52.90000000000000568, -39.13836033867556807 ) ) ;
#7368 = ORIENTED_EDGE ( 'NONE', *, *, #6891, .T. ) ;
#7369 = DIRECTION ( 'NONE',  ( 0.000000000000000000, 0.000000000000000000, 1.000000000000000000 ) ) ;
#7370 = CARTESIAN_POINT ( 'NONE',  ( 57.40000000000005542, 65.00000000000000000, 1.781881413102901712 ) ) ;
#7371 = VECTOR ( 'NONE', #8922, 1000.000000000000114 ) ;
#7372 = VECTOR ( 'NONE', #7445, 999.9999999999998863 ) ;
#7373 = CARTESIAN_POINT ( 'NONE',  ( -63.23764583683679064, 48.37296050605480957, 7.686121263545030224 ) ) ;
#7374 = DIRECTION ( 'NONE',  ( 0.7071067811865475727, -0.000000000000000000, 0.7071067811865474617 ) ) ;
#7375 = CARTESIAN_POINT ( 'NONE',  ( 63.98925980024856841, 46.75191142416030488, -9.500720881744381785 ) ) ;
#7376 = DIRECTION ( 'NONE',  ( 0.000000000000000000, 0.000000000000000000, 1.000000000000000000 ) ) ;
#7377 = ORIENTED_EDGE ( 'NONE', *, *, #7660, .T. ) ;
#7378 = EDGE_CURVE ( 'NONE', #5832, #7472, #6262, .T. ) ;
#7379 = ORIENTED_EDGE ( 'NONE', *, *, #6959, .F. ) ;
#7380 = DIRECTION ( 'NONE',  ( 0.000000000000000000, 1.000000000000000000, 0.000000000000000000 ) ) ;
#7381 = VERTEX_POINT ( 'NONE', #1740 ) ;
#7382 = ORIENTED_EDGE ( 'NONE', *, *, #2799, .T. ) ;
#7383 = CARTESIAN_POINT ( 'NONE',  ( 79.77974863812396222, 64.60055649911890896, 5.951258042794565384 ) ) ;
#7384 = CYLINDRICAL_SURFACE ( 'NONE', #1346, 5.000000000000000000 ) ;
#7385 = LINE ( 'NONE', #3646, #8766 ) ;
#7386 = DIRECTION ( 'NONE',  ( 0.000000000000000000, 0.000000000000000000, 1.000000000000000000 ) ) ;
#7387 = CARTESIAN_POINT ( 'NONE',  ( -52.78540240047853871, 51.74064454756921094, -60.11583750205208787 ) ) ;
#7388 = ORIENTED_EDGE ( 'NONE', *, *, #3144, .F. ) ;
#7389 = CARTESIAN_POINT ( 'NONE',  ( -45.02950970490492466, 65.00000000000000000, 26.38856624071850376 ) ) ;
#7390 = VECTOR ( 'NONE', #8585, 1000.000000000000000 ) ;
#7391 = EDGE_CURVE ( 'NONE', #7685, #7281, #3766, .T. ) ;
#7392 = CARTESIAN_POINT ( 'NONE',  ( -1.941672373702902021, 50.47104418672341808, 57.40000000000005542 ) ) ;
#7393 = CARTESIAN_POINT ( 'NONE',  ( 45.53767670841367732, 58.49999999999999289, 45.53767670841364890 ) ) ;
#7394 = AXIS2_PLACEMENT_3D ( 'NONE', #6181, #880, #7524 ) ;
#7395 = ADVANCED_FACE ( 'NONE', ( #9017 ), #5284, .F. ) ;
#7396 = AXIS2_PLACEMENT_3D ( 'NONE', #6153, #8508, #9143 ) ;
#7397 = EDGE_CURVE ( 'NONE', #7476, #3336, #9300, .T. ) ;
#7399 = LINE ( 'NONE', #1243, #1151 ) ;
#7398 = DIRECTION ( 'NONE',  ( -5.329070518200751394E-15, 0.000000000000000000, -1.000000000000000000 ) ) ;
#7400 = ORIENTED_EDGE ( 'NONE', *, *, #3131, .F. ) ;
#7401 = ORIENTED_EDGE ( 'NONE', *, *, #3905, .T. ) ;
#7402 = EDGE_CURVE ( 'NONE', #8098, #2319, #9401, .T. ) ;
#7403 = CARTESIAN_POINT ( 'NONE',  ( -58.10521046563358993, 56.16173140978204259, -4.049999999999789324 ) ) ;
#7404 = CARTESIAN_POINT ( 'NONE',  ( -61.40000000000003411, 65.00000000000000000, 1.781881413105673717 ) ) ;
#7405 = CIRCLE ( 'NONE', #7086, 10.00000000000000178 ) ;
#7406 = CYLINDRICAL_SURFACE ( 'NONE', #8863, 4.099999999999999645 ) ;
#7407 = DIRECTION ( 'NONE',  ( 0.000000000000000000, 0.5000000000000018874, -0.8660254037844375974 ) ) ;
#7408 = CARTESIAN_POINT ( 'NONE',  ( -18.89587269351088139, 65.00000000000000000, -51.65216350890474217 ) ) ;
#7409 = CARTESIAN_POINT ( 'NONE',  ( 62.25874094872671805, 58.49999999999999289, -50.23792566855581043 ) ) ;
#7410 = CARTESIAN_POINT ( 'NONE',  ( 1.912140660617460464, 49.93913572686508218, -60.77777777777782120 ) ) ;
#7411 = DIRECTION ( 'NONE',  ( 0.000000000000000000, 1.000000000000000000, -0.000000000000000000 ) ) ;
#7412 = VERTEX_POINT ( 'NONE', #1835 ) ;
#7413 = ORIENTED_EDGE ( 'NONE', *, *, #5245, .T. ) ;
#7414 = CARTESIAN_POINT ( 'NONE',  ( 4.491478160589944757, 51.27817587302388347, -79.87415605225189097 ) ) ;
#7415 = ORIENTED_EDGE ( 'NONE', *, *, #6868, .F. ) ;
#7416 = CARTESIAN_POINT ( 'NONE',  ( 0.000000000000000000, 45.00000000000000711, 0.000000000000000000 ) ) ;
#7417 = VERTEX_POINT ( 'NONE', #2622 ) ;
#7418 = CARTESIAN_POINT ( 'NONE',  ( 62.18941886312106249, 57.11054155446322511, 50.32374378385709690 ) ) ;
#7419 = ADVANCED_FACE ( 'NONE', ( #7149 ), #7878, .F. ) ;
#7420 = EDGE_CURVE ( 'NONE', #5752, #4450, #4777, .T. ) ;
#7421 = CARTESIAN_POINT ( 'NONE',  ( -62.66184775006298935, 48.97540735383346089, 6.975798963749003434 ) ) ;
#7422 = CARTESIAN_POINT ( 'NONE',  ( -79.66062165242556148, 54.24265682735146754, -7.362257919739157330 ) ) ;
#7423 = DIRECTION ( 'NONE',  ( 0.7071067811865474617, -1.692413147294448731E-15, -0.7071067811865474617 ) ) ;
#7424 = CARTESIAN_POINT ( 'NONE',  ( 42.67389424460797187, 52.90000000000000568, -48.40145917221933303 ) ) ;
#7425 = EDGE_CURVE ( 'NONE', #8258, #3511, #8073, .T. ) ;
#7426 = VERTEX_POINT ( 'NONE', #6313 ) ;
#7427 = ORIENTED_EDGE ( 'NONE', *, *, #3491, .F. ) ;
#7428 = CARTESIAN_POINT ( 'NONE',  ( -27.74454884646939945, 0.000000000000000000, -66.98126610706812301 ) ) ;
#7429 = ORIENTED_EDGE ( 'NONE', *, *, #6599, .F. ) ;
#7430 = ORIENTED_EDGE ( 'NONE', *, *, #2767, .T. ) ;
#7431 = EDGE_CURVE ( 'NONE', #4446, #7426, #3369, .T. ) ;
#7432 = DIRECTION ( 'NONE',  ( -0.7071067811865401342, 0.000000000000000000, 0.7071067811865549002 ) ) ;
#7433 = CARTESIAN_POINT ( 'NONE',  ( 27.74454884646939945, -35.59999999999999432, 66.98126610706812301 ) ) ;
#7434 = DIRECTION ( 'NONE',  ( 0.000000000000000000, 1.000000000000000000, 0.000000000000000000 ) ) ;
#7435 = LINE ( 'NONE', #8358, #3747 ) ;
#7436 = VERTEX_POINT ( 'NONE', #2567 ) ;
#7437 = CARTESIAN_POINT ( 'NONE',  ( -64.40000000000004832, 63.17653718043602140, 2.200586528512667334E-13 ) ) ;
#7438 = CARTESIAN_POINT ( 'NONE',  ( -5.813499158005827283, 50.52795602816083687, 57.40000000000004121 ) ) ;
#7439 = CARTESIAN_POINT ( 'NONE',  ( -5.477225575052044881, 65.00000000000000000, -74.49999999999997158 ) ) ;
#7440 = CARTESIAN_POINT ( 'NONE',  ( 5.672430509434288837, 49.95417342428412866, -60.46525566738633017 ) ) ;
#7442 = CARTESIAN_POINT ( 'NONE',  ( -25.00000000000000000, 65.00000000000000000, 0.000000000000000000 ) ) ;
#7441 = CARTESIAN_POINT ( 'NONE',  ( -37.33767670841367448, 58.49999999999995737, -37.33767670841366026 ) ) ;
#7443 = ORIENTED_EDGE ( 'NONE', *, *, #2142, .T. ) ;
#7444 = ORIENTED_EDGE ( 'NONE', *, *, #5858, .T. ) ;
#7445 = DIRECTION ( 'NONE',  ( -0.8660254037844375974, 0.5000000000000018874, 1.203866961868353444E-14 ) ) ;
#7446 = CYLINDRICAL_SURFACE ( 'NONE', #3234, 8.499999999999998224 ) ;
#7447 = CIRCLE ( 'NONE', #4299, 4.099999999999999645 ) ;
#7448 = CARTESIAN_POINT ( 'NONE',  ( -48.43681451127805104, 58.49999999999995737, 42.63853890554933201 ) ) ;
#7449 = AXIS2_PLACEMENT_3D ( 'NONE', #4588, #8373, #6859 ) ;
#7450 = CARTESIAN_POINT ( 'NONE',  ( -64.40000000000004832, 53.82346281956404255, 2.344465629617909551E-13 ) ) ;
#7451 = CARTESIAN_POINT ( 'NONE',  ( -63.76239282687340193, 47.47313623487131906, -8.706965749412814759 ) ) ;
#7452 = CARTESIAN_POINT ( 'NONE',  ( 45.02950970490493177, 1.500000000000001332, 26.38856624071847534 ) ) ;
#7453 = CARTESIAN_POINT ( 'NONE',  ( -4.104172224394850781E-13, 53.82346281956404255, -57.40000000000004832 ) ) ;
#7454 = CIRCLE ( 'NONE', #2422, 9.999999999999998224 ) ;
#7455 = VECTOR ( 'NONE', #3992, 1000.000000000000000 ) ;
#7456 = FACE_OUTER_BOUND ( 'NONE', #8965, .T. ) ;
#7457 = EDGE_LOOP ( 'NONE', ( #1211, #4723, #4089 ) ) ;
#7458 = EDGE_LOOP ( 'NONE', ( #5209, #4391, #9584, #7474 ) ) ;
#7459 = DIRECTION ( 'NONE',  ( 0.7071067811865475727, 0.000000000000000000, 0.7071067811865475727 ) ) ;
#7460 = VERTEX_POINT ( 'NONE', #5572 ) ;
#7461 = B_SPLINE_CURVE_WITH_KNOTS ( 'NONE', 3,
 ( #8981, #6720, #8930, #771 ),
 .UNSPECIFIED., .F., .F.,
 ( 4, 4 ),
 ( 7.152448122690996019E-18, 0.0003116544788811708507 ),
 .UNSPECIFIED. ) ;
#7462 = CARTESIAN_POINT ( 'NONE',  ( 50.34262823264422337, 60.03425994445057512, -62.17414521674979255 ) ) ;
#7463 = EDGE_LOOP ( 'NONE', ( #9583, #7091, #7821, #2735, #1355, #5626, #8346, #7525, #6057, #1849 ) ) ;
#7464 = FACE_OUTER_BOUND ( 'NONE', #5528, .T. ) ;
#7465 = VECTOR ( 'NONE', #5168, 1000.000000000000000 ) ;
#7466 = AXIS2_PLACEMENT_3D ( 'NONE', #5342, #279, #2535 ) ;
#7467 = AXIS2_PLACEMENT_3D ( 'NONE', #9199, #7046, #7780 ) ;
#7468 = CARTESIAN_POINT ( 'NONE',  ( -61.31953268488734921, 49.73598396249644793, 6.004246822605935563 ) ) ;
#7469 = CARTESIAN_POINT ( 'NONE',  ( -79.55310866480093068, 57.38538913421564303, 8.444804025336781095 ) ) ;
#7470 = CARTESIAN_POINT ( 'NONE',  ( 51.65216350890474217, 30.90000000000000213, -18.89587269351087429 ) ) ;
#7471 = FACE_BOUND ( 'NONE', #7316, .T. ) ;
#7472 = VERTEX_POINT ( 'NONE', #9252 ) ;
#7473 = VECTOR ( 'NONE', #5338, 1000.000000000000000 ) ;
#7474 = ORIENTED_EDGE ( 'NONE', *, *, #6076, .F. ) ;
#7475 = CARTESIAN_POINT ( 'NONE',  ( -3.470779219583164175E-13, 58.49999999999999289, -64.40000000000000568 ) ) ;
#7476 = VERTEX_POINT ( 'NONE', #460 ) ;
#7477 = ORIENTED_EDGE ( 'NONE', *, *, #264, .T. ) ;
#7478 = EDGE_CURVE ( 'NONE', #587, #2090, #8698, .T. ) ;
#7479 = AXIS2_PLACEMENT_3D ( 'NONE', #3189, #970, #3140 ) ;
#7480 = CARTESIAN_POINT ( 'NONE',  ( -27.74454884646939945, -35.59999999999999432, -64.83126610706813153 ) ) ;
#7481 = CIRCLE ( 'NONE', #4327, 2.149999999999999023 ) ;
#7482 = DIRECTION ( 'NONE',  ( 0.000000000000000000, 0.000000000000000000, 1.000000000000000000 ) ) ;
#7483 = CARTESIAN_POINT ( 'NONE',  ( 9.090007576262848494E-13, 53.82346281956404255, 64.40000000000004832 ) ) ;
#7484 = EDGE_CURVE ( 'NONE', #2770, #6024, #5562, .T. ) ;
#7485 = CARTESIAN_POINT ( 'NONE',  ( 57.40000000000001990, 53.84175531955750671, -5.873478366179656796 ) ) ;
#7486 = ORIENTED_EDGE ( 'NONE', *, *, #7957, .F. ) ;
#7487 = CIRCLE ( 'NONE', #7010, 10.00000000000000178 ) ;
#7488 = CARTESIAN_POINT ( 'NONE',  ( 48.40145917221918381, 52.90000000000000568, 42.67389424460813530 ) ) ;
#7489 = EDGE_CURVE ( 'NONE', #7436, #9500, #7756, .T. ) ;
#7490 = DIRECTION ( 'NONE',  ( 0.000000000000000000, 0.000000000000000000, 1.000000000000000000 ) ) ;
#7491 = PLANE ( 'NONE',  #4090 ) ;
#7492 = EDGE_CURVE ( 'NONE', #3194, #6327, #5623, .T. ) ;
#7493 = AXIS2_PLACEMENT_3D ( 'NONE', #4155, #7163, #518 ) ;
#7495 = FACE_OUTER_BOUND ( 'NONE', #4131, .T. ) ;
#7494 = DIRECTION ( 'NONE',  ( 0.000000000000000000, 0.000000000000000000, 1.000000000000000000 ) ) ;
#7496 = EDGE_LOOP ( 'NONE', ( #1501, #7666, #2015, #8458 ) ) ;
#7497 = VERTEX_POINT ( 'NONE', #3367 ) ;
#7498 = EDGE_CURVE ( 'NONE', #509, #1126, #6184, .T. ) ;
#7499 = DIRECTION ( 'NONE',  ( 0.7071067811865450192, -0.000000000000000000, -0.7071067811865501263 ) ) ;
#7500 = CARTESIAN_POINT ( 'NONE',  ( -51.65216350890474217, 1.500000000000001332, 18.89587269351088139 ) ) ;
#7501 = CARTESIAN_POINT ( 'NONE',  ( 64.40000000000004832, 9.672827050956818619E-28, -2.211280286727785861E-13 ) ) ;
#7502 = CARTESIAN_POINT ( 'NONE',  ( -63.92857821738379442, 46.99757316906590887, -9.232518122801417704 ) ) ;
#7503 = CARTESIAN_POINT ( 'NONE',  ( 50.90773910711655503, 54.73356094549178152, -61.71262245511024958 ) ) ;
#7504 = CARTESIAN_POINT ( 'NONE',  ( -60.30878758429725650, 65.00000000000000000, -52.56282089188243134 ) ) ;
#7505 = CARTESIAN_POINT ( 'NONE',  ( -61.57980645590411939, 62.63505595538025261, 51.06812598567369577 ) ) ;
#7506 = EDGE_LOOP ( 'NONE', ( #4959, #7338, #6167, #8771, #4535, #7003 ) ) ;
#7507 = ORIENTED_EDGE ( 'NONE', *, *, #4552, .T. ) ;
#7508 = CIRCLE ( 'NONE', #5934, 4.099999999999999645 ) ;
#7509 = LINE ( 'NONE', #9114, #7548 ) ;
#7510 = DIRECTION ( 'NONE',  ( 0.000000000000000000, 1.000000000000000000, -0.000000000000000000 ) ) ;
#7511 = CARTESIAN_POINT ( 'NONE',  ( 28.37734619600019670, 65.00000000000000000, -11.67002566352186577 ) ) ;
#7512 = ADVANCED_FACE ( 'NONE', ( #3416 ), #8665, .T. ) ;
#7513 = CARTESIAN_POINT ( 'NONE',  ( 58.10678290646661281, 50.27196699943888802, 54.98998025784333521 ) ) ;
#7514 = FACE_OUTER_BOUND ( 'NONE', #8254, .T. ) ;
#7515 = VECTOR ( 'NONE', #2114, 1000.000000000000114 ) ;
#7516 = DIRECTION ( 'NONE',  ( -3.426614273534433601E-15, 0.000000000000000000, -1.000000000000000000 ) ) ;
#7517 = CARTESIAN_POINT ( 'NONE',  ( -79.74406809189494538, 52.88547448879044310, -6.406401585999747184 ) ) ;
#7518 = LINE ( 'NONE', #7718, #8772 ) ;
#7519 = DIRECTION ( 'NONE',  ( 2.967535009851168580E-15, -0.5000000000000009992, 0.8660254037844380415 ) ) ;
#7520 = EDGE_LOOP ( 'NONE', ( #9302, #7946, #8043, #5490, #4255, #5529, #8109, #1079 ) ) ;
#7521 = EDGE_CURVE ( 'NONE', #6731, #8160, #5673, .T. ) ;
#7522 = VERTEX_POINT ( 'NONE', #1885 ) ;
#7523 = EDGE_LOOP ( 'NONE', ( #3430, #2993, #3268 ) ) ;
#7524 = DIRECTION ( 'NONE',  ( 3.426614273534433601E-15, 0.000000000000000000, 1.000000000000000000 ) ) ;
#7525 = ORIENTED_EDGE ( 'NONE', *, *, #412, .F. ) ;
#7526 = ORIENTED_EDGE ( 'NONE', *, *, #894, .F. ) ;
#7527 = VECTOR ( 'NONE', #2084, 1000.000000000000000 ) ;
#7528 = CARTESIAN_POINT ( 'NONE',  ( 74.50000000000002842, 58.49999999999999289, 8.499999999999863221 ) ) ;
#7529 = DIRECTION ( 'NONE',  ( -0.000000000000000000, -1.000000000000000000, -0.000000000000000000 ) ) ;
#7530 = CARTESIAN_POINT ( 'NONE',  ( -51.71217635573510307, 53.82346281956404255, 51.71217635573618310 ) ) ;
#7531 = LINE ( 'NONE', #3795, #1017 ) ;
#7532 =( BOUNDED_CURVE ( )  B_SPLINE_CURVE ( 3, ( #1176, #2553, #4178, #4034 ),
 .UNSPECIFIED., .F., .F. ) 
 B_SPLINE_CURVE_WITH_KNOTS ( ( 4, 4 ),
 ( 1.570796326794882347, 2.173691564990397840 ),
 .UNSPECIFIED. ) 
 CURVE ( )  GEOMETRIC_REPRESENTATION_ITEM ( )  RATIONAL_B_SPLINE_CURVE ( ( 1.000000000000000000, 0.9699384583854567810, 0.9699384583854567810, 1.000000000000000000 ) ) 
 REPRESENTATION_ITEM ( '' )  );
#7533 = AXIS2_PLACEMENT_3D ( 'NONE', #2055, #4414, #1268 ) ;
#7534 = CARTESIAN_POINT ( 'NONE',  ( 60.73680226483074307, 49.93176139478021014, -3.876709856209571203 ) ) ;
#7535 = ORIENTED_EDGE ( 'NONE', *, *, #7402, .T. ) ;
#7536 = ORIENTED_EDGE ( 'NONE', *, *, #8966, .F. ) ;
#7537 = LINE ( 'NONE', #2174, #1019 ) ;
#7538 = CARTESIAN_POINT ( 'NONE',  ( 47.36048033459420736, 55.31177574804323882, -43.71487308223311885 ) ) ;
#7539 = DIRECTION ( 'NONE',  ( 0.000000000000000000, 1.000000000000000000, -0.000000000000000000 ) ) ;
#7540 = ADVANCED_FACE ( 'NONE', ( #1139 ), #6411, .F. ) ;
#7541 = CARTESIAN_POINT ( 'NONE',  ( -4.050000000000407496, 56.16173140978203548, -57.40000000000001990 ) ) ;
#7542 = EDGE_CURVE ( 'NONE', #4332, #2770, #849, .T. ) ;
#7543 = DIRECTION ( 'NONE',  ( -0.000000000000000000, -1.000000000000000000, -0.000000000000000000 ) ) ;
#7544 = EDGE_LOOP ( 'NONE', ( #781, #5333, #5699, #6636, #3850 ) ) ;
#7545 = EDGE_CURVE ( 'NONE', #3511, #8335, #5867, .T. ) ;
#7546 = ORIENTED_EDGE ( 'NONE', *, *, #1307, .T. ) ;
#7547 = DIRECTION ( 'NONE',  ( 1.000000000000000000, 0.000000000000000000, -6.918095612377566956E-15 ) ) ;
#7548 = VECTOR ( 'NONE', #79, 1000.000000000000000 ) ;
#7549 = CARTESIAN_POINT ( 'NONE',  ( 64.40000000000003411, 60.83826859021802136, -4.050000000000231637 ) ) ;
#7550 = VECTOR ( 'NONE', #4038, 1000.000000000000000 ) ;
#7551 = FACE_OUTER_BOUND ( 'NONE', #5773, .T. ) ;
#7552 = LINE ( 'NONE', #4541, #1521 ) ;
#7553 = CARTESIAN_POINT ( 'NONE',  ( 6.084853803023640317, 49.67789225487040028, 61.47319857597744175 ) ) ;
#7554 = AXIS2_PLACEMENT_3D ( 'NONE', #3587, #8161, #8205 ) ;
#7555 = CARTESIAN_POINT ( 'NONE',  ( -60.36806642904151232, 49.98058182672757255, 5.646478818415675782 ) ) ;
#7556 = EDGE_CURVE ( 'NONE', #8783, #2698, #8964, .T. ) ;
#7557 = ORIENTED_EDGE ( 'NONE', *, *, #1458, .F. ) ;
#7558 = AXIS2_PLACEMENT_3D ( 'NONE', #7040, #3305, #9193 ) ;
#7559 = VERTEX_POINT ( 'NONE', #5026 ) ;
#7560 = DIRECTION ( 'NONE',  ( 0.8660254037844379305, 0.5000000000000011102, 0.000000000000000000 ) ) ;
#7561 = DIRECTION ( 'NONE',  ( 1.000000000000000000, 0.000000000000000000, -6.918095612377566956E-15 ) ) ;
#7562 = CARTESIAN_POINT ( 'NONE',  ( -45.53767670841367021, 58.49999999999995737, -45.53767670841365600 ) ) ;
#7563 = CARTESIAN_POINT ( 'NONE',  ( 62.25874094872690989, 58.22286873509820282, 50.23792566855559727 ) ) ;
#7564 = CARTESIAN_POINT ( 'NONE',  ( 4.049999999999542410, 56.16173140978204259, -64.40000000000007674 ) ) ;
#7565 = CARTESIAN_POINT ( 'NONE',  ( -6.655330888320991178, 1.500000000000001332, 7.529663527230861853 ) ) ;
#7566 = CARTESIAN_POINT ( 'NONE',  ( -79.71448245988814563, 53.31721228575431581, 6.759969856685792422 ) ) ;
#7567 = FACE_OUTER_BOUND ( 'NONE', #6042, .T. ) ;
#7568 = CARTESIAN_POINT ( 'NONE',  ( 74.50000000000001421, 58.49999999999999289, -1.359468093653504184E-13 ) ) ;
#7569 = VERTEX_POINT ( 'NONE', #5074 ) ;
#7570 = VERTEX_POINT ( 'NONE', #2031 ) ;
#7571 = VERTEX_POINT ( 'NONE', #5178 ) ;
#7572 = DIRECTION ( 'NONE',  ( 1.000000000000000000, 0.000000000000000000, 0.000000000000000000 ) ) ;
#7573 = ORIENTED_EDGE ( 'NONE', *, *, #5163, .F. ) ;
#7574 = ORIENTED_EDGE ( 'NONE', *, *, #764, .F. ) ;
#7575 = EDGE_CURVE ( 'NONE', #7582, #4098, #2075, .T. ) ;
#7576 = DIRECTION ( 'NONE',  ( 1.000000000000000000, -0.000000000000000000, -1.776356839400250465E-15 ) ) ;
#7577 = CARTESIAN_POINT ( 'NONE',  ( -4.449100510727646982E-13, 63.17653718043602140, -64.40000000000004832 ) ) ;
#7578 = DIRECTION ( 'NONE',  ( 0.000000000000000000, 0.5000000000000008882, 0.8660254037844381525 ) ) ;
#7579 = CARTESIAN_POINT ( 'NONE',  ( -60.36806642904151232, 65.00000000000000000, 5.646478818415675782 ) ) ;
#7580 = FACE_OUTER_BOUND ( 'NONE', #2434, .T. ) ;
#7581 = ORIENTED_EDGE ( 'NONE', *, *, #5343, .F. ) ;
#7582 = VERTEX_POINT ( 'NONE', #3510 ) ;
#7583 = DIRECTION ( 'NONE',  ( -0.7071067811865474617, 0.000000000000000000, 0.7071067811865474617 ) ) ;
#7584 = DIRECTION ( 'NONE',  ( -1.000000000000000000, 0.000000000000000000, 1.390105829006383446E-14 ) ) ;
#7585 = DIRECTION ( 'NONE',  ( 0.3535533905932704002, -0.8660254037844414832, -0.3535533905932704002 ) ) ;
#7586 =( BOUNDED_CURVE ( )  B_SPLINE_CURVE ( 3, ( #206, #3211, #9151, #4774 ),
 .UNSPECIFIED., .F., .F. ) 
 B_SPLINE_CURVE_WITH_KNOTS ( ( 4, 4 ),
 ( 4.109493742189506804, 4.712388980384688786 ),
 .UNSPECIFIED. ) 
 CURVE ( )  GEOMETRIC_REPRESENTATION_ITEM ( )  RATIONAL_B_SPLINE_CURVE ( ( 1.000000000000000000, 0.9699384583854897546, 0.9699384583854897546, 1.000000000000000000 ) ) 
 REPRESENTATION_ITEM ( '' )  );
#7587 = LINE ( 'NONE', #62, #7626 ) ;
#7588 = ORIENTED_EDGE ( 'NONE', *, *, #4421, .F. ) ;
#7589 = ORIENTED_EDGE ( 'NONE', *, *, #1617, .T. ) ;
#7590 = CARTESIAN_POINT ( 'NONE',  ( -57.40000000000010516, 65.00000000000000000, -5.477225575050124640 ) ) ;
#7591 = ADVANCED_FACE ( 'NONE', ( #2769 ), #608, .F. ) ;
#7592 = DIRECTION ( 'NONE',  ( 0.000000000000000000, 0.000000000000000000, 1.000000000000000000 ) ) ;
#7593 = CARTESIAN_POINT ( 'NONE',  ( -42.67389424460814951, 52.90000000000000568, -48.40145917221916960 ) ) ;
#7594 = CARTESIAN_POINT ( 'NONE',  ( -39.13836033867541175, 52.90000000000000568, -44.86592526628643185 ) ) ;
#7595 = CARTESIAN_POINT ( 'NONE',  ( 1.781881413105030232, 54.85223253308375746, 57.40000000000003411 ) ) ;
#7596 = CARTESIAN_POINT ( 'NONE',  ( -1.781881413105030232, 54.85223253308398483, -57.40000000000004121 ) ) ;
#7597 = VERTEX_POINT ( 'NONE', #3655 ) ;
#7598 = ORIENTED_EDGE ( 'NONE', *, *, #7271, .F. ) ;
#7599 = CIRCLE ( 'NONE', #7449, 4.099999999999999645 ) ;
#7600 = DIRECTION ( 'NONE',  ( 0.7071067811865475727, 0.000000000000000000, 0.7071067811865475727 ) ) ;
#7601 = FACE_OUTER_BOUND ( 'NONE', #4070, .T. ) ;
#7602 = CARTESIAN_POINT ( 'NONE',  ( -57.40000000000006253, 53.88680772472712022, -1.680329652344337177 ) ) ;
#7603 = LINE ( 'NONE', #3325, #4948 ) ;
#7604 = FACE_OUTER_BOUND ( 'NONE', #3167, .T. ) ;
#7605 = VECTOR ( 'NONE', #6706, 1000.000000000000000 ) ;
#7606 = VECTOR ( 'NONE', #8324, 999.9999999999998863 ) ;
#7607 = CARTESIAN_POINT ( 'NONE',  ( -4.374014855582712080, 51.27225204461140606, -58.34547188391911021 ) ) ;
#7608 = CARTESIAN_POINT ( 'NONE',  ( -72.03327283503138290, 64.00000071709243343, -29.92011830026050845 ) ) ;
#7609 = EDGE_CURVE ( 'NONE', #7875, #9534, #3559, .T. ) ;
#7610 = DIRECTION ( 'NONE',  ( -0.000000000000000000, 1.000000000000000000, -0.000000000000000000 ) ) ;
#7611 = ORIENTED_EDGE ( 'NONE', *, *, #3572, .F. ) ;
#7612 = ORIENTED_EDGE ( 'NONE', *, *, #8341, .T. ) ;
#7613 = ORIENTED_EDGE ( 'NONE', *, *, #5473, .F. ) ;
#7614 = EDGE_CURVE ( 'NONE', #1631, #9702, #7447, .T. ) ;
#7615 = CARTESIAN_POINT ( 'NONE',  ( 0.000000000000000000, 65.00000000000000000, 0.000000000000000000 ) ) ;
#7616 = ORIENTED_EDGE ( 'NONE', *, *, #7188, .T. ) ;
#7617 = EDGE_LOOP ( 'NONE', ( #6779, #2446, #637, #7350, #8022 ) ) ;
#7618 = VECTOR ( 'NONE', #9233, 1000.000000000000000 ) ;
#7619 = AXIS2_PLACEMENT_3D ( 'NONE', #6881, #152, #9182 ) ;
#7620 = EDGE_CURVE ( 'NONE', #1487, #5908, #2131, .T. ) ;
#7621 = CIRCLE ( 'NONE', #5099, 80.00000000000000000 ) ;
#7622 = CARTESIAN_POINT ( 'NONE',  ( -25.00000000000000000, 65.00000000000000000, -4.177332116314162569 ) ) ;
#7623 = PLANE ( 'NONE',  #7479 ) ;
#7624 = CARTESIAN_POINT ( 'NONE',  ( -61.40000000000006963, 65.00000000000000000, -1.781881413102460954 ) ) ;
#7625 = CARTESIAN_POINT ( 'NONE',  ( 2.598160995412182483, 61.67648823033658090, -57.40000000000004832 ) ) ;
#7626 = VECTOR ( 'NONE', #3801, 1000.000000000000000 ) ;
#7627 = VECTOR ( 'NONE', #1775, 1000.000000000000000 ) ;
#7628 = DIRECTION ( 'NONE',  ( 1.015447888376667621E-14, 0.000000000000000000, 1.000000000000000000 ) ) ;
#7629 = ORIENTED_EDGE ( 'NONE', *, *, #9145, .F. ) ;
#7630 = ORIENTED_EDGE ( 'NONE', *, *, #8202, .T. ) ;
#7631 = FACE_OUTER_BOUND ( 'NONE', #9595, .T. ) ;
#7632 = CARTESIAN_POINT ( 'NONE',  ( -64.40000000000003411, 56.16173140978203548, 4.050000000000231637 ) ) ;
#7633 = CIRCLE ( 'NONE', #4635, 65.00000000000000000 ) ;
#7634 = EDGE_CURVE ( 'NONE', #7476, #4869, #2063, .T. ) ;
#7635 = AXIS2_PLACEMENT_3D ( 'NONE', #4931, #6367, #4832 ) ;
#7636 = LINE ( 'NONE', #7541, #1732 ) ;
#7637 = ORIENTED_EDGE ( 'NONE', *, *, #5433, .T. ) ;
#7638 = CIRCLE ( 'NONE', #2762, 4.099999999999993427 ) ;
#7639 = EDGE_CURVE ( 'NONE', #9459, #9730, #5817, .T. ) ;
#7640 = ORIENTED_EDGE ( 'NONE', *, *, #9698, .T. ) ;
#7641 = DIRECTION ( 'NONE',  ( -1.000000000000000000, 0.000000000000000000, 1.060108790874713746E-14 ) ) ;
#7642 = LINE ( 'NONE', #1784, #7455 ) ;
#7643 = VECTOR ( 'NONE', #8533, 1000.000000000000000 ) ;
#7644 = EDGE_CURVE ( 'NONE', #5651, #5242, #1338, .T. ) ;
#7645 = CARTESIAN_POINT ( 'NONE',  ( -27.74454884646939945, 65.00000000000000000, -63.38126610706812158 ) ) ;
#7646 = FACE_BOUND ( 'NONE', #78, .T. ) ;
#7647 = CARTESIAN_POINT ( 'NONE',  ( -61.91532537797236557, 55.50099659043262079, -50.66067491550195712 ) ) ;
#7648 = ORIENTED_EDGE ( 'NONE', *, *, #981, .F. ) ;
#7649 = ORIENTED_EDGE ( 'NONE', *, *, #787, .T. ) ;
#7650 = CARTESIAN_POINT ( 'NONE',  ( 18.89587269351086718, 1.500000000000001332, -51.65216350890474217 ) ) ;
#7651 = CYLINDRICAL_SURFACE ( 'NONE', #2282, 10.00000000000000178 ) ;
#7652 = CARTESIAN_POINT ( 'NONE',  ( -57.40000000000005542, 53.89029207088822204, -0.5697331047735431087 ) ) ;
#7653 = CARTESIAN_POINT ( 'NONE',  ( 8.112471129879635074E-13, 53.82346281956404255, 57.40056085429986155 ) ) ;
#7654 = LINE ( 'NONE', #9076, #8325 ) ;
#7655 = ADVANCED_FACE ( 'NONE', ( #8129 ), #2814, .F. ) ;
#7656 = DIRECTION ( 'NONE',  ( -0.000000000000000000, -1.000000000000000000, -0.000000000000000000 ) ) ;
#7657 = DIRECTION ( 'NONE',  ( 1.000000000000000000, 0.000000000000000000, 0.000000000000000000 ) ) ;
#7658 = CARTESIAN_POINT ( 'NONE',  ( 11.35032770630495058, 45.00000000000000711, -64.00132858745578801 ) ) ;
#7659 = EDGE_CURVE ( 'NONE', #3099, #5161, #695, .T. ) ;
#7660 = EDGE_CURVE ( 'NONE', #1117, #8634, #6969, .T. ) ;
#7661 = VECTOR ( 'NONE', #859, 1000.000000000000114 ) ;
#7662 = ORIENTED_EDGE ( 'NONE', *, *, #1306, .F. ) ;
#7663 = ORIENTED_EDGE ( 'NONE', *, *, #7271, .T. ) ;
#7664 = ORIENTED_EDGE ( 'NONE', *, *, #3905, .F. ) ;
#7665 = LINE ( 'NONE', #9728, #8013 ) ;
#7666 = ORIENTED_EDGE ( 'NONE', *, *, #1, .F. ) ;
#7667 = VERTEX_POINT ( 'NONE', #4389 ) ;
#7668 = AXIS2_PLACEMENT_3D ( 'NONE', #4524, #3835, #6842 ) ;
#7669 = CARTESIAN_POINT ( 'NONE',  ( 64.40000000000006253, 60.83826859021803557, 4.049999999999768008 ) ) ;
#7670 = DIRECTION ( 'NONE',  ( -3.384826294588892334E-15, 0.000000000000000000, -1.000000000000000000 ) ) ;
#7671 = CARTESIAN_POINT ( 'NONE',  ( 48.40145917221918381, 52.90000000000000568, 42.67389424460813530 ) ) ;
#7672 = CARTESIAN_POINT ( 'NONE',  ( -4.050000000000456346, 56.16173140978203548, -64.40000000000001990 ) ) ;
#7673 = DIRECTION ( 'NONE',  ( 0.5000000000000018874, -0.8660254037844375974, -3.491481338843147160E-15 ) ) ;
#7674 = EDGE_CURVE ( 'NONE', #5267, #2623, #7399, .T. ) ;
#7675 = CARTESIAN_POINT ( 'NONE',  ( 3.759035969129496113, 50.87130423878886631, 79.91201401114675207 ) ) ;
#7676 = AXIS2_PLACEMENT_3D ( 'NONE', #8250, #1510, #4511 ) ;
#7677 = ORIENTED_EDGE ( 'NONE', *, *, #6030, .T. ) ;
#7678 = VERTEX_POINT ( 'NONE', #557 ) ;
#7679 = CARTESIAN_POINT ( 'NONE',  ( -27.74454884646939945, 14.70000000000000462, -70.58126610706813153 ) ) ;
#7680 = FACE_OUTER_BOUND ( 'NONE', #8994, .T. ) ;
#7681 = LINE ( 'NONE', #2412, #5355 ) ;
#7682 = LINE ( 'NONE', #6989, #3544 ) ;
#7683 = AXIS2_PLACEMENT_3D ( 'NONE', #3513, #6509, #2034 ) ;
#7684 = VERTEX_POINT ( 'NONE', #3608 ) ;
#7685 = VERTEX_POINT ( 'NONE', #657 ) ;
#7686 = CARTESIAN_POINT ( 'NONE',  ( -66.98126610706783879, 65.00000000000000000, 27.74454884647009933 ) ) ;
#7687 = DIRECTION ( 'NONE',  ( 1.421085471520200372E-14, 0.000000000000000000, -1.000000000000000000 ) ) ;
#7688 = ADVANCED_FACE ( 'NONE', ( #6603 ), #4486, .F. ) ;
#7689 = ADVANCED_FACE ( 'NONE', ( #1485, #7495 ), #8221, .T. ) ;
#7690 = CARTESIAN_POINT ( 'NONE',  ( 58.10521046563194147, 60.83826859021802136, -4.050000000000209432 ) ) ;
#7691 = CARTESIAN_POINT ( 'NONE',  ( -60.46525566738639412, 49.95417342428412866, -5.672430509433654677 ) ) ;
#7692 = ORIENTED_EDGE ( 'NONE', *, *, #4046, .T. ) ;
#7693 = EDGE_CURVE ( 'NONE', #8473, #7472, #4749, .T. ) ;
#7694 = CARTESIAN_POINT ( 'NONE',  ( -60.91413878909367696, 52.88016779147036317, -51.86156714703626136 ) ) ;
#7695 = ORIENTED_EDGE ( 'NONE', *, *, #7830, .F. ) ;
#7696 = ORIENTED_EDGE ( 'NONE', *, *, #5148, .T. ) ;
#7697 = CARTESIAN_POINT ( 'NONE',  ( 4.205739380005673489, 51.44261332511673857, 58.21106197568839491 ) ) ;
#7698 = CARTESIAN_POINT ( 'NONE',  ( -59.07814946534392675, 65.00000000000000000, -10.47722557505010599 ) ) ;
#7699 = AXIS2_PLACEMENT_3D ( 'NONE', #5366, #9506, #2225 ) ;
#7700 = DIRECTION ( 'NONE',  ( -0.000000000000000000, -1.000000000000000000, -0.000000000000000000 ) ) ;
#7701 = CARTESIAN_POINT ( 'NONE',  ( 10.47722557505256269, 65.00000000000000000, 59.07814946534348621 ) ) ;
#7702 = CIRCLE ( 'NONE', #6754, 4.099999999999999645 ) ;
#7703 = DIRECTION ( 'NONE',  ( 0.7492693547207615046, 0.000000000000000000, 0.6622653803999826172 ) ) ;
#7704 = LINE ( 'NONE', #6870, #2281 ) ;
#7705 = CARTESIAN_POINT ( 'NONE',  ( 7.960204194457797252E-15, 0.000000000000000000, 65.00000000000000000 ) ) ;
#7706 = AXIS2_PLACEMENT_3D ( 'NONE', #2545, #8545, #1813 ) ;
#7707 = ORIENTED_EDGE ( 'NONE', *, *, #5105, .F. ) ;
#7708 = ORIENTED_EDGE ( 'NONE', *, *, #4941, .F. ) ;
#7709 = EDGE_LOOP ( 'NONE', ( #5179, #5609, #9086, #8523, #2048, #6982, #7611, #4518 ) ) ;
#7710 = CARTESIAN_POINT ( 'NONE',  ( 8.500000000000982325, 59.12239097622111927, 79.54715582596266188 ) ) ;
#7711 = ORIENTED_EDGE ( 'NONE', *, *, #6511, .F. ) ;
#7712 = VERTEX_POINT ( 'NONE', #6466 ) ;
#7713 = ADVANCED_FACE ( 'NONE', ( #9409 ), #6655, .F. ) ;
#7714 = EDGE_CURVE ( 'NONE', #1222, #4711, #8677, .T. ) ;
#7715 = CARTESIAN_POINT ( 'NONE',  ( -10.47722557504630814, 45.83932656164284936, -64.07814946534348621 ) ) ;
#7716 = FACE_OUTER_BOUND ( 'NONE', #6624, .T. ) ;
#7717 = CARTESIAN_POINT ( 'NONE',  ( -72.85350093972770935, 49.20976469178283708, -33.05739934585205475 ) ) ;
#7718 = CARTESIAN_POINT ( 'NONE',  ( 64.00132858745541853, 65.00000000000000000, -11.35032770630716747 ) ) ;
#7719 = CARTESIAN_POINT ( 'NONE',  ( 79.54715582596273293, 58.49999999999999289, -8.500000000000142109 ) ) ;
#7720 = CARTESIAN_POINT ( 'NONE',  ( 8.053084029286171841, 55.76581035948947118, 79.59368362451789380 ) ) ;
#7721 = ORIENTED_EDGE ( 'NONE', *, *, #6047, .F. ) ;
#7722 = EDGE_LOOP ( 'NONE', ( #5211, #4722 ) ) ;
#7723 = EDGE_LOOP ( 'NONE', ( #8464, #4859, #9603, #2941, #4957, #3448 ) ) ;
#7724 = LINE ( 'NONE', #2409, #3852 ) ;
#7725 = DIRECTION ( 'NONE',  ( -0.000000000000000000, -1.000000000000000000, 0.000000000000000000 ) ) ;
#7726 = DIRECTION ( 'NONE',  ( -1.000000000000000000, 0.000000000000000000, 3.491481338843133750E-15 ) ) ;
#7727 = ORIENTED_EDGE ( 'NONE', *, *, #3457, .T. ) ;
#7728 = ORIENTED_EDGE ( 'NONE', *, *, #648, .T. ) ;
#7729 = FACE_OUTER_BOUND ( 'NONE', #2397, .T. ) ;
#7730 = CARTESIAN_POINT ( 'NONE',  ( 64.40000000000004832, 63.17653718043602140, -2.200586528512667334E-13 ) ) ;
#7731 = DIRECTION ( 'NONE',  ( -0.000000000000000000, 1.000000000000000000, -0.000000000000000000 ) ) ;
#7732 = CARTESIAN_POINT ( 'NONE',  ( 64.40000000000000568, 58.49999999999999289, -1.180056052874078735E-13 ) ) ;
#7733 = CARTESIAN_POINT ( 'NONE',  ( 0.000000000000000000, 65.00000000000000000, 0.000000000000000000 ) ) ;
#7734 = VERTEX_POINT ( 'NONE', #1753 ) ;
#7735 = DIRECTION ( 'NONE',  ( 1.000000000000000000, 0.000000000000000000, -6.918095612377566956E-15 ) ) ;
#7736 = EDGE_CURVE ( 'NONE', #2716, #9083, #9263, .T. ) ;
#7737 = ORIENTED_EDGE ( 'NONE', *, *, #6666, .T. ) ;
#7738 = ORIENTED_EDGE ( 'NONE', *, *, #7736, .F. ) ;
#7739 = CARTESIAN_POINT ( 'NONE',  ( 8.946128475157607287E-13, 63.17653718043602140, 64.40000000000004832 ) ) ;
#7740 = DIRECTION ( 'NONE',  ( -0.000000000000000000, -1.000000000000000000, -0.000000000000000000 ) ) ;
#7741 = DIRECTION ( 'NONE',  ( 0.000000000000000000, 1.000000000000000000, 0.000000000000000000 ) ) ;
#7742 = DIRECTION ( 'NONE',  ( -1.000000000000000000, 0.000000000000000000, 8.826273045769994496E-15 ) ) ;
#7743 = EDGE_CURVE ( 'NONE', #184, #9459, #1935, .T. ) ;
#7744 = CARTESIAN_POINT ( 'NONE',  ( 27.74454884646939945, -35.59999999999999432, 66.98126610706812301 ) ) ;
#7745 = DIRECTION ( 'NONE',  ( 0.000000000000000000, 0.000000000000000000, -1.000000000000000000 ) ) ;
#7746 = ADVANCED_FACE ( 'NONE', ( #7212, #5728 ), #9454, .T. ) ;
#7747 = DIRECTION ( 'NONE',  ( 0.000000000000000000, 1.000000000000000000, -0.000000000000000000 ) ) ;
#7748 = DIRECTION ( 'NONE',  ( -1.000000000000000000, 0.000000000000000000, 1.060108790874713746E-14 ) ) ;
#7749 = CARTESIAN_POINT ( 'NONE',  ( -54.59950084637911516, 50.44831829737203321, 58.47191994552456862 ) ) ;
#7750 = ORIENTED_EDGE ( 'NONE', *, *, #3203, .T. ) ;
#7751 = ORIENTED_EDGE ( 'NONE', *, *, #2077, .T. ) ;
#7752 = ORIENTED_EDGE ( 'NONE', *, *, #6990, .T. ) ;
#7753 = CARTESIAN_POINT ( 'NONE',  ( 25.00000000000000000, 65.00000000000000000, -4.177332116314244281 ) ) ;
#7754 = ORIENTED_EDGE ( 'NONE', *, *, #9055, .T. ) ;
#7755 = ORIENTED_EDGE ( 'NONE', *, *, #4166, .F. ) ;
#7756 = CIRCLE ( 'NONE', #8376, 11.09999999999999964 ) ;
#7757 = CIRCLE ( 'NONE', #3521, 4.099999999999993427 ) ;
#7758 = DIRECTION ( 'NONE',  ( -3.384826294588892334E-15, 0.000000000000000000, -1.000000000000000000 ) ) ;
#7759 = DIRECTION ( 'NONE',  ( -0.7071067811865450192, 0.000000000000000000, 0.7071067811865500152 ) ) ;
#7760 = CARTESIAN_POINT ( 'NONE',  ( 74.50000000000001421, 58.49999999999999289, -1.359468093653504184E-13 ) ) ;
#7761 = CARTESIAN_POINT ( 'NONE',  ( -39.13836033867492858, 65.00000000000000000, 44.86592526628685107 ) ) ;
#7762 = CARTESIAN_POINT ( 'NONE',  ( 79.71448245988823089, 53.31721228575431581, -6.759969856685236422 ) ) ;
#7763 = ORIENTED_EDGE ( 'NONE', *, *, #7575, .F. ) ;
#7764 = DIRECTION ( 'NONE',  ( 0.7071067811865450192, -0.000000000000000000, -0.7071067811865501263 ) ) ;
#7765 = ORIENTED_EDGE ( 'NONE', *, *, #9344, .F. ) ;
#7766 = VECTOR ( 'NONE', #760, 1000.000000000000000 ) ;
#7767 = DIRECTION ( 'NONE',  ( 0.000000000000000000, 0.000000000000000000, -1.000000000000000000 ) ) ;
#7768 = ORIENTED_EDGE ( 'NONE', *, *, #7346, .F. ) ;
#7769 = CARTESIAN_POINT ( 'NONE',  ( -9.699830827299436845E-13, 49.93913572686508218, -60.77777777777780699 ) ) ;
#7770 = VECTOR ( 'NONE', #4795, 1000.000000000000000 ) ;
#7771 = CARTESIAN_POINT ( 'NONE',  ( 4.049999999999592148, 60.83826859021803557, -57.40000000000007674 ) ) ;
#7772 = VECTOR ( 'NONE', #4575, 1000.000000000000000 ) ;
#7773 = ADVANCED_FACE ( 'NONE', ( #3329 ), #6374, .T. ) ;
#7774 = PLANE ( 'NONE',  #9669 ) ;
#7775 = PLANE ( 'NONE',  #4997 ) ;
#7776 = ORIENTED_EDGE ( 'NONE', *, *, #3628, .F. ) ;
#7777 = EDGE_CURVE ( 'NONE', #9680, #707, #4614, .T. ) ;
#7778 = AXIS2_PLACEMENT_3D ( 'NONE', #5136, #7262, #2969 ) ;
#7779 = VECTOR ( 'NONE', #1916, 1000.000000000000114 ) ;
#7780 = DIRECTION ( 'NONE',  ( 0.000000000000000000, 0.000000000000000000, 1.000000000000000000 ) ) ;
#7781 = CARTESIAN_POINT ( 'NONE',  ( -7.204599520841269644, 48.78392107950237744, 62.87045643703557829 ) ) ;
#7782 = EDGE_CURVE ( 'NONE', #6040, #3283, #8587, .T. ) ;
#7783 = VECTOR ( 'NONE', #8849, 1000.000000000000000 ) ;
#7784 = CARTESIAN_POINT ( 'NONE',  ( 0.000000000000000000, 65.00000000000000000, 0.000000000000000000 ) ) ;
#7785 = CARTESIAN_POINT ( 'NONE',  ( 64.40000000000003411, 57.86164273326052410, -4.050000000000231637 ) ) ;
#7786 = EDGE_CURVE ( 'NONE', #3236, #7460, #2414, .T. ) ;
#7787 = CARTESIAN_POINT ( 'NONE',  ( 9.561742101836662400, 46.69547927027799261, -63.99908761051699457 ) ) ;
#7788 = ORIENTED_EDGE ( 'NONE', *, *, #4165, .F. ) ;
#7789 = ORIENTED_EDGE ( 'NONE', *, *, #1942, .T. ) ;
#7790 = CARTESIAN_POINT ( 'NONE',  ( 48.40145917221903460, 56.16173140978202127, -42.67389424460831293 ) ) ;
#7791 = DIRECTION ( 'NONE',  ( 0.000000000000000000, 1.000000000000000000, 0.000000000000000000 ) ) ;
#7792 = CARTESIAN_POINT ( 'NONE',  ( 7.835266332788623167, 61.80957105864695933, -79.61548612311581508 ) ) ;
#7793 = VECTOR ( 'NONE', #7214, 1000.000000000000114 ) ;
#7794 = CARTESIAN_POINT ( 'NONE',  ( -42.63853890554882753, 58.49999999999995737, -48.43681451127849158 ) ) ;
#7795 = DIRECTION ( 'NONE',  ( 0.7071067811865474617, -1.692413147294448731E-15, -0.7071067811865474617 ) ) ;
#7796 = CARTESIAN_POINT ( 'NONE',  ( -4.850776377534835149, 50.78903292842427675, 58.82370011183519409 ) ) ;
#7797 = DIRECTION ( 'NONE',  ( 0.000000000000000000, 0.000000000000000000, 1.000000000000000000 ) ) ;
#7798 = FACE_BOUND ( 'NONE', #3876, .T. ) ;
#7799 = DIRECTION ( 'NONE',  ( 0.7071067811865475727, 0.000000000000000000, 0.7071067811865475727 ) ) ;
#7800 = VECTOR ( 'NONE', #2633, 1000.000000000000000 ) ;
#7801 = VERTEX_POINT ( 'NONE', #1003 ) ;
#7802 = VERTEX_POINT ( 'NONE', #6277 ) ;
#7803 = EDGE_CURVE ( 'NONE', #4847, #2043, #7911, .T. ) ;
#7804 = ORIENTED_EDGE ( 'NONE', *, *, #1662, .F. ) ;
#7805 = DIRECTION ( 'NONE',  ( 0.000000000000000000, 0.000000000000000000, 1.000000000000000000 ) ) ;
#7806 = EDGE_LOOP ( 'NONE', ( #2408, #4210, #3051, #6194, #9301 ) ) ;
#7807 = EDGE_LOOP ( 'NONE', ( #4617, #8636, #2416 ) ) ;
#7808 = FACE_OUTER_BOUND ( 'NONE', #6341, .T. ) ;
#7809 = ADVANCED_FACE ( 'NONE', ( #1845 ), #2263, .F. ) ;
#7810 = CARTESIAN_POINT ( 'NONE',  ( 1.359357947053562156E-15, 37.90000000000000568, 11.09999999999999964 ) ) ;
#7811 = EDGE_CURVE ( 'NONE', #3725, #6113, #8499, .T. ) ;
#7812 = PLANE ( 'NONE',  #6227 ) ;
#7813 = CYLINDRICAL_SURFACE ( 'NONE', #1481, 8.499999999999998224 ) ;
#7814 = CARTESIAN_POINT ( 'NONE',  ( 5.646478818415044287, 49.98058182672757255, 60.36806642904157627 ) ) ;
#7815 = LINE ( 'NONE', #486, #8080 ) ;
#7816 = EDGE_LOOP ( 'NONE', ( #769, #3539, #8807, #5818, #8170 ) ) ;
#7817 = EDGE_CURVE ( 'NONE', #6284, #8500, #9264, .T. ) ;
#7818 = CARTESIAN_POINT ( 'NONE',  ( -11.67002566352183379, 1.500000000000001332, 28.37734619600018604 ) ) ;
#7819 = ORIENTED_EDGE ( 'NONE', *, *, #3980, .F. ) ;
#7820 = CARTESIAN_POINT ( 'NONE',  ( -26.38856624071850732, 30.90000000000000213, -45.02950970490492466 ) ) ;
#7821 = ORIENTED_EDGE ( 'NONE', *, *, #4776, .F. ) ;
#7822 = DIRECTION ( 'NONE',  ( -2.967535009851185540E-15, 0.5000000000000008882, -0.8660254037844381525 ) ) ;
#7823 = DIRECTION ( 'NONE',  ( 0.000000000000000000, 1.000000000000000000, 0.000000000000000000 ) ) ;
#7824 = FACE_OUTER_BOUND ( 'NONE', #1403, .T. ) ;
#7825 = CARTESIAN_POINT ( 'NONE',  ( 11.35032770630694188, 45.00000000000000711, 64.00132858745544695 ) ) ;
#7826 = AXIS2_PLACEMENT_3D ( 'NONE', #7127, #393, #8649 ) ;
#7827 = ORIENTED_EDGE ( 'NONE', *, *, #8189, .T. ) ;
#7828 = EDGE_CURVE ( 'NONE', #116, #4428, #1800, .T. ) ;
#7829 = PLANE ( 'NONE',  #1802 ) ;
#7830 = EDGE_CURVE ( 'NONE', #3697, #5877, #2580, .T. ) ;
#7831 = CARTESIAN_POINT ( 'NONE',  ( -4.459794268942765257E-13, 9.672827050956818619E-28, -64.40000000000004832 ) ) ;
#7832 = CIRCLE ( 'NONE', #3900, 4.099999999999999645 ) ;
#7833 = EDGE_CURVE ( 'NONE', #4869, #6206, #8281, .T. ) ;
#7834 = ADVANCED_FACE ( 'NONE', ( #8310 ), #2359, .F. ) ;
#7835 = ADVANCED_FACE ( 'NONE', ( #1219 ), #8646, .F. ) ;
#7836 = DIRECTION ( 'NONE',  ( -3.384826294588892334E-15, 0.000000000000000000, -1.000000000000000000 ) ) ;
#7837 = ORIENTED_EDGE ( 'NONE', *, *, #148, .F. ) ;
#7838 = ORIENTED_EDGE ( 'NONE', *, *, #1564, .T. ) ;
#7839 = VECTOR ( 'NONE', #7207, 1000.000000000000000 ) ;
#7840 = ORIENTED_EDGE ( 'NONE', *, *, #4018, .F. ) ;
#7841 = DIRECTION ( 'NONE',  ( -0.000000000000000000, -1.000000000000000000, -0.000000000000000000 ) ) ;
#7842 = CARTESIAN_POINT ( 'NONE',  ( 1.878457402019048761, 53.78930731398673259, -57.40000000000004832 ) ) ;
#7843 = CARTESIAN_POINT ( 'NONE',  ( 7.950886209146998951, 61.52159301697930971, -79.60397889627506629 ) ) ;
#7844 = CARTESIAN_POINT ( 'NONE',  ( -50.23792566855561859, 59.11550901516400103, -62.25874094872690279 ) ) ;
#7845 = LINE ( 'NONE', #7211, #3138 ) ;
#7846 = CARTESIAN_POINT ( 'NONE',  ( -7.529663527230836984, 65.00000000000000000, 6.655330888320962757 ) ) ;
#7847 = CARTESIAN_POINT ( 'NONE',  ( -1.781881413105030232, 54.85223253308398483, -57.40000000000004121 ) ) ;
#7848 = DIRECTION ( 'NONE',  ( -1.000000000000000000, 0.000000000000000000, 4.898042755699220774E-15 ) ) ;
#7849 = ORIENTED_EDGE ( 'NONE', *, *, #6334, .F. ) ;
#7850 = ORIENTED_EDGE ( 'NONE', *, *, #1951, .F. ) ;
#7851 = VERTEX_POINT ( 'NONE', #2600 ) ;
#7852 = CARTESIAN_POINT ( 'NONE',  ( -48.43681451127850579, 58.49999999999995737, -42.63853890554881332 ) ) ;
#7853 = ORIENTED_EDGE ( 'NONE', *, *, #4349, .F. ) ;
#7854 = ORIENTED_EDGE ( 'NONE', *, *, #3994, .F. ) ;
#7855 = AXIS2_PLACEMENT_3D ( 'NONE', #3025, #1647, #6026 ) ;
#7856 = AXIS2_PLACEMENT_3D ( 'NONE', #1991, #1202, #5631 ) ;
#7857 = CARTESIAN_POINT ( 'NONE',  ( -0.5547190198502360836, 50.00000000000002842, 79.99999999999998579 ) ) ;
#7858 = DIRECTION ( 'NONE',  ( 0.7071067811865547892, 0.000000000000000000, 0.7071067811865400232 ) ) ;
#7859 = CARTESIAN_POINT ( 'NONE',  ( 45.53767670841349968, 58.49999999999995737, -45.53767670841381943 ) ) ;
#7860 = LINE ( 'NONE', #7761, #2654 ) ;
#7861 = DIRECTION ( 'NONE',  ( -1.000000000000000000, -0.000000000000000000, 6.982962677686267499E-15 ) ) ;
#7862 = ORIENTED_EDGE ( 'NONE', *, *, #178, .T. ) ;
#7863 = CARTESIAN_POINT ( 'NONE',  ( -52.67945519839723545, 58.49999999999999289, 52.67945519839834390 ) ) ;
#7864 = ORIENTED_EDGE ( 'NONE', *, *, #3152, .F. ) ;
#7865 = AXIS2_PLACEMENT_3D ( 'NONE', #5700, #5610, #7767 ) ;
#7866 = CARTESIAN_POINT ( 'NONE',  ( -7.966522056664040008, 61.52690917389853098, -79.60277823120303253 ) ) ;
#7867 = EDGE_CURVE ( 'NONE', #3134, #8759, #7815, .T. ) ;
#7868 = ORIENTED_EDGE ( 'NONE', *, *, #6850, .T. ) ;
#7869 = CARTESIAN_POINT ( 'NONE',  ( 74.50000000000001421, 58.49999999999999289, -1.359468093653504184E-13 ) ) ;
#7870 = EDGE_CURVE ( 'NONE', #8010, #8335, #4902, .T. ) ;
#7871 = CARTESIAN_POINT ( 'NONE',  ( -4.050000000000456346, 59.13835726673948301, -64.40000000000001990 ) ) ;
#7872 = DIRECTION ( 'NONE',  ( -0.000000000000000000, -1.000000000000000000, -0.000000000000000000 ) ) ;
#7873 = CARTESIAN_POINT ( 'NONE',  ( 54.57595881954100037, 56.16173140978202127, -48.84839389193032844 ) ) ;
#7874 = B_SPLINE_CURVE_WITH_KNOTS ( 'NONE', 3,
 ( #8119, #8850, #8166, #2168 ),
 .UNSPECIFIED., .F., .F.,
 ( 4, 4 ),
 ( 0.000000000000000000, 0.0003116544788811228747 ),
 .UNSPECIFIED. ) ;
#7875 = VERTEX_POINT ( 'NONE', #4954 ) ;
#7876 = DIRECTION ( 'NONE',  ( 3.426614273534433601E-15, 0.000000000000000000, 1.000000000000000000 ) ) ;
#7877 = DIRECTION ( 'NONE',  ( -5.329070518200751394E-15, 0.000000000000000000, -1.000000000000000000 ) ) ;
#7878 = CYLINDRICAL_SURFACE ( 'NONE', #382, 3.600000000000005862 ) ;
#7879 = ORIENTED_EDGE ( 'NONE', *, *, #8138, .F. ) ;
#7880 = VERTEX_POINT ( 'NONE', #294 ) ;
#7881 = EDGE_CURVE ( 'NONE', #3736, #965, #9327, .T. ) ;
#7882 = DIRECTION ( 'NONE',  ( 0.8660254037844380415, -0.5000000000000009992, -1.203866961868353286E-14 ) ) ;
#7883 = CARTESIAN_POINT ( 'NONE',  ( 0.000000000000000000, 65.00000000000000000, 0.000000000000000000 ) ) ;
#7884 = CARTESIAN_POINT ( 'NONE',  ( 7.445599400392268308, 62.64628580307207528, -79.65319306890323503 ) ) ;
#7885 = FACE_OUTER_BOUND ( 'NONE', #6353, .T. ) ;
#7886 = PLANE ( 'NONE',  #942 ) ;
#7887 = DIRECTION ( 'NONE',  ( 0.000000000000000000, 1.000000000000000000, 0.000000000000000000 ) ) ;
#7888 = CARTESIAN_POINT ( 'NONE',  ( -3.470779219583164175E-13, 58.49999999999999289, -64.40000000000000568 ) ) ;
#7889 = CARTESIAN_POINT ( 'NONE',  ( -4.177332116314214083, 65.00000000000000000, 35.00000000000000000 ) ) ;
#7890 = ORIENTED_EDGE ( 'NONE', *, *, #5722, .F. ) ;
#7891 = EDGE_LOOP ( 'NONE', ( #976, #2782, #259, #8519 ) ) ;
#7892 = ORIENTED_EDGE ( 'NONE', *, *, #4543, .F. ) ;
#7893 = DIRECTION ( 'NONE',  ( 0.000000000000000000, 1.000000000000000000, 0.000000000000000000 ) ) ;
#7894 = ORIENTED_EDGE ( 'NONE', *, *, #2575, .T. ) ;
#7895 = ORIENTED_EDGE ( 'NONE', *, *, #6959, .T. ) ;
#7896 = CARTESIAN_POINT ( 'NONE',  ( -11.67002566352184267, 30.90000000000000213, -28.37734619600018249 ) ) ;
#7897 = EDGE_CURVE ( 'NONE', #2716, #4943, #6390, .T. ) ;
#7898 = DIRECTION ( 'NONE',  ( -1.000000000000000000, 0.000000000000000000, 6.769652589177784668E-15 ) ) ;
#7899 = CARTESIAN_POINT ( 'NONE',  ( -66.98126610706783879, 0.000000000000000000, 25.59454884647010076 ) ) ;
#7900 = DIRECTION ( 'NONE',  ( -0.7071067811865476838, -0.000000000000000000, -0.7071067811865474617 ) ) ;
#7901 = CARTESIAN_POINT ( 'NONE',  ( 5.733858381163525308, 49.91278067414284436, 60.65943617683424804 ) ) ;
#7902 = VECTOR ( 'NONE', #1747, 1000.000000000000000 ) ;
#7903 = DIRECTION ( 'NONE',  ( -0.000000000000000000, -1.000000000000000000, -0.000000000000000000 ) ) ;
#7904 = EDGE_CURVE ( 'NONE', #5089, #5507, #7961, .T. ) ;
#7905 = EDGE_LOOP ( 'NONE', ( #3803, #9439, #7150, #3550, #878 ) ) ;
#7906 = ADVANCED_FACE ( 'NONE', ( #4119 ), #341, .F. ) ;
#7907 = FACE_OUTER_BOUND ( 'NONE', #3490, .T. ) ;
#7908 = ORIENTED_EDGE ( 'NONE', *, *, #1883, .T. ) ;
#7909 = VERTEX_POINT ( 'NONE', #4077 ) ;
#7910 = ORIENTED_EDGE ( 'NONE', *, *, #8709, .T. ) ;
#7912 = CARTESIAN_POINT ( 'NONE',  ( -27.74454884646939945, 14.70000000000000462, -69.13126610706812869 ) ) ;
#7911 = CIRCLE ( 'NONE', #9157, 9.999999999999996447 ) ;
#7913 = CIRCLE ( 'NONE', #9159, 9.999999999999998224 ) ;
#7914 = CARTESIAN_POINT ( 'NONE',  ( 35.00000000000000000, 65.00000000000000000, -4.177332116314245170 ) ) ;
#7915 = DIRECTION ( 'NONE',  ( -0.3826834323650793457, 0.000000000000000000, 0.9238795325112911794 ) ) ;
#7916 = FACE_OUTER_BOUND ( 'NONE', #2515, .T. ) ;
#7917 = AXIS2_PLACEMENT_3D ( 'NONE', #8892, #4369, #2249 ) ;
#7918 = CIRCLE ( 'NONE', #1162, 4.099999999999999645 ) ;
#7919 = AXIS2_PLACEMENT_3D ( 'NONE', #168, #3162, #6159 ) ;
#7920 = VERTEX_POINT ( 'NONE', #2010 ) ;
#7921 = CARTESIAN_POINT ( 'NONE',  ( -57.34915151851366488, 50.05420354133634220, -55.77971030663268692 ) ) ;
#7922 = CARTESIAN_POINT ( 'NONE',  ( -48.40145917221872907, 59.13835726674012250, 42.67389424460865399 ) ) ;
#7923 = CARTESIAN_POINT ( 'NONE',  ( 57.64235574244825955, 55.77353993566980250, 3.377632643772339183 ) ) ;
#7924 = EDGE_CURVE ( 'NONE', #6328, #562, #5097, .T. ) ;
#7925 = CARTESIAN_POINT ( 'NONE',  ( 0.000000000000000000, 65.00000000000000000, 0.000000000000000000 ) ) ;
#7926 = VECTOR ( 'NONE', #2490, 999.9999999999998863 ) ;
#7927 = CARTESIAN_POINT ( 'NONE',  ( -5.733858381161609508, 49.91278067414286568, 60.65943617683433331 ) ) ;
#7928 = VECTOR ( 'NONE', #1734, 1000.000000000000000 ) ;
#7929 = EDGE_CURVE ( 'NONE', #6749, #9188, #7301, .T. ) ;
#7930 = DIRECTION ( 'NONE',  ( -0.000000000000000000, 1.000000000000000000, -0.000000000000000000 ) ) ;
#7931 = ORIENTED_EDGE ( 'NONE', *, *, #5971, .T. ) ;
#7932 = VECTOR ( 'NONE', #8272, 999.9999999999998863 ) ;
#7933 = AXIS2_PLACEMENT_3D ( 'NONE', #5666, #8068, #500 ) ;
#7934 = ORIENTED_EDGE ( 'NONE', *, *, #2111, .F. ) ;
#7935 = DIRECTION ( 'NONE',  ( -0.000000000000000000, 1.000000000000000000, -0.000000000000000000 ) ) ;
#7936 = DIRECTION ( 'NONE',  ( -2.967535009851168580E-15, -0.5000000000000009992, -0.8660254037844380415 ) ) ;
#7937 = CARTESIAN_POINT ( 'NONE',  ( -50.65446676120109970, 61.52687088733336651, -61.92085909176444147 ) ) ;
#7938 = ADVANCED_FACE ( 'NONE', ( #1864 ), #4172, .F. ) ;
#7939 = AXIS2_PLACEMENT_3D ( 'NONE', #9339, #9536, #495 ) ;
#7940 = AXIS2_PLACEMENT_3D ( 'NONE', #3374, #6416, #8671 ) ;
#7941 = CARTESIAN_POINT ( 'NONE',  ( 45.53767670841350679, 53.82346281956403544, -45.53767670841381232 ) ) ;
#7942 = CARTESIAN_POINT ( 'NONE',  ( -64.00132858745591591, 45.00000000000000711, -11.35032770630428089 ) ) ;
#7943 = CARTESIAN_POINT ( 'NONE',  ( -64.40000000000003411, 56.16173140978203548, 4.050000000000231637 ) ) ;
#7944 = DIRECTION ( 'NONE',  ( 0.000000000000000000, 1.000000000000000000, 0.000000000000000000 ) ) ;
#7945 = VERTEX_POINT ( 'NONE', #7125 ) ;
#7946 = ORIENTED_EDGE ( 'NONE', *, *, #6911, .F. ) ;
#7947 = AXIS2_PLACEMENT_3D ( 'NONE', #5588, #5734, #4062 ) ;
#7948 = ORIENTED_EDGE ( 'NONE', *, *, #120, .F. ) ;
#7949 = CARTESIAN_POINT ( 'NONE',  ( 64.04231116754803566, 45.25393385406457725, 11.08916899679944734 ) ) ;
#7950 = ORIENTED_EDGE ( 'NONE', *, *, #8504, .F. ) ;
#7951 = ORIENTED_EDGE ( 'NONE', *, *, #1500, .T. ) ;
#7952 = ADVANCED_FACE ( 'NONE', ( #1818 ), #1123, .F. ) ;
#7953 = DIRECTION ( 'NONE',  ( 1.221245327087672352E-14, -0.000000000000000000, 1.000000000000000000 ) ) ;
#7954 = AXIS2_PLACEMENT_3D ( 'NONE', #3678, #3778, #6773 ) ;
#7955 = EDGE_CURVE ( 'NONE', #1302, #4603, #8553, .T. ) ;
#7956 = CARTESIAN_POINT ( 'NONE',  ( -4.050000000000456346, 56.16173140978203548, -64.40000000000001990 ) ) ;
#7957 = EDGE_CURVE ( 'NONE', #3352, #7235, #6977, .T. ) ;
#7958 = DIRECTION ( 'NONE',  ( 0.3697621602089914417, 0.2576620915011064161, -0.8926848220289487212 ) ) ;
#7959 = CARTESIAN_POINT ( 'NONE',  ( 42.67389424460797187, 57.86164273325979224, -48.40145917221933303 ) ) ;
#7960 = DIRECTION ( 'NONE',  ( 0.7071067811865474617, 0.000000000000000000, -0.7071067811865474617 ) ) ;
#7961 = LINE ( 'NONE', #4221, #702 ) ;
#7962 = EDGE_LOOP ( 'NONE', ( #3589, #3760, #9471, #523 ) ) ;
#7963 = DIRECTION ( 'NONE',  ( -0.000000000000000000, -1.000000000000000000, 0.000000000000000000 ) ) ;
#7964 = VERTEX_POINT ( 'NONE', #7179 ) ;
#7965 = FACE_OUTER_BOUND ( 'NONE', #8455, .T. ) ;
#7966 = VERTEX_POINT ( 'NONE', #6295 ) ;
#7967 = ORIENTED_EDGE ( 'NONE', *, *, #3662, .T. ) ;
#7968 = CARTESIAN_POINT ( 'NONE',  ( -3.470779219583164175E-13, 58.49999999999999289, -64.40000000000000568 ) ) ;
#7969 = CARTESIAN_POINT ( 'NONE',  ( 66.98126610706803774, 14.70000000000000462, -25.59454884646963180 ) ) ;
#7970 = CARTESIAN_POINT ( 'NONE',  ( -7.577801345713176318, 62.36281802901862648, 79.64040353454930710 ) ) ;
#7971 = EDGE_LOOP ( 'NONE', ( #1408, #5946, #7192, #4384, #5556 ) ) ;
#7972 = CARTESIAN_POINT ( 'NONE',  ( -7.362609823357342265, 54.24326853917933988, -79.66058905969035209 ) ) ;
#7973 = DIRECTION ( 'NONE',  ( -0.7071067811865475727, 0.000000000000000000, -0.7071067811865474617 ) ) ;
#7974 = CARTESIAN_POINT ( 'NONE',  ( -57.40000000000006253, 62.14776746691718756, -1.781881413102503142 ) ) ;
#7975 = CARTESIAN_POINT ( 'NONE',  ( -62.25874094872690279, 58.49999999999999289, -50.23792566855558306 ) ) ;
#7976 = CARTESIAN_POINT ( 'NONE',  ( -6.084854095235177951, 49.67789204273109505, 61.47319912008002518 ) ) ;
#7977 = VECTOR ( 'NONE', #5216, 1000.000000000000000 ) ;
#7979 = CARTESIAN_POINT ( 'NONE',  ( 64.40000000000004832, 53.82346281956404255, -2.344465629617909551E-13 ) ) ;
#7978 = DIRECTION ( 'NONE',  ( 2.967535009851168580E-15, -0.5000000000000009992, 0.8660254037844380415 ) ) ;
#7980 = ORIENTED_EDGE ( 'NONE', *, *, #2195, .F. ) ;
#7981 = ORIENTED_EDGE ( 'NONE', *, *, #9145, .T. ) ;
#7982 = VECTOR ( 'NONE', #852, 1000.000000000000000 ) ;
#7983 = DIRECTION ( 'NONE',  ( 0.000000000000000000, 0.000000000000000000, -1.000000000000000000 ) ) ;
#7984 = DIRECTION ( 'NONE',  ( -0.000000000000000000, -1.000000000000000000, -0.000000000000000000 ) ) ;
#7985 = EDGE_CURVE ( 'NONE', #8304, #7289, #3397, .T. ) ;
#7986 = PLANE ( 'NONE',  #208 ) ;
#7987 = EDGE_CURVE ( 'NONE', #985, #6345, #8868, .T. ) ;
#7988 = DIRECTION ( 'NONE',  ( -3.426614273534433601E-15, 0.000000000000000000, -1.000000000000000000 ) ) ;
#7989 = CARTESIAN_POINT ( 'NONE',  ( -52.67945519839779678, 58.49999999999999289, -52.67945519839778257 ) ) ;
#7990 = ADVANCED_FACE ( 'NONE', ( #440 ), #3442, .F. ) ;
#7991 = DIRECTION ( 'NONE',  ( -1.000000000000000000, 0.000000000000000000, 8.826273045769994496E-15 ) ) ;
#7992 = CARTESIAN_POINT ( 'NONE',  ( -42.67389424460814951, 65.00000000000000000, -48.40145917221915539 ) ) ;
#7993 = CYLINDRICAL_SURFACE ( 'NONE', #1154, 2.149999999999999023 ) ;
#7994 = AXIS2_PLACEMENT_3D ( 'NONE', #5531, #4785, #1053 ) ;
#7995 = ADVANCED_FACE ( 'NONE', ( #2841 ), #5891, .F. ) ;
#7996 = EDGE_LOOP ( 'NONE', ( #1207, #3358, #1871, #3640, #8720 ) ) ;
#7997 = ORIENTED_EDGE ( 'NONE', *, *, #831, .F. ) ;
#7998 = CARTESIAN_POINT ( 'NONE',  ( 62.17414521674960781, 60.03425994445058933, 50.34262823264444364 ) ) ;
#7999 = VERTEX_POINT ( 'NONE', #6580 ) ;
#8000 = EDGE_LOOP ( 'NONE', ( #3388, #3682, #4095, #8866, #429, #9691, #2749, #9294, #7366, #2135 ) ) ;
#8001 = DIRECTION ( 'NONE',  ( -0.000000000000000000, 1.000000000000000000, -0.000000000000000000 ) ) ;
#8002 = DIRECTION ( 'NONE',  ( 3.491481338843133750E-15, -1.854709381156976911E-16, 1.000000000000000000 ) ) ;
#8003 = DIRECTION ( 'NONE',  ( -0.9238795325112910684, 0.000000000000000000, -0.3826834323650794012 ) ) ;
#8004 = LINE ( 'NONE', #1267, #4928 ) ;
#8005 = CARTESIAN_POINT ( 'NONE',  ( -74.50000000000002842, 65.00000000000000000, -5.477225575050984396 ) ) ;
#8006 = DIRECTION ( 'NONE',  ( 0.000000000000000000, -1.000000000000000000, 0.000000000000000000 ) ) ;
#8007 = ORIENTED_EDGE ( 'NONE', *, *, #5722, .T. ) ;
#8008 = VERTEX_POINT ( 'NONE', #531 ) ;
#8009 = CARTESIAN_POINT ( 'NONE',  ( -79.55430133191703135, 59.72717834070879661, -8.433942512261735303 ) ) ;
#8010 = VERTEX_POINT ( 'NONE', #2101 ) ;
#8011 = ORIENTED_EDGE ( 'NONE', *, *, #8481, .T. ) ;
#8012 = EDGE_CURVE ( 'NONE', #6673, #5379, #1364, .T. ) ;
#8013 = VECTOR ( 'NONE', #6828, 1000.000000000000000 ) ;
#8014 = VECTOR ( 'NONE', #9057, 1000.000000000000000 ) ;
#8015 = CARTESIAN_POINT ( 'NONE',  ( 57.40000000000005542, 53.88762817667945626, 1.477225575050524986 ) ) ;
#8016 = CARTESIAN_POINT ( 'NONE',  ( 8.112471129879635074E-13, 53.82346281956404255, 57.40056085429986155 ) ) ;
#8017 = CARTESIAN_POINT ( 'NONE',  ( -27.74454884646939945, 0.000000000000000000, -69.13126610706812869 ) ) ;
#8018 = AXIS2_PLACEMENT_3D ( 'NONE', #8651, #4125, #4759 ) ;
#8019 = ORIENTED_EDGE ( 'NONE', *, *, #178, .F. ) ;
#8020 = AXIS2_PLACEMENT_3D ( 'NONE', #1308, #482, #8687 ) ;
#8021 = CARTESIAN_POINT ( 'NONE',  ( -4.494333448013025034, 51.28005934715853442, -79.87398870745495572 ) ) ;
#8022 = ORIENTED_EDGE ( 'NONE', *, *, #8259, .F. ) ;
#8023 = DIRECTION ( 'NONE',  ( -1.000000000000000000, 0.000000000000000000, 8.826273045769994496E-15 ) ) ;
#8024 = CARTESIAN_POINT ( 'NONE',  ( -64.40000000000003411, 55.31177574804397068, 2.577833609689081040 ) ) ;
#8025 = PLANE ( 'NONE',  #4627 ) ;
#8026 = CARTESIAN_POINT ( 'NONE',  ( 0.000000000000000000, 45.00000000000000711, 0.000000000000000000 ) ) ;
#8028 = CARTESIAN_POINT ( 'NONE',  ( -64.39999999999999147, 58.49999999999995737, 5.701467076235642709E-13 ) ) ;
#8027 = CARTESIAN_POINT ( 'NONE',  ( -53.30267564564768179, 51.27894974716100052, 59.65634014622295211 ) ) ;
#8029 = VERTEX_POINT ( 'NONE', #2056 ) ;
#8030 = ADVANCED_FACE ( 'NONE', ( #7325 ), #3536, .T. ) ;
#8031 = VERTEX_POINT ( 'NONE', #5156 ) ;
#8032 = EDGE_CURVE ( 'NONE', #2846, #4108, #6831, .T. ) ;
#8033 = CARTESIAN_POINT ( 'NONE',  ( 5.259628721233967852, 50.37395388573913380, 59.40760674199883340 ) ) ;
#8034 = DIRECTION ( 'NONE',  ( 0.000000000000000000, 1.000000000000000000, 0.000000000000000000 ) ) ;
#8035 = LINE ( 'NONE', #511, #74 ) ;
#8036 = DIRECTION ( 'NONE',  ( 0.000000000000000000, -0.000000000000000000, 1.000000000000000000 ) ) ;
#8037 = CARTESIAN_POINT ( 'NONE',  ( -60.36806642904151232, 65.00000000000000000, 5.646478818415676670 ) ) ;
#8038 = DIRECTION ( 'NONE',  ( -0.7071067811865500152, 0.000000000000000000, -0.7071067811865450192 ) ) ;
#8039 = CARTESIAN_POINT ( 'NONE',  ( 56.17817577371693005, 49.99973759517570215, -56.95894864512532507 ) ) ;
#8040 = DIRECTION ( 'NONE',  ( -0.000000000000000000, -1.000000000000000000, 0.000000000000000000 ) ) ;
#8041 = AXIS2_PLACEMENT_3D ( 'NONE', #6158, #9011, #7547 ) ;
#8042 = ORIENTED_EDGE ( 'NONE', *, *, #7173, .F. ) ;
#8043 = ORIENTED_EDGE ( 'NONE', *, *, #6122, .F. ) ;
#8044 = CARTESIAN_POINT ( 'NONE',  ( 64.02424367562110774, 45.12607978846363466, 11.22111592271359903 ) ) ;
#8045 = VERTEX_POINT ( 'NONE', #5795 ) ;
#8046 = ORIENTED_EDGE ( 'NONE', *, *, #4596, .F. ) ;
#8047 = EDGE_CURVE ( 'NONE', #8443, #7597, #391, .T. ) ;
#8048 = DIRECTION ( 'NONE',  ( 0.000000000000000000, 0.000000000000000000, 1.000000000000000000 ) ) ;
#8049 = CARTESIAN_POINT ( 'NONE',  ( -2.738247549228469246, 50.43387879039245547, 79.95478286844790716 ) ) ;
#8050 = DIRECTION ( 'NONE',  ( -2.967535009851174102E-15, 0.5000000000000018874, -0.8660254037844375974 ) ) ;
#8051 = DIRECTION ( 'NONE',  ( -0.7071067811865474617, 0.000000000000000000, 0.7071067811865474617 ) ) ;
#8052 = PLANE ( 'NONE',  #147 ) ;
#8053 = DIRECTION ( 'NONE',  ( -1.000000000000000000, -0.000000000000000000, 8.826273045769994496E-15 ) ) ;
#8054 = EDGE_CURVE ( 'NONE', #8008, #5937, #2940, .T. ) ;
#8055 = ORIENTED_EDGE ( 'NONE', *, *, #2781, .F. ) ;
#8056 = ORIENTED_EDGE ( 'NONE', *, *, #2683, .F. ) ;
#8057 = DIRECTION ( 'NONE',  ( 0.7071067811865450192, -0.000000000000000000, -0.7071067811865501263 ) ) ;
#8058 = EDGE_LOOP ( 'NONE', ( #7218, #343, #4526, #742 ) ) ;
#8059 = ORIENTED_EDGE ( 'NONE', *, *, #2165, .T. ) ;
#8060 = ADVANCED_FACE ( 'NONE', ( #5252 ), #8158, .T. ) ;
#8061 = LINE ( 'NONE', #8755, #9593 ) ;
#8062 = LINE ( 'NONE', #2706, #6065 ) ;
#8063 = DIRECTION ( 'NONE',  ( -1.000000000000000000, 0.000000000000000000, 5.329070518200751394E-15 ) ) ;
#8064 = DIRECTION ( 'NONE',  ( -0.000000000000000000, 1.000000000000000000, -0.000000000000000000 ) ) ;
#8065 = VERTEX_POINT ( 'NONE', #2888 ) ;
#8066 = CARTESIAN_POINT ( 'NONE',  ( -55.77567793932048801, 50.05517551620770433, -57.35303982187360816 ) ) ;
#8067 = ORIENTED_EDGE ( 'NONE', *, *, #6537, .F. ) ;
#8068 = DIRECTION ( 'NONE',  ( 0.6622653803999820621, 0.000000000000000000, 0.7492693547207620597 ) ) ;
#8069 = CARTESIAN_POINT ( 'NONE',  ( -61.67097431725671441, 62.36770782024270687, -50.95790290569192393 ) ) ;
#8070 = B_SPLINE_CURVE_WITH_KNOTS ( 'NONE', 3,
 ( #2926, #4355, #5930, #8924 ),
 .UNSPECIFIED., .F., .F.,
 ( 4, 4 ),
 ( 5.692061405548898279E-19, 0.0001339296486542321317 ),
 .UNSPECIFIED. ) ;
#8071 = FACE_BOUND ( 'NONE', #8538, .T. ) ;
#8072 = EDGE_CURVE ( 'NONE', #1712, #1222, #4306, .T. ) ;
#8073 = CIRCLE ( 'NONE', #7294, 4.099999999999999645 ) ;
#8074 = VECTOR ( 'NONE', #8918, 1000.000000000000000 ) ;
#8075 = EDGE_CURVE ( 'NONE', #5444, #1013, #4267, .T. ) ;
#8077 = CARTESIAN_POINT ( 'NONE',  ( 79.54715582596274714, 59.12239097622111217, -8.500000000000142109 ) ) ;
#8076 = CARTESIAN_POINT ( 'NONE',  ( -1.781881413103104661, 65.00000000000000000, 57.40000000000004832 ) ) ;
#8078 = ORIENTED_EDGE ( 'NONE', *, *, #8611, .T. ) ;
#8079 = ORIENTED_EDGE ( 'NONE', *, *, #555, .T. ) ;
#8080 = VECTOR ( 'NONE', #7903, 1000.000000000000000 ) ;
#8081 = AXIS2_PLACEMENT_3D ( 'NONE', #971, #4707, #885 ) ;
#8082 = VECTOR ( 'NONE', #4043, 1000.000000000000000 ) ;
#8083 = CARTESIAN_POINT ( 'NONE',  ( 42.00214280248092535, 53.82346281956403544, 42.00214280248093246 ) ) ;
#8084 = CARTESIAN_POINT ( 'NONE',  ( 18.89587269351085297, 65.00000000000000000, 51.65216350890474928 ) ) ;
#8085 = CARTESIAN_POINT ( 'NONE',  ( 28.37734619600017894, 65.00000000000000000, 11.67002566352177517 ) ) ;
#8086 = DIRECTION ( 'NONE',  ( -0.7071067811865450192, 0.000000000000000000, 0.7071067811865500152 ) ) ;
#8087 = CIRCLE ( 'NONE', #237, 2.149999999999999023 ) ;
#8088 = CARTESIAN_POINT ( 'NONE',  ( 4.050000000000818723, 60.83826859021802136, 58.10521046563250991 ) ) ;
#8089 = EDGE_CURVE ( 'NONE', #2944, #92, #4144, .T. ) ;
#8090 = AXIS2_PLACEMENT_3D ( 'NONE', #9003, #1083, #4862 ) ;
#8091 = DIRECTION ( 'NONE',  ( 0.000000000000000000, 1.000000000000000000, 0.000000000000000000 ) ) ;
#8092 = CARTESIAN_POINT ( 'NONE',  ( 6.004246822605292522, 49.73598396249644793, 61.31953268488739184 ) ) ;
#8093 = EDGE_LOOP ( 'NONE', ( #44, #3543, #8067, #597 ) ) ;
#8094 = EDGE_LOOP ( 'NONE', ( #2351, #3950, #9069, #7850 ) ) ;
#8095 = DIRECTION ( 'NONE',  ( 0.7071067811865549002, 0.000000000000000000, 0.7071067811865401342 ) ) ;
#8096 = ORIENTED_EDGE ( 'NONE', *, *, #9064, .F. ) ;
#8097 = DIRECTION ( 'NONE',  ( -0.7492693547207625038, 0.000000000000000000, 0.6622653803999813960 ) ) ;
#8098 = VERTEX_POINT ( 'NONE', #7276 ) ;
#8099 = CIRCLE ( 'NONE', #6060, 4.000000000000000000 ) ;
#8101 = CIRCLE ( 'NONE', #2449, 3.600000000000005862 ) ;
#8100 = CARTESIAN_POINT ( 'NONE',  ( 53.47833803719866808, 51.12212283471194496, 59.50030133278924893 ) ) ;
#8102 = LINE ( 'NONE', #1856, #900 ) ;
#8103 = CARTESIAN_POINT ( 'NONE',  ( -63.76239183405903077, 47.47313856652341713, 8.706963149431834026 ) ) ;
#8104 = CARTESIAN_POINT ( 'NONE',  ( -79.87406756637597027, 51.27918670162678438, -4.492937423379514961 ) ) ;
#8105 = DIRECTION ( 'NONE',  ( 0.000000000000000000, 0.000000000000000000, 1.000000000000000000 ) ) ;
#8106 = CARTESIAN_POINT ( 'NONE',  ( -4.050000000000456346, 56.16173140978203548, -64.40000000000001990 ) ) ;
#8107 = VECTOR ( 'NONE', #7027, 1000.000000000000000 ) ;
#8108 = EDGE_CURVE ( 'NONE', #8841, #6089, #4313, .T. ) ;
#8109 = ORIENTED_EDGE ( 'NONE', *, *, #867, .F. ) ;
#8110 = ORIENTED_EDGE ( 'NONE', *, *, #2603, .T. ) ;
#8111 = DIRECTION ( 'NONE',  ( -0.7071067811865401342, 0.000000000000000000, 0.7071067811865549002 ) ) ;
#8112 = EDGE_LOOP ( 'NONE', ( #9158, #4877, #6618 ) ) ;
#8113 = ORIENTED_EDGE ( 'NONE', *, *, #2164, .F. ) ;
#8114 = EDGE_CURVE ( 'NONE', #8810, #2752, #9642, .T. ) ;
#8115 = VECTOR ( 'NONE', #9523, 1000.000000000000000 ) ;
#8116 = EDGE_CURVE ( 'NONE', #9175, #6708, #1641, .T. ) ;
#8117 = CARTESIAN_POINT ( 'NONE',  ( -58.68986283848344954, 58.49999999999999289, -46.66904755831212981 ) ) ;
#8118 = CARTESIAN_POINT ( 'NONE',  ( -57.40000000000006253, 62.14776746691718756, -1.781881413102503142 ) ) ;
#8119 = CARTESIAN_POINT ( 'NONE',  ( 60.36806642904173970, 49.98058182672756544, 5.646478818412946410 ) ) ;
#8120 = CARTESIAN_POINT ( 'NONE',  ( -45.02950970490492466, 1.500000000000001332, -26.38856624071845403 ) ) ;
#8121 = ADVANCED_FACE ( 'NONE', ( #7471, #3734 ), #5106, .T. ) ;
#8122 = VERTEX_POINT ( 'NONE', #6630 ) ;
#8123 = CARTESIAN_POINT ( 'NONE',  ( 27.74454884646939945, 14.70000000000000462, 64.83126610706813153 ) ) ;
#8124 = ORIENTED_EDGE ( 'NONE', *, *, #3713, .F. ) ;
#8125 = CARTESIAN_POINT ( 'NONE',  ( -45.53767670841366311, 53.82346281956402123, -45.53767670841366311 ) ) ;
#8126 = CARTESIAN_POINT ( 'NONE',  ( 3.876709856206806304, 49.93176139478116937, 60.73680226482593980 ) ) ;
#8127 = DIRECTION ( 'NONE',  ( 0.000000000000000000, 0.000000000000000000, -1.000000000000000000 ) ) ;
#8129 = FACE_OUTER_BOUND ( 'NONE', #9380, .T. ) ;
#8128 = FACE_OUTER_BOUND ( 'NONE', #6315, .T. ) ;
#8130 = ORIENTED_EDGE ( 'NONE', *, *, #8673, .T. ) ;
#8131 = ORIENTED_EDGE ( 'NONE', *, *, #5101, .F. ) ;
#8132 = CARTESIAN_POINT ( 'NONE',  ( 0.000000000000000000, 0.000000000000000000, -65.00000000000000000 ) ) ;
#8133 = DIRECTION ( 'NONE',  ( -0.000000000000000000, 1.000000000000000000, -0.000000000000000000 ) ) ;
#8134 = EDGE_CURVE ( 'NONE', #8659, #5009, #5993, .T. ) ;
#8135 = EDGE_CURVE ( 'NONE', #3723, #2786, #2444, .T. ) ;
#8136 = DIRECTION ( 'NONE',  ( 0.000000000000000000, 1.000000000000000000, 0.000000000000000000 ) ) ;
#8137 = AXIS2_PLACEMENT_3D ( 'NONE', #3349, #6193, #5506 ) ;
#8138 = EDGE_CURVE ( 'NONE', #2461, #397, #6232, .T. ) ;
#8139 = CARTESIAN_POINT ( 'NONE',  ( 74.50000000000000000, 58.49999999999999289, -8.500000000000135003 ) ) ;
#8140 = CARTESIAN_POINT ( 'NONE',  ( 74.50000000000001421, 58.49999999999999289, -1.359468093653504184E-13 ) ) ;
#8141 = CARTESIAN_POINT ( 'NONE',  ( 50.23792566855537700, 58.22286873509820282, -62.25874094872708753 ) ) ;
#8142 = CARTESIAN_POINT ( 'NONE',  ( 9.232515093055685185, 46.99757593165934111, 63.92857743001265192 ) ) ;
#8143 = AXIS2_PLACEMENT_3D ( 'NONE', #6019, #28, #763 ) ;
#8144 = CARTESIAN_POINT ( 'NONE',  ( -62.25874094872636277, 59.11550901516399392, 50.23792566855626518 ) ) ;
#8145 = EDGE_CURVE ( 'NONE', #8463, #8542, #9483, .T. ) ;
#8146 = ORIENTED_EDGE ( 'NONE', *, *, #512, .F. ) ;
#8147 = VERTEX_POINT ( 'NONE', #9170 ) ;
#8148 = DIRECTION ( 'NONE',  ( -0.7071067811865401342, 0.000000000000000000, 0.7071067811865549002 ) ) ;
#8149 = ORIENTED_EDGE ( 'NONE', *, *, #6763, .F. ) ;
#8150 = CARTESIAN_POINT ( 'NONE',  ( 51.31680011256811014, 63.16750877102306561, -61.37273110752392569 ) ) ;
#8151 = ORIENTED_EDGE ( 'NONE', *, *, #775, .T. ) ;
#8152 = CARTESIAN_POINT ( 'NONE',  ( 62.25020513145313572, 57.94536713683834250, 50.24850960429811408 ) ) ;
#8153 = AXIS2_PLACEMENT_3D ( 'NONE', #2404, #6190, #7578 ) ;
#8154 = CIRCLE ( 'NONE', #4537, 5.000000000000000888 ) ;
#8155 = DIRECTION ( 'NONE',  ( 1.000000000000000000, -1.685161507135332739E-29, -3.426614273534433601E-15 ) ) ;
#8156 = DIRECTION ( 'NONE',  ( 1.000000000000000000, 0.000000000000000000, -4.152706626322565443E-16 ) ) ;
#8157 = CARTESIAN_POINT ( 'NONE',  ( 0.000000000000000000, 58.00000000000000000, 0.000000000000000000 ) ) ;
#8158 = PLANE ( 'NONE',  #6355 ) ;
#8159 = ORIENTED_EDGE ( 'NONE', *, *, #9006, .F. ) ;
#8160 = VERTEX_POINT ( 'NONE', #2302 ) ;
#8161 = DIRECTION ( 'NONE',  ( 0.000000000000000000, 1.000000000000000000, 0.000000000000000000 ) ) ;
#8162 = ORIENTED_EDGE ( 'NONE', *, *, #7545, .T. ) ;
#8163 = ORIENTED_EDGE ( 'NONE', *, *, #7397, .T. ) ;
#8164 = DIRECTION ( 'NONE',  ( 0.000000000000000000, -0.000000000000000000, 1.000000000000000000 ) ) ;
#8165 = CARTESIAN_POINT ( 'NONE',  ( -79.77980182690755839, 64.60120959420825670, 5.950482993818051902 ) ) ;
#8166 = CARTESIAN_POINT ( 'NONE',  ( 60.56240784565904534, 49.93163963979179698, 5.701512242974315470 ) ) ;
#8167 = EDGE_CURVE ( 'NONE', #7037, #4066, #6841, .T. ) ;
#8168 = CARTESIAN_POINT ( 'NONE',  ( -3.764672641954629473, 50.87405615000726300, -79.91175042663559225 ) ) ;
#8169 = EDGE_CURVE ( 'NONE', #2928, #2093, #2128, .T. ) ;
#8170 = ORIENTED_EDGE ( 'NONE', *, *, #5148, .F. ) ;
#8171 = CARTESIAN_POINT ( 'NONE',  ( 60.77777777777783541, 49.93913572686509639, 1.912140660617247967 ) ) ;
#8172 = VECTOR ( 'NONE', #6515, 1000.000000000000000 ) ;
#8173 = CARTESIAN_POINT ( 'NONE',  ( 5.873478366179453403, 53.84175531955750671, 57.40000000000004832 ) ) ;
#8174 = CYLINDRICAL_SURFACE ( 'NONE', #2133, 2.149999999999999023 ) ;
#8175 = CARTESIAN_POINT ( 'NONE',  ( 5.646478818413158685, 49.98058182672756544, -60.36806642904172548 ) ) ;
#8176 = AXIS2_PLACEMENT_3D ( 'NONE', #6780, #2307, #7572 ) ;
#8177 = CIRCLE ( 'NONE', #3631, 4.099999999999999645 ) ;
#8179 = DIRECTION ( 'NONE',  ( 0.000000000000000000, 0.000000000000000000, 1.000000000000000000 ) ) ;
#8178 = DIRECTION ( 'NONE',  ( -0.7071067811865401342, 0.000000000000000000, 0.7071067811865549002 ) ) ;
#8180 = ORIENTED_EDGE ( 'NONE', *, *, #5796, .T. ) ;
#8181 = VERTEX_POINT ( 'NONE', #7705 ) ;
#8182 = CARTESIAN_POINT ( 'NONE',  ( 64.40000000000000568, 58.49999999999999289, -1.180056052874078735E-13 ) ) ;
#8183 = DIRECTION ( 'NONE',  ( 0.000000000000000000, 0.000000000000000000, 1.000000000000000000 ) ) ;
#8184 = CARTESIAN_POINT ( 'NONE',  ( 64.40000000000003411, 56.16173140978203548, -4.050000000000231637 ) ) ;
#8185 = FACE_OUTER_BOUND ( 'NONE', #2061, .T. ) ;
#8186 = CARTESIAN_POINT ( 'NONE',  ( -51.65216350890474217, 1.500000000000001332, -18.89587269351085297 ) ) ;
#8187 = DIRECTION ( 'NONE',  ( -1.745740669421571016E-15, -0.8660254037844380415, -0.5000000000000012212 ) ) ;
#8188 = CARTESIAN_POINT ( 'NONE',  ( -9.699830827299436845E-13, 49.93913572686508218, -60.77777777777780699 ) ) ;
#8189 = EDGE_CURVE ( 'NONE', #8502, #6844, #308, .T. ) ;
#8190 = CARTESIAN_POINT ( 'NONE',  ( -57.47051678568121957, 53.10945582977835500, 2.554378579551677131 ) ) ;
#8191 = ORIENTED_EDGE ( 'NONE', *, *, #6214, .T. ) ;
#8192 = EDGE_LOOP ( 'NONE', ( #1714, #7034, #4744 ) ) ;
#8193 = CARTESIAN_POINT ( 'NONE',  ( -45.53767670841367021, 58.49999999999995737, -45.53767670841365600 ) ) ;
#8194 = ORIENTED_EDGE ( 'NONE', *, *, #3412, .F. ) ;
#8195 = CARTESIAN_POINT ( 'NONE',  ( 51.45070994118396612, 63.42214165181805896, -61.26058714987271969 ) ) ;
#8196 = ORIENTED_EDGE ( 'NONE', *, *, #2285, .F. ) ;
#8197 = CARTESIAN_POINT ( 'NONE',  ( 54.40707636957016291, 50.54252340121941245, 58.65096429128987410 ) ) ;
#8198 = CARTESIAN_POINT ( 'NONE',  ( -57.40000000000006253, 65.00000000000000000, -1.781881413102502920 ) ) ;
#8199 = CARTESIAN_POINT ( 'NONE',  ( -79.57710541435187679, 56.30068309407811711, 8.215285934261498113 ) ) ;
#8200 = CARTESIAN_POINT ( 'NONE',  ( -57.40000000000004121, 53.89029207088822204, 0.5697331047748287469 ) ) ;
#8201 = DIRECTION ( 'NONE',  ( -1.000000000000000000, 0.000000000000000000, 8.826273045769994496E-15 ) ) ;
#8202 = EDGE_CURVE ( 'NONE', #3910, #1711, #2738, .T. ) ;
#8203 = ORIENTED_EDGE ( 'NONE', *, *, #6804, .T. ) ;
#8204 = VERTEX_POINT ( 'NONE', #5344 ) ;
#8205 = DIRECTION ( 'NONE',  ( 0.000000000000000000, 0.000000000000000000, 1.000000000000000000 ) ) ;
#8206 = VERTEX_POINT ( 'NONE', #2349 ) ;
#8207 = ORIENTED_EDGE ( 'NONE', *, *, #9648, .F. ) ;
#8208 = EDGE_CURVE ( 'NONE', #4158, #4332, #3990, .T. ) ;
#8209 = FACE_BOUND ( 'NONE', #9462, .T. ) ;
#8210 = CARTESIAN_POINT ( 'NONE',  ( 51.71217635573547255, 53.82346281956403544, -51.71217635573582783 ) ) ;
#8211 = LINE ( 'NONE', #8120, #1651 ) ;
#8212 = EDGE_CURVE ( 'NONE', #4943, #3736, #229, .T. ) ;
#8213 = CARTESIAN_POINT ( 'NONE',  ( -64.39999999999999147, 58.49999999999995737, 5.701467076235642709E-13 ) ) ;
#8214 = ORIENTED_EDGE ( 'NONE', *, *, #7828, .F. ) ;
#8215 = DIRECTION ( 'NONE',  ( 0.000000000000000000, 1.000000000000000000, -0.000000000000000000 ) ) ;
#8216 = FACE_OUTER_BOUND ( 'NONE', #7520, .T. ) ;
#8217 = CARTESIAN_POINT ( 'NONE',  ( -27.74454884646939945, 0.000000000000000000, -66.98126610706812301 ) ) ;
#8218 = DIRECTION ( 'NONE',  ( 0.000000000000000000, 0.000000000000000000, -1.000000000000000000 ) ) ;
#8219 = VECTOR ( 'NONE', #2524, 1000.000000000000000 ) ;
#8221 = PLANE ( 'NONE',  #995 ) ;
#8220 = CARTESIAN_POINT ( 'NONE',  ( -46.66904755831151874, 58.49999999999999289, 58.68986283848393981 ) ) ;
#8222 = VERTEX_POINT ( 'NONE', #9035 ) ;
#8223 = EDGE_CURVE ( 'NONE', #4108, #2807, #3229, .T. ) ;
#8224 = EDGE_LOOP ( 'NONE', ( #6014, #5458, #9315, #8601, #5429, #2492 ) ) ;
#8225 = DIRECTION ( 'NONE',  ( -0.3826834323650793457, 0.000000000000000000, 0.9238795325112911794 ) ) ;
#8226 = VECTOR ( 'NONE', #8629, 1000.000000000000000 ) ;
#8227 = CARTESIAN_POINT ( 'NONE',  ( 4.050000000000905764, 56.16173140978203548, 64.40000000000000568 ) ) ;
#8228 = ADVANCED_FACE ( 'NONE', ( #5299 ), #1511, .F. ) ;
#8229 = CARTESIAN_POINT ( 'NONE',  ( -1.477225575052562467, 53.88762817667944915, -57.40000000000004832 ) ) ;
#8230 = CARTESIAN_POINT ( 'NONE',  ( -75.28891708532748339, 49.51577303841638411, -27.04771643075778442 ) ) ;
#8231 = B_SPLINE_CURVE_WITH_KNOTS ( 'NONE', 3,
 ( #7942, #6467, #2512, #6758, #3255, #5517, #4586, #7042, #7502, #7451, #4494, #1544, #717, #6255, #3069, #9244, #8510, #9016, #3719, #2287, #4539, #6713 ),
 .UNSPECIFIED., .F., .F.,
 ( 4, 2, 2, 2, 2, 2, 2, 2, 2, 2, 4 ),
 ( -1.471960575575144812E-05, 0.0005312217092882920693, 0.001077163024332335748, 0.002169045654420426791, 0.003260928284508517617, 0.004352810914596608009, 0.005444693544684699703, 0.006536576174772790529, 0.007628458804860868345, 0.008174400119904915926, 0.008720341434948961773 ),
 .UNSPECIFIED. ) ;
#8232 = CARTESIAN_POINT ( 'NONE',  ( 50.29129788565019510, 57.38960649903446409, -62.21564203106829183 ) ) ;
#8233 = CARTESIAN_POINT ( 'NONE',  ( 5.856933439961419019, 49.83704519347310224, 60.99758642526499131 ) ) ;
#8234 = AXIS2_PLACEMENT_3D ( 'NONE', #6824, #6960, #8345 ) ;
#8235 = AXIS2_PLACEMENT_3D ( 'NONE', #1121, #4219, #3487 ) ;
#8236 = AXIS2_PLACEMENT_3D ( 'NONE', #892, #2269, #8363 ) ;
#8237 = CARTESIAN_POINT ( 'NONE',  ( -57.97417131571115334, 51.79487291879314625, 3.857474182258606277 ) ) ;
#8238 = ORIENTED_EDGE ( 'NONE', *, *, #2127, .F. ) ;
#8239 = ORIENTED_EDGE ( 'NONE', *, *, #2974, .T. ) ;
#8240 = DIRECTION ( 'NONE',  ( 6.982962677686267499E-15, -0.000000000000000000, 1.000000000000000000 ) ) ;
#8241 = EDGE_LOOP ( 'NONE', ( #4320, #1140, #6488 ) ) ;
#8242 = CARTESIAN_POINT ( 'NONE',  ( -57.40000000000006253, 53.88723853897877092, -1.578777688376445498 ) ) ;
#8243 = CARTESIAN_POINT ( 'NONE',  ( 52.67945519839760493, 58.49999999999999289, -52.67945519839798152 ) ) ;
#8244 = VECTOR ( 'NONE', #8903, 1000.000000000000000 ) ;
#8245 = AXIS2_PLACEMENT_3D ( 'NONE', #9723, #5537, #6174 ) ;
#8246 = AXIS2_PLACEMENT_3D ( 'NONE', #9596, #3650, #9394 ) ;
#8247 = CARTESIAN_POINT ( 'NONE',  ( 0.000000000000000000, 37.90000000000000568, 6.099999999999999645 ) ) ;
#8248 = DIRECTION ( 'NONE',  ( 0.7071067811865475727, 0.000000000000000000, 0.7071067811865474617 ) ) ;
#8249 = CARTESIAN_POINT ( 'NONE',  ( -79.60325320637439006, 55.50099659043262790, 7.958239661897843042 ) ) ;
#8250 = CARTESIAN_POINT ( 'NONE',  ( 0.000000000000000000, 0.000000000000000000, 0.000000000000000000 ) ) ;
#8251 = CARTESIAN_POINT ( 'NONE',  ( 64.40000000000000568, 58.49999999999999289, -1.180056052874078735E-13 ) ) ;
#8252 = VERTEX_POINT ( 'NONE', #3918 ) ;
#8253 = AXIS2_PLACEMENT_3D ( 'NONE', #7060, #5383, #3171 ) ;
#8254 = EDGE_LOOP ( 'NONE', ( #638, #1133, #8019 ) ) ;
#8255 = CARTESIAN_POINT ( 'NONE',  ( 7.960204194457797252E-15, 45.00000000000000711, 65.00000000000000000 ) ) ;
#8256 = ADVANCED_FACE ( 'NONE', ( #3781, #3034 ), #6036, .T. ) ;
#8257 = ORIENTED_EDGE ( 'NONE', *, *, #2683, .T. ) ;
#8258 = VERTEX_POINT ( 'NONE', #3820 ) ;
#8259 = EDGE_CURVE ( 'NONE', #2807, #394, #2280, .T. ) ;
#8260 = AXIS2_PLACEMENT_3D ( 'NONE', #8450, #3831, #3240 ) ;
#8261 = FACE_BOUND ( 'NONE', #8846, .T. ) ;
#8262 = ADVANCED_FACE ( 'NONE', ( #6871 ), #136, .F. ) ;
#8263 = LINE ( 'NONE', #9688, #7783 ) ;
#8264 = CARTESIAN_POINT ( 'NONE',  ( 4.049999999999543299, 60.83826859021803557, -64.40000000000007674 ) ) ;
#8265 = LINE ( 'NONE', #7846, #3998 ) ;
#8266 = DIRECTION ( 'NONE',  ( 0.000000000000000000, 0.000000000000000000, 1.000000000000000000 ) ) ;
#8267 = VERTEX_POINT ( 'NONE', #2536 ) ;
#8268 = ORIENTED_EDGE ( 'NONE', *, *, #6943, .F. ) ;
#8269 = AXIS2_PLACEMENT_3D ( 'NONE', #227, #134, #9216 ) ;
#8270 = DIRECTION ( 'NONE',  ( 1.000000000000000000, 0.000000000000000000, -1.047444401652940007E-14 ) ) ;
#8271 =( LENGTH_UNIT ( ) NAMED_UNIT ( * ) SI_UNIT ( .MILLI., .METRE. ) );
#8272 = DIRECTION ( 'NONE',  ( -0.9238795325112910684, -0.000000000000000000, -0.3826834323650794567 ) ) ;
#8273 = DIRECTION ( 'NONE',  ( -0.000000000000000000, -1.000000000000000000, -0.000000000000000000 ) ) ;
#8274 = AXIS2_PLACEMENT_3D ( 'NONE', #617, #8187, #5978 ) ;
#8275 = CARTESIAN_POINT ( 'NONE',  ( -61.78013535831636460, 54.98929658410189347, 50.82544986994845004 ) ) ;
#8276 = ORIENTED_EDGE ( 'NONE', *, *, #5862, .T. ) ;
#8277 = EDGE_CURVE ( 'NONE', #9175, #4603, #9496, .T. ) ;
#8278 = VERTEX_POINT ( 'NONE', #280 ) ;
#8279 = CARTESIAN_POINT ( 'NONE',  ( -44.86592526628644606, 52.90000000000000568, -39.13836033867539754 ) ) ;
#8280 = DIRECTION ( 'NONE',  ( -0.000000000000000000, 1.000000000000000000, -0.000000000000000000 ) ) ;
#8281 = B_SPLINE_CURVE_WITH_KNOTS ( 'NONE', 3,
 ( #7719, #6051, #53, #4571, #6191, #4754, #3932, #9184, #5401, #7762, #887, #154, #9092, #6883, #835, #3886, #8406, #1769, #5455, #3243, #5504, #8453, #6146, #930, #3970, #6975, #104, #5359, #3097, #1722, #4709, #6104, #1621, #4613, #8357, #973, #9048, #2317, #244, #3143, #1026, #3047, #9136 ),
 .UNSPECIFIED., .F., .F.,
 ( 4, 2, 2, 2, 2, 2, 2, 2, 1, 2, 2, 2, 2, 2, 2, 2, 2, 2, 2, 2, 2, 4 ),
 ( 0.000000000000000000, 0.001662101641894219231, 0.002493152462841318005, 0.003324203283788416778, 0.004986304925682592641, 0.006648406567576767637, 0.008310508209470941765, 0.009141559030418029697, 0.009972609851365115893, 0.01080366067231220209, 0.01163471149325928655, 0.01329681313515346415, 0.01495891477704763828, 0.01662101641894181414, 0.01745206723988890554, 0.01828311806083599347, 0.01994521970273016934, 0.02160732134462434520, 0.02243837216557143660, 0.02326942298651852453, 0.02493152462841272815, 0.02659362627030692830 ),
 .UNSPECIFIED. ) ;
#8282 = CARTESIAN_POINT ( 'NONE',  ( 51.65216350890475638, 30.90000000000000213, 18.89587269351085297 ) ) ;
#8283 = CARTESIAN_POINT ( 'NONE',  ( 51.65216350890475638, 1.500000000000001332, 18.89587269351085297 ) ) ;
#8284 = CYLINDRICAL_SURFACE ( 'NONE', #989, 65.00000000000000000 ) ;
#8285 = CARTESIAN_POINT ( 'NONE',  ( -58.82369293879644090, 50.78903894382392536, 4.850770448146283442 ) ) ;
#8286 = EDGE_CURVE ( 'NONE', #9702, #8751, #6280, .T. ) ;
#8287 = VERTEX_POINT ( 'NONE', #2586 ) ;
#8288 = VERTEX_POINT ( 'NONE', #7348 ) ;
#8289 = AXIS2_PLACEMENT_3D ( 'NONE', #457, #6497, #1190 ) ;
#8290 = DIRECTION ( 'NONE',  ( 0.5000000000000012212, -0.8660254037844380415, -6.982962677686284065E-15 ) ) ;
#8291 = CARTESIAN_POINT ( 'NONE',  ( 7.529663527230811226, 1.500000000000001332, -6.655330888320935223 ) ) ;
#8292 = CARTESIAN_POINT ( 'NONE',  ( 0.000000000000000000, 65.00000000000000000, -80.00000000000000000 ) ) ;
#8293 = CARTESIAN_POINT ( 'NONE',  ( 54.98802682434111233, 50.28629858737063074, 58.10669776330808389 ) ) ;
#8294 = CARTESIAN_POINT ( 'NONE',  ( -4.177332116314214083, 30.90000000000000213, -25.00000000000000000 ) ) ;
#8295 = VECTOR ( 'NONE', #3299, 1000.000000000000000 ) ;
#8296 = DIRECTION ( 'NONE',  ( 0.3535533905932743970, -0.8660254037844380415, -0.3535533905932745080 ) ) ;
#8297 = DIRECTION ( 'NONE',  ( -1.000000000000000000, 0.000000000000000000, 8.826273045769994496E-15 ) ) ;
#8298 = DIRECTION ( 'NONE',  ( 1.000000000000000000, 0.000000000000000000, -1.776356839400250465E-15 ) ) ;
#8299 = DIRECTION ( 'NONE',  ( 1.000000000000000000, 0.000000000000000000, -1.776356839400250465E-15 ) ) ;
#8300 = ORIENTED_EDGE ( 'NONE', *, *, #9391, .F. ) ;
#8301 = VERTEX_POINT ( 'NONE', #1010 ) ;
#8302 = ORIENTED_EDGE ( 'NONE', *, *, #6808, .T. ) ;
#8303 = CARTESIAN_POINT ( 'NONE',  ( 45.53767670841349968, 58.49999999999995737, -45.53767670841381943 ) ) ;
#8304 = VERTEX_POINT ( 'NONE', #3558 ) ;
#8305 = EDGE_LOOP ( 'NONE', ( #6283, #3673, #3443, #6923, #1914, #9475, #2916 ) ) ;
#8306 = AXIS2_PLACEMENT_3D ( 'NONE', #9293, #256, #808 ) ;
#8307 = CARTESIAN_POINT ( 'NONE',  ( -44.86592526628644606, 56.16173140978201417, -39.13836033867541886 ) ) ;
#8308 = CARTESIAN_POINT ( 'NONE',  ( -79.69915214110470458, 63.42585827956060029, 6.933997157227469899 ) ) ;
#8309 = FACE_OUTER_BOUND ( 'NONE', #8305, .T. ) ;
#8310 = FACE_OUTER_BOUND ( 'NONE', #9332, .T. ) ;
#8311 = VECTOR ( 'NONE', #6944, 1000.000000000000114 ) ;
#8312 = ADVANCED_FACE ( 'NONE', ( #1337 ), #2813, .F. ) ;
#8313 = CARTESIAN_POINT ( 'NONE',  ( 64.00132858745584485, 65.00000000000000000, 11.35032770630473031 ) ) ;
#8314 = ORIENTED_EDGE ( 'NONE', *, *, #7031, .F. ) ;
#8315 = ORIENTED_EDGE ( 'NONE', *, *, #8709, .F. ) ;
#8316 = CARTESIAN_POINT ( 'NONE',  ( -74.49999999999998579, 58.49999999999999289, 6.592226764468023248E-13 ) ) ;
#8317 = CARTESIAN_POINT ( 'NONE',  ( -72.03327283503138290, 64.00000071709243343, -29.92011830026050845 ) ) ;
#8318 = CARTESIAN_POINT ( 'NONE',  ( 0.000000000000000000, 10.99999999999999645, 0.000000000000000000 ) ) ;
#8319 = DIRECTION ( 'NONE',  ( -0.7071067811865450192, 0.000000000000000000, 0.7071067811865500152 ) ) ;
#8320 = ORIENTED_EDGE ( 'NONE', *, *, #5343, .T. ) ;
#8321 = VERTEX_POINT ( 'NONE', #9267 ) ;
#8322 = DIRECTION ( 'NONE',  ( 1.000000000000000000, -0.000000000000000000, -3.491481338843133750E-15 ) ) ;
#8323 = AXIS2_PLACEMENT_3D ( 'NONE', #6571, #623, #2784 ) ;
#8324 = DIRECTION ( 'NONE',  ( -0.8660254037844375974, 0.5000000000000018874, 1.203866961868353444E-14 ) ) ;
#8325 = VECTOR ( 'NONE', #911, 1000.000000000000000 ) ;
#8326 = FACE_OUTER_BOUND ( 'NONE', #2160, .T. ) ;
#8327 = EDGE_CURVE ( 'NONE', #4760, #4907, #7017, .T. ) ;
#8328 = FACE_OUTER_BOUND ( 'NONE', #9042, .T. ) ;
#8329 = DIRECTION ( 'NONE',  ( 0.000000000000000000, 1.000000000000000000, 0.000000000000000000 ) ) ;
#8330 = ADVANCED_FACE ( 'NONE', ( #1242 ), #5816, .T. ) ;
#8331 = AXIS2_PLACEMENT_3D ( 'NONE', #4906, #8503, #4860 ) ;
#8332 = CYLINDRICAL_SURFACE ( 'NONE', #2947, 4.000000000000000000 ) ;
#8333 = ORIENTED_EDGE ( 'NONE', *, *, #5223, .T. ) ;
#8334 = CIRCLE ( 'NONE', #481, 2.149999999999999023 ) ;
#8335 = VERTEX_POINT ( 'NONE', #5025 ) ;
#8336 = FACE_OUTER_BOUND ( 'NONE', #3609, .T. ) ;
#8337 = DIRECTION ( 'NONE',  ( -1.000000000000000000, 0.000000000000000000, 8.826273045769994496E-15 ) ) ;
#8338 = DIRECTION ( 'NONE',  ( 0.000000000000000000, 1.000000000000000000, 0.000000000000000000 ) ) ;
#8339 = DIRECTION ( 'NONE',  ( -0.7071067811865474617, 0.000000000000000000, 0.7071067811865474617 ) ) ;
#8340 = DIRECTION ( 'NONE',  ( 1.854709381156977158E-16, 1.000000000000000000, -6.475683193286882164E-31 ) ) ;
#8341 = EDGE_CURVE ( 'NONE', #461, #8666, #4014, .T. ) ;
#8342 = B_SPLINE_CURVE_WITH_KNOTS ( 'NONE', 3,
 ( #6446, #543, #1830, #7136, #404, #7090, #7242 ),
 .UNSPECIFIED., .F., .F.,
 ( 4, 3, 4 ),
 ( -0.0003046580400804755825, 0.000000000000000000, 0.001361242976164818820 ),
 .UNSPECIFIED. ) ;
#8343 = CARTESIAN_POINT ( 'NONE',  ( -2.744449416886438620, 52.91803257104854197, -57.51257203140288254 ) ) ;
#8344 = DIRECTION ( 'NONE',  ( 0.7071067811865474617, 0.000000000000000000, -0.7071067811865474617 ) ) ;
#8345 = DIRECTION ( 'NONE',  ( 0.000000000000000000, 0.000000000000000000, -1.000000000000000000 ) ) ;
#8346 = ORIENTED_EDGE ( 'NONE', *, *, #11, .F. ) ;
#8347 = ORIENTED_EDGE ( 'NONE', *, *, #8559, .T. ) ;
#8348 = EDGE_CURVE ( 'NONE', #7300, #4450, #3538, .T. ) ;
#8349 = ORIENTED_EDGE ( 'NONE', *, *, #8927, .F. ) ;
#8350 = DIRECTION ( 'NONE',  ( 0.000000000000000000, 0.000000000000000000, 1.000000000000000000 ) ) ;
#8351 = VERTEX_POINT ( 'NONE', #8076 ) ;
#8352 = ORIENTED_EDGE ( 'NONE', *, *, #1234, .F. ) ;
#8353 = CARTESIAN_POINT ( 'NONE',  ( -5.733858381163525308, 49.91278067414284436, -60.65943617683424804 ) ) ;
#8354 = EDGE_CURVE ( 'NONE', #7032, #6166, #4634, .T. ) ;
#8355 = FACE_OUTER_BOUND ( 'NONE', #2392, .T. ) ;
#8356 = DIRECTION ( 'NONE',  ( 0.000000000000000000, 0.000000000000000000, -1.000000000000000000 ) ) ;
#8357 = CARTESIAN_POINT ( 'NONE',  ( 79.67373795396747482, 54.00475054735974112, 7.219372747172640103 ) ) ;
#8358 = CARTESIAN_POINT ( 'NONE',  ( -4.592979611832889198E-13, 53.82346281956404255, -64.40000000000004832 ) ) ;
#8359 = ORIENTED_EDGE ( 'NONE', *, *, #6990, .F. ) ;
#8360 = ORIENTED_EDGE ( 'NONE', *, *, #2636, .T. ) ;
#8361 = DIRECTION ( 'NONE',  ( 0.000000000000000000, 1.000000000000000000, 1.854709381156977158E-16 ) ) ;
#8362 = EDGE_CURVE ( 'NONE', #3649, #5315, #7587, .T. ) ;
#8363 = DIRECTION ( 'NONE',  ( 0.000000000000000000, 0.000000000000000000, 1.000000000000000000 ) ) ;
#8364 = DIRECTION ( 'NONE',  ( 0.000000000000000000, 0.3779644730092230898, -0.9258200997725531955 ) ) ;
#8365 = ORIENTED_EDGE ( 'NONE', *, *, #721, .F. ) ;
#8366 = ORIENTED_EDGE ( 'NONE', *, *, #1224, .F. ) ;
#8367 = CARTESIAN_POINT ( 'NONE',  ( -22.33148591051289245, 65.00000000000000000, 61.04346596506922396 ) ) ;
#8368 = EDGE_CURVE ( 'NONE', #3257, #7920, #1959, .T. ) ;
#8369 = DIRECTION ( 'NONE',  ( 0.000000000000000000, 0.000000000000000000, 1.000000000000000000 ) ) ;
#8370 = EDGE_CURVE ( 'NONE', #4747, #1731, #8713, .T. ) ;
#8371 = VECTOR ( 'NONE', #4099, 1000.000000000000000 ) ;
#8372 = CARTESIAN_POINT ( 'NONE',  ( 60.12116207518090505, 51.74616339696985534, -52.77939340920320888 ) ) ;
#8373 = DIRECTION ( 'NONE',  ( -5.329070518200751394E-15, 0.000000000000000000, -1.000000000000000000 ) ) ;
#8374 = CARTESIAN_POINT ( 'NONE',  ( 6.244538851976596305, 49.56026239373846209, -61.75629982265864726 ) ) ;
#8375 = VERTEX_POINT ( 'NONE', #2914 ) ;
#8376 = AXIS2_PLACEMENT_3D ( 'NONE', #413, #3463, #266 ) ;
#8377 = ORIENTED_EDGE ( 'NONE', *, *, #9152, .T. ) ;
#8378 = AXIS2_PLACEMENT_3D ( 'NONE', #855, #9066, #4728 ) ;
#8379 = DIRECTION ( 'NONE',  ( -0.000000000000000000, -1.000000000000000000, -0.000000000000000000 ) ) ;
#8380 = CARTESIAN_POINT ( 'NONE',  ( -4.459794268942765257E-13, 9.672827050956818619E-28, -64.40000000000004832 ) ) ;
#8381 = CARTESIAN_POINT ( 'NONE',  ( -4.177332116314214083, 1.500000000000001332, -35.00000000000000000 ) ) ;
#8382 = DIRECTION ( 'NONE',  ( -0.7071067811865451302, -0.000000000000000000, 0.7071067811865500152 ) ) ;
#8383 = EDGE_CURVE ( 'NONE', #2383, #6689, #8407, .T. ) ;
#8384 = CARTESIAN_POINT ( 'NONE',  ( -57.40000000000010516, 50.00000000000000000, -5.477225575050124640 ) ) ;
#8385 = AXIS2_PLACEMENT_3D ( 'NONE', #9526, #8201, #5841 ) ;
#8386 = VECTOR ( 'NONE', #7936, 1000.000000000000114 ) ;
#8387 = VECTOR ( 'NONE', #3854, 1000.000000000000000 ) ;
#8388 = FACE_OUTER_BOUND ( 'NONE', #3769, .T. ) ;
#8389 = CARTESIAN_POINT ( 'NONE',  ( -4.177332116314214083, 65.00000000000000000, 25.00000000000000000 ) ) ;
#8390 = CARTESIAN_POINT ( 'NONE',  ( 66.98126610706803774, 65.00000000000000000, -27.74454884646963038 ) ) ;
#8391 = ORIENTED_EDGE ( 'NONE', *, *, #938, .F. ) ;
#8392 = B_SPLINE_CURVE_WITH_KNOTS ( 'NONE', 3,
 ( #1210, #8044, #7949, #4212, #476, #2046, #6474, #5042, #1303, #4303, #9461, #9516, #7268, #5740, #522, #3524, #577, #6526, #7315, #6080, #2384, #6863 ),
 .UNSPECIFIED., .F., .F.,
 ( 4, 2, 2, 2, 2, 2, 2, 2, 2, 2, 4 ),
 ( -1.471960575574980657E-05, 0.0005312217092882894672, 0.001077163024332328592, 0.002169045654420421586, 0.003260928284508514581, 0.004352810914596607142, 0.005444693544684700570, 0.006536576174772793131, 0.007628458804860886559, 0.008174400119904924600, 0.008720341434948963508 ),
 .UNSPECIFIED. ) ;
#8393 = ORIENTED_EDGE ( 'NONE', *, *, #5100, .F. ) ;
#8394 = ORIENTED_EDGE ( 'NONE', *, *, #1090, .T. ) ;
#8395 = LINE ( 'NONE', #5255, #10 ) ;
#8396 = ORIENTED_EDGE ( 'NONE', *, *, #9131, .T. ) ;
#8397 = ORIENTED_EDGE ( 'NONE', *, *, #4622, .T. ) ;
#8398 = AXIS2_PLACEMENT_3D ( 'NONE', #8805, #3594, #3745 ) ;
#8399 = VECTOR ( 'NONE', #3968, 1000.000000000000000 ) ;
#8400 = AXIS2_PLACEMENT_3D ( 'NONE', #3505, #2026, #8907 ) ;
#8401 = EDGE_CURVE ( 'NONE', #3099, #2527, #5224, .T. ) ;
#8402 = DIRECTION ( 'NONE',  ( 0.7492693547207615046, 0.000000000000000000, 0.6622653803999826172 ) ) ;
#8403 = DIRECTION ( 'NONE',  ( 0.7071067811865475727, 0.000000000000000000, 0.7071067811865474617 ) ) ;
#8404 = CARTESIAN_POINT ( 'NONE',  ( -75.28891708532748339, 49.51577303841638411, -27.04771643075778442 ) ) ;
#8405 = DIRECTION ( 'NONE',  ( -3.384826294588892334E-15, 0.000000000000000000, -1.000000000000000000 ) ) ;
#8406 = CARTESIAN_POINT ( 'NONE',  ( 79.93477881848775723, 50.63540316567587496, -3.259997334859143781 ) ) ;
#8407 = CIRCLE ( 'NONE', #1812, 4.999999999999997335 ) ;
#8408 = AXIS2_PLACEMENT_3D ( 'NONE', #8291, #4548, #129 ) ;
#8409 = CARTESIAN_POINT ( 'NONE',  ( 1.781881413105030232, 65.00000000000000000, 61.40000000000004832 ) ) ;
#8410 = ORIENTED_EDGE ( 'NONE', *, *, #6215, .F. ) ;
#8411 = EDGE_CURVE ( 'NONE', #4053, #7032, #1589, .T. ) ;
#8412 = EDGE_LOOP ( 'NONE', ( #4926, #5192, #7185, #7168 ) ) ;
#8413 = CARTESIAN_POINT ( 'NONE',  ( 57.40000000000003411, 53.88680772472711311, -1.680329652347034131 ) ) ;
#8414 = CYLINDRICAL_SURFACE ( 'NONE', #4775, 4.000000000000000000 ) ;
#8415 = EDGE_CURVE ( 'NONE', #3454, #3526, #3851, .T. ) ;
#8416 = VECTOR ( 'NONE', #8382, 1000.000000000000114 ) ;
#8417 = CIRCLE ( 'NONE', #3547, 8.499999999999998224 ) ;
#8418 = ADVANCED_FACE ( 'NONE', ( #4388 ), #2861, .T. ) ;
#8419 = DIRECTION ( 'NONE',  ( -0.000000000000000000, -1.000000000000000000, -0.000000000000000000 ) ) ;
#8420 = CARTESIAN_POINT ( 'NONE',  ( 79.54715582596277557, 58.49999999999999289, 8.499999999999854339 ) ) ;
#8421 = ORIENTED_EDGE ( 'NONE', *, *, #4583, .T. ) ;
#8422 = AXIS2_PLACEMENT_3D ( 'NONE', #1919, #4911, #7915 ) ;
#8423 = ORIENTED_EDGE ( 'NONE', *, *, #4755, .F. ) ;
#8424 = CYLINDRICAL_SURFACE ( 'NONE', #9653, 8.500000000000000000 ) ;
#8425 = DIRECTION ( 'NONE',  ( -0.000000000000000000, 1.000000000000000000, -0.000000000000000000 ) ) ;
#8426 = AXIS2_PLACEMENT_3D ( 'NONE', #7888, #8631, #4938 ) ;
#8427 = CARTESIAN_POINT ( 'NONE',  ( -0.5697331047733399378, 53.89029207088822204, 57.40000000000004832 ) ) ;
#8428 = CARTESIAN_POINT ( 'NONE',  ( -52.67945519839723545, 58.49999999999999289, 52.67945519839834390 ) ) ;
#8429 = DIRECTION ( 'NONE',  ( 0.000000000000000000, 1.000000000000000000, -0.000000000000000000 ) ) ;
#8430 = ADVANCED_FACE ( 'NONE', ( #4432 ), #801, .F. ) ;
#8431 = ORIENTED_EDGE ( 'NONE', *, *, #7246, .F. ) ;
#8432 = ADVANCED_FACE ( 'NONE', ( #8128 ), #8912, .F. ) ;
#8433 = ORIENTED_EDGE ( 'NONE', *, *, #7072, .F. ) ;
#8434 = CARTESIAN_POINT ( 'NONE',  ( 3.857225112027403480, 51.79512473189770816, 57.97401668160055976 ) ) ;
#8435 = DIRECTION ( 'NONE',  ( 1.221245327087672194E-14, 0.000000000000000000, 1.000000000000000000 ) ) ;
#8436 = CARTESIAN_POINT ( 'NONE',  ( -57.40000000000004832, 53.89042705671922562, -0.1159854610426550858 ) ) ;
#8437 = CARTESIAN_POINT ( 'NONE',  ( 50.44624506040108969, 60.63407945469484162, 62.09010216162536722 ) ) ;
#8438 = CARTESIAN_POINT ( 'NONE',  ( 4.049999999999542410, 56.16173140978204259, -64.40000000000007674 ) ) ;
#8439 = DIRECTION ( 'NONE',  ( -0.000000000000000000, 1.000000000000000000, -0.000000000000000000 ) ) ;
#8440 = DIRECTION ( 'NONE',  ( 0.7071067811865401342, -0.000000000000000000, -0.7071067811865549002 ) ) ;
#8441 = CARTESIAN_POINT ( 'NONE',  ( 48.80647185219039130, 65.00000000000000000, 56.55243854460518804 ) ) ;
#8442 = AXIS2_PLACEMENT_3D ( 'NONE', #3809, #5286, #670 ) ;
#8443 = VERTEX_POINT ( 'NONE', #8864 ) ;
#8444 = ORIENTED_EDGE ( 'NONE', *, *, #6613, .F. ) ;
#8445 = ORIENTED_EDGE ( 'NONE', *, *, #2724, .T. ) ;
#8446 = DIRECTION ( 'NONE',  ( 0.000000000000000000, 0.000000000000000000, 1.000000000000000000 ) ) ;
#8447 = EDGE_LOOP ( 'NONE', ( #3350, #7299, #1468, #3265, #4142, #5675, #7754 ) ) ;
#8448 = ORIENTED_EDGE ( 'NONE', *, *, #6214, .F. ) ;
#8449 = CARTESIAN_POINT ( 'NONE',  ( -6.953002192757827160, 48.99377667534072600, -62.63490453770587152 ) ) ;
#8450 = CARTESIAN_POINT ( 'NONE',  ( 9.181544413650044589E-13, 58.49999999999999289, 74.49999999999998579 ) ) ;
#8451 = CARTESIAN_POINT ( 'NONE',  ( 45.53767670841350679, 53.82346281956403544, -45.53767670841381232 ) ) ;
#8452 = CARTESIAN_POINT ( 'NONE',  ( -3.470779219583164175E-13, 58.49999999999999289, -64.40000000000000568 ) ) ;
#8453 = CARTESIAN_POINT ( 'NONE',  ( 79.99997849107164427, 50.00020243698605071, -0.5579292939212294744 ) ) ;
#8454 = CARTESIAN_POINT ( 'NONE',  ( -52.56282089188180606, 65.00000000000000000, 60.30878758429780362 ) ) ;
#8455 = EDGE_LOOP ( 'NONE', ( #249, #334, #1301, #48, #4961, #7314, #7023, #4676, #7217, #1314, #7182, #5688, #3383, #3158, #3205, #9334, #6483, #7728, #5466, #3610 ) ) ;
#8456 = VECTOR ( 'NONE', #2727, 1000.000000000000000 ) ;
#8457 = ORIENTED_EDGE ( 'NONE', *, *, #26, .T. ) ;
#8458 = ORIENTED_EDGE ( 'NONE', *, *, #6810, .F. ) ;
#8459 = CARTESIAN_POINT ( 'NONE',  ( 18.89587269351086718, 65.00000000000000000, -51.65216350890474217 ) ) ;
#8460 = LINE ( 'NONE', #7771, #7550 ) ;
#8461 = LINE ( 'NONE', #3981, #94 ) ;
#8462 = AXIS2_PLACEMENT_3D ( 'NONE', #6579, #2887, #2744 ) ;
#8463 = VERTEX_POINT ( 'NONE', #9008 ) ;
#8464 = ORIENTED_EDGE ( 'NONE', *, *, #2237, .T. ) ;
#8465 = CARTESIAN_POINT ( 'NONE',  ( 3.877008887966909789, 49.93175828850173303, -60.73678965847709321 ) ) ;
#8466 = CARTESIAN_POINT ( 'NONE',  ( 45.53767670841349968, 58.49999999999995737, -45.53767670841381943 ) ) ;
#8467 = DIRECTION ( 'NONE',  ( -1.047444401652940007E-14, 0.000000000000000000, -1.000000000000000000 ) ) ;
#8468 = CARTESIAN_POINT ( 'NONE',  ( -1.680329652344940916, 53.88680772472712022, 57.40000000000004832 ) ) ;
#8469 = DIRECTION ( 'NONE',  ( -1.000000000000000000, 0.000000000000000000, 9.682177540335671686E-15 ) ) ;
#8470 = VERTEX_POINT ( 'NONE', #2130 ) ;
#8471 = CARTESIAN_POINT ( 'NONE',  ( 8.203949880374551640, 47.92298856977763677, -63.56071182489450422 ) ) ;
#8472 = VERTEX_POINT ( 'NONE', #2276 ) ;
#8473 = VERTEX_POINT ( 'NONE', #5128 ) ;
#8474 = AXIS2_PLACEMENT_3D ( 'NONE', #2106, #2891, #636 ) ;
#8475 = DIRECTION ( 'NONE',  ( 0.6123724356957940262, -0.5000000000000011102, -0.6123724356957940262 ) ) ;
#8476 = DIRECTION ( 'NONE',  ( -1.632680918566406990E-15, 0.000000000000000000, -1.000000000000000000 ) ) ;
#8477 = DIRECTION ( 'NONE',  ( -0.7071067811865500152, -5.077239441883339684E-15, -0.7071067811865449082 ) ) ;
#8478 = AXIS2_PLACEMENT_3D ( 'NONE', #2274, #1435, #703 ) ;
#8479 = CARTESIAN_POINT ( 'NONE',  ( -48.40145917221918381, 52.90000000000000568, -42.67389424460813530 ) ) ;
#8480 = DIRECTION ( 'NONE',  ( -1.000000000000000000, 0.000000000000000000, 6.769652589177784668E-15 ) ) ;
#8481 = EDGE_CURVE ( 'NONE', #7236, #6798, #8087, .T. ) ;
#8482 = AXIS2_PLACEMENT_3D ( 'NONE', #837, #1127, #3301 ) ;
#8483 = CARTESIAN_POINT ( 'NONE',  ( -2.554378579551074946, 53.10945582977837631, -57.47051678568121957 ) ) ;
#8484 = CARTESIAN_POINT ( 'NONE',  ( 57.40056085429985444, 53.82346281956404255, -2.100081518022105943E-13 ) ) ;
#8485 = CARTESIAN_POINT ( 'NONE',  ( -51.58663057988371747, 53.31721228575430871, 61.14667163244226344 ) ) ;
#8486 = VECTOR ( 'NONE', #593, 1000.000000000000000 ) ;
#8487 = EDGE_LOOP ( 'NONE', ( #3465, #6381, #215, #7649, #7171, #7738 ) ) ;
#8488 = ORIENTED_EDGE ( 'NONE', *, *, #5892, .F. ) ;
#8489 = ORIENTED_EDGE ( 'NONE', *, *, #1564, .F. ) ;
#8490 = CARTESIAN_POINT ( 'NONE',  ( 61.26058714987256337, 63.42214165181807317, 51.45070994118418639 ) ) ;
#8491 = ORIENTED_EDGE ( 'NONE', *, *, #7985, .T. ) ;
#8492 = ORIENTED_EDGE ( 'NONE', *, *, #6670, .F. ) ;
#8493 = EDGE_CURVE ( 'NONE', #1539, #587, #9336, .T. ) ;
#8494 = EDGE_CURVE ( 'NONE', #2043, #3584, #3654, .T. ) ;
#8495 = DIRECTION ( 'NONE',  ( 0.000000000000000000, 1.000000000000000000, 0.000000000000000000 ) ) ;
#8496 = DIRECTION ( 'NONE',  ( 0.7071067811865474617, -0.000000000000000000, 0.7071067811865474617 ) ) ;
#8497 = CARTESIAN_POINT ( 'NONE',  ( -73.38210163666076369, 49.04049385010738860, -31.86677595981175060 ) ) ;
#8498 = CARTESIAN_POINT ( 'NONE',  ( 5.701512242976444433, 49.93163963979180409, 60.56240784565895297 ) ) ;
#8499 = LINE ( 'NONE', #7579, #7618 ) ;
#8500 = VERTEX_POINT ( 'NONE', #113 ) ;
#8501 = CARTESIAN_POINT ( 'NONE',  ( 8.500000000000980549, 57.93782750889892696, 79.54715582596264767 ) ) ;
#8502 = VERTEX_POINT ( 'NONE', #5369 ) ;
#8503 = DIRECTION ( 'NONE',  ( 0.7071067811865550112, 0.000000000000000000, 0.7071067811865400232 ) ) ;
#8504 = EDGE_CURVE ( 'NONE', #2752, #1565, #6112, .T. ) ;
#8505 = ORIENTED_EDGE ( 'NONE', *, *, #5738, .F. ) ;
#8506 = LINE ( 'NONE', #1872, #402 ) ;
#8507 = EDGE_CURVE ( 'NONE', #9288, #5064, #596, .T. ) ;
#8508 = DIRECTION ( 'NONE',  ( 0.000000000000000000, 1.000000000000000000, 0.000000000000000000 ) ) ;
#8509 = DIRECTION ( 'NONE',  ( 0.000000000000000000, 1.000000000000000000, -0.000000000000000000 ) ) ;
#8510 = CARTESIAN_POINT ( 'NONE',  ( -61.91455903305295294, 49.48343036156218488, -6.345453433994290293 ) ) ;
#8511 = EDGE_LOOP ( 'NONE', ( #5786, #8769, #5217 ) ) ;
#8512 = EDGE_LOOP ( 'NONE', ( #8059, #5447, #1304 ) ) ;
#8513 = CARTESIAN_POINT ( 'NONE',  ( 5.646478818415044287, 49.98058182672757255, 60.36806642904157627 ) ) ;
#8514 = DIRECTION ( 'NONE',  ( 0.7071067811865450192, 0.000000000000000000, -0.7071067811865500152 ) ) ;
#8515 = DIRECTION ( 'NONE',  ( -0.000000000000000000, 1.000000000000000000, -0.000000000000000000 ) ) ;
#8516 = EDGE_CURVE ( 'NONE', #3090, #2147, #8211, .T. ) ;
#8517 = DIRECTION ( 'NONE',  ( 0.000000000000000000, 0.000000000000000000, 1.000000000000000000 ) ) ;
#8518 = CARTESIAN_POINT ( 'NONE',  ( -66.98126610706783879, 14.70000000000000462, 27.74454884647009933 ) ) ;
#8519 = ORIENTED_EDGE ( 'NONE', *, *, #5569, .F. ) ;
#8520 = CARTESIAN_POINT ( 'NONE',  ( 48.40145917221918381, 52.90000000000000568, 42.67389424460813530 ) ) ;
#8521 = ADVANCED_BREP_SHAPE_REPRESENTATION ( '1M2A', ( #3252, #6750 ), #9100 ) ;
#8522 =( BOUNDED_CURVE ( )  B_SPLINE_CURVE ( 3, ( #8830, #8740, #9616, #2734 ),
 .UNSPECIFIED., .F., .F. ) 
 B_SPLINE_CURVE_WITH_KNOTS ( ( 4, 4 ),
 ( 0.9679010885993953872, 1.570796326794911213 ),
 .UNSPECIFIED. ) 
 CURVE ( )  GEOMETRIC_REPRESENTATION_ITEM ( )  RATIONAL_B_SPLINE_CURVE ( ( 1.000000000000000000, 0.9699384583854567810, 0.9699384583854567810, 1.000000000000000000 ) ) 
 REPRESENTATION_ITEM ( '' )  );
#8523 = ORIENTED_EDGE ( 'NONE', *, *, #8167, .T. ) ;
#8524 = ORIENTED_EDGE ( 'NONE', *, *, #5065, .F. ) ;
#8525 = CARTESIAN_POINT ( 'NONE',  ( 3.120748085695443486, 52.53873980262969923, 57.62560643892297918 ) ) ;
#8526 = CARTESIAN_POINT ( 'NONE',  ( 4.050000000000905764, 56.16173140978203548, 64.40000000000000568 ) ) ;
#8527 = LINE ( 'NONE', #2530, #8386 ) ;
#8528 = LINE ( 'NONE', #3275, #7159 ) ;
#8529 = EDGE_CURVE ( 'NONE', #3493, #1967, #4935, .T. ) ;
#8530 = DIRECTION ( 'NONE',  ( 1.000000000000000000, 0.000000000000000000, 0.000000000000000000 ) ) ;
#8531 = DIRECTION ( 'NONE',  ( -0.000000000000000000, 1.000000000000000000, -0.000000000000000000 ) ) ;
#8532 = EDGE_CURVE ( 'NONE', #2267, #7381, #5410, .T. ) ;
#8533 = DIRECTION ( 'NONE',  ( 0.000000000000000000, 1.000000000000000000, 0.000000000000000000 ) ) ;
#8534 = CARTESIAN_POINT ( 'NONE',  ( -45.53767670841317283, 58.49999999999995737, 45.53767670841414628 ) ) ;
#8535 = DIRECTION ( 'NONE',  ( -0.7071067811865500152, 0.000000000000000000, -0.7071067811865450192 ) ) ;
#8536 = EDGE_LOOP ( 'NONE', ( #1676, #7737, #2197 ) ) ;
#8537 = VECTOR ( 'NONE', #3427, 999.9999999999998863 ) ;
#8538 = EDGE_LOOP ( 'NONE', ( #6667, #2471 ) ) ;
#8539 = VERTEX_POINT ( 'NONE', #1473 ) ;
#8540 = CARTESIAN_POINT ( 'NONE',  ( 6.373402946047853845, 64.15750124651322039, 79.74660123940635970 ) ) ;
#8541 = VERTEX_POINT ( 'NONE', #7483 ) ;
#8542 = VERTEX_POINT ( 'NONE', #6738 ) ;
#8543 = AXIS2_PLACEMENT_3D ( 'NONE', #2715, #3995, #5771 ) ;
#8544 = VECTOR ( 'NONE', #8716, 1000.000000000000000 ) ;
#8545 = DIRECTION ( 'NONE',  ( 0.000000000000000000, 0.000000000000000000, 1.000000000000000000 ) ) ;
#8546 = EDGE_CURVE ( 'NONE', #2623, #4031, #9538, .T. ) ;
#8547 = PLANE ( 'NONE',  #9196 ) ;
#8548 = FACE_OUTER_BOUND ( 'NONE', #7286, .T. ) ;
#8549 = FACE_OUTER_BOUND ( 'NONE', #689, .T. ) ;
#8550 = DIRECTION ( 'NONE',  ( -0.6123724356958005766, -0.4999999999999998890, -0.6123724356957885862 ) ) ;
#8551 = EDGE_CURVE ( 'NONE', #830, #7571, #6200, .T. ) ;
#8552 = ORIENTED_EDGE ( 'NONE', *, *, #1134, .F. ) ;
#8553 = CIRCLE ( 'NONE', #2901, 4.099999999999999645 ) ;
#8554 = VECTOR ( 'NONE', #9605, 1000.000000000000000 ) ;
#8555 = CARTESIAN_POINT ( 'NONE',  ( 1.930287717412675796, 50.21735059020377179, 79.97718013554012373 ) ) ;
#8556 = ORIENTED_EDGE ( 'NONE', *, *, #2581, .F. ) ;
#8557 = VECTOR ( 'NONE', #6793, 1000.000000000000000 ) ;
#8558 = PLANE ( 'NONE',  #5980 ) ;
#8559 = EDGE_CURVE ( 'NONE', #7221, #2093, #7531, .T. ) ;
#8560 = VERTEX_POINT ( 'NONE', #2950 ) ;
#8561 = DIRECTION ( 'NONE',  ( 0.000000000000000000, 1.000000000000000000, 0.000000000000000000 ) ) ;
#8562 = ADVANCED_FACE ( 'NONE', ( #6 ), #3692, .F. ) ;
#8563 = EDGE_CURVE ( 'NONE', #7436, #7317, #6002, .T. ) ;
#8564 = CIRCLE ( 'NONE', #4316, 4.099999999999999645 ) ;
#8565 = CARTESIAN_POINT ( 'NONE',  ( 9.181544413650044589E-13, 58.49999999999999289, 64.39999999999999147 ) ) ;
#8566 = AXIS2_PLACEMENT_3D ( 'NONE', #6552, #2856, #1975 ) ;
#8567 = CARTESIAN_POINT ( 'NONE',  ( 4.099999999999599076, 58.49999999999999289, -74.50000000000002842 ) ) ;
#8568 = CARTESIAN_POINT ( 'NONE',  ( 4.177332116314186550, 30.90000000000000213, 25.00000000000000000 ) ) ;
#8569 = VERTEX_POINT ( 'NONE', #2169 ) ;
#8570 = AXIS2_PLACEMENT_3D ( 'NONE', #3730, #6723, #6955 ) ;
#8571 = CARTESIAN_POINT ( 'NONE',  ( -3.876709856206806304, 49.93176139478116937, -60.73680226482593980 ) ) ;
#8572 = AXIS2_PLACEMENT_3D ( 'NONE', #727, #5835, #5987 ) ;
#8573 = CARTESIAN_POINT ( 'NONE',  ( 59.40767242217741284, 50.37390771728855299, 5.259674179122028725 ) ) ;
#8574 = DIRECTION ( 'NONE',  ( 0.000000000000000000, 0.000000000000000000, 1.000000000000000000 ) ) ;
#8575 = EDGE_CURVE ( 'NONE', #2070, #9459, #4779, .T. ) ;
#8576 = CIRCLE ( 'NONE', #3079, 4.099999999999999645 ) ;
#8577 = CARTESIAN_POINT ( 'NONE',  ( 74.50000000000000000, 65.00000000000000000, -5.477225575051780204 ) ) ;
#8578 = ORIENTED_EDGE ( 'NONE', *, *, #2981, .F. ) ;
#8579 = VERTEX_POINT ( 'NONE', #1324 ) ;
#8580 = PLANE ( 'NONE',  #1606 ) ;
#8581 = CARTESIAN_POINT ( 'NONE',  ( 3.120954407576468803, 52.53853175166452871, -57.62567668162559187 ) ) ;
#8582 = CARTESIAN_POINT ( 'NONE',  ( 6.360414935807147785, 64.14710452532456486, -79.74704090282686764 ) ) ;
#8583 = AXIS2_PLACEMENT_3D ( 'NONE', #1846, #427, #7797 ) ;
#8584 = CARTESIAN_POINT ( 'NONE',  ( 25.00000000000000000, 30.90000000000000213, 0.000000000000000000 ) ) ;
#8585 = DIRECTION ( 'NONE',  ( -0.000000000000000000, 1.000000000000000000, -0.000000000000000000 ) ) ;
#8586 = CARTESIAN_POINT ( 'NONE',  ( 45.53767670841367732, 58.49999999999999289, 45.53767670841364890 ) ) ;
#8587 =( BOUNDED_CURVE ( )  B_SPLINE_CURVE ( 3, ( #467, #6323, #3472, #3277 ),
 .UNSPECIFIED., .F., .F. ) 
 B_SPLINE_CURVE_WITH_KNOTS ( ( 4, 4 ),
 ( 0.9679010885991358171, 1.570796326794896780 ),
 .UNSPECIFIED. ) 
 CURVE ( )  GEOMETRIC_REPRESENTATION_ITEM ( )  RATIONAL_B_SPLINE_CURVE ( ( 1.000000000000000000, 0.9699384583854324671, 0.9699384583854324671, 1.000000000000000000 ) ) 
 REPRESENTATION_ITEM ( '' )  );
#8588 = ADVANCED_FACE ( 'NONE', ( #5063 ), #8999, .T. ) ;
#8589 = EDGE_CURVE ( 'NONE', #7313, #8287, #7337, .T. ) ;
#8590 = EDGE_LOOP ( 'NONE', ( #2875, #6378, #307, #977 ) ) ;
#8591 = ADVANCED_FACE ( 'NONE', ( #5851 ), #5119, .F. ) ;
#8592 = ORIENTED_EDGE ( 'NONE', *, *, #4166, .T. ) ;
#8593 = ORIENTED_EDGE ( 'NONE', *, *, #1306, .T. ) ;
#8594 = CARTESIAN_POINT ( 'NONE',  ( 7.430430031591276574, 62.63942327256240361, 79.65434534925847743 ) ) ;
#8595 = ORIENTED_EDGE ( 'NONE', *, *, #5672, .F. ) ;
#8596 = ORIENTED_EDGE ( 'NONE', *, *, #5060, .F. ) ;
#8597 = CARTESIAN_POINT ( 'NONE',  ( -6.407329964133975153, 52.88654875421620005, 79.74399261726736654 ) ) ;
#8598 = FACE_OUTER_BOUND ( 'NONE', #139, .T. ) ;
#8599 = LINE ( 'NONE', #3141, #1642 ) ;
#8600 = DIRECTION ( 'NONE',  ( 0.000000000000000000, 1.000000000000000000, 0.000000000000000000 ) ) ;
#8601 = ORIENTED_EDGE ( 'NONE', *, *, #2981, .T. ) ;
#8602 = CARTESIAN_POINT ( 'NONE',  ( 3.257861734142841303, 50.63451155045603969, 79.93486624094825288 ) ) ;
#8603 = ORIENTED_EDGE ( 'NONE', *, *, #7059, .T. ) ;
#8604 = CYLINDRICAL_SURFACE ( 'NONE', #7865, 65.00000000000000000 ) ;
#8605 = ORIENTED_EDGE ( 'NONE', *, *, #7987, .F. ) ;
#8606 = DIRECTION ( 'NONE',  ( 1.000000000000000000, 0.000000000000000000, -1.776356839400250465E-15 ) ) ;
#8607 = AXIS2_PLACEMENT_3D ( 'NONE', #1278, #6351, #6546 ) ;
#8608 = CARTESIAN_POINT ( 'NONE',  ( 0.5697331047736071685, 53.89029207088822204, -57.40000000000004832 ) ) ;
#8609 = CARTESIAN_POINT ( 'NONE',  ( -74.49999999999998579, 58.49999999999999289, 6.592226764468023248E-13 ) ) ;
#8610 = CARTESIAN_POINT ( 'NONE',  ( -64.00132858745593012, 65.00000000000000000, -11.35032770630428267 ) ) ;
#8611 = EDGE_CURVE ( 'NONE', #8065, #7582, #3647, .T. ) ;
#8612 = AXIS2_PLACEMENT_3D ( 'NONE', #1993, #5731, #616 ) ;
#8613 = ORIENTED_EDGE ( 'NONE', *, *, #1930, .T. ) ;
#8614 = CYLINDRICAL_SURFACE ( 'NONE', #4200, 11.09999999999999964 ) ;
#8615 = DIRECTION ( 'NONE',  ( -1.221245327087672352E-14, 0.000000000000000000, -1.000000000000000000 ) ) ;
#8616 = DIRECTION ( 'NONE',  ( 6.918095612377566956E-15, -1.685161507135332739E-29, 1.000000000000000000 ) ) ;
#8617 = AXIS2_PLACEMENT_3D ( 'NONE', #7624, #5358, #972 ) ;
#8618 = CIRCLE ( 'NONE', #7994, 9.999999999999994671 ) ;
#8619 = CARTESIAN_POINT ( 'NONE',  ( -74.49999999999998579, 58.49999999999995737, 6.592920653858412961E-13 ) ) ;
#8620 = ORIENTED_EDGE ( 'NONE', *, *, #9262, .F. ) ;
#8621 = ORIENTED_EDGE ( 'NONE', *, *, #105, .F. ) ;
#8622 = FACE_OUTER_BOUND ( 'NONE', #4288, .T. ) ;
#8623 = CARTESIAN_POINT ( 'NONE',  ( 48.40145917221902749, 52.90000000000000568, -42.67389424460832004 ) ) ;
#8624 = CARTESIAN_POINT ( 'NONE',  ( 8.150344251701945097, 60.93279765903598388, -79.58380448438086319 ) ) ;
#8625 = EDGE_CURVE ( 'NONE', #1659, #3039, #2900, .T. ) ;
#8626 = CARTESIAN_POINT ( 'NONE',  ( -50.49950833332427180, 60.94258388591423881, -62.04690084768217417 ) ) ;
#8627 = EDGE_CURVE ( 'NONE', #9126, #7313, #6521, .T. ) ;
#8628 = DIRECTION ( 'NONE',  ( -0.000000000000000000, 0.000000000000000000, 1.000000000000000000 ) ) ;
#8629 = DIRECTION ( 'NONE',  ( -0.000000000000000000, 1.000000000000000000, -0.000000000000000000 ) ) ;
#8630 = EDGE_CURVE ( 'NONE', #7999, #4711, #8265, .T. ) ;
#8631 = DIRECTION ( 'NONE',  ( -5.329070518200751394E-15, 0.000000000000000000, -1.000000000000000000 ) ) ;
#8632 = CARTESIAN_POINT ( 'NONE',  ( 0.000000000000000000, 37.90000000000000568, 0.000000000000000000 ) ) ;
#8633 = ORIENTED_EDGE ( 'NONE', *, *, #5317, .F. ) ;
#8634 = VERTEX_POINT ( 'NONE', #8294 ) ;
#8635 = CIRCLE ( 'NONE', #2988, 4.099999999999999645 ) ;
#8636 = ORIENTED_EDGE ( 'NONE', *, *, #5546, .T. ) ;
#8637 = DIRECTION ( 'NONE',  ( 1.000000000000000000, 0.000000000000000000, -4.152706626322565443E-16 ) ) ;
#8638 = ORIENTED_EDGE ( 'NONE', *, *, #5347, .F. ) ;
#8639 = ORIENTED_EDGE ( 'NONE', *, *, #2337, .T. ) ;
#8640 = CIRCLE ( 'NONE', #6913, 4.099999999999998757 ) ;
#8641 = AXIS2_PLACEMENT_3D ( 'NONE', #3139, #4610, #6879 ) ;
#8642 = PLANE ( 'NONE',  #8962 ) ;
#8643 = CARTESIAN_POINT ( 'NONE',  ( -11.35032770630694188, 45.00000000000000711, -64.00132858745544695 ) ) ;
#8644 = CARTESIAN_POINT ( 'NONE',  ( -5.477225575050725048, 50.00000000000000000, 57.40000000000004832 ) ) ;
#8645 = CARTESIAN_POINT ( 'NONE',  ( 0.000000000000000000, 0.000000000000000000, 0.000000000000000000 ) ) ;
#8646 = PLANE ( 'NONE',  #73 ) ;
#8647 = EDGE_CURVE ( 'NONE', #8879, #8304, #2487, .T. ) ;
#8648 = ORIENTED_EDGE ( 'NONE', *, *, #3491, .T. ) ;
#8649 = DIRECTION ( 'NONE',  ( 0.000000000000000000, 0.000000000000000000, 1.000000000000000000 ) ) ;
#8650 = ORIENTED_EDGE ( 'NONE', *, *, #3710, .T. ) ;
#8651 = CARTESIAN_POINT ( 'NONE',  ( -61.40000000000003411, 65.00000000000000000, 1.781881413105673717 ) ) ;
#8652 = ORIENTED_EDGE ( 'NONE', *, *, #7492, .T. ) ;
#8653 = LINE ( 'NONE', #9667, #7779 ) ;
#8654 = AXIS2_PLACEMENT_3D ( 'NONE', #4910, #1969, #7283 ) ;
#8655 = ADVANCED_FACE ( 'NONE', ( #5484 ), #3081, .T. ) ;
#8656 = LINE ( 'NONE', #5115, #2216 ) ;
#8657 = DIRECTION ( 'NONE',  ( 0.000000000000000000, 0.000000000000000000, -1.000000000000000000 ) ) ;
#8658 = CARTESIAN_POINT ( 'NONE',  ( -5.951258042793729608, 64.60055649911892317, 79.77974863812401907 ) ) ;
#8659 = VERTEX_POINT ( 'NONE', #9215 ) ;
#8660 = CARTESIAN_POINT ( 'NONE',  ( -66.98126610706783879, 14.70000000000000462, 27.74454884647009933 ) ) ;
#8661 = DIRECTION ( 'NONE',  ( -0.000000000000000000, 1.000000000000000000, -0.000000000000000000 ) ) ;
#8662 = CYLINDRICAL_SURFACE ( 'NONE', #8289, 8.500000000000000000 ) ;
#8663 = CARTESIAN_POINT ( 'NONE',  ( -64.40000000000003411, 56.16173140978203548, 4.050000000000231637 ) ) ;
#8664 = DIRECTION ( 'NONE',  ( 0.000000000000000000, 0.000000000000000000, 1.000000000000000000 ) ) ;
#8665 = PLANE ( 'NONE',  #538 ) ;
#8666 = VERTEX_POINT ( 'NONE', #3816 ) ;
#8667 = EDGE_CURVE ( 'NONE', #8065, #8029, #4597, .T. ) ;
#8668 = EDGE_LOOP ( 'NONE', ( #8320, #524, #95, #5808, #4656, #6259 ) ) ;
#8669 = CARTESIAN_POINT ( 'NONE',  ( 5.576856182441724208, 50.05142971823723741, 60.10732924022869383 ) ) ;
#8670 = CARTESIAN_POINT ( 'NONE',  ( 5.646478818413158685, 49.98058182672756544, -60.36806642904172548 ) ) ;
#8671 = DIRECTION ( 'NONE',  ( 0.000000000000000000, 0.000000000000000000, 1.000000000000000000 ) ) ;
#8672 = EDGE_CURVE ( 'NONE', #8751, #1631, #2441, .T. ) ;
#8673 = EDGE_CURVE ( 'NONE', #2708, #5457, #8564, .T. ) ;
#8674 = CARTESIAN_POINT ( 'NONE',  ( 2.577833609687048888, 61.68822425195688197, -64.40000000000006253 ) ) ;
#8675 = CARTESIAN_POINT ( 'NONE',  ( -57.64235574244765559, 61.22646006432997012, 3.377632643773237131 ) ) ;
#8676 = B_SPLINE_CURVE_WITH_KNOTS ( 'NONE', 3,
 ( #3948, #6165, #1789, #7787, #993, #3266, #8471, #172, #6221, #5476, #7004, #6267, #8374, #9254, #2525, #2477 ),
 .UNSPECIFIED., .F., .F.,
 ( 4, 2, 2, 2, 2, 2, 2, 4 ),
 ( 0.001195706169275125106, 0.002136285577484359731, 0.003076864985693594356, 0.004958023802112050162, 0.005898603210321271342, 0.006839182618530493390, 0.007779762026739727582, 0.008720341434948963508 ),
 .UNSPECIFIED. ) ;
#8677 = LINE ( 'NONE', #4203, #8226 ) ;
#8678 = DIRECTION ( 'NONE',  ( -0.000000000000000000, -0.000000000000000000, 1.000000000000000000 ) ) ;
#8679 = CARTESIAN_POINT ( 'NONE',  ( -79.81227975693960275, 65.00000000000000000, 5.477225575052350415 ) ) ;
#8680 = ORIENTED_EDGE ( 'NONE', *, *, #7693, .T. ) ;
#8681 = VERTEX_POINT ( 'NONE', #4551 ) ;
#8682 = ORIENTED_EDGE ( 'NONE', *, *, #5824, .T. ) ;
#8683 = CARTESIAN_POINT ( 'NONE',  ( 8.444812594452294263, 57.38540641396107134, -79.55310778762424206 ) ) ;
#8684 = VERTEX_POINT ( 'NONE', #3868 ) ;
#8685 = ORIENTED_EDGE ( 'NONE', *, *, #8411, .F. ) ;
#8686 = EDGE_CURVE ( 'NONE', #5457, #1098, #1752, .T. ) ;
#8687 = DIRECTION ( 'NONE',  ( 0.000000000000000000, 0.000000000000000000, -1.000000000000000000 ) ) ;
#8688 = CARTESIAN_POINT ( 'NONE',  ( 4.100000000000918021, 58.49999999999999289, 64.39999999999999147 ) ) ;
#8689 = CARTESIAN_POINT ( 'NONE',  ( 60.65943617683436173, 49.91278067414285857, 5.733858381161401674 ) ) ;
#8690 = CARTESIAN_POINT ( 'NONE',  ( -73.88099797964947868, 64.00000071709243343, -30.68547111469908728 ) ) ;
#8691 = CARTESIAN_POINT ( 'NONE',  ( -66.98126610706783879, -35.59999999999999432, 27.74454884647009933 ) ) ;
#8692 = ORIENTED_EDGE ( 'NONE', *, *, #6968, .F. ) ;
#8693 = CYLINDRICAL_SURFACE ( 'NONE', #9707, 8.500000000000000000 ) ;
#8694 = EDGE_LOOP ( 'NONE', ( #1770, #4453 ) ) ;
#8695 = CARTESIAN_POINT ( 'NONE',  ( -8.433956757656433822, 59.72720960914486454, -79.55429994999734333 ) ) ;
#8696 = ORIENTED_EDGE ( 'NONE', *, *, #6892, .T. ) ;
#8697 = ORIENTED_EDGE ( 'NONE', *, *, #8934, .F. ) ;
#8698 = CIRCLE ( 'NONE', #4768, 4.099999999999999645 ) ;
#8699 = VECTOR ( 'NONE', #72, 1000.000000000000000 ) ;
#8700 = DIRECTION ( 'NONE',  ( 0.000000000000000000, 0.000000000000000000, 1.000000000000000000 ) ) ;
#8701 = DIRECTION ( 'NONE',  ( -0.7071067811865500152, 0.000000000000000000, -0.7071067811865449082 ) ) ;
#8702 = FACE_OUTER_BOUND ( 'NONE', #1077, .T. ) ;
#8703 = AXIS2_PLACEMENT_3D ( 'NONE', #3681, #6681, #9676 ) ;
#8704 = VECTOR ( 'NONE', #9524, 1000.000000000000114 ) ;
#8705 = CIRCLE ( 'NONE', #4470, 8.499999999999998224 ) ;
#8706 = ORIENTED_EDGE ( 'NONE', *, *, #4314, .F. ) ;
#8707 = EDGE_CURVE ( 'NONE', #4826, #7417, #1333, .T. ) ;
#8708 = LINE ( 'NONE', #499, #6088 ) ;
#8709 = EDGE_CURVE ( 'NONE', #1369, #55, #223, .T. ) ;
#8710 = PLANE ( 'NONE',  #9495 ) ;
#8711 = DIRECTION ( 'NONE',  ( 1.000000000000000000, 0.000000000000000000, -1.776356839400250465E-15 ) ) ;
#8712 = CARTESIAN_POINT ( 'NONE',  ( 57.87106957281825714, 51.97812011110462294, 3.676149320369620721 ) ) ;
#8713 = CIRCLE ( 'NONE', #5895, 65.00000000000000000 ) ;
#8714 = EDGE_CURVE ( 'NONE', #5519, #5212, #7654, .T. ) ;
#8715 = CIRCLE ( 'NONE', #2430, 4.099999999999999645 ) ;
#8716 = DIRECTION ( 'NONE',  ( -0.000000000000000000, 1.000000000000000000, -0.000000000000000000 ) ) ;
#8717 = VECTOR ( 'NONE', #8322, 1000.000000000000000 ) ;
#8719 = DIRECTION ( 'NONE',  ( 0.7071067811865550112, 0.000000000000000000, 0.7071067811865401342 ) ) ;
#8718 = CARTESIAN_POINT ( 'NONE',  ( -55.18559828954371937, 50.21796050772876185, 57.91912513903708515 ) ) ;
#8720 = ORIENTED_EDGE ( 'NONE', *, *, #2544, .F. ) ;
#8721 = AXIS2_PLACEMENT_3D ( 'NONE', #666, #2038, #7307 ) ;
#8722 = AXIS2_PLACEMENT_3D ( 'NONE', #2484, #8337, #9072 ) ;
#8723 = ORIENTED_EDGE ( 'NONE', *, *, #6666, .F. ) ;
#8724 = CARTESIAN_POINT ( 'NONE',  ( 1.781881413103104661, 53.88633504566437438, -57.40000000000004832 ) ) ;
#8725 = CARTESIAN_POINT ( 'NONE',  ( 0.000000000000000000, 45.00000000000000711, 0.000000000000000000 ) ) ;
#8726 = CARTESIAN_POINT ( 'NONE',  ( -51.31620694107010650, 63.16632374874965450, -61.37322673622855262 ) ) ;
#8727 = AXIS2_PLACEMENT_3D ( 'NONE', #5615, #8757, #8701 ) ;
#8728 = CIRCLE ( 'NONE', #6848, 4.099999999999993427 ) ;
#8729 = CARTESIAN_POINT ( 'NONE',  ( -66.98126610706783879, 65.00000000000000000, 27.74454884647009933 ) ) ;
#8730 = CARTESIAN_POINT ( 'NONE',  ( -58.82370011183530067, 50.78903292842422701, -4.850776377534266715 ) ) ;
#8731 = CARTESIAN_POINT ( 'NONE',  ( 60.36806642904155495, 49.98058182672757255, -5.646478818415253897 ) ) ;
#8732 = CARTESIAN_POINT ( 'NONE',  ( -2.598160995413645757, 55.32351176966386674, -57.40000000000005542 ) ) ;
#8733 = CARTESIAN_POINT ( 'NONE',  ( -64.39999999999994884, 58.49999999999995737, 4.100000000000568967 ) ) ;
#8734 = EDGE_CURVE ( 'NONE', #2770, #3093, #5435, .T. ) ;
#8735 = ADVANCED_FACE ( 'NONE', ( #1702 ), #2345, .F. ) ;
#8736 = ORIENTED_EDGE ( 'NONE', *, *, #3363, .F. ) ;
#8737 = ORIENTED_EDGE ( 'NONE', *, *, #232, .F. ) ;
#8738 = VECTOR ( 'NONE', #679, 1000.000000000000000 ) ;
#8739 = ORIENTED_EDGE ( 'NONE', *, *, #207, .F. ) ;
#8740 = CARTESIAN_POINT ( 'NONE',  ( -3.377632643771899534, 61.22646006433016908, 57.64235574244806060 ) ) ;
#8741 = ORIENTED_EDGE ( 'NONE', *, *, #368, .T. ) ;
#8742 = EDGE_LOOP ( 'NONE', ( #5348, #2382, #8347, #5617 ) ) ;
#8743 = DIRECTION ( 'NONE',  ( -1.000000000000000000, -0.000000000000000000, 3.491481338843133750E-15 ) ) ;
#8744 = VECTOR ( 'NONE', #2333, 1000.000000000000000 ) ;
#8745 = DIRECTION ( 'NONE',  ( -0.7071067811865474617, 0.000000000000000000, 0.7071067811865474617 ) ) ;
#8746 = CARTESIAN_POINT ( 'NONE',  ( 48.40145917221918381, 52.90000000000000568, 42.67389424460813530 ) ) ;
#8747 = DIRECTION ( 'NONE',  ( -0.7071067811865500152, 0.000000000000000000, -0.7071067811865449082 ) ) ;
#8748 = CARTESIAN_POINT ( 'NONE',  ( 61.47319857597742043, 49.67789225487039317, -6.084853803023860586 ) ) ;
#8749 = DIRECTION ( 'NONE',  ( 6.982962677686267499E-15, 0.000000000000000000, 1.000000000000000000 ) ) ;
#8750 = ORIENTED_EDGE ( 'NONE', *, *, #5738, .T. ) ;
#8751 = VERTEX_POINT ( 'NONE', #132 ) ;
#8752 = PLANE ( 'NONE',  #5029 ) ;
#8753 = ORIENTED_EDGE ( 'NONE', *, *, #2608, .F. ) ;
#8754 = EDGE_LOOP ( 'NONE', ( #7080, #2526 ) ) ;
#8755 = CARTESIAN_POINT ( 'NONE',  ( 4.177332116314199872, 1.500000000000001332, -25.00000000000000711 ) ) ;
#8756 = ADVANCED_FACE ( 'NONE', ( #2388 ), #85, .T. ) ;
#8757 = DIRECTION ( 'NONE',  ( 0.7071067811865450192, 0.000000000000000000, -0.7071067811865500152 ) ) ;
#8758 = DIRECTION ( 'NONE',  ( -0.000000000000000000, -1.000000000000000000, -0.000000000000000000 ) ) ;
#8759 = VERTEX_POINT ( 'NONE', #6276 ) ;
#8760 = CARTESIAN_POINT ( 'NONE',  ( -51.85756130271548869, 52.88547448879047153, -60.91758131164583290 ) ) ;
#8761 = AXIS2_PLACEMENT_3D ( 'NONE', #9067, #2336, #3667 ) ;
#8762 = PLANE ( 'NONE',  #6997 ) ;
#8763 = CARTESIAN_POINT ( 'NONE',  ( 52.67945519839778967, 65.00000000000000000, 52.67945519839778257 ) ) ;
#8764 = CARTESIAN_POINT ( 'NONE',  ( 57.41772093275439914, 53.49590396740813958, 2.170305432102292542 ) ) ;
#8765 = DIRECTION ( 'NONE',  ( 1.015447888376667621E-14, 0.000000000000000000, 1.000000000000000000 ) ) ;
#8766 = VECTOR ( 'NONE', #1323, 1000.000000000000000 ) ;
#8768 = CARTESIAN_POINT ( 'NONE',  ( 39.13836033867541175, 56.16173140978202127, 44.86592526628645317 ) ) ;
#8767 = DIRECTION ( 'NONE',  ( 0.000000000000000000, 0.000000000000000000, 1.000000000000000000 ) ) ;
#8769 = ORIENTED_EDGE ( 'NONE', *, *, #412, .T. ) ;
#8770 = EDGE_CURVE ( 'NONE', #3052, #5457, #1557, .T. ) ;
#8771 = ORIENTED_EDGE ( 'NONE', *, *, #3699, .T. ) ;
#8772 = VECTOR ( 'NONE', #4665, 1000.000000000000000 ) ;
#8773 = FACE_OUTER_BOUND ( 'NONE', #4861, .T. ) ;
#8774 = ADVANCED_FACE ( 'NONE', ( #7604 ), #3127, .T. ) ;
#8775 = CARTESIAN_POINT ( 'NONE',  ( 48.43681451127851290, 58.49999999999999289, 42.63853890554880621 ) ) ;
#8776 = CARTESIAN_POINT ( 'NONE',  ( 61.04346596506924527, 30.90000000000000213, 22.33148591051282494 ) ) ;
#8777 = CARTESIAN_POINT ( 'NONE',  ( -4.049999999999092992, 60.83826859021803557, 64.40000000000010516 ) ) ;
#8778 = CARTESIAN_POINT ( 'NONE',  ( -4.099999999999081268, 58.49999999999999289, 74.49999999999998579 ) ) ;
#8779 = CARTESIAN_POINT ( 'NONE',  ( 53.12608506397206298, 51.42104161641679383, -59.81453236953129249 ) ) ;
#8780 = DIRECTION ( 'NONE',  ( 0.000000000000000000, 0.000000000000000000, 1.000000000000000000 ) ) ;
#8781 = CIRCLE ( 'NONE', #4842, 4.099999999999993427 ) ;
#8782 = ORIENTED_EDGE ( 'NONE', *, *, #1021, .F. ) ;
#8783 = VERTEX_POINT ( 'NONE', #180 ) ;
#8784 = CARTESIAN_POINT ( 'NONE',  ( 8.215239291771400332, 56.30049812078664928, -79.57711026374077790 ) ) ;
#8785 = VERTEX_POINT ( 'NONE', #3172 ) ;
#8786 = ORIENTED_EDGE ( 'NONE', *, *, #6249, .F. ) ;
#8787 = CARTESIAN_POINT ( 'NONE',  ( 5.477225575052628415, 65.00000000000000000, 79.81227975693958854 ) ) ;
#8788 = CARTESIAN_POINT ( 'NONE',  ( 7.524155313998010600E-23, 49.99999999999998579, -80.00000000000000000 ) ) ;
#8789 = DIRECTION ( 'NONE',  ( -0.000000000000000000, -0.000000000000000000, 1.000000000000000000 ) ) ;
#8790 = CARTESIAN_POINT ( 'NONE',  ( 45.53767670841367732, 58.49999999999999289, 45.53767670841364890 ) ) ;
#8791 = CARTESIAN_POINT ( 'NONE',  ( 60.65943617683424094, 49.91278067414284436, -5.733858381163742024 ) ) ;
#8792 = CARTESIAN_POINT ( 'NONE',  ( -66.98126610706783879, 14.70000000000000462, 24.14454884647009791 ) ) ;
#8793 = ORIENTED_EDGE ( 'NONE', *, *, #4540, .T. ) ;
#8794 = VERTEX_POINT ( 'NONE', #6172 ) ;
#8795 = DIRECTION ( 'NONE',  ( -1.396592535537253500E-14, -0.000000000000000000, -1.000000000000000000 ) ) ;
#8796 = EDGE_CURVE ( 'NONE', #770, #7964, #2828, .T. ) ;
#8797 = ORIENTED_EDGE ( 'NONE', *, *, #2389, .F. ) ;
#8798 = VERTEX_POINT ( 'NONE', #3471 ) ;
#8799 = AXIS2_PLACEMENT_3D ( 'NONE', #6813, #8379, #4502 ) ;
#8800 = AXIS2_PLACEMENT_3D ( 'NONE', #8729, #7061, #4885 ) ;
#8801 = EDGE_CURVE ( 'NONE', #9188, #708, #4836, .T. ) ;
#8802 = CARTESIAN_POINT ( 'NONE',  ( 66.98126610706803774, 0.000000000000000000, -27.74454884646963038 ) ) ;
#8803 = DIRECTION ( 'NONE',  ( -1.000000000000000000, 0.000000000000000000, 8.826273045769994496E-15 ) ) ;
#8804 = PLANE ( 'NONE',  #9078 ) ;
#8805 = CARTESIAN_POINT ( 'NONE',  ( 66.98126610706803774, 14.70000000000000462, -27.74454884646963038 ) ) ;
#8806 = CIRCLE ( 'NONE', #6607, 4.099999999999999645 ) ;
#8807 = ORIENTED_EDGE ( 'NONE', *, *, #5790, .T. ) ;
#8808 = VECTOR ( 'NONE', #4274, 1000.000000000000114 ) ;
#8809 = CARTESIAN_POINT ( 'NONE',  ( -50.23792566855559727, 58.49999999999999289, -62.25874094872688858 ) ) ;
#8810 = VERTEX_POINT ( 'NONE', #3376 ) ;
#8811 = DIRECTION ( 'NONE',  ( -1.000000000000000000, 0.000000000000000000, 8.826273045769994496E-15 ) ) ;
#8812 = CARTESIAN_POINT ( 'NONE',  ( -5.873467074498929463, 53.84175552389679353, 57.40000000000004832 ) ) ;
#8813 = EDGE_CURVE ( 'NONE', #1996, #9714, #6418, .T. ) ;
#8814 = FACE_OUTER_BOUND ( 'NONE', #1406, .T. ) ;
#8816 = CARTESIAN_POINT ( 'NONE',  ( 37.33767670841353237, 58.49999999999995737, -37.33767670841378816 ) ) ;
#8815 = CARTESIAN_POINT ( 'NONE',  ( -64.40000000000004832, 9.672827050956818619E-28, 2.211280286727785861E-13 ) ) ;
#8817 = ORIENTED_EDGE ( 'NONE', *, *, #1828, .F. ) ;
#8818 = ORIENTED_EDGE ( 'NONE', *, *, #1743, .F. ) ;
#8819 = CARTESIAN_POINT ( 'NONE',  ( 4.050000000000905764, 60.83826859021802136, 64.40000000000000568 ) ) ;
#8820 = DIRECTION ( 'NONE',  ( 0.000000000000000000, 0.000000000000000000, 1.000000000000000000 ) ) ;
#8821 = DIRECTION ( 'NONE',  ( -0.000000000000000000, 1.000000000000000000, -0.000000000000000000 ) ) ;
#8822 = EDGE_CURVE ( 'NONE', #4214, #8010, #3327, .T. ) ;
#8823 = CARTESIAN_POINT ( 'NONE',  ( -4.099999999999081268, 58.49999999999999289, 64.39999999999999147 ) ) ;
#8824 = CARTESIAN_POINT ( 'NONE',  ( -7.529663527230837872, 30.90000000000000213, 6.655330888320963645 ) ) ;
#8825 = CARTESIAN_POINT ( 'NONE',  ( 60.61292417858469150, 64.58770670893130728, -52.21225230456416710 ) ) ;
#8826 = CARTESIAN_POINT ( 'NONE',  ( 5.790637793666254751, 49.87967622798721834, 60.82975671427799114 ) ) ;
#8827 = ADVANCED_FACE ( 'NONE', ( #4790 ), #6373, .T. ) ;
#8828 = ORIENTED_EDGE ( 'NONE', *, *, #3311, .F. ) ;
#8829 = ORIENTED_EDGE ( 'NONE', *, *, #5523, .F. ) ;
#8830 = CARTESIAN_POINT ( 'NONE',  ( -4.049999999999180922, 60.83826859021803557, 58.10521046563271597 ) ) ;
#8831 = EDGE_CURVE ( 'NONE', #1013, #5112, #5184, .T. ) ;
#8832 = ORIENTED_EDGE ( 'NONE', *, *, #1417, .F. ) ;
#8833 = FACE_OUTER_BOUND ( 'NONE', #8882, .T. ) ;
#8834 = ORIENTED_EDGE ( 'NONE', *, *, #4201, .T. ) ;
#8835 = CARTESIAN_POINT ( 'NONE',  ( -52.67945519839723545, 65.00000000000000000, 52.67945519839835100 ) ) ;
#8836 = EDGE_CURVE ( 'NONE', #5507, #4361, #5975, .T. ) ;
#8837 = DIRECTION ( 'NONE',  ( 0.7071067811865474617, 0.000000000000000000, 0.7071067811865474617 ) ) ;
#8838 = FACE_OUTER_BOUND ( 'NONE', #6524, .T. ) ;
#8839 = CARTESIAN_POINT ( 'NONE',  ( 63.23764583683686169, 48.37296050605482378, -7.686121263544593241 ) ) ;
#8840 = DIRECTION ( 'NONE',  ( -0.7071067811865474617, 0.000000000000000000, 0.7071067811865474617 ) ) ;
#8841 = VERTEX_POINT ( 'NONE', #4058 ) ;
#8842 = ORIENTED_EDGE ( 'NONE', *, *, #9520, .T. ) ;
#8843 = CYLINDRICAL_SURFACE ( 'NONE', #8474, 9.999999999999996447 ) ;
#8844 = ORIENTED_EDGE ( 'NONE', *, *, #8481, .F. ) ;
#8845 =( BOUNDED_CURVE ( )  B_SPLINE_CURVE ( 3, ( #1817, #1168, #5695, #8690 ),
 .UNSPECIFIED., .F., .T. ) 
 B_SPLINE_CURVE_WITH_KNOTS ( ( 4, 4 ),
 ( 1.521506668915480365, 1.569838266461742959 ),
 .UNSPECIFIED. ) 
 CURVE ( )  GEOMETRIC_REPRESENTATION_ITEM ( )  RATIONAL_B_SPLINE_CURVE ( ( 1.000000000000000000, 0.9998053475296858617, 0.9998053475296858617, 1.000000000000000000 ) ) 
 REPRESENTATION_ITEM ( '' )  );
#8846 = EDGE_LOOP ( 'NONE', ( #6437, #5257, #2702, #1141, #9283, #2643, #1852, #2570, #6309, #934, #331, #5697, #6593, #2448, #2445 ) ) ;
#8847 = CARTESIAN_POINT ( 'NONE',  ( 8.956822233372725057E-13, 9.672827050956818619E-28, 64.40000000000004832 ) ) ;
#8848 = ADVANCED_FACE ( 'NONE', ( #9453 ), #7886, .F. ) ;
#8849 = DIRECTION ( 'NONE',  ( 1.000000000000000000, -0.000000000000000000, -1.776356839400250465E-15 ) ) ;
#8850 = CARTESIAN_POINT ( 'NONE',  ( 60.46525566738634438, 49.95417342428412866, 5.672430509434077450 ) ) ;
#8851 = DIRECTION ( 'NONE',  ( -0.000000000000000000, 1.000000000000000000, -0.000000000000000000 ) ) ;
#8852 = ORIENTED_EDGE ( 'NONE', *, *, #3605, .F. ) ;
#8853 = EDGE_CURVE ( 'NONE', #1684, #3910, #9408, .T. ) ;
#8854 = EDGE_CURVE ( 'NONE', #6877, #5227, #7845, .T. ) ;
#8855 = DIRECTION ( 'NONE',  ( -0.000000000000000000, 1.000000000000000000, -0.000000000000000000 ) ) ;
#8856 = AXIS2_PLACEMENT_3D ( 'NONE', #4298, #4841, #7848 ) ;
#8857 = ORIENTED_EDGE ( 'NONE', *, *, #3568, .T. ) ;
#8858 = CARTESIAN_POINT ( 'NONE',  ( -42.67389424460763081, 59.13835726674018645, 48.40145917221963145 ) ) ;
#8859 = ADVANCED_FACE ( 'NONE', ( #5727 ), #1106, .T. ) ;
#8860 = CARTESIAN_POINT ( 'NONE',  ( 3.916439916194242699, 53.87717080524114976, 57.40000000000004832 ) ) ;
#8861 = CARTESIAN_POINT ( 'NONE',  ( 27.74454884646939945, 14.70000000000000462, 66.98126610706812301 ) ) ;
#8862 = AXIS2_PLACEMENT_3D ( 'NONE', #7784, #7049, #3317 ) ;
#8863 = AXIS2_PLACEMENT_3D ( 'NONE', #6656, #5868, #3661 ) ;
#8865 = DIRECTION ( 'NONE',  ( 1.745740669421571016E-15, -0.8660254037844380415, 0.5000000000000012212 ) ) ;
#8864 = CARTESIAN_POINT ( 'NONE',  ( -49.78031739553296120, 58.49999999999995737, -55.57859300126261815 ) ) ;
#8866 = ORIENTED_EDGE ( 'NONE', *, *, #7484, .F. ) ;
#8867 = ORIENTED_EDGE ( 'NONE', *, *, #5105, .T. ) ;
#8868 = CIRCLE ( 'NONE', #9019, 4.099999999999999645 ) ;
#8869 = VECTOR ( 'NONE', #4265, 999.9999999999998863 ) ;
#8870 = LINE ( 'NONE', #8083, #1558 ) ;
#8871 = CARTESIAN_POINT ( 'NONE',  ( -74.49999999999998579, 58.49999999999999289, 6.592226764468023248E-13 ) ) ;
#8872 = CARTESIAN_POINT ( 'NONE',  ( -1.781881413105030232, 65.00000000000000000, -61.40000000000004832 ) ) ;
#8873 = CARTESIAN_POINT ( 'NONE',  ( 51.05688547966366997, 62.64264149127158987, 61.58946737503442392 ) ) ;
#8874 = AXIS2_PLACEMENT_3D ( 'NONE', #3846, #8178, #6851 ) ;
#8875 = DIRECTION ( 'NONE',  ( -0.000000000000000000, -1.000000000000000000, 0.000000000000000000 ) ) ;
#8876 = VECTOR ( 'NONE', #6108, 1000.000000000000000 ) ;
#8877 = FACE_OUTER_BOUND ( 'NONE', #5967, .T. ) ;
#8878 = CARTESIAN_POINT ( 'NONE',  ( 6.546592828191679203, 49.32494599099505450, 62.18507848280689387 ) ) ;
#8879 = VERTEX_POINT ( 'NONE', #1250 ) ;
#8880 = ORIENTED_EDGE ( 'NONE', *, *, #115, .F. ) ;
#8881 = CARTESIAN_POINT ( 'NONE',  ( 1.930159796758636803, 50.21732323917456142, -79.97718297891505301 ) ) ;
#8882 = EDGE_LOOP ( 'NONE', ( #1197, #3889, #7763, #2641 ) ) ;
#8883 = DIRECTION ( 'NONE',  ( 1.000000000000000000, -0.000000000000000000, -3.491481338843133750E-15 ) ) ;
#8884 = ORIENTED_EDGE ( 'NONE', *, *, #9030, .F. ) ;
#8885 = CIRCLE ( 'NONE', #2601, 8.500000000000000000 ) ;
#8887 = VECTOR ( 'NONE', #2920, 1000.000000000000000 ) ;
#8886 = CARTESIAN_POINT ( 'NONE',  ( 52.45582606906820189, 52.09871281495915696, 60.40314870830710703 ) ) ;
#8888 = DIRECTION ( 'NONE',  ( 0.000000000000000000, 0.000000000000000000, 1.000000000000000000 ) ) ;
#8889 = CARTESIAN_POINT ( 'NONE',  ( -79.55315504575408170, 57.38134383354564960, -8.444375928219107763 ) ) ;
#8890 = CARTESIAN_POINT ( 'NONE',  ( 64.08194914041143875, 46.00847302059887767, -10.29933470396568218 ) ) ;
#8891 = EDGE_CURVE ( 'NONE', #5009, #185, #2811, .T. ) ;
#8892 = CARTESIAN_POINT ( 'NONE',  ( 0.000000000000000000, 65.00000000000000000, 0.000000000000000000 ) ) ;
#8893 = CIRCLE ( 'NONE', #6853, 11.09999999999999964 ) ;
#8894 = VERTEX_POINT ( 'NONE', #2631 ) ;
#8895 = EDGE_LOOP ( 'NONE', ( #996, #1517, #7400, #750 ) ) ;
#8896 = DIRECTION ( 'NONE',  ( 1.000000000000000000, 0.000000000000000000, -8.826273045769994496E-15 ) ) ;
#8897 = ORIENTED_EDGE ( 'NONE', *, *, #1814, .T. ) ;
#8898 = VERTEX_POINT ( 'NONE', #466 ) ;
#8899 = CIRCLE ( 'NONE', #420, 4.099999999999999645 ) ;
#8900 = PLANE ( 'NONE',  #3156 ) ;
#8901 = CARTESIAN_POINT ( 'NONE',  ( 0.000000000000000000, 30.90000000000000213, 0.000000000000000000 ) ) ;
#8902 = PLANE ( 'NONE',  #606 ) ;
#8903 = DIRECTION ( 'NONE',  ( -0.000000000000000000, 1.000000000000000000, -0.000000000000000000 ) ) ;
#8904 = LINE ( 'NONE', #9636, #4675 ) ;
#8905 = ORIENTED_EDGE ( 'NONE', *, *, #6911, .T. ) ;
#8906 = CARTESIAN_POINT ( 'NONE',  ( 60.73807584392442749, 49.93198985063452255, 3.823429064337672489 ) ) ;
#8907 = DIRECTION ( 'NONE',  ( 1.000000000000000000, 0.000000000000000000, -0.000000000000000000 ) ) ;
#8908 = DIRECTION ( 'NONE',  ( -0.7071067811865500152, 0.000000000000000000, -0.7071067811865450192 ) ) ;
#8909 = ADVANCED_FACE ( 'NONE', ( #7261 ), #514, .T. ) ;
#8910 = CARTESIAN_POINT ( 'NONE',  ( 74.50000000000002842, 65.00000000000000000, 5.477225575051507533 ) ) ;
#8911 = VECTOR ( 'NONE', #7411, 1000.000000000000000 ) ;
#8913 = DIRECTION ( 'NONE',  ( -1.000000000000000000, 0.000000000000000000, 8.826273045769994496E-15 ) ) ;
#8912 = CYLINDRICAL_SURFACE ( 'NONE', #3215, 4.099999999999993427 ) ;
#8914 = ORIENTED_EDGE ( 'NONE', *, *, #5065, .T. ) ;
#8915 = ORIENTED_EDGE ( 'NONE', *, *, #5614, .F. ) ;
#8916 = DIRECTION ( 'NONE',  ( 0.7071067811865474617, 0.000000000000000000, -0.7071067811865474617 ) ) ;
#8917 = CARTESIAN_POINT ( 'NONE',  ( 0.000000000000000000, 65.00000000000000000, 0.000000000000000000 ) ) ;
#8918 = DIRECTION ( 'NONE',  ( 0.000000000000000000, -1.000000000000000000, 0.000000000000000000 ) ) ;
#8919 = VECTOR ( 'NONE', #4615, 1000.000000000000000 ) ;
#8920 = EDGE_CURVE ( 'NONE', #3022, #1365, #4151, .T. ) ;
#8921 = CARTESIAN_POINT ( 'NONE',  ( -60.10735055216340328, 50.05142392732719259, -5.576861873200336994 ) ) ;
#8922 = DIRECTION ( 'NONE',  ( -0.7071067811865451302, -0.000000000000000000, 0.7071067811865500152 ) ) ;
#8923 = CARTESIAN_POINT ( 'NONE',  ( 50.24850960429789382, 57.94536713683834250, -62.25020513145329915 ) ) ;
#8924 = CARTESIAN_POINT ( 'NONE',  ( -57.40056085429986155, 53.82346281956404255, 2.100081518022106196E-13 ) ) ;
#8925 = AXIS2_PLACEMENT_3D ( 'NONE', #8140, #5037, #1298 ) ;
#8926 = CARTESIAN_POINT ( 'NONE',  ( -58.21116836364544156, 51.44247699490366443, 4.205874051799239233 ) ) ;
#8927 = EDGE_CURVE ( 'NONE', #2221, #3788, #5534, .T. ) ;
#8928 = VERTEX_POINT ( 'NONE', #1057 ) ;
#8929 = EDGE_LOOP ( 'NONE', ( #2433, #1051, #9096 ) ) ;
#8930 = CARTESIAN_POINT ( 'NONE',  ( -5.672430509436186874, 49.95417342428426366, -60.46525566738621649 ) ) ;
#8931 = ORIENTED_EDGE ( 'NONE', *, *, #3759, .F. ) ;
#8932 = FACE_OUTER_BOUND ( 'NONE', #6734, .T. ) ;
#8933 = EDGE_LOOP ( 'NONE', ( #77, #918, #2588, #7804, #8828 ) ) ;
#8934 = EDGE_CURVE ( 'NONE', #6829, #8204, #424, .T. ) ;
#8935 = CARTESIAN_POINT ( 'NONE',  ( 60.10926884994916009, 51.75085202566747711, 52.79130814223675827 ) ) ;
#8936 = EDGE_CURVE ( 'NONE', #5638, #4713, #4933, .T. ) ;
#8937 = SHAPE_DEFINITION_REPRESENTATION ( #1432, #8521 ) ;
#8938 = FACE_OUTER_BOUND ( 'NONE', #7082, .T. ) ;
#8939 = CARTESIAN_POINT ( 'NONE',  ( 4.049999999999542410, 56.16173140978204259, -64.40000000000007674 ) ) ;
#8940 = CARTESIAN_POINT ( 'NONE',  ( 64.06765941491099170, 45.50652584921623856, -10.82674895725106445 ) ) ;
#8941 = DIRECTION ( 'NONE',  ( -0.7071067811865475727, 0.000000000000000000, -0.7071067811865474617 ) ) ;
#8942 = ORIENTED_EDGE ( 'NONE', *, *, #2195, .T. ) ;
#8943 = ORIENTED_EDGE ( 'NONE', *, *, #3497, .F. ) ;
#8944 = DIRECTION ( 'NONE',  ( 0.8660254037844380415, -0.5000000000000009992, -1.203866961868353286E-14 ) ) ;
#8945 = EDGE_LOOP ( 'NONE', ( #4052, #5591, #9001 ) ) ;
#8946 = CARTESIAN_POINT ( 'NONE',  ( -57.64235574244765559, 55.77353993567007961, 3.377632643773239796 ) ) ;
#8947 = ORIENTED_EDGE ( 'NONE', *, *, #1739, .F. ) ;
#8948 = EDGE_CURVE ( 'NONE', #6542, #7582, #9414, .T. ) ;
#8949 = CARTESIAN_POINT ( 'NONE',  ( 79.68346272128960095, 63.16632374874969713, 7.111386895683745379 ) ) ;
#8950 = DIRECTION ( 'NONE',  ( 0.000000000000000000, 1.000000000000000000, 0.000000000000000000 ) ) ;
#8951 = DIRECTION ( 'NONE',  ( -0.7492693547207625038, 0.000000000000000000, 0.6622653803999813960 ) ) ;
#8952 = CARTESIAN_POINT ( 'NONE',  ( -58.10521046563163594, 60.83826859021802136, 4.050000000000209432 ) ) ;
#8953 = AXIS2_PLACEMENT_3D ( 'NONE', #156, #6540, #3684 ) ;
#8954 = EDGE_LOOP ( 'NONE', ( #2805, #826, #6811, #6091 ) ) ;
#8955 = CARTESIAN_POINT ( 'NONE',  ( 60.65943617683424094, 49.91278067414284436, -5.733858381163742024 ) ) ;
#8956 = AXIS2_PLACEMENT_3D ( 'NONE', #1584, #4578, #17 ) ;
#8957 = DIRECTION ( 'NONE',  ( 1.000000000000000000, 0.000000000000000000, -0.000000000000000000 ) ) ;
#8958 = EDGE_CURVE ( 'NONE', #1170, #4619, #7636, .T. ) ;
#8959 = CARTESIAN_POINT ( 'NONE',  ( 3.823429064339800565, 49.93198985063452966, 60.73807584392436354 ) ) ;
#8960 = CARTESIAN_POINT ( 'NONE',  ( 5.733858381161609508, 49.91278067414286568, -60.65943617683433331 ) ) ;
#8961 = AXIS2_PLACEMENT_3D ( 'NONE', #2590, #5687, #5494 ) ;
#8962 = AXIS2_PLACEMENT_3D ( 'NONE', #7272, #526, #6432 ) ;
#8964 = LINE ( 'NONE', #507, #7605 ) ;
#8963 = CARTESIAN_POINT ( 'NONE',  ( 10.47722557505072594, 65.00000000000000000, -59.07814946534381306 ) ) ;
#8965 = EDGE_LOOP ( 'NONE', ( #7526, #1758, #2407, #8349, #8786, #3890, #3089, #3708 ) ) ;
#8966 = EDGE_CURVE ( 'NONE', #7559, #116, #1415, .T. ) ;
#8967 = ORIENTED_EDGE ( 'NONE', *, *, #344, .T. ) ;
#8968 = DIRECTION ( 'NONE',  ( -0.000000000000000000, 1.000000000000000000, -0.000000000000000000 ) ) ;
#8969 = CYLINDRICAL_SURFACE ( 'NONE', #5411, 3.600000000000005862 ) ;
#8970 = DIRECTION ( 'NONE',  ( -0.7071067811865475727, 0.000000000000000000, -0.7071067811865475727 ) ) ;
#8971 = CARTESIAN_POINT ( 'NONE',  ( -0.5697331047747647981, 53.89029207088822204, -57.40000000000004832 ) ) ;
#8972 = CARTESIAN_POINT ( 'NONE',  ( -4.449100510727646982E-13, 63.17653718043602140, -64.40000000000004832 ) ) ;
#8973 = EDGE_CURVE ( 'NONE', #3093, #1291, #754, .T. ) ;
#8974 = DIRECTION ( 'NONE',  ( -0.000000000000000000, 1.000000000000000000, -0.000000000000000000 ) ) ;
#8975 = CARTESIAN_POINT ( 'NONE',  ( 8.112392801386770650E-13, 53.82346281956404255, 57.40000000000004832 ) ) ;
#8976 = CARTESIAN_POINT ( 'NONE',  ( -61.92085909176389436, 61.52687088733334519, 50.65446676120172498 ) ) ;
#8977 = VERTEX_POINT ( 'NONE', #6703 ) ;
#8978 = EDGE_CURVE ( 'NONE', #7909, #962, #8635, .T. ) ;
#8979 = ORIENTED_EDGE ( 'NONE', *, *, #2480, .T. ) ;
#8980 = ADVANCED_FACE ( 'NONE', ( #4431 ), #6062, .F. ) ;
#8981 = CARTESIAN_POINT ( 'NONE',  ( -5.733858381163525308, 49.91278067414284436, -60.65943617683424804 ) ) ;
#8982 = VERTEX_POINT ( 'NONE', #8910 ) ;
#8983 = DIRECTION ( 'NONE',  ( 0.000000000000000000, 0.000000000000000000, -1.000000000000000000 ) ) ;
#8984 = ADVANCED_FACE ( 'NONE', ( #1628 ), #9101, .F. ) ;
#8985 = DIRECTION ( 'NONE',  ( 0.7071067811865476838, -0.000000000000000000, 0.7071067811865474617 ) ) ;
#8986 = CARTESIAN_POINT ( 'NONE',  ( -25.00000000000000000, 65.00000000000000000, 4.177332116314237176 ) ) ;
#8987 = CARTESIAN_POINT ( 'NONE',  ( -63.39528278473473222, 48.15354272934238367, 7.938661733377236907 ) ) ;
#8988 = FACE_OUTER_BOUND ( 'NONE', #1528, .T. ) ;
#8989 = CARTESIAN_POINT ( 'NONE',  ( 8.956822233372725057E-13, 9.672827050956818619E-28, 64.40000000000004832 ) ) ;
#8990 = DIRECTION ( 'NONE',  ( -0.5000000000000012212, -0.8660254037844380415, 3.491481338843142033E-15 ) ) ;
#8991 = ORIENTED_EDGE ( 'NONE', *, *, #4941, .T. ) ;
#8992 = ORIENTED_EDGE ( 'NONE', *, *, #6504, .T. ) ;
#8993 = CARTESIAN_POINT ( 'NONE',  ( -79.77974863812399064, 64.60055649911892317, -5.951258042794006720 ) ) ;
#8994 = EDGE_LOOP ( 'NONE', ( #5390, #3109, #2688 ) ) ;
#8995 = ORIENTED_EDGE ( 'NONE', *, *, #6395, .T. ) ;
#8996 = CARTESIAN_POINT ( 'NONE',  ( 79.54715582596277557, 58.49999999999999289, 8.499999999999854339 ) ) ;
#8997 = CARTESIAN_POINT ( 'NONE',  ( 26.38856624071848955, 30.90000000000000213, -45.02950970490492466 ) ) ;
#8998 = CARTESIAN_POINT ( 'NONE',  ( 57.40000000000004121, 50.00000000000000000, -1.781881413105227852 ) ) ;
#8999 = PLANE ( 'NONE',  #6675 ) ;
#9000 = CARTESIAN_POINT ( 'NONE',  ( 60.65660001241671750, 49.91208640216488845, 5.802354120911537905 ) ) ;
#9001 = ORIENTED_EDGE ( 'NONE', *, *, #748, .T. ) ;
#9002 = ORIENTED_EDGE ( 'NONE', *, *, #6696, .F. ) ;
#9003 = CARTESIAN_POINT ( 'NONE',  ( 4.050000000000905764, 60.83826859021802136, 64.40000000000000568 ) ) ;
#9004 = DIRECTION ( 'NONE',  ( -0.000000000000000000, -1.000000000000000000, -0.000000000000000000 ) ) ;
#9005 = DIRECTION ( 'NONE',  ( 0.000000000000000000, 0.000000000000000000, 1.000000000000000000 ) ) ;
#9006 = EDGE_CURVE ( 'NONE', #1366, #8301, #3342, .T. ) ;
#9007 = VECTOR ( 'NONE', #7312, 1000.000000000000000 ) ;
#9008 = CARTESIAN_POINT ( 'NONE',  ( 66.98126610706803774, 65.00000000000000000, -31.34454884646963890 ) ) ;
#9009 = VERTEX_POINT ( 'NONE', #2323 ) ;
#9010 = ORIENTED_EDGE ( 'NONE', *, *, #8958, .T. ) ;
#9011 = DIRECTION ( 'NONE',  ( 6.918095612377566956E-15, -1.685161507135332739E-29, 1.000000000000000000 ) ) ;
#9012 = VECTOR ( 'NONE', #1047, 999.9999999999998863 ) ;
#9013 = DIRECTION ( 'NONE',  ( 1.000000000000000000, 0.000000000000000000, -1.776356839400250465E-15 ) ) ;
#9014 = CIRCLE ( 'NONE', #7139, 8.499999999999998224 ) ;
#9015 = EDGE_CURVE ( 'NONE', #6717, #2817, #3462, .T. ) ;
#9016 = CARTESIAN_POINT ( 'NONE',  ( -61.47319912008006071, 49.67789204273107373, -6.084854095234530469 ) ) ;
#9017 = FACE_OUTER_BOUND ( 'NONE', #454, .T. ) ;
#9018 = CARTESIAN_POINT ( 'NONE',  ( -64.40000000000003411, 60.83826859021802136, 4.050000000000231637 ) ) ;
#9019 = AXIS2_PLACEMENT_3D ( 'NONE', #6436, #2650, #5650 ) ;
#9020 = AXIS2_PLACEMENT_3D ( 'NONE', #8725, #1988, #3613 ) ;
#9021 = CARTESIAN_POINT ( 'NONE',  ( -60.62097618202623295, 64.60055649911890896, 52.20462634472517038 ) ) ;
#9022 = ORIENTED_EDGE ( 'NONE', *, *, #8627, .T. ) ;
#9023 = ORIENTED_EDGE ( 'NONE', *, *, #4198, .F. ) ;
#9024 = FACE_OUTER_BOUND ( 'NONE', #2703, .T. ) ;
#9025 = PLANE ( 'NONE',  #8722 ) ;
#9026 = CARTESIAN_POINT ( 'NONE',  ( 0.000000000000000000, 65.00000000000000000, 0.000000000000000000 ) ) ;
#9027 = CARTESIAN_POINT ( 'NONE',  ( 52.67945519839779678, 58.49999999999999289, 52.67945519839778257 ) ) ;
#9028 = VECTOR ( 'NONE', #2179, 1000.000000000000000 ) ;
#9029 = CIRCLE ( 'NONE', #4780, 4.099999999999993427 ) ;
#9030 = EDGE_CURVE ( 'NONE', #5028, #2149, #6601, .T. ) ;
#9031 = DIRECTION ( 'NONE',  ( -0.7071067811865401342, 0.000000000000000000, 0.7071067811865549002 ) ) ;
#9032 = DIRECTION ( 'NONE',  ( -0.000000000000000000, 1.000000000000000000, -0.000000000000000000 ) ) ;
#9033 = CARTESIAN_POINT ( 'NONE',  ( -79.54715582596287504, 57.94505183521498992, -8.499999999999300115 ) ) ;
#9034 = PLANE ( 'NONE',  #6575 ) ;
#9035 = CARTESIAN_POINT ( 'NONE',  ( -47.36048033459434947, 55.31177574804321750, -43.71487308223296964 ) ) ;
#9036 = ORIENTED_EDGE ( 'NONE', *, *, #6399, .F. ) ;
#9037 = ORIENTED_EDGE ( 'NONE', *, *, #9099, .T. ) ;
#9038 = CIRCLE ( 'NONE', #559, 8.500000000000000000 ) ;
#9039 = ORIENTED_EDGE ( 'NONE', *, *, #2188, .T. ) ;
#9040 = AXIS2_PLACEMENT_3D ( 'NONE', #6198, #9190, #2465 ) ;
#9041 = CARTESIAN_POINT ( 'NONE',  ( 52.56282089188245976, 65.00000000000000000, 60.30878758429724940 ) ) ;
#9042 = EDGE_LOOP ( 'NONE', ( #2470, #1095, #8124, #7019, #520, #7557 ) ) ;
#9043 = ORIENTED_EDGE ( 'NONE', *, *, #9015, .T. ) ;
#9044 = VECTOR ( 'NONE', #5956, 1000.000000000000000 ) ;
#9045 = CARTESIAN_POINT ( 'NONE',  ( 39.13836033867541175, 65.00000000000000000, 44.86592526628643185 ) ) ;
#9046 = DIRECTION ( 'NONE',  ( 0.000000000000000000, 1.000000000000000000, -0.000000000000000000 ) ) ;
#9047 = DIRECTION ( 'NONE',  ( -5.329070518200751394E-15, 0.000000000000000000, -1.000000000000000000 ) ) ;
#9048 = CARTESIAN_POINT ( 'NONE',  ( 79.63584942451120696, 54.73451963194224135, 7.625547204249585320 ) ) ;
#9049 = CARTESIAN_POINT ( 'NONE',  ( -2.738001693389656932, 50.43379756552822357, -79.95479114193643966 ) ) ;
#9050 = ORIENTED_EDGE ( 'NONE', *, *, #7743, .F. ) ;
#9051 = EDGE_LOOP ( 'NONE', ( #3233, #9236, #7707, #2690, #8360, #7629, #491, #47, #8410, #126 ) ) ;
#9052 = AXIS2_PLACEMENT_3D ( 'NONE', #1216, #3344, #4806 ) ;
#9053 = DIRECTION ( 'NONE',  ( 0.6123724356957964687, 0.4999999999999952260, -0.6123724356957964687 ) ) ;
#9054 = SURFACE_STYLE_USAGE ( .BOTH. , #1478 ) ;
#9055 = EDGE_CURVE ( 'NONE', #4161, #8659, #893, .T. ) ;
#9056 = ADVANCED_FACE ( 'NONE', ( #3107 ), #3893, .F. ) ;
#9057 = DIRECTION ( 'NONE',  ( 0.6123724356957971349, -0.4999999999999990563, 0.6123724356957928050 ) ) ;
#9058 = CARTESIAN_POINT ( 'NONE',  ( -61.98401002040106533, 55.76139180653833449, 50.57695541735350275 ) ) ;
#9059 = ORIENTED_EDGE ( 'NONE', *, *, #4642, .T. ) ;
#9060 = VERTEX_POINT ( 'NONE', #2368 ) ;
#9061 = CARTESIAN_POINT ( 'NONE',  ( -52.67945519839723545, 58.49999999999999289, 52.67945519839834390 ) ) ;
#9062 = CARTESIAN_POINT ( 'NONE',  ( -57.40000000000002700, 53.89044538576803944, 1.958422607717971387 ) ) ;
#9063 = PLANE ( 'NONE',  #8306 ) ;
#9064 = EDGE_CURVE ( 'NONE', #2609, #5389, #2177, .T. ) ;
#9065 = DIRECTION ( 'NONE',  ( 6.982962677686267499E-15, -0.000000000000000000, 1.000000000000000000 ) ) ;
#9066 = DIRECTION ( 'NONE',  ( -0.000000000000000000, -1.000000000000000000, -0.000000000000000000 ) ) ;
#9067 = CARTESIAN_POINT ( 'NONE',  ( -45.53767670841317283, 58.49999999999995737, 45.53767670841414628 ) ) ;
#9068 = ORIENTED_EDGE ( 'NONE', *, *, #937, .T. ) ;
#9069 = ORIENTED_EDGE ( 'NONE', *, *, #7714, .F. ) ;
#9070 = VECTOR ( 'NONE', #2025, 1000.000000000000000 ) ;
#9071 = PLANE ( 'NONE',  #7855 ) ;
#9072 = DIRECTION ( 'NONE',  ( 8.826273045769994496E-15, 0.000000000000000000, 1.000000000000000000 ) ) ;
#9073 = FACE_OUTER_BOUND ( 'NONE', #7971, .T. ) ;
#9074 = EDGE_CURVE ( 'NONE', #8267, #671, #410, .T. ) ;
#9075 = DIRECTION ( 'NONE',  ( -1.632680918566406990E-15, 0.000000000000000000, -1.000000000000000000 ) ) ;
#9076 = CARTESIAN_POINT ( 'NONE',  ( 64.40000000000003411, 60.83826859021802136, -4.050000000000231637 ) ) ;
#9077 = B_SPLINE_CURVE_WITH_KNOTS ( 'NONE', 3,
 ( #3404, #3728, #5657, #8195, #8150, #6722, #675, #5881, #3672, #7462, #398, #2243, #5146, #4127 ),
 .UNSPECIFIED., .F., .F.,
 ( 4, 2, 2, 2, 2, 2, 4 ),
 ( 0.000000000000000000, 0.001842994267470955249, 0.002764491401206427886, 0.003685988534941900523, 0.005528982802412839292, 0.006450479936148298919, 0.007371977069883758546 ),
 .UNSPECIFIED. ) ;
#9078 = AXIS2_PLACEMENT_3D ( 'NONE', #9589, #5850, #8063 ) ;
#9079 = CARTESIAN_POINT ( 'NONE',  ( -79.93477832917413650, 50.63540321366284047, 3.259997295359372327 ) ) ;
#9080 = CARTESIAN_POINT ( 'NONE',  ( -57.40000000000004832, 63.17653718043602140, 1.956182834793647873E-13 ) ) ;
#9081 = ADVANCED_FACE ( 'NONE', ( #4484 ), #7491, .T. ) ;
#9082 = VERTEX_POINT ( 'NONE', #60 ) ;
#9083 = VERTEX_POINT ( 'NONE', #3057 ) ;
#9084 = ORIENTED_EDGE ( 'NONE', *, *, #2639, .T. ) ;
#9085 = CARTESIAN_POINT ( 'NONE',  ( -79.60277630491722789, 61.52687088733335941, -7.966542416448757713 ) ) ;
#9086 = ORIENTED_EDGE ( 'NONE', *, *, #4543, .T. ) ;
#9087 = ORIENTED_EDGE ( 'NONE', *, *, #2848, .F. ) ;
#9088 = CIRCLE ( 'NONE', #2645, 4.099999999999993427 ) ;
#9089 = LINE ( 'NONE', #6691, #649 ) ;
#9090 = CYLINDRICAL_SURFACE ( 'NONE', #258, 5.000000000000000000 ) ;
#9091 = DIRECTION ( 'NONE',  ( -1.000000000000000000, 0.000000000000000000, 6.769652589177784668E-15 ) ) ;
#9092 = CARTESIAN_POINT ( 'NONE',  ( 79.83285388365590052, 51.74497750639834237, -5.189609166281333508 ) ) ;
#9093 = EDGE_CURVE ( 'NONE', #9730, #3584, #4703, .T. ) ;
#9094 = VECTOR ( 'NONE', #3612, 1000.000000000000000 ) ;
#9095 = LINE ( 'NONE', #1575, #2172 ) ;
#9096 = ORIENTED_EDGE ( 'NONE', *, *, #2308, .T. ) ;
#9097 = ORIENTED_EDGE ( 'NONE', *, *, #5196, .T. ) ;
#9098 = DIRECTION ( 'NONE',  ( -0.7071067811865475727, 0.000000000000000000, -0.7071067811865475727 ) ) ;
#9099 = EDGE_CURVE ( 'NONE', #1967, #3493, #5499, .T. ) ;
#9100 =( GEOMETRIC_REPRESENTATION_CONTEXT ( 3 ) GLOBAL_UNCERTAINTY_ASSIGNED_CONTEXT ( ( #3184 ) ) GLOBAL_UNIT_ASSIGNED_CONTEXT ( ( #4457, #38, #9721 ) ) REPRESENTATION_CONTEXT ( 'NONE', 'WORKASPACE' ) );
#9101 = CYLINDRICAL_SURFACE ( 'NONE', #164, 6.099999999999999645 ) ;
#9102 = DIRECTION ( 'NONE',  ( -0.000000000000000000, 1.000000000000000000, -0.000000000000000000 ) ) ;
#9103 = ORIENTED_EDGE ( 'NONE', *, *, #1459, .F. ) ;
#9104 = ORIENTED_EDGE ( 'NONE', *, *, #3972, .T. ) ;
#9105 = ADVANCED_FACE ( 'NONE', ( #982 ), #3979, .F. ) ;
#9106 = AXIS2_PLACEMENT_3D ( 'NONE', #9128, #740, #3738 ) ;
#9107 = CARTESIAN_POINT ( 'NONE',  ( -64.40000000000004832, 9.672827050956818619E-28, 2.211280286727785861E-13 ) ) ;
#9108 = FACE_OUTER_BOUND ( 'NONE', #287, .T. ) ;
#9109 = CARTESIAN_POINT ( 'NONE',  ( -52.67945519839723545, 58.49999999999999289, 52.67945519839834390 ) ) ;
#9110 = LINE ( 'NONE', #2381, #7661 ) ;
#9111 = ORIENTED_EDGE ( 'NONE', *, *, #6348, .T. ) ;
#9112 = VECTOR ( 'NONE', #9436, 1000.000000000000000 ) ;
#9113 = EDGE_LOOP ( 'NONE', ( #4580, #5407, #6718, #5416 ) ) ;
#9114 = CARTESIAN_POINT ( 'NONE',  ( -22.33148591051289245, 1.500000000000001332, 61.04346596506922396 ) ) ;
#9115 = DIRECTION ( 'NONE',  ( 0.000000000000000000, 0.000000000000000000, 1.000000000000000000 ) ) ;
#9116 = CARTESIAN_POINT ( 'NONE',  ( 64.40000000000004832, 54.67341848130299553, -1.472166390312930506 ) ) ;
#9117 = EDGE_CURVE ( 'NONE', #861, #3723, #796, .T. ) ;
#9118 = CARTESIAN_POINT ( 'NONE',  ( -79.54715582596267609, 58.49999999999999289, 8.500000000000703437 ) ) ;
#9119 = DIRECTION ( 'NONE',  ( 0.7071067811865450192, 0.000000000000000000, -0.7071067811865500152 ) ) ;
#9120 = CARTESIAN_POINT ( 'NONE',  ( -2.170281114638682229, 53.49592842463900411, -57.41771854662160024 ) ) ;
#9121 = DIRECTION ( 'NONE',  ( 0.000000000000000000, -0.3779644730092281413, -0.9258200997725510861 ) ) ;
#9122 = ADVANCED_FACE ( 'NONE', ( #4085 ), #6987, .T. ) ;
#9123 = CARTESIAN_POINT ( 'NONE',  ( -74.84922517656980290, 54.34061234143776176, -28.27162484263024211 ) ) ;
#9124 = ORIENTED_EDGE ( 'NONE', *, *, #7803, .T. ) ;
#9125 = EDGE_CURVE ( 'NONE', #8029, #4098, #1130, .T. ) ;
#9126 = VERTEX_POINT ( 'NONE', #2510 ) ;
#9127 = ORIENTED_EDGE ( 'NONE', *, *, #7319, .T. ) ;
#9128 = CARTESIAN_POINT ( 'NONE',  ( 52.67945519839760493, 58.49999999999999289, -52.67945519839798152 ) ) ;
#9129 = ORIENTED_EDGE ( 'NONE', *, *, #2103, .T. ) ;
#9130 = EDGE_LOOP ( 'NONE', ( #7486, #6449 ) ) ;
#9131 = EDGE_CURVE ( 'NONE', #8500, #6004, #8460, .T. ) ;
#9132 = CARTESIAN_POINT ( 'NONE',  ( -4.049999999999092104, 56.16173140978204259, 64.40000000000010516 ) ) ;
#9133 = LINE ( 'NONE', #2546, #6216 ) ;
#9134 = FACE_OUTER_BOUND ( 'NONE', #635, .T. ) ;
#9135 = CARTESIAN_POINT ( 'NONE',  ( -54.57595881954064510, 56.16173140978199996, 48.84839389193069792 ) ) ;
#9136 = CARTESIAN_POINT ( 'NONE',  ( 79.54715582596277557, 58.49999999999999289, 8.499999999999854339 ) ) ;
#9137 = CIRCLE ( 'NONE', #9611, 10.00000000000000178 ) ;
#9138 = CARTESIAN_POINT ( 'NONE',  ( 8.215154459783656549, 56.30018351335476012, 79.57711902616536292 ) ) ;
#9139 = ORIENTED_EDGE ( 'NONE', *, *, #7391, .F. ) ;
#9140 = ORIENTED_EDGE ( 'NONE', *, *, #7777, .T. ) ;
#9141 = DIRECTION ( 'NONE',  ( 0.7071067811865450192, -0.000000000000000000, -0.7071067811865501263 ) ) ;
#9142 = DIRECTION ( 'NONE',  ( 3.491481338843133750E-15, 0.000000000000000000, 1.000000000000000000 ) ) ;
#9143 = DIRECTION ( 'NONE',  ( 0.000000000000000000, 0.000000000000000000, -1.000000000000000000 ) ) ;
#9144 = CARTESIAN_POINT ( 'NONE',  ( 4.100000000000918021, 58.49999999999999289, 74.49999999999998579 ) ) ;
#9145 = EDGE_CURVE ( 'NONE', #2880, #2785, #3208, .T. ) ;
#9146 = EDGE_CURVE ( 'NONE', #626, #9060, #5815, .T. ) ;
#9147 = ORIENTED_EDGE ( 'NONE', *, *, #6320, .T. ) ;
#9148 = EDGE_CURVE ( 'NONE', #3093, #4332, #1776, .T. ) ;
#9149 = ORIENTED_EDGE ( 'NONE', *, *, #7320, .T. ) ;
#9150 = CARTESIAN_POINT ( 'NONE',  ( -72.03327283503138290, 64.00000071709243343, -29.92011830026050845 ) ) ;
#9151 = CARTESIAN_POINT ( 'NONE',  ( 57.40000000000004121, 55.32351176966399464, -2.598160995413675511 ) ) ;
#9152 = EDGE_CURVE ( 'NONE', #7204, #8304, #2614, .T. ) ;
#9153 = DIRECTION ( 'NONE',  ( 1.396592535537253500E-14, 0.000000000000000000, 1.000000000000000000 ) ) ;
#9154 = DIRECTION ( 'NONE',  ( 0.000000000000000000, 0.000000000000000000, 1.000000000000000000 ) ) ;
#9155 = CARTESIAN_POINT ( 'NONE',  ( 0.000000000000000000, 65.00000000000000000, 0.000000000000000000 ) ) ;
#9156 = VERTEX_POINT ( 'NONE', #4865 ) ;
#9157 = AXIS2_PLACEMENT_3D ( 'NONE', #5587, #4152, #7162 ) ;
#9158 = ORIENTED_EDGE ( 'NONE', *, *, #5070, .F. ) ;
#9159 = AXIS2_PLACEMENT_3D ( 'NONE', #7002, #171, #9154 ) ;
#9160 = LINE ( 'NONE', #4830, #2860 ) ;
#9161 = DIRECTION ( 'NONE',  ( -0.000000000000000000, -1.000000000000000000, -0.000000000000000000 ) ) ;
#9162 = DIRECTION ( 'NONE',  ( -1.776356839400250465E-15, 0.000000000000000000, -1.000000000000000000 ) ) ;
#9163 = CARTESIAN_POINT ( 'NONE',  ( -4.049999999999092104, 56.16173140978204259, 64.40000000000010516 ) ) ;
#9164 = CARTESIAN_POINT ( 'NONE',  ( -48.40145917221918381, 52.90000000000000568, -42.67389424460813530 ) ) ;
#9165 = AXIS2_PLACEMENT_3D ( 'NONE', #2987, #1464, #4462 ) ;
#9166 = VECTOR ( 'NONE', #2008, 1000.000000000000114 ) ;
#9167 = VECTOR ( 'NONE', #311, 1000.000000000000000 ) ;
#9168 = FACE_OUTER_BOUND ( 'NONE', #738, .T. ) ;
#9169 = FACE_OUTER_BOUND ( 'NONE', #6791, .T. ) ;
#9170 = CARTESIAN_POINT ( 'NONE',  ( -64.40000000000004832, 62.32658151869724605, 1.472166390312602990 ) ) ;
#9171 = ORIENTED_EDGE ( 'NONE', *, *, #1385, .F. ) ;
#9172 = EDGE_LOOP ( 'NONE', ( #4628, #4715, #8852 ) ) ;
#9173 = ORIENTED_EDGE ( 'NONE', *, *, #2913, .F. ) ;
#9174 = FACE_OUTER_BOUND ( 'NONE', #12, .T. ) ;
#9175 = VERTEX_POINT ( 'NONE', #7871 ) ;
#9176 = ORIENTED_EDGE ( 'NONE', *, *, #7924, .F. ) ;
#9177 = AXIS2_PLACEMENT_3D ( 'NONE', #756, #1484, #5859 ) ;
#9178 = CIRCLE ( 'NONE', #4936, 4.099999999999998757 ) ;
#9179 = CIRCLE ( 'NONE', #1964, 14.99999999999999645 ) ;
#9180 = CARTESIAN_POINT ( 'NONE',  ( 44.86592526628644606, 52.90000000000000568, 39.13836033867539754 ) ) ;
#9181 = DIRECTION ( 'NONE',  ( 0.6622653803999826172, 0.000000000000000000, -0.7492693547207615046 ) ) ;
#9182 = DIRECTION ( 'NONE',  ( 0.7071067811865474617, 0.000000000000000000, 0.7071067811865474617 ) ) ;
#9183 = DIRECTION ( 'NONE',  ( -0.8660254037844381525, 0.5000000000000008882, 5.991246546128640957E-15 ) ) ;
#9184 = CARTESIAN_POINT ( 'NONE',  ( 79.63482691462141361, 54.72905060078515049, -7.638084870942503102 ) ) ;
#9185 = CIRCLE ( 'NONE', #1968, 8.499999999999998224 ) ;
#9186 = CARTESIAN_POINT ( 'NONE',  ( 9.797174514176064544E-15, 49.99999999999998579, 80.00000000000000000 ) ) ;
#9187 = ORIENTED_EDGE ( 'NONE', *, *, #8822, .T. ) ;
#9188 = VERTEX_POINT ( 'NONE', #161 ) ;
#9189 = ORIENTED_EDGE ( 'NONE', *, *, #782, .F. ) ;
#9190 = DIRECTION ( 'NONE',  ( -0.7071067811865400232, -0.000000000000000000, 0.7071067811865551223 ) ) ;
#9191 = CIRCLE ( 'NONE', #728, 5.000000000000000000 ) ;
#9192 = AXIS2_PLACEMENT_3D ( 'NONE', #6226, #3865, #4646 ) ;
#9193 = DIRECTION ( 'NONE',  ( 0.000000000000000000, 0.000000000000000000, -1.000000000000000000 ) ) ;
#9194 = DIRECTION ( 'NONE',  ( 0.000000000000000000, 0.000000000000000000, 1.000000000000000000 ) ) ;
#9195 = ORIENTED_EDGE ( 'NONE', *, *, #8114, .T. ) ;
#9196 = AXIS2_PLACEMENT_3D ( 'NONE', #7577, #833, #6836 ) ;
#9197 = ORIENTED_EDGE ( 'NONE', *, *, #2426, .F. ) ;
#9198 = CARTESIAN_POINT ( 'NONE',  ( -3.916439916194242699, 53.87717080524114976, -57.40000000000004832 ) ) ;
#9199 = CARTESIAN_POINT ( 'NONE',  ( 0.000000000000000000, 65.00000000000000000, 0.000000000000000000 ) ) ;
#9200 = ADVANCED_FACE ( 'NONE', ( #5514, #3199 ), #3154, .T. ) ;
#9201 = LINE ( 'NONE', #3945, #7606 ) ;
#9202 = AXIS2_PLACEMENT_3D ( 'NONE', #948, #3213, #2427 ) ;
#9203 = CARTESIAN_POINT ( 'NONE',  ( -1.023481251065233577, 53.88936911430552357, 57.40000000000004832 ) ) ;
#9204 = DIRECTION ( 'NONE',  ( -0.7071067811865500152, 0.000000000000000000, -0.7071067811865449082 ) ) ;
#9205 = PRODUCT_RELATED_PRODUCT_CATEGORY ( 'part', '', ( #5207 ) ) ;
#9206 = FACE_OUTER_BOUND ( 'NONE', #6427, .T. ) ;
#9207 = ADVANCED_FACE ( 'NONE', ( #1681 ), #6202, .F. ) ;
#9208 = ORIENTED_EDGE ( 'NONE', *, *, #4882, .T. ) ;
#9209 = ORIENTED_EDGE ( 'NONE', *, *, #5070, .T. ) ;
#9210 = DIRECTION ( 'NONE',  ( -0.7071067811865500152, 0.000000000000000000, -0.7071067811865451302 ) ) ;
#9211 = CARTESIAN_POINT ( 'NONE',  ( 66.98126610706803774, -35.59999999999999432, -27.74454884646963038 ) ) ;
#9212 = CARTESIAN_POINT ( 'NONE',  ( 66.98126610706803774, 14.70000000000000462, -27.74454884646963038 ) ) ;
#9213 = EDGE_CURVE ( 'NONE', #4450, #1369, #7681, .T. ) ;
#9214 = CARTESIAN_POINT ( 'NONE',  ( 74.50000000000001421, 58.49999999999999289, -1.359468093653504184E-13 ) ) ;
#9215 = CARTESIAN_POINT ( 'NONE',  ( -57.40000000000004121, 63.17653718043602140, 1.958069123508821008E-13 ) ) ;
#9216 = DIRECTION ( 'NONE',  ( 8.163404592832035149E-15, 0.000000000000000000, 1.000000000000000000 ) ) ;
#9217 = CARTESIAN_POINT ( 'NONE',  ( 44.86592526628629685, 56.16173140978202127, -39.13836033867555386 ) ) ;
#9218 = ADVANCED_FACE ( 'NONE', ( #6306 ), #9291, .F. ) ;
#9219 = DIRECTION ( 'NONE',  ( -0.000000000000000000, -1.000000000000000000, -0.000000000000000000 ) ) ;
#9220 = VECTOR ( 'NONE', #4215, 1000.000000000000000 ) ;
#9221 = ORIENTED_EDGE ( 'NONE', *, *, #1764, .F. ) ;
#9222 = ORIENTED_EDGE ( 'NONE', *, *, #2142, .F. ) ;
#9223 = ORIENTED_EDGE ( 'NONE', *, *, #7521, .F. ) ;
#9224 = CARTESIAN_POINT ( 'NONE',  ( -4.104211388641282488E-13, 53.82346281956404255, -57.40056085429986155 ) ) ;
#9225 = EDGE_LOOP ( 'NONE', ( #6136, #9615, #590, #9103, #4374 ) ) ;
#9226 = EDGE_LOOP ( 'NONE', ( #390, #6931, #9173, #3121 ) ) ;
#9227 = ADVANCED_FACE ( 'NONE', ( #6490 ), #5848, .F. ) ;
#9228 = CIRCLE ( 'NONE', #2952, 4.099999999999999645 ) ;
#9229 = LINE ( 'NONE', #1718, #4717 ) ;
#9230 = DIRECTION ( 'NONE',  ( -1.000000000000000000, 0.000000000000000000, 6.769652589177784668E-15 ) ) ;
#9231 = CARTESIAN_POINT ( 'NONE',  ( -72.31222335375635168, 49.50647438683942880, -34.21903496062471106 ) ) ;
#9232 = DIRECTION ( 'NONE',  ( 0.000000000000000000, 1.000000000000000000, 0.000000000000000000 ) ) ;
#9233 = DIRECTION ( 'NONE',  ( 0.000000000000000000, 1.000000000000000000, 0.000000000000000000 ) ) ;
#9234 = VERTEX_POINT ( 'NONE', #5012 ) ;
#9235 = DIRECTION ( 'NONE',  ( 2.967535009851174102E-15, 0.5000000000000018874, 0.8660254037844375974 ) ) ;
#9236 = ORIENTED_EDGE ( 'NONE', *, *, #4916, .F. ) ;
#9237 = CIRCLE ( 'NONE', #4216, 10.00000000000000178 ) ;
#9238 = CARTESIAN_POINT ( 'NONE',  ( -1.781881413103104661, 65.00000000000000000, 61.40000000000004832 ) ) ;
#9239 = EDGE_LOOP ( 'NONE', ( #9171, #5226, #9097, #3337 ) ) ;
#9240 = DIRECTION ( 'NONE',  ( 0.7071067811865549002, 0.000000000000000000, 0.7071067811865401342 ) ) ;
#9241 = EDGE_CURVE ( 'NONE', #1258, #8321, #8177, .T. ) ;
#9242 = CARTESIAN_POINT ( 'NONE',  ( 0.000000000000000000, 58.00000000000000000, 0.000000000000000000 ) ) ;
#9243 = CARTESIAN_POINT ( 'NONE',  ( -51.07002028496554402, 62.63942327256238940, 61.57823520990607591 ) ) ;
#9244 = CARTESIAN_POINT ( 'NONE',  ( -62.18507942017402002, 49.32494541535800181, -6.546593553414111533 ) ) ;
#9245 = CIRCLE ( 'NONE', #7054, 4.099999999999993427 ) ;
#9246 = ORIENTED_EDGE ( 'NONE', *, *, #3023, .T. ) ;
#9247 = ADVANCED_FACE ( 'NONE', ( #4183 ), #4232, .T. ) ;
#9248 = VERTEX_POINT ( 'NONE', #9535 ) ;
#9249 = DIRECTION ( 'NONE',  ( 1.000000000000000000, 0.000000000000000000, -1.142876642996484952E-14 ) ) ;
#9250 = CARTESIAN_POINT ( 'NONE',  ( 64.40000000000000568, 58.49999999999999289, -1.180056052874078735E-13 ) ) ;
#9251 = CARTESIAN_POINT ( 'NONE',  ( -57.40000000000011227, 50.49378412496690061, -3.865768938691901191 ) ) ;
#9252 = CARTESIAN_POINT ( 'NONE',  ( -1.781881413103104661, 53.88633504566437438, 57.40000000000004832 ) ) ;
#9253 = DIRECTION ( 'NONE',  ( 0.7071067811865550112, 0.000000000000000000, 0.7071067811865400232 ) ) ;
#9254 = CARTESIAN_POINT ( 'NONE',  ( 5.957377012122409887, 49.77052315700338880, -61.23664319947150148 ) ) ;
#9255 = ORIENTED_EDGE ( 'NONE', *, *, #5228, .F. ) ;
#9256 = ORIENTED_EDGE ( 'NONE', *, *, #4228, .F. ) ;
#9257 = CARTESIAN_POINT ( 'NONE',  ( 11.35032770630694188, 65.00000000000000000, 64.00132858745544695 ) ) ;
#9258 = CARTESIAN_POINT ( 'NONE',  ( -1.781881413103104661, 65.00000000000000000, 57.40000000000004832 ) ) ;
#9259 = CARTESIAN_POINT ( 'NONE',  ( 7.529663527230811226, 30.90000000000000213, -6.655330888320935223 ) ) ;
#9260 = DIRECTION ( 'NONE',  ( 0.000000000000000000, 0.000000000000000000, 1.000000000000000000 ) ) ;
#9261 = CARTESIAN_POINT ( 'NONE',  ( -64.40000000000003411, 60.83826859021802136, 4.050000000000231637 ) ) ;
#9262 = EDGE_CURVE ( 'NONE', #6281, #7126, #2271, .T. ) ;
#9263 = LINE ( 'NONE', #9360, #9477 ) ;
#9264 =( BOUNDED_CURVE ( )  B_SPLINE_CURVE ( 3, ( #3833, #2458, #7625, #6788 ),
 .UNSPECIFIED., .F., .F. ) 
 B_SPLINE_CURVE_WITH_KNOTS ( ( 4, 4 ),
 ( 0.9679010885992674895, 1.570796326794903663 ),
 .UNSPECIFIED. ) 
 CURVE ( )  GEOMETRIC_REPRESENTATION_ITEM ( )  RATIONAL_B_SPLINE_CURVE ( ( 1.000000000000000000, 0.9699384583854447905, 0.9699384583854447905, 1.000000000000000000 ) ) 
 REPRESENTATION_ITEM ( '' )  );
#9265 = LINE ( 'NONE', #2534, #3724 ) ;
#9266 = DIRECTION ( 'NONE',  ( 0.6123724356957971349, -0.4999999999999990563, 0.6123724356957928050 ) ) ;
#9267 = CARTESIAN_POINT ( 'NONE',  ( -64.39999999999994884, 58.49999999999995737, 4.100000000000568967 ) ) ;
#9268 = AXIS2_PLACEMENT_3D ( 'NONE', #4662, #6971, #7758 ) ;
#9269 = EDGE_CURVE ( 'NONE', #6749, #7281, #8061, .T. ) ;
#9270 = ORIENTED_EDGE ( 'NONE', *, *, #7639, .T. ) ;
#9271 = ORIENTED_EDGE ( 'NONE', *, *, #4454, .T. ) ;
#9272 = ORIENTED_EDGE ( 'NONE', *, *, #8734, .F. ) ;
#9273 = EDGE_CURVE ( 'NONE', #4258, #3022, #7405, .T. ) ;
#9274 = CARTESIAN_POINT ( 'NONE',  ( -4.049999999999092992, 60.83826859021803557, 64.40000000000010516 ) ) ;
#9275 = ORIENTED_EDGE ( 'NONE', *, *, #2613, .T. ) ;
#9276 = ORIENTED_EDGE ( 'NONE', *, *, #123, .F. ) ;
#9277 = B_SPLINE_CURVE_WITH_KNOTS ( 'NONE', 3,
 ( #1650, #1604, #4649, #6171, #5434, #8437, #1701, #956, #4352, #8873, #1297, #2923, #9507, #5036, #1347, #9609 ),
 .UNSPECIFIED., .F., .F.,
 ( 4, 2, 2, 2, 2, 2, 2, 4 ),
 ( 0.03396853483308148042, 0.03488832127010719347, 0.03580810770713290653, 0.03672789414415861958, 0.03764768058118433264, 0.03948725345523577263, 0.04040703989226149956, 0.04132682632928721955 ),
 .UNSPECIFIED. ) ;
#9278 = PLANE ( 'NONE',  #7706 ) ;
#9279 = DIRECTION ( 'NONE',  ( 0.000000000000000000, 0.000000000000000000, 1.000000000000000000 ) ) ;
#9280 = FACE_OUTER_BOUND ( 'NONE', #6950, .T. ) ;
#9281 = LINE ( 'NONE', #5550, #3291 ) ;
#9282 = DIRECTION ( 'NONE',  ( -0.8660254037844380415, 0.5000000000000008882, 0.000000000000000000 ) ) ;
#9283 = ORIENTED_EDGE ( 'NONE', *, *, #6398, .T. ) ;
#9284 = CARTESIAN_POINT ( 'NONE',  ( 5.188184852748348952, 51.74387124245379255, 79.83294759174806643 ) ) ;
#9285 = ORIENTED_EDGE ( 'NONE', *, *, #1828, .T. ) ;
#9286 = DIRECTION ( 'NONE',  ( 0.000000000000000000, 0.000000000000000000, 1.000000000000000000 ) ) ;
#9287 = EDGE_CURVE ( 'NONE', #1725, #9341, #8334, .T. ) ;
#9288 = VERTEX_POINT ( 'NONE', #8117 ) ;
#9289 = FACE_OUTER_BOUND ( 'NONE', #803, .T. ) ;
#9290 = ADVANCED_FACE ( 'NONE', ( #7239 ), #1275, .T. ) ;
#9291 = CYLINDRICAL_SURFACE ( 'NONE', #946, 4.099999999999999645 ) ;
#9292 = DIRECTION ( 'NONE',  ( -3.491481338843133750E-15, -1.854709381156976911E-16, -1.000000000000000000 ) ) ;
#9293 = CARTESIAN_POINT ( 'NONE',  ( -54.57595881954064510, 56.16173140978199996, 48.84839389193069792 ) ) ;
#9294 = ORIENTED_EDGE ( 'NONE', *, *, #2250, .F. ) ;
#9295 = AXIS2_PLACEMENT_3D ( 'NONE', #7686, #1542, #7641 ) ;
#9296 = CARTESIAN_POINT ( 'NONE',  ( 1.941672373702902021, 50.47104418672341808, -57.40000000000005542 ) ) ;
#9297 = CARTESIAN_POINT ( 'NONE',  ( 60.36806642904173970, 49.98058182672756544, 5.646478818412946410 ) ) ;
#9298 = CARTESIAN_POINT ( 'NONE',  ( -8.447970920606280743, 47.70458152418199660, 63.65680342856495599 ) ) ;
#9299 = EDGE_CURVE ( 'NONE', #92, #2944, #6611, .T. ) ;
#9300 = LINE ( 'NONE', #8577, #9320 ) ;
#9301 = ORIENTED_EDGE ( 'NONE', *, *, #8212, .F. ) ;
#9302 = ORIENTED_EDGE ( 'NONE', *, *, #8167, .F. ) ;
#9303 = PLANE ( 'NONE',  #1627 ) ;
#9304 = LINE ( 'NONE', #4880, #9400 ) ;
#9305 = DIRECTION ( 'NONE',  ( -0.000000000000000000, 1.000000000000000000, -0.000000000000000000 ) ) ;
#9306 = LINE ( 'NONE', #6369, #1470 ) ;
#9307 = CARTESIAN_POINT ( 'NONE',  ( 4.050000000000905764, 60.83826859021802136, 64.40000000000000568 ) ) ;
#9308 = CARTESIAN_POINT ( 'NONE',  ( 0.000000000000000000, 45.00000000000000711, 0.000000000000000000 ) ) ;
#9309 = CARTESIAN_POINT ( 'NONE',  ( -74.49999999999998579, 58.49999999999999289, 6.592226764468023248E-13 ) ) ;
#9310 = LINE ( 'NONE', #6523, #3365 ) ;
#9311 = CARTESIAN_POINT ( 'NONE',  ( -53.84683320512353077, 50.87227421863913435, 59.16568978208222518 ) ) ;
#9312 = ORIENTED_EDGE ( 'NONE', *, *, #2394, .F. ) ;
#9313 = CIRCLE ( 'NONE', #1638, 4.099999999999993427 ) ;
#9314 = ORIENTED_EDGE ( 'NONE', *, *, #1977, .T. ) ;
#9315 = ORIENTED_EDGE ( 'NONE', *, *, #2377, .F. ) ;
#9316 = DIRECTION ( 'NONE',  ( -5.329070518200751394E-15, 0.000000000000000000, -1.000000000000000000 ) ) ;
#9317 = ORIENTED_EDGE ( 'NONE', *, *, #1134, .T. ) ;
#9318 = EDGE_LOOP ( 'NONE', ( #6951, #7165, #3435, #882 ) ) ;
#9319 = DIRECTION ( 'NONE',  ( -0.000000000000000000, 1.000000000000000000, -0.000000000000000000 ) ) ;
#9320 = VECTOR ( 'NONE', #7001, 1000.000000000000000 ) ;
#9321 = EDGE_CURVE ( 'NONE', #626, #3697, #494, .T. ) ;
#9322 = AXIS2_PLACEMENT_3D ( 'NONE', #7831, #8616, #6499 ) ;
#9323 = LINE ( 'NONE', #4025, #5983 ) ;
#9324 = FACE_OUTER_BOUND ( 'NONE', #6379, .T. ) ;
#9325 = DIRECTION ( 'NONE',  ( 2.081668171172168908E-15, 0.000000000000000000, 1.000000000000000000 ) ) ;
#9326 = CARTESIAN_POINT ( 'NONE',  ( -57.40000000000003411, 53.88723853897876381, 1.578777688379515265 ) ) ;
#9327 = LINE ( 'NONE', #2696, #4927 ) ;
#9328 = VERTEX_POINT ( 'NONE', #6444 ) ;
#9329 = AXIS2_PLACEMENT_3D ( 'NONE', #2503, #3192, #1673 ) ;
#9330 = CIRCLE ( 'NONE', #225, 6.099999999999999645 ) ;
#9331 = CARTESIAN_POINT ( 'NONE',  ( 5.616098789110647083, 52.09557874406614530, 79.80359647429088454 ) ) ;
#9332 = EDGE_LOOP ( 'NONE', ( #5982, #4581, #6781, #4976, #3552, #5834, #684, #5742 ) ) ;
#9333 = CARTESIAN_POINT ( 'NONE',  ( 64.40000000000000568, 58.49999999999999289, -1.180056052874078735E-13 ) ) ;
#9334 = ORIENTED_EDGE ( 'NONE', *, *, #8401, .F. ) ;
#9335 = DIRECTION ( 'NONE',  ( -0.000000000000000000, 1.000000000000000000, -0.000000000000000000 ) ) ;
#9336 = CIRCLE ( 'NONE', #4153, 4.099999999999999645 ) ;
#9337 = CARTESIAN_POINT ( 'NONE',  ( 1.781881413103104661, 53.88633504566437438, -57.40000000000004832 ) ) ;
#9338 = AXIS2_PLACEMENT_3D ( 'NONE', #1625, #8270, #6792 ) ;
#9339 = CARTESIAN_POINT ( 'NONE',  ( 48.40145917221918381, 52.90000000000000568, 42.67389424460813530 ) ) ;
#9340 = DIRECTION ( 'NONE',  ( 0.000000000000000000, 0.000000000000000000, 1.000000000000000000 ) ) ;
#9341 = VERTEX_POINT ( 'NONE', #9385 ) ;
#9342 = ADVANCED_FACE ( 'NONE', ( #2659 ), #2064, .F. ) ;
#9343 = CIRCLE ( 'NONE', #1027, 4.099999999999999645 ) ;
#9344 = EDGE_CURVE ( 'NONE', #3921, #1712, #5059, .T. ) ;
#9345 = VECTOR ( 'NONE', #302, 1000.000000000000000 ) ;
#9346 = DIRECTION ( 'NONE',  ( 0.7492693547207620597, 0.000000000000000000, -0.6622653803999819511 ) ) ;
#9347 = EDGE_CURVE ( 'NONE', #9060, #3454, #3591, .T. ) ;
#9348 = CARTESIAN_POINT ( 'NONE',  ( -6.546593553414763456, 49.32494541535801602, 62.18507942017395607 ) ) ;
#9349 = AXIS2_PLACEMENT_3D ( 'NONE', #1023, #9181, #191 ) ;
#9350 = DIRECTION ( 'NONE',  ( -0.7071067811865500152, 0.000000000000000000, -0.7071067811865451302 ) ) ;
#9351 = ORIENTED_EDGE ( 'NONE', *, *, #4082, .F. ) ;
#9352 = EDGE_LOOP ( 'NONE', ( #4993, #6967, #6687, #7598, #2306, #2890, #5861, #8884, #5054, #6547, #4305, #4272, #5171, #1661, #1357, #6067, #3727, #7546, #9552, #2942 ) ) ;
#9353 = DIRECTION ( 'NONE',  ( -0.000000000000000000, 1.000000000000000000, -0.000000000000000000 ) ) ;
#9354 = CARTESIAN_POINT ( 'NONE',  ( 48.40145917221918381, 65.00000000000000000, 42.67389424460813530 ) ) ;
#9355 = CARTESIAN_POINT ( 'NONE',  ( 27.74454884646939945, 14.70000000000000462, 70.58126610706813153 ) ) ;
#9356 = VECTOR ( 'NONE', #9032, 1000.000000000000000 ) ;
#9357 = CARTESIAN_POINT ( 'NONE',  ( -52.67945519839779678, 58.49999999999995737, -52.67945519839777546 ) ) ;
#9358 = EDGE_CURVE ( 'NONE', #2383, #6844, #8656, .T. ) ;
#9359 = DIRECTION ( 'NONE',  ( -0.6123724356957940262, -0.5000000000000009992, 0.6123724356957940262 ) ) ;
#9360 = CARTESIAN_POINT ( 'NONE',  ( -39.13836033867492858, 52.90000000000000568, 44.86592526628685107 ) ) ;
#9361 = FACE_OUTER_BOUND ( 'NONE', #5741, .T. ) ;
#9362 = DIRECTION ( 'NONE',  ( 0.000000000000000000, 1.000000000000000000, 0.000000000000000000 ) ) ;
#9363 = VERTEX_POINT ( 'NONE', #401 ) ;
#9364 = EDGE_LOOP ( 'NONE', ( #6316, #1915, #346 ) ) ;
#9365 = EDGE_CURVE ( 'NONE', #461, #4098, #5512, .T. ) ;
#9366 = ORIENTED_EDGE ( 'NONE', *, *, #6270, .T. ) ;
#9367 = CARTESIAN_POINT ( 'NONE',  ( -3.470779219583164175E-13, 58.49999999999999289, -64.40000000000000568 ) ) ;
#9368 = EDGE_CURVE ( 'NONE', #9463, #2145, #5006, .T. ) ;
#9369 = ORIENTED_EDGE ( 'NONE', *, *, #947, .F. ) ;
#9370 = ORIENTED_EDGE ( 'NONE', *, *, #5523, .T. ) ;
#9371 = CARTESIAN_POINT ( 'NONE',  ( 4.049999999999543299, 59.13835726674087567, -64.40000000000007674 ) ) ;
#9372 = CARTESIAN_POINT ( 'NONE',  ( -8.499999999999019451, 58.49999999999999289, 79.54715582596286083 ) ) ;
#9373 = EDGE_CURVE ( 'NONE', #8560, #6206, #1229, .T. ) ;
#9374 = LINE ( 'NONE', #6533, #5441 ) ;
#9375 = PLANE ( 'NONE',  #4773 ) ;
#9376 = DIRECTION ( 'NONE',  ( 0.8660254037844375974, 0.5000000000000018874, -5.991246546128627547E-15 ) ) ;
#9377 = DIRECTION ( 'NONE',  ( 0.7071067811865474617, -0.000000000000000000, 0.7071067811865474617 ) ) ;
#9378 = EDGE_LOOP ( 'NONE', ( #1513, #6528, #8239 ) ) ;
#9379 = FACE_OUTER_BOUND ( 'NONE', #3639, .T. ) ;
#9380 = EDGE_LOOP ( 'NONE', ( #4279, #5443, #2978, #7101, #4607, #9592, #9366, #1759, #3012, #2201 ) ) ;
#9381 = DIRECTION ( 'NONE',  ( 1.000000000000000000, 0.000000000000000000, 0.000000000000000000 ) ) ;
#9382 = ORIENTED_EDGE ( 'NONE', *, *, #938, .T. ) ;
#9383 = DIRECTION ( 'NONE',  ( -0.000000000000000000, -1.000000000000000000, -0.000000000000000000 ) ) ;
#9384 = CIRCLE ( 'NONE', #2331, 4.000000000000003553 ) ;
#9385 = CARTESIAN_POINT ( 'NONE',  ( 66.98126610706803774, 0.000000000000000000, -25.59454884646963180 ) ) ;
#9386 = EDGE_CURVE ( 'NONE', #4361, #5089, #4874, .T. ) ;
#9387 = CARTESIAN_POINT ( 'NONE',  ( 45.53767670841349968, 58.49999999999995737, -45.53767670841381943 ) ) ;
#9388 = CARTESIAN_POINT ( 'NONE',  ( -7.111386895682908715, 63.16632374874969713, 79.68346272128968621 ) ) ;
#9389 = AXIS2_PLACEMENT_3D ( 'NONE', #9560, #5083, #6615 ) ;
#9390 = ORIENTED_EDGE ( 'NONE', *, *, #2256, .T. ) ;
#9391 = EDGE_CURVE ( 'NONE', #55, #8798, #2313, .T. ) ;
#9392 = CARTESIAN_POINT ( 'NONE',  ( -58.10713432955764546, 50.28650355091357227, -54.98756090968515053 ) ) ;
#9393 = ADVANCED_FACE ( 'NONE', ( #6100 ), #5307, .T. ) ;
#9394 = DIRECTION ( 'NONE',  ( -1.000000000000000000, 0.000000000000000000, 6.769652589177784668E-15 ) ) ;
#9395 = CARTESIAN_POINT ( 'NONE',  ( -44.86592526628601973, 65.00000000000000000, 39.13836033867588071 ) ) ;
#9396 = CARTESIAN_POINT ( 'NONE',  ( 61.04346596506923106, 1.500000000000001332, -22.33148591051285692 ) ) ;
#9397 = CARTESIAN_POINT ( 'NONE',  ( -1.912140660617457133, 49.93913572686509639, 60.77777777777782831 ) ) ;
#9398 = VECTOR ( 'NONE', #103, 1000.000000000000000 ) ;
#9399 = B_SPLINE_CURVE_WITH_KNOTS ( 'NONE', 3,
 ( #3306, #6307, #5976, #8229, #4817, #8971, #3254 ),
 .UNSPECIFIED., .F., .F.,
 ( 4, 3, 4 ),
 ( -0.0003046580400804755825, 0.000000000000000000, 0.001361242976165220626 ),
 .UNSPECIFIED. ) ;
#9400 = VECTOR ( 'NONE', #366, 1000.000000000000000 ) ;
#9401 = LINE ( 'NONE', #5717, #1319 ) ;
#9402 = ORIENTED_EDGE ( 'NONE', *, *, #805, .T. ) ;
#9403 = EDGE_CURVE ( 'NONE', #6830, #7021, #9089, .T. ) ;
#9404 = ORIENTED_EDGE ( 'NONE', *, *, #4348, .T. ) ;
#9405 = DIRECTION ( 'NONE',  ( 0.7071067811865451302, 0.000000000000000000, -0.7071067811865500152 ) ) ;
#9406 = DIRECTION ( 'NONE',  ( -0.7071067811865474617, 0.000000000000000000, -0.7071067811865474617 ) ) ;
#9407 = CARTESIAN_POINT ( 'NONE',  ( 57.87106164875941516, 51.97813493054589884, -3.676134652389830393 ) ) ;
#9408 = LINE ( 'NONE', #4103, #7390 ) ;
#9409 = FACE_OUTER_BOUND ( 'NONE', #7617, .T. ) ;
#9410 = DIRECTION ( 'NONE',  ( 1.000000000000000000, 0.000000000000000000, -1.776356839400250465E-15 ) ) ;
#9411 = CARTESIAN_POINT ( 'NONE',  ( -5.733858381163525308, 49.91278067414284436, -60.65943617683424804 ) ) ;
#9412 = ORIENTED_EDGE ( 'NONE', *, *, #3433, .T. ) ;
#9413 = ORIENTED_EDGE ( 'NONE', *, *, #6795, .T. ) ;
#9414 = CIRCLE ( 'NONE', #1103, 9.999999999999996447 ) ;
#9415 = VERTEX_POINT ( 'NONE', #101 ) ;
#9416 = CARTESIAN_POINT ( 'NONE',  ( -0.07732330169177571710, 53.86810544861018002, -57.40000000000004832 ) ) ;
#9417 = VERTEX_POINT ( 'NONE', #9045 ) ;
#9418 = ORIENTED_EDGE ( 'NONE', *, *, #157, .T. ) ;
#9419 = B_SPLINE_CURVE_WITH_KNOTS ( 'NONE', 3,
 ( #583, #6131, #278, #9120, #3957, #8483, #8343, #3279, #821, #1007, #5341, #6957, #7607, #3227, #2390, #5296, #5385, #5437, #4598, #1607 ),
 .UNSPECIFIED., .F., .F.,
 ( 4, 2, 2, 2, 2, 2, 2, 2, 2, 4 ),
 ( -1.264918306706622997E-05, 0.0003968313210624544504, 0.0008063118251919750663, 0.001625272833451002746, 0.002444233841710029883, 0.003263194849969057888, 0.004082155858228086326, 0.004901116866487112596, 0.005720077874746140600, 0.006539038883005167738 ),
 .UNSPECIFIED. ) ;
#9420 = AXIS2_PLACEMENT_3D ( 'NONE', #1853, #286, #7805 ) ;
#9421 = EDGE_CURVE ( 'NONE', #6897, #64, #2948, .T. ) ;
#9422 = CIRCLE ( 'NONE', #6450, 4.099999999999999645 ) ;
#9423 = CYLINDRICAL_SURFACE ( 'NONE', #8020, 80.00000000000000000 ) ;
#9424 = EDGE_CURVE ( 'NONE', #8472, #1711, #4472, .T. ) ;
#9425 = CARTESIAN_POINT ( 'NONE',  ( -72.03327283503138290, 64.00000071709243343, -29.92011830026050845 ) ) ;
#9426 = DIRECTION ( 'NONE',  ( 0.000000000000000000, 0.000000000000000000, 1.000000000000000000 ) ) ;
#9427 = DIRECTION ( 'NONE',  ( -0.000000000000000000, 1.000000000000000000, -0.000000000000000000 ) ) ;
#9428 = DIRECTION ( 'NONE',  ( -0.7071067811865475727, 0.000000000000000000, -0.7071067811865475727 ) ) ;
#9429 = ORIENTED_EDGE ( 'NONE', *, *, #7295, .F. ) ;
#9430 = EDGE_CURVE ( 'NONE', #6206, #1566, #3361, .T. ) ;
#9431 = CARTESIAN_POINT ( 'NONE',  ( 0.000000000000000000, 10.99999999999999645, 0.000000000000000000 ) ) ;
#9432 = ORIENTED_EDGE ( 'NONE', *, *, #4838, .T. ) ;
#9433 = DIRECTION ( 'NONE',  ( -0.000000000000000000, 1.000000000000000000, -0.000000000000000000 ) ) ;
#9434 = EDGE_LOOP ( 'NONE', ( #7071, #1733, #6939 ) ) ;
#9435 = VERTEX_POINT ( 'NONE', #8307 ) ;
#9436 = DIRECTION ( 'NONE',  ( -0.000000000000000000, 1.000000000000000000, -0.000000000000000000 ) ) ;
#9437 = DIRECTION ( 'NONE',  ( -0.000000000000000000, -1.000000000000000000, -0.000000000000000000 ) ) ;
#9438 = CARTESIAN_POINT ( 'NONE',  ( -8.165239551924273087, 60.94258388591423881, 79.58232913008566811 ) ) ;
#9439 = ORIENTED_EDGE ( 'NONE', *, *, #6395, .F. ) ;
#9440 = CARTESIAN_POINT ( 'NONE',  ( -56.17841574191459841, 49.99979868826902418, -56.95869949707021362 ) ) ;
#9441 = DIRECTION ( 'NONE',  ( -3.426614273534433601E-15, 0.000000000000000000, -1.000000000000000000 ) ) ;
#9442 = CARTESIAN_POINT ( 'NONE',  ( -57.64235574244838745, 61.22646006433032539, -3.377632643772257026 ) ) ;
#9443 = CARTESIAN_POINT ( 'NONE',  ( 5.813510302919788764, 50.52795622369259121, 57.40000000000004121 ) ) ;
#9444 = CARTESIAN_POINT ( 'NONE',  ( -8.706965749413475564, 47.47313623487129064, 63.76239282687330956 ) ) ;
#9445 = ADVANCED_FACE ( 'NONE', ( #2258 ), #4568, .T. ) ;
#9446 = ADVANCED_FACE ( 'NONE', ( #8209, #6638, #6835, #5213, #1424, #2997, #5260, #8261, #5902, #4519, #788, #3792, #6784, #50 ), #8900, .T. ) ;
#9447 = DIRECTION ( 'NONE',  ( 0.000000000000000000, 0.000000000000000000, 1.000000000000000000 ) ) ;
#9448 = ORIENTED_EDGE ( 'NONE', *, *, #422, .F. ) ;
#9449 = ORIENTED_EDGE ( 'NONE', *, *, #957, .T. ) ;
#9450 = CARTESIAN_POINT ( 'NONE',  ( 2.554400411425175932, 53.10943384802110501, -57.47052113134449769 ) ) ;
#9451 = LINE ( 'NONE', #9355, #1191 ) ;
#9452 = DIRECTION ( 'NONE',  ( 0.000000000000000000, 1.000000000000000000, 0.000000000000000000 ) ) ;
#9453 = FACE_OUTER_BOUND ( 'NONE', #3642, .T. ) ;
#9454 = PLANE ( 'NONE',  #5246 ) ;
#9455 = LINE ( 'NONE', #4397, #767 ) ;
#9456 = PLANE ( 'NONE',  #8426 ) ;
#9457 = LINE ( 'NONE', #1896, #1785 ) ;
#9458 = ORIENTED_EDGE ( 'NONE', *, *, #9299, .F. ) ;
#9459 = VERTEX_POINT ( 'NONE', #7622 ) ;
#9460 = ORIENTED_EDGE ( 'NONE', *, *, #2324, .T. ) ;
#9461 = CARTESIAN_POINT ( 'NONE',  ( 63.65680342856497020, 47.70458152418198949, 8.447970920606058698 ) ) ;
#9462 = EDGE_LOOP ( 'NONE', ( #4967, #5448 ) ) ;
#9463 = VERTEX_POINT ( 'NONE', #7075 ) ;
#9464 = LINE ( 'NONE', #4363, #7039 ) ;
#9465 = DIRECTION ( 'NONE',  ( 3.491481338843133355E-15, 0.000000000000000000, 1.000000000000000000 ) ) ;
#9466 = CIRCLE ( 'NONE', #7288, 80.00000000000000000 ) ;
#9467 = DIRECTION ( 'NONE',  ( -0.7071067811865400232, 0.000000000000000000, 0.7071067811865550112 ) ) ;
#9468 = CARTESIAN_POINT ( 'NONE',  ( 34.43853890554883179, 58.49999999999999289, 40.23681451127849584 ) ) ;
#9469 = CARTESIAN_POINT ( 'NONE',  ( -64.39999999999999147, 58.49999999999995737, 5.701467076235642709E-13 ) ) ;
#9470 = CARTESIAN_POINT ( 'NONE',  ( -42.00214280248047771, 53.82346281956404255, 42.00214280248135879 ) ) ;
#9471 = ORIENTED_EDGE ( 'NONE', *, *, #6783, .T. ) ;
#9472 = DIRECTION ( 'NONE',  ( -0.000000000000000000, 1.000000000000000000, -0.000000000000000000 ) ) ;
#9473 = ORIENTED_EDGE ( 'NONE', *, *, #655, .T. ) ;
#9474 = CARTESIAN_POINT ( 'NONE',  ( -79.54715582596283241, 58.49999999999999289, -8.499999999999294786 ) ) ;
#9475 = ORIENTED_EDGE ( 'NONE', *, *, #5141, .F. ) ;
#9476 = ORIENTED_EDGE ( 'NONE', *, *, #853, .T. ) ;
#9477 = VECTOR ( 'NONE', #8531, 1000.000000000000000 ) ;
#9478 = AXIS2_PLACEMENT_3D ( 'NONE', #6598, #9004, #8127 ) ;
#9479 = EDGE_CURVE ( 'NONE', #202, #6040, #5451, .T. ) ;
#9480 = DIRECTION ( 'NONE',  ( -1.000000000000000000, 0.000000000000000000, 8.826273045769994496E-15 ) ) ;
#9481 = DIRECTION ( 'NONE',  ( 0.000000000000000000, 0.000000000000000000, 1.000000000000000000 ) ) ;
#9482 = CARTESIAN_POINT ( 'NONE',  ( -7.966542416448479713, 61.52687088733336651, 79.60277630491728473 ) ) ;
#9483 = CIRCLE ( 'NONE', #1480, 3.600000000000005862 ) ;
#9484 = AXIS2_PLACEMENT_3D ( 'NONE', #7177, #6434, #4952 ) ;
#9485 = COLOUR_RGB ( '',0.7921568627450980005, 0.8196078431372548767, 0.9333333333333333481 ) ;
#9486 = EDGE_CURVE ( 'NONE', #2304, #8759, #7351, .T. ) ;
#9487 = ORIENTED_EDGE ( 'NONE', *, *, #7634, .F. ) ;
#9488 = CARTESIAN_POINT ( 'NONE',  ( -8.226916026944614657, 56.29165508544681273, -79.57593739131318955 ) ) ;
#9489 = DIRECTION ( 'NONE',  ( 1.000000000000000000, 0.000000000000000000, -1.776356839400250465E-15 ) ) ;
#9490 = DIRECTION ( 'NONE',  ( -3.384826294588892334E-15, 0.000000000000000000, -1.000000000000000000 ) ) ;
#9491 = CARTESIAN_POINT ( 'NONE',  ( -5.802354120911735968, 49.91208640216488845, 60.65660001241671040 ) ) ;
#9492 = VECTOR ( 'NONE', #3607, 1000.000000000000000 ) ;
#9493 = VECTOR ( 'NONE', #6279, 1000.000000000000000 ) ;
#9494 = LINE ( 'NONE', #5570, #9167 ) ;
#9495 = AXIS2_PLACEMENT_3D ( 'NONE', #4970, #7973, #6058 ) ;
#9497 = CARTESIAN_POINT ( 'NONE',  ( 79.69915214110476143, 63.42585827956060029, -6.933997157226910346 ) ) ;
#9496 = LINE ( 'NONE', #556, #9492 ) ;
#9498 = ORIENTED_EDGE ( 'NONE', *, *, #1296, .F. ) ;
#9499 = AXIS2_PLACEMENT_3D ( 'NONE', #9027, #8985, #4550 ) ;
#9500 = VERTEX_POINT ( 'NONE', #7810 ) ;
#9501 = CARTESIAN_POINT ( 'NONE',  ( 4.050000000000905764, 56.16173140978203548, 64.40000000000000568 ) ) ;
#9502 = CARTESIAN_POINT ( 'NONE',  ( 48.40145917221903460, 56.16173140978202127, -42.67389424460831293 ) ) ;
#9503 = DIRECTION ( 'NONE',  ( -0.6123724356958010206, -0.4999999999999999445, -0.6123724356957881421 ) ) ;
#9504 = CARTESIAN_POINT ( 'NONE',  ( 0.000000000000000000, 37.90000000000000568, 0.000000000000000000 ) ) ;
#9505 = AXIS2_PLACEMENT_3D ( 'NONE', #1719, #884, #7670 ) ;
#9506 = DIRECTION ( 'NONE',  ( -1.000000000000000000, 0.000000000000000000, 8.826273045769994496E-15 ) ) ;
#9507 = CARTESIAN_POINT ( 'NONE',  ( 51.88697158942101595, 64.13950967988907337, 60.89160900709505597 ) ) ;
#9508 = DIRECTION ( 'NONE',  ( 0.000000000000000000, 1.000000000000000000, -0.000000000000000000 ) ) ;
#9509 = EDGE_CURVE ( 'NONE', #2320, #295, #337, .T. ) ;
#9510 = CARTESIAN_POINT ( 'NONE',  ( -66.98126610706783879, 14.70000000000000462, 25.59454884647010076 ) ) ;
#9511 = LINE ( 'NONE', #8733, #5081 ) ;
#9512 = ORIENTED_EDGE ( 'NONE', *, *, #4755, .T. ) ;
#9513 = CIRCLE ( 'NONE', #6385, 8.500000000000000000 ) ;
#9514 = EDGE_CURVE ( 'NONE', #2147, #2070, #2595, .T. ) ;
#9515 = VERTEX_POINT ( 'NONE', #6335 ) ;
#9516 = CARTESIAN_POINT ( 'NONE',  ( 63.39528395696473950, 48.15354100610428389, 7.938663708803795238 ) ) ;
#9517 = ORIENTED_EDGE ( 'NONE', *, *, #3699, .F. ) ;
#9518 = ORIENTED_EDGE ( 'NONE', *, *, #7193, .F. ) ;
#9519 = DIRECTION ( 'NONE',  ( -1.000000000000000000, -0.000000000000000000, 8.826273045769994496E-15 ) ) ;
#9520 = EDGE_CURVE ( 'NONE', #202, #6024, #9323, .T. ) ;
#9521 = AXIS2_PLACEMENT_3D ( 'NONE', #4587, #211, #9153 ) ;
#9522 = FACE_BOUND ( 'NONE', #3622, .T. ) ;
#9523 = DIRECTION ( 'NONE',  ( -1.000000000000000000, -0.000000000000000000, 8.826273045769994496E-15 ) ) ;
#9524 = DIRECTION ( 'NONE',  ( 0.7071067811865474617, -0.000000000000000000, -0.7071067811865474617 ) ) ;
#9525 = DIRECTION ( 'NONE',  ( 0.000000000000000000, 0.000000000000000000, 1.000000000000000000 ) ) ;
#9526 = CARTESIAN_POINT ( 'NONE',  ( -64.39999999999999147, 58.49999999999995737, 5.701467076235642709E-13 ) ) ;
#9527 = ORIENTED_EDGE ( 'NONE', *, *, #381, .T. ) ;
#9528 = EDGE_CURVE ( 'NONE', #1899, #4826, #9229, .T. ) ;
#9529 = ORIENTED_EDGE ( 'NONE', *, *, #6548, .T. ) ;
#9530 = B_SPLINE_CURVE_WITH_KNOTS ( 'NONE', 3,
 ( #3415, #6409, #9397, #459, #8959, #2224 ),
 .UNSPECIFIED., .F., .F.,
 ( 4, 2, 4 ),
 ( 8.673617379884035472E-19, 0.005735140038268123595, 0.01147028007653624546 ),
 .UNSPECIFIED. ) ;
#9531 = LINE ( 'NONE', #2794, #5814 ) ;
#9532 = ORIENTED_EDGE ( 'NONE', *, *, #5618, .T. ) ;
#9533 =( BOUNDED_CURVE ( )  B_SPLINE_CURVE ( 3, ( #5199, #5938, #2879, #579 ),
 .UNSPECIFIED., .F., .F. ) 
 B_SPLINE_CURVE_WITH_KNOTS ( ( 4, 4 ),
 ( 4.712388980384703885, 5.315284218580130116 ),
 .UNSPECIFIED. ) 
 CURVE ( )  GEOMETRIC_REPRESENTATION_ITEM ( )  RATIONAL_B_SPLINE_CURVE ( ( 1.000000000000000000, 0.9699384583854655517, 0.9699384583854655517, 1.000000000000000000 ) ) 
 REPRESENTATION_ITEM ( '' )  );
#9534 = VERTEX_POINT ( 'NONE', #883 ) ;
#9535 = CARTESIAN_POINT ( 'NONE',  ( 4.050000000000818723, 56.16173140978203548, 58.10521046563250991 ) ) ;
#9536 = DIRECTION ( 'NONE',  ( 0.7071067811865475727, 0.000000000000000000, 0.7071067811865475727 ) ) ;
#9537 = LINE ( 'NONE', #2899, #127 ) ;
#9538 = LINE ( 'NONE', #2067, #7151 ) ;
#9539 = EDGE_LOOP ( 'NONE', ( #5120, #7951, #3783, #4490 ) ) ;
#9540 = DIRECTION ( 'NONE',  ( -0.7071067811865500152, 0.000000000000000000, -0.7071067811865449082 ) ) ;
#9541 = VECTOR ( 'NONE', #8743, 1000.000000000000000 ) ;
#9542 = ORIENTED_EDGE ( 'NONE', *, *, #1336, .T. ) ;
#9543 = CARTESIAN_POINT ( 'NONE',  ( -61.04346596506924527, 30.90000000000000213, -22.33148591051283205 ) ) ;
#9544 = ADVANCED_FACE ( 'NONE', ( #1071 ), #3966, .T. ) ;
#9545 = CARTESIAN_POINT ( 'NONE',  ( -60.62046574978874958, 64.60120959420828513, -52.20521199726179873 ) ) ;
#9546 = DIRECTION ( 'NONE',  ( 0.000000000000000000, 0.000000000000000000, 1.000000000000000000 ) ) ;
#9547 = B_SPLINE_CURVE_WITH_KNOTS ( 'NONE', 3,
 ( #7409, #572, #1299, #668, #3569, #4354, #2235, #6566, #9561, #2824, #5829, #4297, #2085, #8825, #5084, #6661 ),
 .UNSPECIFIED., .F., .F.,
 ( 4, 2, 2, 2, 2, 2, 2, 4 ),
 ( 0.03396853483308147348, 0.03488832127010717959, 0.03580810770713289265, 0.03672789414415859877, 0.03764768058118430488, 0.03948725345523575875, 0.04040703989226148568, 0.04132682632928721261 ),
 .UNSPECIFIED. ) ;
#9548 = CIRCLE ( 'NONE', #6725, 4.099999999999999645 ) ;
#9549 = EDGE_CURVE ( 'NONE', #1186, #8351, #4073, .T. ) ;
#9551 = CARTESIAN_POINT ( 'NONE',  ( 79.64064284177405284, 62.36770782024269266, -7.575285442453339790 ) ) ;
#9550 = DIRECTION ( 'NONE',  ( -0.7071067811865474617, -1.692413147294448731E-15, 0.7071067811865474617 ) ) ;
#9552 = ORIENTED_EDGE ( 'NONE', *, *, #4018, .T. ) ;
#9553 = ORIENTED_EDGE ( 'NONE', *, *, #4046, .F. ) ;
#9554 = EDGE_CURVE ( 'NONE', #7044, #7880, #5193, .T. ) ;
#9555 = VECTOR ( 'NONE', #1348, 1000.000000000000000 ) ;
#9556 = CARTESIAN_POINT ( 'NONE',  ( 27.74454884646939945, 0.000000000000000000, 69.13126610706812869 ) ) ;
#9557 = DIRECTION ( 'NONE',  ( -1.396592535537253500E-14, -0.000000000000000000, -1.000000000000000000 ) ) ;
#9558 = CARTESIAN_POINT ( 'NONE',  ( 57.40000000000004832, 63.17653718043602140, -1.956182834793647873E-13 ) ) ;
#9559 = CARTESIAN_POINT ( 'NONE',  ( -59.40767242217746968, 50.37390771728853878, -5.259674179121627269 ) ) ;
#9560 = CARTESIAN_POINT ( 'NONE',  ( -74.49999999999998579, 58.49999999999995737, 6.592920653858412961E-13 ) ) ;
#9561 = CARTESIAN_POINT ( 'NONE',  ( 61.83820530593456510, 61.80518412238960479, -50.75483598778613015 ) ) ;
#9562 = CARTESIAN_POINT ( 'NONE',  ( -25.00000000000000000, 30.90000000000000213, 0.000000000000000000 ) ) ;
#9563 = ORIENTED_EDGE ( 'NONE', *, *, #5513, .F. ) ;
#9564 = VERTEX_POINT ( 'NONE', #9132 ) ;
#9565 = CARTESIAN_POINT ( 'NONE',  ( 6.400616228670241270, 52.87955841703090698, -79.74450893379707850 ) ) ;
#9566 = ADVANCED_FACE ( 'NONE', ( #1669 ), #926, .T. ) ;
#9567 = ORIENTED_EDGE ( 'NONE', *, *, #1836, .T. ) ;
#9568 = CARTESIAN_POINT ( 'NONE',  ( 50.23792566855560437, 58.49999999999999289, 62.25874094872689568 ) ) ;
#9569 = ORIENTED_EDGE ( 'NONE', *, *, #2522, .T. ) ;
#9570 = EDGE_CURVE ( 'NONE', #813, #5389, #3188, .T. ) ;
#9571 = PLANE ( 'NONE',  #7195 ) ;
#9572 = EDGE_CURVE ( 'NONE', #6569, #2496, #800, .T. ) ;
#9573 = ADVANCED_FACE ( 'NONE', ( #6240 ), #9278, .T. ) ;
#9574 = DIRECTION ( 'NONE',  ( -0.000000000000000000, 1.000000000000000000, -0.000000000000000000 ) ) ;
#9575 = PLANE ( 'NONE',  #2146 ) ;
#9576 = PLANE ( 'NONE',  #3379 ) ;
#9577 = CARTESIAN_POINT ( 'NONE',  ( 64.07514027512637256, 45.63234953930295745, -10.69516348938116224 ) ) ;
#9578 = DIRECTION ( 'NONE',  ( 1.000000000000000000, 0.000000000000000000, -1.142876642996484952E-14 ) ) ;
#9579 = EDGE_CURVE ( 'NONE', #9435, #1837, #1905, .T. ) ;
#9580 = ORIENTED_EDGE ( 'NONE', *, *, #4421, .T. ) ;
#9581 = ORIENTED_EDGE ( 'NONE', *, *, #9424, .T. ) ;
#9582 = FACE_OUTER_BOUND ( 'NONE', #5896, .T. ) ;
#9583 = ORIENTED_EDGE ( 'NONE', *, *, #2799, .F. ) ;
#9584 = ORIENTED_EDGE ( 'NONE', *, *, #8138, .T. ) ;
#9585 = CIRCLE ( 'NONE', #5340, 4.099999999999993427 ) ;
#9586 = VECTOR ( 'NONE', #1874, 1000.000000000000114 ) ;
#9587 = CARTESIAN_POINT ( 'NONE',  ( 57.40000000000005542, 53.88936911430551646, 1.023481251065298858 ) ) ;
#9588 = CARTESIAN_POINT ( 'NONE',  ( -79.60303533527513764, 61.53346678176448137, 7.963952068764735159 ) ) ;
#9589 = CARTESIAN_POINT ( 'NONE',  ( -3.470779219583164175E-13, 58.49999999999999289, -64.40000000000000568 ) ) ;
#9590 = DIRECTION ( 'NONE',  ( 0.7071067811865475727, 0.000000000000000000, 0.7071067811865475727 ) ) ;
#9591 = AXIS2_PLACEMENT_3D ( 'NONE', #3351, #9286, #9381 ) ;
#9592 = ORIENTED_EDGE ( 'NONE', *, *, #6613, .T. ) ;
#9593 = VECTOR ( 'NONE', #3450, 1000.000000000000000 ) ;
#9594 = CARTESIAN_POINT ( 'NONE',  ( -51.58832387131327835, 53.31452743713127518, -61.14523930633420434 ) ) ;
#9595 = EDGE_LOOP ( 'NONE', ( #7266, #6331, #433, #8377 ) ) ;
#9596 = CARTESIAN_POINT ( 'NONE',  ( -3.470779219583164175E-13, 58.49999999999999289, -64.40000000000000568 ) ) ;
#9597 = CARTESIAN_POINT ( 'NONE',  ( 57.40000000000008384, 53.78930731398478571, 1.878457402016853850 ) ) ;
#9598 = DIRECTION ( 'NONE',  ( 1.000000000000000000, 0.000000000000000000, -1.142876642996484952E-14 ) ) ;
#9599 = B_SPLINE_CURVE_WITH_KNOTS ( 'NONE', 3,
 ( #1965, #299, #1773, #444, #6394, #6440, #5555, #7866, #3402, #8695, #2655, #5655 ),
 .UNSPECIFIED., .F., .F.,
 ( 4, 2, 2, 2, 2, 4 ),
 ( 0.005925347537130834681, 0.007768987451529900910, 0.008690807408729416678, 0.009612627365928933312, 0.01145626728032798566, 0.01329990719472703628 ),
 .UNSPECIFIED. ) ;
#9601 = DIRECTION ( 'NONE',  ( 0.000000000000000000, 0.000000000000000000, 1.000000000000000000 ) ) ;
#9600 = CARTESIAN_POINT ( 'NONE',  ( -50.40783204723037869, 56.57014577954966228, 62.12127994184604773 ) ) ;
#9602 = VERTEX_POINT ( 'NONE', #4309 ) ;
#9603 = ORIENTED_EDGE ( 'NONE', *, *, #1743, .T. ) ;
#9604 = CARTESIAN_POINT ( 'NONE',  ( -39.13836033867493569, 56.16173140978202838, 44.86592526628685107 ) ) ;
#9605 = DIRECTION ( 'NONE',  ( -5.329070518200751394E-15, -0.000000000000000000, -1.000000000000000000 ) ) ;
#9606 = EDGE_CURVE ( 'NONE', #5113, #2070, #6576, .T. ) ;
#9607 = CARTESIAN_POINT ( 'NONE',  ( 51.71217635573547255, 53.82346281956403544, -51.71217635573582783 ) ) ;
#9608 = ADVANCED_FACE ( 'NONE', ( #1952 ), #5691, .T. ) ;
#9609 = CARTESIAN_POINT ( 'NONE',  ( 52.56282089188245976, 65.00000000000000000, 60.30878758429724940 ) ) ;
#9610 = CARTESIAN_POINT ( 'NONE',  ( 48.40145917221902749, 52.90000000000000568, -42.67389424460832004 ) ) ;
#9611 = AXIS2_PLACEMENT_3D ( 'NONE', #5935, #2198, #5197 ) ;
#9612 = CARTESIAN_POINT ( 'NONE',  ( 53.84475836717560071, 50.87365499787490108, -59.16757798887950059 ) ) ;
#9613 = CARTESIAN_POINT ( 'NONE',  ( -66.98126610706783879, 14.70000000000000462, 31.34454884647010076 ) ) ;
#9614 = ORIENTED_EDGE ( 'NONE', *, *, #3018, .T. ) ;
#9615 = ORIENTED_EDGE ( 'NONE', *, *, #5449, .T. ) ;
#9616 = CARTESIAN_POINT ( 'NONE',  ( -2.598160995412011509, 61.67648823033643879, 57.40000000000004121 ) ) ;
#9617 = ORIENTED_EDGE ( 'NONE', *, *, #2343, .F. ) ;
#9618 = DIRECTION ( 'NONE',  ( 0.000000000000000000, -1.000000000000000000, 0.000000000000000000 ) ) ;
#9619 = ORIENTED_EDGE ( 'NONE', *, *, #3585, .F. ) ;
#9620 = CARTESIAN_POINT ( 'NONE',  ( 61.14462724138206084, 53.31321187476278567, 51.58905212264429707 ) ) ;
#9621 = DIRECTION ( 'NONE',  ( -0.000000000000000000, 1.000000000000000000, -0.000000000000000000 ) ) ;
#9622 = CARTESIAN_POINT ( 'NONE',  ( -79.87408606259002397, 51.27894974716100762, 4.492719253740886209 ) ) ;
#9623 = LINE ( 'NONE', #5749, #3762 ) ;
#9624 = DIRECTION ( 'NONE',  ( 0.7071067811865450192, 0.000000000000000000, -0.7071067811865500152 ) ) ;
#9625 = ORIENTED_EDGE ( 'NONE', *, *, #6658, .F. ) ;
#9626 = ORIENTED_EDGE ( 'NONE', *, *, #1336, .F. ) ;
#9627 = CARTESIAN_POINT ( 'NONE',  ( -64.40000000000006253, 55.31177574804262065, -2.577833609686269956 ) ) ;
#9628 = VERTEX_POINT ( 'NONE', #7956 ) ;
#9629 = VERTEX_POINT ( 'NONE', #8788 ) ;
#9630 = EDGE_CURVE ( 'NONE', #3287, #5315, #9422, .T. ) ;
#9631 = VECTOR ( 'NONE', #5030, 1000.000000000000114 ) ;
#9632 = CARTESIAN_POINT ( 'NONE',  ( -42.67389424460814951, 52.90000000000000568, -48.40145917221916960 ) ) ;
#9633 = FACE_OUTER_BOUND ( 'NONE', #9113, .T. ) ;
#9634 = CARTESIAN_POINT ( 'NONE',  ( 55.57859300126245472, 58.49999999999995737, -49.78031739553313884 ) ) ;
#9635 = CARTESIAN_POINT ( 'NONE',  ( 6.655330888320909466, 30.90000000000000213, 7.529663527230792575 ) ) ;
#9636 = CARTESIAN_POINT ( 'NONE',  ( -48.40145917221872907, 56.16173140978199996, 42.67389424460864689 ) ) ;
#9637 = CIRCLE ( 'NONE', #6025, 10.00000000000000178 ) ;
#9638 = ORIENTED_EDGE ( 'NONE', *, *, #8559, .F. ) ;
#9639 = DIRECTION ( 'NONE',  ( -0.7071067811865474617, 0.000000000000000000, 0.7071067811865474617 ) ) ;
#9640 = DIRECTION ( 'NONE',  ( -0.7071067811865550112, 0.000000000000000000, -0.7071067811865401342 ) ) ;
#9641 = CARTESIAN_POINT ( 'NONE',  ( -27.74454884646939945, -35.59999999999999432, -66.98126610706812301 ) ) ;
#9642 = CIRCLE ( 'NONE', #9165, 3.600000000000005862 ) ;
#9643 = AXIS2_PLACEMENT_3D ( 'NONE', #6945, #5422, #8467 ) ;
#9644 = ADVANCED_FACE ( 'NONE', ( #2692, #7321 ), #8642, .T. ) ;
#9646 = CARTESIAN_POINT ( 'NONE',  ( 28.37734619600019670, 1.500000000000001332, -11.67002566352186577 ) ) ;
#9645 = CARTESIAN_POINT ( 'NONE',  ( -62.22365087936957906, 57.38134383354561407, 50.28149991590541390 ) ) ;
#9647 = ORIENTED_EDGE ( 'NONE', *, *, #7147, .T. ) ;
#9648 = EDGE_CURVE ( 'NONE', #7734, #6708, #2787, .T. ) ;
#9649 = ORIENTED_EDGE ( 'NONE', *, *, #4292, .T. ) ;
#9650 = AXIS2_PLACEMENT_3D ( 'NONE', #3000, #6641, #6694 ) ;
#9651 = CIRCLE ( 'NONE', #7144, 4.099999999999999645 ) ;
#9652 = ADVANCED_FACE ( 'NONE', ( #6532, #9522 ), #9423, .T. ) ;
#9653 = AXIS2_PLACEMENT_3D ( 'NONE', #9061, #2419, #2283 ) ;
#9654 = CYLINDRICAL_SURFACE ( 'NONE', #924, 5.000000000000004441 ) ;
#9655 = FACE_OUTER_BOUND ( 'NONE', #4186, .T. ) ;
#9656 = FACE_OUTER_BOUND ( 'NONE', #4420, .T. ) ;
#9657 = FACE_OUTER_BOUND ( 'NONE', #7709, .T. ) ;
#9658 = CARTESIAN_POINT ( 'NONE',  ( -57.40000000000006253, 60.83826859021803557, -4.049999999999792877 ) ) ;
#9659 = AXIS2_PLACEMENT_3D ( 'NONE', #5018, #8023, #1189 ) ;
#9660 = CARTESIAN_POINT ( 'NONE',  ( -60.36806642904178943, 49.98058182672756544, -5.646478818412526302 ) ) ;
#9661 = CARTESIAN_POINT ( 'NONE',  ( 10.03402575879542091, 46.25743379530677402, 64.06574809199086928 ) ) ;
#9662 = LINE ( 'NONE', #5931, #9699 ) ;
#9663 = ORIENTED_EDGE ( 'NONE', *, *, #8108, .F. ) ;
#9664 = ORIENTED_EDGE ( 'NONE', *, *, #8667, .F. ) ;
#9665 = FACE_OUTER_BOUND ( 'NONE', #4067, .T. ) ;
#9666 = ORIENTED_EDGE ( 'NONE', *, *, #8854, .T. ) ;
#9667 = CARTESIAN_POINT ( 'NONE',  ( 4.050000000000905764, 56.16173140978203548, 64.40000000000000568 ) ) ;
#9668 = ORIENTED_EDGE ( 'NONE', *, *, #4762, .T. ) ;
#9669 = AXIS2_PLACEMENT_3D ( 'NONE', #7501, #7089, #2233 ) ;
#9670 = EDGE_CURVE ( 'NONE', #8928, #2892, #3603, .T. ) ;
#9672 = TOROIDAL_SURFACE ( 'NONE', #1978, 60.00000000000000711, 5.000000000000000000 ) ;
#9671 = CARTESIAN_POINT ( 'NONE',  ( 50.23792566855560437, 57.94052951701969789, 62.25874094872689568 ) ) ;
#9673 = CARTESIAN_POINT ( 'NONE',  ( -61.47319857597738491, 49.67789225487040028, 6.084853803024286911 ) ) ;
#9674 = CARTESIAN_POINT ( 'NONE',  ( -1.038176656580641671E-14, 30.90000000000000213, -25.00000000000000355 ) ) ;
#9675 = CARTESIAN_POINT ( 'NONE',  ( 62.66184775006301777, 48.97540735383346799, -6.975798963748562898 ) ) ;
#9676 = DIRECTION ( 'NONE',  ( -1.000000000000000000, 0.000000000000000000, 6.769652589177784668E-15 ) ) ;
#9677 = CIRCLE ( 'NONE', #4017, 4.099999999999999645 ) ;
#9678 = EDGE_CURVE ( 'NONE', #5933, #8539, #1738, .T. ) ;
#9679 = ORIENTED_EDGE ( 'NONE', *, *, #9486, .F. ) ;
#9680 = VERTEX_POINT ( 'NONE', #3438 ) ;
#9681 = CARTESIAN_POINT ( 'NONE',  ( -25.00000000000000000, 30.90000000000000213, -4.177332116314162569 ) ) ;
#9682 = ORIENTED_EDGE ( 'NONE', *, *, #7985, .F. ) ;
#9683 = CARTESIAN_POINT ( 'NONE',  ( 64.40000000000004832, 53.82346281956404255, -2.344465629617909551E-13 ) ) ;
#9684 = ORIENTED_EDGE ( 'NONE', *, *, #8504, .T. ) ;
#9685 = AXIS2_PLACEMENT_3D ( 'NONE', #2742, #437, #4852 ) ;
#9686 = ADVANCED_FACE ( 'NONE', ( #2005 ), #3532, .F. ) ;
#9687 = CARTESIAN_POINT ( 'NONE',  ( -57.40056085429986155, 53.82346281956404255, 2.100081518022106196E-13 ) ) ;
#9688 = CARTESIAN_POINT ( 'NONE',  ( 64.40000000000001990, 58.49999999999999289, 4.099999999999881517 ) ) ;
#9689 = DIRECTION ( 'NONE',  ( -0.000000000000000000, -1.000000000000000000, 0.000000000000000000 ) ) ;
#9690 = CARTESIAN_POINT ( 'NONE',  ( 60.73678965848506550, 49.93175828850018405, 3.877008887969015660 ) ) ;
#9691 = ORIENTED_EDGE ( 'NONE', *, *, #8208, .F. ) ;
#9692 = FACE_OUTER_BOUND ( 'NONE', #7723, .T. ) ;
#9693 = PLANE ( 'NONE',  #1490 ) ;
#9694 = DIRECTION ( 'NONE',  ( 0.000000000000000000, 1.000000000000000000, 0.000000000000000000 ) ) ;
#9695 = ADVANCED_FACE ( 'NONE', ( #4167 ), #2982, .T. ) ;
#9696 = DIRECTION ( 'NONE',  ( -1.000000000000000000, 0.000000000000000000, 8.826273045769994496E-15 ) ) ;
#9697 = ADVANCED_FACE ( 'NONE', ( #7514 ), #1410, .T. ) ;
#9698 = EDGE_CURVE ( 'NONE', #5142, #889, #2051, .T. ) ;
#9699 = VECTOR ( 'NONE', #1744, 1000.000000000000000 ) ;
#9701 = DIRECTION ( 'NONE',  ( -0.000000000000000000, 1.000000000000000000, -0.000000000000000000 ) ) ;
#9700 = CARTESIAN_POINT ( 'NONE',  ( -61.44270781516910063, 54.00475054735974112, 51.23297296429181813 ) ) ;
#9702 = VERTEX_POINT ( 'NONE', #3676 ) ;
#9703 = ORIENTED_EDGE ( 'NONE', *, *, #3805, .F. ) ;
#9704 = PLANE ( 'NONE',  #2187 ) ;
#9705 = FACE_OUTER_BOUND ( 'NONE', #2105, .T. ) ;
#9706 = CARTESIAN_POINT ( 'NONE',  ( 61.04346596506923106, 30.90000000000000213, -22.33148591051285692 ) ) ;
#9707 = AXIS2_PLACEMENT_3D ( 'NONE', #7863, #1962, #1173 ) ;
#9708 = CARTESIAN_POINT ( 'NONE',  ( -57.42830173027763863, 53.39898306424003493, -2.266660022138106356 ) ) ;
#9709 = CARTESIAN_POINT ( 'NONE',  ( 9.090007576262848494E-13, 53.82346281956404255, 64.40000000000004832 ) ) ;
#9710 = DIRECTION ( 'NONE',  ( -0.000000000000000000, 1.000000000000000000, -0.000000000000000000 ) ) ;
#9711 = CARTESIAN_POINT ( 'NONE',  ( 7.938661733376567220, 48.15354272934239077, 63.39528278473483169 ) ) ;
#9712 = CIRCLE ( 'NONE', #4680, 4.099999999999999645 ) ;
#9713 = CARTESIAN_POINT ( 'NONE',  ( -57.87106164875940806, 51.97813493054592726, 3.676134652390231405 ) ) ;
#9714 = VERTEX_POINT ( 'NONE', #3030 ) ;
#9715 = VERTEX_POINT ( 'NONE', #8247 ) ;
#9716 = CARTESIAN_POINT ( 'NONE',  ( -45.53767670841367021, 58.49999999999995737, -45.53767670841365600 ) ) ;
#9717 = ORIENTED_EDGE ( 'NONE', *, *, #1570, .F. ) ;
#9718 = DIRECTION ( 'NONE',  ( -0.000000000000000000, 1.000000000000000000, -0.000000000000000000 ) ) ;
#9719 = CYLINDRICAL_SURFACE ( 'NONE', #716, 8.499999999999998224 ) ;
#9720 = VECTOR ( 'NONE', #2865, 1000.000000000000000 ) ;
#9721 =( NAMED_UNIT ( * ) SI_UNIT ( $, .STERADIAN. ) SOLID_ANGLE_UNIT ( ) );
#9722 = CARTESIAN_POINT ( 'NONE',  ( -64.04231169530631007, 45.25393801294134022, 11.08916469469348520 ) ) ;
#9723 = CARTESIAN_POINT ( 'NONE',  ( 52.67945519839779678, 58.49999999999999289, 52.67945519839778257 ) ) ;
#9724 = CARTESIAN_POINT ( 'NONE',  ( -4.177332116314214083, 1.500000000000001332, 25.00000000000000000 ) ) ;
#9725 = DIRECTION ( 'NONE',  ( -1.000000000000000000, 0.000000000000000000, 5.329070518200751394E-15 ) ) ;
#9726 = ORIENTED_EDGE ( 'NONE', *, *, #6375, .F. ) ;
#9727 = ORIENTED_EDGE ( 'NONE', *, *, #2868, .T. ) ;
#9728 = CARTESIAN_POINT ( 'NONE',  ( -48.40145917221872907, 52.90000000000000568, 42.67389424460865399 ) ) ;
#9729 = ORIENTED_EDGE ( 'NONE', *, *, #2462, .T. ) ;
#9730 = VERTEX_POINT ( 'NONE', #8986 ) ;
ENDSEC;
END-ISO-10303-21;
