ISO-10303-21;
HEADER;
FILE_DESCRIPTION (( 'STEP AP214' ),
    '1' );
FILE_NAME ('T2M1BD.STEP',
    '2026-06-27T03:42:32',
    ( '' ),
    ( '' ),
    'SwSTEP 2.0',
    'SolidWorks 2026',
    '' );
FILE_SCHEMA (( 'AUTOMOTIVE_DESIGN' ));
ENDSEC;

DATA;
#1 = VERTEX_POINT ( 'NONE', #1708 ) ;
#2 = ORIENTED_EDGE ( 'NONE', *, *, #1088, .T. ) ;
#3 = CARTESIAN_POINT ( 'NONE',  ( 14.52664230135398427, 21.99999999999999645, -26.93610479631874810 ) ) ;
#4 = CARTESIAN_POINT ( 'NONE',  ( 25.21283741044576132, 0.000000000000000000, -36.46469867391743236 ) ) ;
#5 = EDGE_CURVE ( 'NONE', #1378, #227, #320, .T. ) ;
#6 = CARTESIAN_POINT ( 'NONE',  ( 8.809654095824532405, 14.00000000000000888, -40.46029203024465914 ) ) ;
#7 = PRESENTATION_LAYER_ASSIGNMENT (  '', '', ( #873 ) ) ;
#8 = ORIENTED_EDGE ( 'NONE', *, *, #138, .F. ) ;
#9 = CARTESIAN_POINT ( 'NONE',  ( 28.10587169406565877, 0.000000000000000000, -8.254676684093771755 ) ) ;
#10 = ORIENTED_EDGE ( 'NONE', *, *, #1182, .F. ) ;
#11 = CARTESIAN_POINT ( 'NONE',  ( 13.50278546743960106, 1.301042606982605321E-15, -29.29971370623631799 ) ) ;
#12 = EDGE_CURVE ( 'NONE', #1211, #729, #1538, .T. ) ;
#13 = DIRECTION ( 'NONE',  ( -0.9851254154686076570, -0.000000000000000000, 0.1718368871860845581 ) ) ;
#14 = VECTOR ( 'NONE', #260, 1000.000000000000114 ) ;
#15 = EDGE_CURVE ( 'NONE', #1287, #1, #1045, .T. ) ;
#16 = AXIS2_PLACEMENT_3D ( 'NONE', #385, #1620, #717 ) ;
#17 = AXIS2_PLACEMENT_3D ( 'NONE', #417, #1764, #1933 ) ;
#18 = ORIENTED_EDGE ( 'NONE', *, *, #1871, .F. ) ;
#19 = ORIENTED_EDGE ( 'NONE', *, *, #66, .F. ) ;
#20 = APPLICATION_PROTOCOL_DEFINITION ( 'draft international standard', 'automotive_design', 1998, #1880 ) ;
#21 = ORIENTED_EDGE ( 'NONE', *, *, #551, .F. ) ;
#22 = CYLINDRICAL_SURFACE ( 'NONE', #395, 2.000000000000001776 ) ;
#23 =( NAMED_UNIT ( * ) SI_UNIT ( $, .STERADIAN. ) SOLID_ANGLE_UNIT ( ) );
#24 = LINE ( 'NONE', #660, #1756 ) ;
#25 = CARTESIAN_POINT ( 'NONE',  ( 8.809654095824532405, 11.00000000000000178, -40.46029203024465914 ) ) ;
#26 = EDGE_CURVE ( 'NONE', #1662, #49, #1403, .T. ) ;
#27 = ORIENTED_EDGE ( 'NONE', *, *, #319, .T. ) ;
#28 = FACE_OUTER_BOUND ( 'NONE', #1458, .T. ) ;
#29 = CARTESIAN_POINT ( 'NONE',  ( 9.175607984156169294, 13.96036870223447046, -35.68320841355535578 ) ) ;
#30 = CARTESIAN_POINT ( 'NONE',  ( 7.435530860706514034, 10.59243817154167111, -43.24442615181920502 ) ) ;
#31 = LINE ( 'NONE', #39, #562 ) ;
#32 = CARTESIAN_POINT ( 'NONE',  ( 11.90375133328883628, 22.00000000000000000, -45.00000000000000000 ) ) ;
#33 = ORIENTED_EDGE ( 'NONE', *, *, #1121, .T. ) ;
#34 = ADVANCED_FACE ( 'NONE', ( #964 ), #1277, .T. ) ;
#35 = VECTOR ( 'NONE', #463, 1000.000000000000114 ) ;
#36 = AXIS2_PLACEMENT_3D ( 'NONE', #1053, #1675, #284 ) ;
#37 = FACE_OUTER_BOUND ( 'NONE', #1440, .T. ) ;
#38 = DIRECTION ( 'NONE',  ( -3.677603756255643961E-16, 0.000000000000000000, -1.000000000000000000 ) ) ;
#39 = CARTESIAN_POINT ( 'NONE',  ( 25.48758271661329999, 16.00000000000000000, -39.99999999999999289 ) ) ;
#40 = DIRECTION ( 'NONE',  ( -1.000000000000000000, 2.168404344971010840E-16, 0.000000000000000000 ) ) ;
#41 = EDGE_LOOP ( 'NONE', ( #629, #692, #1174, #578 ) ) ;
#42 = AXIS2_PLACEMENT_3D ( 'NONE', #1310, #1003, #1501 ) ;
#43 = PRODUCT_RELATED_PRODUCT_CATEGORY ( 'part', '', ( #1447 ) ) ;
#44 = CIRCLE ( 'NONE', #1009, 6.999999999999999112 ) ;
#45 = ORIENTED_EDGE ( 'NONE', *, *, #702, .F. ) ;
#46 = DIRECTION ( 'NONE',  ( -0.000000000000000000, -1.000000000000000000, -0.000000000000000000 ) ) ;
#47 = EDGE_CURVE ( 'NONE', #324, #1039, #1881, .T. ) ;
#48 = DIRECTION ( 'NONE',  ( 0.000000000000000000, 1.000000000000000000, -0.000000000000000000 ) ) ;
#49 = VERTEX_POINT ( 'NONE', #1578 ) ;
#50 = ORIENTED_EDGE ( 'NONE', *, *, #1680, .F. ) ;
#51 = DIRECTION ( 'NONE',  ( -0.9503722995286569830, 0.000000000000000000, 0.3111149181389614715 ) ) ;
#52 = CARTESIAN_POINT ( 'NONE',  ( 7.246719341083744936, 12.51374616985900445, -42.82410354117172346 ) ) ;
#53 = ORIENTED_EDGE ( 'NONE', *, *, #1153, .F. ) ;
#54 = EDGE_CURVE ( 'NONE', #1473, #1758, #1207, .T. ) ;
#55 = DIRECTION ( 'NONE',  ( 0.000000000000000000, 1.000000000000000000, -0.000000000000000000 ) ) ;
#56 = LINE ( 'NONE', #677, #1653 ) ;
#57 = VERTEX_POINT ( 'NONE', #348 ) ;
#58 = AXIS2_PLACEMENT_3D ( 'NONE', #1858, #317, #1842 ) ;
#59 = EDGE_LOOP ( 'NONE', ( #580, #902 ) ) ;
#60 = AXIS2_PLACEMENT_3D ( 'NONE', #1091, #1711, #1232 ) ;
#61 = CARTESIAN_POINT ( 'NONE',  ( 19.44250916161942300, 6.505213034913026604E-15, -8.525812240058428415 ) ) ;
#62 = LINE ( 'NONE', #343, #1921 ) ;
#63 = CARTESIAN_POINT ( 'NONE',  ( 21.32066968564760501, 1.999999999999998224, -33.00907887714907218 ) ) ;
#64 = PLANE ( 'NONE',  #679 ) ;
#65 = CARTESIAN_POINT ( 'NONE',  ( 9.865575351116230962, 22.00000000000000000, -34.40679046631732518 ) ) ;
#66 = EDGE_CURVE ( 'NONE', #1448, #1211, #194, .T. ) ;
#67 = ADVANCED_FACE ( 'NONE', ( #190 ), #945, .T. ) ;
#68 = ORIENTED_EDGE ( 'NONE', *, *, #364, .F. ) ;
#69 = CIRCLE ( 'NONE', #604, 3.500000000000003109 ) ;
#70 = CIRCLE ( 'NONE', #886, 2.000000000000001776 ) ;
#71 = EDGE_LOOP ( 'NONE', ( #409, #1815, #1196, #1386 ) ) ;
#72 = FACE_OUTER_BOUND ( 'NONE', #410, .T. ) ;
#73 = CARTESIAN_POINT ( 'NONE',  ( 9.069792353560476528, 2.000000000000003997, -24.76355294317783517 ) ) ;
#74 = CIRCLE ( 'NONE', #1212, 1.649999999999998579 ) ;
#75 = LINE ( 'NONE', #1155, #1746 ) ;
#76 = CARTESIAN_POINT ( 'NONE',  ( 21.67707093996177647, 19.99999999999999645, -43.50000000000000711 ) ) ;
#77 = ORIENTED_EDGE ( 'NONE', *, *, #1735, .F. ) ;
#78 = ADVANCED_FACE ( 'NONE', ( #1903 ), #228, .T. ) ;
#79 = ORIENTED_EDGE ( 'NONE', *, *, #1020, .F. ) ;
#80 = DIRECTION ( 'NONE',  ( 1.000000000000000000, 0.000000000000000000, -3.677603756255643468E-16 ) ) ;
#81 = DIRECTION ( 'NONE',  ( 0.000000000000000000, -1.000000000000000000, 0.000000000000000000 ) ) ;
#82 = ORIENTED_EDGE ( 'NONE', *, *, #364, .T. ) ;
#83 = DIRECTION ( 'NONE',  ( 0.4999999999999997224, -1.084202172485505543E-16, -0.8660254037844387076 ) ) ;
#84 = SURFACE_STYLE_FILL_AREA ( #1475 ) ;
#85 = CARTESIAN_POINT ( 'NONE',  ( 18.42707848615014754, 1.000000000000000888, -8.602352283412679768 ) ) ;
#86 = ORIENTED_EDGE ( 'NONE', *, *, #1613, .T. ) ;
#87 = ADVANCED_FACE ( 'NONE', ( #818 ), #810, .F. ) ;
#88 = ORIENTED_EDGE ( 'NONE', *, *, #1927, .T. ) ;
#89 = VERTEX_POINT ( 'NONE', #961 ) ;
#90 = DIRECTION ( 'NONE',  ( -0.000000000000000000, -1.000000000000000000, -0.000000000000000000 ) ) ;
#91 = CARTESIAN_POINT ( 'NONE',  ( 13.61481319166322379, 2.000000000000003109, -44.00000000000000000 ) ) ;
#92 = CIRCLE ( 'NONE', #1195, 4.499999999999996447 ) ;
#93 = CARTESIAN_POINT ( 'NONE',  ( 21.67707093996177647, 22.00000000000000000, -40.00000000000000000 ) ) ;
#94 = ORIENTED_EDGE ( 'NONE', *, *, #419, .F. ) ;
#95 = CARTESIAN_POINT ( 'NONE',  ( 24.75241632413501591, 22.00000000000000000, -6.927292863405887680 ) ) ;
#96 = CARTESIAN_POINT ( 'NONE',  ( 12.53108354254346146, 1.000000000000001110, -29.02060935434321820 ) ) ;
#97 = PLANE ( 'NONE',  #1507 ) ;
#98 = AXIS2_PLACEMENT_3D ( 'NONE', #424, #245, #1222 ) ;
#99 = CARTESIAN_POINT ( 'NONE',  ( 21.67707093996177647, 1.000000000000000888, -46.00000000000000000 ) ) ;
#100 = ORIENTED_EDGE ( 'NONE', *, *, #344, .F. ) ;
#101 = EDGE_CURVE ( 'NONE', #1284, #128, #1104, .T. ) ;
#102 = ORIENTED_EDGE ( 'NONE', *, *, #1377, .F. ) ;
#103 = CARTESIAN_POINT ( 'NONE',  ( 8.809654095824532405, 13.49999999999999822, -40.46029203024465914 ) ) ;
#104 = DIRECTION ( 'NONE',  ( 0.8622864597034402001, 0.000000000000000000, -0.5064208342990120792 ) ) ;
#105 = AXIS2_PLACEMENT_3D ( 'NONE', #1202, #1084, #1360 ) ;
#106 = CARTESIAN_POINT ( 'NONE',  ( -7.138426605215632106E-15, 2.000000000000006217, -36.70000000000000284 ) ) ;
#107 = ORIENTED_EDGE ( 'NONE', *, *, #657, .F. ) ;
#108 = EDGE_LOOP ( 'NONE', ( #1710, #403, #1185, #1847 ) ) ;
#109 = DIRECTION ( 'NONE',  ( 0.1718368871860800617, 0.000000000000000000, 0.9851254154686084341 ) ) ;
#110 = CARTESIAN_POINT ( 'NONE',  ( 14.09803202173874226, 1.000000000000001332, -25.33502536878649636 ) ) ;
#111 = AXIS2_PLACEMENT_3D ( 'NONE', #1228, #1077, #1402 ) ;
#112 = CARTESIAN_POINT ( 'NONE',  ( 28.27752229712076470, 0.02489983410070327821, -8.553553629779980128 ) ) ;
#113 = EDGE_CURVE ( 'NONE', #1601, #2000, #978, .T. ) ;
#114 = AXIS2_PLACEMENT_3D ( 'NONE', #568, #854, #377 ) ;
#115 = CARTESIAN_POINT ( 'NONE',  ( 21.67707093996177647, 19.99999999999999645, -40.00000000000000000 ) ) ;
#116 =( BOUNDED_SURFACE ( )  B_SPLINE_SURFACE ( 3, 2, ( 
 ( #1722, #1876, #649 ),
 ( #800, #488, #1416 ),
 ( #1260, #1884, #940 ),
 ( #1409, #1242, #1107 ),
 ( #11, #1093, #171 ),
 ( #822, #853, #1308 ),
 ( #214, #976, #1001 ),
 ( #1910, #1449, #1937 ),
 ( #684, #992, #1459 ),
 ( #61, #1787, #514 ) ),
 .UNSPECIFIED., .F., .F., .T. ) 
 B_SPLINE_SURFACE_WITH_KNOTS ( ( 4, 2, 2, 2, 4 ),
 ( 3, 3 ),
 ( 0.000000000000000000, 0.008182690073549903423, 0.01227403511032485600, 0.01636538014709980685, 0.03273076029419961369 ),
 ( 0.000000000000000000, 1.000000000000000000 ),
 .UNSPECIFIED. ) 
 GEOMETRIC_REPRESENTATION_ITEM ( )  RATIONAL_B_SPLINE_SURFACE ( (
 ( 1.000000000000000000, 0.7071067811865476838, 1.000000000000000000),
 ( 1.000000000000000000, 0.7071067811865476838, 1.000000000000000000),
 ( 1.000000000000000000, 0.7071067811865476838, 1.000000000000000000),
 ( 1.000000000000000000, 0.7071067811865476838, 1.000000000000000000),
 ( 1.000000000000000000, 0.7071067811865477948, 1.000000000000000000),
 ( 1.000000000000000000, 0.7071067811865477948, 1.000000000000000000),
 ( 1.000000000000000000, 0.7071067811865476838, 1.000000000000000000),
 ( 1.000000000000000000, 0.7071067811865476838, 1.000000000000000000),
 ( 1.000000000000000000, 0.7071067811865482389, 1.000000000000000000),
 ( 1.000000000000000000, 0.7071067811865482389, 1.000000000000000000) ) ) 
 REPRESENTATION_ITEM ( '' )  SURFACE ( )  );
#117 = ORIENTED_EDGE ( 'NONE', *, *, #1377, .T. ) ;
#118 = ORIENTED_EDGE ( 'NONE', *, *, #1258, .F. ) ;
#119 = CARTESIAN_POINT ( 'NONE',  ( 23.74653154641096720, 1.000000000000000888, -4.500000000000003553 ) ) ;
#120 = CARTESIAN_POINT ( 'NONE',  ( 17.80483710751816417, 21.00000000000000355, -13.92625793461077777 ) ) ;
#121 = ORIENTED_EDGE ( 'NONE', *, *, #719, .T. ) ;
#122 = ORIENTED_EDGE ( 'NONE', *, *, #5, .F. ) ;
#123 = LINE ( 'NONE', #607, #1568 ) ;
#124 = CARTESIAN_POINT ( 'NONE',  ( 19.77181505163600761, 0.000000000000000000, -36.70000000000000284 ) ) ;
#125 = DIRECTION ( 'NONE',  ( 0.2057527271596714669, 0.000000000000000000, -0.9786040135143315721 ) ) ;
#126 = EDGE_CURVE ( 'NONE', #581, #1184, #763, .T. ) ;
#127 = CARTESIAN_POINT ( 'NONE',  ( 23.18095457078805310, 2.000000000000000444, -30.62423332779663099 ) ) ;
#128 = VERTEX_POINT ( 'NONE', #1428 ) ;
#129 = DIRECTION ( 'NONE',  ( -0.6965888615970698972, -0.7071067811865456854, 0.1215070281872650260 ) ) ;
#130 = CARTESIAN_POINT ( 'NONE',  ( 8.317091388090219084, 14.00000000000000888, -40.37437358665161469 ) ) ;
#131 = ORIENTED_EDGE ( 'NONE', *, *, #542, .T. ) ;
#132 = CARTESIAN_POINT ( 'NONE',  ( 21.67707093996177647, 2.000000000000001776, -40.00000000000000000 ) ) ;
#133 = DIRECTION ( 'NONE',  ( -1.000000000000000000, 0.000000000000000000, 0.000000000000000000 ) ) ;
#134 = CARTESIAN_POINT ( 'NONE',  ( 25.90463159622917999, 19.50000000000000000, -12.40747533908614741 ) ) ;
#135 = COLOUR_RGB ( '',0.7921568627450980005, 0.8196078431372548767, 0.9333333333333333481 ) ;
#136 = DIRECTION ( 'NONE',  ( 0.000000000000000000, 0.000000000000000000, 1.000000000000000000 ) ) ;
#137 = ADVANCED_FACE ( 'NONE', ( #795 ), #516, .F. ) ;
#138 = EDGE_CURVE ( 'NONE', #1359, #1961, #24, .T. ) ;
#139 = VERTEX_POINT ( 'NONE', #490 ) ;
#140 = CARTESIAN_POINT ( 'NONE',  ( 14.11007003325288522, 20.99999999999999645, -25.30457618364762240 ) ) ;
#141 = ORIENTED_EDGE ( 'NONE', *, *, #437, .F. ) ;
#142 = DIRECTION ( 'NONE',  ( -0.3111149181389618046, -0.000000000000000000, -0.9503722995286568720 ) ) ;
#143 = CARTESIAN_POINT ( 'NONE',  ( 15.40642602461845811, 1.999999999999998224, -43.11111111111110716 ) ) ;
#144 = DIRECTION ( 'NONE',  ( -0.000000000000000000, -1.000000000000000000, -0.000000000000000000 ) ) ;
#145 = AXIS2_PLACEMENT_3D ( 'NONE', #652, #184, #1576 ) ;
#146 = TOROIDAL_SURFACE ( 'NONE', #727, 4.999999999999998224, 1.000000000000000000 ) ;
#147 = DIRECTION ( 'NONE',  ( -0.3111149181389618046, 0.000000000000000000, -0.9503722995286568720 ) ) ;
#148 = B_SPLINE_CURVE_WITH_KNOTS ( 'NONE', 3,
 ( #1281, #1599, #1736, #510, #1742, #200, #827, #1443, #1715, #1288 ),
 .UNSPECIFIED., .F., .F.,
 ( 4, 2, 2, 2, 4 ),
 ( 3.469446951953614189E-18, 0.0003910865884169389961, 0.0007821731768338745228, 0.001173259765250810049, 0.001564346353667745576 ),
 .UNSPECIFIED. ) ;
#149 = VECTOR ( 'NONE', #726, 1000.000000000000227 ) ;
#150 = EDGE_CURVE ( 'NONE', #1438, #1473, #1080, .T. ) ;
#151 = EDGE_LOOP ( 'NONE', ( #1050, #1785, #507, #1544, #1953, #1948 ) ) ;
#152 = FACE_OUTER_BOUND ( 'NONE', #1304, .T. ) ;
#153 = VERTEX_POINT ( 'NONE', #1726 ) ;
#154 = CARTESIAN_POINT ( 'NONE',  ( 13.45137699753243687, 22.00000000000000000, -29.41281739877107526 ) ) ;
#155 = CARTESIAN_POINT ( 'NONE',  ( 23.58232682828753468, 2.000000000000001776, -43.30000000000000426 ) ) ;
#156 = CARTESIAN_POINT ( 'NONE',  ( 9.823558269524831132, 1.444447458290426671E-31, -36.64339075701492732 ) ) ;
#157 = DIRECTION ( 'NONE',  ( 0.000000000000000000, 1.000000000000000000, 0.000000000000000000 ) ) ;
#158 = EDGE_LOOP ( 'NONE', ( #141, #282, #236, #1079 ) ) ;
#159 = EDGE_CURVE ( 'NONE', #198, #128, #31, .T. ) ;
#160 = LINE ( 'NONE', #1731, #875 ) ;
#161 = VERTEX_POINT ( 'NONE', #1274 ) ;
#162 = DIRECTION ( 'NONE',  ( -0.000000000000000000, -1.000000000000000000, 0.000000000000000000 ) ) ;
#163 = DIRECTION ( 'NONE',  ( 1.000000000000000000, 0.000000000000000000, 0.000000000000000000 ) ) ;
#164 = TOROIDAL_SURFACE ( 'NONE', #998, 4.000000000000000000, 1.000000000000000000 ) ;
#165 = VECTOR ( 'NONE', #1893, 1000.000000000000114 ) ;
#166 = CARTESIAN_POINT ( 'NONE',  ( 15.40642602461845634, 1.999999999999998224, -43.11111111111110716 ) ) ;
#167 = ORIENTED_EDGE ( 'NONE', *, *, #1166, .F. ) ;
#168 = B_SPLINE_CURVE_WITH_KNOTS ( 'NONE', 3,
 ( #557, #1614, #224, #416 ),
 .UNSPECIFIED., .F., .F.,
 ( 4, 4 ),
 ( 0.2544976349113957093, 0.3110310691634587954 ),
 .UNSPECIFIED. ) ;
#169 = CARTESIAN_POINT ( 'NONE',  ( 23.74653154641096720, 22.00000000000000000, -10.00000000000000000 ) ) ;
#170 = VERTEX_POINT ( 'NONE', #335 ) ;
#171 = CARTESIAN_POINT ( 'NONE',  ( 12.59118480152490349, 1.000000000000000888, -28.88832730345100686 ) ) ;
#172 = FACE_OUTER_BOUND ( 'NONE', #468, .T. ) ;
#173 = EDGE_CURVE ( 'NONE', #613, #1738, #1794, .T. ) ;
#174 = DIRECTION ( 'NONE',  ( 0.000000000000000000, 0.000000000000000000, 1.000000000000000000 ) ) ;
#175 = CARTESIAN_POINT ( 'NONE',  ( 9.116742863211101167, 14.00000000000000888, -35.79004358598658797 ) ) ;
#176 = AXIS2_PLACEMENT_3D ( 'NONE', #1515, #1694, #305 ) ;
#177 = CIRCLE ( 'NONE', #443, 4.499999999999996447 ) ;
#178 = AXIS2_PLACEMENT_3D ( 'NONE', #1734, #1118, #1741 ) ;
#179 = CARTESIAN_POINT ( 'NONE',  ( 23.74653154641096720, 20.99999999999999645, -10.00000000000000000 ) ) ;
#180 = CARTESIAN_POINT ( 'NONE',  ( 21.67707093996177647, 18.00000000000000000, -40.00000000000000000 ) ) ;
#181 = PLANE ( 'NONE',  #1110 ) ;
#182 = CARTESIAN_POINT ( 'NONE',  ( 7.592319034771632502, 1.000000000000000888, -38.46789582850494327 ) ) ;
#183 = CARTESIAN_POINT ( 'NONE',  ( 6.901979175020008128, 13.83908076433926837, -41.13179181708083831 ) ) ;
#184 = DIRECTION ( 'NONE',  ( -0.000000000000000000, -1.000000000000000000, -0.000000000000000000 ) ) ;
#185 = DIRECTION ( 'NONE',  ( -0.000000000000000000, -1.000000000000000000, 0.000000000000000000 ) ) ;
#186 = ADVANCED_FACE ( 'NONE', ( #1419 ), #968, .T. ) ;
#187 = CARTESIAN_POINT ( 'NONE',  ( 25.21283741044575777, 20.99999999999999645, -36.46469867391742525 ) ) ;
#188 = CARTESIAN_POINT ( 'NONE',  ( 9.116742863211101167, 14.00000000000000888, -35.79004358598658797 ) ) ;
#189 = DIRECTION ( 'NONE',  ( 1.000000000000000000, 0.000000000000000000, -3.677603756255643468E-16 ) ) ;
#190 = FACE_OUTER_BOUND ( 'NONE', #708, .T. ) ;
#191 = CARTESIAN_POINT ( 'NONE',  ( -7.138426605215632106E-15, 2.000000000000006217, -29.99999999999999289 ) ) ;
#192 = EDGE_CURVE ( 'NONE', #1448, #756, #148, .T. ) ;
#193 = AXIS2_PLACEMENT_3D ( 'NONE', #1696, #1219, #1536 ) ;
#194 = LINE ( 'NONE', #813, #308 ) ;
#195 = AXIS2_PLACEMENT_3D ( 'NONE', #1795, #391, #1180 ) ;
#196 = ADVANCED_FACE ( 'NONE', ( #1912 ), #525, .F. ) ;
#197 = CARTESIAN_POINT ( 'NONE',  ( 21.67707093996177647, 19.99999999999999645, -36.50000000000000000 ) ) ;
#198 = VERTEX_POINT ( 'NONE', #709 ) ;
#199 = CARTESIAN_POINT ( 'NONE',  ( 28.64351624692727682, 21.80679129180980880, -8.557108170458473495 ) ) ;
#200 = CARTESIAN_POINT ( 'NONE',  ( 18.80666005061754120, 21.79954625214720565, -8.674548235513713124 ) ) ;
#201 = DIRECTION ( 'NONE',  ( -0.000000000000000000, -1.000000000000000000, -0.000000000000000000 ) ) ;
#202 = AXIS2_PLACEMENT_3D ( 'NONE', #1017, #686, #1135 ) ;
#203 = ORIENTED_EDGE ( 'NONE', *, *, #1421, .T. ) ;
#204 = AXIS2_PLACEMENT_3D ( 'NONE', #222, #841, #696 ) ;
#205 = EDGE_CURVE ( 'NONE', #1473, #892, #1208, .T. ) ;
#206 = VERTEX_POINT ( 'NONE', #698 ) ;
#207 = LINE ( 'NONE', #1749, #1376 ) ;
#208 = CARTESIAN_POINT ( 'NONE',  ( 7.360204488690577307, 10.01056691379613817, -43.08911935500332646 ) ) ;
#209 = DIRECTION ( 'NONE',  ( -0.000000000000000000, -1.000000000000000000, -0.000000000000000000 ) ) ;
#210 = CARTESIAN_POINT ( 'NONE',  ( 11.90375133328883628, 22.00000000000000000, -45.00000000000000000 ) ) ;
#211 = EDGE_LOOP ( 'NONE', ( #45, #1381, #1150, #79 ) ) ;
#212 = ADVANCED_FACE ( 'NONE', ( #736 ), #951, .F. ) ;
#213 = EDGE_LOOP ( 'NONE', ( #1552, #273, #253, #68 ) ) ;
#214 = CARTESIAN_POINT ( 'NONE',  ( 15.09979728285482459, 1.301042606982605321E-15, -25.52189085805637703 ) ) ;
#215 = CARTESIAN_POINT ( 'NONE',  ( 7.119741965748493051, 12.98027574613333535, -42.46136670081142483 ) ) ;
#216 = CARTESIAN_POINT ( 'NONE',  ( 14.78556001853779023, 2.000000000000003109, -21.46355294317783091 ) ) ;
#217 = CARTESIAN_POINT ( 'NONE',  ( 9.668838531754955667, 8.000000000000000000, -35.53466495290162186 ) ) ;
#218 = CARTESIAN_POINT ( 'NONE',  ( 23.74653154641096720, 19.50000000000000000, -10.00000000000000000 ) ) ;
#219 = ADVANCED_FACE ( 'NONE', ( #1638 ), #1762, .F. ) ;
#220 = ORIENTED_EDGE ( 'NONE', *, *, #1774, .F. ) ;
#221 = ORIENTED_EDGE ( 'NONE', *, *, #12, .F. ) ;
#222 = CARTESIAN_POINT ( 'NONE',  ( 24.75241632413501591, 19.50000000000000000, -6.927292863405887680 ) ) ;
#223 = CARTESIAN_POINT ( 'NONE',  ( 18.62494628842178201, 0.3848477214456994533, -8.639831879208992760 ) ) ;
#224 = CARTESIAN_POINT ( 'NONE',  ( 8.621126789727238560, 14.00000000000001243, -36.68954456636448214 ) ) ;
#225 = LINE ( 'NONE', #1625, #1761 ) ;
#226 = EDGE_CURVE ( 'NONE', #780, #198, #986, .T. ) ;
#227 = VERTEX_POINT ( 'NONE', #1606 ) ;
#228 = TOROIDAL_SURFACE ( 'NONE', #394, 4.999999999999998224, 1.000000000000000000 ) ;
#229 = CIRCLE ( 'NONE', #270, 5.999999999999998224 ) ;
#230 = VECTOR ( 'NONE', #1495, 1000.000000000000000 ) ;
#231 = ORIENTED_EDGE ( 'NONE', *, *, #1328, .F. ) ;
#232 = DIRECTION ( 'NONE',  ( -0.000000000000000000, -1.000000000000000000, -0.000000000000000000 ) ) ;
#233 = DIRECTION ( 'NONE',  ( 0.000000000000000000, 0.000000000000000000, 1.000000000000000000 ) ) ;
#234 = AXIS2_PLACEMENT_3D ( 'NONE', #412, #706, #1802 ) ;
#235 = ORIENTED_EDGE ( 'NONE', *, *, #26, .T. ) ;
#236 = ORIENTED_EDGE ( 'NONE', *, *, #1034, .T. ) ;
#237 = CARTESIAN_POINT ( 'NONE',  ( 22.53742835069530415, 1.000000000000000000, -25.26477165700718786 ) ) ;
#238 = PLANE ( 'NONE',  #1466 ) ;
#239 = ADVANCED_FACE ( 'NONE', ( #994 ), #857, .T. ) ;
#240 = EDGE_LOOP ( 'NONE', ( #1765, #1542, #855, #470 ) ) ;
#241 = ORIENTED_EDGE ( 'NONE', *, *, #1838, .F. ) ;
#242 = VERTEX_POINT ( 'NONE', #63 ) ;
#243 = PLANE ( 'NONE',  #311 ) ;
#244 = CARTESIAN_POINT ( 'NONE',  ( 26.91051637395323226, 22.00000000000000000, -9.334768202492037759 ) ) ;
#245 = DIRECTION ( 'NONE',  ( 0.6965888615970660114, -0.7071067811865492381, -0.1215070281872679125 ) ) ;
#246 = ORIENTED_EDGE ( 'NONE', *, *, #678, .T. ) ;
#247 = DIRECTION ( 'NONE',  ( 0.000000000000000000, 0.000000000000000000, 1.000000000000000000 ) ) ;
#248 = DIRECTION ( 'NONE',  ( -0.000000000000000000, 1.000000000000000000, -0.000000000000000000 ) ) ;
#249 = PLANE ( 'NONE',  #1102 ) ;
#250 = FACE_OUTER_BOUND ( 'NONE', #1952, .T. ) ;
#251 = EDGE_CURVE ( 'NONE', #530, #57, #546, .T. ) ;
#252 = ORIENTED_EDGE ( 'NONE', *, *, #1766, .F. ) ;
#253 = ORIENTED_EDGE ( 'NONE', *, *, #814, .T. ) ;
#254 = FACE_OUTER_BOUND ( 'NONE', #41, .T. ) ;
#255 = CARTESIAN_POINT ( 'NONE',  ( 32.99152364551052585, 1.999999999999998224, -28.68703575653576365 ) ) ;
#256 = VECTOR ( 'NONE', #2003, 1000.000000000000114 ) ;
#257 = CARTESIAN_POINT ( 'NONE',  ( 13.61481319166322379, 1.999999999999998224, -44.00000000000000000 ) ) ;
#258 = VERTEX_POINT ( 'NONE', #1298 ) ;
#259 = ORIENTED_EDGE ( 'NONE', *, *, #702, .T. ) ;
#260 = DIRECTION ( 'NONE',  ( -0.6965888615970685649, 0.7071067811865469066, 0.1215070281872652341 ) ) ;
#261 = CARTESIAN_POINT ( 'NONE',  ( 17.62415128590541968, 1.000000000000001332, -13.87530770353454557 ) ) ;
#262 = DIRECTION ( 'NONE',  ( 0.9786040135143314611, 0.000000000000000000, 0.2057527271596720497 ) ) ;
#263 = AXIS2_PLACEMENT_3D ( 'NONE', #1116, #1101, #950 ) ;
#264 = FACE_BOUND ( 'NONE', #1216, .T. ) ;
#265 = ORIENTED_EDGE ( 'NONE', *, *, #1456, .F. ) ;
#266 = VECTOR ( 'NONE', #646, 1000.000000000000227 ) ;
#267 = VERTEX_POINT ( 'NONE', #572 ) ;
#268 = DIRECTION ( 'NONE',  ( 0.000000000000000000, 0.000000000000000000, 1.000000000000000000 ) ) ;
#269 = EDGE_CURVE ( 'NONE', #966, #1039, #1046, .T. ) ;
#270 = AXIS2_PLACEMENT_3D ( 'NONE', #132, #1989, #1979 ) ;
#271 = DIRECTION ( 'NONE',  ( 0.000000000000000000, 0.000000000000000000, 1.000000000000000000 ) ) ;
#272 = VERTEX_POINT ( 'NONE', #869 ) ;
#273 = ORIENTED_EDGE ( 'NONE', *, *, #1753, .T. ) ;
#274 = CARTESIAN_POINT ( 'NONE',  ( 25.91999070454255261, 19.99999999999999645, -35.75763840870091315 ) ) ;
#275 = CARTESIAN_POINT ( 'NONE',  ( 16.64806275061616603, 1.000000000000001332, -17.74504297407913000 ) ) ;
#276 = VECTOR ( 'NONE', #760, 1000.000000000000000 ) ;
#277 = DIRECTION ( 'NONE',  ( -0.3111149181389609719, 0.000000000000000000, -0.9503722995286570940 ) ) ;
#278 = B_SPLINE_CURVE_WITH_KNOTS ( 'NONE', 3,
 ( #1111, #802, #1589, #1279, #977, #199, #960, #1920, #1297, #1125 ),
 .UNSPECIFIED., .F., .F.,
 ( 4, 2, 2, 2, 4 ),
 ( 3.469446951953614189E-18, 0.0004002215743881556119, 0.0008004431487763077543, 0.001200664723164459897, 0.001600886297552612039 ),
 .UNSPECIFIED. ) ;
#279 = AXIS2_PLACEMENT_3D ( 'NONE', #1681, #1193, #612 ) ;
#280 = CARTESIAN_POINT ( 'NONE',  ( 21.58843149659274729, 22.00000000000000000, -7.592524660913850809 ) ) ;
#281 = ORIENTED_EDGE ( 'NONE', *, *, #150, .F. ) ;
#282 = ORIENTED_EDGE ( 'NONE', *, *, #15, .F. ) ;
#283 = CARTESIAN_POINT ( 'NONE',  ( 11.90375133328883805, 1.000000000000000888, -40.99999999999997868 ) ) ;
#284 = DIRECTION ( 'NONE',  ( 0.000000000000000000, 0.000000000000000000, 1.000000000000000000 ) ) ;
#285 = ORIENTED_EDGE ( 'NONE', *, *, #251, .T. ) ;
#286 = EDGE_CURVE ( 'NONE', #1584, #831, #168, .T. ) ;
#287 = CARTESIAN_POINT ( 'NONE',  ( 32.99152364551052585, 18.00000000000000000, -28.68703575653576365 ) ) ;
#288 = CARTESIAN_POINT ( 'NONE',  ( 18.42707848615014754, 21.00000000000000000, -8.602352283412693978 ) ) ;
#289 = CARTESIAN_POINT ( 'NONE',  ( 13.45137699753243510, 1.301042606982605124E-15, -29.41281739877107526 ) ) ;
#290 = EDGE_CURVE ( 'NONE', #1265, #734, #843, .T. ) ;
#291 = DIRECTION ( 'NONE',  ( 0.000000000000000000, -0.000000000000000000, 1.000000000000000000 ) ) ;
#292 = ORIENTED_EDGE ( 'NONE', *, *, #485, .F. ) ;
#293 = DIRECTION ( 'NONE',  ( -0.000000000000000000, -1.000000000000000000, 0.000000000000000000 ) ) ;
#294 = CARTESIAN_POINT ( 'NONE',  ( 16.45962848841105242, 20.99999999999999645, -19.06098189852508895 ) ) ;
#295 = ORIENTED_EDGE ( 'NONE', *, *, #1413, .T. ) ;
#296 = DIRECTION ( 'NONE',  ( 1.000000000000000000, -0.000000000000000000, -3.677603756255643468E-16 ) ) ;
#297 = CARTESIAN_POINT ( 'NONE',  ( 14.58643259679871385, 22.00000000000000000, -26.79250612413599342 ) ) ;
#298 = PLANE ( 'NONE',  #329 ) ;
#299 = VECTOR ( 'NONE', #1488, 1000.000000000000114 ) ;
#300 = DIRECTION ( 'NONE',  ( -0.000000000000000000, -1.000000000000000000, 0.000000000000000000 ) ) ;
#301 = VECTOR ( 'NONE', #413, 1000.000000000000000 ) ;
#302 = ADVANCED_FACE ( 'NONE', ( #1942 ), #146, .T. ) ;
#303 = EDGE_LOOP ( 'NONE', ( #1900, #82, #375, #1173 ) ) ;
#304 = ORIENTED_EDGE ( 'NONE', *, *, #476, .T. ) ;
#305 = DIRECTION ( 'NONE',  ( 0.000000000000000000, 0.000000000000000000, 1.000000000000000000 ) ) ;
#306 = CARTESIAN_POINT ( 'NONE',  ( 7.592319034771641384, 21.99999999999999645, -38.46789582850491485 ) ) ;
#307 = CARTESIAN_POINT ( 'NONE',  ( 19.41165078718584169, 0.000000000000000000, -8.792188423925415108 ) ) ;
#308 = VECTOR ( 'NONE', #665, 1000.000000000000000 ) ;
#309 = AXIS2_PLACEMENT_3D ( 'NONE', #1778, #1922, #723 ) ;
#310 = CARTESIAN_POINT ( 'NONE',  ( 23.58232682828754179, 0.000000000000000000, -36.70000000000000284 ) ) ;
#311 = AXIS2_PLACEMENT_3D ( 'NONE', #369, #1124, #80 ) ;
#312 = ADVANCED_FACE ( 'NONE', ( #883 ), #1432, .F. ) ;
#313 = ORIENTED_EDGE ( 'NONE', *, *, #928, .F. ) ;
#314 = DIRECTION ( 'NONE',  ( 0.000000000000000000, 0.000000000000000000, -1.000000000000000000 ) ) ;
#315 = VERTEX_POINT ( 'NONE', #1931 ) ;
#316 = CARTESIAN_POINT ( 'NONE',  ( 17.41353684981659455, 22.00000000000000000, -19.36762133824615617 ) ) ;
#317 = DIRECTION ( 'NONE',  ( 0.000000000000000000, 1.000000000000000000, 0.000000000000000000 ) ) ;
#318 = CARTESIAN_POINT ( 'NONE',  ( 11.90375133328883805, 22.00000000000000000, -40.99999999999997868 ) ) ;
#319 = EDGE_CURVE ( 'NONE', #1961, #387, #1650, .T. ) ;
#320 = LINE ( 'NONE', #799, #266 ) ;
#321 = EDGE_LOOP ( 'NONE', ( #1486, #1485, #1022, #775 ) ) ;
#322 = EDGE_CURVE ( 'NONE', #258, #734, #1171, .T. ) ;
#323 = CARTESIAN_POINT ( 'NONE',  ( 17.86655916331023874, 0.000000000000000000, -40.00000000000000000 ) ) ;
#324 = VERTEX_POINT ( 'NONE', #404 ) ;
#325 = DIRECTION ( 'NONE',  ( -0.4999999999999993894, 1.084202172485503325E-16, -0.8660254037844389297 ) ) ;
#326 = CARTESIAN_POINT ( 'NONE',  ( 8.454605494475080363, 22.00000000000000000, -38.97431666280393614 ) ) ;
#327 = CARTESIAN_POINT ( 'NONE',  ( 19.77181505163600761, 0.000000000000000000, -36.70000000000000284 ) ) ;
#328 = DIRECTION ( 'NONE',  ( 1.192357928961916429E-16, 1.000000000000000000, 6.835680739979198863E-16 ) ) ;
#329 = AXIS2_PLACEMENT_3D ( 'NONE', #1043, #1526, #277 ) ;
#330 = ORIENTED_EDGE ( 'NONE', *, *, #432, .F. ) ;
#331 = CARTESIAN_POINT ( 'NONE',  ( 23.74653154641096720, 0.000000000000000000, -10.00000000000000000 ) ) ;
#332 = CARTESIAN_POINT ( 'NONE',  ( 23.58232682828754179, 16.00000000000000000, -36.70000000000000284 ) ) ;
#333 = EDGE_CURVE ( 'NONE', #272, #1164, #1487, .T. ) ;
#334 = CARTESIAN_POINT ( 'NONE',  ( 6.978124255945800769, 14.00000000000000888, -40.14081556406954832 ) ) ;
#335 = CARTESIAN_POINT ( 'NONE',  ( 23.74653154641096720, 22.00000000000000000, -5.500000000000004441 ) ) ;
#336 = CARTESIAN_POINT ( 'NONE',  ( 23.74653154641096720, 19.50000000000000000, -8.350000000000001421 ) ) ;
#337 = VECTOR ( 'NONE', #83, 1000.000000000000114 ) ;
#338 = VECTOR ( 'NONE', #544, 1000.000000000000000 ) ;
#339 = VECTOR ( 'NONE', #405, 1000.000000000000000 ) ;
#340 = DIRECTION ( 'NONE',  ( 0.000000000000000000, 1.000000000000000000, 0.000000000000000000 ) ) ;
#341 = CARTESIAN_POINT ( 'NONE',  ( 21.21884075584355855, 22.00000000000000000, -31.01167284204880303 ) ) ;
#342 = CARTESIAN_POINT ( 'NONE',  ( 13.01466753991123859, 1.000000000000000888, -29.23522335710661224 ) ) ;
#343 = CARTESIAN_POINT ( 'NONE',  ( 17.86655916331024230, 16.00000000000000000, -40.00000000000000000 ) ) ;
#344 = EDGE_CURVE ( 'NONE', #908, #272, #1806, .T. ) ;
#345 = CARTESIAN_POINT ( 'NONE',  ( 21.67707093996177647, 22.00000000000000000, -40.00000000000000000 ) ) ;
#346 = FACE_BOUND ( 'NONE', #1520, .T. ) ;
#347 = EDGE_CURVE ( 'NONE', #975, #756, #1706, .T. ) ;
#348 = CARTESIAN_POINT ( 'NONE',  ( 9.292874052109631577, 13.88164123444777864, -35.46908491115226525 ) ) ;
#349 = CARTESIAN_POINT ( 'NONE',  ( 13.01466753991123859, 21.00000000000000000, -29.23522335710661224 ) ) ;
#350 = ORIENTED_EDGE ( 'NONE', *, *, #874, .F. ) ;
#351 = CARTESIAN_POINT ( 'NONE',  ( 7.592319034771638719, 8.000000000000000000, -38.46789582850492195 ) ) ;
#352 = CARTESIAN_POINT ( 'NONE',  ( 21.67707093996177647, 19.99999999999999645, -40.00000000000000000 ) ) ;
#353 = CYLINDRICAL_SURFACE ( 'NONE', #464, 1.000000000000000888 ) ;
#354 = EDGE_CURVE ( 'NONE', #613, #1592, #502, .T. ) ;
#355 = AXIS2_PLACEMENT_3D ( 'NONE', #191, #811, #40 ) ;
#356 = ORIENTED_EDGE ( 'NONE', *, *, #1926, .T. ) ;
#357 = ORIENTED_EDGE ( 'NONE', *, *, #344, .T. ) ;
#358 = DIRECTION ( 'NONE',  ( 0.000000000000000000, 0.000000000000000000, 1.000000000000000000 ) ) ;
#359 = CARTESIAN_POINT ( 'NONE',  ( 6.925863749021542226, 13.68458784363938285, -41.50569655395324986 ) ) ;
#360 = DIRECTION ( 'NONE',  ( -0.000000000000000000, 1.000000000000000000, 0.000000000000000000 ) ) ;
#361 = DIRECTION ( 'NONE',  ( -0.1718368871860845581, 0.000000000000000000, -0.9851254154686075459 ) ) ;
#362 = AXIS2_PLACEMENT_3D ( 'NONE', #894, #162, #903 ) ;
#363 = ORIENTED_EDGE ( 'NONE', *, *, #1141, .F. ) ;
#364 = EDGE_CURVE ( 'NONE', #1533, #1601, #1664, .T. ) ;
#365 = AXIS2_PLACEMENT_3D ( 'NONE', #1330, #824, #1441 ) ;
#366 = AXIS2_PLACEMENT_3D ( 'NONE', #1024, #1646, #104 ) ;
#367 = EDGE_CURVE ( 'NONE', #1758, #613, #1224, .T. ) ;
#368 = EDGE_LOOP ( 'NONE', ( #555, #695, #534, #981 ) ) ;
#369 = CARTESIAN_POINT ( 'NONE',  ( -1.691697727877595640E-14, 22.00000000000000000, -45.99999999999999289 ) ) ;
#370 = CARTESIAN_POINT ( 'NONE',  ( 6.937106934674225123, 8.389462523515016201, -41.68628914606867397 ) ) ;
#371 = DIRECTION ( 'NONE',  ( 0.000000000000000000, 1.000000000000000000, -0.000000000000000000 ) ) ;
#372 = DIRECTION ( 'NONE',  ( -0.7071532940967959480, 0.000000000000000000, -0.7070602652165163260 ) ) ;
#373 = DIRECTION ( 'NONE',  ( 1.000000000000000000, 0.000000000000000000, -3.677603756255643468E-16 ) ) ;
#374 = EDGE_LOOP ( 'NONE', ( #550, #1595, #616, #839, #1816, #1549 ) ) ;
#375 = ORIENTED_EDGE ( 'NONE', *, *, #113, .T. ) ;
#376 = FACE_OUTER_BOUND ( 'NONE', #1805, .T. ) ;
#377 = DIRECTION ( 'NONE',  ( 0.000000000000000000, 0.000000000000000000, 1.000000000000000000 ) ) ;
#378 = EDGE_CURVE ( 'NONE', #153, #1318, #1848, .T. ) ;
#379 = DIRECTION ( 'NONE',  ( -0.5000000000000002220, 0.000000000000000000, 0.8660254037844384856 ) ) ;
#380 = DIRECTION ( 'NONE',  ( 0.000000000000000000, 0.000000000000000000, 1.000000000000000000 ) ) ;
#381 = DIRECTION ( 'NONE',  ( 0.000000000000000000, 0.000000000000000000, 1.000000000000000000 ) ) ;
#382 = ORIENTED_EDGE ( 'NONE', *, *, #354, .F. ) ;
#383 = ORIENTED_EDGE ( 'NONE', *, *, #1605, .T. ) ;
#384 = VECTOR ( 'NONE', #1572, 1000.000000000000000 ) ;
#385 = CARTESIAN_POINT ( 'NONE',  ( 0.000000000000000000, 19.50000000000000000, 0.000000000000000000 ) ) ;
#386 = CARTESIAN_POINT ( 'NONE',  ( 13.61481319166322379, 1.999999999999998224, -46.00000000000000000 ) ) ;
#387 = VERTEX_POINT ( 'NONE', #1371 ) ;
#388 = EDGE_CURVE ( 'NONE', #983, #1318, #1957, .T. ) ;
#389 = CARTESIAN_POINT ( 'NONE',  ( 21.67707093996177647, 1.000000000000000888, -40.00000000000000000 ) ) ;
#390 = CARTESIAN_POINT ( 'NONE',  ( 10.21620180667482281, 1.000000000000001332, -33.82095623122978623 ) ) ;
#391 = DIRECTION ( 'NONE',  ( -2.168404344971010840E-16, -1.000000000000000000, 8.424438317463077584E-32 ) ) ;
#392 = B_SPLINE_CURVE_WITH_KNOTS ( 'NONE', 3,
 ( #307, #1689, #1991, #1666, #926, #289, #1547, #905, #156, #1843 ),
 .UNSPECIFIED., .F., .F.,
 ( 4, 2, 2, 2, 4 ),
 ( 0.000000000000000000, 0.01610464472512228989, 0.02013080590640286410, 0.02415696708768343484, 0.03220928945024457979 ),
 .UNSPECIFIED. ) ;
#393 = ORIENTED_EDGE ( 'NONE', *, *, #575, .F. ) ;
#394 = AXIS2_PLACEMENT_3D ( 'NONE', #676, #55, #643 ) ;
#395 = AXIS2_PLACEMENT_3D ( 'NONE', #341, #1732, #1252 ) ;
#396 = ORIENTED_EDGE ( 'NONE', *, *, #846, .T. ) ;
#397 = AXIS2_PLACEMENT_3D ( 'NONE', #466, #1087, #779 ) ;
#398 = EDGE_LOOP ( 'NONE', ( #1494, #1278, #107, #1936 ) ) ;
#399 = FACE_BOUND ( 'NONE', #1855, .T. ) ;
#400 = DIRECTION ( 'NONE',  ( -0.000000000000000000, -1.000000000000000000, -0.000000000000000000 ) ) ;
#401 = AXIS2_PLACEMENT_3D ( 'NONE', #1181, #1691, #1324 ) ;
#402 = ORIENTED_EDGE ( 'NONE', *, *, #1305, .F. ) ;
#403 = ORIENTED_EDGE ( 'NONE', *, *, #1088, .F. ) ;
#404 = CARTESIAN_POINT ( 'NONE',  ( 11.90375133328883628, 1.000000000000000888, -46.00000000000000000 ) ) ;
#405 = DIRECTION ( 'NONE',  ( -1.000000000000000000, 0.000000000000000000, 3.677603756255643468E-16 ) ) ;
#406 = EDGE_CURVE ( 'NONE', #1197, #867, #69, .T. ) ;
#407 = CARTESIAN_POINT ( 'NONE',  ( 7.592319034771640496, 20.99999999999999645, -38.46789582850492906 ) ) ;
#408 = ADVANCED_FACE ( 'NONE', ( #441 ), #1056, .F. ) ;
#409 = ORIENTED_EDGE ( 'NONE', *, *, #476, .F. ) ;
#410 = EDGE_LOOP ( 'NONE', ( #640, #823, #220, #1790 ) ) ;
#411 = DIRECTION ( 'NONE',  ( -0.000000000000000000, 1.000000000000000000, -0.000000000000000000 ) ) ;
#412 = CARTESIAN_POINT ( 'NONE',  ( 9.176275824020642347, 11.00000000000000355, -35.44874650930857740 ) ) ;
#413 = DIRECTION ( 'NONE',  ( 1.000000000000000000, -2.168404344971010840E-16, 0.000000000000000000 ) ) ;
#414 = VERTEX_POINT ( 'NONE', #1074 ) ;
#415 = ORIENTED_EDGE ( 'NONE', *, *, #226, .T. ) ;
#416 = CARTESIAN_POINT ( 'NONE',  ( 9.116742863211101167, 14.00000000000000888, -35.79004358598658797 ) ) ;
#417 = CARTESIAN_POINT ( 'NONE',  ( 22.74064676868691492, 19.50000000000000000, -13.07270713659410788 ) ) ;
#418 = DIRECTION ( 'NONE',  ( -0.9503722995286568720, 0.000000000000000000, 0.3111149181389619711 ) ) ;
#419 = EDGE_CURVE ( 'NONE', #734, #638, #1239, .T. ) ;
#420 = ORIENTED_EDGE ( 'NONE', *, *, #54, .F. ) ;
#421 = ORIENTED_EDGE ( 'NONE', *, *, #1998, .T. ) ;
#422 = CARTESIAN_POINT ( 'NONE',  ( 23.74653154641096720, 0.000000000000000000, -10.00000000000000000 ) ) ;
#423 = AXIS2_PLACEMENT_3D ( 'NONE', #134, #125, #1204 ) ;
#424 = CARTESIAN_POINT ( 'NONE',  ( 9.176275824020640570, 8.000000000000000000, -35.44874650930857740 ) ) ;
#425 = ORIENTED_EDGE ( 'NONE', *, *, #378, .T. ) ;
#426 = ORIENTED_EDGE ( 'NONE', *, *, #1052, .T. ) ;
#427 = CARTESIAN_POINT ( 'NONE',  ( 8.454605494475076810, 22.00000000000000000, -38.97431666280392903 ) ) ;
#428 = CARTESIAN_POINT ( 'NONE',  ( 21.67707093996177647, 22.00000000000000000, -46.00000000000000000 ) ) ;
#429 = CARTESIAN_POINT ( 'NONE',  ( 26.91051637395323226, 19.50000000000000000, -9.334768202492037759 ) ) ;
#430 = CIRCLE ( 'NONE', #1588, 2.499999999999992450 ) ;
#431 = DIRECTION ( 'NONE',  ( 0.000000000000000000, 1.000000000000000000, 0.000000000000000000 ) ) ;
#432 = EDGE_CURVE ( 'NONE', #1740, #849, #229, .T. ) ;
#433 = EDGE_LOOP ( 'NONE', ( #415, #570, #731, #486 ) ) ;
#434 = ORIENTED_EDGE ( 'NONE', *, *, #1810, .T. ) ;
#435 = DIRECTION ( 'NONE',  ( -0.000000000000000000, -1.000000000000000000, -0.000000000000000000 ) ) ;
#436 = AXIS2_PLACEMENT_3D ( 'NONE', #1263, #1887, #1113 ) ;
#437 = EDGE_CURVE ( 'NONE', #1, #170, #1667, .T. ) ;
#438 = CARTESIAN_POINT ( 'NONE',  ( 21.67707093996177647, 19.99999999999999645, -40.00000000000000000 ) ) ;
#439 = ORIENTED_EDGE ( 'NONE', *, *, #1972, .F. ) ;
#440 = EDGE_LOOP ( 'NONE', ( #383, #564, #1294, #1845 ) ) ;
#441 = FACE_OUTER_BOUND ( 'NONE', #1557, .T. ) ;
#442 = CARTESIAN_POINT ( 'NONE',  ( 18.42707848615014754, 1.000000000000000888, -8.602352283412679768 ) ) ;
#443 = AXIS2_PLACEMENT_3D ( 'NONE', #422, #293, #1949 ) ;
#444 = CARTESIAN_POINT ( 'NONE',  ( 9.668838531754955667, 11.00000000000000355, -35.53466495290162186 ) ) ;
#445 = AXIS2_PLACEMENT_3D ( 'NONE', #685, #189, #38 ) ;
#446 = DIRECTION ( 'NONE',  ( 0.000000000000000000, 1.000000000000000000, -0.000000000000000000 ) ) ;
#447 = B_SPLINE_CURVE_WITH_KNOTS ( 'NONE', 3,
 ( #1661, #120, #294, #140, #1976, #1826, #764, #1380, #1999, #592 ),
 .UNSPECIFIED., .F., .F.,
 ( 4, 2, 2, 2, 4 ),
 ( 0.000000000000000000, 0.01592403110287302082, 0.01990503887859127602, 0.02388604665430953469, 0.03184806220574603469 ),
 .UNSPECIFIED. ) ;
#448 = ORIENTED_EDGE ( 'NONE', *, *, #1291, .T. ) ;
#449 = DIRECTION ( 'NONE',  ( -0.4999999999999997224, 0.000000000000000000, 0.8660254037844387076 ) ) ;
#450 = CARTESIAN_POINT ( 'NONE',  ( 23.74653154641096720, 20.99999999999999645, -10.00000000000000000 ) ) ;
#451 = EDGE_LOOP ( 'NONE', ( #252, #1397, #1358, #231, #1567 ) ) ;
#452 = CARTESIAN_POINT ( 'NONE',  ( 19.77181505163601116, 16.00000000000000000, -43.30000000000000426 ) ) ;
#453 = CARTESIAN_POINT ( 'NONE',  ( 9.865575351116229186, 13.22242969887009245, -34.40679046631732518 ) ) ;
#454 = LINE ( 'NONE', #749, #1585 ) ;
#455 = EDGE_CURVE ( 'NONE', #762, #1438, #123, .T. ) ;
#456 = CARTESIAN_POINT ( 'NONE',  ( 11.90375133328883805, 1.000000000000000888, -40.99999999999997868 ) ) ;
#457 = ORIENTED_EDGE ( 'NONE', *, *, #1583, .F. ) ;
#458 = B_SPLINE_SURFACE_WITH_KNOTS ( 'NONE', 3, 1, ( 
 ( #288, #1554 ),
 ( #1066, #767 ),
 ( #349, #342 ),
 ( #1739, #182 ) ),
 .UNSPECIFIED., .F., .F., .F.,
 ( 4, 4 ),
 ( 2, 2 ),
 ( 0.1561931943949463053, 0.7455023650886052344 ),
 ( 0.000000000000000000, 1.000000000000000000 ),
 .UNSPECIFIED. ) ;
#459 = PLANE ( 'NONE',  #98 ) ;
#460 = ORIENTED_EDGE ( 'NONE', *, *, #1078, .F. ) ;
#461 = DIRECTION ( 'NONE',  ( -0.000000000000000000, -1.000000000000000000, -0.000000000000000000 ) ) ;
#462 = CARTESIAN_POINT ( 'NONE',  ( 12.59118480158817910, 21.99999999999999645, -28.88832730347835565 ) ) ;
#463 = DIRECTION ( 'NONE',  ( -0.9786040135143314611, 0.000000000000000000, -0.2057527271596714946 ) ) ;
#464 = AXIS2_PLACEMENT_3D ( 'NONE', #1452, #517, #1743 ) ;
#465 = ADVANCED_FACE ( 'NONE', ( #747 ), #1841, .F. ) ;
#466 = CARTESIAN_POINT ( 'NONE',  ( 32.99152364551052585, 0.000000000000000000, -28.68703575653576365 ) ) ;
#467 =( GEOMETRIC_REPRESENTATION_CONTEXT ( 3 ) GLOBAL_UNCERTAINTY_ASSIGNED_CONTEXT ( ( #1205 ) ) GLOBAL_UNIT_ASSIGNED_CONTEXT ( ( #774, #1072, #938 ) ) REPRESENTATION_CONTEXT ( 'NONE', 'WORKASPACE' ) );
#468 = EDGE_LOOP ( 'NONE', ( #1712, #86, #19, #1233, #1658, #541, #1073, #1468, #701, #1644, #434, #259 ) ) ;
#469 = DIRECTION ( 'NONE',  ( -0.000000000000000000, -1.000000000000000000, -0.000000000000000000 ) ) ;
#470 = ORIENTED_EDGE ( 'NONE', *, *, #1905, .F. ) ;
#471 = CARTESIAN_POINT ( 'NONE',  ( 9.398930425180363812, 8.189492459041650463, -35.27503382211662597 ) ) ;
#472 = CARTESIAN_POINT ( 'NONE',  ( 9.697450149336534153, 13.52298065516911940, -34.72301778675598882 ) ) ;
#473 = AXIS2_PLACEMENT_3D ( 'NONE', #1349, #1146, #379 ) ;
#474 = CIRCLE ( 'NONE', #365, 1.000000000000000444 ) ;
#475 = DIRECTION ( 'NONE',  ( -0.9851254154686075459, 0.000000000000000000, 0.1718368871860845304 ) ) ;
#476 = EDGE_CURVE ( 'NONE', #1, #1448, #1832, .T. ) ;
#477 = CIRCLE ( 'NONE', #366, 1.000000000000000444 ) ;
#478 = EDGE_CURVE ( 'NONE', #1693, #637, #1306, .T. ) ;
#479 = ORIENTED_EDGE ( 'NONE', *, *, #785, .T. ) ;
#480 = LINE ( 'NONE', #1875, #1455 ) ;
#481 = ORIENTED_EDGE ( 'NONE', *, *, #1338, .T. ) ;
#482 = FACE_OUTER_BOUND ( 'NONE', #321, .T. ) ;
#483 = DIRECTION ( 'NONE',  ( -1.040834085586084848E-15, 6.938893903907232322E-16, -1.000000000000000000 ) ) ;
#484 = CARTESIAN_POINT ( 'NONE',  ( 8.809654095824532405, 14.00000000000000888, -40.46029203024465914 ) ) ;
#485 = EDGE_CURVE ( 'NONE', #198, #1676, #932, .T. ) ;
#486 = ORIENTED_EDGE ( 'NONE', *, *, #1753, .F. ) ;
#487 = DIRECTION ( 'NONE',  ( 0.3111149181389618046, 0.000000000000000000, 0.9503722995286568720 ) ) ;
#488 = CARTESIAN_POINT ( 'NONE',  ( 8.965343066082800405, 1.301042606981288712E-15, -36.13003776533956568 ) ) ;
#489 = DIRECTION ( 'NONE',  ( -0.000000000000000000, 1.000000000000000000, -0.000000000000000000 ) ) ;
#490 = CARTESIAN_POINT ( 'NONE',  ( 20.58254671886869858, 22.00000000000000000, -10.66523179750795691 ) ) ;
#491 = CARTESIAN_POINT ( 'NONE',  ( 19.77181505163601116, 0.000000000000000000, -43.30000000000000426 ) ) ;
#492 = VECTOR ( 'NONE', #1932, 1000.000000000000114 ) ;
#493 = AXIS2_PLACEMENT_3D ( 'NONE', #180, #1082, #314 ) ;
#494 = DIRECTION ( 'NONE',  ( 6.308085367188393199E-16, 0.000000000000000000, 1.000000000000000000 ) ) ;
#495 = ADVANCED_FACE ( 'NONE', ( #1571, #1868, #641 ), #181, .F. ) ;
#496 = CARTESIAN_POINT ( 'NONE',  ( 23.44581405638218286, 2.000000000000000888, -43.53644705682213356 ) ) ;
#497 = CARTESIAN_POINT ( 'NONE',  ( 24.75241632413501591, 19.50000000000000000, -6.927292863405887680 ) ) ;
#498 = CARTESIAN_POINT ( 'NONE',  ( 7.040995354163637643, 13.25212355644485918, -42.17300577596033406 ) ) ;
#499 = ADVANCED_FACE ( 'NONE', ( #28 ), #22, .T. ) ;
#500 = CARTESIAN_POINT ( 'NONE',  ( 23.58232682828753468, 0.000000000000000000, -43.30000000000000426 ) ) ;
#501 = DIRECTION ( 'NONE',  ( 0.000000000000000000, 0.000000000000000000, 1.000000000000000000 ) ) ;
#502 = CIRCLE ( 'NONE', #1540, 10.00000000000000178 ) ;
#503 = CIRCLE ( 'NONE', #1138, 2.499999999999999112 ) ;
#504 = CIRCLE ( 'NONE', #1628, 1.000000000000000888 ) ;
#505 = DIRECTION ( 'NONE',  ( -1.192357928961916429E-16, -1.000000000000000000, -6.835680739979198863E-16 ) ) ;
#506 = DIRECTION ( 'NONE',  ( -0.1718368871860845581, 0.000000000000000000, -0.9851254154686075459 ) ) ;
#507 = ORIENTED_EDGE ( 'NONE', *, *, #814, .F. ) ;
#508 = CARTESIAN_POINT ( 'NONE',  ( 6.921082869818508065, 8.020504814868601784, -40.53986655581991272 ) ) ;
#509 = EDGE_CURVE ( 'NONE', #912, #414, #1007, .T. ) ;
#510 = CARTESIAN_POINT ( 'NONE',  ( 18.55173857286150252, 21.50427518520604409, -8.625941741523526218 ) ) ;
#511 = CARTESIAN_POINT ( 'NONE',  ( 23.74653154641096720, 1.000000000000000888, -10.00000000000000000 ) ) ;
#512 = ORIENTED_EDGE ( 'NONE', *, *, #1660, .T. ) ;
#513 = EDGE_LOOP ( 'NONE', ( #876, #1906, #588, #1747 ) ) ;
#514 = CARTESIAN_POINT ( 'NONE',  ( 18.44889237298309226, 1.000000000000004441, -8.413004096114702790 ) ) ;
#515 = FACE_OUTER_BOUND ( 'NONE', #368, .T. ) ;
#516 = CYLINDRICAL_SURFACE ( 'NONE', #792, 3.500000000000003109 ) ;
#517 = DIRECTION ( 'NONE',  ( -1.000000000000000000, 0.000000000000000000, 3.677603756255643468E-16 ) ) ;
#518 = ADVANCED_FACE ( 'NONE', ( #482 ), #116, .T. ) ;
#519 = MECHANICAL_DESIGN_GEOMETRIC_PRESENTATION_REPRESENTATION (  '', ( #873 ), #812 ) ;
#520 = ORIENTED_EDGE ( 'NONE', *, *, #703, .F. ) ;
#521 = VECTOR ( 'NONE', #487, 1000.000000000000000 ) ;
#522 = ORIENTED_EDGE ( 'NONE', *, *, #419, .T. ) ;
#523 = PLANE ( 'NONE',  #16 ) ;
#524 = CARTESIAN_POINT ( 'NONE',  ( 21.67707093996177647, 22.00000000000000000, -36.50000000000000000 ) ) ;
#525 = PLANE ( 'NONE',  #202 ) ;
#526 = CARTESIAN_POINT ( 'NONE',  ( 22.53742835069530770, 22.00000000000000000, -25.26477165700718786 ) ) ;
#527 = AXIS2_PLACEMENT_3D ( 'NONE', #1248, #656, #1872 ) ;
#528 = ADVANCED_FACE ( 'NONE', ( #1768 ), #1296, .F. ) ;
#529 = AXIS2_PLACEMENT_3D ( 'NONE', #1390, #1524, #1677 ) ;
#530 = VERTEX_POINT ( 'NONE', #673 ) ;
#531 = AXIS2_PLACEMENT_3D ( 'NONE', #1144, #51, #1611 ) ;
#532 = ADVANCED_FACE ( 'NONE', ( #72 ), #1151, .F. ) ;
#533 = VECTOR ( 'NONE', #400, 1000.000000000000000 ) ;
#534 = ORIENTED_EDGE ( 'NONE', *, *, #1690, .F. ) ;
#535 = CARTESIAN_POINT ( 'NONE',  ( 21.67707093996177647, 20.99999999999999645, -46.00000000000000000 ) ) ;
#536 = LINE ( 'NONE', #386, #851 ) ;
#537 = CARTESIAN_POINT ( 'NONE',  ( 9.668838531754955667, 13.49999999999999822, -35.53466495290162186 ) ) ;
#538 = CARTESIAN_POINT ( 'NONE',  ( 23.74653154641096720, 22.00000000000000000, -10.00000000000000000 ) ) ;
#539 = CARTESIAN_POINT ( 'NONE',  ( 29.02754246278589889, 0.7316841787923618057, -8.565009002356768875 ) ) ;
#540 = B_SPLINE_CURVE_WITH_KNOTS ( 'NONE', 3,
 ( #777, #1678, #472, #453 ),
 .UNSPECIFIED., .F., .F.,
 ( 4, 4 ),
 ( 0.000000000000000000, 0.001375142215936123137 ),
 .UNSPECIFIED. ) ;
#541 = ORIENTED_EDGE ( 'NONE', *, *, #286, .T. ) ;
#542 = EDGE_CURVE ( 'NONE', #1480, #671, #1759, .T. ) ;
#543 = ORIENTED_EDGE ( 'NONE', *, *, #478, .F. ) ;
#544 = DIRECTION ( 'NONE',  ( -0.000000000000000000, -1.000000000000000000, -0.000000000000000000 ) ) ;
#545 = CARTESIAN_POINT ( 'NONE',  ( 18.42707848615014754, 1.000000000000000888, -8.602352283412679768 ) ) ;
#546 = LINE ( 'NONE', #537, #14 ) ;
#547 = CARTESIAN_POINT ( 'NONE',  ( 23.74653154641096720, 1.000000000000000888, -10.00000000000000000 ) ) ;
#548 = CARTESIAN_POINT ( 'NONE',  ( 32.99152364551052585, 20.99999999999999645, -28.68703575653576365 ) ) ;
#549 = EDGE_LOOP ( 'NONE', ( #593, #246, #1997, #1178, #425, #1070, #396, #356 ) ) ;
#550 = ORIENTED_EDGE ( 'NONE', *, *, #1328, .T. ) ;
#551 = EDGE_CURVE ( 'NONE', #887, #581, #864, .T. ) ;
#552 = EDGE_LOOP ( 'NONE', ( #1040, #789, #439, #1940 ) ) ;
#553 = DIRECTION ( 'NONE',  ( 1.000000000000000000, -0.000000000000000000, -3.677603756255643468E-16 ) ) ;
#554 = CARTESIAN_POINT ( 'NONE',  ( 8.809654095824532405, 13.50000000000000178, -40.46029203024465914 ) ) ;
#555 = ORIENTED_EDGE ( 'NONE', *, *, #1236, .T. ) ;
#556 = ORIENTED_EDGE ( 'NONE', *, *, #1861, .F. ) ;
#557 = CARTESIAN_POINT ( 'NONE',  ( 7.592319034771638719, 14.00000000000000711, -38.46789582850492195 ) ) ;
#558 = SURFACE_STYLE_USAGE ( .BOTH. , #710 ) ;
#559 = DIRECTION ( 'NONE',  ( -1.000000000000000000, 0.000000000000000000, 0.000000000000000000 ) ) ;
#560 = ADVANCED_FACE ( 'NONE', ( #399, #1776 ), #523, .T. ) ;
#561 = DIRECTION ( 'NONE',  ( 0.000000000000000000, 0.000000000000000000, 1.000000000000000000 ) ) ;
#562 = VECTOR ( 'NONE', #209, 1000.000000000000000 ) ;
#563 = B_SPLINE_CURVE_WITH_KNOTS ( 'NONE', 3,
 ( #1206, #1271, #508, #1724, #1103, #370, #1897, #1604, #1134, #952, #651, #208, #967, #30, #1597, #809, #1427, #985, #1442, #1750, #52, #825, #215, #498, #833, #1574, #359, #183, #1450, #1434, #1262, #334 ),
 .UNSPECIFIED., .F., .F.,
 ( 4, 2, 2, 2, 2, 2, 2, 2, 2, 2, 2, 2, 2, 2, 2, 4 ),
 ( 7.204847710556567793E-18, 0.0006012436697589129382, 0.001202487339517818721, 0.002404974679035613155, 0.003006218348794509072, 0.003607462018553404121, 0.004208705688312299603, 0.004809949358071195086, 0.005411193027830089701, 0.006012436697588985184, 0.006613680367347879799, 0.007214924037106774414, 0.007816167706865670764, 0.008417411376624564512, 0.009018655046383459994, 0.009619898716142355477 ),
 .UNSPECIFIED. ) ;
#564 = ORIENTED_EDGE ( 'NONE', *, *, #626, .F. ) ;
#565 = VECTOR ( 'NONE', #627, 1000.000000000000000 ) ;
#566 = ORIENTED_EDGE ( 'NONE', *, *, #1593, .T. ) ;
#567 = DIRECTION ( 'NONE',  ( 0.000000000000000000, 0.000000000000000000, -1.000000000000000000 ) ) ;
#568 = CARTESIAN_POINT ( 'NONE',  ( 0.000000000000000000, 22.00000000000000000, 0.000000000000000000 ) ) ;
#569 = FACE_OUTER_BOUND ( 'NONE', #973, .T. ) ;
#570 = ORIENTED_EDGE ( 'NONE', *, *, #159, .T. ) ;
#571 = EDGE_LOOP ( 'NONE', ( #860, #1026, #1035, #840 ) ) ;
#572 = CARTESIAN_POINT ( 'NONE',  ( 21.32066968564760501, 18.00000000000000000, -33.00907887714907218 ) ) ;
#573 = FILL_AREA_STYLE_COLOUR ( '', #135 ) ;
#574 = DIRECTION ( 'NONE',  ( -0.8660254037844384856, 0.000000000000000000, 0.5000000000000003331 ) ) ;
#575 = EDGE_CURVE ( 'NONE', #966, #1584, #1133, .T. ) ;
#576 = CARTESIAN_POINT ( 'NONE',  ( -7.138426605215632106E-15, 2.000000000000006217, -43.30000000000000426 ) ) ;
#577 = ORIENTED_EDGE ( 'NONE', *, *, #1575, .T. ) ;
#578 = ORIENTED_EDGE ( 'NONE', *, *, #918, .F. ) ;
#579 = DIRECTION ( 'NONE',  ( 0.000000000000000000, 0.000000000000000000, 1.000000000000000000 ) ) ;
#580 = ORIENTED_EDGE ( 'NONE', *, *, #1709, .T. ) ;
#581 = VERTEX_POINT ( 'NONE', #1470 ) ;
#582 = DIRECTION ( 'NONE',  ( 0.000000000000000000, 1.000000000000000000, 0.000000000000000000 ) ) ;
#583 = CARTESIAN_POINT ( 'NONE',  ( 17.73004639140487626, 2.000000000000002220, -40.23644705682215772 ) ) ;
#584 = DIRECTION ( 'NONE',  ( 0.9786040135143313501, 0.000000000000000000, 0.2057527271596720220 ) ) ;
#585 = DIRECTION ( 'NONE',  ( 0.000000000000000000, 0.000000000000000000, 1.000000000000000000 ) ) ;
#586 = EDGE_CURVE ( 'NONE', #170, #762, #1994, .T. ) ;
#587 = ADVANCED_FACE ( 'NONE', ( #376 ), #243, .F. ) ;
#588 = ORIENTED_EDGE ( 'NONE', *, *, #937, .F. ) ;
#589 = EDGE_LOOP ( 'NONE', ( #1097, #50, #1915 ) ) ;
#590 = PLANE ( 'NONE',  #728 ) ;
#591 = AXIS2_PLACEMENT_3D ( 'NONE', #1600, #1899, #372 ) ;
#592 = CARTESIAN_POINT ( 'NONE',  ( 7.592319034771640496, 20.99999999999999645, -38.46789582850492906 ) ) ;
#593 = ORIENTED_EDGE ( 'NONE', *, *, #509, .T. ) ;
#594 = ORIENTED_EDGE ( 'NONE', *, *, #719, .F. ) ;
#595 = DIRECTION ( 'NONE',  ( 0.000000000000000000, 0.000000000000000000, 1.000000000000000000 ) ) ;
#596 = CARTESIAN_POINT ( 'NONE',  ( 11.90375133328883805, 20.99999999999999645, -40.99999999999997868 ) ) ;
#597 = CARTESIAN_POINT ( 'NONE',  ( 21.67707093996177647, 22.00000000000000000, -46.00000000000000000 ) ) ;
#598 = AXIS2_PLACEMENT_3D ( 'NONE', #1951, #1803, #755 ) ;
#599 = DIRECTION ( 'NONE',  ( 0.000000000000000000, 0.000000000000000000, -1.000000000000000000 ) ) ;
#600 = EDGE_CURVE ( 'NONE', #1039, #1823, #1316, .T. ) ;
#601 = ORIENTED_EDGE ( 'NONE', *, *, #919, .F. ) ;
#602 = CLOSED_SHELL ( 'NONE', ( #1883, #1577, #1874, #1528, #972, #1939, #1719, #943, #87, #67, #1822, #239, #1064, #587, #1109, #495, #1518, #1725, #408, #1214, #196, #751, #1293, #465, #219, #137, #990, #1985, #34, #1423, #1439, #212, #1497, #312, #1895, #1099, #1398, #532, #1209, #528, #1266, #1401, #560, #997, #499, #1797, #798, #302, #982, #1478, #1431, #647, #518, #1445, #78, #186, #1068, #1363, #1629, #1642 ) ) ;
#603 = CARTESIAN_POINT ( 'NONE',  ( 23.48780065022396357, 1.000000000000000888, -25.57588657514614994 ) ) ;
#604 = AXIS2_PLACEMENT_3D ( 'NONE', #1534, #582, #1817 ) ;
#605 = CYLINDRICAL_SURFACE ( 'NONE', #1231, 5.999999999999998224 ) ;
#606 = ORIENTED_EDGE ( 'NONE', *, *, #1034, .F. ) ;
#607 = CARTESIAN_POINT ( 'NONE',  ( 27.82613585482079444, 22.00000000000000000, -9.109194347193996677 ) ) ;
#608 = CARTESIAN_POINT ( 'NONE',  ( 19.44250916161942300, 22.00000000000000711, -8.525812240058428415 ) ) ;
#609 = CIRCLE ( 'NONE', #397, 11.00000000000000000 ) ;
#610 = LINE ( 'NONE', #597, #1617 ) ;
#611 = AXIS2_PLACEMENT_3D ( 'NONE', #115, #431, #291 ) ;
#612 = DIRECTION ( 'NONE',  ( 0.000000000000000000, 0.000000000000000000, -1.000000000000000000 ) ) ;
#613 = VERTEX_POINT ( 'NONE', #1013 ) ;
#614 = EDGE_CURVE ( 'NONE', #1027, #745, #1634, .T. ) ;
#615 = DIRECTION ( 'NONE',  ( 0.000000000000000000, 0.000000000000000000, -1.000000000000000000 ) ) ;
#616 = ORIENTED_EDGE ( 'NONE', *, *, #1227, .T. ) ;
#617 = CARTESIAN_POINT ( 'NONE',  ( 19.41165078718584169, 22.00000000000000000, -8.792188423925415108 ) ) ;
#618 = CARTESIAN_POINT ( 'NONE',  ( 8.965343065891513419, 20.99999999999999645, -36.13003776521868815 ) ) ;
#619 = CARTESIAN_POINT ( 'NONE',  ( 24.75241632413501591, 19.50000000000000000, -6.927292863405887680 ) ) ;
#620 = CARTESIAN_POINT ( 'NONE',  ( 28.00788210368932596, 22.00000000000000000, -8.554008496572890863 ) ) ;
#621 = VERTEX_POINT ( 'NONE', #1596 ) ;
#622 = ORIENTED_EDGE ( 'NONE', *, *, #54, .T. ) ;
#623 = CARTESIAN_POINT ( 'NONE',  ( 9.781944039097702159, 8.628065821506170963, -34.56409291368654380 ) ) ;
#624 = CARTESIAN_POINT ( 'NONE',  ( 14.16922291931086342, 20.99999999999999645, -25.15536904579965949 ) ) ;
#625 = CIRCLE ( 'NONE', #195, 2.000000000000001776 ) ;
#626 = EDGE_CURVE ( 'NONE', #206, #139, #207, .T. ) ;
#627 = DIRECTION ( 'NONE',  ( -1.000000000000000000, 0.000000000000000000, 0.000000000000000000 ) ) ;
#628 = ORIENTED_EDGE ( 'NONE', *, *, #1258, .T. ) ;
#629 = ORIENTED_EDGE ( 'NONE', *, *, #937, .T. ) ;
#630 = DIRECTION ( 'NONE',  ( -0.000000000000000000, -1.000000000000000000, 0.000000000000000000 ) ) ;
#631 = CARTESIAN_POINT ( 'NONE',  ( 13.50278546743960106, 22.00000000000000000, -29.29971370623631799 ) ) ;
#632 = VECTOR ( 'NONE', #1399, 1000.000000000000000 ) ;
#633 = AXIS2_PLACEMENT_3D ( 'NONE', #927, #157, #1565 ) ;
#634 = CARTESIAN_POINT ( 'NONE',  ( 17.86655916331024230, 2.000000000000001776, -40.00000000000000000 ) ) ;
#635 = AXIS2_PLACEMENT_3D ( 'NONE', #1760, #1418, #1886 ) ;
#636 = EDGE_CURVE ( 'NONE', #975, #966, #474, .T. ) ;
#637 = VERTEX_POINT ( 'NONE', #1603 ) ;
#638 = VERTEX_POINT ( 'NONE', #1213 ) ;
#639 = DIRECTION ( 'NONE',  ( 0.000000000000000000, 0.000000000000000000, -1.000000000000000000 ) ) ;
#640 = ORIENTED_EDGE ( 'NONE', *, *, #333, .T. ) ;
#641 = FACE_BOUND ( 'NONE', #920, .T. ) ;
#642 = CARTESIAN_POINT ( 'NONE',  ( 10.25299972473039212, 21.99999999999999645, -33.75282712982516387 ) ) ;
#643 = DIRECTION ( 'NONE',  ( 0.000000000000000000, 0.000000000000000000, 1.000000000000000000 ) ) ;
#644 = CARTESIAN_POINT ( 'NONE',  ( 21.67707093996177647, 19.99999999999999645, -36.50000000000000000 ) ) ;
#645 = EDGE_CURVE ( 'NONE', #128, #89, #732, .T. ) ;
#646 = DIRECTION ( 'NONE',  ( -0.9851254154686075459, 0.000000000000000000, 0.1718368871860845304 ) ) ;
#647 = ADVANCED_FACE ( 'NONE', ( #254 ), #1081, .T. ) ;
#648 = DIRECTION ( 'NONE',  ( 1.000000000000000000, 0.000000000000000000, 0.000000000000000000 ) ) ;
#649 = CARTESIAN_POINT ( 'NONE',  ( 7.592319034771644048, 1.000000000000000888, -38.46789582850492195 ) ) ;
#650 = CARTESIAN_POINT ( 'NONE',  ( 19.77181505163601116, 0.000000000000000000, -43.30000000000000426 ) ) ;
#651 = CARTESIAN_POINT ( 'NONE',  ( 7.287378269988094459, 9.652770133913920247, -42.92284615841716544 ) ) ;
#652 = CARTESIAN_POINT ( 'NONE',  ( 21.67707093996177647, 22.00000000000000000, -40.00000000000000000 ) ) ;
#653 = FACE_OUTER_BOUND ( 'NONE', #1523, .T. ) ;
#654 = VECTOR ( 'NONE', #1607, 1000.000000000000000 ) ;
#655 = AXIS2_PLACEMENT_3D ( 'NONE', #891, #1532, #615 ) ;
#656 = DIRECTION ( 'NONE',  ( 0.000000000000000000, 1.000000000000000000, -0.000000000000000000 ) ) ;
#657 = EDGE_CURVE ( 'NONE', #1283, #1378, #1051, .T. ) ;
#658 = CARTESIAN_POINT ( 'NONE',  ( 25.91999070454255261, 20.99999999999999645, -35.75763840870091315 ) ) ;
#659 = LINE ( 'NONE', #73, #1995 ) ;
#660 = CARTESIAN_POINT ( 'NONE',  ( 26.91051637395323226, 19.50000000000000000, -9.334768202492037759 ) ) ;
#661 = FACE_OUTER_BOUND ( 'NONE', #1703, .T. ) ;
#662 = AXIS2_PLACEMENT_3D ( 'NONE', #345, #1564, #803 ) ;
#663 = CIRCLE ( 'NONE', #1796, 1.649999999999998579 ) ;
#664 = VECTOR ( 'NONE', #907, 1000.000000000000000 ) ;
#665 = DIRECTION ( 'NONE',  ( -0.000000000000000000, -1.000000000000000000, -0.000000000000000000 ) ) ;
#666 = EDGE_CURVE ( 'NONE', #1676, #1284, #1837, .T. ) ;
#667 = ORIENTED_EDGE ( 'NONE', *, *, #1755, .F. ) ;
#668 = PLANE ( 'NONE',  #1598 ) ;
#669 = CARTESIAN_POINT ( 'NONE',  ( 21.67707093996177647, 18.00000000000000000, -40.00000000000000000 ) ) ;
#670 = CARTESIAN_POINT ( 'NONE',  ( 18.42707848615014754, 21.00000000000000000, -8.602352283412679768 ) ) ;
#671 = VERTEX_POINT ( 'NONE', #1684 ) ;
#672 = VERTEX_POINT ( 'NONE', #753 ) ;
#673 = CARTESIAN_POINT ( 'NONE',  ( 9.668838531754955667, 13.49999999999999822, -35.53466495290162186 ) ) ;
#674 = CARTESIAN_POINT ( 'NONE',  ( 11.90375133328883628, 20.99999999999999645, -46.00000000000000000 ) ) ;
#675 = EDGE_LOOP ( 'NONE', ( #1856, #1140, #881, #1433, #716, #856, #1867, #295 ) ) ;
#676 = CARTESIAN_POINT ( 'NONE',  ( 21.67707093996177647, 20.99999999999999645, -40.00000000000000000 ) ) ;
#677 = CARTESIAN_POINT ( 'NONE',  ( 23.18095457078805310, 22.00000000000000000, -30.62423332779663099 ) ) ;
#678 = EDGE_CURVE ( 'NONE', #414, #1812, #177, .T. ) ;
#679 = AXIS2_PLACEMENT_3D ( 'NONE', #1913, #1752, #987 ) ;
#680 = EDGE_LOOP ( 'NONE', ( #1060, #712, #1873, #1241 ) ) ;
#681 = AXIS2_PLACEMENT_3D ( 'NONE', #1250, #1396, #781 ) ;
#682 = PRODUCT_DEFINITION_SHAPE ( 'NONE', 'NONE',  #1626 ) ;
#683 = ORIENTED_EDGE ( 'NONE', *, *, #367, .T. ) ;
#684 = CARTESIAN_POINT ( 'NONE',  ( 18.83117950285497955, 6.505213034913026604E-15, -13.91041826768680778 ) ) ;
#685 = CARTESIAN_POINT ( 'NONE',  ( -1.654921690315039028E-14, 20.99999999999999645, -44.99999999999999289 ) ) ;
#686 = DIRECTION ( 'NONE',  ( 0.000000000000000000, -0.000000000000000000, 1.000000000000000000 ) ) ;
#687 = FACE_OUTER_BOUND ( 'NONE', #211, .T. ) ;
#688 = DIRECTION ( 'NONE',  ( 0.000000000000000000, 1.000000000000000000, 0.000000000000000000 ) ) ;
#689 = VECTOR ( 'NONE', #787, 1000.000000000000000 ) ;
#690 = EDGE_CURVE ( 'NONE', #1791, #908, #1813, .T. ) ;
#691 = AXIS2_PLACEMENT_3D ( 'NONE', #452, #1065, #913 ) ;
#692 = ORIENTED_EDGE ( 'NONE', *, *, #1699, .F. ) ;
#693 = VECTOR ( 'NONE', #411, 1000.000000000000000 ) ;
#694 = AXIS2_PLACEMENT_3D ( 'NONE', #1621, #1002, #233 ) ;
#695 = ORIENTED_EDGE ( 'NONE', *, *, #600, .F. ) ;
#696 = DIRECTION ( 'NONE',  ( 0.6674890953753697120, 0.000000000000000000, -0.7446195723689853496 ) ) ;
#697 = LINE ( 'NONE', #1163, #533 ) ;
#698 = CARTESIAN_POINT ( 'NONE',  ( 20.58254671886869858, 19.50000000000000000, -10.66523179750795691 ) ) ;
#699 = LINE ( 'NONE', #1956, #299 ) ;
#700 = CARTESIAN_POINT ( 'NONE',  ( 19.77181505163600761, 16.00000000000000000, -36.70000000000000284 ) ) ;
#701 = ORIENTED_EDGE ( 'NONE', *, *, #1227, .F. ) ;
#702 = EDGE_CURVE ( 'NONE', #1637, #1027, #829, .T. ) ;
#703 = EDGE_CURVE ( 'NONE', #242, #1662, #1210, .T. ) ;
#704 = ORIENTED_EDGE ( 'NONE', *, *, #1247, .T. ) ;
#705 = DIRECTION ( 'NONE',  ( 0.000000000000000000, 1.000000000000000000, -0.000000000000000000 ) ) ;
#706 = DIRECTION ( 'NONE',  ( -0.9851254154686084341, -0.000000000000000000, 0.1718368871860803115 ) ) ;
#707 = B_SPLINE_CURVE_WITH_KNOTS ( 'NONE', 3,
 ( #188, #29, #1425, #1586 ),
 .UNSPECIFIED., .F., .F.,
 ( 4, 4 ),
 ( 0.000000000000000000, 0.0003847667640763657447 ),
 .UNSPECIFIED. ) ;
#708 = EDGE_LOOP ( 'NONE', ( #1499, #830, #683, #1619 ) ) ;
#709 = CARTESIAN_POINT ( 'NONE',  ( 25.48758271661329999, 2.000000000000001776, -39.99999999999999289 ) ) ;
#710 = SURFACE_SIDE_STYLE ('',( #84 ) ) ;
#711 = DIRECTION ( 'NONE',  ( -0.000000000000000000, -1.000000000000000000, -0.000000000000000000 ) ) ;
#712 = ORIENTED_EDGE ( 'NONE', *, *, #509, .F. ) ;
#713 = VECTOR ( 'NONE', #1444, 1000.000000000000114 ) ;
#714 = CIRCLE ( 'NONE', #60, 3.000000000000003109 ) ;
#715 = EDGE_LOOP ( 'NONE', ( #1935, #1649, #304, #1161, #1083, #1965 ) ) ;
#716 = ORIENTED_EDGE ( 'NONE', *, *, #455, .T. ) ;
#717 = DIRECTION ( 'NONE',  ( 0.000000000000000000, -0.000000000000000000, 1.000000000000000000 ) ) ;
#718 = FACE_OUTER_BOUND ( 'NONE', #889, .T. ) ;
#719 = EDGE_CURVE ( 'NONE', #1800, #887, #1465, .T. ) ;
#720 = CARTESIAN_POINT ( 'NONE',  ( 28.77650815434945031, 20.99999999999999645, -9.420309265332958759 ) ) ;
#721 = EDGE_LOOP ( 'NONE', ( #991, #935, #420, #281 ) ) ;
#722 = ORIENTED_EDGE ( 'NONE', *, *, #793, .F. ) ;
#723 = DIRECTION ( 'NONE',  ( 1.040834085586084848E-15, 0.000000000000000000, 1.000000000000000000 ) ) ;
#724 = DIRECTION ( 'NONE',  ( 0.5000000000000003331, -1.084202172485505297E-16, 0.8660254037844384856 ) ) ;
#725 = DIRECTION ( 'NONE',  ( -0.2057527271596720220, 0.000000000000000000, 0.9786040135143313501 ) ) ;
#726 = DIRECTION ( 'NONE',  ( -0.3111149181389609719, 0.000000000000000000, -0.9503722995286570940 ) ) ;
#727 = AXIS2_PLACEMENT_3D ( 'NONE', #389, #1474, #1167 ) ;
#728 = AXIS2_PLACEMENT_3D ( 'NONE', #1198, #1825, #1023 ) ;
#729 = VERTEX_POINT ( 'NONE', #119 ) ;
#730 = CIRCLE ( 'NONE', #178, 4.999999999999997335 ) ;
#731 = ORIENTED_EDGE ( 'NONE', *, *, #645, .T. ) ;
#732 = LINE ( 'NONE', #1510, #1273 ) ;
#733 = LINE ( 'NONE', #130, #1366 ) ;
#734 = VERTEX_POINT ( 'NONE', #603 ) ;
#735 = EDGE_CURVE ( 'NONE', #729, #1265, #1863, .T. ) ;
#736 = FACE_OUTER_BOUND ( 'NONE', #589, .T. ) ;
#737 = CARTESIAN_POINT ( 'NONE',  ( 11.97135469870189617, 1.000000000000001110, -30.23012467682799098 ) ) ;
#738 = CARTESIAN_POINT ( 'NONE',  ( 28.52686483278001006, 0.1209683030426361161, -8.555463901023030004 ) ) ;
#739 = EDGE_CURVE ( 'NONE', #1740, #638, #1975, .T. ) ;
#740 = FACE_OUTER_BOUND ( 'NONE', #59, .T. ) ;
#741 = ORIENTED_EDGE ( 'NONE', *, *, #455, .F. ) ;
#742 = VERTEX_POINT ( 'NONE', #103 ) ;
#743 = DIRECTION ( 'NONE',  ( 0.000000000000000000, 1.000000000000000000, -0.000000000000000000 ) ) ;
#744 = DIRECTION ( 'NONE',  ( 0.3111149181389618046, 0.000000000000000000, 0.9503722995286568720 ) ) ;
#745 = VERTEX_POINT ( 'NONE', #1673 ) ;
#746 = ORIENTED_EDGE ( 'NONE', *, *, #1479, .T. ) ;
#747 = FACE_OUTER_BOUND ( 'NONE', #571, .T. ) ;
#748 = CARTESIAN_POINT ( 'NONE',  ( 16.28305703309959895, 1.000000000000001554, -19.02594439534878390 ) ) ;
#749 = CARTESIAN_POINT ( 'NONE',  ( 23.74653154641096720, 22.00000000000000000, -11.64999999999999858 ) ) ;
#750 = CYLINDRICAL_SURFACE ( 'NONE', #401, 1.649999999999998579 ) ;
#751 = ADVANCED_FACE ( 'NONE', ( #1801 ), #590, .F. ) ;
#752 = EDGE_LOOP ( 'NONE', ( #816, #741, #606, #1015 ) ) ;
#753 = CARTESIAN_POINT ( 'NONE',  ( 19.77181505163601116, 2.000000000000001776, -43.30000000000000426 ) ) ;
#754 = VECTOR ( 'NONE', #1203, 1000.000000000000114 ) ;
#755 = DIRECTION ( 'NONE',  ( 0.9503722995286568720, 0.000000000000000000, -0.3111149181389619711 ) ) ;
#756 = VERTEX_POINT ( 'NONE', #1645 ) ;
#757 = CARTESIAN_POINT ( 'NONE',  ( 9.823558269524834685, 22.00000000000000000, -36.64339075701493442 ) ) ;
#758 = CARTESIAN_POINT ( 'NONE',  ( 19.77181505163601116, 16.00000000000000000, -43.30000000000000426 ) ) ;
#759 = CARTESIAN_POINT ( 'NONE',  ( 26.91051637395323226, 19.50000000000000000, -9.334768202492037759 ) ) ;
#760 = DIRECTION ( 'NONE',  ( -0.000000000000000000, -1.000000000000000000, -0.000000000000000000 ) ) ;
#761 = EDGE_CURVE ( 'NONE', #899, #1901, #771, .T. ) ;
#762 = VERTEX_POINT ( 'NONE', #620 ) ;
#763 = CIRCLE ( 'NONE', #1405, 1.649999999999998579 ) ;
#764 = CARTESIAN_POINT ( 'NONE',  ( 11.98012821906003467, 20.99999999999999289, -30.21161536372899192 ) ) ;
#765 = ORIENTED_EDGE ( 'NONE', *, *, #1735, .T. ) ;
#766 = CARTESIAN_POINT ( 'NONE',  ( 23.74653154641096720, 20.99999999999999645, -10.00000000000000000 ) ) ;
#767 = CARTESIAN_POINT ( 'NONE',  ( 17.18278719511047825, 1.000000000000000888, -19.24852539820499686 ) ) ;
#768 = TOROIDAL_SURFACE ( 'NONE', #1834, 11.00000000000000000, 1.000000000000000000 ) ;
#769 = DIRECTION ( 'NONE',  ( -0.9851254154686076570, -0.000000000000000000, 0.1718368871860845581 ) ) ;
#770 = VECTOR ( 'NONE', #711, 1000.000000000000000 ) ;
#771 = LINE ( 'NONE', #6, #980 ) ;
#772 = VERTEX_POINT ( 'NONE', #1255 ) ;
#773 = EDGE_CURVE ( 'NONE', #1901, #1584, #1506, .T. ) ;
#774 =( LENGTH_UNIT ( ) NAMED_UNIT ( * ) SI_UNIT ( .MILLI., .METRE. ) );
#775 = ORIENTED_EDGE ( 'NONE', *, *, #1365, .F. ) ;
#776 = CARTESIAN_POINT ( 'NONE',  ( -1.654921690315039028E-14, 0.000000000000000000, -44.99999999999999289 ) ) ;
#777 = CARTESIAN_POINT ( 'NONE',  ( 9.292874052109631577, 13.88164123444777864, -35.46908491115226525 ) ) ;
#778 = CARTESIAN_POINT ( 'NONE',  ( 8.809654095824532405, 8.500000000000007105, -40.46029203024465914 ) ) ;
#779 = DIRECTION ( 'NONE',  ( 0.000000000000000000, 0.000000000000000000, 1.000000000000000000 ) ) ;
#780 = VERTEX_POINT ( 'NONE', #946 ) ;
#781 = DIRECTION ( 'NONE',  ( 0.1718368871860845581, 0.000000000000000000, 0.9851254154686077680 ) ) ;
#782 = ORIENTED_EDGE ( 'NONE', *, *, #1467, .F. ) ;
#783 = CARTESIAN_POINT ( 'NONE',  ( 18.77562802785089957, 22.00000000000000355, -14.17508444249777710 ) ) ;
#784 = CARTESIAN_POINT ( 'NONE',  ( 18.44889237298309226, 21.00000000000000000, -8.413004096114702790 ) ) ;
#785 = EDGE_CURVE ( 'NONE', #947, #1055, #1917, .T. ) ;
#786 = VECTOR ( 'NONE', #1218, 1000.000000000000000 ) ;
#787 = DIRECTION ( 'NONE',  ( 0.000000000000000000, 1.000000000000000000, 0.000000000000000000 ) ) ;
#788 = ORIENTED_EDGE ( 'NONE', *, *, #1387, .T. ) ;
#789 = ORIENTED_EDGE ( 'NONE', *, *, #690, .F. ) ;
#790 = DIRECTION ( 'NONE',  ( 0.000000000000000000, 1.000000000000000000, -0.000000000000000000 ) ) ;
#791 = CARTESIAN_POINT ( 'NONE',  ( 12.02643039872344488, 20.99999999999999645, -30.11364228364253037 ) ) ;
#792 = AXIS2_PLACEMENT_3D ( 'NONE', #352, #1254, #1411 ) ;
#793 = EDGE_CURVE ( 'NONE', #1469, #975, #1627, .T. ) ;
#794 = VECTOR ( 'NONE', #435, 1000.000000000000000 ) ;
#795 = FACE_OUTER_BOUND ( 'NONE', #1602, .T. ) ;
#796 = CARTESIAN_POINT ( 'NONE',  ( 21.67707093996177647, 19.99999999999999645, -40.00000000000000000 ) ) ;
#797 = AXIS2_PLACEMENT_3D ( 'NONE', #1519, #1362, #599 ) ;
#798 = ADVANCED_FACE ( 'NONE', ( #1716 ), #768, .T. ) ;
#799 = CARTESIAN_POINT ( 'NONE',  ( 8.809654095824532405, 8.000000000000000000, -40.46029203024465914 ) ) ;
#800 = CARTESIAN_POINT ( 'NONE',  ( 9.839312916898018457, 1.301042606982605321E-15, -36.61656520412217475 ) ) ;
#801 = LINE ( 'NONE', #197, #1854 ) ;
#802 = CARTESIAN_POINT ( 'NONE',  ( 29.05624399359431465, 21.13536082156799623, -8.565791602232733837 ) ) ;
#803 = DIRECTION ( 'NONE',  ( 0.000000000000000000, 0.000000000000000000, -1.000000000000000000 ) ) ;
#804 = LINE ( 'NONE', #1923, #713 ) ;
#805 = EDGE_CURVE ( 'NONE', #1925, #1513, #934, .T. ) ;
#806 = DIRECTION ( 'NONE',  ( 0.7070602652165128843, 0.000000000000000000, -0.7071532940967995007 ) ) ;
#807 = DIRECTION ( 'NONE',  ( -0.9851254154686076570, -0.000000000000000000, 0.1718368871860845581 ) ) ;
#808 = LINE ( 'NONE', #1268, #1395 ) ;
#809 = CARTESIAN_POINT ( 'NONE',  ( 7.447872293046380321, 11.19962421023028476, -43.26829056043806077 ) ) ;
#810 = CYLINDRICAL_SURFACE ( 'NONE', #662, 2.000000000000001776 ) ;
#811 = DIRECTION ( 'NONE',  ( 2.168404344971010840E-16, 1.000000000000000000, -8.424438317463077584E-32 ) ) ;
#812 =( GEOMETRIC_REPRESENTATION_CONTEXT ( 3 ) GLOBAL_UNCERTAINTY_ASSIGNED_CONTEXT ( ( #1859 ) ) GLOBAL_UNIT_ASSIGNED_CONTEXT ( ( #1639, #1807, #23 ) ) REPRESENTATION_CONTEXT ( 'NONE', 'WORKASPACE' ) );
#813 = CARTESIAN_POINT ( 'NONE',  ( 18.42707848615014754, 22.00000000000000000, -8.602352283412679768 ) ) ;
#814 = EDGE_CURVE ( 'NONE', #89, #1601, #1246, .T. ) ;
#815 = CARTESIAN_POINT ( 'NONE',  ( 25.91999070454255971, 2.000000000000000888, -35.75763840870091315 ) ) ;
#816 = ORIENTED_EDGE ( 'NONE', *, *, #1851, .T. ) ;
#817 = FACE_OUTER_BOUND ( 'NONE', #1632, .T. ) ;
#818 = FACE_OUTER_BOUND ( 'NONE', #1587, .T. ) ;
#819 = DIRECTION ( 'NONE',  ( 0.000000000000000000, 0.000000000000000000, -1.000000000000000000 ) ) ;
#820 = VECTOR ( 'NONE', #1335, 1000.000000000000114 ) ;
#821 = AXIS2_PLACEMENT_3D ( 'NONE', #456, #1374, #1993 ) ;
#822 = CARTESIAN_POINT ( 'NONE',  ( 14.58643259679871385, 1.301042606982605321E-15, -26.79250612413599342 ) ) ;
#823 = ORIENTED_EDGE ( 'NONE', *, *, #1338, .F. ) ;
#824 = DIRECTION ( 'NONE',  ( 0.5064208342990125233, -0.000000000000000000, 0.8622864597034400891 ) ) ;
#825 = CARTESIAN_POINT ( 'NONE',  ( 7.162217789193093154, 12.83297216295539656, -42.59159051126593454 ) ) ;
#826 = EDGE_CURVE ( 'NONE', #1055, #947, #953, .T. ) ;
#827 = CARTESIAN_POINT ( 'NONE',  ( 18.91642370449057609, 21.87394509661426767, -8.695621371050718196 ) ) ;
#828 = DIRECTION ( 'NONE',  ( 0.000000000000000000, 1.000000000000000000, 0.000000000000000000 ) ) ;
#829 = B_SPLINE_CURVE_WITH_KNOTS ( 'NONE', 3,
 ( #1531, #1659, #1368, #890 ),
 .UNSPECIFIED., .F., .F.,
 ( 4, 4 ),
 ( 0.6889689308365405385, 0.7455023650886049014 ),
 .UNSPECIFIED. ) ;
#830 = ORIENTED_EDGE ( 'NONE', *, *, #974, .T. ) ;
#831 = VERTEX_POINT ( 'NONE', #175 ) ;
#832 = CARTESIAN_POINT ( 'NONE',  ( 23.74653154641096720, 22.00000000000000000, -10.00000000000000000 ) ) ;
#833 = CARTESIAN_POINT ( 'NONE',  ( 7.004916216843128041, 13.37603363503438558, -42.01486617077575403 ) ) ;
#834 = EDGE_CURVE ( 'NONE', #1480, #621, #70, .T. ) ;
#835 = DIRECTION ( 'NONE',  ( -0.000000000000000000, -1.000000000000000000, -0.000000000000000000 ) ) ;
#836 = DIRECTION ( 'NONE',  ( 0.000000000000000000, 1.000000000000000000, 0.000000000000000000 ) ) ;
#837 = CARTESIAN_POINT ( 'NONE',  ( -1.691697727877595640E-14, 1.000000000000000888, -45.99999999999999289 ) ) ;
#838 = VECTOR ( 'NONE', #373, 1000.000000000000000 ) ;
#839 = ORIENTED_EDGE ( 'NONE', *, *, #1954, .T. ) ;
#840 = ORIENTED_EDGE ( 'NONE', *, *, #666, .F. ) ;
#841 = DIRECTION ( 'NONE',  ( 0.7446195723689853496, 0.000000000000000000, 0.6674890953753697120 ) ) ;
#842 = CARTESIAN_POINT ( 'NONE',  ( 18.55171649841629389, 0.4957665977262725732, -8.625937555615996288 ) ) ;
#843 = LINE ( 'NONE', #1179, #1137 ) ;
#844 = DIRECTION ( 'NONE',  ( 1.000000000000000000, 0.000000000000000000, -3.677603756255643468E-16 ) ) ;
#845 = DIRECTION ( 'NONE',  ( 0.000000000000000000, 1.000000000000000000, -0.000000000000000000 ) ) ;
#846 = EDGE_CURVE ( 'NONE', #1692, #258, #609, .T. ) ;
#847 = AXIS2_PLACEMENT_3D ( 'NONE', #766, #1553, #923 ) ;
#848 = EDGE_CURVE ( 'NONE', #1754, #1284, #1237, .T. ) ;
#849 = VERTEX_POINT ( 'NONE', #1392 ) ;
#850 = VECTOR ( 'NONE', #1852, 1000.000000000000000 ) ;
#851 = VECTOR ( 'NONE', #81, 1000.000000000000000 ) ;
#852 = ORIENTED_EDGE ( 'NONE', *, *, #1605, .F. ) ;
#853 = CARTESIAN_POINT ( 'NONE',  ( 13.66217230671772320, 8.899250029361108725E-13, -26.41040998109555460 ) ) ;
#854 = DIRECTION ( 'NONE',  ( 0.000000000000000000, 1.000000000000000000, -0.000000000000000000 ) ) ;
#855 = ORIENTED_EDGE ( 'NONE', *, *, #636, .T. ) ;
#856 = ORIENTED_EDGE ( 'NONE', *, *, #150, .T. ) ;
#857 = CYLINDRICAL_SURFACE ( 'NONE', #1463, 5.499999999999996447 ) ;
#858 = DIRECTION ( 'NONE',  ( 0.000000000000000000, 1.000000000000000000, -0.000000000000000000 ) ) ;
#859 = DIRECTION ( 'NONE',  ( 0.000000000000000000, 1.000000000000000000, 0.000000000000000000 ) ) ;
#860 = ORIENTED_EDGE ( 'NONE', *, *, #954, .T. ) ;
#861 = EDGE_CURVE ( 'NONE', #742, #1283, #503, .T. ) ;
#862 = VERTEX_POINT ( 'NONE', #634 ) ;
#863 = ORIENTED_EDGE ( 'NONE', *, *, #1996, .F. ) ;
#864 = LINE ( 'NONE', #1919, #1341 ) ;
#865 = CARTESIAN_POINT ( 'NONE',  ( 19.41165078718584169, 0.000000000000000000, -8.792188423925415108 ) ) ;
#866 = CARTESIAN_POINT ( 'NONE',  ( 9.116742863211110048, 8.000000000000000000, -35.79004358598655955 ) ) ;
#867 = VERTEX_POINT ( 'NONE', #644 ) ;
#868 = ORIENTED_EDGE ( 'NONE', *, *, #963, .T. ) ;
#869 = CARTESIAN_POINT ( 'NONE',  ( 24.75241632413501591, 22.00000000000000000, -6.927292863405887680 ) ) ;
#870 = CARTESIAN_POINT ( 'NONE',  ( 24.75241632413501591, 19.50000000000000000, -6.927292863405887680 ) ) ;
#871 = LINE ( 'NONE', #65, #1379 ) ;
#872 = FACE_OUTER_BOUND ( 'NONE', #1609, .T. ) ;
#873 = STYLED_ITEM ( 'NONE', ( #1168 ), #1631 ) ;
#874 = EDGE_CURVE ( 'NONE', #267, #49, #44, .T. ) ;
#875 = VECTOR ( 'NONE', #1892, 1000.000000000000114 ) ;
#876 = ORIENTED_EDGE ( 'NONE', *, *, #388, .T. ) ;
#877 = ORIENTED_EDGE ( 'NONE', *, *, #1020, .T. ) ;
#878 = CARTESIAN_POINT ( 'NONE',  ( 21.67707093996177647, 1.999999999999998224, -40.00000000000000000 ) ) ;
#879 = CARTESIAN_POINT ( 'NONE',  ( 19.28261914597281290, -3.135652443264374521E-14, -8.766757237028347305 ) ) ;
#880 = DIRECTION ( 'NONE',  ( 0.000000000000000000, 0.000000000000000000, -1.000000000000000000 ) ) ;
#881 = ORIENTED_EDGE ( 'NONE', *, *, #1514, .T. ) ;
#882 = ORIENTED_EDGE ( 'NONE', *, *, #1690, .T. ) ;
#883 = FACE_OUTER_BOUND ( 'NONE', #398, .T. ) ;
#884 = DIRECTION ( 'NONE',  ( -0.4999999999999993894, 0.000000000000000000, -0.8660254037844389297 ) ) ;
#885 = DIRECTION ( 'NONE',  ( -1.000000000000000000, -0.000000000000000000, -0.000000000000000000 ) ) ;
#886 = AXIS2_PLACEMENT_3D ( 'NONE', #796, #1555, #1548 ) ;
#887 = VERTEX_POINT ( 'NONE', #336 ) ;
#888 = CONICAL_SURFACE ( 'NONE', #234, 3.000000000000003553, 0.7853981633974473908 ) ;
#889 = EDGE_LOOP ( 'NONE', ( #543, #1745, #1824 ) ) ;
#890 = CARTESIAN_POINT ( 'NONE',  ( 7.592319034771638719, 8.000000000000000000, -38.46789582850492195 ) ) ;
#891 = CARTESIAN_POINT ( 'NONE',  ( 21.67707093996177647, 18.00000000000000000, -40.00000000000000000 ) ) ;
#892 = VERTEX_POINT ( 'NONE', #1668 ) ;
#893 = VERTEX_POINT ( 'NONE', #127 ) ;
#894 = CARTESIAN_POINT ( 'NONE',  ( 32.99152364551052585, 1.000000000000000888, -28.68703575653576365 ) ) ;
#895 = CARTESIAN_POINT ( 'NONE',  ( 23.18095457078805310, 18.00000000000000000, -30.62423332779663099 ) ) ;
#896 = FACE_OUTER_BOUND ( 'NONE', #1657, .T. ) ;
#897 = EDGE_CURVE ( 'NONE', #1164, #387, #1170, .T. ) ;
#898 = CYLINDRICAL_SURFACE ( 'NONE', #797, 10.00000000000000178 ) ;
#899 = VERTEX_POINT ( 'NONE', #1527 ) ;
#900 = CARTESIAN_POINT ( 'NONE',  ( 21.58843149659274729, 19.50000000000000000, -7.592524660913850809 ) ) ;
#901 = CARTESIAN_POINT ( 'NONE',  ( 22.74064676868691492, 19.50000000000000000, -13.07270713659410788 ) ) ;
#902 = ORIENTED_EDGE ( 'NONE', *, *, #406, .T. ) ;
#903 = DIRECTION ( 'NONE',  ( 0.000000000000000000, 0.000000000000000000, 1.000000000000000000 ) ) ;
#904 = CARTESIAN_POINT ( 'NONE',  ( 11.13933804968853991, 22.00000000000000000, -34.21675828470960568 ) ) ;
#905 = CARTESIAN_POINT ( 'NONE',  ( 11.10972994220224308, 1.301042606982605518E-15, -34.27137224550277494 ) ) ;
#906 = EDGE_CURVE ( 'NONE', #267, #242, #1833, .T. ) ;
#907 = DIRECTION ( 'NONE',  ( -1.000000000000000000, 2.168404344971010840E-16, 0.000000000000000000 ) ) ;
#908 = VERTEX_POINT ( 'NONE', #280 ) ;
#909 = CARTESIAN_POINT ( 'NONE',  ( 23.74653154641096720, 1.000000000000000888, -10.00000000000000000 ) ) ;
#910 = VECTOR ( 'NONE', #1226, 1000.000000000000000 ) ;
#911 = CARTESIAN_POINT ( 'NONE',  ( 21.58843149659274729, 19.50000000000000000, -7.592524660913850809 ) ) ;
#912 = VERTEX_POINT ( 'NONE', #1340 ) ;
#913 = DIRECTION ( 'NONE',  ( -1.000000000000000000, 0.000000000000000000, -0.000000000000000000 ) ) ;
#914 = CARTESIAN_POINT ( 'NONE',  ( 17.48584149127415799, 22.00000000000000000, -19.13815341554696303 ) ) ;
#915 = CARTESIAN_POINT ( 'NONE',  ( 29.05624399359431820, 1.000000000000000888, -8.565791602232733837 ) ) ;
#916 = CIRCLE ( 'NONE', #655, 2.000000000000001776 ) ;
#917 = CARTESIAN_POINT ( 'NONE',  ( 8.454605494475076810, 22.00000000000000000, -38.97431666280392903 ) ) ;
#918 = EDGE_CURVE ( 'NONE', #324, #745, #1406, .T. ) ;
#919 = EDGE_CURVE ( 'NONE', #638, #983, #1541, .T. ) ;
#920 = EDGE_LOOP ( 'NONE', ( #1054, #1123 ) ) ;
#921 = DIRECTION ( 'NONE',  ( -0.1718368871860850300, 0.000000000000000000, -0.9851254154686075459 ) ) ;
#922 = ORIENTED_EDGE ( 'NONE', *, *, #101, .T. ) ;
#923 = DIRECTION ( 'NONE',  ( 0.000000000000000000, 0.000000000000000000, 1.000000000000000000 ) ) ;
#924 = CARTESIAN_POINT ( 'NONE',  ( 18.83117950285497955, 22.00000000000000711, -13.91041826768680778 ) ) ;
#925 = VECTOR ( 'NONE', #553, 1000.000000000000000 ) ;
#926 = CARTESIAN_POINT ( 'NONE',  ( 14.52664230135398782, 1.301042606982605518E-15, -26.93610479631873744 ) ) ;
#927 = CARTESIAN_POINT ( 'NONE',  ( 21.67707093996177647, 22.00000000000000000, -40.00000000000000000 ) ) ;
#928 = EDGE_CURVE ( 'NONE', #1184, #581, #663, .T. ) ;
#929 = ORIENTED_EDGE ( 'NONE', *, *, #1593, .F. ) ;
#930 = CARTESIAN_POINT ( 'NONE',  ( 9.668838531754955667, 11.00000000000000355, -35.53466495290162186 ) ) ;
#931 = VERTEX_POINT ( 'NONE', #1069 ) ;
#932 = LINE ( 'NONE', #496, #1992 ) ;
#933 = CARTESIAN_POINT ( 'NONE',  ( 11.90375133328883805, 0.000000000000000000, -40.99999999999997868 ) ) ;
#934 = LINE ( 'NONE', #1870, #850 ) ;
#935 = ORIENTED_EDGE ( 'NONE', *, *, #1272, .F. ) ;
#936 = EDGE_LOOP ( 'NONE', ( #1334, #1063 ) ) ;
#937 = EDGE_CURVE ( 'NONE', #324, #153, #1959, .T. ) ;
#938 =( NAMED_UNIT ( * ) SI_UNIT ( $, .STERADIAN. ) SOLID_ANGLE_UNIT ( ) );
#939 = ORIENTED_EDGE ( 'NONE', *, *, #1539, .F. ) ;
#940 = CARTESIAN_POINT ( 'NONE',  ( 10.25299972461726661, 1.000000000000000888, -33.75282712977003285 ) ) ;
#941 = DIRECTION ( 'NONE',  ( 0.000000000000000000, 1.000000000000000000, 0.000000000000000000 ) ) ;
#942 = CIRCLE ( 'NONE', #58, 3.500000000000003109 ) ;
#943 = ADVANCED_FACE ( 'NONE', ( #872 ), #1946, .T. ) ;
#944 =( BOUNDED_SURFACE ( )  B_SPLINE_SURFACE ( 3, 2, ( 
 ( #1877, #306, #326 ),
 ( #618, #1705, #1849 ),
 ( #1525, #642, #904 ),
 ( #791, #1372, #1253 ),
 ( #1990, #462, #631 ),
 ( #1695, #1085, #297 ),
 ( #624, #2002, #1688 ),
 ( #1400, #1075, #914 ),
 ( #1383, #1535, #924 ),
 ( #784, #1057, #608 ) ),
 .UNSPECIFIED., .F., .F., .T. ) 
 B_SPLINE_SURFACE_WITH_KNOTS ( ( 4, 2, 2, 2, 4 ),
 ( 3, 3 ),
 ( 0.000000000000000000, 0.008182690073549903423, 0.01227403511032485600, 0.01636538014709980685, 0.03273076029419961369 ),
 ( 0.000000000000000000, 1.000000000000000000 ),
 .UNSPECIFIED. ) 
 GEOMETRIC_REPRESENTATION_ITEM ( )  RATIONAL_B_SPLINE_SURFACE ( (
 ( 1.000000000000000000, 0.7071067811865463515, 1.000000000000000000),
 ( 1.000000000000000000, 0.7071067811865463515, 1.000000000000000000),
 ( 1.000000000000000000, 0.7071067811865463515, 1.000000000000000000),
 ( 1.000000000000000000, 0.7071067811865463515, 1.000000000000000000),
 ( 1.000000000000000000, 0.7071067811865463515, 1.000000000000000000),
 ( 1.000000000000000000, 0.7071067811865463515, 1.000000000000000000),
 ( 1.000000000000000000, 0.7071067811865463515, 1.000000000000000000),
 ( 1.000000000000000000, 0.7071067811865463515, 1.000000000000000000),
 ( 1.000000000000000000, 0.7071067811865463515, 1.000000000000000000),
 ( 1.000000000000000000, 0.7071067811865463515, 1.000000000000000000) ) ) 
 REPRESENTATION_ITEM ( '' )  SURFACE ( )  );
#945 = CYLINDRICAL_SURFACE ( 'NONE', #145, 5.999999999999998224 ) ;
#946 = CARTESIAN_POINT ( 'NONE',  ( 23.58232682828754179, 2.000000000000001776, -36.70000000000000284 ) ) ;
#947 = VERTEX_POINT ( 'NONE', #1353 ) ;
#948 = VECTOR ( 'NONE', #340, 1000.000000000000000 ) ;
#949 = DIRECTION ( 'NONE',  ( 7.709882115452482111E-16, 0.000000000000000000, 1.000000000000000000 ) ) ;
#950 = DIRECTION ( 'NONE',  ( 0.000000000000000000, -0.000000000000000000, 1.000000000000000000 ) ) ;
#951 = CONICAL_SURFACE ( 'NONE', #1916, 3.000000000000003553, 0.7853981633974473908 ) ;
#952 = CARTESIAN_POINT ( 'NONE',  ( 7.246245817343121232, 9.484387987401660780, -42.82287771196990889 ) ) ;
#953 = CIRCLE ( 'NONE', #633, 3.500000000000003109 ) ;
#954 = EDGE_CURVE ( 'NONE', #1676, #672, #1641, .T. ) ;
#955 = DIRECTION ( 'NONE',  ( 0.000000000000000000, 0.000000000000000000, 1.000000000000000000 ) ) ;
#956 = CIRCLE ( 'NONE', #1670, 2.000000000000000000 ) ;
#957 = ORIENTED_EDGE ( 'NONE', *, *, #773, .T. ) ;
#958 = CYLINDRICAL_SURFACE ( 'NONE', #1590, 1.649999999999998579 ) ;
#959 = LINE ( 'NONE', #1261, #165 ) ;
#960 = CARTESIAN_POINT ( 'NONE',  ( 28.52683758833442695, 21.87904684185467374, -8.555463565585359476 ) ) ;
#961 = CARTESIAN_POINT ( 'NONE',  ( 23.58232682828754179, 0.000000000000000000, -36.70000000000000284 ) ) ;
#962 = FACE_OUTER_BOUND ( 'NONE', #1098, .T. ) ;
#963 = EDGE_CURVE ( 'NONE', #2000, #1754, #1821, .T. ) ;
#964 = FACE_OUTER_BOUND ( 'NONE', #1509, .T. ) ;
#965 = PLANE ( 'NONE',  #263 ) ;
#966 = VERTEX_POINT ( 'NONE', #407 ) ;
#967 = CARTESIAN_POINT ( 'NONE',  ( 7.392035037753806215, 10.20239606350716421, -43.15565744291097872 ) ) ;
#968 = CYLINDRICAL_SURFACE ( 'NONE', #436, 0.9999999999999998890 ) ;
#969 = CYLINDRICAL_SURFACE ( 'NONE', #1157, 2.000000000000001776 ) ;
#970 = TOROIDAL_SURFACE ( 'NONE', #1982, 11.00000000000000000, 1.000000000000000000 ) ;
#971 = VECTOR ( 'NONE', #1108, 1000.000000000000114 ) ;
#972 = ADVANCED_FACE ( 'NONE', ( #1537 ), #750, .F. ) ;
#973 = EDGE_LOOP ( 'NONE', ( #1393, #1143, #1610, #330 ) ) ;
#974 = EDGE_CURVE ( 'NONE', #1823, #1758, #1010, .T. ) ;
#975 = VERTEX_POINT ( 'NONE', #917 ) ;
#976 = CARTESIAN_POINT ( 'NONE',  ( 14.16922291935478739, 8.879719426834384609E-13, -25.15536904581371402 ) ) ;
#977 = CARTESIAN_POINT ( 'NONE',  ( 28.83877914511664642, 21.62466663895251529, -8.560569872588191132 ) ) ;
#978 = LINE ( 'NONE', #327, #1375 ) ;
#979 = VECTOR ( 'NONE', #461, 1000.000000000000000 ) ;
#980 = VECTOR ( 'NONE', #475, 1000.000000000000227 ) ;
#981 = ORIENTED_EDGE ( 'NONE', *, *, #1413, .F. ) ;
#982 = ADVANCED_FACE ( 'NONE', ( #250 ), #1491, .T. ) ;
#983 = VERTEX_POINT ( 'NONE', #99 ) ;
#984 = DIRECTION ( 'NONE',  ( -0.000000000000000000, 1.000000000000000000, -0.000000000000000000 ) ) ;
#985 = CARTESIAN_POINT ( 'NONE',  ( 7.393118018334270403, 11.79032437539616218, -43.15791138759491474 ) ) ;
#986 = LINE ( 'NONE', #216, #337 ) ;
#987 = DIRECTION ( 'NONE',  ( 0.1718368871860845581, -6.938893903907228378E-16, 0.9851254154686075459 ) ) ;
#988 = CARTESIAN_POINT ( 'NONE',  ( 28.91895183758387233, 0.4866967161205682513, -8.562392219414908467 ) ) ;
#989 = ORIENTED_EDGE ( 'NONE', *, *, #1280, .F. ) ;
#990 = ADVANCED_FACE ( 'NONE', ( #264, #740 ), #1505, .T. ) ;
#991 = ORIENTED_EDGE ( 'NONE', *, *, #1851, .F. ) ;
#992 = CARTESIAN_POINT ( 'NONE',  ( 17.84801322163683679, -2.819431241651974985E-11, -13.70556180832712201 ) ) ;
#993 = CARTESIAN_POINT ( 'NONE',  ( 18.80659613073964564, 0.2005054945353859086, -8.674535987840153339 ) ) ;
#994 = FACE_OUTER_BOUND ( 'NONE', #715, .T. ) ;
#995 = FACE_OUTER_BOUND ( 'NONE', #374, .T. ) ;
#996 = FACE_OUTER_BOUND ( 'NONE', #1934, .T. ) ;
#997 = ADVANCED_FACE ( 'NONE', ( #1044 ), #898, .F. ) ;
#998 = AXIS2_PLACEMENT_3D ( 'NONE', #596, #858, #1615 ) ;
#999 = EDGE_LOOP ( 'NONE', ( #1012, #1840, #746, #1865, #628, #1908 ) ) ;
#1000 = ORIENTED_EDGE ( 'NONE', *, *, #542, .F. ) ;
#1001 = CARTESIAN_POINT ( 'NONE',  ( 14.16922291931086342, 1.000000000000000888, -25.15536904579965949 ) ) ;
#1002 = DIRECTION ( 'NONE',  ( -0.000000000000000000, 1.000000000000000000, 0.000000000000000000 ) ) ;
#1003 = DIRECTION ( 'NONE',  ( -0.9851254154686086562, -0.000000000000000000, 0.1718368871860797287 ) ) ;
#1004 = CARTESIAN_POINT ( 'NONE',  ( 13.59422479334910250, 1.000000000000001110, -26.57361973716554715 ) ) ;
#1005 = LINE ( 'NONE', #837, #339 ) ;
#1006 = EDGE_CURVE ( 'NONE', #227, #1901, #563, .T. ) ;
#1007 = CIRCLE ( 'NONE', #1172, 4.499999999999996447 ) ;
#1008 = ORIENTED_EDGE ( 'NONE', *, *, #1861, .T. ) ;
#1009 = AXIS2_PLACEMENT_3D ( 'NONE', #1879, #1105, #1727 ) ;
#1010 = CIRCLE ( 'NONE', #1276, 5.999999999999998224 ) ;
#1011 = ORIENTED_EDGE ( 'NONE', *, *, #226, .F. ) ;
#1012 = ORIENTED_EDGE ( 'NONE', *, *, #138, .T. ) ;
#1013 = CARTESIAN_POINT ( 'NONE',  ( 25.91999070454255971, 18.00000000000000000, -35.75763840870091315 ) ) ;
#1014 = DIRECTION ( 'NONE',  ( -0.1718368871860845581, 6.938893903907227392E-16, -0.9851254154686075459 ) ) ;
#1015 = ORIENTED_EDGE ( 'NONE', *, *, #1782, .F. ) ;
#1016 = ORIENTED_EDGE ( 'NONE', *, *, #269, .T. ) ;
#1017 = CARTESIAN_POINT ( 'NONE',  ( 23.58232682828754179, 16.00000000000000000, -36.70000000000000284 ) ) ;
#1018 = CARTESIAN_POINT ( 'NONE',  ( 21.58843149659274729, 19.50000000000000000, -7.592524660913850809 ) ) ;
#1019 = DIRECTION ( 'NONE',  ( 0.000000000000000000, 1.000000000000000000, -0.000000000000000000 ) ) ;
#1020 = EDGE_CURVE ( 'NONE', #1027, #227, #730, .T. ) ;
#1021 = ORIENTED_EDGE ( 'NONE', *, *, #354, .T. ) ;
#1022 = ORIENTED_EDGE ( 'NONE', *, *, #1142, .T. ) ;
#1023 = DIRECTION ( 'NONE',  ( 0.4999999999999997224, 0.000000000000000000, -0.8660254037844387076 ) ) ;
#1024 = CARTESIAN_POINT ( 'NONE',  ( 8.454605494475076810, 1.000000000000000888, -38.97431666280392903 ) ) ;
#1025 = CARTESIAN_POINT ( 'NONE',  ( 9.175607980292486587, 8.039631293315073535, -35.68320840980616993 ) ) ;
#1026 = ORIENTED_EDGE ( 'NONE', *, *, #1656, .T. ) ;
#1027 = VERTEX_POINT ( 'NONE', #351 ) ;
#1028 = DIRECTION ( 'NONE',  ( 0.9503722995286568720, 0.000000000000000000, -0.3111149181389619711 ) ) ;
#1029 = FACE_OUTER_BOUND ( 'NONE', #1092, .T. ) ;
#1030 = CARTESIAN_POINT ( 'NONE',  ( 21.67707093996177647, 20.99999999999999645, -40.00000000000000000 ) ) ;
#1031 = EDGE_CURVE ( 'NONE', #862, #2000, #62, .T. ) ;
#1032 = CIRCLE ( 'NONE', #1071, 1.000000000000000888 ) ;
#1033 = CIRCLE ( 'NONE', #36, 1.000000000000000000 ) ;
#1034 = EDGE_CURVE ( 'NONE', #1287, #762, #278, .T. ) ;
#1035 = ORIENTED_EDGE ( 'NONE', *, *, #848, .T. ) ;
#1036 = ORIENTED_EDGE ( 'NONE', *, *, #1656, .F. ) ;
#1037 = CARTESIAN_POINT ( 'NONE',  ( 23.74653154641096720, 19.50000000000000000, -10.00000000000000000 ) ) ;
#1038 = CARTESIAN_POINT ( 'NONE',  ( 6.978124255945800769, 14.00000000000000888, -40.14081556406954832 ) ) ;
#1039 = VERTEX_POINT ( 'NONE', #674 ) ;
#1040 = ORIENTED_EDGE ( 'NONE', *, *, #1996, .T. ) ;
#1041 = CARTESIAN_POINT ( 'NONE',  ( 12.88522242742626744, 22.00000000000000000, -30.63701539689079567 ) ) ;
#1042 = CARTESIAN_POINT ( 'NONE',  ( 9.668838531754955667, 8.500000000000007105, -35.53466495290162186 ) ) ;
#1043 = CARTESIAN_POINT ( 'NONE',  ( 26.91051637395323226, 19.50000000000000000, -9.334768202492037759 ) ) ;
#1044 = FACE_OUTER_BOUND ( 'NONE', #1477, .T. ) ;
#1045 = CIRCLE ( 'NONE', #1566, 5.499999999999996447 ) ;
#1046 = CIRCLE ( 'NONE', #309, 4.999999999999997335 ) ;
#1047 = AXIS2_PLACEMENT_3D ( 'NONE', #1037, #1963, #268 ) ;
#1048 = ORIENTED_EDGE ( 'NONE', *, *, #897, .T. ) ;
#1049 = AXIS2_PLACEMENT_3D ( 'NONE', #1809, #147, #418 ) ;
#1050 = ORIENTED_EDGE ( 'NONE', *, *, #963, .F. ) ;
#1051 = LINE ( 'NONE', #1345, #1757 ) ;
#1052 = EDGE_CURVE ( 'NONE', #49, #931, #1543, .T. ) ;
#1053 = CARTESIAN_POINT ( 'NONE',  ( 23.74653154641096720, 1.000000000000000888, -5.500000000000004441 ) ) ;
#1054 = ORIENTED_EDGE ( 'NONE', *, *, #928, .T. ) ;
#1055 = VERTEX_POINT ( 'NONE', #524 ) ;
#1056 = CYLINDRICAL_SURFACE ( 'NONE', #529, 6.999999999999999112 ) ;
#1057 = CARTESIAN_POINT ( 'NONE',  ( 18.44889237298308871, 22.00000000000000711, -8.413004096114702790 ) ) ;
#1058 = DIRECTION ( 'NONE',  ( -0.1718368871860843361, 2.081668171172174824E-15, -0.9851254154686075459 ) ) ;
#1059 = CARTESIAN_POINT ( 'NONE',  ( 21.32066968564760501, 1.999999999999998224, -33.00907887714907218 ) ) ;
#1060 = ORIENTED_EDGE ( 'NONE', *, *, #1914, .F. ) ;
#1061 = DIRECTION ( 'NONE',  ( 0.000000000000000000, 1.000000000000000000, -0.000000000000000000 ) ) ;
#1062 = DIRECTION ( 'NONE',  ( 0.000000000000000000, 0.000000000000000000, 1.000000000000000000 ) ) ;
#1063 = ORIENTED_EDGE ( 'NONE', *, *, #785, .F. ) ;
#1064 = ADVANCED_FACE ( 'NONE', ( #817 ), #668, .T. ) ;
#1065 = DIRECTION ( 'NONE',  ( 0.000000000000000000, 0.000000000000000000, -1.000000000000000000 ) ) ;
#1066 = CARTESIAN_POINT ( 'NONE',  ( 17.18278719511047825, 21.00000000000000000, -19.24852539820499686 ) ) ;
#1067 = DIRECTION ( 'NONE',  ( -0.000000000000000000, -1.000000000000000000, -0.000000000000000000 ) ) ;
#1068 = ADVANCED_FACE ( 'NONE', ( #515 ), #1911, .T. ) ;
#1069 = CARTESIAN_POINT ( 'NONE',  ( 13.61481319166322379, 18.00000000000000000, -46.00000000000000000 ) ) ;
#1070 = ORIENTED_EDGE ( 'NONE', *, *, #1467, .T. ) ;
#1071 = AXIS2_PLACEMENT_3D ( 'NONE', #1094, #133, #1391 ) ;
#1072 =( NAMED_UNIT ( * ) PLANE_ANGLE_UNIT ( ) SI_UNIT ( $, .RADIAN. ) );
#1073 = ORIENTED_EDGE ( 'NONE', *, *, #1744, .T. ) ;
#1074 = CARTESIAN_POINT ( 'NONE',  ( 23.74653154641096720, 0.000000000000000000, -5.500000000000004441 ) ) ;
#1075 = CARTESIAN_POINT ( 'NONE',  ( 16.52460055254126203, 21.99999999999999645, -18.85367843373578012 ) ) ;
#1076 = LINE ( 'NONE', #1850, #35 ) ;
#1077 = DIRECTION ( 'NONE',  ( 0.000000000000000000, 1.000000000000000000, 0.000000000000000000 ) ) ;
#1078 = EDGE_CURVE ( 'NONE', #672, #862, #659, .T. ) ;
#1079 = ORIENTED_EDGE ( 'NONE', *, *, #586, .F. ) ;
#1080 = CIRCLE ( 'NONE', #1698, 11.00000000000000000 ) ;
#1081 = TOROIDAL_SURFACE ( 'NONE', #1594, 4.000000000000000000, 1.000000000000000000 ) ;
#1082 = DIRECTION ( 'NONE',  ( 0.000000000000000000, -1.000000000000000000, 0.000000000000000000 ) ) ;
#1083 = ORIENTED_EDGE ( 'NONE', *, *, #12, .T. ) ;
#1084 = DIRECTION ( 'NONE',  ( -1.000000000000000000, -0.000000000000000000, -0.000000000000000000 ) ) ;
#1085 = CARTESIAN_POINT ( 'NONE',  ( 13.66217230671772320, 21.99999999999999645, -26.41040998109792071 ) ) ;
#1086 = AXIS2_PLACEMENT_3D ( 'NONE', #1798, #885, #561 ) ;
#1087 = DIRECTION ( 'NONE',  ( 0.000000000000000000, 1.000000000000000000, -0.000000000000000000 ) ) ;
#1088 = EDGE_CURVE ( 'NONE', #931, #1799, #536, .T. ) ;
#1089 = ORIENTED_EDGE ( 'NONE', *, *, #906, .F. ) ;
#1090 = EDGE_CURVE ( 'NONE', #734, #1189, #1612, .T. ) ;
#1091 = CARTESIAN_POINT ( 'NONE',  ( 8.317091388090219084, 11.00000000000000178, -40.37437358665161469 ) ) ;
#1092 = EDGE_LOOP ( 'NONE', ( #1249, #1160, #922, #1508 ) ) ;
#1093 = CARTESIAN_POINT ( 'NONE',  ( 12.59118480158818265, -8.868892368531518640E-13, -28.88832730348072886 ) ) ;
#1094 = CARTESIAN_POINT ( 'NONE',  ( 11.90375133328883628, 20.99999999999999645, -45.00000000000000000 ) ) ;
#1095 = DIRECTION ( 'NONE',  ( 0.000000000000000000, 0.000000000000000000, 1.000000000000000000 ) ) ;
#1096 = EDGE_CURVE ( 'NONE', #1287, #1265, #697, .T. ) ;
#1097 = ORIENTED_EDGE ( 'NONE', *, *, #1954, .F. ) ;
#1098 = EDGE_LOOP ( 'NONE', ( #520, #448, #1786, #1896, #929, #33 ) ) ;
#1099 = ADVANCED_FACE ( 'NONE', ( #718 ), #888, .F. ) ;
#1100 = DIRECTION ( 'NONE',  ( 0.3111149181389614715, 0.000000000000000000, 0.9503722995286569830 ) ) ;
#1101 = DIRECTION ( 'NONE',  ( -0.000000000000000000, 1.000000000000000000, 0.000000000000000000 ) ) ;
#1102 = AXIS2_PLACEMENT_3D ( 'NONE', #1489, #1958, #884 ) ;
#1103 = CARTESIAN_POINT ( 'NONE',  ( 6.901953662672372758, 8.160080657639243285, -41.12906357267293345 ) ) ;
#1104 = LINE ( 'NONE', #500, #1789 ) ;
#1105 = DIRECTION ( 'NONE',  ( 0.000000000000000000, -1.000000000000000000, 0.000000000000000000 ) ) ;
#1106 = ORIENTED_EDGE ( 'NONE', *, *, #834, .T. ) ;
#1107 = CARTESIAN_POINT ( 'NONE',  ( 12.02643039872344488, 1.000000000000000888, -30.11364228364253037 ) ) ;
#1108 = DIRECTION ( 'NONE',  ( 0.6674890953753697120, 0.000000000000000000, -0.7446195723689853496 ) ) ;
#1109 = ADVANCED_FACE ( 'NONE', ( #1145, #1769, #1950 ), #1471, .T. ) ;
#1110 = AXIS2_PLACEMENT_3D ( 'NONE', #1561, #790, #1713 ) ;
#1111 = CARTESIAN_POINT ( 'NONE',  ( 29.05624399359431820, 21.00000000000000000, -8.565791602232733837 ) ) ;
#1112 = AXIS2_PLACEMENT_3D ( 'NONE', #878, #1356, #567 ) ;
#1113 = DIRECTION ( 'NONE',  ( 0.9503722995286568720, 0.000000000000000000, -0.3111149181389619711 ) ) ;
#1114 = CARTESIAN_POINT ( 'NONE',  ( 21.67707093996177647, 19.99999999999999645, -42.00000000000000000 ) ) ;
#1115 = DIRECTION ( 'NONE',  ( -0.000000000000000000, -1.000000000000000000, 0.000000000000000000 ) ) ;
#1116 = CARTESIAN_POINT ( 'NONE',  ( -7.572107474209833879E-15, 18.00000000000000000, -29.99999999999999289 ) ) ;
#1117 = VERTEX_POINT ( 'NONE', #1176 ) ;
#1118 = DIRECTION ( 'NONE',  ( -0.000000000000000000, -1.000000000000000000, -0.000000000000000000 ) ) ;
#1119 = CARTESIAN_POINT ( 'NONE',  ( 23.74653154641096720, 0.000000000000000000, -10.00000000000000000 ) ) ;
#1120 = CARTESIAN_POINT ( 'NONE',  ( 8.809654095824532405, 11.00000000000000178, -40.46029203024465914 ) ) ;
#1121 = EDGE_CURVE ( 'NONE', #1799, #1662, #956, .T. ) ;
#1122 = ORIENTED_EDGE ( 'NONE', *, *, #1090, .F. ) ;
#1123 = ORIENTED_EDGE ( 'NONE', *, *, #126, .T. ) ;
#1124 = DIRECTION ( 'NONE',  ( 3.677603756255643468E-16, -0.000000000000000000, 1.000000000000000000 ) ) ;
#1125 = CARTESIAN_POINT ( 'NONE',  ( 28.00788210368932596, 22.00000000000000000, -8.554008496572890863 ) ) ;
#1126 = DIRECTION ( 'NONE',  ( 0.4999999999999993894, 0.000000000000000000, 0.8660254037844389297 ) ) ;
#1127 = DIRECTION ( 'NONE',  ( 0.000000000000000000, 0.000000000000000000, 1.000000000000000000 ) ) ;
#1128 = AXIS2_PLACEMENT_3D ( 'NONE', #1120, #1429, #361 ) ;
#1129 = TOROIDAL_SURFACE ( 'NONE', #1326, 4.499999999999996447, 1.000000000000000000 ) ;
#1130 = EDGE_CURVE ( 'NONE', #1592, #267, #1573, .T. ) ;
#1131 = EDGE_LOOP ( 'NONE', ( #1238, #18 ) ) ;
#1132 = ORIENTED_EDGE ( 'NONE', *, *, #1272, .T. ) ;
#1133 = LINE ( 'NONE', #1162, #1669 ) ;
#1134 = CARTESIAN_POINT ( 'NONE',  ( 7.161959619406728983, 9.166130193978156981, -42.59080235290886662 ) ) ;
#1135 = DIRECTION ( 'NONE',  ( 1.000000000000000000, 0.000000000000000000, -0.000000000000000000 ) ) ;
#1136 = PLANE ( 'NONE',  #1128 ) ;
#1137 = VECTOR ( 'NONE', #1461, 1000.000000000000000 ) ;
#1138 = AXIS2_PLACEMENT_3D ( 'NONE', #25, #13, #1860 ) ;
#1139 = AXIS2_PLACEMENT_3D ( 'NONE', #548, #845, #1156 ) ;
#1140 = ORIENTED_EDGE ( 'NONE', *, *, #347, .T. ) ;
#1141 = EDGE_CURVE ( 'NONE', #530, #742, #1938, .T. ) ;
#1142 = EDGE_CURVE ( 'NONE', #745, #772, #477, .T. ) ;
#1143 = ORIENTED_EDGE ( 'NONE', *, *, #919, .T. ) ;
#1144 = CARTESIAN_POINT ( 'NONE',  ( 20.58254671886869858, 19.50000000000000000, -10.66523179750795691 ) ) ;
#1145 = FACE_OUTER_BOUND ( 'NONE', #675, .T. ) ;
#1146 = DIRECTION ( 'NONE',  ( -0.8660254037844385966, 0.000000000000000000, -0.5000000000000003331 ) ) ;
#1147 = CARTESIAN_POINT ( 'NONE',  ( 32.99152364551052585, 20.99999999999999645, -28.68703575653576365 ) ) ;
#1148 = CARTESIAN_POINT ( 'NONE',  ( 29.05624399359432175, 0.8646431129214664502, -8.565791602232733837 ) ) ;
#1149 = ORIENTED_EDGE ( 'NONE', *, *, #269, .F. ) ;
#1150 = ORIENTED_EDGE ( 'NONE', *, *, #5, .T. ) ;
#1151 = PLANE ( 'NONE',  #204 ) ;
#1152 = DIRECTION ( 'NONE',  ( -0.000000000000000000, 1.000000000000000000, -0.000000000000000000 ) ) ;
#1153 = EDGE_CURVE ( 'NONE', #893, #1740, #1342, .T. ) ;
#1154 = CARTESIAN_POINT ( 'NONE',  ( 25.90463159622917999, 19.50000000000000000, -12.40747533908614741 ) ) ;
#1155 = CARTESIAN_POINT ( 'NONE',  ( -1.691697727877595640E-14, 1.999999999999998224, -45.99999999999999289 ) ) ;
#1156 = DIRECTION ( 'NONE',  ( 0.000000000000000000, 0.000000000000000000, 1.000000000000000000 ) ) ;
#1157 = AXIS2_PLACEMENT_3D ( 'NONE', #1591, #201, #819 ) ;
#1158 = EDGE_LOOP ( 'NONE', ( #121, #1270, #313, #102 ) ) ;
#1159 = CIRCLE ( 'NONE', #598, 0.9999999999999998890 ) ;
#1160 = ORIENTED_EDGE ( 'NONE', *, *, #666, .T. ) ;
#1161 = ORIENTED_EDGE ( 'NONE', *, *, #66, .T. ) ;
#1162 = CARTESIAN_POINT ( 'NONE',  ( 7.592319034771640496, 22.00000000000000000, -38.46789582850492906 ) ) ;
#1163 = CARTESIAN_POINT ( 'NONE',  ( 29.05624399359431820, 22.00000000000000000, -8.565791602232733837 ) ) ;
#1164 = VERTEX_POINT ( 'NONE', #244 ) ;
#1165 = ORIENTED_EDGE ( 'NONE', *, *, #388, .F. ) ;
#1166 = EDGE_CURVE ( 'NONE', #1812, #1211, #1682, .T. ) ;
#1167 = DIRECTION ( 'NONE',  ( 0.000000000000000000, 0.000000000000000000, 1.000000000000000000 ) ) ;
#1168 = PRESENTATION_STYLE_ASSIGNMENT (( #558 ) ) ;
#1169 = PLANE ( 'NONE',  #17 ) ;
#1170 = LINE ( 'NONE', #1971, #149 ) ;
#1171 = CIRCLE ( 'NONE', #1862, 0.9999999999999998890 ) ;
#1172 = AXIS2_PLACEMENT_3D ( 'NONE', #331, #630, #949 ) ;
#1173 = ORIENTED_EDGE ( 'NONE', *, *, #1031, .F. ) ;
#1174 = ORIENTED_EDGE ( 'NONE', *, *, #1142, .F. ) ;
#1175 = DIRECTION ( 'NONE',  ( 0.000000000000000000, 0.000000000000000000, 1.000000000000000000 ) ) ;
#1176 = CARTESIAN_POINT ( 'NONE',  ( 21.67707093996177647, 18.00000000000000000, -38.00000000000000000 ) ) ;
#1177 = CARTESIAN_POINT ( 'NONE',  ( 13.61481319166322379, 1.999999999999998224, -46.00000000000000000 ) ) ;
#1178 = ORIENTED_EDGE ( 'NONE', *, *, #1699, .T. ) ;
#1179 = CARTESIAN_POINT ( 'NONE',  ( 23.48780065022396357, 1.000000000000000000, -25.57588657514615349 ) ) ;
#1180 = DIRECTION ( 'NONE',  ( -1.000000000000000000, 2.168404344971006896E-16, 0.000000000000000000 ) ) ;
#1181 = CARTESIAN_POINT ( 'NONE',  ( 23.74653154641096720, 22.00000000000000000, -10.00000000000000000 ) ) ;
#1182 = EDGE_CURVE ( 'NONE', #887, #1800, #74, .T. ) ;
#1183 = B_SPLINE_CURVE_WITH_KNOTS ( 'NONE', 3,
 ( #1665, #1311, #390, #737, #96, #1004, #110, #1321, #1943, #748, #275, #261, #1980, #442 ),
 .UNSPECIFIED., .F., .F.,
 ( 4, 2, 2, 2, 2, 2, 4 ),
 ( 7.410741937918042371E-18, 0.007993503268667934147, 0.01199025490300189775, 0.01598700653733586483, 0.01998375817166983190, 0.02398050980600379203, 0.03197401307467173659 ),
 .UNSPECIFIED. ) ;
#1184 = VERTEX_POINT ( 'NONE', #1969 ) ;
#1185 = ORIENTED_EDGE ( 'NONE', *, *, #1052, .F. ) ;
#1186 = CARTESIAN_POINT ( 'NONE',  ( 23.58232682828753468, 16.00000000000000000, -43.30000000000000426 ) ) ;
#1187 = FACE_OUTER_BOUND ( 'NONE', #451, .T. ) ;
#1188 = ORIENTED_EDGE ( 'NONE', *, *, #600, .T. ) ;
#1189 = VERTEX_POINT ( 'NONE', #1944 ) ;
#1190 = CARTESIAN_POINT ( 'NONE',  ( 21.58843149659274729, 22.00000000000000000, -7.592524660913850809 ) ) ;
#1191 = LINE ( 'NONE', #583, #1364 ) ;
#1192 = CARTESIAN_POINT ( 'NONE',  ( 8.317091388090219084, 8.000000000000000000, -40.37437358665161469 ) ) ;
#1193 = DIRECTION ( 'NONE',  ( -0.000000000000000000, -1.000000000000000000, -0.000000000000000000 ) ) ;
#1194 = EDGE_CURVE ( 'NONE', #983, #324, #1005, .T. ) ;
#1195 = AXIS2_PLACEMENT_3D ( 'NONE', #538, #1763, #1737 ) ;
#1196 = ORIENTED_EDGE ( 'NONE', *, *, #1514, .F. ) ;
#1197 = VERTEX_POINT ( 'NONE', #76 ) ;
#1198 = CARTESIAN_POINT ( 'NONE',  ( 25.48758271661329999, 16.00000000000000000, -39.99999999999999289 ) ) ;
#1199 = DIRECTION ( 'NONE',  ( 0.000000000000000000, 1.000000000000000000, 0.000000000000000000 ) ) ;
#1200 = ORIENTED_EDGE ( 'NONE', *, *, #614, .F. ) ;
#1201 = ORIENTED_EDGE ( 'NONE', *, *, #1078, .T. ) ;
#1202 = CARTESIAN_POINT ( 'NONE',  ( 21.67707093996177647, 1.000000000000000888, -45.00000000000000000 ) ) ;
#1203 = DIRECTION ( 'NONE',  ( -0.6965888615970698972, 0.7071067811865456854, 0.1215070281872650260 ) ) ;
#1204 = DIRECTION ( 'NONE',  ( -0.9786040135143315721, 0.000000000000000000, -0.2057527271596714669 ) ) ;
#1205 = UNCERTAINTY_MEASURE_WITH_UNIT (LENGTH_MEASURE( 1.000000000000000082E-05 ), #774, 'distance_accuracy_value', 'NONE');
#1206 = CARTESIAN_POINT ( 'NONE',  ( 6.978124255945800769, 8.000000000000000000, -40.14081556406954832 ) ) ;
#1207 = CIRCLE ( 'NONE', #1728, 0.9999999999999997780 ) ;
#1208 = CIRCLE ( 'NONE', #1339, 4.999999999999997335 ) ;
#1209 = ADVANCED_FACE ( 'NONE', ( #996 ), #97, .F. ) ;
#1210 = CIRCLE ( 'NONE', #1112, 6.999999999999999112 ) ;
#1211 = VERTEX_POINT ( 'NONE', #85 ) ;
#1212 = AXIS2_PLACEMENT_3D ( 'NONE', #218, #859, #381 ) ;
#1213 = CARTESIAN_POINT ( 'NONE',  ( 25.91999070454255971, 1.000000000000000888, -35.75763840870091315 ) ) ;
#1214 = ADVANCED_FACE ( 'NONE', ( #1301 ), #238, .F. ) ;
#1215 = LINE ( 'NONE', #106, #301 ) ;
#1216 = EDGE_LOOP ( 'NONE', ( #1251, #1348 ) ) ;
#1217 = CARTESIAN_POINT ( 'NONE',  ( 11.10972994220223953, 22.00000000000000000, -34.27137224550276073 ) ) ;
#1218 = DIRECTION ( 'NONE',  ( -0.000000000000000000, -1.000000000000000000, -0.000000000000000000 ) ) ;
#1219 = DIRECTION ( 'NONE',  ( 0.000000000000000000, 1.000000000000000000, -0.000000000000000000 ) ) ;
#1220 = DIRECTION ( 'NONE',  ( 0.5000000000000002220, 0.000000000000000000, -0.8660254037844384856 ) ) ;
#1221 = ORIENTED_EDGE ( 'NONE', *, *, #1130, .T. ) ;
#1222 = DIRECTION ( 'NONE',  ( -0.1718368871860845581, 0.000000000000000000, -0.9851254154686075459 ) ) ;
#1223 = ORIENTED_EDGE ( 'NONE', *, *, #205, .F. ) ;
#1224 = LINE ( 'NONE', #274, #632 ) ;
#1225 = CARTESIAN_POINT ( 'NONE',  ( 9.116742863211110048, 8.000000000000000000, -35.79004358598655955 ) ) ;
#1226 = DIRECTION ( 'NONE',  ( -0.000000000000000000, 1.000000000000000000, -0.000000000000000000 ) ) ;
#1227 = EDGE_CURVE ( 'NONE', #1693, #315, #871, .T. ) ;
#1228 = CARTESIAN_POINT ( 'NONE',  ( 21.67707093996177647, 22.00000000000000000, -40.00000000000000000 ) ) ;
#1229 = ORIENTED_EDGE ( 'NONE', *, *, #897, .F. ) ;
#1230 = AXIS2_PLACEMENT_3D ( 'NONE', #444, #769, #1058 ) ;
#1231 = AXIS2_PLACEMENT_3D ( 'NONE', #93, #1332, #880 ) ;
#1232 = DIRECTION ( 'NONE',  ( -0.1718368871860797842, 0.000000000000000000, -0.9851254154686085451 ) ) ;
#1233 = ORIENTED_EDGE ( 'NONE', *, *, #1905, .T. ) ;
#1234 = CARTESIAN_POINT ( 'NONE',  ( 9.692084988372302590, 8.499723622709888460, -34.73212196939237373 ) ) ;
#1235 = DIRECTION ( 'NONE',  ( -0.000000000000000000, -1.000000000000000000, 0.000000000000000000 ) ) ;
#1236 = EDGE_CURVE ( 'NONE', #892, #1823, #504, .T. ) ;
#1237 = LINE ( 'NONE', #491, #1730 ) ;
#1238 = ORIENTED_EDGE ( 'NONE', *, *, #1927, .F. ) ;
#1239 = CIRCLE ( 'NONE', #362, 10.00000000000000178 ) ;
#1240 = AXIS2_PLACEMENT_3D ( 'NONE', #832, #705, #358 ) ;
#1241 = ORIENTED_EDGE ( 'NONE', *, *, #735, .F. ) ;
#1242 = CARTESIAN_POINT ( 'NONE',  ( 12.02643039866687857, -1.033757195816123116E-12, -30.11364228361496131 ) ) ;
#1243 = LINE ( 'NONE', #758, #786 ) ;
#1244 = VECTOR ( 'NONE', #1152, 1000.000000000000000 ) ;
#1245 = PRODUCT_DEFINITION_CONTEXT ( 'detailed design', #1880, 'design' ) ;
#1246 = LINE ( 'NONE', #310, #565 ) ;
#1247 = EDGE_CURVE ( 'NONE', #621, #1117, #1476, .T. ) ;
#1248 = CARTESIAN_POINT ( 'NONE',  ( 23.74653154641096720, 1.000000000000000888, -10.00000000000000000 ) ) ;
#1249 = ORIENTED_EDGE ( 'NONE', *, *, #485, .T. ) ;
#1250 = CARTESIAN_POINT ( 'NONE',  ( 8.809654095824532405, 11.00000000000000178, -40.46029203024465914 ) ) ;
#1251 = ORIENTED_EDGE ( 'NONE', *, *, #834, .F. ) ;
#1252 = DIRECTION ( 'NONE',  ( 0.000000000000000000, 0.000000000000000000, -1.000000000000000000 ) ) ;
#1253 = CARTESIAN_POINT ( 'NONE',  ( 12.93167389488804453, 22.00000000000000000, -30.53877890663851247 ) ) ;
#1254 = DIRECTION ( 'NONE',  ( -0.000000000000000000, 1.000000000000000000, -0.000000000000000000 ) ) ;
#1255 = CARTESIAN_POINT ( 'NONE',  ( 8.454605494475075034, 0.000000000000000000, -38.97431666280392903 ) ) ;
#1256 = B_SPLINE_CURVE_WITH_KNOTS ( 'NONE', 3,
 ( #1839, #1484, #1025, #866 ),
 .UNSPECIFIED., .F., .F.,
 ( 4, 4 ),
 ( 0.000000000000000000, 0.0003847667640915816548 ),
 .UNSPECIFIED. ) ;
#1257 = DIRECTION ( 'NONE',  ( 0.000000000000000000, 6.835680739979198863E-16, -1.000000000000000000 ) ) ;
#1258 = EDGE_CURVE ( 'NONE', #1791, #1333, #225, .T. ) ;
#1259 = SHAPE_DEFINITION_REPRESENTATION ( #682, #1720 ) ;
#1260 = CARTESIAN_POINT ( 'NONE',  ( 11.13933804968853991, 1.301042606982605321E-15, -34.21675828470960568 ) ) ;
#1261 = CARTESIAN_POINT ( 'NONE',  ( 25.90463159622917999, 22.00000000000000000, -12.40747533908614741 ) ) ;
#1262 = CARTESIAN_POINT ( 'NONE',  ( 6.943090596600858255, 14.00000000000001066, -40.34166038140030253 ) ) ;
#1263 = CARTESIAN_POINT ( 'NONE',  ( 27.82613585482079088, 20.99999999999999645, -9.109194347193996677 ) ) ;
#1264 = CARTESIAN_POINT ( 'NONE',  ( 22.74064676868691492, 22.00000000000000000, -13.07270713659410788 ) ) ;
#1265 = VERTEX_POINT ( 'NONE', #1322 ) ;
#1266 = ADVANCED_FACE ( 'NONE', ( #1453 ), #1169, .F. ) ;
#1267 = CARTESIAN_POINT ( 'NONE',  ( 21.67707093996177647, 19.99999999999999645, -43.50000000000000711 ) ) ;
#1268 = CARTESIAN_POINT ( 'NONE',  ( 9.176275824020640570, 8.000000000000000000, -35.44874650930857740 ) ) ;
#1269 = VECTOR ( 'NONE', #1382, 999.9999999999998863 ) ;
#1270 = ORIENTED_EDGE ( 'NONE', *, *, #551, .T. ) ;
#1271 = CARTESIAN_POINT ( 'NONE',  ( 6.943137712760010238, 7.999999999999998224, -40.34139026869853950 ) ) ;
#1272 = EDGE_CURVE ( 'NONE', #1758, #1189, #1894, .T. ) ;
#1273 = VECTOR ( 'NONE', #449, 1000.000000000000114 ) ;
#1274 = CARTESIAN_POINT ( 'NONE',  ( 9.668838531754955667, 8.500000000000007105, -35.53466495290162186 ) ) ;
#1275 = FACE_OUTER_BOUND ( 'NONE', #721, .T. ) ;
#1276 = AXIS2_PLACEMENT_3D ( 'NONE', #1030, #300, #1654 ) ;
#1277 = PLANE ( 'NONE',  #1831 ) ;
#1278 = ORIENTED_EDGE ( 'NONE', *, *, #1998, .F. ) ;
#1279 = CARTESIAN_POINT ( 'NONE',  ( 28.91894411670844534, 21.51331674579997966, -8.562392040198803400 ) ) ;
#1280 = EDGE_CURVE ( 'NONE', #931, #1738, #1780, .T. ) ;
#1281 = CARTESIAN_POINT ( 'NONE',  ( 18.42707848615014754, 21.00000000000000000, -8.602352283412679768 ) ) ;
#1282 = DIRECTION ( 'NONE',  ( 0.000000000000000000, -0.000000000000000000, 1.000000000000000000 ) ) ;
#1283 = VERTEX_POINT ( 'NONE', #1608 ) ;
#1284 = VERTEX_POINT ( 'NONE', #1772 ) ;
#1285 = DIRECTION ( 'NONE',  ( -0.000000000000000000, -1.000000000000000000, -0.000000000000000000 ) ) ;
#1286 = DIRECTION ( 'NONE',  ( 0.9503722995286568720, 0.000000000000000000, -0.3111149181389618046 ) ) ;
#1287 = VERTEX_POINT ( 'NONE', #1640 ) ;
#1288 = CARTESIAN_POINT ( 'NONE',  ( 19.41165078718584169, 22.00000000000000000, -8.792188423925415108 ) ) ;
#1289 = CARTESIAN_POINT ( 'NONE',  ( 25.21283741044575777, 22.00000000000000000, -36.46469867391742525 ) ) ;
#1290 = CIRCLE ( 'NONE', #1394, 4.999999999999997335 ) ;
#1291 = EDGE_CURVE ( 'NONE', #242, #893, #625, .T. ) ;
#1292 = PRODUCT_DEFINITION_FORMATION_WITH_SPECIFIED_SOURCE ( 'ANY', '', #1447, .NOT_KNOWN. ) ;
#1293 = ADVANCED_FACE ( 'NONE', ( #1029 ), #249, .F. ) ;
#1294 = ORIENTED_EDGE ( 'NONE', *, *, #1479, .F. ) ;
#1295 = ORIENTED_EDGE ( 'NONE', *, *, #1291, .F. ) ;
#1296 = PLANE ( 'NONE',  #531 ) ;
#1297 = CARTESIAN_POINT ( 'NONE',  ( 28.14128836341717488, 21.99999999999999645, -8.553309269513640345 ) ) ;
#1298 = CARTESIAN_POINT ( 'NONE',  ( 22.53742835069530770, 0.000000000000000000, -25.26477165700718786 ) ) ;
#1299 = CARTESIAN_POINT ( 'NONE',  ( 21.67707093996177647, 0.000000000000000000, -40.00000000000000000 ) ) ;
#1300 = AXIS2_PLACEMENT_3D ( 'NONE', #669, #360, #955 ) ;
#1301 = FACE_OUTER_BOUND ( 'NONE', #303, .T. ) ;
#1302 = AXIS2_PLACEMENT_3D ( 'NONE', #1707, #328, #483 ) ;
#1303 = VECTOR ( 'NONE', #1220, 1000.000000000000227 ) ;
#1304 = EDGE_LOOP ( 'NONE', ( #122, #421, #1974, #1928 ) ) ;
#1305 = EDGE_CURVE ( 'NONE', #912, #1265, #1556, .T. ) ;
#1306 = B_SPLINE_CURVE_WITH_KNOTS ( 'NONE', 3,
 ( #1545, #623, #1234, #1857, #471, #1704 ),
 .UNSPECIFIED., .F., .F.,
 ( 4, 2, 4 ),
 ( 0.000000000000000000, 0.0006878562060453833737, 0.001375712412090766747 ),
 .UNSPECIFIED. ) ;
#1307 = ORIENTED_EDGE ( 'NONE', *, *, #1782, .T. ) ;
#1308 = CARTESIAN_POINT ( 'NONE',  ( 13.66217230678100769, 1.000000000000000888, -26.41040998112526594 ) ) ;
#1309 = CARTESIAN_POINT ( 'NONE',  ( 18.45275132956633257, 0.7380121393372431893, -8.607193620119646837 ) ) ;
#1310 = CARTESIAN_POINT ( 'NONE',  ( 8.317091388090219084, 11.00000000000000178, -40.37437358665161469 ) ) ;
#1311 = CARTESIAN_POINT ( 'NONE',  ( 8.945011080782601098, 1.000000000000001554, -36.16465718501913074 ) ) ;
#1312 = DIRECTION ( 'NONE',  ( 0.000000000000000000, 0.000000000000000000, 1.000000000000000000 ) ) ;
#1313 = ORIENTED_EDGE ( 'NONE', *, *, #974, .F. ) ;
#1314 = EDGE_CURVE ( 'NONE', #161, #1693, #1529, .T. ) ;
#1315 = EDGE_LOOP ( 'NONE', ( #1560, #1408, #221, #167 ) ) ;
#1316 = LINE ( 'NONE', #535, #925 ) ;
#1317 = DIRECTION ( 'NONE',  ( -2.168404344971010840E-16, -1.000000000000000000, 8.424438317463077584E-32 ) ) ;
#1318 = VERTEX_POINT ( 'NONE', #1384 ) ;
#1319 = ORIENTED_EDGE ( 'NONE', *, *, #1096, .T. ) ;
#1320 = CARTESIAN_POINT ( 'NONE',  ( 23.74653154641096720, 22.00000000000000000, -10.00000000000000000 ) ) ;
#1321 = CARTESIAN_POINT ( 'NONE',  ( 15.04011290607549256, 1.000000000000001110, -22.83463340460224700 ) ) ;
#1322 = CARTESIAN_POINT ( 'NONE',  ( 29.05624399359431820, 1.000000000000000888, -8.565791602232733837 ) ) ;
#1323 = AXIS2_PLACEMENT_3D ( 'NONE', #511, #1420, #380 ) ;
#1324 = DIRECTION ( 'NONE',  ( 0.000000000000000000, 0.000000000000000000, -1.000000000000000000 ) ) ;
#1325 = TOROIDAL_SURFACE ( 'NONE', #193, 4.499999999999996447, 1.000000000000000000 ) ;
#1326 = AXIS2_PLACEMENT_3D ( 'NONE', #450, #1636, #1062 ) ;
#1327 = ORIENTED_EDGE ( 'NONE', *, *, #1871, .T. ) ;
#1328 = EDGE_CURVE ( 'NONE', #1283, #161, #1679, .T. ) ;
#1329 = ORIENTED_EDGE ( 'NONE', *, *, #636, .F. ) ;
#1330 = CARTESIAN_POINT ( 'NONE',  ( 8.454605494475076810, 20.99999999999999645, -38.97431666280392903 ) ) ;
#1331 = DIRECTION ( 'NONE',  ( -1.000000000000000000, 2.168404344971008375E-16, 0.000000000000000000 ) ) ;
#1332 = DIRECTION ( 'NONE',  ( -0.000000000000000000, -1.000000000000000000, -0.000000000000000000 ) ) ;
#1333 = VERTEX_POINT ( 'NONE', #619 ) ;
#1334 = ORIENTED_EDGE ( 'NONE', *, *, #826, .F. ) ;
#1335 = DIRECTION ( 'NONE',  ( 0.6674890953753697120, 0.000000000000000000, -0.7446195723689853496 ) ) ;
#1336 = FACE_OUTER_BOUND ( 'NONE', #1315, .T. ) ;
#1337 = DIRECTION ( 'NONE',  ( 0.5000000000000003331, 0.000000000000000000, 0.8660254037844384856 ) ) ;
#1338 = EDGE_CURVE ( 'NONE', #1359, #1164, #1981, .T. ) ;
#1339 = AXIS2_PLACEMENT_3D ( 'NONE', #1967, #371, #247 ) ;
#1340 = CARTESIAN_POINT ( 'NONE',  ( 28.00788210368932596, 0.000000000000000000, -8.554008496572892639 ) ) ;
#1341 = VECTOR ( 'NONE', #1285, 1000.000000000000000 ) ;
#1342 = CIRCLE ( 'NONE', #1864, 10.00000000000000178 ) ;
#1343 = EDGE_LOOP ( 'NONE', ( #1701, #1784, #1962, #94 ) ) ;
#1344 = ORIENTED_EDGE ( 'NONE', *, *, #1970, .F. ) ;
#1345 = CARTESIAN_POINT ( 'NONE',  ( 8.809654095824532405, 8.500000000000003553, -40.46029203024465914 ) ) ;
#1346 = DIRECTION ( 'NONE',  ( 0.1718368871860845581, -6.938893903907228378E-16, 0.9851254154686075459 ) ) ;
#1347 = ORIENTED_EDGE ( 'NONE', *, *, #1709, .F. ) ;
#1348 = ORIENTED_EDGE ( 'NONE', *, *, #1660, .F. ) ;
#1349 = CARTESIAN_POINT ( 'NONE',  ( 17.86655916331024230, 16.00000000000000000, -40.00000000000000000 ) ) ;
#1350 = LINE ( 'NONE', #870, #1781 ) ;
#1351 = CARTESIAN_POINT ( 'NONE',  ( 28.64353815475656262, 0.1932249853376972748, -8.557108511790890049 ) ) ;
#1352 = EDGE_CURVE ( 'NONE', #1961, #1925, #1076, .T. ) ;
#1353 = CARTESIAN_POINT ( 'NONE',  ( 21.67707093996177647, 22.00000000000000000, -43.50000000000000711 ) ) ;
#1354 = ORIENTED_EDGE ( 'NONE', *, *, #690, .T. ) ;
#1355 = EDGE_LOOP ( 'NONE', ( #622, #1313, #1472, #1223 ) ) ;
#1356 = DIRECTION ( 'NONE',  ( 0.000000000000000000, -1.000000000000000000, 0.000000000000000000 ) ) ;
#1357 = CARTESIAN_POINT ( 'NONE',  ( 19.41165078718584169, 0.000000000000000000, -8.792188423925415108 ) ) ;
#1358 = ORIENTED_EDGE ( 'NONE', *, *, #1563, .F. ) ;
#1359 = VERTEX_POINT ( 'NONE', #759 ) ;
#1360 = DIRECTION ( 'NONE',  ( 0.000000000000000000, 0.000000000000000000, 1.000000000000000000 ) ) ;
#1361 = LINE ( 'NONE', #1651, #754 ) ;
#1362 = DIRECTION ( 'NONE',  ( -0.000000000000000000, -1.000000000000000000, -0.000000000000000000 ) ) ;
#1363 = ADVANCED_FACE ( 'NONE', ( #1373 ), #1325, .T. ) ;
#1364 = VECTOR ( 'NONE', #724, 1000.000000000000114 ) ;
#1365 = EDGE_CURVE ( 'NONE', #1812, #772, #392, .T. ) ;
#1366 = VECTOR ( 'NONE', #1346, 1000.000000000000114 ) ;
#1367 = ORIENTED_EDGE ( 'NONE', *, *, #319, .F. ) ;
#1368 = CARTESIAN_POINT ( 'NONE',  ( 8.112494178739392936, 8.000000000000000000, -37.58218980509744256 ) ) ;
#1369 = FACE_OUTER_BOUND ( 'NONE', #71, .T. ) ;
#1370 = ORIENTED_EDGE ( 'NONE', *, *, #1006, .T. ) ;
#1371 = CARTESIAN_POINT ( 'NONE',  ( 25.90463159622917999, 22.00000000000000000, -12.40747533908614919 ) ) ;
#1372 = CARTESIAN_POINT ( 'NONE',  ( 12.02643039866687324, 21.99999999999999645, -30.11364228361496131 ) ) ;
#1373 = FACE_OUTER_BOUND ( 'NONE', #158, .T. ) ;
#1374 = DIRECTION ( 'NONE',  ( 0.000000000000000000, 1.000000000000000000, -0.000000000000000000 ) ) ;
#1375 = VECTOR ( 'NONE', #1436, 1000.000000000000114 ) ;
#1376 = VECTOR ( 'NONE', #984, 1000.000000000000000 ) ;
#1377 = EDGE_CURVE ( 'NONE', #1800, #1184, #454, .T. ) ;
#1378 = VERTEX_POINT ( 'NONE', #1192 ) ;
#1379 = VECTOR ( 'NONE', #688, 1000.000000000000000 ) ;
#1380 = CARTESIAN_POINT ( 'NONE',  ( 10.22131120110828206, 20.99999999999999645, -33.81161177454750799 ) ) ;
#1381 = ORIENTED_EDGE ( 'NONE', *, *, #1766, .T. ) ;
#1382 = DIRECTION ( 'NONE',  ( 0.9786040135143314611, 0.000000000000000000, 0.2057527271596720497 ) ) ;
#1383 = CARTESIAN_POINT ( 'NONE',  ( 17.84801322212623376, 20.99999999998119904, -13.70556180835534299 ) ) ;
#1384 = CARTESIAN_POINT ( 'NONE',  ( 21.67707093996177647, 0.000000000000000000, -45.00000000000000000 ) ) ;
#1385 = DIRECTION ( 'NONE',  ( 0.000000000000000000, 1.000000000000000000, -0.000000000000000000 ) ) ;
#1386 = ORIENTED_EDGE ( 'NONE', *, *, #192, .F. ) ;
#1387 = EDGE_CURVE ( 'NONE', #849, #983, #610, .T. ) ;
#1388 = PRODUCT_CONTEXT ( 'NONE', #1674, 'mechanical' ) ;
#1389 = ORIENTED_EDGE ( 'NONE', *, *, #1550, .F. ) ;
#1390 = CARTESIAN_POINT ( 'NONE',  ( 21.67707093996177647, 1.999999999999998224, -40.00000000000000000 ) ) ;
#1391 = DIRECTION ( 'NONE',  ( 0.000000000000000000, 0.000000000000000000, 1.000000000000000000 ) ) ;
#1392 = CARTESIAN_POINT ( 'NONE',  ( 21.67707093996177647, 1.999999999999998224, -46.00000000000000000 ) ) ;
#1393 = ORIENTED_EDGE ( 'NONE', *, *, #739, .T. ) ;
#1394 = AXIS2_PLACEMENT_3D ( 'NONE', #1299, #185, #501 ) ;
#1395 = VECTOR ( 'NONE', #506, 1000.000000000000114 ) ;
#1396 = DIRECTION ( 'NONE',  ( -0.9851254154686077680, 0.000000000000000000, 0.1718368871860845581 ) ) ;
#1397 = ORIENTED_EDGE ( 'NONE', *, *, #1810, .F. ) ;
#1398 = ADVANCED_FACE ( 'NONE', ( #1819 ), #298, .F. ) ;
#1399 = DIRECTION ( 'NONE',  ( -0.000000000000000000, -1.000000000000000000, -0.000000000000000000 ) ) ;
#1400 = CARTESIAN_POINT ( 'NONE',  ( 16.52460055272168304, 20.99999999999999645, -18.85367843379199471 ) ) ;
#1401 = ADVANCED_FACE ( 'NONE', ( #896 ), #1517, .F. ) ;
#1402 = DIRECTION ( 'NONE',  ( 0.000000000000000000, 0.000000000000000000, 1.000000000000000000 ) ) ;
#1403 = LINE ( 'NONE', #166, #689 ) ;
#1404 = ORIENTED_EDGE ( 'NONE', *, *, #761, .F. ) ;
#1405 = AXIS2_PLACEMENT_3D ( 'NONE', #1119, #48, #174 ) ;
#1406 = CIRCLE ( 'NONE', #821, 4.999999999999997335 ) ;
#1407 = DIRECTION ( 'NONE',  ( -0.000000000000000000, 1.000000000000000000, -0.000000000000000000 ) ) ;
#1408 = ORIENTED_EDGE ( 'NONE', *, *, #1914, .T. ) ;
#1409 = CARTESIAN_POINT ( 'NONE',  ( 12.93167389488804453, 1.301042606982605321E-15, -30.53877890663851247 ) ) ;
#1410 = DIRECTION ( 'NONE',  ( 0.000000000000000000, 0.000000000000000000, 1.000000000000000000 ) ) ;
#1411 = DIRECTION ( 'NONE',  ( 0.000000000000000000, 0.000000000000000000, 1.000000000000000000 ) ) ;
#1412 = DIRECTION ( 'NONE',  ( 0.000000000000000000, 1.000000000000000000, -0.000000000000000000 ) ) ;
#1413 = EDGE_CURVE ( 'NONE', #892, #1469, #1830, .T. ) ;
#1414 = ORIENTED_EDGE ( 'NONE', *, *, #1130, .F. ) ;
#1415 = DIRECTION ( 'NONE',  ( 0.000000000000000000, 0.000000000000000000, 1.000000000000000000 ) ) ;
#1416 = CARTESIAN_POINT ( 'NONE',  ( 8.965343065891513419, 1.000000000000000888, -36.13003776521868815 ) ) ;
#1417 = CARTESIAN_POINT ( 'NONE',  ( 21.67707093996177647, 18.00000000000000000, -46.00000000000000000 ) ) ;
#1418 = DIRECTION ( 'NONE',  ( -0.000000000000000000, 1.000000000000000000, 0.000000000000000000 ) ) ;
#1419 = FACE_OUTER_BOUND ( 'NONE', #752, .T. ) ;
#1420 = DIRECTION ( 'NONE',  ( 0.000000000000000000, 1.000000000000000000, -0.000000000000000000 ) ) ;
#1421 = EDGE_CURVE ( 'NONE', #638, #1692, #1454, .T. ) ;
#1422 = ORIENTED_EDGE ( 'NONE', *, *, #1456, .T. ) ;
#1423 = ADVANCED_FACE ( 'NONE', ( #687 ), #1437, .T. ) ;
#1424 = APPLICATION_PROTOCOL_DEFINITION ( 'draft international standard', 'automotive_design', 1998, #1674 ) ;
#1425 = CARTESIAN_POINT ( 'NONE',  ( 9.234319336170694115, 13.92091481221932803, -35.57622233313957594 ) ) ;
#1426 = VECTOR ( 'NONE', #1968, 1000.000000000000000 ) ;
#1427 = CARTESIAN_POINT ( 'NONE',  ( 7.436215341895520581, 11.39889081891401545, -43.24577750997181624 ) ) ;
#1428 = CARTESIAN_POINT ( 'NONE',  ( 25.48758271661329999, 0.000000000000000000, -39.99999999999999289 ) ) ;
#1429 = DIRECTION ( 'NONE',  ( 0.9851254154686076570, 0.000000000000000000, -0.1718368871860845859 ) ) ;
#1430 = ORIENTED_EDGE ( 'NONE', *, *, #1031, .T. ) ;
#1431 = ADVANCED_FACE ( 'NONE', ( #1904 ), #1718, .T. ) ;
#1432 = CONICAL_SURFACE ( 'NONE', #42, 3.000000000000003553, 0.7853981633974456145 ) ;
#1433 = ORIENTED_EDGE ( 'NONE', *, *, #586, .T. ) ;
#1434 = CARTESIAN_POINT ( 'NONE',  ( 6.920700205539659144, 13.97895957468527861, -40.54393256501934673 ) ) ;
#1435 = VECTOR ( 'NONE', #90, 1000.000000000000000 ) ;
#1436 = DIRECTION ( 'NONE',  ( -0.5000000000000003331, 0.000000000000000000, -0.8660254037844384856 ) ) ;
#1437 = PLANE ( 'NONE',  #1853 ) ;
#1438 = VERTEX_POINT ( 'NONE', #526 ) ;
#1439 = ADVANCED_FACE ( 'NONE', ( #995 ), #1136, .F. ) ;
#1440 = EDGE_LOOP ( 'NONE', ( #1918, #1021, #1221, #1630, #426, #1648 ) ) ;
#1441 = DIRECTION ( 'NONE',  ( 0.8622864597034402001, 0.000000000000000000, -0.5064208342990120792 ) ) ;
#1442 = CARTESIAN_POINT ( 'NONE',  ( 7.361580388826468813, 11.98180846481176687, -43.09210618234887846 ) ) ;
#1443 = CARTESIAN_POINT ( 'NONE',  ( 19.15297582196746973, 21.97356591114034075, -8.741441596873595898 ) ) ;
#1444 = DIRECTION ( 'NONE',  ( -0.6674890953753698231, 0.000000000000000000, 0.7446195723689851276 ) ) ;
#1445 = ADVANCED_FACE ( 'NONE', ( #1275 ), #970, .T. ) ;
#1446 = ORIENTED_EDGE ( 'NONE', *, *, #290, .T. ) ;
#1447 = PRODUCT ( 'T2M1BD', 'T2M1BD', '', ( #1388 ) ) ;
#1448 = VERTEX_POINT ( 'NONE', #670 ) ;
#1449 = CARTESIAN_POINT ( 'NONE',  ( 16.52460055254599780, -3.545382557698841221E-12, -18.85367843373578367 ) ) ;
#1450 = CARTESIAN_POINT ( 'NONE',  ( 6.900265615678232045, 13.89878470444721970, -40.93733644856141751 ) ) ;
#1451 = DIRECTION ( 'NONE',  ( 0.000000000000000000, 0.000000000000000000, -1.000000000000000000 ) ) ;
#1452 = CARTESIAN_POINT ( 'NONE',  ( -1.654921690315039028E-14, 1.000000000000000888, -44.99999999999999289 ) ) ;
#1453 = FACE_OUTER_BOUND ( 'NONE', #440, .T. ) ;
#1454 = CIRCLE ( 'NONE', #591, 1.000000000000002220 ) ;
#1455 = VECTOR ( 'NONE', #1100, 1000.000000000000114 ) ;
#1456 = EDGE_CURVE ( 'NONE', #893, #1592, #56, .T. ) ;
#1457 = ORIENTED_EDGE ( 'NONE', *, *, #954, .F. ) ;
#1458 = EDGE_LOOP ( 'NONE', ( #1414, #265, #1295, #1089 ) ) ;
#1459 = CARTESIAN_POINT ( 'NONE',  ( 17.84801322212623376, 0.9999999999812038132, -13.70556180835534299 ) ) ;
#1460 = CARTESIAN_POINT ( 'NONE',  ( 18.42707848615015109, 0.8677711193640379461, -8.602352283412679768 ) ) ;
#1461 = DIRECTION ( 'NONE',  ( -0.3111149181389618046, -0.000000000000000000, -0.9503722995286568720 ) ) ;
#1462 = CARTESIAN_POINT ( 'NONE',  ( 7.592319034771638719, 14.00000000000000711, -38.46789582850492195 ) ) ;
#1463 = AXIS2_PLACEMENT_3D ( 'NONE', #1320, #835, #1451 ) ;
#1464 = CARTESIAN_POINT ( 'NONE',  ( -1.691697727877595640E-14, 18.00000000000000000, -45.99999999999999289 ) ) ;
#1465 = CIRCLE ( 'NONE', #1047, 1.649999999999998579 ) ;
#1466 = AXIS2_PLACEMENT_3D ( 'NONE', #700, #574, #1337 ) ;
#1467 = EDGE_CURVE ( 'NONE', #1318, #1692, #1290, .T. ) ;
#1468 = ORIENTED_EDGE ( 'NONE', *, *, #1680, .T. ) ;
#1469 = VERTEX_POINT ( 'NONE', #210 ) ;
#1470 = CARTESIAN_POINT ( 'NONE',  ( 23.74653154641096720, 0.000000000000000000, -8.350000000000001421 ) ) ;
#1471 = PLANE ( 'NONE',  #114 ) ;
#1472 = ORIENTED_EDGE ( 'NONE', *, *, #1236, .F. ) ;
#1473 = VERTEX_POINT ( 'NONE', #1289 ) ;
#1474 = DIRECTION ( 'NONE',  ( 0.000000000000000000, 1.000000000000000000, -0.000000000000000000 ) ) ;
#1475 = FILL_AREA_STYLE ('',( #573 ) ) ;
#1476 = LINE ( 'NONE', #1652, #770 ) ;
#1477 = EDGE_LOOP ( 'NONE', ( #1122, #522, #1986, #53, #1422, #382, #1686, #1132 ) ) ;
#1478 = ADVANCED_FACE ( 'NONE', ( #1888 ), #353, .T. ) ;
#1479 = EDGE_CURVE ( 'NONE', #1925, #206, #804, .T. ) ;
#1480 = VERTEX_POINT ( 'NONE', #1114 ) ;
#1481 = ORIENTED_EDGE ( 'NONE', *, *, #1744, .F. ) ;
#1482 = CARTESIAN_POINT ( 'NONE',  ( 7.592319034771640496, 22.00000000000000000, -38.46789582850492906 ) ) ;
#1483 = CARTESIAN_POINT ( 'NONE',  ( 19.15286305827059365, 0.02646659860705157311, -8.741419654993599408 ) ) ;
#1484 = CARTESIAN_POINT ( 'NONE',  ( 9.234319336168345771, 8.079085187779082133, -35.57622233314387472 ) ) ;
#1485 = ORIENTED_EDGE ( 'NONE', *, *, #1613, .F. ) ;
#1486 = ORIENTED_EDGE ( 'NONE', *, *, #1166, .T. ) ;
#1487 = LINE ( 'NONE', #95, #820 ) ;
#1488 = DIRECTION ( 'NONE',  ( -0.6674890953753698231, 0.000000000000000000, 0.7446195723689851276 ) ) ;
#1489 = CARTESIAN_POINT ( 'NONE',  ( 23.58232682828753468, 16.00000000000000000, -43.30000000000000426 ) ) ;
#1490 = TOROIDAL_SURFACE ( 'NONE', #1882, 4.499999999999996447, 1.000000000000000000 ) ;
#1491 = CYLINDRICAL_SURFACE ( 'NONE', #1049, 0.9999999999999998890 ) ;
#1492 = VECTOR ( 'NONE', #1407, 1000.000000000000000 ) ;
#1493 = ORIENTED_EDGE ( 'NONE', *, *, #906, .T. ) ;
#1494 = ORIENTED_EDGE ( 'NONE', *, *, #1583, .T. ) ;
#1495 = DIRECTION ( 'NONE',  ( -0.000000000000000000, -1.000000000000000000, -0.000000000000000000 ) ) ;
#1496 = CARTESIAN_POINT ( 'NONE',  ( 18.91634280301221693, 0.1261039654508068208, -8.695605800001837693 ) ) ;
#1497 = ADVANCED_FACE ( 'NONE', ( #653 ), #64, .F. ) ;
#1498 = CARTESIAN_POINT ( 'NONE',  ( 21.67707093996177647, 20.99999999999999645, -46.00000000000000000 ) ) ;
#1499 = ORIENTED_EDGE ( 'NONE', *, *, #1575, .F. ) ;
#1500 = ORIENTED_EDGE ( 'NONE', *, *, #47, .T. ) ;
#1501 = DIRECTION ( 'NONE',  ( 0.1718368871860800617, 0.000000000000000000, 0.9851254154686084341 ) ) ;
#1502 = DIRECTION ( 'NONE',  ( 0.000000000000000000, 0.000000000000000000, 1.000000000000000000 ) ) ;
#1503 = CARTESIAN_POINT ( 'NONE',  ( 28.14204910334565923, 5.963111948670276359E-16, -8.553305282223108819 ) ) ;
#1504 = VECTOR ( 'NONE', #296, 1000.000000000000000 ) ;
#1505 = PLANE ( 'NONE',  #611 ) ;
#1506 = CIRCLE ( 'NONE', #1302, 4.999999999999997335 ) ;
#1507 = AXIS2_PLACEMENT_3D ( 'NONE', #1018, #725, #584 ) ;
#1508 = ORIENTED_EDGE ( 'NONE', *, *, #159, .F. ) ;
#1509 = EDGE_LOOP ( 'NONE', ( #1404, #1008, #1717, #1973 ) ) ;
#1510 = CARTESIAN_POINT ( 'NONE',  ( 25.48758271661329999, 0.000000000000000000, -39.99999999999999289 ) ) ;
#1511 = DIRECTION ( 'NONE',  ( -0.000000000000000000, 1.000000000000000000, -0.000000000000000000 ) ) ;
#1512 = ORIENTED_EDGE ( 'NONE', *, *, #703, .T. ) ;
#1513 = VERTEX_POINT ( 'NONE', #1264 ) ;
#1514 = EDGE_CURVE ( 'NONE', #756, #170, #92, .T. ) ;
#1515 = CARTESIAN_POINT ( 'NONE',  ( 23.74653154641096720, 20.99999999999999645, -5.500000000000004441 ) ) ;
#1516 = LINE ( 'NONE', #428, #1426 ) ;
#1517 = PLANE ( 'NONE',  #423 ) ;
#1518 = ADVANCED_FACE ( 'NONE', ( #346, #962 ), #1582, .T. ) ;
#1519 = CARTESIAN_POINT ( 'NONE',  ( 32.99152364551052585, 22.00000000000000000, -28.68703575653576365 ) ) ;
#1520 = EDGE_LOOP ( 'NONE', ( #1389, #460, #1457, #292, #1011, #241 ) ) ;
#1521 = CARTESIAN_POINT ( 'NONE',  ( 25.91999070454255971, 22.00000000000000000, -35.75763840870091315 ) ) ;
#1522 = CARTESIAN_POINT ( 'NONE',  ( 23.74653154641096720, 19.50000000000000000, -11.64999999999999858 ) ) ;
#1523 = EDGE_LOOP ( 'NONE', ( #1481, #556, #457, #363, #285 ) ) ;
#1524 = DIRECTION ( 'NONE',  ( 0.000000000000000000, 1.000000000000000000, 0.000000000000000000 ) ) ;
#1525 = CARTESIAN_POINT ( 'NONE',  ( 10.25299972461726661, 20.99999999999999645, -33.75282712977003285 ) ) ;
#1526 = DIRECTION ( 'NONE',  ( 0.9503722995286572051, 0.000000000000000000, -0.3111149181389610274 ) ) ;
#1527 = CARTESIAN_POINT ( 'NONE',  ( 8.317091388090219084, 14.00000000000000888, -40.37437358665161469 ) ) ;
#1528 = ADVANCED_FACE ( 'NONE', ( #661 ), #969, .F. ) ;
#1529 = CIRCLE ( 'NONE', #1230, 2.499999999999992450 ) ;
#1530 = ORIENTED_EDGE ( 'NONE', *, *, #290, .F. ) ;
#1531 = CARTESIAN_POINT ( 'NONE',  ( 9.116742863211110048, 8.000000000000000000, -35.79004358598655955 ) ) ;
#1532 = DIRECTION ( 'NONE',  ( 0.000000000000000000, -1.000000000000000000, 0.000000000000000000 ) ) ;
#1533 = VERTEX_POINT ( 'NONE', #1624 ) ;
#1534 = CARTESIAN_POINT ( 'NONE',  ( 21.67707093996177647, 19.99999999999999645, -40.00000000000000000 ) ) ;
#1535 = CARTESIAN_POINT ( 'NONE',  ( 17.84801322164615200, 21.99999999996240518, -13.70556180832778104 ) ) ;
#1536 = DIRECTION ( 'NONE',  ( 0.000000000000000000, 0.000000000000000000, 1.000000000000000000 ) ) ;
#1537 = FACE_OUTER_BOUND ( 'NONE', #1158, .T. ) ;
#1538 = CIRCLE ( 'NONE', #527, 5.499999999999996447 ) ;
#1539 = EDGE_CURVE ( 'NONE', #1333, #272, #1350, .T. ) ;
#1540 = AXIS2_PLACEMENT_3D ( 'NONE', #287, #1687, #595 ) ;
#1541 = CIRCLE ( 'NONE', #1700, 5.999999999999998224 ) ;
#1542 = ORIENTED_EDGE ( 'NONE', *, *, #347, .F. ) ;
#1543 = CIRCLE ( 'NONE', #635, 2.000000000000001776 ) ;
#1544 = ORIENTED_EDGE ( 'NONE', *, *, #645, .F. ) ;
#1545 = CARTESIAN_POINT ( 'NONE',  ( 9.865575351116229186, 8.777570301129919983, -34.40679046631732518 ) ) ;
#1546 = DIRECTION ( 'NONE',  ( 0.000000000000000000, 0.000000000000000000, 1.000000000000000000 ) ) ;
#1547 = CARTESIAN_POINT ( 'NONE',  ( 12.88522242742626744, 1.301042606982605321E-15, -30.63701539689079567 ) ) ;
#1548 = DIRECTION ( 'NONE',  ( 0.000000000000000000, 0.000000000000000000, 1.000000000000000000 ) ) ;
#1549 = ORIENTED_EDGE ( 'NONE', *, *, #861, .T. ) ;
#1550 = EDGE_CURVE ( 'NONE', #862, #1533, #1191, .T. ) ;
#1551 = LINE ( 'NONE', #1267, #1492 ) ;
#1552 = ORIENTED_EDGE ( 'NONE', *, *, #1838, .T. ) ;
#1553 = DIRECTION ( 'NONE',  ( -0.000000000000000000, -1.000000000000000000, 0.000000000000000000 ) ) ;
#1554 = CARTESIAN_POINT ( 'NONE',  ( 18.42707848615014754, 1.000000000000000888, -8.602352283412693978 ) ) ;
#1555 = DIRECTION ( 'NONE',  ( 0.000000000000000000, 1.000000000000000000, 0.000000000000000000 ) ) ;
#1556 = B_SPLINE_CURVE_WITH_KNOTS ( 'NONE', 3,
 ( #1808, #1503, #112, #738, #1351, #1924, #988, #539, #1148, #915 ),
 .UNSPECIFIED., .F., .F.,
 ( 4, 2, 2, 2, 4 ),
 ( -8.165021018676066520E-06, 0.0003943387890943511587, 0.0007968425992073784568, 0.001199346409320405701, 0.001601850219433432511 ),
 .UNSPECIFIED. ) ;
#1557 = EDGE_LOOP ( 'NONE', ( #350, #1493, #1512, #235 ) ) ;
#1558 = EDGE_LOOP ( 'NONE', ( #1643, #1988, #479, #77 ) ) ;
#1559 = CIRCLE ( 'NONE', #1820, 4.000000000000003553 ) ;
#1560 = ORIENTED_EDGE ( 'NONE', *, *, #678, .F. ) ;
#1561 = CARTESIAN_POINT ( 'NONE',  ( 0.000000000000000000, 0.000000000000000000, 0.000000000000000000 ) ) ;
#1562 = CARTESIAN_POINT ( 'NONE',  ( 9.865575351116229186, 8.777570301129919983, -34.40679046631732518 ) ) ;
#1563 = EDGE_CURVE ( 'NONE', #161, #637, #1818, .T. ) ;
#1564 = DIRECTION ( 'NONE',  ( -0.000000000000000000, -1.000000000000000000, -0.000000000000000000 ) ) ;
#1565 = DIRECTION ( 'NONE',  ( 0.000000000000000000, 0.000000000000000000, 1.000000000000000000 ) ) ;
#1566 = AXIS2_PLACEMENT_3D ( 'NONE', #179, #1115, #494 ) ;
#1567 = ORIENTED_EDGE ( 'NONE', *, *, #657, .T. ) ;
#1568 = VECTOR ( 'NONE', #142, 1000.000000000000000 ) ;
#1569 = AXIS2_PLACEMENT_3D ( 'NONE', #909, #743, #1175 ) ;
#1570 = CARTESIAN_POINT ( 'NONE',  ( 0.000000000000000000, 0.000000000000000000, 0.000000000000000000 ) ) ;
#1571 = FACE_OUTER_BOUND ( 'NONE', #549, .T. ) ;
#1572 = DIRECTION ( 'NONE',  ( -0.000000000000000000, -1.000000000000000000, -0.000000000000000000 ) ) ;
#1573 = CIRCLE ( 'NONE', #694, 2.000000000000001776 ) ;
#1574 = CARTESIAN_POINT ( 'NONE',  ( 6.947587890476563999, 13.59155479155141144, -41.68189645169768909 ) ) ;
#1575 = EDGE_CURVE ( 'NONE', #1823, #1738, #1516, .T. ) ;
#1576 = DIRECTION ( 'NONE',  ( 0.000000000000000000, 0.000000000000000000, -1.000000000000000000 ) ) ;
#1577 = ADVANCED_FACE ( 'NONE', ( #1336 ), #1490, .T. ) ;
#1578 = CARTESIAN_POINT ( 'NONE',  ( 15.40642602461845811, 18.00000000000000000, -43.11111111111110716 ) ) ;
#1579 = FACE_BOUND ( 'NONE', #1131, .T. ) ;
#1580 = DIRECTION ( 'NONE',  ( -0.3111149181389618046, 0.000000000000000000, -0.9503722995286568720 ) ) ;
#1581 = CARTESIAN_POINT ( 'NONE',  ( 32.99152364551052585, 22.00000000000000000, -28.68703575653576365 ) ) ;
#1582 = PLANE ( 'NONE',  #355 ) ;
#1583 = EDGE_CURVE ( 'NONE', #742, #899, #1361, .T. ) ;
#1584 = VERTEX_POINT ( 'NONE', #1462 ) ;
#1585 = VECTOR ( 'NONE', #1067, 1000.000000000000000 ) ;
#1586 = CARTESIAN_POINT ( 'NONE',  ( 9.292874052109631577, 13.88164123444777864, -35.46908491115226525 ) ) ;
#1587 = EDGE_LOOP ( 'NONE', ( #1671, #512, #131, #88 ) ) ;
#1588 = AXIS2_PLACEMENT_3D ( 'NONE', #930, #807, #921 ) ;
#1589 = CARTESIAN_POINT ( 'NONE',  ( 29.02754071415695236, 21.26832372275536898, -8.565008953380306878 ) ) ;
#1590 = AXIS2_PLACEMENT_3D ( 'NONE', #169, #469, #639 ) ;
#1591 = CARTESIAN_POINT ( 'NONE',  ( 21.67707093996177647, 22.00000000000000000, -40.00000000000000000 ) ) ;
#1592 = VERTEX_POINT ( 'NONE', #895 ) ;
#1593 = EDGE_CURVE ( 'NONE', #1799, #849, #75, .T. ) ;
#1594 = AXIS2_PLACEMENT_3D ( 'NONE', #283, #1061, #579 ) ;
#1595 = ORIENTED_EDGE ( 'NONE', *, *, #1314, .T. ) ;
#1596 = CARTESIAN_POINT ( 'NONE',  ( 21.67707093996177647, 19.99999999999999645, -38.00000000000000000 ) ) ;
#1597 = CARTESIAN_POINT ( 'NONE',  ( 7.447603408886277698, 10.79337200977713707, -43.26776228112363754 ) ) ;
#1598 = AXIS2_PLACEMENT_3D ( 'NONE', #1902, #1286, #1580 ) ;
#1599 = CARTESIAN_POINT ( 'NONE',  ( 18.42707848615014399, 21.13224091041110597, -8.602352283412676215 ) ) ;
#1600 = CARTESIAN_POINT ( 'NONE',  ( 25.21283741044575777, 1.000000000000000888, -36.46469867391743236 ) ) ;
#1601 = VERTEX_POINT ( 'NONE', #124 ) ;
#1602 = EDGE_LOOP ( 'NONE', ( #1344, #1347, #765, #1683 ) ) ;
#1603 = CARTESIAN_POINT ( 'NONE',  ( 9.292874052109599603, 8.118358765552185830, -35.46908491115232209 ) ) ;
#1604 = CARTESIAN_POINT ( 'NONE',  ( 7.118862710363444535, 9.016679850847383548, -42.45841705295436697 ) ) ;
#1605 = EDGE_CURVE ( 'NONE', #1513, #139, #699, .T. ) ;
#1606 = CARTESIAN_POINT ( 'NONE',  ( 6.978124255945800769, 8.000000000000000000, -40.14081556406954832 ) ) ;
#1607 = DIRECTION ( 'NONE',  ( -1.000000000000000000, 0.000000000000000000, 3.677603756255643468E-16 ) ) ;
#1608 = CARTESIAN_POINT ( 'NONE',  ( 8.809654095824532405, 8.500000000000003553, -40.46029203024465914 ) ) ;
#1609 = EDGE_LOOP ( 'NONE', ( #1811, #1947, #1200, #877, #1370, #957, #393, #1016 ) ) ;
#1610 = ORIENTED_EDGE ( 'NONE', *, *, #1387, .F. ) ;
#1611 = DIRECTION ( 'NONE',  ( 0.3111149181389614715, 0.000000000000000000, 0.9503722995286569830 ) ) ;
#1612 = LINE ( 'NONE', #1788, #1244 ) ;
#1613 = EDGE_CURVE ( 'NONE', #745, #1211, #1183, .T. ) ;
#1614 = CARTESIAN_POINT ( 'NONE',  ( 8.112494178739396489, 14.00000000000001243, -37.58218980509744256 ) ) ;
#1615 = DIRECTION ( 'NONE',  ( 0.000000000000000000, 0.000000000000000000, 1.000000000000000000 ) ) ;
#1616 = CARTESIAN_POINT ( 'NONE',  ( 21.67707093996177647, 20.99999999999999645, -45.00000000000000000 ) ) ;
#1617 = VECTOR ( 'NONE', #144, 1000.000000000000000 ) ;
#1618 = ORIENTED_EDGE ( 'NONE', *, *, #333, .F. ) ;
#1619 = ORIENTED_EDGE ( 'NONE', *, *, #173, .T. ) ;
#1620 = DIRECTION ( 'NONE',  ( 0.000000000000000000, 1.000000000000000000, 0.000000000000000000 ) ) ;
#1621 = CARTESIAN_POINT ( 'NONE',  ( 21.21884075584355855, 18.00000000000000000, -31.01167284204880303 ) ) ;
#1622 = ORIENTED_EDGE ( 'NONE', *, *, #1352, .F. ) ;
#1623 = DIRECTION ( 'NONE',  ( -0.000000000000000000, 1.000000000000000000, -0.000000000000000000 ) ) ;
#1624 = CARTESIAN_POINT ( 'NONE',  ( 19.77181505163600761, 2.000000000000001776, -36.70000000000000284 ) ) ;
#1625 = CARTESIAN_POINT ( 'NONE',  ( 21.58843149659274729, 19.50000000000000000, -7.592524660913850809 ) ) ;
#1626 = PRODUCT_DEFINITION ( 'UNKNOWN', '', #1292, #1245 ) ;
#1627 = CIRCLE ( 'NONE', #1891, 4.000000000000003553 ) ;
#1628 = AXIS2_PLACEMENT_3D ( 'NONE', #1616, #559, #1312 ) ;
#1629 = ADVANCED_FACE ( 'NONE', ( #1793 ), #164, .T. ) ;
#1630 = ORIENTED_EDGE ( 'NONE', *, *, #874, .T. ) ;
#1631 = MANIFOLD_SOLID_BREP ( 'Redondeo5', #602 ) ;
#1632 = EDGE_LOOP ( 'NONE', ( #1319, #1446, #1966, #1307 ) ) ;
#1633 = EDGE_LOOP ( 'NONE', ( #882, #1149, #1329, #722 ) ) ;
#1634 = LINE ( 'NONE', #1482, #1435 ) ;
#1635 = DIRECTION ( 'NONE',  ( -2.168404344971010840E-16, -1.000000000000000000, 8.424438317463077584E-32 ) ) ;
#1636 = DIRECTION ( 'NONE',  ( 0.000000000000000000, 1.000000000000000000, -0.000000000000000000 ) ) ;
#1637 = VERTEX_POINT ( 'NONE', #1225 ) ;
#1638 = FACE_OUTER_BOUND ( 'NONE', #1663, .T. ) ;
#1639 =( LENGTH_UNIT ( ) NAMED_UNIT ( * ) SI_UNIT ( .MILLI., .METRE. ) );
#1640 = CARTESIAN_POINT ( 'NONE',  ( 29.05624399359431820, 21.00000000000000000, -8.565791602232733837 ) ) ;
#1641 = LINE ( 'NONE', #576, #664 ) ;
#1642 = ADVANCED_FACE ( 'NONE', ( #1714 ), #944, .T. ) ;
#1643 = ORIENTED_EDGE ( 'NONE', *, *, #406, .F. ) ;
#1644 = ORIENTED_EDGE ( 'NONE', *, *, #478, .T. ) ;
#1645 = CARTESIAN_POINT ( 'NONE',  ( 19.41165078718584169, 22.00000000000000000, -8.792188423925415108 ) ) ;
#1646 = DIRECTION ( 'NONE',  ( 0.5064208342990125233, -8.785001099822569963E-16, 0.8622864597034400891 ) ) ;
#1647 = CYLINDRICAL_SURFACE ( 'NONE', #1984, 2.000000000000001776 ) ;
#1648 = ORIENTED_EDGE ( 'NONE', *, *, #1280, .T. ) ;
#1649 = ORIENTED_EDGE ( 'NONE', *, *, #15, .T. ) ;
#1650 = LINE ( 'NONE', #1154, #1890 ) ;
#1651 = CARTESIAN_POINT ( 'NONE',  ( 8.809654095824532405, 13.50000000000000178, -40.46029203024465914 ) ) ;
#1652 = CARTESIAN_POINT ( 'NONE',  ( 21.67707093996177647, 22.00000000000000000, -38.00000000000000000 ) ) ;
#1653 = VECTOR ( 'NONE', #836, 1000.000000000000000 ) ;
#1654 = DIRECTION ( 'NONE',  ( 1.734723475976807686E-15, 0.000000000000000000, 1.000000000000000000 ) ) ;
#1655 = CIRCLE ( 'NONE', #493, 2.000000000000001776 ) ;
#1656 = EDGE_CURVE ( 'NONE', #672, #1754, #1243, .T. ) ;
#1657 = EDGE_LOOP ( 'NONE', ( #1836, #1804, #1622, #27 ) ) ;
#1658 = ORIENTED_EDGE ( 'NONE', *, *, #575, .T. ) ;
#1659 = CARTESIAN_POINT ( 'NONE',  ( 8.621126789727245665, 8.000000000000000000, -36.68954456636446082 ) ) ;
#1660 = EDGE_CURVE ( 'NONE', #621, #1480, #1907, .T. ) ;
#1661 = CARTESIAN_POINT ( 'NONE',  ( 18.42707848615014754, 21.00000000000000000, -8.602352283412679768 ) ) ;
#1662 = VERTEX_POINT ( 'NONE', #143 ) ;
#1663 = EDGE_LOOP ( 'NONE', ( #1201, #1430, #868, #1036 ) ) ;
#1664 = LINE ( 'NONE', #1829, #979 ) ;
#1665 = CARTESIAN_POINT ( 'NONE',  ( 7.592319034771640496, 1.000000000000000888, -38.46789582850492906 ) ) ;
#1666 = CARTESIAN_POINT ( 'NONE',  ( 15.03649093482220067, 1.301042606982604926E-15, -25.68147128011545988 ) ) ;
#1667 = CIRCLE ( 'NONE', #176, 1.000000000000000000 ) ;
#1668 = CARTESIAN_POINT ( 'NONE',  ( 21.67707093996177647, 22.00000000000000000, -45.00000000000000000 ) ) ;
#1669 = VECTOR ( 'NONE', #232, 1000.000000000000000 ) ;
#1670 = AXIS2_PLACEMENT_3D ( 'NONE', #91, #1317, #1777 ) ;
#1671 = ORIENTED_EDGE ( 'NONE', *, *, #1247, .F. ) ;
#1672 = ORIENTED_EDGE ( 'NONE', *, *, #1194, .T. ) ;
#1673 = CARTESIAN_POINT ( 'NONE',  ( 7.592319034771640496, 1.000000000000000888, -38.46789582850492906 ) ) ;
#1674 = APPLICATION_CONTEXT ( 'automotive_design' ) ;
#1675 = DIRECTION ( 'NONE',  ( -1.000000000000000000, 0.000000000000000000, 0.000000000000000000 ) ) ;
#1676 = VERTEX_POINT ( 'NONE', #155 ) ;
#1677 = DIRECTION ( 'NONE',  ( 0.000000000000000000, 0.000000000000000000, 1.000000000000000000 ) ) ;
#1678 = CARTESIAN_POINT ( 'NONE',  ( 9.505932665314579921, 13.73873943940996867, -35.07925208240497028 ) ) ;
#1679 = LINE ( 'NONE', #778, #256 ) ;
#1680 = EDGE_CURVE ( 'NONE', #57, #315, #540, .T. ) ;
#1681 = CARTESIAN_POINT ( 'NONE',  ( 11.90375133328883805, 11.00000000000000000, -40.99999999999997868 ) ) ;
#1682 = B_SPLINE_CURVE_WITH_KNOTS ( 'NONE', 3,
 ( #865, #879, #1483, #1496, #993, #223, #842, #1309, #1460, #545 ),
 .UNSPECIFIED., .F., .F.,
 ( 4, 2, 2, 2, 4 ),
 ( -1.614247107596516125E-05, 0.0003783865725931201407, 0.0007729156162622054325, 0.001167444659931290724, 0.001561973703600376016 ),
 .UNSPECIFIED. ) ;
#1683 = ORIENTED_EDGE ( 'NONE', *, *, #826, .T. ) ;
#1684 = CARTESIAN_POINT ( 'NONE',  ( 21.67707093996177647, 18.00000000000000000, -42.00000000000000000 ) ) ;
#1685 = DIRECTION ( 'NONE',  ( 0.000000000000000000, 0.000000000000000000, 1.000000000000000000 ) ) ;
#1686 = ORIENTED_EDGE ( 'NONE', *, *, #367, .F. ) ;
#1687 = DIRECTION ( 'NONE',  ( -0.000000000000000000, 1.000000000000000000, 0.000000000000000000 ) ) ;
#1688 = CARTESIAN_POINT ( 'NONE',  ( 15.09979728285482459, 22.00000000000000000, -25.52189085805637703 ) ) ;
#1689 = CARTESIAN_POINT ( 'NONE',  ( 18.77562802785089957, -1.083335593717819729E-31, -14.17508444249777000 ) ) ;
#1690 = EDGE_CURVE ( 'NONE', #1469, #1039, #1032, .T. ) ;
#1691 = DIRECTION ( 'NONE',  ( -0.000000000000000000, -1.000000000000000000, -0.000000000000000000 ) ) ;
#1692 = VERTEX_POINT ( 'NONE', #4 ) ;
#1693 = VERTEX_POINT ( 'NONE', #1562 ) ;
#1694 = DIRECTION ( 'NONE',  ( -1.000000000000000000, 0.000000000000000000, 0.000000000000000000 ) ) ;
#1695 = CARTESIAN_POINT ( 'NONE',  ( 13.66217230678100769, 20.99999999999999645, -26.41040998112526594 ) ) ;
#1696 = CARTESIAN_POINT ( 'NONE',  ( 23.74653154641096720, 20.99999999999999645, -10.00000000000000000 ) ) ;
#1697 = CARTESIAN_POINT ( 'NONE',  ( 32.99152364551052585, 1.000000000000000888, -28.68703575653576365 ) ) ;
#1698 = AXIS2_PLACEMENT_3D ( 'NONE', #1581, #1898, #1751 ) ;
#1699 = EDGE_CURVE ( 'NONE', #772, #153, #1559, .T. ) ;
#1700 = AXIS2_PLACEMENT_3D ( 'NONE', #1844, #1019, #136 ) ;
#1701 = ORIENTED_EDGE ( 'NONE', *, *, #322, .F. ) ;
#1702 = FACE_OUTER_BOUND ( 'NONE', #1767, .T. ) ;
#1703 = EDGE_LOOP ( 'NONE', ( #1106, #704, #1327, #1000 ) ) ;
#1704 = CARTESIAN_POINT ( 'NONE',  ( 9.292874052109599603, 8.118358765552185830, -35.46908491115232209 ) ) ;
#1705 = CARTESIAN_POINT ( 'NONE',  ( 8.965343066082798629, 21.99999999999999645, -36.13003776533955858 ) ) ;
#1706 = B_SPLINE_CURVE_WITH_KNOTS ( 'NONE', 3,
 ( #427, #757, #1217, #1041, #154, #3, #2001, #316, #783, #617 ),
 .UNSPECIFIED., .F., .F.,
 ( 4, 2, 2, 2, 4 ),
 ( 1.734723475976806902E-18, 0.008089565323275278025, 0.01213434798491291704, 0.01617913064655055258, 0.03235826129310109822 ),
 .UNSPECIFIED. ) ;
#1707 = CARTESIAN_POINT ( 'NONE',  ( 11.90375133328883805, 14.00000000000000888, -40.99999999999997868 ) ) ;
#1708 = CARTESIAN_POINT ( 'NONE',  ( 23.74653154641096720, 20.99999999999999645, -4.500000000000003553 ) ) ;
#1709 = EDGE_CURVE ( 'NONE', #867, #1197, #942, .T. ) ;
#1710 = ORIENTED_EDGE ( 'NONE', *, *, #1121, .F. ) ;
#1711 = DIRECTION ( 'NONE',  ( 0.9851254154686086562, 0.000000000000000000, -0.1718368871860797287 ) ) ;
#1712 = ORIENTED_EDGE ( 'NONE', *, *, #614, .T. ) ;
#1713 = DIRECTION ( 'NONE',  ( 0.000000000000000000, 0.000000000000000000, 1.000000000000000000 ) ) ;
#1714 = FACE_OUTER_BOUND ( 'NONE', #240, .T. ) ;
#1715 = CARTESIAN_POINT ( 'NONE',  ( 19.28374500896862287, 22.00000000000002487, -8.766979136338560963 ) ) ;
#1716 = FACE_OUTER_BOUND ( 'NONE', #1343, .T. ) ;
#1717 = ORIENTED_EDGE ( 'NONE', *, *, #286, .F. ) ;
#1718 = TOROIDAL_SURFACE ( 'NONE', #1323, 4.499999999999996447, 1.000000000000000000 ) ;
#1719 = ADVANCED_FACE ( 'NONE', ( #172 ), #458, .T. ) ;
#1720 = ADVANCED_BREP_SHAPE_REPRESENTATION ( 'T2M1BD', ( #1631, #1748 ), #467 ) ;
#1721 = CYLINDRICAL_SURFACE ( 'NONE', #681, 3.000000000000005773 ) ;
#1722 = CARTESIAN_POINT ( 'NONE',  ( 8.454605494475080363, 1.301042606982605321E-15, -38.97431666280393614 ) ) ;
#1723 = LINE ( 'NONE', #332, #384 ) ;
#1724 = CARTESIAN_POINT ( 'NONE',  ( 6.900333237326691460, 8.100005116783398407, -40.93280505738290032 ) ) ;
#1725 = ADVANCED_FACE ( 'NONE', ( #37, #1579 ), #965, .F. ) ;
#1726 = CARTESIAN_POINT ( 'NONE',  ( 11.90375133328883628, 0.000000000000000000, -44.99999999999999289 ) ) ;
#1727 = DIRECTION ( 'NONE',  ( 0.000000000000000000, 0.000000000000000000, -1.000000000000000000 ) ) ;
#1728 = AXIS2_PLACEMENT_3D ( 'NONE', #187, #806, #1889 ) ;
#1729 = CARTESIAN_POINT ( 'NONE',  ( 11.90375133328883628, 22.00000000000000000, -46.00000000000000000 ) ) ;
#1730 = VECTOR ( 'NONE', #163, 1000.000000000000000 ) ;
#1731 = CARTESIAN_POINT ( 'NONE',  ( 20.58254671886869858, 19.50000000000000000, -10.66523179750795691 ) ) ;
#1732 = DIRECTION ( 'NONE',  ( -0.000000000000000000, -1.000000000000000000, -0.000000000000000000 ) ) ;
#1733 = LINE ( 'NONE', #720, #1909 ) ;
#1734 = CARTESIAN_POINT ( 'NONE',  ( 11.90375133328883805, 8.000000000000000000, -40.99999999999997868 ) ) ;
#1735 = EDGE_CURVE ( 'NONE', #867, #1055, #801, .T. ) ;
#1736 = CARTESIAN_POINT ( 'NONE',  ( 18.45275626686717274, 21.26201219335781190, -8.607194550219734452 ) ) ;
#1737 = DIRECTION ( 'NONE',  ( 0.000000000000000000, 0.000000000000000000, 1.000000000000000000 ) ) ;
#1738 = VERTEX_POINT ( 'NONE', #1417 ) ;
#1739 = CARTESIAN_POINT ( 'NONE',  ( 7.592319034771632502, 21.00000000000000000, -38.46789582850494327 ) ) ;
#1740 = VERTEX_POINT ( 'NONE', #815 ) ;
#1741 = DIRECTION ( 'NONE',  ( -1.040834085586084848E-15, 0.000000000000000000, 1.000000000000000000 ) ) ;
#1742 = CARTESIAN_POINT ( 'NONE',  ( 18.62498152751065206, 21.61520115339718018, -8.639838575824361655 ) ) ;
#1743 = DIRECTION ( 'NONE',  ( 3.677603756255643961E-16, 0.000000000000000000, 1.000000000000000000 ) ) ;
#1744 = EDGE_CURVE ( 'NONE', #831, #57, #707, .T. ) ;
#1745 = ORIENTED_EDGE ( 'NONE', *, *, #1314, .F. ) ;
#1746 = VECTOR ( 'NONE', #844, 1000.000000000000000 ) ;
#1747 = ORIENTED_EDGE ( 'NONE', *, *, #1194, .F. ) ;
#1748 = AXIS2_PLACEMENT_3D ( 'NONE', #1570, #1415, #648 ) ;
#1749 = CARTESIAN_POINT ( 'NONE',  ( 20.58254671886869858, 19.50000000000000000, -10.66523179750795691 ) ) ;
#1750 = CARTESIAN_POINT ( 'NONE',  ( 7.288697668416872943, 12.34158111817409775, -42.92600748630230356 ) ) ;
#1751 = DIRECTION ( 'NONE',  ( 6.308085367188389255E-16, 0.000000000000000000, 1.000000000000000000 ) ) ;
#1752 = DIRECTION ( 'NONE',  ( 0.6965888615970659004, 0.7071067811865492381, -0.1215070281872673852 ) ) ;
#1753 = EDGE_CURVE ( 'NONE', #780, #89, #1723, .T. ) ;
#1754 = VERTEX_POINT ( 'NONE', #650 ) ;
#1755 = EDGE_CURVE ( 'NONE', #387, #1513, #959, .T. ) ;
#1756 = VECTOR ( 'NONE', #1878, 1000.000000000000227 ) ;
#1757 = VECTOR ( 'NONE', #129, 1000.000000000000114 ) ;
#1758 = VERTEX_POINT ( 'NONE', #658 ) ;
#1759 = LINE ( 'NONE', #1929, #338 ) ;
#1760 = CARTESIAN_POINT ( 'NONE',  ( 13.61481319166322379, 18.00000000000000000, -44.00000000000000000 ) ) ;
#1761 = VECTOR ( 'NONE', #262, 999.9999999999998863 ) ;
#1762 = PLANE ( 'NONE',  #473 ) ;
#1763 = DIRECTION ( 'NONE',  ( 0.000000000000000000, 1.000000000000000000, -0.000000000000000000 ) ) ;
#1764 = DIRECTION ( 'NONE',  ( -0.7446195723689852386, 0.000000000000000000, -0.6674890953753699341 ) ) ;
#1765 = ORIENTED_EDGE ( 'NONE', *, *, #192, .T. ) ;
#1766 = EDGE_CURVE ( 'NONE', #1637, #1378, #808, .T. ) ;
#1767 = EDGE_LOOP ( 'NONE', ( #21, #1773, #117, #1941 ) ) ;
#1768 = FACE_OUTER_BOUND ( 'NONE', #552, .T. ) ;
#1769 = FACE_BOUND ( 'NONE', #1978, .T. ) ;
#1770 = CARTESIAN_POINT ( 'NONE',  ( 9.176275824020642347, 11.00000000000000355, -35.44874650930857740 ) ) ;
#1771 = DIRECTION ( 'NONE',  ( 0.000000000000000000, 1.000000000000000000, -0.000000000000000000 ) ) ;
#1772 = CARTESIAN_POINT ( 'NONE',  ( 23.58232682828753468, 0.000000000000000000, -43.30000000000000426 ) ) ;
#1773 = ORIENTED_EDGE ( 'NONE', *, *, #1182, .T. ) ;
#1774 = EDGE_CURVE ( 'NONE', #1333, #1359, #1885, .T. ) ;
#1775 = ORIENTED_EDGE ( 'NONE', *, *, #1926, .F. ) ;
#1776 = FACE_OUTER_BOUND ( 'NONE', #999, .T. ) ;
#1777 = DIRECTION ( 'NONE',  ( -1.000000000000000000, 2.168404344971008868E-16, 0.000000000000000000 ) ) ;
#1778 = CARTESIAN_POINT ( 'NONE',  ( 11.90375133328883805, 20.99999999999999645, -40.99999999999997868 ) ) ;
#1779 = DIRECTION ( 'NONE',  ( 0.000000000000000000, 1.000000000000000000, -0.000000000000000000 ) ) ;
#1780 = LINE ( 'NONE', #1464, #838 ) ;
#1781 = VECTOR ( 'NONE', #248, 1000.000000000000000 ) ;
#1782 = EDGE_CURVE ( 'NONE', #1189, #1287, #1733, .T. ) ;
#1783 = AXIS2_PLACEMENT_3D ( 'NONE', #438, #1511, #271 ) ;
#1784 = ORIENTED_EDGE ( 'NONE', *, *, #846, .F. ) ;
#1785 = ORIENTED_EDGE ( 'NONE', *, *, #113, .F. ) ;
#1786 = ORIENTED_EDGE ( 'NONE', *, *, #1153, .T. ) ;
#1787 = CARTESIAN_POINT ( 'NONE',  ( 18.44889237298309581, 6.505213034913030548E-15, -8.413004096114702790 ) ) ;
#1788 = CARTESIAN_POINT ( 'NONE',  ( 23.48780065022396357, 22.00000000000000000, -25.57588657514614994 ) ) ;
#1789 = VECTOR ( 'NONE', #1126, 1000.000000000000114 ) ;
#1790 = ORIENTED_EDGE ( 'NONE', *, *, #1539, .T. ) ;
#1791 = VERTEX_POINT ( 'NONE', #911 ) ;
#1792 = DIRECTION ( 'NONE',  ( 0.3111149181389619711, 0.000000000000000000, 0.9503722995286569830 ) ) ;
#1793 = FACE_OUTER_BOUND ( 'NONE', #1633, .T. ) ;
#1794 = CIRCLE ( 'NONE', #1300, 5.999999999999998224 ) ;
#1795 = CARTESIAN_POINT ( 'NONE',  ( 21.21884075584355855, 2.000000000000001776, -31.01167284204880303 ) ) ;
#1796 = AXIS2_PLACEMENT_3D ( 'NONE', #1983, #446, #585 ) ;
#1797 = ADVANCED_FACE ( 'NONE', ( #1987 ), #1647, .T. ) ;
#1798 = CARTESIAN_POINT ( 'NONE',  ( 11.90375133328883628, 1.000000000000000888, -45.00000000000000000 ) ) ;
#1799 = VERTEX_POINT ( 'NONE', #1177 ) ;
#1800 = VERTEX_POINT ( 'NONE', #1522 ) ;
#1801 = FACE_OUTER_BOUND ( 'NONE', #433, .T. ) ;
#1802 = DIRECTION ( 'NONE',  ( 0.1718368871860800617, 0.000000000000000000, 0.9851254154686084341 ) ) ;
#1803 = DIRECTION ( 'NONE',  ( 0.3111149181389619711, -0.000000000000000000, 0.9503722995286568720 ) ) ;
#1804 = ORIENTED_EDGE ( 'NONE', *, *, #805, .F. ) ;
#1805 = EDGE_LOOP ( 'NONE', ( #788, #1672, #1500, #1188, #577, #989, #2, #566 ) ) ;
#1806 = LINE ( 'NONE', #1190, #1269 ) ;
#1807 =( NAMED_UNIT ( * ) PLANE_ANGLE_UNIT ( ) SI_UNIT ( $, .RADIAN. ) );
#1808 = CARTESIAN_POINT ( 'NONE',  ( 28.00788210368932596, 0.000000000000000000, -8.554008496572892639 ) ) ;
#1809 = CARTESIAN_POINT ( 'NONE',  ( 27.82613585482079088, 1.000000000000000000, -9.109194347193996677 ) ) ;
#1810 = EDGE_CURVE ( 'NONE', #637, #1637, #1256, .T. ) ;
#1811 = ORIENTED_EDGE ( 'NONE', *, *, #47, .F. ) ;
#1812 = VERTEX_POINT ( 'NONE', #1357 ) ;
#1813 = LINE ( 'NONE', #900, #693 ) ;
#1814 = CYLINDRICAL_SURFACE ( 'NONE', #1783, 3.500000000000003109 ) ;
#1815 = ORIENTED_EDGE ( 'NONE', *, *, #437, .T. ) ;
#1816 = ORIENTED_EDGE ( 'NONE', *, *, #1141, .T. ) ;
#1817 = DIRECTION ( 'NONE',  ( 0.000000000000000000, 0.000000000000000000, 1.000000000000000000 ) ) ;
#1818 = LINE ( 'NONE', #1042, #492 ) ;
#1819 = FACE_OUTER_BOUND ( 'NONE', #1827, .T. ) ;
#1820 = AXIS2_PLACEMENT_3D ( 'NONE', #933, #1235, #1410 ) ;
#1821 = LINE ( 'NONE', #1960, #1303 ) ;
#1822 = ADVANCED_FACE ( 'NONE', ( #569 ), #605, .T. ) ;
#1823 = VERTEX_POINT ( 'NONE', #1498 ) ;
#1824 = ORIENTED_EDGE ( 'NONE', *, *, #1563, .T. ) ;
#1825 = DIRECTION ( 'NONE',  ( 0.8660254037844388186, -0.000000000000000000, 0.4999999999999997780 ) ) ;
#1826 = CARTESIAN_POINT ( 'NONE',  ( 12.54108583674355337, 20.99999999999999289, -28.99866512084358661 ) ) ;
#1827 = EDGE_LOOP ( 'NONE', ( #1048, #1367, #8, #481 ) ) ;
#1828 = EDGE_LOOP ( 'NONE', ( #203, #782, #1165, #601 ) ) ;
#1829 = CARTESIAN_POINT ( 'NONE',  ( 19.77181505163600761, 16.00000000000000000, -36.70000000000000284 ) ) ;
#1830 = LINE ( 'NONE', #32, #654 ) ;
#1831 = AXIS2_PLACEMENT_3D ( 'NONE', #484, #505, #1257 ) ;
#1832 = CIRCLE ( 'NONE', #847, 5.499999999999996447 ) ;
#1833 = LINE ( 'NONE', #1059, #276 ) ;
#1834 = AXIS2_PLACEMENT_3D ( 'NONE', #1697, #1385, #2004 ) ;
#1835 = VECTOR ( 'NONE', #1014, 1000.000000000000114 ) ;
#1836 = ORIENTED_EDGE ( 'NONE', *, *, #1755, .T. ) ;
#1837 = LINE ( 'NONE', #1186, #794 ) ;
#1838 = EDGE_CURVE ( 'NONE', #1533, #780, #1215, .T. ) ;
#1839 = CARTESIAN_POINT ( 'NONE',  ( 9.292874052109599603, 8.118358765552185830, -35.46908491115232209 ) ) ;
#1840 = ORIENTED_EDGE ( 'NONE', *, *, #1352, .T. ) ;
#1841 = PLANE ( 'NONE',  #691 ) ;
#1842 = DIRECTION ( 'NONE',  ( 0.000000000000000000, 0.000000000000000000, 1.000000000000000000 ) ) ;
#1843 = CARTESIAN_POINT ( 'NONE',  ( 8.454605494475075034, 0.000000000000000000, -38.97431666280392903 ) ) ;
#1844 = CARTESIAN_POINT ( 'NONE',  ( 21.67707093996177647, 1.000000000000000888, -40.00000000000000000 ) ) ;
#1845 = ORIENTED_EDGE ( 'NONE', *, *, #805, .T. ) ;
#1846 = LINE ( 'NONE', #9, #521 ) ;
#1847 = ORIENTED_EDGE ( 'NONE', *, *, #26, .F. ) ;
#1848 = LINE ( 'NONE', #776, #1504 ) ;
#1849 = CARTESIAN_POINT ( 'NONE',  ( 9.839312916898018457, 22.00000000000000000, -36.61656520412217475 ) ) ;
#1850 = CARTESIAN_POINT ( 'NONE',  ( 25.90463159622917999, 19.50000000000000000, -12.40747533908614741 ) ) ;
#1851 = EDGE_CURVE ( 'NONE', #1189, #1438, #1159, .T. ) ;
#1852 = DIRECTION ( 'NONE',  ( -0.000000000000000000, 1.000000000000000000, -0.000000000000000000 ) ) ;
#1853 = AXIS2_PLACEMENT_3D ( 'NONE', #217, #828, #1282 ) ;
#1854 = VECTOR ( 'NONE', #489, 1000.000000000000000 ) ;
#1855 = EDGE_LOOP ( 'NONE', ( #594, #10 ) ) ;
#1856 = ORIENTED_EDGE ( 'NONE', *, *, #793, .T. ) ;
#1857 = CARTESIAN_POINT ( 'NONE',  ( 9.500905738433706560, 8.280590234755209167, -35.08699294303973915 ) ) ;
#1858 = CARTESIAN_POINT ( 'NONE',  ( 21.67707093996177647, 19.99999999999999645, -40.00000000000000000 ) ) ;
#1859 = UNCERTAINTY_MEASURE_WITH_UNIT (LENGTH_MEASURE( 1.000000000000000082E-05 ), #1639, 'distance_accuracy_value', 'NONE');
#1860 = DIRECTION ( 'NONE',  ( -0.1718368871860845859, 0.000000000000000000, -0.9851254154686076570 ) ) ;
#1861 = EDGE_CURVE ( 'NONE', #899, #831, #733, .T. ) ;
#1862 = AXIS2_PLACEMENT_3D ( 'NONE', #237, #1792, #1028 ) ;
#1863 = CIRCLE ( 'NONE', #1569, 5.499999999999996447 ) ;
#1864 = AXIS2_PLACEMENT_3D ( 'NONE', #255, #1635, #1331 ) ;
#1865 = ORIENTED_EDGE ( 'NONE', *, *, #1972, .T. ) ;
#1866 = CARTESIAN_POINT ( 'NONE',  ( 25.90463159622917999, 19.50000000000000000, -12.40747533908614741 ) ) ;
#1867 = ORIENTED_EDGE ( 'NONE', *, *, #205, .T. ) ;
#1868 = FACE_BOUND ( 'NONE', #151, .T. ) ;
#1869 = CARTESIAN_POINT ( 'NONE',  ( 21.67707093996177647, 19.99999999999999645, -40.00000000000000000 ) ) ;
#1870 = CARTESIAN_POINT ( 'NONE',  ( 22.74064676868691492, 19.50000000000000000, -13.07270713659410788 ) ) ;
#1871 = EDGE_CURVE ( 'NONE', #1117, #671, #916, .T. ) ;
#1872 = DIRECTION ( 'NONE',  ( 0.000000000000000000, 0.000000000000000000, 1.000000000000000000 ) ) ;
#1873 = ORIENTED_EDGE ( 'NONE', *, *, #1305, .T. ) ;
#1874 = ADVANCED_FACE ( 'NONE', ( #1964 ), #1814, .F. ) ;
#1875 = CARTESIAN_POINT ( 'NONE',  ( 20.58254671886869858, 22.00000000000000000, -10.66523179750795691 ) ) ;
#1876 = CARTESIAN_POINT ( 'NONE',  ( 7.592319034771644048, 1.301042606982605518E-15, -38.46789582850492195 ) ) ;
#1877 = CARTESIAN_POINT ( 'NONE',  ( 7.592319034771644048, 20.99999999999999645, -38.46789582850492195 ) ) ;
#1878 = DIRECTION ( 'NONE',  ( -0.3111149181389609719, 0.000000000000000000, -0.9503722995286570940 ) ) ;
#1879 = CARTESIAN_POINT ( 'NONE',  ( 21.67707093996177647, 18.00000000000000000, -40.00000000000000000 ) ) ;
#1880 = APPLICATION_CONTEXT ( 'automotive_design' ) ;
#1881 = LINE ( 'NONE', #1729, #948 ) ;
#1882 = AXIS2_PLACEMENT_3D ( 'NONE', #547, #1779, #1502 ) ;
#1883 = ADVANCED_FACE ( 'NONE', ( #1369 ), #1129, .T. ) ;
#1884 = CARTESIAN_POINT ( 'NONE',  ( 10.25299972473039567, 2.071417519453193644E-12, -33.75282712982516387 ) ) ;
#1885 = LINE ( 'NONE', #497, #971 ) ;
#1886 = DIRECTION ( 'NONE',  ( 0.000000000000000000, 0.000000000000000000, 1.000000000000000000 ) ) ;
#1887 = DIRECTION ( 'NONE',  ( 0.3111149181389618046, 0.000000000000000000, 0.9503722995286568720 ) ) ;
#1888 = FACE_OUTER_BOUND ( 'NONE', #513, .T. ) ;
#1889 = DIRECTION ( 'NONE',  ( -0.7071532940968011660, 0.000000000000000000, -0.7070602652165109969 ) ) ;
#1890 = VECTOR ( 'NONE', #1623, 1000.000000000000000 ) ;
#1891 = AXIS2_PLACEMENT_3D ( 'NONE', #318, #1412, #1095 ) ;
#1892 = DIRECTION ( 'NONE',  ( 0.3111149181389614715, 0.000000000000000000, 0.9503722995286569830 ) ) ;
#1893 = DIRECTION ( 'NONE',  ( -0.9786040135143314611, 0.000000000000000000, -0.2057527271596714946 ) ) ;
#1894 = CIRCLE ( 'NONE', #1139, 10.00000000000000178 ) ;
#1895 = ADVANCED_FACE ( 'NONE', ( #1187 ), #459, .F. ) ;
#1896 = ORIENTED_EDGE ( 'NONE', *, *, #432, .T. ) ;
#1897 = CARTESIAN_POINT ( 'NONE',  ( 7.001477255018706991, 8.611471012471390907, -42.02774831457753635 ) ) ;
#1898 = DIRECTION ( 'NONE',  ( -0.000000000000000000, -1.000000000000000000, 0.000000000000000000 ) ) ;
#1899 = DIRECTION ( 'NONE',  ( 0.7070602652165163260, 2.453108082002954214E-15, -0.7071532940967959480 ) ) ;
#1900 = ORIENTED_EDGE ( 'NONE', *, *, #1550, .T. ) ;
#1901 = VERTEX_POINT ( 'NONE', #1038 ) ;
#1902 = CARTESIAN_POINT ( 'NONE',  ( 28.77650815434945031, 22.00000000000000000, -9.420309265332958759 ) ) ;
#1903 = FACE_OUTER_BOUND ( 'NONE', #1355, .T. ) ;
#1904 = FACE_OUTER_BOUND ( 'NONE', #680, .T. ) ;
#1905 = EDGE_CURVE ( 'NONE', #1448, #966, #447, .T. ) ;
#1906 = ORIENTED_EDGE ( 'NONE', *, *, #378, .F. ) ;
#1907 = CIRCLE ( 'NONE', #1945, 2.000000000000001776 ) ;
#1908 = ORIENTED_EDGE ( 'NONE', *, *, #1774, .T. ) ;
#1909 = VECTOR ( 'NONE', #744, 1000.000000000000000 ) ;
#1910 = CARTESIAN_POINT ( 'NONE',  ( 17.48584149127415799, 1.301042606982605321E-15, -19.13815341554696303 ) ) ;
#1911 = CYLINDRICAL_SURFACE ( 'NONE', #445, 1.000000000000000888 ) ;
#1912 = FACE_OUTER_BOUND ( 'NONE', #213, .T. ) ;
#1913 = CARTESIAN_POINT ( 'NONE',  ( 8.317091388090219084, 14.00000000000000888, -40.37437358665161469 ) ) ;
#1914 = EDGE_CURVE ( 'NONE', #414, #729, #1033, .T. ) ;
#1915 = ORIENTED_EDGE ( 'NONE', *, *, #251, .F. ) ;
#1916 = AXIS2_PLACEMENT_3D ( 'NONE', #1770, #1955, #109 ) ;
#1917 = CIRCLE ( 'NONE', #111, 3.500000000000003109 ) ;
#1918 = ORIENTED_EDGE ( 'NONE', *, *, #173, .F. ) ;
#1919 = CARTESIAN_POINT ( 'NONE',  ( 23.74653154641096720, 22.00000000000000000, -8.350000000000001421 ) ) ;
#1920 = CARTESIAN_POINT ( 'NONE',  ( 28.27748431117975159, 21.97511015221409281, -8.553553465505610021 ) ) ;
#1921 = VECTOR ( 'NONE', #46, 1000.000000000000000 ) ;
#1922 = DIRECTION ( 'NONE',  ( -0.000000000000000000, -1.000000000000000000, 0.000000000000000000 ) ) ;
#1923 = CARTESIAN_POINT ( 'NONE',  ( 22.74064676868691492, 19.50000000000000000, -13.07270713659410788 ) ) ;
#1924 = CARTESIAN_POINT ( 'NONE',  ( 28.83879129079418036, 0.3753488468448604176, -8.560570134978769730 ) ) ;
#1925 = VERTEX_POINT ( 'NONE', #901 ) ;
#1926 = EDGE_CURVE ( 'NONE', #258, #912, #1846, .T. ) ;
#1927 = EDGE_CURVE ( 'NONE', #671, #1117, #1655, .T. ) ;
#1928 = ORIENTED_EDGE ( 'NONE', *, *, #1006, .F. ) ;
#1929 = CARTESIAN_POINT ( 'NONE',  ( 21.67707093996177647, 22.00000000000000000, -42.00000000000000000 ) ) ;
#1930 = DIRECTION ( 'NONE',  ( -0.5000000000000002220, 1.084202172485506653E-16, 0.8660254037844384856 ) ) ;
#1931 = CARTESIAN_POINT ( 'NONE',  ( 9.865575351116229186, 13.22242969887009245, -34.40679046631732518 ) ) ;
#1932 = DIRECTION ( 'NONE',  ( -0.6965888615970698972, -0.7071067811865456854, 0.1215070281872650260 ) ) ;
#1933 = DIRECTION ( 'NONE',  ( -0.6674890953753698231, 0.000000000000000000, 0.7446195723689851276 ) ) ;
#1934 = EDGE_LOOP ( 'NONE', ( #357, #939, #118, #1354 ) ) ;
#1935 = ORIENTED_EDGE ( 'NONE', *, *, #1096, .F. ) ;
#1936 = ORIENTED_EDGE ( 'NONE', *, *, #861, .F. ) ;
#1937 = CARTESIAN_POINT ( 'NONE',  ( 16.52460055272168304, 1.000000000000000888, -18.85367843379199471 ) ) ;
#1938 = LINE ( 'NONE', #554, #1835 ) ;
#1939 = ADVANCED_FACE ( 'NONE', ( #1702 ), #958, .F. ) ;
#1940 = ORIENTED_EDGE ( 'NONE', *, *, #626, .T. ) ;
#1941 = ORIENTED_EDGE ( 'NONE', *, *, #126, .F. ) ;
#1942 = FACE_OUTER_BOUND ( 'NONE', #1828, .T. ) ;
#1943 = CARTESIAN_POINT ( 'NONE',  ( 15.47907374198332597, 1.000000000000001332, -21.57093434805473819 ) ) ;
#1944 = CARTESIAN_POINT ( 'NONE',  ( 23.48780065022396357, 20.99999999999999645, -25.57588657514614994 ) ) ;
#1945 = AXIS2_PLACEMENT_3D ( 'NONE', #1869, #941, #1546 ) ;
#1946 = CYLINDRICAL_SURFACE ( 'NONE', #279, 4.999999999999997335 ) ;
#1947 = ORIENTED_EDGE ( 'NONE', *, *, #918, .T. ) ;
#1948 = ORIENTED_EDGE ( 'NONE', *, *, #848, .F. ) ;
#1949 = DIRECTION ( 'NONE',  ( 0.000000000000000000, 0.000000000000000000, 1.000000000000000000 ) ) ;
#1950 = FACE_BOUND ( 'NONE', #936, .T. ) ;
#1951 = CARTESIAN_POINT ( 'NONE',  ( 22.53742835069530415, 20.99999999999999645, -25.26477165700718786 ) ) ;
#1952 = EDGE_LOOP ( 'NONE', ( #1977, #1530, #402, #1775 ) ) ;
#1953 = ORIENTED_EDGE ( 'NONE', *, *, #101, .F. ) ;
#1954 = EDGE_CURVE ( 'NONE', #315, #530, #430, .T. ) ;
#1955 = DIRECTION ( 'NONE',  ( -0.9851254154686084341, -0.000000000000000000, 0.1718368871860803115 ) ) ;
#1956 = CARTESIAN_POINT ( 'NONE',  ( 22.74064676868691492, 22.00000000000000000, -13.07270713659410788 ) ) ;
#1957 = CIRCLE ( 'NONE', #105, 1.000000000000000888 ) ;
#1958 = DIRECTION ( 'NONE',  ( 0.8660254037844390407, 0.000000000000000000, -0.4999999999999994449 ) ) ;
#1959 = CIRCLE ( 'NONE', #1086, 1.000000000000000888 ) ;
#1960 = CARTESIAN_POINT ( 'NONE',  ( 17.86655916331024230, 0.000000000000000000, -40.00000000000000000 ) ) ;
#1961 = VERTEX_POINT ( 'NONE', #1866 ) ;
#1962 = ORIENTED_EDGE ( 'NONE', *, *, #1421, .F. ) ;
#1963 = DIRECTION ( 'NONE',  ( 0.000000000000000000, 1.000000000000000000, 0.000000000000000000 ) ) ;
#1964 = FACE_OUTER_BOUND ( 'NONE', #1558, .T. ) ;
#1965 = ORIENTED_EDGE ( 'NONE', *, *, #735, .T. ) ;
#1966 = ORIENTED_EDGE ( 'NONE', *, *, #1090, .T. ) ;
#1967 = CARTESIAN_POINT ( 'NONE',  ( 21.67707093996177647, 22.00000000000000000, -40.00000000000000000 ) ) ;
#1968 = DIRECTION ( 'NONE',  ( -0.000000000000000000, -1.000000000000000000, -0.000000000000000000 ) ) ;
#1969 = CARTESIAN_POINT ( 'NONE',  ( 23.74653154641096720, 0.000000000000000000, -11.64999999999999858 ) ) ;
#1970 = EDGE_CURVE ( 'NONE', #1197, #947, #1551, .T. ) ;
#1971 = CARTESIAN_POINT ( 'NONE',  ( 26.91051637395323226, 22.00000000000000000, -9.334768202492037759 ) ) ;
#1972 = EDGE_CURVE ( 'NONE', #206, #1791, #160, .T. ) ;
#1973 = ORIENTED_EDGE ( 'NONE', *, *, #773, .F. ) ;
#1974 = ORIENTED_EDGE ( 'NONE', *, *, #761, .T. ) ;
#1975 = LINE ( 'NONE', #1521, #230 ) ;
#1976 = CARTESIAN_POINT ( 'NONE',  ( 13.60616784759283782, 20.99999999999999645, -26.54503081718400992 ) ) ;
#1977 = ORIENTED_EDGE ( 'NONE', *, *, #322, .T. ) ;
#1978 = EDGE_LOOP ( 'NONE', ( #1229, #1618, #100, #863, #852, #667 ) ) ;
#1979 = DIRECTION ( 'NONE',  ( -1.000000000000000000, 2.168404344971009608E-16, 0.000000000000000000 ) ) ;
#1980 = CARTESIAN_POINT ( 'NONE',  ( 18.11652037426792816, 1.000000000000001998, -11.25949168887991370 ) ) ;
#1981 = LINE ( 'NONE', #429, #910 ) ;
#1982 = AXIS2_PLACEMENT_3D ( 'NONE', #1147, #1771, #1127 ) ;
#1983 = CARTESIAN_POINT ( 'NONE',  ( 23.74653154641096720, 0.000000000000000000, -10.00000000000000000 ) ) ;
#1984 = AXIS2_PLACEMENT_3D ( 'NONE', #257, #1199, #1685 ) ;
#1985 = ADVANCED_FACE ( 'NONE', ( #152 ), #1721, .F. ) ;
#1986 = ORIENTED_EDGE ( 'NONE', *, *, #739, .F. ) ;
#1987 = FACE_OUTER_BOUND ( 'NONE', #108, .T. ) ;
#1988 = ORIENTED_EDGE ( 'NONE', *, *, #1970, .T. ) ;
#1989 = DIRECTION ( 'NONE',  ( 2.168404344971010840E-16, 1.000000000000000000, -8.424438317463077584E-32 ) ) ;
#1990 = CARTESIAN_POINT ( 'NONE',  ( 12.59118480152490349, 20.99999999999999645, -28.88832730345100686 ) ) ;
#1991 = CARTESIAN_POINT ( 'NONE',  ( 17.41353684981660166, 1.301042606982606110E-15, -19.36762133824616683 ) ) ;
#1992 = VECTOR ( 'NONE', #325, 1000.000000000000114 ) ;
#1993 = DIRECTION ( 'NONE',  ( 0.000000000000000000, 0.000000000000000000, 1.000000000000000000 ) ) ;
#1994 = CIRCLE ( 'NONE', #1240, 4.499999999999996447 ) ;
#1995 = VECTOR ( 'NONE', #1930, 1000.000000000000000 ) ;
#1996 = EDGE_CURVE ( 'NONE', #139, #908, #480, .T. ) ;
#1997 = ORIENTED_EDGE ( 'NONE', *, *, #1365, .T. ) ;
#1998 = EDGE_CURVE ( 'NONE', #1378, #899, #714, .T. ) ;
#1999 = CARTESIAN_POINT ( 'NONE',  ( 8.946615193510213615, 21.00000000000000000, -36.16192585054161412 ) ) ;
#2000 = VERTEX_POINT ( 'NONE', #323 ) ;
#2001 = CARTESIAN_POINT ( 'NONE',  ( 15.03649093482220600, 22.00000000000000000, -25.68147128011547053 ) ) ;
#2002 = CARTESIAN_POINT ( 'NONE',  ( 14.16922291935596334, 21.99999999999999645, -25.15536904581371047 ) ) ;
#2003 = DIRECTION ( 'NONE',  ( 0.1718368871860845581, 0.000000000000000000, 0.9851254154686075459 ) ) ;
#2004 = DIRECTION ( 'NONE',  ( 0.000000000000000000, 0.000000000000000000, 1.000000000000000000 ) ) ;
ENDSEC;
END-ISO-10303-21;
