ISO-10303-21;
HEADER;
FILE_DESCRIPTION (( 'STEP AP214' ),
    '1' );
FILE_NAME ('3M1D.STEP',
    '2026-06-28T02:16:48',
    ( '' ),
    ( '' ),
    'SwSTEP 2.0',
    'SolidWorks 2026',
    '' );
FILE_SCHEMA (( 'AUTOMOTIVE_DESIGN' ));
ENDSEC;

DATA;
#1 = FACE_OUTER_BOUND ( 'NONE', #2155, .T. ) ;
#2 = CARTESIAN_POINT ( 'NONE',  ( 102.8518308533830492, -6.340449344838806844, -88.61406716407032036 ) ) ;
#3 = CARTESIAN_POINT ( 'NONE',  ( 8.686177496822516275, 64.68488427522130735, -30.26437331292022037 ) ) ;
#4 = DIRECTION ( 'NONE',  ( 0.9999999999999951150, 1.000061563076409361E-07, -0.000000000000000000 ) ) ;
#5 = CARTESIAN_POINT ( 'NONE',  ( 53.00000000000000711, 20.10000000000000853, -39.24999999999996447 ) ) ;
#6 = CARTESIAN_POINT ( 'NONE',  ( 12.30106303720035754, 46.74868316657551759, -29.09986067989843761 ) ) ;
#7 = CARTESIAN_POINT ( 'NONE',  ( 19.84912963414801368, 115.6945870355483521, -6.403552815914310692 ) ) ;
#8 = ORIENTED_EDGE ( 'NONE', *, *, #6663, .F. ) ;
#9 = EDGE_CURVE ( 'NONE', #5453, #5818, #7553, .T. ) ;
#10 = CARTESIAN_POINT ( 'NONE',  ( 112.2985036667836738, 154.3448552217586780, -93.56928547881581437 ) ) ;
#11 = DIRECTION ( 'NONE',  ( 0.000000000000000000, 0.000000000000000000, 1.000000000000000000 ) ) ;
#12 = CARTESIAN_POINT ( 'NONE',  ( 27.59413734145539010, 78.59923097165520289, -80.61385963374449659 ) ) ;
#13 = CARTESIAN_POINT ( 'NONE',  ( -0.6100554452255803062, 123.1228658926448531, -36.22932007931380127 ) ) ;
#14 = CARTESIAN_POINT ( 'NONE',  ( 112.1373787260139636, 163.3032509088850475, -4.742353371286023744 ) ) ;
#15 = ORIENTED_EDGE ( 'NONE', *, *, #3997, .T. ) ;
#16 = CARTESIAN_POINT ( 'NONE',  ( 51.43399253289923223, 78.34000000000001762, -82.29154005629301594 ) ) ;
#17 = ORIENTED_EDGE ( 'NONE', *, *, #6496, .F. ) ;
#18 = CARTESIAN_POINT ( 'NONE',  ( 103.5898252030585809, 83.35223223914383084, -10.48567712056422963 ) ) ;
#19 = DIRECTION ( 'NONE',  ( -0.2588190451025206840, 0.000000000000000000, -0.9659258262890683122 ) ) ;
#20 = LINE ( 'NONE', #7272, #3104 ) ;
#21 = ORIENTED_EDGE ( 'NONE', *, *, #5558, .F. ) ;
#22 = EDGE_LOOP ( 'NONE', ( #1809, #2801, #743, #7028, #2346, #3450, #4061, #4556, #5594 ) ) ;
#23 = ADVANCED_FACE ( 'NONE', ( #3311 ), #8369, .T. ) ;
#24 = ORIENTED_EDGE ( 'NONE', *, *, #6915, .F. ) ;
#25 = EDGE_CURVE ( 'NONE', #5453, #5722, #7088, .T. ) ;
#26 = CARTESIAN_POINT ( 'NONE',  ( -1.850214508993405893, 159.5541498360278752, -62.36652894433893835 ) ) ;
#27 = CARTESIAN_POINT ( 'NONE',  ( 130.3073848998193682, 120.6879876789664934, -52.62358426899284325 ) ) ;
#28 = CARTESIAN_POINT ( 'NONE',  ( 26.15937110555368506, 0.000000000000000000, -75.42557112573238953 ) ) ;
#29 = AXIS2_PLACEMENT_3D ( 'NONE', #6745, #7955, #6032 ) ;
#30 = CARTESIAN_POINT ( 'NONE',  ( 34.50000000000000000, 74.26002270254141990, -19.27369306408119343 ) ) ;
#31 = CARTESIAN_POINT ( 'NONE',  ( 111.0000000000000000, 151.1000000000000796, -32.77756813566458050 ) ) ;
#32 = LINE ( 'NONE', #2641, #7559 ) ;
#33 = CARTESIAN_POINT ( 'NONE',  ( 20.27681183497379891, 113.0589130674239442, -87.93900377109491728 ) ) ;
#34 = EDGE_CURVE ( 'NONE', #2984, #5537, #6540, .T. ) ;
#35 = CARTESIAN_POINT ( 'NONE',  ( 43.12333721865618941, 19.72483275111480339, -69.13856919339725948 ) ) ;
#36 = ORIENTED_EDGE ( 'NONE', *, *, #4992, .T. ) ;
#37 = APPLICATION_PROTOCOL_DEFINITION ( 'draft international standard', 'automotive_design', 1998, #6300 ) ;
#38 = CARTESIAN_POINT ( 'NONE',  ( 35.63488423443019570, 0.000000000000000000, -8.724510510676696029 ) ) ;
#39 = CARTESIAN_POINT ( 'NONE',  ( -1.156823006646422902, 127.9800266093769920, -22.93970924809659451 ) ) ;
#40 = CARTESIAN_POINT ( 'NONE',  ( 0.5063350176773693256, 178.5750313875732331, -78.57561864489412073 ) ) ;
#41 = EDGE_CURVE ( 'NONE', #2026, #3721, #8296, .T. ) ;
#42 = CARTESIAN_POINT ( 'NONE',  ( 77.50000000000001421, 18.69454364826299297, -18.69454364826301074 ) ) ;
#43 = FACE_BOUND ( 'NONE', #5345, .T. ) ;
#44 = CARTESIAN_POINT ( 'NONE',  ( 19.84975867607393951, 190.0031604619278482, -51.82008486364141220 ) ) ;
#45 = EDGE_CURVE ( 'NONE', #109, #6626, #6450, .T. ) ;
#46 = CARTESIAN_POINT ( 'NONE',  ( 56.50000000000000711, 20.10000000000000853, -57.39999999999997016 ) ) ;
#47 = CARTESIAN_POINT ( 'NONE',  ( 132.1637249679134527, 154.5052156228583726, -66.59588826987629773 ) ) ;
#48 = CARTESIAN_POINT ( 'NONE',  ( 37.54268651639599597, 69.22045390349596516, -20.21710499281507367 ) ) ;
#49 = CARTESIAN_POINT ( 'NONE',  ( 20.22342538798316625, 113.4040304913896193, -6.973147502013961940 ) ) ;
#50 = VERTEX_POINT ( 'NONE', #2392 ) ;
#51 = CARTESIAN_POINT ( 'NONE',  ( 112.2818535889839779, 148.3397816275871719, -94.66292385481902727 ) ) ;
#52 = CARTESIAN_POINT ( 'NONE',  ( 107.9148650194400432, 8.994094111153620119, -66.60500681462760042 ) ) ;
#53 = CARTESIAN_POINT ( 'NONE',  ( 111.2096767533814443, 123.1523970964622094, -90.84167221227291122 ) ) ;
#54 = CARTESIAN_POINT ( 'NONE',  ( -1.252269812449458897, 128.9131412430295143, -29.63784945644157887 ) ) ;
#55 = FACE_BOUND ( 'NONE', #6598, .T. ) ;
#56 = VERTEX_POINT ( 'NONE', #1747 ) ;
#57 = CARTESIAN_POINT ( 'NONE',  ( 18.19037100006694629, 171.0920581433727250, -9.486311491508137905 ) ) ;
#58 = CARTESIAN_POINT ( 'NONE',  ( 46.17710217958482843, -0.7644843025711766105, -88.77758159924164261 ) ) ;
#59 = CARTESIAN_POINT ( 'NONE',  ( 27.59413734145540431, 78.59923097165520289, -80.61385963374449659 ) ) ;
#60 = VECTOR ( 'NONE', #806, 1000.000000000000000 ) ;
#61 = CARTESIAN_POINT ( 'NONE',  ( 113.9377153796691857, 123.0162615991457784, -4.359342557978165722 ) ) ;
#62 = B_SPLINE_CURVE_WITH_KNOTS ( 'NONE', 3,
 ( #969, #6995, #1138, #3760, #3587, #6188, #1875, #7039, #714, #5179, #1357, #4573, #3327, #585, #4446, #1269, #8461, #3885, #3974, #3287, #6485, #3198, #629, #5812, #33, #4492, #2604, #5090, #6530, #546, #6404, #2562, #7813, #5936 ),
 .UNSPECIFIED., .F., .F.,
 ( 4, 2, 2, 2, 2, 2, 2, 2, 2, 2, 2, 2, 2, 2, 1, 1, 2, 4 ),
 ( -5.995720821216909968E-08, 0.003983185813555566862, 0.007966431584319345893, 0.01593292312584690049, 0.03186590620890200620, 0.04779888929195712927, 0.06373187237501225233, 0.07169836391653978958, 0.07966485545806734070, 0.09559783854112242907, 0.1035643300826499524, 0.1115308216241774897, 0.1194973131657050269, 0.1234805589364687678, 0.1254721818218506035, 0.1264679932645415561, 0.1269658989858870046, 0.1274638047072324532 ),
 .UNSPECIFIED. ) ;
#63 = CARTESIAN_POINT ( 'NONE',  ( 56.50000000000000711, 30.00000000000000000, -28.99999999999998224 ) ) ;
#64 = ORIENTED_EDGE ( 'NONE', *, *, #5443, .F. ) ;
#65 = ORIENTED_EDGE ( 'NONE', *, *, #3158, .T. ) ;
#66 = ORIENTED_EDGE ( 'NONE', *, *, #7048, .T. ) ;
#67 = CARTESIAN_POINT ( 'NONE',  ( -1.280340617329438047, 164.9547373850786300, -50.07937207800927837 ) ) ;
#68 = CARTESIAN_POINT ( 'NONE',  ( 131.4843360867291153, 131.3352681765653642, -28.00897183665606249 ) ) ;
#69 = AXIS2_PLACEMENT_3D ( 'NONE', #2518, #3930, #5899 ) ;
#70 = CARTESIAN_POINT ( 'NONE',  ( 130.4734596871049632, 121.4917062748854875, -4.718014432246834922 ) ) ;
#71 = CARTESIAN_POINT ( 'NONE',  ( 46.35144272818016731, 40.70568984622039466, -69.03549338707435368 ) ) ;
#72 = EDGE_CURVE ( 'NONE', #4079, #1658, #4370, .T. ) ;
#73 = EDGE_CURVE ( 'NONE', #4646, #4784, #7213, .T. ) ;
#74 = CARTESIAN_POINT ( 'NONE',  ( -1.548144865217622401, 132.0537355923356415, -21.44056660058786790 ) ) ;
#75 = CARTESIAN_POINT ( 'NONE',  ( 110.9268554336702550, 120.9839975244794203, -4.866587567423114713 ) ) ;
#76 = AXIS2_PLACEMENT_3D ( 'NONE', #2014, #1368, #8064 ) ;
#77 = CARTESIAN_POINT ( 'NONE',  ( 54.50000000000000000, 78.34000000000000341, -18.50991754977232517 ) ) ;
#78 = CIRCLE ( 'NONE', #3628, 3.600000000000005862 ) ;
#79 = AXIS2_PLACEMENT_3D ( 'NONE', #1086, #4433, #6891 ) ;
#80 = DIRECTION ( 'NONE',  ( 1.000000000000000000, -0.000000000000000000, -0.000000000000000000 ) ) ;
#81 = ORIENTED_EDGE ( 'NONE', *, *, #3844, .F. ) ;
#82 = CYLINDRICAL_SURFACE ( 'NONE', #6094, 18.50000000000000000 ) ;
#83 = CARTESIAN_POINT ( 'NONE',  ( 26.94361244941134714, 0.000000000000000000, -17.71127628998345216 ) ) ;
#84 = CARTESIAN_POINT ( 'NONE',  ( -0.5434027797400606818, 122.0396544819951856, -4.533348218860056456 ) ) ;
#85 = CARTESIAN_POINT ( 'NONE',  ( 0.2060953297871433165, 173.8209546173734736, -52.19674123443908798 ) ) ;
#86 = CARTESIAN_POINT ( 'NONE',  ( 84.56894627317016955, 1.615274652361377239, -88.84736771490226204 ) ) ;
#87 = CARTESIAN_POINT ( 'NONE',  ( 65.38616377275306490, 48.32624303445556535, -44.97041184338858955 ) ) ;
#88 = CARTESIAN_POINT ( 'NONE',  ( 26.56999054630553658, 78.34000000000001762, -10.50991754977235182 ) ) ;
#89 = CARTESIAN_POINT ( 'NONE',  ( 25.50000000000000355, 87.34000000000000341, -84.62933753321830466 ) ) ;
#90 = CARTESIAN_POINT ( 'NONE',  ( 53.00000000000000711, 20.10000000000000853, -59.04999999999996163 ) ) ;
#91 = CARTESIAN_POINT ( 'NONE',  ( 96.61022085201851439, 0.000000000000000000, -84.84593606076246886 ) ) ;
#92 = EDGE_CURVE ( 'NONE', #2034, #6008, #7909, .T. ) ;
#93 = CARTESIAN_POINT ( 'NONE',  ( 4.100759043353567002, 91.28609161514577863, -10.20303281089910996 ) ) ;
#94 = ORIENTED_EDGE ( 'NONE', *, *, #2103, .T. ) ;
#95 = CIRCLE ( 'NONE', #1041, 1.649999999999991696 ) ;
#96 = CARTESIAN_POINT ( 'NONE',  ( 130.9802111627295176, 170.1705988307450070, -86.26018266950370617 ) ) ;
#97 = CARTESIAN_POINT ( 'NONE',  ( 42.39589333293313445, 20.06929233276896340, -25.78908729652599163 ) ) ;
#98 = CARTESIAN_POINT ( 'NONE',  ( 118.8264376650394354, 188.0022962282390324, -51.07080795233481041 ) ) ;
#99 = LINE ( 'NONE', #1897, #2580 ) ;
#100 = CARTESIAN_POINT ( 'NONE',  ( 104.4398152707120602, -0.000000000000000000, -21.49516962207701809 ) ) ;
#101 = EDGE_LOOP ( 'NONE', ( #6397, #3261, #4047, #3362, #366, #1085, #4411, #1854 ) ) ;
#102 = VECTOR ( 'NONE', #3573, 1000.000000000000000 ) ;
#103 = CARTESIAN_POINT ( 'NONE',  ( -0.04213458987209602741, 172.6044984453832001, -38.82983163399883608 ) ) ;
#104 = CARTESIAN_POINT ( 'NONE',  ( 45.97800971705265738, -0.1768533564542727199, -88.79481379878286873 ) ) ;
#105 = DIRECTION ( 'NONE',  ( -0.000000000000000000, 1.000000000000000000, -0.000000000000000000 ) ) ;
#106 = EDGE_CURVE ( 'NONE', #3797, #8283, #4570, .T. ) ;
#107 = CARTESIAN_POINT ( 'NONE',  ( 122.7112894577712154, 123.5062092424245890, -7.885314027238568002 ) ) ;
#108 = CARTESIAN_POINT ( 'NONE',  ( 52.50000000000000711, 52.43363341178125125, -30.00991754977235004 ) ) ;
#109 = VERTEX_POINT ( 'NONE', #5227 ) ;
#110 = VERTEX_POINT ( 'NONE', #7780 ) ;
#111 = ORIENTED_EDGE ( 'NONE', *, *, #4791, .T. ) ;
#112 = DIRECTION ( 'NONE',  ( -1.000000000000000000, 0.000000000000000000, 0.000000000000000000 ) ) ;
#113 = CARTESIAN_POINT ( 'NONE',  ( 87.60409755359897588, 3.700000000000000178, -27.23908729652602290 ) ) ;
#114 = CARTESIAN_POINT ( 'NONE',  ( 48.36997367674614878, 43.02662418301733993, -68.24037435665916007 ) ) ;
#115 = DIRECTION ( 'NONE',  ( 0.000000000000000000, 0.000000000000000000, 1.000000000000000000 ) ) ;
#116 = CARTESIAN_POINT ( 'NONE',  ( 37.54268651639599597, 71.92349873546037031, -19.71109250641729815 ) ) ;
#117 = CARTESIAN_POINT ( 'NONE',  ( 39.22443834774710325, 69.75573387116628510, -10.29172329343142245 ) ) ;
#118 = ORIENTED_EDGE ( 'NONE', *, *, #6765, .F. ) ;
#119 = ADVANCED_FACE ( 'NONE', ( #125 ), #3273, .T. ) ;
#120 = DIRECTION ( 'NONE',  ( 0.000000000000000000, -1.000000000000000000, 0.000000000000000000 ) ) ;
#121 = ORIENTED_EDGE ( 'NONE', *, *, #7927, .T. ) ;
#122 = EDGE_CURVE ( 'NONE', #3784, #6613, #1965, .T. ) ;
#123 = AXIS2_PLACEMENT_3D ( 'NONE', #2110, #7404, #4897 ) ;
#124 = CARTESIAN_POINT ( 'NONE',  ( 105.4613557197736071, 1.370270977969730630, -6.067484810853360777 ) ) ;
#125 = FACE_OUTER_BOUND ( 'NONE', #3711, .T. ) ;
#126 = CARTESIAN_POINT ( 'NONE',  ( -1.693713256536624190, 161.2690620215368256, -69.31793037589801543 ) ) ;
#127 =( BOUNDED_CURVE ( )  B_SPLINE_CURVE ( 3, ( #1526, #5385, #7989, #1445 ),
 .UNSPECIFIED., .F., .F. ) 
 B_SPLINE_CURVE_WITH_KNOTS ( ( 4, 4 ),
 ( 0.1850590143059161752, 1.570796326794897890 ),
 .UNSPECIFIED. ) 
 CURVE ( )  GEOMETRIC_REPRESENTATION_ITEM ( )  RATIONAL_B_SPLINE_CURVE ( ( 1.000000000000000000, 0.8462778918510660553, 0.8462778918510660553, 1.000000000000000000 ) ) 
 REPRESENTATION_ITEM ( '' )  );
#128 = CARTESIAN_POINT ( 'NONE',  ( 21.90107225600312901, 9.595380385476317997, -33.75828291351162846 ) ) ;
#129 = CARTESIAN_POINT ( 'NONE',  ( 65.29476183855064164, 48.44119465021766047, -49.19680598816393768 ) ) ;
#130 = CARTESIAN_POINT ( 'NONE',  ( 11.00916002287815765, 52.87330277142578439, -29.56415129491464100 ) ) ;
#131 = CARTESIAN_POINT ( 'NONE',  ( 18.27286971361717605, 129.4706123275207688, -1.820006722973879443 ) ) ;
#132 = CARTESIAN_POINT ( 'NONE',  ( 24.26715845767458646, 90.66861226225987025, -10.20941230684399947 ) ) ;
#133 = ORIENTED_EDGE ( 'NONE', *, *, #2992, .T. ) ;
#134 = VECTOR ( 'NONE', #5338, 1000.000000000000114 ) ;
#135 = CARTESIAN_POINT ( 'NONE',  ( 3.999993573604729846, 142.5999938996241383, -47.50000000000000000 ) ) ;
#136 = DIRECTION ( 'NONE',  ( -1.000000000000000000, -0.000000000000000000, -0.000000000000000000 ) ) ;
#137 = CARTESIAN_POINT ( 'NONE',  ( 111.3979211034789358, 124.9844277805126609, -91.45908158975110780 ) ) ;
#138 = DIRECTION ( 'NONE',  ( -0.9999999999999950040, -1.000061563076409229E-07, -0.000000000000000000 ) ) ;
#139 = FACE_BOUND ( 'NONE', #6155, .T. ) ;
#140 = ORIENTED_EDGE ( 'NONE', *, *, #3622, .F. ) ;
#141 = CARTESIAN_POINT ( 'NONE',  ( 126.0000000000000000, 125.5999999999999943, -49.60000000000001563 ) ) ;
#142 = VECTOR ( 'NONE', #6233, 1000.000000000000000 ) ;
#143 = ORIENTED_EDGE ( 'NONE', *, *, #1400, .F. ) ;
#144 = CARTESIAN_POINT ( 'NONE',  ( 98.95737857619384670, 79.01512371832372139, -10.51378615137152828 ) ) ;
#145 = CARTESIAN_POINT ( 'NONE',  ( 131.5849052939319392, 162.3479648159784858, -26.40589845149913018 ) ) ;
#146 = EDGE_CURVE ( 'NONE', #6077, #6344, #1926, .T. ) ;
#147 = CARTESIAN_POINT ( 'NONE',  ( 34.50000000000000000, 78.34000000000000341, -10.50991754977234827 ) ) ;
#148 = CARTESIAN_POINT ( 'NONE',  ( 87.60409755359897588, -2.000000000000000000, -29.38908729652602148 ) ) ;
#149 = ORIENTED_EDGE ( 'NONE', *, *, #4834, .F. ) ;
#150 = ORIENTED_EDGE ( 'NONE', *, *, #6276, .F. ) ;
#151 = CARTESIAN_POINT ( 'NONE',  ( 61.00176851221254282, 49.32578184976041769, -49.99999999999997158 ) ) ;
#152 = CARTESIAN_POINT ( 'NONE',  ( 130.2317234326570201, 120.0997105511339100, -46.77385661588975552 ) ) ;
#153 = CARTESIAN_POINT ( 'NONE',  ( 28.04794272238545716, 75.39784545200700450, -19.06069159561549853 ) ) ;
#154 = B_SPLINE_CURVE_WITH_KNOTS ( 'NONE', 3,
 ( #4625, #590, #7212, #1362 ),
 .UNSPECIFIED., .F., .F.,
 ( 4, 4 ),
 ( 1.387778780781445676E-17, 0.001447819410919698804 ),
 .UNSPECIFIED. ) ;
#155 = CARTESIAN_POINT ( 'NONE',  ( 16.50000000000000000, 55.84000000000002473, -28.35991754977237633 ) ) ;
#156 = CARTESIAN_POINT ( 'NONE',  ( 11.38817327043522809, 51.04331350323205641, -35.20074753394004574 ) ) ;
#157 = CARTESIAN_POINT ( 'NONE',  ( 53.00000000000000711, 20.10000000000000853, -37.59999999999996589 ) ) ;
#158 = ORIENTED_EDGE ( 'NONE', *, *, #4028, .T. ) ;
#159 = DIRECTION ( 'NONE',  ( 7.304098846218133188E-17, -1.000000000000000000, 0.000000000000000000 ) ) ;
#160 = ORIENTED_EDGE ( 'NONE', *, *, #8456, .F. ) ;
#161 = CARTESIAN_POINT ( 'NONE',  ( 105.4041215647312129, 1.199389090859257490, -26.12693868251454532 ) ) ;
#162 = VERTEX_POINT ( 'NONE', #3292 ) ;
#163 = CARTESIAN_POINT ( 'NONE',  ( -0.6480438713956514496, 169.2799552295317369, -61.99282802859884356 ) ) ;
#164 = CARTESIAN_POINT ( 'NONE',  ( 52.50000000000000711, -6.714056312975745640E-14, -32.95991754977224986 ) ) ;
#165 = CARTESIAN_POINT ( 'NONE',  ( 65.24285093604453323, 48.49995853199800422, -46.64456960091499838 ) ) ;
#166 = CARTESIAN_POINT ( 'NONE',  ( 87.60409755359897588, 11.59999999999998188, -25.78908729652601650 ) ) ;
#167 = FACE_OUTER_BOUND ( 'NONE', #7074, .T. ) ;
#168 = CARTESIAN_POINT ( 'NONE',  ( 24.83383839860749731, 0.4915539883593481596, -6.085708617482670668 ) ) ;
#169 = ORIENTED_EDGE ( 'NONE', *, *, #800, .F. ) ;
#170 = CARTESIAN_POINT ( 'NONE',  ( 87.60409755359897588, 3.700000000000000178, -29.38908729652602148 ) ) ;
#171 = ADVANCED_FACE ( 'NONE', ( #7252 ), #4606, .T. ) ;
#172 = CARTESIAN_POINT ( 'NONE',  ( 29.70862385599046007, 40.15199812923837186, -69.16516715947209093 ) ) ;
#173 = CARTESIAN_POINT ( 'NONE',  ( 111.2811470051805003, 123.8260173463775971, -91.06868106349570269 ) ) ;
#174 = CARTESIAN_POINT ( 'NONE',  ( 53.00000000000000711, 20.10000000000000853, -34.59999999999996589 ) ) ;
#175 = FACE_OUTER_BOUND ( 'NONE', #4648, .T. ) ;
#176 = ORIENTED_EDGE ( 'NONE', *, *, #650, .F. ) ;
#177 = CARTESIAN_POINT ( 'NONE',  ( 53.74099039186474158, 78.34000000000001762, -78.80085360296230590 ) ) ;
#178 = CARTESIAN_POINT ( 'NONE',  ( 110.6683928754004853, 185.4795543665164530, -67.94950199220882325 ) ) ;
#179 = DIRECTION ( 'NONE',  ( 0.000000000000000000, 0.000000000000000000, -1.000000000000000000 ) ) ;
#180 = DIRECTION ( 'NONE',  ( 0.000000000000000000, 0.000000000000000000, -1.000000000000000000 ) ) ;
#181 = CARTESIAN_POINT ( 'NONE',  ( 127.8559011753316668, 185.1691437974892835, -26.35546959388191013 ) ) ;
#182 = CARTESIAN_POINT ( 'NONE',  ( 130.8543780106665224, 127.4280698232108335, -19.78471327805969793 ) ) ;
#183 = FACE_BOUND ( 'NONE', #7510, .T. ) ;
#184 = ORIENTED_EDGE ( 'NONE', *, *, #6557, .T. ) ;
#185 = EDGE_LOOP ( 'NONE', ( #8378, #7068, #2667, #6917 ) ) ;
#186 = DIRECTION ( 'NONE',  ( 1.000000000000000000, 0.000000000000000000, 0.000000000000000000 ) ) ;
#187 = LINE ( 'NONE', #5339, #4153 ) ;
#188 = AXIS2_PLACEMENT_3D ( 'NONE', #3438, #6710, #6036 ) ;
#189 = CARTESIAN_POINT ( 'NONE',  ( 10.98441442611927066, 53.04227741314969080, -28.86897733415048606 ) ) ;
#190 = CARTESIAN_POINT ( 'NONE',  ( -1.304042991057758671, 128.8612892103784873, -1.993493469348282199 ) ) ;
#191 = CARTESIAN_POINT ( 'NONE',  ( 111.6222700658992437, 127.3570813090656486, -2.500876268095890254 ) ) ;
#192 = CARTESIAN_POINT ( 'NONE',  ( 49.50000000000000000, 8.000000000000000000, -54.50000000000000711 ) ) ;
#193 = ORIENTED_EDGE ( 'NONE', *, *, #715, .F. ) ;
#194 = CARTESIAN_POINT ( 'NONE',  ( 26.37101649203411569, 81.38065237541040631, -80.22832496710208261 ) ) ;
#195 = ORIENTED_EDGE ( 'NONE', *, *, #7160, .T. ) ;
#196 = CARTESIAN_POINT ( 'NONE',  ( 85.92804133611257100, 6.070345587004946530, -6.118635683711535656 ) ) ;
#197 = EDGE_LOOP ( 'NONE', ( #5309, #506, #576, #5420 ) ) ;
#198 = CARTESIAN_POINT ( 'NONE',  ( 0.03791975278919072767, 173.0023387240605928, -55.04084596422917031 ) ) ;
#199 = CARTESIAN_POINT ( 'NONE',  ( 18.99999506369639235, 127.6999953997165420, -47.50000000000001421 ) ) ;
#200 = AXIS2_PLACEMENT_3D ( 'NONE', #8071, #7985, #6064 ) ;
#201 = CARTESIAN_POINT ( 'NONE',  ( 111.4844192955331863, 124.7235672615006195, -3.460265737259711205 ) ) ;
#202 = CARTESIAN_POINT ( 'NONE',  ( 87.60409755359897588, 12.30000000000000071, -29.38908729652602148 ) ) ;
#203 = CARTESIAN_POINT ( 'NONE',  ( 117.6408466098291257, 48.11091270347399274, -69.49999999999997158 ) ) ;
#204 = CARTESIAN_POINT ( 'NONE',  ( 43.67659526730708563, 7.359987834473482593, -6.124555062452058607 ) ) ;
#205 = CARTESIAN_POINT ( 'NONE',  ( -0.009613222229778827302, 118.0639941816446594, -89.23555481833889758 ) ) ;
#206 = ORIENTED_EDGE ( 'NONE', *, *, #6132, .F. ) ;
#207 = CARTESIAN_POINT ( 'NONE',  ( 49.50000000000000000, 31.44009945937447625, 18.15194988621846051 ) ) ;
#208 = DIRECTION ( 'NONE',  ( 0.000000000000000000, 0.000000000000000000, 1.000000000000000000 ) ) ;
#209 = EDGE_CURVE ( 'NONE', #3607, #2456, #5605, .T. ) ;
#210 = CARTESIAN_POINT ( 'NONE',  ( 125.2857162040226626, 87.50133727914899850, -84.60042279442600943 ) ) ;
#211 = FACE_OUTER_BOUND ( 'NONE', #621, .T. ) ;
#212 = DIRECTION ( 'NONE',  ( 0.000000000000000000, 0.000000000000000000, 1.000000000000000000 ) ) ;
#213 = EDGE_LOOP ( 'NONE', ( #1596, #5381, #5113, #8392, #1864, #1288 ) ) ;
#214 = EDGE_CURVE ( 'NONE', #2931, #7575, #1142, .T. ) ;
#215 = CARTESIAN_POINT ( 'NONE',  ( -2.211352013724093624, 153.3236424312242150, -21.88439252511605204 ) ) ;
#216 = CARTESIAN_POINT ( 'NONE',  ( 119.9065281988246738, 187.6000000000000227, -47.49999999999946709 ) ) ;
#217 = AXIS2_PLACEMENT_3D ( 'NONE', #1624, #1705, #5647 ) ;
#218 = ORIENTED_EDGE ( 'NONE', *, *, #4632, .T. ) ;
#219 = FACE_OUTER_BOUND ( 'NONE', #185, .T. ) ;
#220 = CARTESIAN_POINT ( 'NONE',  ( 129.0618470285195087, 180.5231576379539717, -18.78248812406207335 ) ) ;
#221 = CIRCLE ( 'NONE', #8420, 3.000000000000002665 ) ;
#222 = DIRECTION ( 'NONE',  ( 1.000000000000000000, -0.000000000000000000, -0.000000000000000000 ) ) ;
#223 = CARTESIAN_POINT ( 'NONE',  ( 27.59413734145664421, 78.59923097165301442, -80.61385963374475239 ) ) ;
#224 = CARTESIAN_POINT ( 'NONE',  ( 87.60409755359897588, 75.34000000000000341, -62.01091270347399131 ) ) ;
#225 = CIRCLE ( 'NONE', #7322, 22.50000000000000711 ) ;
#226 = EDGE_LOOP ( 'NONE', ( #4867, #6071 ) ) ;
#227 = CIRCLE ( 'NONE', #7740, 2.149999999999999023 ) ;
#228 = ORIENTED_EDGE ( 'NONE', *, *, #7226, .F. ) ;
#229 = CARTESIAN_POINT ( 'NONE',  ( 105.5000009628523401, 190.1000000000000227, -47.49999999999948841 ) ) ;
#230 = DIRECTION ( 'NONE',  ( 0.000000000000000000, 0.9829253934416056770, 0.1840045405082833818 ) ) ;
#231 = EDGE_CURVE ( 'NONE', #5253, #2466, #4000, .T. ) ;
#232 = CARTESIAN_POINT ( 'NONE',  ( 42.39589333293313445, 3.700000000000000178, -25.78908729652599519 ) ) ;
#233 = CARTESIAN_POINT ( 'NONE',  ( 18.99999251353939300, 153.1999953997165278, -62.22243186433541950 ) ) ;
#234 = CARTESIAN_POINT ( 'NONE',  ( 112.2571994562055693, 146.3268504508491219, -0.1436760124459303400 ) ) ;
#235 = CARTESIAN_POINT ( 'NONE',  ( 58.50000000000000711, 48.11091270347398563, -25.49999999999999289 ) ) ;
#236 = EDGE_CURVE ( 'NONE', #3871, #3683, #2740, .T. ) ;
#237 = ORIENTED_EDGE ( 'NONE', *, *, #6466, .F. ) ;
#238 = EDGE_CURVE ( 'NONE', #7114, #1164, #6269, .T. ) ;
#239 = DIRECTION ( 'NONE',  ( 1.000000000000000000, 0.000000000000000000, 0.000000000000000000 ) ) ;
#240 = CARTESIAN_POINT ( 'NONE',  ( 34.49999999999994316, 74.91690096688948586, -80.40768512208494201 ) ) ;
#241 = ORIENTED_EDGE ( 'NONE', *, *, #4946, .F. ) ;
#242 = CARTESIAN_POINT ( 'NONE',  ( 105.0366165288852898, 0.1080758686764645704, -6.094734531116073661 ) ) ;
#243 = CARTESIAN_POINT ( 'NONE',  ( 42.72463603330484005, 20.00703618947521889, -25.80135518793353455 ) ) ;
#244 = CARTESIAN_POINT ( 'NONE',  ( 2.272229616820148124, 185.6283283836989710, -27.23878552407336073 ) ) ;
#245 = DIRECTION ( 'NONE',  ( 0.000000000000000000, 1.000000000000000000, -2.037036744050392768E-15 ) ) ;
#246 = FACE_OUTER_BOUND ( 'NONE', #1733, .T. ) ;
#247 = CARTESIAN_POINT ( 'NONE',  ( 91.20409755359898440, 52.00000000000000711, -65.61091270347398563 ) ) ;
#248 = CARTESIAN_POINT ( 'NONE',  ( 39.21273111257293209, 22.66157236574447253, -6.649204311046283067 ) ) ;
#249 = CARTESIAN_POINT ( 'NONE',  ( 10.35067316699461593, 55.99654204208005837, -65.18186770508492600 ) ) ;
#250 = ORIENTED_EDGE ( 'NONE', *, *, #5683, .T. ) ;
#251 = CARTESIAN_POINT ( 'NONE',  ( 25.49999999999999645, 142.5999999999999943, 6.938893903907228378E-15 ) ) ;
#252 = AXIS2_PLACEMENT_3D ( 'NONE', #5530, #7660, #6293 ) ;
#253 = CARTESIAN_POINT ( 'NONE',  ( 25.98413622798821265, 44.32522870946456806, -67.59537805277352618 ) ) ;
#254 = CARTESIAN_POINT ( 'NONE',  ( 98.88515915895540331, 55.87162400216652713, -85.55329930767616986 ) ) ;
#255 = CARTESIAN_POINT ( 'NONE',  ( 2.500000000000002220, 55.84000000000002473, -30.00991754977235004 ) ) ;
#256 = CARTESIAN_POINT ( 'NONE',  ( 91.31692980617880551, -0.000000000000000000, -7.417340168870491190 ) ) ;
#257 = CARTESIAN_POINT ( 'NONE',  ( -1.449329005911583312, 130.9538526867641792, -21.80287897695500021 ) ) ;
#258 = CARTESIAN_POINT ( 'NONE',  ( 87.60409755359897588, 3.700000000000000178, -65.61091270347401405 ) ) ;
#259 = AXIS2_PLACEMENT_3D ( 'NONE', #3320, #6440, #6478 ) ;
#260 = EDGE_CURVE ( 'NONE', #5982, #4667, #2507, .T. ) ;
#261 = CARTESIAN_POINT ( 'NONE',  ( 45.60825503037285955, 1.026302913513771120, -88.82759507962988721 ) ) ;
#262 = CARTESIAN_POINT ( 'NONE',  ( -1.384353184915477319, 130.2598157567223325, -72.94453654266904152 ) ) ;
#263 = CARTESIAN_POINT ( 'NONE',  ( 131.4078373759700753, 163.9284060045838487, -27.58301823057132296 ) ) ;
#264 = CYLINDRICAL_SURFACE ( 'NONE', #8285, 2.149999999999999023 ) ;
#265 = CARTESIAN_POINT ( 'NONE',  ( 25.87498068093718473, 84.65195465063389690, -80.43314045399358747 ) ) ;
#266 = DIRECTION ( 'NONE',  ( -0.000000000000000000, 1.000000000000000000, -0.000000000000000000 ) ) ;
#267 = ORIENTED_EDGE ( 'NONE', *, *, #3014, .T. ) ;
#268 = VERTEX_POINT ( 'NONE', #2692 ) ;
#269 = DIRECTION ( 'NONE',  ( 0.000000000000000000, 0.000000000000000000, 1.000000000000000000 ) ) ;
#270 = CARTESIAN_POINT ( 'NONE',  ( 42.39589333293312734, 3.700000000000000178, -69.21091270347399416 ) ) ;
#271 = FACE_OUTER_BOUND ( 'NONE', #2482, .T. ) ;
#272 = CARTESIAN_POINT ( 'NONE',  ( 132.2607493070008218, 154.5038941001974422, -1.463723011301769183 ) ) ;
#273 = DIRECTION ( 'NONE',  ( 0.000000000000000000, 0.000000000000000000, 1.000000000000000000 ) ) ;
#274 = EDGE_CURVE ( 'NONE', #405, #2783, #547, .T. ) ;
#275 = EDGE_CURVE ( 'NONE', #2755, #3021, #7923, .T. ) ;
#276 = EDGE_LOOP ( 'NONE', ( #5738, #5223, #7535, #3957 ) ) ;
#277 = DIRECTION ( 'NONE',  ( -1.000000000000000000, 0.000000000000000000, 0.000000000000000000 ) ) ;
#278 = DIRECTION ( 'NONE',  ( 0.000000000000000000, 0.000000000000000000, 1.000000000000000000 ) ) ;
#279 = EDGE_LOOP ( 'NONE', ( #7472, #3661, #8354, #6280 ) ) ;
#280 = CARTESIAN_POINT ( 'NONE',  ( 103.1910323447608562, -5.339275914348914576, -6.323455516463980075 ) ) ;
#281 = CARTESIAN_POINT ( 'NONE',  ( 45.97295861410865569, 13.44837020858138210, -28.92956741678628063 ) ) ;
#282 = CARTESIAN_POINT ( 'NONE',  ( 0.6512776303046434734, 179.2715198851367404, -17.19835304820231769 ) ) ;
#283 = CARTESIAN_POINT ( 'NONE',  ( 21.84876119221842217, 9.765509309230923307, -33.43021374907828402 ) ) ;
#284 = EDGE_CURVE ( 'NONE', #7533, #7890, #154, .T. ) ;
#285 = ORIENTED_EDGE ( 'NONE', *, *, #8059, .F. ) ;
#286 = FACE_OUTER_BOUND ( 'NONE', #3848, .T. ) ;
#287 = SURFACE_STYLE_USAGE ( .BOTH. , #3553 ) ;
#288 = CARTESIAN_POINT ( 'NONE',  ( 25.13112967177003654, -0.3870355115725822581, -26.11860501108178667 ) ) ;
#289 = ADVANCED_FACE ( 'NONE', ( #6578 ), #1322, .T. ) ;
#290 = CARTESIAN_POINT ( 'NONE',  ( 24.93394870918758954, 86.99515079173475840, -84.54831147037401706 ) ) ;
#291 = ORIENTED_EDGE ( 'NONE', *, *, #3281, .T. ) ;
#292 = CARTESIAN_POINT ( 'NONE',  ( 87.17724809853527290, 10.16211710524427936, -6.149765512226383457 ) ) ;
#293 = EDGE_CURVE ( 'NONE', #3607, #324, #3881, .T. ) ;
#294 = CARTESIAN_POINT ( 'NONE',  ( -1.174329216459318648, 128.2979581367577282, -22.00458451946367688 ) ) ;
#295 = CARTESIAN_POINT ( 'NONE',  ( 128.9564737736424149, 110.8357376115076676, -87.41392407704410061 ) ) ;
#296 = DIRECTION ( 'NONE',  ( 0.000000000000000000, 0.000000000000000000, -1.000000000000000000 ) ) ;
#297 = CARTESIAN_POINT ( 'NONE',  ( 102.7909014193373451, -0.000000000000000000, -17.11471486589679003 ) ) ;
#298 = DIRECTION ( 'NONE',  ( 0.000000000000000000, -1.000000000000000000, 0.000000000000000000 ) ) ;
#299 = CARTESIAN_POINT ( 'NONE',  ( 126.0000000000000000, 142.5999999999999943, -47.50000000000000000 ) ) ;
#300 = CARTESIAN_POINT ( 'NONE',  ( 26.92190098461885839, -5.672582877185902817, -68.81318209088459525 ) ) ;
#301 = DIRECTION ( 'NONE',  ( 0.000000000000000000, -0.7071067811865492381, 0.7071067811865457964 ) ) ;
#302 = CARTESIAN_POINT ( 'NONE',  ( 131.7499924200635064, 160.7101924165888249, -25.30758877153189346 ) ) ;
#303 = CARTESIAN_POINT ( 'NONE',  ( 102.8162794946011900, -6.445381300432700300, -88.61099004839320514 ) ) ;
#304 = CARTESIAN_POINT ( 'NONE',  ( 108.7732003117763355, 11.88908729652600904, -69.49999999999998579 ) ) ;
#305 = DIRECTION ( 'NONE',  ( -1.000000000000000000, -6.208745440146051873E-17, -0.000000000000000000 ) ) ;
#306 = CARTESIAN_POINT ( 'NONE',  ( 53.00000000000000711, 39.90000000000001279, -59.04999999999996163 ) ) ;
#307 = ORIENTED_EDGE ( 'NONE', *, *, #1345, .F. ) ;
#308 = FACE_OUTER_BOUND ( 'NONE', #1307, .T. ) ;
#309 = ORIENTED_EDGE ( 'NONE', *, *, #2899, .F. ) ;
#310 = CARTESIAN_POINT ( 'NONE',  ( 19.26167888986055488, 184.8175265448081461, -25.67647951277110607 ) ) ;
#311 = CARTESIAN_POINT ( 'NONE',  ( 111.0000000000000000, 151.1000000000000796, -62.22243186433541950 ) ) ;
#312 = CARTESIAN_POINT ( 'NONE',  ( 19.16351144121136230, 18.96416303665282754, -26.01751002540396840 ) ) ;
#313 = CARTESIAN_POINT ( 'NONE',  ( 132.1277586382792890, 157.6378884981447186, -2.428092237469616776 ) ) ;
#314 = DIRECTION ( 'NONE',  ( 0.000000000000000000, -1.000000000000000000, 7.885106708985487801E-17 ) ) ;
#315 = VERTEX_POINT ( 'NONE', #1870 ) ;
#316 = CARTESIAN_POINT ( 'NONE',  ( 117.6408466098291115, 48.11091270347398563, -25.49999999999999289 ) ) ;
#317 = DIRECTION ( 'NONE',  ( 0.000000000000000000, 0.000000000000000000, 1.000000000000000000 ) ) ;
#318 = EDGE_LOOP ( 'NONE', ( #4824, #1974, #218, #5096, #4915, #6955, #912, #7577, #6948, #5806 ) ) ;
#319 = EDGE_CURVE ( 'NONE', #4953, #401, #2601, .T. ) ;
#320 = CARTESIAN_POINT ( 'NONE',  ( 131.0885853595109722, 127.3316844345953598, -23.14211678854763221 ) ) ;
#321 = CARTESIAN_POINT ( 'NONE',  ( 126.0000000000000000, 151.1000000000000796, -64.32243186433542803 ) ) ;
#322 = CARTESIAN_POINT ( 'NONE',  ( 1.895189884671741876, 184.2764638163039592, -24.64198040387623578 ) ) ;
#323 = DIRECTION ( 'NONE',  ( 0.000000000000000000, 1.000000000000000000, 0.000000000000000000 ) ) ;
#324 = VERTEX_POINT ( 'NONE', #7771 ) ;
#325 = CYLINDRICAL_SURFACE ( 'NONE', #817, 4.999999999999997335 ) ;
#326 = DIRECTION ( 'NONE',  ( 0.000000000000000000, 0.000000000000000000, -1.000000000000000000 ) ) ;
#327 = CARTESIAN_POINT ( 'NONE',  ( 29.98342284480652964, 61.19404705279563927, -9.855935521168294855 ) ) ;
#328 = EDGE_CURVE ( 'NONE', #4717, #5083, #5567, .T. ) ;
#329 = CARTESIAN_POINT ( 'NONE',  ( 3.519553594736667179, 94.92603256279903690, -85.07218645969147985 ) ) ;
#330 = ORIENTED_EDGE ( 'NONE', *, *, #4962, .F. ) ;
#331 = CIRCLE ( 'NONE', #5130, 1.649999999999991696 ) ;
#332 = CARTESIAN_POINT ( 'NONE',  ( 107.0154911772219748, 97.74130434728743921, -9.639087565067663732 ) ) ;
#333 = EDGE_CURVE ( 'NONE', #7649, #2438, #1353, .T. ) ;
#334 = CARTESIAN_POINT ( 'NONE',  ( 53.00000000000000711, 20.10000000000000853, -57.39999999999997016 ) ) ;
#335 = CARTESIAN_POINT ( 'NONE',  ( 108.9859095962453921, 108.7691648770937576, -87.02221835383410564 ) ) ;
#336 = CARTESIAN_POINT ( 'NONE',  ( 16.50000000000000000, 55.84000000000002473, -27.00991754977235715 ) ) ;
#337 = LINE ( 'NONE', #1667, #4574 ) ;
#338 = EDGE_CURVE ( 'NONE', #5161, #8199, #7382, .T. ) ;
#339 = AXIS2_PLACEMENT_3D ( 'NONE', #740, #7362, #5332 ) ;
#340 = CIRCLE ( 'NONE', #7302, 2.099999999999997868 ) ;
#341 = EDGE_CURVE ( 'NONE', #7375, #6131, #2905, .T. ) ;
#342 = CARTESIAN_POINT ( 'NONE',  ( -0.7318229985189440567, 168.7705041585921606, -62.65022249371511265 ) ) ;
#343 = B_SPLINE_CURVE_WITH_KNOTS ( 'NONE', 3,
 ( #2242, #3408, #4051, #7969, #2845, #3451 ),
 .UNSPECIFIED., .F., .F.,
 ( 4, 2, 4 ),
 ( 0.001447819410919698804, 0.002174173376113680729, 0.002900527341307662654 ),
 .UNSPECIFIED. ) ;
#344 = CARTESIAN_POINT ( 'NONE',  ( 111.3635903201961241, 177.8723729627739374, -79.32297773259946894 ) ) ;
#345 = CARTESIAN_POINT ( 'NONE',  ( 25.12961859168438750, -0.3825754862702752668, -68.88138742800911984 ) ) ;
#346 = EDGE_CURVE ( 'NONE', #3289, #3954, #2307, .T. ) ;
#347 = CARTESIAN_POINT ( 'NONE',  ( 111.1817760946129567, 180.1063687320818190, -76.66394508109419803 ) ) ;
#348 = CARTESIAN_POINT ( 'NONE',  ( 127.0563967554874125, 98.58752534823233304, -29.30342763844359766 ) ) ;
#349 = FACE_OUTER_BOUND ( 'NONE', #2422, .T. ) ;
#350 = CARTESIAN_POINT ( 'NONE',  ( 26.68491498135514917, 82.86619601416285263, -83.00403229599469057 ) ) ;
#351 = AXIS2_PLACEMENT_3D ( 'NONE', #4016, #3329, #1398 ) ;
#352 = CARTESIAN_POINT ( 'NONE',  ( -1.768412162147670719, 160.4840555190041300, -33.76696853013479682 ) ) ;
#353 = ORIENTED_EDGE ( 'NONE', *, *, #3368, .T. ) ;
#354 = CARTESIAN_POINT ( 'NONE',  ( 10.61743273826415646, 54.79389874024417395, -32.82968680610834156 ) ) ;
#355 = ORIENTED_EDGE ( 'NONE', *, *, #3053, .T. ) ;
#356 = CIRCLE ( 'NONE', #5149, 4.149999999999987033 ) ;
#357 = CARTESIAN_POINT ( 'NONE',  ( 122.3307430171860091, 69.00104431204687216, -75.48279969452718774 ) ) ;
#358 = VERTEX_POINT ( 'NONE', #2347 ) ;
#359 = CARTESIAN_POINT ( 'NONE',  ( 10.87787517176590768, 54.02527679175867092, -27.61436023359607717 ) ) ;
#360 = CARTESIAN_POINT ( 'NONE',  ( 132.2608623237422876, 144.6432809667905985, -74.89303939745759919 ) ) ;
#361 = CIRCLE ( 'NONE', #8149, 9.000000000000001776 ) ;
#362 = CARTESIAN_POINT ( 'NONE',  ( 131.1055190300816946, 126.8179469945267925, -2.658433960610965929 ) ) ;
#363 = VECTOR ( 'NONE', #6431, 1000.000000000000000 ) ;
#364 = CARTESIAN_POINT ( 'NONE',  ( 44.50000000000000711, 78.34000000000003183, -84.49008245022770325 ) ) ;
#365 = DIRECTION ( 'NONE',  ( 0.000000000000000000, 0.000000000000000000, 1.000000000000000000 ) ) ;
#366 = ORIENTED_EDGE ( 'NONE', *, *, #4630, .T. ) ;
#367 = CARTESIAN_POINT ( 'NONE',  ( 22.41192526225246340, 23.00000000000000000, -25.50000000000000355 ) ) ;
#368 = CARTESIAN_POINT ( 'NONE',  ( 9.839551538847340240, 58.69874412812222175, -30.94160114426199826 ) ) ;
#369 = VERTEX_POINT ( 'NONE', #4922 ) ;
#370 = CARTESIAN_POINT ( 'NONE',  ( 130.4408922995021385, 121.2423368151356158, -4.799638190487183209 ) ) ;
#371 = CARTESIAN_POINT ( 'NONE',  ( 34.50000000000000000, 74.91690096688944323, -80.40768512208494201 ) ) ;
#372 = CARTESIAN_POINT ( 'NONE',  ( -0.5284378253745043441, 173.0762575015189668, -11.03292280058753327 ) ) ;
#373 = DIRECTION ( 'NONE',  ( 0.000000000000000000, 0.000000000000000000, -1.000000000000000000 ) ) ;
#374 = ADVANCED_FACE ( 'NONE', ( #1699 ), #974, .T. ) ;
#375 = ORIENTED_EDGE ( 'NONE', *, *, #3230, .F. ) ;
#376 = EDGE_CURVE ( 'NONE', #704, #110, #3679, .T. ) ;
#377 = AXIS2_PLACEMENT_3D ( 'NONE', #1949, #7149, #1302 ) ;
#378 = DIRECTION ( 'NONE',  ( -1.000000000000000000, -0.000000000000000000, -0.000000000000000000 ) ) ;
#379 = CARTESIAN_POINT ( 'NONE',  ( 3.110170855052963645, 124.5697893693382241, -83.34971150773118609 ) ) ;
#380 = CARTESIAN_POINT ( 'NONE',  ( 45.72204584022477292, 0.6498015167622929189, -6.181714152270547658 ) ) ;
#381 = CARTESIAN_POINT ( 'NONE',  ( 24.03493446853614302, 91.91878938401690391, -84.79530335976447475 ) ) ;
#382 = VERTEX_POINT ( 'NONE', #6190 ) ;
#383 = DIRECTION ( 'NONE',  ( -0.000000000000000000, -0.000000000000000000, 1.000000000000000000 ) ) ;
#384 = CARTESIAN_POINT ( 'NONE',  ( 39.50000000000000711, 20.10000000000000853, -57.39999999999997016 ) ) ;
#385 = CARTESIAN_POINT ( 'NONE',  ( 107.0699876057660589, 98.04743251391477088, -85.41348658609214795 ) ) ;
#386 = CIRCLE ( 'NONE', #5989, 3.000000000000002665 ) ;
#387 = EDGE_CURVE ( 'NONE', #7124, #4678, #7600, .T. ) ;
#388 = CARTESIAN_POINT ( 'NONE',  ( 25.55197005440357927, 86.21962791887307276, -80.13753836798571228 ) ) ;
#389 = CARTESIAN_POINT ( 'NONE',  ( 77.50000000000001421, 30.00000000000000000, -28.99999999999998224 ) ) ;
#390 = DIRECTION ( 'NONE',  ( 0.000000000000000000, 0.000000000000000000, -1.000000000000000000 ) ) ;
#391 = DIRECTION ( 'NONE',  ( 1.000000000000000000, -0.000000000000000000, -0.000000000000000000 ) ) ;
#392 = CIRCLE ( 'NONE', #5191, 1.649999999999974376 ) ;
#393 = CARTESIAN_POINT ( 'NONE',  ( 24.86430412083534236, 0.4012333688500553941, -88.91222219649431224 ) ) ;
#394 = CARTESIAN_POINT ( 'NONE',  ( 129.3480089829374435, 179.2432606127765951, -77.78486910032799528 ) ) ;
#395 = CARTESIAN_POINT ( 'NONE',  ( 131.2201364201198146, 128.5966596842090155, -22.74752130400316119 ) ) ;
#396 = CARTESIAN_POINT ( 'NONE',  ( 118.1399085223816456, 49.39085155784336223, -68.22006114563060919 ) ) ;
#397 = CARTESIAN_POINT ( 'NONE',  ( 87.60409755359897588, 3.700000000000000178, -29.38908729652602148 ) ) ;
#398 = CARTESIAN_POINT ( 'NONE',  ( 39.62354139952332588, 10.85898002071087376, -31.69003676674190473 ) ) ;
#399 = ORIENTED_EDGE ( 'NONE', *, *, #7531, .T. ) ;
#400 = CARTESIAN_POINT ( 'NONE',  ( 10.60021607167310975, 55.83999999997520547, -27.00991754977235715 ) ) ;
#401 = VERTEX_POINT ( 'NONE', #419 ) ;
#402 = VECTOR ( 'NONE', #8024, 1000.000000000000000 ) ;
#403 = CARTESIAN_POINT ( 'NONE',  ( 118.8106577468607838, 52.00000000000005684, -75.48279969452720195 ) ) ;
#404 = ADVANCED_FACE ( 'NONE', ( #286 ), #6912, .F. ) ;
#405 = VERTEX_POINT ( 'NONE', #7555 ) ;
#406 = ADVANCED_FACE ( 'NONE', ( #2944 ), #325, .T. ) ;
#407 = CARTESIAN_POINT ( 'NONE',  ( 33.31461533862355395, 78.34000000000000341, -14.35906609687156887 ) ) ;
#408 = CYLINDRICAL_SURFACE ( 'NONE', #5574, 15.00000000000000000 ) ;
#409 = DIRECTION ( 'NONE',  ( -0.000000000000000000, 7.885106708985487801E-17, 1.000000000000000000 ) ) ;
#410 = DIRECTION ( 'NONE',  ( 0.000000000000000000, 0.000000000000000000, -1.000000000000000000 ) ) ;
#411 = ORIENTED_EDGE ( 'NONE', *, *, #2754, .T. ) ;
#412 = CARTESIAN_POINT ( 'NONE',  ( -1.426167702664387749, 130.7094259211220901, -66.60499837400288925 ) ) ;
#413 = DIRECTION ( 'NONE',  ( 1.000000000000000000, -0.000000000000000000, -0.000000000000000000 ) ) ;
#414 = VERTEX_POINT ( 'NONE', #5561 ) ;
#415 = CARTESIAN_POINT ( 'NONE',  ( 119.6493099378259757, 55.99654079744867374, -29.81813266819446540 ) ) ;
#416 = CARTESIAN_POINT ( 'NONE',  ( 45.93924887200140716, 13.70575457428344812, -28.72197004568877787 ) ) ;
#417 = CARTESIAN_POINT ( 'NONE',  ( -1.745990343816163248, 160.7039066012075637, -25.33179730912161531 ) ) ;
#418 = CYLINDRICAL_SURFACE ( 'NONE', #5396, 22.50000000000000711 ) ;
#419 = CARTESIAN_POINT ( 'NONE',  ( 49.50000000000000000, 8.000000000000000000, -40.50000000000000711 ) ) ;
#420 = LINE ( 'NONE', #2348, #5007 ) ;
#421 = DIRECTION ( 'NONE',  ( 0.000000000000000000, 0.000000000000000000, 1.000000000000000000 ) ) ;
#422 = CARTESIAN_POINT ( 'NONE',  ( 18.79923004714805046, 123.0814985561685120, -90.81783673125660528 ) ) ;
#423 = ORIENTED_EDGE ( 'NONE', *, *, #4920, .T. ) ;
#424 = CARTESIAN_POINT ( 'NONE',  ( 129.2397453932628082, 125.7698176741616436, -79.74126923415305157 ) ) ;
#425 = CARTESIAN_POINT ( 'NONE',  ( 1.045551481501356017, 125.5837739732486256, -14.72121914426907097 ) ) ;
#426 = CARTESIAN_POINT ( 'NONE',  ( 104.9256993542426244, -0.2193027869594491863, -68.88103021249945357 ) ) ;
#427 = DIRECTION ( 'NONE',  ( 0.000000000000000000, 0.000000000000000000, -1.000000000000000000 ) ) ;
#428 = DIRECTION ( 'NONE',  ( 0.000000000000000000, 0.000000000000000000, 1.000000000000000000 ) ) ;
#429 = CARTESIAN_POINT ( 'NONE',  ( -2.297288804191176315, 149.6429891170083124, -74.15580149370327945 ) ) ;
#430 = PLANE ( 'NONE',  #4323 ) ;
#431 = CIRCLE ( 'NONE', #29, 4.999999999999997335 ) ;
#432 = EDGE_CURVE ( 'NONE', #1609, #4942, #5047, .T. ) ;
#433 = CARTESIAN_POINT ( 'NONE',  ( 25.41416777060425147, -1.222436026941268183, -68.88212252751064568 ) ) ;
#434 = CARTESIAN_POINT ( 'NONE',  ( 131.5305016853221787, 162.8877713321399767, -68.23215589351893584 ) ) ;
#435 = CARTESIAN_POINT ( 'NONE',  ( 30.50000000000000355, 75.53563411247196768, -80.60666987995534782 ) ) ;
#436 = FACE_OUTER_BOUND ( 'NONE', #1981, .T. ) ;
#437 = FACE_BOUND ( 'NONE', #4251, .T. ) ;
#438 = CARTESIAN_POINT ( 'NONE',  ( 42.07442292764957870, 20.00212274752355768, -25.80260391333005998 ) ) ;
#439 = ORIENTED_EDGE ( 'NONE', *, *, #2495, .F. ) ;
#440 = CARTESIAN_POINT ( 'NONE',  ( 10.26742652981110204, 57.31530223560928761, -27.39058285347040922 ) ) ;
#441 = ORIENTED_EDGE ( 'NONE', *, *, #231, .F. ) ;
#442 = CARTESIAN_POINT ( 'NONE',  ( 25.73229443972401853, 85.28691859114185547, -10.44075596954487217 ) ) ;
#443 = B_SPLINE_CURVE_WITH_KNOTS ( 'NONE', 3,
 ( #3613, #6216, #4949, #1556, #7453, #4173, #360, #1603, #7537, #1512, #3018, #6727, #1683, #4302, #6892, #873, #3492, #5668, #1127, #1814, #3186, #3057, #8275, #2374, #6391, #3833, #5717, #3227, #573, #4349, #1727, #2417, #6472, #3873, #488, #7025, #1172, #6434, #2463, #5801, #446, #1257, #8398, #4434, #8320, #2547, #3747, #3103, #5164, #7630, #5760, #6941, #3793, #4520, #7759, #1858, #1087, #3708, #8236, #5079, #8361, #6304, #533, #7670, #1774, #1907, #7070, #3149, #4394, #6346, #5032, #6984, #616, #4990, #2505, #7715 ),
 .UNSPECIFIED., .F., .F.,
 ( 4, 2, 2, 2, 2, 2, 2, 2, 2, 2, 2, 2, 2, 2, 2, 2, 2, 2, 2, 2, 2, 2, 2, 2, 2, 2, 2, 2, 2, 2, 2, 2, 2, 2, 2, 2, 2, 4 ),
 ( 0.000000000000000000, 0.007597759101101008578, 0.01519551820220201716, 0.01709495797747722506, 0.01899439775275243991, 0.02279327730330286614, 0.02659215685385329236, 0.03039103640440371512, 0.03418991595495414482, 0.03798879550550456757, 0.03988823528077978242, 0.04178767505605499033, 0.04558655460660540615, 0.04748599438188064181, 0.04938543415715587054, 0.05318431370770633493, 0.05698319325825679932, 0.05888263303353204192, 0.06078207280880728453, 0.06458095235935777667, 0.06648039213463301234, 0.06837983190990824800, 0.07217871146045876096, 0.07407815123573403826, 0.07597759101100930168, 0.07977647056155977301, 0.08357535011211021658, 0.08547478988738546613, 0.08737422966266070179, 0.09117310921321118700, 0.09497198876376165833, 0.09877086831431212965, 0.1025697478648626149, 0.1044691876401378089, 0.1063686274154130029, 0.1139663865165137929, 0.1177652660670641532, 0.1215641456176145135 ),
 .UNSPECIFIED. ) ;
#444 = EDGE_LOOP ( 'NONE', ( #2814, #1133, #1989, #7777, #8239 ) ) ;
#445 = FACE_OUTER_BOUND ( 'NONE', #549, .T. ) ;
#446 = CARTESIAN_POINT ( 'NONE',  ( 129.8103385926027329, 173.7420941394940144, -42.54220560405595819 ) ) ;
#447 = CYLINDRICAL_SURFACE ( 'NONE', #7991, 3.599999999999999201 ) ;
#448 = CARTESIAN_POINT ( 'NONE',  ( 3.999993573604729846, 142.5999938996241383, -47.50000000000000000 ) ) ;
#449 = EDGE_LOOP ( 'NONE', ( #5710, #2305 ) ) ;
#450 = CARTESIAN_POINT ( 'NONE',  ( 132.2019909804856752, 142.5999999999999943, -70.00000000000001421 ) ) ;
#451 = CARTESIAN_POINT ( 'NONE',  ( 42.39589333293312734, 3.700000000000000178, -65.61091270347399984 ) ) ;
#452 = VERTEX_POINT ( 'NONE', #4366 ) ;
#453 = CARTESIAN_POINT ( 'NONE',  ( 109.7534043596499345, 113.2642806131158437, -7.006443020693779999 ) ) ;
#454 = DIRECTION ( 'NONE',  ( -0.000000000000000000, -0.000000000000000000, 1.000000000000000000 ) ) ;
#455 = CARTESIAN_POINT ( 'NONE',  ( -2.302161004146733081, 145.8876807106380795, -0.06116984938987546361 ) ) ;
#456 = CARTESIAN_POINT ( 'NONE',  ( 49.50000000000000000, 20.10000000000000853, -60.39999999999997726 ) ) ;
#457 = CARTESIAN_POINT ( 'NONE',  ( 87.60409755359897588, 3.700000000000000178, -65.61091270347401405 ) ) ;
#458 = ORIENTED_EDGE ( 'NONE', *, *, #5956, .T. ) ;
#459 = CARTESIAN_POINT ( 'NONE',  ( -0.4174660948464494203, 126.7628471951373399, -76.96987988187163410 ) ) ;
#460 = CARTESIAN_POINT ( 'NONE',  ( 46.17709678579520727, -0.7644683825425437895, -6.222417933905634690 ) ) ;
#461 = CARTESIAN_POINT ( 'NONE',  ( 18.77245619865027848, 123.3125584424566199, -90.89563822790441350 ) ) ;
#462 = VERTEX_POINT ( 'NONE', #6954 ) ;
#463 = VECTOR ( 'NONE', #230, 1000.000000000000227 ) ;
#464 = CARTESIAN_POINT ( 'NONE',  ( 18.68468344028880068, 121.7715914981755105, -90.20198057354534171 ) ) ;
#465 = CARTESIAN_POINT ( 'NONE',  ( 94.19511252090471487, 35.71731615356929268, -7.674307764070917415 ) ) ;
#466 = CARTESIAN_POINT ( 'NONE',  ( 22.95302402112746876, 190.1000000000000227, -47.08548903575076139 ) ) ;
#467 = CARTESIAN_POINT ( 'NONE',  ( 103.5682937210390548, -4.225766463852062671, -88.73901410454682548 ) ) ;
#468 = CARTESIAN_POINT ( 'NONE',  ( 56.50000000000000711, 20.10000000000000853, -57.39999999999997016 ) ) ;
#469 = CARTESIAN_POINT ( 'NONE',  ( 104.5000000000000142, 142.5999999999999943, -47.50000000000000000 ) ) ;
#470 = CARTESIAN_POINT ( 'NONE',  ( 56.50000000000000711, 39.90000000000001279, -55.74999999999996447 ) ) ;
#471 = CYLINDRICAL_SURFACE ( 'NONE', #1584, 2.100000000000004530 ) ;
#472 = EDGE_CURVE ( 'NONE', #7041, #2102, #7468, .T. ) ;
#473 = AXIS2_PLACEMENT_3D ( 'NONE', #4587, #878, #5502 ) ;
#474 = CARTESIAN_POINT ( 'NONE',  ( 110.1541436671383138, 189.9724726829075507, -43.47687059008445942 ) ) ;
#475 = CARTESIAN_POINT ( 'NONE',  ( 85.05881413219063347, 3.228890690363670490, -88.87312533645473422 ) ) ;
#476 = DIRECTION ( 'NONE',  ( 0.000000000000000000, 0.000000000000000000, 1.000000000000000000 ) ) ;
#477 = CARTESIAN_POINT ( 'NONE',  ( 52.50000000000000711, 54.13681670589065220, -32.95991754977235644 ) ) ;
#478 = VECTOR ( 'NONE', #4132, 1000.000000000000000 ) ;
#479 = AXIS2_PLACEMENT_3D ( 'NONE', #2914, #2107, #2836 ) ;
#480 = CARTESIAN_POINT ( 'NONE',  ( 39.05458707207837676, 11.59452265354520506, -30.75234204891367895 ) ) ;
#481 = VERTEX_POINT ( 'NONE', #1098 ) ;
#482 = ADVANCED_FACE ( 'NONE', ( #8162 ), #3720, .T. ) ;
#483 = CARTESIAN_POINT ( 'NONE',  ( 112.0464348281032443, 166.0199376756223444, -6.146744135091385175 ) ) ;
#484 = VERTEX_POINT ( 'NONE', #5603 ) ;
#485 = CARTESIAN_POINT ( 'NONE',  ( 33.32128348459529121, 78.39829167562665191, -10.51035812101513045 ) ) ;
#486 = ORIENTED_EDGE ( 'NONE', *, *, #6043, .T. ) ;
#487 = CARTESIAN_POINT ( 'NONE',  ( 20.83468486490711058, 84.70221564011663418, -17.31890491210380034 ) ) ;
#488 = CARTESIAN_POINT ( 'NONE',  ( 129.7249465504259263, 174.1469691731195439, -50.06783425137476939 ) ) ;
#489 = CARTESIAN_POINT ( 'NONE',  ( 25.49999999999999645, 142.5999999999999943, -51.64999999999999147 ) ) ;
#490 = DIRECTION ( 'NONE',  ( 0.000000000000000000, 0.000000000000000000, 1.000000000000000000 ) ) ;
#491 = ORIENTED_EDGE ( 'NONE', *, *, #7282, .F. ) ;
#492 = ORIENTED_EDGE ( 'NONE', *, *, #1861, .F. ) ;
#493 = EDGE_CURVE ( 'NONE', #2835, #5972, #5609, .T. ) ;
#494 = CARTESIAN_POINT ( 'NONE',  ( -2.305734574569624051, 148.4217949408851496, -69.28359713325041014 ) ) ;
#495 = CARTESIAN_POINT ( 'NONE',  ( 132.2019909804856752, 142.5999999999999943, -70.00000000000001421 ) ) ;
#496 = CIRCLE ( 'NONE', #7871, 2.099999999999994316 ) ;
#497 = ORIENTED_EDGE ( 'NONE', *, *, #3947, .T. ) ;
#498 = CARTESIAN_POINT ( 'NONE',  ( 103.1696370270793608, 76.93045315555212937, -10.55720611694112065 ) ) ;
#499 = CARTESIAN_POINT ( 'NONE',  ( 28.72495703125269273, 80.42761587093330888, -84.48528497102397239 ) ) ;
#500 = CARTESIAN_POINT ( 'NONE',  ( -2.162120670388813615, 141.5107190222744009, -0.002724333583496947164 ) ) ;
#501 = EDGE_CURVE ( 'NONE', #5368, #3549, #6818, .T. ) ;
#502 = CARTESIAN_POINT ( 'NONE',  ( 56.50000000000000711, 30.00000000000001421, -47.49999999999996447 ) ) ;
#503 =( GEOMETRIC_REPRESENTATION_CONTEXT ( 3 ) GLOBAL_UNCERTAINTY_ASSIGNED_CONTEXT ( ( #3369 ) ) GLOBAL_UNIT_ASSIGNED_CONTEXT ( ( #4537, #7042, #2565 ) ) REPRESENTATION_CONTEXT ( 'NONE', 'WORKASPACE' ) );
#504 = AXIS2_PLACEMENT_3D ( 'NONE', #1416, #7357, #1381 ) ;
#505 = LINE ( 'NONE', #5860, #2546 ) ;
#506 = ORIENTED_EDGE ( 'NONE', *, *, #2293, .T. ) ;
#507 = CARTESIAN_POINT ( 'NONE',  ( 12.37127968785459053, 123.0144143729965833, -89.68386767294725814 ) ) ;
#508 = CARTESIAN_POINT ( 'NONE',  ( 45.91809086751633373, 0.000000000000000000, -6.200000000000000178 ) ) ;
#509 = CARTESIAN_POINT ( 'NONE',  ( 35.86571527686621152, 69.75214244274202713, -10.29157177290342595 ) ) ;
#510 = EDGE_LOOP ( 'NONE', ( #2585, #2311 ) ) ;
#511 = CARTESIAN_POINT ( 'NONE',  ( -1.911811244608081939, 136.6394131857632317, -94.64052639537443667 ) ) ;
#512 = CARTESIAN_POINT ( 'NONE',  ( 111.2156502122978594, 123.2000559591661784, -4.142276683242275936 ) ) ;
#513 = CARTESIAN_POINT ( 'NONE',  ( 42.39589333293313445, 3.700000000000000178, -32.98908729652599447 ) ) ;
#514 = EDGE_CURVE ( 'NONE', #6693, #6522, #3552, .T. ) ;
#515 = CARTESIAN_POINT ( 'NONE',  ( 105.3291278899301915, 0.9753848860761926698, -88.92500720906679135 ) ) ;
#516 = CARTESIAN_POINT ( 'NONE',  ( 19.80278881879252495, 189.6275381305980829, -54.84456156650615100 ) ) ;
#517 = CARTESIAN_POINT ( 'NONE',  ( 49.50000000000000000, 52.00000000000000000, -25.50000000000000711 ) ) ;
#518 = CARTESIAN_POINT ( 'NONE',  ( 25.50000000000000355, 77.53621740777782634, -18.66038639261354604 ) ) ;
#519 = CARTESIAN_POINT ( 'NONE',  ( 121.3577372544610995, 64.81202636612361800, -64.67203122161488693 ) ) ;
#520 = AXIS2_PLACEMENT_3D ( 'NONE', #5127, #3882, #6358 ) ;
#521 = CARTESIAN_POINT ( 'NONE',  ( 110.9196609220248320, 183.0054982232270788, -72.55436259830453594 ) ) ;
#522 = DIRECTION ( 'NONE',  ( 0.000000000000000000, 0.000000000000000000, -1.000000000000000000 ) ) ;
#523 = CARTESIAN_POINT ( 'NONE',  ( 110.9635507038611308, 190.0779479043195295, -46.03604625908882042 ) ) ;
#524 = CARTESIAN_POINT ( 'NONE',  ( 31.56426125769353774, 78.82439401588716521, -84.48712804937736109 ) ) ;
#525 = CARTESIAN_POINT ( 'NONE',  ( 41.66959925610370163, 19.72590415218681414, -25.86119143912279839 ) ) ;
#526 = VERTEX_POINT ( 'NONE', #2265 ) ;
#527 = CARTESIAN_POINT ( 'NONE',  ( 112.1887912750074037, 142.5999999999999943, 8.689125622971255691E-15 ) ) ;
#528 = ORIENTED_EDGE ( 'NONE', *, *, #660, .F. ) ;
#529 = CARTESIAN_POINT ( 'NONE',  ( 49.12049519593330871, 73.94513633871707725, -76.91921244430375282 ) ) ;
#530 = ORIENTED_EDGE ( 'NONE', *, *, #6915, .T. ) ;
#531 = CARTESIAN_POINT ( 'NONE',  ( 28.53179616541038754, 80.46893222061508766, -18.11137947390394487 ) ) ;
#532 = B_SPLINE_CURVE_WITH_KNOTS ( 'NONE', 3,
 ( #4695, #4128, #6092, #6725 ),
 .UNSPECIFIED., .F., .F.,
 ( 4, 4 ),
 ( 0.01531112548600546686, 0.02971900460335449162 ),
 .UNSPECIFIED. ) ;
#533 = CARTESIAN_POINT ( 'NONE',  ( 132.2524548896330145, 152.1198291631770587, -21.48704558969913592 ) ) ;
#534 = DIRECTION ( 'NONE',  ( 0.000000000000000000, 0.000000000000000000, -1.000000000000000000 ) ) ;
#535 = CARTESIAN_POINT ( 'NONE',  ( 43.45980092633018188, 8.063384600228852506, -6.125800671115253948 ) ) ;
#536 = ORIENTED_EDGE ( 'NONE', *, *, #4565, .F. ) ;
#537 = VERTEX_POINT ( 'NONE', #1618 ) ;
#538 = ORIENTED_EDGE ( 'NONE', *, *, #6027, .F. ) ;
#539 = CYLINDRICAL_SURFACE ( 'NONE', #2597, 2.100000000000004530 ) ;
#540 = CARTESIAN_POINT ( 'NONE',  ( 20.50866041674730056, 14.18684153549729388, -68.44359710657910512 ) ) ;
#541 = CARTESIAN_POINT ( 'NONE',  ( 25.14258935730856237, 3.566536934050530605E-33, -71.55345581399804189 ) ) ;
#542 = FACE_OUTER_BOUND ( 'NONE', #2326, .T. ) ;
#543 = VECTOR ( 'NONE', #4439, 1000.000000000000000 ) ;
#544 = EDGE_CURVE ( 'NONE', #1409, #3877, #7309, .T. ) ;
#545 = CARTESIAN_POINT ( 'NONE',  ( -2.283885136789881809, 145.6220195178883898, -20.17954399997739756 ) ) ;
#546 = CARTESIAN_POINT ( 'NONE',  ( 18.92595505330550409, 122.0921170116065184, -90.48998485928161983 ) ) ;
#547 = CIRCLE ( 'NONE', #7505, 2.099999999999997868 ) ;
#548 = CARTESIAN_POINT ( 'NONE',  ( 43.05429973184414649, 10.04197056733993243, -62.05646215028632184 ) ) ;
#549 = EDGE_LOOP ( 'NONE', ( #3556, #636, #2713, #2676 ) ) ;
#550 = CARTESIAN_POINT ( 'NONE',  ( 102.9927889805332768, -5.924403026351315660, -26.19413052329144875 ) ) ;
#551 = CARTESIAN_POINT ( 'NONE',  ( 34.79223871025136816, 72.27784311958455987, -10.38647128028010513 ) ) ;
#552 = VERTEX_POINT ( 'NONE', #1876 ) ;
#553 = CARTESIAN_POINT ( 'NONE',  ( -2.171049129105380615, 141.6275934255002369, -75.02422031097384547 ) ) ;
#554 = DIRECTION ( 'NONE',  ( 0.000000000000000000, -1.000000000000000000, 0.000000000000000000 ) ) ;
#555 = LINE ( 'NONE', #8342, #1871 ) ;
#556 = CARTESIAN_POINT ( 'NONE',  ( 103.1909833796687508, -5.339420437742517400, -88.67653570272646846 ) ) ;
#557 = CARTESIAN_POINT ( 'NONE',  ( 19.85973465361899670, 190.0837242375541223, -48.74335535222896709 ) ) ;
#558 = B_SPLINE_CURVE_WITH_KNOTS ( 'NONE', 3,
 ( #1977, #3563, #216, #5442, #1458 ),
 .UNSPECIFIED., .F., .F.,
 ( 4, 1, 4 ),
 ( 0.0001635839580428830042, 0.003928873104656099152, 0.007694162251269315300 ),
 .UNSPECIFIED. ) ;
#559 = CARTESIAN_POINT ( 'NONE',  ( 42.39589333293312734, 12.30000000000000071, -65.61091270347399984 ) ) ;
#560 = DIRECTION ( 'NONE',  ( 1.000000000000000000, -0.000000000000000000, 0.000000000000000000 ) ) ;
#561 = FACE_OUTER_BOUND ( 'NONE', #7199, .T. ) ;
#562 = EDGE_CURVE ( 'NONE', #5818, #5453, #3636, .T. ) ;
#563 = CARTESIAN_POINT ( 'NONE',  ( 131.8493418752296122, 159.5787619526811625, -70.35951026527934005 ) ) ;
#564 = DIRECTION ( 'NONE',  ( 1.000000000000000000, 0.000000000000000000, 0.000000000000000000 ) ) ;
#565 = CARTESIAN_POINT ( 'NONE',  ( 28.44171654828072349, 80.67521932177398014, -84.48609750853975697 ) ) ;
#566 = LINE ( 'NONE', #1294, #7765 ) ;
#567 = ORIENTED_EDGE ( 'NONE', *, *, #472, .T. ) ;
#568 = CARTESIAN_POINT ( 'NONE',  ( 110.1402600057111982, 190.0837242817809454, -46.25664633679417648 ) ) ;
#569 = ORIENTED_EDGE ( 'NONE', *, *, #7067, .T. ) ;
#570 = CARTESIAN_POINT ( 'NONE',  ( 17.77454592863250582, 159.7927144281626397, -3.214049161222070072 ) ) ;
#571 = VERTEX_POINT ( 'NONE', #7775 ) ;
#572 = DIRECTION ( 'NONE',  ( -0.000000000000000000, 1.000000000000000000, -0.000000000000000000 ) ) ;
#573 = CARTESIAN_POINT ( 'NONE',  ( 130.3071889621769230, 171.2143323774867554, -58.99748975161996611 ) ) ;
#574 = CARTESIAN_POINT ( 'NONE',  ( 46.34930244026627832, 78.19111515485076325, -81.11682549015102950 ) ) ;
#575 = CARTESIAN_POINT ( 'NONE',  ( 87.60409755359897588, 3.700000000000000178, -31.53908729652602005 ) ) ;
#576 = ORIENTED_EDGE ( 'NONE', *, *, #6715, .T. ) ;
#577 = ORIENTED_EDGE ( 'NONE', *, *, #4578, .F. ) ;
#578 = ORIENTED_EDGE ( 'NONE', *, *, #7343, .T. ) ;
#579 = DIRECTION ( 'NONE',  ( -1.000000000000000000, -0.000000000000000000, -0.000000000000000000 ) ) ;
#580 = CARTESIAN_POINT ( 'NONE',  ( 21.30415701062922551, 11.39746175008282236, -25.86317564440132699 ) ) ;
#581 = DIRECTION ( 'NONE',  ( -1.000000000000000000, 0.000000000000000000, 0.000000000000000000 ) ) ;
#582 = DIRECTION ( 'NONE',  ( -0.000000000000000000, 4.625929269271485914E-16, 1.000000000000000000 ) ) ;
#583 = CARTESIAN_POINT ( 'NONE',  ( 17.71416168064418883, 148.3825844502550808, -0.3101214545244855292 ) ) ;
#584 = EDGE_CURVE ( 'NONE', #1508, #704, #5550, .T. ) ;
#585 = CARTESIAN_POINT ( 'NONE',  ( 29.39103882262988421, 64.09993336747602655, -84.98977952088380050 ) ) ;
#586 = EDGE_CURVE ( 'NONE', #5852, #5679, #5828, .T. ) ;
#587 = PRODUCT ( '3M1D', '3M1D', '', ( #2646 ) ) ;
#588 = DIRECTION ( 'NONE',  ( 1.000000000000000000, -0.000000000000000000, 0.000000000000000000 ) ) ;
#589 = ORIENTED_EDGE ( 'NONE', *, *, #328, .F. ) ;
#590 = CARTESIAN_POINT ( 'NONE',  ( 36.57857330133734308, 74.49933977721001099, -19.22889268690709841 ) ) ;
#591 = CARTESIAN_POINT ( 'NONE',  ( -0.4357380503216246037, 121.2034746649481463, -90.18802732784712362 ) ) ;
#592 = EDGE_LOOP ( 'NONE', ( #3838, #5167 ) ) ;
#593 = CARTESIAN_POINT ( 'NONE',  ( -1.768822646645795915, 134.5013049392776736, -94.32355408781357653 ) ) ;
#594 = DIRECTION ( 'NONE',  ( 0.000000000000000000, 0.000000000000000000, 1.000000000000000000 ) ) ;
#595 = CARTESIAN_POINT ( 'NONE',  ( 111.6073097610831439, 21.54345296919656860, -67.98545437630883725 ) ) ;
#596 = DIRECTION ( 'NONE',  ( 0.000000000000000000, -0.000000000000000000, 1.000000000000000000 ) ) ;
#597 = CARTESIAN_POINT ( 'NONE',  ( 42.07165210097043229, 20.00090989431808097, -69.19714924346227747 ) ) ;
#598 = EDGE_CURVE ( 'NONE', #315, #4693, #505, .T. ) ;
#599 = CIRCLE ( 'NONE', #5657, 3.600000000000005862 ) ;
#600 = CARTESIAN_POINT ( 'NONE',  ( 132.2549760032142956, 151.8840557944139960, -26.99162099110964874 ) ) ;
#601 = DIRECTION ( 'NONE',  ( -1.000000000000000000, 0.000000000000000000, 0.000000000000000000 ) ) ;
#602 = CARTESIAN_POINT ( 'NONE',  ( 0.6778799895221034877, 113.2672051981205783, -7.037745839338071185 ) ) ;
#603 = ORIENTED_EDGE ( 'NONE', *, *, #4365, .T. ) ;
#604 = CARTESIAN_POINT ( 'NONE',  ( 132.2984519007797815, 149.5832338429897561, -74.17169159299506020 ) ) ;
#605 = DIRECTION ( 'NONE',  ( 1.000000000000000000, 0.000000000000000000, 0.000000000000000000 ) ) ;
#606 = DIRECTION ( 'NONE',  ( -1.000000000000000000, 0.000000000000000000, 0.000000000000000000 ) ) ;
#607 = EDGE_CURVE ( 'NONE', #5247, #5946, #3119, .T. ) ;
#608 = CARTESIAN_POINT ( 'NONE',  ( -0.6557789572001190281, 123.5037242949147753, -35.59541146101511089 ) ) ;
#609 = EDGE_CURVE ( 'NONE', #2922, #3420, #1035, .T. ) ;
#610 = CARTESIAN_POINT ( 'NONE',  ( 110.5339296841615351, 186.7286721483580720, -29.85764926875981473 ) ) ;
#611 = ORIENTED_EDGE ( 'NONE', *, *, #3230, .T. ) ;
#612 = CARTESIAN_POINT ( 'NONE',  ( 48.60758947798137086, 78.34000000000001762, -79.45259239825296049 ) ) ;
#613 = EDGE_CURVE ( 'NONE', #668, #2931, #5733, .T. ) ;
#614 = ORIENTED_EDGE ( 'NONE', *, *, #2175, .F. ) ;
#615 = CARTESIAN_POINT ( 'NONE',  ( 3.999992723552392437, 151.0999938996241667, -32.77756813566458050 ) ) ;
#616 = CARTESIAN_POINT ( 'NONE',  ( 131.6618710491029560, 133.3698747500114052, -21.04553750418137170 ) ) ;
#617 = CARTESIAN_POINT ( 'NONE',  ( 8.842663922311706060, 63.84114527625182944, -64.76783320233936081 ) ) ;
#618 = DIRECTION ( 'NONE',  ( -1.000000000000000000, -0.000000000000000000, -0.000000000000000000 ) ) ;
#619 = VERTEX_POINT ( 'NONE', #3888 ) ;
#620 = ORIENTED_EDGE ( 'NONE', *, *, #3387, .F. ) ;
#621 = EDGE_LOOP ( 'NONE', ( #6009, #5440, #1827 ) ) ;
#622 = CARTESIAN_POINT ( 'NONE',  ( -1.502064706324250265, 163.1032093758461770, -56.79579153150078952 ) ) ;
#623 = AXIS2_PLACEMENT_3D ( 'NONE', #7026, #1258, #534 ) ;
#624 = CARTESIAN_POINT ( 'NONE',  ( 87.60409755359897588, 75.34000000000000341, -65.61091270347399984 ) ) ;
#625 = AXIS2_PLACEMENT_3D ( 'NONE', #311, #2332, #4948 ) ;
#626 = CARTESIAN_POINT ( 'NONE',  ( 18.66315322213280936, 123.1974393973269599, -4.143447149918888961 ) ) ;
#627 = CARTESIAN_POINT ( 'NONE',  ( 49.50000000000000000, 46.57993858786697672, -66.04230378445730310 ) ) ;
#628 = CARTESIAN_POINT ( 'NONE',  ( -2.166656715396804600, 141.6351999763718936, -19.99894778692009822 ) ) ;
#629 = CARTESIAN_POINT ( 'NONE',  ( 21.60680312886007570, 105.4210955496611888, -86.41030962456410691 ) ) ;
#630 = CIRCLE ( 'NONE', #899, 3.000000000000002665 ) ;
#631 = CARTESIAN_POINT ( 'NONE',  ( 44.16952713289403931, 18.30380649470160037, -68.74889657992463299 ) ) ;
#632 = ORIENTED_EDGE ( 'NONE', *, *, #5061, .F. ) ;
#633 = AXIS2_PLACEMENT_3D ( 'NONE', #5529, #1032, #2196 ) ;
#634 = CARTESIAN_POINT ( 'NONE',  ( 102.6456287756101489, -6.949067074490606899, -6.403780470112062417 ) ) ;
#635 = CARTESIAN_POINT ( 'NONE',  ( 18.78375266829944579, 123.2048079531743383, -4.140676718378910159 ) ) ;
#636 = ORIENTED_EDGE ( 'NONE', *, *, #7776, .F. ) ;
#637 = AXIS2_PLACEMENT_3D ( 'NONE', #4701, #7289, #317 ) ;
#638 = CARTESIAN_POINT ( 'NONE',  ( -1.569477026741346259, 131.8832477988431435, -93.80729469768829176 ) ) ;
#639 = AXIS2_PLACEMENT_3D ( 'NONE', #1196, #1931, #684 ) ;
#640 = CARTESIAN_POINT ( 'NONE',  ( 87.60409755359897588, 12.30000000000000071, -65.61091270347401405 ) ) ;
#641 = VECTOR ( 'NONE', #4419, 1000.000000000000000 ) ;
#642 = CARTESIAN_POINT ( 'NONE',  ( 103.0354512409696497, -5.798482820459167186, -68.80956005849020585 ) ) ;
#643 = DIRECTION ( 'NONE',  ( -1.000000000000000000, -1.241749088029210375E-16, -0.000000000000000000 ) ) ;
#644 = DIRECTION ( 'NONE',  ( -1.000000000000000000, -1.241749088029210375E-16, -0.000000000000000000 ) ) ;
#645 = CARTESIAN_POINT ( 'NONE',  ( 131.7270544042125664, 160.9069499359598581, -60.58594752327459787 ) ) ;
#646 = CARTESIAN_POINT ( 'NONE',  ( 13.23051938246347703, 43.00625811531664766, -26.74791594935273054 ) ) ;
#647 = CARTESIAN_POINT ( 'NONE',  ( 2.303173482668085637, 102.6995033652429186, -28.75882449180804556 ) ) ;
#648 = EDGE_LOOP ( 'NONE', ( #5901, #1019, #6317, #4225 ) ) ;
#649 = CARTESIAN_POINT ( 'NONE',  ( 132.1398822058447138, 155.0265125789288447, -72.49339162838236916 ) ) ;
#650 = EDGE_CURVE ( 'NONE', #2645, #4214, #4818, .T. ) ;
#651 = CARTESIAN_POINT ( 'NONE',  ( 119.5522513632008241, 187.6000000000000227, -43.73471085338626096 ) ) ;
#652 = CARTESIAN_POINT ( 'NONE',  ( 30.98160720144688796, 78.45388012016780976, -81.63718223500822546 ) ) ;
#653 = CARTESIAN_POINT ( 'NONE',  ( 108.6144472402196044, 11.28480611480202711, -26.10428118172397305 ) ) ;
#654 = CARTESIAN_POINT ( 'NONE',  ( 14.70369121891911135, 36.99999999999752021, -25.50000000000000711 ) ) ;
#655 = VERTEX_POINT ( 'NONE', #4135 ) ;
#656 = CARTESIAN_POINT ( 'NONE',  ( 46.72160222266077767, 74.72009492082571569, -79.82736117582365409 ) ) ;
#657 = AXIS2_PLACEMENT_3D ( 'NONE', #6146, #4872, #2215 ) ;
#658 = ORIENTED_EDGE ( 'NONE', *, *, #6496, .T. ) ;
#659 = CARTESIAN_POINT ( 'NONE',  ( 31.91503778354351439, 78.71921289327407578, -84.48769671088885502 ) ) ;
#660 = EDGE_CURVE ( 'NONE', #1476, #735, #6222, .T. ) ;
#661 = DIRECTION ( 'NONE',  ( 0.000000000000000000, 0.000000000000000000, -1.000000000000000000 ) ) ;
#662 = FACE_OUTER_BOUND ( 'NONE', #1560, .T. ) ;
#663 = CARTESIAN_POINT ( 'NONE',  ( 118.8105508978200788, 52.00000000000000711, -65.57346558373809842 ) ) ;
#664 = ORIENTED_EDGE ( 'NONE', *, *, #6565, .F. ) ;
#665 = ORIENTED_EDGE ( 'NONE', *, *, #4883, .F. ) ;
#666 = EDGE_CURVE ( 'NONE', #7372, #358, #5145, .T. ) ;
#667 = CIRCLE ( 'NONE', #7627, 18.49999999999999645 ) ;
#668 = VERTEX_POINT ( 'NONE', #3975 ) ;
#669 = CYLINDRICAL_SURFACE ( 'NONE', #6416, 3.000000000000002665 ) ;
#670 = CARTESIAN_POINT ( 'NONE',  ( 130.6788326634747648, 123.6971245823461771, -59.70934191910931332 ) ) ;
#671 = EDGE_CURVE ( 'NONE', #4711, #1272, #1930, .T. ) ;
#672 = CARTESIAN_POINT ( 'NONE',  ( 150.0000000000000000, 123.2000559591661784, -90.85772331675772762 ) ) ;
#673 = PLANE ( 'NONE',  #2941 ) ;
#674 = CIRCLE ( 'NONE', #2306, 47.50000000000001421 ) ;
#675 = CARTESIAN_POINT ( 'NONE',  ( -1.702349255862549704, 133.9027328598279212, -20.93064076710986754 ) ) ;
#676 = DIRECTION ( 'NONE',  ( -1.000000000000000000, -0.000000000000000000, -0.000000000000000000 ) ) ;
#677 = VECTOR ( 'NONE', #3378, 1000.000000000000000 ) ;
#678 = CARTESIAN_POINT ( 'NONE',  ( 45.73721109545142127, 11.59449506382070183, -64.24763719794844974 ) ) ;
#679 = EDGE_LOOP ( 'NONE', ( #3743, #2511, #7022, #237, #6902 ) ) ;
#680 = DIRECTION ( 'NONE',  ( 1.000000000000000000, 0.000000000000000000, 0.000000000000000000 ) ) ;
#681 = DIRECTION ( 'NONE',  ( 0.000000000000000000, 0.000000000000000000, -1.000000000000000000 ) ) ;
#682 = CARTESIAN_POINT ( 'NONE',  ( 17.77718381750843690, 160.1235226223617758, -91.69554642233606501 ) ) ;
#683 = CARTESIAN_POINT ( 'NONE',  ( 18.66283258304885706, 123.1974115273597050, -90.85654037390263227 ) ) ;
#684 = DIRECTION ( 'NONE',  ( 0.000000000000000000, 0.000000000000000000, 1.000000000000000000 ) ) ;
#685 = CARTESIAN_POINT ( 'NONE',  ( 5.578187221517432626, 82.26587700403635495, -30.46180952564453648 ) ) ;
#686 = LINE ( 'NONE', #2852, #402 ) ;
#687 = CARTESIAN_POINT ( 'NONE',  ( 131.8881875324333635, 159.0410815588171545, -62.87785272700912031 ) ) ;
#688 = DIRECTION ( 'NONE',  ( 0.000000000000000000, 0.000000000000000000, 1.000000000000000000 ) ) ;
#689 = CARTESIAN_POINT ( 'NONE',  ( 19.17694037781734551, 120.2252385966397839, -5.104347104464843632 ) ) ;
#690 = VERTEX_POINT ( 'NONE', #2123 ) ;
#691 = CARTESIAN_POINT ( 'NONE',  ( 132.1128279454163419, 140.2985988522366938, -74.99132755299396536 ) ) ;
#692 = FACE_OUTER_BOUND ( 'NONE', #7154, .T. ) ;
#693 = CARTESIAN_POINT ( 'NONE',  ( 131.0863497418150132, 127.3106750672303207, -71.85134236279444053 ) ) ;
#694 = CARTESIAN_POINT ( 'NONE',  ( -2.240668371728835595, 152.5826956237879131, -27.28179657736956898 ) ) ;
#695 = CARTESIAN_POINT ( 'NONE',  ( 111.8911105204215914, 133.2198633391728322, -94.07572191348107538 ) ) ;
#696 = ORIENTED_EDGE ( 'NONE', *, *, #1601, .F. ) ;
#697 = EDGE_CURVE ( 'NONE', #6805, #8005, #1857, .T. ) ;
#698 = CARTESIAN_POINT ( 'NONE',  ( 48.96496004693454296, 78.34000000000001762, -78.90764005202201758 ) ) ;
#699 = EDGE_CURVE ( 'NONE', #6643, #571, #2168, .T. ) ;
#700 = ORIENTED_EDGE ( 'NONE', *, *, #2022, .F. ) ;
#701 = CARTESIAN_POINT ( 'NONE',  ( 65.00000000000000000, 78.34000000000000341, -84.49008245022766062 ) ) ;
#702 = CARTESIAN_POINT ( 'NONE',  ( 111.3971508091171785, 123.1921976565164840, -4.145793650485553705 ) ) ;
#703 = FACE_OUTER_BOUND ( 'NONE', #5092, .T. ) ;
#704 = VERTEX_POINT ( 'NONE', #7943 ) ;
#705 = VERTEX_POINT ( 'NONE', #4742 ) ;
#706 = EDGE_LOOP ( 'NONE', ( #2509, #2991, #309, #24 ) ) ;
#707 = CARTESIAN_POINT ( 'NONE',  ( 104.5000000000000142, 123.2000559591661784, -90.85772331675772762 ) ) ;
#708 = CARTESIAN_POINT ( 'NONE',  ( 132.1470057080356639, 141.1284545792890981, -25.03590215824968368 ) ) ;
#709 = CARTESIAN_POINT ( 'NONE',  ( 30.81745763191613108, 0.000000000000000000, -82.67937978374463626 ) ) ;
#710 = VECTOR ( 'NONE', #7690, 1000.000000000000000 ) ;
#711 = LINE ( 'NONE', #5372, #6889 ) ;
#712 = DIRECTION ( 'NONE',  ( 1.000061558036123795E-07, -0.9999999999999948930, 0.000000000000000000 ) ) ;
#713 = DIRECTION ( 'NONE',  ( -1.000000000000000000, 0.000000000000000000, 0.000000000000000000 ) ) ;
#714 = CARTESIAN_POINT ( 'NONE',  ( 38.45890529267944657, 25.47120138316577709, -88.13686849100639620 ) ) ;
#715 = EDGE_CURVE ( 'NONE', #1571, #2835, #6057, .T. ) ;
#716 = CARTESIAN_POINT ( 'NONE',  ( 25.49999999999999645, 142.5999999999999943, -95.00000000000001421 ) ) ;
#717 = ORIENTED_EDGE ( 'NONE', *, *, #7524, .F. ) ;
#718 = CARTESIAN_POINT ( 'NONE',  ( 102.7652555599690203, -6.595981486370458668, -26.21382447254158521 ) ) ;
#719 = DIRECTION ( 'NONE',  ( -1.000000000000000000, 0.000000000000000000, 0.000000000000000000 ) ) ;
#720 = CARTESIAN_POINT ( 'NONE',  ( 3.086607365090290322, 188.2870687871080122, -60.56913086079798347 ) ) ;
#721 = CARTESIAN_POINT ( 'NONE',  ( 22.39589333293312734, 8.000000000000000000, -54.50000000000000711 ) ) ;
#722 = DIRECTION ( 'NONE',  ( 0.9999999999999951150, 1.000061563076409361E-07, -0.000000000000000000 ) ) ;
#723 = CARTESIAN_POINT ( 'NONE',  ( -0.9181356400670714901, 125.7626613648976672, -23.62397819943468491 ) ) ;
#724 = CARTESIAN_POINT ( 'NONE',  ( 10.50000000000000178, 55.84000000000002473, -30.00991754977235004 ) ) ;
#725 = DIRECTION ( 'NONE',  ( -0.2588190451025211836, 0.000000000000000000, 0.9659258262890682012 ) ) ;
#726 = CARTESIAN_POINT ( 'NONE',  ( 98.18917836243784336, -0.000000000000000000, -83.59171362314714315 ) ) ;
#727 = CARTESIAN_POINT ( 'NONE',  ( -0.4511444672171131542, 121.3197236737120761, -4.775023089930182429 ) ) ;
#728 = EDGE_CURVE ( 'NONE', #3609, #110, #7767, .T. ) ;
#729 = ORIENTED_EDGE ( 'NONE', *, *, #5040, .T. ) ;
#730 = CARTESIAN_POINT ( 'NONE',  ( 112.1346140933730595, 140.2540954040838415, -94.98502031873393037 ) ) ;
#731 = CARTESIAN_POINT ( 'NONE',  ( 25.50000000000000000, 45.95899089553471839, -66.55768103235395472 ) ) ;
#732 = CARTESIAN_POINT ( 'NONE',  ( 111.7869278580025849, 190.0721709202653926, -49.18457698442756509 ) ) ;
#733 = CARTESIAN_POINT ( 'NONE',  ( 108.6978318115780411, 11.58639311573863573, -25.80269418078737331 ) ) ;
#734 = CARTESIAN_POINT ( 'NONE',  ( 104.9999999999999858, 0.000000000000000000, -26.11973869364675593 ) ) ;
#735 = VERTEX_POINT ( 'NONE', #716 ) ;
#736 = CARTESIAN_POINT ( 'NONE',  ( -2.188946676227960797, 153.9220923248153667, -22.09073758085792250 ) ) ;
#737 = CARTESIAN_POINT ( 'NONE',  ( 98.40542534994294499, 78.81679055768539399, -10.51282578207577423 ) ) ;
#738 = AXIS2_PLACEMENT_3D ( 'NONE', #202, #1406, #4107 ) ;
#739 = EDGE_CURVE ( 'NONE', #4317, #2966, #4053, .T. ) ;
#740 = CARTESIAN_POINT ( 'NONE',  ( 42.39589333293313445, -2.000000000000000000, -29.38908729652599305 ) ) ;
#741 = CARTESIAN_POINT ( 'NONE',  ( 18.10829431420156510, 22.99999999999999645, -25.50000000000000355 ) ) ;
#742 = VERTEX_POINT ( 'NONE', #7374 ) ;
#743 = ORIENTED_EDGE ( 'NONE', *, *, #863, .F. ) ;
#744 = ADVANCED_FACE ( 'NONE', ( #1518 ), #3351, .T. ) ;
#745 = EDGE_LOOP ( 'NONE', ( #2035, #2263, #6783, #4441 ) ) ;
#746 = CARTESIAN_POINT ( 'NONE',  ( 62.26734916835455635, 48.81620787896242319, -49.99999999999997158 ) ) ;
#747 = DIRECTION ( 'NONE',  ( -0.9999999999999950040, -1.000061563076409229E-07, -0.000000000000000000 ) ) ;
#748 = CIRCLE ( 'NONE', #1428, 9.000000000000001776 ) ;
#749 = CARTESIAN_POINT ( 'NONE',  ( 39.50000000000000711, 39.90000000000001279, -57.39999999999996305 ) ) ;
#750 = CARTESIAN_POINT ( 'NONE',  ( -1.008434755351289791, 125.8719076624096544, -3.001619524712996423 ) ) ;
#751 = CARTESIAN_POINT ( 'NONE',  ( 11.89583938130751051, 48.63523567011817761, -31.01771140990966913 ) ) ;
#752 = CIRCLE ( 'NONE', #5273, 22.50000000000000711 ) ;
#753 = CARTESIAN_POINT ( 'NONE',  ( 111.3971508090968285, 123.1921976565187151, -90.85420634951542240 ) ) ;
#754 = ORIENTED_EDGE ( 'NONE', *, *, #6132, .T. ) ;
#755 = CIRCLE ( 'NONE', #7301, 2.099999999999997868 ) ;
#756 = AXIS2_PLACEMENT_3D ( 'NONE', #3999, #3872, #3357 ) ;
#757 = CARTESIAN_POINT ( 'NONE',  ( 49.50000000000000000, 73.64887262562027104, -19.38810092233350346 ) ) ;
#758 = EDGE_LOOP ( 'NONE', ( #2752, #2434, #5036, #2544 ) ) ;
#759 = CARTESIAN_POINT ( 'NONE',  ( 110.3844720991415898, 17.11176706919119184, -6.282265805321515906 ) ) ;
#760 = CARTESIAN_POINT ( 'NONE',  ( -1.175345182990764847, 128.1587846170904754, -22.88395357383211248 ) ) ;
#761 = CARTESIAN_POINT ( 'NONE',  ( 2.267317046443885875, 185.6111793489614001, -67.79662096284408790 ) ) ;
#762 = FACE_OUTER_BOUND ( 'NONE', #2254, .T. ) ;
#763 = AXIS2_PLACEMENT_3D ( 'NONE', #1187, #5182, #3199 ) ;
#764 = CARTESIAN_POINT ( 'NONE',  ( 111.7269275620301414, 129.4662725768534131, -1.821178040949539945 ) ) ;
#765 = CARTESIAN_POINT ( 'NONE',  ( 49.50000000000000000, 73.34000000000001762, -19.44592216281835206 ) ) ;
#766 = CARTESIAN_POINT ( 'NONE',  ( 96.06042066189999673, -0.000000000000000000, -85.22395596284225405 ) ) ;
#767 = VECTOR ( 'NONE', #890, 1000.000000000000000 ) ;
#768 = CARTESIAN_POINT ( 'NONE',  ( 24.04093409945965831, 91.90824490802816626, -10.13027827987540164 ) ) ;
#769 = ORIENTED_EDGE ( 'NONE', *, *, #6407, .F. ) ;
#770 =( BOUNDED_CURVE ( )  B_SPLINE_CURVE ( 3, ( #6262, #2718, #7151, #5968 ),
 .UNSPECIFIED., .F., .T. ) 
 B_SPLINE_CURVE_WITH_KNOTS ( ( 4, 4 ),
 ( 3.141592653589793116, 4.712388980384689674 ),
 .UNSPECIFIED. ) 
 CURVE ( )  GEOMETRIC_REPRESENTATION_ITEM ( )  RATIONAL_B_SPLINE_CURVE ( ( 1.000000000000000000, 0.8047378541243649375, 0.8047378541243649375, 1.000000000000000000 ) ) 
 REPRESENTATION_ITEM ( '' )  );
#771 = AXIS2_PLACEMENT_3D ( 'NONE', #7474, #4238, #8255 ) ;
#772 = EDGE_CURVE ( 'NONE', #1124, #3954, #1442, .T. ) ;
#773 = DIRECTION ( 'NONE',  ( -1.000000000000000000, 0.000000000000000000, 0.000000000000000000 ) ) ;
#774 = DIRECTION ( 'NONE',  ( 0.000000000000000000, 0.000000000000000000, 1.000000000000000000 ) ) ;
#775 = CARTESIAN_POINT ( 'NONE',  ( 130.6981967770738891, 123.2790040546419306, -90.88432992967523205 ) ) ;
#776 = CARTESIAN_POINT ( 'NONE',  ( 77.50000000000001421, 30.00000000000000000, -47.49999999999997868 ) ) ;
#777 = LINE ( 'NONE', #4684, #7147 ) ;
#778 = ORIENTED_EDGE ( 'NONE', *, *, #8181, .F. ) ;
#779 = CARTESIAN_POINT ( 'NONE',  ( -2.111100308538103043, 155.6964209104444308, -22.75444164035672046 ) ) ;
#780 = ORIENTED_EDGE ( 'NONE', *, *, #862, .F. ) ;
#781 = CARTESIAN_POINT ( 'NONE',  ( 87.60409755359897588, 8.000000000000000000, -29.38908729652602148 ) ) ;
#782 = CARTESIAN_POINT ( 'NONE',  ( 129.7726265991408923, 173.9216867774384809, -43.42944309552397186 ) ) ;
#783 = CARTESIAN_POINT ( 'NONE',  ( 112.6781543077133847, 123.0808529643055920, -4.195637851553490449 ) ) ;
#784 = CARTESIAN_POINT ( 'NONE',  ( 126.0000000000000000, 142.5999999999999943, -47.50000000000000000 ) ) ;
#785 = VERTEX_POINT ( 'NONE', #3620 ) ;
#786 = ORIENTED_EDGE ( 'NONE', *, *, #34, .T. ) ;
#787 = VECTOR ( 'NONE', #4311, 1000.000000000000000 ) ;
#788 = ORIENTED_EDGE ( 'NONE', *, *, #953, .T. ) ;
#789 = CARTESIAN_POINT ( 'NONE',  ( 134.8882900186850691, 151.0393594364125534, -19.51232198170119148 ) ) ;
#790 = CARTESIAN_POINT ( 'NONE',  ( 130.3430031422240631, 120.9675219457270714, -53.69851642905430111 ) ) ;
#791 = FACE_OUTER_BOUND ( 'NONE', #6633, .T. ) ;
#792 = CARTESIAN_POINT ( 'NONE',  ( -0.4770570972818428679, 121.0958966041572182, -5.061831602411285047 ) ) ;
#793 = CARTESIAN_POINT ( 'NONE',  ( 12.30106303720035754, 46.74868316657551759, -29.09986067989843761 ) ) ;
#794 = CARTESIAN_POINT ( 'NONE',  ( -0.2317602326860203621, 120.0999934764225969, -47.50000000000000000 ) ) ;
#795 = AXIS2_PLACEMENT_3D ( 'NONE', #148, #2284, #6721 ) ;
#796 = ORIENTED_EDGE ( 'NONE', *, *, #1615, .T. ) ;
#797 = CARTESIAN_POINT ( 'NONE',  ( 31.47186494145128322, 78.29409292178026192, -81.49379102771440841 ) ) ;
#798 = EDGE_LOOP ( 'NONE', ( #6150, #7781, #3147, #8313 ) ) ;
#799 = AXIS2_PLACEMENT_3D ( 'NONE', #3304, #5151, #5879 ) ;
#800 = EDGE_CURVE ( 'NONE', #537, #7393, #6635, .T. ) ;
#801 = CARTESIAN_POINT ( 'NONE',  ( 104.9433250043307879, -0.1672796296009687322, -6.102133604689489843 ) ) ;
#802 = CARTESIAN_POINT ( 'NONE',  ( -1.266455420290547584, 129.0540477182327663, -22.60512317847285857 ) ) ;
#803 = CARTESIAN_POINT ( 'NONE',  ( 2.499792218406891475, 186.3970591299617467, -66.03324198229766751 ) ) ;
#804 = CARTESIAN_POINT ( 'NONE',  ( 21.49660402709719520, 10.91800921334870189, -31.58095753729902455 ) ) ;
#805 = CARTESIAN_POINT ( 'NONE',  ( 59.33279702957922552, 48.41853952336557398, -49.50324682113299701 ) ) ;
#806 = DIRECTION ( 'NONE',  ( 0.000000000000000000, 0.000000000000000000, -1.000000000000000000 ) ) ;
#807 = CARTESIAN_POINT ( 'NONE',  ( 25.50000000000000355, 87.34000000000000341, -84.46236954448501422 ) ) ;
#808 = CARTESIAN_POINT ( 'NONE',  ( 45.03967298571706124, 2.902177560288988101, -6.136162200361404473 ) ) ;
#809 = ORIENTED_EDGE ( 'NONE', *, *, #8087, .F. ) ;
#810 = CARTESIAN_POINT ( 'NONE',  ( 3.999992933565320374, 148.9999938996241724, -62.22243186433541950 ) ) ;
#811 = DIRECTION ( 'NONE',  ( -1.000000000000000000, -0.000000000000000000, -0.000000000000000000 ) ) ;
#812 = CARTESIAN_POINT ( 'NONE',  ( 131.2664542485824768, 129.0540514862200894, -72.39487681269038433 ) ) ;
#813 = DIRECTION ( 'NONE',  ( 1.000000000000000000, -0.000000000000000000, 0.000000000000000000 ) ) ;
#814 = CARTESIAN_POINT ( 'NONE',  ( 111.6716587904389968, 128.3040036108319555, -92.84229630822491686 ) ) ;
#815 = ORIENTED_EDGE ( 'NONE', *, *, #5040, .F. ) ;
#816 = CARTESIAN_POINT ( 'NONE',  ( 54.50000000000000711, 78.34000000000001762, -75.71084613979844846 ) ) ;
#817 = AXIS2_PLACEMENT_3D ( 'NONE', #2986, #3030, #8249 ) ;
#818 = CARTESIAN_POINT ( 'NONE',  ( 110.2375869963983916, 189.2892346320259378, -56.37048114836121471 ) ) ;
#819 = EDGE_CURVE ( 'NONE', #1437, #8419, #4331, .T. ) ;
#820 = ORIENTED_EDGE ( 'NONE', *, *, #1468, .T. ) ;
#821 = CARTESIAN_POINT ( 'NONE',  ( -0.4771100555871523596, 121.1235623569829016, -89.91549324202873095 ) ) ;
#822 = CARTESIAN_POINT ( 'NONE',  ( 129.8535422601726452, 173.5338999572542491, -41.69479205491538920 ) ) ;
#823 = CARTESIAN_POINT ( 'NONE',  ( 28.73239964811679314, 80.38962329975983323, -82.04356008449855153 ) ) ;
#824 = DIRECTION ( 'NONE',  ( 0.000000000000000000, 0.5000000000000001110, 0.8660254037844385966 ) ) ;
#825 = EDGE_LOOP ( 'NONE', ( #1338, #1009 ) ) ;
#826 = ORIENTED_EDGE ( 'NONE', *, *, #4894, .F. ) ;
#827 = CARTESIAN_POINT ( 'NONE',  ( 52.50000000000000711, 55.84000000000002473, -30.00991754977235004 ) ) ;
#828 = CARTESIAN_POINT ( 'NONE',  ( 131.2518730043381368, 128.9092048922302922, -65.35912648075104414 ) ) ;
#829 = CARTESIAN_POINT ( 'NONE',  ( 126.0000000000000000, 125.5999999999999943, -47.50000000000001421 ) ) ;
#830 = CARTESIAN_POINT ( 'NONE',  ( 96.67871651540473010, 78.39829167562666612, -84.48964187898488376 ) ) ;
#831 = CARTESIAN_POINT ( 'NONE',  ( 112.1342265318577915, 140.2406674590834541, -0.01586240247325213307 ) ) ;
#832 = LINE ( 'NONE', #4012, #2394 ) ;
#833 = ORIENTED_EDGE ( 'NONE', *, *, #3281, .F. ) ;
#834 = CARTESIAN_POINT ( 'NONE',  ( 49.50000000000000000, 0.000000000000000000, -27.05991754977236141 ) ) ;
#835 = ORIENTED_EDGE ( 'NONE', *, *, #728, .T. ) ;
#836 = AXIS2_PLACEMENT_3D ( 'NONE', #8079, #4196, #6072 ) ;
#837 = CARTESIAN_POINT ( 'NONE',  ( 115.9515135334327454, 38.81034354087703520, -28.45089744958125877 ) ) ;
#838 = EDGE_LOOP ( 'NONE', ( #2550, #1090, #2889, #3235 ) ) ;
#839 = ADVANCED_FACE ( 'NONE', ( #3671 ), #2298, .F. ) ;
#840 = CARTESIAN_POINT ( 'NONE',  ( 19.49744086815324451, 187.0072200404929106, -64.39018081415551364 ) ) ;
#841 = CARTESIAN_POINT ( 'NONE',  ( 22.39589333293312734, 8.000000000000000000, -40.50000000000000711 ) ) ;
#842 = DIRECTION ( 'NONE',  ( 0.000000000000000000, -1.000000000000000000, 0.000000000000000000 ) ) ;
#843 = ADVANCED_FACE ( 'NONE', ( #5465 ), #3581, .F. ) ;
#844 = CYLINDRICAL_SURFACE ( 'NONE', #4025, 9.000000000000001776 ) ;
#845 = DIRECTION ( 'NONE',  ( 1.000000000000000000, -0.000000000000000000, 0.000000000000000000 ) ) ;
#846 = CARTESIAN_POINT ( 'NONE',  ( 37.68842905209504579, 28.35250999816732431, -7.073648969037727774 ) ) ;
#847 = B_SPLINE_CURVE_WITH_KNOTS ( 'NONE', 3,
 ( #3497, #7459, #3983, #316 ),
 .UNSPECIFIED., .F., .F.,
 ( 4, 4 ),
 ( 0.000000000000000000, 0.005622962591800994073 ),
 .UNSPECIFIED. ) ;
#848 = CARTESIAN_POINT ( 'NONE',  ( 19.86849834203739462, 115.5714629159550526, -88.56393747805844896 ) ) ;
#849 = ORIENTED_EDGE ( 'NONE', *, *, #3319, .F. ) ;
#850 = CARTESIAN_POINT ( 'NONE',  ( 53.00000000000000711, 20.10000000000000853, -55.74999999999997868 ) ) ;
#851 = CARTESIAN_POINT ( 'NONE',  ( 17.32180781749331899, 123.0808495767935398, -4.195639368085326559 ) ) ;
#852 = CARTESIAN_POINT ( 'NONE',  ( 111.2030940870566411, 123.0999804012051868, -90.82404385027750493 ) ) ;
#853 = CARTESIAN_POINT ( 'NONE',  ( 107.0469748396527621, 190.1000000000000512, -47.91451040100017877 ) ) ;
#854 = EDGE_CURVE ( 'NONE', #3877, #1409, #7597, .T. ) ;
#855 = CARTESIAN_POINT ( 'NONE',  ( 25.50000000000000355, 55.84000000000002473, -28.35991754977237633 ) ) ;
#856 = ORIENTED_EDGE ( 'NONE', *, *, #4517, .F. ) ;
#857 = CARTESIAN_POINT ( 'NONE',  ( 0.2806395192363524971, 174.1742143190832621, -50.05708547276106657 ) ) ;
#858 = CARTESIAN_POINT ( 'NONE',  ( 110.7396019034678289, 184.7969452319061929, -69.32329323213862438 ) ) ;
#859 = ORIENTED_EDGE ( 'NONE', *, *, #2120, .F. ) ;
#860 = CARTESIAN_POINT ( 'NONE',  ( -0.3658415161077225308, 120.2028595582303581, -89.43717326974939397 ) ) ;
#861 = CARTESIAN_POINT ( 'NONE',  ( 129.9981523254926401, 172.8249272653924606, -39.40275061495982101 ) ) ;
#862 = EDGE_CURVE ( 'NONE', #8402, #4711, #6856, .T. ) ;
#863 = EDGE_CURVE ( 'NONE', #3617, #462, #2869, .T. ) ;
#864 = CARTESIAN_POINT ( 'NONE',  ( 127.9835874833748761, 125.0537292943785843, -13.14581019097178327 ) ) ;
#865 = AXIS2_PLACEMENT_3D ( 'NONE', #8466, #719, #5312 ) ;
#866 = DIRECTION ( 'NONE',  ( 1.000000000000000000, -0.000000000000000000, -0.000000000000000000 ) ) ;
#867 = VERTEX_POINT ( 'NONE', #6183 ) ;
#868 = ORIENTED_EDGE ( 'NONE', *, *, #5476, .T. ) ;
#869 = CARTESIAN_POINT ( 'NONE',  ( 56.71676896658089362, 53.24360211089555861, -49.99999999999997868 ) ) ;
#870 = LINE ( 'NONE', #3489, #463 ) ;
#871 = AXIS2_PLACEMENT_3D ( 'NONE', #5613, #1627, #7520 ) ;
#872 = CARTESIAN_POINT ( 'NONE',  ( 24.52407662314575987, 1.412260461821183588, -26.12813616916643156 ) ) ;
#873 = CARTESIAN_POINT ( 'NONE',  ( 131.8868362373557090, 159.1084601948331567, -70.61732153989261462 ) ) ;
#874 = B_SPLINE_CURVE_WITH_KNOTS ( 'NONE', 3,
 ( #5384, #2090, #7298, #2738, #6026, #5945, #7987, #2132, #4751, #6065, #7342, #5315, #1485, #4105, #7907, #7500 ),
 .UNSPECIFIED., .F., .F.,
 ( 4, 2, 2, 2, 2, 2, 2, 4 ),
 ( 0.000000000000000000, 0.002702698996749384758, 0.004054048495124069548, 0.005405397993498754772, 0.006756747491873439128, 0.008108096990248125219, 0.009459446488622829524, 0.01081079598699753383 ),
 .UNSPECIFIED. ) ;
#875 = CARTESIAN_POINT ( 'NONE',  ( 132.1123937214781279, 140.2898906221468565, -20.00918349616503278 ) ) ;
#876 = LINE ( 'NONE', #77, #3213 ) ;
#877 = ORIENTED_EDGE ( 'NONE', *, *, #2232, .F. ) ;
#878 = DIRECTION ( 'NONE',  ( 0.000000000000000000, 1.000000000000000000, 0.000000000000000000 ) ) ;
#879 = CARTESIAN_POINT ( 'NONE',  ( 27.21308401118223586, 79.26468446139213597, -80.54200835375822010 ) ) ;
#880 = ORIENTED_EDGE ( 'NONE', *, *, #2556, .F. ) ;
#881 = CARTESIAN_POINT ( 'NONE',  ( 103.9030212105624855, -3.237798316648022645, -26.13437234364502260 ) ) ;
#882 = CARTESIAN_POINT ( 'NONE',  ( 45.79479102254712330, 14.48166158528802328, -28.13643007845773170 ) ) ;
#883 = CIRCLE ( 'NONE', #1566, 3.600000000000005862 ) ;
#884 = CARTESIAN_POINT ( 'NONE',  ( 19.70438767313667228, 188.8036050297306190, -36.43136151664307931 ) ) ;
#885 = CARTESIAN_POINT ( 'NONE',  ( 28.38997353908651533, 77.42209616937101657, -80.72942417125860004 ) ) ;
#886 = AXIS2_PLACEMENT_3D ( 'NONE', #5376, #8022, #4783 ) ;
#887 = VECTOR ( 'NONE', #301, 1000.000000000000000 ) ;
#888 = ADVANCED_FACE ( 'NONE', ( #8155 ), #1052, .F. ) ;
#889 = DIRECTION ( 'NONE',  ( 0.000000000000000000, -0.9519809258384943629, 0.3061573400062183592 ) ) ;
#890 = DIRECTION ( 'NONE',  ( -0.000000000000000000, 1.000000000000000000, -0.000000000000000000 ) ) ;
#891 = CARTESIAN_POINT ( 'NONE',  ( 19.99529451686184345, 15.82015259091448023, -26.61115147351797461 ) ) ;
#892 = CARTESIAN_POINT ( 'NONE',  ( 2.943671319998034885, 98.57942208310633703, -85.43976507563915845 ) ) ;
#893 = ORIENTED_EDGE ( 'NONE', *, *, #2631, .T. ) ;
#894 = CARTESIAN_POINT ( 'NONE',  ( 49.50000000000000000, 41.56596646950221441, -64.42980890671400118 ) ) ;
#895 = DIRECTION ( 'NONE',  ( 1.000000000000000000, -0.000000000000000000, -0.000000000000000000 ) ) ;
#896 = CARTESIAN_POINT ( 'NONE',  ( 111.0504527727559605, 121.9103680159017529, -90.43033360393692988 ) ) ;
#897 = CARTESIAN_POINT ( 'NONE',  ( 18.99999527370932029, 125.5999953997165619, -47.50000000000001421 ) ) ;
#898 = CARTESIAN_POINT ( 'NONE',  ( 89.39098561049320324, -0.000000000000000000, -6.840650798275031974 ) ) ;
#899 = AXIS2_PLACEMENT_3D ( 'NONE', #6587, #4636, #688 ) ;
#900 = CARTESIAN_POINT ( 'NONE',  ( 0.1864548876084525242, 173.7267614468583190, -42.47436857736497018 ) ) ;
#901 = CARTESIAN_POINT ( 'NONE',  ( 110.6336464534268913, 185.8061626927612053, -67.25016852507880571 ) ) ;
#902 = CIRCLE ( 'NONE', #1722, 2.149999999999999023 ) ;
#903 = EDGE_CURVE ( 'NONE', #8142, #7533, #1320, .T. ) ;
#905 = EDGE_CURVE ( 'NONE', #5883, #1688, #8172, .T. ) ;
#904 = CARTESIAN_POINT ( 'NONE',  ( 45.72203014376874108, 0.6498535180961719782, -88.81828726189817758 ) ) ;
#906 = CARTESIAN_POINT ( 'NONE',  ( 108.5433285329627466, 11.05045234304066781, -69.13682444202947863 ) ) ;
#907 = CARTESIAN_POINT ( 'NONE',  ( 126.9035013264844451, 188.3202630424435995, -34.44206527565538067 ) ) ;
#908 = CARTESIAN_POINT ( 'NONE',  ( 130.5209691184053327, 122.3605852661266766, -24.61356223347198480 ) ) ;
#909 = FACE_BOUND ( 'NONE', #449, .T. ) ;
#910 = CARTESIAN_POINT ( 'NONE',  ( 53.00000000000000711, 20.10000000000000853, -37.59999999999996589 ) ) ;
#911 = AXIS2_PLACEMENT_3D ( 'NONE', #5333, #618, #3275 ) ;
#912 = ORIENTED_EDGE ( 'NONE', *, *, #1997, .T. ) ;
#913 = CIRCLE ( 'NONE', #3794, 11.25000000000000355 ) ;
#914 = ORIENTED_EDGE ( 'NONE', *, *, #3317, .F. ) ;
#915 = CARTESIAN_POINT ( 'NONE',  ( 129.4922182769449535, 175.2149096455022175, -75.48279969452718774 ) ) ;
#916 = EDGE_CURVE ( 'NONE', #7967, #1177, #4740, .T. ) ;
#917 = DIRECTION ( 'NONE',  ( -1.000000000000000000, 0.000000000000000000, 0.000000000000000000 ) ) ;
#918 = CARTESIAN_POINT ( 'NONE',  ( 104.0236757757382975, 84.43595322973769157, -84.53724400824096108 ) ) ;
#919 = CARTESIAN_POINT ( 'NONE',  ( 112.2820550613488564, 148.3605233465521280, -0.3395538613183357035 ) ) ;
#920 = DIRECTION ( 'NONE',  ( 0.000000000000000000, -1.000000000000000000, 0.000000000000000000 ) ) ;
#921 = VERTEX_POINT ( 'NONE', #1179 ) ;
#922 = ADVANCED_FACE ( 'NONE', ( #7117 ), #5172, .F. ) ;
#923 = LINE ( 'NONE', #6142, #3763 ) ;
#924 = CARTESIAN_POINT ( 'NONE',  ( 10.10540635333372173, 57.35047485610943596, -32.60950008539195721 ) ) ;
#925 = VERTEX_POINT ( 'NONE', #5085 ) ;
#926 = AXIS2_PLACEMENT_3D ( 'NONE', #7801, #4560, #661 ) ;
#927 = CARTESIAN_POINT ( 'NONE',  ( 105.0702060301623391, 0.2073562137969736929, -6.092369227751275318 ) ) ;
#928 = CARTESIAN_POINT ( 'NONE',  ( 25.50000000000000355, 87.34000000000000341, -18.50991754977233228 ) ) ;
#929 = CARTESIAN_POINT ( 'NONE',  ( 0.2848687863232851059, 174.1938145841193091, -45.15957696076433336 ) ) ;
#930 = CARTESIAN_POINT ( 'NONE',  ( 20.07008591633691097, 15.72151237105898858, -27.30558399477077813 ) ) ;
#931 = ORIENTED_EDGE ( 'NONE', *, *, #1149, .T. ) ;
#932 = AXIS2_PLACEMENT_3D ( 'NONE', #1595, #866, #7321 ) ;
#933 = DIRECTION ( 'NONE',  ( 0.000000000000000000, 0.000000000000000000, 1.000000000000000000 ) ) ;
#934 = SURFACE_STYLE_FILL_AREA ( #6785 ) ;
#935 = CARTESIAN_POINT ( 'NONE',  ( 24.67087979641868856, 0.9753581309510976904, -6.074992670973906606 ) ) ;
#936 = CARTESIAN_POINT ( 'NONE',  ( 2.755140851854315898, 99.78658951862990989, -85.58232895534194995 ) ) ;
#937 = EDGE_LOOP ( 'NONE', ( #1725, #5026, #1038, #5541, #7359, #4664, #4767, #7747, #2285, #8339 ) ) ;
#938 = FACE_BOUND ( 'NONE', #3889, .T. ) ;
#939 = CARTESIAN_POINT ( 'NONE',  ( 53.00000000000000711, 20.10000000000000853, -37.59999999999996589 ) ) ;
#940 = CARTESIAN_POINT ( 'NONE',  ( 119.6283582570317350, 55.89212747674832826, -65.18897217094556140 ) ) ;
#941 = FACE_OUTER_BOUND ( 'NONE', #3826, .T. ) ;
#942 = CARTESIAN_POINT ( 'NONE',  ( 99.18254594300505289, 0.000000000000000000, -12.32062149404862517 ) ) ;
#943 = CARTESIAN_POINT ( 'NONE',  ( 18.78434851337332390, 123.2000559591661784, -4.142276683242275936 ) ) ;
#944 = CARTESIAN_POINT ( 'NONE',  ( 111.3236497921448063, 178.3813630981580047, -78.74945811297838816 ) ) ;
#945 = VECTOR ( 'NONE', #6774, 1000.000000000000000 ) ;
#946 = CARTESIAN_POINT ( 'NONE',  ( 24.95635822941644832, 0.1288545077002934969, -68.87978732285512251 ) ) ;
#947 = CARTESIAN_POINT ( 'NONE',  ( 77.50000000000001421, 11.30545635173688090, 11.30545635173693597 ) ) ;
#948 = CARTESIAN_POINT ( 'NONE',  ( 130.7325639769162535, 171.8529622985240621, -9.991416169182167906 ) ) ;
#949 = CARTESIAN_POINT ( 'NONE',  ( 102.7652609378904032, -6.595965613114789683, -68.78617599293953333 ) ) ;
#950 = CARTESIAN_POINT ( 'NONE',  ( 25.50000000000000355, 87.34000000000000341, -79.15075127718137082 ) ) ;
#951 = CARTESIAN_POINT ( 'NONE',  ( 87.60409755359897588, -2.000000000000000000, -27.23908729652602290 ) ) ;
#952 = ORIENTED_EDGE ( 'NONE', *, *, #6699, .F. ) ;
#953 = EDGE_CURVE ( 'NONE', #5946, #4693, #221, .T. ) ;
#954 = CARTESIAN_POINT ( 'NONE',  ( 10.83600803623233588, 53.71851057975631250, -32.14183213216082180 ) ) ;
#955 = ORIENTED_EDGE ( 'NONE', *, *, #3161, .T. ) ;
#956 = CARTESIAN_POINT ( 'NONE',  ( 19.63266904310494709, 188.1926220130060585, -34.15265955899999284 ) ) ;
#957 = DIRECTION ( 'NONE',  ( 0.000000000000000000, 0.000000000000000000, -1.000000000000000000 ) ) ;
#958 = DIRECTION ( 'NONE',  ( 1.000000000000000000, -0.000000000000000000, 0.000000000000000000 ) ) ;
#959 = CARTESIAN_POINT ( 'NONE',  ( 132.2523374773518867, 144.1931359315891825, -0.01971361836954150723 ) ) ;
#960 = CARTESIAN_POINT ( 'NONE',  ( 38.50000000000000000, 52.00000000000000000, -25.50000000000000711 ) ) ;
#961 = EDGE_LOOP ( 'NONE', ( #2393, #7816 ) ) ;
#962 = DIRECTION ( 'NONE',  ( -1.000000000000000000, -0.000000000000000000, -0.000000000000000000 ) ) ;
#963 = CARTESIAN_POINT ( 'NONE',  ( 11.18932443189169312, 52.00000000000000711, -54.50000000000000711 ) ) ;
#964 = EDGE_LOOP ( 'NONE', ( #1549, #6384 ) ) ;
#965 = CARTESIAN_POINT ( 'NONE',  ( 111.1962831913494938, 123.0458923407499441, -4.194110747247133730 ) ) ;
#966 = ADVANCED_FACE ( 'NONE', ( #6441 ), #1915, .T. ) ;
#967 = CARTESIAN_POINT ( 'NONE',  ( 44.01090931532787209, 18.57159414003012898, -26.16590261896352132 ) ) ;
#968 = CARTESIAN_POINT ( 'NONE',  ( 3.689313435408081432, 190.1012995987625516, -45.63512294424477034 ) ) ;
#969 = CARTESIAN_POINT ( 'NONE',  ( 45.91809086751633373, 0.000000000000000000, -88.79999999999998295 ) ) ;
#970 = EDGE_CURVE ( 'NONE', #2755, #6829, #2469, .T. ) ;
#971 = EDGE_CURVE ( 'NONE', #1380, #5161, #3585, .T. ) ;
#972 = ORIENTED_EDGE ( 'NONE', *, *, #1757, .T. ) ;
#973 = PRODUCT_DEFINITION ( 'UNKNOWN', '', #8009, #7280 ) ;
#974 = PLANE ( 'NONE',  #4927 ) ;
#975 = ADVANCED_FACE ( 'NONE', ( #1916, #4529 ), #1264, .T. ) ;
#976 = FACE_BOUND ( 'NONE', #964, .T. ) ;
#977 = CARTESIAN_POINT ( 'NONE',  ( 41.69559443898246087, 13.97077923185188908, -6.255101956858637458 ) ) ;
#978 = CARTESIAN_POINT ( 'NONE',  ( 1.065879201043044899, 110.6880714683961173, -87.38215346987685450 ) ) ;
#979 = ORIENTED_EDGE ( 'NONE', *, *, #4920, .F. ) ;
#980 = CARTESIAN_POINT ( 'NONE',  ( 105.1468886986920523, 87.44527604712305902, -10.45014982563892225 ) ) ;
#981 = DIRECTION ( 'NONE',  ( -0.000000000000000000, 0.000000000000000000, -1.000000000000000000 ) ) ;
#982 = CARTESIAN_POINT ( 'NONE',  ( 128.3387789467785467, 106.8552708104972453, -66.88515994021707911 ) ) ;
#983 = CARTESIAN_POINT ( 'NONE',  ( 107.9148650192450987, 8.994094111183482454, -28.39499318534254968 ) ) ;
#984 = DIRECTION ( 'NONE',  ( 0.000000000000000000, 0.000000000000000000, -1.000000000000000000 ) ) ;
#985 = CARTESIAN_POINT ( 'NONE',  ( 19.80948719231152211, 115.8909064764400938, -6.390915428686192890 ) ) ;
#986 = EDGE_CURVE ( 'NONE', #2456, #7089, #3952, .T. ) ;
#987 = CARTESIAN_POINT ( 'NONE',  ( 111.4822241846048740, 176.2840628326133583, -80.99956677724695453 ) ) ;
#988 = CARTESIAN_POINT ( 'NONE',  ( 45.26691400761284001, 2.153901050529637207, -88.85209228041686913 ) ) ;
#989 = CARTESIAN_POINT ( 'NONE',  ( 130.9673851904581738, 167.2357197035980505, -64.38438925747091446 ) ) ;
#990 = DIRECTION ( 'NONE',  ( -0.9999999999999950040, -1.000061563076409229E-07, -0.000000000000000000 ) ) ;
#991 = CARTESIAN_POINT ( 'NONE',  ( 58.50000000000000711, 8.000000000000000000, -65.61091270347399984 ) ) ;
#992 = CARTESIAN_POINT ( 'NONE',  ( 42.23162384766396826, 20.05471560923344043, -25.79197431308731225 ) ) ;
#993 = EDGE_LOOP ( 'NONE', ( #3110, #5805, #6173, #6722, #7933 ) ) ;
#994 = DIRECTION ( 'NONE',  ( -1.000000000000000000, 0.000000000000000000, 0.000000000000000000 ) ) ;
#995 = ORIENTED_EDGE ( 'NONE', *, *, #333, .T. ) ;
#996 = CARTESIAN_POINT ( 'NONE',  ( 19.14964321170094408, 183.6999052795220848, -23.67497776456793801 ) ) ;
#997 = ORIENTED_EDGE ( 'NONE', *, *, #697, .F. ) ;
#998 = CARTESIAN_POINT ( 'NONE',  ( 54.50000000000000000, 78.34000000000000341, -74.64834724391587883 ) ) ;
#999 = EDGE_CURVE ( 'NONE', #6776, #3962, #1043, .T. ) ;
#1000 = LINE ( 'NONE', #5457, #4351 ) ;
#1001 = CARTESIAN_POINT ( 'NONE',  ( 132.2069674125929737, 153.4509443730521525, -21.92657523933112529 ) ) ;
#1002 = EDGE_CURVE ( 'NONE', #8066, #4116, #6508, .T. ) ;
#1003 = CARTESIAN_POINT ( 'NONE',  ( 118.8106577468607838, 52.00000000000000711, -29.50143002724797725 ) ) ;
#1004 = CARTESIAN_POINT ( 'NONE',  ( 126.0000000000000000, 151.1000000000000796, -30.67756813566458973 ) ) ;
#1005 = ORIENTED_EDGE ( 'NONE', *, *, #6098, .T. ) ;
#1006 = AXIS2_PLACEMENT_3D ( 'NONE', #2954, #7435, #428 ) ;
#1007 = CARTESIAN_POINT ( 'NONE',  ( -2.291837287672414014, 146.6162466606345447, -69.64170812355264673 ) ) ;
#1008 = CARTESIAN_POINT ( 'NONE',  ( 11.89929979163645868, 188.4045530204204226, -50.87634744489769645 ) ) ;
#1009 = ORIENTED_EDGE ( 'NONE', *, *, #493, .T. ) ;
#1010 = CARTESIAN_POINT ( 'NONE',  ( 129.9508617379270561, 117.8941261705012096, -25.80330247568986834 ) ) ;
#1011 = CARTESIAN_POINT ( 'NONE',  ( 2.500000000000002220, 55.84000000000002473, -27.00991754977235715 ) ) ;
#1012 = CARTESIAN_POINT ( 'NONE',  ( 19.73160689406519097, 189.0315905689747922, -37.43048821158944151 ) ) ;
#1013 = DIRECTION ( 'NONE',  ( -0.9999999999999950040, -1.000061563076409229E-07, -0.000000000000000000 ) ) ;
#1014 = ORIENTED_EDGE ( 'NONE', *, *, #3884, .T. ) ;
#1015 = DIRECTION ( 'NONE',  ( 0.000000000000000000, 0.000000000000000000, 1.000000000000000000 ) ) ;
#1016 = CARTESIAN_POINT ( 'NONE',  ( 16.06228318085167572, 123.0162611712804335, -90.64065726368606590 ) ) ;
#1017 = CARTESIAN_POINT ( 'NONE',  ( 85.49526637814211938, 11.60000000000003872, -69.21091270347400837 ) ) ;
#1018 = CARTESIAN_POINT ( 'NONE',  ( -0.6732261685991590694, 123.6215441434319473, -70.74268328260988881 ) ) ;
#1019 = ORIENTED_EDGE ( 'NONE', *, *, #45, .T. ) ;
#1020 = AXIS2_PLACEMENT_3D ( 'NONE', #7947, #2089, #4706 ) ;
#1021 = CARTESIAN_POINT ( 'NONE',  ( 131.0980843282159469, 128.0035617547276843, -73.73707973482855493 ) ) ;
#1022 = CARTESIAN_POINT ( 'NONE',  ( 5.772783956660827442, 123.8042600505153814, -9.032125936898264484 ) ) ;
#1023 = CARTESIAN_POINT ( 'NONE',  ( 130.6832659723018821, 123.7067849290616977, -70.76730276181177715 ) ) ;
#1024 = CARTESIAN_POINT ( 'NONE',  ( 10.40667791723464575, 55.84000000000003183, -33.00991754977233938 ) ) ;
#1025 = CARTESIAN_POINT ( 'NONE',  ( 87.60409755359897588, 78.34000000000000341, -65.61091270347399984 ) ) ;
#1026 = CIRCLE ( 'NONE', #6213, 3.599999999999999201 ) ;
#1027 = EDGE_CURVE ( 'NONE', #5535, #4944, #5038, .T. ) ;
#1028 = CARTESIAN_POINT ( 'NONE',  ( 23.75389102379385520, 93.48444130729629364, -10.02224840146361196 ) ) ;
#1029 = CARTESIAN_POINT ( 'NONE',  ( 130.7980318959969566, 124.7062099943503313, -71.06191541918390442 ) ) ;
#1030 = CARTESIAN_POINT ( 'NONE',  ( 26.94323255565194231, -5.735544031560743328, -68.81138128063139447 ) ) ;
#1031 = CARTESIAN_POINT ( 'NONE',  ( 129.7203076387254157, 174.1687549646557613, -49.85867070512001220 ) ) ;
#1032 = DIRECTION ( 'NONE',  ( -1.000000000000000000, 0.000000000000000000, -0.000000000000000000 ) ) ;
#1033 = CARTESIAN_POINT ( 'NONE',  ( 87.60409755359897588, 75.34000000000000341, -29.38908729652600016 ) ) ;
#1034 = FACE_BOUND ( 'NONE', #1676, .T. ) ;
#1035 = CIRCLE ( 'NONE', #763, 3.600000000000005862 ) ;
#1036 = AXIS2_PLACEMENT_3D ( 'NONE', #6244, #391, #3000 ) ;
#1037 = CARTESIAN_POINT ( 'NONE',  ( 87.60409755359897588, -2.000000000000000000, -31.53908729652602005 ) ) ;
#1038 = ORIENTED_EDGE ( 'NONE', *, *, #3142, .F. ) ;
#1039 = CARTESIAN_POINT ( 'NONE',  ( 10.80349570231406986, 53.87784473473506353, -32.28940074089946677 ) ) ;
#1040 = ORIENTED_EDGE ( 'NONE', *, *, #4992, .F. ) ;
#1041 = AXIS2_PLACEMENT_3D ( 'NONE', #4290, #8225, #4893 ) ;
#1042 = CARTESIAN_POINT ( 'NONE',  ( 52.50000000000000711, 54.13681670589064510, -27.05991754977236141 ) ) ;
#1043 = CIRCLE ( 'NONE', #2135, 3.600000000000005862 ) ;
#1044 = EDGE_LOOP ( 'NONE', ( #6267, #1938, #3049, #2882 ) ) ;
#1045 = CARTESIAN_POINT ( 'NONE',  ( 25.50908527453170294, 88.34636083974156406, -16.63671756861211648 ) ) ;
#1046 = CARTESIAN_POINT ( 'NONE',  ( 102.6499679688925681, 81.84202249818318364, -84.49370262242830165 ) ) ;
#1047 = CIRCLE ( 'NONE', #5842, 3.000000000000002665 ) ;
#1048 = CARTESIAN_POINT ( 'NONE',  ( 112.1987483804766867, 161.0401824965416608, -3.713535475105324224 ) ) ;
#1049 = DIRECTION ( 'NONE',  ( 0.9999999999999951150, 1.000061563076409361E-07, -0.000000000000000000 ) ) ;
#1050 = ORIENTED_EDGE ( 'NONE', *, *, #660, .T. ) ;
#1051 = CARTESIAN_POINT ( 'NONE',  ( -0.4147614121627221095, 121.5352939447743950, -55.44179888596416816 ) ) ;
#1052 = CYLINDRICAL_SURFACE ( 'NONE', #5014, 1.649999999999991696 ) ;
#1053 = ORIENTED_EDGE ( 'NONE', *, *, #4962, .T. ) ;
#1054 = CARTESIAN_POINT ( 'NONE',  ( 126.4804443321184522, 94.92602956189327301, -9.927813898783934832 ) ) ;
#1055 = CARTESIAN_POINT ( 'NONE',  ( 45.01675023801215758, 16.65280428477806041, -26.89597174899473586 ) ) ;
#1056 = CARTESIAN_POINT ( 'NONE',  ( -0.1946964707341647671, 175.0727713017762994, -12.73593010033453687 ) ) ;
#1057 = CARTESIAN_POINT ( 'NONE',  ( 87.60409755359897588, 3.700000000000000178, -25.78908729652601650 ) ) ;
#1058 = EDGE_CURVE ( 'NONE', #2241, #3932, #5532, .T. ) ;
#1059 = CARTESIAN_POINT ( 'NONE',  ( 111.3971508090968285, 123.1921976565187151, -90.85420634951542240 ) ) ;
#1060 = DIRECTION ( 'NONE',  ( -1.000000000000000000, 0.000000000000000000, -0.000000000000000000 ) ) ;
#1061 = CARTESIAN_POINT ( 'NONE',  ( 27.12099079879575214, -6.260206006556364500, -26.20397723170740889 ) ) ;
#1062 = CARTESIAN_POINT ( 'NONE',  ( -1.127028371964553077, 127.6952887398923906, -71.97140618455480876 ) ) ;
#1063 = EDGE_LOOP ( 'NONE', ( #5715, #8037 ) ) ;
#1064 = CARTESIAN_POINT ( 'NONE',  ( 123.2269298897831362, 123.5978978738568372, -86.74884293554431736 ) ) ;
#1065 = CARTESIAN_POINT ( 'NONE',  ( 24.49999999999999645, 190.1000000000000227, -47.50000000000000000 ) ) ;
#1066 = CARTESIAN_POINT ( 'NONE',  ( 107.7192052015735868, 101.6662665617553643, -85.86057351313075969 ) ) ;
#1067 = AXIS2_PLACEMENT_3D ( 'NONE', #6672, #2830, #5438 ) ;
#1068 = DIRECTION ( 'NONE',  ( -0.9999999999999950040, -1.000061563076409229E-07, -0.000000000000000000 ) ) ;
#1069 = CARTESIAN_POINT ( 'NONE',  ( 53.00000000000000711, 39.90000000000001279, -35.94999999999996732 ) ) ;
#1070 = CARTESIAN_POINT ( 'NONE',  ( -2.231068503118899038, 153.3216442200061920, -73.20260535767188514 ) ) ;
#1071 = DIRECTION ( 'NONE',  ( 0.000000000000000000, 0.000000000000000000, 1.000000000000000000 ) ) ;
#1072 = B_SPLINE_CURVE_WITH_KNOTS ( 'NONE', 3,
 ( #5460, #8062, #2207, #1558, #117, #7897, #2045, #6611, #3372, #4699, #2729, #5344, #7631, #7457, #2972, #3709, #8151, #6986 ),
 .UNSPECIFIED., .F., .F.,
 ( 4, 2, 2, 2, 2, 2, 2, 2, 4 ),
 ( 0.008585606741934688133, 0.009658853491182138595, 0.01073210024042958906, 0.01180534698967703952, 0.01287859373892448825, 0.01395184048817194045, 0.01502508723741938917, 0.01609833398666683790, 0.01717158073591429010 ),
 .UNSPECIFIED. ) ;
#1073 = CIRCLE ( 'NONE', #4773, 2.149999999999999023 ) ;
#1074 = CARTESIAN_POINT ( 'NONE',  ( 26.95034305821407727, -5.756531020695399015, -68.81077693569781673 ) ) ;
#1075 = CARTESIAN_POINT ( 'NONE',  ( 129.9224768696633134, 176.5102039360538129, -80.86369788027842276 ) ) ;
#1076 = CARTESIAN_POINT ( 'NONE',  ( 96.54594431907035812, 45.41030514521663264, -86.45933462656101653 ) ) ;
#1077 = CARTESIAN_POINT ( 'NONE',  ( 111.7702380224914123, 0.000000000000000000, -88.79999999999998295 ) ) ;
#1078 = CARTESIAN_POINT ( 'NONE',  ( 25.50000000000000355, 87.33999999999998920, -79.15075127718137082 ) ) ;
#1079 = CARTESIAN_POINT ( 'NONE',  ( 41.44318988018606831, 19.49195768538640650, -25.91548565013013317 ) ) ;
#1080 = ORIENTED_EDGE ( 'NONE', *, *, #5307, .F. ) ;
#1081 = CARTESIAN_POINT ( 'NONE',  ( 10.69609729055641267, 54.40575709348247813, -32.65347080055897067 ) ) ;
#1082 = ORIENTED_EDGE ( 'NONE', *, *, #45, .F. ) ;
#1083 = CIRCLE ( 'NONE', #1360, 1.649999999999998579 ) ;
#1084 = DIRECTION ( 'NONE',  ( 0.000000000000000000, 0.000000000000000000, 1.000000000000000000 ) ) ;
#1085 = ORIENTED_EDGE ( 'NONE', *, *, #4203, .T. ) ;
#1086 = CARTESIAN_POINT ( 'NONE',  ( 10.50000000000000178, 55.84000000000002473, -30.00991754977235004 ) ) ;
#1087 = CARTESIAN_POINT ( 'NONE',  ( 131.6398234531729656, 161.8146047475060243, -26.04115364988549075 ) ) ;
#1088 = CARTESIAN_POINT ( 'NONE',  ( 87.60409755359897588, 52.00000000000000711, -65.61091270347399984 ) ) ;
#1089 = LINE ( 'NONE', #108, #1323 ) ;
#1090 = ORIENTED_EDGE ( 'NONE', *, *, #562, .F. ) ;
#1091 = DIRECTION ( 'NONE',  ( 1.000000000000000000, -0.000000000000000000, -0.000000000000000000 ) ) ;
#1092 = CARTESIAN_POINT ( 'NONE',  ( 15.38523839810466320, 189.5352892623767502, -49.94229301043004909 ) ) ;
#1093 = ORIENTED_EDGE ( 'NONE', *, *, #6963, .F. ) ;
#1094 = CARTESIAN_POINT ( 'NONE',  ( 128.3111653813082000, 106.6752692570224639, -28.14559714331864981 ) ) ;
#1095 = CARTESIAN_POINT ( 'NONE',  ( 49.50000000000000000, 38.64580823289530542, -44.99999999999996447 ) ) ;
#1096 = CARTESIAN_POINT ( 'NONE',  ( 17.87523818416894272, 163.8480503092682454, -4.969357121371521302 ) ) ;
#1097 = LINE ( 'NONE', #8247, #4718 ) ;
#1098 = CARTESIAN_POINT ( 'NONE',  ( 108.7732003117920385, 11.88908729652601082, -25.50000000000000000 ) ) ;
#1099 = ORIENTED_EDGE ( 'NONE', *, *, #341, .T. ) ;
#1100 = CARTESIAN_POINT ( 'NONE',  ( 45.88557492724515186, 0.1078258410770640552, -6.196868499784233819 ) ) ;
#1101 = DIRECTION ( 'NONE',  ( -1.000000000000000000, -0.000000000000000000, -0.000000000000000000 ) ) ;
#1102 = VERTEX_POINT ( 'NONE', #113 ) ;
#1103 = CARTESIAN_POINT ( 'NONE',  ( 107.4221171428313824, 7.353004802365132875, -69.13682444202947863 ) ) ;
#1104 = EDGE_CURVE ( 'NONE', #8063, #785, #187, .T. ) ;
#1105 = CARTESIAN_POINT ( 'NONE',  ( 90.14335920848664330, 20.35871842473904181, -6.520886840192729572 ) ) ;
#1106 = DIRECTION ( 'NONE',  ( 0.000000000000000000, 0.000000000000000000, 1.000000000000000000 ) ) ;
#1107 = CARTESIAN_POINT ( 'NONE',  ( 105.1019500757960969, 0.3013299130226466671, -68.87901035162649066 ) ) ;
#1108 = CARTESIAN_POINT ( 'NONE',  ( 130.0000000000000000, 142.5999999999999943, -51.64999999999999147 ) ) ;
#1109 = CARTESIAN_POINT ( 'NONE',  ( 39.92771918551909494, 10.63056667871509120, -62.98607928114834209 ) ) ;
#1110 = CARTESIAN_POINT ( 'NONE',  ( -1.456022167768579845, 130.9184732474348607, -73.29100252790817649 ) ) ;
#1111 = DIRECTION ( 'NONE',  ( 0.000000000000000000, 1.000000000000000000, 0.000000000000000000 ) ) ;
#1112 = VECTOR ( 'NONE', #3389, 1000.000000000000000 ) ;
#1113 = CARTESIAN_POINT ( 'NONE',  ( 128.2369679819717874, 183.8018369661582767, -71.26569126670615617 ) ) ;
#1114 = CARTESIAN_POINT ( 'NONE',  ( 22.32802171396232183, 8.216437146908981859, -57.43557062326342333 ) ) ;
#1115 = EDGE_CURVE ( 'NONE', #4221, #6829, #7704, .T. ) ;
#1116 = CARTESIAN_POINT ( 'NONE',  ( 65.38293293522244198, 48.33030277982335576, -49.99999999999997158 ) ) ;
#1117 = CARTESIAN_POINT ( 'NONE',  ( 29.55196604811446193, 79.43916578049362442, -81.92164553280890971 ) ) ;
#1118 = CARTESIAN_POINT ( 'NONE',  ( 39.37252366342500665, 11.11446856195896693, -31.34814529113986481 ) ) ;
#1119 = ORIENTED_EDGE ( 'NONE', *, *, #2378, .T. ) ;
#1120 = CARTESIAN_POINT ( 'NONE',  ( 10.49220606869935501, 55.41429584902412131, -32.98712094254040750 ) ) ;
#1121 = EDGE_LOOP ( 'NONE', ( #195, #4576, #6532, #1679 ) ) ;
#1122 = CARTESIAN_POINT ( 'NONE',  ( 28.55275935306776347, 80.55953165000090621, -10.51461156373416195 ) ) ;
#1123 = EDGE_CURVE ( 'NONE', #7873, #6037, #532, .T. ) ;
#1125 = EDGE_CURVE ( 'NONE', #3784, #1272, #870, .T. ) ;
#1124 = VERTEX_POINT ( 'NONE', #7936 ) ;
#1126 = CARTESIAN_POINT ( 'NONE',  ( 28.94020061972310032, 80.16412034033869816, -13.82787963584197932 ) ) ;
#1127 = CARTESIAN_POINT ( 'NONE',  ( 131.4798584728968933, 163.3336283514380227, -67.90031301652224727 ) ) ;
#1128 = CARTESIAN_POINT ( 'NONE',  ( 91.20409755359898440, 8.000000000000000000, -65.61091270347399984 ) ) ;
#1129 = CARTESIAN_POINT ( 'NONE',  ( 87.60409755359897588, 98.00000000000000000, -29.38908729652600016 ) ) ;
#1130 = EDGE_LOOP ( 'NONE', ( #1417, #4558, #4407, #6817, #7720, #2351 ) ) ;
#1131 = DIRECTION ( 'NONE',  ( 1.000000000000000000, -0.000000000000000000, -0.000000000000000000 ) ) ;
#1132 = CARTESIAN_POINT ( 'NONE',  ( 16.58745128741352204, 189.7878980690984463, -49.62016103760947061 ) ) ;
#1133 = ORIENTED_EDGE ( 'NONE', *, *, #5462, .F. ) ;
#1134 = CARTESIAN_POINT ( 'NONE',  ( 96.46724293087606839, 45.13018962896364172, -8.531986084214135957 ) ) ;
#1135 = CARTESIAN_POINT ( 'NONE',  ( 44.51729524798759741, 10.42896235001244065, -32.31432982691787004 ) ) ;
#1136 = ADVANCED_FACE ( 'NONE', ( #6585 ), #2779, .T. ) ;
#1137 = CARTESIAN_POINT ( 'NONE',  ( 18.06584013945128930, 134.2351947077015382, -0.6988870959647451864 ) ) ;
#1138 = CARTESIAN_POINT ( 'NONE',  ( 45.14939928180873352, 2.542561483013031420, -88.86119591111081206 ) ) ;
#1139 = CARTESIAN_POINT ( 'NONE',  ( 46.00212348775552584, 12.95539052245412570, -65.64510237696246975 ) ) ;
#1140 = ORIENTED_EDGE ( 'NONE', *, *, #666, .T. ) ;
#1141 = DIRECTION ( 'NONE',  ( 0.000000000000000000, 0.000000000000000000, 1.000000000000000000 ) ) ;
#1142 = LINE ( 'NONE', #4369, #4372 ) ;
#1143 = CARTESIAN_POINT ( 'NONE',  ( -0.5423563845036140085, 122.0313882007734207, -90.46386592869436072 ) ) ;
#1144 = VERTEX_POINT ( 'NONE', #90 ) ;
#1145 = VECTOR ( 'NONE', #7911, 1000.000000000000000 ) ;
#1146 = CARTESIAN_POINT ( 'NONE',  ( -2.081863983284135688, 158.7121093816820405, -92.24014149250444916 ) ) ;
#1147 = CARTESIAN_POINT ( 'NONE',  ( 131.2060342262290646, 128.4767974062165479, -72.54930568672713775 ) ) ;
#1148 = FACE_OUTER_BOUND ( 'NONE', #2524, .T. ) ;
#1149 = EDGE_CURVE ( 'NONE', #2124, #7873, #2702, .T. ) ;
#1150 = CARTESIAN_POINT ( 'NONE',  ( 90.78725512696640010, 22.66157996177047096, -88.35079522545353825 ) ) ;
#1151 = CARTESIAN_POINT ( 'NONE',  ( 17.74306206764339322, 145.6493242840498112, -95.00000000000093792 ) ) ;
#1152 = CARTESIAN_POINT ( 'NONE',  ( 40.03872291016434559, 10.56239173203932857, -62.88563677305479871 ) ) ;
#1153 = CARTESIAN_POINT ( 'NONE',  ( 132.2918005655329807, 149.8384706757304627, -26.18339901114548240 ) ) ;
#1154 = CARTESIAN_POINT ( 'NONE',  ( 105.5000009628523401, 187.6000000000000227, -47.49999999999948841 ) ) ;
#1155 = AXIS2_PLACEMENT_3D ( 'NONE', #4467, #2009, #522 ) ;
#1156 = VECTOR ( 'NONE', #3341, 1000.000000000000114 ) ;
#1157 = CARTESIAN_POINT ( 'NONE',  ( 127.0842298183695789, 187.7559315926674799, -62.40183272130476411 ) ) ;
#1158 = CARTESIAN_POINT ( 'NONE',  ( 91.65927189810911102, 25.84979570127803683, -88.14439994741968576 ) ) ;
#1159 = PLANE ( 'NONE',  #3678 ) ;
#1160 = CARTESIAN_POINT ( 'NONE',  ( 31.47186494145788416, 78.29409292177865609, -81.49379102771389682 ) ) ;
#1161 = AXIS2_PLACEMENT_3D ( 'NONE', #3568, #6250, #2878 ) ;
#1162 = AXIS2_PLACEMENT_3D ( 'NONE', #781, #6558, #5922 ) ;
#1163 = CARTESIAN_POINT ( 'NONE',  ( 40.81050323342803665, 10.22489174609690821, -32.63656100445763286 ) ) ;
#1164 = VERTEX_POINT ( 'NONE', #130 ) ;
#1165 = CARTESIAN_POINT ( 'NONE',  ( 9.949532420016842238, 58.41492439082676214, -28.45818081403598043 ) ) ;
#1166 = ORIENTED_EDGE ( 'NONE', *, *, #1104, .F. ) ;
#1167 = CARTESIAN_POINT ( 'NONE',  ( 53.29128582088608113, 78.34000000000001762, -79.76608248096526665 ) ) ;
#1168 = ADVANCED_FACE ( 'NONE', ( #6700 ), #844, .F. ) ;
#1169 = EDGE_CURVE ( 'NONE', #2503, #6763, #3465, .T. ) ;
#1170 = EDGE_LOOP ( 'NONE', ( #2854, #250, #1299, #3165 ) ) ;
#1171 = CARTESIAN_POINT ( 'NONE',  ( 32.13014590445587970, 78.57710038830383326, -14.29002212352044587 ) ) ;
#1172 = CARTESIAN_POINT ( 'NONE',  ( 129.6956823101053544, 174.2840903162154689, -48.16746076743581995 ) ) ;
#1173 = CARTESIAN_POINT ( 'NONE',  ( 47.43823001528073036, 78.34000000000003183, -84.49008245022770325 ) ) ;
#1174 = CARTESIAN_POINT ( 'NONE',  ( 84.00409755359896735, 52.00000000000000711, -65.61091270347398563 ) ) ;
#1175 = VERTEX_POINT ( 'NONE', #2178 ) ;
#1176 = ORIENTED_EDGE ( 'NONE', *, *, #3053, .F. ) ;
#1177 = VERTEX_POINT ( 'NONE', #7257 ) ;
#1178 = DIRECTION ( 'NONE',  ( 0.000000000000000000, 0.000000000000000000, -1.000000000000000000 ) ) ;
#1179 = CARTESIAN_POINT ( 'NONE',  ( 104.5000000000000284, 87.34000000000061448, -84.62933753320331220 ) ) ;
#1180 = AXIS2_PLACEMENT_3D ( 'NONE', #4118, #6797, #6200 ) ;
#1181 = CARTESIAN_POINT ( 'NONE',  ( 131.2306100274549010, 128.6974327355034120, -22.71608182682640731 ) ) ;
#1182 = VECTOR ( 'NONE', #7517, 1000.000000000000000 ) ;
#1183 = CARTESIAN_POINT ( 'NONE',  ( 18.22976070317977459, 41.26168750109268757, -4.990006487701076132 ) ) ;
#1184 = CARTESIAN_POINT ( 'NONE',  ( -2.205822376896017456, 153.4829300097100031, -21.93739957455415635 ) ) ;
#1185 = CARTESIAN_POINT ( 'NONE',  ( 43.04268651639599597, 74.62654356742480388, -9.196883570274829722 ) ) ;
#1186 = ADVANCED_FACE ( 'NONE', ( #246 ), #3984, .F. ) ;
#1187 = CARTESIAN_POINT ( 'NONE',  ( 42.39589333293312734, 3.700000000000000178, -65.61091270347399984 ) ) ;
#1188 = ADVANCED_FACE ( 'NONE', ( #2091, #2819 ), #5950, .F. ) ;
#1189 = ORIENTED_EDGE ( 'NONE', *, *, #7442, .T. ) ;
#1190 = DIRECTION ( 'NONE',  ( -0.000000000000000000, 1.000000000000000000, 0.000000000000000000 ) ) ;
#1191 = CARTESIAN_POINT ( 'NONE',  ( 45.97800846927081864, -0.1768496735657256735, -6.205186093216888743 ) ) ;
#1192 = CARTESIAN_POINT ( 'NONE',  ( -1.117461958609883732, 127.6043424541151410, -71.94300359908771725 ) ) ;
#1193 = ORIENTED_EDGE ( 'NONE', *, *, #3426, .F. ) ;
#1194 = CARTESIAN_POINT ( 'NONE',  ( -1.629218473059846017, 164.6629562311642871, -89.63101840224116756 ) ) ;
#1195 = DIRECTION ( 'NONE',  ( 0.000000000000000000, 0.000000000000000000, -1.000000000000000000 ) ) ;
#1196 = CARTESIAN_POINT ( 'NONE',  ( 53.00000000000000711, 20.10000000000000853, -57.39999999999997016 ) ) ;
#1197 = CARTESIAN_POINT ( 'NONE',  ( 104.5686574735433965, -1.273133190451858798, -88.86501909434097968 ) ) ;
#1198 = FACE_OUTER_BOUND ( 'NONE', #825, .T. ) ;
#1199 = CARTESIAN_POINT ( 'NONE',  ( 40.81018701367510459, 10.22515002641636173, -62.36381958182785468 ) ) ;
#1200 = CARTESIAN_POINT ( 'NONE',  ( 131.2615700892533539, 165.1010907078849357, -48.97048415487465434 ) ) ;
#1201 = CARTESIAN_POINT ( 'NONE',  ( 18.99999293356524532, 148.9999953997165392, -32.77756813566458050 ) ) ;
#1202 = CARTESIAN_POINT ( 'NONE',  ( 112.0057053400554281, 136.2323065915610982, -94.58220539964750628 ) ) ;
#1203 = VECTOR ( 'NONE', #1707, 1000.000000000000000 ) ;
#1204 = LINE ( 'NONE', #7659, #4862 ) ;
#1205 = CARTESIAN_POINT ( 'NONE',  ( 113.0055323035856958, 189.8557810683648484, -45.48889893848341615 ) ) ;
#1206 = CARTESIAN_POINT ( 'NONE',  ( 28.80799778177303949, 76.94961101964047145, -80.75340933172523705 ) ) ;
#1207 = CARTESIAN_POINT ( 'NONE',  ( -1.134705730022672165, 127.7627197764198144, -30.56921078070828202 ) ) ;
#1208 = ORIENTED_EDGE ( 'NONE', *, *, #5221, .F. ) ;
#1209 = CARTESIAN_POINT ( 'NONE',  ( 112.1766090575045354, 161.9088124865816098, -4.094807870713691678 ) ) ;
#1210 = ORIENTED_EDGE ( 'NONE', *, *, #1855, .T. ) ;
#1211 = CARTESIAN_POINT ( 'NONE',  ( 18.79474379508469184, 179.8887041088292733, -17.91615454011683539 ) ) ;
#1212 = AXIS2_PLACEMENT_3D ( 'NONE', #3361, #5166, #1909 ) ;
#1213 = ORIENTED_EDGE ( 'NONE', *, *, #7067, .F. ) ;
#1214 = CARTESIAN_POINT ( 'NONE',  ( 27.27203994298027112, 81.84807761771929790, -13.33750885990801294 ) ) ;
#1215 = CARTESIAN_POINT ( 'NONE',  ( 54.50000000000000000, 74.26002270254141990, -19.27369306408119343 ) ) ;
#1216 = EDGE_CURVE ( 'NONE', #4711, #690, #127, .T. ) ;
#1217 = CARTESIAN_POINT ( 'NONE',  ( 6.947132593851507387, 74.14046552847510441, -64.41237383748769219 ) ) ;
#1218 = CARTESIAN_POINT ( 'NONE',  ( 52.50000000000000711, 31.44009945937447625, 18.15194988621846051 ) ) ;
#1219 = EDGE_LOOP ( 'NONE', ( #7406, #3869 ) ) ;
#1220 = ORIENTED_EDGE ( 'NONE', *, *, #5147, .T. ) ;
#1221 = ORIENTED_EDGE ( 'NONE', *, *, #2360, .T. ) ;
#1222 = DIRECTION ( 'NONE',  ( -1.000000000000000000, -0.000000000000000000, -0.000000000000000000 ) ) ;
#1223 = CARTESIAN_POINT ( 'NONE',  ( 53.00000000000000711, 39.90000000000001279, -37.59999999999995879 ) ) ;
#1224 = DIRECTION ( 'NONE',  ( 0.9659258262890713098, 0.000000000000000000, -0.2588190451025091932 ) ) ;
#1225 = CARTESIAN_POINT ( 'NONE',  ( 18.22976070317977459, 0.000000000000000000, -6.200000000000000178 ) ) ;
#1226 = CARTESIAN_POINT ( 'NONE',  ( -1.942952079144025568, 160.7625638977615949, -3.590878405867079959 ) ) ;
#1227 = DIRECTION ( 'NONE',  ( 0.9999999999999951150, 1.000061563076409361E-07, -0.000000000000000000 ) ) ;
#1228 = EDGE_CURVE ( 'NONE', #2102, #1891, #5263, .T. ) ;
#1229 = VECTOR ( 'NONE', #4878, 1000.000000000000000 ) ;
#1230 = DIRECTION ( 'NONE',  ( -1.000000000000000000, -0.000000000000000000, -0.000000000000000000 ) ) ;
#1231 = ORIENTED_EDGE ( 'NONE', *, *, #2262, .T. ) ;
#1232 = FACE_OUTER_BOUND ( 'NONE', #1821, .T. ) ;
#1233 = CARTESIAN_POINT ( 'NONE',  ( 25.17897101401639759, 0.000000000000000000, -23.43568653687048808 ) ) ;
#1234 = DIRECTION ( 'NONE',  ( 1.000000000000000000, 0.000000000000000000, 0.000000000000000000 ) ) ;
#1235 = EDGE_LOOP ( 'NONE', ( #1119, #5929, #6554, #3346, #7668 ) ) ;
#1236 = EDGE_CURVE ( 'NONE', #8375, #7914, #4793, .T. ) ;
#1237 = CARTESIAN_POINT ( 'NONE',  ( -2.113501637655409215, 140.3110533096746622, -74.99233497024911799 ) ) ;
#1238 = EDGE_CURVE ( 'NONE', #4509, #6693, #4674, .T. ) ;
#1239 = LINE ( 'NONE', #7823, #1588 ) ;
#1240 = CARTESIAN_POINT ( 'NONE',  ( 85.92653037247804093, 6.065419726380477883, -88.88137266898833388 ) ) ;
#1241 = CARTESIAN_POINT ( 'NONE',  ( 18.79677410412820748, 179.8510795098182768, -76.98214580995862377 ) ) ;
#1242 = EDGE_CURVE ( 'NONE', #5565, #4921, #4143, .T. ) ;
#1243 = CARTESIAN_POINT ( 'NONE',  ( 42.39589333293312734, 20.06929233276887459, -69.21091270347399416 ) ) ;
#1244 = CARTESIAN_POINT ( 'NONE',  ( 85.49526637814213359, 11.59999999999998366, -25.78908729652601650 ) ) ;
#1245 = CARTESIAN_POINT ( 'NONE',  ( 84.08191696696596296, 0.000000000000000000, -88.79999999999998295 ) ) ;
#1246 = CARTESIAN_POINT ( 'NONE',  ( 5.695171509417805922, 81.56799307951382616, -30.47588062768021544 ) ) ;
#1247 = ORIENTED_EDGE ( 'NONE', *, *, #2122, .T. ) ;
#1248 = CARTESIAN_POINT ( 'NONE',  ( 131.7495637670668316, 160.7143577644879429, -69.68956282223808785 ) ) ;
#1249 = DIRECTION ( 'NONE',  ( 0.000000000000000000, -0.000000000000000000, -1.000000000000000000 ) ) ;
#1250 = CARTESIAN_POINT ( 'NONE',  ( 30.48693549227760613, 78.70961690435493097, -81.75404713315820970 ) ) ;
#1251 = CARTESIAN_POINT ( 'NONE',  ( -2.283682208688473381, 145.5467006532602170, -25.14558596914889321 ) ) ;
#1252 = CARTESIAN_POINT ( 'NONE',  ( 9.820297429374841514, 58.81230485259617069, -29.55793602920495999 ) ) ;
#1253 = EDGE_LOOP ( 'NONE', ( #1923, #5712, #5251 ) ) ;
#1254 = CARTESIAN_POINT ( 'NONE',  ( 17.70502951617527998, 148.7145929509051143, -0.2968668300868001486 ) ) ;
#1255 = ORIENTED_EDGE ( 'NONE', *, *, #3125, .F. ) ;
#1256 = CARTESIAN_POINT ( 'NONE',  ( 100.2621814900479364, 79.69741530050866629, -10.51539591685544117 ) ) ;
#1257 = CARTESIAN_POINT ( 'NONE',  ( 129.8751730675362239, 173.4290939444228741, -41.30744747315823417 ) ) ;
#1258 = DIRECTION ( 'NONE',  ( 1.000000000000000000, 0.000000000000000000, 0.000000000000000000 ) ) ;
#1259 = CARTESIAN_POINT ( 'NONE',  ( 118.8106577468607838, 52.00000000000000711, -65.49856997275421122 ) ) ;
#1260 = ORIENTED_EDGE ( 'NONE', *, *, #2475, .F. ) ;
#1261 = VERTEX_POINT ( 'NONE', #4752 ) ;
#1262 = ORIENTED_EDGE ( 'NONE', *, *, #41, .T. ) ;
#1263 = CARTESIAN_POINT ( 'NONE',  ( -1.266358256376360014, 165.0640997532042888, -48.97135496881597305 ) ) ;
#1264 = PLANE ( 'NONE',  #3643 ) ;
#1265 = B_SPLINE_CURVE_WITH_KNOTS ( 'NONE', 3,
 ( #3133, #6456, #5744, #7133 ),
 .UNSPECIFIED., .F., .F.,
 ( 4, 4 ),
 ( 0.7072600201147032362, 1.000000000000000000 ),
 .UNSPECIFIED. ) ;
#1266 = CARTESIAN_POINT ( 'NONE',  ( 111.2364073806320448, 123.3968356301748059, -4.075959180520968062 ) ) ;
#1267 = CYLINDRICAL_SURFACE ( 'NONE', #520, 1.649999999999998579 ) ;
#1268 = CARTESIAN_POINT ( 'NONE',  ( -2.260851278433150480, 154.5084604676640367, -1.464016478316648495 ) ) ;
#1269 = CARTESIAN_POINT ( 'NONE',  ( 27.81877471410213332, 71.89530030906333025, -84.61462203686818384 ) ) ;
#1270 = B_SPLINE_CURVE_WITH_KNOTS ( 'NONE', 3,
 ( #4264, #6351, #6221, #3712, #2297, #6989, #1051, #3800, #5549, #3751, #8240, #6855, #4995, #5634, #6946, #6398, #8200, #8154, #412, #5675, #7543, #2379, #7502, #5595, #8280, #1651, #4306, #3670, #7586, #7634, #1734, #5037, #4354, #2423, #1778, #4398, #1007, #494, #5723, #8325, #2468, #3618, #5084, #7675, #1819, #26, #3236, #1865, #3966, #6564, #622, #7077, #5930, #4528, #7846, #7116, #67, #1263, #2553, #2680 ),
 .UNSPECIFIED., .F., .F.,
 ( 4, 2, 2, 2, 2, 2, 2, 2, 2, 2, 2, 2, 2, 2, 2, 2, 2, 2, 2, 2, 2, 2, 2, 2, 2, 2, 2, 2, 2, 4 ),
 ( 0.000000000000000000, 0.004402004200587582294, 0.006603006300881387319, 0.008804008401175192344, 0.01320601260176280066, 0.01430651365190970838, 0.01540701470205661609, 0.01760801680235042979, 0.02201002100293799821, 0.02311052205308482266, 0.02421102310323165405, 0.02641202520352536887, 0.02861302730381908022, 0.02971352835396597752, 0.03081402940411287136, 0.03521603360470063060, 0.03741703570499450848, 0.03851753675514149600, 0.03961803780528847657, 0.04402004200587621152, 0.04622104410617007553, 0.04842204620646395341, 0.05282405040705173693, 0.05722605460763950658, 0.05942705670793336364, 0.06162805880822722765, 0.06603006300881494872, 0.06713056405896188072, 0.06823106510910881273, 0.07043206720940269061 ),
 .UNSPECIFIED. ) ;
#1271 = DIRECTION ( 'NONE',  ( -1.000000000000000000, 0.000000000000000000, 0.000000000000000000 ) ) ;
#1272 = VERTEX_POINT ( 'NONE', #765 ) ;
#1273 = FACE_OUTER_BOUND ( 'NONE', #706, .T. ) ;
#1274 = EDGE_CURVE ( 'NONE', #3672, #7290, #6661, .T. ) ;
#1275 = CARTESIAN_POINT ( 'NONE',  ( 102.8162788410337072, -6.445383229473934605, -6.389010008176202682 ) ) ;
#1276 = CARTESIAN_POINT ( 'NONE',  ( 27.98076918171938843, 81.12809991346361471, -84.48846289855079306 ) ) ;
#1277 = ORIENTED_EDGE ( 'NONE', *, *, #3771, .T. ) ;
#1278 = CARTESIAN_POINT ( 'NONE',  ( -2.024329941062853244, 157.1914068663124340, -71.59007539683256027 ) ) ;
#1279 = VECTOR ( 'NONE', #1234, 1000.000000000000000 ) ;
#1280 = DIRECTION ( 'NONE',  ( 0.000000000000000000, 1.000000000000000000, 0.000000000000000000 ) ) ;
#1281 = CARTESIAN_POINT ( 'NONE',  ( 114.5723773539955204, 33.00234238232563655, -67.06874024996874084 ) ) ;
#1282 = DIRECTION ( 'NONE',  ( 0.000000000000000000, -0.000000000000000000, -1.000000000000000000 ) ) ;
#1283 = CARTESIAN_POINT ( 'NONE',  ( 40.78076630892195453, 18.57149714102202864, -68.83408778689236840 ) ) ;
#1284 = CIRCLE ( 'NONE', #3886, 2.100000000000004530 ) ;
#1285 = DIRECTION ( 'NONE',  ( 0.000000000000000000, 0.000000000000000000, -1.000000000000000000 ) ) ;
#1286 = CARTESIAN_POINT ( 'NONE',  ( 97.41102730343625637, -0.000000000000000000, -84.23594476372001338 ) ) ;
#1287 = CARTESIAN_POINT ( 'NONE',  ( 3.617549630270285199, 94.31509445103874612, -29.74920676293386990 ) ) ;
#1288 = ORIENTED_EDGE ( 'NONE', *, *, #3004, .T. ) ;
#1289 = B_SPLINE_CURVE_WITH_KNOTS ( 'NONE', 3,
 ( #1872, #3843, #499, #2516, #4489, #6380, #7215, #3090 ),
 .UNSPECIFIED., .F., .F.,
 ( 4, 2, 2, 4 ),
 ( 0.007114107779075142662, 0.008201912513625900930, 0.009289717248176659198, 0.01146532671727816359 ),
 .UNSPECIFIED. ) ;
#1290 = ADVANCED_FACE ( 'NONE', ( #2134 ), #2741, .F. ) ;
#1291 = CARTESIAN_POINT ( 'NONE',  ( 132.2344509793954046, 143.5961255144110851, -74.96171332250578700 ) ) ;
#1292 = CYLINDRICAL_SURFACE ( 'NONE', #2170, 11.25000000000000355 ) ;
#1293 = CARTESIAN_POINT ( 'NONE',  ( 12.46506683372177626, 45.99362569710351067, -75.50843114384169041 ) ) ;
#1294 = CARTESIAN_POINT ( 'NONE',  ( 42.39589333293312734, -2.000000000000000000, -67.76091270347399131 ) ) ;
#1295 = EDGE_CURVE ( 'NONE', #5921, #4728, #6338, .T. ) ;
#1296 = CARTESIAN_POINT ( 'NONE',  ( 110.8887096685090370, 183.3170825700034356, -22.99021291269690082 ) ) ;
#1297 = EDGE_LOOP ( 'NONE', ( #5798, #492, #4193, #7888 ) ) ;
#1298 = CARTESIAN_POINT ( 'NONE',  ( 47.99558823093378379, 78.34000000000001762, -84.49008245022770325 ) ) ;
#1299 = ORIENTED_EDGE ( 'NONE', *, *, #2661, .F. ) ;
#1300 = CARTESIAN_POINT ( 'NONE',  ( 104.5000000000000284, 86.74615520379926181, -10.39436932410302816 ) ) ;
#1301 = AXIS2_PLACEMENT_3D ( 'NONE', #5859, #676, #6573 ) ;
#1302 = DIRECTION ( 'NONE',  ( 0.000000000000000000, 0.000000000000000000, 1.000000000000000000 ) ) ;
#1303 = CARTESIAN_POINT ( 'NONE',  ( -1.220137506708657948, 128.5966559372246820, -72.25247869599698447 ) ) ;
#1304 = CYLINDRICAL_SURFACE ( 'NONE', #911, 18.50000000000000000 ) ;
#1305 = ORIENTED_EDGE ( 'NONE', *, *, #4365, .F. ) ;
#1306 = VERTEX_POINT ( 'NONE', #2219 ) ;
#1307 = EDGE_LOOP ( 'NONE', ( #2211, #8094 ) ) ;
#1308 = DIRECTION ( 'NONE',  ( 1.000000000000000000, 0.000000000000000000, 0.000000000000000000 ) ) ;
#1309 = CARTESIAN_POINT ( 'NONE',  ( 87.60409755359897588, 78.34000000000000341, -29.38908729652600016 ) ) ;
#1310 = CARTESIAN_POINT ( 'NONE',  ( 130.6556325670750311, 122.9329601075366440, -4.232291722792109745 ) ) ;
#1311 = CARTESIAN_POINT ( 'NONE',  ( 52.50000000000000711, 52.31990054062555373, -30.20690866110469486 ) ) ;
#1312 = CARTESIAN_POINT ( 'NONE',  ( -1.396874665449459485, 129.8730276525035663, -1.701580214297133686 ) ) ;
#1313 = CARTESIAN_POINT ( 'NONE',  ( 87.60409755359897588, 52.00000000000000711, -29.38908729652600016 ) ) ;
#1314 = CIRCLE ( 'NONE', #4185, 2.149999999999999023 ) ;
#1315 = CARTESIAN_POINT ( 'NONE',  ( 43.65237273888625680, 19.11215046170205056, -68.99006430891562047 ) ) ;
#1316 = ORIENTED_EDGE ( 'NONE', *, *, #609, .F. ) ;
#1317 = AXIS2_PLACEMENT_3D ( 'NONE', #6507, #2454, #4386 ) ;
#1318 = CARTESIAN_POINT ( 'NONE',  ( 102.9643473029621674, -6.008350333855413616, -26.19659226694707499 ) ) ;
#1319 = CARTESIAN_POINT ( 'NONE',  ( 25.73476488355101210, 85.27638129606165762, -84.55894692403319368 ) ) ;
#1320 = CIRCLE ( 'NONE', #3507, 2.750000000000000000 ) ;
#1321 = CARTESIAN_POINT ( 'NONE',  ( -1.652657747194688387, 132.9215916656041827, -94.03420173068057863 ) ) ;
#1322 =( BOUNDED_SURFACE ( )  B_SPLINE_SURFACE ( 3, 2, ( 
 ( #718, #5134, #7902 ),
 ( #3890, #634, #7087 ),
 ( #3247, #1925, #7818 ),
 ( #1318, #7733, #4018 ),
 ( #550, #1275, #4538 ),
 ( #6489, #3935, #3332 ),
 ( #1879, #8465, #5940 ),
 ( #3850, #6449, #3201 ),
 ( #8417, #5864, #2608 ),
 ( #7338, #6736, #3500 ),
 ( #8107, #6060, #1564 ),
 ( #7416, #4181, #6107 ),
 ( #2856, #280, #7981 ),
 ( #2125, #3377, #4871 ),
 ( #881, #2815, #2734 ),
 ( #5984, #1480, #4703 ),
 ( #6779, #6021, #3460 ),
 ( #2214, #2255, #196 ),
 ( #7292, #801, #7463 ),
 ( #5424, #242, #5467 ),
 ( #8067, #927, #4829 ),
 ( #2171, #8028, #7377 ),
 ( #2893, #4788, #5380 ),
 ( #3545, #1438, #1521 ),
 ( #161, #124, #6145 ),
 ( #5507, #1611, #3419 ),
 ( #4064, #6654, #6616 ),
 ( #4137, #759, #5347 ),
 ( #2774, #7945, #4746 ),
 ( #2086, #4101, #6694 ),
 ( #837, #3756, #1134 ),
 ( #2426, #6270, #4957 ),
 ( #415, #2300, #3624 ),
 ( #6904, #5553, #8204 ),
 ( #8157, #6357, #498 ),
 ( #3115, #5041, #3025 ),
 ( #4999, #5637, #4916 ),
 ( #7546, #1054, #7506 ),
 ( #6949, #7638, #4401 ),
 ( #3715, #6225, #3065 ),
 ( #6992, #1654, #2341 ),
 ( #1094, #4359, #4226 ),
 ( #2382, #6312, #6185 ),
 ( #8243, #7590, #453 ),
 ( #1010, #5726, #1694 ),
 ( #2979, #4267, #4310 ),
 ( #1738, #5680, #1781 ),
 ( #8284, #8329, #2471 ),
 ( #5598, #5087, #3673 ),
 ( #7679, #6819, #965 ),
 ( #320, #370, #3583 ),
 ( #2936, #6858, #2557 ),
 ( #3239, #7079, #7848 ),
 ( #7036, #70, #8370 ),
 ( #5932, #3842, #1266 ),
 ( #3926, #3323, #4569 ),
 ( #1956, #4442, #5809 ),
 ( #1181, #3284, #7157 ),
 ( #7118, #1310, #3159 ),
 ( #5856, #3802, #6443 ) ),
 .UNSPECIFIED., .F., .F., .F. ) 
 B_SPLINE_SURFACE_WITH_KNOTS ( ( 4, 2, 2, 2, 2, 2, 2, 2, 2, 2, 2, 2, 2, 2, 2, 2, 2, 2, 2, 2, 2, 2, 2, 2, 2, 2, 2, 2, 2, 4 ),
 ( 3, 3 ),
 ( 0.1361729904024995830, 0.1367050026458760947, 0.1369710087675643506, 0.1370375102979864146, 0.1371040118284084786, 0.1372370148892526343, 0.1383010393760056855, 0.1404290883495117881, 0.1425571373230178907, 0.1430891495663944024, 0.1433551556880826583, 0.1436211618097709142, 0.1446851862965239655, 0.1531973821905483479, 0.1702217739785971129, 0.1872461657666458779, 0.2042705575546946151, 0.2212949493427433523, 0.2383193411307921172, 0.2425754390778043224, 0.2468315370248164997, 0.2553437329188408822, 0.2638559288128652369, 0.2681120267598774420, 0.2702400757333835446, 0.2703730787942276725, 0.2705060818550718560, 0.2707720879767601119, 0.2713041002201366236, 0.2723681247068896472 ),
 ( 0.000000000000000000, 1.000000000000000000 ),
 .UNSPECIFIED. ) 
 GEOMETRIC_REPRESENTATION_ITEM ( )  RATIONAL_B_SPLINE_SURFACE ( (
 ( 1.000000000000000000, 0.7104244958351914052, 1.000000000000000000),
 ( 1.000000000000000000, 0.7104244958351914052, 1.000000000000000000),
 ( 1.000000000000000000, 0.7104244958351911832, 1.000000000000000000),
 ( 1.000000000000000000, 0.7104244958351911832, 1.000000000000000000),
 ( 1.000000000000000000, 0.7104244958351914052, 1.000000000000000000),
 ( 1.000000000000000000, 0.7104244958351914052, 1.000000000000000000),
 ( 1.000000000000000000, 0.7104014491832588707, 1.000000000000000000),
 ( 1.000000000000000000, 0.7103721846239665627, 1.000000000000000000),
 ( 1.000000000000000000, 0.7103575651594693507, 1.000000000000000000),
 ( 1.000000000000000000, 0.7103137452099019811, 1.000000000000000000),
 ( 1.000000000000000000, 0.7102845831687890632, 1.000000000000000000),
 ( 1.000000000000000000, 0.7100225860846897108, 1.000000000000000000),
 ( 1.000000000000000000, 0.7097929802672535704, 1.000000000000000000),
 ( 1.000000000000000000, 0.7091139924928465677, 1.000000000000000000),
 ( 1.000000000000000000, 0.7086744425263542535, 1.000000000000000000),
 ( 1.000000000000000000, 0.7078214364345691845, 1.000000000000000000),
 ( 1.000000000000000000, 0.7074079798501035077, 1.000000000000000000),
 ( 1.000000000000000000, 0.7069073473277560637, 1.000000000000000000),
 ( 1.000000000000000000, 0.7068080300850351216, 1.000000000000000000),
 ( 1.000000000000000000, 0.7066602654396623162, 1.000000000000000000),
 ( 1.000000000000000000, 0.7066117493026040641, 1.000000000000000000),
 ( 1.000000000000000000, 0.7065150965749400491, 1.000000000000000000),
 ( 1.000000000000000000, 0.7064670827542619547, 1.000000000000000000),
 ( 1.000000000000000000, 0.7062285674289275894, 1.000000000000000000),
 ( 1.000000000000000000, 0.7060427273178159213, 1.000000000000000000),
 ( 1.000000000000000000, 0.7044138814998791576, 1.000000000000000000),
 ( 1.000000000000000000, 0.7032765855177437464, 1.000000000000000000),
 ( 1.000000000000000000, 0.7006216180852661291, 1.000000000000000000),
 ( 1.000000000000000000, 0.6998550667192571240, 1.000000000000000000),
 ( 1.000000000000000000, 0.6994904860690263071, 1.000000000000000000),
 ( 1.000000000000000000, 0.6998931998275639277, 1.000000000000000000),
 ( 1.000000000000000000, 0.7013358904143103256, 1.000000000000000000),
 ( 1.000000000000000000, 0.7023784517668334448, 1.000000000000000000),
 ( 1.000000000000000000, 0.7048222498567271455, 1.000000000000000000),
 ( 1.000000000000000000, 0.7062188927159885887, 1.000000000000000000),
 ( 1.000000000000000000, 0.7092431383388987376, 1.000000000000000000),
 ( 1.000000000000000000, 0.7108728062238742762, 1.000000000000000000),
 ( 1.000000000000000000, 0.7130585695427315018, 1.000000000000000000),
 ( 1.000000000000000000, 0.7135033679549961372, 1.000000000000000000),
 ( 1.000000000000000000, 0.7144090271532906877, 1.000000000000000000),
 ( 1.000000000000000000, 0.7148754282950464667, 1.000000000000000000),
 ( 1.000000000000000000, 0.7162625788766240342, 1.000000000000000000),
 ( 1.000000000000000000, 0.7171195038292406121, 1.000000000000000000),
 ( 1.000000000000000000, 0.7184674006649778288, 1.000000000000000000),
 ( 1.000000000000000000, 0.7189582894304979988, 1.000000000000000000),
 ( 1.000000000000000000, 0.7192186096232213721, 1.000000000000000000),
 ( 1.000000000000000000, 0.7192257544884371745, 1.000000000000000000),
 ( 1.000000000000000000, 0.7190893468737398209, 1.000000000000000000),
 ( 1.000000000000000000, 0.7190193401799865880, 1.000000000000000000),
 ( 1.000000000000000000, 0.7189163347473349619, 1.000000000000000000),
 ( 1.000000000000000000, 0.7189101703520154318, 1.000000000000000000),
 ( 1.000000000000000000, 0.7188976298684465194, 1.000000000000000000),
 ( 1.000000000000000000, 0.7188951824000868740, 1.000000000000000000),
 ( 1.000000000000000000, 0.7188399450348460507, 1.000000000000000000),
 ( 1.000000000000000000, 0.7188029072287210886, 1.000000000000000000),
 ( 1.000000000000000000, 0.7186911527430059898, 1.000000000000000000),
 ( 1.000000000000000000, 0.7186157949997156180, 1.000000000000000000),
 ( 1.000000000000000000, 0.7183871383393241050, 1.000000000000000000),
 ( 1.000000000000000000, 0.7182312560192353201, 1.000000000000000000),
 ( 1.000000000000000000, 0.7180718774207841548, 1.000000000000000000) ) ) 
 REPRESENTATION_ITEM ( '' )  SURFACE ( )  );
#1323 = VECTOR ( 'NONE', #6474, 1000.000000000000000 ) ;
#1324 = DIRECTION ( 'NONE',  ( -0.000000000000000000, -0.000000000000000000, -1.000000000000000000 ) ) ;
#1325 = CIRCLE ( 'NONE', #2560, 3.600000000000005862 ) ;
#1326 = ADVANCED_FACE ( 'NONE', ( #1410, #8038 ), #5355, .F. ) ;
#1327 = CARTESIAN_POINT ( 'NONE',  ( 7.611243881310984172, 70.53936041465958340, -30.45987757620599723 ) ) ;
#1328 = DIRECTION ( 'NONE',  ( 0.000000000000000000, 1.000000000000000000, 0.000000000000000000 ) ) ;
#1329 = CARTESIAN_POINT ( 'NONE',  ( 131.3569508014726352, 164.3427976064556049, -41.66509607780479030 ) ) ;
#1330 = DIRECTION ( 'NONE',  ( -1.000000000000000000, 0.000000000000000000, 0.000000000000000000 ) ) ;
#1331 = CARTESIAN_POINT ( 'NONE',  ( 1.043527165542641022, 110.8357353079356642, -7.586076438554577805 ) ) ;
#1332 = ORIENTED_EDGE ( 'NONE', *, *, #4578, .T. ) ;
#1333 = CARTESIAN_POINT ( 'NONE',  ( 111.6491883764161201, 173.8720257188243750, -83.31008745255009273 ) ) ;
#1334 = CARTESIAN_POINT ( 'NONE',  ( 130.0000000000000000, 142.5999999999999943, -47.50000000000000000 ) ) ;
#1335 = CARTESIAN_POINT ( 'NONE',  ( 115.1060875822186063, 35.93387365506013964, -25.49999999999998579 ) ) ;
#1336 = CARTESIAN_POINT ( 'NONE',  ( -2.073778760858366876, 156.3045520303176943, -29.63982845611543837 ) ) ;
#1337 = CARTESIAN_POINT ( 'NONE',  ( 112.2590444450170395, 146.4314506769877653, -0.1485293358733393021 ) ) ;
#1338 = ORIENTED_EDGE ( 'NONE', *, *, #3415, .T. ) ;
#1339 = CARTESIAN_POINT ( 'NONE',  ( 46.63738539817904893, 78.34000000000003183, -81.02452954509583094 ) ) ;
#1340 = AXIS2_PLACEMENT_3D ( 'NONE', #8286, #582, #5088 ) ;
#1341 = ORIENTED_EDGE ( 'NONE', *, *, #8382, .T. ) ;
#1342 = CARTESIAN_POINT ( 'NONE',  ( 95.50000000000001421, 78.34000000000001762, -10.50991754977234827 ) ) ;
#1343 = EDGE_CURVE ( 'NONE', #8056, #6388, #5389, .T. ) ;
#1344 = CARTESIAN_POINT ( 'NONE',  ( 128.3268140327128037, 125.2258020905060789, -13.66505190598586417 ) ) ;
#1345 = EDGE_CURVE ( 'NONE', #4953, #4944, #6627, .T. ) ;
#1346 = DIRECTION ( 'NONE',  ( 1.000000000000000000, -0.000000000000000000, -0.000000000000000000 ) ) ;
#1347 = VERTEX_POINT ( 'NONE', #7995 ) ;
#1348 = ORIENTED_EDGE ( 'NONE', *, *, #607, .F. ) ;
#1349 = CIRCLE ( 'NONE', #1894, 1.649999999999974376 ) ;
#1350 = ORIENTED_EDGE ( 'NONE', *, *, #2649, .T. ) ;
#1351 = DIRECTION ( 'NONE',  ( 0.000000000000000000, 0.7071067811865451302, 0.7071067811865499042 ) ) ;
#1352 = CARTESIAN_POINT ( 'NONE',  ( 130.3837756230967670, 121.2892975721951530, -54.75581234549071041 ) ) ;
#1353 = LINE ( 'NONE', #672, #5341 ) ;
#1354 = CARTESIAN_POINT ( 'NONE',  ( 25.50000000000000355, 77.53621740777782634, -18.66038639261354604 ) ) ;
#1355 = CARTESIAN_POINT ( 'NONE',  ( 49.50000000000000000, 53.64580823289530542, -44.99999999999997158 ) ) ;
#1356 = CARTESIAN_POINT ( 'NONE',  ( 11.68787664684506566, 49.61426141969952397, -32.31156713068548925 ) ) ;
#1357 = CARTESIAN_POINT ( 'NONE',  ( 34.54814842406007358, 40.85256281368973674, -86.85659468141513173 ) ) ;
#1358 = CARTESIAN_POINT ( 'NONE',  ( 53.00000000000000711, 39.90000000000001279, -57.39999999999996305 ) ) ;
#1359 = VERTEX_POINT ( 'NONE', #2184 ) ;
#1360 = AXIS2_PLACEMENT_3D ( 'NONE', #4861, #4215, #269 ) ;
#1361 = DIRECTION ( 'NONE',  ( 1.000000000000000000, 0.000000000000000000, 0.000000000000000000 ) ) ;
#1362 = CARTESIAN_POINT ( 'NONE',  ( 37.54268651639599597, 74.62654356742478967, -19.19071236384241530 ) ) ;
#1363 = CARTESIAN_POINT ( 'NONE',  ( 25.98271651707384677, 84.41678660573187187, -84.53678719920313256 ) ) ;
#1364 = CARTESIAN_POINT ( 'NONE',  ( -0.7745104166424361392, 168.5090295615790126, -62.97130977371055849 ) ) ;
#1365 = CARTESIAN_POINT ( 'NONE',  ( 20.67562001606559008, 13.65927158128351238, -66.24219635206695500 ) ) ;
#1366 = CARTESIAN_POINT ( 'NONE',  ( 59.27607756479996226, 48.26728109619604368, -44.54324712588213941 ) ) ;
#1367 = CARTESIAN_POINT ( 'NONE',  ( 2.741336104556110431, 99.87424941138741019, -29.16599847334828155 ) ) ;
#1368 = DIRECTION ( 'NONE',  ( 0.000000000000000000, 0.9519809258384943629, -0.3061573400062183592 ) ) ;
#1369 = CARTESIAN_POINT ( 'NONE',  ( 132.2528212847112172, 144.0864864168531767, -70.00000000000002842 ) ) ;
#1370 = CARTESIAN_POINT ( 'NONE',  ( 94.36512117583899339, 0.000000000000000000, -86.27548878314925673 ) ) ;
#1371 = CARTESIAN_POINT ( 'NONE',  ( -0.01977373054098247387, 118.1371355228103681, -5.743344974792036872 ) ) ;
#1372 = EDGE_CURVE ( 'NONE', #571, #1175, #3515, .T. ) ;
#1373 = VERTEX_POINT ( 'NONE', #3557 ) ;
#1374 =( BOUNDED_CURVE ( )  B_SPLINE_CURVE ( 3, ( #6421, #1244, #2489, #4548 ),
 .UNSPECIFIED., .F., .F. ) 
 B_SPLINE_CURVE_WITH_KNOTS ( ( 4, 4 ),
 ( 3.141592653589793116, 4.712388980384683457 ),
 .UNSPECIFIED. ) 
 CURVE ( )  GEOMETRIC_REPRESENTATION_ITEM ( )  RATIONAL_B_SPLINE_CURVE ( ( 1.000000000000000000, 0.8047378541243663808, 0.8047378541243663808, 1.000000000000000000 ) ) 
 REPRESENTATION_ITEM ( '' )  );
#1375 = CARTESIAN_POINT ( 'NONE',  ( 131.8090131424220317, 135.0490112458563772, -94.42343147291762762 ) ) ;
#1376 = CARTESIAN_POINT ( 'NONE',  ( 8.878688445987465983, 123.2646791342259291, -6.860689495671412175 ) ) ;
#1377 = CARTESIAN_POINT ( 'NONE',  ( 130.2701583065981197, 119.9660077001965277, -89.80162646096248125 ) ) ;
#1378 = DIRECTION ( 'NONE',  ( 0.000000000000000000, 1.000000000000000000, 0.000000000000000000 ) ) ;
#1379 = CARTESIAN_POINT ( 'NONE',  ( 131.6000110203801228, 132.6289901724854303, -73.75080312580925579 ) ) ;
#1380 = VERTEX_POINT ( 'NONE', #4841 ) ;
#1381 = DIRECTION ( 'NONE',  ( 0.000000000000000000, 0.000000000000000000, -1.000000000000000000 ) ) ;
#1382 = ORIENTED_EDGE ( 'NONE', *, *, #5461, .F. ) ;
#1383 = CARTESIAN_POINT ( 'NONE',  ( 32.76214631048360104, 78.49860051500790803, -84.48899385778889837 ) ) ;
#1384 = CARTESIAN_POINT ( 'NONE',  ( 126.8898284094210283, 124.5697920720820235, -11.65028803675457070 ) ) ;
#1385 = FACE_OUTER_BOUND ( 'NONE', #3787, .T. ) ;
#1386 = ORIENTED_EDGE ( 'NONE', *, *, #3037, .T. ) ;
#1387 = ORIENTED_EDGE ( 'NONE', *, *, #3108, .F. ) ;
#1388 = ORIENTED_EDGE ( 'NONE', *, *, #7844, .F. ) ;
#1389 = DIRECTION ( 'NONE',  ( 1.000000000000000000, -0.000000000000000000, -0.000000000000000000 ) ) ;
#1390 = ADVANCED_FACE ( 'NONE', ( #3434 ), #7429, .F. ) ;
#1391 = CARTESIAN_POINT ( 'NONE',  ( 131.4263867889452513, 130.7059118768912356, -28.38674093448893387 ) ) ;
#1392 = CARTESIAN_POINT ( 'NONE',  ( 43.23956224574207141, -0.000000000000000000, -88.67756253347401696 ) ) ;
#1393 = CARTESIAN_POINT ( 'NONE',  ( 49.25073169717848742, 44.98997200502928706, -67.20068146605541415 ) ) ;
#1394 = CARTESIAN_POINT ( 'NONE',  ( 25.50000000000000711, 99.33335338243338697, -85.10812377717944344 ) ) ;
#1395 = CARTESIAN_POINT ( 'NONE',  ( 12.62908292185979064, 45.33686070389549627, -67.00086960148261994 ) ) ;
#1396 = CARTESIAN_POINT ( 'NONE',  ( 22.39589333293312734, 8.000000000000000000, -54.50000000000000711 ) ) ;
#1397 = EDGE_LOOP ( 'NONE', ( #3276, #7286 ) ) ;
#1398 = DIRECTION ( 'NONE',  ( 0.000000000000000000, 0.000000000000000000, 1.000000000000000000 ) ) ;
#1399 = EDGE_LOOP ( 'NONE', ( #158, #4814, #955, #458, #6395, #632, #4898 ) ) ;
#1400 = EDGE_CURVE ( 'NONE', #2964, #7113, #4148, .T. ) ;
#1401 = CARTESIAN_POINT ( 'NONE',  ( 111.0000000000000000, 151.1000000000000796, -62.22243186433541950 ) ) ;
#1402 = CARTESIAN_POINT ( 'NONE',  ( -0.6981968845551148606, 123.2790008687546219, -4.115671144013420601 ) ) ;
#1403 = CARTESIAN_POINT ( 'NONE',  ( 18.60580138426584540, 177.4786444691893905, -79.76062053142297259 ) ) ;
#1404 = CARTESIAN_POINT ( 'NONE',  ( 105.6124790319201736, 1.823416434936031560, -26.13318068001618855 ) ) ;
#1405 = CARTESIAN_POINT ( 'NONE',  ( -1.073332730392854373, 127.1802096333748722, -23.19093062245585912 ) ) ;
#1406 = DIRECTION ( 'NONE',  ( 0.000000000000000000, -1.000000000000000000, 0.000000000000000000 ) ) ;
#1407 = CARTESIAN_POINT ( 'NONE',  ( 104.5000000000000142, 123.2000559591661784, -90.85772331675772762 ) ) ;
#1408 = CARTESIAN_POINT ( 'NONE',  ( 0.02878501217761262818, 118.0463573816081322, -25.76504458704060241 ) ) ;
#1409 = VERTEX_POINT ( 'NONE', #5322 ) ;
#1410 = FACE_OUTER_BOUND ( 'NONE', #3659, .T. ) ;
#1411 = DIRECTION ( 'NONE',  ( -1.000000000000000000, -0.000000000000000000, -0.000000000000000000 ) ) ;
#1412 = CARTESIAN_POINT ( 'NONE',  ( 131.1753441771126631, 128.1587883427009160, -72.11604643468176334 ) ) ;
#1413 = DIRECTION ( 'NONE',  ( 0.000000000000000000, -1.000000000000000000, 0.000000000000000000 ) ) ;
#1414 = CARTESIAN_POINT ( 'NONE',  ( 130.6951848547078612, 122.9551718684945598, -90.82977647765130769 ) ) ;
#1415 = ORIENTED_EDGE ( 'NONE', *, *, #1216, .T. ) ;
#1416 = CARTESIAN_POINT ( 'NONE',  ( 42.39589333293313445, 12.30000000000000071, -29.38908729652599305 ) ) ;
#1417 = ORIENTED_EDGE ( 'NONE', *, *, #4142, .F. ) ;
#1418 = CARTESIAN_POINT ( 'NONE',  ( 12.30106303720035754, 46.74868316657551759, -65.90013932010164410 ) ) ;
#1419 = CARTESIAN_POINT ( 'NONE',  ( 111.2344881839961204, 179.5051551470989182, -17.52826419431893612 ) ) ;
#1420 = CARTESIAN_POINT ( 'NONE',  ( 118.2351240253650246, 123.0393017284024921, -5.537319801377623030 ) ) ;
#1421 = CARTESIAN_POINT ( 'NONE',  ( 126.0000000000000000, 142.5999999999999943, -47.50000000000000000 ) ) ;
#1422 = ORIENTED_EDGE ( 'NONE', *, *, #2319, .T. ) ;
#1423 = ORIENTED_EDGE ( 'NONE', *, *, #7287, .T. ) ;
#1424 = EDGE_CURVE ( 'NONE', #5169, #7575, #5493, .T. ) ;
#1425 = ORIENTED_EDGE ( 'NONE', *, *, #260, .T. ) ;
#1426 = CARTESIAN_POINT ( 'NONE',  ( 53.00000000000000711, 20.10000000000000853, -57.39999999999997016 ) ) ;
#1427 = CARTESIAN_POINT ( 'NONE',  ( 130.6092863959530632, 123.1164960521528542, -58.75967701103130025 ) ) ;
#1428 = AXIS2_PLACEMENT_3D ( 'NONE', #502, #2345, #7549 ) ;
#1429 = DIRECTION ( 'NONE',  ( 0.000000000000000000, -0.000000000000000000, 1.000000000000000000 ) ) ;
#1430 = CARTESIAN_POINT ( 'NONE',  ( 18.37585685614968867, 127.3937233269057998, -2.488251400900018506 ) ) ;
#1431 = CARTESIAN_POINT ( 'NONE',  ( 11.18932443189169312, 52.00000000000000711, -40.50000000000000711 ) ) ;
#1432 = CARTESIAN_POINT ( 'NONE',  ( 111.2763448517981431, 123.2000559591662636, -90.85772331675777025 ) ) ;
#1433 = EDGE_LOOP ( 'NONE', ( #1877, #1247, #7881, #3965 ) ) ;
#1434 = AXIS2_PLACEMENT_3D ( 'NONE', #3150, #5761, #2506 ) ;
#1435 = CIRCLE ( 'NONE', #5540, 1.649999999999998579 ) ;
#1436 = CARTESIAN_POINT ( 'NONE',  ( 34.06541411983339884, 78.33999999999818442, -84.49008245021431662 ) ) ;
#1437 = VERTEX_POINT ( 'NONE', #810 ) ;
#1438 = CARTESIAN_POINT ( 'NONE',  ( 105.3316438225885037, 0.9828810657638604731, -6.074841007769146373 ) ) ;
#1439 = CARTESIAN_POINT ( 'NONE',  ( 27.77883090726516002, 81.34702920546855864, -84.48992766727830883 ) ) ;
#1440 = CARTESIAN_POINT ( 'NONE',  ( -1.223949016773540066, 165.3982687393571211, -66.17720136027762123 ) ) ;
#1441 = CARTESIAN_POINT ( 'NONE',  ( 27.77105914202834924, 78.29026311794939375, -80.64721994532997940 ) ) ;
#1442 = CIRCLE ( 'NONE', #637, 4.149999999999994138 ) ;
#1443 = CARTESIAN_POINT ( 'NONE',  ( 65.29488644439625489, 48.44103765902953285, -45.80207061894584086 ) ) ;
#1444 = EDGE_CURVE ( 'NONE', #8056, #2975, #431, .T. ) ;
#1445 = CARTESIAN_POINT ( 'NONE',  ( 54.50000000000000000, 78.34000000000000341, -14.35906609687316582 ) ) ;
#1446 = CARTESIAN_POINT ( 'NONE',  ( 101.7140004994776490, -0.000000000000000000, -79.61606884270169360 ) ) ;
#1447 = CARTESIAN_POINT ( 'NONE',  ( 26.09733175102121550, -3.238827260744552294, -26.13438875124978011 ) ) ;
#1448 = ORIENTED_EDGE ( 'NONE', *, *, #8116, .F. ) ;
#1449 = AXIS2_PLACEMENT_3D ( 'NONE', #5593, #2336, #6944 ) ;
#1450 = CIRCLE ( 'NONE', #7324, 3.000000000000002665 ) ;
#1451 = FACE_OUTER_BOUND ( 'NONE', #6410, .T. ) ;
#1452 = CARTESIAN_POINT ( 'NONE',  ( 56.50000000000000711, 39.90000000000001279, -37.59999999999995879 ) ) ;
#1453 = CARTESIAN_POINT ( 'NONE',  ( 111.2293509777619107, 123.3297344356773948, -90.90142677796815462 ) ) ;
#1454 = CARTESIAN_POINT ( 'NONE',  ( 56.50000000000000000, 38.64580823289530542, -44.99999999999996447 ) ) ;
#1455 = FACE_OUTER_BOUND ( 'NONE', #7137, .T. ) ;
#1456 = EDGE_LOOP ( 'NONE', ( #5354, #578, #6230, #3529 ) ) ;
#1457 = CARTESIAN_POINT ( 'NONE',  ( -1.662490652329095431, 133.3773692851639794, -21.04354059013888900 ) ) ;
#1458 = CARTESIAN_POINT ( 'NONE',  ( 119.5522513632008241, 187.6000000000000227, -43.73471085338626096 ) ) ;
#1459 = VERTEX_POINT ( 'NONE', #7350 ) ;
#1460 = CARTESIAN_POINT ( 'NONE',  ( 49.50000000000000000, 39.90000000000001279, -54.39999999999996305 ) ) ;
#1461 = CARTESIAN_POINT ( 'NONE',  ( 128.5065500875739986, 182.7848860234231267, -22.04808481440448276 ) ) ;
#1462 = DIRECTION ( 'NONE',  ( 1.000000000000000000, -0.000000000000000000, -0.000000000000000000 ) ) ;
#1463 = FACE_BOUND ( 'NONE', #4256, .T. ) ;
#1464 = ORIENTED_EDGE ( 'NONE', *, *, #666, .F. ) ;
#1465 = VECTOR ( 'NONE', #8148, 1000.000000000000000 ) ;
#1466 = ORIENTED_EDGE ( 'NONE', *, *, #3633, .F. ) ;
#1467 = LINE ( 'NONE', #2158, #134 ) ;
#1468 = EDGE_CURVE ( 'NONE', #5537, #8142, #2095, .T. ) ;
#1469 = CARTESIAN_POINT ( 'NONE',  ( 130.6089552829109266, 123.1126753117052743, -36.22879372088330996 ) ) ;
#1470 = DIRECTION ( 'NONE',  ( -1.000000000000000000, -0.000000000000000000, -0.000000000000000000 ) ) ;
#1471 = ADVANCED_FACE ( 'NONE', ( #938, #4712 ), #6116, .T. ) ;
#1472 = CARTESIAN_POINT ( 'NONE',  ( 95.50000000000001421, 78.34000000000000341, -84.49008245022766062 ) ) ;
#1473 = CARTESIAN_POINT ( 'NONE',  ( 109.7231885165836616, 113.0589131450306866, -7.060996209690742376 ) ) ;
#1474 = CARTESIAN_POINT ( 'NONE',  ( 13.45784564798560545, 188.9613819629454952, -44.54126365867794135 ) ) ;
#1475 = CIRCLE ( 'NONE', #6257, 1.649999999999974376 ) ;
#1476 = VERTEX_POINT ( 'NONE', #251 ) ;
#1477 = CARTESIAN_POINT ( 'NONE',  ( 42.47838149931244800, 20.06929233276886748, -69.21091270347399416 ) ) ;
#1478 = ORIENTED_EDGE ( 'NONE', *, *, #2967, .F. ) ;
#1479 = VECTOR ( 'NONE', #3091, 1000.000000000000000 ) ;
#1480 = CARTESIAN_POINT ( 'NONE',  ( 104.3201211996735935, -2.006702824503053595, -6.161470633374940498 ) ) ;
#1481 = VERTEX_POINT ( 'NONE', #2784 ) ;
#1482 = CARTESIAN_POINT ( 'NONE',  ( -1.410190603073605775, 163.9335164517765691, -67.43780226615834295 ) ) ;
#1483 = EDGE_CURVE ( 'NONE', #6693, #5565, #2060, .T. ) ;
#1484 = FACE_OUTER_BOUND ( 'NONE', #279, .T. ) ;
#1485 = CARTESIAN_POINT ( 'NONE',  ( 63.57223213161918096, 48.48514207154698141, -44.99999999999997158 ) ) ;
#1486 = AXIS2_PLACEMENT_3D ( 'NONE', #1992, #3156, #7200 ) ;
#1487 = DIRECTION ( 'NONE',  ( 0.000000000000000000, 1.577021341797097560E-16, 1.000000000000000000 ) ) ;
#1488 = CARTESIAN_POINT ( 'NONE',  ( 116.4262216234043308, 42.00947807948399060, -69.49999999999997158 ) ) ;
#1489 = ADVANCED_FACE ( 'NONE', ( #1451 ), #5995, .F. ) ;
#1490 = CARTESIAN_POINT ( 'NONE',  ( 31.11482389024318351, 55.87161628706966354, -9.446700077552057095 ) ) ;
#1491 = ADVANCED_FACE ( 'NONE', ( #1494 ), #4112, .F. ) ;
#1492 = CARTESIAN_POINT ( 'NONE',  ( 14.98264192157994579, 34.81497626654480371, -87.41746569602868533 ) ) ;
#1493 = ORIENTED_EDGE ( 'NONE', *, *, #4152, .T. ) ;
#1494 = FACE_OUTER_BOUND ( 'NONE', #2844, .T. ) ;
#1495 = CARTESIAN_POINT ( 'NONE',  ( 18.60284758185179044, 123.1921976275688735, -4.145793663444173660 ) ) ;
#1496 = CARTESIAN_POINT ( 'NONE',  ( 131.0910924533025366, 127.3552660968868793, -71.86522907063147159 ) ) ;
#1497 = PLANE ( 'NONE',  #5996 ) ;
#1498 = FACE_BOUND ( 'NONE', #3921, .T. ) ;
#1499 = ORIENTED_EDGE ( 'NONE', *, *, #970, .T. ) ;
#1500 = CARTESIAN_POINT ( 'NONE',  ( -0.1412217402064003535, 172.1009856586519788, -37.68006602553014517 ) ) ;
#1501 = DIRECTION ( 'NONE',  ( -1.000000000000000000, 0.000000000000000000, 0.000000000000000000 ) ) ;
#1502 = CARTESIAN_POINT ( 'NONE',  ( 112.1060414069076074, 139.2904246833528816, -94.91361763483904213 ) ) ;
#1503 = FACE_OUTER_BOUND ( 'NONE', #4449, .T. ) ;
#1504 = CARTESIAN_POINT ( 'NONE',  ( 130.1959189990300274, 175.0180075588112345, -12.73262688890423888 ) ) ;
#1505 = CARTESIAN_POINT ( 'NONE',  ( 105.3084053049174855, 0.9102769113511793853, -68.87705383126854031 ) ) ;
#1506 = DIRECTION ( 'NONE',  ( 0.000000000000000000, 0.000000000000000000, 1.000000000000000000 ) ) ;
#1507 = VERTEX_POINT ( 'NONE', #850 ) ;
#1508 = VERTEX_POINT ( 'NONE', #3471 ) ;
#1509 = CARTESIAN_POINT ( 'NONE',  ( 60.60046368601512512, 49.53100514363674733, -49.99999999999997158 ) ) ;
#1510 = CARTESIAN_POINT ( 'NONE',  ( 131.1341897441616595, 127.7445542027070786, -30.53622383634524340 ) ) ;
#1511 = CARTESIAN_POINT ( 'NONE',  ( 56.50000000000000711, 20.10000000000000853, -37.59999999999996589 ) ) ;
#1512 = CARTESIAN_POINT ( 'NONE',  ( 132.3041004518466650, 148.4239222691638247, -74.40575068937287995 ) ) ;
#1513 = CARTESIAN_POINT ( 'NONE',  ( 112.2416328080624623, 145.3077542706339500, -0.07449101267286385719 ) ) ;
#1514 = EDGE_CURVE ( 'NONE', #2503, #2340, #2827, .T. ) ;
#1515 = CARTESIAN_POINT ( 'NONE',  ( 52.50000000000000711, 26.33054957704617394, 15.20194988621845589 ) ) ;
#1516 = VERTEX_POINT ( 'NONE', #4374 ) ;
#1517 = CARTESIAN_POINT ( 'NONE',  ( 95.50000000000001421, 78.34000000000000341, -84.49008245022766062 ) ) ;
#1518 = FACE_OUTER_BOUND ( 'NONE', #1044, .T. ) ;
#1519 = ORIENTED_EDGE ( 'NONE', *, *, #1468, .F. ) ;
#1520 = AXIS2_PLACEMENT_3D ( 'NONE', #135, #2745, #7305 ) ;
#1521 = CARTESIAN_POINT ( 'NONE',  ( 86.32559043064838988, 7.367149351406738766, -6.124609587940270217 ) ) ;
#1522 = CARTESIAN_POINT ( 'NONE',  ( 31.14482375327334296, 75.32974331610076035, -80.54045534052724520 ) ) ;
#1523 = CARTESIAN_POINT ( 'NONE',  ( 19.78140448252264605, 189.4456078027686772, -55.61255304130573762 ) ) ;
#1524 = DIRECTION ( 'NONE',  ( -1.000000000000000000, -0.000000000000000000, -0.000000000000000000 ) ) ;
#1525 = EDGE_CURVE ( 'NONE', #1571, #4692, #3309, .T. ) ;
#1526 = CARTESIAN_POINT ( 'NONE',  ( 49.58537303279197062, 74.26002270254141990, -19.27369306408117922 ) ) ;
#1527 = EDGE_CURVE ( 'NONE', #462, #3702, #4926, .T. ) ;
#1528 = CARTESIAN_POINT ( 'NONE',  ( 104.9999999999999858, 0.000000000000000000, -68.88026130635323341 ) ) ;
#1529 = CARTESIAN_POINT ( 'NONE',  ( 19.63490361888304392, 17.04545117851912650, -6.279512836717830560 ) ) ;
#1530 = CARTESIAN_POINT ( 'NONE',  ( -1.001368366991027381, 126.5141537540399668, -71.60378331811767794 ) ) ;
#1531 = ORIENTED_EDGE ( 'NONE', *, *, #6392, .F. ) ;
#1532 = DIRECTION ( 'NONE',  ( -1.000000000000000000, 0.000000000000000000, -0.000000000000000000 ) ) ;
#1533 = CARTESIAN_POINT ( 'NONE',  ( -1.261717694316040639, 165.0999933734206593, -47.50000000001706724 ) ) ;
#1534 = CARTESIAN_POINT ( 'NONE',  ( 100.0165619977238549, 61.19405429415695608, -85.14406398710399060 ) ) ;
#1535 = CARTESIAN_POINT ( 'NONE',  ( 42.39589333293313445, 0.000000000000000000, -31.53908729652599163 ) ) ;
#1536 = CARTESIAN_POINT ( 'NONE',  ( 131.5698465198132396, 131.8873280585500822, -93.80845487561451534 ) ) ;
#1537 = ORIENTED_EDGE ( 'NONE', *, *, #34, .F. ) ;
#1538 = EDGE_CURVE ( 'NONE', #6131, #3095, #8184, .T. ) ;
#1539 = CARTESIAN_POINT ( 'NONE',  ( -1.759537941526837512, 134.6036861460453622, -20.74990876690886310 ) ) ;
#1540 = CARTESIAN_POINT ( 'NONE',  ( 110.1710511236880734, 189.8341911359977416, -52.57659938570642311 ) ) ;
#1541 = ADVANCED_FACE ( 'NONE', ( #6960 ), #4969, .T. ) ;
#1542 = CARTESIAN_POINT ( 'NONE',  ( 24.92980268748093309, 0.2073296076785411668, -88.90763081937548407 ) ) ;
#1543 = DIRECTION ( 'NONE',  ( 1.000000000000000000, -0.000000000000000000, -0.000000000000000000 ) ) ;
#1544 = CARTESIAN_POINT ( 'NONE',  ( 112.1251273378772737, 163.8400053911990142, -4.964233927619041253 ) ) ;
#1545 = CARTESIAN_POINT ( 'NONE',  ( 102.5887507983910041, -7.116945816237513434, -88.59129650805476786 ) ) ;
#1546 = EDGE_CURVE ( 'NONE', #8106, #2635, #5427, .T. ) ;
#1547 = CARTESIAN_POINT ( 'NONE',  ( -4.874675173900504532, 150.9438416766488729, -19.63758869215648417 ) ) ;
#1548 = CARTESIAN_POINT ( 'NONE',  ( 55.50000000000000000, 55.84000000000002473, -30.00991754977235004 ) ) ;
#1549 = ORIENTED_EDGE ( 'NONE', *, *, #4665, .T. ) ;
#1550 = ORIENTED_EDGE ( 'NONE', *, *, #699, .F. ) ;
#1551 = EDGE_CURVE ( 'NONE', #2124, #1772, #3170, .T. ) ;
#1552 = FACE_BOUND ( 'NONE', #5623, .T. ) ;
#1553 = AXIS2_PLACEMENT_3D ( 'NONE', #4708, #725, #7424 ) ;
#1554 = DIRECTION ( 'NONE',  ( 1.000000000000000000, -0.000000000000000000, 0.000000000000000000 ) ) ;
#1555 = UNCERTAINTY_MEASURE_WITH_UNIT (LENGTH_MEASURE( 1.000000000000000082E-05 ), #8250, 'distance_accuracy_value', 'NONE');
#1556 = CARTESIAN_POINT ( 'NONE',  ( 132.0213853540207367, 138.3407828507669706, -74.92176642931930530 ) ) ;
#1557 = CARTESIAN_POINT ( 'NONE',  ( 131.3840752112368477, 130.2324611695075873, -22.04513132717863755 ) ) ;
#1558 = CARTESIAN_POINT ( 'NONE',  ( 38.91955650239737707, 69.55729621671997620, -10.28322891532292793 ) ) ;
#1559 = B_SPLINE_CURVE_WITH_KNOTS ( 'NONE', 3,
 ( #659, #5887, #1383, #6599, #3399, #7109 ),
 .UNSPECIFIED., .F., .F.,
 ( 4, 2, 4 ),
 ( 0.01146532671727816359, 0.01276331014127908732, 0.01406129356528001105 ),
 .UNSPECIFIED. ) ;
#1560 = EDGE_LOOP ( 'NONE', ( #486, #7423, #7458, #2626 ) ) ;
#1561 = CARTESIAN_POINT ( 'NONE',  ( 34.50000000000000000, 74.26002270254141990, -19.27369306408119343 ) ) ;
#1562 = CARTESIAN_POINT ( 'NONE',  ( 9.811969853198061031, 58.83945595451402966, -29.95278632424308540 ) ) ;
#1563 = ORIENTED_EDGE ( 'NONE', *, *, #5277, .F. ) ;
#1564 = CARTESIAN_POINT ( 'NONE',  ( 84.14998650097099642, 0.2256896032951745124, -6.193515684985871239 ) ) ;
#1565 = CARTESIAN_POINT ( 'NONE',  ( 33.14527335350317117, 74.96854819446174645, -80.42429488535130133 ) ) ;
#1566 = AXIS2_PLACEMENT_3D ( 'NONE', #7867, #1328, #3297 ) ;
#1567 = CARTESIAN_POINT ( 'NONE',  ( 18.45312831081692551, 175.4062045300706245, -13.08998900878886218 ) ) ;
#1568 = CARTESIAN_POINT ( 'NONE',  ( 108.5232609310961607, 10.98429668998704756, -26.40479060653897392 ) ) ;
#1569 = AXIS2_PLACEMENT_3D ( 'NONE', #960, #409, #314 ) ;
#1570 = AXIS2_PLACEMENT_3D ( 'NONE', #749, #2077, #7972 ) ;
#1571 = VERTEX_POINT ( 'NONE', #7246 ) ;
#1572 = CARTESIAN_POINT ( 'NONE',  ( 130.0000000000000000, 142.5999999999999943, -43.35000000000000853 ) ) ;
#1573 = CARTESIAN_POINT ( 'NONE',  ( 87.60409755359897588, 48.39999999999997726, -69.21091270347399416 ) ) ;
#1574 = CARTESIAN_POINT ( 'NONE',  ( 8.177334551963449272, 67.33202149014429949, -30.40012653744040350 ) ) ;
#1575 = CARTESIAN_POINT ( 'NONE',  ( 4.500507251812425835, 88.76936271704201431, -84.58265433241078313 ) ) ;
#1576 = EDGE_LOOP ( 'NONE', ( #5239, #2299, #2978, #2369, #8365, #4345, #3570, #3267, #3246, #6296 ) ) ;
#1577 = EDGE_CURVE ( 'NONE', #3755, #4678, #7387, .T. ) ;
#1578 = DIRECTION ( 'NONE',  ( -0.000000000000000000, 1.000000000000000000, -0.000000000000000000 ) ) ;
#1579 = EDGE_CURVE ( 'NONE', #7873, #3617, #5449, .T. ) ;
#1580 = CARTESIAN_POINT ( 'NONE',  ( 111.0000000000000000, 151.1000000000000796, -30.67756813566458973 ) ) ;
#1581 = CARTESIAN_POINT ( 'NONE',  ( 125.4738347598780308, 88.65786074229453106, -64.82589892197087522 ) ) ;
#1582 = DIRECTION ( 'NONE',  ( 0.000000000000000000, 0.000000000000000000, -1.000000000000000000 ) ) ;
#1583 = FACE_BOUND ( 'NONE', #8297, .T. ) ;
#1584 = AXIS2_PLACEMENT_3D ( 'NONE', #4381, #1711, #1759 ) ;
#1585 = CARTESIAN_POINT ( 'NONE',  ( -1.887253137431875283, 136.4253783512701261, -74.57799023726462906 ) ) ;
#1586 = CARTESIAN_POINT ( 'NONE',  ( 112.1945682150099657, 161.1927627779975012, -91.21660514930547947 ) ) ;
#1587 = B_SPLINE_CURVE_WITH_KNOTS ( 'NONE', 3,
 ( #8309, #5066, #683, #5905 ),
 .UNSPECIFIED., .F., .F.,
 ( 4, 4 ),
 ( 0.000000000000000000, 0.0001801259652147749689 ),
 .UNSPECIFIED. ) ;
#1588 = VECTOR ( 'NONE', #1324, 1000.000000000000000 ) ;
#1589 = B_SPLINE_CURVE_WITH_KNOTS ( 'NONE', 3,
 ( #1495, #851, #6073, #2867, #5480, #4113, #8080, #2225, #1376, #3990, #6592, #1022, #2396, #2951, #4970, #5568, #5518, #425, #3558, #3685, #4375, #2353, #6157, #8169, #8217, #294, #4282, #2313, #3036, #2906 ),
 .UNSPECIFIED., .F., .F.,
 ( 4, 2, 2, 2, 2, 2, 2, 2, 2, 2, 2, 2, 2, 2, 4 ),
 ( 8.922844289080844981E-15, 0.003805684090386735139, 0.005708526135575641217, 0.007611368180764546860, 0.01141705227114236075, 0.01331989431633126726, 0.01522273636152017204, 0.01902842045189798853, 0.02093126249708690545, 0.02283410454227582237, 0.02663978863265369090, 0.02854263067784263558, 0.02949405170043708710, 0.02996976221173430419, 0.03044547272303152127 ),
 .UNSPECIFIED. ) ;
#1590 = CARTESIAN_POINT ( 'NONE',  ( 23.37674577203006265, 4.860489816503965166, -88.98823930226332379 ) ) ;
#1591 = CARTESIAN_POINT ( 'NONE',  ( 18.47502639575656502, 125.4911497660962709, -91.82327318635525160 ) ) ;
#1592 = CARTESIAN_POINT ( 'NONE',  ( 126.6185797779647402, 189.1897556220878300, -38.16995211684490386 ) ) ;
#1593 = DIRECTION ( 'NONE',  ( -0.000000000000000000, 1.000000000000000000, -0.000000000000000000 ) ) ;
#1594 = CARTESIAN_POINT ( 'NONE',  ( 26.20283628875758808, 81.99297508197106765, -80.12455359376632202 ) ) ;
#1595 = CARTESIAN_POINT ( 'NONE',  ( 25.50000000000000355, 55.84000000000002473, -30.00991754977235004 ) ) ;
#1596 = ORIENTED_EDGE ( 'NONE', *, *, #3380, .T. ) ;
#1597 = AXIS2_PLACEMENT_3D ( 'NONE', #6253, #4344, #7491 ) ;
#1598 = CARTESIAN_POINT ( 'NONE',  ( 11.01157333262338511, 52.86156214043441537, -30.42897560390519374 ) ) ;
#1599 = EDGE_LOOP ( 'NONE', ( #6636, #979, #291, #4083 ) ) ;
#1600 = CARTESIAN_POINT ( 'NONE',  ( 59.45465754413734061, 50.25153736847087060, -49.99999999999997158 ) ) ;
#1601 = EDGE_CURVE ( 'NONE', #3702, #7114, #6967, .T. ) ;
#1602 = CARTESIAN_POINT ( 'NONE',  ( 52.03891034878954969, 78.34000000000001762, -82.90544308544420460 ) ) ;
#1603 = CARTESIAN_POINT ( 'NONE',  ( 132.2840077520570787, 145.9079015131072481, -74.76951887592940693 ) ) ;
#1604 = CARTESIAN_POINT ( 'NONE',  ( 131.8892761748861631, 136.4120549215179494, -20.40438647397864358 ) ) ;
#1605 = CARTESIAN_POINT ( 'NONE',  ( 87.60409755359897588, 11.60000000000004050, -69.21091270347400837 ) ) ;
#1606 = ORIENTED_EDGE ( 'NONE', *, *, #4946, .T. ) ;
#1607 = CARTESIAN_POINT ( 'NONE',  ( 112.1887912750074037, 142.5999999999999943, 8.689125622971255691E-15 ) ) ;
#1608 = CARTESIAN_POINT ( 'NONE',  ( 11.31173942560872092, 51.40998932999945481, -58.80531947498458578 ) ) ;
#1609 = VERTEX_POINT ( 'NONE', #7049 ) ;
#1610 = CIRCLE ( 'NONE', #377, 4.149999999999994138 ) ;
#1611 = CARTESIAN_POINT ( 'NONE',  ( 106.6232559949795018, 4.860514454053888933, -6.011761215770224709 ) ) ;
#1612 = LINE ( 'NONE', #6780, #2156 ) ;
#1613 = CARTESIAN_POINT ( 'NONE',  ( 3.688413197997167714, 190.0986775771362431, -49.43093406832234393 ) ) ;
#1614 = FACE_OUTER_BOUND ( 'NONE', #3725, .T. ) ;
#1615 = EDGE_CURVE ( 'NONE', #8402, #8142, #5231, .T. ) ;
#1616 = EDGE_LOOP ( 'NONE', ( #1213, #5939, #5086, #3593 ) ) ;
#1617 = AXIS2_PLACEMENT_3D ( 'NONE', #2099, #2787, #4077 ) ;
#1618 = CARTESIAN_POINT ( 'NONE',  ( 9.811969853198061031, 58.83945595451402966, -29.95278632424308540 ) ) ;
#1619 = LINE ( 'NONE', #8073, #2555 ) ;
#1620 = CARTESIAN_POINT ( 'NONE',  ( 26.84949829234111007, 76.83028375125904574, -10.55644409070465173 ) ) ;
#1621 = CARTESIAN_POINT ( 'NONE',  ( 2.973334977616055586, 98.39867312276865619, -65.67654538551451537 ) ) ;
#1622 = ORIENTED_EDGE ( 'NONE', *, *, #4188, .T. ) ;
#1623 = CARTESIAN_POINT ( 'NONE',  ( 102.6899727616261231, 74.49151548447875371, -10.46389633776674799 ) ) ;
#1624 = CARTESIAN_POINT ( 'NONE',  ( 18.99999272355231739, 151.0999953997165335, -32.77756813566458050 ) ) ;
#1625 = CARTESIAN_POINT ( 'NONE',  ( 124.3048220866101019, 81.56799139843950286, -64.52411951159663772 ) ) ;
#1626 = DIRECTION ( 'NONE',  ( -1.000000000000000000, -6.208745440146051873E-17, -0.000000000000000000 ) ) ;
#1627 = DIRECTION ( 'NONE',  ( -1.000000000000000000, 0.000000000000000000, 0.000000000000000000 ) ) ;
#1628 = EDGE_CURVE ( 'NONE', #5852, #1662, #2728, .T. ) ;
#1629 = CARTESIAN_POINT ( 'NONE',  ( -1.479611376887364216, 163.3354375757405421, -67.89857502050169558 ) ) ;
#1630 = CARTESIAN_POINT ( 'NONE',  ( 112.2980137776247460, 150.9862361778223772, -94.26010005862232788 ) ) ;
#1631 = AXIS2_PLACEMENT_3D ( 'NONE', #5215, #4486, #7241 ) ;
#1632 = EDGE_CURVE ( 'NONE', #6829, #4221, #1284, .T. ) ;
#1633 = CARTESIAN_POINT ( 'NONE',  ( 44.35650900530394836, 5.142239853796628068, -88.88217665544169677 ) ) ;
#1634 = CARTESIAN_POINT ( 'NONE',  ( 126.3487718380153240, 189.9910394739941637, -43.76785121114178168 ) ) ;
#1635 = CARTESIAN_POINT ( 'NONE',  ( 44.50000000000000711, 73.38611426685839945, -85.16758975127744691 ) ) ;
#1636 = DIRECTION ( 'NONE',  ( -1.000000000000000000, -0.000000000000000000, -0.000000000000000000 ) ) ;
#1637 = CARTESIAN_POINT ( 'NONE',  ( 25.71674887472838478, 84.22734360686533250, -79.73157429449159395 ) ) ;
#1638 = CARTESIAN_POINT ( 'NONE',  ( -1.408428671774386576, 163.9153258647641849, -40.25783304382842687 ) ) ;
#1639 = ORIENTED_EDGE ( 'NONE', *, *, #5543, .F. ) ;
#1640 = VECTOR ( 'NONE', #378, 1000.000000000000000 ) ;
#1641 = CARTESIAN_POINT ( 'NONE',  ( 24.99999999999998224, 0.000000000000000000, -150.0000000000000000 ) ) ;
#1642 = ORIENTED_EDGE ( 'NONE', *, *, #7689, .F. ) ;
#1643 = CARTESIAN_POINT ( 'NONE',  ( 19.80272266655055802, 189.6272275477847415, -40.13920974813561315 ) ) ;
#1644 = ORIENTED_EDGE ( 'NONE', *, *, #73, .T. ) ;
#1645 = CARTESIAN_POINT ( 'NONE',  ( 10.95655815522118104, 53.30357190373641885, -28.39784386205412048 ) ) ;
#1646 = DIRECTION ( 'NONE',  ( 1.000061558036123795E-07, -0.9999999999999948930, 0.000000000000000000 ) ) ;
#1647 = CARTESIAN_POINT ( 'NONE',  ( 132.2238258505038573, 143.2667677471187346, -20.02790979179638242 ) ) ;
#1648 = DIRECTION ( 'NONE',  ( -0.000000000000000000, 1.000000000000000000, -0.000000000000000000 ) ) ;
#1649 = CARTESIAN_POINT ( 'NONE',  ( 25.50000000000000000, 37.00000000000000000, -25.50000000000000711 ) ) ;
#1650 = ORIENTED_EDGE ( 'NONE', *, *, #903, .T. ) ;
#1651 = CARTESIAN_POINT ( 'NONE',  ( -1.884510500023205193, 136.3940410342282519, -69.13033613847957781 ) ) ;
#1652 = DIRECTION ( 'NONE',  ( 0.000000000000000000, 0.9829253934416057881, 0.1840045405082835761 ) ) ;
#1653 = ORIENTED_EDGE ( 'NONE', *, *, #6445, .T. ) ;
#1654 = CARTESIAN_POINT ( 'NONE',  ( 127.2448584384141270, 99.78658795420713545, -9.417671297250183926 ) ) ;
#1655 = CARTESIAN_POINT ( 'NONE',  ( 44.47463198673514029, 17.75358860024635987, -26.44443213463173592 ) ) ;
#1656 = CARTESIAN_POINT ( 'NONE',  ( 3.537823443493847808, 189.6566623883119860, -40.93738475504650864 ) ) ;
#1657 = DIRECTION ( 'NONE',  ( 0.000000000000000000, -0.5000000000000000000, 0.8660254037844385966 ) ) ;
#1658 = VERTEX_POINT ( 'NONE', #7939 ) ;
#1659 = CARTESIAN_POINT ( 'NONE',  ( 130.0000000000000000, 142.5999999999999943, -47.50000000000000000 ) ) ;
#1660 = CARTESIAN_POINT ( 'NONE',  ( 45.90690552275307823, 0.03709585335801921652, -6.198914429536219295 ) ) ;
#1661 = CARTESIAN_POINT ( 'NONE',  ( 7.086997975005962402, 73.43354720141489622, -84.49289838769662708 ) ) ;
#1662 = VERTEX_POINT ( 'NONE', #3812 ) ;
#1663 = CARTESIAN_POINT ( 'NONE',  ( 124.2272152261724756, 123.8042622456371049, -85.96787454456762134 ) ) ;
#1664 = CARTESIAN_POINT ( 'NONE',  ( 21.40618056484464304, 190.0945744359953551, -46.67101358082241802 ) ) ;
#1665 = CARTESIAN_POINT ( 'NONE',  ( 126.8269069549289298, 97.12625275082778842, -65.53274060026916459 ) ) ;
#1666 = PLANE ( 'NONE',  #2302 ) ;
#1667 = CARTESIAN_POINT ( 'NONE',  ( 39.50000000000000711, 20.10000000000000853, -35.94999999999996732 ) ) ;
#1668 = CARTESIAN_POINT ( 'NONE',  ( 87.60409755359897588, 3.700000000000000178, -62.01091270347400553 ) ) ;
#1669 = CARTESIAN_POINT ( 'NONE',  ( 126.8106549844319773, 97.01164936776579850, -65.49295128842400970 ) ) ;
#1670 = CARTESIAN_POINT ( 'NONE',  ( 45.89268429291415430, 0.08425351155600377395, -88.80245270776468658 ) ) ;
#1671 = CARTESIAN_POINT ( 'NONE',  ( 110.7230149013172706, 184.9589465502249368, -69.01753497533805159 ) ) ;
#1672 = DIRECTION ( 'NONE',  ( -1.000000000000000000, -0.000000000000000000, -0.000000000000000000 ) ) ;
#1673 = FACE_OUTER_BOUND ( 'NONE', #2189, .T. ) ;
#1674 = DIRECTION ( 'NONE',  ( -0.9999999999999950040, -1.000061563076409229E-07, -0.000000000000000000 ) ) ;
#1675 = DIRECTION ( 'NONE',  ( -0.000000000000000000, 1.000000000000000000, -0.000000000000000000 ) ) ;
#1676 = EDGE_LOOP ( 'NONE', ( #6857, #2706 ) ) ;
#1677 = B_SPLINE_CURVE_WITH_KNOTS ( 'NONE', 3,
 ( #1946, #4557, #2586, #5246, #8357, #5160, #7710, #3913 ),
 .UNSPECIFIED., .F., .F.,
 ( 4, 2, 2, 4 ),
 ( 1.728843205424702517E-15, 0.009962050442613720053, 0.01494307566391974915, 0.01992410088522577824 ),
 .UNSPECIFIED. ) ;
#1678 = CYLINDRICAL_SURFACE ( 'NONE', #7462, 2.149999999999999023 ) ;
#1679 = ORIENTED_EDGE ( 'NONE', *, *, #5696, .F. ) ;
#1680 = CARTESIAN_POINT ( 'NONE',  ( 26.85652707451300358, 82.57924677398459323, -10.49716371190544173 ) ) ;
#1681 = ORIENTED_EDGE ( 'NONE', *, *, #2793, .F. ) ;
#1682 = CARTESIAN_POINT ( 'NONE',  ( 24.05518875390557909, 2.826120383448528894, -26.14639954825951662 ) ) ;
#1683 = CARTESIAN_POINT ( 'NONE',  ( 132.2158416091525055, 153.3041457694401970, -73.13945174435490060 ) ) ;
#1684 = CARTESIAN_POINT ( 'NONE',  ( 131.8731017838435093, 161.7217459099738903, -3.998795483093748881 ) ) ;
#1685 = DIRECTION ( 'NONE',  ( -1.000000000000000000, 0.000000000000000000, 0.000000000000000000 ) ) ;
#1686 = EDGE_CURVE ( 'NONE', #1175, #6522, #32, .T. ) ;
#1687 = CARTESIAN_POINT ( 'NONE',  ( 49.50000000000000000, 20.10000000000000853, -57.39999999999997016 ) ) ;
#1688 = VERTEX_POINT ( 'NONE', #7974 ) ;
#1689 = CIRCLE ( 'NONE', #871, 3.000000000000002665 ) ;
#1690 = CARTESIAN_POINT ( 'NONE',  ( 56.50000000000000000, 38.64580823289530542, -49.99999999999997158 ) ) ;
#1691 = CARTESIAN_POINT ( 'NONE',  ( 11.52561060527270875, 50.38653628327649869, -61.28897462354663617 ) ) ;
#1692 = ORIENTED_EDGE ( 'NONE', *, *, #3106, .T. ) ;
#1693 = B_SPLINE_CURVE_WITH_KNOTS ( 'NONE', 3,
 ( #721, #1802, #1114, #5270, #3045, #1844, #5750, #5706, #7864, #4628, #2697, #2404, #8350, #1365, #2452, #2053, #6291, #1762, #2492, #3737 ),
 .UNSPECIFIED., .F., .F.,
 ( 4, 2, 2, 2, 2, 2, 2, 2, 2, 4 ),
 ( 0.000000000000000000, 0.004397226600042769551, 0.005496533250053471480, 0.006595839900064175143, 0.008794453200085563388, 0.01099306650010695163, 0.01319167980012834161, 0.01429098645013905135, 0.01539029310014975935, 0.01758890640017117882 ),
 .UNSPECIFIED. ) ;
#1694 = CARTESIAN_POINT ( 'NONE',  ( 110.1315017773326019, 115.5714631490024971, -6.436062460051043210 ) ) ;
#1695 = DIRECTION ( 'NONE',  ( 0.000000000000000000, 0.000000000000000000, -1.000000000000000000 ) ) ;
#1696 = CARTESIAN_POINT ( 'NONE',  ( 19.37335370680336410, 185.8802585054881433, -27.82456225169977415 ) ) ;
#1697 = CARTESIAN_POINT ( 'NONE',  ( 52.50000000000000711, 31.44009945937447625, 18.15194988621846051 ) ) ;
#1698 = ORIENTED_EDGE ( 'NONE', *, *, #863, .T. ) ;
#1699 = FACE_OUTER_BOUND ( 'NONE', #798, .T. ) ;
#1700 = CARTESIAN_POINT ( 'NONE',  ( 27.21217792400259228, -6.529349177409918603, -6.391472298460678658 ) ) ;
#1701 = CARTESIAN_POINT ( 'NONE',  ( 18.63383520247586134, 124.6614717525143163, -91.35024088910422790 ) ) ;
#1702 = ORIENTED_EDGE ( 'NONE', *, *, #2495, .T. ) ;
#1703 = CIRCLE ( 'NONE', #1155, 11.25000000000000355 ) ;
#1704 = CARTESIAN_POINT ( 'NONE',  ( 127.9838952135032315, 125.0538767727735774, -81.85374106620641044 ) ) ;
#1705 = DIRECTION ( 'NONE',  ( 0.9999999999999951150, 1.000061563076409361E-07, -0.000000000000000000 ) ) ;
#1706 = CARTESIAN_POINT ( 'NONE',  ( 124.2284657380073583, 81.11829000141371182, -84.44353694905692009 ) ) ;
#1707 = DIRECTION ( 'NONE',  ( -0.000000000000000000, 0.000000000000000000, -1.000000000000000000 ) ) ;
#1708 = CARTESIAN_POINT ( 'NONE',  ( 97.69959593077547311, 0.000000000000000000, -10.98516382961005888 ) ) ;
#1709 = VECTOR ( 'NONE', #2464, 1000.000000000000000 ) ;
#1710 = CARTESIAN_POINT ( 'NONE',  ( 25.14023182921591371, 85.90834084952959415, -10.46479135793960502 ) ) ;
#1711 = DIRECTION ( 'NONE',  ( 1.000000000000000000, -0.000000000000000000, -0.000000000000000000 ) ) ;
#1712 = CARTESIAN_POINT ( 'NONE',  ( 24.71557209021671397, 0.8424374212589462729, -68.87596815209128920 ) ) ;
#1713 = CARTESIAN_POINT ( 'NONE',  ( 129.7004599343088103, 174.2618018099886967, -48.68163386940390325 ) ) ;
#1714 = CARTESIAN_POINT ( 'NONE',  ( 128.3019821232851996, 106.5929177616573327, -28.16827716231320267 ) ) ;
#1715 = DIRECTION ( 'NONE',  ( -0.9999999999999950040, -1.000061563076409229E-07, 0.000000000000000000 ) ) ;
#1716 = FACE_BOUND ( 'NONE', #7210, .T. ) ;
#1717 = CIRCLE ( 'NONE', #4059, 3.000000000000002665 ) ;
#1718 = CARTESIAN_POINT ( 'NONE',  ( 41.14351242487865079, 19.11078500087643306, -26.01236736080041467 ) ) ;
#1719 = VERTEX_POINT ( 'NONE', #2118 ) ;
#1720 = DIRECTION ( 'NONE',  ( 0.000000000000000000, 0.000000000000000000, 1.000000000000000000 ) ) ;
#1721 = ORIENTED_EDGE ( 'NONE', *, *, #6657, .F. ) ;
#1722 = AXIS2_PLACEMENT_3D ( 'NONE', #4713, #7389, #774 ) ;
#1723 = CARTESIAN_POINT ( 'NONE',  ( 30.51069785991595040, 79.25092246241648297, -10.51463318397118663 ) ) ;
#1724 = VECTOR ( 'NONE', #5808, 1000.000000000000000 ) ;
#1725 = ORIENTED_EDGE ( 'NONE', *, *, #7844, .T. ) ;
#1726 = CARTESIAN_POINT ( 'NONE',  ( 25.37797367814394534, 87.15579803204819598, -16.85959202463157425 ) ) ;
#1727 = CARTESIAN_POINT ( 'NONE',  ( 130.0416949600210330, 172.6066045559290387, -56.16289584685964087 ) ) ;
#1728 = AXIS2_PLACEMENT_3D ( 'NONE', #6987, #8363, #3059 ) ;
#1729 = CIRCLE ( 'NONE', #4063, 1.649999999999974376 ) ;
#1730 = PLANE ( 'NONE',  #1569 ) ;
#1731 = DIRECTION ( 'NONE',  ( 1.000000000000000000, -0.000000000000000000, -0.000000000000000000 ) ) ;
#1732 = ADVANCED_FACE ( 'NONE', ( #5935 ), #7208, .T. ) ;
#1733 = EDGE_LOOP ( 'NONE', ( #877, #8415, #8026, #2074, #3663 ) ) ;
#1734 = CARTESIAN_POINT ( 'NONE',  ( -2.150574857261972284, 141.1033246101803229, -69.99813871952804334 ) ) ;
#1735 = CARTESIAN_POINT ( 'NONE',  ( 11.96688948601491909, 48.30082950221288485, -64.42152446058047133 ) ) ;
#1736 = ORIENTED_EDGE ( 'NONE', *, *, #2120, .T. ) ;
#1737 = ADVANCED_FACE ( 'NONE', ( #1455 ), #7959, .F. ) ;
#1738 = CARTESIAN_POINT ( 'NONE',  ( 130.6732258984353336, 123.6215473372519114, -24.25731668330668711 ) ) ;
#1739 = CARTESIAN_POINT ( 'NONE',  ( 65.38293293522244198, 48.33030277982335576, -44.99999999999997158 ) ) ;
#1740 = CARTESIAN_POINT ( 'NONE',  ( -0.7242640061629794790, 171.8399130904004437, -10.03651662274990741 ) ) ;
#1741 = CARTESIAN_POINT ( 'NONE',  ( 87.60409755359897588, 78.34000000000000341, -29.38908729652600016 ) ) ;
#1742 = VECTOR ( 'NONE', #2592, 1000.000000000000000 ) ;
#1743 = DIRECTION ( 'NONE',  ( -0.9999999999999950040, -1.000061563076409229E-07, -0.000000000000000000 ) ) ;
#1744 = DIRECTION ( 'NONE',  ( -1.000000000000000000, 0.000000000000000000, 0.000000000000000000 ) ) ;
#1745 = CARTESIAN_POINT ( 'NONE',  ( 44.56997298347420156, -1.001654409709386414E-15, -6.200000000000001954 ) ) ;
#1746 = ADVANCED_FACE ( 'NONE', ( #5439, #1498, #55, #3307, #139, #6595, #4115 ), #7265, .T. ) ;
#1747 = CARTESIAN_POINT ( 'NONE',  ( 87.60409755359897588, 3.700000000000000178, -67.76091270347400553 ) ) ;
#1748 = ORIENTED_EDGE ( 'NONE', *, *, #4883, .T. ) ;
#1749 = CARTESIAN_POINT ( 'NONE',  ( 104.9999999999999716, -1.596078899734099497E-14, -25.86317555797051781 ) ) ;
#1750 = CARTESIAN_POINT ( 'NONE',  ( 115.7963696069264898, 122.9867895425457789, -90.23143889532677520 ) ) ;
#1751 = CARTESIAN_POINT ( 'NONE',  ( 18.99999527370932029, 125.5999953997165619, -47.50000000000001421 ) ) ;
#1752 = CARTESIAN_POINT ( 'NONE',  ( 86.06857656150953062, 6.528150127803261427, -88.88000527930837791 ) ) ;
#1753 = VECTOR ( 'NONE', #7958, 1000.000000000000000 ) ;
#1754 = LINE ( 'NONE', #4930, #1203 ) ;
#1755 = ADVANCED_FACE ( 'NONE', ( #6673 ), #5327, .F. ) ;
#1756 = DIRECTION ( 'NONE',  ( 0.000000000000000000, 0.000000000000000000, 1.000000000000000000 ) ) ;
#1757 = EDGE_CURVE ( 'NONE', #462, #1508, #777, .T. ) ;
#1758 = CARTESIAN_POINT ( 'NONE',  ( -1.793075943336285505, 160.1889404847248670, -69.98417699947100346 ) ) ;
#1759 = DIRECTION ( 'NONE',  ( 0.000000000000000000, 0.000000000000000000, -1.000000000000000000 ) ) ;
#1760 = CARTESIAN_POINT ( 'NONE',  ( 19.61551624219399770, 17.11174905533375679, -88.71773533695686353 ) ) ;
#1761 = CARTESIAN_POINT ( 'NONE',  ( 110.4597111928379150, 187.3961522223423799, -63.42712141775183454 ) ) ;
#1762 = CARTESIAN_POINT ( 'NONE',  ( 20.06486748596574188, 15.74618881673271353, -67.64911130219709889 ) ) ;
#1763 = FACE_BOUND ( 'NONE', #4685, .T. ) ;
#1764 = CARTESIAN_POINT ( 'NONE',  ( 28.19246229615694688, 80.92011151852319983, -84.48737657759764375 ) ) ;
#1765 = VECTOR ( 'NONE', #3808, 1000.000000000000000 ) ;
#1766 = CARTESIAN_POINT ( 'NONE',  ( 38.79350776020827141, 12.71052749335321685, -29.58053887619800193 ) ) ;
#1767 = ORIENTED_EDGE ( 'NONE', *, *, #8181, .T. ) ;
#1768 = CARTESIAN_POINT ( 'NONE',  ( 11.01583242310961275, 52.84084275772754324, -29.78018162836561444 ) ) ;
#1769 = ORIENTED_EDGE ( 'NONE', *, *, #5797, .F. ) ;
#1770 = AXIS2_PLACEMENT_3D ( 'NONE', #6542, #6584, #6815 ) ;
#1771 = DIRECTION ( 'NONE',  ( 0.000000000000000000, 0.000000000000000000, -1.000000000000000000 ) ) ;
#1772 = VERTEX_POINT ( 'NONE', #5286 ) ;
#1773 = CARTESIAN_POINT ( 'NONE',  ( 55.50000000000000000, 55.84000000000002473, -28.35991754977237633 ) ) ;
#1774 = CARTESIAN_POINT ( 'NONE',  ( 132.3040390025425665, 148.4395722389965897, -20.59734529067030806 ) ) ;
#1775 = DIRECTION ( 'NONE',  ( 0.000000000000000000, 0.000000000000000000, -1.000000000000000000 ) ) ;
#1776 = CARTESIAN_POINT ( 'NONE',  ( 45.43105975869134028, 1.615274225789281148, -6.152632297606902334 ) ) ;
#1777 = ORIENTED_EDGE ( 'NONE', *, *, #4853, .T. ) ;
#1778 = CARTESIAN_POINT ( 'NONE',  ( -2.277149145006455822, 145.5202840933257846, -69.81275209237581691 ) ) ;
#1779 = DIRECTION ( 'NONE',  ( -0.000000000000000000, 1.000000000000000000, -0.000000000000000000 ) ) ;
#1780 = ORIENTED_EDGE ( 'NONE', *, *, #7397, .T. ) ;
#1781 = CARTESIAN_POINT ( 'NONE',  ( 110.8136552773894863, 120.1576630444658917, -5.125184342713414054 ) ) ;
#1782 = CARTESIAN_POINT ( 'NONE',  ( 52.50000000000000711, 26.33054957704617394, 15.20194988621845589 ) ) ;
#1783 = ADVANCED_FACE ( 'NONE', ( #175 ), #7230, .F. ) ;
#1784 = CARTESIAN_POINT ( 'NONE',  ( -1.660602196090206650, 132.9470719310866400, -0.9247112399200305699 ) ) ;
#1785 = CARTESIAN_POINT ( 'NONE',  ( 87.60409755359897588, -2.000000000000000000, -63.46091270347400837 ) ) ;
#1786 = CARTESIAN_POINT ( 'NONE',  ( 42.79035197718491901, 19.96555736503026068, -69.18993287483546339 ) ) ;
#1787 = ORIENTED_EDGE ( 'NONE', *, *, #4252, .F. ) ;
#1788 =( NAMED_UNIT ( * ) PLANE_ANGLE_UNIT ( ) SI_UNIT ( $, .RADIAN. ) );
#1789 = CARTESIAN_POINT ( 'NONE',  ( 26.97167456140236297, -5.819491974823050029, -26.19105335119029476 ) ) ;
#1790 = CARTESIAN_POINT ( 'NONE',  ( 35.14676175988559237, 70.54984389694850222, -10.32409950927256048 ) ) ;
#1791 = VERTEX_POINT ( 'NONE', #855 ) ;
#1792 = CARTESIAN_POINT ( 'NONE',  ( -1.967492169688178416, 137.6885119854615596, -74.75205733119554452 ) ) ;
#1793 = CARTESIAN_POINT ( 'NONE',  ( 84.85060572458736772, 2.542562208857798378, -6.138804075201047539 ) ) ;
#1794 = CARTESIAN_POINT ( 'NONE',  ( 18.99999251353938945, 153.1999953997165278, -62.22243186433541950 ) ) ;
#1795 = CARTESIAN_POINT ( 'NONE',  ( 105.4585915074277125, 1.362003202422685355, -88.93236464372348848 ) ) ;
#1796 = EDGE_CURVE ( 'NONE', #1261, #6344, #4291, .T. ) ;
#1797 = CARTESIAN_POINT ( 'NONE',  ( 17.70512022521603868, 148.6818100859496781, -94.70910816511572250 ) ) ;
#1798 = ADVANCED_FACE ( 'NONE', ( #2188 ), #4804, .F. ) ;
#1799 = CARTESIAN_POINT ( 'NONE',  ( 56.50000000000000711, 20.10000000000000853, -59.04999999999996163 ) ) ;
#1800 = CARTESIAN_POINT ( 'NONE',  ( 128.3050957711575393, 106.6132632532743827, -66.83526847739602772 ) ) ;
#1801 = CARTESIAN_POINT ( 'NONE',  ( 110.2187758125000130, 189.4440948350344911, -55.62587487815631704 ) ) ;
#1802 = CARTESIAN_POINT ( 'NONE',  ( 22.39589333293312734, 8.000000000000001776, -55.98731539967403847 ) ) ;
#1803 = CARTESIAN_POINT ( 'NONE',  ( 108.5232609310961465, 10.98429668998706354, -68.59520939346104740 ) ) ;
#1804 = DIRECTION ( 'NONE',  ( 1.000061558036123795E-07, -0.9999999999999948930, 0.000000000000000000 ) ) ;
#1805 = EDGE_CURVE ( 'NONE', #5123, #8106, #3510, .T. ) ;
#1806 = CARTESIAN_POINT ( 'NONE',  ( -1.591682076132915125, 162.2729163547923861, -36.57472111732602826 ) ) ;
#1807 = VERTEX_POINT ( 'NONE', #1069 ) ;
#1808 = CARTESIAN_POINT ( 'NONE',  ( 87.60409755359897588, 75.34000000000000341, -35.98908729652600158 ) ) ;
#1809 = ORIENTED_EDGE ( 'NONE', *, *, #584, .F. ) ;
#1810 = CARTESIAN_POINT ( 'NONE',  ( 19.42171514391864307, 17.99030755354134214, -68.67645033344992100 ) ) ;
#1811 = VERTEX_POINT ( 'NONE', #6160 ) ;
#1812 = ADVANCED_FACE ( 'NONE', ( #6794, #6873, #1583 ), #5522, .F. ) ;
#1813 = DIRECTION ( 'NONE',  ( 0.2588190451025328409, 0.000000000000000000, -0.9659258262890650926 ) ) ;
#1814 = CARTESIAN_POINT ( 'NONE',  ( 131.3008520076023729, 164.8010994401110452, -66.69895845012804614 ) ) ;
#1815 = CARTESIAN_POINT ( 'NONE',  ( 42.39589333293313445, 3.700000000000000178, -29.38908729652599305 ) ) ;
#1816 = CARTESIAN_POINT ( 'NONE',  ( 36.64085014505206317, 32.35537160461328909, -7.393511757694951392 ) ) ;
#1817 = EDGE_LOOP ( 'NONE', ( #1748, #5071, #3478, #4357 ) ) ;
#1818 = ORIENTED_EDGE ( 'NONE', *, *, #3844, .T. ) ;
#1819 = CARTESIAN_POINT ( 'NONE',  ( -2.006141800431801681, 157.4522641663099023, -64.46664835170228969 ) ) ;
#1820 = CARTESIAN_POINT ( 'NONE',  ( 19.66347575424088490, 17.14438478343650729, -69.13682435559864814 ) ) ;
#1821 = EDGE_LOOP ( 'NONE', ( #3224, #8153 ) ) ;
#1822 = CARTESIAN_POINT ( 'NONE',  ( 27.20910016004682319, -0.000000000000000000, -77.88528642538031477 ) ) ;
#1823 = DIRECTION ( 'NONE',  ( -1.000000000000000000, -0.000000000000000000, -0.000000000000000000 ) ) ;
#1824 = CARTESIAN_POINT ( 'NONE',  ( 17.82969076212944515, 141.7916876600961302, -0.004139698117410494337 ) ) ;
#1825 = CARTESIAN_POINT ( 'NONE',  ( 37.54268651639598886, 74.62654356742478967, -9.196883570274833275 ) ) ;
#1826 = CARTESIAN_POINT ( 'NONE',  ( 43.97562338684368655, 10.23144485133872017, -62.37207508817937907 ) ) ;
#1827 = ORIENTED_EDGE ( 'NONE', *, *, #92, .F. ) ;
#1828 = DIRECTION ( 'NONE',  ( 0.000000000000000000, 0.7071067811865499042, -0.7071067811865451302 ) ) ;
#1829 = CARTESIAN_POINT ( 'NONE',  ( 27.00722604649607916, -5.924423887140659595, -26.19413046559862224 ) ) ;
#1830 = CARTESIAN_POINT ( 'NONE',  ( 18.79028045094040067, 123.1527069419785931, -90.84177129220535107 ) ) ;
#1831 = VERTEX_POINT ( 'NONE', #6922 ) ;
#1832 = VECTOR ( 'NONE', #6667, 1000.000000000000114 ) ;
#1833 = CARTESIAN_POINT ( 'NONE',  ( 18.32687015038414202, 128.3336689950134542, -92.85176963217489288 ) ) ;
#1834 = CARTESIAN_POINT ( 'NONE',  ( 126.0000000000000000, 151.1000000000000796, -62.22243186433541950 ) ) ;
#1835 = DIRECTION ( 'NONE',  ( 1.241749088029210375E-16, -1.000000000000000000, 0.000000000000000000 ) ) ;
#1836 = CARTESIAN_POINT ( 'NONE',  ( 95.14353577143505447, 39.55223749712106240, -86.98826416517105997 ) ) ;
#1837 = CARTESIAN_POINT ( 'NONE',  ( 18.18561646298048018, 171.1878690815966024, -85.55854909132291652 ) ) ;
#1838 = CARTESIAN_POINT ( 'NONE',  ( 41.13580991562255917, 19.10715121938713779, -68.98873488699392453 ) ) ;
#1839 = CARTESIAN_POINT ( 'NONE',  ( 132.2834670456473702, 145.5273057682990725, -25.14219305914227931 ) ) ;
#1840 = CARTESIAN_POINT ( 'NONE',  ( 49.50000000000000000, 30.00000000000001421, -47.49999999999996447 ) ) ;
#1841 = VECTOR ( 'NONE', #6822, 1000.000000000000000 ) ;
#1842 = EDGE_CURVE ( 'NONE', #4317, #7030, #337, .T. ) ;
#1843 = CARTESIAN_POINT ( 'NONE',  ( 112.1624944757624149, 162.4197832201961376, -90.67040372177298480 ) ) ;
#1844 = CARTESIAN_POINT ( 'NONE',  ( 22.04317223741992393, 9.134619287572586899, -60.23463461048980605 ) ) ;
#1845 = DIRECTION ( 'NONE',  ( 0.000000000000000000, 0.000000000000000000, 1.000000000000000000 ) ) ;
#1846 = CARTESIAN_POINT ( 'NONE',  ( 49.50000000000000000, 39.90000000000001279, -34.59999999999995879 ) ) ;
#1847 = CIRCLE ( 'NONE', #2260, 2.099999999999994316 ) ;
#1848 = CIRCLE ( 'NONE', #2539, 11.25000000000000355 ) ;
#1849 = CARTESIAN_POINT ( 'NONE',  ( -2.291871134493482121, 149.8334406341739395, -26.18161762255662950 ) ) ;
#1850 = ORIENTED_EDGE ( 'NONE', *, *, #7198, .T. ) ;
#1851 = CARTESIAN_POINT ( 'NONE',  ( 110.2960437780948979, 188.7992706952549895, -36.43342397988997305 ) ) ;
#1852 = ORIENTED_EDGE ( 'NONE', *, *, #3910, .F. ) ;
#1853 = CARTESIAN_POINT ( 'NONE',  ( 17.74236232850415362, 145.6806369770696961, -3.370152102990120119E-13 ) ) ;
#1854 = ORIENTED_EDGE ( 'NONE', *, *, #7211, .T. ) ;
#1855 = EDGE_CURVE ( 'NONE', #3683, #3871, #1689, .T. ) ;
#1856 = PLANE ( 'NONE',  #3769 ) ;
#1857 = CIRCLE ( 'NONE', #6631, 1.649999999999998579 ) ;
#1858 = CARTESIAN_POINT ( 'NONE',  ( 131.5860466303688270, 162.3358283695842772, -26.39787719974053459 ) ) ;
#1859 = CARTESIAN_POINT ( 'NONE',  ( 2.467108592948595636, 101.6421531697913281, -66.08716443684349429 ) ) ;
#1860 = CARTESIAN_POINT ( 'NONE',  ( 87.60409755359897588, 48.39999999999997726, -25.78908729652599519 ) ) ;
#1861 = EDGE_CURVE ( 'NONE', #3962, #6776, #599, .T. ) ;
#1862 = ORIENTED_EDGE ( 'NONE', *, *, #8114, .T. ) ;
#1863 = ORIENTED_EDGE ( 'NONE', *, *, #1216, .F. ) ;
#1864 = ORIENTED_EDGE ( 'NONE', *, *, #971, .T. ) ;
#1865 = CARTESIAN_POINT ( 'NONE',  ( -1.650095766436170397, 161.7077157819188074, -59.40303649220354743 ) ) ;
#1866 = ADVANCED_FACE ( 'NONE', ( #2228, #3690 ), #2399, .T. ) ;
#1867 = CARTESIAN_POINT ( 'NONE',  ( 16.99446242391716311, 189.8557810079063302, -49.51110273227283187 ) ) ;
#1868 = AXIS2_PLACEMENT_3D ( 'NONE', #6998, #5604, #2435 ) ;
#1869 = ADVANCED_FACE ( 'NONE', ( #2274, #7566 ), #6286, .T. ) ;
#1870 = CARTESIAN_POINT ( 'NONE',  ( 53.00000000000000711, 20.10000000000000853, -60.39999999999997726 ) ) ;
#1871 = VECTOR ( 'NONE', #7051, 1000.000000000000000 ) ;
#1872 = CARTESIAN_POINT ( 'NONE',  ( 28.19246229615694688, 80.92011151852321404, -84.48737657759762953 ) ) ;
#1873 = CARTESIAN_POINT ( 'NONE',  ( 17.78118399024400986, 160.1427348914452864, -3.346417447045954230 ) ) ;
#1874 = ADVANCED_FACE ( 'NONE', ( #3040 ), #4200, .T. ) ;
#1875 = CARTESIAN_POINT ( 'NONE',  ( 42.06745919219896024, 12.70740329513819233, -88.78360867681948321 ) ) ;
#1876 = CARTESIAN_POINT ( 'NONE',  ( 53.00000000000000711, 20.10000000000000853, -40.59999999999996589 ) ) ;
#1877 = ORIENTED_EDGE ( 'NONE', *, *, #4904, .T. ) ;
#1878 = DIRECTION ( 'NONE',  ( 0.000000000000000000, 0.000000000000000000, 1.000000000000000000 ) ) ;
#1879 = CARTESIAN_POINT ( 'NONE',  ( 103.0354515073080250, -5.798482034345542324, -26.19043991851579278 ) ) ;
#1880 = CARTESIAN_POINT ( 'NONE',  ( -1.267340689289611522, 129.0628171442947973, -72.39760626058945547 ) ) ;
#1881 = ORIENTED_EDGE ( 'NONE', *, *, #6043, .F. ) ;
#1882 = CARTESIAN_POINT ( 'NONE',  ( -1.947481239283697985, 137.3643258649494783, -74.71092069857802187 ) ) ;
#1883 = LINE ( 'NONE', #4459, #6226 ) ;
#1884 = CARTESIAN_POINT ( 'NONE',  ( 105.2821155788452643, 0.8355600079206099151, -68.87601764737328836 ) ) ;
#1885 = AXIS2_PLACEMENT_3D ( 'NONE', #2193, #6165, #180 ) ;
#1886 = CARTESIAN_POINT ( 'NONE',  ( 19.68432587278306656, 188.6348094748703090, -59.30537159176533635 ) ) ;
#1887 = CARTESIAN_POINT ( 'NONE',  ( 40.17478119498287015, 17.47732116762223242, -68.44949861159435045 ) ) ;
#1888 = CARTESIAN_POINT ( 'NONE',  ( 131.3339670958254999, 164.5286873703317099, -52.59119049753757480 ) ) ;
#1889 = CARTESIAN_POINT ( 'NONE',  ( 14.29781670317046682, 38.77204201090442837, -25.57926617406989322 ) ) ;
#1890 = CARTESIAN_POINT ( 'NONE',  ( -0.5111426016332543121, 122.2886484534861182, -24.63196440396946230 ) ) ;
#1891 = VERTEX_POINT ( 'NONE', #5015 ) ;
#1892 = B_SPLINE_CURVE_WITH_KNOTS ( 'NONE', 3,
 ( #400, #5624, #8230, #2368, #3742, #7576, #440, #3050, #5663, #8270, #5027, #1165, #3953, #2499, #8355, #1252, #7665, #4428 ),
 .UNSPECIFIED., .F., .F.,
 ( 4, 2, 2, 2, 2, 2, 2, 2, 4 ),
 ( 0.004268161727248275840, 0.004856685170687649253, 0.005445208614127023533, 0.006033732057566396946, 0.006622255501005770359, 0.007210778944445144639, 0.007799302387884518052, 0.008387825831323893200, 0.008976349274763265745 ),
 .UNSPECIFIED. ) ;
#1893 = CARTESIAN_POINT ( 'NONE',  ( 131.9795593843987547, 157.8031142315033435, -71.27513465476637577 ) ) ;
#1894 = AXIS2_PLACEMENT_3D ( 'NONE', #7391, #4033, #6159 ) ;
#1895 = CARTESIAN_POINT ( 'NONE',  ( 17.81120477095015175, 142.5999999999856698, -95.00000000000000000 ) ) ;
#1896 = CARTESIAN_POINT ( 'NONE',  ( 30.23005035407713947, 75.70802276120988950, -80.66211011905296857 ) ) ;
#1897 = CARTESIAN_POINT ( 'NONE',  ( 18.99999251353939300, 153.1999953997165278, -32.77756813566458050 ) ) ;
#1898 = EDGE_CURVE ( 'NONE', #2112, #4563, #6865, .T. ) ;
#1899 = CARTESIAN_POINT ( 'NONE',  ( 112.2476577552953074, 145.6610310690245171, -0.09252106170491136705 ) ) ;
#1900 = VERTEX_POINT ( 'NONE', #389 ) ;
#1901 = B_SPLINE_CURVE_WITH_KNOTS ( 'NONE', 3,
 ( #5470, #930, #4750, #6658, #2217, #5987, #8031, #4104, #804, #7421, #4184, #283, #128, #6697, #3548, #3422, #2259, #4022, #2737, #841 ),
 .UNSPECIFIED., .F., .F.,
 ( 4, 2, 2, 2, 2, 2, 2, 2, 2, 4 ),
 ( 2.327375768669318548E-17, 0.004399655496621453742, 0.005499569370776812190, 0.006599483244932171505, 0.008799310993242888401, 0.009899224867398253788, 0.01099913874155361918, 0.01319896648986434995, 0.01539879423817508419, 0.01759862198648581844 ),
 .UNSPECIFIED. ) ;
#1902 = CARTESIAN_POINT ( 'NONE',  ( 17.69913579021859817, 153.1979091224004037, -1.172331925335404534 ) ) ;
#1903 = EDGE_CURVE ( 'NONE', #3745, #162, #1265, .T. ) ;
#1904 = AXIS2_PLACEMENT_3D ( 'NONE', #7094, #8383, #7866 ) ;
#1905 = VERTEX_POINT ( 'NONE', #2998 ) ;
#1906 = FACE_OUTER_BOUND ( 'NONE', #1170, .T. ) ;
#1907 = CARTESIAN_POINT ( 'NONE',  ( 132.2921305576003590, 146.5640621854574022, -20.31247418879182121 ) ) ;
#1908 = CARTESIAN_POINT ( 'NONE',  ( 45.09463832452554755, 78.33999999999805652, -84.49008245021316554 ) ) ;
#1909 = DIRECTION ( 'NONE',  ( 0.000000000000000000, 0.000000000000000000, -1.000000000000000000 ) ) ;
#1910 = ORIENTED_EDGE ( 'NONE', *, *, #4846, .T. ) ;
#1911 = EDGE_LOOP ( 'NONE', ( #7269, #3182, #2606, #6386, #4564, #3988, #7646, #7365, #6022, #2366, #3512 ) ) ;
#1912 = ADVANCED_FACE ( 'NONE', ( #7696 ), #2488, .F. ) ;
#1913 = ORIENTED_EDGE ( 'NONE', *, *, #1514, .F. ) ;
#1914 = CARTESIAN_POINT ( 'NONE',  ( 24.68827468291075888, 77.35350680659166756, -84.48737657758930197 ) ) ;
#1915 = B_SPLINE_SURFACE_WITH_KNOTS ( 'NONE', 3, 1, ( 
 ( #1820, #4440 ),
 ( #5854, #580 ),
 ( #4399, #7636 ),
 ( #3801, #5767 ) ),
 .UNSPECIFIED., .F., .F., .F.,
 ( 4, 4 ),
 ( 2, 2 ),
 ( 0.9071722439199819688, 1.000000000000000000 ),
 ( 0.000000000000000000, 1.000000000000000000 ),
 .UNSPECIFIED. ) ;
#1916 = FACE_BOUND ( 'NONE', #4353, .T. ) ;
#1917 = CARTESIAN_POINT ( 'NONE',  ( 33.36144391353304428, -0.000000000000000000, -84.82558993900651956 ) ) ;
#1918 = CARTESIAN_POINT ( 'NONE',  ( 53.00000000000000711, 39.90000000000001279, -60.39999999999997016 ) ) ;
#1919 = CARTESIAN_POINT ( 'NONE',  ( -1.625145621963255627, 164.7054142971850013, -5.390980660173229744 ) ) ;
#1920 = CARTESIAN_POINT ( 'NONE',  ( 22.95302402112530871, 190.1000000000000227, -47.91451096424982836 ) ) ;
#1921 = AXIS2_PLACEMENT_3D ( 'NONE', #6316, #4275, #5686 ) ;
#1922 = DIRECTION ( 'NONE',  ( -1.000000000000000000, 0.000000000000000000, 0.000000000000000000 ) ) ;
#1923 = ORIENTED_EDGE ( 'NONE', *, *, #7325, .F. ) ;
#1924 = EDGE_CURVE ( 'NONE', #4721, #2183, #8430, .T. ) ;
#1925 = CARTESIAN_POINT ( 'NONE',  ( 102.7025121307554514, -6.781172459482411874, -6.398856982802821669 ) ) ;
#1926 = LINE ( 'NONE', #3936, #7635 ) ;
#1927 = ORIENTED_EDGE ( 'NONE', *, *, #73, .F. ) ;
#1928 = CARTESIAN_POINT ( 'NONE',  ( -2.300740485066458785, 152.3465992431015650, -94.00244219838727133 ) ) ;
#1929 = EDGE_CURVE ( 'NONE', #4214, #2645, #3101, .T. ) ;
#1930 =( BOUNDED_CURVE ( )  B_SPLINE_CURVE ( 3, ( #8025, #5378, #757, #6733 ),
 .UNSPECIFIED., .F., .F. ) 
 B_SPLINE_CURVE_WITH_KNOTS ( ( 4, 4 ),
 ( 4.527329966078773360, 4.712388980384687009 ),
 .UNSPECIFIED. ) 
 CURVE ( )  GEOMETRIC_REPRESENTATION_ITEM ( )  RATIONAL_B_SPLINE_CURVE ( ( 1.000000000000000000, 0.9971481323785700290, 0.9971481323785700290, 1.000000000000000000 ) ) 
 REPRESENTATION_ITEM ( '' )  );
#1931 = DIRECTION ( 'NONE',  ( -1.000000000000000000, -0.000000000000000000, -0.000000000000000000 ) ) ;
#1932 = CARTESIAN_POINT ( 'NONE',  ( 104.8794347676764716, -0.3558554732538077858, -88.89250894379452461 ) ) ;
#1933 = CARTESIAN_POINT ( 'NONE',  ( 25.50000000000000000, 82.15430105479499900, -16.57164023170246026 ) ) ;
#1934 = DIRECTION ( 'NONE',  ( -1.000000000000000000, 0.000000000000000000, 0.000000000000000000 ) ) ;
#1935 = CARTESIAN_POINT ( 'NONE',  ( 132.2032974138693930, 153.5217203300913980, -27.82510385151537591 ) ) ;
#1936 = CARTESIAN_POINT ( 'NONE',  ( 104.5000000000000284, 87.34000000000061448, -84.62933753320331220 ) ) ;
#1937 = CARTESIAN_POINT ( 'NONE',  ( 2.923020435605305334, 98.71118479076373831, -9.545271822843542253 ) ) ;
#1938 = ORIENTED_EDGE ( 'NONE', *, *, #3688, .F. ) ;
#1939 = CARTESIAN_POINT ( 'NONE',  ( 112.2580700128509648, 158.2091519998955391, -92.40740543109630778 ) ) ;
#1940 = FACE_BOUND ( 'NONE', #3270, .T. ) ;
#1941 = CARTESIAN_POINT ( 'NONE',  ( 111.0000000000000000, 125.5999999999999943, -47.50000000000001421 ) ) ;
#1942 = CYLINDRICAL_SURFACE ( 'NONE', #4909, 1.649999999999974376 ) ;
#1943 = CARTESIAN_POINT ( 'NONE',  ( 110.9665741555950831, 182.5082923718124732, -21.69510655212528505 ) ) ;
#1944 = ORIENTED_EDGE ( 'NONE', *, *, #1855, .F. ) ;
#1945 = AXIS2_PLACEMENT_3D ( 'NONE', #2950, #4281, #5055 ) ;
#1946 = CARTESIAN_POINT ( 'NONE',  ( 18.60284758183136944, 123.1921976275670119, -90.85420633655500922 ) ) ;
#1947 = ORIENTED_EDGE ( 'NONE', *, *, #5772, .F. ) ;
#1948 = CARTESIAN_POINT ( 'NONE',  ( 104.4417998894025033, 86.16210218650336117, -10.41460302066212407 ) ) ;
#1949 = CARTESIAN_POINT ( 'NONE',  ( 15.00000000000000000, 142.5999999999999943, -47.50000000000000000 ) ) ;
#1950 = CARTESIAN_POINT ( 'NONE',  ( 3.999992513539464500, 153.1999938996241610, -32.77756813566458050 ) ) ;
#1951 = CARTESIAN_POINT ( 'NONE',  ( 87.60409755359897588, 75.34000000000000341, -72.21091270347400837 ) ) ;
#1952 = ORIENTED_EDGE ( 'NONE', *, *, #7032, .T. ) ;
#1953 = VERTEX_POINT ( 'NONE', #1799 ) ;
#1954 = ORIENTED_EDGE ( 'NONE', *, *, #2447, .F. ) ;
#1955 = CARTESIAN_POINT ( 'NONE',  ( 53.00000000000000711, 39.90000000000001279, -57.39999999999996305 ) ) ;
#1956 = CARTESIAN_POINT ( 'NONE',  ( 131.1744824127548270, 128.1504222676343829, -22.88656173811486383 ) ) ;
#1957 = CARTESIAN_POINT ( 'NONE',  ( 49.01804494921024968, 44.33077953571969942, -67.59223562811287422 ) ) ;
#1958 = EDGE_CURVE ( 'NONE', #401, #4721, #4586, .T. ) ;
#1959 = CARTESIAN_POINT ( 'NONE',  ( -2.221553398611797903, 143.1534987928144176, 0.004774308400368342323 ) ) ;
#1960 = CARTESIAN_POINT ( 'NONE',  ( 24.49999999999999645, 190.1000000000000227, -47.50000000000000000 ) ) ;
#1961 = CARTESIAN_POINT ( 'NONE',  ( 44.00717884214597575, 18.57772186389095381, -68.83599643540155455 ) ) ;
#1962 = ORIENTED_EDGE ( 'NONE', *, *, #3645, .F. ) ;
#1963 = CARTESIAN_POINT ( 'NONE',  ( 130.0000000000000000, 0.000000000000000000, 0.000000000000000000 ) ) ;
#1964 = CARTESIAN_POINT ( 'NONE',  ( 25.03599560296974502, -0.000000000000000000, -24.77284298179409205 ) ) ;
#1965 = LINE ( 'NONE', #4669, #677 ) ;
#1966 = CARTESIAN_POINT ( 'NONE',  ( -2.210584796320107515, 153.4682947749564619, -73.08689529718495237 ) ) ;
#1967 = CYLINDRICAL_SURFACE ( 'NONE', #639, 3.000000000000002665 ) ;
#1968 = CARTESIAN_POINT ( 'NONE',  ( 84.11443279171074039, 0.1078258855396726085, -88.80313150149449086 ) ) ;
#1969 = CARTESIAN_POINT ( 'NONE',  ( 18.91736024442949571, 181.2351638061063852, -75.14339444770175191 ) ) ;
#1970 = CARTESIAN_POINT ( 'NONE',  ( 25.50000000000000355, 52.00000000000000000, -40.50000000000000711 ) ) ;
#1971 = CARTESIAN_POINT ( 'NONE',  ( 132.0752107083911255, 156.3559758456748909, -65.36652396550726962 ) ) ;
#1972 = CARTESIAN_POINT ( 'NONE',  ( 13.66117838870508550, 41.34588773908873094, -26.11591644732592599 ) ) ;
#1973 = CARTESIAN_POINT ( 'NONE',  ( 2.953360440880838933, 98.52609583401861926, -29.30858963963830277 ) ) ;
#1974 = ORIENTED_EDGE ( 'NONE', *, *, #1274, .F. ) ;
#1975 = CARTESIAN_POINT ( 'NONE',  ( 112.2902780435221928, 149.3574420821683191, -94.52792492837366467 ) ) ;
#1976 = B_SPLINE_CURVE_WITH_KNOTS ( 'NONE', 3,
 ( #4820, #6177, #4258, #312, #2847, #7409 ),
 .UNSPECIFIED., .F., .F.,
 ( 4, 2, 4 ),
 ( 3.469446951953614189E-18, 0.003143925836093079424, 0.006287851672186155379 ),
 .UNSPECIFIED. ) ;
#1977 = CARTESIAN_POINT ( 'NONE',  ( 119.5522513632011652, 187.6000000000000227, -51.26528914661269454 ) ) ;
#1978 = CARTESIAN_POINT ( 'NONE',  ( 130.6103806778667433, 122.5701044085600842, -90.64542082911255250 ) ) ;
#1979 = CARTESIAN_POINT ( 'NONE',  ( -0.2507661039690306515, 120.2462078832489283, -44.54067728248723057 ) ) ;
#1980 = CARTESIAN_POINT ( 'NONE',  ( 110.1963672586016258, 189.6345514491251834, -40.18778752383176567 ) ) ;
#1981 = EDGE_LOOP ( 'NONE', ( #8359, #717, #5111, #94 ) ) ;
#1982 = CARTESIAN_POINT ( 'NONE',  ( 17.73749968624601081, 157.6229908039257737, -2.431692628102916309 ) ) ;
#1983 = AXIS2_PLACEMENT_3D ( 'NONE', #1025, #3644, #6242 ) ;
#1984 = ORIENTED_EDGE ( 'NONE', *, *, #1898, .T. ) ;
#1985 = CARTESIAN_POINT ( 'NONE',  ( 101.4520959021635065, 80.56379390752707081, -10.51459752140757153 ) ) ;
#1986 = VECTOR ( 'NONE', #8445, 1000.000000000000000 ) ;
#1987 = LINE ( 'NONE', #4435, #5539 ) ;
#1988 = LINE ( 'NONE', #6560, #3397 ) ;
#1989 = ORIENTED_EDGE ( 'NONE', *, *, #4600, .F. ) ;
#1990 = ORIENTED_EDGE ( 'NONE', *, *, #3734, .T. ) ;
#1991 = ORIENTED_EDGE ( 'NONE', *, *, #2036, .T. ) ;
#1992 = CARTESIAN_POINT ( 'NONE',  ( 87.60409755359897588, -2.000000000000000000, -65.61091270347401405 ) ) ;
#1993 = CARTESIAN_POINT ( 'NONE',  ( 131.9109749787126589, 136.7787324007456675, -69.24644763536277026 ) ) ;
#1994 = CARTESIAN_POINT ( 'NONE',  ( 31.79158830611328312, -0.000000000000000000, -83.58562027849329468 ) ) ;
#1995 = CARTESIAN_POINT ( 'NONE',  ( 31.17364362435651159, 74.26002270254143411, -19.27369306408119343 ) ) ;
#1996 = CARTESIAN_POINT ( 'NONE',  ( -0.2553691430990587263, 119.3162222849991565, -6.060836691291028089 ) ) ;
#1997 = EDGE_CURVE ( 'NONE', #5756, #4968, #6420, .T. ) ;
#1998 = CARTESIAN_POINT ( 'NONE',  ( 13.87583583439172585, 40.50161144362285626, -69.11197392688788455 ) ) ;
#1999 = CARTESIAN_POINT ( 'NONE',  ( 53.00000000000000711, 39.90000000000001279, -37.59999999999995879 ) ) ;
#2000 = CIRCLE ( 'NONE', #3504, 2.149999999999999023 ) ;
#2001 = EDGE_CURVE ( 'NONE', #5679, #6460, #8384, .T. ) ;
#2002 = CARTESIAN_POINT ( 'NONE',  ( 87.60409755359897588, 12.30000000000000071, -62.01091270347400553 ) ) ;
#2003 = ORIENTED_EDGE ( 'NONE', *, *, #4160, .T. ) ;
#2004 = CIRCLE ( 'NONE', #7738, 5.000000000000004441 ) ;
#2005 = DIRECTION ( 'NONE',  ( 0.000000000000000000, 0.000000000000000000, 1.000000000000000000 ) ) ;
#2006 = CARTESIAN_POINT ( 'NONE',  ( 27.92028999186482352, 0.000000000000000000, -15.94856595423634715 ) ) ;
#2007 = DIRECTION ( 'NONE',  ( 1.000000000000000000, -0.000000000000000000, -0.000000000000000000 ) ) ;
#2008 = CARTESIAN_POINT ( 'NONE',  ( -0.1990833150376089267, 175.0473027094703582, -82.28650526557059663 ) ) ;
#2009 = DIRECTION ( 'NONE',  ( -1.000000000000000000, -0.000000000000000000, -0.000000000000000000 ) ) ;
#2010 = VECTOR ( 'NONE', #4524, 1000.000000000000000 ) ;
#2011 = PLANE ( 'NONE',  #8424 ) ;
#2012 = AXIS2_PLACEMENT_3D ( 'NONE', #7752, #4009, #2116 ) ;
#2013 = CARTESIAN_POINT ( 'NONE',  ( 6.073296729587224441, 79.33234503780913371, -30.51587007559059472 ) ) ;
#2014 = CARTESIAN_POINT ( 'NONE',  ( 44.50000000000000711, -14.88237669494214188, -46.27600548280335602 ) ) ;
#2015 = EDGE_CURVE ( 'NONE', #8356, #2771, #4860, .T. ) ;
#2016 = CARTESIAN_POINT ( 'NONE',  ( 132.3003099304643513, 147.7384980755757056, -69.41793307251363387 ) ) ;
#2017 = CARTESIAN_POINT ( 'NONE',  ( 104.5000000000000284, 111.2915253907364246, -86.84438187589373115 ) ) ;
#2018 = CARTESIAN_POINT ( 'NONE',  ( 3.899706452342008856, 92.53973031684917316, -10.11824732597546728 ) ) ;
#2019 = ORIENTED_EDGE ( 'NONE', *, *, #6665, .F. ) ;
#2020 = CARTESIAN_POINT ( 'NONE',  ( 132.3100404576788378, 152.3846170400712481, -94.03329262862912685 ) ) ;
#2021 = CARTESIAN_POINT ( 'NONE',  ( 111.2156502122978594, 123.2000559591661784, -90.85772331675772762 ) ) ;
#2022 = EDGE_CURVE ( 'NONE', #1719, #1609, #752, .T. ) ;
#2023 = CARTESIAN_POINT ( 'NONE',  ( 111.1237292727752788, 122.4708176927958192, -90.61313940879821871 ) ) ;
#2024 = CARTESIAN_POINT ( 'NONE',  ( 52.50000000000000711, 57.54318329410944699, -27.05991754977236141 ) ) ;
#2025 = DIRECTION ( 'NONE',  ( 0.000000000000000000, -1.000000000000000000, 0.000000000000000000 ) ) ;
#2026 = VERTEX_POINT ( 'NONE', #2616 ) ;
#2027 = CARTESIAN_POINT ( 'NONE',  ( -1.220137506705364805, 128.5966559371922813, -22.74752130401750705 ) ) ;
#2028 = VECTOR ( 'NONE', #1823, 1000.000000000000000 ) ;
#2029 = VERTEX_POINT ( 'NONE', #5235 ) ;
#2030 = CARTESIAN_POINT ( 'NONE',  ( 65.38293293522244198, 48.33030277982335576, -44.99999999999997158 ) ) ;
#2031 = CARTESIAN_POINT ( 'NONE',  ( 116.4105864849294250, 122.9882834043135489, -4.932391664318494406 ) ) ;
#2032 = B_SPLINE_SURFACE_WITH_KNOTS ( 'NONE', 3, 1, ( 
 ( #906, #8089 ),
 ( #1103, #8132 ),
 ( #8050, #5008 ),
 ( #7400, #1749 ) ),
 .UNSPECIFIED., .F., .F., .F.,
 ( 4, 4 ),
 ( 2, 2 ),
 ( 0.9400458072003682330, 1.000000000000000000 ),
 ( 0.000000000000000000, 1.000000000000000000 ),
 .UNSPECIFIED. ) ;
#2033 = FACE_OUTER_BOUND ( 'NONE', #5501, .T. ) ;
#2034 = VERTEX_POINT ( 'NONE', #89 ) ;
#2035 = ORIENTED_EDGE ( 'NONE', *, *, #7032, .F. ) ;
#2036 = EDGE_CURVE ( 'NONE', #6340, #7113, #4168, .T. ) ;
#2037 = AXIS2_PLACEMENT_3D ( 'NONE', #4330, #1626, #8173 ) ;
#2038 = ORIENTED_EDGE ( 'NONE', *, *, #7550, .F. ) ;
#2039 = CARTESIAN_POINT ( 'NONE',  ( 111.0000000000000000, 151.1000000000000796, -32.77756813566458050 ) ) ;
#2040 = CARTESIAN_POINT ( 'NONE',  ( 131.0763390393423720, 127.2122574853239172, -63.93182176448310372 ) ) ;
#2041 = CARTESIAN_POINT ( 'NONE',  ( 41.26565559561243646, 0.000000000000000000, -88.31232530086037968 ) ) ;
#2042 = CYLINDRICAL_SURFACE ( 'NONE', #1570, 1.649999999999998579 ) ;
#2043 = FACE_OUTER_BOUND ( 'NONE', #592, .T. ) ;
#2044 = CARTESIAN_POINT ( 'NONE',  ( 111.0740439079770709, 122.0921170066662853, -4.510015142331080362 ) ) ;
#2045 = CARTESIAN_POINT ( 'NONE',  ( 39.94156149145270973, 70.55483739003214794, -10.32429577584997560 ) ) ;
#2046 = ORIENTED_EDGE ( 'NONE', *, *, #5851, .T. ) ;
#2047 = CARTESIAN_POINT ( 'NONE',  ( 31.96857661539495510, 78.16590806176461115, -81.45256673979831419 ) ) ;
#2048 = ORIENTED_EDGE ( 'NONE', *, *, #2127, .F. ) ;
#2049 = AXIS2_PLACEMENT_3D ( 'NONE', #1955, #1222, #3923 ) ;
#2050 = CARTESIAN_POINT ( 'NONE',  ( 33.38978381462024458, 0.000000000000000000, -10.15406293175045782 ) ) ;
#2051 = CARTESIAN_POINT ( 'NONE',  ( 28.19246229615694688, 80.92011151852321404, -84.48737657759762953 ) ) ;
#2052 = CARTESIAN_POINT ( 'NONE',  ( 18.76459755157679155, 179.4719931994956426, -77.46226797864672164 ) ) ;
#2053 = CARTESIAN_POINT ( 'NONE',  ( 20.42032609778516417, 14.52693264677784413, -66.88291900047579475 ) ) ;
#2054 = CARTESIAN_POINT ( 'NONE',  ( 56.49999999999999289, 53.64580823289529832, -51.39699725184723889 ) ) ;
#2055 = CARTESIAN_POINT ( 'NONE',  ( 87.60409755359897588, 0.000000000000000000, -29.38908729652602148 ) ) ;
#2056 = DIRECTION ( 'NONE',  ( 1.000061562882335055E-07, -0.9999999999999948930, 0.000000000000000000 ) ) ;
#2057 = CARTESIAN_POINT ( 'NONE',  ( 13.02252297458775310, 43.80475966291441381, -27.12501595463205462 ) ) ;
#2058 = CARTESIAN_POINT ( 'NONE',  ( 0.1518878322508854795, 116.9187332677497295, -6.083494105668007634 ) ) ;
#2059 = ORIENTED_EDGE ( 'NONE', *, *, #3734, .F. ) ;
#2060 = LINE ( 'NONE', #4680, #1112 ) ;
#2061 = EDGE_CURVE ( 'NONE', #1476, #7845, #923, .T. ) ;
#2062 = DIRECTION ( 'NONE',  ( 1.000000000000000000, -0.000000000000000000, 0.000000000000000000 ) ) ;
#2063 = CARTESIAN_POINT ( 'NONE',  ( 119.5522513632011652, 187.6000000000000227, -51.26528914661269454 ) ) ;
#2064 = CARTESIAN_POINT ( 'NONE',  ( 126.0000000000000000, 142.5999999999999943, -24.99999999999999289 ) ) ;
#2065 = CARTESIAN_POINT ( 'NONE',  ( 111.2612830690137429, 120.8747816066328937, -89.74055972357022881 ) ) ;
#2066 = ORIENTED_EDGE ( 'NONE', *, *, #4632, .F. ) ;
#2067 = CARTESIAN_POINT ( 'NONE',  ( 0.2813700922913962010, 174.1776505073675878, -44.96882606247893222 ) ) ;
#2068 = CARTESIAN_POINT ( 'NONE',  ( 27.18373739142318612, -6.445405582282540458, -88.61098933633104480 ) ) ;
#2069 = CARTESIAN_POINT ( 'NONE',  ( 104.5000000000000142, 87.34000000000000341, -10.37066246678169890 ) ) ;
#2070 = CARTESIAN_POINT ( 'NONE',  ( 108.5232609310961465, 10.98429668998706354, -68.59520939346104740 ) ) ;
#2071 = DIRECTION ( 'NONE',  ( 0.000000000000000000, -1.000000000000000000, 2.037036744050392768E-15 ) ) ;
#2072 = ORIENTED_EDGE ( 'NONE', *, *, #3551, .T. ) ;
#2073 = ORIENTED_EDGE ( 'NONE', *, *, #7294, .F. ) ;
#2074 = ORIENTED_EDGE ( 'NONE', *, *, #5059, .T. ) ;
#2075 = CARTESIAN_POINT ( 'NONE',  ( 84.00409755359895314, 52.00000000000001421, -29.38908729652600726 ) ) ;
#2076 = CARTESIAN_POINT ( 'NONE',  ( 130.2363400181349675, 120.1353474001789579, -46.03686867628285739 ) ) ;
#2077 = DIRECTION ( 'NONE',  ( 1.000000000000000000, -0.000000000000000000, -0.000000000000000000 ) ) ;
#2078 = CARTESIAN_POINT ( 'NONE',  ( 126.0000000000000000, 142.5999999999999943, -70.00000000000000000 ) ) ;
#2079 = EDGE_CURVE ( 'NONE', #3420, #2922, #883, .T. ) ;
#2080 = CARTESIAN_POINT ( 'NONE',  ( 11.28579496089772150, 51.53491923098228966, -36.75478522419248151 ) ) ;
#2081 = DIRECTION ( 'NONE',  ( -0.000000000000000000, -0.000000000000000000, -1.000000000000000000 ) ) ;
#2082 = B_SPLINE_CURVE_WITH_KNOTS ( 'NONE', 3,
 ( #1472, #4093, #830, #3454, #4780, #2927, #5629, #7496, #8060, #3535, #4217, #5589, #1046, #3665, #2291, #6260, #8194, #918, #6810, #5544, #2247, #4130, #2205 ),
 .UNSPECIFIED., .F., .F.,
 ( 4, 2, 2, 2, 2, 2, 2, 2, 1, 2, 2, 4 ),
 ( 0.000000000000000000, 0.001757658994664097881, 0.002636488491996146714, 0.003515317989328195763, 0.005272976983992316846, 0.007030635978656436628, 0.008788294973320558146, 0.009667124470652634083, 0.01054595396798471175, 0.01142478346531678943, 0.01230361296264886710, 0.01406127195731302071 ),
 .UNSPECIFIED. ) ;
#2083 = ORIENTED_EDGE ( 'NONE', *, *, #7397, .F. ) ;
#2084 = DIRECTION ( 'NONE',  ( -1.000000000000000000, -6.208745440146051873E-17, -0.000000000000000000 ) ) ;
#2085 = EDGE_LOOP ( 'NONE', ( #2810, #2019, #2166, #4262 ) ) ;
#2086 = CARTESIAN_POINT ( 'NONE',  ( 114.5915720063096899, 33.08070861683893327, -27.93801639090629152 ) ) ;
#2087 = CARTESIAN_POINT ( 'NONE',  ( 25.50000000000000711, 86.73910565630372105, -84.60534925115820215 ) ) ;
#2088 = CARTESIAN_POINT ( 'NONE',  ( -0.9108377163339149707, 170.5780178671776355, -85.91269159726631699 ) ) ;
#2089 = DIRECTION ( 'NONE',  ( -0.000000000000000000, 1.000000000000000000, 0.000000000000000000 ) ) ;
#2090 = CARTESIAN_POINT ( 'NONE',  ( 56.93358191217721043, 52.84131438759684585, -44.99999999999998579 ) ) ;
#2091 = FACE_OUTER_BOUND ( 'NONE', #444, .T. ) ;
#2092 = CARTESIAN_POINT ( 'NONE',  ( 17.81120477094971122, 142.6000000000053092, 9.010915958772428336E-15 ) ) ;
#2093 = CARTESIAN_POINT ( 'NONE',  ( 11.53983345868127763, 50.17195872581188354, -29.38343640852134442 ) ) ;
#2094 = VERTEX_POINT ( 'NONE', #1970 ) ;
#2095 = LINE ( 'NONE', #2142, #4125 ) ;
#2096 = CARTESIAN_POINT ( 'NONE',  ( 27.04034121666509094, 42.39344006738986792, -68.50098792106223300 ) ) ;
#2097 = ADVANCED_FACE ( 'NONE', ( #8104 ), #7373, .F. ) ;
#2098 = CARTESIAN_POINT ( 'NONE',  ( 131.1287952981686828, 127.7121369143012828, -71.97666574227115177 ) ) ;
#2099 = CARTESIAN_POINT ( 'NONE',  ( 34.50000000000000000, 87.34000000000000341, -69.50000000000000000 ) ) ;
#2100 = AXIS2_PLACEMENT_3D ( 'NONE', #4716, #7355, #2712 ) ;
#2101 = CARTESIAN_POINT ( 'NONE',  ( 131.3038508352393592, 128.7926654754542994, -93.02337010123552830 ) ) ;
#2102 = VERTEX_POINT ( 'NONE', #2701 ) ;
#2103 = EDGE_CURVE ( 'NONE', #1102, #6762, #6349, .T. ) ;
#2104 = CARTESIAN_POINT ( 'NONE',  ( -2.248786058000330712, 152.1125628249168642, -21.50180663352188049 ) ) ;
#2105 = CARTESIAN_POINT ( 'NONE',  ( 112.2949779241675969, 150.2294863308299568, -94.38960107898049046 ) ) ;
#2106 = DIRECTION ( 'NONE',  ( 1.000000000000000000, -0.000000000000000000, 0.000000000000000000 ) ) ;
#2107 = DIRECTION ( 'NONE',  ( 0.000000000000000000, 1.000000000000000000, 0.000000000000000000 ) ) ;
#2108 = CARTESIAN_POINT ( 'NONE',  ( 110.2207665720576983, 189.4271509300113792, -39.46873674883542549 ) ) ;
#2109 = DIRECTION ( 'NONE',  ( -0.000000000000000000, 1.000000000000000000, 0.000000000000000000 ) ) ;
#2110 = CARTESIAN_POINT ( 'NONE',  ( 111.0000000000000000, 125.5999999999999943, -47.50000000000001421 ) ) ;
#2111 = ORIENTED_EDGE ( 'NONE', *, *, #1125, .F. ) ;
#2112 = VERTEX_POINT ( 'NONE', #3542 ) ;
#2113 = CARTESIAN_POINT ( 'NONE',  ( 65.38293293522244198, 48.33030277982335576, -49.99999999999997158 ) ) ;
#2114 = CARTESIAN_POINT ( 'NONE',  ( 130.3246425401546844, 120.8224228532041167, -41.65551739049216451 ) ) ;
#2115 = EDGE_CURVE ( 'NONE', #735, #7718, #2932, .T. ) ;
#2116 = DIRECTION ( 'NONE',  ( 0.000000000000000000, -1.000000000000000000, 0.000000000000000000 ) ) ;
#2117 = DIRECTION ( 'NONE',  ( 1.000000000000000000, 0.000000000000000000, 0.000000000000000000 ) ) ;
#2118 = CARTESIAN_POINT ( 'NONE',  ( 3.999991323466212556, 165.0999938996240530, -47.50000000000000000 ) ) ;
#2119 = LINE ( 'NONE', #235, #5676 ) ;
#2120 = EDGE_CURVE ( 'NONE', #7967, #3544, #3941, .T. ) ;
#2121 = ORIENTED_EDGE ( 'NONE', *, *, #7319, .T. ) ;
#2122 = EDGE_CURVE ( 'NONE', #3976, #1791, #2890, .T. ) ;
#2123 = CARTESIAN_POINT ( 'NONE',  ( 54.50000000000000000, 78.34000000000000341, -14.35906609687316582 ) ) ;
#2124 = VERTEX_POINT ( 'NONE', #4868 ) ;
#2125 = CARTESIAN_POINT ( 'NONE',  ( 103.6754404424544305, -3.909516525766351336, -26.14492922667255925 ) ) ;
#2126 = ORIENTED_EDGE ( 'NONE', *, *, #7908, .T. ) ;
#2127 = EDGE_CURVE ( 'NONE', #452, #7530, #847, .T. ) ;
#2128 = CARTESIAN_POINT ( 'NONE',  ( 0.1486663565743183146, 173.5472730858737975, -53.34236322202048086 ) ) ;
#2129 = CARTESIAN_POINT ( 'NONE',  ( 107.9654081581779792, 9.145862636316612893, -26.32075344900384906 ) ) ;
#2130 = VECTOR ( 'NONE', #1922, 1000.000000000000000 ) ;
#2131 = AXIS2_PLACEMENT_3D ( 'NONE', #2389, #1744, #1141 ) ;
#2132 = CARTESIAN_POINT ( 'NONE',  ( 60.59276809163406341, 49.53516470091700796, -44.99999999999998579 ) ) ;
#2133 = ORIENTED_EDGE ( 'NONE', *, *, #607, .T. ) ;
#2134 = FACE_OUTER_BOUND ( 'NONE', #4611, .T. ) ;
#2135 = AXIS2_PLACEMENT_3D ( 'NONE', #624, #1779, #7156 ) ;
#2136 = CARTESIAN_POINT ( 'NONE',  ( 102.7526611178753342, -0.000000000000000000, -77.88448096353039318 ) ) ;
#2137 = CARTESIAN_POINT ( 'NONE',  ( 43.56403100429920272, 7.729172917394871334, -6.127734790588776015 ) ) ;
#2138 = CARTESIAN_POINT ( 'NONE',  ( 7.134472515248721614, 73.14919880390229423, -64.43849657126970953 ) ) ;
#2139 = ORIENTED_EDGE ( 'NONE', *, *, #5101, .F. ) ;
#2140 = CIRCLE ( 'NONE', #6910, 3.000000000000002665 ) ;
#2141 = AXIS2_PLACEMENT_3D ( 'NONE', #1426, #112, #8057 ) ;
#2142 = CARTESIAN_POINT ( 'NONE',  ( 37.54268651639599597, 69.22045390349596516, 12.15889099534099849 ) ) ;
#2143 = CARTESIAN_POINT ( 'NONE',  ( 27.76764723602301999, 41.48930450426466621, -68.81584479836355683 ) ) ;
#2144 = CARTESIAN_POINT ( 'NONE',  ( 131.1005541195346495, 127.4444578785766993, -71.89305176532489838 ) ) ;
#2145 = CARTESIAN_POINT ( 'NONE',  ( 56.50000000000000711, 30.00000000000000000, -47.49999999999997868 ) ) ;
#2146 = CARTESIAN_POINT ( 'NONE',  ( 131.7018837649963814, 133.8601234083532745, -74.07905751323406207 ) ) ;
#2147 = VERTEX_POINT ( 'NONE', #1607 ) ;
#2148 = CARTESIAN_POINT ( 'NONE',  ( -2.190147695376384984, 142.1356246559431042, -19.97864028422413440 ) ) ;
#2149 = CYLINDRICAL_SURFACE ( 'NONE', #6501, 5.000000000000000888 ) ;
#2150 = CARTESIAN_POINT ( 'NONE',  ( 27.17787738416102172, -6.428109489965288859, -68.79109902091741446 ) ) ;
#2151 = DIRECTION ( 'NONE',  ( -0.9999999999999950040, -1.000061563076409229E-07, -0.000000000000000000 ) ) ;
#2152 = CARTESIAN_POINT ( 'NONE',  ( 127.5013501403773546, 186.3871269611821049, -29.01896876007017667 ) ) ;
#2153 = CARTESIAN_POINT ( 'NONE',  ( 130.0000000000000000, 142.5999999999999943, -47.50000000000000000 ) ) ;
#2154 = CARTESIAN_POINT ( 'NONE',  ( 25.50000000000000711, 99.33335338243337276, -9.891876222820565445 ) ) ;
#2155 = EDGE_LOOP ( 'NONE', ( #6208, #5407, #1852, #5433, #355 ) ) ;
#2156 = VECTOR ( 'NONE', #8205, 1000.000000000000000 ) ;
#2157 = ORIENTED_EDGE ( 'NONE', *, *, #5462, .T. ) ;
#2158 = CARTESIAN_POINT ( 'NONE',  ( 44.50000000000000711, 78.34000000000001762, -81.50855475729525779 ) ) ;
#2159 = CARTESIAN_POINT ( 'NONE',  ( 130.6544845473956684, 123.4911537901240024, -35.59877389192576658 ) ) ;
#2160 = CARTESIAN_POINT ( 'NONE',  ( 10.90886234097784424, 53.75380197499687540, -27.84665774612221512 ) ) ;
#2161 = LINE ( 'NONE', #6096, #1465 ) ;
#2162 = CARTESIAN_POINT ( 'NONE',  ( 132.3048323100076971, 148.2624761966824281, -20.56185944179154745 ) ) ;
#2163 = CARTESIAN_POINT ( 'NONE',  ( 87.60409755359897588, 12.30000000000000071, -32.98908729652601579 ) ) ;
#2164 = AXIS2_PLACEMENT_3D ( 'NONE', #2199, #5451, #824 ) ;
#2165 = EDGE_CURVE ( 'NONE', #1359, #6017, #7029, .T. ) ;
#2166 = ORIENTED_EDGE ( 'NONE', *, *, #6519, .F. ) ;
#2167 = CARTESIAN_POINT ( 'NONE',  ( 49.50000000000000000, 37.00000000000000000, -25.50000000000000711 ) ) ;
#2168 = LINE ( 'NONE', #834, #2949 ) ;
#2169 = ORIENTED_EDGE ( 'NONE', *, *, #6101, .T. ) ;
#2170 = AXIS2_PLACEMENT_3D ( 'NONE', #3949, #3263, #7227 ) ;
#2171 = CARTESIAN_POINT ( 'NONE',  ( 105.1039518915568038, 0.3072564415558240447, -26.12101868877674704 ) ) ;
#2172 = CARTESIAN_POINT ( 'NONE',  ( 45.89255058101997520, 12.01417545015667798, -30.28168012832593092 ) ) ;
#2173 = CARTESIAN_POINT ( 'NONE',  ( -1.845282645801381127, 159.5651700808814724, -70.34007133119639832 ) ) ;
#2174 = DIRECTION ( 'NONE',  ( 0.000000000000000000, 1.000000000000000000, -4.625929269271485914E-16 ) ) ;
#2175 = EDGE_CURVE ( 'NONE', #2094, #1508, #5318, .T. ) ;
#2176 = AXIS2_PLACEMENT_3D ( 'NONE', #827, #6091, #2724 ) ;
#2177 = ADVANCED_FACE ( 'NONE', ( #2655 ), #7218, .F. ) ;
#2178 = CARTESIAN_POINT ( 'NONE',  ( 49.50000000000000000, 59.24636658821884083, -30.00991754977235004 ) ) ;
#2179 = CARTESIAN_POINT ( 'NONE',  ( 18.51639162776297098, 124.7315502434095151, -3.481014030141373894 ) ) ;
#2180 = CARTESIAN_POINT ( 'NONE',  ( 24.86799801123807896, 0.3903388375740110550, -26.12144369073850569 ) ) ;
#2181 = EDGE_CURVE ( 'NONE', #7914, #5408, #686, .T. ) ;
#2182 = CARTESIAN_POINT ( 'NONE',  ( 3.190978376669334260, 97.01267844725600753, -65.52054577453444040 ) ) ;
#2183 = VERTEX_POINT ( 'NONE', #2167 ) ;
#2184 = CARTESIAN_POINT ( 'NONE',  ( 42.39589333293312734, 3.700000000000000178, -67.76091270347399131 ) ) ;
#2185 = CARTESIAN_POINT ( 'NONE',  ( 30.50000000000000355, 40.03517976947111379, -69.18971353590646345 ) ) ;
#2186 = CARTESIAN_POINT ( 'NONE',  ( 127.0466388386962393, 98.52609621100893378, -65.69141088310711041 ) ) ;
#2187 = DIRECTION ( 'NONE',  ( 0.000000000000000000, 0.5000000000000011102, 0.8660254037844379305 ) ) ;
#2188 = FACE_OUTER_BOUND ( 'NONE', #679, .T. ) ;
#2189 = EDGE_LOOP ( 'NONE', ( #5028, #700 ) ) ;
#2190 = CARTESIAN_POINT ( 'NONE',  ( -1.887113033705463572, 159.1045874557796367, -24.38075043231483363 ) ) ;
#2191 = CARTESIAN_POINT ( 'NONE',  ( 25.50000000000000355, 73.34000000000000341, -14.35906609687316582 ) ) ;
#2192 = VERTEX_POINT ( 'NONE', #1517 ) ;
#2193 = CARTESIAN_POINT ( 'NONE',  ( 18.99999272355231739, 151.0999953997165335, -62.22243186433541950 ) ) ;
#2194 = CARTESIAN_POINT ( 'NONE',  ( 110.9195431752342671, 183.0069817552910649, -22.44683728537591350 ) ) ;
#2195 = B_SPLINE_CURVE_WITH_KNOTS ( 'NONE', 3,
 ( #651, #5836, #3865, #4597, #2493, #5108, #1205, #6381, #523, #6463 ),
 .UNSPECIFIED., .F., .F.,
 ( 4, 2, 2, 2, 4 ),
 ( 1.047750002768181686E-16, 0.005041559000663143296, 0.006301948750828892908, 0.007562338500994642519, 0.01008311800132612526 ),
 .UNSPECIFIED. ) ;
#2196 = DIRECTION ( 'NONE',  ( 0.000000000000000000, 0.000000000000000000, -1.000000000000000000 ) ) ;
#2197 =( BOUNDED_SURFACE ( )  B_SPLINE_SURFACE ( 3, 2, ( 
 ( #4120, #4768, #3726 ),
 ( #7360, #860, #464 ),
 ( #3524, #821, #4159 ),
 ( #262, #7963, #6041 ),
 ( #2875, #7441, #1591 ),
 ( #4206, #6800, #1833 ),
 ( #6369, #8379, #3126 ),
 ( #7737, #638, #4582 ),
 ( #5821, #1321, #3250 ),
 ( #1882, #593, #5778 ),
 ( #1792, #3937, #2525 ),
 ( #4500, #7090, #3893 ),
 ( #6493, #511, #7821 ),
 ( #1237, #3169, #8468 ),
 ( #553, #5867, #5097 ),
 ( #5054, #4542, #7129 ),
 ( #7782, #7650, #4412 ),
 ( #5139, #3204, #2612 ),
 ( #7002, #1928, #5229 ),
 ( #5739, #3854, #6452 ),
 ( #8340, #2483, #7688 ),
 ( #5188, #1146, #6537 ),
 ( #1966, #4457, #682 ),
 ( #8422, #1194, #2569 ),
 ( #1278, #3770, #7169 ),
 ( #5693, #7047, #8299 ),
 ( #2440, #3811, #6412 ),
 ( #2173, #2696, #5313 ),
 ( #7340, #2088, #7863 ),
 ( #7984, #3979, #2816 ),
 ( #126, #5426, #2736 ),
 ( #4066, #2008, #5348 ),
 ( #1482, #5986, #4627 ),
 ( #1440, #40, #1403 ),
 ( #4021, #7295, #4103 ),
 ( #3379, #7946, #2052 ),
 ( #5382, #5904, #5943 ),
 ( #1364, #7905, #4705 ),
 ( #163, #6656, #7214 ),
 ( #6696, #761, #6580 ),
 ( #4670, #803, #4749 ),
 ( #7253, #6062, #840 ),
 ( #3421, #6024, #3462 ),
 ( #6618, #720, #2776 ),
 ( #198, #3293, #7380 ),
 ( #2128, #8030, #3334 ),
 ( #85, #4790, #1523 ),
 ( #4140, #6738, #2650 ),
 ( #5269, #1613, #4918 ),
 ( #4873, #968, #3586 ),
 ( #929, #2982, #3502 ),
 ( #3626, #1656, #4362 ),
 ( #6781, #2258, #2938 ),
 ( #8246, #2384, #1012 ),
 ( #4960, #6821, #884 ),
 ( #5469, #2858, #3547 ),
 ( #5001, #4228, #8159 ),
 ( #7548, #6187, #1696 ),
 ( #3027, #244, #5639 ),
 ( #6109, #322, #2216 ),
 ( #4183, #4270, #6147 ),
 ( #2344, #7465, #5600 ),
 ( #8069, #4831, #5555 ),
 ( #4313, #6860, #7419 ),
 ( #6907, #282, #2895 ),
 ( #6228, #2303, #1567 ),
 ( #5509, #1056, #8110 ),
 ( #7508, #372, #3675 ),
 ( #7594, #8206, #6273 ),
 ( #417, #1740, #6952 ),
 ( #8460, #2473, #7727 ),
 ( #3117, #2561, #7641 ),
 ( #2429, #5770, #2517 ),
 ( #7773, #3804, #4403 ),
 ( #8372, #1919, #1096 ),
 ( #7038, #3759, #4532 ),
 ( #1184, #1226, #1873 ),
 ( #3845, #6994, #8332 ),
 ( #7121, #5858, #2603 ),
 ( #5219, #1268, #5730 ),
 ( #4491, #6403, #6359 ),
 ( #545, #7812, #583 ),
 ( #5089, #455, #5128 ),
 ( #7082, #1959, #3883 ),
 ( #4445, #6484, #7681 ),
 ( #628, #500, #6446 ),
 ( #5811, #8410, #1824 ),
 ( #3068, #5682, #3717 ),
 ( #3197, #3243, #5177 ),
 ( #6314, #8288, #3162 ),
 ( #5044, #1784, #1137 ),
 ( #5414, #1312, #6529 ),
 ( #675, #190, #3929 ),
 ( #7850, #2806, #6609 ),
 ( #74, #750, #1430 ),
 ( #5897, #3286, #3325 ),
 ( #4055, #792, #6053 ),
 ( #6571, #1996, #2768 ) ),
 .UNSPECIFIED., .F., .F., .F. ) 
 B_SPLINE_SURFACE_WITH_KNOTS ( ( 4, 2, 2, 2, 2, 2, 2, 2, 2, 2, 2, 2, 2, 2, 2, 2, 2, 2, 2, 2, 2, 2, 2, 2, 2, 2, 2, 2, 2, 2, 2, 2, 2, 2, 2, 2, 2, 2, 2, 2, 2, 2, 2, 2, 2, 2, 2, 2, 4 ),
 ( 3, 3 ),
 ( 0.02683449099027527054, 0.02858740130323395023, 0.03034031161619263339, 0.03384613224210999971, 0.03559904255506868287, 0.03647549771154802445, 0.03735195286802736603, 0.04085777349394472541, 0.04436359411986208479, 0.04611650443282076794, 0.04786941474577945110, 0.05137523537169681742, 0.05488105599761417680, 0.05575751115409351144, 0.05663396631057285302, 0.05838687662353153618, 0.06189269724944890250, 0.06364560756240758566, 0.06539851787536626881, 0.06890433850128363513, 0.07241015912720100145, 0.07416306944015968461, 0.07591597975311836777, 0.07942180037903573409, 0.08292762100495308653, 0.08643344163087043897, 0.08818635194382912212, 0.08993926225678780528, 0.09344508288270517160, 0.09695090350862253792, 0.09870381382158122108, 0.1004567241345399042, 0.1039625447604572706, 0.1074683653863746369, 0.1083448205428539785, 0.1092212756993333200, 0.1109741860122920032, 0.1144800066382093695, 0.1162329169511680527, 0.1179858272641267358, 0.1214916478900441021, 0.1249974685159614546, 0.1258739236724407962, 0.1267503788289201239, 0.1285032891418788070, 0.1320091097677961733, 0.1337620200807548565, 0.1355149303937135397, 0.1390207510196309060 ),
 ( 0.000000000000000000, 1.000000000000000000 ),
 .UNSPECIFIED. ) 
 GEOMETRIC_REPRESENTATION_ITEM ( )  RATIONAL_B_SPLINE_SURFACE ( (
 ( 1.000000000000000000, 0.7236558764088802942, 1.000000000000000000),
 ( 1.000000000000000000, 0.7226448782934956627, 1.000000000000000000),
 ( 1.000000000000000000, 0.7216402371749691680, 1.000000000000000000),
 ( 1.000000000000000000, 0.7196855150083664165, 1.000000000000000000),
 ( 1.000000000000000000, 0.7187326552569575089, 1.000000000000000000),
 ( 1.000000000000000000, 0.7159701596472385354, 1.000000000000000000),
 ( 1.000000000000000000, 0.7142558014431051872, 1.000000000000000000),
 ( 1.000000000000000000, 0.7119785607438410269, 1.000000000000000000),
 ( 1.000000000000000000, 0.7112687214988038242, 1.000000000000000000),
 ( 1.000000000000000000, 0.7102926743665540776, 1.000000000000000000),
 ( 1.000000000000000000, 0.7099821251637161712, 1.000000000000000000),
 ( 1.000000000000000000, 0.7093932863565277636, 1.000000000000000000),
 ( 1.000000000000000000, 0.7091147606557246519, 1.000000000000000000),
 ( 1.000000000000000000, 0.7078185751026505601, 1.000000000000000000),
 ( 1.000000000000000000, 0.7070821344948307052, 1.000000000000000000),
 ( 1.000000000000000000, 0.7063114864437051166, 1.000000000000000000),
 ( 1.000000000000000000, 0.7062774812727592444, 1.000000000000000000),
 ( 1.000000000000000000, 0.7068240089359759670, 1.000000000000000000),
 ( 1.000000000000000000, 0.7071056997366663710, 1.000000000000000000),
 ( 1.000000000000000000, 0.7078786765811907467, 1.000000000000000000),
 ( 1.000000000000000000, 0.7083657048198770401, 1.000000000000000000),
 ( 1.000000000000000000, 0.7101209524145426499, 1.000000000000000000),
 ( 1.000000000000000000, 0.7116844791304571816, 1.000000000000000000),
 ( 1.000000000000000000, 0.7155381335096636652, 1.000000000000000000),
 ( 1.000000000000000000, 0.7178284180109126833, 1.000000000000000000),
 ( 1.000000000000000000, 0.7210870193270280115, 1.000000000000000000),
 ( 1.000000000000000000, 0.7217588732905019233, 1.000000000000000000),
 ( 1.000000000000000000, 0.7231298766013930512, 1.000000000000000000),
 ( 1.000000000000000000, 0.7238301615980948789, 1.000000000000000000),
 ( 1.000000000000000000, 0.7259709067470261346, 1.000000000000000000),
 ( 1.000000000000000000, 0.7274512697380902670, 1.000000000000000000),
 ( 1.000000000000000000, 0.7320158726165665319, 1.000000000000000000),
 ( 1.000000000000000000, 0.7352239314100844636, 1.000000000000000000),
 ( 1.000000000000000000, 0.7401347348089497569, 1.000000000000000000),
 ( 1.000000000000000000, 0.7417880547674919889, 1.000000000000000000),
 ( 1.000000000000000000, 0.7451015778958258728, 1.000000000000000000),
 ( 1.000000000000000000, 0.7467632232243347490, 1.000000000000000000),
 ( 1.000000000000000000, 0.7516486006777468587, 1.000000000000000000),
 ( 1.000000000000000000, 0.7547958006231511030, 1.000000000000000000),
 ( 1.000000000000000000, 0.7606846472874623233, 1.000000000000000000),
 ( 1.000000000000000000, 0.7634267490432338210, 1.000000000000000000),
 ( 1.000000000000000000, 0.7671041226284026626, 1.000000000000000000),
 ( 1.000000000000000000, 0.7682610750792964183, 1.000000000000000000),
 ( 1.000000000000000000, 0.7703844380522868462, 1.000000000000000000),
 ( 1.000000000000000000, 0.7713517006566598111, 1.000000000000000000),
 ( 1.000000000000000000, 0.7739552799925280002, 1.000000000000000000),
 ( 1.000000000000000000, 0.7752931559728584165, 1.000000000000000000),
 ( 1.000000000000000000, 0.7771023090636035580, 1.000000000000000000),
 ( 1.000000000000000000, 0.7775738171427616363, 1.000000000000000000),
 ( 1.000000000000000000, 0.7775846111018477336, 1.000000000000000000),
 ( 1.000000000000000000, 0.7771244081221083677, 1.000000000000000000),
 ( 1.000000000000000000, 0.7757699804367660379, 1.000000000000000000),
 ( 1.000000000000000000, 0.7752078500385704007, 1.000000000000000000),
 ( 1.000000000000000000, 0.7738686163311447874, 1.000000000000000000),
 ( 1.000000000000000000, 0.7730884709176578662, 1.000000000000000000),
 ( 1.000000000000000000, 0.7704634502324784195, 1.000000000000000000),
 ( 1.000000000000000000, 0.7683366079770848067, 1.000000000000000000),
 ( 1.000000000000000000, 0.7634764302742202968, 1.000000000000000000),
 ( 1.000000000000000000, 0.7607426312796466972, 1.000000000000000000),
 ( 1.000000000000000000, 0.7563026697513342000, 1.000000000000000000),
 ( 1.000000000000000000, 0.7547641157642706045, 1.000000000000000000),
 ( 1.000000000000000000, 0.7516043701294656820, 1.000000000000000000),
 ( 1.000000000000000000, 0.7499961166565588533, 1.000000000000000000),
 ( 1.000000000000000000, 0.7451258416853462352, 1.000000000000000000),
 ( 1.000000000000000000, 0.7418183404087922428, 1.000000000000000000),
 ( 1.000000000000000000, 0.7352888061393577646, 1.000000000000000000),
 ( 1.000000000000000000, 0.7320665291170765920, 1.000000000000000000),
 ( 1.000000000000000000, 0.7282219541543170083, 1.000000000000000000),
 ( 1.000000000000000000, 0.7274616788967019909, 1.000000000000000000),
 ( 1.000000000000000000, 0.7259734585592699796, 1.000000000000000000),
 ( 1.000000000000000000, 0.7252441549200839832, 1.000000000000000000),
 ( 1.000000000000000000, 0.7231042500041257037, 1.000000000000000000),
 ( 1.000000000000000000, 0.7217417154642733479, 1.000000000000000000),
 ( 1.000000000000000000, 0.7178727450798756404, 1.000000000000000000),
 ( 1.000000000000000000, 0.7155858316218260962, 1.000000000000000000),
 ( 1.000000000000000000, 0.7126829231233750006, 1.000000000000000000),
 ( 1.000000000000000000, 0.7118029696088751246, 1.000000000000000000),
 ( 1.000000000000000000, 0.7102306294031254241, 1.000000000000000000),
 ( 1.000000000000000000, 0.7095370127595934662, 1.000000000000000000),
 ( 1.000000000000000000, 0.7077750435119357642, 1.000000000000000000),
 ( 1.000000000000000000, 0.7070154271900499499, 1.000000000000000000),
 ( 1.000000000000000000, 0.7062812519504395592, 1.000000000000000000),
 ( 1.000000000000000000, 0.7063064371462957070, 1.000000000000000000),
 ( 1.000000000000000000, 0.7067874405998502141, 1.000000000000000000),
 ( 1.000000000000000000, 0.7069060782345852889, 1.000000000000000000),
 ( 1.000000000000000000, 0.7071870648620577349, 1.000000000000000000),
 ( 1.000000000000000000, 0.7073496976889820376, 1.000000000000000000),
 ( 1.000000000000000000, 0.7078970528516963512, 1.000000000000000000),
 ( 1.000000000000000000, 0.7083418570084225596, 1.000000000000000000),
 ( 1.000000000000000000, 0.7098861044932767150, 1.000000000000000000),
 ( 1.000000000000000000, 0.7111947969136998005, 1.000000000000000000),
 ( 1.000000000000000000, 0.7134682587600477133, 1.000000000000000000),
 ( 1.000000000000000000, 0.7142779666393521687, 1.000000000000000000),
 ( 1.000000000000000000, 0.7159848010678111496, 1.000000000000000000),
 ( 1.000000000000000000, 0.7168835531798062322, 1.000000000000000000),
 ( 1.000000000000000000, 0.7196774453669647631, 1.000000000000000000),
 ( 1.000000000000000000, 0.7216425699477241329, 1.000000000000000000),
 ( 1.000000000000000000, 0.7236438317940929732, 1.000000000000000000) ) ) 
 REPRESENTATION_ITEM ( '' )  SURFACE ( )  );
#2198 = DIRECTION ( 'NONE',  ( 1.000000000000000000, 0.000000000000000000, -0.000000000000000000 ) ) ;
#2199 = CARTESIAN_POINT ( 'NONE',  ( 52.50000000000000711, 57.42945042295378499, -33.15690866110464441 ) ) ;
#2200 = EDGE_LOOP ( 'NONE', ( #36, #4347 ) ) ;
#2201 = B_SPLINE_CURVE_WITH_KNOTS ( 'NONE', 3,
 ( #4023, #201, #7865, #764, #2653, #2930, #5547, #8152 ),
 .UNSPECIFIED., .F., .F.,
 ( 4, 2, 2, 4 ),
 ( 1.783458567130076946E-15, 0.005023684915874239779, 0.01004736983174669626, 0.02009473966349160576 ),
 .UNSPECIFIED. ) ;
#2202 = VERTEX_POINT ( 'NONE', #5464 ) ;
#2203 = CARTESIAN_POINT ( 'NONE',  ( 111.2156502122978594, 123.2000559591661784, -4.142276683242275936 ) ) ;
#2204 = CARTESIAN_POINT ( 'NONE',  ( 111.0000000000000000, 125.5999999999999943, -45.40000000000001990 ) ) ;
#2205 = CARTESIAN_POINT ( 'NONE',  ( 104.5000000000000284, 87.34000000000061448, -84.62933753320331220 ) ) ;
#2206 = CARTESIAN_POINT ( 'NONE',  ( 112.0085334962349464, 136.2279480773973717, -0.3862363240301365797 ) ) ;
#2207 = CARTESIAN_POINT ( 'NONE',  ( 38.25671864541684641, 69.28950573885809661, -10.27165496327646110 ) ) ;
#2208 = ORIENTED_EDGE ( 'NONE', *, *, #6276, .T. ) ;
#2209 = DIRECTION ( 'NONE',  ( 0.000000000000000000, 0.000000000000000000, -1.000000000000000000 ) ) ;
#2210 = CARTESIAN_POINT ( 'NONE',  ( 58.50000000000000711, 8.000000000000000000, 0.000000000000000000 ) ) ;
#2211 = ORIENTED_EDGE ( 'NONE', *, *, #2651, .T. ) ;
#2212 = EDGE_CURVE ( 'NONE', #3962, #6437, #6732, .T. ) ;
#2213 = EDGE_CURVE ( 'NONE', #6181, #1953, #2860, .T. ) ;
#2214 = CARTESIAN_POINT ( 'NONE',  ( 104.8703903050929824, -0.3825507439448976310, -26.11861257530328473 ) ) ;
#2215 = DIRECTION ( 'NONE',  ( 0.000000000000000000, 0.000000000000000000, -1.000000000000000000 ) ) ;
#2216 = CARTESIAN_POINT ( 'NONE',  ( 19.13201044881806467, 183.5229329258086750, -23.36316712942463525 ) ) ;
#2217 = CARTESIAN_POINT ( 'NONE',  ( 20.91409162078704753, 12.85546020059300787, -29.44469573796044060 ) ) ;
#2218 = ORIENTED_EDGE ( 'NONE', *, *, #1527, .T. ) ;
#2219 = CARTESIAN_POINT ( 'NONE',  ( 87.60409755359897588, 8.000000000000000000, -32.98908729652601579 ) ) ;
#2220 = CARTESIAN_POINT ( 'NONE',  ( -1.220137506708657948, 128.5966559372246820, -72.25247869599698447 ) ) ;
#2221 = CARTESIAN_POINT ( 'NONE',  ( 33.55134644447020520, 45.05062451482695707, -8.524758976096890706 ) ) ;
#2222 = CARTESIAN_POINT ( 'NONE',  ( 18.95482106351645868, 121.8702893758606081, -90.41733401293191719 ) ) ;
#2223 = VERTEX_POINT ( 'NONE', #1561 ) ;
#2224 = CARTESIAN_POINT ( 'NONE',  ( 58.50000000000000711, 52.00000000000000711, -65.61091270347398563 ) ) ;
#2225 = CARTESIAN_POINT ( 'NONE',  ( 9.997376845219873687, 123.1477946578603309, -6.273017586289316050 ) ) ;
#2226 = CARTESIAN_POINT ( 'NONE',  ( 127.0769789338824296, 98.71118515484560874, -85.45472815140446698 ) ) ;
#2227 = CARTESIAN_POINT ( 'NONE',  ( 110.1402600057111982, 190.0837242817809454, -46.25664633679417648 ) ) ;
#2228 = FACE_BOUND ( 'NONE', #4638, .T. ) ;
#2229 = EDGE_CURVE ( 'NONE', #5368, #2202, #4178, .T. ) ;
#2230 = FACE_OUTER_BOUND ( 'NONE', #1297, .T. ) ;
#2231 = CARTESIAN_POINT ( 'NONE',  ( 110.1616468456665814, 189.9105729982580044, -51.80710209978825276 ) ) ;
#2232 = EDGE_CURVE ( 'NONE', #4728, #4833, #6182, .T. ) ;
#2233 = CARTESIAN_POINT ( 'NONE',  ( 24.83160841736810198, 0.4981681574915045596, -88.91444128935056312 ) ) ;
#2234 = DIRECTION ( 'NONE',  ( 1.000061558036123795E-07, -0.9999999999999948930, 0.000000000000000000 ) ) ;
#2235 = CARTESIAN_POINT ( 'NONE',  ( 127.3914300474260699, 186.7526361988592498, -29.91394192780759198 ) ) ;
#2236 = CARTESIAN_POINT ( 'NONE',  ( 102.7025151464946475, -6.781163558336022135, -88.60114327822357438 ) ) ;
#2237 = CARTESIAN_POINT ( 'NONE',  ( 22.39589333293312734, 8.000000000000000000, -40.50000000000000711 ) ) ;
#2238 = CARTESIAN_POINT ( 'NONE',  ( 65.00000000000000000, 78.34000000000001762, -10.50991754977234827 ) ) ;
#2239 = ORIENTED_EDGE ( 'NONE', *, *, #6419, .F. ) ;
#2240 = CARTESIAN_POINT ( 'NONE',  ( 11.00916002287815765, 52.87330277142578439, -29.56415129491464100 ) ) ;
#2241 = VERTEX_POINT ( 'NONE', #450 ) ;
#2242 = CARTESIAN_POINT ( 'NONE',  ( 37.54268651639599597, 74.62654356742478967, -19.19071236384241530 ) ) ;
#2243 = AXIS2_PLACEMENT_3D ( 'NONE', #7299, #5990, #2056 ) ;
#2244 = CARTESIAN_POINT ( 'NONE',  ( 22.68304887429214745, 7.075642058282960001, -26.24770884431470819 ) ) ;
#2245 = ADVANCED_FACE ( 'NONE', ( #7031 ), #539, .F. ) ;
#2246 =( BOUNDED_SURFACE ( )  B_SPLINE_SURFACE ( 3, 2, ( 
 ( #3991, #775, #137 ),
 ( #812, #3950, #7263 ),
 ( #5998, #1978, #2709 ),
 ( #1412, #2747, #173 ),
 ( #4032, #5358, #7957 ),
 ( #2098, #4714, #7307 ),
 ( #7877, #3474, #1453 ),
 ( #4076, #3305, #5284 ),
 ( #4598, #5916, #7997 ),
 ( #2144, #4760, #2623 ),
 ( #7183, #6551, #53 ),
 ( #1496, #7353, #852 ),
 ( #693, #2664, #5242 ),
 ( #4114, #6708, #2023 ),
 ( #4643, #1377, #896 ),
 ( #1023, #4240, #3641 ),
 ( #7475, #3559, #6240 ),
 ( #6197, #2829, #4283 ),
 ( #4150, #295, #5569 ),
 ( #5519, #2907, #335 ),
 ( #982, #4802, #2314 ),
 ( #7518, #6871, #4971 ),
 ( #8041, #2226, #1066 ),
 ( #2186, #4198, #8124 ),
 ( #1665, #8218, #385 ),
 ( #2996, #2952, #4843 ),
 ( #2272, #4886, #6749 ),
 ( #5611, #6158, #3517 ),
 ( #1581, #210, #2354 ),
 ( #7564, #7432, #5437 ),
 ( #1625, #1706, #6792 ),
 ( #7390, #6832, #4329 ),
 ( #3596, #8170, #4929 ),
 ( #940, #6920, #1534 ),
 ( #3687, #6119, #254 ),
 ( #2868, #5481, #8081 ),
 ( #1281, #7005, #1836 ),
 ( #595, #8343, #3774 ),
 ( #6326, #4416, #1150 ),
 ( #2397, #3084, #7131 ),
 ( #4460, #6373, #6962 ),
 ( #3038, #1795, #7741 ),
 ( #1884, #515, #6284 ),
 ( #5012, #2486, #4377 ),
 ( #1107, #5697, #5648 ),
 ( #7052, #5100, #8302 ),
 ( #3856, #7610, #1752 ),
 ( #426, #4502, #8256 ),
 ( #7093, #1932, #1240 ),
 ( #7694, #1197, #3130 ),
 ( #3729, #4545, #5742 ),
 ( #3815, #6417, #6454 ),
 ( #3206, #467, #8427 ),
 ( #2571, #556, #2443 ),
 ( #5057, #5824, #7653 ),
 ( #3172, #5781, #8381 ),
 ( #2529, #5141, #5190 ),
 ( #7784, #5233, #1968 ),
 ( #3895, #4584, #7171 ),
 ( #642, #7824, #6495 ),
 ( #5869, #2, #2614 ),
 ( #3252, #303, #5489 ),
 ( #3003, #3655, #8091 ),
 ( #3603, #2236, #3526 ),
 ( #2916, #7402, #4852 ),
 ( #949, #1545, #6248 ) ),
 .UNSPECIFIED., .F., .F., .F. ) 
 B_SPLINE_SURFACE_WITH_KNOTS ( ( 4, 2, 2, 2, 2, 2, 2, 2, 2, 2, 2, 2, 2, 2, 2, 2, 2, 2, 2, 2, 2, 2, 2, 2, 2, 2, 2, 2, 2, 2, 2, 2, 4 ),
 ( 3, 3 ),
 ( 0.1423337064714654543, 0.1433744209613058707, 0.1438947782062260650, 0.1441549568286861760, 0.1442200014843011968, 0.1442850461399162176, 0.1444151354511462593, 0.1464965644308270920, 0.1506594223901887020, 0.1589851383089119774, 0.1673108542276352528, 0.1714737121869968905, 0.1756365701463585283, 0.1797994281057201660, 0.1839622860650818037, 0.1922880019838050791, 0.2089394338212516300, 0.2255908656586981809, 0.2422422974961447040, 0.2588937293335912271, 0.2672194452523145025, 0.2682601597421548911, 0.2685203383646149744, 0.2687805169870751132, 0.2693008742319953353, 0.2713823032116761125, 0.2734637321913569452, 0.2745044466811973338, 0.2746345359924273755, 0.2746995806480423963, 0.2747646253036574171, 0.2750248039261175559, 0.2755451611710377779 ),
 ( 0.000000000000000000, 1.000000000000000000 ),
 .UNSPECIFIED. ) 
 GEOMETRIC_REPRESENTATION_ITEM ( )  RATIONAL_B_SPLINE_SURFACE ( (
 ( 1.000000000000000000, 0.7180787196124087668, 1.000000000000000000),
 ( 1.000000000000000000, 0.7182349823137890166, 1.000000000000000000),
 ( 1.000000000000000000, 0.7183878957835603263, 1.000000000000000000),
 ( 1.000000000000000000, 0.7186123116609751671, 1.000000000000000000),
 ( 1.000000000000000000, 0.7186862912272464765, 1.000000000000000000),
 ( 1.000000000000000000, 0.7187960305929024241, 1.000000000000000000),
 ( 1.000000000000000000, 0.7188324053834267424, 1.000000000000000000),
 ( 1.000000000000000000, 0.7188776185151397602, 1.000000000000000000),
 ( 1.000000000000000000, 0.7188882477610188948, 1.000000000000000000),
 ( 1.000000000000000000, 0.7188945383373935849, 1.000000000000000000),
 ( 1.000000000000000000, 0.7188976581641951524, 1.000000000000000000),
 ( 1.000000000000000000, 0.7189069414536637392, 1.000000000000000000),
 ( 1.000000000000000000, 0.7189130287253155949, 1.000000000000000000),
 ( 1.000000000000000000, 0.7190147941026638900, 1.000000000000000000),
 ( 1.000000000000000000, 0.7190847000943333400, 1.000000000000000000),
 ( 1.000000000000000000, 0.7192230982145301210, 1.000000000000000000),
 ( 1.000000000000000000, 0.7192202989376800248, 1.000000000000000000),
 ( 1.000000000000000000, 0.7189762617318307125, 1.000000000000000000),
 ( 1.000000000000000000, 0.7185000622243361557, 1.000000000000000000),
 ( 1.000000000000000000, 0.7171716740147030533, 1.000000000000000000),
 ( 1.000000000000000000, 0.7163197286388610641, 1.000000000000000000),
 ( 1.000000000000000000, 0.7149301355414852122, 1.000000000000000000),
 ( 1.000000000000000000, 0.7144588584802570308, 1.000000000000000000),
 ( 1.000000000000000000, 0.7135445154573968329, 1.000000000000000000),
 ( 1.000000000000000000, 0.7130947326286098953, 1.000000000000000000),
 ( 1.000000000000000000, 0.7122093595086909090, 1.000000000000000000),
 ( 1.000000000000000000, 0.7117733519914014595, 1.000000000000000000),
 ( 1.000000000000000000, 0.7109174699202950309, 1.000000000000000000),
 ( 1.000000000000000000, 0.7104976918864746027, 1.000000000000000000),
 ( 1.000000000000000000, 0.7092621879999024825, 1.000000000000000000),
 ( 1.000000000000000000, 0.7084700710835023507, 1.000000000000000000),
 ( 1.000000000000000000, 0.7061902329283146207, 1.000000000000000000),
 ( 1.000000000000000000, 0.7047940974753001964, 1.000000000000000000),
 ( 1.000000000000000000, 0.7023586646331350103, 1.000000000000000000),
 ( 1.000000000000000000, 0.7013203920744273123, 1.000000000000000000),
 ( 1.000000000000000000, 0.6998861957444899584, 1.000000000000000000),
 ( 1.000000000000000000, 0.6994877350835024821, 1.000000000000000000),
 ( 1.000000000000000000, 0.6998627176686984530, 1.000000000000000000),
 ( 1.000000000000000000, 0.7006365192216150728, 1.000000000000000000),
 ( 1.000000000000000000, 0.7032866565144242355, 1.000000000000000000),
 ( 1.000000000000000000, 0.7044206713841455469, 1.000000000000000000),
 ( 1.000000000000000000, 0.7060466672851398728, 1.000000000000000000),
 ( 1.000000000000000000, 0.7062322010084790547, 1.000000000000000000),
 ( 1.000000000000000000, 0.7064703526279376700, 1.000000000000000000),
 ( 1.000000000000000000, 0.7065182946733988834, 1.000000000000000000),
 ( 1.000000000000000000, 0.7066148059519962166, 1.000000000000000000),
 ( 1.000000000000000000, 0.7066632753825816682, 1.000000000000000000),
 ( 1.000000000000000000, 0.7068108188469787168, 1.000000000000000000),
 ( 1.000000000000000000, 0.7069099923662710561, 1.000000000000000000),
 ( 1.000000000000000000, 0.7074099270118353600, 1.000000000000000000),
 ( 1.000000000000000000, 0.7078228914688078355, 1.000000000000000000),
 ( 1.000000000000000000, 0.7086751022440513914, 1.000000000000000000),
 ( 1.000000000000000000, 0.7091143490273027483, 1.000000000000000000),
 ( 1.000000000000000000, 0.7097930698982009012, 1.000000000000000000),
 ( 1.000000000000000000, 0.7100226180982348589, 1.000000000000000000),
 ( 1.000000000000000000, 0.7102845902115999532, 1.000000000000000000),
 ( 1.000000000000000000, 0.7103137500318211783, 1.000000000000000000),
 ( 1.000000000000000000, 0.7103575674926781991, 1.000000000000000000),
 ( 1.000000000000000000, 0.7103721862680456578, 1.000000000000000000),
 ( 1.000000000000000000, 0.7104014497319870447, 1.000000000000000000),
 ( 1.000000000000000000, 0.7104244958351917383, 1.000000000000000000),
 ( 1.000000000000000000, 0.7104244958351917383, 1.000000000000000000),
 ( 1.000000000000000000, 0.7104244958351915162, 1.000000000000000000),
 ( 1.000000000000000000, 0.7104244958351915162, 1.000000000000000000),
 ( 1.000000000000000000, 0.7104244958351917383, 1.000000000000000000),
 ( 1.000000000000000000, 0.7104244958351917383, 1.000000000000000000) ) ) 
 REPRESENTATION_ITEM ( '' )  SURFACE ( )  );
#2247 = CARTESIAN_POINT ( 'NONE',  ( 104.4417922373097127, 86.15865845871685735, -84.58526187147388953 ) ) ;
#2248 = CARTESIAN_POINT ( 'NONE',  ( 131.0045086153974410, 125.8345347238770984, -3.015892202274650824 ) ) ;
#2249 = DIRECTION ( 'NONE',  ( 1.000000000000000000, -0.000000000000000000, -0.000000000000000000 ) ) ;
#2250 = ORIENTED_EDGE ( 'NONE', *, *, #8328, .T. ) ;
#2251 = CARTESIAN_POINT ( 'NONE',  ( 10.50000000000000178, 55.84000000000002473, -28.35991754977237633 ) ) ;
#2252 = AXIS2_PLACEMENT_3D ( 'NONE', #7341, #1524, #4141 ) ;
#2253 = CARTESIAN_POINT ( 'NONE',  ( 11.69681573253141416, 49.57344029742706937, -62.69772757151390152 ) ) ;
#2254 = EDGE_LOOP ( 'NONE', ( #5287, #7020, #7364, #4540 ) ) ;
#2255 = CARTESIAN_POINT ( 'NONE',  ( 104.8810875863694463, -0.3509770803148877238, -6.107349659359034177 ) ) ;
#2256 = CYLINDRICAL_SURFACE ( 'NONE', #2572, 3.600000000000005862 ) ;
#2257 = VECTOR ( 'NONE', #239, 1000.000000000000000 ) ;
#2258 = CARTESIAN_POINT ( 'NONE',  ( 3.490828858511842547, 189.5174356889042429, -40.00088854562093843 ) ) ;
#2259 = CARTESIAN_POINT ( 'NONE',  ( 22.31000725715784228, 8.275052498032732018, -37.54597888387792892 ) ) ;
#2260 = AXIS2_PLACEMENT_3D ( 'NONE', #2674, #2198, #4045 ) ;
#2261 = AXIS2_PLACEMENT_3D ( 'NONE', #3453, #2846, #4129 ) ;
#2262 = EDGE_CURVE ( 'NONE', #1507, #6181, #2976, .T. ) ;
#2263 = ORIENTED_EDGE ( 'NONE', *, *, #4665, .F. ) ;
#2264 = ADVANCED_FACE ( 'NONE', ( #6309 ), #3061, .F. ) ;
#2265 = CARTESIAN_POINT ( 'NONE',  ( 87.60409755359897588, 0.000000000000000000, -31.53908729652602005 ) ) ;
#2266 = PRESENTATION_STYLE_ASSIGNMENT (( #287 ) ) ;
#2267 = CARTESIAN_POINT ( 'NONE',  ( 25.05843518926325331, -0.1724742620430464723, -6.102278155102270674 ) ) ;
#2268 = CARTESIAN_POINT ( 'NONE',  ( -0.3480477443866998311, 120.5430269781605688, -89.97881302015949245 ) ) ;
#2269 = ORIENTED_EDGE ( 'NONE', *, *, #6361, .F. ) ;
#2270 = CARTESIAN_POINT ( 'NONE',  ( 98.97875204801937343, 56.32141449010487122, -9.493311119331186987 ) ) ;
#2271 = CYLINDRICAL_SURFACE ( 'NONE', #6504, 1.649999999999991696 ) ;
#2272 = CARTESIAN_POINT ( 'NONE',  ( 126.1574986448544848, 92.90239453994605867, -65.12742198918920167 ) ) ;
#2273 = CARTESIAN_POINT ( 'NONE',  ( 17.95440460234158664, 165.9873933131980550, -88.85057558561079816 ) ) ;
#2274 = FACE_OUTER_BOUND ( 'NONE', #6807, .T. ) ;
#2275 = CARTESIAN_POINT ( 'NONE',  ( -0.4834937455949105956, 170.2453968155091673, -60.62632236149858755 ) ) ;
#2276 = CARTESIAN_POINT ( 'NONE',  ( 111.9928475433489155, 167.3421291387021768, -88.07581988828302144 ) ) ;
#2277 = AXIS2_PLACEMENT_3D ( 'NONE', #3938, #4415, #6539 ) ;
#2278 = CARTESIAN_POINT ( 'NONE',  ( 26.90767985280078634, -5.630608524973655271, -68.81436633165252204 ) ) ;
#2279 = FACE_OUTER_BOUND ( 'NONE', #7447, .T. ) ;
#2280 = CARTESIAN_POINT ( 'NONE',  ( 129.7965634694299126, 173.8078737901030024, -42.85032127563665227 ) ) ;
#2281 = FACE_OUTER_BOUND ( 'NONE', #758, .T. ) ;
#2282 = DIRECTION ( 'NONE',  ( 0.000000000000000000, 0.000000000000000000, -1.000000000000000000 ) ) ;
#2283 = DIRECTION ( 'NONE',  ( 1.000061558036123795E-07, -0.9999999999999948930, 0.000000000000000000 ) ) ;
#2284 = DIRECTION ( 'NONE',  ( -0.000000000000000000, 1.000000000000000000, -0.000000000000000000 ) ) ;
#2285 = ORIENTED_EDGE ( 'NONE', *, *, #7927, .F. ) ;
#2286 = CARTESIAN_POINT ( 'NONE',  ( 10.97859557291771537, 53.02206928566805288, -31.06162354013307336 ) ) ;
#2287 = ORIENTED_EDGE ( 'NONE', *, *, #5748, .F. ) ;
#2288 = CARTESIAN_POINT ( 'NONE',  ( 25.55820776269029437, 86.15865845871685735, -10.41473812852614245 ) ) ;
#2289 = ORIENTED_EDGE ( 'NONE', *, *, #3387, .T. ) ;
#2290 = CARTESIAN_POINT ( 'NONE',  ( 11.00916002287815765, 52.87330277142578439, -29.56415129491464100 ) ) ;
#2291 = CARTESIAN_POINT ( 'NONE',  ( 103.2967339386579937, 82.83471170136222383, -84.50647573582925531 ) ) ;
#2292 = CARTESIAN_POINT ( 'NONE',  ( 132.2474837717317371, 152.1669807121086819, -21.51728841474958287 ) ) ;
#2293 = EDGE_CURVE ( 'NONE', #4721, #4518, #4954, .T. ) ;
#2294 = DIRECTION ( 'NONE',  ( 0.000000000000000000, 0.000000000000000000, -1.000000000000000000 ) ) ;
#2295 = LINE ( 'NONE', #1649, #7882 ) ;
#2296 = ORIENTED_EDGE ( 'NONE', *, *, #971, .F. ) ;
#2297 = CARTESIAN_POINT ( 'NONE',  ( -0.3286607546739774843, 120.8543581019326894, -53.32440926700844841 ) ) ;
#2298 = CYLINDRICAL_SURFACE ( 'NONE', #2415, 2.149999999999999023 ) ;
#2299 = ORIENTED_EDGE ( 'NONE', *, *, #7347, .T. ) ;
#2300 = CARTESIAN_POINT ( 'NONE',  ( 119.9123915038853738, 57.32490904972366508, -9.592644311906099119 ) ) ;
#2301 = CARTESIAN_POINT ( 'NONE',  ( 118.8106577468607838, 52.00000000000000711, -29.50143002724797725 ) ) ;
#2302 = AXIS2_PLACEMENT_3D ( 'NONE', #4378, #5612, #6872 ) ;
#2303 = CARTESIAN_POINT ( 'NONE',  ( 0.08550020004966814302, 176.5499883487941588, -14.17834581813157513 ) ) ;
#2304 = CARTESIAN_POINT ( 'NONE',  ( 18.60284758185179044, 123.1921976275688735, -4.145793663444173660 ) ) ;
#2305 = ORIENTED_EDGE ( 'NONE', *, *, #2213, .F. ) ;
#2306 = AXIS2_PLACEMENT_3D ( 'NONE', #4585, #643, #5192 ) ;
#2307 = LINE ( 'NONE', #1572, #142 ) ;
#2308 = CARTESIAN_POINT ( 'NONE',  ( 3.930052369652550670, 124.2860668732870266, -84.27545039782843617 ) ) ;
#2309 = CARTESIAN_POINT ( 'NONE',  ( 27.03566723457092280, -6.008369416994374212, -26.19659215712557909 ) ) ;
#2310 = CARTESIAN_POINT ( 'NONE',  ( 29.96310827074734107, 61.29078764174941796, -85.13729762411280433 ) ) ;
#2311 = ORIENTED_EDGE ( 'NONE', *, *, #2808, .T. ) ;
#2312 = CARTESIAN_POINT ( 'NONE',  ( 121.1213105699638533, 123.2646807645574825, -88.13931096726312830 ) ) ;
#2313 = CARTESIAN_POINT ( 'NONE',  ( -1.206035291249079711, 128.4767936698528104, -22.45069432728762138 ) ) ;
#2314 = CARTESIAN_POINT ( 'NONE',  ( 108.5695375901967878, 106.4248408224524809, -86.58719975384725842 ) ) ;
#2315 = DIRECTION ( 'NONE',  ( 1.000000000000000000, -0.000000000000000000, 0.000000000000000000 ) ) ;
#2316 = CARTESIAN_POINT ( 'NONE',  ( 100.5335878255204705, 0.000000000000000000, -13.80101487787950987 ) ) ;
#2317 = CARTESIAN_POINT ( 'NONE',  ( 65.38293293522244198, 48.33030277982335576, -49.99999999999997158 ) ) ;
#2318 = DIRECTION ( 'NONE',  ( 0.000000000000000000, -0.000000000000000000, 1.000000000000000000 ) ) ;
#2319 = EDGE_CURVE ( 'NONE', #4942, #5877, #1270, .T. ) ;
#2320 = CARTESIAN_POINT ( 'NONE',  ( 43.92968065681975531, 6.533823974916211696, -88.87998309645806216 ) ) ;
#2321 = CARTESIAN_POINT ( 'NONE',  ( 130.2423871321583420, 171.5623506487780219, -58.35478658177673594 ) ) ;
#2322 = LINE ( 'NONE', #5619, #3232 ) ;
#2323 = CYLINDRICAL_SURFACE ( 'NONE', #5046, 2.149999999999999023 ) ;
#2324 = CARTESIAN_POINT ( 'NONE',  ( 25.55527350344365090, 86.18618863700827148, -80.16698162581280940 ) ) ;
#2325 = CARTESIAN_POINT ( 'NONE',  ( 40.62282332623871639, 18.30478208695181763, -26.25077902534902208 ) ) ;
#2326 = EDGE_LOOP ( 'NONE', ( #2073, #4984, #3799, #6082 ) ) ;
#2327 = VECTOR ( 'NONE', #1743, 1000.000000000000000 ) ;
#2328 = DIRECTION ( 'NONE',  ( -1.000000000000000000, 0.000000000000000000, 0.000000000000000000 ) ) ;
#2329 = EDGE_LOOP ( 'NONE', ( #2720, #569, #2059, #1166 ) ) ;
#2330 = CARTESIAN_POINT ( 'NONE',  ( 25.50000000000000711, 87.34000000000058606, -10.37066246679668780 ) ) ;
#2331 = ORIENTED_EDGE ( 'NONE', *, *, #1577, .T. ) ;
#2332 = DIRECTION ( 'NONE',  ( 1.000000000000000000, 0.000000000000000000, 0.000000000000000000 ) ) ;
#2333 = CYLINDRICAL_SURFACE ( 'NONE', #7204, 2.100000000000001421 ) ;
#2334 = CARTESIAN_POINT ( 'NONE',  ( 132.2995732744688837, 146.3927695894857095, -0.1463686417684335050 ) ) ;
#2335 = CARTESIAN_POINT ( 'NONE',  ( 84.00409755359896735, 8.000000000000000000, -65.61091270347399984 ) ) ;
#2336 = DIRECTION ( 'NONE',  ( 0.9999999999999951150, 1.000061563076409361E-07, -0.000000000000000000 ) ) ;
#2337 = ORIENTED_EDGE ( 'NONE', *, *, #5391, .T. ) ;
#2338 = DIRECTION ( 'NONE',  ( 0.000000000000000000, 0.000000000000000000, -1.000000000000000000 ) ) ;
#2339 = CARTESIAN_POINT ( 'NONE',  ( 10.40667791723464575, 55.84000000000003183, -33.00991754977233938 ) ) ;
#2340 = VERTEX_POINT ( 'NONE', #5299 ) ;
#2341 = CARTESIAN_POINT ( 'NONE',  ( 107.9085925569081610, 102.7248438027759505, -8.989677064764755698 ) ) ;
#2342 = ADVANCED_FACE ( 'NONE', ( #3879 ), #5807, .F. ) ;
#2343 = CARTESIAN_POINT ( 'NONE',  ( 42.39589333293313445, 20.06929233276896340, -25.78908729652599163 ) ) ;
#2344 = CARTESIAN_POINT ( 'NONE',  ( -0.7756972064823168811, 168.4854615981874986, -32.03265389808444041 ) ) ;
#2345 = DIRECTION ( 'NONE',  ( -1.000000000000000000, 0.000000000000000000, -0.000000000000000000 ) ) ;
#2346 = ORIENTED_EDGE ( 'NONE', *, *, #1149, .F. ) ;
#2347 = CARTESIAN_POINT ( 'NONE',  ( 16.50000000000000000, 55.84000000000002473, -33.00991754977234649 ) ) ;
#2348 = CARTESIAN_POINT ( 'NONE',  ( 77.50000000000001421, -28.80545635173702124, -28.80545635173721664 ) ) ;
#2349 = CARTESIAN_POINT ( 'NONE',  ( 45.85002452656941330, 0.2256781247986901773, -6.193516008521416261 ) ) ;
#2350 = CARTESIAN_POINT ( 'NONE',  ( 34.86495176730036150, 72.63451323247423375, -10.39790142086205549 ) ) ;
#2351 = ORIENTED_EDGE ( 'NONE', *, *, #7978, .F. ) ;
#2352 = CARTESIAN_POINT ( 'NONE',  ( 120.0026221058978280, 123.1477960932896139, -88.72698284997780149 ) ) ;
#2353 = CARTESIAN_POINT ( 'NONE',  ( -0.8545337665132053395, 127.4283426933746028, -19.78543479199380783 ) ) ;
#2354 = CARTESIAN_POINT ( 'NONE',  ( 105.7328389757147278, 90.66861746318680559, -84.79058800532942541 ) ) ;
#2355 = CARTESIAN_POINT ( 'NONE',  ( 107.6040975535989759, 8.000000000000001776, -29.38908729652603213 ) ) ;
#2356 = DIRECTION ( 'NONE',  ( -1.000000000000000000, 0.000000000000000000, 0.000000000000000000 ) ) ;
#2357 = CARTESIAN_POINT ( 'NONE',  ( -0.3636154530034564902, 170.9126227781168268, -59.56604983271758869 ) ) ;
#2358 = FACE_OUTER_BOUND ( 'NONE', #2551, .T. ) ;
#2359 = CARTESIAN_POINT ( 'NONE',  ( 26.09699118231390003, -3.237822055880673844, -68.86562764286607319 ) ) ;
#2360 = EDGE_CURVE ( 'NONE', #382, #6264, #5853, .T. ) ;
#2361 = CARTESIAN_POINT ( 'NONE',  ( 129.4919230659212701, 178.5833319771868446, -78.56633054432181495 ) ) ;
#2362 = LINE ( 'NONE', #6128, #5295 ) ;
#2363 = CARTESIAN_POINT ( 'NONE',  ( 18.22976070317977459, 41.26168750109268757, -90.00999351229897627 ) ) ;
#2364 = CARTESIAN_POINT ( 'NONE',  ( 26.10530988875011005, 82.35926371661335565, -80.06226896025989959 ) ) ;
#2365 = CARTESIAN_POINT ( 'NONE',  ( 41.10500458067498641, 10.14731176438301397, -32.76571921854623781 ) ) ;
#2366 = ORIENTED_EDGE ( 'NONE', *, *, #1546, .T. ) ;
#2367 = ADVANCED_FACE ( 'NONE', ( #7808 ), #7155, .F. ) ;
#2368 = CARTESIAN_POINT ( 'NONE',  ( 10.44141886193603064, 56.60353433199182405, -27.10230249132652958 ) ) ;
#2369 = ORIENTED_EDGE ( 'NONE', *, *, #5336, .T. ) ;
#2370 = CARTESIAN_POINT ( 'NONE',  ( 129.0299615882692876, 109.9668069250211460, -75.48279969452718774 ) ) ;
#2371 = ORIENTED_EDGE ( 'NONE', *, *, #7225, .T. ) ;
#2372 = DIRECTION ( 'NONE',  ( 1.000000000000000000, 0.000000000000000000, -0.000000000000000000 ) ) ;
#2373 = VECTOR ( 'NONE', #4967, 1000.000000000000000 ) ;
#2374 = CARTESIAN_POINT ( 'NONE',  ( 130.8609306407722670, 167.9581652535343324, -63.61822560991988240 ) ) ;
#2375 = FACE_OUTER_BOUND ( 'NONE', #197, .T. ) ;
#2376 = DIRECTION ( 'NONE',  ( -1.000000000000000000, 0.000000000000000000, 0.000000000000000000 ) ) ;
#2377 = ORIENTED_EDGE ( 'NONE', *, *, #2212, .T. ) ;
#2378 = EDGE_CURVE ( 'NONE', #5607, #1476, #8331, .T. ) ;
#2379 = CARTESIAN_POINT ( 'NONE',  ( -1.598410031408412202, 132.6355575372510884, -67.68662739916031512 ) ) ;
#2380 = DIRECTION ( 'NONE',  ( 0.000000000000000000, -1.000000000000000000, -0.000000000000000000 ) ) ;
#2381 = ORIENTED_EDGE ( 'NONE', *, *, #4431, .T. ) ;
#2382 = CARTESIAN_POINT ( 'NONE',  ( 128.7359565272295185, 109.4542158117417188, -27.64432640047633782 ) ) ;
#2383 = CARTESIAN_POINT ( 'NONE',  ( 18.22976070317977459, 123.2000559591661784, -4.142276683242275936 ) ) ;
#2384 = CARTESIAN_POINT ( 'NONE',  ( 3.378802013794808268, 189.1818786036881761, -38.13027487905132062 ) ) ;
#2385 = CARTESIAN_POINT ( 'NONE',  ( 24.99999999999998224, 0.000000000000000000, -26.11973877905269958 ) ) ;
#2386 = ADVANCED_FACE ( 'NONE', ( #7891 ), #3280, .F. ) ;
#2387 = ADVANCED_FACE ( 'NONE', ( #5170 ), #4613, .F. ) ;
#2388 = CARTESIAN_POINT ( 'NONE',  ( 112.0255968524952266, 136.8145654617323999, -94.65365684338000563 ) ) ;
#2389 = CARTESIAN_POINT ( 'NONE',  ( 150.0000000000000000, 142.5999999999999943, -47.50000000000000000 ) ) ;
#2390 = B_SPLINE_CURVE_WITH_KNOTS ( 'NONE', 3,
 ( #2220, #7512, #5093, #8211, #4965, #459, #5688, #3075, #8294, #6234, #6956, #379, #2308, #5735, #6277, #6364, #7684, #6913, #4277, #2988, #507, #3121, #3722, #1016, #8336, #7601 ),
 .UNSPECIFIED., .F., .F.,
 ( 4, 2, 2, 2, 2, 2, 2, 2, 2, 2, 2, 2, 4 ),
 ( -8.389078876218186937E-05, 0.001838696631205589006, 0.003761284051173359975, 0.007606458891108929671, 0.009529046311076696738, 0.01145163373104446380, 0.01529680857098003090, 0.01721939599094782919, 0.01914198341091562575, 0.02298715825085121886, 0.02490974567081901542, 0.02683233309078681544, 0.03067750793072241550 ),
 .UNSPECIFIED. ) ;
#2391 = CARTESIAN_POINT ( 'NONE',  ( 11.00916002287815765, 52.87330277142578439, -29.56415129491464100 ) ) ;
#2392 = CARTESIAN_POINT ( 'NONE',  ( 44.50000000000000711, 74.91690096688944323, -80.40768512208494201 ) ) ;
#2393 = ORIENTED_EDGE ( 'NONE', *, *, #4444, .T. ) ;
#2394 = VECTOR ( 'NONE', #2081, 1000.000000000000000 ) ;
#2395 = DIRECTION ( 'NONE',  ( 1.000000000000000000, -0.000000000000000000, -0.000000000000000000 ) ) ;
#2396 = CARTESIAN_POINT ( 'NONE',  ( 5.294447487664477592, 123.9176719734891634, -9.442418626323647146 ) ) ;
#2397 = CARTESIAN_POINT ( 'NONE',  ( 107.3818503844313597, 7.251608887834659178, -68.75666936830965881 ) ) ;
#2398 = CARTESIAN_POINT ( 'NONE',  ( 17.81120477095015175, 142.5999999999856698, -95.00000000000000000 ) ) ;
#2399 = PLANE ( 'NONE',  #6470 ) ;
#2400 = CARTESIAN_POINT ( 'NONE',  ( -2.287367252819162200, 145.8822478775051650, -74.78912395089558629 ) ) ;
#2401 = CARTESIAN_POINT ( 'NONE',  ( 123.6617300974865543, 77.67442678804370360, -64.40674717479161870 ) ) ;
#2402 = CARTESIAN_POINT ( 'NONE',  ( 22.61004529686483266, 7.276982998939335090, -68.75592747467909760 ) ) ;
#2403 = CARTESIAN_POINT ( 'NONE',  ( 110.1585263172163991, 189.9359230352510508, -51.57406758157562621 ) ) ;
#2404 = CARTESIAN_POINT ( 'NONE',  ( 21.07433392404493944, 12.31807118874612250, -65.05541382952999641 ) ) ;
#2405 = CARTESIAN_POINT ( 'NONE',  ( 87.60409755359897588, -2.000000000000000000, -29.38908729652602148 ) ) ;
#2406 = CARTESIAN_POINT ( 'NONE',  ( -4.874675173900504532, 150.9438416766488729, -75.50843114384169041 ) ) ;
#2407 = B_SPLINE_CURVE_WITH_KNOTS ( 'NONE', 3,
 ( #4087, #2154, #7363, #8054 ),
 .UNSPECIFIED., .F., .F.,
 ( 4, 4 ),
 ( 0.7072600201147032362, 1.000000000000000000 ),
 .UNSPECIFIED. ) ;
#2408 = AXIS2_PLACEMENT_3D ( 'NONE', #4624, #3849, #7166 ) ;
#2409 = CARTESIAN_POINT ( 'NONE',  ( -1.335609893740503873, 164.5150415449286641, -42.38943056921628738 ) ) ;
#2410 = EDGE_LOOP ( 'NONE', ( #4900, #1702 ) ) ;
#2411 = DIRECTION ( 'NONE',  ( 0.000000000000000000, 0.000000000000000000, 1.000000000000000000 ) ) ;
#2412 = ORIENTED_EDGE ( 'NONE', *, *, #7613, .T. ) ;
#2413 = CARTESIAN_POINT ( 'NONE',  ( 19.69284581012006541, 17.04156036163989896, -68.26579082639347007 ) ) ;
#2414 = EDGE_CURVE ( 'NONE', #6077, #3741, #6548, .T. ) ;
#2415 = AXIS2_PLACEMENT_3D ( 'NONE', #2853, #3543, #6143 ) ;
#2416 = ORIENTED_EDGE ( 'NONE', *, *, #3037, .F. ) ;
#2417 = CARTESIAN_POINT ( 'NONE',  ( 129.8766737470427870, 173.4251679511169186, -53.79527672224246970 ) ) ;
#2418 = VECTOR ( 'NONE', #5671, 1000.000000000000114 ) ;
#2419 = AXIS2_PLACEMENT_3D ( 'NONE', #8305, #560, #1285 ) ;
#2420 = DIRECTION ( 'NONE',  ( 0.000000000000000000, 0.000000000000000000, -1.000000000000000000 ) ) ;
#2421 = CARTESIAN_POINT ( 'NONE',  ( 29.15834905783999531, 65.11448263314315454, -10.11097772401222450 ) ) ;
#2422 = EDGE_LOOP ( 'NONE', ( #6934, #1255, #567, #7799 ) ) ;
#2423 = CARTESIAN_POINT ( 'NONE',  ( -2.270516420490265475, 145.1505053471313147, -69.85805486937178443 ) ) ;
#2424 = DIRECTION ( 'NONE',  ( 0.000000000000000000, 0.000000000000000000, -1.000000000000000000 ) ) ;
#2425 = ORIENTED_EDGE ( 'NONE', *, *, #4205, .F. ) ;
#2426 = CARTESIAN_POINT ( 'NONE',  ( 118.4803357669804456, 50.26790023660340267, -29.39087345081431835 ) ) ;
#2427 = CARTESIAN_POINT ( 'NONE',  ( 65.29308288419426276, 48.44310748912835862, -45.82709779062036404 ) ) ;
#2428 = ADVANCED_FACE ( 'NONE', ( #7768 ), #669, .F. ) ;
#2429 = CARTESIAN_POINT ( 'NONE',  ( -1.893080198571873707, 158.9825850262290885, -24.33300943116130099 ) ) ;
#2430 = ADVANCED_FACE ( 'NONE', ( #2637 ), #5254, .F. ) ;
#2431 = CARTESIAN_POINT ( 'NONE',  ( 107.2684814368406023, 99.15096473267389854, -85.53142721152391914 ) ) ;
#2432 = VECTOR ( 'NONE', #5638, 1000.000000000000000 ) ;
#2433 = DIRECTION ( 'NONE',  ( -1.000000000000000000, 0.000000000000000000, 0.000000000000000000 ) ) ;
#2434 = ORIENTED_EDGE ( 'NONE', *, *, #72, .F. ) ;
#2435 = DIRECTION ( 'NONE',  ( 1.000000000000000000, 0.000000000000000000, 0.000000000000000000 ) ) ;
#2436 = CARTESIAN_POINT ( 'NONE',  ( 26.77970460552331389, -5.252883448489654050, -26.17512291701135396 ) ) ;
#2437 = CARTESIAN_POINT ( 'NONE',  ( 37.18587805957782422, 69.22045390349386196, -10.26859957557375225 ) ) ;
#2438 = VERTEX_POINT ( 'NONE', #707 ) ;
#2439 = ADVANCED_FACE ( 'NONE', ( #4657 ), #3193, .T. ) ;
#2440 = CARTESIAN_POINT ( 'NONE',  ( -1.892261138233361617, 158.9798871203379065, -70.66315850577232993 ) ) ;
#2441 = CARTESIAN_POINT ( 'NONE',  ( 131.2201364201166598, 128.5966596841776663, -72.25247869598283046 ) ) ;
#2442 = CARTESIAN_POINT ( 'NONE',  ( 39.50000000000000711, 20.10000000000000853, -39.24999999999996447 ) ) ;
#2443 = CARTESIAN_POINT ( 'NONE',  ( 84.39170749438594044, 1.026156978358403915, -88.82759131597700275 ) ) ;
#2444 = AXIS2_PLACEMENT_3D ( 'NONE', #8042, #5393, #2870 ) ;
#2445 = CARTESIAN_POINT ( 'NONE',  ( 105.5000009628523401, 187.6000000000000227, -47.49999999999948841 ) ) ;
#2446 = CARTESIAN_POINT ( 'NONE',  ( 40.27830722727223645, 10.43633810528135086, -62.69557217722147868 ) ) ;
#2447 = EDGE_CURVE ( 'NONE', #3609, #6008, #7498, .T. ) ;
#2448 = CARTESIAN_POINT ( 'NONE',  ( 42.39589333293313445, 0.000000000000000000, -27.23908729652599447 ) ) ;
#2449 = DIRECTION ( 'NONE',  ( -1.000000000000000000, 0.000000000000000000, 0.000000000000000000 ) ) ;
#2450 = EDGE_CURVE ( 'NONE', #4527, #50, #1467, .T. ) ;
#2451 = CARTESIAN_POINT ( 'NONE',  ( 130.4102103296100097, 170.6474579322191971, -59.95752024890553145 ) ) ;
#2452 = CARTESIAN_POINT ( 'NONE',  ( 20.59196018016058360, 13.94275335729182075, -66.46226720140188604 ) ) ;
#2453 = CARTESIAN_POINT ( 'NONE',  ( 108.6978318115697846, 11.58639311573829289, -69.19730581921226076 ) ) ;
#2454 = DIRECTION ( 'NONE',  ( 1.000000000000000000, 0.000000000000000000, -1.224646799147353207E-16 ) ) ;
#2455 = CARTESIAN_POINT ( 'NONE',  ( -1.437650102907923833, 163.6678610706709946, -39.56702109374293741 ) ) ;
#2456 = VERTEX_POINT ( 'NONE', #229 ) ;
#2457 = CARTESIAN_POINT ( 'NONE',  ( 110.3180681632440354, 188.6133098702543123, -35.68410790126418419 ) ) ;
#2458 = ORIENTED_EDGE ( 'NONE', *, *, #2514, .F. ) ;
#2459 = VECTOR ( 'NONE', #962, 1000.000000000000000 ) ;
#2460 = CYLINDRICAL_SURFACE ( 'NONE', #7190, 2.099999999999997868 ) ;
#2461 = ORIENTED_EDGE ( 'NONE', *, *, #7870, .T. ) ;
#2462 = DIRECTION ( 'NONE',  ( -0.9659258262890650926, 0.000000000000000000, -0.2588190451025328409 ) ) ;
#2463 = CARTESIAN_POINT ( 'NONE',  ( 129.7173230030833508, 174.1837171139607676, -45.02635418231004394 ) ) ;
#2464 = DIRECTION ( 'NONE',  ( -0.000000000000000000, -0.000000000000000000, -1.000000000000000000 ) ) ;
#2465 = CARTESIAN_POINT ( 'NONE',  ( 38.34071177632932148, 25.84979042998552856, -6.855599684707518016 ) ) ;
#2466 = VERTEX_POINT ( 'NONE', #4775 ) ;
#2467 = VERTEX_POINT ( 'NONE', #6645 ) ;
#2468 = CARTESIAN_POINT ( 'NONE',  ( -2.236721486523741476, 152.5486763488442818, -67.69455807667824843 ) ) ;
#2469 = LINE ( 'NONE', #5677, #1724 ) ;
#2470 = ORIENTED_EDGE ( 'NONE', *, *, #6657, .T. ) ;
#2471 = CARTESIAN_POINT ( 'NONE',  ( 111.0451779515491211, 121.8702894260510590, -4.582665970780757547 ) ) ;
#2472 = CARTESIAN_POINT ( 'NONE',  ( 42.39589333293313445, 10.01592551004143949, -32.98908729652599447 ) ) ;
#2473 = CARTESIAN_POINT ( 'NONE',  ( -0.7877666502729033793, 171.4204705457146929, -9.713684853459222168 ) ) ;
#2474 = CYLINDRICAL_SURFACE ( 'NONE', #69, 9.000000000000001776 ) ;
#2475 = EDGE_CURVE ( 'NONE', #7375, #5970, #6724, .T. ) ;
#2476 = EDGE_CURVE ( 'NONE', #7890, #8402, #343, .T. ) ;
#2477 = CARTESIAN_POINT ( 'NONE',  ( 45.07199456247776936, 10.77891959060344895, -63.19837882282072883 ) ) ;
#2478 = VERTEX_POINT ( 'NONE', #2075 ) ;
#2479 = DIRECTION ( 'NONE',  ( 1.000000000000000000, -0.000000000000000000, -0.000000000000000000 ) ) ;
#2480 = CARTESIAN_POINT ( 'NONE',  ( 26.90768329186957786, -5.630618675550022267, -26.18563395445745101 ) ) ;
#2481 = CARTESIAN_POINT ( 'NONE',  ( 37.18464814572493538, 74.62654356742480388, -10.45247027597637235 ) ) ;
#2482 = EDGE_LOOP ( 'NONE', ( #1208, #2269, #3191, #696, #17, #809, #5115 ) ) ;
#2483 = CARTESIAN_POINT ( 'NONE',  ( -2.215677790192791985, 155.5698487322046333, -93.20886802571570229 ) ) ;
#2484 = CARTESIAN_POINT ( 'NONE',  ( 11.31577441386858851, 51.39070290395633123, -36.23333845036135870 ) ) ;
#2485 = CARTESIAN_POINT ( 'NONE',  ( 46.24779411546690255, 74.77421613221787311, -80.03045916837695017 ) ) ;
#2486 = CARTESIAN_POINT ( 'NONE',  ( 105.1661700231545353, 0.4915809103946059411, -88.91429131451772605 ) ) ;
#2487 = CARTESIAN_POINT ( 'NONE',  ( 25.50000000000000355, 77.53621740777782634, -18.66038639261354604 ) ) ;
#2488 = CYLINDRICAL_SURFACE ( 'NONE', #3074, 3.600000000000005862 ) ;
#2489 = CARTESIAN_POINT ( 'NONE',  ( 84.00409755359898156, 10.10883117545684939, -27.28025612106914366 ) ) ;
#2490 = CARTESIAN_POINT ( 'NONE',  ( 131.0586694568444841, 127.0417423022476839, -71.76580280125236300 ) ) ;
#2491 = CARTESIAN_POINT ( 'NONE',  ( 110.1382839619380576, 190.0996782332009047, -48.52683871144275685 ) ) ;
#2492 = CARTESIAN_POINT ( 'NONE',  ( 19.88132682121037575, 16.38202290501807568, -67.98031401114333505 ) ) ;
#2493 = CARTESIAN_POINT ( 'NONE',  ( 114.2166753538830051, 189.6277000476666785, -45.16437413623765451 ) ) ;
#2494 = FACE_OUTER_BOUND ( 'NONE', #3807, .T. ) ;
#2495 = EDGE_CURVE ( 'NONE', #8005, #6805, #1083, .T. ) ;
#2496 = CARTESIAN_POINT ( 'NONE',  ( 119.5522513632008241, 187.6000000000000227, -43.73471085338626096 ) ) ;
#2497 = EDGE_CURVE ( 'NONE', #2794, #4079, #4239, .T. ) ;
#2498 = EDGE_LOOP ( 'NONE', ( #6056, #4998, #7250, #2762 ) ) ;
#2499 = CARTESIAN_POINT ( 'NONE',  ( 9.868620034923480944, 58.66568400230028857, -28.98360198700282453 ) ) ;
#2500 = ORIENTED_EDGE ( 'NONE', *, *, #2022, .T. ) ;
#2501 = CARTESIAN_POINT ( 'NONE',  ( 18.99999548372224822, 123.4999953997165676, -47.50000000000001421 ) ) ;
#2502 = EDGE_CURVE ( 'NONE', #1662, #2478, #7778, .T. ) ;
#2503 = VERTEX_POINT ( 'NONE', #4731 ) ;
#2504 = LINE ( 'NONE', #5628, #3359 ) ;
#2505 = CARTESIAN_POINT ( 'NONE',  ( 131.3380680315497671, 129.7574650048510705, -22.22830566507129291 ) ) ;
#2506 = DIRECTION ( 'NONE',  ( 0.000000000000000000, 0.000000000000000000, 1.000000000000000000 ) ) ;
#2507 = B_SPLINE_CURVE_WITH_KNOTS ( 'NONE', 3,
 ( #508, #1745, #3032, #8295, #5902, #2566, #2522, #6535, #38, #2647, #2050, #3291, #5226, #4668, #7167, #7126, #3977, #8376, #2006, #5267, #83, #7251, #4497, #7860, #1233, #1964, #3166, #5185 ),
 .UNSPECIFIED., .F., .F.,
 ( 4, 2, 2, 2, 2, 2, 2, 2, 2, 2, 2, 2, 2, 4 ),
 ( 0.000000000000000000, 0.003988015209962086915, 0.005982022814943120832, 0.007976030419924154749, 0.01196404562988620177, 0.01395805323486722441, 0.01495505703735774440, 0.01595206083984826440, 0.01994007604981036866, 0.02193408365479142599, 0.02392809125977247986, 0.02791610646973458412, 0.02991011407471563452, 0.03190412167969668145 ),
 .UNSPECIFIED. ) ;
#2508 = CARTESIAN_POINT ( 'NONE',  ( 31.96711653431173161, 51.95904565222997462, -9.149899092379399690 ) ) ;
#2509 = ORIENTED_EDGE ( 'NONE', *, *, #8456, .T. ) ;
#2510 = EDGE_LOOP ( 'NONE', ( #3024, #1944 ) ) ;
#2511 = ORIENTED_EDGE ( 'NONE', *, *, #3391, .T. ) ;
#2512 = DIRECTION ( 'NONE',  ( -0.6813848377722541150, 0.6694603134432206559, 0.2958675236969812716 ) ) ;
#2513 = CARTESIAN_POINT ( 'NONE',  ( 24.17176597110561787, 2.470819928163595414, -68.85979804513189606 ) ) ;
#2514 = EDGE_CURVE ( 'NONE', #3021, #2755, #4095, .T. ) ;
#2515 = CARTESIAN_POINT ( 'NONE',  ( 36.81991880091588598, 0.000000000000000000, -86.86377700038640626 ) ) ;
#2516 = CARTESIAN_POINT ( 'NONE',  ( 29.30132262412163513, 79.98432673508526136, -84.48452990208544122 ) ) ;
#2517 = CARTESIAN_POINT ( 'NONE',  ( 18.04665325414961785, 168.2126850035028269, -7.484289017421589030 ) ) ;
#2518 = CARTESIAN_POINT ( 'NONE',  ( 73.00000000000001421, 30.00000000000001421, -47.49999999999996447 ) ) ;
#2519 = B_SPLINE_CURVE_WITH_KNOTS ( 'NONE', 3,
 ( #2355, #983, #2953, #6964 ),
 .UNSPECIFIED., .F., .F.,
 ( 4, 4 ),
 ( 0.000000000000000000, 0.004319363220531685470 ),
 .UNSPECIFIED. ) ;
#2520 = CARTESIAN_POINT ( 'NONE',  ( 65.00000000000000000, 78.34000000000000341, -84.49008245022766062 ) ) ;
#2521 = ORIENTED_EDGE ( 'NONE', *, *, #5587, .F. ) ;
#2522 = CARTESIAN_POINT ( 'NONE',  ( 38.70393713047116790, 0.000000000000000000, -7.409867513453488819 ) ) ;
#2523 = CARTESIAN_POINT ( 'NONE',  ( -0.7001075558550929889, 123.2945312908448443, -90.88956282555241728 ) ) ;
#2524 = EDGE_LOOP ( 'NONE', ( #1448, #3831, #4155, #6048, #8161, #6691 ) ) ;
#2525 = CARTESIAN_POINT ( 'NONE',  ( 17.99558319731445977, 136.2155229968234949, -94.57173539019207453 ) ) ;
#2526 = EDGE_CURVE ( 'NONE', #162, #5335, #3686, .T. ) ;
#2527 = CARTESIAN_POINT ( 'NONE',  ( 111.3971508090968285, 123.1921976565187151, -90.85420634951542240 ) ) ;
#2528 = EDGE_CURVE ( 'NONE', #7914, #2503, #8017, .T. ) ;
#2529 = CARTESIAN_POINT ( 'NONE',  ( 103.0781120404211464, -5.672566926750959304, -68.81318189533506313 ) ) ;
#2530 = PLANE ( 'NONE',  #6943 ) ;
#2531 = CARTESIAN_POINT ( 'NONE',  ( 39.54240519094349793, 16.10572972117670076, -67.83666590625307435 ) ) ;
#2532 = CARTESIAN_POINT ( 'NONE',  ( 132.2994593439402706, 148.4247697549642453, -25.76386630137113798 ) ) ;
#2533 = CARTESIAN_POINT ( 'NONE',  ( 86.75746973288569563, -0.000000000000000000, -88.67738739182348695 ) ) ;
#2534 = VECTOR ( 'NONE', #2174, 1000.000000000000000 ) ;
#2535 = CARTESIAN_POINT ( 'NONE',  ( 112.1216943549490566, 163.7977068206317881, -90.01078604424220941 ) ) ;
#2536 = FACE_OUTER_BOUND ( 'NONE', #1399, .T. ) ;
#2537 = CARTESIAN_POINT ( 'NONE',  ( 30.24379162130411558, 78.86612951940658434, -81.80293753334859730 ) ) ;
#2538 = AXIS2_PLACEMENT_3D ( 'NONE', #397, #6932, #3697 ) ;
#2539 = AXIS2_PLACEMENT_3D ( 'NONE', #8019, #917, #4819 ) ;
#2540 = CARTESIAN_POINT ( 'NONE',  ( -2.300181564813880364, 147.7054025922368794, -25.57460323249478407 ) ) ;
#2541 = CARTESIAN_POINT ( 'NONE',  ( 91.20409755359899862, 49.89116882454313640, -27.28025612106914366 ) ) ;
#2542 = ORIENTED_EDGE ( 'NONE', *, *, #6546, .T. ) ;
#2543 = CARTESIAN_POINT ( 'NONE',  ( 17.94642460392190486, 166.0278267141937079, -6.066970818045292368 ) ) ;
#2544 = ORIENTED_EDGE ( 'NONE', *, *, #5822, .T. ) ;
#2545 = CARTESIAN_POINT ( 'NONE',  ( 26.60673918010740024, 82.85658036003505345, -13.04383141397194201 ) ) ;
#2546 = VECTOR ( 'NONE', #1230, 1000.000000000000000 ) ;
#2547 = CARTESIAN_POINT ( 'NONE',  ( 130.3016618358069536, 171.2442516019181937, -36.05612138137011868 ) ) ;
#2548 = CARTESIAN_POINT ( 'NONE',  ( 46.01035954308035514, 78.08439841794057656, -81.20797127377683466 ) ) ;
#2549 = DIRECTION ( 'NONE',  ( 0.000000000000000000, 0.000000000000000000, -1.000000000000000000 ) ) ;
#2550 = ORIENTED_EDGE ( 'NONE', *, *, #25, .F. ) ;
#2551 = EDGE_LOOP ( 'NONE', ( #8140, #3097, #2763, #8055, #6089, #2598, #5136, #2066 ) ) ;
#2552 = ORIENTED_EDGE ( 'NONE', *, *, #7198, .F. ) ;
#2553 = CARTESIAN_POINT ( 'NONE',  ( -1.261717694316106808, 165.0999933734201761, -48.23469745792928620 ) ) ;
#2554 = CARTESIAN_POINT ( 'NONE',  ( 24.88097550168187411, 0.3513065119006691384, -68.87902326470613446 ) ) ;
#2555 = VECTOR ( 'NONE', #4070, 1000.000000000000000 ) ;
#2556 = EDGE_CURVE ( 'NONE', #655, #3837, #6812, .T. ) ;
#2557 = CARTESIAN_POINT ( 'NONE',  ( 111.2097182875622963, 123.1527069621095620, -4.158228701020219908 ) ) ;
#2558 = AXIS2_PLACEMENT_3D ( 'NONE', #5350, #842, #3337 ) ;
#2559 = CARTESIAN_POINT ( 'NONE',  ( 43.68251813632136304, 10.15389558987039109, -32.75512014280315043 ) ) ;
#2560 = AXIS2_PLACEMENT_3D ( 'NONE', #5840, #2584, #3786 ) ;
#2561 = CARTESIAN_POINT ( 'NONE',  ( -0.9742026557213930849, 170.1439905406869286, -8.764802711795113055 ) ) ;
#2562 = CARTESIAN_POINT ( 'NONE',  ( 18.82419423670602043, 122.8835198724976721, -90.75145137227212899 ) ) ;
#2563 = CARTESIAN_POINT ( 'NONE',  ( 44.51511675263910917, 10.43712703307067180, -62.69677913899196398 ) ) ;
#2564 = EDGE_LOOP ( 'NONE', ( #3060, #7757, #3318, #7323, #3181, #8113 ) ) ;
#2565 =( NAMED_UNIT ( * ) SI_UNIT ( $, .STERADIAN. ) SOLID_ANGLE_UNIT ( ) );
#2566 = CARTESIAN_POINT ( 'NONE',  ( 39.34565646110542048, -0.000000000000000000, -7.196878863897723022 ) ) ;
#2567 = CARTESIAN_POINT ( 'NONE',  ( -0.6103806734606831430, 122.5701012465780622, -4.354580236515782410 ) ) ;
#2568 = ORIENTED_EDGE ( 'NONE', *, *, #2693, .F. ) ;
#2569 = CARTESIAN_POINT ( 'NONE',  ( 17.87398082943266076, 163.8078849010816782, -90.05050865369013025 ) ) ;
#2570 = DIRECTION ( 'NONE',  ( -0.000000000000000000, -0.000000000000000000, -1.000000000000000000 ) ) ;
#2571 = CARTESIAN_POINT ( 'NONE',  ( 103.3340564633674461, -4.917131698877571289, -68.83317968812498577 ) ) ;
#2572 = AXIS2_PLACEMENT_3D ( 'NONE', #8108, #8158, #6186 ) ;
#2573 = DIRECTION ( 'NONE',  ( 0.000000000000000000, 1.000000000000000000, 0.000000000000000000 ) ) ;
#2574 = CARTESIAN_POINT ( 'NONE',  ( 39.77574863906482250, 16.65422809833219375, -68.10460036068197098 ) ) ;
#2575 = CARTESIAN_POINT ( 'NONE',  ( 131.6083974859565728, 162.1374755128334755, -58.75597075499175048 ) ) ;
#2576 = PLANE ( 'NONE',  #8413 ) ;
#2577 = CARTESIAN_POINT ( 'NONE',  ( 2.167051896358155094, 103.5572435089311796, -8.916997727076362068 ) ) ;
#2578 = ORIENTED_EDGE ( 'NONE', *, *, #146, .T. ) ;
#2579 = CARTESIAN_POINT ( 'NONE',  ( 131.9559665050965691, 160.7198338160699507, -91.46708705844751819 ) ) ;
#2580 = VECTOR ( 'NONE', #4513, 1000.000000000000000 ) ;
#2581 = PLANE ( 'NONE',  #799 ) ;
#2582 = CARTESIAN_POINT ( 'NONE',  ( 28.33390072136166182, 77.50058405248859117, -80.72199355764037421 ) ) ;
#2583 = CARTESIAN_POINT ( 'NONE',  ( -1.956433171013396644, 137.4911269703218863, -25.57543431249610677 ) ) ;
#2584 = DIRECTION ( 'NONE',  ( -0.000000000000000000, 1.000000000000000000, -1.577021341797097314E-16 ) ) ;
#2585 = ORIENTED_EDGE ( 'NONE', *, *, #819, .T. ) ;
#2586 = CARTESIAN_POINT ( 'NONE',  ( 18.26844132750120053, 129.4138841781765166, -93.25388043533617122 ) ) ;
#2587 = CIRCLE ( 'NONE', #8459, 47.50000000000001421 ) ;
#2588 = EDGE_CURVE ( 'NONE', #6626, #6477, #3550, .T. ) ;
#2589 = B_SPLINE_CURVE_WITH_KNOTS ( 'NONE', 3,
 ( #2301, #5508, #4138, #6227 ),
 .UNSPECIFIED., .F., .F.,
 ( 4, 4 ),
 ( 1.734723475976807094E-17, 0.0001123431879449969051 ),
 .UNSPECIFIED. ) ;
#2590 = EDGE_LOOP ( 'NONE', ( #7687, #5721, #6104, #1913, #4741, #7197, #7260 ) ) ;
#2591 = CARTESIAN_POINT ( 'NONE',  ( 103.9281327325023341, 84.16927933649702709, -10.46882409467852071 ) ) ;
#2592 = DIRECTION ( 'NONE',  ( -0.000000000000000000, -1.000000000000000000, -0.000000000000000000 ) ) ;
#2593 = CARTESIAN_POINT ( 'NONE',  ( 4.090497933998095803, 91.33216834696865760, -64.97706528450133590 ) ) ;
#2594 = DIRECTION ( 'NONE',  ( -0.9999999999999950040, -1.000061563076409229E-07, 0.000000000000000000 ) ) ;
#2595 = ORIENTED_EDGE ( 'NONE', *, *, #1525, .T. ) ;
#2596 = ORIENTED_EDGE ( 'NONE', *, *, #106, .T. ) ;
#2597 = AXIS2_PLACEMENT_3D ( 'NONE', #6265, #1091, #2338 ) ;
#2598 = ORIENTED_EDGE ( 'NONE', *, *, #1295, .T. ) ;
#2599 = DIRECTION ( 'NONE',  ( 0.000000000000000000, -1.000000000000000000, 0.000000000000000000 ) ) ;
#2600 = CARTESIAN_POINT ( 'NONE',  ( 108.5938161944036580, 190.0945744507392874, -46.67101470717416589 ) ) ;
#2601 = LINE ( 'NONE', #5256, #8203 ) ;
#2602 = CARTESIAN_POINT ( 'NONE',  ( 85.49526637814211938, 48.39999999999997726, -25.78908729652600229 ) ) ;
#2603 = CARTESIAN_POINT ( 'NONE',  ( 17.73203901303536512, 157.2620001347455911, -2.308038366535936081 ) ) ;
#2604 = CARTESIAN_POINT ( 'NONE',  ( 19.47984953754427906, 118.1331836934132866, -89.27728164420929602 ) ) ;
#2605 = CARTESIAN_POINT ( 'NONE',  ( 43.68197153587005488, 10.15376630197098251, -62.24466568380859144 ) ) ;
#2606 = ORIENTED_EDGE ( 'NONE', *, *, #6963, .T. ) ;
#2607 = PLANE ( 'NONE',  #6901 ) ;
#2608 = CARTESIAN_POINT ( 'NONE',  ( 84.11443392661074370, 0.1078296484750510681, -6.196868390217263212 ) ) ;
#2609 = CARTESIAN_POINT ( 'NONE',  ( -1.119413374835656505, 127.6228760166305847, -23.05120786990988080 ) ) ;
#2610 = ORIENTED_EDGE ( 'NONE', *, *, #8245, .F. ) ;
#2611 = B_SPLINE_CURVE_WITH_KNOTS ( 'NONE', 3,
 ( #6422, #3176, #519, #2401, #4465, #5017, #1669, #7615, #1800, #6875, #4420, #7009, #3135, #1029, #8348, #2490, #7056, #3649 ),
 .UNSPECIFIED., .F., .F.,
 ( 4, 2, 2, 2, 2, 2, 2, 2, 4 ),
 ( 0.05392776294784004665, 0.07353747288611296729, 0.09314718282438588792, 0.1029520377935223274, 0.1127568927626587947, 0.1225617477317952619, 0.1274641752163634678, 0.1299153889586475707, 0.1323666027009316737 ),
 .UNSPECIFIED. ) ;
#2612 = CARTESIAN_POINT ( 'NONE',  ( 17.70051975590008198, 151.3388672529631549, -94.20022728517876942 ) ) ;
#2613 = CARTESIAN_POINT ( 'NONE',  ( 95.50000000000001421, 78.34000000000000341, -150.0000000000000000 ) ) ;
#2614 = CARTESIAN_POINT ( 'NONE',  ( 84.08599202390175265, 0.01202777356638143162, -88.80035271286423892 ) ) ;
#2615 = CARTESIAN_POINT ( 'NONE',  ( 110.1402600057112409, 190.0837242817810022, -48.74335366320383400 ) ) ;
#2616 = CARTESIAN_POINT ( 'NONE',  ( 56.50000000000000711, 48.33030277982334866, -44.99999999999996447 ) ) ;
#2617 = CARTESIAN_POINT ( 'NONE',  ( 131.2810536976086269, 164.9518451326586899, -44.53446670060332480 ) ) ;
#2618 = CARTESIAN_POINT ( 'NONE',  ( 13.33760346759532744, 42.59601030734763327, -26.57585483367734369 ) ) ;
#2619 = CARTESIAN_POINT ( 'NONE',  ( 4.296839300786255755, 90.07357783169800314, -30.08501751164965654 ) ) ;
#2620 = ORIENTED_EDGE ( 'NONE', *, *, #5059, .F. ) ;
#2621 = CARTESIAN_POINT ( 'NONE',  ( 131.3161306777810751, 167.4828572485812117, -87.99134594944028720 ) ) ;
#2622 = CARTESIAN_POINT ( 'NONE',  ( 126.0000000000000000, 142.5999999999999943, -47.50000000000000000 ) ) ;
#2623 = CARTESIAN_POINT ( 'NONE',  ( 111.2118683066063909, 123.1698681705381659, -90.84755287720828676 ) ) ;
#2624 = CARTESIAN_POINT ( 'NONE',  ( -0.3844852275661821417, 121.2949197414514657, -40.22768315205495782 ) ) ;
#2625 = CARTESIAN_POINT ( 'NONE',  ( 111.5962150184203097, 174.6334166444169966, -12.41866780205483600 ) ) ;
#2626 = ORIENTED_EDGE ( 'NONE', *, *, #4932, .F. ) ;
#2627 = AXIS2_PLACEMENT_3D ( 'NONE', #3973, #713, #5098 ) ;
#2628 = CARTESIAN_POINT ( 'NONE',  ( 48.31885288386219912, 74.34016040758039878, -78.40159972455617776 ) ) ;
#2629 = ORIENTED_EDGE ( 'NONE', *, *, #3790, .T. ) ;
#2630 = CARTESIAN_POINT ( 'NONE',  ( 102.2816719301883523, 81.39413248823062474, -10.51001731635539649 ) ) ;
#2631 = EDGE_CURVE ( 'NONE', #315, #5247, #4655, .T. ) ;
#2632 = DIRECTION ( 'NONE',  ( -0.9659258262890683122, 0.000000000000000000, 0.2588190451025206840 ) ) ;
#2633 = CARTESIAN_POINT ( 'NONE',  ( 15.75422112382495321, 32.31205764517495993, -25.50000000000000711 ) ) ;
#2634 = ORIENTED_EDGE ( 'NONE', *, *, #1686, .F. ) ;
#2635 = VERTEX_POINT ( 'NONE', #2203 ) ;
#2636 = ORIENTED_EDGE ( 'NONE', *, *, #3302, .F. ) ;
#2637 = FACE_OUTER_BOUND ( 'NONE', #3588, .T. ) ;
#2638 = CARTESIAN_POINT ( 'NONE',  ( 131.5984846390643099, 132.6363749592337911, -27.31286206602864652 ) ) ;
#2639 = CARTESIAN_POINT ( 'NONE',  ( 26.40079506636384821, -0.000000000000000000, -76.05214682100736923 ) ) ;
#2640 = DIRECTION ( 'NONE',  ( -0.9999999999999950040, -1.000061563076409229E-07, -0.000000000000000000 ) ) ;
#2641 = CARTESIAN_POINT ( 'NONE',  ( 49.50000000000000000, 57.42945042295378499, -33.15690866110464441 ) ) ;
#2642 = DIRECTION ( 'NONE',  ( 0.000000000000000000, 0.000000000000000000, -1.000000000000000000 ) ) ;
#2643 = ADVANCED_FACE ( 'NONE', ( #1552, #4169 ), #5181, .F. ) ;
#2644 = CARTESIAN_POINT ( 'NONE',  ( 45.94394977824430271, 12.24283890322380053, -64.95901697117257356 ) ) ;
#2645 = VERTEX_POINT ( 'NONE', #6341 ) ;
#2646 = PRODUCT_CONTEXT ( 'NONE', #6300, 'mechanical' ) ;
#2647 = CARTESIAN_POINT ( 'NONE',  ( 33.93958419148648886, -0.000000000000000000, -9.776043107441781288 ) ) ;
#2648 = CARTESIAN_POINT ( 'NONE',  ( 26.71376821751820785, 82.78710450672559773, -84.50531558562413181 ) ) ;
#2649 = EDGE_CURVE ( 'NONE', #8327, #6643, #5665, .T. ) ;
#2650 = CARTESIAN_POINT ( 'NONE',  ( 19.84492219198231666, 189.9649699187721410, -51.60902809100024768 ) ) ;
#2651 = EDGE_CURVE ( 'NONE', #2903, #109, #1729, .T. ) ;
#2652 = PLANE ( 'NONE',  #8121 ) ;
#2653 = CARTESIAN_POINT ( 'NONE',  ( 111.8018512843050871, 131.0929058698318670, -1.384770732263202353 ) ) ;
#2654 = CARTESIAN_POINT ( 'NONE',  ( 4.608517896519544799, 88.13558319706798727, -30.22136584410514004 ) ) ;
#2655 = FACE_OUTER_BOUND ( 'NONE', #1433, .T. ) ;
#2656 = CARTESIAN_POINT ( 'NONE',  ( 132.2820263141208272, 150.5598352390322532, -68.55773116894428654 ) ) ;
#2657 = VECTOR ( 'NONE', #1487, 1000.000000000000000 ) ;
#2658 = CARTESIAN_POINT ( 'NONE',  ( 88.71861836595999762, -0.000000000000000000, -88.31559430578883507 ) ) ;
#2659 = CARTESIAN_POINT ( 'NONE',  ( 1.661221665225061317, 106.8552693237900399, -28.11484051802975159 ) ) ;
#2660 = ORIENTED_EDGE ( 'NONE', *, *, #4276, .T. ) ;
#2661 = EDGE_CURVE ( 'NONE', #4563, #2112, #8291, .T. ) ;
#2662 = CARTESIAN_POINT ( 'NONE',  ( 132.0745750732280897, 156.2748707389752667, -71.97785385473760300 ) ) ;
#2663 = FACE_OUTER_BOUND ( 'NONE', #6939, .T. ) ;
#2664 = CARTESIAN_POINT ( 'NONE',  ( 130.4385089571661354, 121.2243646693624299, -90.19465596228759807 ) ) ;
#2665 = CARTESIAN_POINT ( 'NONE',  ( -0.3299938247508263922, 120.8648263482070178, -41.63695737059275359 ) ) ;
#2666 = CARTESIAN_POINT ( 'NONE',  ( 111.7644337896778524, 130.2417134839438404, -93.40928115901964190 ) ) ;
#2667 = ORIENTED_EDGE ( 'NONE', *, *, #5772, .T. ) ;
#2668 = CARTESIAN_POINT ( 'NONE',  ( 17.76084440623963800, 159.0754881807630170, -2.942162628016050885 ) ) ;
#2669 = AXIS2_PLACEMENT_3D ( 'NONE', #4379, #1934, #1756 ) ;
#2670 = CARTESIAN_POINT ( 'NONE',  ( 27.03566848235274378, -6.008373099882218682, -68.80340773487353090 ) ) ;
#2671 = LINE ( 'NONE', #701, #1986 ) ;
#2672 = AXIS2_PLACEMENT_3D ( 'NONE', #2888, #4219, #6942 ) ;
#2673 = AXIS2_PLACEMENT_3D ( 'NONE', #7279, #7158, #1429 ) ;
#2674 = CARTESIAN_POINT ( 'NONE',  ( 111.0000000000000000, 151.1000000000000796, -32.77756813566458050 ) ) ;
#2675 = DIRECTION ( 'NONE',  ( 0.000000000000000000, 0.000000000000000000, 1.000000000000000000 ) ) ;
#2676 = ORIENTED_EDGE ( 'NONE', *, *, #209, .T. ) ;
#2677 = ORIENTED_EDGE ( 'NONE', *, *, #1632, .F. ) ;
#2678 = EDGE_CURVE ( 'NONE', #1380, #6037, #8216, .T. ) ;
#2679 = ORIENTED_EDGE ( 'NONE', *, *, #800, .T. ) ;
#2680 = CARTESIAN_POINT ( 'NONE',  ( -1.261717694316040639, 165.0999933734206593, -47.50000000001706724 ) ) ;
#2681 = CARTESIAN_POINT ( 'NONE',  ( 132.2019909804851068, 142.5999999999840213, -24.99999999999999289 ) ) ;
#2682 = CARTESIAN_POINT ( 'NONE',  ( 39.31659844699448314, 0.000000000000000000, -87.79404860964314139 ) ) ;
#2683 = CARTESIAN_POINT ( 'NONE',  ( 46.02073678615574437, 40.48682970837354844, -69.08954159070350443 ) ) ;
#2684 = CARTESIAN_POINT ( 'NONE',  ( 49.50000000000000000, 52.31990054062555373, -30.20690866110469486 ) ) ;
#2685 = CARTESIAN_POINT ( 'NONE',  ( 53.00000000000000711, 20.10000000000000853, -40.59999999999996589 ) ) ;
#2686 = VECTOR ( 'NONE', #7522, 1000.000000000000000 ) ;
#2687 = CARTESIAN_POINT ( 'NONE',  ( 33.15384097702476396, 74.96762814053563773, -80.42399899574357391 ) ) ;
#2688 = ORIENTED_EDGE ( 'NONE', *, *, #3142, .T. ) ;
#2689 = VECTOR ( 'NONE', #6239, 1000.000000000000000 ) ;
#2690 = CARTESIAN_POINT ( 'NONE',  ( 10.09346640344616119, 187.6000000000000227, -47.50000000000027001 ) ) ;
#2691 = ADVANCED_FACE ( 'NONE', ( #6980 ), #2460, .F. ) ;
#2692 = CARTESIAN_POINT ( 'NONE',  ( 108.5232609310961607, 10.98429668998704756, -26.40479060653897392 ) ) ;
#2693 = EDGE_CURVE ( 'NONE', #5423, #867, #7691, .T. ) ;
#2694 = B_SPLINE_CURVE_WITH_KNOTS ( 'NONE', 3,
 ( #2290, #6686, #189, #1645, #5456, #6175, #2160, #359, #4778, #4257, #3574, #4172, #3534, #4905, #7452, #6136 ),
 .UNSPECIFIED., .F., .F.,
 ( 4, 2, 2, 2, 2, 2, 2, 4 ),
 ( 2.866233577192689527E-17, 0.001067040431812090427, 0.001600560647718121329, 0.002134080863624152231, 0.002667601079530183134, 0.003201121295436214036, 0.003734641511342244938, 0.004268161727248275840 ),
 .UNSPECIFIED. ) ;
#2695 = CARTESIAN_POINT ( 'NONE',  ( -1.301796674448435498, 129.4132106443416887, -22.49355302338049256 ) ) ;
#2696 = CARTESIAN_POINT ( 'NONE',  ( -0.9717534512156492665, 170.1457291396947653, -86.22308943202942544 ) ) ;
#2697 = CARTESIAN_POINT ( 'NONE',  ( 21.36426056187280409, 11.35447089964581835, -63.98166737521053449 ) ) ;
#2698 = DIRECTION ( 'NONE',  ( 0.000000000000000000, -0.7071067811865467956, -0.7071067811865483499 ) ) ;
#2699 = CIRCLE ( 'NONE', #7599, 2.100000000000004530 ) ;
#2700 = CARTESIAN_POINT ( 'NONE',  ( -0.8377732684372942717, 125.0531831702475500, -23.83552945491691943 ) ) ;
#2701 = CARTESIAN_POINT ( 'NONE',  ( 3.999993573604119224, 142.5999999999998806, -36.25000000000000000 ) ) ;
#2702 = LINE ( 'NONE', #8033, #1145 ) ;
#2703 =( BOUNDED_CURVE ( )  B_SPLINE_CURVE ( 3, ( #247, #2742, #5474, #1573 ),
 .UNSPECIFIED., .F., .T. ) 
 B_SPLINE_CURVE_WITH_KNOTS ( ( 4, 4 ),
 ( 4.712388980384684345, 6.283185307179586232 ),
 .UNSPECIFIED. ) 
 CURVE ( )  GEOMETRIC_REPRESENTATION_ITEM ( )  RATIONAL_B_SPLINE_CURVE ( ( 1.000000000000000000, 0.8047378541243637162, 0.8047378541243637162, 1.000000000000000000 ) ) 
 REPRESENTATION_ITEM ( '' )  );
#2704 = CARTESIAN_POINT ( 'NONE',  ( 97.67470340015087515, 0.000000000000000000, -84.02480209162960989 ) ) ;
#2705 = CARTESIAN_POINT ( 'NONE',  ( 1.787908254462289737, 105.9820370390308995, -8.525567645505114811 ) ) ;
#2706 = ORIENTED_EDGE ( 'NONE', *, *, #5851, .F. ) ;
#2707 = DIRECTION ( 'NONE',  ( 0.000000000000000000, 1.000000000000000000, 0.000000000000000000 ) ) ;
#2708 = CARTESIAN_POINT ( 'NONE',  ( 25.50000000000000355, 87.34000000000000341, -11.73825318034430865 ) ) ;
#2709 = CARTESIAN_POINT ( 'NONE',  ( 111.3320693324267836, 124.3223894770504927, -91.23596541740252519 ) ) ;
#2710 = CARTESIAN_POINT ( 'NONE',  ( -0.6795480418098033271, 123.7031376572135883, -35.28134022172804407 ) ) ;
#2711 = EDGE_CURVE ( 'NONE', #3531, #7845, #5064, .T. ) ;
#2712 = DIRECTION ( 'NONE',  ( 0.000000000000000000, 0.000000000000000000, 1.000000000000000000 ) ) ;
#2713 = ORIENTED_EDGE ( 'NONE', *, *, #3207, .T. ) ;
#2714 = CARTESIAN_POINT ( 'NONE',  ( 0.08299572556886306018, 173.2251180840838174, -40.62667714748210557 ) ) ;
#2715 = CARTESIAN_POINT ( 'NONE',  ( 27.41127163431630720, -7.116983806415585256, -88.59129539399782516 ) ) ;
#2716 = DIRECTION ( 'NONE',  ( 1.000000000000000000, -0.000000000000000000, -0.000000000000000000 ) ) ;
#2717 = CARTESIAN_POINT ( 'NONE',  ( 128.9541629049335540, 125.5836000375081483, -14.72070347915884270 ) ) ;
#2718 = CARTESIAN_POINT ( 'NONE',  ( 29.22792206135785875, 78.34000000000001762, -14.35906609687316760 ) ) ;
#2719 = ORIENTED_EDGE ( 'NONE', *, *, #7278, .T. ) ;
#2720 = ORIENTED_EDGE ( 'NONE', *, *, #5983, .T. ) ;
#2721 = B_SPLINE_CURVE_WITH_KNOTS ( 'NONE', 3,
 ( #2485, #3855, #7092, #3129, #7170, #5741 ),
 .UNSPECIFIED., .F., .F.,
 ( 4, 2, 4 ),
 ( 0.000000000000000000, 0.0008984034910219224328, 0.001796806982043844866 ),
 .UNSPECIFIED. ) ;
#2722 = AXIS2_PLACEMENT_3D ( 'NONE', #7229, #1378, #3909 ) ;
#2723 = EDGE_LOOP ( 'NONE', ( #4254, #2824, #5369, #2337 ) ) ;
#2724 = DIRECTION ( 'NONE',  ( 0.000000000000000000, 0.000000000000000000, 1.000000000000000000 ) ) ;
#2725 = CARTESIAN_POINT ( 'NONE',  ( 130.2504606926877386, 120.2438490413263139, -50.44147654040990858 ) ) ;
#2726 = CARTESIAN_POINT ( 'NONE',  ( 46.50903690417847258, 40.82569023402457020, -69.00454203025604727 ) ) ;
#2727 = CARTESIAN_POINT ( 'NONE',  ( 10.50000000000000178, 55.84000000000002473, -31.65991754977232020 ) ) ;
#2728 = LINE ( 'NONE', #6572, #710 ) ;
#2729 = CARTESIAN_POINT ( 'NONE',  ( 40.21891301464478374, 72.63998209603505529, -10.39807303186984910 ) ) ;
#2730 = ORIENTED_EDGE ( 'NONE', *, *, #2165, .T. ) ;
#2731 = CARTESIAN_POINT ( 'NONE',  ( 30.49999999999999645, 75.53563411247193926, -80.60666987995534782 ) ) ;
#2732 = ORIENTED_EDGE ( 'NONE', *, *, #3995, .T. ) ;
#2733 = AXIS2_PLACEMENT_3D ( 'NONE', #5766, #1351, #3840 ) ;
#2734 = CARTESIAN_POINT ( 'NONE',  ( 84.96067224158201725, 2.903300399660620812, -6.136143913758325574 ) ) ;
#2735 = CARTESIAN_POINT ( 'NONE',  ( 18.78156643170761697, 123.2263551544883882, -4.133413486406916526 ) ) ;
#2736 = CARTESIAN_POINT ( 'NONE',  ( 18.21422027096290464, 171.5321177168855797, -85.18551610385856065 ) ) ;
#2737 = CARTESIAN_POINT ( 'NONE',  ( 22.39589333293312734, 8.000000000000001776, -39.75566313286197584 ) ) ;
#2738 = CARTESIAN_POINT ( 'NONE',  ( 58.40252388807664374, 51.13082362975355011, -44.99999999999996447 ) ) ;
#2739 = EDGE_CURVE ( 'NONE', #6350, #3755, #4195, .T. ) ;
#2740 = CIRCLE ( 'NONE', #7100, 3.000000000000002665 ) ;
#2741 = CYLINDRICAL_SURFACE ( 'NONE', #8111, 4.999999999999999112 ) ;
#2742 = CARTESIAN_POINT ( 'NONE',  ( 91.20409755359898440, 49.89116882454314350, -67.71974387893084213 ) ) ;
#2743 = CARTESIAN_POINT ( 'NONE',  ( 21.01409117820629291, 108.7691631197833999, -7.977781997796227209 ) ) ;
#2744 = ORIENTED_EDGE ( 'NONE', *, *, #8087, .T. ) ;
#2745 = DIRECTION ( 'NONE',  ( -0.9999999999999950040, -1.000061563076409229E-07, -0.000000000000000000 ) ) ;
#2746 = LINE ( 'NONE', #3473, #4877 ) ;
#2747 = CARTESIAN_POINT ( 'NONE',  ( 130.5434028637340589, 122.0396576224564740, -90.46665283952125947 ) ) ;
#2748 = CARTESIAN_POINT ( 'NONE',  ( 42.39589333293313445, 3.700000000000000178, -27.23908729652599447 ) ) ;
#2749 = EDGE_CURVE ( 'NONE', #2029, #7718, #1677, .T. ) ;
#2750 =( BOUNDED_CURVE ( )  B_SPLINE_CURVE ( 3, ( #6075, #5359, #853, #4715 ),
 .UNSPECIFIED., .F., .F. ) 
 B_SPLINE_CURVE_WITH_KNOTS ( ( 4, 4 ),
 ( 4.686210123689654061, 4.712388980384700332 ),
 .UNSPECIFIED. ) 
 CURVE ( )  GEOMETRIC_REPRESENTATION_ITEM ( )  RATIONAL_B_SPLINE_CURVE ( ( 1.000000000000000000, 0.9999428897705915364, 0.9999428897705915364, 1.000000000000000000 ) ) 
 REPRESENTATION_ITEM ( '' )  );
#2751 = DIRECTION ( 'NONE',  ( 1.000000000000000000, -0.000000000000000000, 0.000000000000000000 ) ) ;
#2752 = ORIENTED_EDGE ( 'NONE', *, *, #6149, .T. ) ;
#2753 = CARTESIAN_POINT ( 'NONE',  ( -1.336823480353604543, 129.7643553340405731, -22.24737983188273560 ) ) ;
#2754 = EDGE_CURVE ( 'NONE', #7589, #7192, #7884, .T. ) ;
#2755 = VERTEX_POINT ( 'NONE', #7754 ) ;
#2756 = CARTESIAN_POINT ( 'NONE',  ( 104.0285311468738172, 84.45014031268041776, -10.46242325161020403 ) ) ;
#2757 = CARTESIAN_POINT ( 'NONE',  ( 130.3329907438022417, 174.2464586045226156, -12.03014597620225246 ) ) ;
#2758 = EDGE_CURVE ( 'NONE', #8450, #8156, #3183, .T. ) ;
#2759 = EDGE_CURVE ( 'NONE', #2635, #5633, #3623, .T. ) ;
#2760 = CARTESIAN_POINT ( 'NONE',  ( 120.0023948900940240, 123.1477766227519481, -6.272908597548930487 ) ) ;
#2761 = LINE ( 'NONE', #6761, #6938 ) ;
#2762 = ORIENTED_EDGE ( 'NONE', *, *, #5171, .F. ) ;
#2763 = ORIENTED_EDGE ( 'NONE', *, *, #7063, .T. ) ;
#2764 = CARTESIAN_POINT ( 'NONE',  ( 61.83388108327397958, 48.96857624871800851, -49.99999999999997158 ) ) ;
#2765 = ADVANCED_FACE ( 'NONE', ( #7021 ), #5701, .T. ) ;
#2766 = CARTESIAN_POINT ( 'NONE',  ( 131.1341452936975998, 127.7573632343614918, -64.42615206215147339 ) ) ;
#2767 = CARTESIAN_POINT ( 'NONE',  ( 84.00409755359895314, 52.00000000000001421, -29.38908729652600726 ) ) ;
#2768 = CARTESIAN_POINT ( 'NONE',  ( 18.73845280863388396, 120.8791437948715100, -5.257196995036714782 ) ) ;
#2769 = CARTESIAN_POINT ( 'NONE',  ( 12.44995805112758980, 46.06093442619946643, -66.48825884915994777 ) ) ;
#2770 = DIRECTION ( 'NONE',  ( 0.000000000000000000, 0.000000000000000000, -1.000000000000000000 ) ) ;
#2771 = VERTEX_POINT ( 'NONE', #4080 ) ;
#2772 = CARTESIAN_POINT ( 'NONE',  ( 25.50000000000000355, 86.58313579209116995, -79.29323441729016508 ) ) ;
#2773 = ORIENTED_EDGE ( 'NONE', *, *, #6176, .F. ) ;
#2774 = CARTESIAN_POINT ( 'NONE',  ( 111.6273993084009248, 21.61696073538692175, -27.01994536451185169 ) ) ;
#2775 = ORIENTED_EDGE ( 'NONE', *, *, #8298, .F. ) ;
#2776 = CARTESIAN_POINT ( 'NONE',  ( 19.61048814495542558, 188.0022412997693948, -61.49725231080762455 ) ) ;
#2777 = CARTESIAN_POINT ( 'NONE',  ( 29.36870236076272178, 76.39194363740608651, -80.75413676328358292 ) ) ;
#2778 = CARTESIAN_POINT ( 'NONE',  ( 59.27607470890744423, 48.26727348013627505, -50.45680088479765857 ) ) ;
#2779 = PLANE ( 'NONE',  #1553 ) ;
#2780 = CARTESIAN_POINT ( 'NONE',  ( 77.50000000000001421, 0.000000000000000000, 0.000000000000000000 ) ) ;
#2781 = CARTESIAN_POINT ( 'NONE',  ( 43.84632184439162472, 6.805541381381441823, -6.121258069313986638 ) ) ;
#2782 = ADVANCED_FACE ( 'NONE', ( #6002 ), #3440, .F. ) ;
#2783 = VERTEX_POINT ( 'NONE', #141 ) ;
#2784 = CARTESIAN_POINT ( 'NONE',  ( 16.50000000000000000, 55.84000000000002473, -31.65991754977232020 ) ) ;
#2785 = CARTESIAN_POINT ( 'NONE',  ( 124.7405579251875594, 84.10705963548129205, -30.49588395835722210 ) ) ;
#2786 = DIRECTION ( 'NONE',  ( 1.000000000000000000, 0.000000000000000000, -1.224646799147353207E-16 ) ) ;
#2787 = DIRECTION ( 'NONE',  ( 0.000000000000000000, 0.000000000000000000, 1.000000000000000000 ) ) ;
#2788 = AXIS2_PLACEMENT_3D ( 'NONE', #7880, #2025, #3993 ) ;
#2789 = CARTESIAN_POINT ( 'NONE',  ( 53.00000000000000711, 20.10000000000000853, -37.59999999999996589 ) ) ;
#2790 = ORIENTED_EDGE ( 'NONE', *, *, #2528, .T. ) ;
#2791 = CARTESIAN_POINT ( 'NONE',  ( 54.34538998488866923, 78.34000000000001762, -76.77305857172437697 ) ) ;
#2792 = DIRECTION ( 'NONE',  ( -1.000000000000000000, -0.000000000000000000, -0.000000000000000000 ) ) ;
#2793 = EDGE_CURVE ( 'NONE', #4925, #5296, #6268, .T. ) ;
#2794 = VERTEX_POINT ( 'NONE', #2317 ) ;
#2795 = LINE ( 'NONE', #6322, #6117 ) ;
#2796 = CARTESIAN_POINT ( 'NONE',  ( 131.1595424548651749, 165.9037507998124283, -29.25891340516189487 ) ) ;
#2797 =( BOUNDED_CURVE ( )  B_SPLINE_CURVE ( 3, ( #6848, #1602, #4216, #998 ),
 .UNSPECIFIED., .F., .F. ) 
 B_SPLINE_CURVE_WITH_KNOTS ( ( 4, 4 ),
 ( 0.3571001794345430302, 1.570796326794896558 ),
 .UNSPECIFIED. ) 
 CURVE ( )  GEOMETRIC_REPRESENTATION_ITEM ( )  RATIONAL_B_SPLINE_CURVE ( ( 1.000000000000000000, 0.8809663862870609208, 0.8809663862870609208, 1.000000000000000000 ) ) 
 REPRESENTATION_ITEM ( '' )  );
#2798 = CARTESIAN_POINT ( 'NONE',  ( 115.7962471356435969, 122.9867902061486973, -4.768530885839823874 ) ) ;
#2799 = FACE_OUTER_BOUND ( 'NONE', #7085, .T. ) ;
#2800 = ORIENTED_EDGE ( 'NONE', *, *, #387, .T. ) ;
#2801 = ORIENTED_EDGE ( 'NONE', *, *, #1757, .F. ) ;
#2802 = DIRECTION ( 'NONE',  ( 0.000000000000000000, -1.000000000000000000, 0.000000000000000000 ) ) ;
#2803 = CARTESIAN_POINT ( 'NONE',  ( 126.0000000000000000, 151.1000000000000796, -62.22243186433541950 ) ) ;
#2804 = AXIS2_PLACEMENT_3D ( 'NONE', #1697, #4961, #1657 ) ;
#2805 = LINE ( 'NONE', #2204, #4316 ) ;
#2806 = CARTESIAN_POINT ( 'NONE',  ( -1.109892600925478146, 126.8614821752721014, -2.643290207822584836 ) ) ;
#2807 = CARTESIAN_POINT ( 'NONE',  ( 131.2706320705260623, 129.0745055760949924, -22.51078014923698944 ) ) ;
#2808 = EDGE_CURVE ( 'NONE', #8419, #1437, #2699, .T. ) ;
#2809 = LINE ( 'NONE', #2163, #4591 ) ;
#2810 = ORIENTED_EDGE ( 'NONE', *, *, #1372, .T. ) ;
#2811 = AXIS2_PLACEMENT_3D ( 'NONE', #4982, #305, #4940 ) ;
#2812 = EDGE_CURVE ( 'NONE', #4495, #3011, #227, .T. ) ;
#2813 = CARTESIAN_POINT ( 'NONE',  ( 25.82483238373111334, 83.58389180733765045, -79.84857162631490723 ) ) ;
#2814 = ORIENTED_EDGE ( 'NONE', *, *, #1958, .F. ) ;
#2815 = CARTESIAN_POINT ( 'NONE',  ( 103.8194391619038015, -3.484495717812097215, -6.224525968401668052 ) ) ;
#2816 = CARTESIAN_POINT ( 'NONE',  ( 18.17011975369115717, 170.7244734497702723, -85.79218468145145948 ) ) ;
#2817 = DIRECTION ( 'NONE',  ( 1.000000000000000000, -0.000000000000000000, -0.000000000000000000 ) ) ;
#2818 = VECTOR ( 'NONE', #7430, 1000.000000000000000 ) ;
#2819 = FACE_BOUND ( 'NONE', #6144, .T. ) ;
#2820 = AXIS2_PLACEMENT_3D ( 'NONE', #4869, #4827, #3713 ) ;
#2821 = CARTESIAN_POINT ( 'NONE',  ( 18.19896458631157898, 131.0752051648003089, -1.389560288726729542 ) ) ;
#2822 = CARTESIAN_POINT ( 'NONE',  ( 24.96529698480980386, 0.1024276127287658406, -6.094882905047716903 ) ) ;
#2823 = CARTESIAN_POINT ( 'NONE',  ( 1.264043997505808425, 109.4542154420957587, -67.35567347529239157 ) ) ;
#2824 = ORIENTED_EDGE ( 'NONE', *, *, #4423, .F. ) ;
#2825 = CIRCLE ( 'NONE', #8290, 2.099999999999997868 ) ;
#2826 = CIRCLE ( 'NONE', #4882, 1.649999999999971045 ) ;
#2827 = LINE ( 'NONE', #2224, #3029 ) ;
#2828 = CARTESIAN_POINT ( 'NONE',  ( 120.1332795440886940, 58.38789973990411397, -29.96498197927137852 ) ) ;
#2829 = CARTESIAN_POINT ( 'NONE',  ( 129.3221209226817621, 113.2672077656780516, -87.96225480598793922 ) ) ;
#2830 = DIRECTION ( 'NONE',  ( 0.9999999999999951150, 1.000061563076409361E-07, -0.000000000000000000 ) ) ;
#2831 = CARTESIAN_POINT ( 'NONE',  ( 131.1082787416907252, 126.8006277379362388, -92.37129246875237243 ) ) ;
#2832 = EDGE_LOOP ( 'NONE', ( #3277, #6301, #2381, #7709, #3579, #7356, #1466, #2732, #7994, #5664, #111, #5602, #184, #1910, #5980 ) ) ;
#2833 = CARTESIAN_POINT ( 'NONE',  ( 0.2141958825015743695, 173.8590677940989622, -43.09508450262574542 ) ) ;
#2834 = CARTESIAN_POINT ( 'NONE',  ( 104.5000000000000142, 142.5999999999999943, -47.50000000000000000 ) ) ;
#2835 = VERTEX_POINT ( 'NONE', #1668 ) ;
#2836 = DIRECTION ( 'NONE',  ( 0.000000000000000000, 0.000000000000000000, 1.000000000000000000 ) ) ;
#2837 = CARTESIAN_POINT ( 'NONE',  ( 128.2366591968283274, 183.8032162929588651, -23.73551860608914410 ) ) ;
#2838 = CARTESIAN_POINT ( 'NONE',  ( 127.8075031774847616, 103.4034736731256316, -28.68285596146740346 ) ) ;
#2839 = CARTESIAN_POINT ( 'NONE',  ( 28.27352748669821025, 80.76653806501180100, -81.97489598288552770 ) ) ;
#2840 = FACE_OUTER_BOUND ( 'NONE', #8318, .T. ) ;
#2841 = ORIENTED_EDGE ( 'NONE', *, *, #6567, .T. ) ;
#2842 = VECTOR ( 'NONE', #3584, 1000.000000000000000 ) ;
#2843 = EDGE_CURVE ( 'NONE', #3976, #1481, #2826, .T. ) ;
#2844 = EDGE_LOOP ( 'NONE', ( #118, #4483, #7196, #7735 ) ) ;
#2845 = CARTESIAN_POINT ( 'NONE',  ( 38.71540854144276977, 74.38007038639069890, -19.25122002690753575 ) ) ;
#2846 = DIRECTION ( 'NONE',  ( 0.000000000000000000, 1.000000000000000000, 0.000000000000000000 ) ) ;
#2847 = CARTESIAN_POINT ( 'NONE',  ( 19.42171514391852938, 17.99030755354180044, -26.32354966654991202 ) ) ;
#2848 = CARTESIAN_POINT ( 'NONE',  ( 112.2329823648666292, 144.7990284816492874, -0.04820782214864534343 ) ) ;
#2849 = CARTESIAN_POINT ( 'NONE',  ( 10.44774351780826827, 187.6000000000000227, -43.73470922376171899 ) ) ;
#2850 = AXIS2_PLACEMENT_3D ( 'NONE', #784, #4123, #4046 ) ;
#2851 = ORIENTED_EDGE ( 'NONE', *, *, #1424, .F. ) ;
#2852 = CARTESIAN_POINT ( 'NONE',  ( 58.50000000000000711, 48.11091270347399274, -69.49999999999997158 ) ) ;
#2853 = CARTESIAN_POINT ( 'NONE',  ( 42.39589333293312734, -2.000000000000000000, -65.61091270347399984 ) ) ;
#2854 = ORIENTED_EDGE ( 'NONE', *, *, #999, .F. ) ;
#2855 = AXIS2_PLACEMENT_3D ( 'NONE', #1334, #5283, #1845 ) ;
#2856 = CARTESIAN_POINT ( 'NONE',  ( 103.3341006533158577, -4.917001269609559522, -26.16681694739964215 ) ) ;
#2857 = CARTESIAN_POINT ( 'NONE',  ( 45.16470878654227761, 10.85589438493128078, -31.69429332233564267 ) ) ;
#2858 = CARTESIAN_POINT ( 'NONE',  ( 3.093114218843509011, 188.3097474445881119, -34.40540054762444555 ) ) ;
#2859 = LINE ( 'NONE', #4832, #6882 ) ;
#2860 = CIRCLE ( 'NONE', #6139, 1.649999999999991696 ) ;
#2861 = DIRECTION ( 'NONE',  ( 1.000000000000000000, 0.000000000000000000, 0.000000000000000000 ) ) ;
#2862 = CARTESIAN_POINT ( 'NONE',  ( 56.50000000000000711, 39.90000000000001279, -35.94999999999996732 ) ) ;
#2863 = CARTESIAN_POINT ( 'NONE',  ( 24.59843700913674169, 1.191743649980454789, -26.12687199878892130 ) ) ;
#2864 = CARTESIAN_POINT ( 'NONE',  ( 4.289615520435802409, 90.06619008026861195, -64.82800582747066187 ) ) ;
#2865 = VERTEX_POINT ( 'NONE', #470 ) ;
#2866 = DIRECTION ( 'NONE',  ( 0.000000000000000000, -3.154042683594194134E-16, 1.000000000000000000 ) ) ;
#2867 = CARTESIAN_POINT ( 'NONE',  ( 14.20362907750069326, 122.9867888129497402, -4.768561378792290917 ) ) ;
#2868 = CARTESIAN_POINT ( 'NONE',  ( 115.9321474084951120, 38.72714473193579465, -66.55636943788906024 ) ) ;
#2869 = B_SPLINE_CURVE_WITH_KNOTS ( 'NONE', 3,
 ( #2977, #8241, #1735, #8105, #2253, #7460, #1691, #5551, #1608, #6900, #4308, #4224, #6816, #963 ),
 .UNSPECIFIED., .F., .F.,
 ( 4, 2, 2, 2, 2, 2, 4 ),
 ( 0.000000000000000000, 0.003233423247397010022, 0.004850134871095537585, 0.006466846494794082495, 0.009700269742191172315, 0.01131698136588972850, 0.01293369298958828642 ),
 .UNSPECIFIED. ) ;
#2870 = DIRECTION ( 'NONE',  ( 0.000000000000000000, 0.000000000000000000, 1.000000000000000000 ) ) ;
#2871 = CARTESIAN_POINT ( 'NONE',  ( 84.08191696696594875, 0.000000000000000000, -6.200000000000000178 ) ) ;
#2872 = CARTESIAN_POINT ( 'NONE',  ( -2.319461440217478465, 148.4251228558822504, -20.52753775821503623 ) ) ;
#2873 = CARTESIAN_POINT ( 'NONE',  ( 110.9655781514376827, 182.5188120738863233, -73.28856169233382900 ) ) ;
#2874 = CARTESIAN_POINT ( 'NONE',  ( 43.56162649749995808, 7.737067328720692139, -88.87219190591805784 ) ) ;
#2875 = CARTESIAN_POINT ( 'NONE',  ( -1.439886149446593322, 130.8512908848881295, -73.16084237103798671 ) ) ;
#2876 = CARTESIAN_POINT ( 'NONE',  ( 132.0227918509911262, 157.2133901185005129, -23.42084774527128488 ) ) ;
#2877 = FACE_OUTER_BOUND ( 'NONE', #2920, .T. ) ;
#2878 = DIRECTION ( 'NONE',  ( 0.000000000000000000, 0.000000000000000000, -1.000000000000000000 ) ) ;
#2879 = FACE_BOUND ( 'NONE', #7711, .T. ) ;
#2880 = ORIENTED_EDGE ( 'NONE', *, *, #6098, .F. ) ;
#2881 = CARTESIAN_POINT ( 'NONE',  ( 130.0000000000000000, 142.5999999999999943, -43.35000000000000853 ) ) ;
#2882 = ORIENTED_EDGE ( 'NONE', *, *, #4175, .F. ) ;
#2883 = CARTESIAN_POINT ( 'NONE',  ( 58.40647848587545354, 51.12716229253359757, -49.99999999999997158 ) ) ;
#2884 = CARTESIAN_POINT ( 'NONE',  ( 73.00000000000001421, 30.00000000000001421, -56.49999999999996447 ) ) ;
#2885 = EDGE_CURVE ( 'NONE', #5083, #7494, #4038, .T. ) ;
#2886 = FACE_OUTER_BOUND ( 'NONE', #1616, .T. ) ;
#2887 = CARTESIAN_POINT ( 'NONE',  ( 132.2795694160223547, 145.6094328195929961, -20.19658381439781181 ) ) ;
#2888 = CARTESIAN_POINT ( 'NONE',  ( 49.50000000000000000, 37.00000000000000000, -40.50000000000000711 ) ) ;
#2889 = ORIENTED_EDGE ( 'NONE', *, *, #5310, .T. ) ;
#2890 = LINE ( 'NONE', #2251, #2257 ) ;
#2891 = CARTESIAN_POINT ( 'NONE',  ( 9.868981876956228305, 58.54879484922309274, -31.31486305634989620 ) ) ;
#2892 = ORIENTED_EDGE ( 'NONE', *, *, #1228, .T. ) ;
#2893 = CARTESIAN_POINT ( 'NONE',  ( 105.1340643140108000, 0.3964515456088041345, -26.12147598326175313 ) ) ;
#2894 = CARTESIAN_POINT ( 'NONE',  ( 43.46590820384567166, 19.36958461763769179, -25.94397862625867290 ) ) ;
#2895 = CARTESIAN_POINT ( 'NONE',  ( 18.65885852802150779, 178.1978098465558276, -15.98664019479115517 ) ) ;
#2896 = CARTESIAN_POINT ( 'NONE',  ( 30.20253438868542517, 75.72559433430214426, -80.66776114202163228 ) ) ;
#2897 = ORIENTED_EDGE ( 'NONE', *, *, #986, .F. ) ;
#2898 = CARTESIAN_POINT ( 'NONE',  ( 111.9968089305539678, 135.9899824800174883, -94.54522797959944569 ) ) ;
#2899 = EDGE_CURVE ( 'NONE', #6575, #7960, #3514, .T. ) ;
#2900 = CARTESIAN_POINT ( 'NONE',  ( 104.8210291347023855, 0.000000000000000000, -71.56431297475795361 ) ) ;
#2901 = CARTESIAN_POINT ( 'NONE',  ( 14.06783338844177678, 38.72713772654041264, -28.44362980356551418 ) ) ;
#2902 = CARTESIAN_POINT ( 'NONE',  ( 0.6972490599545684287, 113.1358604849441036, -87.93047790642772554 ) ) ;
#2903 = VERTEX_POINT ( 'NONE', #7479 ) ;
#2904 = CARTESIAN_POINT ( 'NONE',  ( 11.18932443189169312, 52.00000000000000711, -150.0000000000000000 ) ) ;
#2905 = B_SPLINE_CURVE_WITH_KNOTS ( 'NONE', 3,
 ( #7893, #4659, #1502, #2388, #2898, #3589, #3631, #6275, #4964, #1059 ),
 .UNSPECIFIED., .F., .F.,
 ( 4, 2, 2, 2, 4 ),
 ( 0.1702549314529034352, 0.1752753945686943704, 0.1777856261265897964, 0.1802958576844852223, 0.1903367839160667319 ),
 .UNSPECIFIED. ) ;
#2906 = CARTESIAN_POINT ( 'NONE',  ( -1.220137506705364805, 128.5966559371922813, -22.74752130401750705 ) ) ;
#2907 = CARTESIAN_POINT ( 'NONE',  ( 128.2120924180327677, 105.9820386902532050, -86.47443262791745155 ) ) ;
#2908 = CARTESIAN_POINT ( 'NONE',  ( 17.75891164136748301, 159.0832639315014490, -92.07432946773880644 ) ) ;
#2909 = CARTESIAN_POINT ( 'NONE',  ( 96.08361243926100315, 0.000000000000000000, -9.791236438846805612 ) ) ;
#2910 = CARTESIAN_POINT ( 'NONE',  ( -0.1451920111037394989, 172.0735428137486451, -57.32484936019675104 ) ) ;
#2911 = CARTESIAN_POINT ( 'NONE',  ( 111.4429364462649801, 176.8230016606963773, -80.44887499637172823 ) ) ;
#2912 = ADVANCED_FACE ( 'NONE', ( #2230 ), #5159, .T. ) ;
#2913 = CARTESIAN_POINT ( 'NONE',  ( 26.93491334732639686, -5.710989489426939514, -88.65441307532573489 ) ) ;
#2914 = CARTESIAN_POINT ( 'NONE',  ( 42.39589333293313445, 3.700000000000000178, -29.38908729652599305 ) ) ;
#2915 = CARTESIAN_POINT ( 'NONE',  ( 130.7761762041613451, 168.4982230426538194, -32.01625788726326505 ) ) ;
#2916 = CARTESIAN_POINT ( 'NONE',  ( 102.8221431119433049, -6.428074484162126012, -68.79109937802131469 ) ) ;
#2917 = CYLINDRICAL_SURFACE ( 'NONE', #8039, 1.649999999999998579 ) ;
#2918 = LINE ( 'NONE', #991, #6888 ) ;
#2919 = CARTESIAN_POINT ( 'NONE',  ( 126.0000000000000000, 151.1000000000000796, -60.12243186433541098 ) ) ;
#2920 = EDGE_LOOP ( 'NONE', ( #1382, #1952, #2730, #7153 ) ) ;
#2921 = CARTESIAN_POINT ( 'NONE',  ( 87.60409755359897588, 0.000000000000000000, -67.76091270347400553 ) ) ;
#2922 = VERTEX_POINT ( 'NONE', #6796 ) ;
#2923 = CARTESIAN_POINT ( 'NONE',  ( 25.97632422426168475, 84.43595322973767736, -10.46275599175904247 ) ) ;
#2924 = VECTOR ( 'NONE', #773, 1000.000000000000000 ) ;
#2925 = VERTEX_POINT ( 'NONE', #518 ) ;
#2926 = DIRECTION ( 'NONE',  ( 0.000000000000000000, 0.000000000000000000, 1.000000000000000000 ) ) ;
#2927 = CARTESIAN_POINT ( 'NONE',  ( 98.39123632358122507, 78.81193272344955858, -84.48719840208417509 ) ) ;
#2928 = CARTESIAN_POINT ( 'NONE',  ( 111.2615881943326031, 120.8798470255967743, -5.256835407742934230 ) ) ;
#2929 = CARTESIAN_POINT ( 'NONE',  ( 44.50000000000000711, 77.91347822513694155, -81.37138523162245463 ) ) ;
#2930 = CARTESIAN_POINT ( 'NONE',  ( 112.0055864572121180, 135.9834500316885908, -0.3451316462154296327 ) ) ;
#2931 = VERTEX_POINT ( 'NONE', #7656 ) ;
#2932 = LINE ( 'NONE', #7173, #5948 ) ;
#2933 = CIRCLE ( 'NONE', #1020, 2.149999999999999023 ) ;
#2934 = DIRECTION ( 'NONE',  ( -1.000000000000000000, 0.000000000000000000, 0.000000000000000000 ) ) ;
#2935 = ORIENTED_EDGE ( 'NONE', *, *, #5076, .F. ) ;
#2936 = CARTESIAN_POINT ( 'NONE',  ( 131.0982352221750489, 127.4225519093512560, -23.11379084847084187 ) ) ;
#2937 = CARTESIAN_POINT ( 'NONE',  ( 10.44774351780826827, 187.6000000000000227, -43.73470922376171899 ) ) ;
#2938 = CARTESIAN_POINT ( 'NONE',  ( 19.77843258339887811, 189.4205943826757164, -39.43032763522555229 ) ) ;
#2939 = PLANE ( 'NONE',  #2804 ) ;
#2940 = AXIS2_PLACEMENT_3D ( 'NONE', #2153, #4770, #6087 ) ;
#2941 = AXIS2_PLACEMENT_3D ( 'NONE', #1311, #3410, #6095 ) ;
#2942 = ORIENTED_EDGE ( 'NONE', *, *, #2793, .T. ) ;
#2943 = EDGE_CURVE ( 'NONE', #4728, #7428, #1374, .T. ) ;
#2944 = FACE_OUTER_BOUND ( 'NONE', #3443, .T. ) ;
#2945 = FACE_BOUND ( 'NONE', #7415, .T. ) ;
#2946 = CARTESIAN_POINT ( 'NONE',  ( 45.86424457173013280, 0.1785432487913357902, -6.194845843765182103 ) ) ;
#2947 = CARTESIAN_POINT ( 'NONE',  ( 2.191577153893738750, 103.4002547735765489, -86.05945916004570506 ) ) ;
#2948 = ORIENTED_EDGE ( 'NONE', *, *, #8277, .F. ) ;
#2949 = VECTOR ( 'NONE', #3458, 1000.000000000000000 ) ;
#2950 = CARTESIAN_POINT ( 'NONE',  ( 87.60409755359897588, 8.000000000000000000, -65.61091270347401405 ) ) ;
#2951 = CARTESIAN_POINT ( 'NONE',  ( 3.929737344480409345, 124.2861662190224763, -10.72488121349501178 ) ) ;
#2952 = CARTESIAN_POINT ( 'NONE',  ( 126.1002912467582036, 92.53973012472300752, -84.88175255352339832 ) ) ;
#2953 = CARTESIAN_POINT ( 'NONE',  ( 108.2212084821899083, 9.988866470721546875, -27.40022082580445328 ) ) ;
#2954 = CARTESIAN_POINT ( 'NONE',  ( 53.00000000000000711, 20.10000000000000853, -57.39999999999997016 ) ) ;
#2955 = CARTESIAN_POINT ( 'NONE',  ( -0.1980133310426540616, 171.7978226092384375, -57.89523812565595051 ) ) ;
#2956 = DIRECTION ( 'NONE',  ( 0.000000000000000000, 0.000000000000000000, 1.000000000000000000 ) ) ;
#2957 = AXIS2_PLACEMENT_3D ( 'NONE', #3251, #4501, #7652 ) ;
#2958 = CARTESIAN_POINT ( 'NONE',  ( 25.11892133753960721, -0.3510020279220636419, -88.89265032020736612 ) ) ;
#2959 = CARTESIAN_POINT ( 'NONE',  ( 131.0315426329228785, 166.7962716482396104, -64.84156959679413035 ) ) ;
#2960 = CARTESIAN_POINT ( 'NONE',  ( 126.8036526049864676, 96.97744318286260068, -29.48528259093755821 ) ) ;
#2961 = FACE_OUTER_BOUND ( 'NONE', #7188, .T. ) ;
#2962 = CARTESIAN_POINT ( 'NONE',  ( 25.50000000000537881, 86.65904580129912915, -79.47923452808011291 ) ) ;
#2963 = CARTESIAN_POINT ( 'NONE',  ( -1.325468561099797826, 164.5966705652418511, -42.75306366492564791 ) ) ;
#2964 = VERTEX_POINT ( 'NONE', #2448 ) ;
#2965 = DIRECTION ( 'NONE',  ( 0.000000000000000000, 0.000000000000000000, 1.000000000000000000 ) ) ;
#2966 = VERTEX_POINT ( 'NONE', #5 ) ;
#2967 = EDGE_CURVE ( 'NONE', #7673, #2865, #3242, .T. ) ;
#2968 = CARTESIAN_POINT ( 'NONE',  ( 19.16351144120532624, 18.96416303665020209, -68.98248997459526777 ) ) ;
#2969 = ORIENTED_EDGE ( 'NONE', *, *, #916, .T. ) ;
#2970 = CARTESIAN_POINT ( 'NONE',  ( 38.50000000000000000, 37.00000000000000000, -40.50000000000000711 ) ) ;
#2971 = CARTESIAN_POINT ( 'NONE',  ( 111.3693664793929656, 122.6691888525421632, -4.336810154429513453 ) ) ;
#2972 = CARTESIAN_POINT ( 'NONE',  ( 38.91510630881376187, 74.29164405482967481, -10.44441727975920742 ) ) ;
#2973 = VECTOR ( 'NONE', #7110, 1000.000000000000000 ) ;
#2974 = CARTESIAN_POINT ( 'NONE',  ( 49.50000000000000000, 57.54318329410943278, -32.95991754977236354 ) ) ;
#2975 = VERTEX_POINT ( 'NONE', #3899 ) ;
#2976 = LINE ( 'NONE', #3022, #3278 ) ;
#2977 = CARTESIAN_POINT ( 'NONE',  ( 12.30106303720035754, 46.74868316657551759, -65.90013932010164410 ) ) ;
#2978 = ORIENTED_EDGE ( 'NONE', *, *, #1343, .T. ) ;
#2979 = CARTESIAN_POINT ( 'NONE',  ( 130.4983009564537895, 122.1841472784633567, -24.66100340338886454 ) ) ;
#2980 = CARTESIAN_POINT ( 'NONE',  ( 30.50000000000000355, 75.53563411247196768, -80.60666987995534782 ) ) ;
#2981 = VECTOR ( 'NONE', #8303, 1000.000000000000000 ) ;
#2982 = CARTESIAN_POINT ( 'NONE',  ( 3.650868767910826485, 189.9900123022235903, -43.74981556936742066 ) ) ;
#2983 = DIRECTION ( 'NONE',  ( 1.000061563267829808E-07, -0.9999999999999948930, 0.000000000000000000 ) ) ;
#2984 = VERTEX_POINT ( 'NONE', #5194 ) ;
#2985 = CIRCLE ( 'NONE', #1904, 1.649999999999998579 ) ;
#2986 = CARTESIAN_POINT ( 'NONE',  ( 54.50000000000000000, 73.34000000000000341, -150.0000000000000000 ) ) ;
#2987 = EDGE_CURVE ( 'NONE', #1144, #1953, #3175, .T. ) ;
#2988 = CARTESIAN_POINT ( 'NONE',  ( 11.76487482008074714, 123.0393005935085426, -89.46267982223869808 ) ) ;
#2989 = CARTESIAN_POINT ( 'NONE',  ( 45.60829923939252240, 1.026156555825384675, -6.172408694358074044 ) ) ;
#2990 = CARTESIAN_POINT ( 'NONE',  ( 14.04846686214548157, 38.81033828647382933, -66.54910315900819739 ) ) ;
#2991 = ORIENTED_EDGE ( 'NONE', *, *, #6066, .T. ) ;
#2992 = EDGE_CURVE ( 'NONE', #3932, #2241, #7699, .T. ) ;
#2993 = CARTESIAN_POINT ( 'NONE',  ( 116.4107256533474839, 122.9882843955876979, -90.06756955741499837 ) ) ;
#2994 = DIRECTION ( 'NONE',  ( 1.000000000000000000, -0.000000000000000000, -0.000000000000000000 ) ) ;
#2995 = VECTOR ( 'NONE', #7366, 1000.000000000000000 ) ;
#2996 = CARTESIAN_POINT ( 'NONE',  ( 126.3824486197969748, 94.31509469012918601, -65.25079374425556011 ) ) ;
#2997 = CARTESIAN_POINT ( 'NONE',  ( 27.95111935623699395, 81.15723085439540796, -84.32436255794938518 ) ) ;
#2998 = CARTESIAN_POINT ( 'NONE',  ( 56.50000000000000711, 39.90000000000001279, -39.24999999999995026 ) ) ;
#2999 = CARTESIAN_POINT ( 'NONE',  ( -2.263960196246428414, 144.6260070097193307, -74.91119107050606374 ) ) ;
#3000 = DIRECTION ( 'NONE',  ( 0.000000000000000000, 0.000000000000000000, -1.000000000000000000 ) ) ;
#3001 = CARTESIAN_POINT ( 'NONE',  ( 26.43151982882283946, -4.225199390758955786, -88.73904543915723764 ) ) ;
#3002 = CARTESIAN_POINT ( 'NONE',  ( 111.3406469766411391, 178.1701173240103060, -78.99667030149777247 ) ) ;
#3003 = CARTESIAN_POINT ( 'NONE',  ( 102.9643485470739961, -6.008346661785169296, -68.80340784073527516 ) ) ;
#3004 = EDGE_CURVE ( 'NONE', #5161, #4667, #6297, .T. ) ;
#3005 = CARTESIAN_POINT ( 'NONE',  ( 18.22976070317977459, 82.52050623351595959, -77.14814581922377101 ) ) ;
#3006 = CARTESIAN_POINT ( 'NONE',  ( 26.68398493593730691, 82.82034909328049821, -81.24181502258460341 ) ) ;
#3007 = CARTESIAN_POINT ( 'NONE',  ( 38.81921060481964503, 13.45125446728652641, -28.92724358297067866 ) ) ;
#3008 = EDGE_LOOP ( 'NONE', ( #3798, #6886, #7273, #2568 ) ) ;
#3009 = AXIS2_PLACEMENT_3D ( 'NONE', #457, #8210, #4189 ) ;
#3010 = CARTESIAN_POINT ( 'NONE',  ( 10.40667791723464575, 55.84000000000003183, -33.00991754977233938 ) ) ;
#3011 = VERTEX_POINT ( 'NONE', #2921 ) ;
#3012 = CARTESIAN_POINT ( 'NONE',  ( 19.33269413405094284, 185.4946035700469906, -27.03995266869426928 ) ) ;
#3013 = B_SPLINE_CURVE_WITH_KNOTS ( 'NONE', 3,
 ( #3208, #7785, #7695, #5908, #1933, #4546, #3817, #5782, #7172, #2487 ),
 .UNSPECIFIED., .F., .F.,
 ( 4, 2, 2, 2, 4 ),
 ( -1.948396119473542088E-05, 0.006085257890219993374, 0.007611443353073662176, 0.009137628815927330977, 0.01218999974163466338 ),
 .UNSPECIFIED. ) ;
#3014 = EDGE_CURVE ( 'NONE', #4136, #2771, #6339, .T. ) ;
#3016 = ADVANCED_FACE ( 'NONE', ( #308 ), #7624, .T. ) ;
#3015 = ORIENTED_EDGE ( 'NONE', *, *, #3968, .T. ) ;
#3017 = DIRECTION ( 'NONE',  ( 1.000000000000000000, 0.000000000000000000, 0.000000000000000000 ) ) ;
#3018 = CARTESIAN_POINT ( 'NONE',  ( 132.2970564348460982, 149.6611638379472708, -74.15153105539464207 ) ) ;
#3019 = CARTESIAN_POINT ( 'NONE',  ( 91.20409755359899862, 10.10883117545687782, -67.71974387893085634 ) ) ;
#3020 = CARTESIAN_POINT ( 'NONE',  ( 45.91809086751633373, 0.000000000000000000, -6.200000000000000178 ) ) ;
#3021 = VERTEX_POINT ( 'NONE', #4253 ) ;
#3022 = CARTESIAN_POINT ( 'NONE',  ( 39.50000000000000711, 20.10000000000000853, -55.74999999999997868 ) ) ;
#3023 = CARTESIAN_POINT ( 'NONE',  ( 54.50000000000000000, 74.26002270254141990, -19.27369306408119343 ) ) ;
#3024 = ORIENTED_EDGE ( 'NONE', *, *, #236, .F. ) ;
#3025 = CARTESIAN_POINT ( 'NONE',  ( 105.0660467763863295, 86.99515310888234865, -10.45168843096240074 ) ) ;
#3026 = CARTESIAN_POINT ( 'NONE',  ( 43.52756296109419765, 10.12078090401720587, -32.81050307552713718 ) ) ;
#3027 = CARTESIAN_POINT ( 'NONE',  ( -0.4058294244479578317, 170.6820880316354589, -35.05792473011119625 ) ) ;
#3028 = CARTESIAN_POINT ( 'NONE',  ( 111.2156502122978594, 123.2000559591661784, -90.85772331675772762 ) ) ;
#3029 = VECTOR ( 'NONE', #2395, 1000.000000000000000 ) ;
#3030 = DIRECTION ( 'NONE',  ( 0.000000000000000000, 0.000000000000000000, -1.000000000000000000 ) ) ;
#3031 = FACE_OUTER_BOUND ( 'NONE', #5548, .T. ) ;
#3032 = CARTESIAN_POINT ( 'NONE',  ( 43.24253757001428511, -1.010518797980951137E-32, -6.322612566290394476 ) ) ;
#3033 = CARTESIAN_POINT ( 'NONE',  ( -0.5194806978500335903, 121.8513775984892220, -90.40319983679103188 ) ) ;
#3034 = ORIENTED_EDGE ( 'NONE', *, *, #4791, .F. ) ;
#3035 = CARTESIAN_POINT ( 'NONE',  ( 150.0000000000000000, 142.5999999999999943, -47.50000000000000000 ) ) ;
#3036 = CARTESIAN_POINT ( 'NONE',  ( -1.214100139397570999, 128.5372300132669636, -22.60063114605655699 ) ) ;
#3037 = EDGE_CURVE ( 'NONE', #5586, #2202, #6231, .T. ) ;
#3038 = CARTESIAN_POINT ( 'NONE',  ( 105.4015702015692568, 1.191769871044261020, -68.87312797429362377 ) ) ;
#3039 = FACE_OUTER_BOUND ( 'NONE', #1121, .T. ) ;
#3040 = FACE_OUTER_BOUND ( 'NONE', #4111, .T. ) ;
#3041 = CARTESIAN_POINT ( 'NONE',  ( -1.301698978638225812, 164.7943408158038210, -66.70461960990353134 ) ) ;
#3042 = LINE ( 'NONE', #8260, #2686 ) ;
#3043 = CARTESIAN_POINT ( 'NONE',  ( 44.01504883846020988, 6.255821205373884197, -88.88095628496299128 ) ) ;
#3044 = CARTESIAN_POINT ( 'NONE',  ( 131.1593695843624232, 165.8810789239886105, -65.73491438506319184 ) ) ;
#3045 = CARTESIAN_POINT ( 'NONE',  ( 22.12487119734434771, 8.870645799884469440, -59.54937286245124994 ) ) ;
#3046 = DIRECTION ( 'NONE',  ( 1.000000000000000000, -0.000000000000000000, -0.000000000000000000 ) ) ;
#3047 = CARTESIAN_POINT ( 'NONE',  ( 0.4754902311941557880, 175.0697905370687124, -75.50843114384169041 ) ) ;
#3048 = CARTESIAN_POINT ( 'NONE',  ( 53.00000000000000711, 20.10000000000000853, -34.59999999999996589 ) ) ;
#3049 = ORIENTED_EDGE ( 'NONE', *, *, #916, .F. ) ;
#3050 = CARTESIAN_POINT ( 'NONE',  ( 10.18005350794676467, 57.63952537855887215, -27.60177732346335944 ) ) ;
#3051 = EDGE_LOOP ( 'NONE', ( #3469, #7001, #3315, #3330 ) ) ;
#3052 = CARTESIAN_POINT ( 'NONE',  ( 34.50000000000000000, 78.34000000000000341, -10.50991754977234827 ) ) ;
#3053 = EDGE_CURVE ( 'NONE', #7393, #1164, #8109, .T. ) ;
#3054 = EDGE_CURVE ( 'NONE', #1459, #3755, #4985, .T. ) ;
#3055 = ORIENTED_EDGE ( 'NONE', *, *, #5101, .T. ) ;
#3056 = FACE_OUTER_BOUND ( 'NONE', #7820, .T. ) ;
#3057 = CARTESIAN_POINT ( 'NONE',  ( 131.1143822423995573, 166.2094253234904500, -65.42269992062097117 ) ) ;
#3058 = CARTESIAN_POINT ( 'NONE',  ( 87.60409755359897588, 12.30000000000000071, -29.38908729652602148 ) ) ;
#3059 = DIRECTION ( 'NONE',  ( -0.3648925044717017396, 0.000000000000000000, 0.9310496550562536999 ) ) ;
#3060 = ORIENTED_EDGE ( 'NONE', *, *, #4142, .T. ) ;
#3061 = PLANE ( 'NONE',  #5198 ) ;
#3062 = EDGE_CURVE ( 'NONE', #1772, #4953, #4745, .T. ) ;
#3063 = CARTESIAN_POINT ( 'NONE',  ( 23.35956379508573377, 4.946282029373522349, -68.81659369675776361 ) ) ;
#3064 = ORIENTED_EDGE ( 'NONE', *, *, #854, .T. ) ;
#3065 = CARTESIAN_POINT ( 'NONE',  ( 107.6960259937183082, 101.5367994990924387, -9.157046878851051730 ) ) ;
#3066 = CARTESIAN_POINT ( 'NONE',  ( 42.39589333293313445, 3.700000000000000178, -29.38908729652599305 ) ) ;
#3067 = ADVANCED_FACE ( 'NONE', ( #5582, #8187 ), #6172, .T. ) ;
#3068 = CARTESIAN_POINT ( 'NONE',  ( -2.109870021162425946, 140.3058349432203897, -20.02697811640759085 ) ) ;
#3069 = FACE_OUTER_BOUND ( 'NONE', #2085, .T. ) ;
#3070 = ADVANCED_FACE ( 'NONE', ( #6935 ), #1678, .F. ) ;
#3071 =( BOUNDED_CURVE ( )  B_SPLINE_CURVE ( 3, ( #1605, #6218, #3019, #1128 ),
 .UNSPECIFIED., .F., .F. ) 
 B_SPLINE_CURVE_WITH_KNOTS ( ( 4, 4 ),
 ( 3.141592653589793116, 4.712388980384693227 ),
 .UNSPECIFIED. ) 
 CURVE ( )  GEOMETRIC_REPRESENTATION_ITEM ( )  RATIONAL_B_SPLINE_CURVE ( ( 1.000000000000000000, 0.8047378541243641603, 0.8047378541243641603, 1.000000000000000000 ) ) 
 REPRESENTATION_ITEM ( '' )  );
#3072 = DIRECTION ( 'NONE',  ( -1.000000000000000000, -0.000000000000000000, -0.000000000000000000 ) ) ;
#3073 = EDGE_LOOP ( 'NONE', ( #7988, #491, #4772, #4478 ) ) ;
#3074 = AXIS2_PLACEMENT_3D ( 'NONE', #559, #5193, #5143 ) ;
#3075 = CARTESIAN_POINT ( 'NONE',  ( 0.7605286212967169446, 125.7696275254479303, -79.74180565934962317 ) ) ;
#3076 = CARTESIAN_POINT ( 'NONE',  ( 12.30106303720035754, 46.74868316657551759, -29.09986067989843761 ) ) ;
#3077 = CARTESIAN_POINT ( 'NONE',  ( -1.230611131902113131, 128.6974289790145178, -72.28391817385499962 ) ) ;
#3078 = ORIENTED_EDGE ( 'NONE', *, *, #3442, .T. ) ;
#3079 = VECTOR ( 'NONE', #4951, 1000.000000000000000 ) ;
#3080 = CIRCLE ( 'NONE', #7855, 1.649999999999998579 ) ;
#3081 = CYLINDRICAL_SURFACE ( 'NONE', #5678, 2.100000000000001421 ) ;
#3082 = CARTESIAN_POINT ( 'NONE',  ( 95.45183214535305183, 40.85256912227291792, -8.143405888154566341 ) ) ;
#3083 = LINE ( 'NONE', #6324, #2689 ) ;
#3084 = CARTESIAN_POINT ( 'NONE',  ( 107.5906133725842153, 7.909735478231764816, -88.96245760422966953 ) ) ;
#3085 = CARTESIAN_POINT ( 'NONE',  ( 26.24572466674419147, 83.74110879935203400, -82.27779034062842811 ) ) ;
#3086 = CARTESIAN_POINT ( 'NONE',  ( 3.999993573604729846, 142.5999938996241383, -47.50000000000000000 ) ) ;
#3087 = CARTESIAN_POINT ( 'NONE',  ( -1.116181962921078741, 166.1964563099433576, -65.43516566463917172 ) ) ;
#3088 = CARTESIAN_POINT ( 'NONE',  ( 49.50000000000000000, 73.34000000000001762, -74.64834724391587883 ) ) ;
#3089 = CARTESIAN_POINT ( 'NONE',  ( 110.1381652477425632, 190.1006364340995560, -45.49130431790638340 ) ) ;
#3090 = CARTESIAN_POINT ( 'NONE',  ( 31.91503778354351439, 78.71921289327407578, -84.48769671088885502 ) ) ;
#3091 = DIRECTION ( 'NONE',  ( -1.000000000000000000, -0.000000000000000000, -0.000000000000000000 ) ) ;
#3092 = CARTESIAN_POINT ( 'NONE',  ( 31.21087351322454850, 78.95432700803129933, -84.48650231316884174 ) ) ;
#3093 = AXIS2_PLACEMENT_3D ( 'NONE', #3299, #5319, #5951 ) ;
#3094 = CARTESIAN_POINT ( 'NONE',  ( 38.89794191042854976, 12.01922212282815572, -30.27628901796987648 ) ) ;
#3095 = VERTEX_POINT ( 'NONE', #3701 ) ;
#3096 = CARTESIAN_POINT ( 'NONE',  ( 110.6334200321362147, 185.8082628126154816, -27.75458063394708574 ) ) ;
#3097 = ORIENTED_EDGE ( 'NONE', *, *, #6765, .T. ) ;
#3098 = CIRCLE ( 'NONE', #217, 2.099999999999994316 ) ;
#3099 = CARTESIAN_POINT ( 'NONE',  ( 18.64285246007159103, 20.95224704225448420, -69.39420033714590375 ) ) ;
#3100 = VERTEX_POINT ( 'NONE', #6978 ) ;
#3101 = B_SPLINE_CURVE_WITH_KNOTS ( 'NONE', 3,
 ( #1243, #5699, #3210, #597, #5060, #5103, #4505, #4418, #1838, #1283, #5826, #4547, #1887, #2574, #2531, #6966, #3731, #8346, #4462, #7007, #8304, #6375, #7786, #3174, #7655, #1109, #1152, #2446, #7054, #1199, #3776, #6328, #3858, #3818 ),
 .UNSPECIFIED., .F., .F.,
 ( 4, 2, 2, 2, 2, 2, 2, 2, 2, 2, 2, 2, 2, 2, 2, 2, 4 ),
 ( 0.01578364794625368092, 0.01603186933491427407, 0.01628009072357486375, 0.01677653350089605699, 0.01776941905553842266, 0.01876230461018078832, 0.01975519016482315399, 0.02174096127410787144, 0.02372673238339258889, 0.02571250349267730634, 0.02670538904731966506, 0.02769827460196202379, 0.02869116015660438598, 0.02918760293392557922, 0.02968404571124677246, 0.03067693126588917629, 0.03166981682053157665 ),
 .UNSPECIFIED. ) ;
#3102 = DIRECTION ( 'NONE',  ( 0.000000000000000000, 0.000000000000000000, 1.000000000000000000 ) ) ;
#3103 = CARTESIAN_POINT ( 'NONE',  ( 130.4794518018993585, 170.2570391532930216, -34.42986690003136374 ) ) ;
#3104 = VECTOR ( 'NONE', #2071, 1000.000000000000000 ) ;
#3105 = AXIS2_PLACEMENT_3D ( 'NONE', #4213, #2328, #7532 ) ;
#3106 = EDGE_CURVE ( 'NONE', #6189, #537, #1892, .T. ) ;
#3107 = LINE ( 'NONE', #5718, #1709 ) ;
#3108 = EDGE_CURVE ( 'NONE', #3249, #3100, #1325, .T. ) ;
#3109 = CARTESIAN_POINT ( 'NONE',  ( 49.50000000000000000, 39.90000000000001279, -37.59999999999995879 ) ) ;
#3110 = ORIENTED_EDGE ( 'NONE', *, *, #2001, .F. ) ;
#3111 = ORIENTED_EDGE ( 'NONE', *, *, #1123, .T. ) ;
#3112 = DIRECTION ( 'NONE',  ( -1.000000000000000000, 0.000000000000000000, -0.000000000000000000 ) ) ;
#3113 = CARTESIAN_POINT ( 'NONE',  ( 132.1510904563582471, 141.1114600654287585, -70.00000000000001421 ) ) ;
#3114 = EDGE_LOOP ( 'NONE', ( #6059, #149 ) ) ;
#3115 = CARTESIAN_POINT ( 'NONE',  ( 124.7982757189709986, 84.45599732000604831, -30.44519299918733779 ) ) ;
#3116 = CARTESIAN_POINT ( 'NONE',  ( 34.50000000000000000, 78.34000000000000341, -10.53763045551495914 ) ) ;
#3117 = CARTESIAN_POINT ( 'NONE',  ( -1.846394191604157520, 159.5634757814499096, -24.65351652918751313 ) ) ;
#3118 = CARTESIAN_POINT ( 'NONE',  ( 104.9999999999999858, 0.000000000000000000, -150.0000000000000000 ) ) ;
#3119 = LINE ( 'NONE', #7040, #4464 ) ;
#3120 = ORIENTED_EDGE ( 'NONE', *, *, #7091, .T. ) ;
#3121 = CARTESIAN_POINT ( 'NONE',  ( 13.58941224047564056, 122.9882825738762904, -90.06760803279534855 ) ) ;
#3122 = CARTESIAN_POINT ( 'NONE',  ( 45.91401579610236183, 0.01202776860569581066, -6.199647287281212726 ) ) ;
#3123 = CARTESIAN_POINT ( 'NONE',  ( -1.098236100600810561, 127.4225482726527616, -71.88620914351147917 ) ) ;
#3124 = ORIENTED_EDGE ( 'NONE', *, *, #6461, .F. ) ;
#3125 = EDGE_CURVE ( 'NONE', #7041, #5841, #913, .T. ) ;
#3126 = CARTESIAN_POINT ( 'NONE',  ( 18.23456650337676521, 130.2647475294224364, -93.41466114465413284 ) ) ;
#3127 =( BOUNDED_CURVE ( )  B_SPLINE_CURVE ( 3, ( #5695, #1664, #466, #1065 ),
 .UNSPECIFIED., .F., .F. ) 
 B_SPLINE_CURVE_WITH_KNOTS ( ( 4, 4 ),
 ( 1.544617434529304667, 1.570796326794896558 ),
 .UNSPECIFIED. ) 
 CURVE ( )  GEOMETRIC_REPRESENTATION_ITEM ( )  RATIONAL_B_SPLINE_CURVE ( ( 1.000000000000000000, 0.9999428896153964574, 0.9999428896153964574, 1.000000000000000000 ) ) 
 REPRESENTATION_ITEM ( '' )  );
#3128 = CARTESIAN_POINT ( 'NONE',  ( 11.21374335759483643, 51.88189759594083483, -38.33408979494658553 ) ) ;
#3129 = CARTESIAN_POINT ( 'NONE',  ( 45.10604377110745844, 74.89888526576481809, -80.37244014864776886 ) ) ;
#3130 = CARTESIAN_POINT ( 'NONE',  ( 85.64241727957524120, 5.138722583081565709, -88.88216331997018926 ) ) ;
#3131 = CIRCLE ( 'NONE', #7901, 1.649999999999991696 ) ;
#3132 = CARTESIAN_POINT ( 'NONE',  ( 1.393895533396504849, 108.5928071895841782, -27.80699523613989044 ) ) ;
#3133 = CARTESIAN_POINT ( 'NONE',  ( 104.5000000000000142, 87.34000000000000341, -10.37066246678169890 ) ) ;
#3134 = CARTESIAN_POINT ( 'NONE',  ( 132.0766631831553468, 156.3308759153892993, -29.61417189020921015 ) ) ;
#3135 = CARTESIAN_POINT ( 'NONE',  ( 130.5216652246418505, 122.3662969654125163, -70.38803677369843115 ) ) ;
#3136 = CARTESIAN_POINT ( 'NONE',  ( 129.7352771477811473, 174.0984611817225414, -50.45022057474298549 ) ) ;
#3137 = DIRECTION ( 'NONE',  ( -1.000000000000000000, -0.000000000000000000, 0.000000000000000000 ) ) ;
#3138 = CARTESIAN_POINT ( 'NONE',  ( 108.5232609310961465, 10.98429668998706354, -68.59520939346104740 ) ) ;
#3139 = CARTESIAN_POINT ( 'NONE',  ( 29.58053909476140220, 79.80130141793573273, -84.48459095294833787 ) ) ;
#3140 = CARTESIAN_POINT ( 'NONE',  ( 42.39589333293313445, 20.06929233276896340, -25.78908729652599163 ) ) ;
#3141 = ORIENTED_EDGE ( 'NONE', *, *, #3771, .F. ) ;
#3142 = EDGE_CURVE ( 'NONE', #2147, #7089, #3425, .T. ) ;
#3143 = CARTESIAN_POINT ( 'NONE',  ( 112.1943943275021240, 161.2003519772582365, -3.786541794286780949 ) ) ;
#3144 = ORIENTED_EDGE ( 'NONE', *, *, #2476, .T. ) ;
#3145 = AXIS2_PLACEMENT_3D ( 'NONE', #724, #5949, #2209 ) ;
#3146 = CARTESIAN_POINT ( 'NONE',  ( 49.47609976118908293, 78.34000000000001762, -77.73530902913927321 ) ) ;
#3147 = ORIENTED_EDGE ( 'NONE', *, *, #8245, .T. ) ;
#3148 = CARTESIAN_POINT ( 'NONE',  ( 34.50000000000000000, 74.26002270254141990, -19.27369306408119698 ) ) ;
#3149 = CARTESIAN_POINT ( 'NONE',  ( 132.2614644055655333, 144.6705223431003162, -20.10914392378915849 ) ) ;
#3150 = CARTESIAN_POINT ( 'NONE',  ( 49.50000000000000000, 37.00000000000000000, -54.50000000000000711 ) ) ;
#3151 = AXIS2_PLACEMENT_3D ( 'NONE', #8292, #2433, #933 ) ;
#3152 = CARTESIAN_POINT ( 'NONE',  ( 44.94119008873855137, 3.228889833306846313, -6.126874677285678139 ) ) ;
#3153 = ORIENTED_EDGE ( 'NONE', *, *, #739, .F. ) ;
#3154 = ORIENTED_EDGE ( 'NONE', *, *, #4779, .F. ) ;
#3155 = VERTEX_POINT ( 'NONE', #654 ) ;
#3156 = DIRECTION ( 'NONE',  ( -0.000000000000000000, 1.000000000000000000, -0.000000000000000000 ) ) ;
#3157 = CARTESIAN_POINT ( 'NONE',  ( 19.03644397512069375, 190.0779478523784860, -48.96395542466861173 ) ) ;
#3158 = EDGE_CURVE ( 'NONE', #5852, #4116, #1450, .T. ) ;
#3159 = CARTESIAN_POINT ( 'NONE',  ( 111.3661632471911673, 124.6614717434960085, -3.649759113935062693 ) ) ;
#3160 = DIRECTION ( 'NONE',  ( 0.000000000000000000, 0.000000000000000000, 1.000000000000000000 ) ) ;
#3161 = EDGE_CURVE ( 'NONE', #6460, #7980, #5155, .T. ) ;
#3162 = CARTESIAN_POINT ( 'NONE',  ( 17.99148755746757189, 136.2262913837437566, -0.3860906885700295943 ) ) ;
#3163 = DIRECTION ( 'NONE',  ( 0.000000000000000000, 0.000000000000000000, -1.000000000000000000 ) ) ;
#3164 = CARTESIAN_POINT ( 'NONE',  ( 44.38620291942317664, 10.37915802468850934, -62.60700746633676772 ) ) ;
#3165 = ORIENTED_EDGE ( 'NONE', *, *, #6719, .F. ) ;
#3166 = CARTESIAN_POINT ( 'NONE',  ( 24.99999999999996447, 0.000000000000000000, -25.44465237561518123 ) ) ;
#3167 = CARTESIAN_POINT ( 'NONE',  ( 36.17114800048027945, 69.55487946742620409, -10.28312479016499026 ) ) ;
#3168 = EDGE_LOOP ( 'NONE', ( #3222, #8253, #21, #2620, #353 ) ) ;
#3169 = CARTESIAN_POINT ( 'NONE',  ( -2.073380422296168479, 139.3355531693499643, -94.94656829859010827 ) ) ;
#3170 = LINE ( 'NONE', #7331, #6705 ) ;
#3171 = DIRECTION ( 'NONE',  ( 0.000000000000000000, 0.000000000000000000, -1.000000000000000000 ) ) ;
#3172 = CARTESIAN_POINT ( 'NONE',  ( 103.0923320350582060, -5.630595764553570248, -68.81436604787417366 ) ) ;
#3173 = CARTESIAN_POINT ( 'NONE',  ( 84.00409755359896735, 8.000000000000000000, -29.38908729652600016 ) ) ;
#3174 = CARTESIAN_POINT ( 'NONE',  ( 39.44385178595442909, 11.02073776897979585, -63.53249580322181345 ) ) ;
#3175 = LINE ( 'NONE', #8385, #641 ) ;
#3176 = CARTESIAN_POINT ( 'NONE',  ( 120.1333831989305878, 58.38840036429937186, -65.03498169182159927 ) ) ;
#3177 = CARTESIAN_POINT ( 'NONE',  ( 132.2684484850491344, 144.7347868275067810, -94.96782603141814150 ) ) ;
#3178 = FACE_OUTER_BOUND ( 'NONE', #6674, .T. ) ;
#3179 = CARTESIAN_POINT ( 'NONE',  ( 28.70677343419978200, 80.44308117011794934, -84.48533058959954190 ) ) ;
#3180 = DIRECTION ( 'NONE',  ( 0.000000000000000000, 0.000000000000000000, 1.000000000000000000 ) ) ;
#3181 = ORIENTED_EDGE ( 'NONE', *, *, #2497, .T. ) ;
#3182 = ORIENTED_EDGE ( 'NONE', *, *, #3698, .T. ) ;
#3183 = LINE ( 'NONE', #3789, #7883 ) ;
#3184 = ORIENTED_EDGE ( 'NONE', *, *, #4779, .T. ) ;
#3185 = DIRECTION ( 'NONE',  ( -1.000000000000000000, -0.000000000000000000, -0.000000000000000000 ) ) ;
#3186 = CARTESIAN_POINT ( 'NONE',  ( 131.2391470283740205, 165.2813947995273338, -66.28130389673303569 ) ) ;
#3187 = CARTESIAN_POINT ( 'NONE',  ( 10.85786622947484936, 53.56536627168010511, -65.37485933421086770 ) ) ;
#3188 = B_SPLINE_SURFACE_WITH_KNOTS ( 'NONE', 3, 1, ( 
 ( #7487, #6249 ),
 ( #3604, #3005 ),
 ( #5620, #2363 ),
 ( #1077, #3696 ) ),
 .UNSPECIFIED., .F., .F., .F.,
 ( 4, 4 ),
 ( 2, 2 ),
 ( 0.000000000000000000, 1.000000000000000000 ),
 ( 0.000000000000000000, 1.000000000000000000 ),
 .UNSPECIFIED. ) ;
#3189 = CYLINDRICAL_SURFACE ( 'NONE', #7075, 3.599999999999999201 ) ;
#3190 = EDGE_LOOP ( 'NONE', ( #2892, #2542 ) ) ;
#3191 = ORIENTED_EDGE ( 'NONE', *, *, #8114, .F. ) ;
#3192 = ORIENTED_EDGE ( 'NONE', *, *, #2476, .F. ) ;
#3193 = PLANE ( 'NONE',  #2733 ) ;
#3194 = CARTESIAN_POINT ( 'NONE',  ( 30.49999999999998934, 74.00484741244082443, -85.36657450914781009 ) ) ;
#3195 = CARTESIAN_POINT ( 'NONE',  ( 40.60902127746392409, -0.000000000000000000, -88.15934944758110703 ) ) ;
#3196 = CYLINDRICAL_SURFACE ( 'NONE', #3619, 4.149999999999994138 ) ;
#3197 = CARTESIAN_POINT ( 'NONE',  ( -2.077665179715758814, 139.6482328631798282, -20.06227489398570896 ) ) ;
#3198 = CARTESIAN_POINT ( 'NONE',  ( 22.06558530391815864, 102.8662667587218351, -86.01131404638685751 ) ) ;
#3199 = DIRECTION ( 'NONE',  ( 0.000000000000000000, 0.000000000000000000, 1.000000000000000000 ) ) ;
#3200 = ORIENTED_EDGE ( 'NONE', *, *, #7225, .F. ) ;
#3201 = CARTESIAN_POINT ( 'NONE',  ( 84.10732344974650232, 0.08425354114562180752, -6.197547291380235635 ) ) ;
#3202 = CARTESIAN_POINT ( 'NONE',  ( 18.73712395143278542, 123.6496860588440967, -91.00925495214531225 ) ) ;
#3203 = ORIENTED_EDGE ( 'NONE', *, *, #5558, .T. ) ;
#3204 = CARTESIAN_POINT ( 'NONE',  ( -2.315510928362991550, 151.2644262734299048, -94.21596880140148755 ) ) ;
#3205 = CYLINDRICAL_SURFACE ( 'NONE', #7454, 2.999999999999995559 ) ;
#3206 = CARTESIAN_POINT ( 'NONE',  ( 103.6752594685847129, -3.910050680935362788, -68.85506022988653285 ) ) ;
#3207 = EDGE_CURVE ( 'NONE', #6997, #3607, #5156, .T. ) ;
#3208 = CARTESIAN_POINT ( 'NONE',  ( 25.50000000000000355, 87.34000000000000341, -11.73825318034430865 ) ) ;
#3209 = B_SPLINE_CURVE_WITH_KNOTS ( 'NONE', 3,
 ( #5399, #5485, #4765, #2231, #1540, #4157, #818, #7481, #6755, #901, #178, #858, #6163, #3441, #2873, #3480, #6080, #944, #344, #2911, #987, #5573, #3522, #2276, #6123, #4848, #7439, #3600, #1586, #4202, #4890, #1630, #2105, #4720, #5615, #3733, #8222, #6288 ),
 .UNSPECIFIED., .F., .F.,
 ( 4, 2, 2, 2, 2, 2, 2, 2, 2, 2, 2, 2, 2, 2, 2, 2, 2, 2, 4 ),
 ( 0.09640964344068730929, 0.09871730869106906670, 0.1010249739414508102, 0.1056403044422143112, 0.1148709654437412714, 0.1171786306941230010, 0.1194862959445047168, 0.1241016264452682039, 0.1287169569460316909, 0.1310246221964133928, 0.1333322874467950947, 0.1425629484483220411, 0.1471782789490854726, 0.1494859441994672300, 0.1517936094498489874, 0.1610242704513760725, 0.1633319357017579132, 0.1656396009521397261, 0.1702549314529034352 ),
 .UNSPECIFIED. ) ;
#3210 = CARTESIAN_POINT ( 'NONE',  ( 42.22908071498082450, 20.05414114371927070, -69.20791123666018052 ) ) ;
#3211 = CARTESIAN_POINT ( 'NONE',  ( 132.0052832596493033, 157.4635413099305481, -30.54486673394314877 ) ) ;
#3212 = CARTESIAN_POINT ( 'NONE',  ( 85.43003458924137306, 0.000000000000000000, -88.79999999999998295 ) ) ;
#3213 = VECTOR ( 'NONE', #5979, 1000.000000000000000 ) ;
#3214 = CARTESIAN_POINT ( 'NONE',  ( 0.4200916083240514021, 115.2342806979763878, -26.43411460143544289 ) ) ;
#3215 = ORIENTED_EDGE ( 'NONE', *, *, #1997, .F. ) ;
#3216 = CARTESIAN_POINT ( 'NONE',  ( 111.9164125692532537, 169.0822280847134493, -86.98460863989360803 ) ) ;
#3217 = CYLINDRICAL_SURFACE ( 'NONE', #5592, 15.00000000000000000 ) ;
#3218 = CARTESIAN_POINT ( 'NONE',  ( 25.50000000000000711, 123.2000559591661784, -4.142276683242275936 ) ) ;
#3219 = CIRCLE ( 'NONE', #623, 22.50000000000000711 ) ;
#3220 = CARTESIAN_POINT ( 'NONE',  ( -1.850161945947399245, 159.5534480183846426, -32.63444378544257063 ) ) ;
#3221 = CARTESIAN_POINT ( 'NONE',  ( 112.2727909852735166, 157.6439982156423127, -2.340721115409549746 ) ) ;
#3222 = ORIENTED_EDGE ( 'NONE', *, *, #2943, .F. ) ;
#3223 = CARTESIAN_POINT ( 'NONE',  ( 17.72787930108140131, 156.8881797214109781, -2.193409049509693176 ) ) ;
#3224 = ORIENTED_EDGE ( 'NONE', *, *, #8167, .T. ) ;
#3225 = LINE ( 'NONE', #5527, #4725 ) ;
#3226 = VECTOR ( 'NONE', #8115, 1000.000000000000000 ) ;
#3227 = CARTESIAN_POINT ( 'NONE',  ( 130.3656404171476026, 170.8952440055192881, -59.54949192350595411 ) ) ;
#3228 = CARTESIAN_POINT ( 'NONE',  ( 11.56412104924254081, 50.15263142904684202, -65.62826175897880887 ) ) ;
#3229 = B_SPLINE_CURVE_WITH_KNOTS ( 'NONE', 3,
 ( #1568, #2129, #7254, #6782, #7296, #1404, #5428, #8112, #3381 ),
 .UNSPECIFIED., .F., .F.,
 ( 4, 2, 1, 2, 4 ),
 ( 0.08980305935514604210, 0.09555253155454844494, 0.09842726765424963942, 0.09986463570410022972, 0.1013020037539508200 ),
 .UNSPECIFIED. ) ;
#3230 = EDGE_CURVE ( 'NONE', #3289, #5379, #5704, .T. ) ;
#3231 = CARTESIAN_POINT ( 'NONE',  ( 118.8103372291973727, 52.00000000000000711, -65.61091270347398563 ) ) ;
#3232 = VECTOR ( 'NONE', #990, 1000.000000000000000 ) ;
#3233 = ORIENTED_EDGE ( 'NONE', *, *, #4049, .T. ) ;
#3234 = ORIENTED_EDGE ( 'NONE', *, *, #2749, .T. ) ;
#3235 = ORIENTED_EDGE ( 'NONE', *, *, #7924, .F. ) ;
#3236 = CARTESIAN_POINT ( 'NONE',  ( -1.768302744717398900, 160.4847977638209215, -61.23073594320332091 ) ) ;
#3237 = AXIS2_PLACEMENT_3D ( 'NONE', #1309, #8281, #2424 ) ;
#3238 = CARTESIAN_POINT ( 'NONE',  ( 105.5000009628523401, 190.1000000000000227, -47.49999999999948841 ) ) ;
#3239 = CARTESIAN_POINT ( 'NONE',  ( 131.1030494851154629, 127.4679927711123923, -23.09959711622065726 ) ) ;
#3240 = VECTOR ( 'NONE', #4352, 999.9999999999998863 ) ;
#3241 = CARTESIAN_POINT ( 'NONE',  ( 49.34118389817443529, 45.31485626263048516, -66.99064764657109095 ) ) ;
#3242 = CIRCLE ( 'NONE', #2419, 1.649999999999998579 ) ;
#3243 = CARTESIAN_POINT ( 'NONE',  ( -2.008079893936977722, 138.2456931369333404, -0.1770914321228732324 ) ) ;
#3244 = CARTESIAN_POINT ( 'NONE',  ( 3.999995273709394894, 125.5999938996241951, -47.50000000000001421 ) ) ;
#3245 = CARTESIAN_POINT ( 'NONE',  ( 45.99824092228671191, 12.71023664581319856, -65.41917217467084811 ) ) ;
#3246 = ORIENTED_EDGE ( 'NONE', *, *, #1924, .T. ) ;
#3247 = CARTESIAN_POINT ( 'NONE',  ( 102.8790222702516530, -6.260192256359377261, -26.20397749791777287 ) ) ;
#3248 = CARTESIAN_POINT ( 'NONE',  ( -1.100554996767468152, 127.4444541925770267, -23.10694825725447288 ) ) ;
#3249 = VERTEX_POINT ( 'NONE', #4092 ) ;
#3250 = CARTESIAN_POINT ( 'NONE',  ( 18.06938957451050598, 134.2088023365360812, -94.26395084568525817 ) ) ;
#3251 = CARTESIAN_POINT ( 'NONE',  ( 87.60409755359897588, 3.700000000000000178, -29.38908729652602148 ) ) ;
#3252 = CARTESIAN_POINT ( 'NONE',  ( 102.9927896341001485, -5.924401097309680786, -68.80586953327798483 ) ) ;
#3253 = AXIS2_PLACEMENT_3D ( 'NONE', #5342, #2640, #712 ) ;
#3254 = FACE_OUTER_BOUND ( 'NONE', #6003, .T. ) ;
#3255 = EDGE_CURVE ( 'NONE', #655, #7412, #5896, .T. ) ;
#3256 = DIRECTION ( 'NONE',  ( 0.000000000000000000, -1.000000000000000000, 0.000000000000000000 ) ) ;
#3257 = CARTESIAN_POINT ( 'NONE',  ( 131.7673255708431270, 160.4675443132595376, -61.17981354965575491 ) ) ;
#3258 = DIRECTION ( 'NONE',  ( 0.000000000000000000, 0.000000000000000000, -1.000000000000000000 ) ) ;
#3259 = CARTESIAN_POINT ( 'NONE',  ( 23.59225585292064764, 94.37781210012173005, -9.942477936367938085 ) ) ;
#3260 = EDGE_CURVE ( 'NONE', #7045, #571, #5857, .T. ) ;
#3261 = ORIENTED_EDGE ( 'NONE', *, *, #2556, .T. ) ;
#3262 = CARTESIAN_POINT ( 'NONE',  ( 132.0721564836905202, 139.3150581186211809, -94.94427957334470136 ) ) ;
#3263 = DIRECTION ( 'NONE',  ( 1.000000000000000000, -0.000000000000000000, -0.000000000000000000 ) ) ;
#3264 = CARTESIAN_POINT ( 'NONE',  ( 111.3971508091171785, 123.1921976565164840, -4.145793650485553705 ) ) ;
#3265 = CARTESIAN_POINT ( 'NONE',  ( -1.340497384412509430, 129.8077482445742703, -28.98667296353410450 ) ) ;
#3266 = DIRECTION ( 'NONE',  ( -1.000000000000000000, 0.000000000000000000, 0.000000000000000000 ) ) ;
#3267 = ORIENTED_EDGE ( 'NONE', *, *, #1958, .T. ) ;
#3268 = CARTESIAN_POINT ( 'NONE',  ( 47.96699626645065706, 74.45382700340810800, -78.82815073528381333 ) ) ;
#3269 = AXIS2_PLACEMENT_3D ( 'NONE', #1033, #4939, #7527 ) ;
#3270 = EDGE_LOOP ( 'NONE', ( #7637, #1984 ) ) ;
#3271 = ADVANCED_FACE ( 'NONE', ( #4696 ), #2042, .F. ) ;
#3272 = CARTESIAN_POINT ( 'NONE',  ( 49.50000000000000000, 26.33054957704617394, 15.20194988621845589 ) ) ;
#3273 = TOROIDAL_SURFACE ( 'NONE', #8043, 6.600000000000001421, 3.000000000000000000 ) ;
#3274 = PLANE ( 'NONE',  #7033 ) ;
#3275 = DIRECTION ( 'NONE',  ( 0.000000000000000000, 0.000000000000000000, 1.000000000000000000 ) ) ;
#3276 = ORIENTED_EDGE ( 'NONE', *, *, #5654, .T. ) ;
#3277 = ORIENTED_EDGE ( 'NONE', *, *, #3947, .F. ) ;
#3278 = VECTOR ( 'NONE', #1131, 1000.000000000000000 ) ;
#3279 = ORIENTED_EDGE ( 'NONE', *, *, #5729, .F. ) ;
#3280 = CYLINDRICAL_SURFACE ( 'NONE', #4231, 1.649999999999998579 ) ;
#3281 = EDGE_CURVE ( 'NONE', #5636, #1905, #6527, .T. ) ;
#3282 = CARTESIAN_POINT ( 'NONE',  ( 131.7614656307320047, 134.6634867960833901, -68.56667200213939850 ) ) ;
#3283 = ADVANCED_FACE ( 'NONE', ( #7203, #7811 ), #3285, .T. ) ;
#3284 = CARTESIAN_POINT ( 'NONE',  ( 130.6106207490087456, 122.5719647644113621, -4.353952204920735092 ) ) ;
#3285 = PLANE ( 'NONE',  #2673 ) ;
#3286 = CARTESIAN_POINT ( 'NONE',  ( -0.6952048746479575492, 122.9539319557947294, -4.169509569758269585 ) ) ;
#3287 = CARTESIAN_POINT ( 'NONE',  ( 23.44746329379572813, 95.17166054187003965, -85.10960995309031318 ) ) ;
#3288 = CARTESIAN_POINT ( 'NONE',  ( 87.60409755359897588, 75.34000000000000341, -29.38908729652600016 ) ) ;
#3289 = VERTEX_POINT ( 'NONE', #6570 ) ;
#3290 = DIRECTION ( 'NONE',  ( -1.000000000000000000, 0.000000000000000000, 0.000000000000000000 ) ) ;
#3291 = CARTESIAN_POINT ( 'NONE',  ( 32.58897708143736338, -0.000000000000000000, -10.76405410723986655 ) ) ;
#3292 = CARTESIAN_POINT ( 'NONE',  ( 104.5000000000000284, 123.2000559591661784, -4.142276683242275936 ) ) ;
#3293 = CARTESIAN_POINT ( 'NONE',  ( 3.167839441115487986, 188.5386199434821322, -59.64983172237357678 ) ) ;
#3294 = CARTESIAN_POINT ( 'NONE',  ( 86.54019771017958362, 8.063386798787647081, -88.87419930726925088 ) ) ;
#3295 = FACE_OUTER_BOUND ( 'NONE', #6945, .T. ) ;
#3296 = CARTESIAN_POINT ( 'NONE',  ( 19.63686426978558330, 188.2318468177868169, -60.77957006062260348 ) ) ;
#3297 = DIRECTION ( 'NONE',  ( 0.000000000000000000, 0.000000000000000000, 1.000000000000000000 ) ) ;
#3298 = CARTESIAN_POINT ( 'NONE',  ( 132.2019909804856752, 142.5999999999999943, -70.00000000000001421 ) ) ;
#3299 = CARTESIAN_POINT ( 'NONE',  ( 87.60409755359897588, 0.000000000000000000, -65.61091270347401405 ) ) ;
#3300 = CARTESIAN_POINT ( 'NONE',  ( 1.236303847712204140, 109.6387416522997285, -27.60901905893364372 ) ) ;
#3301 = EDGE_LOOP ( 'NONE', ( #6100, #4536 ) ) ;
#3302 = EDGE_CURVE ( 'NONE', #5379, #1124, #711, .T. ) ;
#3303 = CARTESIAN_POINT ( 'NONE',  ( 112.2233125841370622, 160.1024901391729429, -91.70445531019605312 ) ) ;
#3304 = CARTESIAN_POINT ( 'NONE',  ( 58.50000000000000711, 11.30545635173688268, 11.30545635173693597 ) ) ;
#3305 = CARTESIAN_POINT ( 'NONE',  ( 130.4616383002479267, 121.3997958015126102, -90.25101045209927975 ) ) ;
#3306 = CARTESIAN_POINT ( 'NONE',  ( -2.300703656112183193, 148.4188918972635349, -25.75289429106978645 ) ) ;
#3307 = FACE_BOUND ( 'NONE', #4485, .T. ) ;
#3308 = ORIENTED_EDGE ( 'NONE', *, *, #7662, .F. ) ;
#3309 = CIRCLE ( 'NONE', #1945, 3.600000000000005862 ) ;
#3310 = CARTESIAN_POINT ( 'NONE',  ( 52.13770576772567722, 78.34000000000001762, -81.51154845476622768 ) ) ;
#3311 = FACE_OUTER_BOUND ( 'NONE', #7664, .T. ) ;
#3312 = DIRECTION ( 'NONE',  ( 0.000000000000000000, 0.000000000000000000, -1.000000000000000000 ) ) ;
#3313 = CARTESIAN_POINT ( 'NONE',  ( 27.34558275239726655, 81.84599673153083188, -83.81808364524272292 ) ) ;
#3314 = CARTESIAN_POINT ( 'NONE',  ( 52.50000000000000711, 55.84000000000002473, -31.65991754977232020 ) ) ;
#3315 = ORIENTED_EDGE ( 'NONE', *, *, #1238, .F. ) ;
#3316 = VERTEX_POINT ( 'NONE', #5976 ) ;
#3317 = EDGE_CURVE ( 'NONE', #2925, #2223, #7770, .T. ) ;
#3318 = ORIENTED_EDGE ( 'NONE', *, *, #3255, .T. ) ;
#3319 = EDGE_CURVE ( 'NONE', #2478, #6460, #6568, .T. ) ;
#3320 = CARTESIAN_POINT ( 'NONE',  ( 25.49999999999999645, 142.5999999999999943, -47.50000000000000000 ) ) ;
#3321 = B_SPLINE_CURVE_WITH_KNOTS ( 'NONE', 3,
 ( #4385, #396, #6973, #6840 ),
 .UNSPECIFIED., .F., .F.,
 ( 4, 4 ),
 ( 0.000000000000000000, 0.005622962591800715650 ),
 .UNSPECIFIED. ) ;
#3322 = CARTESIAN_POINT ( 'NONE',  ( 130.4845946850937821, 122.0958262622330182, -38.20627612315024635 ) ) ;
#3323 = CARTESIAN_POINT ( 'NONE',  ( 130.5194808063628500, 121.8513807054780642, -4.596799116112458172 ) ) ;
#3324 = CARTESIAN_POINT ( 'NONE',  ( 48.87693701116572953, 44.00029258083247896, -67.77132617577143492 ) ) ;
#3325 = CARTESIAN_POINT ( 'NONE',  ( 18.52569628473842300, 124.5191776889080444, -3.528562527661368353 ) ) ;
#3326 = CARTESIAN_POINT ( 'NONE',  ( 12.21233700267499600, 47.15851031171555974, -29.45031911543588521 ) ) ;
#3327 = CARTESIAN_POINT ( 'NONE',  ( 31.02123074355016286, 56.32140901124385834, -85.50668930662463652 ) ) ;
#3328 = EDGE_CURVE ( 'NONE', #6388, #4527, #8207, .T. ) ;
#3329 = DIRECTION ( 'NONE',  ( 1.000000000000000000, -0.000000000000000000, -0.000000000000000000 ) ) ;
#3330 = ORIENTED_EDGE ( 'NONE', *, *, #6665, .T. ) ;
#3331 = APPLICATION_PROTOCOL_DEFINITION ( 'draft international standard', 'automotive_design', 1998, #3853 ) ;
#3332 = CARTESIAN_POINT ( 'NONE',  ( 84.08599210851510009, 0.01202802330803701310, -6.199647279812098510 ) ) ;
#3333 = CARTESIAN_POINT ( 'NONE',  ( 18.66792918258187939, 124.3223894828225582, -3.764034580652214856 ) ) ;
#3334 = CARTESIAN_POINT ( 'NONE',  ( 19.73452024686145023, 189.0596901142640434, -57.59135465617604410 ) ) ;
#3335 = ADVANCED_FACE ( 'NONE', ( #791 ), #673, .F. ) ;
#3336 = CARTESIAN_POINT ( 'NONE',  ( 52.50000000000000711, 59.24636658821884083, -30.00991754977235004 ) ) ;
#3337 = DIRECTION ( 'NONE',  ( 0.000000000000000000, 0.000000000000000000, -1.000000000000000000 ) ) ;
#3338 = ORIENTED_EDGE ( 'NONE', *, *, #8382, .F. ) ;
#3339 = CARTESIAN_POINT ( 'NONE',  ( -1.220137506705364805, 128.5966559371922813, -22.74752130401750705 ) ) ;
#3340 = EDGE_CURVE ( 'NONE', #7030, #7843, #1435, .T. ) ;
#3341 = DIRECTION ( 'NONE',  ( 0.000000000000000000, -0.9519809258384942519, 0.3061573400062183037 ) ) ;
#3342 = CARTESIAN_POINT ( 'NONE',  ( 38.50000000000000000, 23.00000000000000000, -40.50000000000000711 ) ) ;
#3343 = VECTOR ( 'NONE', #3754, 1000.000000000000000 ) ;
#3344 = CARTESIAN_POINT ( 'NONE',  ( 98.44012371875741962, 0.000000000000000000, -83.36972945379343969 ) ) ;
#3345 = CARTESIAN_POINT ( 'NONE',  ( 18.79032198990941538, 123.1523970386824516, -4.158327807170203450 ) ) ;
#3346 = ORIENTED_EDGE ( 'NONE', *, *, #328, .T. ) ;
#3347 = CARTESIAN_POINT ( 'NONE',  ( 131.9688943560985024, 137.6988486246320065, -74.75811891562436529 ) ) ;
#3348 = CARTESIAN_POINT ( 'NONE',  ( 28.03799659226842067, 41.20894858235660507, -68.89981524081912312 ) ) ;
#3349 = CARTESIAN_POINT ( 'NONE',  ( 115.3699566021114009, 189.3358280947740866, -50.14464664286983719 ) ) ;
#3350 = CARTESIAN_POINT ( 'NONE',  ( 108.5232609310961607, 10.98429668998704756, -26.40479060653897392 ) ) ;
#3351 =( BOUNDED_SURFACE ( )  B_SPLINE_SURFACE ( 3, 2, ( 
 ( #3498, #6103, #240 ),
 ( #1436, #5264, #7209 ),
 ( #5981, #4060, #2687 ),
 ( #6574, #5938, #5308 ),
 ( #7898, #2047, #4666 ),
 ( #7249, #797, #2731 ) ),
 .UNSPECIFIED., .F., .F., .F. ) 
 B_SPLINE_SURFACE_WITH_KNOTS ( ( 4, 2, 4 ),
 ( 3, 3 ),
 ( 0.01259629772763388479, 0.01461974178898023738, 0.01664318585032659170 ),
 ( 0.000000000000000000, 1.000000000000000000 ),
 .UNSPECIFIED. ) 
 GEOMETRIC_REPRESENTATION_ITEM ( )  RATIONAL_B_SPLINE_SURFACE ( (
 ( 1.000000000000000000, 0.8462648820829744567, 1.000000000000000000),
 ( 1.000000000000000000, 0.8462659163122188133, 1.000000000000000000),
 ( 1.000000000000000000, 0.8468442389914943025, 1.000000000000000000),
 ( 1.000000000000000000, 0.8491742345984487628, 1.000000000000000000),
 ( 1.000000000000000000, 0.8509326666943299866, 1.000000000000000000),
 ( 1.000000000000000000, 0.8532298925562016301, 1.000000000000000000) ) ) 
 REPRESENTATION_ITEM ( '' )  SURFACE ( )  );
#3352 = CARTESIAN_POINT ( 'NONE',  ( 104.9999999999999716, -1.596694033792333216E-14, -24.77085874644892982 ) ) ;
#3353 = ORIENTED_EDGE ( 'NONE', *, *, #2229, .F. ) ;
#3354 = VECTOR ( 'NONE', #2817, 1000.000000000000000 ) ;
#3355 = CARTESIAN_POINT ( 'NONE',  ( -0.8602314072963160863, 167.9457023386309800, -31.39758944909936389 ) ) ;
#3356 = CARTESIAN_POINT ( 'NONE',  ( 46.12021861886073992, -0.5965897465377296705, -88.78250508482484804 ) ) ;
#3357 = DIRECTION ( 'NONE',  ( 0.000000000000000000, 0.000000000000000000, -1.000000000000000000 ) ) ;
#3358 = CIRCLE ( 'NONE', #4455, 5.000000000000000888 ) ;
#3359 = VECTOR ( 'NONE', #572, 1000.000000000000000 ) ;
#3360 = CARTESIAN_POINT ( 'NONE',  ( 106.2160968108470342, 3.651761511846882247, -68.83971814019028557 ) ) ;
#3361 = CARTESIAN_POINT ( 'NONE',  ( 111.0000000000000000, 151.1000000000000796, -32.77756813566458050 ) ) ;
#3362 = ORIENTED_EDGE ( 'NONE', *, *, #4822, .T. ) ;
#3363 = ORIENTED_EDGE ( 'NONE', *, *, #293, .F. ) ;
#3364 = ORIENTED_EDGE ( 'NONE', *, *, #562, .T. ) ;
#3365 = CARTESIAN_POINT ( 'NONE',  ( 57.49424909131922590, 52.12415557441473624, -49.99999999999997158 ) ) ;
#3366 = CARTESIAN_POINT ( 'NONE',  ( 130.6550649355400537, 123.4977519588778279, -59.39501459662684368 ) ) ;
#3367 = CARTESIAN_POINT ( 'NONE',  ( 49.49999999999999289, 46.26981323463033391, -66.29970316451418455 ) ) ;
#3368 = EDGE_CURVE ( 'NONE', #1306, #7428, #1026, .T. ) ;
#3369 = UNCERTAINTY_MEASURE_WITH_UNIT (LENGTH_MEASURE( 1.000000000000000082E-05 ), #4537, 'distance_accuracy_value', 'NONE');
#3370 = CARTESIAN_POINT ( 'NONE',  ( 132.2019909804851068, 142.5999999999840213, -24.99999999999999289 ) ) ;
#3371 = DIRECTION ( 'NONE',  ( 0.000000000000000000, 0.1840045405082833541, -0.9829253934416057881 ) ) ;
#3372 = CARTESIAN_POINT ( 'NONE',  ( 40.29299387492667250, 71.56800598173587957, -10.36221303519220172 ) ) ;
#3373 = ORIENTED_EDGE ( 'NONE', *, *, #6975, .T. ) ;
#3374 = CIRCLE ( 'NONE', #5557, 4.149999999999994138 ) ;
#3375 = DIRECTION ( 'NONE',  ( 0.000000000000000000, 0.000000000000000000, -1.000000000000000000 ) ) ;
#3376 = VERTEX_POINT ( 'NONE', #232 ) ;
#3377 = CARTESIAN_POINT ( 'NONE',  ( 103.5684937445263074, -4.225176082609680250, -6.260954121339252332 ) ) ;
#3378 = DIRECTION ( 'NONE',  ( -1.000000000000000000, 0.000000000000000000, -0.000000000000000000 ) ) ;
#3379 = CARTESIAN_POINT ( 'NONE',  ( -1.032252657849425992, 166.7914283086108753, -64.84657619810660378 ) ) ;
#3380 = EDGE_CURVE ( 'NONE', #4667, #5039, #4641, .T. ) ;
#3381 = CARTESIAN_POINT ( 'NONE',  ( 104.9999999999999858, 0.000000000000000000, -26.11973869364675593 ) ) ;
#3382 = CARTESIAN_POINT ( 'NONE',  ( 59.33271968480028136, 48.41833398404290989, -45.49547344096569645 ) ) ;
#3383 = DIRECTION ( 'NONE',  ( 0.000000000000000000, -0.5000000000000001110, -0.8660254037844385966 ) ) ;
#3384 = CARTESIAN_POINT ( 'NONE',  ( 104.7132921673499055, -0.000000000000000000, -72.23274584455310787 ) ) ;
#3385 = EDGE_CURVE ( 'NONE', #5253, #1571, #7992, .T. ) ;
#3386 = CARTESIAN_POINT ( 'NONE',  ( 4.526161616274538169, 88.65786139822466794, -30.17410142907245074 ) ) ;
#3387 = EDGE_CURVE ( 'NONE', #2467, #405, #2805, .T. ) ;
#3388 = ORIENTED_EDGE ( 'NONE', *, *, #6852, .F. ) ;
#3389 = DIRECTION ( 'NONE',  ( 0.000000000000000000, -1.000000000000000000, 2.037036744050392768E-15 ) ) ;
#3390 = CARTESIAN_POINT ( 'NONE',  ( 30.09798475003798046, 40.05980613446776317, -69.18467931013320538 ) ) ;
#3391 = EDGE_CURVE ( 'NONE', #6776, #3249, #6726, .T. ) ;
#3392 = CARTESIAN_POINT ( 'NONE',  ( 116.4262216234044445, 42.00947807948465851, -25.49999999999999645 ) ) ;
#3393 = CARTESIAN_POINT ( 'NONE',  ( 52.50000000000000711, 52.31990054062555373, -30.20690866110469486 ) ) ;
#3394 = DIRECTION ( 'NONE',  ( 0.000000000000000000, 0.000000000000000000, 1.000000000000000000 ) ) ;
#3395 = ORIENTED_EDGE ( 'NONE', *, *, #6050, .T. ) ;
#3396 = CARTESIAN_POINT ( 'NONE',  ( 49.71752987177944760, 78.34000000000746411, -75.84707127066283761 ) ) ;
#3397 = VECTOR ( 'NONE', #1346, 1000.000000000000000 ) ;
#3398 = VERTEX_POINT ( 'NONE', #6215 ) ;
#3399 = CARTESIAN_POINT ( 'NONE',  ( 34.06111225517442875, 78.34000000000000341, -84.49008245022767483 ) ) ;
#3400 = CARTESIAN_POINT ( 'NONE',  ( 111.9167603129087638, 169.0743371212712702, -8.010434301590786177 ) ) ;
#3401 = EDGE_CURVE ( 'NONE', #5841, #7041, #1848, .T. ) ;
#3402 = CARTESIAN_POINT ( 'NONE',  ( 105.6138957297161340, 1.824548200771286766, -68.86812370424196672 ) ) ;
#3403 = CARTESIAN_POINT ( 'NONE',  ( 37.54268651641240240, 69.22045390349596516, -10.20890854307027951 ) ) ;
#3404 = EDGE_LOOP ( 'NONE', ( #3111, #7106, #6258, #931 ) ) ;
#3405 = EDGE_LOOP ( 'NONE', ( #4005, #3120, #2046, #833 ) ) ;
#3406 = TOROIDAL_SURFACE ( 'NONE', #3269, 6.600000000000001421, 3.000000000000000000 ) ;
#3407 = ORIENTED_EDGE ( 'NONE', *, *, #2526, .F. ) ;
#3408 = CARTESIAN_POINT ( 'NONE',  ( 37.78544479178967919, 74.62654356742480388, -19.19071236384241530 ) ) ;
#3409 = CARTESIAN_POINT ( 'NONE',  ( 130.2318364757460643, 120.1005841950693309, -48.97902887902896651 ) ) ;
#3410 = DIRECTION ( 'NONE',  ( 0.000000000000000000, -0.8660254037844380415, 0.5000000000000012212 ) ) ;
#3411 = DIRECTION ( 'NONE',  ( 1.000000000000000000, -0.000000000000000000, -0.000000000000000000 ) ) ;
#3412 = CARTESIAN_POINT ( 'NONE',  ( 14.50336325809718829, 37.89395449668221261, -69.50000000000000000 ) ) ;
#3413 = CYLINDRICAL_SURFACE ( 'NONE', #886, 5.000000000000004441 ) ;
#3414 = ORIENTED_EDGE ( 'NONE', *, *, #3653, .F. ) ;
#3415 = EDGE_CURVE ( 'NONE', #5972, #2835, #8128, .T. ) ;
#3416 = CARTESIAN_POINT ( 'NONE',  ( 26.89851461021675405, 79.95798517381439297, -80.44605369787214499 ) ) ;
#3417 = EDGE_LOOP ( 'NONE', ( #5955, #4499, #4623, #1767, #5212, #7899, #3750, #1425 ) ) ;
#3418 = EDGE_CURVE ( 'NONE', #1164, #6189, #2694, .T. ) ;
#3419 = CARTESIAN_POINT ( 'NONE',  ( 87.44854498927288944, 11.06306834219424751, -6.164797035040296080 ) ) ;
#3420 = VERTEX_POINT ( 'NONE', #270 ) ;
#3421 = CARTESIAN_POINT ( 'NONE',  ( -0.09266077090542490513, 172.3442444101592912, -56.72253522498019862 ) ) ;
#3422 = CARTESIAN_POINT ( 'NONE',  ( 22.25936382234601751, 8.437465509371735450, -36.83050421599861579 ) ) ;
#3423 = CARTESIAN_POINT ( 'NONE',  ( 58.50000000000000711, 58.80545635173704255, -58.80545635173692176 ) ) ;
#3424 = VECTOR ( 'NONE', #1224, 1000.000000000000114 ) ;
#3425 = B_SPLINE_CURVE_WITH_KNOTS ( 'NONE', 3,
 ( #527, #7064, #8391, #1899, #1337, #5203, #6385, #3827, #3221, #3143, #1209, #14, #7795, #483, #8314, #3911, #7708, #8440, #5072, #2625, #7019, #4514, #5755, #1943, #1296, #5711, #5882, #3868, #3096, #610, #4555, #7835, #6429, #2457, #1851, #1980, #7142, #568 ),
 .UNSPECIFIED., .F., .F.,
 ( 4, 2, 2, 2, 2, 2, 2, 2, 2, 2, 2, 2, 2, 2, 2, 2, 2, 2, 4 ),
 ( 0.02009473966349160576, 0.02240122848365774105, 0.02470771730382387288, 0.02932069494415606020, 0.03854665022482043485, 0.04085313904498656667, 0.04315962786515269156, 0.04777260550548496215, 0.05238558314581723274, 0.05469207196598335763, 0.05699856078614948252, 0.06622451606681400982, 0.07083749370714627347, 0.07314398252731239836, 0.07545047134747852324, 0.08006344898781081465, 0.08236993780797696729, 0.08467642662814311993, 0.09390238190880770275 ),
 .UNSPECIFIED. ) ;
#3426 = EDGE_CURVE ( 'NONE', #3837, #6350, #8193, .T. ) ;
#3427 = CARTESIAN_POINT ( 'NONE',  ( 91.20409755359897019, 10.10883117545685117, -27.28025612106914721 ) ) ;
#3428 = CARTESIAN_POINT ( 'NONE',  ( 104.9640044265312611, -0.000000000000000000, -70.22715682147997995 ) ) ;
#3429 = ADVANCED_BREP_SHAPE_REPRESENTATION ( '3M1D', ( #8287, #6509 ), #503 ) ;
#3430 = CARTESIAN_POINT ( 'NONE',  ( 10.37162523378346002, 55.89212661149404227, -29.81102731235584713 ) ) ;
#3431 = EDGE_LOOP ( 'NONE', ( #1927, #6337, #411, #5962 ) ) ;
#3432 = B_SPLINE_CURVE_WITH_KNOTS ( 'NONE', 3,
 ( #753, #4176, #1432, #6651 ),
 .UNSPECIFIED., .F., .F.,
 ( 4, 4 ),
 ( 0.04023352169745510881, 0.04040974556444955346 ),
 .UNSPECIFIED. ) ;
#3433 = B_SPLINE_CURVE_WITH_KNOTS ( 'NONE', 3,
 ( #4001, #1505, #3402, #3360, #5450, #7929, #2070 ),
 .UNSPECIFIED., .F., .F.,
 ( 4, 2, 1, 4 ),
 ( -6.000000001306576902E-08, 0.002883263356481321083, 0.005766586712962655688, 0.01153323342592532316 ),
 .UNSPECIFIED. ) ;
#3434 = FACE_OUTER_BOUND ( 'NONE', #3404, .T. ) ;
#3435 = CARTESIAN_POINT ( 'NONE',  ( 91.20409755359898440, 8.000000000000000000, -29.38908729652600016 ) ) ;
#3436 = CARTESIAN_POINT ( 'NONE',  ( 116.5421491683971880, 188.9613820088154341, -50.45873469437986358 ) ) ;
#3437 = CARTESIAN_POINT ( 'NONE',  ( 24.49999999999999645, 187.6000000000000227, -47.50000000000000000 ) ) ;
#3438 = CARTESIAN_POINT ( 'NONE',  ( 111.0000000000000000, 125.5999999999999943, -47.50000000000001421 ) ) ;
#3439 = ORIENTED_EDGE ( 'NONE', *, *, #5310, .F. ) ;
#3440 = CYLINDRICAL_SURFACE ( 'NONE', #504, 3.599999999999999201 ) ;
#3441 = CARTESIAN_POINT ( 'NONE',  ( 110.8880298784696095, 183.3239102850311895, -71.99778172392662157 ) ) ;
#3442 = EDGE_CURVE ( 'NONE', #668, #2975, #2797, .T. ) ;
#3443 = EDGE_LOOP ( 'NONE', ( #7099, #1415, #241, #4526, #6252 ) ) ;
#3444 = CARTESIAN_POINT ( 'NONE',  ( 18.99999272355231739, 151.0999953997165335, -62.22243186433541950 ) ) ;
#3445 = CARTESIAN_POINT ( 'NONE',  ( 131.3463903246487803, 164.4357383165798865, -27.99389271748314556 ) ) ;
#3446 = ADVANCED_FACE ( 'NONE', ( #6809 ), #3612, .T. ) ;
#3447 = CARTESIAN_POINT ( 'NONE',  ( 49.50000000000000000, 8.000000000000000000, -40.50000000000000711 ) ) ;
#3448 = CYLINDRICAL_SURFACE ( 'NONE', #795, 2.149999999999999023 ) ;
#3449 = ORIENTED_EDGE ( 'NONE', *, *, #3633, .T. ) ;
#3450 = ORIENTED_EDGE ( 'NONE', *, *, #5336, .F. ) ;
#3451 = CARTESIAN_POINT ( 'NONE',  ( 38.92537862930468862, 74.26002270254141990, -19.27369306408120764 ) ) ;
#3452 = CARTESIAN_POINT ( 'NONE',  ( 130.9072850157302810, 125.6568290430880808, -62.37711338653090820 ) ) ;
#3453 = CARTESIAN_POINT ( 'NONE',  ( 87.60409755359897588, 8.000000000000000000, -65.61091270347401405 ) ) ;
#3454 = CARTESIAN_POINT ( 'NONE',  ( 97.54102606831187927, 78.56958993638635036, -84.48855040128525218 ) ) ;
#3455 = CARTESIAN_POINT ( 'NONE',  ( 132.3100348314715973, 152.3750900419571224, -0.9653573481908231946 ) ) ;
#3456 = DIRECTION ( 'NONE',  ( -1.000000000000000000, 0.000000000000000000, 0.000000000000000000 ) ) ;
#3457 = ORIENTED_EDGE ( 'NONE', *, *, #3622, .T. ) ;
#3458 = DIRECTION ( 'NONE',  ( 0.000000000000000000, 1.000000000000000000, 0.000000000000000000 ) ) ;
#3459 = ORIENTED_EDGE ( 'NONE', *, *, #1538, .T. ) ;
#3460 = CARTESIAN_POINT ( 'NONE',  ( 85.64349318554688750, 5.142241647343067434, -6.117823338891913210 ) ) ;
#3461 = ORIENTED_EDGE ( 'NONE', *, *, #5942, .T. ) ;
#3462 = CARTESIAN_POINT ( 'NONE',  ( 19.53721489816098611, 187.3607751241307824, -63.42983357043914339 ) ) ;
#3463 = CARTESIAN_POINT ( 'NONE',  ( 58.50000000000000711, 8.000000000000000000, -29.38908729652600016 ) ) ;
#3464 = CARTESIAN_POINT ( 'NONE',  ( 59.35707705347168428, 48.50005605887264437, -48.50442201332018755 ) ) ;
#3465 = LINE ( 'NONE', #6067, #2657 ) ;
#3466 = CARTESIAN_POINT ( 'NONE',  ( 108.7732003117763355, 11.88908729652600904, -69.49999999999998579 ) ) ;
#3467 = CARTESIAN_POINT ( 'NONE',  ( 26.18094945946137742, -3.485628935223955338, -6.224581657886910868 ) ) ;
#3468 = CARTESIAN_POINT ( 'NONE',  ( 2.327783692340728905, 102.5408645873841209, -66.21815765147007937 ) ) ;
#3469 = ORIENTED_EDGE ( 'NONE', *, *, #1686, .T. ) ;
#3470 = VECTOR ( 'NONE', #4539, 1000.000000000000000 ) ;
#3471 = CARTESIAN_POINT ( 'NONE',  ( 25.50000000000000355, 52.00000000000000000, -54.50000000000000711 ) ) ;
#3472 = EDGE_CURVE ( 'NONE', #2783, #405, #340, .T. ) ;
#3473 = CARTESIAN_POINT ( 'NONE',  ( 39.50000000000000711, 39.90000000000001279, -55.74999999999996447 ) ) ;
#3474 = CARTESIAN_POINT ( 'NONE',  ( 130.4758101982871779, 121.5100236165869774, -90.28815876822612552 ) ) ;
#3475 = FACE_OUTER_BOUND ( 'NONE', #5777, .T. ) ;
#3476 = AXIS2_PLACEMENT_3D ( 'NONE', #5483, #7478, #6834 ) ;
#3477 = DIRECTION ( 'NONE',  ( -1.000000000000000000, 0.000000000000000000, 0.000000000000000000 ) ) ;
#3478 = ORIENTED_EDGE ( 'NONE', *, *, #7954, .T. ) ;
#3479 = CARTESIAN_POINT ( 'NONE',  ( -1.504200480335306400, 131.5571118689199750, -21.59864762084014345 ) ) ;
#3480 = CARTESIAN_POINT ( 'NONE',  ( 111.1233813034750426, 180.7879430193476367, -75.78855739518404278 ) ) ;
#3481 = ORIENTED_EDGE ( 'NONE', *, *, #3472, .T. ) ;
#3482 = LINE ( 'NONE', #947, #887 ) ;
#3483 = CARTESIAN_POINT ( 'NONE',  ( 129.8867160875444426, 173.3730882201422787, -41.11650879488564669 ) ) ;
#3484 = DIRECTION ( 'NONE',  ( 0.000000000000000000, -1.000000000000000000, 0.000000000000000000 ) ) ;
#3485 = LINE ( 'NONE', #2238, #8317 ) ;
#3486 = ORIENTED_EDGE ( 'NONE', *, *, #2115, .T. ) ;
#3487 = ORIENTED_EDGE ( 'NONE', *, *, #4272, .T. ) ;
#3488 = CARTESIAN_POINT ( 'NONE',  ( 87.60409755359897588, 52.00000000000000711, -29.38908729652600016 ) ) ;
#3489 = CARTESIAN_POINT ( 'NONE',  ( 49.50000000000000000, 6.000164260074978273, -32.05200154168456805 ) ) ;
#3490 = AXIS2_PLACEMENT_3D ( 'NONE', #164, #5383, #245 ) ;
#3491 = CARTESIAN_POINT ( 'NONE',  ( 21.35773771945059707, 11.33615611671481993, -26.40767820357018536 ) ) ;
#3492 = CARTESIAN_POINT ( 'NONE',  ( 131.7952366316305586, 160.2022887226569594, -69.99638326568845059 ) ) ;
#3493 = ADVANCED_FACE ( 'NONE', ( #7629 ), #7669, .F. ) ;
#3494 = CARTESIAN_POINT ( 'NONE',  ( 131.3948742820960547, 129.8504518256251572, -1.707657818887054813 ) ) ;
#3495 = DIRECTION ( 'NONE',  ( 1.000000000000000000, -0.000000000000000000, -0.000000000000000000 ) ) ;
#3496 = ORIENTED_EDGE ( 'NONE', *, *, #4152, .F. ) ;
#3497 = CARTESIAN_POINT ( 'NONE',  ( 118.8103372291985949, 52.00000000000001421, -29.38908729652600726 ) ) ;
#3498 = CARTESIAN_POINT ( 'NONE',  ( 34.49999999999996447, 78.34000000000000341, -84.49008245022766062 ) ) ;
#3499 = ORIENTED_EDGE ( 'NONE', *, *, #4836, .F. ) ;
#3500 = CARTESIAN_POINT ( 'NONE',  ( 84.13576542054946117, 0.1785511098560311205, -6.194845620259498808 ) ) ;
#3501 = CARTESIAN_POINT ( 'NONE',  ( 45.73435273661889511, 11.58838298754738005, -30.75949697392936955 ) ) ;
#3502 = CARTESIAN_POINT ( 'NONE',  ( 19.84569995856883295, 189.9712705332783571, -43.45745111403796557 ) ) ;
#3503 = CARTESIAN_POINT ( 'NONE',  ( 28.62089406014800375, 77.14839032968200172, -80.74788499455249280 ) ) ;
#3504 = AXIS2_PLACEMENT_3D ( 'NONE', #4975, #1111, #1071 ) ;
#3505 = CIRCLE ( 'NONE', #771, 2.099999999999997868 ) ;
#3506 = CARTESIAN_POINT ( 'NONE',  ( 73.00000000000001421, 30.00000000000001421, -47.49999999999996447 ) ) ;
#3507 = AXIS2_PLACEMENT_3D ( 'NONE', #7503, #4356, #1652 ) ;
#3508 = CARTESIAN_POINT ( 'NONE',  ( 53.00000000000000711, 39.90000000000001279, -54.39999999999996305 ) ) ;
#3509 = CARTESIAN_POINT ( 'NONE',  ( 24.54141560264293531, 1.361976584308755456, -6.067635195947384652 ) ) ;
#3510 = B_SPLINE_CURVE_WITH_KNOTS ( 'NONE', 3,
 ( #734, #3352, #5961, #100, #7920, #6000, #8174, #4154, #6199, #297, #3561, #4242, #2316, #8220, #942, #4973, #1708, #4931, #2909, #7612, #4888, #256, #6751, #898, #3519, #4332, #6121, #2871 ),
 .UNSPECIFIED., .F., .F.,
 ( 4, 2, 2, 2, 2, 2, 2, 2, 2, 2, 2, 2, 2, 4 ),
 ( 3.469446951953614189E-18, 0.003987888945844394323, 0.005981833418766588882, 0.006978805655227680524, 0.007975777891688773033, 0.01196366683753310491, 0.01395761131045528125, 0.01595155578337745586, 0.01794550025629963394, 0.01993944472922181202, 0.02392733367506616124, 0.02592127814798832197, 0.02791522262091047576, 0.03190311156675482152 ),
 .UNSPECIFIED. ) ;
#3511 = CARTESIAN_POINT ( 'NONE',  ( 21.04116819436162089, 108.6146199865220012, -86.99192022433206262 ) ) ;
#3512 = ORIENTED_EDGE ( 'NONE', *, *, #8198, .T. ) ;
#3513 = AXIS2_PLACEMENT_3D ( 'NONE', #1421, #7237, #2549 ) ;
#3514 = CIRCLE ( 'NONE', #5303, 18.49999999999999645 ) ;
#3515 = LINE ( 'NONE', #207, #3719 ) ;
#3516 = CARTESIAN_POINT ( 'NONE',  ( 87.60409755359897588, 75.34000000000000341, -32.98908729652600158 ) ) ;
#3517 = CARTESIAN_POINT ( 'NONE',  ( 105.9590637967900619, 91.90825009380826316, -84.86972207212659214 ) ) ;
#3518 = LINE ( 'NONE', #6034, #5444 ) ;
#3519 = CARTESIAN_POINT ( 'NONE',  ( 88.73435138454274806, 0.000000000000000000, -6.687674878664861211 ) ) ;
#3520 = ADVANCED_FACE ( 'NONE', ( #445 ), #1856, .T. ) ;
#3521 = CARTESIAN_POINT ( 'NONE',  ( -0.04577339841157664069, 172.5834667630799686, -56.15507656000946213 ) ) ;
#3522 = CARTESIAN_POINT ( 'NONE',  ( 111.8153955566976947, 171.1653291709357347, -85.57298812867820459 ) ) ;
#3523 = CARTESIAN_POINT ( 'NONE',  ( 45.85002108750076388, 0.2256895240474031950, -88.80648431278422095 ) ) ;
#3524 = CARTESIAN_POINT ( 'NONE',  ( -1.270615720911360658, 129.0915078575241921, -72.47561169522447244 ) ) ;
#3525 = CARTESIAN_POINT ( 'NONE',  ( 110.2672966020174528, 189.0407037826591363, -37.47282264029990984 ) ) ;
#3526 = CARTESIAN_POINT ( 'NONE',  ( 83.93667631701303833, -0.4286864399298935813, -88.78742882701749295 ) ) ;
#3527 = CARTESIAN_POINT ( 'NONE',  ( 27.22302344654622530, 81.98499844352014065, -81.57235790295656841 ) ) ;
#3528 = DIRECTION ( 'NONE',  ( 0.000000000000000000, 0.000000000000000000, 1.000000000000000000 ) ) ;
#3529 = ORIENTED_EDGE ( 'NONE', *, *, #432, .F. ) ;
#3530 = CIRCLE ( 'NONE', #1885, 2.100000000000004530 ) ;
#3531 = VERTEX_POINT ( 'NONE', #6433 ) ;
#3532 = CARTESIAN_POINT ( 'NONE',  ( 64.46902069180080730, 48.33030277982335576, -49.99999999999995737 ) ) ;
#3533 = ADVANCED_FACE ( 'NONE', ( #3056 ), #5800, .F. ) ;
#3534 = CARTESIAN_POINT ( 'NONE',  ( 10.72392519205988393, 55.14016405948403587, -27.08738912285984313 ) ) ;
#3535 = CARTESIAN_POINT ( 'NONE',  ( 100.9841148676465679, 80.17968689407334182, -84.48460626983765565 ) ) ;
#3536 = CARTESIAN_POINT ( 'NONE',  ( 132.2985487477567119, 149.5742514878766656, -20.82626492964883980 ) ) ;
#3537 = CARTESIAN_POINT ( 'NONE',  ( 11.17355720168606226, 188.0022962127993367, -43.92919041421224335 ) ) ;
#3538 = VECTOR ( 'NONE', #4683, 1000.000000000000000 ) ;
#3539 = ADVANCED_FACE ( 'NONE', ( #4393 ), #6303, .F. ) ;
#3540 = ORIENTED_EDGE ( 'NONE', *, *, #6343, .T. ) ;
#3541 = EDGE_CURVE ( 'NONE', #7248, #6340, #2504, .T. ) ;
#3542 = CARTESIAN_POINT ( 'NONE',  ( 87.60409755359897588, 78.34000000000000341, -59.01091270347399131 ) ) ;
#3543 = DIRECTION ( 'NONE',  ( -0.000000000000000000, 1.000000000000000000, -0.000000000000000000 ) ) ;
#3544 = VERTEX_POINT ( 'NONE', #3792 ) ;
#3545 = CARTESIAN_POINT ( 'NONE',  ( 105.2844355163467185, 0.8424633879340228670, -26.12403186595322069 ) ) ;
#3546 = CARTESIAN_POINT ( 'NONE',  ( 43.65730229627705228, 19.10522165644645654, -26.01180384436217707 ) ) ;
#3547 = CARTESIAN_POINT ( 'NONE',  ( 19.61313782580027976, 188.0280130332353963, -33.47512444523708552 ) ) ;
#3548 = CARTESIAN_POINT ( 'NONE',  ( 22.12736189214121652, 8.862470132317589844, -35.43414771830745735 ) ) ;
#3549 = VERTEX_POINT ( 'NONE', #8396 ) ;
#3550 = CIRCLE ( 'NONE', #2176, 1.649999999999974376 ) ;
#3551 = EDGE_CURVE ( 'NONE', #2903, #6477, #8274, .T. ) ;
#3552 = LINE ( 'NONE', #6151, #3226 ) ;
#3553 = SURFACE_SIDE_STYLE ('',( #934 ) ) ;
#3554 = CARTESIAN_POINT ( 'NONE',  ( 24.86647811757917026, 0.3947915118990042438, -6.087927163076720660 ) ) ;
#3555 = CARTESIAN_POINT ( 'NONE',  ( 18.37258587275553623, 21.61694673417208179, -67.98005512873588430 ) ) ;
#3556 = ORIENTED_EDGE ( 'NONE', *, *, #986, .T. ) ;
#3557 = CARTESIAN_POINT ( 'NONE',  ( 87.60409755359897588, 3.700000000000000178, -32.98908729652601579 ) ) ;
#3558 = CARTESIAN_POINT ( 'NONE',  ( 0.7602538648518382125, 125.7698144766768706, -15.25873110356048379 ) ) ;
#3559 = CARTESIAN_POINT ( 'NONE',  ( 129.8481128457341072, 116.9187361242447594, -88.91650672424250956 ) ) ;
#3560 = PLANE ( 'NONE',  #6534 ) ;
#3561 = CARTESIAN_POINT ( 'NONE',  ( 102.1274141671977418, -0.000000000000000000, -15.96170908328922700 ) ) ;
#3562 = CARTESIAN_POINT ( 'NONE',  ( 56.50000000000000711, 30.00000000000000000, -47.49999999999997868 ) ) ;
#3563 = CARTESIAN_POINT ( 'NONE',  ( 119.7348767268997847, 187.6000000000000227, -50.01019276440826644 ) ) ;
#3564 = CARTESIAN_POINT ( 'NONE',  ( 26.77968890906841537, -5.252837119650664910, -68.82487834290868989 ) ) ;
#3565 = CARTESIAN_POINT ( 'NONE',  ( 111.0000000000000000, 151.1000000000000796, -34.87756813566458192 ) ) ;
#3566 = CARTESIAN_POINT ( 'NONE',  ( 110.2012262921885082, 189.5876287865398524, -40.46903807407730369 ) ) ;
#3567 = DIRECTION ( 'NONE',  ( 0.000000000000000000, 0.000000000000000000, 1.000000000000000000 ) ) ;
#3568 = CARTESIAN_POINT ( 'NONE',  ( 56.50000000000000711, 0.000000000000000000, 0.000000000000000000 ) ) ;
#3569 = CYLINDRICAL_SURFACE ( 'NONE', #123, 2.099999999999997868 ) ;
#3570 = ORIENTED_EDGE ( 'NONE', *, *, #319, .T. ) ;
#3571 = CARTESIAN_POINT ( 'NONE',  ( 10.89345187099290868, 53.43743098865036956, -31.81918239840811324 ) ) ;
#3572 = EDGE_LOOP ( 'NONE', ( #7807, #6704, #6194, #4429 ) ) ;
#3573 = DIRECTION ( 'NONE',  ( -1.000000000000000000, -0.000000000000000000, -0.000000000000000000 ) ) ;
#3574 = CARTESIAN_POINT ( 'NONE',  ( 10.79930620461040114, 54.63768879239527365, -27.25567377658347468 ) ) ;
#3575 = DIRECTION ( 'NONE',  ( -0.9999999999999950040, -1.000061563076409229E-07, -0.000000000000000000 ) ) ;
#3576 = CARTESIAN_POINT ( 'NONE',  ( 112.2985876740688269, 154.3314257602721966, -1.427184878594425887 ) ) ;
#3577 = CARTESIAN_POINT ( 'NONE',  ( 48.26945517439473576, 74.54328984807413860, -79.16387352647694797 ) ) ;
#3578 = ADVANCED_FACE ( 'NONE', ( #3707 ), #6018, .T. ) ;
#3579 = ORIENTED_EDGE ( 'NONE', *, *, #214, .F. ) ;
#3580 = DIRECTION ( 'NONE',  ( 1.000000000000000000, -0.000000000000000000, 0.000000000000000000 ) ) ;
#3581 = PLANE ( 'NONE',  #8008 ) ;
#3582 = ORIENTED_EDGE ( 'NONE', *, *, #4959, .F. ) ;
#3583 = CARTESIAN_POINT ( 'NONE',  ( 111.2007687070152002, 123.0814985779239521, -4.182163261439000301 ) ) ;
#3584 = DIRECTION ( 'NONE',  ( 0.000000000000000000, 0.000000000000000000, -1.000000000000000000 ) ) ;
#3585 = B_SPLINE_CURVE_WITH_KNOTS ( 'NONE', 3,
 ( #3925, #540, #8368, #6354, #3063, #2513, #7034, #5125, #2554, #7769 ),
 .UNSPECIFIED., .F., .F.,
 ( 4, 2, 1, 1, 2, 4 ),
 ( 0.08349765328034160217, 0.09239982977413585541, 0.09685091802103298897, 0.09907646214448155575, 0.1001892342062058461, 0.1013020062679301225 ),
 .UNSPECIFIED. ) ;
#3586 = CARTESIAN_POINT ( 'NONE',  ( 19.86193904739869254, 190.1015212970873733, -45.48855184565063325 ) ) ;
#3587 = CARTESIAN_POINT ( 'NONE',  ( 43.98385287962621248, 6.351960530975281571, -88.88429916378824203 ) ) ;
#3588 = EDGE_LOOP ( 'NONE', ( #5053, #3457, #2126, #3499 ) ) ;
#3589 = CARTESIAN_POINT ( 'NONE',  ( 111.9354911045331846, 134.3422388802555361, -94.28413394043110429 ) ) ;
#3590 = CARTESIAN_POINT ( 'NONE',  ( 77.50000000000001421, 11.88908729652600904, -69.49999999999998579 ) ) ;
#3591 = CARTESIAN_POINT ( 'NONE',  ( 25.07430945700004088, -0.2193279241568740490, -26.11896978154040383 ) ) ;
#3592 = CARTESIAN_POINT ( 'NONE',  ( 20.24659601418045796, 113.2642802931128898, -87.99355690135270436 ) ) ;
#3593 = ORIENTED_EDGE ( 'NONE', *, *, #7870, .F. ) ;
#3594 = CARTESIAN_POINT ( 'NONE',  ( 106.5525350248215233, 95.17166168136218118, -9.890389940856007200 ) ) ;
#3595 = PLANE ( 'NONE',  #4062 ) ;
#3596 = CARTESIAN_POINT ( 'NONE',  ( 121.8226529974013772, 67.33202000172121870, -64.59987322131651410 ) ) ;
#3597 = CARTESIAN_POINT ( 'NONE',  ( 25.76375674393534609, 85.10381412259086176, -81.11198083154792471 ) ) ;
#3598 = DIRECTION ( 'NONE',  ( 0.000000000000000000, 0.000000000000000000, 1.000000000000000000 ) ) ;
#3599 = DIRECTION ( 'NONE',  ( 0.000000000000000000, 0.000000000000000000, -1.000000000000000000 ) ) ;
#3600 = CARTESIAN_POINT ( 'NONE',  ( 112.1769872993135237, 161.8941974968811621, -90.91166076195554524 ) ) ;
#3601 = CARTESIAN_POINT ( 'NONE',  ( 26.66591379567211462, -4.917024418961668530, -68.83318304474053662 ) ) ;
#3602 = CARTESIAN_POINT ( 'NONE',  ( 128.9219386260076874, 181.0930370749000815, -75.39477598588052842 ) ) ;
#3603 = CARTESIAN_POINT ( 'NONE',  ( 102.8790252859945014, -6.260183355214543610, -68.79602276310833986 ) ) ;
#3604 = CARTESIAN_POINT ( 'NONE',  ( 111.7702380224914123, 82.52050623351595959, -77.14814581922377101 ) ) ;
#3605 = DIRECTION ( 'NONE',  ( 1.000000000000000000, -0.000000000000000000, -0.000000000000000000 ) ) ;
#3606 = CARTESIAN_POINT ( 'NONE',  ( -1.669092807803680190, 161.5110815481241673, -35.30338747306419123 ) ) ;
#3607 = VERTEX_POINT ( 'NONE', #6259 ) ;
#3608 = CARTESIAN_POINT ( 'NONE',  ( 73.00000000000001421, 30.00000000000001421, -38.49999999999996447 ) ) ;
#3609 = VERTEX_POINT ( 'NONE', #59 ) ;
#3610 = CARTESIAN_POINT ( 'NONE',  ( 19.11138035924637180, 183.3103343347247574, -23.01510772329455179 ) ) ;
#3611 = ORIENTED_EDGE ( 'NONE', *, *, #7287, .F. ) ;
#3612 = PLANE ( 'NONE',  #625 ) ;
#3613 = CARTESIAN_POINT ( 'NONE',  ( 131.2201364201166598, 128.5966596841776663, -72.25247869598283046 ) ) ;
#3614 = CARTESIAN_POINT ( 'NONE',  ( 132.1710434256603435, 141.4603385988902460, 0.04311457064369111220 ) ) ;
#3615 = CARTESIAN_POINT ( 'NONE',  ( 24.99999999999998224, 0.000000000000000000, -68.88026122094728976 ) ) ;
#3616 = DIRECTION ( 'NONE',  ( 1.000000000000000000, -0.000000000000000000, 0.000000000000000000 ) ) ;
#3617 = VERTEX_POINT ( 'NONE', #1418 ) ;
#3618 = CARTESIAN_POINT ( 'NONE',  ( -2.191921832842391282, 153.8527733188954301, -66.99798482415691581 ) ) ;
#3619 = AXIS2_PLACEMENT_3D ( 'NONE', #5681, #6401, #3160 ) ;
#3620 = CARTESIAN_POINT ( 'NONE',  ( 3.999992933565320374, 148.9999938996241724, -32.77756813566458050 ) ) ;
#3621 = EDGE_LOOP ( 'NONE', ( #5795, #6666, #2521, #7240, #1863, #780, #3192 ) ) ;
#3622 = EDGE_CURVE ( 'NONE', #3011, #56, #7926, .T. ) ;
#3623 = B_SPLINE_CURVE_WITH_KNOTS ( 'NONE', 3,
 ( #4516, #3870, #5884, #7145 ),
 .UNSPECIFIED., .F., .F.,
 ( 4, 4 ),
 ( 0.000000000000000000, 0.0001801256298694320032 ),
 .UNSPECIFIED. ) ;
#3624 = CARTESIAN_POINT ( 'NONE',  ( 100.0368762019133158, 61.29079294694782476, -9.862702730925299477 ) ) ;
#3625 = CARTESIAN_POINT ( 'NONE',  ( 45.99812019065664970, 12.70818998914100817, -29.58277011992348093 ) ) ;
#3626 = CARTESIAN_POINT ( 'NONE',  ( 0.2266045692189756211, 173.9180623677874564, -43.40926071427659139 ) ) ;
#3627 = DIRECTION ( 'NONE',  ( -0.000000000000000000, -0.000000000000000000, 1.000000000000000000 ) ) ;
#3628 = AXIS2_PLACEMENT_3D ( 'NONE', #1088, #6306, #2294 ) ;
#3629 = VECTOR ( 'NONE', #6052, 1000.000000000000000 ) ;
#3630 = ORIENTED_EDGE ( 'NONE', *, *, #5162, .F. ) ;
#3631 = CARTESIAN_POINT ( 'NONE',  ( 111.9028772847311046, 133.5171132974372483, -94.13102637471587286 ) ) ;
#3632 = CARTESIAN_POINT ( 'NONE',  ( 26.95034385901225704, -5.756533384289594046, -26.18922313262020651 ) ) ;
#3633 = EDGE_CURVE ( 'NONE', #2192, #668, #2671, .T. ) ;
#3634 = CARTESIAN_POINT ( 'NONE',  ( 26.83035406662805755, 76.93044969424953194, -84.44279392114152927 ) ) ;
#3635 = ORIENTED_EDGE ( 'NONE', *, *, #7186, .T. ) ;
#3636 = CIRCLE ( 'NONE', #8138, 11.25000000000000355 ) ;
#3637 = AXIS2_PLACEMENT_3D ( 'NONE', #1154, #6926, #2318 ) ;
#3638 = CARTESIAN_POINT ( 'NONE',  ( 131.1861655667013622, 128.3573748521489222, -72.84681247519831970 ) ) ;
#3639 = VECTOR ( 'NONE', #811, 1000.000000000000000 ) ;
#3640 = DIRECTION ( 'NONE',  ( -0.9999999999999950040, -1.000061563076409229E-07, 0.000000000000000000 ) ) ;
#3641 = CARTESIAN_POINT ( 'NONE',  ( 110.8230589954329020, 120.2252388696570051, -89.89565297996770710 ) ) ;
#3642 = DIRECTION ( 'NONE',  ( -0.000000000000000000, 1.000000000000000000, 0.000000000000000000 ) ) ;
#3643 = AXIS2_PLACEMENT_3D ( 'NONE', #451, #3880, #8326 ) ;
#3644 = DIRECTION ( 'NONE',  ( 0.000000000000000000, -1.000000000000000000, 0.000000000000000000 ) ) ;
#3645 = EDGE_CURVE ( 'NONE', #3021, #4221, #4559, .T. ) ;
#3646 = AXIS2_PLACEMENT_3D ( 'NONE', #4507, #601, #8386 ) ;
#3647 = ADVANCED_FACE ( 'NONE', ( #4519 ), #3915, .F. ) ;
#3648 = CARTESIAN_POINT ( 'NONE',  ( -1.927874430554057383, 158.5242494564282651, -70.90934145562363256 ) ) ;
#3649 = CARTESIAN_POINT ( 'NONE',  ( 131.2201364201166598, 128.5966596841776663, -72.25247869598283046 ) ) ;
#3650 = CIRCLE ( 'NONE', #6105, 1.649999999999991696 ) ;
#3651 = VECTOR ( 'NONE', #7329, 1000.000000000000000 ) ;
#3652 = CARTESIAN_POINT ( 'NONE',  ( 24.98733942211985948, 0.03736830246342724010, -68.88013601951654152 ) ) ;
#3653 = EDGE_CURVE ( 'NONE', #4921, #1347, #6471, .T. ) ;
#3654 = CARTESIAN_POINT ( 'NONE',  ( 126.3591928109776319, 189.9597085733941526, -51.27939643695037120 ) ) ;
#3655 = CARTESIAN_POINT ( 'NONE',  ( 102.7878384075748102, -6.529326864908489902, -88.60852835585050968 ) ) ;
#3656 = CARTESIAN_POINT ( 'NONE',  ( 39.50000000000000711, 20.10000000000000853, -37.59999999999996589 ) ) ;
#3657 = CARTESIAN_POINT ( 'NONE',  ( 42.39589333293313445, 12.30000000000000071, -25.78908729652599519 ) ) ;
#3658 = CARTESIAN_POINT ( 'NONE',  ( 41.05117262452988314, 18.97921121046172743, -26.04826667981559751 ) ) ;
#3659 = EDGE_LOOP ( 'NONE', ( #3892, #1140 ) ) ;
#3660 = CARTESIAN_POINT ( 'NONE',  ( 11.00360573873031989, 52.90031108036767193, -30.64635140865071605 ) ) ;
#3661 = ORIENTED_EDGE ( 'NONE', *, *, #5855, .T. ) ;
#3662 = CARTESIAN_POINT ( 'NONE',  ( 19.60705962792965451, 187.9717481102305783, -33.42034484972329977 ) ) ;
#3663 = ORIENTED_EDGE ( 'NONE', *, *, #6232, .F. ) ;
#3664 = CARTESIAN_POINT ( 'NONE',  ( 34.50000000000000000, 78.34000000000000341, -14.35906609687316760 ) ) ;
#3665 = CARTESIAN_POINT ( 'NONE',  ( 103.1434729254869751, 82.57924677398462165, -84.50283628809454228 ) ) ;
#3666 = CARTESIAN_POINT ( 'NONE',  ( 132.0960826389661236, 155.9902869311081588, -22.87403016849722448 ) ) ;
#3667 = CARTESIAN_POINT ( 'NONE',  ( 104.5000000000000142, 87.34000000000000341, -150.0000000000000000 ) ) ;
#3668 = VECTOR ( 'NONE', #7378, 1000.000000000000000 ) ;
#3669 = EDGE_LOOP ( 'NONE', ( #6936, #5625, #2371, #4299, #8403, #5581 ) ) ;
#3670 = CARTESIAN_POINT ( 'NONE',  ( -1.953959878757663748, 137.4673768804773317, -69.40988997297226604 ) ) ;
#3671 = FACE_OUTER_BOUND ( 'NONE', #745, .T. ) ;
#3672 = VERTEX_POINT ( 'NONE', #7148 ) ;
#3673 = CARTESIAN_POINT ( 'NONE',  ( 111.1198480428836461, 122.4405511890853120, -4.396881990670990170 ) ) ;
#3674 = CARTESIAN_POINT ( 'NONE',  ( 43.00432445324954500, 19.83205459742028864, -25.83807265027296296 ) ) ;
#3675 = CARTESIAN_POINT ( 'NONE',  ( 18.23747680989022513, 171.9304864684368397, -10.13381471988077465 ) ) ;
#3676 = CARTESIAN_POINT ( 'NONE',  ( 104.8597627798134369, 85.90834094606849192, -84.53520864065400531 ) ) ;
#3677 =( BOUNDED_CURVE ( )  B_SPLINE_CURVE ( 3, ( #6140, #5631, #3577, #7499 ),
 .UNSPECIFIED., .F., .F. ) 
 B_SPLINE_CURVE_WITH_KNOTS ( ( 4, 4 ),
 ( 4.712388980384689674, 5.926085127745056802 ),
 .UNSPECIFIED. ) 
 CURVE ( )  GEOMETRIC_REPRESENTATION_ITEM ( )  RATIONAL_B_SPLINE_CURVE ( ( 1.000000000000000000, 0.8809663862870582562, 0.8809663862870582562, 1.000000000000000000 ) ) 
 REPRESENTATION_ITEM ( '' )  );
#3678 = AXIS2_PLACEMENT_3D ( 'NONE', #6880, #1715, #6333 ) ;
#3679 = LINE ( 'NONE', #6825, #4523 ) ;
#3680 = CYLINDRICAL_SURFACE ( 'NONE', #1868, 9.000000000000001776 ) ;
#3681 = CARTESIAN_POINT ( 'NONE',  ( 27.09256139617050607, -6.176295262022670762, -6.374960963273129444 ) ) ;
#3682 = CARTESIAN_POINT ( 'NONE',  ( 120.0000000000000142, 142.5999999999999943, -36.25000000000000000 ) ) ;
#3683 = VERTEX_POINT ( 'NONE', #5331 ) ;
#3684 = CARTESIAN_POINT ( 'NONE',  ( 131.1743281825850715, 128.2979618554263652, -72.99541551520796645 ) ) ;
#3685 = CARTESIAN_POINT ( 'NONE',  ( -0.01253243842935199137, 126.3490253769492568, -16.89951203191565199 ) ) ;
#3686 = CIRCLE ( 'NONE', #8464, 47.50000000000001421 ) ;
#3687 = CARTESIAN_POINT ( 'NONE',  ( 118.4601484428772267, 50.17196133592879903, -65.61656295538631412 ) ) ;
#3688 = EDGE_CURVE ( 'NONE', #1177, #7575, #1559, .T. ) ;
#3689 = CARTESIAN_POINT ( 'NONE',  ( 17.70123439793975706, 153.2057020997747259, -93.80726642541213778 ) ) ;
#3690 = FACE_OUTER_BOUND ( 'NONE', #3669, .T. ) ;
#3691 = CARTESIAN_POINT ( 'NONE',  ( -2.040744981082055709, 138.9459481424613330, -74.88568990486616883 ) ) ;
#3692 = CARTESIAN_POINT ( 'NONE',  ( 91.20409755359895598, 52.00000000000001421, -29.38908729652600726 ) ) ;
#3693 = CARTESIAN_POINT ( 'NONE',  ( 27.07679620993709335, -6.129763559193241562, -88.62799502370218363 ) ) ;
#3694 = CARTESIAN_POINT ( 'NONE',  ( 111.5497323845926445, 175.3658161662109194, -81.94995145430041816 ) ) ;
#3695 = CARTESIAN_POINT ( 'NONE',  ( 87.60409755359897588, 78.34000000000000341, -72.21091270347400837 ) ) ;
#3696 = CARTESIAN_POINT ( 'NONE',  ( 18.22976070317977459, 0.000000000000000000, -88.79999999999998295 ) ) ;
#3697 = DIRECTION ( 'NONE',  ( 0.000000000000000000, 0.000000000000000000, 1.000000000000000000 ) ) ;
#3698 = EDGE_CURVE ( 'NONE', #3745, #1516, #8394, .T. ) ;
#3699 = CARTESIAN_POINT ( 'NONE',  ( 41.79282404223701519, 19.83611926395281344, -25.83720382568610319 ) ) ;
#3700 = ORIENTED_EDGE ( 'NONE', *, *, #7010, .T. ) ;
#3701 = CARTESIAN_POINT ( 'NONE',  ( 131.2201364201166598, 128.5966596841776663, -72.25247869598283046 ) ) ;
#3702 = VERTEX_POINT ( 'NONE', #3958 ) ;
#3703 = CARTESIAN_POINT ( 'NONE',  ( 31.60876367641879270, 78.81193272344957279, -10.51280159791586399 ) ) ;
#3704 = EDGE_CURVE ( 'NONE', #5921, #1306, #4043, .T. ) ;
#3705 = ORIENTED_EDGE ( 'NONE', *, *, #6162, .T. ) ;
#3706 = ADVANCED_FACE ( 'NONE', ( #1906 ), #4592, .T. ) ;
#3707 = FACE_OUTER_BOUND ( 'NONE', #4147, .T. ) ;
#3708 = CARTESIAN_POINT ( 'NONE',  ( 131.7932764319411376, 160.2249738238846533, -25.01684825564587911 ) ) ;
#3709 = CARTESIAN_POINT ( 'NONE',  ( 38.25920929283404348, 74.55634016629224448, -10.45084901027103719 ) ) ;
#3710 = DIRECTION ( 'NONE',  ( -1.000000000000000000, 0.000000000000000000, 0.000000000000000000 ) ) ;
#3711 = EDGE_LOOP ( 'NONE', ( #5289, #6448, #3154, #5890 ) ) ;
#3712 = CARTESIAN_POINT ( 'NONE',  ( -0.3058520514272142221, 120.6758601342359043, -52.61084715334234829 ) ) ;
#3713 = DIRECTION ( 'NONE',  ( 0.000000000000000000, 0.000000000000000000, -1.000000000000000000 ) ) ;
#3714 = ORIENTED_EDGE ( 'NONE', *, *, #8298, .T. ) ;
#3715 = CARTESIAN_POINT ( 'NONE',  ( 127.4584028265125824, 101.1637844802655621, -28.97464802918646853 ) ) ;
#3716 = CARTESIAN_POINT ( 'NONE',  ( 43.97594885378906326, 10.23154629348229427, -32.62776064497027306 ) ) ;
#3717 = CARTESIAN_POINT ( 'NONE',  ( 17.86812870898634742, 140.2622337909980104, -0.04659856479002081470 ) ) ;
#3718 = CARTESIAN_POINT ( 'NONE',  ( 106.9298392433958185, 97.26664365666493950, -85.32252023309509070 ) ) ;
#3719 = VECTOR ( 'NONE', #7261, 999.9999999999998863 ) ;
#3720 = CYLINDRICAL_SURFACE ( 'NONE', #1921, 47.50000000000000711 ) ;
#3721 = VERTEX_POINT ( 'NONE', #2030 ) ;
#3722 = CARTESIAN_POINT ( 'NONE',  ( 14.20375154881350355, 122.9867894765741312, -90.23146884005700485 ) ) ;
#3723 = CARTESIAN_POINT ( 'NONE',  ( 27.17787317494530797, -6.428097066263342541, -26.20890061476039889 ) ) ;
#3724 = CARTESIAN_POINT ( 'NONE',  ( 37.54268651641240240, 69.22045390349596516, -10.26859957557384107 ) ) ;
#3725 = EDGE_LOOP ( 'NONE', ( #6981, #6590, #849, #4126, #7977 ) ) ;
#3726 = CARTESIAN_POINT ( 'NONE',  ( 18.73910112291962093, 120.8683819432622926, -89.73726762748829344 ) ) ;
#3727 = CARTESIAN_POINT ( 'NONE',  ( 91.54107903498750431, 25.47120706220841058, -6.863131910040457306 ) ) ;
#3728 = LINE ( 'NONE', #8301, #2818 ) ;
#3729 = CARTESIAN_POINT ( 'NONE',  ( 104.3574340864640249, -1.896571613977075854, -68.87913638103954383 ) ) ;
#3730 = CARTESIAN_POINT ( 'NONE',  ( 26.79905824814171922, 82.67187573514047472, -83.16201332475947083 ) ) ;
#3731 = CARTESIAN_POINT ( 'NONE',  ( 38.99621488319928631, 14.47849002964260556, -66.86135396148097243 ) ) ;
#3732 = CARTESIAN_POINT ( 'NONE',  ( 22.73151776691505432, 99.15096481192954059, -9.468572781574843944 ) ) ;
#3733 = CARTESIAN_POINT ( 'NONE',  ( 112.2494619353529117, 145.6474689803968090, -94.92697160972920756 ) ) ;
#3734 = EDGE_CURVE ( 'NONE', #785, #5337, #8407, .T. ) ;
#3735 = EDGE_CURVE ( 'NONE', #8283, #3871, #3225, .T. ) ;
#3736 = CARTESIAN_POINT ( 'NONE',  ( 111.0236887188187040, 181.9092437726116032, -74.24110892736538858 ) ) ;
#3737 = CARTESIAN_POINT ( 'NONE',  ( 19.69284581012006541, 17.04156036163989896, -68.26579082639347007 ) ) ;
#3738 = CARTESIAN_POINT ( 'NONE',  ( 108.6144472402193912, 11.28480611480137874, -68.89571881827538391 ) ) ;
#3739 = DIRECTION ( 'NONE',  ( -0.9999999999999950040, -1.000061563076409229E-07, -0.000000000000000000 ) ) ;
#3740 = CARTESIAN_POINT ( 'NONE',  ( 37.54268651639599597, 74.62654356742478967, -9.196883570274719588 ) ) ;
#3741 = VERTEX_POINT ( 'NONE', #3565 ) ;
#3742 = CARTESIAN_POINT ( 'NONE',  ( 10.39802274276865113, 56.79061851931603400, -27.15807807083768921 ) ) ;
#3743 = ORIENTED_EDGE ( 'NONE', *, *, #1861, .T. ) ;
#3744 = CARTESIAN_POINT ( 'NONE',  ( 27.35003203110748871, 81.84202249818314101, -10.50629737757171078 ) ) ;
#3745 = VERTEX_POINT ( 'NONE', #6126 ) ;
#3746 = CARTESIAN_POINT ( 'NONE',  ( 22.22159428016898275, 81.28581437370390006, -17.95845838117951843 ) ) ;
#3747 = CARTESIAN_POINT ( 'NONE',  ( 130.3595001548444259, 170.9290900338398274, -35.50746710043877385 ) ) ;
#3748 = CARTESIAN_POINT ( 'NONE',  ( 5.772999961926371881, 81.01684292278056887, -64.40867357436354723 ) ) ;
#3749 = CYLINDRICAL_SURFACE ( 'NONE', #4616, 47.50000000000000711 ) ;
#3750 = ORIENTED_EDGE ( 'NONE', *, *, #5173, .T. ) ;
#3751 = CARTESIAN_POINT ( 'NONE',  ( -0.7258824589560659568, 124.0951578034044473, -60.30453374387884224 ) ) ;
#3752 = VECTOR ( 'NONE', #6622, 1000.000000000000000 ) ;
#3753 = ADVANCED_FACE ( 'NONE', ( #219 ), #3081, .F. ) ;
#3754 = DIRECTION ( 'NONE',  ( 0.000000000000000000, 0.000000000000000000, -1.000000000000000000 ) ) ;
#3755 = VERTEX_POINT ( 'NONE', #6757 ) ;
#3756 = CARTESIAN_POINT ( 'NONE',  ( 116.3539907508028506, 40.55081081523287878, -8.118801779017939424 ) ) ;
#3757 = EDGE_CURVE ( 'NONE', #6763, #1811, #3482, .T. ) ;
#3758 = FACE_BOUND ( 'NONE', #5765, .T. ) ;
#3759 = CARTESIAN_POINT ( 'NONE',  ( -1.869732205125950175, 161.7650283034396637, -4.018103483141698185 ) ) ;
#3760 = CARTESIAN_POINT ( 'NONE',  ( 44.37507468563874369, 5.083053872163883824, -88.88469593677415048 ) ) ;
#3761 = CARTESIAN_POINT ( 'NONE',  ( 42.56168245169433817, 20.05427998735553885, -69.20793807367772388 ) ) ;
#3762 = ORIENTED_EDGE ( 'NONE', *, *, #3959, .T. ) ;
#3763 = VECTOR ( 'NONE', #4134, 1000.000000000000000 ) ;
#3764 = CARTESIAN_POINT ( 'NONE',  ( 3.999992513539464500, 153.1999938996241610, -62.22243186433541950 ) ) ;
#3765 = DIRECTION ( 'NONE',  ( -1.000000000000000000, 0.000000000000000000, 0.000000000000000000 ) ) ;
#3766 = CARTESIAN_POINT ( 'NONE',  ( 35.86062668833299227, 74.09107723093633524, -10.43944272840965937 ) ) ;
#3767 = EDGE_LOOP ( 'NONE', ( #5214, #2578, #3705, #6001 ) ) ;
#3768 = VECTOR ( 'NONE', #273, 1000.000000000000000 ) ;
#3769 = AXIS2_PLACEMENT_3D ( 'NONE', #5078, #1813, #2462 ) ;
#3770 = CARTESIAN_POINT ( 'NONE',  ( -1.432491737638226459, 166.5501308250602222, -88.59111830293321077 ) ) ;
#3771 = EDGE_CURVE ( 'NONE', #2865, #7673, #3080, .T. ) ;
#3772 = CARTESIAN_POINT ( 'NONE',  ( 130.9702730957149015, 127.6559324713592503, -74.62419103807117438 ) ) ;
#3773 = DIRECTION ( 'NONE',  ( -1.000000000000000000, -1.241749088029210375E-16, 0.000000000000000000 ) ) ;
#3774 = CARTESIAN_POINT ( 'NONE',  ( 92.31155454880321543, 28.35251823161060614, -87.92635039528084917 ) ) ;
#3775 = CARTESIAN_POINT ( 'NONE',  ( 17.71319218399036544, 155.4431906070178115, -93.23717035752007121 ) ) ;
#3776 = CARTESIAN_POINT ( 'NONE',  ( 41.10278900696304305, 10.14778626781375337, -62.23507408743745373 ) ) ;
#3777 = CARTESIAN_POINT ( 'NONE',  ( 132.1911368739486079, 153.8429555768674959, -28.00684573086092044 ) ) ;
#3778 = DIRECTION ( 'NONE',  ( 0.000000000000000000, -1.000000000000000000, 0.000000000000000000 ) ) ;
#3779 = CARTESIAN_POINT ( 'NONE',  ( 110.6300831997765926, 185.8412629005125041, -67.18445699094772294 ) ) ;
#3780 = DIRECTION ( 'NONE',  ( 0.000000000000000000, 0.3061573400062183592, 0.9519809258384943629 ) ) ;
#3781 = CARTESIAN_POINT ( 'NONE',  ( 15.00000000000000000, 142.5999999999999943, -47.50000000000000000 ) ) ;
#3782 = CARTESIAN_POINT ( 'NONE',  ( 29.95793348598464689, 75.90571301817456629, -80.70223602412984576 ) ) ;
#3783 = CARTESIAN_POINT ( 'NONE',  ( -1.501647348403729376, 163.1069072732256870, -38.21271376024212429 ) ) ;
#3784 = VERTEX_POINT ( 'NONE', #4809 ) ;
#3785 = EDGE_CURVE ( 'NONE', #7113, #6340, #4171, .T. ) ;
#3786 = DIRECTION ( 'NONE',  ( 0.000000000000000000, 0.000000000000000000, -1.000000000000000000 ) ) ;
#3787 = EDGE_LOOP ( 'NONE', ( #7790, #7552, #530, #7222, #1262, #7336, #399, #4321 ) ) ;
#3788 = CIRCLE ( 'NONE', #8416, 3.000000000000002665 ) ;
#3789 = CARTESIAN_POINT ( 'NONE',  ( 24.49999999999999645, 187.6000000000000227, -47.50000000000000000 ) ) ;
#3790 = EDGE_CURVE ( 'NONE', #7290, #5253, #6678, .T. ) ;
#3791 = EDGE_LOOP ( 'NONE', ( #6814, #6521 ) ) ;
#3792 = CARTESIAN_POINT ( 'NONE',  ( 30.50000000000000355, 40.03517976947111379, -69.18971353590646345 ) ) ;
#3793 = CARTESIAN_POINT ( 'NONE',  ( 131.2359236506372326, 165.3304811647770975, -28.73720128201926372 ) ) ;
#3794 = AXIS2_PLACEMENT_3D ( 'NONE', #5112, #3266, #6511 ) ;
#3795 = DIRECTION ( 'NONE',  ( 0.000000000000000000, 1.000000000000000000, 0.000000000000000000 ) ) ;
#3796 = CARTESIAN_POINT ( 'NONE',  ( 52.50000000000000711, 55.84000000000002473, -28.35991754977237633 ) ) ;
#3797 = VERTEX_POINT ( 'NONE', #7316 ) ;
#3798 = ORIENTED_EDGE ( 'NONE', *, *, #4272, .F. ) ;
#3799 = ORIENTED_EDGE ( 'NONE', *, *, #772, .T. ) ;
#3800 = CARTESIAN_POINT ( 'NONE',  ( -0.5203766503702305091, 122.3830773658085889, -57.48505106017256594 ) ) ;
#3801 = CARTESIAN_POINT ( 'NONE',  ( 24.99999999999998224, 0.000000000000000000, -69.13682435559864814 ) ) ;
#3802 = CARTESIAN_POINT ( 'NONE',  ( 130.7001074500601305, 123.2945345111767494, -4.110436089150657502 ) ) ;
#3803 = FACE_OUTER_BOUND ( 'NONE', #4266, .T. ) ;
#3804 = CARTESIAN_POINT ( 'NONE',  ( -1.428637774080746103, 166.5823049452953342, -6.428849818528295401 ) ) ;
#3805 = CARTESIAN_POINT ( 'NONE',  ( 43.04268651639600307, 69.22045390349596516, -10.20890854307039319 ) ) ;
#3806 = CARTESIAN_POINT ( 'NONE',  ( 45.79525718930111822, 14.47959062396464347, -66.86208224427569746 ) ) ;
#3807 = EDGE_LOOP ( 'NONE', ( #2969, #7683, #1954, #536 ) ) ;
#3808 = DIRECTION ( 'NONE',  ( 0.000000000000000000, 1.000000000000000000, 0.000000000000000000 ) ) ;
#3809 = CARTESIAN_POINT ( 'NONE',  ( -0.4734595286337258679, 121.4917031988239415, -90.28198453107738430 ) ) ;
#3810 = ORIENTED_EDGE ( 'NONE', *, *, #2450, .T. ) ;
#3811 = CARTESIAN_POINT ( 'NONE',  ( -1.090908170956573553, 169.2664721230072473, -86.83210338352344593 ) ) ;
#3812 = CARTESIAN_POINT ( 'NONE',  ( 87.60409755359897588, 52.00000000000000711, -32.98908729652600158 ) ) ;
#3813 = CARTESIAN_POINT ( 'NONE',  ( 56.50000000000000711, 30.00000000000001421, -47.49999999999996447 ) ) ;
#3814 = EDGE_CURVE ( 'NONE', #6214, #5183, #3530, .T. ) ;
#3815 = CARTESIAN_POINT ( 'NONE',  ( 103.9026806964133556, -3.238803364466136259, -68.86561126456628301 ) ) ;
#3816 = CIRCLE ( 'NONE', #4640, 2.149999999999999023 ) ;
#3817 = CARTESIAN_POINT ( 'NONE',  ( 25.50000000000000355, 80.86716922392891149, -17.39962958340374399 ) ) ;
#3818 = CARTESIAN_POINT ( 'NONE',  ( 42.39589333293312734, 10.01592551004141818, -62.01091270347398421 ) ) ;
#3819 = CARTESIAN_POINT ( 'NONE',  ( 131.4074494074790778, 163.9235247311489729, -54.71822330242064680 ) ) ;
#3820 = CARTESIAN_POINT ( 'NONE',  ( 87.60409755359897588, 78.34000000000000341, -22.78908729652599874 ) ) ;
#3821 = CARTESIAN_POINT ( 'NONE',  ( 112.2423757115256961, 145.3019670828190613, -94.93386846621288555 ) ) ;
#3822 = CARTESIAN_POINT ( 'NONE',  ( 44.50000000000000711, 40.03517976947111379, -69.18971353590646345 ) ) ;
#3823 = CARTESIAN_POINT ( 'NONE',  ( 38.50000000000000000, 23.00000000000000000, -54.50000000000000711 ) ) ;
#3824 = CARTESIAN_POINT ( 'NONE',  ( 29.44130706592912716, 79.54783345700548125, -81.93863278752648682 ) ) ;
#3825 = CARTESIAN_POINT ( 'NONE',  ( -1.076984594796065897, 127.2182971639993241, -31.06255774026078953 ) ) ;
#3826 = EDGE_LOOP ( 'NONE', ( #1332, #1644, #826, #7941 ) ) ;
#3827 = CARTESIAN_POINT ( 'NONE',  ( 112.3026236231156361, 154.7257542451699521, -1.472860966520428638 ) ) ;
#3828 = ORIENTED_EDGE ( 'NONE', *, *, #4268, .T. ) ;
#3829 = VECTOR ( 'NONE', #2599, 1000.000000000000000 ) ;
#3830 = CARTESIAN_POINT ( 'NONE',  ( 49.50000000000000000, 30.00000000000001421, -47.49999999999996447 ) ) ;
#3831 = ORIENTED_EDGE ( 'NONE', *, *, #5171, .T. ) ;
#3832 = CARTESIAN_POINT ( 'NONE',  ( 73.00000000000001421, 30.00000000000001421, -47.49999999999996447 ) ) ;
#3833 = CARTESIAN_POINT ( 'NONE',  ( 130.5464330841568881, 169.8716643813054930, -61.13954472751564140 ) ) ;
#3834 = DIRECTION ( 'NONE',  ( 0.000000000000000000, 0.000000000000000000, 1.000000000000000000 ) ) ;
#3835 = AXIS2_PLACEMENT_3D ( 'NONE', #1401, #680, #5816 ) ;
#3836 = DIRECTION ( 'NONE',  ( 0.000000000000000000, 0.000000000000000000, 1.000000000000000000 ) ) ;
#3837 = VERTEX_POINT ( 'NONE', #5446 ) ;
#3838 = ORIENTED_EDGE ( 'NONE', *, *, #5411, .T. ) ;
#3839 = ORIENTED_EDGE ( 'NONE', *, *, #7285, .T. ) ;
#3840 = DIRECTION ( 'NONE',  ( 0.000000000000000000, -0.7071067811865499042, 0.7071067811865451302 ) ) ;
#3841 = CARTESIAN_POINT ( 'NONE',  ( 15.78331940506325459, 189.6276999877980529, -49.83562752609333302 ) ) ;
#3842 = CARTESIAN_POINT ( 'NONE',  ( 130.4849868620100324, 121.5815914366951631, -4.687721874929646759 ) ) ;
#3843 = CARTESIAN_POINT ( 'NONE',  ( 28.45141903879646961, 80.66568662896696651, -84.48604771937642965 ) ) ;
#3844 = EDGE_CURVE ( 'NONE', #6613, #2925, #4084, .T. ) ;
#3845 = CARTESIAN_POINT ( 'NONE',  ( -2.246729987451123733, 152.1953224331395802, -21.52572497695664211 ) ) ;
#3846 = CARTESIAN_POINT ( 'NONE',  ( 49.50000000000000000, 54.13681670589065220, -32.95991754977235644 ) ) ;
#3847 = CARTESIAN_POINT ( 'NONE',  ( 44.86526185236593989, 10.63130379850166030, -62.98716411961455464 ) ) ;
#3848 = EDGE_LOOP ( 'NONE', ( #3279, #1423, #5466, #7628 ) ) ;
#3849 = DIRECTION ( 'NONE',  ( 1.000000000000000000, -0.000000000000000000, 0.000000000000000000 ) ) ;
#3850 = CARTESIAN_POINT ( 'NONE',  ( 103.0496724187274822, -5.756508166210216437, -26.18922306354102503 ) ) ;
#3851 = CARTESIAN_POINT ( 'NONE',  ( -0.6106207443364315424, 122.5719615982271335, -90.64604672802553864 ) ) ;
#3852 = ORIENTED_EDGE ( 'NONE', *, *, #2812, .T. ) ;
#3853 = APPLICATION_CONTEXT ( 'automotive_design' ) ;
#3854 = CARTESIAN_POINT ( 'NONE',  ( -2.250668405451997423, 154.5056220517199677, -93.49737695711837659 ) ) ;
#3855 = CARTESIAN_POINT ( 'NONE',  ( 45.97129602326351971, 74.80579940713106168, -80.14898016162557326 ) ) ;
#3856 = CARTESIAN_POINT ( 'NONE',  ( 105.0109255304906526, 0.03224735480015436528, -68.88015612940769472 ) ) ;
#3857 = CARTESIAN_POINT ( 'NONE',  ( 18.55642132659753685, 176.8358314693684292, -80.46175698443973090 ) ) ;
#3858 = CARTESIAN_POINT ( 'NONE',  ( 42.05995656874192434, 10.01592551004141818, -62.01091270347397710 ) ) ;
#3859 = CARTESIAN_POINT ( 'NONE',  ( 131.7284573789381170, 160.8971384107872780, -34.38495829030743067 ) ) ;
#3860 = CARTESIAN_POINT ( 'NONE',  ( 84.08191696696594875, 0.000000000000000000, -6.200000000000000178 ) ) ;
#3861 = CARTESIAN_POINT ( 'NONE',  ( 5.771527589512293055, 81.11829219309981909, -10.55646290192275316 ) ) ;
#3862 = ORIENTED_EDGE ( 'NONE', *, *, #8190, .T. ) ;
#3863 = ADVANCED_FACE ( 'NONE', ( #2279 ), #2032, .F. ) ;
#3864 = CARTESIAN_POINT ( 'NONE',  ( 112.1069254964898647, 164.2545127799090778, -89.77992938549880364 ) ) ;
#3865 = CARTESIAN_POINT ( 'NONE',  ( 116.5856327322330372, 189.0129005667020294, -44.52961391980498007 ) ) ;
#3866 = CARTESIAN_POINT ( 'NONE',  ( 29.12131492422924595, 79.88572392930119292, -81.98663930822885959 ) ) ;
#3867 = CARTESIAN_POINT ( 'NONE',  ( -1.311145298143639559, 129.5066243119229057, -29.19835990806681991 ) ) ;
#3868 = CARTESIAN_POINT ( 'NONE',  ( 110.6679044517669865, 185.4841808237480052, -27.06016953173089590 ) ) ;
#3869 = ORIENTED_EDGE ( 'NONE', *, *, #2036, .F. ) ;
#3870 = CARTESIAN_POINT ( 'NONE',  ( 111.2766706392281577, 123.2000559591661784, -4.142276683242275936 ) ) ;
#3871 = VERTEX_POINT ( 'NONE', #1460 ) ;
#3872 = DIRECTION ( 'NONE',  ( 0.000000000000000000, -1.000000000000000000, 0.000000000000000000 ) ) ;
#3873 = CARTESIAN_POINT ( 'NONE',  ( 129.7425065177009458, 174.0644279243350923, -50.70510301237652584 ) ) ;
#3874 = CARTESIAN_POINT ( 'NONE',  ( -1.135604951015814157, 127.7646003461488107, -71.99336915080232302 ) ) ;
#3875 = CARTESIAN_POINT ( 'NONE',  ( 52.50000000000000711, 57.54318329410943278, -32.95991754977236354 ) ) ;
#3876 = EDGE_LOOP ( 'NONE', ( #786, #820, #1650, #4551, #330 ) ) ;
#3877 = VERTEX_POINT ( 'NONE', #4373 ) ;
#3878 = ORIENTED_EDGE ( 'NONE', *, *, #4959, .T. ) ;
#3879 = FACE_OUTER_BOUND ( 'NONE', #3114, .T. ) ;
#3880 = DIRECTION ( 'NONE',  ( 0.000000000000000000, 1.000000000000000000, 0.000000000000000000 ) ) ;
#3881 = LINE ( 'NONE', #6569, #3424 ) ;
#3882 = DIRECTION ( 'NONE',  ( 1.000000000000000000, -0.000000000000000000, -0.000000000000000000 ) ) ;
#3883 = CARTESIAN_POINT ( 'NONE',  ( 17.78499781555699855, 143.8333418414138407, -0.01329673781018912010 ) ) ;
#3884 = EDGE_CURVE ( 'NONE', #3741, #1261, #2795, .T. ) ;
#3885 = CARTESIAN_POINT ( 'NONE',  ( 25.81267629235000882, 82.27105643715587746, -84.43587188869443594 ) ) ;
#3886 = AXIS2_PLACEMENT_3D ( 'NONE', #1834, #5343, #1195 ) ;
#3887 = ADVANCED_FACE ( 'NONE', ( #1503 ), #2197, .T. ) ;
#3888 = CARTESIAN_POINT ( 'NONE',  ( 25.49999999999999645, 123.2000559591661784, -90.85772331675772762 ) ) ;
#3889 = EDGE_LOOP ( 'NONE', ( #4397, #4474 ) ) ;
#3890 = CARTESIAN_POINT ( 'NONE',  ( 102.8221389151094769, -6.428086871367436395, -26.20890098522552947 ) ) ;
#3891 = CARTESIAN_POINT ( 'NONE',  ( 18.73599371386188039, 123.6605770860714415, -3.987074619277974463 ) ) ;
#3892 = ORIENTED_EDGE ( 'NONE', *, *, #3910, .T. ) ;
#3893 = CARTESIAN_POINT ( 'NONE',  ( 17.96091436909232186, 137.2271348212155146, -94.69790396849160174 ) ) ;
#3894 = DIRECTION ( 'NONE',  ( 0.000000000000000000, 0.000000000000000000, -1.000000000000000000 ) ) ;
#3895 = CARTESIAN_POINT ( 'NONE',  ( 103.0496716194865456, -5.756510525217507279, -68.81077686827346440 ) ) ;
#3896 = CARTESIAN_POINT ( 'NONE',  ( 18.87731415584180539, 180.7847359399529807, -75.76244482352035448 ) ) ;
#3897 = CARTESIAN_POINT ( 'NONE',  ( 87.60409755359897588, 98.00000000000000000, -25.78908729652599519 ) ) ;
#3898 = ADVANCED_FACE ( 'NONE', ( #2043 ), #4661, .F. ) ;
#3899 = CARTESIAN_POINT ( 'NONE',  ( 54.50000000000000000, 78.34000000000000341, -74.64834724391587883 ) ) ;
#3900 = CARTESIAN_POINT ( 'NONE',  ( 12.62921022601921983, 45.33631850416659859, -27.99865795206110164 ) ) ;
#3901 = AXIS2_PLACEMENT_3D ( 'NONE', #5002, #7596, #6315 ) ;
#3902 = CARTESIAN_POINT ( 'NONE',  ( -0.4435661119144381215, 121.2625057646611850, -4.793230278952506751 ) ) ;
#3903 = ORIENTED_EDGE ( 'NONE', *, *, #953, .F. ) ;
#3904 = CARTESIAN_POINT ( 'NONE',  ( 132.3206967519529371, 148.0168130092048102, -94.70399226320351715 ) ) ;
#3905 = CARTESIAN_POINT ( 'NONE',  ( 0.000000000000000000, 78.34000000000000341, -150.0000000000000000 ) ) ;
#3906 = DIRECTION ( 'NONE',  ( 0.000000000000000000, 0.000000000000000000, -1.000000000000000000 ) ) ;
#3907 = ADVANCED_FACE ( 'NONE', ( #5373 ), #7205, .F. ) ;
#3908 = VECTOR ( 'NONE', #1462, 1000.000000000000000 ) ;
#3909 = DIRECTION ( 'NONE',  ( 0.000000000000000000, 0.000000000000000000, 1.000000000000000000 ) ) ;
#3910 = EDGE_CURVE ( 'NONE', #358, #7372, #8307, .T. ) ;
#3911 = CARTESIAN_POINT ( 'NONE',  ( 111.8752297586462277, 169.8772130196975922, -8.583222654515243022 ) ) ;
#3912 = VERTEX_POINT ( 'NONE', #1355 ) ;
#3913 = CARTESIAN_POINT ( 'NONE',  ( 17.81120477095015175, 142.5999999999856698, -95.00000000000000000 ) ) ;
#3914 = ORIENTED_EDGE ( 'NONE', *, *, #2015, .F. ) ;
#3915 = CYLINDRICAL_SURFACE ( 'NONE', #7724, 1.649999999999991696 ) ;
#3916 = COLOUR_RGB ( '',0.7921568627450980005, 0.8196078431372548767, 0.9333333333333333481 ) ;
#3917 = CARTESIAN_POINT ( 'NONE',  ( 49.50000000000000000, 38.64580823289530542, -49.99999999999997158 ) ) ;
#3918 = CARTESIAN_POINT ( 'NONE',  ( -0.7667083431954241357, 124.4350896552135453, -70.98233448383939503 ) ) ;
#3919 = CARTESIAN_POINT ( 'NONE',  ( 49.50000000000000000, 23.00000000000000000, -69.50000000000000000 ) ) ;
#3920 = ORIENTED_EDGE ( 'NONE', *, *, #6576, .F. ) ;
#3921 = EDGE_LOOP ( 'NONE', ( #952, #2634, #7274, #1550, #4612, #3414 ) ) ;
#3922 = ORIENTED_EDGE ( 'NONE', *, *, #772, .F. ) ;
#3923 = DIRECTION ( 'NONE',  ( 0.000000000000000000, 0.000000000000000000, 1.000000000000000000 ) ) ;
#3924 = AXIS2_PLACEMENT_3D ( 'NONE', #3194, #8406, #6399 ) ;
#3925 = CARTESIAN_POINT ( 'NONE',  ( 19.69284581012006541, 17.04156036163989896, -68.26579082639347007 ) ) ;
#3926 = CARTESIAN_POINT ( 'NONE',  ( 131.1556009637638169, 127.9682640846124286, -22.94337967245745347 ) ) ;
#3927 = CARTESIAN_POINT ( 'NONE',  ( 45.29445688647005852, 40.15297110794651303, -69.16495875161102447 ) ) ;
#3928 = VECTOR ( 'NONE', #6806, 1000.000000000000000 ) ;
#3929 = CARTESIAN_POINT ( 'NONE',  ( 18.23525947363794231, 130.3056686287899026, -1.607470415975906342 ) ) ;
#3930 = DIRECTION ( 'NONE',  ( -1.000000000000000000, -0.000000000000000000, -0.000000000000000000 ) ) ;
#3931 = CARTESIAN_POINT ( 'NONE',  ( 45.97251615742951003, 13.45194196815700138, -66.07333462619729403 ) ) ;
#3932 = VERTEX_POINT ( 'NONE', #3370 ) ;
#3933 = EDGE_CURVE ( 'NONE', #1347, #6643, #3971, .T. ) ;
#3934 = FACE_BOUND ( 'NONE', #4956, .T. ) ;
#3935 = CARTESIAN_POINT ( 'NONE',  ( 102.8518309379967377, -6.340449095097129728, -6.385932828605848322 ) ) ;
#3936 = CARTESIAN_POINT ( 'NONE',  ( 111.0000000000000000, 151.1000000000000796, -30.67756813566458973 ) ) ;
#3937 = CARTESIAN_POINT ( 'NONE',  ( -1.806126354434503423, 135.0318845287051772, -94.41152656751096117 ) ) ;
#3938 = CARTESIAN_POINT ( 'NONE',  ( 126.0000000000000000, 151.1000000000000796, -32.77756813566458050 ) ) ;
#3939 = AXIS2_PLACEMENT_3D ( 'NONE', #5260, #6688, #4619 ) ;
#3940 = CARTESIAN_POINT ( 'NONE',  ( 7.089825140399736547, 73.46908676322587439, -30.51490496389941498 ) ) ;
#3941 = LINE ( 'NONE', #5274, #1156 ) ;
#3942 = CARTESIAN_POINT ( 'NONE',  ( 131.3559482029905894, 164.3509821715169892, -53.30432848638660914 ) ) ;
#3943 = CARTESIAN_POINT ( 'NONE',  ( 150.0000000000000000, 123.2000559591661784, -4.142276683242275936 ) ) ;
#3944 = CARTESIAN_POINT ( 'NONE',  ( 2.518238983659148111, 101.3139419681686917, -28.95437132095014121 ) ) ;
#3945 = EDGE_LOOP ( 'NONE', ( #611, #6615 ) ) ;
#3946 = CARTESIAN_POINT ( 'NONE',  ( 132.2515906164472597, 152.1761039147387748, -73.49902419695405342 ) ) ;
#3947 = EDGE_CURVE ( 'NONE', #2034, #619, #7477, .T. ) ;
#3948 = ADVANCED_FACE ( 'NONE', ( #7895 ), #5977, .T. ) ;
#3949 = CARTESIAN_POINT ( 'NONE',  ( 120.0000000000000142, 142.5999999999999943, -47.50000000000000000 ) ) ;
#3950 = CARTESIAN_POINT ( 'NONE',  ( 130.6545490124383946, 122.9242928591120574, -90.76478729320170658 ) ) ;
#3951 = CARTESIAN_POINT ( 'NONE',  ( -2.003135821503378988, 157.4515688460760146, -30.58162650959366147 ) ) ;
#3952 =( BOUNDED_CURVE ( )  B_SPLINE_CURVE ( 3, ( #3238, #8455, #2600, #5216 ),
 .UNSPECIFIED., .F., .T. ) 
 B_SPLINE_CURVE_WITH_KNOTS ( ( 4, 4 ),
 ( 1.570796326794907438, 1.596975183489957040 ),
 .UNSPECIFIED. ) 
 CURVE ( )  GEOMETRIC_REPRESENTATION_ITEM ( )  RATIONAL_B_SPLINE_CURVE ( ( 1.000000000000000000, 0.9999428897705915364, 0.9999428897705915364, 1.000000000000000000 ) ) 
 REPRESENTATION_ITEM ( '' )  );
#3953 = CARTESIAN_POINT ( 'NONE',  ( 9.919237145615685591, 58.50954583086027583, -28.62740578773368583 ) ) ;
#3954 = VERTEX_POINT ( 'NONE', #8020 ) ;
#3955 = CARTESIAN_POINT ( 'NONE',  ( 47.20784468188287519, 78.33999999997163854, -80.75360005036159805 ) ) ;
#3956 = AXIS2_PLACEMENT_3D ( 'NONE', #3781, #7102, #6550 ) ;
#3957 = ORIENTED_EDGE ( 'NONE', *, *, #4541, .F. ) ;
#3958 = CARTESIAN_POINT ( 'NONE',  ( 11.18932443189169312, 52.00000000000000711, -40.50000000000000711 ) ) ;
#3959 = EDGE_CURVE ( 'NONE', #1481, #3316, #7973, .T. ) ;
#3960 = CARTESIAN_POINT ( 'NONE',  ( 126.0699468728853958, 124.2860694147392167, -10.72454912714831643 ) ) ;
#3961 = CARTESIAN_POINT ( 'NONE',  ( 25.50000000000000355, 39.69556893359857952, -25.74419069911046876 ) ) ;
#3962 = VERTEX_POINT ( 'NONE', #7938 ) ;
#3963 = ORIENTED_EDGE ( 'NONE', *, *, #1805, .F. ) ;
#3964 = AXIS2_PLACEMENT_3D ( 'NONE', #4694, #186, #5454 ) ;
#3965 = ORIENTED_EDGE ( 'NONE', *, *, #3959, .F. ) ;
#3966 = CARTESIAN_POINT ( 'NONE',  ( -1.611460613499358985, 162.0862952228603717, -58.77298010592157596 ) ) ;
#3967 = CARTESIAN_POINT ( 'NONE',  ( 130.2703304077495261, 120.3989817979118868, -43.82549093090253933 ) ) ;
#3968 = EDGE_CURVE ( 'NONE', #7515, #2241, #4736, .T. ) ;
#3969 = CARTESIAN_POINT ( 'NONE',  ( 29.04435164220968346, -0.000000000000000000, -80.66993266753175362 ) ) ;
#3970 = CARTESIAN_POINT ( 'NONE',  ( 84.00409755359898156, 49.89116882454315061, -27.28025612106915077 ) ) ;
#3971 = LINE ( 'NONE', #2684, #6790 ) ;
#3972 = EDGE_CURVE ( 'NONE', #1807, #5636, #4631, .T. ) ;
#3973 = CARTESIAN_POINT ( 'NONE',  ( 49.50000000000000000, 30.00000000000001421, -47.49999999999996447 ) ) ;
#3974 = CARTESIAN_POINT ( 'NONE',  ( 24.85310699522032607, 87.44527414233016316, -84.54985008336292651 ) ) ;
#3975 = CARTESIAN_POINT ( 'NONE',  ( 47.99558823093391169, 78.34000000000000341, -84.49008245022766062 ) ) ;
#3976 = VERTEX_POINT ( 'NONE', #155 ) ;
#3977 = CARTESIAN_POINT ( 'NONE',  ( 29.45576102535547136, -0.000000000000000000, -13.76160660017746373 ) ) ;
#3978 = CARTESIAN_POINT ( 'NONE',  ( 87.60409755359897588, 75.34000000000000341, -29.38908729652600016 ) ) ;
#3979 = CARTESIAN_POINT ( 'NONE',  ( -0.7246943236587277681, 171.8519394893283447, -84.96531191502650415 ) ) ;
#3980 = CARTESIAN_POINT ( 'NONE',  ( 103.4300005089497745, 78.34000000000001762, -84.49008245022767483 ) ) ;
#3981 = CARTESIAN_POINT ( 'NONE',  ( 56.50000000000107292, 53.64580823289336564, -46.18217479059989472 ) ) ;
#3982 = CARTESIAN_POINT ( 'NONE',  ( 1.838934191007038921, 105.6978184322925784, -28.31380732029510483 ) ) ;
#3983 = CARTESIAN_POINT ( 'NONE',  ( 118.1399085223816456, 49.39085155784341197, -26.77993885436940502 ) ) ;
#3984 = CYLINDRICAL_SURFACE ( 'NONE', #738, 3.599999999999999201 ) ;
#3985 = CARTESIAN_POINT ( 'NONE',  ( 132.2542417948048694, 151.9131957949751097, -67.99515560078825160 ) ) ;
#3986 = CARTESIAN_POINT ( 'NONE',  ( 104.9999999999999858, 0.000000000000000000, -68.88026130635323341 ) ) ;
#3987 = CARTESIAN_POINT ( 'NONE',  ( 21.43046318291139585, 106.4248386311376038, -8.412800640647287054 ) ) ;
#3988 = ORIENTED_EDGE ( 'NONE', *, *, #8101, .T. ) ;
#3989 = CARTESIAN_POINT ( 'NONE',  ( 132.2889704093746559, 146.2683853269501242, -74.72669337954765467 ) ) ;
#3990 = CARTESIAN_POINT ( 'NONE',  ( 7.288428874819711467, 123.5062545357460095, -7.885506891169000276 ) ) ;
#3991 = CARTESIAN_POINT ( 'NONE',  ( 131.3017954343397378, 129.4132144260308337, -72.50644696093324626 ) ) ;
#3992 = CARTESIAN_POINT ( 'NONE',  ( -2.150960755409187186, 141.1087977311972566, -25.00032736686419454 ) ) ;
#3993 = DIRECTION ( 'NONE',  ( 0.000000000000000000, 0.000000000000000000, -1.000000000000000000 ) ) ;
#3994 = EDGE_LOOP ( 'NONE', ( #7152, #4180, #2331, #5832 ) ) ;
#3995 = EDGE_CURVE ( 'NONE', #2192, #921, #2082, .T. ) ;
#3996 = CARTESIAN_POINT ( 'NONE',  ( -2.009490255748153764, 138.3310162769791418, -20.15388451483977761 ) ) ;
#3997 = EDGE_CURVE ( 'NONE', #6805, #7673, #2161, .T. ) ;
#3998 = EDGE_LOOP ( 'NONE', ( #4058, #3635 ) ) ;
#3999 = CARTESIAN_POINT ( 'NONE',  ( 87.60409755359897588, 75.34000000000000341, -65.61091270347399984 ) ) ;
#4000 =( BOUNDED_CURVE ( )  B_SPLINE_CURVE ( 3, ( #6278, #8212, #1017, #4319 ),
 .UNSPECIFIED., .F., .F. ) 
 B_SPLINE_CURVE_WITH_KNOTS ( ( 4, 4 ),
 ( 1.570796326794893005, 3.141592653589793116 ),
 .UNSPECIFIED. ) 
 CURVE ( )  GEOMETRIC_REPRESENTATION_ITEM ( )  RATIONAL_B_SPLINE_CURVE ( ( 1.000000000000000000, 0.8047378541243641603, 0.8047378541243641603, 1.000000000000000000 ) ) 
 REPRESENTATION_ITEM ( '' )  );
#4001 = CARTESIAN_POINT ( 'NONE',  ( 104.9999999999999858, 0.000000000000000000, -68.88026130635323341 ) ) ;
#4002 = DIRECTION ( 'NONE',  ( -1.000000000000000000, -0.000000000000000000, -0.000000000000000000 ) ) ;
#4003 = EDGE_LOOP ( 'NONE', ( #6547, #7501, #1862, #5758, #3233, #5388, #4097, #2239, #4309, #589, #3461, #4048, #8463 ) ) ;
#4004 = ORIENTED_EDGE ( 'NONE', *, *, #2475, .T. ) ;
#4005 = ORIENTED_EDGE ( 'NONE', *, *, #3972, .F. ) ;
#4006 = CARTESIAN_POINT ( 'NONE',  ( 53.00000000000000711, 20.10000000000000853, -57.39999999999997016 ) ) ;
#4007 = CARTESIAN_POINT ( 'NONE',  ( 131.3400819483542818, 129.8034757953745952, -66.01037024482212701 ) ) ;
#4008 = CARTESIAN_POINT ( 'NONE',  ( 44.57099202599874843, -0.000000000000000000, -88.79999999999996874 ) ) ;
#4009 = DIRECTION ( 'NONE',  ( -1.000000000000000000, -6.208745440146051873E-17, -0.000000000000000000 ) ) ;
#4010 = CARTESIAN_POINT ( 'NONE',  ( 25.49999999999999645, 123.2000559591661784, -90.85772331675772762 ) ) ;
#4011 = CARTESIAN_POINT ( 'NONE',  ( 11.97038034115218785, 48.28568463837162028, -30.60440936871031781 ) ) ;
#4012 = CARTESIAN_POINT ( 'NONE',  ( 37.54268651639599597, 74.62654356742478967, 13.17091596813655840 ) ) ;
#4013 = EDGE_CURVE ( 'NONE', #6214, #8419, #6137, .T. ) ;
#4014 = ORIENTED_EDGE ( 'NONE', *, *, #5543, .T. ) ;
#4015 = ADVANCED_FACE ( 'NONE', ( #271 ), #408, .F. ) ;
#4016 = CARTESIAN_POINT ( 'NONE',  ( 53.00000000000000711, 20.10000000000000853, -37.59999999999996589 ) ) ;
#4017 = ORIENTED_EDGE ( 'NONE', *, *, #2678, .T. ) ;
#4018 = CARTESIAN_POINT ( 'NONE',  ( 84.02199833398078965, -0.1768534185728022068, -6.205186203038720372 ) ) ;
#4019 = CARTESIAN_POINT ( 'NONE',  ( 18.99999506369639235, 127.6999953997165420, -47.50000000000001421 ) ) ;
#4020 = EDGE_CURVE ( 'NONE', #3100, #5452, #1000, .T. ) ;
#4021 = CARTESIAN_POINT ( 'NONE',  ( -1.160562629700981896, 165.8723831900547054, -65.74312169558315588 ) ) ;
#4022 = CARTESIAN_POINT ( 'NONE',  ( 22.37854988140724544, 8.055433825575564200, -39.01330515961197420 ) ) ;
#4023 = CARTESIAN_POINT ( 'NONE',  ( 111.3971508091171785, 123.1921976565164840, -4.145793650485553705 ) ) ;
#4024 = CARTESIAN_POINT ( 'NONE',  ( 52.50000000000000711, 57.42945042295378499, -33.15690866110464441 ) ) ;
#4025 = AXIS2_PLACEMENT_3D ( 'NONE', #3506, #4835, #7949 ) ;
#4026 = LINE ( 'NONE', #3943, #4470 ) ;
#4027 = CARTESIAN_POINT ( 'NONE',  ( 18.87626962372917916, 122.4708175908109808, -4.386860624990255531 ) ) ;
#4028 = EDGE_CURVE ( 'NONE', #6763, #2478, #4864, .T. ) ;
#4029 = ORIENTED_EDGE ( 'NONE', *, *, #6445, .F. ) ;
#4030 = DIRECTION ( 'NONE',  ( 1.000000000000000000, 0.000000000000000000, 0.000000000000000000 ) ) ;
#4031 = CARTESIAN_POINT ( 'NONE',  ( 123.6611287129476011, 77.67102805762976914, -30.59320590349631175 ) ) ;
#4032 = CARTESIAN_POINT ( 'NONE',  ( 131.1568220333173542, 127.9800303256124465, -72.06029076392064781 ) ) ;
#4033 = DIRECTION ( 'NONE',  ( -1.000000000000000000, 0.000000000000000000, 0.000000000000000000 ) ) ;
#4034 = CARTESIAN_POINT ( 'NONE',  ( 131.1538870203737872, 127.9523849746019550, -71.95506089259329485 ) ) ;
#4035 = ORIENTED_EDGE ( 'NONE', *, *, #6567, .F. ) ;
#4036 = CIRCLE ( 'NONE', #4996, 2.099999999999997868 ) ;
#4037 = CARTESIAN_POINT ( 'NONE',  ( -1.114650187998003306, 166.2248834660801151, -29.56464429015598938 ) ) ;
#4038 = B_SPLINE_CURVE_WITH_KNOTS ( 'NONE', 3,
 ( #943, #6874, #985, #4974, #6835, #3732, #8259, #1028, #6243, #1710, #4334, #5524 ),
 .UNSPECIFIED., .F., .F.,
 ( 4, 2, 2, 2, 2, 4 ),
 ( -5.946578400181645740E-08, 0.01151117474762448564, 0.02302240896103297310, 0.02877802606773721683, 0.03453364317444146403, 0.04604487738784994455 ),
 .UNSPECIFIED. ) ;
#4039 = EDGE_LOOP ( 'NONE', ( #7275, #7128 ) ) ;
#4040 = CARTESIAN_POINT ( 'NONE',  ( 39.50000000000000711, 39.90000000000001279, -37.59999999999995879 ) ) ;
#4041 = CARTESIAN_POINT ( 'NONE',  ( 127.7333359279145100, 185.5963118840213610, -27.24124843488940328 ) ) ;
#4042 = AXIS2_PLACEMENT_3D ( 'NONE', #1815, #3795, #3834 ) ;
#4043 = CIRCLE ( 'NONE', #1162, 3.599999999999999201 ) ;
#4044 = ADVANCED_FACE ( 'NONE', ( #2886 ), #2333, .F. ) ;
#4045 = DIRECTION ( 'NONE',  ( 0.000000000000000000, 0.000000000000000000, 1.000000000000000000 ) ) ;
#4046 = DIRECTION ( 'NONE',  ( 0.000000000000000000, 0.000000000000000000, -1.000000000000000000 ) ) ;
#4047 = ORIENTED_EDGE ( 'NONE', *, *, #6179, .T. ) ;
#4048 = ORIENTED_EDGE ( 'NONE', *, *, #7483, .F. ) ;
#4049 = EDGE_CURVE ( 'NONE', #4518, #5039, #1976, .T. ) ;
#4050 = ORIENTED_EDGE ( 'NONE', *, *, #2759, .F. ) ;
#4051 = CARTESIAN_POINT ( 'NONE',  ( 38.02846618466231376, 74.59457716493385249, -19.19953146662869159 ) ) ;
#4052 = CARTESIAN_POINT ( 'NONE',  ( 131.9564606102604500, 137.4916043589854837, -69.42468459050090246 ) ) ;
#4053 = CIRCLE ( 'NONE', #351, 1.649999999999998579 ) ;
#4054 = CARTESIAN_POINT ( 'NONE',  ( 52.50000000000000711, 57.54318329410944699, -27.05991754977236141 ) ) ;
#4055 = CARTESIAN_POINT ( 'NONE',  ( -1.270557676016414783, 129.0737576611466011, -22.51111186349033844 ) ) ;
#4056 = CARTESIAN_POINT ( 'NONE',  ( 11.57190957237722451, 50.16548951589964389, -33.23173452992021026 ) ) ;
#4057 = CARTESIAN_POINT ( 'NONE',  ( 107.6040975535989759, 8.000000000000003553, -65.61091270347402826 ) ) ;
#4058 = ORIENTED_EDGE ( 'NONE', *, *, #4894, .T. ) ;
#4059 = AXIS2_PLACEMENT_3D ( 'NONE', #4549, #5276, #7258 ) ;
#4060 = CARTESIAN_POINT ( 'NONE',  ( 33.48841735234893235, 77.94426317988229869, -81.38128568193242529 ) ) ;
#4061 = ORIENTED_EDGE ( 'NONE', *, *, #3328, .T. ) ;
#4062 = AXIS2_PLACEMENT_3D ( 'NONE', #1751, #3640, #981 ) ;
#4063 = AXIS2_PLACEMENT_3D ( 'NONE', #8272, #4346, #1084 ) ;
#4064 = CARTESIAN_POINT ( 'NONE',  ( 107.3899531255210178, 7.277005368484652514, -26.24407267057243232 ) ) ;
#4065 = CARTESIAN_POINT ( 'NONE',  ( -1.105276583945036917, 127.4890538636713444, -23.09301774078668146 ) ) ;
#4066 = CARTESIAN_POINT ( 'NONE',  ( -1.529104219616152838, 162.9006336904245416, -68.22285768967503827 ) ) ;
#4067 = DIRECTION ( 'NONE',  ( -1.000000000000000000, 0.000000000000000000, -0.000000000000000000 ) ) ;
#4068 = CARTESIAN_POINT ( 'NONE',  ( 59.35704100624885626, 48.49994388195084127, -46.49346137229988329 ) ) ;
#4069 = CARTESIAN_POINT ( 'NONE',  ( 52.50000000000000711, 54.13681670589065220, -32.95991754977235644 ) ) ;
#4070 = DIRECTION ( 'NONE',  ( -1.000000000000000000, 0.000000000000000000, 0.000000000000000000 ) ) ;
#4071 = CARTESIAN_POINT ( 'NONE',  ( 7.104970482115120944, 73.33067484170597083, -10.50470979149436701 ) ) ;
#4072 = EDGE_CURVE ( 'NONE', #3095, #705, #443, .T. ) ;
#4073 = ORIENTED_EDGE ( 'NONE', *, *, #8444, .F. ) ;
#4074 = CARTESIAN_POINT ( 'NONE',  ( 42.39589333293313445, -2.000000000000000000, -27.23908729652599447 ) ) ;
#4075 = CARTESIAN_POINT ( 'NONE',  ( 15.00000000000000000, 142.5999999999999943, -58.75000000000000711 ) ) ;
#4076 = CARTESIAN_POINT ( 'NONE',  ( 131.1076338728007045, 127.5113587677156346, -71.91395190604571042 ) ) ;
#4077 = DIRECTION ( 'NONE',  ( 1.000000000000000000, 0.000000000000000000, 0.000000000000000000 ) ) ;
#4078 = CARTESIAN_POINT ( 'NONE',  ( 111.9312635460421461, 134.2255747620961870, -94.26698179884215278 ) ) ;
#4079 = VERTEX_POINT ( 'NONE', #5117 ) ;
#4080 = CARTESIAN_POINT ( 'NONE',  ( 104.5000000000000142, 142.5999999999999943, -43.35000000000000853 ) ) ;
#4081 = CARTESIAN_POINT ( 'NONE',  ( 14.70369121891855180, 36.99999999999998579, -69.50000000000000000 ) ) ;
#4082 = CIRCLE ( 'NONE', #4220, 18.49999999999999645 ) ;
#4083 = ORIENTED_EDGE ( 'NONE', *, *, #5784, .T. ) ;
#4084 = LINE ( 'NONE', #4850, #6927 ) ;
#4085 = CARTESIAN_POINT ( 'NONE',  ( 130.2952609515243694, 171.2791362080622548, -36.11992889275564522 ) ) ;
#4086 = CARTESIAN_POINT ( 'NONE',  ( 28.19246229615854560, 80.92011151852165085, -84.48737657759041042 ) ) ;
#4087 = CARTESIAN_POINT ( 'NONE',  ( 25.50000000000000711, 87.34000000000058606, -10.37066246679668780 ) ) ;
#4088 = ORIENTED_EDGE ( 'NONE', *, *, #4541, .T. ) ;
#4089 = ORIENTED_EDGE ( 'NONE', *, *, #7278, .F. ) ;
#4090 = CARTESIAN_POINT ( 'NONE',  ( 59.82690973313040672, 49.99388566611149542, -49.99999999999997158 ) ) ;
#4091 = CARTESIAN_POINT ( 'NONE',  ( 130.7989900229862315, 124.7137215897624429, -33.77120580588822207 ) ) ;
#4092 = CARTESIAN_POINT ( 'NONE',  ( 87.60409755359897588, 52.00000000000000711, -62.01091270347399131 ) ) ;
#4093 = CARTESIAN_POINT ( 'NONE',  ( 96.09432207978240115, 78.34000000000004604, -84.49008245022767483 ) ) ;
#4094 = CARTESIAN_POINT ( 'NONE',  ( 131.8159834338801488, 135.0418598645713644, -0.5412536848078679519 ) ) ;
#4095 = CIRCLE ( 'NONE', #3964, 2.100000000000004530 ) ;
#4096 = LINE ( 'NONE', #2685, #6078 ) ;
#4097 = ORIENTED_EDGE ( 'NONE', *, *, #260, .F. ) ;
#4098 = DIRECTION ( 'NONE',  ( -1.000000000000000000, -0.000000000000000000, -0.000000000000000000 ) ) ;
#4099 = EDGE_LOOP ( 'NONE', ( #7962, #6321, #2133, #788 ) ) ;
#4100 = EDGE_CURVE ( 'NONE', #2223, #7533, #4480, .T. ) ;
#4101 = CARTESIAN_POINT ( 'NONE',  ( 115.0173388449580045, 34.81498437827433179, -7.582535043037064604 ) ) ;
#4102 = EDGE_LOOP ( 'NONE', ( #4963, #1231, #8016, #6115 ) ) ;
#4103 = CARTESIAN_POINT ( 'NONE',  ( 18.65836327648961301, 178.1576705323192868, -79.01084656499921266 ) ) ;
#4104 = CARTESIAN_POINT ( 'NONE',  ( 21.36267087450225333, 11.35972971582923208, -31.01191796609189666 ) ) ;
#4105 = CARTESIAN_POINT ( 'NONE',  ( 64.46874131825322252, 48.36195621910677289, -44.99999999999998579 ) ) ;
#4106 = ORIENTED_EDGE ( 'NONE', *, *, #1002, .T. ) ;
#4107 = DIRECTION ( 'NONE',  ( 0.000000000000000000, 0.000000000000000000, -1.000000000000000000 ) ) ;
#4108 = CARTESIAN_POINT ( 'NONE',  ( 18.00260298517955704, 135.9504311955619471, -0.4384554849167845436 ) ) ;
#4109 = CARTESIAN_POINT ( 'NONE',  ( 17.99079956781164213, 23.00904571463573589, -6.658829182765528820 ) ) ;
#4110 = CARTESIAN_POINT ( 'NONE',  ( 13.64598977611193398, 40.55080563863185006, -86.88119868737594231 ) ) ;
#4111 = EDGE_LOOP ( 'NONE', ( #6396, #6367, #5361, #5849, #2470, #206, #2003, #4472, #1777, #7233, #6512, #7830 ) ) ;
#4112 = PLANE ( 'NONE',  #6985 ) ;
#4113 = CARTESIAN_POINT ( 'NONE',  ( 12.37110775207137259, 123.0144200561697687, -5.316191555200870944 ) ) ;
#4114 = CARTESIAN_POINT ( 'NONE',  ( 131.0055451795808779, 126.5527008892826615, -71.61564037452878040 ) ) ;
#4115 = FACE_OUTER_BOUND ( 'NONE', #1576, .T. ) ;
#4116 = VERTEX_POINT ( 'NONE', #7582 ) ;
#4117 = CARTESIAN_POINT ( 'NONE',  ( 0.3047174177703850240, 174.2859831552579806, -46.23339086929733099 ) ) ;
#4118 = CARTESIAN_POINT ( 'NONE',  ( 53.00000000000000711, 39.90000000000001279, -37.59999999999995879 ) ) ;
#4119 = CARTESIAN_POINT ( 'NONE',  ( 27.35438807358950086, -6.949089250382181504, -88.59621887958151376 ) ) ;
#4120 = CARTESIAN_POINT ( 'NONE',  ( -1.153471559166639793, 127.9483794113540398, -71.95315494223005715 ) ) ;
#4121 = CARTESIAN_POINT ( 'NONE',  ( 130.2412444797727176, 171.5684290644879013, -36.65687273180451200 ) ) ;
#4122 = CARTESIAN_POINT ( 'NONE',  ( 129.2394706369135804, 125.7696307229308417, -15.25819400308502871 ) ) ;
#4123 = DIRECTION ( 'NONE',  ( 1.000000000000000000, 0.000000000000000000, 0.000000000000000000 ) ) ;
#4124 = EDGE_LOOP ( 'NONE', ( #4747, #4602, #1653, #1348 ) ) ;
#4125 = VECTOR ( 'NONE', #6156, 1000.000000000000000 ) ;
#4126 = ORIENTED_EDGE ( 'NONE', *, *, #2502, .F. ) ;
#4127 = CARTESIAN_POINT ( 'NONE',  ( 57.78342002198324678, 51.77852310763796595, -49.99999999999997158 ) ) ;
#4128 = CARTESIAN_POINT ( 'NONE',  ( 15.75397138440810174, 32.31317209606722685, -69.50000000000000000 ) ) ;
#4129 = DIRECTION ( 'NONE',  ( 0.000000000000000000, 0.000000000000000000, -1.000000000000000000 ) ) ;
#4130 = CARTESIAN_POINT ( 'NONE',  ( 104.5000000000000568, 86.74614927694034350, -84.60563043910626391 ) ) ;
#4131 = CARTESIAN_POINT ( 'NONE',  ( 111.9341581996752950, 134.2340049149098036, -0.6984857279757172854 ) ) ;
#4132 = DIRECTION ( 'NONE',  ( 0.000000000000000000, -0.5000000000000015543, 0.8660254037844378194 ) ) ;
#4133 = ORIENTED_EDGE ( 'NONE', *, *, #854, .F. ) ;
#4134 = DIRECTION ( 'NONE',  ( -1.000000000000000000, 0.000000000000000000, 0.000000000000000000 ) ) ;
#4135 = CARTESIAN_POINT ( 'NONE',  ( 56.50000000000000000, 38.64580823289530542, -49.99999999999997158 ) ) ;
#4136 = VERTEX_POINT ( 'NONE', #6517 ) ;
#4137 = CARTESIAN_POINT ( 'NONE',  ( 110.0232088692106203, 15.88282435217009514, -26.61454463935231374 ) ) ;
#4138 = CARTESIAN_POINT ( 'NONE',  ( 118.8105508978225373, 52.00000000000000711, -29.42653441626262989 ) ) ;
#4139 = ADVANCED_FACE ( 'NONE', ( #5846 ), #5208, .F. ) ;
#4140 = CARTESIAN_POINT ( 'NONE',  ( 0.2839156047205976252, 174.1893441517016470, -49.87891100005385425 ) ) ;
#4141 = DIRECTION ( 'NONE',  ( 0.000000000000000000, 0.000000000000000000, 1.000000000000000000 ) ) ;
#4142 = EDGE_CURVE ( 'NONE', #1658, #8186, #8446, .T. ) ;
#4143 = LINE ( 'NONE', #4069, #3752 ) ;
#4144 = DIRECTION ( 'NONE',  ( 0.000000000000000000, 0.000000000000000000, -1.000000000000000000 ) ) ;
#4145 = CARTESIAN_POINT ( 'NONE',  ( 43.81800474206705331, 6.897971416978171177, -6.121758479702553934 ) ) ;
#4146 = CARTESIAN_POINT ( 'NONE',  ( 33.53273783219122350, 45.13018292792672526, -86.46801451996770993 ) ) ;
#4147 = EDGE_LOOP ( 'NONE', ( #7143, #664, #5148, #914 ) ) ;
#4148 = LINE ( 'NONE', #4074, #5906 ) ;
#4149 = CARTESIAN_POINT ( 'NONE',  ( 26.63068565365028206, 43.02566643341606323, -68.24074970878446322 ) ) ;
#4150 = CARTESIAN_POINT ( 'NONE',  ( 129.5799090711733754, 115.2342833035435632, -68.56588569392781096 ) ) ;
#4151 = FACE_OUTER_BOUND ( 'NONE', #6959, .T. ) ;
#4152 = EDGE_CURVE ( 'NONE', #3954, #1124, #1610, .T. ) ;
#4153 = VECTOR ( 'NONE', #747, 1000.000000000000000 ) ;
#4154 = CARTESIAN_POINT ( 'NONE',  ( 103.5992059762421036, -0.000000000000000000, -18.94785431015474586 ) ) ;
#4155 = ORIENTED_EDGE ( 'NONE', *, *, #1903, .T. ) ;
#4156 = CARTESIAN_POINT ( 'NONE',  ( 0.1209118336761939860, 173.4100845350403972, -41.24062424026365647 ) ) ;
#4157 = CARTESIAN_POINT ( 'NONE',  ( 110.2057551867865612, 189.5507493292845993, -54.86476963647655936 ) ) ;
#4158 = CARTESIAN_POINT ( 'NONE',  ( 26.80898256236114463, -5.339298741461271369, -88.67654392922510453 ) ) ;
#4159 = CARTESIAN_POINT ( 'NONE',  ( 18.63078568240569410, 122.6941093840078310, -90.63969292819648160 ) ) ;
#4160 = EDGE_CURVE ( 'NONE', #5245, #452, #2589, .T. ) ;
#4161 = CARTESIAN_POINT ( 'NONE',  ( 131.0312323830487173, 166.8141208279562022, -30.14794242831089122 ) ) ;
#4162 = CARTESIAN_POINT ( 'NONE',  ( 150.0000000000000000, 142.5999999999999943, 6.938893903907228378E-15 ) ) ;
#4163 = ADVANCED_FACE ( 'NONE', ( #4227 ), #2256, .F. ) ;
#4164 = CARTESIAN_POINT ( 'NONE',  ( 25.57609812856290432, 85.97834950956807631, -79.80758589366188005 ) ) ;
#4165 = FACE_OUTER_BOUND ( 'NONE', #3051, .T. ) ;
#4166 = ORIENTED_EDGE ( 'NONE', *, *, #5654, .F. ) ;
#4167 = ORIENTED_EDGE ( 'NONE', *, *, #1115, .F. ) ;
#4168 = CIRCLE ( 'NONE', #473, 2.149999999999999023 ) ;
#4169 = FACE_OUTER_BOUND ( 'NONE', #4986, .T. ) ;
#4170 = CIRCLE ( 'NONE', #5278, 3.000000000000002665 ) ;
#4171 = CIRCLE ( 'NONE', #479, 2.149999999999999023 ) ;
#4172 = CARTESIAN_POINT ( 'NONE',  ( 10.75051082206721986, 54.97034600550124139, -27.13326794790319241 ) ) ;
#4173 = CARTESIAN_POINT ( 'NONE',  ( 132.2456314063806246, 144.0115814100836928, -74.93782432630341361 ) ) ;
#4174 = CARTESIAN_POINT ( 'NONE',  ( 132.3208735329759236, 148.0392546723109888, -0.2985402920810702465 ) ) ;
#4175 = EDGE_CURVE ( 'NONE', #5169, #7967, #7982, .T. ) ;
#4176 = CARTESIAN_POINT ( 'NONE',  ( 111.3368452804405706, 123.1974394068602834, -90.85655285434455664 ) ) ;
#4177 = ORIENTED_EDGE ( 'NONE', *, *, #6924, .T. ) ;
#4178 = LINE ( 'NONE', #4223, #2459 ) ;
#4179 = CARTESIAN_POINT ( 'NONE',  ( 9.811220004057773281, 58.84328291725545057, -30.15370633035235315 ) ) ;
#4180 = ORIENTED_EDGE ( 'NONE', *, *, #3054, .T. ) ;
#4181 = CARTESIAN_POINT ( 'NONE',  ( 103.0651020043997761, -5.710966823951907578, -6.345586332549284059 ) ) ;
#4182 = CARTESIAN_POINT ( 'NONE',  ( 31.80687049512028608, 75.17484802631642538, -80.49064097070873913 ) ) ;
#4183 = CARTESIAN_POINT ( 'NONE',  ( -0.6489209820805870166, 169.2654172676451481, -33.02222029177561780 ) ) ;
#4184 = CARTESIAN_POINT ( 'NONE',  ( 21.73836161496120667, 10.12558920341660063, -32.79395249699356185 ) ) ;
#4185 = AXIS2_PLACEMENT_3D ( 'NONE', #258, #7313, #4807 ) ;
#4186 = ORIENTED_EDGE ( 'NONE', *, *, #7063, .F. ) ;
#4187 = AXIS2_PLACEMENT_3D ( 'NONE', #8134, #6802, #7526 ) ;
#4188 = EDGE_CURVE ( 'NONE', #867, #5866, #5599, .T. ) ;
#4189 = DIRECTION ( 'NONE',  ( 0.000000000000000000, 0.000000000000000000, 1.000000000000000000 ) ) ;
#4190 = FILL_AREA_STYLE_COLOUR ( '', #3916 ) ;
#4191 = CARTESIAN_POINT ( 'NONE',  ( 23.52894650412626021, 4.398109338190278272, -26.16036487106477892 ) ) ;
#4192 = CARTESIAN_POINT ( 'NONE',  ( 10.08759200733005734, 57.32491071844118125, -85.40735560407965465 ) ) ;
#4193 = ORIENTED_EDGE ( 'NONE', *, *, #6719, .T. ) ;
#4194 = CIRCLE ( 'NONE', #1449, 11.25000000000001066 ) ;
#4195 = CIRCLE ( 'NONE', #4336, 9.000000000000001776 ) ;
#4196 = DIRECTION ( 'NONE',  ( -1.000000000000000000, 0.000000000000000000, 0.000000000000000000 ) ) ;
#4197 = CYLINDRICAL_SURFACE ( 'NONE', #4609, 3.000000000000002665 ) ;
#4198 = CARTESIAN_POINT ( 'NONE',  ( 126.6915639474151760, 96.26042865666175885, -85.19528217831091865 ) ) ;
#4199 = CARTESIAN_POINT ( 'NONE',  ( 52.50000000000000711, 52.43363341178125125, -30.00991754977235004 ) ) ;
#4200 = PLANE ( 'NONE',  #5799 ) ;
#4201 = CARTESIAN_POINT ( 'NONE',  ( -1.744486420043835251, 160.7292693614365078, -69.65750748445236695 ) ) ;
#4202 = CARTESIAN_POINT ( 'NONE',  ( 112.2724587909992948, 157.6578683974200032, -92.65339295460228186 ) ) ;
#4203 = EDGE_CURVE ( 'NONE', #2026, #6575, #4490, .T. ) ;
#4205 = EDGE_CURVE ( 'NONE', #5183, #6214, #5176, .T. ) ;
#4204 = CARTESIAN_POINT ( 'NONE',  ( 42.55145052984207155, 11.06306450432506772, -88.83520304508466836 ) ) ;
#4206 = CARTESIAN_POINT ( 'NONE',  ( -1.601621834088212903, 132.6477956896951298, -73.75628768180504835 ) ) ;
#4207 = CARTESIAN_POINT ( 'NONE',  ( 126.4606885305579169, 189.6610574738965624, -40.96987626245358882 ) ) ;
#4208 = LINE ( 'NONE', #4162, #4737 ) ;
#4209 = CARTESIAN_POINT ( 'NONE',  ( 18.99999527370932029, 125.5999953997165619, -47.50000000000001421 ) ) ;
#4210 = DIRECTION ( 'NONE',  ( -1.000000000000000000, 0.000000000000000000, 0.000000000000000000 ) ) ;
#4211 = EDGE_LOOP ( 'NONE', ( #1642, #2719, #5597, #7885 ) ) ;
#4212 = AXIS2_PLACEMENT_3D ( 'NONE', #1782, #7772, #7680 ) ;
#4213 = CARTESIAN_POINT ( 'NONE',  ( 53.00000000000000711, 20.10000000000000853, -37.59999999999996589 ) ) ;
#4214 = VERTEX_POINT ( 'NONE', #7464 ) ;
#4215 = DIRECTION ( 'NONE',  ( 1.000000000000000000, -0.000000000000000000, -0.000000000000000000 ) ) ;
#4216 = CARTESIAN_POINT ( 'NONE',  ( 54.50000000000000711, 78.34000000000001762, -79.18160247907295002 ) ) ;
#4217 = CARTESIAN_POINT ( 'NONE',  ( 101.4472406469322436, 80.55953165000087779, -84.48538843626583628 ) ) ;
#4218 = CARTESIAN_POINT ( 'NONE',  ( 132.0713806802005763, 139.3007414447430676, -0.05694412058632666862 ) ) ;
#4219 = DIRECTION ( 'NONE',  ( -1.000000000000000000, 0.000000000000000000, 0.000000000000000000 ) ) ;
#4220 = AXIS2_PLACEMENT_3D ( 'NONE', #2145, #813, #1582 ) ;
#4221 = VERTEX_POINT ( 'NONE', #321 ) ;
#4222 = EDGE_CURVE ( 'NONE', #1811, #1831, #1612, .T. ) ;
#4223 = CARTESIAN_POINT ( 'NONE',  ( 53.00000000000000711, 39.90000000000001279, -40.59999999999996589 ) ) ;
#4224 = CARTESIAN_POINT ( 'NONE',  ( 11.19549223497091184, 51.97020028623524013, -55.59040976188217797 ) ) ;
#4225 = ORIENTED_EDGE ( 'NONE', *, *, #3551, .F. ) ;
#4226 = CARTESIAN_POINT ( 'NONE',  ( 108.5423467551960073, 106.2721356920703073, -8.439308252488309847 ) ) ;
#4227 = FACE_OUTER_BOUND ( 'NONE', #6141, .T. ) ;
#4228 = CARTESIAN_POINT ( 'NONE',  ( 2.914099701372379947, 187.7504892128913809, -32.58356003736483331 ) ) ;
#4229 = LINE ( 'NONE', #1785, #1841 ) ;
#4230 = EDGE_LOOP ( 'NONE', ( #121, #4004, #6653, #2287, #2688, #2897, #5478 ) ) ;
#4231 = AXIS2_PLACEMENT_3D ( 'NONE', #8367, #1389, #8405 ) ;
#4232 = CARTESIAN_POINT ( 'NONE',  ( 49.50000000000000000, 20.10000000000000853, -37.59999999999996589 ) ) ;
#4233 = CARTESIAN_POINT ( 'NONE',  ( 17.85095757181207787, 140.9224564566892184, -0.02229898677752154348 ) ) ;
#4234 = CARTESIAN_POINT ( 'NONE',  ( 13.66496609316579303, 40.46790291371576131, -8.111171541920022321 ) ) ;
#4235 = CARTESIAN_POINT ( 'NONE',  ( 1.688834934085730932, 106.6752696359021968, -66.85440271839210880 ) ) ;
#4236 = VERTEX_POINT ( 'NONE', #2937 ) ;
#4237 = CARTESIAN_POINT ( 'NONE',  ( 102.1812140356243788, 71.89530406756348668, -10.38537809093815589 ) ) ;
#4238 = DIRECTION ( 'NONE',  ( 1.000000000000000000, 0.000000000000000000, 0.000000000000000000 ) ) ;
#4239 = B_SPLINE_CURVE_WITH_KNOTS ( 'NONE', 3,
 ( #2113, #3532, #6764, #746, #2764, #151, #1509, #4090, #1600, #6135, #2883, #4127, #3365, #6684, #869, #6010 ),
 .UNSPECIFIED., .F., .F.,
 ( 4, 2, 2, 2, 2, 2, 2, 4 ),
 ( 0.000000000000000000, 0.002702491539063218984, 0.004053737308594828476, 0.005404983078126437968, 0.006756228847658047459, 0.008107474617189656951, 0.009458720386721266443, 0.01080996615625287594 ),
 .UNSPECIFIED. ) ;
#4240 = CARTESIAN_POINT ( 'NONE',  ( 130.0197742988981986, 118.1371384626345673, -89.25665591656706965 ) ) ;
#4241 = CARTESIAN_POINT ( 'NONE',  ( 17.86009738280638359, 163.2868185574780853, -90.28599540070911189 ) ) ;
#4242 = CARTESIAN_POINT ( 'NONE',  ( 100.9556510671260838, -0.000000000000000000, -14.33006875672929503 ) ) ;
#4243 = CARTESIAN_POINT ( 'NONE',  ( -1.669438622527908755, 133.3238506194026627, -74.01726029922173211 ) ) ;
#4244 = DIRECTION ( 'NONE',  ( 0.000000000000000000, 0.000000000000000000, -1.000000000000000000 ) ) ;
#4245 = CARTESIAN_POINT ( 'NONE',  ( 45.91401571123913072, 0.01202801908333318154, -88.80035272006401215 ) ) ;
#4246 = CARTESIAN_POINT ( 'NONE',  ( 110.1423314192464034, 190.0670616228672714, -49.54100395623840569 ) ) ;
#4247 = CARTESIAN_POINT ( 'NONE',  ( 130.7976218389300698, 124.7026475279358380, -23.93913341326894439 ) ) ;
#4248 = FACE_BOUND ( 'NONE', #3190, .T. ) ;
#4249 = CARTESIAN_POINT ( 'NONE',  ( 25.84586550559809837, 83.47038212848366356, -79.86896881994888986 ) ) ;
#4250 = CARTESIAN_POINT ( 'NONE',  ( 38.85234159752025818, 13.70436455660900066, -28.72307741001091586 ) ) ;
#4251 = EDGE_LOOP ( 'NONE', ( #1422, #3700 ) ) ;
#4252 = EDGE_CURVE ( 'NONE', #6189, #7372, #5425, .T. ) ;
#4253 = CARTESIAN_POINT ( 'NONE',  ( 111.0000000000000000, 151.1000000000000796, -64.32243186433542803 ) ) ;
#4254 = ORIENTED_EDGE ( 'NONE', *, *, #2497, .F. ) ;
#4255 = CARTESIAN_POINT ( 'NONE',  ( 27.72258003808738636, 81.38928567164153094, -10.51005341693066697 ) ) ;
#4256 = EDGE_LOOP ( 'NONE', ( #6884, #8404 ) ) ;
#4257 = CARTESIAN_POINT ( 'NONE',  ( 10.82146302366412804, 54.47495794937149327, -27.33260835383687493 ) ) ;
#4258 = CARTESIAN_POINT ( 'NONE',  ( 18.64285246007732866, 20.95224704225839574, -25.60579966285352427 ) ) ;
#4259 = CARTESIAN_POINT ( 'NONE',  ( 112.2641152597946075, 146.8375119211524407, -0.1866422664327497816 ) ) ;
#4260 = CARTESIAN_POINT ( 'NONE',  ( 44.88707921481723417, 77.91347822478621765, -81.37138523203098828 ) ) ;
#4261 = CARTESIAN_POINT ( 'NONE',  ( 56.49999999999891998, 53.64580823289723810, -48.81506061695645116 ) ) ;
#4262 = ORIENTED_EDGE ( 'NONE', *, *, #3260, .T. ) ;
#4263 = EDGE_CURVE ( 'NONE', #7719, #2783, #5554, .T. ) ;
#4264 = CARTESIAN_POINT ( 'NONE',  ( -0.2317602326860203621, 120.0999934764225969, -47.50000000000000000 ) ) ;
#4265 = CARTESIAN_POINT ( 'NONE',  ( 10.14030269559494002, 57.17454711989277882, -32.70389350584657961 ) ) ;
#4266 = EDGE_LOOP ( 'NONE', ( #439, #7836, #1277, #6515 ) ) ;
#4267 = CARTESIAN_POINT ( 'NONE',  ( 129.8353851681422384, 116.8289160697849951, -6.108160652468561658 ) ) ;
#4268 = EDGE_CURVE ( 'NONE', #5891, #382, #6687, .T. ) ;
#4269 = CARTESIAN_POINT ( 'NONE',  ( 45.64149248991805052, 15.01104253225861740, -27.78910937399613346 ) ) ;
#4270 = CARTESIAN_POINT ( 'NONE',  ( 1.763956677465370992, 183.7935439660820123, -23.78029734644747251 ) ) ;
#4271 = CARTESIAN_POINT ( 'NONE',  ( 49.58537303279197062, 74.26002270254141990, -19.27369306408117922 ) ) ;
#4272 = EDGE_CURVE ( 'NONE', #4881, #5423, #6483, .T. ) ;
#4273 = ADVANCED_FACE ( 'NONE', ( #6950 ), #5727, .F. ) ;
#4274 = ORIENTED_EDGE ( 'NONE', *, *, #1842, .T. ) ;
#4275 = DIRECTION ( 'NONE',  ( -1.000000000000000000, 0.000000000000000000, 0.000000000000000000 ) ) ;
#4276 = EDGE_CURVE ( 'NONE', #3797, #3683, #7119, .T. ) ;
#4277 = CARTESIAN_POINT ( 'NONE',  ( 9.997604061081041493, 123.1477751873557906, -88.72709096622415359 ) ) ;
#4278 = CARTESIAN_POINT ( 'NONE',  ( 46.06333203349603167, -0.4286862631273851698, -6.212571167797782401 ) ) ;
#4279 = CARTESIAN_POINT ( 'NONE',  ( 22.94772353887909233, 97.94899625294877410, -85.40281163201630932 ) ) ;
#4280 = ORIENTED_EDGE ( 'NONE', *, *, #6982, .T. ) ;
#4281 = DIRECTION ( 'NONE',  ( 0.000000000000000000, 1.000000000000000000, 0.000000000000000000 ) ) ;
#4282 = CARTESIAN_POINT ( 'NONE',  ( -1.186166610797672494, 128.3573711273777178, -22.15318755264472728 ) ) ;
#4283 = CARTESIAN_POINT ( 'NONE',  ( 110.1508705463725590, 115.6945877638447939, -88.59644737859176189 ) ) ;
#4284 = CARTESIAN_POINT ( 'NONE',  ( 25.50000000000000355, 87.34000000000000341, -79.15075127718135661 ) ) ;
#4285 = CARTESIAN_POINT ( 'NONE',  ( 87.60409755359897588, 75.34000000000000341, -65.61091270347399984 ) ) ;
#4286 = CARTESIAN_POINT ( 'NONE',  ( 16.50000000000000000, 55.84000000000002473, -30.00991754977235004 ) ) ;
#4287 = DIRECTION ( 'NONE',  ( 0.000000000000000000, 0.7071067811865472397, -0.7071067811865479058 ) ) ;
#4288 = CARTESIAN_POINT ( 'NONE',  ( 45.03933241701325585, 2.903299383741983153, -88.86385607120998031 ) ) ;
#4289 = CARTESIAN_POINT ( 'NONE',  ( 111.2348141606811822, 179.4789116255248587, -77.45362021261938423 ) ) ;
#4290 = CARTESIAN_POINT ( 'NONE',  ( 56.50000000000000711, 39.90000000000001279, -37.59999999999995879 ) ) ;
#4291 = CIRCLE ( 'NONE', #6063, 2.099999999999994316 ) ;
#4292 = DIRECTION ( 'NONE',  ( -0.000000000000000000, 1.000000000000000000, -0.000000000000000000 ) ) ;
#4293 = CARTESIAN_POINT ( 'NONE',  ( 26.42160054103367983, 81.26843353476346010, -80.24382276838719008 ) ) ;
#4294 = CARTESIAN_POINT ( 'NONE',  ( 38.84788892708776586, 12.24242705474558157, -30.04139110460700834 ) ) ;
#4295 = ORIENTED_EDGE ( 'NONE', *, *, #5745, .F. ) ;
#4296 = DIRECTION ( 'NONE',  ( -0.000000000000000000, 1.000000000000000000, -0.000000000000000000 ) ) ;
#4297 = VERTEX_POINT ( 'NONE', #4360 ) ;
#4298 = CARTESIAN_POINT ( 'NONE',  ( 31.32785404827588494, 78.91240148058541592, -10.51329025186154098 ) ) ;
#4299 = ORIENTED_EDGE ( 'NONE', *, *, #4776, .T. ) ;
#4300 = CARTESIAN_POINT ( 'NONE',  ( 25.71515455601294420, 85.05283831701061104, -12.40427794489531976 ) ) ;
#4301 = ADVANCED_FACE ( 'NONE', ( #5000 ), #8244, .F. ) ;
#4302 = CARTESIAN_POINT ( 'NONE',  ( 132.1122454136996680, 155.6748966352969319, -72.25455152758257782 ) ) ;
#4303 = CARTESIAN_POINT ( 'NONE',  ( 112.2197960242387182, 160.0954197283984968, -3.327720867879204736 ) ) ;
#4304 = CYLINDRICAL_SURFACE ( 'NONE', #7854, 22.50000000000000711 ) ;
#4305 = ORIENTED_EDGE ( 'NONE', *, *, #1274, .T. ) ;
#4306 = CARTESIAN_POINT ( 'NONE',  ( -1.908153515765877106, 136.7494158361473637, -69.22919172950392408 ) ) ;
#4307 = AXIS2_PLACEMENT_3D ( 'NONE', #7247, #920, #2770 ) ;
#4308 = CARTESIAN_POINT ( 'NONE',  ( 11.22000510112036942, 51.85189731652288714, -56.67187388175890561 ) ) ;
#4309 = ORIENTED_EDGE ( 'NONE', *, *, #2885, .F. ) ;
#4310 = CARTESIAN_POINT ( 'NONE',  ( 110.6492932349333813, 119.0134563826771910, -5.467090002151528516 ) ) ;
#4311 = DIRECTION ( 'NONE',  ( 1.000000000000000000, -0.000000000000000000, -0.000000000000000000 ) ) ;
#4312 = EDGE_CURVE ( 'NONE', #4678, #3912, #5769, .T. ) ;
#4313 = CARTESIAN_POINT ( 'NONE',  ( -1.031862693726864899, 166.8099820311590236, -30.14338394607745997 ) ) ;
#4314 = DIRECTION ( 'NONE',  ( 0.000000000000000000, -1.000000000000000000, 0.000000000000000000 ) ) ;
#4315 = CIRCLE ( 'NONE', #7579, 3.599999999999999201 ) ;
#4316 = VECTOR ( 'NONE', #4863, 1000.000000000000000 ) ;
#4317 = VERTEX_POINT ( 'NONE', #4443 ) ;
#4318 = CARTESIAN_POINT ( 'NONE',  ( 15.00000000000000000, 142.5999999999999943, -36.25000000000000000 ) ) ;
#4319 = CARTESIAN_POINT ( 'NONE',  ( 87.60409755359897588, 11.60000000000004050, -69.21091270347400837 ) ) ;
#4320 = CARTESIAN_POINT ( 'NONE',  ( -1.174483418986333350, 128.1504185607499267, -72.11343825891660231 ) ) ;
#4321 = ORIENTED_EDGE ( 'NONE', *, *, #7211, .F. ) ;
#4322 = AXIS2_PLACEMENT_3D ( 'NONE', #6019, #4098, #3375 ) ;
#4323 = AXIS2_PLACEMENT_3D ( 'NONE', #5652, #4287, #5105 ) ;
#4324 =( BOUNDED_SURFACE ( )  B_SPLINE_SURFACE ( 3, 2, ( 
 ( #5201, #1160, #7793 ),
 ( #524, #7060, #1896 ),
 ( #3092, #652, #3782 ),
 ( #4512, #1250, #7103 ),
 ( #7661, #2537, #6464 ),
 ( #7621, #5837, #1206 ),
 ( #3139, #7750, #5752 ),
 ( #8438, #1117, #4469 ),
 ( #5109, #3824, #2582 ),
 ( #3179, #3866, #6425 ),
 ( #565, #5790, #8311 ),
 ( #1764, #8389, #12 ) ),
 .UNSPECIFIED., .F., .F., .F. ) 
 B_SPLINE_SURFACE_WITH_KNOTS ( ( 4, 2, 2, 2, 2, 4 ),
 ( 3, 3 ),
 ( 0.01122351303960108376, 0.01292873270299398948, 0.01463395236638689520, 0.01548656219808334893, 0.01633917202977980265, 0.01804439169317270664 ),
 ( 0.000000000000000000, 1.000000000000000000 ),
 .UNSPECIFIED. ) 
 GEOMETRIC_REPRESENTATION_ITEM ( )  RATIONAL_B_SPLINE_SURFACE ( (
 ( 1.000000000000000000, 0.8532298925561341285, 1.000000000000000000),
 ( 1.000000000000000000, 0.8596403718447555020, 1.000000000000000000),
 ( 1.000000000000000000, 0.8650325313213423906, 1.000000000000000000),
 ( 1.000000000000000000, 0.8737535975415208211, 1.000000000000000000),
 ( 1.000000000000000000, 0.8771096994833147420, 1.000000000000000000),
 ( 1.000000000000000000, 0.8811349860428684400, 1.000000000000000000),
 ( 1.000000000000000000, 0.8823087722205175121, 1.000000000000000000),
 ( 1.000000000000000000, 0.8844022481898677901, 1.000000000000000000),
 ( 1.000000000000000000, 0.8853231196894351118, 1.000000000000000000),
 ( 1.000000000000000000, 0.8877873184314515331, 1.000000000000000000),
 ( 1.000000000000000000, 0.8890537216585053804, 1.000000000000000000),
 ( 1.000000000000000000, 0.8902324821159566248, 1.000000000000000000) ) ) 
 REPRESENTATION_ITEM ( '' )  SURFACE ( )  );
#4325 = DIRECTION ( 'NONE',  ( 0.000000000000000000, 0.000000000000000000, 1.000000000000000000 ) ) ;
#4326 = CIRCLE ( 'NONE', #633, 4.149999999999994138 ) ;
#4327 = DIRECTION ( 'NONE',  ( 0.000000000000000000, 0.000000000000000000, -1.000000000000000000 ) ) ;
#4328 = ADVANCED_FACE ( 'NONE', ( #3758, #6313 ), #5994, .F. ) ;
#4329 = CARTESIAN_POINT ( 'NONE',  ( 103.1504932070982932, 76.83028956293595968, -84.44355582525565751 ) ) ;
#4330 = CARTESIAN_POINT ( 'NONE',  ( 25.49999999999999645, 142.5999999999999943, -47.50000000000000000 ) ) ;
#4331 = CIRCLE ( 'NONE', #2820, 2.100000000000004530 ) ;
#4332 = CARTESIAN_POINT ( 'NONE',  ( 86.76044508947603617, -0.000000000000000000, -6.322437509709732062 ) ) ;
#4333 = ADVANCED_FACE ( 'NONE', ( #3803 ), #1267, .F. ) ;
#4334 = CARTESIAN_POINT ( 'NONE',  ( 25.84609367434833516, 82.12276898772140044, -10.53705098976153032 ) ) ;
#4335 = DIRECTION ( 'NONE',  ( 0.000000000000000000, 0.000000000000000000, 1.000000000000000000 ) ) ;
#4336 = AXIS2_PLACEMENT_3D ( 'NONE', #3830, #5288, #7066 ) ;
#4337 = CARTESIAN_POINT ( 'NONE',  ( 24.66836369919180427, 0.9828547701538100645, -88.92515912217849916 ) ) ;
#4338 = CARTESIAN_POINT ( 'NONE',  ( 126.6153688698951498, 189.2025886342583192, -56.90792225121324321 ) ) ;
#4339 = CARTESIAN_POINT ( 'NONE',  ( 42.39589333293312734, -2.000000000000000000, -65.61091270347399984 ) ) ;
#4340 = CARTESIAN_POINT ( 'NONE',  ( 34.50000000000000000, 78.34000000000000341, -84.49008245022766062 ) ) ;
#4341 = DIRECTION ( 'NONE',  ( 0.000000000000000000, -1.000000000000000000, 0.000000000000000000 ) ) ;
#4342 = CARTESIAN_POINT ( 'NONE',  ( 41.33942704548115188, 19.36685506366941922, -25.94604003477320475 ) ) ;
#4343 = ORIENTED_EDGE ( 'NONE', *, *, #2967, .T. ) ;
#4344 = DIRECTION ( 'NONE',  ( -1.000000000000000000, 0.000000000000000000, 0.000000000000000000 ) ) ;
#4345 = ORIENTED_EDGE ( 'NONE', *, *, #3062, .T. ) ;
#4346 = DIRECTION ( 'NONE',  ( -1.000000000000000000, 0.000000000000000000, 0.000000000000000000 ) ) ;
#4347 = ORIENTED_EDGE ( 'NONE', *, *, #6923, .T. ) ;
#4348 = CARTESIAN_POINT ( 'NONE',  ( 25.50039971601945865, 87.42482174589828503, -11.71355296620511588 ) ) ;
#4349 = CARTESIAN_POINT ( 'NONE',  ( 130.1406461991131209, 172.1041904268683140, -57.31508243366532440 ) ) ;
#4350 = DIRECTION ( 'NONE',  ( 0.000000000000000000, 0.000000000000000000, 1.000000000000000000 ) ) ;
#4351 = VECTOR ( 'NONE', #6768, 1000.000000000000000 ) ;
#4352 = DIRECTION ( 'NONE',  ( 0.000000000000000000, 0.5000000000000001110, -0.8660254037844387076 ) ) ;
#4353 = EDGE_LOOP ( 'NONE', ( #5861, #6744 ) ) ;
#4354 = CARTESIAN_POINT ( 'NONE',  ( -2.246900803460508911, 144.0423916728610436, -69.96598327248472060 ) ) ;
#4355 = B_SPLINE_CURVE_WITH_KNOTS ( 'NONE', 3,
 ( #741, #7195, #2633, #7804 ),
 .UNSPECIFIED., .F., .F.,
 ( 4, 4 ),
 ( 0.01559703149080624539, 0.03000453384886443697 ),
 .UNSPECIFIED. ) ;
#4356 = DIRECTION ( 'NONE',  ( 0.000000000000000000, 0.1840045405082833541, -0.9829253934416057881 ) ) ;
#4357 = ORIENTED_EDGE ( 'NONE', *, *, #2758, .T. ) ;
#4358 = B_SPLINE_CURVE_WITH_KNOTS ( 'NONE', 3,
 ( #3028, #5732, #8160, #7509, #4919, #2431, #3718, #8333, #6229, #3676, #7466, #6861 ),
 .UNSPECIFIED., .F., .F.,
 ( 4, 2, 2, 2, 2, 4 ),
 ( -5.946577802048991224E-08, 0.01151117458893140266, 0.02302240864364082581, 0.02877802567099553913, 0.03453364269835025591, 0.04604487675305971028 ),
 .UNSPECIFIED. ) ;
#4359 = CARTESIAN_POINT ( 'NONE',  ( 127.8084229487005530, 103.4002544004288211, -8.940540936526264915 ) ) ;
#4360 = CARTESIAN_POINT ( 'NONE',  ( 87.60409755359897588, 0.000000000000000000, -27.23908729652602290 ) ) ;
#4361 = CIRCLE ( 'NONE', #2444, 1.649999999999998579 ) ;
#4362 = CARTESIAN_POINT ( 'NONE',  ( 19.79814444541409202, 189.5825129397407522, -40.43417759739159578 ) ) ;
#4363 = CARTESIAN_POINT ( 'NONE',  ( 3.999995063696466513, 127.6999938996241895, -47.50000000000001421 ) ) ;
#4364 = CIRCLE ( 'NONE', #7081, 22.50000000000000711 ) ;
#4365 = EDGE_CURVE ( 'NONE', #6264, #3376, #5316, .T. ) ;
#4366 = CARTESIAN_POINT ( 'NONE',  ( 118.8103372291985949, 52.00000000000001421, -29.38908729652600726 ) ) ;
#4367 = VERTEX_POINT ( 'NONE', #5042 ) ;
#4368 = CARTESIAN_POINT ( 'NONE',  ( 52.50000000000000711, 54.13681670589064510, -27.05991754977236141 ) ) ;
#4369 = CARTESIAN_POINT ( 'NONE',  ( 65.00000000000000000, 78.34000000000000341, -84.49008245022766062 ) ) ;
#4370 = LINE ( 'NONE', #6958, #7144 ) ;
#4371 = ORIENTED_EDGE ( 'NONE', *, *, #3328, .F. ) ;
#4372 = VECTOR ( 'NONE', #7513, 1000.000000000000000 ) ;
#4373 = CARTESIAN_POINT ( 'NONE',  ( 49.50000000000000000, 20.10000000000000853, -34.59999999999996589 ) ) ;
#4374 = CARTESIAN_POINT ( 'NONE',  ( 95.50000000000001421, 78.34000000000001762, -10.50991754977234827 ) ) ;
#4375 = CARTESIAN_POINT ( 'NONE',  ( -0.4176770645021507522, 126.7630870869992066, -18.03076854960045594 ) ) ;
#4376 = AXIS2_PLACEMENT_3D ( 'NONE', #1914, #2512, #7721 ) ;
#4377 = CARTESIAN_POINT ( 'NONE',  ( 86.18199560066403819, 6.897974235732943882, -88.87824150445329963 ) ) ;
#4378 = CARTESIAN_POINT ( 'NONE',  ( 38.50000000000000000, 52.00000000000000000, -69.50000000000000000 ) ) ;
#4379 = CARTESIAN_POINT ( 'NONE',  ( 49.50000000000000000, 23.00000000000000000, -40.50000000000000711 ) ) ;
#4380 = CARTESIAN_POINT ( 'NONE',  ( 87.60409755359897588, 0.000000000000000000, -65.61091270347401405 ) ) ;
#4381 = CARTESIAN_POINT ( 'NONE',  ( 111.0000000000000000, 151.1000000000000796, -62.22243186433541950 ) ) ;
#4382 = CARTESIAN_POINT ( 'NONE',  ( 39.19517274453735922, 22.72461244062687058, -88.34718869033574151 ) ) ;
#4383 = CARTESIAN_POINT ( 'NONE',  ( 127.3937493877483860, 186.7449739587115118, -65.10545334522699079 ) ) ;
#4384 = DIRECTION ( 'NONE',  ( 0.000000000000000000, -1.000000000000000000, 0.000000000000000000 ) ) ;
#4385 = CARTESIAN_POINT ( 'NONE',  ( 117.6408466098291257, 48.11091270347399274, -69.49999999999997158 ) ) ;
#4386 = DIRECTION ( 'NONE',  ( 0.000000000000000000, 0.000000000000000000, -1.000000000000000000 ) ) ;
#4387 = CARTESIAN_POINT ( 'NONE',  ( 40.40496209275429607, 10.37940940310254945, -32.39259851004075585 ) ) ;
#4388 = ORIENTED_EDGE ( 'NONE', *, *, #8075, .T. ) ;
#4389 = DIRECTION ( 'NONE',  ( -1.000000000000000000, -0.000000000000000000, -0.000000000000000000 ) ) ;
#4390 = ORIENTED_EDGE ( 'NONE', *, *, #501, .F. ) ;
#4391 = CARTESIAN_POINT ( 'NONE',  ( 111.0000000000000000, 151.1000000000000796, -32.77756813566458050 ) ) ;
#4392 = ORIENTED_EDGE ( 'NONE', *, *, #5937, .F. ) ;
#4393 = FACE_OUTER_BOUND ( 'NONE', #3572, .T. ) ;
#4394 = CARTESIAN_POINT ( 'NONE',  ( 132.2462006312910887, 144.0330525113486715, -20.06344957678144425 ) ) ;
#4395 = CARTESIAN_POINT ( 'NONE',  ( 126.0000000000000000, 142.5999999999999943, -47.50000000000000000 ) ) ;
#4396 = DIRECTION ( 'NONE',  ( -1.000000000000000000, 0.000000000000000000, 0.000000000000000000 ) ) ;
#4397 = ORIENTED_EDGE ( 'NONE', *, *, #2103, .F. ) ;
#4398 = CARTESIAN_POINT ( 'NONE',  ( -2.287797324911723162, 146.2526267204080170, -69.70462279122399707 ) ) ;
#4399 = CARTESIAN_POINT ( 'NONE',  ( 23.07532659456046531, 5.680765810126404247, -69.13682435559864814 ) ) ;
#4400 = ORIENTED_EDGE ( 'NONE', *, *, #999, .T. ) ;
#4401 = CARTESIAN_POINT ( 'NONE',  ( 107.2678836200020527, 99.14887431949324537, -9.460803143962353445 ) ) ;
#4402 = CARTESIAN_POINT ( 'NONE',  ( 111.7702380224914123, 41.26168750109268757, -4.990006487701076132 ) ) ;
#4403 = CARTESIAN_POINT ( 'NONE',  ( 17.93706357802793505, 165.6308250670560938, -5.907955918826440112 ) ) ;
#4404 = FACE_OUTER_BOUND ( 'NONE', #1456, .T. ) ;
#4405 = AXIS2_PLACEMENT_3D ( 'NONE', #3035, #5646, #4325 ) ;
#4406 = CARTESIAN_POINT ( 'NONE',  ( 43.52801615322365336, 10.12085744590606851, -62.18962605221641837 ) ) ;
#4407 = ORIENTED_EDGE ( 'NONE', *, *, #4312, .F. ) ;
#4408 = CARTESIAN_POINT ( 'NONE',  ( 2.500000000000002220, 55.84000000000002473, -33.00991754977234649 ) ) ;
#4409 = CARTESIAN_POINT ( 'NONE',  ( 26.92190333703027250, -5.672589820440899544, -26.18681810652692121 ) ) ;
#4410 = CARTESIAN_POINT ( 'NONE',  ( -1.088586222237785561, 127.3316808070176478, -71.85788320280809671 ) ) ;
#4411 = ORIENTED_EDGE ( 'NONE', *, *, #2899, .T. ) ;
#4412 = CARTESIAN_POINT ( 'NONE',  ( 17.71454850678576065, 148.3362871745555651, -94.69598634269743798 ) ) ;
#4413 = ADVANCED_FACE ( 'NONE', ( #542 ), #3196, .F. ) ;
#4414 = CARTESIAN_POINT ( 'NONE',  ( 124.7055517081883664, 123.9176742566311589, -85.55758185880635835 ) ) ;
#4415 = DIRECTION ( 'NONE',  ( 1.000000000000000000, 0.000000000000000000, -0.000000000000000000 ) ) ;
#4416 = CARTESIAN_POINT ( 'NONE',  ( 110.3650852253670962, 17.04547076299093433, -88.72048595443160934 ) ) ;
#4417 = CARTESIAN_POINT ( 'NONE',  ( 26.36803558982117224, 83.47194715829104439, -82.50378760541154577 ) ) ;
#4418 = CARTESIAN_POINT ( 'NONE',  ( 41.32478878622003293, 19.36829712050208130, -69.05570949184046015 ) ) ;
#4419 = DIRECTION ( 'NONE',  ( 1.000000000000000000, -0.000000000000000000, -0.000000000000000000 ) ) ;
#4420 = CARTESIAN_POINT ( 'NONE',  ( 129.7061672142857560, 116.1005820531232899, -68.75948128820290606 ) ) ;
#4421 = CARTESIAN_POINT ( 'NONE',  ( 130.0889441097574775, 172.3690672647124131, -56.72096503135804113 ) ) ;
#4422 = CARTESIAN_POINT ( 'NONE',  ( 42.39589333293312734, 12.30000000000000071, -69.21091270347399416 ) ) ;
#4423 = EDGE_CURVE ( 'NONE', #3721, #2794, #5074, .T. ) ;
#4424 = CARTESIAN_POINT ( 'NONE',  ( 36.15999440348730332, 74.26002270254141990, -19.27369306408119343 ) ) ;
#4425 = CARTESIAN_POINT ( 'NONE',  ( 87.60409755359897588, 75.34000000000000341, -25.78908729652599519 ) ) ;
#4426 = CARTESIAN_POINT ( 'NONE',  ( -1.610615619515453734, 162.0910224101878327, -36.25335248916359632 ) ) ;
#4427 = ORIENTED_EDGE ( 'NONE', *, *, #6428, .T. ) ;
#4428 = CARTESIAN_POINT ( 'NONE',  ( 9.811969853198061031, 58.83945595451402966, -29.95278632424308540 ) ) ;
#4429 = ORIENTED_EDGE ( 'NONE', *, *, #3054, .F. ) ;
#4430 = CARTESIAN_POINT ( 'NONE',  ( 18.40346039443895165, 174.6510345482002151, -12.41013669126556707 ) ) ;
#4431 = EDGE_CURVE ( 'NONE', #6008, #1177, #1289, .T. ) ;
#4432 = ORIENTED_EDGE ( 'NONE', *, *, #609, .T. ) ;
#4433 = DIRECTION ( 'NONE',  ( 1.000000000000000000, 0.000000000000000000, 0.000000000000000000 ) ) ;
#4434 = CARTESIAN_POINT ( 'NONE',  ( 130.0372692277425415, 172.6290252713382642, -38.89008076342216924 ) ) ;
#4435 = CARTESIAN_POINT ( 'NONE',  ( 150.0000000000000000, 123.2000559591661784, -90.85772331675772762 ) ) ;
#4436 = DIRECTION ( 'NONE',  ( 0.000000000000000000, -1.000000000000000000, 0.000000000000000000 ) ) ;
#4437 = ORIENTED_EDGE ( 'NONE', *, *, #7952, .F. ) ;
#4438 = ORIENTED_EDGE ( 'NONE', *, *, #4517, .T. ) ;
#4439 = DIRECTION ( 'NONE',  ( 0.000000000000000000, -1.000000000000000000, 0.000000000000000000 ) ) ;
#4440 = CARTESIAN_POINT ( 'NONE',  ( 19.66347575424088490, 17.14438478343650729, -25.86317564440132699 ) ) ;
#4441 = ORIENTED_EDGE ( 'NONE', *, *, #7942, .T. ) ;
#4442 = CARTESIAN_POINT ( 'NONE',  ( 130.5423564674417207, 122.0313913228119986, -4.536133019137670530 ) ) ;
#4443 = CARTESIAN_POINT ( 'NONE',  ( 53.00000000000000711, 20.10000000000000853, -35.94999999999996732 ) ) ;
#4444 = EDGE_CURVE ( 'NONE', #742, #5722, #1703, .T. ) ;
#4445 = CARTESIAN_POINT ( 'NONE',  ( -2.191847756141718673, 142.3015044476618129, -20.00161093216093988 ) ) ;
#4446 = CARTESIAN_POINT ( 'NONE',  ( 28.85924918105407855, 66.69962499583004956, -84.84143493839594896 ) ) ;
#4447 = B_SPLINE_CURVE_WITH_KNOTS ( 'NONE', 3,
 ( #3138, #8351, #52, #4553 ),
 .UNSPECIFIED., .F., .F.,
 ( 4, 4 ),
 ( 0.001308425707209414507, 0.005627788927741075690 ),
 .UNSPECIFIED. ) ;
#4448 = CARTESIAN_POINT ( 'NONE',  ( 25.50000000000000355, 37.00000000000000000, -54.50000000000000711 ) ) ;
#4449 = EDGE_LOOP ( 'NONE', ( #7674, #6406, #4073, #8452, #2083, #8364, #2775, #1681, #6735, #4787 ) ) ;
#4450 = AXIS2_PLACEMENT_3D ( 'NONE', #469, #644, #3256 ) ;
#4451 = CARTESIAN_POINT ( 'NONE',  ( 38.92537862930468862, 74.26002270254141990, -19.27369306408120764 ) ) ;
#4452 = CARTESIAN_POINT ( 'NONE',  ( 26.80903154856185466, -5.339443326572565596, -6.323464855259327777 ) ) ;
#4453 = CARTESIAN_POINT ( 'NONE',  ( 56.50000000000000711, 48.33030277982334866, -44.99999999999996447 ) ) ;
#4454 = ORIENTED_EDGE ( 'NONE', *, *, #671, .T. ) ;
#4455 = AXIS2_PLACEMENT_3D ( 'NONE', #8352, #606, #6334 ) ;
#4456 = VECTOR ( 'NONE', #2716, 1000.000000000000000 ) ;
#4457 = CARTESIAN_POINT ( 'NONE',  ( -1.954246083495399633, 160.7423393393177946, -91.45716183934010246 ) ) ;
#4458 = CARTESIAN_POINT ( 'NONE',  ( 12.12852302925904269, 47.54782313531511306, -29.82138497720999482 ) ) ;
#4459 = CARTESIAN_POINT ( 'NONE',  ( 118.8106577468607838, 52.00000000000000711, -150.0000000000000000 ) ) ;
#4460 = CARTESIAN_POINT ( 'NONE',  ( 106.4710558673769754, 4.398134021203215838, -68.83963504360463048 ) ) ;
#4461 = CARTESIAN_POINT ( 'NONE',  ( 19.26714474484312234, 184.8883765662680219, -69.34691727098309855 ) ) ;
#4462 = CARTESIAN_POINT ( 'NONE',  ( 38.76655440658159080, 12.93904934784179517, -65.64469590363630402 ) ) ;
#4463 = CARTESIAN_POINT ( 'NONE',  ( 131.4383889033065884, 163.6615079626988347, -39.54977455861192226 ) ) ;
#4464 = VECTOR ( 'NONE', #7730, 1000.000000000000000 ) ;
#4465 = CARTESIAN_POINT ( 'NONE',  ( 124.7421609225530688, 84.11644744637017368, -64.50401912277479255 ) ) ;
#4466 = CARTESIAN_POINT ( 'NONE',  ( 131.8800989594962800, 136.1103353930386675, -94.58045122704055530 ) ) ;
#4467 = CARTESIAN_POINT ( 'NONE',  ( 126.0000000000000000, 142.5999999999999943, -47.50000000000000000 ) ) ;
#4468 = CARTESIAN_POINT ( 'NONE',  ( 56.50000000000000711, 39.90000000000001279, -59.04999999999996163 ) ) ;
#4469 = CARTESIAN_POINT ( 'NONE',  ( 28.45026655117768755, 77.35674068991582430, -80.73261857654266294 ) ) ;
#4470 = VECTOR ( 'NONE', #7745, 1000.000000000000000 ) ;
#4471 = CARTESIAN_POINT ( 'NONE',  ( -0.5880398731688880609, 122.9408978852525962, -36.54987856048246897 ) ) ;
#4472 = ORIENTED_EDGE ( 'NONE', *, *, #5956, .F. ) ;
#4473 = DIRECTION ( 'NONE',  ( 0.000000000000000000, 0.000000000000000000, 1.000000000000000000 ) ) ;
#4474 = ORIENTED_EDGE ( 'NONE', *, *, #6101, .F. ) ;
#4475 = CIRCLE ( 'NONE', #1317, 2.999999999999999112 ) ;
#4476 = CARTESIAN_POINT ( 'NONE',  ( 47.16831267850895415, 74.64380785897753867, -79.54108249307722645 ) ) ;
#4477 = ADVANCED_FACE ( 'NONE', ( #5656 ), #2652, .T. ) ;
#4478 = ORIENTED_EDGE ( 'NONE', *, *, #3785, .T. ) ;
#4479 = CARTESIAN_POINT ( 'NONE',  ( 29.58323613373343264, 79.68245934866259006, -18.25860792113754272 ) ) ;
#4480 = LINE ( 'NONE', #1215, #2973 ) ;
#4481 = CARTESIAN_POINT ( 'NONE',  ( 2.734030896508720332, 99.92702001953124125, -65.85985436498316403 ) ) ;
#4482 = LINE ( 'NONE', #1218, #3240 ) ;
#4483 = ORIENTED_EDGE ( 'NONE', *, *, #4222, .F. ) ;
#4484 = EDGE_LOOP ( 'NONE', ( #4875, #6363 ) ) ;
#4485 = EDGE_LOOP ( 'NONE', ( #3903, #4029 ) ) ;
#4486 = DIRECTION ( 'NONE',  ( 0.9999999999999950040, 1.000061563076409229E-07, -0.000000000000000000 ) ) ;
#4487 = CARTESIAN_POINT ( 'NONE',  ( 19.85973465361899670, 190.0837242375541223, -48.74335535222896709 ) ) ;
#4488 = CARTESIAN_POINT ( 'NONE',  ( 25.56018516156779441, -0.000000000000000000, -73.50483114408677920 ) ) ;
#4489 = CARTESIAN_POINT ( 'NONE',  ( 29.60607458134767711, 79.77800997434272290, -84.48454023069773200 ) ) ;
#4490 = CIRCLE ( 'NONE', #657, 18.49999999999999645 ) ;
#4491 = CARTESIAN_POINT ( 'NONE',  ( -2.304796889582435782, 148.2620739964488052, -20.56196904014801419 ) ) ;
#4492 = CARTESIAN_POINT ( 'NONE',  ( 19.67303478427227859, 116.8653665908123145, -88.92532585824383773 ) ) ;
#4493 = CARTESIAN_POINT ( 'NONE',  ( 114.3700000000000045, 142.5999999999999943, -47.50000000000000000 ) ) ;
#4494 = EDGE_CURVE ( 'NONE', #1831, #3672, #6538, .T. ) ;
#4495 = VERTEX_POINT ( 'NONE', #5022 ) ;
#4496 = AXIS2_PLACEMENT_3D ( 'NONE', #6436, #2594, #4652 ) ;
#4497 = CARTESIAN_POINT ( 'NONE',  ( 25.71203730846015034, 0.000000000000000000, -20.79774221794630051 ) ) ;
#4498 = CARTESIAN_POINT ( 'NONE',  ( -1.103050371415200459, 127.4679891298866892, -71.90040287607183700 ) ) ;
#4499 = ORIENTED_EDGE ( 'NONE', *, *, #338, .T. ) ;
#4500 = CARTESIAN_POINT ( 'NONE',  ( -2.006112570952875540, 138.3409369933073094, -74.82510229751608222 ) ) ;
#4501 = DIRECTION ( 'NONE',  ( 0.000000000000000000, 1.000000000000000000, 0.000000000000000000 ) ) ;
#4502 = CARTESIAN_POINT ( 'NONE',  ( 104.9415736449821992, -0.1724488711535112073, -88.89772185582617681 ) ) ;
#4503 = AXIS2_PLACEMENT_3D ( 'NONE', #5241, #605, #7702 ) ;
#4504 = DIRECTION ( 'NONE',  ( 0.000000000000000000, -1.000000000000000000, 0.000000000000000000 ) ) ;
#4505 = CARTESIAN_POINT ( 'NONE',  ( 41.66326280472966204, 19.71998996195816289, -69.13748681653709127 ) ) ;
#4506 = CARTESIAN_POINT ( 'NONE',  ( 131.4370916989371096, 163.6726273962472362, -55.42070875093313731 ) ) ;
#4507 = CARTESIAN_POINT ( 'NONE',  ( 150.0000000000000000, 142.5999999999999943, -47.50000000000000000 ) ) ;
#4508 = CARTESIAN_POINT ( 'NONE',  ( 5.221596398425035979, 84.40695032103030826, -30.39348167825328062 ) ) ;
#4509 = VERTEX_POINT ( 'NONE', #3336 ) ;
#4510 = CARTESIAN_POINT ( 'NONE',  ( 132.2111664797281492, 153.4540480023358384, -73.09205307437419208 ) ) ;
#4511 = DIRECTION ( 'NONE',  ( 0.000000000000000000, -1.000000000000000000, 0.000000000000000000 ) ) ;
#4512 = CARTESIAN_POINT ( 'NONE',  ( 30.53131312712467249, 79.25375309061919893, -84.48542605418208495 ) ) ;
#4513 = DIRECTION ( 'NONE',  ( -0.9999999999999950040, -1.000061563076409229E-07, -0.000000000000000000 ) ) ;
#4514 = CARTESIAN_POINT ( 'NONE',  ( 111.3657758841365677, 177.9465268520152108, -15.62069917460018331 ) ) ;
#4515 = ORIENTED_EDGE ( 'NONE', *, *, #2175, .T. ) ;
#4516 = CARTESIAN_POINT ( 'NONE',  ( 111.2156502122978594, 123.2000559591661784, -4.142276683242275936 ) ) ;
#4517 = EDGE_CURVE ( 'NONE', #925, #2029, #1587, .T. ) ;
#4518 = VERTEX_POINT ( 'NONE', #5314 ) ;
#4519 = FACE_OUTER_BOUND ( 'NONE', #3405, .T. ) ;
#4520 = CARTESIAN_POINT ( 'NONE',  ( 131.4152889128048685, 163.8643177976546497, -27.53283600646779661 ) ) ;
#4521 = EDGE_CURVE ( 'NONE', #690, #4881, #1204, .T. ) ;
#4522 = CARTESIAN_POINT ( 'NONE',  ( 104.5000000000000142, 142.5999999999999943, 6.938893903907228378E-15 ) ) ;
#4523 = VECTOR ( 'NONE', #6784, 1000.000000000000114 ) ;
#4524 = DIRECTION ( 'NONE',  ( -1.000000000000000000, -0.000000000000000000, -0.000000000000000000 ) ) ;
#4525 = ORIENTED_EDGE ( 'NONE', *, *, #3401, .T. ) ;
#4526 = ORIENTED_EDGE ( 'NONE', *, *, #1444, .F. ) ;
#4527 = VERTEX_POINT ( 'NONE', #3822 ) ;
#4528 = CARTESIAN_POINT ( 'NONE',  ( -1.307984626662990202, 164.7364959948118894, -51.54483755586930727 ) ) ;
#4529 = FACE_OUTER_BOUND ( 'NONE', #5844, .T. ) ;
#4530 = CARTESIAN_POINT ( 'NONE',  ( 24.99999999999998224, 0.000000000000000000, -68.88026122094728976 ) ) ;
#4531 = CARTESIAN_POINT ( 'NONE',  ( 111.7702380224914123, 82.52050623351597380, -17.85185418077620056 ) ) ;
#4532 = CARTESIAN_POINT ( 'NONE',  ( 17.80223423498136626, 161.0807413569503979, -3.730906962776099345 ) ) ;
#4533 = FACE_OUTER_BOUND ( 'NONE', #6605, .T. ) ;
#4534 = EDGE_CURVE ( 'NONE', #4944, #1380, #1693, .T. ) ;
#4535 = CARTESIAN_POINT ( 'NONE',  ( 45.62893107750395671, 11.39126733360992283, -64.00402338050076878 ) ) ;
#4536 = ORIENTED_EDGE ( 'NONE', *, *, #5835, .T. ) ;
#4537 =( LENGTH_UNIT ( ) NAMED_UNIT ( * ) SI_UNIT ( .MILLI., .METRE. ) );
#4538 = CARTESIAN_POINT ( 'NONE',  ( 84.05044001155206956, -0.09290611106885425519, -6.202724459382405797 ) ) ;
#4539 = DIRECTION ( 'NONE',  ( -0.9999999999999950040, -1.000061563076409229E-07, -0.000000000000000000 ) ) ;
#4540 = ORIENTED_EDGE ( 'NONE', *, *, #514, .T. ) ;
#4541 = EDGE_CURVE ( 'NONE', #4214, #3420, #7701, .T. ) ;
#4542 = CARTESIAN_POINT ( 'NONE',  ( -2.301085287947914892, 145.8397784092650795, -94.94141056347628194 ) ) ;
#4543 = EDGE_CURVE ( 'NONE', #5048, #4870, #8423, .T. ) ;
#4544 = CARTESIAN_POINT ( 'NONE',  ( 87.60409755359897588, 3.700000000000000178, -29.38908729652602148 ) ) ;
#4545 = CARTESIAN_POINT ( 'NONE',  ( 104.3192552492304941, -2.009258728884722345, -88.83842828187911778 ) ) ;
#4546 = CARTESIAN_POINT ( 'NONE',  ( 25.50000000000001066, 81.30822056198461212, -17.13511583841501462 ) ) ;
#4547 = CARTESIAN_POINT ( 'NONE',  ( 40.31614914248914516, 17.75169359459126994, -68.55486544847353514 ) ) ;
#4548 = CARTESIAN_POINT ( 'NONE',  ( 84.00409755359896735, 8.000000000000000000, -29.38908729652600016 ) ) ;
#4549 = CARTESIAN_POINT ( 'NONE',  ( 53.00000000000000711, 20.10000000000000853, -57.39999999999997016 ) ) ;
#4550 = CARTESIAN_POINT ( 'NONE',  ( 22.93001204965289119, 98.04742839040086722, -9.586513870467545217 ) ) ;
#4551 = ORIENTED_EDGE ( 'NONE', *, *, #284, .T. ) ;
#4552 = CARTESIAN_POINT ( 'NONE',  ( 112.2579019733717303, 146.3137351796980568, -94.86554286274906644 ) ) ;
#4553 = CARTESIAN_POINT ( 'NONE',  ( 107.6040975535989759, 8.000000000000003553, -65.61091270347402826 ) ) ;
#4554 = DIRECTION ( 'NONE',  ( -1.000000000000000000, -0.000000000000000000, -0.000000000000000000 ) ) ;
#4555 = CARTESIAN_POINT ( 'NONE',  ( 110.4728909662022147, 187.2732838091639564, -31.28609641625202542 ) ) ;
#4556 = ORIENTED_EDGE ( 'NONE', *, *, #6670, .F. ) ;
#4557 = CARTESIAN_POINT ( 'NONE',  ( 18.42824524410558595, 126.2560777951930504, -92.22577292283934014 ) ) ;
#4558 = ORIENTED_EDGE ( 'NONE', *, *, #6149, .F. ) ;
#4559 = LINE ( 'NONE', #7839, #4456 ) ;
#4560 = DIRECTION ( 'NONE',  ( 1.000000000000000000, -0.000000000000000000, 0.000000000000000000 ) ) ;
#4561 = CARTESIAN_POINT ( 'NONE',  ( 45.96911006206640593, 74.80604910462298562, -80.14991717581352759 ) ) ;
#4562 = CARTESIAN_POINT ( 'NONE',  ( 42.39589333293313445, 12.30000000000000071, -29.38908729652599305 ) ) ;
#4563 = VERTEX_POINT ( 'NONE', #3695 ) ;
#4564 = ORIENTED_EDGE ( 'NONE', *, *, #6869, .T. ) ;
#4565 = EDGE_CURVE ( 'NONE', #7967, #3609, #7396, .T. ) ;
#4566 = ORIENTED_EDGE ( 'NONE', *, *, #3260, .F. ) ;
#4567 = DIRECTION ( 'NONE',  ( 0.000000000000000000, 0.000000000000000000, 1.000000000000000000 ) ) ;
#4568 = DIRECTION ( 'NONE',  ( -1.000000000000000000, 0.000000000000000000, 0.000000000000000000 ) ) ;
#4569 = CARTESIAN_POINT ( 'NONE',  ( 111.2628746922667204, 123.6496860713451724, -3.990745043641647172 ) ) ;
#4570 = CIRCLE ( 'NONE', #865, 3.000000000000002665 ) ;
#4571 = CARTESIAN_POINT ( 'NONE',  ( 45.48222603029210376, 40.21998551235141406, -69.15056516174965395 ) ) ;
#4572 = CARTESIAN_POINT ( 'NONE',  ( 25.50000000000000711, 111.2915253907364246, -86.84438187589373115 ) ) ;
#4573 = CARTESIAN_POINT ( 'NONE',  ( 32.15632641781395762, 51.15461528083503140, -85.94714135132197441 ) ) ;
#4574 = VECTOR ( 'NONE', #8126, 1000.000000000000000 ) ;
#4575 = CARTESIAN_POINT ( 'NONE',  ( 42.39589333293312734, 10.01592551004141818, -62.01091270347398421 ) ) ;
#4576 = ORIENTED_EDGE ( 'NONE', *, *, #209, .F. ) ;
#4577 = DIRECTION ( 'NONE',  ( 0.000000000000000000, 0.000000000000000000, 1.000000000000000000 ) ) ;
#4578 = EDGE_CURVE ( 'NONE', #7589, #4646, #6486, .T. ) ;
#4579 = CARTESIAN_POINT ( 'NONE',  ( 126.0000000000000000, 125.5999999999999943, -47.50000000000001421 ) ) ;
#4580 = ADVANCED_FACE ( 'NONE', ( #762 ), #5510, .F. ) ;
#4581 = CARTESIAN_POINT ( 'NONE',  ( 25.55957659987097230, 86.14823465651771528, -84.58491691280009661 ) ) ;
#4582 = CARTESIAN_POINT ( 'NONE',  ( 18.10906210534145089, 133.2159455750661436, -94.07473202215129504 ) ) ;
#4583 = CARTESIAN_POINT ( 'NONE',  ( 2.500000000000002220, 55.84000000000002473, -30.00991754977235004 ) ) ;
#4584 = CARTESIAN_POINT ( 'NONE',  ( 102.8759254345917640, -6.269332751493049471, -88.61908149263442169 ) ) ;
#4585 = CARTESIAN_POINT ( 'NONE',  ( 104.5000000000000142, 142.5999999999999943, -47.50000000000000000 ) ) ;
#4586 = CIRCLE ( 'NONE', #2669, 15.00000000000000000 ) ;
#4587 = CARTESIAN_POINT ( 'NONE',  ( 42.39589333293313445, 3.700000000000000178, -29.38908729652599305 ) ) ;
#4588 = CARTESIAN_POINT ( 'NONE',  ( 132.2974147573627874, 147.3420328139394258, -25.50227192564798528 ) ) ;
#4589 = CYLINDRICAL_SURFACE ( 'NONE', #3646, 47.50000000000000711 ) ;
#4590 = EDGE_CURVE ( 'NONE', #268, #5123, #3229, .T. ) ;
#4591 = VECTOR ( 'NONE', #7976, 1000.000000000000000 ) ;
#4592 = TOROIDAL_SURFACE ( 'NONE', #756, 6.600000000000003197, 3.000000000000000000 ) ;
#4593 = CARTESIAN_POINT ( 'NONE',  ( -0.4385087575606876897, 121.2243615742061280, -4.805345075063220506 ) ) ;
#4594 = ORIENTED_EDGE ( 'NONE', *, *, #2122, .F. ) ;
#4595 = EDGE_CURVE ( 'NONE', #50, #5169, #2859, .T. ) ;
#4596 = CARTESIAN_POINT ( 'NONE',  ( 112.1857518503448432, 142.2703230775955774, -95.04189024716320944 ) ) ;
#4597 = CARTESIAN_POINT ( 'NONE',  ( 114.6147563709588582, 189.5352893210652780, -45.05770864919001184 ) ) ;
#4598 = CARTESIAN_POINT ( 'NONE',  ( 131.1052756987762677, 127.4890575522803147, -71.90698228092823285 ) ) ;
#4599 = CARTESIAN_POINT ( 'NONE',  ( -0.2317602326860203621, 120.0999934764225969, -47.50000000000000000 ) ) ;
#4600 = EDGE_CURVE ( 'NONE', #5039, #5535, #1901, .T. ) ;
#4601 = CARTESIAN_POINT ( 'NONE',  ( 89.71292872905583238, 48.39999999999997726, -25.78908729652599519 ) ) ;
#4602 = ORIENTED_EDGE ( 'NONE', *, *, #598, .T. ) ;
#4603 = CARTESIAN_POINT ( 'NONE',  ( 17.81120477094971122, 142.6000000000053092, 9.010915958772428336E-15 ) ) ;
#4604 = ORIENTED_EDGE ( 'NONE', *, *, #6982, .F. ) ;
#4605 = CARTESIAN_POINT ( 'NONE',  ( 97.55416809031699188, 78.57254535358293879, -10.51146788757377770 ) ) ;
#4606 =( BOUNDED_SURFACE ( )  B_SPLINE_SURFACE ( 3, 2, ( 
 ( #2695, #1402, #6617 ),
 ( #802, #7127, #4704 ),
 ( #5903, #2567, #3333 ),
 ( #760, #84, #7293 ),
 ( #39, #7168, #3891 ),
 ( #5985, #7819, #5941 ),
 ( #2609, #6490, #6655 ),
 ( #5268, #4626, #2735 ),
 ( #4065, #5817, #635 ),
 ( #3248, #5196, #7259 ),
 ( #7136, #727, #3345 ),
 ( #7177, #3902, #7789 ),
 ( #6545, #4593, #8433 ),
 ( #7746, #5876, #4027 ),
 ( #6459, #6502, #6589 ),
 ( #7913, #1371, #689 ),
 ( #1890, #2058, #4676 ),
 ( #1408, #602, #7 ),
 ( #3214, #1331, #49 ),
 ( #3300, #2705, #2743 ),
 ( #2659, #2577, #3987 ),
 ( #647, #6625, #5831 ),
 ( #3944, #1937, #5912 ),
 ( #1973, #5280, #5320 ),
 ( #7221, #7872, #4550 ),
 ( #1287, #2018, #5954 ),
 ( #4637, #93, #3259 ),
 ( #2619, #5238, #768 ),
 ( #3386, #5992, #132 ),
 ( #4508, #7098, #7829 ),
 ( #1246, #3861, #7384 ),
 ( #7470, #4071, #1620 ),
 ( #1574, #8074, #7426 ),
 ( #3430, #6113, #327 ),
 ( #2093, #4710, #1490 ),
 ( #2901, #4234, #2221 ),
 ( #6786, #4796, #5353 ),
 ( #6827, #4109, #846 ),
 ( #891, #1529, #248 ),
 ( #6069, #5387, #977 ),
 ( #4191, #6030, #6742 ),
 ( #2863, #3509, #2137 ),
 ( #6192, #935, #204 ),
 ( #2180, #168, #4145 ),
 ( #4838, #3554, #2781 ),
 ( #4879, #7346, #4754 ),
 ( #6153, #2822, #7951 ),
 ( #3591, #2267, #5475 ),
 ( #288, #5514, #5431 ),
 ( #8118, #7993, #6702 ),
 ( #7303, #6664, #8035 ),
 ( #1447, #3467, #808 ),
 ( #5736, #4966, #6365 ),
 ( #6235, #4452, #2989 ),
 ( #2436, #5050, #380 ),
 ( #2480, #7558, #2349 ),
 ( #4409, #3681, #2946 ),
 ( #5094, #8337, #1100 ),
 ( #3632, #6408, #5563 ),
 ( #7685, #7647, #1660 ),
 ( #1789, #6319, #3122 ),
 ( #1829, #8164, #7043 ),
 ( #2309, #1700, #1191 ),
 ( #1061, #5004, #4278 ),
 ( #3723, #5643, #6957 ),
 ( #4923, #6999, #460 ) ),
 .UNSPECIFIED., .F., .F., .T. ) 
 B_SPLINE_SURFACE_WITH_KNOTS ( ( 4, 2, 2, 2, 2, 2, 2, 2, 2, 2, 2, 2, 2, 2, 2, 2, 2, 2, 2, 2, 2, 2, 2, 2, 2, 2, 2, 2, 2, 2, 2, 2, 4 ),
 ( 3, 3 ),
 ( 0.1423335486493892688, 0.1433742632560390251, 0.1438946205593639172, 0.1441547992110263632, 0.1442198438739419886, 0.1442848885368575862, 0.1444149778626888092, 0.1464964070759883774, 0.1506592655025874583, 0.1589849823557856201, 0.1673106992089837819, 0.1714735576355828628, 0.1756364160621819437, 0.1797992744887810246, 0.1839621329153801055, 0.1922878497685782673, 0.2089392834749745909, 0.2255907171813709144, 0.2422421508877672658, 0.2588935845941636171, 0.2672193014473617789, 0.2682600160540115075, 0.2685201947056739535, 0.2687803733573363996, 0.2693007306606612916, 0.2713821598739608598, 0.2734635890872604280, 0.2745043036939102121, 0.2746343930197414629, 0.2746994376826570328, 0.2747644823455726582, 0.2750246609972351042, 0.2755450183005599407 ),
 ( 0.000000000000000000, 1.000000000000000000 ),
 .UNSPECIFIED. ) 
 GEOMETRIC_REPRESENTATION_ITEM ( )  RATIONAL_B_SPLINE_SURFACE ( (
 ( 1.000000000000000000, 0.7180787408949735884, 1.000000000000000000),
 ( 1.000000000000000000, 0.7182350034028119889, 1.000000000000000000),
 ( 1.000000000000000000, 0.7183879166665458893, 1.000000000000000000),
 ( 1.000000000000000000, 0.7186123322173399997, 1.000000000000000000),
 ( 1.000000000000000000, 0.7186863116716445399, 1.000000000000000000),
 ( 1.000000000000000000, 0.7187960508650187430, 1.000000000000000000),
 ( 1.000000000000000000, 0.7188324255973537191, 1.000000000000000000),
 ( 1.000000000000000000, 0.7188776386554496245, 1.000000000000000000),
 ( 1.000000000000000000, 0.7188882678709792584, 1.000000000000000000),
 ( 1.000000000000000000, 0.7188945583970859365, 1.000000000000000000),
 ( 1.000000000000000000, 0.7188976781987358455, 1.000000000000000000),
 ( 1.000000000000000000, 0.7189069614126800678, 1.000000000000000000),
 ( 1.000000000000000000, 0.7189130486338728421, 1.000000000000000000),
 ( 1.000000000000000000, 0.7190148131517158925, 1.000000000000000000),
 ( 1.000000000000000000, 0.7190847183093321826, 1.000000000000000000),
 ( 1.000000000000000000, 0.7192231138782222422, 1.000000000000000000),
 ( 1.000000000000000000, 0.7192203128301635218, 1.000000000000000000),
 ( 1.000000000000000000, 0.7189762702796708149, 1.000000000000000000),
 ( 1.000000000000000000, 0.7185000671690655594, 1.000000000000000000),
 ( 1.000000000000000000, 0.7171716724514682895, 1.000000000000000000),
 ( 1.000000000000000000, 0.7163197241751402267, 1.000000000000000000),
 ( 1.000000000000000000, 0.7149301277093071949, 1.000000000000000000),
 ( 1.000000000000000000, 0.7144588497714319253, 1.000000000000000000),
 ( 1.000000000000000000, 0.7135445056135953923, 1.000000000000000000),
 ( 1.000000000000000000, 0.7130947224903259052, 1.000000000000000000),
 ( 1.000000000000000000, 0.7122093492166843287, 1.000000000000000000),
 ( 1.000000000000000000, 0.7117733418249313493, 1.000000000000000000),
 ( 1.000000000000000000, 0.7109174606105955752, 1.000000000000000000),
 ( 1.000000000000000000, 0.7104976831621317990, 1.000000000000000000),
 ( 1.000000000000000000, 0.7092621813350731275, 1.000000000000000000),
 ( 1.000000000000000000, 0.7084700661965521729, 1.000000000000000000),
 ( 1.000000000000000000, 0.7061902334304732687, 1.000000000000000000),
 ( 1.000000000000000000, 0.7047941015289713729, 1.000000000000000000),
 ( 1.000000000000000000, 0.7023586718583059163, 1.000000000000000000),
 ( 1.000000000000000000, 0.7013203989056320253, 1.000000000000000000),
 ( 1.000000000000000000, 0.6998861979449597648, 1.000000000000000000),
 ( 1.000000000000000000, 0.6994877330195038434, 1.000000000000000000),
 ( 1.000000000000000000, 0.6998627080616534046, 1.000000000000000000),
 ( 1.000000000000000000, 0.7006365063781658797, 1.000000000000000000),
 ( 1.000000000000000000, 0.7032866467636377239, 1.000000000000000000),
 ( 1.000000000000000000, 0.7044206640266382768, 1.000000000000000000),
 ( 1.000000000000000000, 0.7060466649843650799, 1.000000000000000000),
 ( 1.000000000000000000, 0.7062321993025629796, 1.000000000000000000),
 ( 1.000000000000000000, 0.7064703517084515161, 1.000000000000000000),
 ( 1.000000000000000000, 0.7065182939133752837, 1.000000000000000000),
 ( 1.000000000000000000, 0.7066148055151394436, 1.000000000000000000),
 ( 1.000000000000000000, 0.7066632752155901365, 1.000000000000000000),
 ( 1.000000000000000000, 0.7068108191560765752, 1.000000000000000000),
 ( 1.000000000000000000, 0.7069099929947507688, 1.000000000000000000),
 ( 1.000000000000000000, 0.7074099292486183410, 1.000000000000000000),
 ( 1.000000000000000000, 0.7078228950261579167, 1.000000000000000000),
 ( 1.000000000000000000, 0.7086751085128125682, 1.000000000000000000),
 ( 1.000000000000000000, 0.7091143566856992209, 1.000000000000000000),
 ( 1.000000000000000000, 0.7097930796928725306, 1.000000000000000000),
 ( 1.000000000000000000, 0.7100226286136432918, 1.000000000000000000),
 ( 1.000000000000000000, 0.7102846015474413299, 1.000000000000000000),
 ( 1.000000000000000000, 0.7103137614589494220, 1.000000000000000000),
 ( 1.000000000000000000, 0.7103575790569579551, 1.000000000000000000),
 ( 1.000000000000000000, 0.7103721978780681567, 1.000000000000000000),
 ( 1.000000000000000000, 0.7104014614335720790, 1.000000000000000000),
 ( 1.000000000000000000, 0.7104245076088687716, 1.000000000000000000),
 ( 1.000000000000000000, 0.7104245076088687716, 1.000000000000000000),
 ( 1.000000000000000000, 0.7104245076088687716, 1.000000000000000000),
 ( 1.000000000000000000, 0.7104245076088687716, 1.000000000000000000),
 ( 1.000000000000000000, 0.7104245076088687716, 1.000000000000000000),
 ( 1.000000000000000000, 0.7104245076088687716, 1.000000000000000000) ) ) 
 REPRESENTATION_ITEM ( '' )  SURFACE ( )  );
#4607 = CARTESIAN_POINT ( 'NONE',  ( -1.220137506708657948, 128.5966559372246820, -72.25247869599698447 ) ) ;
#4608 = PLANE ( 'NONE',  #4496 ) ;
#4609 = AXIS2_PLACEMENT_3D ( 'NONE', #939, #6415, #594 ) ;
#4610 = EDGE_LOOP ( 'NONE', ( #7806, #6854, #5927, #8366 ) ) ;
#4611 = EDGE_LOOP ( 'NONE', ( #859, #5504, #835, #5121, #4392 ) ) ;
#4612 = ORIENTED_EDGE ( 'NONE', *, *, #3933, .F. ) ;
#4613 = CYLINDRICAL_SURFACE ( 'NONE', #2049, 3.000000000000002665 ) ;
#4614 = CARTESIAN_POINT ( 'NONE',  ( 131.3107321005577433, 129.5024279681921655, -65.79863044629300362 ) ) ;
#4615 = CARTESIAN_POINT ( 'NONE',  ( 35.62733019833057568, -0.000000000000000000, -86.27238117945168483 ) ) ;
#4616 = AXIS2_PLACEMENT_3D ( 'NONE', #7027, #6307, #3836 ) ;
#4617 = DIRECTION ( 'NONE',  ( -1.000000000000000000, -0.000000000000000000, -0.000000000000000000 ) ) ;
#4618 = VECTOR ( 'NONE', #7448, 1000.000000000000000 ) ;
#4619 = DIRECTION ( 'NONE',  ( 0.000000000000000000, 0.000000000000000000, -1.000000000000000000 ) ) ;
#4620 = CARTESIAN_POINT ( 'NONE',  ( 14.29765527639849232, 38.77276080959079252, -69.42073670614630032 ) ) ;
#4621 = DIRECTION ( 'NONE',  ( 1.000000000000000000, -0.000000000000000000, -0.000000000000000000 ) ) ;
#4622 = CARTESIAN_POINT ( 'NONE',  ( 26.15840587936331119, 82.11193066320944922, -80.10584998302090298 ) ) ;
#4623 = ORIENTED_EDGE ( 'NONE', *, *, #6557, .F. ) ;
#4624 = CARTESIAN_POINT ( 'NONE',  ( 77.50000000000001421, 30.00000000000000000, -47.49999999999997868 ) ) ;
#4625 = CARTESIAN_POINT ( 'NONE',  ( 36.15999440348730332, 74.26002270254141990, -19.27369306408119343 ) ) ;
#4626 = CARTESIAN_POINT ( 'NONE',  ( -0.4616381235936632965, 121.3997926896415152, -4.748990596645056073 ) ) ;
#4627 = CARTESIAN_POINT ( 'NONE',  ( 18.45110622574915027, 175.3771649542208024, -81.93802209602303321 ) ) ;
#4628 = CARTESIAN_POINT ( 'NONE',  ( 21.50074498466550565, 10.90436975373913597, -63.40078250615569999 ) ) ;
#4629 = FACE_OUTER_BOUND ( 'NONE', #2723, .T. ) ;
#4630 = EDGE_CURVE ( 'NONE', #7124, #2026, #5349, .T. ) ;
#4631 = CIRCLE ( 'NONE', #8027, 1.649999999999991696 ) ;
#4632 = EDGE_CURVE ( 'NONE', #3672, #7428, #7381, .T. ) ;
#4633 = CARTESIAN_POINT ( 'NONE',  ( 4.133700826868057732, 91.07338073654116783, -30.03483310003977991 ) ) ;
#4634 = CARTESIAN_POINT ( 'NONE',  ( 87.60409755359897588, 3.700000000000000178, -29.38908729652602148 ) ) ;
#4635 = CARTESIAN_POINT ( 'NONE',  ( 132.1900630569564612, 153.8704198428279426, -66.97728791204612264 ) ) ;
#4636 = DIRECTION ( 'NONE',  ( -1.000000000000000000, 0.000000000000000000, 0.000000000000000000 ) ) ;
#4637 = CARTESIAN_POINT ( 'NONE',  ( 3.842499222766212696, 92.90239421993526037, -29.87257850573724483 ) ) ;
#4638 = EDGE_LOOP ( 'NONE', ( #6503, #5645 ) ) ;
#4639 = CARTESIAN_POINT ( 'NONE',  ( 131.4221020615522093, 166.5588407016728354, -88.54357315321733779 ) ) ;
#4640 = AXIS2_PLACEMENT_3D ( 'NONE', #6241, #3642, #7565 ) ;
#4641 = B_SPLINE_CURVE_WITH_KNOTS ( 'NONE', 3,
 ( #7368, #5588, #872, #1682, #7408, #2244, #3491, #5542, #7495 ),
 .UNSPECIFIED., .F., .F.,
 ( 4, 2, 1, 2, 4 ),
 ( -6.000000001099749985E-08, 0.002231975266073624696, 0.004464010532147260311, 0.008928081064294530675, 0.01785622212858907140 ),
 .UNSPECIFIED. ) ;
#4642 = FACE_OUTER_BOUND ( 'NONE', #6773, .T. ) ;
#4643 = CARTESIAN_POINT ( 'NONE',  ( 130.9268067032830913, 125.8404176547151252, -71.39940581885969095 ) ) ;
#4644 = CARTESIAN_POINT ( 'NONE',  ( -1.486475750166509791, 131.3349348883322136, -27.96783501659461635 ) ) ;
#4645 = CARTESIAN_POINT ( 'NONE',  ( 126.0000000000000000, 151.1000000000000796, -32.77756813566458050 ) ) ;
#4646 = VERTEX_POINT ( 'NONE', #199 ) ;
#4647 = CARTESIAN_POINT ( 'NONE',  ( -1.239326441621020347, 165.3040623502857329, -28.71420210952611995 ) ) ;
#4648 = EDGE_LOOP ( 'NONE', ( #3582, #1040, #4654, #3064 ) ) ;
#4649 = DIRECTION ( 'NONE',  ( 0.9999999999999951150, 1.000061563076409361E-07, -0.000000000000000000 ) ) ;
#4650 = ADVANCED_FACE ( 'NONE', ( #1484 ), #6619, .F. ) ;
#4651 = FACE_OUTER_BOUND ( 'NONE', #3073, .T. ) ;
#4652 = DIRECTION ( 'NONE',  ( -0.000000000000000000, 0.000000000000000000, -1.000000000000000000 ) ) ;
#4653 = ORIENTED_EDGE ( 'NONE', *, *, #4160, .F. ) ;
#4654 = ORIENTED_EDGE ( 'NONE', *, *, #7120, .T. ) ;
#4655 = CIRCLE ( 'NONE', #2141, 3.000000000000002665 ) ;
#4656 = ORIENTED_EDGE ( 'NONE', *, *, #146, .F. ) ;
#4657 = FACE_OUTER_BOUND ( 'NONE', #7405, .T. ) ;
#4658 = CARTESIAN_POINT ( 'NONE',  ( 130.8003861289193139, 124.7256260844454658, -61.24570564125124861 ) ) ;
#4659 = CARTESIAN_POINT ( 'NONE',  ( 112.1517807995533360, 140.9438058556345936, -95.00000000000000000 ) ) ;
#4660 = CARTESIAN_POINT ( 'NONE',  ( 87.60409755359897588, 48.39999999999997726, -25.78908729652599519 ) ) ;
#4661 = PLANE ( 'NONE',  #4758 ) ;
#4662 = CARTESIAN_POINT ( 'NONE',  ( 111.1960925704277514, 123.0438746822756002, -4.194911959041463412 ) ) ;
#4663 = CARTESIAN_POINT ( 'NONE',  ( 16.60174963317793484, 189.8547437892863172, -45.38367019259122515 ) ) ;
#4664 = ORIENTED_EDGE ( 'NONE', *, *, #4072, .F. ) ;
#4665 = EDGE_CURVE ( 'NONE', #6184, #8234, #2933, .T. ) ;
#4666 = CARTESIAN_POINT ( 'NONE',  ( 31.14541426641434185, 75.32955476705704712, -80.54039470310044635 ) ) ;
#4667 = VERTEX_POINT ( 'NONE', #2385 ) ;
#4668 = CARTESIAN_POINT ( 'NONE',  ( 31.81082567716165954, -0.000000000000000000, -11.40828517648658469 ) ) ;
#4669 = CARTESIAN_POINT ( 'NONE',  ( 49.50000000000000000, 39.69556893359857241, -25.74419069911046876 ) ) ;
#4670 = CARTESIAN_POINT ( 'NONE',  ( -0.2948243116188147273, 171.2865245128358254, -58.91184668854059225 ) ) ;
#4671 = CARTESIAN_POINT ( 'NONE',  ( 84.08191696696596296, 0.000000000000000000, -88.79999999999998295 ) ) ;
#4672 = LINE ( 'NONE', #6621, #2418 ) ;
#4673 = CARTESIAN_POINT ( 'NONE',  ( -0.5890028460866273408, 122.9225453428750399, -24.45523488679053514 ) ) ;
#4674 = LINE ( 'NONE', #4024, #6612 ) ;
#4675 = CARTESIAN_POINT ( 'NONE',  ( 14.50335285780324845, 37.89400090752511829, -25.50000000000004974 ) ) ;
#4676 = CARTESIAN_POINT ( 'NONE',  ( 19.33862273850778024, 119.0967788872802231, -5.442487491916172537 ) ) ;
#4677 = EDGE_CURVE ( 'NONE', #8096, #5123, #6908, .T. ) ;
#4678 = VERTEX_POINT ( 'NONE', #4874 ) ;
#4679 = ADVANCED_FACE ( 'NONE', ( #4404 ), #418, .F. ) ;
#4680 = CARTESIAN_POINT ( 'NONE',  ( 52.50000000000000711, -6.714056312975745640E-14, -32.95991754977224986 ) ) ;
#4681 = LINE ( 'NONE', #4075, #3639 ) ;
#4682 = CARTESIAN_POINT ( 'NONE',  ( 118.0803415940512622, 188.3573371030158228, -50.87089211263752730 ) ) ;
#4683 = DIRECTION ( 'NONE',  ( 1.000000000000000000, -0.000000000000000000, -0.000000000000000000 ) ) ;
#4684 = CARTESIAN_POINT ( 'NONE',  ( 25.50000000000000355, 52.00000000000000000, -54.50000000000000711 ) ) ;
#4685 = EDGE_LOOP ( 'NONE', ( #1990, #2461 ) ) ;
#4686 = CARTESIAN_POINT ( 'NONE',  ( -2.263819065289772947, 151.4987742623549138, -21.32533833913379695 ) ) ;
#4687 = ORIENTED_EDGE ( 'NONE', *, *, #8328, .F. ) ;
#4688 = CARTESIAN_POINT ( 'NONE',  ( 102.6614078632614735, 81.85731658156393564, -10.50614001393610231 ) ) ;
#4689 = CARTESIAN_POINT ( 'NONE',  ( 118.8103372291973727, 52.00000000000000711, -65.61091270347398563 ) ) ;
#4690 = LINE ( 'NONE', #5294, #2010 ) ;
#4691 = ORIENTED_EDGE ( 'NONE', *, *, #4175, .T. ) ;
#4692 = VERTEX_POINT ( 'NONE', #6360 ) ;
#4693 = VERTEX_POINT ( 'NONE', #456 ) ;
#4694 = CARTESIAN_POINT ( 'NONE',  ( 111.0000000000000000, 151.1000000000000796, -62.22243186433541950 ) ) ;
#4695 = CARTESIAN_POINT ( 'NONE',  ( 14.70369121891855180, 36.99999999999998579, -69.50000000000000000 ) ) ;
#4696 = FACE_OUTER_BOUND ( 'NONE', #5687, .T. ) ;
#4697 = DIRECTION ( 'NONE',  ( 1.000000000000000000, -0.000000000000000000, -0.000000000000000000 ) ) ;
#4698 = CARTESIAN_POINT ( 'NONE',  ( 109.2885003206503143, 110.5172562323846250, -7.625854485654216752 ) ) ;
#4699 = CARTESIAN_POINT ( 'NONE',  ( 40.29237718448965921, 72.28357102794903710, -10.38665940531282494 ) ) ;
#4700 = ORIENTED_EDGE ( 'NONE', *, *, #4595, .F. ) ;
#4701 = CARTESIAN_POINT ( 'NONE',  ( 15.00000000000000000, 142.5999999999999943, -47.50000000000000000 ) ) ;
#4702 = EDGE_LOOP ( 'NONE', ( #5395, #6254, #4454, #2111, #4743, #1818, #4994, #7677, #6897 ) ) ;
#4703 = CARTESIAN_POINT ( 'NONE',  ( 85.41587309761172264, 4.397470278936182808, -6.121101729874863118 ) ) ;
#4704 = CARTESIAN_POINT ( 'NONE',  ( 18.63465273990584947, 124.6533728639059859, -3.652488549686731645 ) ) ;
#4705 = CARTESIAN_POINT ( 'NONE',  ( 18.97745809489509128, 181.9221303563450363, -74.22317142724374150 ) ) ;
#4706 = DIRECTION ( 'NONE',  ( 0.000000000000000000, 0.000000000000000000, 1.000000000000000000 ) ) ;
#4707 = CARTESIAN_POINT ( 'NONE',  ( 18.99999527370932029, 125.5999953997165619, -47.50000000000001421 ) ) ;
#4708 = CARTESIAN_POINT ( 'NONE',  ( 24.49999999999999645, 187.6000000000000227, -47.50000000000000000 ) ) ;
#4709 = PLANE ( 'NONE',  #5153 ) ;
#4710 = CARTESIAN_POINT ( 'NONE',  ( 11.21670515173123484, 51.71776802862795108, -9.115890405445655986 ) ) ;
#4711 = VERTEX_POINT ( 'NONE', #4271 ) ;
#4712 = FACE_OUTER_BOUND ( 'NONE', #5919, .T. ) ;
#4713 = CARTESIAN_POINT ( 'NONE',  ( 42.39589333293313445, 0.000000000000000000, -29.38908729652599305 ) ) ;
#4714 = CARTESIAN_POINT ( 'NONE',  ( 130.4871188076662634, 121.5982389098306413, -90.31788855646978220 ) ) ;
#4715 = CARTESIAN_POINT ( 'NONE',  ( 105.5000009628523401, 190.1000000000000227, -47.49999999999948841 ) ) ;
#4716 = CARTESIAN_POINT ( 'NONE',  ( 55.50000000000000000, 55.84000000000002473, -30.00991754977235004 ) ) ;
#4717 = VERTEX_POINT ( 'NONE', #2304 ) ;
#4718 = VECTOR ( 'NONE', #7642, 1000.000000000000000 ) ;
#4719 = CARTESIAN_POINT ( 'NONE',  ( 49.42269499244341091, 73.64962987711820119, -75.81027996550346870 ) ) ;
#4720 = CARTESIAN_POINT ( 'NONE',  ( 112.2846450112879495, 148.7045712498229193, -94.61239710388430524 ) ) ;
#4721 = VERTEX_POINT ( 'NONE', #6953 ) ;
#4722 = CARTESIAN_POINT ( 'NONE',  ( 56.50000000000000711, 39.90000000000001279, -57.39999999999996305 ) ) ;
#4723 = CARTESIAN_POINT ( 'NONE',  ( 131.5273098888754930, 162.8826050657290523, -26.78760883123699088 ) ) ;
#4724 = AXIS2_PLACEMENT_3D ( 'NONE', #4209, #1674, #2283 ) ;
#4725 = VECTOR ( 'NONE', #7606, 1000.000000000000000 ) ;
#4726 = DIRECTION ( 'NONE',  ( 0.000000000000000000, 0.000000000000000000, 1.000000000000000000 ) ) ;
#4727 = DIRECTION ( 'NONE',  ( 0.000000000000000000, -1.000000000000000000, 0.000000000000000000 ) ) ;
#4728 = VERTEX_POINT ( 'NONE', #6274 ) ;
#4729 = ADVANCED_FACE ( 'NONE', ( #3069 ), #2939, .F. ) ;
#4730 = EDGE_LOOP ( 'NONE', ( #1639, #3828, #1221, #1080 ) ) ;
#4731 = CARTESIAN_POINT ( 'NONE',  ( 77.50000000000001421, 52.00000000000000711, -65.61091270347398563 ) ) ;
#4732 = CARTESIAN_POINT ( 'NONE',  ( 130.3790324042106477, 121.2485561582523843, -40.25130201047552703 ) ) ;
#4733 = AXIS2_PLACEMENT_3D ( 'NONE', #4232, #1271, #5091 ) ;
#4734 = VECTOR ( 'NONE', #2479, 1000.000000000000000 ) ;
#4735 = DIRECTION ( 'NONE',  ( 1.000000000000000000, -0.000000000000000000, -0.000000000000000000 ) ) ;
#4736 = LINE ( 'NONE', #2078, #5034 ) ;
#4737 = VECTOR ( 'NONE', #8052, 1000.000000000000000 ) ;
#4738 = CARTESIAN_POINT ( 'NONE',  ( 108.3931972470865617, 105.4210959241835326, -8.589690310389471506 ) ) ;
#4739 = CARTESIAN_POINT ( 'NONE',  ( 14.23784754762277416, 189.2195141670233625, -44.75026453778047397 ) ) ;
#4740 = CIRCLE ( 'NONE', #3924, 5.000000000000005329 ) ;
#4741 = ORIENTED_EDGE ( 'NONE', *, *, #2528, .F. ) ;
#4742 = CARTESIAN_POINT ( 'NONE',  ( 131.2201364201198146, 128.5966596842090155, -22.74752130400316119 ) ) ;
#4743 = ORIENTED_EDGE ( 'NONE', *, *, #122, .T. ) ;
#4744 = AXIS2_PLACEMENT_3D ( 'NONE', #1129, #4436, #410 ) ;
#4745 = CIRCLE ( 'NONE', #6378, 15.00000000000000000 ) ;
#4746 = CARTESIAN_POINT ( 'NONE',  ( 92.33068616282183427, 28.42521937111533603, -7.079265654153418019 ) ) ;
#4747 = ORIENTED_EDGE ( 'NONE', *, *, #2631, .F. ) ;
#4748 = B_SPLINE_CURVE_WITH_KNOTS ( 'NONE', 3,
 ( #3466, #5386, #7950, #4837, #1488, #203 ),
 .UNSPECIFIED., .F., .F.,
 ( 4, 2, 4 ),
 ( 0.000000000000000000, 0.01864574875594160464, 0.03729149751188320927 ),
 .UNSPECIFIED. ) ;
#4749 = CARTESIAN_POINT ( 'NONE',  ( 19.37166046136752584, 185.8646441120499162, -67.21137155289173393 ) ) ;
#4750 = CARTESIAN_POINT ( 'NONE',  ( 20.42400708451135927, 14.50868735887794969, -28.05135231679090779 ) ) ;
#4751 = CARTESIAN_POINT ( 'NONE',  ( 60.99546125283391262, 49.32864057837790739, -44.99999999999997158 ) ) ;
#4752 = CARTESIAN_POINT ( 'NONE',  ( 126.0000000000000000, 151.1000000000000796, -34.87756813566458192 ) ) ;
#4753 = CARTESIAN_POINT ( 'NONE',  ( 104.2879632390568361, 0.000000000000000000, -74.20225691760489894 ) ) ;
#4754 = CARTESIAN_POINT ( 'NONE',  ( 43.90302664457391302, 6.620627743247328389, -6.120376179158680152 ) ) ;
#4755 = CARTESIAN_POINT ( 'NONE',  ( 8.155154915289683615, 67.45256799723664187, -64.59542823982498305 ) ) ;
#4756 = ORIENTED_EDGE ( 'NONE', *, *, #214, .T. ) ;
#4757 = CARTESIAN_POINT ( 'NONE',  ( 16.50000000000000000, 55.84000000000002473, -30.00991754977235004 ) ) ;
#4758 = AXIS2_PLACEMENT_3D ( 'NONE', #31, #7330, #5934 ) ;
#4759 = CARTESIAN_POINT ( 'NONE',  ( 121.3579898727270745, 64.81347806053742033, -30.32797553941803059 ) ) ;
#4760 = CARTESIAN_POINT ( 'NONE',  ( 130.4536695072201837, 121.3387998077134569, -90.23105288875164831 ) ) ;
#4761 = DIRECTION ( 'NONE',  ( 0.000000000000000000, 0.000000000000000000, -1.000000000000000000 ) ) ;
#4762 = CARTESIAN_POINT ( 'NONE',  ( 131.3845662781943133, 130.2377870133594513, -72.95673693493495193 ) ) ;
#4763 = ORIENTED_EDGE ( 'NONE', *, *, #2378, .F. ) ;
#4764 = CARTESIAN_POINT ( 'NONE',  ( -0.6679581572944101042, 169.1500953446918061, -32.86975180944139652 ) ) ;
#4765 = CARTESIAN_POINT ( 'NONE',  ( 110.1475055243356564, 190.0252087186672441, -50.27326953474563709 ) ) ;
#4766 = VECTOR ( 'NONE', #2187, 1000.000000000000114 ) ;
#4767 = ORIENTED_EDGE ( 'NONE', *, *, #1538, .F. ) ;
#4768 = CARTESIAN_POINT ( 'NONE',  ( -0.2540389709902654558, 119.3055451798667974, -88.93316798906764120 ) ) ;
#4769 = CARTESIAN_POINT ( 'NONE',  ( 111.3407039928108873, 178.2038114463095724, -15.99266860899692766 ) ) ;
#4770 = DIRECTION ( 'NONE',  ( -1.000000000000000000, -0.000000000000000000, -0.000000000000000000 ) ) ;
#4771 = DIRECTION ( 'NONE',  ( -1.000000000000000000, 0.000000000000000000, 0.000000000000000000 ) ) ;
#4772 = ORIENTED_EDGE ( 'NONE', *, *, #1400, .T. ) ;
#4773 = AXIS2_PLACEMENT_3D ( 'NONE', #2055, #6583, #5707 ) ;
#4774 = ORIENTED_EDGE ( 'NONE', *, *, #376, .T. ) ;
#4775 = CARTESIAN_POINT ( 'NONE',  ( 87.60409755359897588, 11.60000000000004050, -69.21091270347400837 ) ) ;
#4776 = EDGE_CURVE ( 'NONE', #8327, #7045, #8289, .T. ) ;
#4777 = CARTESIAN_POINT ( 'NONE',  ( 130.5872517085814195, 122.9344003543151871, -58.43845539741163719 ) ) ;
#4778 = CARTESIAN_POINT ( 'NONE',  ( 10.86061687551280031, 54.16962372454026564, -27.51168468852702986 ) ) ;
#4779 = EDGE_CURVE ( 'NONE', #4116, #8066, #7986, .T. ) ;
#4780 = CARTESIAN_POINT ( 'NONE',  ( 97.82606455346694929, 78.64076999698994541, -84.48811807015093223 ) ) ;
#4781 = CARTESIAN_POINT ( 'NONE',  ( 112.1855472637799238, 142.2594431719842873, 0.04226472830741257597 ) ) ;
#4782 = AXIS2_PLACEMENT_3D ( 'NONE', #7450, #7327, #5973 ) ;
#4783 = DIRECTION ( 'NONE',  ( 0.000000000000000000, 0.000000000000000000, 1.000000000000000000 ) ) ;
#4784 = VERTEX_POINT ( 'NONE', #4363 ) ;
#4785 = DIRECTION ( 'NONE',  ( 0.000000000000000000, 0.000000000000000000, 1.000000000000000000 ) ) ;
#4786 = CARTESIAN_POINT ( 'NONE',  ( 25.50000000000000355, 87.34000000000000341, -79.15075127718135661 ) ) ;
#4787 = ORIENTED_EDGE ( 'NONE', *, *, #8248, .F. ) ;
#4788 = CARTESIAN_POINT ( 'NONE',  ( 105.1683998496366144, 0.4981946481380004066, -6.085558789078106656 ) ) ;
#4789 = DIRECTION ( 'NONE',  ( 0.9999999999999951150, 1.000061563076409361E-07, -0.000000000000000000 ) ) ;
#4790 = CARTESIAN_POINT ( 'NONE',  ( 3.497934896301919228, 189.5389891123235770, -55.03867122199817885 ) ) ;
#4791 = EDGE_CURVE ( 'NONE', #7649, #5048, #4358, .T. ) ;
#4792 = CARTESIAN_POINT ( 'NONE',  ( 27.59413734145540431, 78.59923097165520289, -80.61385963374449659 ) ) ;
#4793 = LINE ( 'NONE', #5429, #7016 ) ;
#4794 = ADVANCED_FACE ( 'NONE', ( #1614 ), #8208, .F. ) ;
#4795 = CARTESIAN_POINT ( 'NONE',  ( 18.60284758185179044, 123.1921976275688735, -4.145793663444173660 ) ) ;
#4796 = CARTESIAN_POINT ( 'NONE',  ( 15.00168841029353040, 34.73587746057842196, -7.575553271057070326 ) ) ;
#4797 = EDGE_CURVE ( 'NONE', #5921, #5756, #1097, .T. ) ;
#4798 = CARTESIAN_POINT ( 'NONE',  ( 8.029277188552120137, 68.15359960506832238, -84.71497666908572910 ) ) ;
#4799 = ORIENTED_EDGE ( 'NONE', *, *, #1632, .T. ) ;
#4800 = CARTESIAN_POINT ( 'NONE',  ( 38.50000000000000000, 52.00000000000000000, -69.50000000000000000 ) ) ;
#4801 = CARTESIAN_POINT ( 'NONE',  ( 28.49021541253402390, 40.82632039616282071, -69.00437016938590773 ) ) ;
#4802 = CARTESIAN_POINT ( 'NONE',  ( 127.8329484809372047, 103.5572447665346800, -86.08300243149918174 ) ) ;
#4803 = DIRECTION ( 'NONE',  ( 0.000000000000000000, 0.1840045405082833818, -0.9829253934416057881 ) ) ;
#4804 = CYLINDRICAL_SURFACE ( 'NONE', #2788, 3.600000000000005862 ) ;
#4805 = EDGE_LOOP ( 'NONE', ( #5850, #4756, #2851, #4700 ) ) ;
#4806 = CARTESIAN_POINT ( 'NONE',  ( -2.045010138335527916, 156.8513672735535351, -23.25627248068351705 ) ) ;
#4807 = DIRECTION ( 'NONE',  ( 0.000000000000000000, 0.000000000000000000, 1.000000000000000000 ) ) ;
#4808 = CARTESIAN_POINT ( 'NONE',  ( 43.67440924051577156, 7.367146772381285125, -88.87539043192245458 ) ) ;
#4809 = CARTESIAN_POINT ( 'NONE',  ( 49.50000000000000000, 39.69556893359857241, -25.74419069911046876 ) ) ;
#4810 = CARTESIAN_POINT ( 'NONE',  ( 131.8497540712806995, 159.5733465703568470, -24.63761985876769245 ) ) ;
#4811 = PLANE ( 'NONE',  #4187 ) ;
#4812 = FACE_OUTER_BOUND ( 'NONE', #1253, .T. ) ;
#4813 = CARTESIAN_POINT ( 'NONE',  ( 53.00000000000000711, 39.90000000000001279, -57.39999999999996305 ) ) ;
#4814 = ORIENTED_EDGE ( 'NONE', *, *, #3319, .T. ) ;
#4815 = AXIS2_PLACEMENT_3D ( 'NONE', #170, #2707, #7916 ) ;
#4816 = ORIENTED_EDGE ( 'NONE', *, *, #1115, .T. ) ;
#4817 = CARTESIAN_POINT ( 'NONE',  ( 150.0000000000000000, 142.5999999999999943, -95.00000000000000000 ) ) ;
#4818 = B_SPLINE_CURVE_WITH_KNOTS ( 'NONE', 3,
 ( #4575, #6405, #548, #4406, #2605, #1826, #7123, #3164, #2563, #5222, #3847, #2477, #5131, #8414, #7682, #4535, #678, #7815, #2644, #3245, #1139, #3931, #6487, #3806, #7164, #6447, #8462, #5773, #5814, #631, #1961, #1315, #5900, #35, #7645, #1786, #6996, #3761, #1477, #7979 ),
 .UNSPECIFIED., .F., .F.,
 ( 4, 2, 2, 2, 2, 2, 2, 2, 2, 2, 2, 2, 2, 2, 2, 2, 2, 2, 2, 4 ),
 ( 0.000000000000000000, 0.0009864779966408251336, 0.001479716994961240628, 0.001972955993281656339, 0.002466194991602081808, 0.002959433989922507276, 0.003452672988242933179, 0.003945911986563358648, 0.004932389983204233871, 0.005918867979845108228, 0.006905345976485983452, 0.007891823973126859543, 0.009864779966408582235, 0.01183773595969030666, 0.01282421395633115760, 0.01381069195297200854, 0.01479716994961286121, 0.01529040894793327887, 0.01553702844709347990, 0.01578364794625368092 ),
 .UNSPECIFIED. ) ;
#4819 = DIRECTION ( 'NONE',  ( 0.000000000000000000, 0.000000000000000000, 1.000000000000000000 ) ) ;
#4820 = CARTESIAN_POINT ( 'NONE',  ( 18.10829431420156510, 22.99999999999999645, -25.50000000000000355 ) ) ;
#4821 = CARTESIAN_POINT ( 'NONE',  ( 132.2336272832406507, 143.6004296595772587, -20.04312637572371969 ) ) ;
#4822 = EDGE_CURVE ( 'NONE', #1459, #7124, #748, .T. ) ;
#4823 = CARTESIAN_POINT ( 'NONE',  ( 103.4300005089497745, 78.34000000000001762, -84.49008245022767483 ) ) ;
#4824 = ORIENTED_EDGE ( 'NONE', *, *, #3790, .F. ) ;
#4825 = DIRECTION ( 'NONE',  ( 0.000000000000000000, -1.000000000000000000, 0.000000000000000000 ) ) ;
#4826 =( BOUNDED_SURFACE ( )  B_SPLINE_SURFACE ( 3, 1, ( 
 ( #1825, #5262 ),
 ( #1185, #5129 ),
 ( #3805, #7122 ),
 ( #5220, #7853 ) ),
 .UNSPECIFIED., .F., .F., .F. ) 
 B_SPLINE_SURFACE_WITH_KNOTS ( ( 4, 4 ),
 ( 2, 2 ),
 ( 0.000000000000000000, 1.000000000000000000 ),
 ( 0.000000000000000000, 1.000000000000000000 ),
 .UNSPECIFIED. ) 
 GEOMETRIC_REPRESENTATION_ITEM ( )  RATIONAL_B_SPLINE_SURFACE ( (
 ( 1.000000000000000000, 1.000000000000000000),
 ( 0.3333333333333324822, 0.3333333333333324822),
 ( 0.3333333333333324822, 0.3333333333333324822),
 ( 1.000000000000000000, 1.000000000000000000) ) ) 
 REPRESENTATION_ITEM ( '' )  SURFACE ( )  );
#4827 = DIRECTION ( 'NONE',  ( 0.9999999999999951150, 1.000061563076409361E-07, -0.000000000000000000 ) ) ;
#4828 = ORIENTED_EDGE ( 'NONE', *, *, #5835, .F. ) ;
#4829 = CARTESIAN_POINT ( 'NONE',  ( 86.09876369509649408, 6.626462881104807856, -6.120401511084335944 ) ) ;
#4830 = CARTESIAN_POINT ( 'NONE',  ( 45.62795808740649761, 11.38955362626115608, -30.99805230973944248 ) ) ;
#4831 = CARTESIAN_POINT ( 'NONE',  ( 1.356019717471311115, 182.2251633560762230, -21.23989806266478197 ) ) ;
#4832 = CARTESIAN_POINT ( 'NONE',  ( 44.50000000000000711, 74.91690096688944323, -80.40768512208494201 ) ) ;
#4833 = VERTEX_POINT ( 'NONE', #1057 ) ;
#4834 = EDGE_CURVE ( 'NONE', #7065, #8063, #5533, .T. ) ;
#4835 = DIRECTION ( 'NONE',  ( -1.000000000000000000, -0.000000000000000000, -0.000000000000000000 ) ) ;
#4836 = EDGE_CURVE ( 'NONE', #4495, #4367, #4229, .T. ) ;
#4837 = CARTESIAN_POINT ( 'NONE',  ( 115.1060875822183363, 35.93387365505883935, -69.49999999999998579 ) ) ;
#4838 = CARTESIAN_POINT ( 'NONE',  ( 24.89805852100056782, 0.3013032698292089084, -26.12098963527395767 ) ) ;
#4839 = CARTESIAN_POINT ( 'NONE',  ( 18.88015085166865603, 122.4405511526146029, -90.60311799725573678 ) ) ;
#4840 = ORIENTED_EDGE ( 'NONE', *, *, #2812, .F. ) ;
#4841 = CARTESIAN_POINT ( 'NONE',  ( 19.69284581012006541, 17.04156036163989896, -68.26579082639347007 ) ) ;
#4842 = CARTESIAN_POINT ( 'NONE',  ( 29.15357576301662590, 40.38738858043755187, -69.11276534585999798 ) ) ;
#4843 = CARTESIAN_POINT ( 'NONE',  ( 106.6301303779080030, 95.60739382526196550, -85.16620144242088486 ) ) ;
#4844 = LINE ( 'NONE', #3393, #4766 ) ;
#4845 = CARTESIAN_POINT ( 'NONE',  ( 52.50000000000000711, 0.000000000000000000, 0.000000000000000000 ) ) ;
#4846 = EDGE_CURVE ( 'NONE', #8199, #925, #62, .T. ) ;
#4847 = CARTESIAN_POINT ( 'NONE',  ( -2.304140669700778243, 148.3885784812509883, -74.41227914191105697 ) ) ;
#4848 = CARTESIAN_POINT ( 'NONE',  ( 112.1163388982174354, 163.9776309458525247, -89.92452062852417782 ) ) ;
#4849 = CARTESIAN_POINT ( 'NONE',  ( 25.05668369866867806, -0.1673046535985492633, -88.89786639527244461 ) ) ;
#4850 = CARTESIAN_POINT ( 'NONE',  ( 25.50000000000000355, 6.000164260074978273, -32.05200154168456805 ) ) ;
#4851 = CARTESIAN_POINT ( 'NONE',  ( 127.0827182689167643, 187.7606933167382408, -32.61311597390339045 ) ) ;
#4852 = CARTESIAN_POINT ( 'NONE',  ( 83.87979414296221137, -0.5965775688813236277, -88.78250544193301153 ) ) ;
#4853 = EDGE_CURVE ( 'NONE', #7980, #1662, #7297, .T. ) ;
#4854 = CARTESIAN_POINT ( 'NONE',  ( 26.27825557126998035, 83.66719033090645041, -82.34001319415145304 ) ) ;
#4855 = VECTOR ( 'NONE', #4384, 1000.000000000000000 ) ;
#4856 = CARTESIAN_POINT ( 'NONE',  ( 37.54268651641240240, 69.22045390349596516, -20.21710499281507722 ) ) ;
#4857 = ORIENTED_EDGE ( 'NONE', *, *, #4263, .F. ) ;
#4858 = CARTESIAN_POINT ( 'NONE',  ( 49.50000000000000000, 23.00000000000000000, -54.50000000000000711 ) ) ;
#4859 = ORIENTED_EDGE ( 'NONE', *, *, #5885, .F. ) ;
#4860 = CIRCLE ( 'NONE', #4450, 4.149999999999987033 ) ;
#4861 = CARTESIAN_POINT ( 'NONE',  ( 53.00000000000000711, 39.90000000000001279, -57.39999999999996305 ) ) ;
#4862 = VECTOR ( 'NONE', #3137, 1000.000000000000000 ) ;
#4863 = DIRECTION ( 'NONE',  ( 1.000000000000000000, -0.000000000000000000, -0.000000000000000000 ) ) ;
#4864 = LINE ( 'NONE', #7369, #7337 ) ;
#4865 = CARTESIAN_POINT ( 'NONE',  ( 131.7005942967641090, 133.8805416414903675, -20.93599984505882361 ) ) ;
#4866 = CARTESIAN_POINT ( 'NONE',  ( 18.99999293356524532, 148.9999953997165392, -62.22243186433541950 ) ) ;
#4867 = ORIENTED_EDGE ( 'NONE', *, *, #7422, .F. ) ;
#4868 = CARTESIAN_POINT ( 'NONE',  ( 49.50000000000000000, 37.00000000000000000, -69.50000000000000000 ) ) ;
#4869 = CARTESIAN_POINT ( 'NONE',  ( 3.999992723552392437, 151.0999938996241667, -62.22243186433541950 ) ) ;
#4870 = VERTEX_POINT ( 'NONE', #8373 ) ;
#4871 = CARTESIAN_POINT ( 'NONE',  ( 84.73309147346836312, 2.153901805077073739, -6.147907705159910030 ) ) ;
#4872 = DIRECTION ( 'NONE',  ( 1.000000000000000000, -0.000000000000000000, 0.000000000000000000 ) ) ;
#4873 = CARTESIAN_POINT ( 'NONE',  ( 0.3047766202612037789, 174.2862598067886495, -46.33547738432541507 ) ) ;
#4874 = CARTESIAN_POINT ( 'NONE',  ( 49.50000000000000000, 38.64580823289530542, -44.99999999999996447 ) ) ;
#4875 = ORIENTED_EDGE ( 'NONE', *, *, #7048, .F. ) ;
#4876 =( BOUNDED_SURFACE ( )  B_SPLINE_SURFACE ( 3, 2, ( 
 ( #7216, #1366, #87 ),
 ( #6853, #3382, #1443 ),
 ( #3981, #4068, #165 ),
 ( #4261, #3464, #6659 ),
 ( #5988, #805, #129 ),
 ( #2054, #2778, #5271 ) ),
 .UNSPECIFIED., .F., .F., .F. ) 
 B_SPLINE_SURFACE_WITH_KNOTS ( ( 4, 2, 4 ),
 ( 3, 3 ),
 ( 0.01859018096223091776, 0.02250563917102544470, 0.02642109737981997511 ),
 ( 0.000000000000000000, 1.000000000000000000 ),
 .UNSPECIFIED. ) 
 GEOMETRIC_REPRESENTATION_ITEM ( )  RATIONAL_B_SPLINE_SURFACE ( (
 ( 1.000000000000000000, 0.8527436415658325997, 1.000000000000000000),
 ( 1.000000000000000000, 0.8587105319274083159, 1.000000000000000000),
 ( 1.000000000000000000, 0.8618038350898629130, 1.000000000000000000),
 ( 1.000000000000000000, 0.8618081704307165580, 1.000000000000000000),
 ( 1.000000000000000000, 0.8587188657854066820, 1.000000000000000000),
 ( 1.000000000000000000, 0.8527433426510298009, 1.000000000000000000) ) ) 
 REPRESENTATION_ITEM ( '' )  SURFACE ( )  );
#4877 = VECTOR ( 'NONE', #895, 1000.000000000000000 ) ;
#4878 = DIRECTION ( 'NONE',  ( -1.000000000000000000, -0.000000000000000000, -0.000000000000000000 ) ) ;
#4879 = CARTESIAN_POINT ( 'NONE',  ( 24.95825843405841482, 0.1232389545066829573, -26.12018971555254510 ) ) ;
#4880 = CARTESIAN_POINT ( 'NONE',  ( 37.66929698805968485, 28.42521273579858843, -87.92073485886386663 ) ) ;
#4881 = VERTEX_POINT ( 'NONE', #7774 ) ;
#4882 = AXIS2_PLACEMENT_3D ( 'NONE', #4286, #6329, #8129 ) ;
#4883 = EDGE_CURVE ( 'NONE', #8156, #1688, #8085, .T. ) ;
#4884 = CARTESIAN_POINT ( 'NONE',  ( 100.6089467004676408, 64.09993803330735318, -10.01022075824345237 ) ) ;
#4885 = LINE ( 'NONE', #2442, #1182 ) ;
#4886 = CARTESIAN_POINT ( 'NONE',  ( 125.8992382787287170, 91.28609145659419255, -84.79696706431579400 ) ) ;
#4887 = CARTESIAN_POINT ( 'NONE',  ( 18.00776588482987250, 167.3124590707607524, -88.07258475773399198 ) ) ;
#4888 = CARTESIAN_POINT ( 'NONE',  ( 93.18008700275301237, 0.000000000000000000, -8.136223583061589437 ) ) ;
#4889 = CARTESIAN_POINT ( 'NONE',  ( -2.126355330083108619, 155.6850896104382969, -72.32382889826661199 ) ) ;
#4890 = CARTESIAN_POINT ( 'NONE',  ( 112.3026339606621491, 154.7420087679104483, -93.52386618528906581 ) ) ;
#4891 = CARTESIAN_POINT ( 'NONE',  ( 25.43017209909798737, -1.269673569599183205, -88.86514229324899361 ) ) ;
#4892 = CARTESIAN_POINT ( 'NONE',  ( 111.6466132457571661, 173.8629212461931388, -11.72405161768130100 ) ) ;
#4893 = DIRECTION ( 'NONE',  ( 0.000000000000000000, 0.000000000000000000, -1.000000000000000000 ) ) ;
#4894 = EDGE_CURVE ( 'NONE', #7192, #4784, #4036, .T. ) ;
#4895 = CARTESIAN_POINT ( 'NONE',  ( 117.6408466098291115, 48.11091270347398563, -25.49999999999999289 ) ) ;
#4896 = CARTESIAN_POINT ( 'NONE',  ( 27.03338405806587375, 82.25556344113853413, -81.46912573864734952 ) ) ;
#4897 = DIRECTION ( 'NONE',  ( 0.000000000000000000, 0.000000000000000000, -1.000000000000000000 ) ) ;
#4898 = ORIENTED_EDGE ( 'NONE', *, *, #3757, .F. ) ;
#4899 = CARTESIAN_POINT ( 'NONE',  ( 55.50000000000000000, 0.000000000000000000, 0.000000000000000000 ) ) ;
#4900 = ORIENTED_EDGE ( 'NONE', *, *, #697, .T. ) ;
#4901 = CARTESIAN_POINT ( 'NONE',  ( 19.85973465361908552, 190.0837242375548044, -46.25664464779708851 ) ) ;
#4902 = ADVANCED_FACE ( 'NONE', ( #7161 ), #2474, .F. ) ;
#4904 = EDGE_CURVE ( 'NONE', #1481, #3976, #8397, .T. ) ;
#4903 = ORIENTED_EDGE ( 'NONE', *, *, #238, .T. ) ;
#4905 = CARTESIAN_POINT ( 'NONE',  ( 10.66572677449834217, 55.48651138653864479, -27.02562725727353410 ) ) ;
#4906 = DIRECTION ( 'NONE',  ( 1.000000000000000000, -0.000000000000000000, -0.000000000000000000 ) ) ;
#4907 = CARTESIAN_POINT ( 'NONE',  ( 111.8078705275942610, 131.2618756404559974, -1.361866758752867668 ) ) ;
#4908 = DIRECTION ( 'NONE',  ( 0.000000000000000000, 0.000000000000000000, -1.000000000000000000 ) ) ;
#4909 = AXIS2_PLACEMENT_3D ( 'NONE', #5285, #4554, #3180 ) ;
#4910 = DIRECTION ( 'NONE',  ( 0.000000000000000000, 0.000000000000000000, -1.000000000000000000 ) ) ;
#4911 = ADVANCED_FACE ( 'NONE', ( #4533 ), #4826, .F. ) ;
#4912 = ORIENTED_EDGE ( 'NONE', *, *, #1527, .F. ) ;
#4913 = DIRECTION ( 'NONE',  ( -1.000000000000000000, 0.000000000000000000, 0.000000000000000000 ) ) ;
#4914 = DIRECTION ( 'NONE',  ( 0.000000000000000000, 0.000000000000000000, -1.000000000000000000 ) ) ;
#4915 = ORIENTED_EDGE ( 'NONE', *, *, #3704, .F. ) ;
#4916 = CARTESIAN_POINT ( 'NONE',  ( 105.9650630010358014, 91.91879118138697891, -10.20469650635494752 ) ) ;
#4917 = CARTESIAN_POINT ( 'NONE',  ( 111.0000000000000000, 125.5999999999999943, -49.60000000000001563 ) ) ;
#4918 = CARTESIAN_POINT ( 'NONE',  ( 19.86155878421381971, 190.0984520067371761, -49.58266804339167777 ) ) ;
#4919 = CARTESIAN_POINT ( 'NONE',  ( 108.2771501276228321, 104.7813037090899400, -86.27710876110323568 ) ) ;
#4920 = EDGE_CURVE ( 'NONE', #5636, #1807, #331, .T. ) ;
#4921 = VERTEX_POINT ( 'NONE', #3846 ) ;
#4922 = CARTESIAN_POINT ( 'NONE',  ( 56.50000000000000000, 53.64580823289530542, -44.99999999999997158 ) ) ;
#4923 = CARTESIAN_POINT ( 'NONE',  ( 27.23475555109519064, -6.595988125971319782, -26.21382399781463235 ) ) ;
#4924 = CARTESIAN_POINT ( 'NONE',  ( 31.09530866415612138, 55.96142065726811410, -85.54610388302437229 ) ) ;
#4925 = VERTEX_POINT ( 'NONE', #7207 ) ;
#4926 = LINE ( 'NONE', #2904, #8078 ) ;
#4927 = AXIS2_PLACEMENT_3D ( 'NONE', #6863, #7511, #5641 ) ;
#4928 = CARTESIAN_POINT ( 'NONE',  ( 42.39589333293312734, 3.700000000000000178, -63.46091270347399416 ) ) ;
#4929 = CARTESIAN_POINT ( 'NONE',  ( 102.1505758183114665, 71.68019145443743412, -84.58882548682110780 ) ) ;
#4930 = CARTESIAN_POINT ( 'NONE',  ( 49.50000000000000000, 73.34000000000000341, -76.25634868436783620 ) ) ;
#4931 = CARTESIAN_POINT ( 'NONE',  ( 96.63856079055668147, -0.000000000000000000, -10.17441110850888641 ) ) ;
#4932 = EDGE_CURVE ( 'NONE', #3531, #4236, #7288, .T. ) ;
#4933 = DIRECTION ( 'NONE',  ( 0.9999999999999951150, 1.000061563076409361E-07, -0.000000000000000000 ) ) ;
#4934 = CARTESIAN_POINT ( 'NONE',  ( 30.50000000000000355, 75.53563411247196768, -80.60666987995534782 ) ) ;
#4935 = ADVANCED_FACE ( 'NONE', ( #7332 ), #7940, .F. ) ;
#4936 = CARTESIAN_POINT ( 'NONE',  ( 43.84443603505766163, 6.811694928886439016, -88.87870992019136906 ) ) ;
#4937 = CARTESIAN_POINT ( 'NONE',  ( 126.3208072913680979, 190.0718602582171854, -49.39257368138856208 ) ) ;
#4938 = CARTESIAN_POINT ( 'NONE',  ( 39.50000000000000711, 39.90000000000001279, -37.59999999999995879 ) ) ;
#4939 = DIRECTION ( 'NONE',  ( 0.000000000000000000, -1.000000000000000000, 0.000000000000000000 ) ) ;
#4940 = DIRECTION ( 'NONE',  ( 7.304098846218133188E-17, -1.000000000000000000, 0.000000000000000000 ) ) ;
#4941 = CARTESIAN_POINT ( 'NONE',  ( 40.17446387378953432, 17.47673258608725888, -26.55071231018925459 ) ) ;
#4942 = VERTEX_POINT ( 'NONE', #794 ) ;
#4943 = CARTESIAN_POINT ( 'NONE',  ( 10.73334051666985012, 54.22245244340852821, -32.54559040047746521 ) ) ;
#4944 = VERTEX_POINT ( 'NONE', #1396 ) ;
#4945 = CARTESIAN_POINT ( 'NONE',  ( 18.10829431419296753, 22.99999999999388578, -69.50000000000000000 ) ) ;
#4946 = EDGE_CURVE ( 'NONE', #2975, #690, #876, .T. ) ;
#4947 = ORIENTED_EDGE ( 'NONE', *, *, #1345, .T. ) ;
#4948 = DIRECTION ( 'NONE',  ( 0.000000000000000000, 0.000000000000000000, -1.000000000000000000 ) ) ;
#4949 = CARTESIAN_POINT ( 'NONE',  ( 131.6703531808882701, 133.3315655806721907, -74.02113528502508188 ) ) ;
#4950 = CARTESIAN_POINT ( 'NONE',  ( 132.3254788104167119, 149.1294402320864094, -0.4375945588765082217 ) ) ;
#4951 = DIRECTION ( 'NONE',  ( -1.000000000000000000, 0.000000000000000000, 0.000000000000000000 ) ) ;
#4952 = LINE ( 'NONE', #6895, #5018 ) ;
#4953 = VERTEX_POINT ( 'NONE', #192 ) ;
#4954 = LINE ( 'NONE', #367, #8048 ) ;
#4955 = CARTESIAN_POINT ( 'NONE',  ( 49.50000000000000000, 20.10000000000000853, -37.59999999999996589 ) ) ;
#4956 = EDGE_LOOP ( 'NONE', ( #423, #7035 ) ) ;
#4957 = CARTESIAN_POINT ( 'NONE',  ( 98.90467401915223888, 55.96142656531621640, -9.453896586027468629 ) ) ;
#4958 = CARTESIAN_POINT ( 'NONE',  ( 42.56459360599254182, 20.06929233276896696, -25.78908729652599519 ) ) ;
#4959 = EDGE_CURVE ( 'NONE', #552, #1409, #4096, .T. ) ;
#4960 = CARTESIAN_POINT ( 'NONE',  ( 0.1117948718419635584, 173.3658561754223228, -41.09184087808309016 ) ) ;
#4961 = DIRECTION ( 'NONE',  ( -0.000000000000000000, 0.8660254037844387076, 0.5000000000000001110 ) ) ;
#4962 = EDGE_CURVE ( 'NONE', #2984, #7890, #832, .T. ) ;
#4963 = ORIENTED_EDGE ( 'NONE', *, *, #6050, .F. ) ;
#4964 = CARTESIAN_POINT ( 'NONE',  ( 111.5715731282040792, 126.2529249457433878, -92.22436152610156057 ) ) ;
#4965 = CARTESIAN_POINT ( 'NONE',  ( -0.8543789063704316789, 127.4280662162530433, -75.21528659760718938 ) ) ;
#4966 = CARTESIAN_POINT ( 'NONE',  ( 26.43171989677434652, -4.225789900923749620, -6.260986341876154881 ) ) ;
#4967 = DIRECTION ( 'NONE',  ( -1.000000000000000000, -0.000000000000000000, -0.000000000000000000 ) ) ;
#4968 = VERTEX_POINT ( 'NONE', #4057 ) ;
#4969 = CYLINDRICAL_SURFACE ( 'NONE', #4405, 47.50000000000000711 ) ;
#4970 = CARTESIAN_POINT ( 'NONE',  ( 3.109855198291623601, 124.5699064026555476, -11.65066418021483585 ) ) ;
#4971 = CARTESIAN_POINT ( 'NONE',  ( 107.9330935283224449, 102.8617487283124774, -86.03027888653346622 ) ) ;
#4972 = CARTESIAN_POINT ( 'NONE',  ( 27.72954523181698860, 81.40163739984187430, -84.14696006439795894 ) ) ;
#4973 = CARTESIAN_POINT ( 'NONE',  ( 98.20841571105246715, -0.000000000000000000, -11.41438091010251199 ) ) ;
#4974 = CARTESIAN_POINT ( 'NONE',  ( 21.05177589029155882, 108.5033460288192373, -8.067326867354356779 ) ) ;
#4975 = CARTESIAN_POINT ( 'NONE',  ( 42.39589333293312734, 3.700000000000000178, -65.61091270347399984 ) ) ;
#4976 = VECTOR ( 'NONE', #6916, 1000.000000000000000 ) ;
#4977 = CARTESIAN_POINT ( 'NONE',  ( 43.90123684070444199, 6.626460571442805758, -88.87959849898658149 ) ) ;
#4978 = CARTESIAN_POINT ( 'NONE',  ( 129.7941276350994144, 173.8198773812668776, -52.20445387683877669 ) ) ;
#4979 = CARTESIAN_POINT ( 'NONE',  ( 131.1410304999243124, 127.8180171137923651, -22.98999753088930831 ) ) ;
#4980 = AXIS2_PLACEMENT_3D ( 'NONE', #2789, #5394, #3394 ) ;
#4981 = CARTESIAN_POINT ( 'NONE',  ( 108.7732003117763355, 11.88908729652600904, -69.49999999999998579 ) ) ;
#4982 = CARTESIAN_POINT ( 'NONE',  ( 25.49999999999999645, 142.5999999999999943, -47.50000000000000000 ) ) ;
#4983 = CARTESIAN_POINT ( 'NONE',  ( 42.39589333293313445, 10.01592551004143949, -32.98908729652599447 ) ) ;
#4984 = ORIENTED_EDGE ( 'NONE', *, *, #3302, .T. ) ;
#4985 = LINE ( 'NONE', #3608, #6778 ) ;
#4986 = EDGE_LOOP ( 'NONE', ( #5211, #7625, #7932, #754 ) ) ;
#4987 = DIRECTION ( 'NONE',  ( 0.000000000000000000, 0.000000000000000000, -1.000000000000000000 ) ) ;
#4988 = EDGE_LOOP ( 'NONE', ( #6563, #5206, #769, #3630 ) ) ;
#4989 = CARTESIAN_POINT ( 'NONE',  ( 30.81356029581610301, 74.62884552879199873, -19.20464909072775228 ) ) ;
#4990 = CARTESIAN_POINT ( 'NONE',  ( 131.4509117242747891, 130.9447381981086664, -21.78569021735871658 ) ) ;
#4991 = FACE_OUTER_BOUND ( 'NONE', #4211, .T. ) ;
#4992 = EDGE_CURVE ( 'NONE', #6988, #552, #7162, .T. ) ;
#4993 = CARTESIAN_POINT ( 'NONE',  ( 27.83582495951061020, 71.72530204044677760, -10.46247095424545925 ) ) ;
#4994 = ORIENTED_EDGE ( 'NONE', *, *, #3317, .T. ) ;
#4995 = CARTESIAN_POINT ( 'NONE',  ( -0.8281868378185616164, 124.9759428232692358, -61.49213443973709303 ) ) ;
#4996 = AXIS2_PLACEMENT_3D ( 'NONE', #3244, #1227, #2642 ) ;
#4997 = DIRECTION ( 'NONE',  ( 0.000000000000000000, 0.000000000000000000, -1.000000000000000000 ) ) ;
#4998 = ORIENTED_EDGE ( 'NONE', *, *, #6255, .F. ) ;
#4999 = CARTESIAN_POINT ( 'NONE',  ( 125.7103809167558524, 90.06618567838026479, -30.17199402141527642 ) ) ;
#5000 = FACE_OUTER_BOUND ( 'NONE', #7178, .T. ) ;
#5001 = CARTESIAN_POINT ( 'NONE',  ( -0.08977985111608523250, 172.3647064528764190, -38.27016488503902281 ) ) ;
#5002 = CARTESIAN_POINT ( 'NONE',  ( 18.99999272355231739, 151.0999953997165335, -32.77756813566458050 ) ) ;
#5003 = CARTESIAN_POINT ( 'NONE',  ( 3.999995823743247136, 120.0999938996242378, -47.50000000000000000 ) ) ;
#5004 = CARTESIAN_POINT ( 'NONE',  ( 27.29750148822688161, -6.781185766972198437, -6.398857373041587415 ) ) ;
#5005 = CARTESIAN_POINT ( 'NONE',  ( 35.34920440131354269, 73.59187076176570486, -10.42612761234962271 ) ) ;
#5006 = EDGE_LOOP ( 'NONE', ( #8273, #7349, #4295, #2880 ) ) ;
#5007 = VECTOR ( 'NONE', #1828, 1000.000000000000114 ) ;
#5008 = CARTESIAN_POINT ( 'NONE',  ( 106.2430745049713039, 3.669008533636415326, -25.86317555797051781 ) ) ;
#5009 = CARTESIAN_POINT ( 'NONE',  ( 85.62492747692172657, 5.083055333628879069, -6.115304056680975542 ) ) ;
#5010 = AXIS2_PLACEMENT_3D ( 'NONE', #334, #6919, #1106 ) ;
#5011 = CARTESIAN_POINT ( 'NONE',  ( 28.19246229615694688, 80.92011151852321404, -84.48737657759762953 ) ) ;
#5012 = CARTESIAN_POINT ( 'NONE',  ( 105.1320104453246103, 0.3903654387603802123, -68.87855629488281295 ) ) ;
#5013 = CARTESIAN_POINT ( 'NONE',  ( 17.73563807321671248, 157.6444575556214431, -92.58058879363846927 ) ) ;
#5014 = AXIS2_PLACEMENT_3D ( 'NONE', #6310, #413, #4914 ) ;
#5015 = CARTESIAN_POINT ( 'NONE',  ( 3.999993573604119224, 142.5999999999998806, -58.75000000000000711 ) ) ;
#5016 = DIRECTION ( 'NONE',  ( 1.000000000000000000, -0.000000000000000000, 0.000000000000000000 ) ) ;
#5017 = CARTESIAN_POINT ( 'NONE',  ( 126.3011777193122640, 93.78647420002718604, -65.17927593789329421 ) ) ;
#5018 = VECTOR ( 'NONE', #3710, 1000.000000000000000 ) ;
#5019 = AXIS2_PLACEMENT_3D ( 'NONE', #4899, #994, #2411 ) ;
#5020 = CARTESIAN_POINT ( 'NONE',  ( 22.40071895559107062, 7.937033309003487247, -88.96222585261884319 ) ) ;
#5021 = CARTESIAN_POINT ( 'NONE',  ( 129.7149415483556254, 174.1946639290112557, -45.17081981530099455 ) ) ;
#5022 = CARTESIAN_POINT ( 'NONE',  ( 87.60409755359897588, 0.000000000000000000, -63.46091270347400837 ) ) ;
#5023 = FACE_BOUND ( 'NONE', #7334, .T. ) ;
#5024 = DIRECTION ( 'NONE',  ( 1.000000000000000000, 0.000000000000000000, 0.000000000000000000 ) ) ;
#5025 = CARTESIAN_POINT ( 'NONE',  ( -1.357758449859413075, 164.3349072725388282, -41.67069695669589180 ) ) ;
#5026 = ORIENTED_EDGE ( 'NONE', *, *, #7776, .T. ) ;
#5027 = CARTESIAN_POINT ( 'NONE',  ( 10.01875888962480410, 58.19207018055161029, -28.13751578164987421 ) ) ;
#5028 = ORIENTED_EDGE ( 'NONE', *, *, #6442, .F. ) ;
#5029 = CARTESIAN_POINT ( 'NONE',  ( 19.70245972678189972, 188.7867091388157519, -36.38104729868323517 ) ) ;
#5030 = ORIENTED_EDGE ( 'NONE', *, *, #5787, .T. ) ;
#5031 = CARTESIAN_POINT ( 'NONE',  ( 25.85142318622994750, 77.09754323196119685, -18.74250660305126104 ) ) ;
#5032 = CARTESIAN_POINT ( 'NONE',  ( 132.0214708227978235, 138.3455748405363863, -20.07902561788992912 ) ) ;
#5033 = CARTESIAN_POINT ( 'NONE',  ( 44.50000000000000711, 74.91690096688950007, -80.40768512208497043 ) ) ;
#5034 = VECTOR ( 'NONE', #4697, 1000.000000000000000 ) ;
#5035 = CARTESIAN_POINT ( 'NONE',  ( 87.60409755359897588, 48.39999999999997726, -69.21091270347399416 ) ) ;
#5036 = ORIENTED_EDGE ( 'NONE', *, *, #5391, .F. ) ;
#5037 = CARTESIAN_POINT ( 'NONE',  ( -2.226252480451930804, 143.3059557614278958, -70.00090404209352357 ) ) ;
#5038 = LINE ( 'NONE', #6990, #3343 ) ;
#5039 = VERTEX_POINT ( 'NONE', #6055 ) ;
#5040 = EDGE_CURVE ( 'NONE', #6131, #7649, #3432, .T. ) ;
#5041 = CARTESIAN_POINT ( 'NONE',  ( 124.6775088549103145, 83.74291143141444138, -10.57218067892943836 ) ) ;
#5042 = CARTESIAN_POINT ( 'NONE',  ( 87.60409755359897588, 3.700000000000000178, -63.46091270347400837 ) ) ;
#5043 = VECTOR ( 'NONE', #1675, 1000.000000000000000 ) ;
#5044 = CARTESIAN_POINT ( 'NONE',  ( -1.889280144097136516, 136.4128484015495815, -20.40461884500572864 ) ) ;
#5045 = DIRECTION ( 'NONE',  ( 0.000000000000000000, -1.000000000000000000, 0.000000000000000000 ) ) ;
#5046 = AXIS2_PLACEMENT_3D ( 'NONE', #2405, #7014, #476 ) ;
#5047 = LINE ( 'NONE', #5003, #2327 ) ;
#5048 = VERTEX_POINT ( 'NONE', #4823 ) ;
#5049 =( NAMED_UNIT ( * ) SI_UNIT ( $, .STERADIAN. ) SOLID_ANGLE_UNIT ( ) );
#5050 = CARTESIAN_POINT ( 'NONE',  ( 26.93493074597748560, -5.711040842377342663, -6.345590127205497311 ) ) ;
#5051 = ADVANCED_FACE ( 'NONE', ( #7411 ), #3413, .T. ) ;
#5052 = CARTESIAN_POINT ( 'NONE',  ( -0.4408921081902930639, 121.2423337635206906, -90.20036078540564972 ) ) ;
#5053 = ORIENTED_EDGE ( 'NONE', *, *, #8075, .F. ) ;
#5054 = CARTESIAN_POINT ( 'NONE',  ( -2.256020988525675453, 144.2677758407847648, -74.94005365262076168 ) ) ;
#5055 = DIRECTION ( 'NONE',  ( 0.000000000000000000, 0.000000000000000000, -1.000000000000000000 ) ) ;
#5056 = FACE_OUTER_BOUND ( 'NONE', #6311, .T. ) ;
#5057 = CARTESIAN_POINT ( 'NONE',  ( 103.2203102666990446, -5.252860381732928907, -68.82487708941859239 ) ) ;
#5058 = FACE_OUTER_BOUND ( 'NONE', #7115, .T. ) ;
#5059 = EDGE_CURVE ( 'NONE', #1306, #1373, #2809, .T. ) ;
#5060 = CARTESIAN_POINT ( 'NONE',  ( 41.99650491543567910, 19.96288715832894667, -69.18938186657119616 ) ) ;
#5061 = EDGE_CURVE ( 'NONE', #1811, #7530, #2119, .T. ) ;
#5062 = CARTESIAN_POINT ( 'NONE',  ( 132.1649019655897632, 154.4783012031676321, -28.38735826760993675 ) ) ;
#5063 = LINE ( 'NONE', #6330, #8282 ) ;
#5064 = B_SPLINE_CURVE_WITH_KNOTS ( 'NONE', 3,
 ( #4901, #6887, #1643, #5029, #6846, #956, #3662, #7626, #6174, #3012, #310, #996, #3610, #6211, #5796, #1211, #7837, #4430, #7797, #8393, #57, #5757, #7107, #2543, #5205, #570, #2668, #1982, #3223, #5843, #1902, #1254, #1853, #4603 ),
 .UNSPECIFIED., .F., .F.,
 ( 4, 2, 2, 2, 2, 2, 2, 2, 2, 2, 2, 2, 2, 2, 2, 2, 4 ),
 ( 0.09561857991680174085, 0.1047660703056075282, 0.1070529429028089646, 0.1093398155000104011, 0.1139135606944132878, 0.1184873058888161607, 0.1207741784860175971, 0.1230610510832190335, 0.1322085414720247099, 0.1367822866664275272, 0.1390691592636289498, 0.1413560318608303445, 0.1505035222496360903, 0.1527903948468375128, 0.1550772674440389076, 0.1596510126384417250, 0.1687985030272473319 ),
 .UNSPECIFIED. ) ;
#5065 = CARTESIAN_POINT ( 'NONE',  ( 126.3881800095671366, 189.8748805171234153, -52.22889941032145344 ) ) ;
#5066 = CARTESIAN_POINT ( 'NONE',  ( 18.72332797299353047, 123.2000559591661784, -90.85772331675772762 ) ) ;
#5067 = CYLINDRICAL_SURFACE ( 'NONE', #252, 11.25000000000000355 ) ;
#5068 = CARTESIAN_POINT ( 'NONE',  ( 18.99999272355231739, 151.0999953997165335, -62.22243186433541950 ) ) ;
#5069 = B_SPLINE_CURVE_WITH_KNOTS ( 'NONE', 3,
 ( #4983, #6251, #6383, #2365, #1163, #4387, #5070, #6933, #8185, #5753, #398, #5622, #1118, #6336, #480, #3094, #4294, #1766, #5709, #3007, #4250, #8228, #7017, #8353, #7574, #4941, #6976, #2325, #7529, #3658, #1718, #4342, #1079, #525, #3699, #6295, #438, #992, #6207, #3140 ),
 .UNSPECIFIED., .F., .F.,
 ( 4, 2, 2, 2, 2, 2, 2, 2, 2, 2, 2, 2, 2, 2, 2, 2, 2, 2, 2, 4 ),
 ( 0.01592310611395759273, 0.01691703052445403185, 0.01791095493495047097, 0.01840791714019870268, 0.01890487934544693091, 0.01940184155069515914, 0.01989880375594338738, 0.02089272816643982650, 0.02188665257693626215, 0.02288057698743270127, 0.02387450139792914039, 0.02586235021892201169, 0.02785019903991488299, 0.02884412345041131170, 0.02983804786090774042, 0.03033501006615594436, 0.03083197227140414831, 0.03132893447665235226, 0.03157741557927645770, 0.03182589668190055621 ),
 .UNSPECIFIED. ) ;
#5070 = CARTESIAN_POINT ( 'NONE',  ( 40.27647264785382930, 10.43722689713513851, -32.30306934228865856 ) ) ;
#5071 = ORIENTED_EDGE ( 'NONE', *, *, #905, .F. ) ;
#5072 = CARTESIAN_POINT ( 'NONE',  ( 111.6701388678912110, 173.4827212463627859, -11.40156264993113489 ) ) ;
#5073 = ORIENTED_EDGE ( 'NONE', *, *, #7859, .F. ) ;
#5074 = B_SPLINE_CURVE_WITH_KNOTS ( 'NONE', 3,
 ( #1739, #2427, #8371, #6993, #5810, #8409 ),
 .UNSPECIFIED., .F., .F.,
 ( 4, 2, 4 ),
 ( 0.000000000000000000, 0.002509667318882377249, 0.005019334637764754498 ),
 .UNSPECIFIED. ) ;
#5075 = CARTESIAN_POINT ( 'NONE',  ( 25.80487874486446387, 84.99876042826255684, -10.44864069629802827 ) ) ;
#5076 = EDGE_CURVE ( 'NONE', #5565, #7239, #7371, .T. ) ;
#5077 = EDGE_LOOP ( 'NONE', ( #8045, #4691, #1736, #6603, #3810 ) ) ;
#5078 = CARTESIAN_POINT ( 'NONE',  ( 105.5000009628523401, 187.6000000000000227, -47.49999999999948841 ) ) ;
#5079 = CARTESIAN_POINT ( 'NONE',  ( 132.0435015675611226, 156.8759502379870128, -23.26742743441892003 ) ) ;
#5080 = CARTESIAN_POINT ( 'NONE',  ( 131.2201364201198146, 128.5966596842090155, -22.74752130400316119 ) ) ;
#5081 = CARTESIAN_POINT ( 'NONE',  ( 84.00409755359893893, 49.89116882454314350, -67.71974387893084213 ) ) ;
#5082 = ORIENTED_EDGE ( 'NONE', *, *, #5523, .T. ) ;
#5083 = VERTEX_POINT ( 'NONE', #6099 ) ;
#5084 = CARTESIAN_POINT ( 'NONE',  ( -2.165684555379883136, 154.4835510792938180, -66.61986037412215467 ) ) ;
#5085 = CARTESIAN_POINT ( 'NONE',  ( 18.78434851337332390, 123.2000559591661784, -90.85772331675772762 ) ) ;
#5086 = ORIENTED_EDGE ( 'NONE', *, *, #1104, .T. ) ;
#5087 = CARTESIAN_POINT ( 'NONE',  ( 130.3480480254670226, 120.5430299715097675, -5.021185996558147124 ) ) ;
#5088 = DIRECTION ( 'NONE',  ( 0.000000000000000000, -1.000000000000000000, 4.625929269271485914E-16 ) ) ;
#5089 = CARTESIAN_POINT ( 'NONE',  ( -2.256809907576782681, 144.2969233149399599, -20.06160417774345106 ) ) ;
#5090 = CARTESIAN_POINT ( 'NONE',  ( 19.20604789955447345, 120.0338950715988773, -89.84191764795151869 ) ) ;
#5091 = DIRECTION ( 'NONE',  ( 0.000000000000000000, 0.000000000000000000, 1.000000000000000000 ) ) ;
#5092 = EDGE_LOOP ( 'NONE', ( #4280, #4014, #1305, #6695 ) ) ;
#5093 = CARTESIAN_POINT ( 'NONE',  ( -1.140603589435289944, 128.1191279775344185, -73.44214993265239855 ) ) ;
#5094 = CARTESIAN_POINT ( 'NONE',  ( 26.94323369254505351, -5.735547387155202514, -26.18861881593457852 ) ) ;
#5095 = CARTESIAN_POINT ( 'NONE',  ( 18.71964878332579829, 123.8182782737712841, -91.06607288773246012 ) ) ;
#5096 = ORIENTED_EDGE ( 'NONE', *, *, #3368, .F. ) ;
#5097 = CARTESIAN_POINT ( 'NONE',  ( 17.81367378596411299, 142.2960504564644282, -95.04183508258701352 ) ) ;
#5098 = DIRECTION ( 'NONE',  ( 0.000000000000000000, 0.000000000000000000, 1.000000000000000000 ) ) ;
#5099 = CYLINDRICAL_SURFACE ( 'NONE', #6371, 3.600000000000005862 ) ;
#5100 = CARTESIAN_POINT ( 'NONE',  ( 105.0681416719528727, 0.2012510960121917380, -88.90748282515687606 ) ) ;
#5101 = EDGE_CURVE ( 'NONE', #5537, #2984, #1072, .T. ) ;
#5102 = FACE_BOUND ( 'NONE', #4484, .T. ) ;
#5103 = CARTESIAN_POINT ( 'NONE',  ( 41.78718008612947443, 19.83177931840885222, -69.16186733853203350 ) ) ;
#5104 = CARTESIAN_POINT ( 'NONE',  ( 131.7690818564725532, 160.4557402907169887, -33.78972994569114974 ) ) ;
#5105 = DIRECTION ( 'NONE',  ( 0.000000000000000000, 0.7071067811865479058, 0.7071067811865472397 ) ) ;
#5106 = CARTESIAN_POINT ( 'NONE',  ( 131.6540289923937337, 132.9391669978876962, -94.03785676056993736 ) ) ;
#5107 = CARTESIAN_POINT ( 'NONE',  ( 98.03286458994131181, 51.95904953602602916, -85.85010058432284552 ) ) ;
#5108 = CARTESIAN_POINT ( 'NONE',  ( 113.4125434506459698, 189.7878981298873100, -45.37984063031814941 ) ) ;
#5109 = CARTESIAN_POINT ( 'NONE',  ( 29.13272822400459816, 80.11333863186018789, -84.48474110772559698 ) ) ;
#5110 = CARTESIAN_POINT ( 'NONE',  ( -1.261717694316040639, 165.0999933734206593, -47.50000000001706724 ) ) ;
#5111 = ORIENTED_EDGE ( 'NONE', *, *, #6852, .T. ) ;
#5112 = CARTESIAN_POINT ( 'NONE',  ( 15.00000000000000000, 142.5999999999999943, -47.50000000000000000 ) ) ;
#5113 = ORIENTED_EDGE ( 'NONE', *, *, #1027, .T. ) ;
#5114 = CARTESIAN_POINT ( 'NONE',  ( 48.94324351270689988, 78.34000000000001762, -84.11868194835960821 ) ) ;
#5115 = ORIENTED_EDGE ( 'NONE', *, *, #122, .F. ) ;
#5116 = DIRECTION ( 'NONE',  ( 0.000000000000000000, 0.000000000000000000, -1.000000000000000000 ) ) ;
#5117 = CARTESIAN_POINT ( 'NONE',  ( 56.50000000000000000, 53.64580823289530542, -49.99999999999997158 ) ) ;
#5118 = CARTESIAN_POINT ( 'NONE',  ( -0.2558196418026985608, 120.2584630371786432, -69.81750301957519866 ) ) ;
#5119 = ADVANCED_FACE ( 'NONE', ( #4991 ), #4304, .F. ) ;
#5120 = CARTESIAN_POINT ( 'NONE',  ( 42.00602230390096992, 12.90225350866912990, -6.212791861090177115 ) ) ;
#5121 = ORIENTED_EDGE ( 'NONE', *, *, #376, .F. ) ;
#5122 = ORIENTED_EDGE ( 'NONE', *, *, #6232, .T. ) ;
#5123 = VERTEX_POINT ( 'NONE', #6894 ) ;
#5124 = DIRECTION ( 'NONE',  ( 0.000000000000000000, 0.000000000000000000, 1.000000000000000000 ) ) ;
#5125 = CARTESIAN_POINT ( 'NONE',  ( 24.76162898330567330, 0.7054478335482972096, -68.87692156366067309 ) ) ;
#5126 = CARTESIAN_POINT ( 'NONE',  ( 38.68307653084278996, -0.000000000000000000, -87.58266023035504588 ) ) ;
#5127 = CARTESIAN_POINT ( 'NONE',  ( 39.50000000000000711, 39.90000000000001279, -57.39999999999996305 ) ) ;
#5128 = CARTESIAN_POINT ( 'NONE',  ( 17.73786069544704347, 146.3719045577840063, -0.1064072162522894521 ) ) ;
#5129 = CARTESIAN_POINT ( 'NONE',  ( 43.04268651639599597, 74.62654356742480388, -19.20508002001951908 ) ) ;
#5130 = AXIS2_PLACEMENT_3D ( 'NONE', #1999, #4621, #7728 ) ;
#5131 = CARTESIAN_POINT ( 'NONE',  ( 45.16800641621763646, 10.85875960297744491, -63.30966263758045187 ) ) ;
#5132 = ORIENTED_EDGE ( 'NONE', *, *, #3415, .F. ) ;
#5133 = CARTESIAN_POINT ( 'NONE',  ( 10.44774351780785082, 187.6000000000000227, -51.26529077623880681 ) ) ;
#5134 = CARTESIAN_POINT ( 'NONE',  ( 102.5887454204696070, -7.116961689493148668, -6.408703957426341802 ) ) ;
#5135 = CARTESIAN_POINT ( 'NONE',  ( 18.76359131063822261, 123.3968356120583536, -90.92404081337355137 ) ) ;
#5136 = ORIENTED_EDGE ( 'NONE', *, *, #2943, .T. ) ;
#5137 = CIRCLE ( 'NONE', #2811, 47.50000000000001421 ) ;
#5138 = AXIS2_PLACEMENT_3D ( 'NONE', #615, #4649, #6004 ) ;
#5139 = CARTESIAN_POINT ( 'NONE',  ( -2.299507652476151964, 147.5820395580224442, -74.53697369136294526 ) ) ;
#5140 = CARTESIAN_POINT ( 'NONE',  ( 10.60021607167310975, 55.83999999997520547, -27.00991754977235715 ) ) ;
#5141 = CARTESIAN_POINT ( 'NONE',  ( 102.9074545155728089, -6.176272788702871885, -88.62503967626024348 ) ) ;
#5142 = CARTESIAN_POINT ( 'NONE',  ( 18.63557562658138878, 177.8781246772027202, -79.34440072602673411 ) ) ;
#5143 = DIRECTION ( 'NONE',  ( 0.000000000000000000, 0.000000000000000000, -1.000000000000000000 ) ) ;
#5144 = CARTESIAN_POINT ( 'NONE',  ( 131.2618526304885052, 165.0988970518441192, -45.99632512000611229 ) ) ;
#5145 = CIRCLE ( 'NONE', #4322, 2.999999999999995559 ) ;
#5146 = CARTESIAN_POINT ( 'NONE',  ( 13.87673514474981751, 40.49798260785183857, -25.88724706060384406 ) ) ;
#5147 = EDGE_CURVE ( 'NONE', #2466, #4692, #3071, .T. ) ;
#5148 = ORIENTED_EDGE ( 'NONE', *, *, #5587, .T. ) ;
#5149 = AXIS2_PLACEMENT_3D ( 'NONE', #5232, #7692, #5189 ) ;
#5150 = CARTESIAN_POINT ( 'NONE',  ( 111.8325213939978084, 170.7302385169843717, -85.82742669284839110 ) ) ;
#5151 = DIRECTION ( 'NONE',  ( 0.000000000000000000, -0.7071067811865459074, -0.7071067811865491270 ) ) ;
#5152 = CARTESIAN_POINT ( 'NONE',  ( 12.46506683372177626, 45.99362569710351067, -19.63758869215648417 ) ) ;
#5153 = AXIS2_PLACEMENT_3D ( 'NONE', #2780, #845, #7990 ) ;
#5154 = CARTESIAN_POINT ( 'NONE',  ( -0.2317602326860204176, 120.0999934764226253, -46.01178965311888902 ) ) ;
#5155 =( BOUNDED_CURVE ( )  B_SPLINE_CURVE ( 3, ( #5794, #4601, #2541, #7187 ),
 .UNSPECIFIED., .F., .F. ) 
 B_SPLINE_CURVE_WITH_KNOTS ( ( 4, 4 ),
 ( 0.000000000000000000, 1.570796326794898556 ),
 .UNSPECIFIED. ) 
 CURVE ( )  GEOMETRIC_REPRESENTATION_ITEM ( )  RATIONAL_B_SPLINE_CURVE ( ( 1.000000000000000000, 0.8047378541243644934, 0.8047378541243644934, 1.000000000000000000 ) ) 
 REPRESENTATION_ITEM ( '' )  );
#5156 = LINE ( 'NONE', #5244, #6106 ) ;
#5157 = EDGE_LOOP ( 'NONE', ( #4653, #1769, #6430, #4050, #8166, #3963, #6432, #4186, #6031, #2048 ) ) ;
#5158 = VECTOR ( 'NONE', #2570, 1000.000000000000000 ) ;
#5159 = TOROIDAL_SURFACE ( 'NONE', #8014, 6.600000000000003197, 3.000000000000000000 ) ;
#5160 = CARTESIAN_POINT ( 'NONE',  ( 17.89429999376315195, 139.2765543429473212, -94.91331977427098820 ) ) ;
#5161 = VERTEX_POINT ( 'NONE', #3615 ) ;
#5162 = EDGE_CURVE ( 'NONE', #8056, #484, #3677, .T. ) ;
#5163 = CARTESIAN_POINT ( 'NONE',  ( 25.48627997126379086, 85.89871186831713601, -17.09491971428906609 ) ) ;
#5164 = CARTESIAN_POINT ( 'NONE',  ( 130.5414803747021608, 169.9005168006646613, -33.90187902281566323 ) ) ;
#5165 = CARTESIAN_POINT ( 'NONE',  ( 46.24779411546697361, 74.77421613221788732, -80.03045916837692175 ) ) ;
#5166 = DIRECTION ( 'NONE',  ( 1.000000000000000000, -0.000000000000000000, -0.000000000000000000 ) ) ;
#5167 = ORIENTED_EDGE ( 'NONE', *, *, #2414, .T. ) ;
#5168 = ORIENTED_EDGE ( 'NONE', *, *, #6035, .F. ) ;
#5169 = VERTEX_POINT ( 'NONE', #8237 ) ;
#5170 = FACE_OUTER_BOUND ( 'NONE', #6523, .T. ) ;
#5171 = EDGE_CURVE ( 'NONE', #921, #3745, #7583, .T. ) ;
#5172 = CYLINDRICAL_SURFACE ( 'NONE', #5418, 3.000000000000002665 ) ;
#5173 = EDGE_CURVE ( 'NONE', #8106, #5982, #5591, .T. ) ;
#5174 = CARTESIAN_POINT ( 'NONE',  ( 26.52922614598633189, 0.000000000000000000, -76.36115524880293037 ) ) ;
#5175 = CARTESIAN_POINT ( 'NONE',  ( 42.72961374459197970, 10.01592551004143239, -32.98908729652599447 ) ) ;
#5176 = CIRCLE ( 'NONE', #6528, 2.100000000000004530 ) ;
#5177 = CARTESIAN_POINT ( 'NONE',  ( 17.89685407036635567, 139.2487574528663856, -0.1075657259206694583 ) ) ;
#5178 = EDGE_CURVE ( 'NONE', #8283, #3797, #4170, .T. ) ;
#5179 = CARTESIAN_POINT ( 'NONE',  ( 35.80486848860184779, 35.71730985624963495, -87.32569278304076477 ) ) ;
#5180 = B_SPLINE_CURVE_WITH_KNOTS ( 'NONE', 3,
 ( #2398, #1151, #1797, #8219, #3689, #7006, #3775, #5013, #2908, #5520, #4241, #8125, #2273, #4887, #5825, #1837, #6418, #3857, #5142, #5272, #1241, #3896, #1969, #8428, #4461, #7742, #7825, #6455, #7053, #3296, #1886, #516, #44, #557 ),
 .UNSPECIFIED., .F., .F.,
 ( 4, 2, 2, 2, 2, 2, 2, 2, 2, 2, 2, 2, 2, 2, 2, 2, 4 ),
 ( 0.01992410088522577824, 0.02907829379952999935, 0.03136684202810601646, 0.03365539025668203010, 0.03823248671383414066, 0.04280958317098625121, 0.04509813139956229955, 0.04738667962813834789, 0.05654087254244234695, 0.06111796899959436036, 0.06340651722817035318, 0.06569506545674635989, 0.07484925837105049773, 0.07713780659962655994, 0.07942635482820262216, 0.08400345128535471884, 0.09315764419965889831 ),
 .UNSPECIFIED. ) ;
#5181 = B_SPLINE_SURFACE_WITH_KNOTS ( 'NONE', 3, 1, ( 
 ( #915, #5496 ),
 ( #7934, #789 ),
 ( #2370, #6256 ),
 ( #357, #6937 ),
 ( #403, #5538 ) ),
 .UNSPECIFIED., .F., .F., .F.,
 ( 4, 1, 4 ),
 ( 2, 2 ),
 ( 0.07666091773246715146, 0.4512184419979664574, 0.7212151360043550508 ),
 ( 0.000000000000000000, 1.000000000000000000 ),
 .UNSPECIFIED. ) ;
#5182 = DIRECTION ( 'NONE',  ( 0.000000000000000000, 1.000000000000000000, 0.000000000000000000 ) ) ;
#5183 = VERTEX_POINT ( 'NONE', #4866 ) ;
#5184 = CARTESIAN_POINT ( 'NONE',  ( 10.44774351780826827, 187.6000000000000227, -43.73470922376171899 ) ) ;
#5185 = CARTESIAN_POINT ( 'NONE',  ( 24.99999999999998224, 0.000000000000000000, -26.11973877905269958 ) ) ;
#5186 = CARTESIAN_POINT ( 'NONE',  ( 25.50000000000000355, 87.34000000000000341, -84.62933753321830466 ) ) ;
#5187 = EDGE_LOOP ( 'NONE', ( #193, #2595, #8229, #5030, #5892 ) ) ;
#5188 = CARTESIAN_POINT ( 'NONE',  ( -2.251257631507236123, 152.1910506170546569, -73.49484597579731826 ) ) ;
#5189 = DIRECTION ( 'NONE',  ( 0.000000000000000000, -1.000000000000000000, 0.000000000000000000 ) ) ;
#5190 = CARTESIAN_POINT ( 'NONE',  ( 84.13576307144012389, 0.1785433224054907009, -88.80515415832628889 ) ) ;
#5191 = AXIS2_PLACEMENT_3D ( 'NONE', #7749, #5200, #11 ) ;
#5192 = DIRECTION ( 'NONE',  ( 0.000000000000000000, -1.000000000000000000, 0.000000000000000000 ) ) ;
#5193 = DIRECTION ( 'NONE',  ( 0.000000000000000000, -1.000000000000000000, 0.000000000000000000 ) ) ;
#5194 = CARTESIAN_POINT ( 'NONE',  ( 37.54268651639598886, 74.62654356742478967, -10.45247027597637590 ) ) ;
#5195 = CARTESIAN_POINT ( 'NONE',  ( 12.92121306733251629, 44.19453940612467591, -27.33060204358841006 ) ) ;
#5196 = CARTESIAN_POINT ( 'NONE',  ( -0.4536693230948835587, 121.3387967078138274, -4.768948153830514514 ) ) ;
#5197 = VERTEX_POINT ( 'NONE', #8196 ) ;
#5198 = AXIS2_PLACEMENT_3D ( 'NONE', #1690, #1178, #3112 ) ;
#5199 = CARTESIAN_POINT ( 'NONE',  ( 132.2793395981362892, 145.5957403599234397, -74.80485065273994394 ) ) ;
#5200 = DIRECTION ( 'NONE',  ( 1.000000000000000000, -0.000000000000000000, -0.000000000000000000 ) ) ;
#5201 = CARTESIAN_POINT ( 'NONE',  ( 31.91503778355297882, 78.71921289327083571, -84.48769671088886923 ) ) ;
#5202 = CARTESIAN_POINT ( 'NONE',  ( -0.4157709783194445397, 121.5433540005757180, -39.53730441194439749 ) ) ;
#5203 = CARTESIAN_POINT ( 'NONE',  ( 112.2868883013538976, 148.7284503470678203, -0.3718847212529533541 ) ) ;
#5204 = EDGE_LOOP ( 'NONE', ( #5492, #3878, #5334, #8023 ) ) ;
#5205 = CARTESIAN_POINT ( 'NONE',  ( 17.85274439352021858, 163.3346186099461477, -4.655122491152047459 ) ) ;
#5206 = ORIENTED_EDGE ( 'NONE', *, *, #3442, .F. ) ;
#5207 = CARTESIAN_POINT ( 'NONE',  ( 103.3137516274458392, 82.83546167122928239, -10.49395642193121247 ) ) ;
#5208 = CYLINDRICAL_SURFACE ( 'NONE', #926, 15.00000000000000000 ) ;
#5209 = DIRECTION ( 'NONE',  ( -1.000000000000000000, 0.000000000000000000, 0.000000000000000000 ) ) ;
#5210 = LINE ( 'NONE', #3919, #8012 ) ;
#5211 = ORIENTED_EDGE ( 'NONE', *, *, #8059, .T. ) ;
#5212 = ORIENTED_EDGE ( 'NONE', *, *, #4677, .T. ) ;
#5213 = ADVANCED_FACE ( 'NONE', ( #2375 ), #1730, .F. ) ;
#5214 = ORIENTED_EDGE ( 'NONE', *, *, #2414, .F. ) ;
#5215 = CARTESIAN_POINT ( 'NONE',  ( 18.99999272355231739, 151.0999953997165335, -32.77756813566458050 ) ) ;
#5216 = CARTESIAN_POINT ( 'NONE',  ( 110.1402600057111982, 190.0837242817809454, -46.25664633679417648 ) ) ;
#5217 = CARTESIAN_POINT ( 'NONE',  ( 30.35214321532135529, -0.000000000000000000, -82.20236044215690185 ) ) ;
#5218 = CARTESIAN_POINT ( 'NONE',  ( 49.46576311587774200, 45.95477785028878515, -66.54014397550855620 ) ) ;
#5219 = CARTESIAN_POINT ( 'NONE',  ( -2.298626542253746408, 149.5770366130302023, -20.82645005495668045 ) ) ;
#5220 = CARTESIAN_POINT ( 'NONE',  ( 37.54268651639599597, 69.22045390349596516, -10.20890854307039319 ) ) ;
#5221 = EDGE_CURVE ( 'NONE', #2183, #3784, #6353, .T. ) ;
#5222 = CARTESIAN_POINT ( 'NONE',  ( 44.75410343885261710, 10.56301208211715803, -62.88655453491204383 ) ) ;
#5223 = ORIENTED_EDGE ( 'NONE', *, *, #7952, .T. ) ;
#5224 = EDGE_CURVE ( 'NONE', #2340, #3249, #78, .T. ) ;
#5225 = DIRECTION ( 'NONE',  ( 0.000000000000000000, -0.000000000000000000, 1.000000000000000000 ) ) ;
#5226 = CARTESIAN_POINT ( 'NONE',  ( 32.32530088734412743, 0.000000000000000000, -10.97519673940336915 ) ) ;
#5227 = CARTESIAN_POINT ( 'NONE',  ( 55.50000000000000000, 55.84000000000002473, -31.65991754977232020 ) ) ;
#5228 = ORIENTED_EDGE ( 'NONE', *, *, #8444, .T. ) ;
#5229 = CARTESIAN_POINT ( 'NONE',  ( 17.69950697522897087, 152.3379594480898902, -94.00236812393498553 ) ) ;
#5230 = ADVANCED_FACE ( 'NONE', ( #5500 ), #447, .F. ) ;
#5231 = CIRCLE ( 'NONE', #6305, 2.750000000000000000 ) ;
#5232 = CARTESIAN_POINT ( 'NONE',  ( 104.5000000000000142, 142.5999999999999943, -47.50000000000000000 ) ) ;
#5233 = CARTESIAN_POINT ( 'NONE',  ( 102.8838080789408735, -6.246066656606140022, -88.62057497801687589 ) ) ;
#5234 = PLANE ( 'NONE',  #6668 ) ;
#5235 = CARTESIAN_POINT ( 'NONE',  ( 18.60284758183136944, 123.1921976275670119, -90.85420633655500922 ) ) ;
#5236 = CARTESIAN_POINT ( 'NONE',  ( 131.8482991706293603, 159.5351078020651983, -62.33241722377339045 ) ) ;
#5237 = CARTESIAN_POINT ( 'NONE',  ( 24.49999999999999645, 190.1000000000000227, -47.50000000000000000 ) ) ;
#5238 = CARTESIAN_POINT ( 'NONE',  ( 4.508078125643746326, 88.76669365586602112, -10.34370724085766113 ) ) ;
#5239 = ORIENTED_EDGE ( 'NONE', *, *, #1125, .T. ) ;
#5240 = CARTESIAN_POINT ( 'NONE',  ( 131.7512893987972404, 163.1908167354601176, -90.31684814253004845 ) ) ;
#5241 = CARTESIAN_POINT ( 'NONE',  ( 111.0000000000000000, 125.5999999999999943, -47.50000000000001421 ) ) ;
#5242 = CARTESIAN_POINT ( 'NONE',  ( 111.1986949673050304, 123.0650313069941575, -90.81230978602533810 ) ) ;
#5243 = CARTESIAN_POINT ( 'NONE',  ( -2.195006884711998563, 153.8754359215764964, -27.97370596900329431 ) ) ;
#5244 = CARTESIAN_POINT ( 'NONE',  ( 105.5000009628523401, 187.6000000000000227, -47.49999999999948841 ) ) ;
#5245 = VERTEX_POINT ( 'NONE', #1003 ) ;
#5246 = CARTESIAN_POINT ( 'NONE',  ( 18.06487799209502398, 134.2878523446813119, -94.29656512710705840 ) ) ;
#5247 = VERTEX_POINT ( 'NONE', #8276 ) ;
#5248 = CARTESIAN_POINT ( 'NONE',  ( 99.48758705616225484, 79.26622520443962117, -10.51460244141795286 ) ) ;
#5249 = CARTESIAN_POINT ( 'NONE',  ( 0.9066686637118880343, 111.8523624324316046, -67.81875375136957018 ) ) ;
#5250 = FACE_OUTER_BOUND ( 'NONE', #7633, .T. ) ;
#5251 = ORIENTED_EDGE ( 'NONE', *, *, #2447, .T. ) ;
#5252 = ORIENTED_EDGE ( 'NONE', *, *, #5292, .T. ) ;
#5253 = VERTEX_POINT ( 'NONE', #2335 ) ;
#5254 = CYLINDRICAL_SURFACE ( 'NONE', #1486, 2.149999999999999023 ) ;
#5255 = CARTESIAN_POINT ( 'NONE',  ( 131.6548103205369102, 133.3101499946426429, -26.99411227163945526 ) ) ;
#5256 = CARTESIAN_POINT ( 'NONE',  ( 49.50000000000000000, 8.000000000000000000, -69.50000000000000000 ) ) ;
#5257 = CARTESIAN_POINT ( 'NONE',  ( 47.95808515188128496, 42.39107139885486930, -68.50194399634979447 ) ) ;
#5258 = EDGE_CURVE ( 'NONE', #5679, #5852, #4315, .T. ) ;
#5259 = ADVANCED_FACE ( 'NONE', ( #8102 ), #6830, .T. ) ;
#5260 = CARTESIAN_POINT ( 'NONE',  ( 16.50000000000000000, 55.84000000000002473, -30.00991754977235004 ) ) ;
#5261 = CARTESIAN_POINT ( 'NONE',  ( 110.3269651073104711, 116.8653666064979006, -6.074674137244249650 ) ) ;
#5262 = CARTESIAN_POINT ( 'NONE',  ( 37.54268651639598886, 74.62654356742478967, -19.20508002001952264 ) ) ;
#5263 = CIRCLE ( 'NONE', #2243, 11.25000000000001066 ) ;
#5264 = CARTESIAN_POINT ( 'NONE',  ( 33.99314772908395810, 77.91347822519301758, -81.37138523163649495 ) ) ;
#5265 = ORIENTED_EDGE ( 'NONE', *, *, #41, .F. ) ;
#5266 = CARTESIAN_POINT ( 'NONE',  ( 53.00000000000000711, 39.90000000000001279, -37.59999999999995879 ) ) ;
#5267 = CARTESIAN_POINT ( 'NONE',  ( 27.24734050278195596, -0.000000000000000000, -17.11551771004776157 ) ) ;
#5268 = CARTESIAN_POINT ( 'NONE',  ( -1.107634761942280610, 127.5113550778032021, -23.08604811522443612 ) ) ;
#5269 = CARTESIAN_POINT ( 'NONE',  ( 0.3043105399695635871, 174.2840818285094997, -48.70575518301487250 ) ) ;
#5270 = CARTESIAN_POINT ( 'NONE',  ( 22.16226362268178818, 8.750090726075866243, -59.19848829727682471 ) ) ;
#5271 = CARTESIAN_POINT ( 'NONE',  ( 65.38616834274442624, 48.32623728701423715, -50.02962979505872454 ) ) ;
#5272 = CARTESIAN_POINT ( 'NONE',  ( 18.75618792264743462, 179.3666562196437724, -77.58410668461890225 ) ) ;
#5273 = AXIS2_PLACEMENT_3D ( 'NONE', #3086, #4, #5873 ) ;
#5274 = CARTESIAN_POINT ( 'NONE',  ( 30.50000000000000355, -16.41316339497323185, -51.03591011199581828 ) ) ;
#5275 = CARTESIAN_POINT ( 'NONE',  ( 132.3006152941270273, 148.4604096649657947, -69.23587053915835554 ) ) ;
#5276 = DIRECTION ( 'NONE',  ( -1.000000000000000000, 0.000000000000000000, 0.000000000000000000 ) ) ;
#5277 = EDGE_CURVE ( 'NONE', #7515, #414, #3219, .T. ) ;
#5278 = AXIS2_PLACEMENT_3D ( 'NONE', #7539, #1685, #4350 ) ;
#5279 = VECTOR ( 'NONE', #8006, 1000.000000000000000 ) ;
#5280 = CARTESIAN_POINT ( 'NONE',  ( 3.308434808099224078, 96.26042860526403899, -9.804717741103900153 ) ) ;
#5281 = ORIENTED_EDGE ( 'NONE', *, *, #5162, .T. ) ;
#5282 = CARTESIAN_POINT ( 'NONE',  ( 132.0830349928517080, 158.6881983095970554, -92.24812392007358142 ) ) ;
#5283 = DIRECTION ( 'NONE',  ( -1.000000000000000000, -0.000000000000000000, -0.000000000000000000 ) ) ;
#5284 = CARTESIAN_POINT ( 'NONE',  ( 111.2184322957948268, 123.2263552176022188, -90.86658653486334458 ) ) ;
#5285 = CARTESIAN_POINT ( 'NONE',  ( 55.50000000000000000, 55.84000000000002473, -30.00991754977235004 ) ) ;
#5286 = CARTESIAN_POINT ( 'NONE',  ( 49.50000000000000000, 23.00000000000000000, -69.50000000000000000 ) ) ;
#5287 = ORIENTED_EDGE ( 'NONE', *, *, #6699, .T. ) ;
#5288 = DIRECTION ( 'NONE',  ( -1.000000000000000000, 0.000000000000000000, 0.000000000000000000 ) ) ;
#5289 = ORIENTED_EDGE ( 'NONE', *, *, #5258, .F. ) ;
#5290 = DIRECTION ( 'NONE',  ( 0.000000000000000000, -0.5000000000000015543, 0.8660254037844378194 ) ) ;
#5291 = AXIS2_PLACEMENT_3D ( 'NONE', #299, #2792, #4244 ) ;
#5292 = EDGE_CURVE ( 'NONE', #619, #925, #1987, .T. ) ;
#5293 = CARTESIAN_POINT ( 'NONE',  ( 131.1406025864951346, 128.1191316782798708, -21.55785001230892561 ) ) ;
#5294 = CARTESIAN_POINT ( 'NONE',  ( 52.50000000000000711, 59.24636658821884083, -30.00991754977235004 ) ) ;
#5295 = VECTOR ( 'NONE', #3484, 1000.000000000000000 ) ;
#5296 = VERTEX_POINT ( 'NONE', #4607 ) ;
#5297 = EDGE_LOOP ( 'NONE', ( #1850, #6602 ) ) ;
#5298 = EDGE_LOOP ( 'NONE', ( #2636, #375, #8323, #1493 ) ) ;
#5299 = CARTESIAN_POINT ( 'NONE',  ( 84.00409755359896735, 52.00000000000000711, -65.61091270347398563 ) ) ;
#5300 = DIRECTION ( 'NONE',  ( 1.000000000000000000, 0.000000000000000000, 0.000000000000000000 ) ) ;
#5301 = CARTESIAN_POINT ( 'NONE',  ( 18.72365376235731205, 123.2000559591662068, -4.142276683242262614 ) ) ;
#5302 = CARTESIAN_POINT ( 'NONE',  ( 45.84659264451205019, 40.38742422389863407, -69.11275892450734659 ) ) ;
#5303 = AXIS2_PLACEMENT_3D ( 'NONE', #3562, #5016, #3599 ) ;
#5304 = DIRECTION ( 'NONE',  ( 0.000000000000000000, 0.5000000000000011102, 0.8660254037844379305 ) ) ;
#5305 = CARTESIAN_POINT ( 'NONE',  ( 131.1542165935148319, 127.9555525577300017, -23.04343102553538358 ) ) ;
#5306 = DIRECTION ( 'NONE',  ( 0.000000000000000000, 0.000000000000000000, 1.000000000000000000 ) ) ;
#5307 = EDGE_CURVE ( 'NONE', #3376, #6264, #5403, .T. ) ;
#5308 = CARTESIAN_POINT ( 'NONE',  ( 31.81344505320845428, 75.17343858207071605, -80.49018769303326337 ) ) ;
#5309 = ORIENTED_EDGE ( 'NONE', *, *, #1924, .F. ) ;
#5310 = EDGE_CURVE ( 'NONE', #5818, #742, #7803, .T. ) ;
#5311 = CARTESIAN_POINT ( 'NONE',  ( 0.000000000000000000, 0.000000000000000000, 0.000000000000000000 ) ) ;
#5312 = DIRECTION ( 'NONE',  ( 0.000000000000000000, 0.000000000000000000, 1.000000000000000000 ) ) ;
#5313 = CARTESIAN_POINT ( 'NONE',  ( 18.08689890886224205, 169.0598796762129723, -86.95103229929031841 ) ) ;
#5314 = CARTESIAN_POINT ( 'NONE',  ( 18.10829431420156510, 22.99999999999999645, -25.50000000000000355 ) ) ;
#5315 = CARTESIAN_POINT ( 'NONE',  ( 63.13102056228640890, 48.57651660744082989, -44.99999999999997158 ) ) ;
#5316 = CIRCLE ( 'NONE', #7755, 3.599999999999999201 ) ;
#5317 = CARTESIAN_POINT ( 'NONE',  ( 126.0000000000000000, 142.5999999999999943, -70.00000000000000000 ) ) ;
#5318 = LINE ( 'NONE', #7826, #945 ) ;
#5319 = DIRECTION ( 'NONE',  ( -0.000000000000000000, 1.000000000000000000, 0.000000000000000000 ) ) ;
#5320 = CARTESIAN_POINT ( 'NONE',  ( 22.71232191908573839, 99.25910244250917458, -9.447823866797621761 ) ) ;
#5321 = ORIENTED_EDGE ( 'NONE', *, *, #275, .F. ) ;
#5322 = CARTESIAN_POINT ( 'NONE',  ( 49.50000000000000000, 20.10000000000000853, -40.59999999999996589 ) ) ;
#5323 = AXIS2_PLACEMENT_3D ( 'NONE', #2445, #5698, #7519 ) ;
#5324 = CARTESIAN_POINT ( 'NONE',  ( 53.00000000000000711, 39.90000000000001279, -57.39999999999996305 ) ) ;
#5325 = FACE_OUTER_BOUND ( 'NONE', #8269, .T. ) ;
#5326 = LINE ( 'NONE', #2064, #3538 ) ;
#5327 = CYLINDRICAL_SURFACE ( 'NONE', #188, 2.099999999999997868 ) ;
#5328 = ORIENTED_EDGE ( 'NONE', *, *, #4222, .T. ) ;
#5329 = CARTESIAN_POINT ( 'NONE',  ( 0.0005088150451285058853, 172.8160469263391121, -55.55884946651985246 ) ) ;
#5330 = CARTESIAN_POINT ( 'NONE',  ( 27.00722670199157349, -5.924425821867061792, -68.80586947766521178 ) ) ;
#5331 = CARTESIAN_POINT ( 'NONE',  ( 49.50000000000000000, 39.90000000000001279, -60.39999999999997016 ) ) ;
#5332 = DIRECTION ( 'NONE',  ( 0.000000000000000000, 0.000000000000000000, 1.000000000000000000 ) ) ;
#5333 = CARTESIAN_POINT ( 'NONE',  ( 77.50000000000001421, 30.00000000000000000, -47.49999999999997868 ) ) ;
#5334 = ORIENTED_EDGE ( 'NONE', *, *, #544, .T. ) ;
#5335 = VERTEX_POINT ( 'NONE', #4522 ) ;
#5336 = EDGE_CURVE ( 'NONE', #6388, #2124, #8127, .T. ) ;
#5337 = VERTEX_POINT ( 'NONE', #1950 ) ;
#5338 = DIRECTION ( 'NONE',  ( 0.000000000000000000, 0.9519809258384942519, -0.3061573400062183037 ) ) ;
#5339 = CARTESIAN_POINT ( 'NONE',  ( 18.99999293356524532, 148.9999953997165392, -32.77756813566458050 ) ) ;
#5340 = CARTESIAN_POINT ( 'NONE',  ( 44.70267474769448768, 40.03517976947107826, -69.18971353590643503 ) ) ;
#5341 = VECTOR ( 'NONE', #581, 1000.000000000000000 ) ;
#5342 = CARTESIAN_POINT ( 'NONE',  ( 18.99999272355231739, 151.0999953997165335, -32.77756813566458050 ) ) ;
#5343 = DIRECTION ( 'NONE',  ( 1.000000000000000000, 0.000000000000000000, 0.000000000000000000 ) ) ;
#5344 = CARTESIAN_POINT ( 'NONE',  ( 39.93913032225929527, 73.29628474174263886, -10.41785911355286132 ) ) ;
#5345 = EDGE_LOOP ( 'NONE', ( #150, #3914 ) ) ;
#5346 = ORIENTED_EDGE ( 'NONE', *, *, #4534, .F. ) ;
#5347 = CARTESIAN_POINT ( 'NONE',  ( 90.80481304882019344, 22.72461858699814030, -6.652811687933585461 ) ) ;
#5348 = CARTESIAN_POINT ( 'NONE',  ( 18.35197737471809276, 173.8905716686700487, -83.29402691846020446 ) ) ;
#5349 = LINE ( 'NONE', #6148, #2534 ) ;
#5350 = CARTESIAN_POINT ( 'NONE',  ( 87.60409755359897588, 98.00000000000000000, -65.61091270347399984 ) ) ;
#5351 = CARTESIAN_POINT ( 'NONE',  ( 91.20409755359898440, 8.000000000000000000, -29.38908729652600016 ) ) ;
#5352 = LINE ( 'NONE', #6068, #767 ) ;
#5353 = CARTESIAN_POINT ( 'NONE',  ( 34.85644525480790890, 39.55222899209567800, -8.011735068499760359 ) ) ;
#5354 = ORIENTED_EDGE ( 'NONE', *, *, #6442, .T. ) ;
#5355 = PLANE ( 'NONE',  #5521 ) ;
#5356 = EDGE_CURVE ( 'NONE', #5296, #3617, #7291, .T. ) ;
#5357 = CARTESIAN_POINT ( 'NONE',  ( 28.98107372930863690, 40.48572760272664794, -69.08980584159226623 ) ) ;
#5358 = CARTESIAN_POINT ( 'NONE',  ( 130.5209594390653933, 121.8630076385658185, -90.40711932303668164 ) ) ;
#5359 = CARTESIAN_POINT ( 'NONE',  ( 108.5938161944036153, 190.0945744507393158, -48.32898529282472566 ) ) ;
#5360 = CARTESIAN_POINT ( 'NONE',  ( 131.2709802528670195, 129.0777232420091991, -72.49091440842603618 ) ) ;
#5361 = ORIENTED_EDGE ( 'NONE', *, *, #3108, .T. ) ;
#5362 = CARTESIAN_POINT ( 'NONE',  ( -1.933036062638821662, 137.0805063692700116, -20.30505961999382336 ) ) ;
#5363 = ORIENTED_EDGE ( 'NONE', *, *, #2450, .F. ) ;
#5364 = CARTESIAN_POINT ( 'NONE',  ( 104.1995620785343846, 85.01518771138024988, -10.44820433830921758 ) ) ;
#5365 = CARTESIAN_POINT ( 'NONE',  ( 130.6494151965016783, 169.2719718171483692, -32.99553737565307188 ) ) ;
#5366 = CARTESIAN_POINT ( 'NONE',  ( 114.3700000000000045, 142.5999999999999943, -36.25000000000000000 ) ) ;
#5367 = CARTESIAN_POINT ( 'NONE',  ( 32.04268651636317600, 74.62654356742480388, -9.196883570274719588 ) ) ;
#5368 = VERTEX_POINT ( 'NONE', #8447 ) ;
#5369 = ORIENTED_EDGE ( 'NONE', *, *, #6343, .F. ) ;
#5370 = CARTESIAN_POINT ( 'NONE',  ( 77.50000000000001421, 58.80545635173704255, -58.80545635173691466 ) ) ;
#5371 = CARTESIAN_POINT ( 'NONE',  ( 130.2563077155263613, 120.2900527412128326, -44.55832030661726861 ) ) ;
#5372 = CARTESIAN_POINT ( 'NONE',  ( 130.0000000000000000, 142.5999999999999943, -51.64999999999999147 ) ) ;
#5373 = FACE_OUTER_BOUND ( 'NONE', #2329, .T. ) ;
#5374 = ADVANCED_FACE ( 'NONE', ( #662 ), #3274, .T. ) ;
#5375 = DIRECTION ( 'NONE',  ( 0.000000000000000000, 0.9829253934416057881, 0.1840045405082835761 ) ) ;
#5376 = CARTESIAN_POINT ( 'NONE',  ( 65.00000000000000000, 73.38611426685834260, -85.16758975127741849 ) ) ;
#5377 = ORIENTED_EDGE ( 'NONE', *, *, #7422, .T. ) ;
#5378 = CARTESIAN_POINT ( 'NONE',  ( 49.52853906723913013, 73.95642395548028958, -19.33052702963401970 ) ) ;
#5379 = VERTEX_POINT ( 'NONE', #489 ) ;
#5380 = CARTESIAN_POINT ( 'NONE',  ( 86.18393039656038468, 6.904291680324867286, -6.121794063351869930 ) ) ;
#5381 = ORIENTED_EDGE ( 'NONE', *, *, #4600, .T. ) ;
#5382 = CARTESIAN_POINT ( 'NONE',  ( -0.9672672271504253461, 167.2366304465163580, -64.38355503183200312 ) ) ;
#5383 = DIRECTION ( 'NONE',  ( 0.000000000000000000, -2.037036744050392768E-15, -1.000000000000000000 ) ) ;
#5384 = CARTESIAN_POINT ( 'NONE',  ( 56.50000000000000000, 53.64580823289530542, -44.99999999999997158 ) ) ;
#5385 = CARTESIAN_POINT ( 'NONE',  ( 50.04831138645365485, 76.73297180561874598, -18.81075471041951985 ) ) ;
#5386 = CARTESIAN_POINT ( 'NONE',  ( 110.5523503127529210, 17.85231772734775646, -69.49999999999997158 ) ) ;
#5387 = CARTESIAN_POINT ( 'NONE',  ( 22.40938487779727595, 7.909711481645040010, -6.037541649343680206 ) ) ;
#5388 = ORIENTED_EDGE ( 'NONE', *, *, #3380, .F. ) ;
#5389 = LINE ( 'NONE', #894, #1832 ) ;
#5390 = CARTESIAN_POINT ( 'NONE',  ( 27.26903097870648196, 42.08047174225876574, -68.61687196580581372 ) ) ;
#5391 = EDGE_CURVE ( 'NONE', #369, #4079, #3107, .T. ) ;
#5392 = CARTESIAN_POINT ( 'NONE',  ( 116.9308420407180051, 188.8191740782277179, -50.56288463562196256 ) ) ;
#5393 = DIRECTION ( 'NONE',  ( 1.000000000000000000, -0.000000000000000000, -0.000000000000000000 ) ) ;
#5394 = DIRECTION ( 'NONE',  ( -1.000000000000000000, -0.000000000000000000, -0.000000000000000000 ) ) ;
#5395 = ORIENTED_EDGE ( 'NONE', *, *, #1615, .F. ) ;
#5396 = AXIS2_PLACEMENT_3D ( 'NONE', #5684, #1013, #2983 ) ;
#5397 = EDGE_CURVE ( 'NONE', #705, #5633, #6876, .T. ) ;
#5398 = CARTESIAN_POINT ( 'NONE',  ( -1.279079324502701676, 129.1768213970488546, -22.48801955344261927 ) ) ;
#5399 = CARTESIAN_POINT ( 'NONE',  ( 110.1402600057112409, 190.0837242817810022, -48.74335366320383400 ) ) ;
#5400 = ORIENTED_EDGE ( 'NONE', *, *, #5277, .T. ) ;
#5401 = DIRECTION ( 'NONE',  ( 0.000000000000000000, 0.9829253934416056770, 0.1840045405082833818 ) ) ;
#5402 = CARTESIAN_POINT ( 'NONE',  ( 111.0239148402647800, 181.9067343143524909, -20.75535453258189733 ) ) ;
#5403 = CIRCLE ( 'NONE', #4042, 3.599999999999999201 ) ;
#5404 = AXIS2_PLACEMENT_3D ( 'NONE', #6940, #5759, #2372 ) ;
#5405 = FACE_OUTER_BOUND ( 'NONE', #5298, .T. ) ;
#5406 = DIRECTION ( 'NONE',  ( -1.000000000000000000, 0.000000000000000000, 0.000000000000000000 ) ) ;
#5407 = ORIENTED_EDGE ( 'NONE', *, *, #4252, .T. ) ;
#5408 = VERTEX_POINT ( 'NONE', #6600 ) ;
#5409 = DIRECTION ( 'NONE',  ( 0.000000000000000000, 0.7071067811865467956, 0.7071067811865483499 ) ) ;
#5410 = CARTESIAN_POINT ( 'NONE',  ( 130.4150109642302482, 121.5372974713713177, -55.44669845793860219 ) ) ;
#5411 = EDGE_CURVE ( 'NONE', #3741, #6077, #1847, .T. ) ;
#5412 = CIRCLE ( 'NONE', #7736, 9.000000000000001776 ) ;
#5413 = CARTESIAN_POINT ( 'NONE',  ( 87.60409755359897588, 98.00000000000000000, -62.01091270347399131 ) ) ;
#5414 = CARTESIAN_POINT ( 'NONE',  ( -1.750889381903667275, 134.5260742356783226, -20.78544466736428120 ) ) ;
#5415 = VECTOR ( 'NONE', #1411, 1000.000000000000000 ) ;
#5416 = CARTESIAN_POINT ( 'NONE',  ( 112.2903346452355606, 149.3676724269213025, -0.4736848892675047384 ) ) ;
#5417 = CARTESIAN_POINT ( 'NONE',  ( 11.91965325706624057, 188.3573370753747156, -44.12910624972739981 ) ) ;
#5418 = AXIS2_PLACEMENT_3D ( 'NONE', #1223, #7809, #7078 ) ;
#5419 = ADVANCED_FACE ( 'NONE', ( #5405 ), #8010, .F. ) ;
#5420 = ORIENTED_EDGE ( 'NONE', *, *, #6361, .T. ) ;
#5421 = ADVANCED_FACE ( 'NONE', ( #4651 ), #7236, .F. ) ;
#5422 = CARTESIAN_POINT ( 'NONE',  ( 25.53998769493520271, 85.83121601702315218, -79.43480828250403647 ) ) ;
#5423 = VERTEX_POINT ( 'NONE', #147 ) ;
#5424 = CARTESIAN_POINT ( 'NONE',  ( 105.0126689604617667, 0.03739319233137654297, -26.11986398858379843 ) ) ;
#5425 = LINE ( 'NONE', #1011, #787 ) ;
#5426 = CARTESIAN_POINT ( 'NONE',  ( -0.5957579445713346855, 172.6731406756868807, -84.31057114739712688 ) ) ;
#5427 = B_SPLINE_CURVE_WITH_KNOTS ( 'NONE', 3,
 ( #6918, #8254, #1793, #5009, #7607, #292, #7003, #1105, #3727, #465, #3082, #8300, #2270, #4884, #7473, #4237, #1623, #6831, #980, #3594, #332, #5740, #4738, #4698, #1473, #5261, #6610, #8341, #75, #2044, #6370, #7896, #4662, #512 ),
 .UNSPECIFIED., .F., .F.,
 ( 4, 2, 2, 2, 2, 2, 2, 2, 2, 2, 2, 2, 2, 2, 1, 1, 2, 4 ),
 ( -5.995720813584126674E-08, 0.003983185624266657662, 0.007966431205741451166, 0.01593292236869103470, 0.03186590469459022607, 0.04779888702048941396, 0.06373186934638860879, 0.07169836050933819926, 0.07966485167228776199, 0.09559783399818694294, 0.1035643251611365334, 0.1115308163240860961, 0.1194973074870356866, 0.1234805530685104680, 0.1254721758592478587, 0.1264679872546165817, 0.1269658929523009294, 0.1274637986499853048 ),
 .UNSPECIFIED. ) ;
#5428 = CARTESIAN_POINT ( 'NONE',  ( 105.3076837086288293, 0.9112908044360076287, -26.12437438025098402 ) ) ;
#5429 = CARTESIAN_POINT ( 'NONE',  ( 77.50000000000001421, 4.384119330195931173E-14, -69.50000000000000000 ) ) ;
#5430 = CARTESIAN_POINT ( 'NONE',  ( 18.39165684838152259, 127.0873190904400190, -2.596716349369014409 ) ) ;
#5431 = CARTESIAN_POINT ( 'NONE',  ( 44.07347090646916143, 6.065417252032262674, -6.118627326786113763 ) ) ;
#5432 = CARTESIAN_POINT ( 'NONE',  ( -0.2642583594228105071, 119.9224097491901091, -89.78830960560469521 ) ) ;
#5433 = ORIENTED_EDGE ( 'NONE', *, *, #8345, .F. ) ;
#5434 = CARTESIAN_POINT ( 'NONE',  ( 22.41192526225112402, 8.000000000000000000, -54.50000000000000711 ) ) ;
#5435 = VECTOR ( 'NONE', #2117, 1000.000000000000000 ) ;
#5436 = CARTESIAN_POINT ( 'NONE',  ( 114.3700000000000045, 142.5999999999999943, -58.75000000000000711 ) ) ;
#5437 = CARTESIAN_POINT ( 'NONE',  ( 105.0475434901529610, 86.93448806740762791, -84.59502594665380570 ) ) ;
#5438 = DIRECTION ( 'NONE',  ( 0.000000000000000000, 0.000000000000000000, -1.000000000000000000 ) ) ;
#5439 = FACE_BOUND ( 'NONE', #1130, .T. ) ;
#5440 = ORIENTED_EDGE ( 'NONE', *, *, #7325, .T. ) ;
#5441 = CARTESIAN_POINT ( 'NONE',  ( 0.1913004152429466365, 173.7504539138707571, -52.53794598314754438 ) ) ;
#5442 = CARTESIAN_POINT ( 'NONE',  ( 119.7348767268994720, 187.6000000000000512, -44.98980723559066774 ) ) ;
#5443 = EDGE_CURVE ( 'NONE', #8096, #5197, #3433, .T. ) ;
#5444 = VECTOR ( 'NONE', #7354, 1000.000000000000000 ) ;
#5445 = CARTESIAN_POINT ( 'NONE',  ( 27.23476094488481181, -6.596004045999939613, -68.78617553533263163 ) ) ;
#5446 = CARTESIAN_POINT ( 'NONE',  ( 56.50000000000000711, 30.00000000000001421, -56.49999999999996447 ) ) ;
#5447 = CARTESIAN_POINT ( 'NONE',  ( 111.6947188605978312, 173.0917041708228510, -11.06473368889032294 ) ) ;
#5448 = CARTESIAN_POINT ( 'NONE',  ( 107.6040975535989759, 8.000000000000001776, -29.38908729652603213 ) ) ;
#5449 = B_SPLINE_CURVE_WITH_KNOTS ( 'NONE', 3,
 ( #7851, #3412, #4620, #1998, #5898, #7283, #5978, #1395, #2769, #6414 ),
 .UNSPECIFIED., .F., .F.,
 ( 4, 2, 2, 2, 4 ),
 ( 1.430489624538199204E-17, 0.002709209854430399880, 0.005418419708860785014, 0.008127629563291171449, 0.01083683941772155615 ),
 .UNSPECIFIED. ) ;
#5450 = CARTESIAN_POINT ( 'NONE',  ( 107.1078043887586659, 6.395238045706112651, -68.78127442998012953 ) ) ;
#5451 = DIRECTION ( 'NONE',  ( 0.000000000000000000, 0.8660254037844385966, -0.5000000000000001110 ) ) ;
#5452 = VERTEX_POINT ( 'NONE', #4689 ) ;
#5453 = VERTEX_POINT ( 'NONE', #5366 ) ;
#5454 = DIRECTION ( 'NONE',  ( 0.000000000000000000, 0.000000000000000000, -1.000000000000000000 ) ) ;
#5455 = B_SPLINE_CURVE_WITH_KNOTS ( 'NONE', 3,
 ( #5133, #5862, #2690, #7900, #5184 ),
 .UNSPECIFIED., .F., .F.,
 ( 4, 1, 4 ),
 ( 0.0001635823284174622860, 0.003928873104656005477, 0.007694163880894548668 ),
 .UNSPECIFIED. ) ;
#5456 = CARTESIAN_POINT ( 'NONE',  ( 10.94621866281031330, 53.40346721712232636, -28.25070695062477810 ) ) ;
#5457 = CARTESIAN_POINT ( 'NONE',  ( 58.50000000000000711, 52.00000000000000711, -65.61091270347398563 ) ) ;
#5458 = CARTESIAN_POINT ( 'NONE',  ( 132.2591507182167163, 144.6058513068729496, -20.10805604901219823 ) ) ;
#5459 = AXIS2_PLACEMENT_3D ( 'NONE', #3488, #8097, #7407 ) ;
#5460 = CARTESIAN_POINT ( 'NONE',  ( 37.54268651641240240, 69.22045390349596516, -10.26859957557384107 ) ) ;
#5461 = EDGE_CURVE ( 'NONE', #8234, #6184, #6492, .T. ) ;
#5462 = EDGE_CURVE ( 'NONE', #5535, #401, #7320, .T. ) ;
#5463 = ORIENTED_EDGE ( 'NONE', *, *, #432, .T. ) ;
#5464 = CARTESIAN_POINT ( 'NONE',  ( 49.50000000000000000, 39.90000000000001279, -40.59999999999996589 ) ) ;
#5465 = FACE_OUTER_BOUND ( 'NONE', #318, .T. ) ;
#5466 = ORIENTED_EDGE ( 'NONE', *, *, #2015, .T. ) ;
#5467 = CARTESIAN_POINT ( 'NONE',  ( 86.07031999148074419, 6.533826249074395243, -6.120016912475904292 ) ) ;
#5468 = CARTESIAN_POINT ( 'NONE',  ( 45.07009334330654582, 10.77745334863947058, -31.80369082593057684 ) ) ;
#5469 = CARTESIAN_POINT ( 'NONE',  ( 0.0001381688940651874808, 172.8164101255486287, -39.38033520508411556 ) ) ;
#5470 = CARTESIAN_POINT ( 'NONE',  ( 19.69284581012010094, 17.04156036163979948, -26.73420917360654414 ) ) ;
#5471 = ADVANCED_FACE ( 'NONE', ( #4812 ), #7713, .T. ) ;
#5472 = B_SPLINE_CURVE_WITH_KNOTS ( 'NONE', 3,
 ( #395, #4979, #6086, #6759, #4247, #908, #7571, #6839, #6203, #1714, #2838, #348, #2960, #5577, #8180, #2785, #4031, #4759, #2828, #6669 ),
 .UNSPECIFIED., .F., .F.,
 ( 4, 2, 2, 2, 2, 2, 2, 2, 2, 4 ),
 ( -0.03084997238458940527, -0.02840255166485327470, -0.02595513094511714761, -0.02106028950564492810, -0.01127060662670053420, -0.001480923747756140302, 0.003413917691716027158, 0.008308759131188198088, 0.02788812488907690956, 0.04746749064696560716 ),
 .UNSPECIFIED. ) ;
#5473 = DIRECTION ( 'NONE',  ( 0.000000000000000000, -0.3061573400062183037, -0.9519809258384943629 ) ) ;
#5474 = CARTESIAN_POINT ( 'NONE',  ( 89.71292872905583238, 48.39999999999997726, -69.21091270347399416 ) ) ;
#5475 = CARTESIAN_POINT ( 'NONE',  ( 44.01665069170026356, 6.250601801711918704, -6.119030301723390686 ) ) ;
#5476 = EDGE_CURVE ( 'NONE', #735, #619, #5137, .T. ) ;
#5477 = CARTESIAN_POINT ( 'NONE',  ( 22.30397389060212276, 101.5367985113062304, -85.84295298570032173 ) ) ;
#5478 = ORIENTED_EDGE ( 'NONE', *, *, #7160, .F. ) ;
#5479 = DIRECTION ( 'NONE',  ( 0.000000000000000000, -1.000000000000000000, -3.154042683594194134E-16 ) ) ;
#5480 = CARTESIAN_POINT ( 'NONE',  ( 13.58927307202342227, 122.9882835651286825, -4.932430745489258861 ) ) ;
#5481 = CARTESIAN_POINT ( 'NONE',  ( 116.3350148243728626, 40.46790983759447613, -86.88882783107146679 ) ) ;
#5482 = DIRECTION ( 'NONE',  ( 0.000000000000000000, 0.9829253934416056770, 0.1840045405082833541 ) ) ;
#5483 = CARTESIAN_POINT ( 'NONE',  ( 25.50000000000000355, 101.5000000000000000, -69.50000000000000000 ) ) ;
#5484 = CARTESIAN_POINT ( 'NONE',  ( -1.795293277983506242, 160.2028821158816925, -25.00335016413613332 ) ) ;
#5485 = CARTESIAN_POINT ( 'NONE',  ( 110.1427382047086923, 190.0637108773062494, -49.50766635085334144 ) ) ;
#5486 = CARTESIAN_POINT ( 'NONE',  ( 24.96339184290353685, 0.1080507303819206455, -88.90526549952441826 ) ) ;
#5487 = CARTESIAN_POINT ( 'NONE',  ( 58.50000000000000711, 8.000000000000000000, -65.61091270347399984 ) ) ;
#5488 = CARTESIAN_POINT ( 'NONE',  ( 129.9155912558219654, 176.5117797936895840, -14.18606163377162943 ) ) ;
#5489 = CARTESIAN_POINT ( 'NONE',  ( 84.05044066511835865, -0.09290418202781167145, -88.79727559718642738 ) ) ;
#5490 = CARTESIAN_POINT ( 'NONE',  ( 25.50000000000000355, 87.34000000000000341, -79.15075127718137082 ) ) ;
#5491 = FACE_BOUND ( 'NONE', #961, .T. ) ;
#5492 = ORIENTED_EDGE ( 'NONE', *, *, #6923, .F. ) ;
#5493 = CIRCLE ( 'NONE', #836, 5.000000000000004441 ) ;
#5494 = CARTESIAN_POINT ( 'NONE',  ( 10.91899307249567386, 53.31269927664416031, -31.64078754193311482 ) ) ;
#5495 = ORIENTED_EDGE ( 'NONE', *, *, #4836, .T. ) ;
#5496 = CARTESIAN_POINT ( 'NONE',  ( 129.4922182769449535, 175.2149096455022175, -19.51232198170119148 ) ) ;
#5497 = DIRECTION ( 'NONE',  ( -1.000000000000000000, -0.000000000000000000, -0.000000000000000000 ) ) ;
#5498 = CARTESIAN_POINT ( 'NONE',  ( 18.99999272355231739, 151.0999953997165335, -32.77756813566458050 ) ) ;
#5499 = CARTESIAN_POINT ( 'NONE',  ( 112.3041288951239380, 152.3650908001904725, -0.9704844904644688297 ) ) ;
#5500 = FACE_OUTER_BOUND ( 'NONE', #3168, .T. ) ;
#5501 = EDGE_LOOP ( 'NONE', ( #4089, #1563, #3015, #5691 ) ) ;
#5502 = DIRECTION ( 'NONE',  ( 0.000000000000000000, 0.000000000000000000, 1.000000000000000000 ) ) ;
#5503 = CARTESIAN_POINT ( 'NONE',  ( 10.24836628249363812, 56.63098656111185392, -32.93026515384636355 ) ) ;
#5504 = ORIENTED_EDGE ( 'NONE', *, *, #4565, .T. ) ;
#5505 = ADVANCED_FACE ( 'NONE', ( #7488 ), #7528, .F. ) ;
#5506 = ADVANCED_FACE ( 'NONE', ( #7573, #1034, #1716, #8092, #909 ), #6841, .T. ) ;
#5507 = CARTESIAN_POINT ( 'NONE',  ( 106.4758471027944182, 4.412740566542331599, -26.16062237193001394 ) ) ;
#5508 = CARTESIAN_POINT ( 'NONE',  ( 118.8106577468669656, 52.00000000003000622, -29.46398229793297929 ) ) ;
#5509 = CARTESIAN_POINT ( 'NONE',  ( -1.527264586766978072, 162.9182837076628516, -26.78935832370088121 ) ) ;
#5510 = PLANE ( 'NONE',  #3490 ) ;
#5511 = ORIENTED_EDGE ( 'NONE', *, *, #9, .F. ) ;
#5512 = CARTESIAN_POINT ( 'NONE',  ( 56.50000000000000000, 38.64580823289530542, -44.99999999999996447 ) ) ;
#5513 = CARTESIAN_POINT ( 'NONE',  ( 18.06383218907720334, 134.3151137807091970, -0.6987798589201614785 ) ) ;
#5514 = CARTESIAN_POINT ( 'NONE',  ( 25.12057428350749433, -0.3558807771747893867, -6.107491087563056809 ) ) ;
#5515 = CARTESIAN_POINT ( 'NONE',  ( 3.326165541814136262, 96.14817995262056627, -85.18452208848378859 ) ) ;
#5516 = ORIENTED_EDGE ( 'NONE', *, *, #3645, .T. ) ;
#5517 = CARTESIAN_POINT ( 'NONE',  ( 113.9377868761685733, 123.0162579087938610, -90.64064820925391075 ) ) ;
#5518 = CARTESIAN_POINT ( 'NONE',  ( 1.672882666554208919, 125.2259570800064665, -13.66552554852322743 ) ) ;
#5519 = CARTESIAN_POINT ( 'NONE',  ( 128.7636969057809040, 109.6387435397036114, -67.39098135121555799 ) ) ;
#5520 = CARTESIAN_POINT ( 'NONE',  ( 17.82114002028373534, 161.9044448092790276, -90.92703360741515439 ) ) ;
#5521 = AXIS2_PLACEMENT_3D ( 'NONE', #4757, #4030, #6789 ) ;
#5522 = PLANE ( 'NONE',  #3476 ) ;
#5523 = EDGE_CURVE ( 'NONE', #4692, #4968, #2918, .T. ) ;
#5524 = CARTESIAN_POINT ( 'NONE',  ( 26.56999054630553658, 78.34000000000001762, -10.50991754977235182 ) ) ;
#5525 = CARTESIAN_POINT ( 'NONE',  ( 37.54268651639599597, 74.62654356742478967, -19.19071236384241530 ) ) ;
#5526 = CARTESIAN_POINT ( 'NONE',  ( 45.94956793669171446, -0.09290607843759335349, -88.79727554157449276 ) ) ;
#5527 = CARTESIAN_POINT ( 'NONE',  ( 53.00000000000000711, 39.90000000000001279, -54.39999999999996305 ) ) ;
#5528 = CARTESIAN_POINT ( 'NONE',  ( 112.0628776147957808, 165.6322202214360004, -5.908737014476536764 ) ) ;
#5529 = CARTESIAN_POINT ( 'NONE',  ( 114.3700000000000045, 142.5999999999999943, -47.50000000000000000 ) ) ;
#5530 = CARTESIAN_POINT ( 'NONE',  ( 15.00000000000000000, 142.5999999999999943, -47.50000000000000000 ) ) ;
#5531 = CARTESIAN_POINT ( 'NONE',  ( 25.54299050269620608, 85.77739172359449071, -79.44493812043582182 ) ) ;
#5532 = B_SPLINE_CURVE_WITH_KNOTS ( 'NONE', 3,
 ( #495, #3113, #5724, #4052, #1993, #7201, #3282, #8018, #6011, #4007, #4614, #828, #7892, #2766, #2040, #3452, #4658, #670, #3366, #1427, #4777, #7367, #6646, #5410, #1352, #790, #5894, #27, #7242, #2725, #3409, #152, #2076, #5975, #5371, #3967, #7970, #2114, #4732, #3322, #7328, #1469, #2159, #4091, #6607, #1510, #6525, #1391, #68, #2638, #5255, #7847, #6051, #6566, #6685, #708, #5931, #2681 ),
 .UNSPECIFIED., .F., .F.,
 ( 4, 2, 2, 2, 2, 2, 2, 2, 2, 2, 2, 2, 2, 2, 2, 2, 2, 2, 2, 2, 2, 2, 2, 2, 2, 2, 2, 2, 4 ),
 ( 0.000000000000000000, 0.004404285718129266960, 0.006606428577193900441, 0.008808571436258533921, 0.01321285715438786160, 0.01431392858392014321, 0.01541500001345242656, 0.01761714287251693253, 0.02202142859064591326, 0.02312250002017815845, 0.02422357144971040016, 0.02642571430877490787, 0.02862785716783941559, 0.02972892859737166771, 0.03083000002690391289, 0.03523428574503293526, 0.03743642860409745338, 0.03853750003362971244, 0.03963857146316197150, 0.04404285718129103550, 0.04624500004035556749, 0.04844714289942010643, 0.05285142861754914961, 0.05725571433567819973, 0.05945785719474272479, 0.06166000005380724291, 0.06606428577193630691, 0.06826642863100082503, 0.07046857149006535703 ),
 .UNSPECIFIED. ) ;
#5533 = CIRCLE ( 'NONE', #3901, 2.099999999999994316 ) ;
#5534 = FACE_OUTER_BOUND ( 'NONE', #6210, .T. ) ;
#5535 = VERTEX_POINT ( 'NONE', #2237 ) ;
#5536 = CARTESIAN_POINT ( 'NONE',  ( 10.57580962196068874, 54.99974857134445472, -32.89764011309281244 ) ) ;
#5537 = VERTEX_POINT ( 'NONE', #6881 ) ;
#5538 = CARTESIAN_POINT ( 'NONE',  ( 118.8106577468607838, 52.00000000000005684, -19.51232198170120569 ) ) ;
#5539 = VECTOR ( 'NONE', #5209, 1000.000000000000000 ) ;
#5540 = AXIS2_PLACEMENT_3D ( 'NONE', #1511, #1554, #957 ) ;
#5541 = ORIENTED_EDGE ( 'NONE', *, *, #6352, .F. ) ;
#5542 = CARTESIAN_POINT ( 'NONE',  ( 20.50923802431886855, 14.18482035667159558, -26.55627700421410964 ) ) ;
#5543 = EDGE_CURVE ( 'NONE', #5891, #3376, #6205, .T. ) ;
#5544 = CARTESIAN_POINT ( 'NONE',  ( 104.2677055602760419, 85.28691859114186968, -84.55924403045513316 ) ) ;
#5545 = CARTESIAN_POINT ( 'NONE',  ( 112.2683077106578935, 157.2333995052602518, -2.298962624576316394 ) ) ;
#5546 = CARTESIAN_POINT ( 'NONE',  ( 44.79731916224375254, 74.91690096721087855, -80.40768512218834019 ) ) ;
#5547 = CARTESIAN_POINT ( 'NONE',  ( 112.1145054761575182, 139.2757599421431394, 9.784924606681679095E-15 ) ) ;
#5548 = EDGE_LOOP ( 'NONE', ( #1050, #3486, #1780, #665, #1881, #5754, #5971 ) ) ;
#5549 = CARTESIAN_POINT ( 'NONE',  ( -0.6052198077594059811, 123.0745219654261433, -58.77680705726900356 ) ) ;
#5550 = CIRCLE ( 'NONE', #8412, 15.00000000000000000 ) ;
#5551 = CARTESIAN_POINT ( 'NONE',  ( 11.38358000015196403, 51.06458867573716276, -59.82404599838143611 ) ) ;
#5552 = EDGE_LOOP ( 'NONE', ( #7666, #5281, #1005, #5363, #4371 ) ) ;
#5553 = CARTESIAN_POINT ( 'NONE',  ( 121.9707102127990765, 68.15359530560263579, -10.28502320986716256 ) ) ;
#5554 = LINE ( 'NONE', #4917, #3668 ) ;
#5555 = CARTESIAN_POINT ( 'NONE',  ( 18.92362654460131210, 181.3085288332949858, -19.95149346564744519 ) ) ;
#5556 = DIRECTION ( 'NONE',  ( 0.000000000000000000, 0.000000000000000000, -1.000000000000000000 ) ) ;
#5557 = AXIS2_PLACEMENT_3D ( 'NONE', #7557, #1060, #326 ) ;
#5558 = EDGE_CURVE ( 'NONE', #1373, #4833, #7722, .T. ) ;
#5559 = EDGE_LOOP ( 'NONE', ( #577, #7238 ) ) ;
#5560 = ADVANCED_FACE ( 'NONE', ( #6294, #437 ), #5925, .T. ) ;
#5561 = CARTESIAN_POINT ( 'NONE',  ( 126.0000000000000000, 142.5999999999999943, -24.99999999999999289 ) ) ;
#5562 = FACE_OUTER_BOUND ( 'NONE', #3008, .T. ) ;
#5563 = CARTESIAN_POINT ( 'NONE',  ( 45.89268509371234472, 0.08425085622414019149, -6.197547368985756755 ) ) ;
#5564 = CARTESIAN_POINT ( 'NONE',  ( 2.541596568279607116, 101.1637864916679490, -66.02535181489874105 ) ) ;
#5565 = VERTEX_POINT ( 'NONE', #477 ) ;
#5566 = CARTESIAN_POINT ( 'NONE',  ( 111.3971508090968285, 123.1921976565187151, -90.85420634951542240 ) ) ;
#5567 = B_SPLINE_CURVE_WITH_KNOTS ( 'NONE', 3,
 ( #5895, #626, #5301, #6400 ),
 .UNSPECIFIED., .F., .F.,
 ( 4, 4 ),
 ( 0.04023352123612831260, 0.04040974542495875954 ),
 .UNSPECIFIED. ) ;
#5568 = CARTESIAN_POINT ( 'NONE',  ( 2.016104066390475680, 125.0538738431294092, -13.14625933805917235 ) ) ;
#5569 = CARTESIAN_POINT ( 'NONE',  ( 109.7765750899561255, 113.4040315172468780, -88.02685274962358619 ) ) ;
#5570 = CARTESIAN_POINT ( 'NONE',  ( 25.92216224126968172, 84.55413999093855182, -81.58789958938064046 ) ) ;
#5571 = DIRECTION ( 'NONE',  ( 0.000000000000000000, -1.577021341797097314E-16, -1.000000000000000000 ) ) ;
#5572 = CARTESIAN_POINT ( 'NONE',  ( -1.884727855290608156, 159.0871229418902146, -70.60978195635522070 ) ) ;
#5573 = CARTESIAN_POINT ( 'NONE',  ( 111.6743240803716191, 173.5391251518586841, -83.67199946964895219 ) ) ;
#5574 = AXIS2_PLACEMENT_3D ( 'NONE', #2970, #958, #8099 ) ;
#5575 = CARTESIAN_POINT ( 'NONE',  ( 44.07195982638450005, 6.070343472787970818, -88.88136431994803388 ) ) ;
#5576 = CARTESIAN_POINT ( 'NONE',  ( 130.4689342042676969, 170.3171431147510759, -60.47733124530597593 ) ) ;
#5577 = CARTESIAN_POINT ( 'NONE',  ( 126.2943664032114839, 93.76013377923079872, -29.80100640054425654 ) ) ;
#5578 = CYLINDRICAL_SURFACE ( 'NONE', #5870, 2.149999999999999023 ) ;
#5579 = CARTESIAN_POINT ( 'NONE',  ( 26.40364665694790602, 83.39797786703464055, -82.56550137966583236 ) ) ;
#5580 = LINE ( 'NONE', #1037, #5043 ) ;
#5581 = ORIENTED_EDGE ( 'NONE', *, *, #1238, .T. ) ;
#5582 = FACE_OUTER_BOUND ( 'NONE', #2200, .T. ) ;
#5583 = ORIENTED_EDGE ( 'NONE', *, *, #274, .T. ) ;
#5584 = CARTESIAN_POINT ( 'NONE',  ( 18.38052774201037920, 21.96648357673386798, -69.50000000000007105 ) ) ;
#5585 = AXIS2_PLACEMENT_3D ( 'NONE', #897, #138, #7308 ) ;
#5586 = VERTEX_POINT ( 'NONE', #1846 ) ;
#5587 = EDGE_CURVE ( 'NONE', #4881, #2223, #3358, .T. ) ;
#5588 = CARTESIAN_POINT ( 'NONE',  ( 24.76125675825123196, 0.7046623241890578315, -26.12222182123760916 ) ) ;
#5589 = CARTESIAN_POINT ( 'NONE',  ( 102.2774199619126136, 81.38928567164153094, -84.48994658306934014 ) ) ;
#5590 = CARTESIAN_POINT ( 'NONE',  ( 131.3006885284680152, 128.8253039440580210, -2.004224979054961331 ) ) ;
#5591 = LINE ( 'NONE', #6851, #3079 ) ;
#5592 = AXIS2_PLACEMENT_3D ( 'NONE', #3823, #8437, #7792 ) ;
#5593 = CARTESIAN_POINT ( 'NONE',  ( 3.999993573604119224, 142.5999999999999943, -47.50000000000000000 ) ) ;
#5594 = ORIENTED_EDGE ( 'NONE', *, *, #5937, .T. ) ;
#5595 = CARTESIAN_POINT ( 'NONE',  ( -1.760350832407472144, 134.6489344735930445, -68.56100618572104111 ) ) ;
#5596 = CARTESIAN_POINT ( 'NONE',  ( 9.955147962338477541, 58.11072847208725278, -31.98047255815573209 ) ) ;
#5597 = ORIENTED_EDGE ( 'NONE', *, *, #1058, .F. ) ;
#5598 = CARTESIAN_POINT ( 'NONE',  ( 131.0013676446957334, 126.5141572984284579, -23.39621666759936147 ) ) ;
#5599 = LINE ( 'NONE', #928, #2842 ) ;
#5600 = CARTESIAN_POINT ( 'NONE',  ( 18.97640885056661020, 181.8877346151751908, -20.78367491493238006 ) ) ;
#5601 = CARTESIAN_POINT ( 'NONE',  ( 52.50000000000000711, 0.000000000000000000, -27.05991754977236141 ) ) ;
#5602 = ORIENTED_EDGE ( 'NONE', *, *, #4543, .T. ) ;
#5603 = CARTESIAN_POINT ( 'NONE',  ( 46.24779411546690255, 74.77421613221787311, -80.03045916837695017 ) ) ;
#5604 = DIRECTION ( 'NONE',  ( 0.000000000000000000, 0.000000000000000000, 1.000000000000000000 ) ) ;
#5605 = LINE ( 'NONE', #8251, #1765 ) ;
#5606 = CARTESIAN_POINT ( 'NONE',  ( 11.51964575047503381, 50.26789958208740927, -65.60912703486074804 ) ) ;
#5607 = VERTEX_POINT ( 'NONE', #3218 ) ;
#5608 = CARTESIAN_POINT ( 'NONE',  ( 128.9544477858456162, 125.5837771083699863, -80.27878121117790045 ) ) ;
#5609 = CIRCLE ( 'NONE', #3009, 3.600000000000005862 ) ;
#5610 = CARTESIAN_POINT ( 'NONE',  ( 114.3700000000000045, 142.5999999999999943, -51.64999999999999147 ) ) ;
#5611 = CARTESIAN_POINT ( 'NONE',  ( 125.7031575920839543, 90.07357746801642406, -64.91498288531531102 ) ) ;
#5612 = DIRECTION ( 'NONE',  ( 0.000000000000000000, 1.000000000000000000, 0.000000000000000000 ) ) ;
#5613 = CARTESIAN_POINT ( 'NONE',  ( 49.50000000000000000, 39.90000000000001279, -57.39999999999996305 ) ) ;
#5614 = DIRECTION ( 'NONE',  ( -0.000000000000000000, 1.000000000000000000, 0.000000000000000000 ) ) ;
#5615 = CARTESIAN_POINT ( 'NONE',  ( 112.2773516979391815, 147.9385248261849881, -94.70528390439299926 ) ) ;
#5616 = ADVANCED_FACE ( 'NONE', ( #2494 ), #4324, .T. ) ;
#5617 = CARTESIAN_POINT ( 'NONE',  ( 27.09255878847775634, -6.176287565291803006, -88.62503952759362846 ) ) ;
#5618 = CARTESIAN_POINT ( 'NONE',  ( 131.2231788518191991, 165.4042316474399570, -66.17202070302229799 ) ) ;
#5619 = CARTESIAN_POINT ( 'NONE',  ( 18.99999293356524532, 148.9999953997165392, -62.22243186433541950 ) ) ;
#5620 = CARTESIAN_POINT ( 'NONE',  ( 111.7702380224914123, 41.26168750109268757, -90.00999351229897627 ) ) ;
#5621 = CARTESIAN_POINT ( 'NONE',  ( 25.77867712467368122, 85.04262322117683937, -81.16515764456239879 ) ) ;
#5622 = CARTESIAN_POINT ( 'NONE',  ( 39.45035220873366200, 11.02647002806915388, -31.46371767151272891 ) ) ;
#5623 = EDGE_LOOP ( 'NONE', ( #6909, #133 ) ) ;
#5624 = CARTESIAN_POINT ( 'NONE',  ( 10.56317796728292002, 56.03347778739696139, -27.00991754977073711 ) ) ;
#5625 = ORIENTED_EDGE ( 'NONE', *, *, #5076, .T. ) ;
#5626 = DIRECTION ( 'NONE',  ( 0.000000000000000000, -1.000000000000000000, 0.000000000000000000 ) ) ;
#5627 = EDGE_LOOP ( 'NONE', ( #3153, #4274, #5886, #538 ) ) ;
#5628 = CARTESIAN_POINT ( 'NONE',  ( 42.39589333293313445, -2.000000000000000000, -31.53908729652599163 ) ) ;
#5629 = CARTESIAN_POINT ( 'NONE',  ( 98.67214595172416125, 78.91240148058537329, -84.48670974813848034 ) ) ;
#5630 = AXIS2_PLACEMENT_3D ( 'NONE', #4800, #7388, #1532 ) ;
#5631 = CARTESIAN_POINT ( 'NONE',  ( 49.50000000000000000, 74.00062210102478844, -77.12743111950285879 ) ) ;
#5632 = CARTESIAN_POINT ( 'NONE',  ( 33.45403572500303824, 45.41030054265509364, -8.540664952302851276 ) ) ;
#5633 = VERTEX_POINT ( 'NONE', #3264 ) ;
#5634 = CARTESIAN_POINT ( 'NONE',  ( -0.9084190734167333359, 125.6805529184223928, -62.35026853302213112 ) ) ;
#5635 = CARTESIAN_POINT ( 'NONE',  ( 9.887120431174237112, 58.45644064961952324, -31.49104326073110016 ) ) ;
#5636 = VERTEX_POINT ( 'NONE', #5880 ) ;
#5637 = CARTESIAN_POINT ( 'NONE',  ( 125.4994886930907256, 88.76935826946174757, -10.41734603968781769 ) ) ;
#5638 = DIRECTION ( 'NONE',  ( 0.000000000000000000, 1.000000000000000000, -4.625929269271485914E-16 ) ) ;
#5639 = CARTESIAN_POINT ( 'NONE',  ( 19.28062981602031556, 185.0085559088595630, -26.00914271569361702 ) ) ;
#5640 = CARTESIAN_POINT ( 'NONE',  ( 87.60409755359897588, 98.00000000000000000, -29.38908729652600016 ) ) ;
#5641 = DIRECTION ( 'NONE',  ( 0.000000000000000000, -1.000000000000000000, -6.308085367188389255E-16 ) ) ;
#5642 = CYLINDRICAL_SURFACE ( 'NONE', #2131, 47.50000000000000711 ) ;
#5643 = CARTESIAN_POINT ( 'NONE',  ( 27.35438386437478187, -6.949076826679659646, -6.403780756092544379 ) ) ;
#5644 = CARTESIAN_POINT ( 'NONE',  ( 35.35334483790787630, 70.24991718008574537, -10.31208152659440813 ) ) ;
#5645 = ORIENTED_EDGE ( 'NONE', *, *, #2588, .F. ) ;
#5646 = DIRECTION ( 'NONE',  ( -1.000000000000000000, 0.000000000000000000, 0.000000000000000000 ) ) ;
#5647 = DIRECTION ( 'NONE',  ( 0.000000000000000000, 0.000000000000000000, 1.000000000000000000 ) ) ;
#5648 = CARTESIAN_POINT ( 'NONE',  ( 86.15367860491460306, 6.805544161165328454, -88.87874191625098774 ) ) ;
#5649 = PLANE ( 'NONE',  #5323 ) ;
#5650 = CARTESIAN_POINT ( 'NONE',  ( 58.50000000000000711, 52.00000000000001421, -8.200510977344908990E-15 ) ) ;
#5651 = CARTESIAN_POINT ( 'NONE',  ( 3.999992723552392437, 151.0999938996241667, -62.22243186433541950 ) ) ;
#5652 = CARTESIAN_POINT ( 'NONE',  ( 58.50000000000000711, 18.69454364826299653, -18.69454364826301074 ) ) ;
#5653 = CARTESIAN_POINT ( 'NONE',  ( 24.89605656425362312, 0.3072301908938263049, -68.87898132248623995 ) ) ;
#5654 = EDGE_CURVE ( 'NONE', #7719, #2467, #755, .T. ) ;
#5655 = CARTESIAN_POINT ( 'NONE',  ( 131.4112019316063993, 163.9256028994207384, -67.44470873676593214 ) ) ;
#5656 = FACE_OUTER_BOUND ( 'NONE', #5077, .T. ) ;
#5657 = AXIS2_PLACEMENT_3D ( 'NONE', #4285, #8083, #984 ) ;
#5658 = LINE ( 'NONE', #7572, #1479 ) ;
#5659 = CARTESIAN_POINT ( 'NONE',  ( 26.84008277626307404, 82.60522359110964885, -83.21572783214085689 ) ) ;
#5660 = CARTESIAN_POINT ( 'NONE',  ( -1.261717694315891647, 165.0999933734218530, -46.03095000296882944 ) ) ;
#5661 = ORIENTED_EDGE ( 'NONE', *, *, #819, .F. ) ;
#5662 = EDGE_CURVE ( 'NONE', #5679, #8066, #4475, .T. ) ;
#5663 = CARTESIAN_POINT ( 'NONE',  ( 10.13741636146102110, 57.79048499895700530, -27.72246924404253576 ) ) ;
#5664 = ORIENTED_EDGE ( 'NONE', *, *, #333, .F. ) ;
#5665 = LINE ( 'NONE', #1042, #102 ) ;
#5666 = ORIENTED_EDGE ( 'NONE', *, *, #584, .T. ) ;
#5667 = CARTESIAN_POINT ( 'NONE',  ( 32.65606830452865950, 74.26002270251785831, -19.27369306408560945 ) ) ;
#5668 = CARTESIAN_POINT ( 'NONE',  ( 131.5917563075665839, 162.3148569652166202, -68.63785252144906224 ) ) ;
#5669 = B_SPLINE_CURVE_WITH_KNOTS ( 'NONE', 3,
 ( #7072, #4993, #2421, #2508, #5632, #1816, #2465, #6348, #5120, #535, #7584, #3152, #1776, #3020 ),
 .UNSPECIFIED., .F., .F.,
 ( 4, 2, 2, 2, 2, 2, 4 ),
 ( 0.04604487738784995843, 0.06617387223541519592, 0.08630286708298040566, 0.1064318619305456293, 0.1164963593543282411, 0.1215286080662195262, 0.1265608567781108251 ),
 .UNSPECIFIED. ) ;
#5670 = DIRECTION ( 'NONE',  ( 0.000000000000000000, -1.000000000000000000, 0.000000000000000000 ) ) ;
#5671 = DIRECTION ( 'NONE',  ( -0.9659258262890683122, 0.000000000000000000, 0.2588190451025206840 ) ) ;
#5672 = AXIS2_PLACEMENT_3D ( 'NONE', #4634, #5909, #4785 ) ;
#5673 = ORIENTED_EDGE ( 'NONE', *, *, #5729, .T. ) ;
#5674 = ADVANCED_FACE ( 'NONE', ( #6382 ), #6974, .F. ) ;
#5675 = CARTESIAN_POINT ( 'NONE',  ( -1.484360797115287900, 131.3432238272368977, -66.98516606812985685 ) ) ;
#5676 = VECTOR ( 'NONE', #3495, 1000.000000000000000 ) ;
#5677 = CARTESIAN_POINT ( 'NONE',  ( 111.0000000000000000, 151.1000000000000796, -60.12243186433541098 ) ) ;
#5678 = AXIS2_PLACEMENT_3D ( 'NONE', #3444, #2151, #2234 ) ;
#5679 = VERTEX_POINT ( 'NONE', #4425 ) ;
#5680 = CARTESIAN_POINT ( 'NONE',  ( 130.0096137702048793, 118.0639969167125400, -5.764444351761428997 ) ) ;
#5681 = CARTESIAN_POINT ( 'NONE',  ( 130.0000000000000000, 142.5999999999999943, -47.50000000000000000 ) ) ;
#5682 = CARTESIAN_POINT ( 'NONE',  ( -2.065295700249658140, 139.3258540365422959, -0.09118745770234669423 ) ) ;
#5683 = EDGE_CURVE ( 'NONE', #6776, #2112, #3788, .T. ) ;
#5684 = CARTESIAN_POINT ( 'NONE',  ( 3.999993573604729846, 142.5999938996241383, -47.50000000000000000 ) ) ;
#5685 = EDGE_CURVE ( 'NONE', #7530, #481, #5779, .T. ) ;
#5686 = DIRECTION ( 'NONE',  ( 0.000000000000000000, 0.000000000000000000, 1.000000000000000000 ) ) ;
#5687 = EDGE_LOOP ( 'NONE', ( #4859, #997, #15, #4343 ) ) ;
#5688 = CARTESIAN_POINT ( 'NONE',  ( -0.01229248301416288255, 126.3488075942914861, -78.10109057109563935 ) ) ;
#5689 = CARTESIAN_POINT ( 'NONE',  ( 11.42943710195740081, 50.82873121235481051, -29.41886083717747979 ) ) ;
#5690 = CARTESIAN_POINT ( 'NONE',  ( 34.79313852608834878, 71.56247053042291384, -10.36201624185511605 ) ) ;
#5691 = ORIENTED_EDGE ( 'NONE', *, *, #2992, .F. ) ;
#5692 = CIRCLE ( 'NONE', #5291, 11.25000000000000355 ) ;
#5693 = CARTESIAN_POINT ( 'NONE',  ( -1.915045457845013788, 158.6832289523561883, -70.82141678937445306 ) ) ;
#5694 = CARTESIAN_POINT ( 'NONE',  ( 131.2140990636001163, 128.5372337551832231, -72.39936886090805501 ) ) ;
#5695 = CARTESIAN_POINT ( 'NONE',  ( 19.85973465361908552, 190.0837242375548044, -46.25664464779708851 ) ) ;
#5696 = EDGE_CURVE ( 'NONE', #7449, #324, #7398, .T. ) ;
#5697 = CARTESIAN_POINT ( 'NONE',  ( 105.1335304519503779, 0.3948184670068796143, -88.91207277938256937 ) ) ;
#5698 = DIRECTION ( 'NONE',  ( 0.2588190451025091932, -0.000000000000000000, 0.9659258262890714208 ) ) ;
#5699 = CARTESIAN_POINT ( 'NONE',  ( 42.31286937385257829, 20.06929233276886393, -69.21091270347399416 ) ) ;
#5700 = CARTESIAN_POINT ( 'NONE',  ( 131.8898324640240105, 159.0201264423527050, -32.09976303095985628 ) ) ;
#5701 =( BOUNDED_SURFACE ( )  B_SPLINE_SURFACE ( 3, 2, ( 
 ( #7191, #1339, #1298 ),
 ( #656, #3955, #5114 ),
 ( #4476, #6555, #8442 ),
 ( #3268, #612, #16 ),
 ( #2628, #698, #3310 ),
 ( #5920, #3146, #1167 ),
 ( #529, #6387, #177 ),
 ( #4719, #3396, #2791 ),
 ( #6122, #8046, #816 ),
 ( #7961, #7312, #7922 ) ),
 .UNSPECIFIED., .F., .F., .F. ) 
 B_SPLINE_SURFACE_WITH_KNOTS ( ( 4, 2, 2, 2, 4 ),
 ( 3, 3 ),
 ( 0.3571001794345294300, 0.6605242162746212120, 0.9639482531147129940, 1.267372289954804776, 1.570796326794896558 ),
 ( 0.000000000000000000, 1.000000000000000000 ),
 .UNSPECIFIED. ) 
 GEOMETRIC_REPRESENTATION_ITEM ( )  RATIONAL_B_SPLINE_SURFACE ( (
 ( 1.000000000000000000, 0.8021356576177013364, 1.000000000000000000),
 ( 1.000000000000000000, 0.7987649045365456946, 1.000000000000000000),
 ( 1.000000000000000000, 0.7939881095002866429, 1.000000000000000000),
 ( 1.000000000000000000, 0.7819328823254846350, 1.000000000000000000),
 ( 1.000000000000000000, 0.7746514667433784807, 1.000000000000000000),
 ( 1.000000000000000000, 0.7580557848296999301, 1.000000000000000000),
 ( 1.000000000000000000, 0.7487413710204416928, 1.000000000000000000),
 ( 1.000000000000000000, 0.7287406908561308017, 1.000000000000000000),
 ( 1.000000000000000000, 0.7180574693981853773, 1.000000000000000000),
 ( 1.000000000000000000, 0.7071067811865480168, 1.000000000000000000) ) ) 
 REPRESENTATION_ITEM ( '' )  SURFACE ( )  );
#5702 = PLANE ( 'NONE',  #3637 ) ;
#5703 = AXIS2_PLACEMENT_3D ( 'NONE', #5889, #7930, #2675 ) ;
#5704 = CIRCLE ( 'NONE', #2012, 4.149999999999987033 ) ;
#5705 = CARTESIAN_POINT ( 'NONE',  ( 126.5025056447318264, 189.5376881166249063, -55.05109838022329427 ) ) ;
#5706 = CARTESIAN_POINT ( 'NONE',  ( 21.85520413852142241, 9.744214045254219414, -61.55789959803618672 ) ) ;
#5707 = DIRECTION ( 'NONE',  ( 0.000000000000000000, 0.000000000000000000, 1.000000000000000000 ) ) ;
#5708 = CARTESIAN_POINT ( 'NONE',  ( 8.332998138442295755, 64.95497201997339687, -75.50843114384169041 ) ) ;
#5709 = CARTESIAN_POINT ( 'NONE',  ( 38.78967702558733066, 12.95530511040161770, -29.35498600668061187 ) ) ;
#5710 = ORIENTED_EDGE ( 'NONE', *, *, #7319, .F. ) ;
#5711 = CARTESIAN_POINT ( 'NONE',  ( 110.7760523620302706, 184.4411605483509788, -25.00205780551311463 ) ) ;
#5712 = ORIENTED_EDGE ( 'NONE', *, *, #728, .F. ) ;
#5713 = CARTESIAN_POINT ( 'NONE',  ( 32.17393544653305781, 78.64076999698990278, -10.51188192984909620 ) ) ;
#5714 = ADVANCED_FACE ( 'NONE', ( #5325 ), #2246, .T. ) ;
#5715 = ORIENTED_EDGE ( 'NONE', *, *, #7524, .T. ) ;
#5716 = CARTESIAN_POINT ( 'NONE',  ( 20.48324339618016765, 86.54811839485654446, -16.97335021336962058 ) ) ;
#5717 = CARTESIAN_POINT ( 'NONE',  ( 130.4851383233152546, 170.2245656445705322, -60.61923385002533848 ) ) ;
#5718 = CARTESIAN_POINT ( 'NONE',  ( 56.50000000000000000, 53.64580823289530542, -49.99999999999997158 ) ) ;
#5719 = VECTOR ( 'NONE', #6849, 1000.000000000000000 ) ;
#5720 = DIRECTION ( 'NONE',  ( 0.000000000000000000, 0.000000000000000000, 1.000000000000000000 ) ) ;
#5721 = ORIENTED_EDGE ( 'NONE', *, *, #8277, .T. ) ;
#5722 = VERTEX_POINT ( 'NONE', #6167 ) ;
#5723 = CARTESIAN_POINT ( 'NONE',  ( -2.296651965777302795, 149.8264275063212665, -68.85903426662424920 ) ) ;
#5724 = CARTESIAN_POINT ( 'NONE',  ( 132.0819751689305690, 139.6487792682155487, -69.85375355202390324 ) ) ;
#5725 = ORIENTED_EDGE ( 'NONE', *, *, #7954, .F. ) ;
#5726 = CARTESIAN_POINT ( 'NONE',  ( 129.3027517770619852, 113.1358624959853643, -7.069521587935510887 ) ) ;
#5727 = PLANE ( 'NONE',  #1340 ) ;
#5728 = CIRCLE ( 'NONE', #2037, 4.149999999999987033 ) ;
#5729 = EDGE_CURVE ( 'NONE', #5993, #4136, #4326, .T. ) ;
#5730 = CARTESIAN_POINT ( 'NONE',  ( 17.70134534580105168, 154.3356613909639066, -1.427504640580763429 ) ) ;
#5731 = ADVANCED_FACE ( 'NONE', ( #2281 ), #4811, .F. ) ;
#5732 = CARTESIAN_POINT ( 'NONE',  ( 110.7594296609375419, 119.5568149135939251, -89.62990010353826165 ) ) ;
#5733 = LINE ( 'NONE', #2520, #2130 ) ;
#5734 = ORIENTED_EDGE ( 'NONE', *, *, #7662, .T. ) ;
#5735 = CARTESIAN_POINT ( 'NONE',  ( 5.294754686588084347, 123.9175961702352424, -85.55785226347605033 ) ) ;
#5736 = CARTESIAN_POINT ( 'NONE',  ( 26.32475378704886637, -3.910074300935355129, -26.14493978525022300 ) ) ;
#5737 = CARTESIAN_POINT ( 'NONE',  ( -0.4561244019232501556, 121.3569317331662489, -90.23656466125817133 ) ) ;
#5738 = ORIENTED_EDGE ( 'NONE', *, *, #1929, .T. ) ;
#5739 = CARTESIAN_POINT ( 'NONE',  ( -2.294265242557206541, 149.5768260227916073, -74.15451455277319326 ) ) ;
#5740 = CARTESIAN_POINT ( 'NONE',  ( 107.9344147857566583, 102.8662672850267938, -8.988685872851029046 ) ) ;
#5741 = CARTESIAN_POINT ( 'NONE',  ( 44.50000000000000711, 74.91690096688944323, -80.40768512208494201 ) ) ;
#5742 = CARTESIAN_POINT ( 'NONE',  ( 85.41508511748324395, 4.394887701801902580, -88.87887923044074512 ) ) ;
#5743 = CARTESIAN_POINT ( 'NONE',  ( 0.5449689299015603172, 114.3537381484244833, -26.63444112236498995 ) ) ;
#5744 = CARTESIAN_POINT ( 'NONE',  ( 104.5000000000000426, 111.2915253907364246, -8.155618124106274180 ) ) ;
#5745 = EDGE_CURVE ( 'NONE', #50, #2931, #2004, .T. ) ;
#5746 = CARTESIAN_POINT ( 'NONE',  ( 131.8499504387680190, 159.5150801281958479, -32.64473054608816938 ) ) ;
#5747 = CARTESIAN_POINT ( 'NONE',  ( 53.00000000000000711, 39.90000000000001279, -55.74999999999996447 ) ) ;
#5748 = EDGE_CURVE ( 'NONE', #2147, #5335, #4208, .T. ) ;
#5749 = CARTESIAN_POINT ( 'NONE',  ( 130.2969206103414024, 171.2701739294421657, -58.89626457368095913 ) ) ;
#5750 = CARTESIAN_POINT ( 'NONE',  ( 21.99875249909399955, 9.278401264708820761, -60.57043492273445651 ) ) ;
#5751 = FACE_BOUND ( 'NONE', #8443, .T. ) ;
#5752 = CARTESIAN_POINT ( 'NONE',  ( 28.68720438274759843, 77.08143811718731797, -80.74830380449392919 ) ) ;
#5753 = CARTESIAN_POINT ( 'NONE',  ( 39.71954959887865044, 10.77910092884854087, -31.80136384349333056 ) ) ;
#5754 = ORIENTED_EDGE ( 'NONE', *, *, #2711, .T. ) ;
#5755 = CARTESIAN_POINT ( 'NONE',  ( 111.2034600381899736, 179.9087786033796306, -17.94391191844027134 ) ) ;
#5756 = VERTEX_POINT ( 'NONE', #5448 ) ;
#5757 = CARTESIAN_POINT ( 'NONE',  ( 18.12536038317666609, 169.8503068436789931, -8.586523308867402449 ) ) ;
#5758 = ORIENTED_EDGE ( 'NONE', *, *, #6715, .F. ) ;
#5759 = DIRECTION ( 'NONE',  ( 0.000000000000000000, 0.000000000000000000, 1.000000000000000000 ) ) ;
#5760 = CARTESIAN_POINT ( 'NONE',  ( 130.8574781217772625, 167.9804191320558573, -31.40734154829766922 ) ) ;
#5761 = DIRECTION ( 'NONE',  ( -1.000000000000000000, 0.000000000000000000, 0.000000000000000000 ) ) ;
#5762 = FACE_OUTER_BOUND ( 'NONE', #993, .T. ) ;
#5763 = ORIENTED_EDGE ( 'NONE', *, *, #6428, .F. ) ;
#5764 = ORIENTED_EDGE ( 'NONE', *, *, #4205, .T. ) ;
#5765 = EDGE_LOOP ( 'NONE', ( #1537, #2139 ) ) ;
#5766 = CARTESIAN_POINT ( 'NONE',  ( 58.50000000000000711, -28.80545635173702479, -28.80545635173722019 ) ) ;
#5767 = CARTESIAN_POINT ( 'NONE',  ( 24.99999999999998224, 0.000000000000000000, -25.86317564440132699 ) ) ;
#5768 = CARTESIAN_POINT ( 'NONE',  ( 27.87258783293470898, -0.000000000000000000, -79.03829227899041143 ) ) ;
#5769 = LINE ( 'NONE', #1095, #2432 ) ;
#5770 = CARTESIAN_POINT ( 'NONE',  ( -1.092625355138820753, 169.2714194390807450, -8.160541744529776764 ) ) ;
#5771 = CARTESIAN_POINT ( 'NONE',  ( 21.40618056484028742, 190.0945744359953551, -48.32898641917876859 ) ) ;
#5772 = EDGE_CURVE ( 'NONE', #5183, #1437, #2322, .T. ) ;
#5773 = CARTESIAN_POINT ( 'NONE',  ( 44.61717234702643253, 17.47701551406646203, -68.44939141056865139 ) ) ;
#5774 = ORIENTED_EDGE ( 'NONE', *, *, #7613, .F. ) ;
#5775 = DIRECTION ( 'NONE',  ( 1.000000000000000000, 0.000000000000000000, 0.000000000000000000 ) ) ;
#5776 = CARTESIAN_POINT ( 'NONE',  ( 36.82688294852497535, 69.29048564500450880, -10.27169698603532488 ) ) ;
#5777 = EDGE_LOOP ( 'NONE', ( #5228, #1531, #5725 ) ) ;
#5778 = CARTESIAN_POINT ( 'NONE',  ( 18.01357300618486690, 135.7120910038928798, -94.50068120668672123 ) ) ;
#5779 = B_SPLINE_CURVE_WITH_KNOTS ( 'NONE', 3,
 ( #6593, #3392, #1335, #7918, #5959, #6671 ),
 .UNSPECIFIED., .F., .F.,
 ( 4, 2, 4 ),
 ( 0.000000000000000000, 0.01864574875593973113, 0.03729149751187946227 ),
 .UNSPECIFIED. ) ;
#5780 = DIRECTION ( 'NONE',  ( -1.000000000000000000, 0.000000000000000000, -0.000000000000000000 ) ) ;
#5781 = CARTESIAN_POINT ( 'NONE',  ( 102.9232158352435675, -6.129752313749156301, -88.62799494435955694 ) ) ;
#5782 = CARTESIAN_POINT ( 'NONE',  ( 25.50000000000000355, 79.50285618433754564, -18.10973641547427349 ) ) ;
#5783 = CARTESIAN_POINT ( 'NONE',  ( 107.6040975535989759, 8.000000000000003553, -150.0000000000000000 ) ) ;
#5784 = EDGE_CURVE ( 'NONE', #1905, #8271, #95, .T. ) ;
#5785 = CARTESIAN_POINT ( 'NONE',  ( 132.2019909804851068, 142.5999999999840213, -24.99999999999999289 ) ) ;
#5786 = DIRECTION ( 'NONE',  ( 0.000000000000000000, 0.000000000000000000, 1.000000000000000000 ) ) ;
#5787 = EDGE_CURVE ( 'NONE', #2466, #5972, #2362, .T. ) ;
#5788 = CARTESIAN_POINT ( 'NONE',  ( 112.0603809746767467, 165.6093800395721303, -89.06753349077369819 ) ) ;
#5789 = CYLINDRICAL_SURFACE ( 'NONE', #2855, 4.149999999999994138 ) ;
#5790 = CARTESIAN_POINT ( 'NONE',  ( 28.92137087046627286, 80.12883688664723536, -82.01523206316740300 ) ) ;
#5791 = ADVANCED_FACE ( 'NONE', ( #6879 ), #6930, .F. ) ;
#5792 = CARTESIAN_POINT ( 'NONE',  ( 15.00000000000000000, 142.5999999999999943, -36.25000000000000000 ) ) ;
#5793 = ADVANCED_FACE ( 'NONE', ( #2877 ), #264, .F. ) ;
#5794 = CARTESIAN_POINT ( 'NONE',  ( 87.60409755359897588, 48.39999999999997726, -25.78908729652599519 ) ) ;
#5795 = ORIENTED_EDGE ( 'NONE', *, *, #284, .F. ) ;
#5796 = CARTESIAN_POINT ( 'NONE',  ( 18.99369424672341466, 182.0724635709891857, -21.06588936560735803 ) ) ;
#5797 = EDGE_CURVE ( 'NONE', #705, #5245, #5472, .T. ) ;
#5798 = ORIENTED_EDGE ( 'NONE', *, *, #5683, .F. ) ;
#5799 = AXIS2_PLACEMENT_3D ( 'NONE', #5650, #8258, #5571 ) ;
#5800 = CYLINDRICAL_SURFACE ( 'NONE', #79, 1.649999999999971045 ) ;
#5801 = CARTESIAN_POINT ( 'NONE',  ( 129.7830603310877677, 173.8721040185697575, -43.16168492441294546 ) ) ;
#5802 = CARTESIAN_POINT ( 'NONE',  ( 120.0000000000000142, 142.5999999999999943, -58.75000000000000711 ) ) ;
#5803 = CARTESIAN_POINT ( 'NONE',  ( 118.8106577468607554, 52.00000000000000711, -65.53601770206847732 ) ) ;
#5804 = ORIENTED_EDGE ( 'NONE', *, *, #231, .T. ) ;
#5805 = ORIENTED_EDGE ( 'NONE', *, *, #5258, .T. ) ;
#5806 = ORIENTED_EDGE ( 'NONE', *, *, #3385, .F. ) ;
#5807 = PLANE ( 'NONE',  #1631 ) ;
#5808 = DIRECTION ( 'NONE',  ( 1.000000000000000000, -0.000000000000000000, -0.000000000000000000 ) ) ;
#5809 = CARTESIAN_POINT ( 'NONE',  ( 111.2803498283987835, 123.8182782825855810, -3.933927109297040481 ) ) ;
#5810 = CARTESIAN_POINT ( 'NONE',  ( 65.29308288419427697, 48.44310748912837283, -49.17290220937956491 ) ) ;
#5811 = CARTESIAN_POINT ( 'NONE',  ( -2.153083996292279423, 141.3013309030229721, -20.00239666735602029 ) ) ;
#5812 = CARTESIAN_POINT ( 'NONE',  ( 20.71150018124625092, 110.5172560815329632, -87.37414548002834636 ) ) ;
#5813 = VECTOR ( 'NONE', #323, 1000.000000000000000 ) ;
#5814 = CARTESIAN_POINT ( 'NONE',  ( 44.47514248078059751, 17.75274314232696682, -68.55530443121730855 ) ) ;
#5815 = ORIENTED_EDGE ( 'NONE', *, *, #5178, .T. ) ;
#5816 = DIRECTION ( 'NONE',  ( 0.000000000000000000, 0.000000000000000000, -1.000000000000000000 ) ) ;
#5817 = CARTESIAN_POINT ( 'NONE',  ( -0.4587164797068467581, 121.3769434029365328, -4.756786579864816566 ) ) ;
#5818 = VERTEX_POINT ( 'NONE', #5436 ) ;
#5819 = VECTOR ( 'NONE', #7150, 1000.000000000000000 ) ;
#5820 = VECTOR ( 'NONE', #105, 1000.000000000000000 ) ;
#5821 = CARTESIAN_POINT ( 'NONE',  ( -1.885489957410921846, 136.3977210542972500, -74.57386627914108601 ) ) ;
#5822 = EDGE_CURVE ( 'NONE', #369, #3912, #7306, .T. ) ;
#5823 = DIRECTION ( 'NONE',  ( 0.000000000000000000, 0.000000000000000000, -1.000000000000000000 ) ) ;
#5824 = CARTESIAN_POINT ( 'NONE',  ( 103.0650846190888501, -5.711018137728634869, -88.65441046736113151 ) ) ;
#5825 = CARTESIAN_POINT ( 'NONE',  ( 18.03626846139093942, 167.9694155564449147, -87.66509172057378407 ) ) ;
#5826 = CARTESIAN_POINT ( 'NONE',  ( 40.61918523185649832, 18.29841822413694885, -68.74707309255558130 ) ) ;
#5827 = CARTESIAN_POINT ( 'NONE',  ( 131.6100238399311309, 162.1218484586024999, -36.21701258348223007 ) ) ;
#5828 = CIRCLE ( 'NONE', #6899, 3.599999999999999201 ) ;
#5829 = CARTESIAN_POINT ( 'NONE',  ( 12.44994293489860482, 46.06100424833229567, -28.51180085834288747 ) ) ;
#5830 = MECHANICAL_DESIGN_GEOMETRIC_PRESENTATION_REPRESENTATION (  '', ( #7588 ), #8421 ) ;
#5831 = CARTESIAN_POINT ( 'NONE',  ( 22.06690693671547621, 102.8617457734666658, -8.969721549323756093 ) ) ;
#5832 = ORIENTED_EDGE ( 'NONE', *, *, #387, .F. ) ;
#5833 = AXIS2_PLACEMENT_3D ( 'NONE', #4544, #1280, #7130 ) ;
#5834 = CARTESIAN_POINT ( 'NONE',  ( 132.0919538977657908, 155.9636417530190897, -72.11150770979753588 ) ) ;
#5835 = EDGE_CURVE ( 'NONE', #7248, #2964, #902, .T. ) ;
#5836 = CARTESIAN_POINT ( 'NONE',  ( 118.1006950606803940, 188.4045530513683957, -44.12365419241467634 ) ) ;
#5837 = CARTESIAN_POINT ( 'NONE',  ( 29.89224231066592452, 79.13772344324554808, -81.86601399666339773 ) ) ;
#5838 = AXIS2_PLACEMENT_3D ( 'NONE', #4955, #2934, #278 ) ;
#5839 = CARTESIAN_POINT ( 'NONE',  ( -1.222672904838015162, 128.6200808905819315, -29.86626458170832521 ) ) ;
#5840 = CARTESIAN_POINT ( 'NONE',  ( 87.60409755359897588, 52.00000000000000711, -65.61091270347399984 ) ) ;
#5841 = VERTEX_POINT ( 'NONE', #8040 ) ;
#5842 = AXIS2_PLACEMENT_3D ( 'NONE', #1687, #4396, #490 ) ;
#5843 = CARTESIAN_POINT ( 'NONE',  ( 17.70551695844144291, 154.6809979340636971, -1.536356300411700904 ) ) ;
#5844 = EDGE_LOOP ( 'NONE', ( #7541, #4432 ) ) ;
#5845 = CARTESIAN_POINT ( 'NONE',  ( 87.60409755359897588, -2.000000000000000000, -67.76091270347400553 ) ) ;
#5846 = FACE_OUTER_BOUND ( 'NONE', #22, .T. ) ;
#5847 = CARTESIAN_POINT ( 'NONE',  ( -0.8627059742919193086, 125.2685662097733683, -71.22767474900267359 ) ) ;
#5848 = LINE ( 'NONE', #8448, #6777 ) ;
#5849 = ORIENTED_EDGE ( 'NONE', *, *, #4020, .T. ) ;
#5850 = ORIENTED_EDGE ( 'NONE', *, *, #5745, .T. ) ;
#5851 = EDGE_CURVE ( 'NONE', #8271, #1905, #6770, .T. ) ;
#5852 = VERTEX_POINT ( 'NONE', #3516 ) ;
#5853 = LINE ( 'NONE', #8453, #3829 ) ;
#5854 = CARTESIAN_POINT ( 'NONE',  ( 21.30415701062922551, 11.39746175008282236, -69.13682435559864814 ) ) ;
#5855 = EDGE_CURVE ( 'NONE', #5841, #1891, #4681, .T. ) ;
#5856 = CARTESIAN_POINT ( 'NONE',  ( 131.3033419670182127, 129.4289364077905873, -22.48866928911591501 ) ) ;
#5857 = LINE ( 'NONE', #4054, #8426 ) ;
#5858 = CARTESIAN_POINT ( 'NONE',  ( -2.126310791515990672, 157.6686979951533658, -2.438135960414286707 ) ) ;
#5859 = CARTESIAN_POINT ( 'NONE',  ( 16.50000000000000000, 55.84000000000002473, -30.00991754977235004 ) ) ;
#5860 = CARTESIAN_POINT ( 'NONE',  ( 53.00000000000000711, 20.10000000000000853, -60.39999999999997726 ) ) ;
#5861 = ORIENTED_EDGE ( 'NONE', *, *, #7942, .F. ) ;
#5862 = CARTESIAN_POINT ( 'NONE',  ( 10.26511800460335522, 187.6000000000000227, -50.01019385082594226 ) ) ;
#5863 = AXIS2_PLACEMENT_3D ( 'NONE', #1951, #4002, #6601 ) ;
#5864 = CARTESIAN_POINT ( 'NONE',  ( 102.8838093371546165, -6.246062942913062521, -6.379424783674649824 ) ) ;
#5865 = CARTESIAN_POINT ( 'NONE',  ( 27.39504541534153503, 81.80742074009043563, -84.49385093911367051 ) ) ;
#5866 = VERTEX_POINT ( 'NONE', #2708 ) ;
#5867 = CARTESIAN_POINT ( 'NONE',  ( -2.172454202368203191, 141.4996398846064096, -95.04321842423269118 ) ) ;
#5868 = LINE ( 'NONE', #2613, #5158 ) ;
#5869 = CARTESIAN_POINT ( 'NONE',  ( 103.0283409928825762, -5.819469141716149707, -68.80894664895511426 ) ) ;
#5870 = AXIS2_PLACEMENT_3D ( 'NONE', #6204, #4292, #8182 ) ;
#5871 = CARTESIAN_POINT ( 'NONE',  ( 9.811969853198061031, 58.83945595451402966, -29.95278632424308540 ) ) ;
#5872 = B_SPLINE_CURVE_WITH_KNOTS ( 'NONE', 3,
 ( #6, #5829, #3900, #5195, #2057, #646, #2618, #1972, #5146, #1889, #4675, #6544 ),
 .UNSPECIFIED., .F., .F.,
 ( 4, 2, 2, 2, 2, 4 ),
 ( 3.345813473843215941E-17, 0.002709290586751561015, 0.004063935880127333283, 0.005418581173503106418, 0.008127871760254650954, 0.01083716234700619896 ),
 .UNSPECIFIED. ) ;
#5873 = DIRECTION ( 'NONE',  ( 0.000000000000000000, 0.000000000000000000, -1.000000000000000000 ) ) ;
#5874 = CARTESIAN_POINT ( 'NONE',  ( 131.7876653892980414, 160.2391417874295314, -61.47310975570120206 ) ) ;
#5875 = FACE_OUTER_BOUND ( 'NONE', #6788, .T. ) ;
#5876 = CARTESIAN_POINT ( 'NONE',  ( -0.3524584166712667055, 120.5760128006231042, -5.010873975170062167 ) ) ;
#5877 = VERTEX_POINT ( 'NONE', #1533 ) ;
#5878 = CARTESIAN_POINT ( 'NONE',  ( 131.5700989138391606, 165.1334222796839413, -89.33018882063737465 ) ) ;
#5879 = DIRECTION ( 'NONE',  ( 0.000000000000000000, 0.7071067811865491270, -0.7071067811865459074 ) ) ;
#5880 = CARTESIAN_POINT ( 'NONE',  ( 53.00000000000000711, 39.90000000000001279, -39.24999999999995026 ) ) ;
#5881 = CARTESIAN_POINT ( 'NONE',  ( -0.8012051148030117087, 124.7326885868523476, -33.74506281348639902 ) ) ;
#5882 = CARTESIAN_POINT ( 'NONE',  ( 110.7391750629555816, 184.8010917798556250, -25.68469603503760368 ) ) ;
#5883 = VERTEX_POINT ( 'NONE', #5997 ) ;
#5884 = CARTESIAN_POINT ( 'NONE',  ( 111.3371659176179236, 123.1974115371102272, -4.143459621736649723 ) ) ;
#5885 = EDGE_CURVE ( 'NONE', #8005, #2865, #2746, .T. ) ;
#5886 = ORIENTED_EDGE ( 'NONE', *, *, #3340, .T. ) ;
#5887 = CARTESIAN_POINT ( 'NONE',  ( 32.33153117489663231, 78.59432642215220710, -84.48837190928641405 ) ) ;
#5888 = CARTESIAN_POINT ( 'NONE',  ( 24.49999999999999645, 187.6000000000000227, -47.50000000000000000 ) ) ;
#5889 = CARTESIAN_POINT ( 'NONE',  ( 87.60409755359897588, 0.000000000000000000, -29.38908729652602148 ) ) ;
#5890 = ORIENTED_EDGE ( 'NONE', *, *, #3158, .F. ) ;
#5891 = VERTEX_POINT ( 'NONE', #97 ) ;
#5892 = ORIENTED_EDGE ( 'NONE', *, *, #493, .F. ) ;
#5893 = DIRECTION ( 'NONE',  ( 0.000000000000000000, 0.000000000000000000, 1.000000000000000000 ) ) ;
#5894 = CARTESIAN_POINT ( 'NONE',  ( 130.3304265349786704, 120.8686490499619879, -53.34258381239641267 ) ) ;
#5895 = CARTESIAN_POINT ( 'NONE',  ( 18.60284758185179044, 123.1921976275688735, -4.145793663444173660 ) ) ;
#5896 = LINE ( 'NONE', #7937, #3651 ) ;
#5897 = CARTESIAN_POINT ( 'NONE',  ( -1.384572707379531309, 130.2370006606353456, -22.04285198956506875 ) ) ;
#5898 = CARTESIAN_POINT ( 'NONE',  ( 13.65920217477891541, 41.35361325350721273, -68.88180627177356996 ) ) ;
#5899 = DIRECTION ( 'NONE',  ( 0.000000000000000000, 0.000000000000000000, 1.000000000000000000 ) ) ;
#5900 = CARTESIAN_POINT ( 'NONE',  ( 43.46270896354811697, 19.37381172081508396, -69.05707637941422661 ) ) ;
#5901 = ORIENTED_EDGE ( 'NONE', *, *, #6903, .F. ) ;
#5902 = CARTESIAN_POINT ( 'NONE',  ( 40.63270696723339626, 0.000000000000000000, -6.834851131624557929 ) ) ;
#5903 = CARTESIAN_POINT ( 'NONE',  ( -1.230411480950864833, 128.6955496626947593, -22.71666920947542323 ) ) ;
#5904 = CARTESIAN_POINT ( 'NONE',  ( 1.078331004937632231, 181.0942744747662232, -75.39330631568257957 ) ) ;
#5905 = CARTESIAN_POINT ( 'NONE',  ( 18.60284758183136944, 123.1921976275670119, -90.85420633655500922 ) ) ;
#5906 = VECTOR ( 'NONE', #1578, 1000.000000000000000 ) ;
#5907 = CYLINDRICAL_SURFACE ( 'NONE', #2558, 3.600000000000005862 ) ;
#5908 = CARTESIAN_POINT ( 'NONE',  ( 25.50000000000000355, 82.56193406848313998, -16.27127009263730173 ) ) ;
#5909 = DIRECTION ( 'NONE',  ( 0.000000000000000000, 1.000000000000000000, 0.000000000000000000 ) ) ;
#5910 = CARTESIAN_POINT ( 'NONE',  ( 132.2358850787098277, 152.5760854477184125, -67.68092322678680262 ) ) ;
#5911 = CARTESIAN_POINT ( 'NONE',  ( 114.3700000000000045, 0.000000000000000000, 0.000000000000000000 ) ) ;
#5912 = CARTESIAN_POINT ( 'NONE',  ( 22.28079510810709252, 101.6662633336186587, -9.139426932701704587 ) ) ;
#5913 = EDGE_LOOP ( 'NONE', ( #6475, #2552, #8441, #5377 ) ) ;
#5914 = CARTESIAN_POINT ( 'NONE',  ( 132.2921328071288656, 145.8265676684890479, -94.90549409440134809 ) ) ;
#5915 = CARTESIAN_POINT ( 'NONE',  ( 111.0000000000000000, 125.5999999999999943, -49.60000000000001563 ) ) ;
#5916 = CARTESIAN_POINT ( 'NONE',  ( 130.4587166586402418, 121.3769465043985178, -90.24321446445685524 ) ) ;
#5917 = CARTESIAN_POINT ( 'NONE',  ( -2.252690419085210838, 144.0812934196779338, -24.99967372112579866 ) ) ;
#5918 = CARTESIAN_POINT ( 'NONE',  ( 111.3696899870800081, 122.6743535153484146, -90.66611783613466002 ) ) ;
#5919 = EDGE_LOOP ( 'NONE', ( #3203, #5122 ) ) ;
#5920 = CARTESIAN_POINT ( 'NONE',  ( 48.89564291044368360, 74.08579718754312182, -77.44706345281076665 ) ) ;
#5921 = VERTEX_POINT ( 'NONE', #3435 ) ;
#5922 = DIRECTION ( 'NONE',  ( 0.000000000000000000, 0.000000000000000000, -1.000000000000000000 ) ) ;
#5923 = ADVANCED_FACE ( 'NONE', ( #5958 ), #6033, .F. ) ;
#5924 = CARTESIAN_POINT ( 'NONE',  ( 123.2266399835944242, 123.5978439127025439, -8.250945346264321856 ) ) ;
#5925 = B_SPLINE_SURFACE_WITH_KNOTS ( 'NONE', 3, 1, ( 
 ( #3047, #8265 ),
 ( #2406, #1547 ),
 ( #6760, #7703 ),
 ( #5708, #7140 ),
 ( #1293, #5152 ) ),
 .UNSPECIFIED., .F., .F., .F.,
 ( 4, 1, 4 ),
 ( 2, 2 ),
 ( 0.07741038533712391034, 0.4512184379198943551, 0.7530475516083237064 ),
 ( 0.000000000000000000, 1.000000000000000000 ),
 .UNSPECIFIED. ) ;
#5926 = DIRECTION ( 'NONE',  ( 1.000000000000000000, -0.000000000000000000, -0.000000000000000000 ) ) ;
#5927 = ORIENTED_EDGE ( 'NONE', *, *, #3735, .T. ) ;
#5928 = ORIENTED_EDGE ( 'NONE', *, *, #3653, .T. ) ;
#5929 = ORIENTED_EDGE ( 'NONE', *, *, #2061, .T. ) ;
#5930 = CARTESIAN_POINT ( 'NONE',  ( -1.353035130961301791, 164.3761556250548779, -53.34945356712984932 ) ) ;
#5931 = CARTESIAN_POINT ( 'NONE',  ( 132.1768649400641493, 141.8652116023130816, -25.00000000000051514 ) ) ;
#5932 = CARTESIAN_POINT ( 'NONE',  ( 131.1270274460748624, 127.6952924034852401, -23.02859380933983857 ) ) ;
#5933 = CARTESIAN_POINT ( 'NONE',  ( 48.55317534116140621, 43.34908051772927706, -68.09490239981016657 ) ) ;
#5934 = DIRECTION ( 'NONE',  ( 0.000000000000000000, 0.000000000000000000, 1.000000000000000000 ) ) ;
#5935 = FACE_OUTER_BOUND ( 'NONE', #937, .T. ) ;
#5936 = CARTESIAN_POINT ( 'NONE',  ( 18.78434851337332390, 123.2000559591661784, -90.85772331675772762 ) ) ;
#5937 = EDGE_CURVE ( 'NONE', #3544, #704, #6482, .T. ) ;
#5938 = CARTESIAN_POINT ( 'NONE',  ( 32.47541238179295675, 78.07032850253290235, -81.42182832602505016 ) ) ;
#5939 = ORIENTED_EDGE ( 'NONE', *, *, #4834, .T. ) ;
#5940 = CARTESIAN_POINT ( 'NONE',  ( 84.09310253832697413, 0.03709675195748127902, -6.198914403252661742 ) ) ;
#5941 = CARTESIAN_POINT ( 'NONE',  ( 18.76195340888147456, 123.4124419089070415, -4.070699646205312661 ) ) ;
#5942 = EDGE_CURVE ( 'NONE', #4717, #4925, #1589, .T. ) ;
#5943 = CARTESIAN_POINT ( 'NONE',  ( 18.81832044458872844, 180.1076699977684541, -76.66250414592883544 ) ) ;
#5944 = CARTESIAN_POINT ( 'NONE',  ( 86.04436093092199656, 6.452968629767172004, -88.88652729743293435 ) ) ;
#5945 = CARTESIAN_POINT ( 'NONE',  ( 59.44938865413512019, 50.25559025491387644, -44.99999999999998579 ) ) ;
#5946 = VERTEX_POINT ( 'NONE', #8123 ) ;
#5947 = CARTESIAN_POINT ( 'NONE',  ( -1.148143037940702049, 127.8880129798000667, -22.96819905242878690 ) ) ;
#5948 = VECTOR ( 'NONE', #277, 1000.000000000000000 ) ;
#5949 = DIRECTION ( 'NONE',  ( 1.000000000000000000, 0.000000000000000000, 0.000000000000000000 ) ) ;
#5950 = CYLINDRICAL_SURFACE ( 'NONE', #6335, 15.00000000000000000 ) ;
#5951 = DIRECTION ( 'NONE',  ( 0.000000000000000000, 0.000000000000000000, 1.000000000000000000 ) ) ;
#5952 = VECTOR ( 'NONE', #4341, 1000.000000000000000 ) ;
#5953 = VECTOR ( 'NONE', #3185, 1000.000000000000000 ) ;
#5954 = CARTESIAN_POINT ( 'NONE',  ( 23.36986869814489154, 95.60738904278548489, -9.833799003594821286 ) ) ;
#5955 = ORIENTED_EDGE ( 'NONE', *, *, #3004, .F. ) ;
#5956 = EDGE_CURVE ( 'NONE', #7980, #452, #3083, .T. ) ;
#5957 = CARTESIAN_POINT ( 'NONE',  ( 132.3049003989994219, 148.2683064899205192, -74.43739427007182030 ) ) ;
#5958 = FACE_OUTER_BOUND ( 'NONE', #4610, .T. ) ;
#5959 = CARTESIAN_POINT ( 'NONE',  ( 110.5523503127608791, 17.85231772734871925, -25.50000000000000000 ) ) ;
#5960 = CARTESIAN_POINT ( 'NONE',  ( 18.99999251353938945, 153.1999953997165278, -32.77756813566458050 ) ) ;
#5961 = CARTESIAN_POINT ( 'NONE',  ( 104.8574107566185205, 7.703719777548941661E-31, -23.44654461333323070 ) ) ;
#5962 = ORIENTED_EDGE ( 'NONE', *, *, #7186, .F. ) ;
#5963 = CARTESIAN_POINT ( 'NONE',  ( -0.7321812797548898910, 168.7574125266060605, -32.36746242074764268 ) ) ;
#5964 = CARTESIAN_POINT ( 'NONE',  ( 27.21217917178383416, -6.529352860298173411, -88.60852759353811336 ) ) ;
#5965 = DIRECTION ( 'NONE',  ( 1.000000000000000000, -0.000000000000000000, -0.000000000000000000 ) ) ;
#5966 = CIRCLE ( 'NONE', #3093, 2.149999999999999023 ) ;
#5967 = CARTESIAN_POINT ( 'NONE',  ( 130.9701409396548968, 127.6556471134652213, -20.37507260569080714 ) ) ;
#5968 = CARTESIAN_POINT ( 'NONE',  ( 25.50000000000000355, 87.34000000000000341, -11.73825318034430865 ) ) ;
#5969 = CIRCLE ( 'NONE', #5010, 1.649999999999991696 ) ;
#5970 = VERTEX_POINT ( 'NONE', #6961 ) ;
#5971 = ORIENTED_EDGE ( 'NONE', *, *, #2061, .F. ) ;
#5972 = VERTEX_POINT ( 'NONE', #7563 ) ;
#5973 = DIRECTION ( 'NONE',  ( 0.000000000000000000, 1.927470528863118556E-15, -1.000000000000000000 ) ) ;
#5974 = B_SPLINE_CURVE_WITH_KNOTS ( 'NONE', 3,
 ( #1803, #3738, #2453, #4981 ),
 .UNSPECIFIED., .F., .F.,
 ( 4, 4 ),
 ( 1.962615573354718958E-17, 0.001303749123634215593 ),
 .UNSPECIFIED. ) ;
#5975 = CARTESIAN_POINT ( 'NONE',  ( 130.2504135098982090, 120.2443580755227686, -44.92840194240499585 ) ) ;
#5976 = CARTESIAN_POINT ( 'NONE',  ( 25.50000000000000355, 55.84000000000002473, -31.65991754977232020 ) ) ;
#5977 = CYLINDRICAL_SURFACE ( 'NONE', #6245, 47.50000000000000711 ) ;
#5978 = CARTESIAN_POINT ( 'NONE',  ( 13.01766835276374223, 43.81733908363274566, -67.89025298522032870 ) ) ;
#5979 = DIRECTION ( 'NONE',  ( 0.000000000000000000, 0.000000000000000000, 1.000000000000000000 ) ) ;
#5980 = ORIENTED_EDGE ( 'NONE', *, *, #5292, .F. ) ;
#5981 = CARTESIAN_POINT ( 'NONE',  ( 33.63207344849715952, 78.37127585812523023, -84.48985110212555583 ) ) ;
#5982 = VERTEX_POINT ( 'NONE', #6283 ) ;
#5983 = EDGE_CURVE ( 'NONE', #8063, #7065, #3098, .T. ) ;
#5984 = CARTESIAN_POINT ( 'NONE',  ( 104.3582220665932994, -1.894245843633410198, -26.12084646301604351 ) ) ;
#5985 = CARTESIAN_POINT ( 'NONE',  ( -1.128796223210523308, 127.7121332128630655, -23.02333427502280472 ) ) ;
#5986 = CARTESIAN_POINT ( 'NONE',  ( 0.07985957229032146498, 176.5213643591704056, -80.85114941787348641 ) ) ;
#5987 = CARTESIAN_POINT ( 'NONE',  ( 21.07004666218479372, 12.33320926470303114, -29.94770093878091188 ) ) ;
#5988 = CARTESIAN_POINT ( 'NONE',  ( 56.49999999999644018, 53.64580823290217637, -50.11405559021823564 ) ) ;
#5989 = AXIS2_PLACEMENT_3D ( 'NONE', #910, #4771, #1506 ) ;
#5990 = DIRECTION ( 'NONE',  ( 0.9999999999999951150, 1.000061563076409361E-07, -0.000000000000000000 ) ) ;
#5991 = CARTESIAN_POINT ( 'NONE',  ( 105.0000000000000000, 0.000000000000000000, -69.55534757035663063 ) ) ;
#5992 = CARTESIAN_POINT ( 'NONE',  ( 4.714279701514129783, 87.50133841122161016, -10.39957703234787445 ) ) ;
#5993 = VERTEX_POINT ( 'NONE', #5610 ) ;
#5994 = B_SPLINE_SURFACE_WITH_KNOTS ( 'NONE', 3, 1, ( 
 ( #7080, #2383 ),
 ( #4531, #7037 ),
 ( #4402, #1183 ),
 ( #7639, #1225 ) ),
 .UNSPECIFIED., .F., .F., .F.,
 ( 4, 4 ),
 ( 2, 2 ),
 ( 0.000000000000000000, 1.000000000000000000 ),
 ( 0.000000000000000000, 1.000000000000000000 ),
 .UNSPECIFIED. ) ;
#5995 = CYLINDRICAL_SURFACE ( 'NONE', #1520, 22.50000000000000711 ) ;
#5996 = AXIS2_PLACEMENT_3D ( 'NONE', #5999, #4803, #5482 ) ;
#5997 = CARTESIAN_POINT ( 'NONE',  ( 10.44774351780785082, 187.6000000000000227, -51.26529077623880681 ) ) ;
#5998 = CARTESIAN_POINT ( 'NONE',  ( 131.2304103763963212, 128.6955534149193454, -72.28333078857684768 ) ) ;
#5999 = CARTESIAN_POINT ( 'NONE',  ( 25.50000000000000355, 6.000164260074978273, -32.05200154168456805 ) ) ;
#6000 = CARTESIAN_POINT ( 'NONE',  ( 103.9538461923562238, -0.000000000000000000, -19.89279427869707817 ) ) ;
#6001 = ORIENTED_EDGE ( 'NONE', *, *, #3884, .F. ) ;
#6002 = FACE_OUTER_BOUND ( 'NONE', #4730, .T. ) ;
#6003 = EDGE_LOOP ( 'NONE', ( #7805, #2157, #7766, #4947 ) ) ;
#6004 = DIRECTION ( 'NONE',  ( 0.000000000000000000, 0.000000000000000000, 1.000000000000000000 ) ) ;
#6005 = CARTESIAN_POINT ( 'NONE',  ( 111.8328799064597803, 170.7242211730962822, -9.167653332771454444 ) ) ;
#6006 = CARTESIAN_POINT ( 'NONE',  ( 121.1210598441202393, 123.2646517945940587, -6.860550353130924428 ) ) ;
#6007 = CARTESIAN_POINT ( 'NONE',  ( 32.04268651637958243, 69.22045390346369231, -20.21710499282111329 ) ) ;
#6008 = VERTEX_POINT ( 'NONE', #5011 ) ;
#6009 = ORIENTED_EDGE ( 'NONE', *, *, #8190, .F. ) ;
#6010 = CARTESIAN_POINT ( 'NONE',  ( 56.50000000000000000, 53.64580823289530542, -49.99999999999997158 ) ) ;
#6011 = CARTESIAN_POINT ( 'NONE',  ( 131.4860779133824167, 131.3305707583361368, -67.02965380354930858 ) ) ;
#6012 = CARTESIAN_POINT ( 'NONE',  ( 44.90521869446724423, 40.06032501165243076, -69.18457193169254538 ) ) ;
#6013 = AXIS2_PLACEMENT_3D ( 'NONE', #1659, #3072, #1015 ) ;
#6014 = DIRECTION ( 'NONE',  ( 0.000000000000000000, 0.000000000000000000, 1.000000000000000000 ) ) ;
#6015 = DIRECTION ( 'NONE',  ( 0.000000000000000000, -0.5000000000000001110, -0.8660254037844385966 ) ) ;
#6016 = CARTESIAN_POINT ( 'NONE',  ( 13.06915278522579271, 188.8191740366143279, -44.43711371999769710 ) ) ;
#6017 = VERTEX_POINT ( 'NONE', #4928 ) ;
#6018 =( BOUNDED_SURFACE ( )  B_SPLINE_SURFACE ( 3, 2, ( 
 ( #3148, #7758, #3664 ),
 ( #5667, #6389, #407 ),
 ( #4989, #7712, #1171 ),
 ( #6983, #4479, #7023 ),
 ( #5031, #531, #1126 ),
 ( #8235, #7069, #1214 ),
 ( #3746, #6345, #2545 ),
 ( #487, #5163, #4300 ),
 ( #5716, #1726, #8319 ),
 ( #7581, #1045, #4348 ) ),
 .UNSPECIFIED., .F., .F., .F. ) 
 B_SPLINE_SURFACE_WITH_KNOTS ( ( 4, 2, 2, 2, 4 ),
 ( 3, 3 ),
 ( 3.141592653589793116, 3.536647929778709454, 3.931703205967626236, 4.326758482156543018, 4.721813758345459355 ),
 ( 0.000000000000000000, 1.000000000000000000 ),
 .UNSPECIFIED. ) 
 GEOMETRIC_REPRESENTATION_ITEM ( )  RATIONAL_B_SPLINE_SURFACE ( (
 ( 1.000000000000000000, 0.7694168377765995270, 1.000000000000000000),
 ( 1.000000000000000000, 0.7694226445749869914, 1.000000000000000000),
 ( 1.000000000000000000, 0.7678462149638858314, 1.000000000000000000),
 ( 1.000000000000000000, 0.7617495777512834909, 1.000000000000000000),
 ( 1.000000000000000000, 0.7572239041525945513, 1.000000000000000000),
 ( 1.000000000000000000, 0.7457706287707606130, 1.000000000000000000),
 ( 1.000000000000000000, 0.7388440777708021878, 1.000000000000000000),
 ( 1.000000000000000000, 0.7234911059262335575, 1.000000000000000000),
 ( 1.000000000000000000, 0.7150711805207448091, 1.000000000000000000),
 ( 1.000000000000000000, 0.7064933912414368411, 1.000000000000000000) ) ) 
 REPRESENTATION_ITEM ( '' )  SURFACE ( )  );
#6019 = CARTESIAN_POINT ( 'NONE',  ( 16.50000000000000000, 55.84000000000002473, -30.00991754977235004 ) ) ;
#6020 = EDGE_LOOP ( 'NONE', ( #1193, #880, #7504, #6723 ) ) ;
#6021 = CARTESIAN_POINT ( 'NONE',  ( 104.5698379288639472, -1.269649006170236571, -6.134857584613742532 ) ) ;
#6022 = ORIENTED_EDGE ( 'NONE', *, *, #5173, .F. ) ;
#6023 = ADVANCED_FACE ( 'NONE', ( #6196 ), #2271, .F. ) ;
#6024 = CARTESIAN_POINT ( 'NONE',  ( 2.908061460318601910, 187.7243049172914198, -62.40480602677752842 ) ) ;
#6025 = CARTESIAN_POINT ( 'NONE',  ( 29.91497144767032879, 75.93773105909862409, -80.70803216513021994 ) ) ;
#6026 = CARTESIAN_POINT ( 'NONE',  ( 58.74152337905960763, 50.82065243127166809, -44.99999999999997868 ) ) ;
#6027 = EDGE_CURVE ( 'NONE', #2966, #7843, #4885, .T. ) ;
#6028 = CARTESIAN_POINT ( 'NONE',  ( 89.71292872905583238, 11.59999999999998188, -25.78908729652601295 ) ) ;
#6029 = LINE ( 'NONE', #807, #7451 ) ;
#6030 = CARTESIAN_POINT ( 'NONE',  ( 23.38191533369553099, 4.844678702546332261, -6.011866361647581591 ) ) ;
#6031 = ORIENTED_EDGE ( 'NONE', *, *, #5685, .F. ) ;
#6032 = DIRECTION ( 'NONE',  ( -1.000000000000000000, 0.000000000000000000, 0.000000000000000000 ) ) ;
#6033 = CYLINDRICAL_SURFACE ( 'NONE', #7179, 3.000000000000002665 ) ;
#6034 = CARTESIAN_POINT ( 'NONE',  ( 39.50000000000000711, 39.90000000000001279, -35.94999999999996732 ) ) ;
#6035 = EDGE_CURVE ( 'NONE', #2467, #7719, #3505, .T. ) ;
#6036 = DIRECTION ( 'NONE',  ( 0.000000000000000000, 0.000000000000000000, -1.000000000000000000 ) ) ;
#6037 = VERTEX_POINT ( 'NONE', #6870 ) ;
#6038 = CARTESIAN_POINT ( 'NONE',  ( -2.138024945410514022, 140.8558816944030525, -19.99026706478702309 ) ) ;
#6039 = FACE_OUTER_BOUND ( 'NONE', #3621, .T. ) ;
#6040 = CARTESIAN_POINT ( 'NONE',  ( 114.3700000000000045, 142.5999999999999943, -47.50000000000000000 ) ) ;
#6041 = CARTESIAN_POINT ( 'NONE',  ( 18.52603277893454248, 124.5526872371666229, -91.44965402816501410 ) ) ;
#6042 = CARTESIAN_POINT ( 'NONE',  ( 130.4675271860061230, 170.3251839506545195, -34.53482645946932905 ) ) ;
#6043 = EDGE_CURVE ( 'NONE', #3531, #8156, #3127, .T. ) ;
#6044 = ADVANCED_FACE ( 'NONE', ( #7608 ), #3595, .T. ) ;
#6045 = CARTESIAN_POINT ( 'NONE',  ( 27.73739044540620569, 81.36721941842651518, -84.18000031112730142 ) ) ;
#6046 = FACE_OUTER_BOUND ( 'NONE', #6731, .T. ) ;
#6047 = EDGE_LOOP ( 'NONE', ( #2425, #7968 ) ) ;
#6048 = ORIENTED_EDGE ( 'NONE', *, *, #2526, .T. ) ;
#6049 = CARTESIAN_POINT ( 'NONE',  ( 104.5000000000000142, 142.5999999999999943, -47.50000000000000000 ) ) ;
#6050 = EDGE_CURVE ( 'NONE', #1507, #1144, #5969, .T. ) ;
#6051 = CARTESIAN_POINT ( 'NONE',  ( 131.9134225618006155, 136.7538149395402627, -25.72306687082870980 ) ) ;
#6052 = DIRECTION ( 'NONE',  ( 0.000000000000000000, -1.000000000000000000, 0.000000000000000000 ) ) ;
#6053 = CARTESIAN_POINT ( 'NONE',  ( 18.63070204074282188, 122.6679970689129533, -4.337385288106132997 ) ) ;
#6054 = CARTESIAN_POINT ( 'NONE',  ( 130.2554565870961767, 119.3169226453951666, -6.060443682669051313 ) ) ;
#6055 = CARTESIAN_POINT ( 'NONE',  ( 19.69284581012010094, 17.04156036163979948, -26.73420917360654414 ) ) ;
#6056 = ORIENTED_EDGE ( 'NONE', *, *, #3995, .F. ) ;
#6057 = LINE ( 'NONE', #2002, #7729 ) ;
#6058 = CLOSED_SHELL ( 'NONE', ( #3706, #119, #1798, #4794, #3907, #5674, #7182, #4679, #2691, #2245, #6896, #5119, #2177, #6965, #7011, #6081, #6281, #7879, #2387, #8434, #5793, #7556, #2430, #6795, #6769, #1912, #5230, #6093, #4413, #404, #3539, #1168, #4333, #3647, #6023, #2386, #6133, #8070, #4650, #8400, #1541, #3948, #6413, #7644, #1874, #6342, #7814, #482, #1732, #8135, #3887, #7551, #5560, #7593, #7678, #1812, #1326, #7267, #171, #7609, #888, #5791, #3271, #4902, #2643, #7693, #966, #3863, #7456, #843, #7928, #2439, #8429, #1390, #7376, #5213, #7643, #4328, #5419, #1746, #7756, #6083, #374, #1491, #4935, #7417, #1186, #1471, #4163, #975, #2782, #3283, #7595, #3070, #5421, #839, #7235, #4477, #8072, #23, #289, #5714, #6648, #8233, #6824, #5923, #8454, #922, #1869, #2428, #3067, #1783, #5506, #2367, #7174, #8358, #1188, #7802, #4015, #4139, #4580, #6813, #4729, #3493, #3335, #4301, #1866, #3016, #1737, #2097, #1290, #406, #2765, #5259, #5051, #744, #5616, #5471, #7861, #3578, #4911, #3533, #6604, #6951, #1755, #7798, #7975, #3446, #6746, #3898, #1489, #5505, #6044, #3753, #6712, #4044, #2342, #2264, #5731, #4273, #6325, #5374, #1136, #7163, #3520, #7333, #7935, #6411, #6292, #7605, #2912 ) ) ;
#6059 = ORIENTED_EDGE ( 'NONE', *, *, #5983, .F. ) ;
#6060 = CARTESIAN_POINT ( 'NONE',  ( 102.9232196425334962, -6.129741076305323055, -6.372004342112474795 ) ) ;
#6061 = ORIENTED_EDGE ( 'NONE', *, *, #2115, .F. ) ;
#6062 = CARTESIAN_POINT ( 'NONE',  ( 2.810590823284953910, 187.4125059490237959, -63.32155512708968814 ) ) ;
#6063 = AXIS2_PLACEMENT_3D ( 'NONE', #4645, #6076, #8044 ) ;
#6064 = DIRECTION ( 'NONE',  ( 0.000000000000000000, 0.000000000000000000, -1.000000000000000000 ) ) ;
#6065 = CARTESIAN_POINT ( 'NONE',  ( 61.83455599073734987, 48.96813636249675028, -44.99999999999997868 ) ) ;
#6066 = EDGE_CURVE ( 'NONE', #3398, #7960, #3728, .T. ) ;
#6067 = CARTESIAN_POINT ( 'NONE',  ( 77.50000000000001421, 52.00000000000001421, -8.200510977344908990E-15 ) ) ;
#6068 = CARTESIAN_POINT ( 'NONE',  ( 42.39589333293312734, -2.000000000000000000, -63.46091270347399416 ) ) ;
#6069 = CARTESIAN_POINT ( 'NONE',  ( 22.61814834130690599, 7.251585650081509904, -26.24333046011537007 ) ) ;
#6070 = CARTESIAN_POINT ( 'NONE',  ( 19.35070633628211567, 119.0134562569753029, -89.53290996060361806 ) ) ;
#6071 = ORIENTED_EDGE ( 'NONE', *, *, #3340, .F. ) ;
#6072 = DIRECTION ( 'NONE',  ( 0.000000000000000000, 0.000000000000000000, 1.000000000000000000 ) ) ;
#6073 = CARTESIAN_POINT ( 'NONE',  ( 16.06221168433489055, 123.0162574809148026, -4.359351969089603429 ) ) ;
#6074 = CARTESIAN_POINT ( 'NONE',  ( 113.3982451047276925, 189.8547438537651715, -49.61632813943874254 ) ) ;
#6075 = CARTESIAN_POINT ( 'NONE',  ( 110.1402600057112409, 190.0837242817810022, -48.74335366320383400 ) ) ;
#6076 = DIRECTION ( 'NONE',  ( 1.000000000000000000, 0.000000000000000000, -0.000000000000000000 ) ) ;
#6077 = VERTEX_POINT ( 'NONE', #1580 ) ;
#6078 = VECTOR ( 'NONE', #6729, 1000.000000000000000 ) ;
#6079 = CARTESIAN_POINT ( 'NONE',  ( -0.4799758044445887606, 170.2657123527056342, -34.40343641898024174 ) ) ;
#6080 = CARTESIAN_POINT ( 'NONE',  ( 111.2036392798619175, 179.8621741558959570, -76.99777427609964775 ) ) ;
#6081 = ADVANCED_FACE ( 'NONE', ( #6791 ), #4197, .F. ) ;
#6083 = ADVANCED_FACE ( 'NONE', ( #43, #1148 ), #8380, .T. ) ;
#6082 = ORIENTED_EDGE ( 'NONE', *, *, #346, .F. ) ;
#6084 = DIRECTION ( 'NONE',  ( 0.000000000000000000, 0.000000000000000000, -1.000000000000000000 ) ) ;
#6085 = CARTESIAN_POINT ( 'NONE',  ( 110.2943941675458603, 188.8138158568733331, -36.47396973659797226 ) ) ;
#6086 = CARTESIAN_POINT ( 'NONE',  ( 131.0585186453496931, 127.0403207598367032, -23.23464086060930356 ) ) ;
#6087 = DIRECTION ( 'NONE',  ( 0.000000000000000000, 0.000000000000000000, 1.000000000000000000 ) ) ;
#6088 = CARTESIAN_POINT ( 'NONE',  ( 32.04268651637958243, 69.22045390346369231, -10.20890854307631557 ) ) ;
#6089 = ORIENTED_EDGE ( 'NONE', *, *, #4797, .F. ) ;
#6090 = ORIENTED_EDGE ( 'NONE', *, *, #7483, .T. ) ;
#6091 = DIRECTION ( 'NONE',  ( -1.000000000000000000, 0.000000000000000000, 0.000000000000000000 ) ) ;
#6092 = CARTESIAN_POINT ( 'NONE',  ( 16.88464472707963893, 27.64550571468198115, -69.50000000000000000 ) ) ;
#6093 = ADVANCED_FACE ( 'NONE', ( #5056 ), #5099, .F. ) ;
#6094 = AXIS2_PLACEMENT_3D ( 'NONE', #7858, #7817, #2005 ) ;
#6095 = DIRECTION ( 'NONE',  ( 0.000000000000000000, -0.5000000000000011102, -0.8660254037844379305 ) ) ;
#6096 = CARTESIAN_POINT ( 'NONE',  ( 39.50000000000000711, 39.90000000000001279, -59.04999999999996163 ) ) ;
#6097 = CARTESIAN_POINT ( 'NONE',  ( 132.2900507588324217, 145.8411740491501973, -0.1050219001686416437 ) ) ;
#6098 = EDGE_CURVE ( 'NONE', #484, #50, #2721, .T. ) ;
#6099 = CARTESIAN_POINT ( 'NONE',  ( 18.78434851337332390, 123.2000559591661784, -4.142276683242275936 ) ) ;
#6100 = ORIENTED_EDGE ( 'NONE', *, *, #7282, .T. ) ;
#6101 = EDGE_CURVE ( 'NONE', #6762, #1102, #7591, .T. ) ;
#6102 = CARTESIAN_POINT ( 'NONE',  ( 87.60409755359897588, 98.00000000000000000, -69.21091270347399416 ) ) ;
#6103 = CARTESIAN_POINT ( 'NONE',  ( 34.49999999999995026, 77.91347822513688470, -81.37138523162245463 ) ) ;
#6104 = ORIENTED_EDGE ( 'NONE', *, *, #6466, .T. ) ;
#6105 = AXIS2_PLACEMENT_3D ( 'NONE', #7717, #1731, #365 ) ;
#6106 = VECTOR ( 'NONE', #7105, 1000.000000000000000 ) ;
#6107 = CARTESIAN_POINT ( 'NONE',  ( 84.27797698213485944, 0.6498537462098485928, -6.181712731951963136 ) ) ;
#6108 = CARTESIAN_POINT ( 'NONE',  ( 45.33828646043449595, 11.02310380632718001, -31.46818241719909182 ) ) ;
#6109 = CARTESIAN_POINT ( 'NONE',  ( -0.5866813237248917901, 169.6354527767232128, -33.52604412757523988 ) ) ;
#6110 = CARTESIAN_POINT ( 'NONE',  ( 27.96523848245353605, 77.99298027532881861, -80.67901526579018423 ) ) ;
#6111 = DIRECTION ( 'NONE',  ( 0.000000000000000000, 0.000000000000000000, -1.000000000000000000 ) ) ;
#6112 = CARTESIAN_POINT ( 'NONE',  ( 18.43263494185054086, 126.2957857111151583, -2.877973836450078426 ) ) ;
#6113 = CARTESIAN_POINT ( 'NONE',  ( 10.10742494012239590, 57.22490196572243804, -9.584741620597029055 ) ) ;
#6114 = CARTESIAN_POINT ( 'NONE',  ( -0.9211432254637140771, 125.7895168857878474, -71.38403078622376086 ) ) ;
#6115 = ORIENTED_EDGE ( 'NONE', *, *, #2987, .F. ) ;
#6116 = PLANE ( 'NONE',  #4815 ) ;
#6117 = VECTOR ( 'NONE', #1543, 1000.000000000000000 ) ;
#6118 = CARTESIAN_POINT ( 'NONE',  ( 26.12497312756327972, 43.99614513697682128, -67.77348328193544091 ) ) ;
#6119 = CARTESIAN_POINT ( 'NONE',  ( 118.7832771209948106, 51.71777025053366117, -85.88410937357478758 ) ) ;
#6120 = FACE_OUTER_BOUND ( 'NONE', #4702, .T. ) ;
#6121 = CARTESIAN_POINT ( 'NONE',  ( 85.42901555429541816, -0.000000000000000000, -6.200000000000000178 ) ) ;
#6122 = CARTESIAN_POINT ( 'NONE',  ( 49.50000000000000711, 73.49483581145861422, -75.22939193343887609 ) ) ;
#6123 = CARTESIAN_POINT ( 'NONE',  ( 112.0463355905662866, 166.0236776250831667, -88.85158459097716843 ) ) ;
#6124 = CIRCLE ( 'NONE', #932, 1.649999999999974376 ) ;
#6125 = CARTESIAN_POINT ( 'NONE',  ( 26.97167447653913541, -5.819491724345203565, -68.80894665615507222 ) ) ;
#6126 = CARTESIAN_POINT ( 'NONE',  ( 104.5000000000000142, 87.34000000000000341, -10.37066246678169890 ) ) ;
#6127 = CARTESIAN_POINT ( 'NONE',  ( 130.4083032488675826, 170.6580958566246409, -35.05971822972090024 ) ) ;
#6128 = CARTESIAN_POINT ( 'NONE',  ( 87.60409755359897588, 12.30000000000000071, -69.21091270347400837 ) ) ;
#6129 = CARTESIAN_POINT ( 'NONE',  ( 26.09788959798216723, 84.01223484709157674, -80.72732811970598732 ) ) ;
#6130 = LINE ( 'NONE', #951, #8451 ) ;
#6131 = VERTEX_POINT ( 'NONE', #2527 ) ;
#6132 = EDGE_CURVE ( 'NONE', #5245, #8146, #1883, .T. ) ;
#6133 = ADVANCED_FACE ( 'NONE', ( #1 ), #3205, .F. ) ;
#6134 = ORIENTED_EDGE ( 'NONE', *, *, #3757, .T. ) ;
#6135 = CARTESIAN_POINT ( 'NONE',  ( 58.74038953709422373, 50.82140534836738510, -49.99999999999997158 ) ) ;
#6136 = CARTESIAN_POINT ( 'NONE',  ( 10.60021607167310975, 55.83999999997520547, -27.00991754977235715 ) ) ;
#6137 = LINE ( 'NONE', #233, #5719 ) ;
#6138 = CARTESIAN_POINT ( 'NONE',  ( 132.2512899226664160, 144.2698744268758446, -20.08318084934504810 ) ) ;
#6139 = AXIS2_PLACEMENT_3D ( 'NONE', #46, #3580, #7413 ) ;
#6140 = CARTESIAN_POINT ( 'NONE',  ( 49.50000000000000000, 73.34000000000001762, -74.64834724391587883 ) ) ;
#6141 = EDGE_LOOP ( 'NONE', ( #4437, #7953, #4088, #1316 ) ) ;
#6142 = CARTESIAN_POINT ( 'NONE',  ( 150.0000000000000000, 142.5999999999999943, 6.938893903907228378E-15 ) ) ;
#6143 = DIRECTION ( 'NONE',  ( 0.000000000000000000, 0.000000000000000000, 1.000000000000000000 ) ) ;
#6144 = EDGE_LOOP ( 'NONE', ( #4604, #6491 ) ) ;
#6145 = CARTESIAN_POINT ( 'NONE',  ( 86.43837275102784190, 7.737070037433666059, -6.127808119525494313 ) ) ;
#6146 = CARTESIAN_POINT ( 'NONE',  ( 56.50000000000000711, 30.00000000000000000, -47.49999999999997868 ) ) ;
#6147 = CARTESIAN_POINT ( 'NONE',  ( 19.08081441095767161, 182.9972073926465441, -22.49292595846229759 ) ) ;
#6148 = CARTESIAN_POINT ( 'NONE',  ( 56.50000000000000000, 38.64580823289530542, -44.99999999999996447 ) ) ;
#6149 = EDGE_CURVE ( 'NONE', #3912, #1658, #1239, .T. ) ;
#6150 = ORIENTED_EDGE ( 'NONE', *, *, #1236, .F. ) ;
#6151 = CARTESIAN_POINT ( 'NONE',  ( 52.50000000000000711, 57.54318329410943278, -32.95991754977236354 ) ) ;
#6152 = CARTESIAN_POINT ( 'NONE',  ( 103.8715551661931755, -0.000000000000000000, -75.46543254035918835 ) ) ;
#6153 = CARTESIAN_POINT ( 'NONE',  ( 24.98908297778364584, 0.03222211434921282841, -26.11984386117843115 ) ) ;
#6154 = CARTESIAN_POINT ( 'NONE',  ( 27.82777979200222873, 71.78963079043731454, -84.58470764192139768 ) ) ;
#6155 = EDGE_LOOP ( 'NONE', ( #2416, #3124 ) ) ;
#6156 = DIRECTION ( 'NONE',  ( -0.000000000000000000, -0.000000000000000000, -1.000000000000000000 ) ) ;
#6157 = CARTESIAN_POINT ( 'NONE',  ( -0.9702740260889511914, 127.6559288315275751, -20.37580906851652784 ) ) ;
#6158 = CARTESIAN_POINT ( 'NONE',  ( 125.4919182659603081, 88.76669281828900182, -84.65629259445326227 ) ) ;
#6159 = DIRECTION ( 'NONE',  ( 0.000000000000000000, 0.000000000000000000, 1.000000000000000000 ) ) ;
#6160 = CARTESIAN_POINT ( 'NONE',  ( 77.50000000000001421, 48.11091270347398563, -25.49999999999999289 ) ) ;
#6161 = CARTESIAN_POINT ( 'NONE',  ( 87.60409755359897588, 75.34000000000000341, -65.61091270347399984 ) ) ;
#6162 = EDGE_CURVE ( 'NONE', #6344, #1261, #6905, .T. ) ;
#6163 = CARTESIAN_POINT ( 'NONE',  ( 110.7761529626009036, 184.4401342634753860, -69.99967131734294412 ) ) ;
#6164 = CARTESIAN_POINT ( 'NONE',  ( 45.88557379035191985, 0.1078296106062469062, -88.80313160869363287 ) ) ;
#6165 = DIRECTION ( 'NONE',  ( 0.9999999999999951150, 1.000061563076409361E-07, -0.000000000000000000 ) ) ;
#6166 = CARTESIAN_POINT ( 'NONE',  ( 111.4958973846046604, 176.0977272031579162, -13.80763287561224573 ) ) ;
#6167 = CARTESIAN_POINT ( 'NONE',  ( 126.0000000000000000, 142.5999999999999943, -36.25000000000000000 ) ) ;
#6168 = FACE_BOUND ( 'NONE', #3998, .T. ) ;
#6169 = CARTESIAN_POINT ( 'NONE',  ( 26.54228660378350568, 80.91235204355834298, -80.30043258673460116 ) ) ;
#6170 = DIRECTION ( 'NONE',  ( 0.000000000000000000, 0.000000000000000000, 1.000000000000000000 ) ) ;
#6171 = ORIENTED_EDGE ( 'NONE', *, *, #3541, .T. ) ;
#6172 = PLANE ( 'NONE',  #3105 ) ;
#6173 = ORIENTED_EDGE ( 'NONE', *, *, #1628, .T. ) ;
#6174 = CARTESIAN_POINT ( 'NONE',  ( 19.46456108355472026, 186.7149860473494982, -29.82435126302524253 ) ) ;
#6175 = CARTESIAN_POINT ( 'NONE',  ( 10.92244161204452979, 53.62794311690875304, -27.97563185691613796 ) ) ;
#6176 = EDGE_CURVE ( 'NONE', #8375, #7604, #555, .T. ) ;
#6177 = CARTESIAN_POINT ( 'NONE',  ( 18.38052774201079842, 21.96648357673224083, -25.50000000000000355 ) ) ;
#6178 = CARTESIAN_POINT ( 'NONE',  ( 132.2634560290241268, 151.5213782812792260, -21.33097836162867367 ) ) ;
#6179 = EDGE_CURVE ( 'NONE', #3837, #1459, #361, .T. ) ;
#6180 = CARTESIAN_POINT ( 'NONE',  ( 87.60409755359897588, 75.34000000000000341, -29.38908729652600016 ) ) ;
#6181 = VERTEX_POINT ( 'NONE', #6494 ) ;
#6182 = LINE ( 'NONE', #6898, #543 ) ;
#6183 = CARTESIAN_POINT ( 'NONE',  ( 25.50000000000000711, 87.34000000000058606, -10.37066246679668780 ) ) ;
#6184 = VERTEX_POINT ( 'NONE', #6372 ) ;
#6185 = CARTESIAN_POINT ( 'NONE',  ( 108.9588323653991466, 108.6146205230090942, -8.008079669115176102 ) ) ;
#6186 = DIRECTION ( 'NONE',  ( 0.000000000000000000, 0.000000000000000000, -1.000000000000000000 ) ) ;
#6187 = CARTESIAN_POINT ( 'NONE',  ( 2.504001881048544487, 186.4110147661510553, -29.00148690713329458 ) ) ;
#6188 = CARTESIAN_POINT ( 'NONE',  ( 42.82274821603053283, 10.16211412320467389, -88.85023454000736365 ) ) ;
#6189 = VERTEX_POINT ( 'NONE', #5140 ) ;
#6190 = CARTESIAN_POINT ( 'NONE',  ( 42.39589333293313445, 10.01592551004143949, -32.98908729652599447 ) ) ;
#6191 = FACE_BOUND ( 'NONE', #3301, .T. ) ;
#6192 = CARTESIAN_POINT ( 'NONE',  ( 24.71789217979535991, 0.8355336171874204743, -26.12398233163647987 ) ) ;
#6193 = CARTESIAN_POINT ( 'NONE',  ( 0.04913865691820609033, 117.8941238944361487, -69.19669745138374140 ) ) ;
#6194 = ORIENTED_EDGE ( 'NONE', *, *, #2739, .T. ) ;
#6195 = CARTESIAN_POINT ( 'NONE',  ( 117.6288910543886885, 123.0144210890718455, -89.68380879862489508 ) ) ;
#6196 = FACE_OUTER_BOUND ( 'NONE', #4102, .T. ) ;
#6197 = CARTESIAN_POINT ( 'NONE',  ( 129.9712154517377485, 118.0463603043247787, -69.23495564197109786 ) ) ;
#6198 = CARTESIAN_POINT ( 'NONE',  ( 26.64477255944147416, 82.93703738242481904, -82.94615734120969819 ) ) ;
#6199 = CARTESIAN_POINT ( 'NONE',  ( 103.4707749828927206, 0.000000000000000000, -18.63884591085748355 ) ) ;
#6200 = DIRECTION ( 'NONE',  ( 0.000000000000000000, 0.000000000000000000, 1.000000000000000000 ) ) ;
#6201 = CARTESIAN_POINT ( 'NONE',  ( 25.67988971341265270, -2.006727077799296044, -88.83852916393715304 ) ) ;
#6202 = CARTESIAN_POINT ( 'NONE',  ( 127.8588246239474131, 185.1587896009133658, -68.66509549855440753 ) ) ;
#6203 = CARTESIAN_POINT ( 'NONE',  ( 129.2514142233919472, 112.9357940333472072, -26.94936696641817164 ) ) ;
#6204 = CARTESIAN_POINT ( 'NONE',  ( 42.39589333293313445, -2.000000000000000000, -29.38908729652599305 ) ) ;
#6205 = LINE ( 'NONE', #3657, #5952 ) ;
#6206 = VECTOR ( 'NONE', #3627, 1000.000000000000000 ) ;
#6207 = CARTESIAN_POINT ( 'NONE',  ( 42.31165081479570489, 20.06929233276895985, -25.78908729652598808 ) ) ;
#6208 = ORIENTED_EDGE ( 'NONE', *, *, #3418, .T. ) ;
#6209 = DIRECTION ( 'NONE',  ( -1.000000000000000000, 0.000000000000000000, 0.000000000000000000 ) ) ;
#6210 = EDGE_LOOP ( 'NONE', ( #5168, #2289, #5583, #4857 ) ) ;
#6211 = CARTESIAN_POINT ( 'NONE',  ( 19.03338883272370197, 182.4964755577298092, -21.71022470981165142 ) ) ;
#6212 = AXIS2_PLACEMENT_3D ( 'NONE', #6720, #2109, #4726 ) ;
#6213 = AXIS2_PLACEMENT_3D ( 'NONE', #8058, #6767, #8147 ) ;
#6214 = VERTEX_POINT ( 'NONE', #1794 ) ;
#6215 = CARTESIAN_POINT ( 'NONE',  ( 77.50000000000001421, 30.00000000000000355, -65.99999999999997158 ) ) ;
#6216 = CARTESIAN_POINT ( 'NONE',  ( 131.4557988062440188, 130.9162934818902784, -73.29002575314548551 ) ) ;
#6217 = CARTESIAN_POINT ( 'NONE',  ( 131.9464354610122427, 160.7119264858370684, -3.570108006938510936 ) ) ;
#6218 = CARTESIAN_POINT ( 'NONE',  ( 89.71292872905584659, 11.60000000000003872, -69.21091270347400837 ) ) ;
#6219 = CARTESIAN_POINT ( 'NONE',  ( 49.50000000000000000, 30.00000000000001421, -56.49999999999996447 ) ) ;
#6220 = ORIENTED_EDGE ( 'NONE', *, *, #6352, .T. ) ;
#6221 = CARTESIAN_POINT ( 'NONE',  ( -0.2507687976951952780, 120.2462563901782033, -50.45194220602212454 ) ) ;
#6222 = CIRCLE ( 'NONE', #7999, 47.50000000000001421 ) ;
#6223 = CARTESIAN_POINT ( 'NONE',  ( 13.41436208582750922, 189.0129005174153463, -50.47038772668635431 ) ) ;
#6224 = ORIENTED_EDGE ( 'NONE', *, *, #3385, .T. ) ;
#6225 = CARTESIAN_POINT ( 'NONE',  ( 127.0563276560411623, 98.57942011608469102, -9.560235218371204269 ) ) ;
#6226 = VECTOR ( 'NONE', #3171, 1000.000000000000000 ) ;
#6227 = CARTESIAN_POINT ( 'NONE',  ( 118.8103372291985949, 52.00000000000001421, -29.38908729652600726 ) ) ;
#6228 = CARTESIAN_POINT ( 'NONE',  ( -1.407760886091826924, 163.9537202113189380, -27.57841468930751461 ) ) ;
#6229 = CARTESIAN_POINT ( 'NONE',  ( 105.9013946892825260, 91.58870200112600912, -84.84215077121960746 ) ) ;
#6230 = ORIENTED_EDGE ( 'NONE', *, *, #2319, .F. ) ;
#6231 = CIRCLE ( 'NONE', #1597, 3.000000000000002665 ) ;
#6232 = EDGE_CURVE ( 'NONE', #4833, #1373, #6641, .T. ) ;
#6233 = DIRECTION ( 'NONE',  ( -1.000000000000000000, -0.000000000000000000, -0.000000000000000000 ) ) ;
#6234 = CARTESIAN_POINT ( 'NONE',  ( 1.673185247776874940, 125.2257990880643632, -81.33494770883828551 ) ) ;
#6235 = CARTESIAN_POINT ( 'NONE',  ( 26.66595800469130140, -4.917154904000816451, -26.16682032109926226 ) ) ;
#6236 = CARTESIAN_POINT ( 'NONE',  ( 15.40840885830526652, 33.08070063647983261, -67.06198422620411748 ) ) ;
#6237 = EDGE_LOOP ( 'NONE', ( #6991, #176 ) ) ;
#6238 = CARTESIAN_POINT ( 'NONE',  ( 128.3271166138372053, 125.2259600824619525, -81.33447483678816070 ) ) ;
#6239 = DIRECTION ( 'NONE',  ( 1.000000000000000000, -0.000000000000000000, -0.000000000000000000 ) ) ;
#6240 = CARTESIAN_POINT ( 'NONE',  ( 110.6613768542488287, 119.0967792624956587, -89.55751261968931942 ) ) ;
#6241 = CARTESIAN_POINT ( 'NONE',  ( 42.39589333293313445, 0.000000000000000000, -29.38908729652599305 ) ) ;
#6242 = DIRECTION ( 'NONE',  ( 0.000000000000000000, 0.000000000000000000, -1.000000000000000000 ) ) ;
#6243 = CARTESIAN_POINT ( 'NONE',  ( 24.09860222372677896, 91.58870162292764405, -10.15784925252805415 ) ) ;
#6244 = CARTESIAN_POINT ( 'NONE',  ( 120.0000000000000142, 142.5999999999999943, -47.50000000000000000 ) ) ;
#6245 = AXIS2_PLACEMENT_3D ( 'NONE', #6649, #7159, #115 ) ;
#6246 = CARTESIAN_POINT ( 'NONE',  ( 25.64178868116279730, -1.894270054842503770, -68.87915352737705632 ) ) ;
#6247 = CARTESIAN_POINT ( 'NONE',  ( 126.3112253009348080, 190.0997251219049531, -48.45202260418604112 ) ) ;
#6248 = CARTESIAN_POINT ( 'NONE',  ( 83.82291196890938068, -0.7644686978323814719, -88.77758205684853010 ) ) ;
#6249 = CARTESIAN_POINT ( 'NONE',  ( 18.22976070317977459, 123.2000559591661784, -90.85772331675772762 ) ) ;
#6250 = DIRECTION ( 'NONE',  ( 1.000000000000000000, -0.000000000000000000, 0.000000000000000000 ) ) ;
#6251 = CARTESIAN_POINT ( 'NONE',  ( 42.06259869953205310, 10.01592551004143239, -32.98908729652599447 ) ) ;
#6252 = ORIENTED_EDGE ( 'NONE', *, *, #7347, .F. ) ;
#6253 = CARTESIAN_POINT ( 'NONE',  ( 49.50000000000000000, 39.90000000000001279, -37.59999999999995879 ) ) ;
#6254 = ORIENTED_EDGE ( 'NONE', *, *, #862, .T. ) ;
#6255 = EDGE_CURVE ( 'NONE', #1516, #2192, #5868, .T. ) ;
#6256 = CARTESIAN_POINT ( 'NONE',  ( 129.0299615882692876, 109.9668069250211460, -19.51232198170119148 ) ) ;
#6257 = AXIS2_PLACEMENT_3D ( 'NONE', #1548, #6681, #6170 ) ;
#6258 = ORIENTED_EDGE ( 'NONE', *, *, #1551, .F. ) ;
#6259 = CARTESIAN_POINT ( 'NONE',  ( 105.5000009628523401, 187.6000000000000227, -47.49999999999948841 ) ) ;
#6260 = CARTESIAN_POINT ( 'NONE',  ( 103.5745145644382461, 83.35391202897649521, -84.51496833634558925 ) ) ;
#6261 = CARTESIAN_POINT ( 'NONE',  ( 131.6262793453088591, 164.6969418449620264, -5.385272872158759050 ) ) ;
#6262 = CARTESIAN_POINT ( 'NONE',  ( 34.50000000000000000, 78.34000000000000341, -14.35906609687316582 ) ) ;
#6263 = B_SPLINE_CURVE_WITH_KNOTS ( 'NONE', 3,
 ( #1245, #3212, #2533, #2658, #6623, #7135, #7220, #7869, #1370, #766, #91, #1286, #2704, #726, #3344, #6458, #7828, #1446, #7469, #2136, #7345, #6152, #4753, #3384, #2900, #3428, #5991, #1528 ),
 .UNSPECIFIED., .F., .F.,
 ( 4, 2, 2, 2, 2, 2, 2, 2, 2, 2, 2, 2, 2, 4 ),
 ( 0.000000000000000000, 0.003988014430354398614, 0.005982021645531594017, 0.007976028860708790288, 0.01196404329106320191, 0.01395805050624043808, 0.01495505411382905443, 0.01595205772141767425, 0.01994007215177208414, 0.02193407936694929602, 0.02392808658212650791, 0.02791610101248089004, 0.02991010822765810193, 0.03190411544283531381 ),
 .UNSPECIFIED. ) ;
#6264 = VERTEX_POINT ( 'NONE', #513 ) ;
#6265 = CARTESIAN_POINT ( 'NONE',  ( 111.0000000000000000, 151.1000000000000796, -62.22243186433541950 ) ) ;
#6266 = CARTESIAN_POINT ( 'NONE',  ( 9.828607921388796242, 58.75456422596531070, -30.74821353594602513 ) ) ;
#6267 = ORIENTED_EDGE ( 'NONE', *, *, #1424, .T. ) ;
#6268 = B_SPLINE_CURVE_WITH_KNOTS ( 'NONE', 3,
 ( #2027, #5398, #2753, #257, #3479, #1457, #1539, #5362, #3996, #6038, #2148, #7232, #2872, #4686, #2104, #215, #736, #779, #4806, #2190, #5484, #6597, #8002, #7394, #7268, #4647, #4037, #6675, #3355, #5963, #4764, #6079, #6634, #1500, #103, #2714, #4156, #900, #2833, #2067, #4117, #6713, #857, #5441, #6754, #5329, #3521, #2910, #2955, #2357, #2275, #342, #7614, #6925, #3087, #7438, #3041, #1629, #7567, #4201, #1758, #5572, #3648, #4889, #1070, #429, #4847, #2400, #2999, #8084, #8221, #3691, #6968, #8175, #1585, #4243, #1110, #6287 ),
 .UNSPECIFIED., .F., .F.,
 ( 4, 2, 2, 2, 2, 2, 2, 2, 2, 2, 2, 2, 2, 2, 2, 2, 2, 2, 2, 2, 2, 2, 2, 2, 2, 2, 2, 2, 2, 2, 2, 2, 2, 2, 2, 2, 2, 2, 4 ),
 ( 0.000000000000000000, 0.001912129711823117636, 0.003824259423646235272, 0.007648518847292550341, 0.01147277827093886454, 0.01529703769458517874, 0.02294555654187780194, 0.02485768625370098073, 0.02676981596552416298, 0.03059407538917060035, 0.03441833481281703772, 0.03633046452464022691, 0.03824259423646341610, 0.04206685366010971122, 0.04397898337193283796, 0.04589111308375595083, 0.04971537250740220432, 0.05353963193104845086, 0.05545176164287156373, 0.05736389135469467659, 0.06118815077834088845, 0.06501241020198711418, 0.06883666962563333991, 0.07074879933745645277, 0.07266092904927956564, 0.07648518847292580525, 0.08030944789657205873, 0.08222157760839514384, 0.08413370732021824283, 0.08795796674386442693, 0.08987009645568749816, 0.09178222616751056939, 0.09943074501480296534, 0.1032550044384491633, 0.1070792638620953613, 0.1109035232857415454, 0.1128156529975646166, 0.1147277827093876740, 0.1223763015566799867 ),
 .UNSPECIFIED. ) ;
#6269 = B_SPLINE_CURVE_WITH_KNOTS ( 'NONE', 3,
 ( #3076, #7602, #5689, #2391 ),
 .UNSPECIFIED., .F., .F.,
 ( 4, 4 ),
 ( 0.04854783130061349206, 0.05482113556980927616 ),
 .UNSPECIFIED. ) ;
#6270 = CARTESIAN_POINT ( 'NONE',  ( 118.8025882553322106, 51.81085852253023916, -9.123975441678943810 ) ) ;
#6271 = CARTESIAN_POINT ( 'NONE',  ( 45.25327263588350490, 16.09550986874519651, -27.16890109724562663 ) ) ;
#6272 = AXIS2_PLACEMENT_3D ( 'NONE', #6606, #4567, #1308 ) ;
#6273 = CARTESIAN_POINT ( 'NONE',  ( 18.21467763241967219, 171.5268625658539179, -9.820489281382076996 ) ) ;
#6274 = CARTESIAN_POINT ( 'NONE',  ( 87.60409755359897588, 11.59999999999998188, -25.78908729652601650 ) ) ;
#6275 = CARTESIAN_POINT ( 'NONE',  ( 111.7320747561716985, 129.4214795735727819, -93.25805748878325119 ) ) ;
#6276 = EDGE_CURVE ( 'NONE', #2771, #8356, #356, .T. ) ;
#6277 = CARTESIAN_POINT ( 'NONE',  ( 5.773090127776625557, 123.8041910413166988, -85.96812772103007205 ) ) ;
#6278 = CARTESIAN_POINT ( 'NONE',  ( 84.00409755359896735, 8.000000000000000000, -65.61091270347399984 ) ) ;
#6279 = CARTESIAN_POINT ( 'NONE',  ( 35.14333883755578825, 73.29137354153976958, -10.41771768283495980 ) ) ;
#6280 = ORIENTED_EDGE ( 'NONE', *, *, #472, .F. ) ;
#6281 = ADVANCED_FACE ( 'NONE', ( #7783 ), #1967, .F. ) ;
#6282 = CARTESIAN_POINT ( 'NONE',  ( 112.6781906589628051, 123.0808498046583424, -90.80436073400919383 ) ) ;
#6283 = CARTESIAN_POINT ( 'NONE',  ( 45.91809086751633373, 0.000000000000000000, -6.200000000000000178 ) ) ;
#6284 = CARTESIAN_POINT ( 'NONE',  ( 86.32340454518906370, 7.359990846859223446, -88.87544491444297989 ) ) ;
#6285 = CARTESIAN_POINT ( 'NONE',  ( 27.32336963772345584, 81.89948671702575211, -83.77237524820934311 ) ) ;
#6286 = PLANE ( 'NONE',  #1006 ) ;
#6287 = CARTESIAN_POINT ( 'NONE',  ( -1.220137506708657948, 128.5966559372246820, -72.25247869599698447 ) ) ;
#6288 = CARTESIAN_POINT ( 'NONE',  ( 112.1887912750073895, 142.5999999999993122, -95.00000000000001421 ) ) ;
#6289 = CARTESIAN_POINT ( 'NONE',  ( 26.18057352396058590, -3.484519343540280811, -88.77547367020362401 ) ) ;
#6290 = CARTESIAN_POINT ( 'NONE',  ( 110.1707414522861228, 189.8368471220283880, -52.59583553820230861 ) ) ;
#6291 = CARTESIAN_POINT ( 'NONE',  ( 20.33226851575635763, 14.82792561555387145, -67.08357764847080773 ) ) ;
#6292 = ADVANCED_FACE ( 'NONE', ( #3295 ), #5907, .F. ) ;
#6293 = DIRECTION ( 'NONE',  ( 0.000000000000000000, 0.000000000000000000, 1.000000000000000000 ) ) ;
#6294 = FACE_OUTER_BOUND ( 'NONE', #8103, .T. ) ;
#6295 = CARTESIAN_POINT ( 'NONE',  ( 42.00090376394178548, 19.96521854428460685, -25.81013836837129460 ) ) ;
#6296 = ORIENTED_EDGE ( 'NONE', *, *, #5221, .T. ) ;
#6297 = LINE ( 'NONE', #1641, #3928 ) ;
#6298 = ORIENTED_EDGE ( 'NONE', *, *, #3933, .T. ) ;
#6299 = CARTESIAN_POINT ( 'NONE',  ( 26.17451175024898902, 83.88410924016196191, -10.47529520255942792 ) ) ;
#6300 = APPLICATION_CONTEXT ( 'automotive_design' ) ;
#6302 = EDGE_CURVE ( 'NONE', #4646, #7589, #2825, .T. ) ;
#6301 = ORIENTED_EDGE ( 'NONE', *, *, #92, .T. ) ;
#6303 = CYLINDRICAL_SURFACE ( 'NONE', #6624, 9.000000000000001776 ) ;
#6304 = CARTESIAN_POINT ( 'NONE',  ( 132.2150799726942125, 153.3278817310216198, -21.86815343894300412 ) ) ;
#6305 = AXIS2_PLACEMENT_3D ( 'NONE', #116, #3371, #5375 ) ;
#6306 = DIRECTION ( 'NONE',  ( -0.000000000000000000, 1.000000000000000000, -1.577021341797097314E-16 ) ) ;
#6307 = DIRECTION ( 'NONE',  ( -1.000000000000000000, 0.000000000000000000, 0.000000000000000000 ) ) ;
#6308 = ORIENTED_EDGE ( 'NONE', *, *, #3062, .F. ) ;
#6309 = FACE_OUTER_BOUND ( 'NONE', #2564, .T. ) ;
#6310 = CARTESIAN_POINT ( 'NONE',  ( 39.50000000000000711, 20.10000000000000853, -57.39999999999997016 ) ) ;
#6311 = EDGE_LOOP ( 'NONE', ( #6224, #7753, #5132, #8188, #441 ) ) ;
#6312 = CARTESIAN_POINT ( 'NONE',  ( 128.1871602905546865, 105.8215184918300906, -8.553235048932986473 ) ) ;
#6313 = FACE_OUTER_BOUND ( 'NONE', #1911, .T. ) ;
#6314 = CARTESIAN_POINT ( 'NONE',  ( -1.971923462918047987, 137.6929840469855719, -20.22352618805620494 ) ) ;
#6315 = DIRECTION ( 'NONE',  ( 0.000000000000000000, 0.000000000000000000, 1.000000000000000000 ) ) ;
#6316 = CARTESIAN_POINT ( 'NONE',  ( 150.0000000000000000, 142.5999999999999943, -47.50000000000000000 ) ) ;
#6317 = ORIENTED_EDGE ( 'NONE', *, *, #2588, .T. ) ;
#6318 = CARTESIAN_POINT ( 'NONE',  ( 104.5000000000000142, 142.5999999999999943, -51.64999999999999147 ) ) ;
#6319 = CARTESIAN_POINT ( 'NONE',  ( 27.14818525083373757, -6.340471735238757844, -6.385933492524929811 ) ) ;
#6320 = CARTESIAN_POINT ( 'NONE',  ( 37.54268651639598886, 74.62654356742478967, -10.45247027597637590 ) ) ;
#6321 = ORIENTED_EDGE ( 'NONE', *, *, #8143, .F. ) ;
#6322 = CARTESIAN_POINT ( 'NONE',  ( 111.0000000000000000, 151.1000000000000796, -34.87756813566458192 ) ) ;
#6323 = CARTESIAN_POINT ( 'NONE',  ( 126.0702618979689902, 124.2861687605053476, -84.27511926162621592 ) ) ;
#6324 = CARTESIAN_POINT ( 'NONE',  ( 58.50000000000000711, 52.00000000000001421, -29.38908729652600726 ) ) ;
#6325 = ADVANCED_FACE ( 'NONE', ( #4629 ), #4876, .T. ) ;
#6326 = CARTESIAN_POINT ( 'NONE',  ( 110.0046949958560418, 15.82017137816836261, -68.38884808964942863 ) ) ;
#6327 = CARTESIAN_POINT ( 'NONE',  ( 28.19246229615694688, 80.92011151852321404, -84.48737657759762953 ) ) ;
#6328 = CARTESIAN_POINT ( 'NONE',  ( 41.73661588966596980, 10.04199541969829212, -62.05651283680660413 ) ) ;
#6329 = DIRECTION ( 'NONE',  ( -1.000000000000000000, -0.000000000000000000, -0.000000000000000000 ) ) ;
#6330 = CARTESIAN_POINT ( 'NONE',  ( 42.39589333293312734, 12.30000000000000071, -62.01091270347399131 ) ) ;
#6331 = CARTESIAN_POINT ( 'NONE',  ( 129.0631849104880473, 180.4971897387156901, -76.19990160995153872 ) ) ;
#6332 = CARTESIAN_POINT ( 'NONE',  ( 93.35913117413842599, 32.35537691158502582, -87.60648779267792463 ) ) ;
#6333 = DIRECTION ( 'NONE',  ( -0.000000000000000000, 0.000000000000000000, -1.000000000000000000 ) ) ;
#6334 = DIRECTION ( 'NONE',  ( 0.000000000000000000, 0.000000000000000000, 1.000000000000000000 ) ) ;
#6335 = AXIS2_PLACEMENT_3D ( 'NONE', #3342, #2861, #6111 ) ;
#6336 = CARTESIAN_POINT ( 'NONE',  ( 39.16281103115097295, 11.39132143986260637, -30.99590662954131659 ) ) ;
#6337 = ORIENTED_EDGE ( 'NONE', *, *, #6302, .T. ) ;
#6338 =( BOUNDED_CURVE ( )  B_SPLINE_CURVE ( 3, ( #5351, #3427, #6028, #166 ),
 .UNSPECIFIED., .F., .F. ) 
 B_SPLINE_CURVE_WITH_KNOTS ( ( 4, 4 ),
 ( 1.570796326794903219, 3.141592653589793116 ),
 .UNSPECIFIED. ) 
 CURVE ( )  GEOMETRIC_REPRESENTATION_ITEM ( )  RATIONAL_B_SPLINE_CURVE ( ( 1.000000000000000000, 0.8047378541243666028, 0.8047378541243666028, 1.000000000000000000 ) ) 
 REPRESENTATION_ITEM ( '' )  );
#6339 = LINE ( 'NONE', #2881, #4618 ) ;
#6340 = VERTEX_POINT ( 'NONE', #7948 ) ;
#6341 = CARTESIAN_POINT ( 'NONE',  ( 42.39589333293312734, 10.01592551004141818, -62.01091270347398421 ) ) ;
#6342 = ADVANCED_FACE ( 'NONE', ( #6582 ), #2011, .T. ) ;
#6343 = EDGE_CURVE ( 'NONE', #369, #3721, #874, .T. ) ;
#6344 = VERTEX_POINT ( 'NONE', #1004 ) ;
#6345 = CARTESIAN_POINT ( 'NONE',  ( 26.22804548382825018, 83.51320330680754012, -17.54148911789020460 ) ) ;
#6346 = CARTESIAN_POINT ( 'NONE',  ( 132.1524180067259522, 140.8596774457643050, -19.92175172044409948 ) ) ;
#6347 = CARTESIAN_POINT ( 'NONE',  ( 9.497242904316626877, 60.40897395322448205, -64.94463744625349477 ) ) ;
#6348 = CARTESIAN_POINT ( 'NONE',  ( 41.06755357960577868, 16.13426338375440494, -6.337537600490795064 ) ) ;
#6349 = CIRCLE ( 'NONE', #5672, 2.149999999999999023 ) ;
#6350 = VERTEX_POINT ( 'NONE', #6219 ) ;
#6351 = CARTESIAN_POINT ( 'NONE',  ( -0.2317602326860204176, 120.0999934764225969, -48.98855976432271575 ) ) ;
#6352 = EDGE_CURVE ( 'NONE', #5633, #2147, #2201, .T. ) ;
#6353 = CIRCLE ( 'NONE', #2672, 15.00000000000000000 ) ;
#6354 = CARTESIAN_POINT ( 'NONE',  ( 22.68356880126827946, 7.073982359290622135, -68.75234943559375722 ) ) ;
#6355 = VECTOR ( 'NONE', #4735, 1000.000000000000000 ) ;
#6356 = ORIENTED_EDGE ( 'NONE', *, *, #1123, .F. ) ;
#6357 = CARTESIAN_POINT ( 'NONE',  ( 122.9129916872388861, 73.43354221133279225, -10.50710158979614839 ) ) ;
#6358 = DIRECTION ( 'NONE',  ( 0.000000000000000000, 0.000000000000000000, -1.000000000000000000 ) ) ;
#6359 = CARTESIAN_POINT ( 'NONE',  ( 17.69590152145721262, 152.3644622544599088, -0.9706737966012414232 ) ) ;
#6360 = CARTESIAN_POINT ( 'NONE',  ( 91.20409755359898440, 8.000000000000000000, -65.61091270347399984 ) ) ;
#6361 = EDGE_CURVE ( 'NONE', #3155, #2183, #2295, .T. ) ;
#6362 = DIRECTION ( 'NONE',  ( 0.000000000000000000, 0.000000000000000000, -1.000000000000000000 ) ) ;
#6363 = ORIENTED_EDGE ( 'NONE', *, *, #7908, .F. ) ;
#6364 = CARTESIAN_POINT ( 'NONE',  ( 6.773359147749678399, 123.5978419032404645, -86.74905416960500304 ) ) ;
#6365 = CARTESIAN_POINT ( 'NONE',  ( 45.26709502174649202, 2.153303713660269736, -6.147919508799596144 ) ) ;
#6366 = CARTESIAN_POINT ( 'NONE',  ( 18.78581646510069447, 123.1861520502455534, -90.85303750489030961 ) ) ;
#6367 = ORIENTED_EDGE ( 'NONE', *, *, #5224, .T. ) ;
#6368 = AXIS2_PLACEMENT_3D ( 'NONE', #7176, #1330, #5786 ) ;
#6369 = CARTESIAN_POINT ( 'NONE',  ( -1.702986003840135432, 133.8748300107103830, -74.08217224169111148 ) ) ;
#6370 = CARTESIAN_POINT ( 'NONE',  ( 111.1353440694919925, 122.5669658595422931, -4.353616069584119508 ) ) ;
#6371 = AXIS2_PLACEMENT_3D ( 'NONE', #640, #7004, #5823 ) ;
#6372 = CARTESIAN_POINT ( 'NONE',  ( 42.39589333293312734, 0.000000000000000000, -63.46091270347399416 ) ) ;
#6373 = CARTESIAN_POINT ( 'NONE',  ( 106.6180866785477548, 4.844704033481624705, -88.98813312459613201 ) ) ;
#6374 = LINE ( 'NONE', #6833, #6402 ) ;
#6375 = CARTESIAN_POINT ( 'NONE',  ( 39.05767352945046156, 11.58761964849510306, -64.23966701553621306 ) ) ;
#6376 = CARTESIAN_POINT ( 'NONE',  ( 132.2367384523791429, 152.5475102558416722, -27.30497354793842035 ) ) ;
#6377 = LINE ( 'NONE', #7568, #6766 ) ;
#6378 = AXIS2_PLACEMENT_3D ( 'NONE', #4858, #6209, #2965 ) ;
#6379 = CARTESIAN_POINT ( 'NONE',  ( 130.6495571744981135, 169.2709342220541942, -62.00515729378782481 ) ) ;
#6380 = CARTESIAN_POINT ( 'NONE',  ( 30.55223117914113473, 79.21892138057165766, -84.48525030985769035 ) ) ;
#6381 = CARTESIAN_POINT ( 'NONE',  ( 111.7827687172694340, 190.0200943038996115, -45.81653745397102995 ) ) ;
#6382 = FACE_OUTER_BOUND ( 'NONE', #8242, .T. ) ;
#6383 = CARTESIAN_POINT ( 'NONE',  ( 41.73784244731768212, 10.04189597461603078, -32.94366264942728861 ) ) ;
#6384 = ORIENTED_EDGE ( 'NONE', *, *, #5461, .T. ) ;
#6385 = CARTESIAN_POINT ( 'NONE',  ( 112.2970925091065482, 150.2412599513584723, -0.5939075677674335862 ) ) ;
#6386 = ORIENTED_EDGE ( 'NONE', *, *, #2693, .T. ) ;
#6387 = CARTESIAN_POINT ( 'NONE',  ( 49.62670429456260024, 78.33999999999277009, -77.10379953565271194 ) ) ;
#6388 = VERTEX_POINT ( 'NONE', #7255 ) ;
#6389 = CARTESIAN_POINT ( 'NONE',  ( 33.21211660464928883, 78.33999999998721364, -18.50991754976594095 ) ) ;
#6390 = B_SPLINE_CURVE_WITH_KNOTS ( 'NONE', 3,
 ( #5110, #5660, #8268, #2963, #2409, #5025, #8312, #1638, #2455, #3783, #7663, #1806, #4426, #6842, #3606, #352, #3220, #7185, #3951, #1336, #6552, #5243, #694, #6465, #1849, #3306, #2540, #1251, #5917, #3992, #7061, #2583, #8390, #7104, #7834, #7751, #4644, #3265, #3867, #54, #5839, #1207, #3825, #6594, #5881, #2710, #608, #13, #4471, #8439, #7706, #5202, #2624, #2665, #7794, #1979, #5154, #4599 ),
 .UNSPECIFIED., .F., .F.,
 ( 4, 2, 2, 2, 2, 2, 2, 2, 2, 2, 2, 2, 2, 2, 2, 2, 2, 2, 2, 2, 2, 2, 2, 2, 2, 2, 2, 2, 4 ),
 ( 0.07043206720940269061, 0.07483303810445374182, 0.07593328082821650116, 0.07703352355197926049, 0.07923400899950477916, 0.08143449444703031170, 0.08253473717079308491, 0.08363497989455587200, 0.08803595078960692322, 0.09023643623713248352, 0.09243692168465804382, 0.09683789257970921993, 0.09903837802723480799, 0.1012388634747604099, 0.1056398343698116693, 0.1100408052648629426, 0.1122412907123886139, 0.1144417761599142852, 0.1188427470549657111, 0.1199429897787285676, 0.1210432325024914241, 0.1232437179500171925, 0.1276446888450687434, 0.1287449315688315998, 0.1298451742925944841, 0.1320456597401202248, 0.1342461451876459932, 0.1364466306351717617, 0.1408476015302232709 ),
 .UNSPECIFIED. ) ;
#6391 = CARTESIAN_POINT ( 'NONE',  ( 130.7330039792730076, 168.7632188097863093, -62.65945459742190593 ) ) ;
#6392 = EDGE_CURVE ( 'NONE', #8450, #4236, #4672, .T. ) ;
#6393 = CARTESIAN_POINT ( 'NONE',  ( 47.99558823093392590, 78.34000000000003183, -84.49008245022770325 ) ) ;
#6394 = DIRECTION ( 'NONE',  ( -1.000000000000000000, 0.000000000000000000, -0.000000000000000000 ) ) ;
#6395 = ORIENTED_EDGE ( 'NONE', *, *, #2127, .T. ) ;
#6396 = ORIENTED_EDGE ( 'NONE', *, *, #1514, .T. ) ;
#6397 = ORIENTED_EDGE ( 'NONE', *, *, #3255, .F. ) ;
#6398 = CARTESIAN_POINT ( 'NONE',  ( -1.132533024988080728, 127.7292463931360373, -64.44868098263707168 ) ) ;
#6399 = DIRECTION ( 'NONE',  ( 0.3041688597376819292, 0.9526181316592069459, 5.551115123125777180E-15 ) ) ;
#6400 = CARTESIAN_POINT ( 'NONE',  ( 18.78434851337332390, 123.2000559591661784, -4.142276683242275936 ) ) ;
#6401 = DIRECTION ( 'NONE',  ( -1.000000000000000000, -0.000000000000000000, -0.000000000000000000 ) ) ;
#6402 = VECTOR ( 'NONE', #1068, 1000.000000000000000 ) ;
#6403 = CARTESIAN_POINT ( 'NONE',  ( -2.309956384271237617, 152.3744146238929034, -0.9655889632508759535 ) ) ;
#6404 = CARTESIAN_POINT ( 'NONE',  ( 18.86465479186288263, 122.5669658626447074, -90.64638393144157646 ) ) ;
#6405 = CARTESIAN_POINT ( 'NONE',  ( 42.72966213900333798, 10.01592551004142173, -62.01091270347399131 ) ) ;
#6406 = ORIENTED_EDGE ( 'NONE', *, *, #4932, .T. ) ;
#6407 = EDGE_CURVE ( 'NONE', #484, #668, #7598, .T. ) ;
#6408 = CARTESIAN_POINT ( 'NONE',  ( 27.12409058645648230, -6.269355178416373242, -6.380919155845727886 ) ) ;
#6409 = CARTESIAN_POINT ( 'NONE',  ( 18.60065181249678901, 124.9989190341603660, -91.46396534501043618 ) ) ;
#6410 = EDGE_LOOP ( 'NONE', ( #6682, #2500, #5463, #8293 ) ) ;
#6411 = ADVANCED_FACE ( 'NONE', ( #5762 ), #8197, .F. ) ;
#6412 = CARTESIAN_POINT ( 'NONE',  ( 18.04732305500530742, 168.2082358262008484, -87.50909196456476025 ) ) ;
#6413 = ADVANCED_FACE ( 'NONE', ( #8278 ), #3749, .T. ) ;
#6414 = CARTESIAN_POINT ( 'NONE',  ( 12.30106303720035754, 46.74868316657551759, -65.90013932010164410 ) ) ;
#6415 = DIRECTION ( 'NONE',  ( -1.000000000000000000, -0.000000000000000000, -0.000000000000000000 ) ) ;
#6416 = AXIS2_PLACEMENT_3D ( 'NONE', #4006, #579, #5893 ) ;
#6417 = CARTESIAN_POINT ( 'NONE',  ( 103.8190632865212422, -3.485605136412611049, -88.77541871199382228 ) ) ;
#6418 = CARTESIAN_POINT ( 'NONE',  ( 18.32726637659022373, 173.5629969686756624, -83.64998116623020508 ) ) ;
#6419 = EDGE_CURVE ( 'NONE', #7494, #5982, #5669, .T. ) ;
#6420 = LINE ( 'NONE', #5783, #7431 ) ;
#6421 = CARTESIAN_POINT ( 'NONE',  ( 87.60409755359897588, 11.59999999999998188, -25.78908729652601650 ) ) ;
#6422 = CARTESIAN_POINT ( 'NONE',  ( 118.8106577468607838, 52.00000000000000711, -65.49856997275421122 ) ) ;
#6423 = CARTESIAN_POINT ( 'NONE',  ( 131.8862144733512309, 136.4084869831196443, -74.57562104139597636 ) ) ;
#6424 = PLANE ( 'NONE',  #8177 ) ;
#6425 = CARTESIAN_POINT ( 'NONE',  ( 27.99746061795385899, 77.94497613140907788, -80.68400861390401246 ) ) ;
#6426 = FACE_OUTER_BOUND ( 'NONE', #648, .T. ) ;
#6427 = ORIENTED_EDGE ( 'NONE', *, *, #1579, .T. ) ;
#6428 = EDGE_CURVE ( 'NONE', #1144, #1507, #3650, .T. ) ;
#6429 = CARTESIAN_POINT ( 'NONE',  ( 110.3656287557615912, 188.2072090148676295, -34.20253869420190540 ) ) ;
#6430 = ORIENTED_EDGE ( 'NONE', *, *, #5397, .T. ) ;
#6431 = DIRECTION ( 'NONE',  ( -0.9999999999999950040, -1.000061563076409229E-07, -0.000000000000000000 ) ) ;
#6432 = ORIENTED_EDGE ( 'NONE', *, *, #4590, .F. ) ;
#6433 = CARTESIAN_POINT ( 'NONE',  ( 19.85973465361908552, 190.0837242375548044, -46.25664464779708851 ) ) ;
#6434 = CARTESIAN_POINT ( 'NONE',  ( 129.6950053911822920, 174.2872535431298218, -46.27774946945708479 ) ) ;
#6435 = CARTESIAN_POINT ( 'NONE',  ( 45.09954720641318460, 74.89937869591584274, -80.37347919730029844 ) ) ;
#6436 = CARTESIAN_POINT ( 'NONE',  ( 18.99999272355231739, 151.0999953997165335, -62.22243186433541950 ) ) ;
#6437 = VERTEX_POINT ( 'NONE', #5035 ) ;
#6438 = ORIENTED_EDGE ( 'NONE', *, *, #5822, .F. ) ;
#6439 = ORIENTED_EDGE ( 'NONE', *, *, #4263, .T. ) ;
#6440 = DIRECTION ( 'NONE',  ( -1.000000000000000000, -6.208745440146051873E-17, -0.000000000000000000 ) ) ;
#6441 = FACE_OUTER_BOUND ( 'NONE', #213, .T. ) ;
#6442 = EDGE_CURVE ( 'NONE', #1609, #1719, #225, .T. ) ;
#6443 = CARTESIAN_POINT ( 'NONE',  ( 111.3993465709140764, 124.9989190184089125, -3.536034660298032151 ) ) ;
#6444 = DIRECTION ( 'NONE',  ( 0.000000000000000000, 1.000000000000000000, 0.000000000000000000 ) ) ;
#6445 = EDGE_CURVE ( 'NONE', #4693, #5946, #1047, .T. ) ;
#6446 = CARTESIAN_POINT ( 'NONE',  ( 17.81763804928245776, 142.3038424400461111, 0.001817459004366938887 ) ) ;
#6447 = CARTESIAN_POINT ( 'NONE',  ( 45.24924009616620424, 16.10548545693347933, -67.83625290438158117 ) ) ;
#6448 = ORIENTED_EDGE ( 'NONE', *, *, #5662, .T. ) ;
#6449 = CARTESIAN_POINT ( 'NONE',  ( 102.8759263207187189, -6.269330136036160184, -6.380918339152664487 ) ) ;
#6450 = LINE ( 'NONE', #8252, #2373 ) ;
#6451 = EDGE_LOOP ( 'NONE', ( #6061, #868, #5252, #4438, #3234 ) ) ;
#6452 = CARTESIAN_POINT ( 'NONE',  ( 17.70507825090786369, 154.3325125059444645, -93.53961604579761513 ) ) ;
#6453 = CARTESIAN_POINT ( 'NONE',  ( 104.5000000000000284, 1.297627796990525137E-14, -150.0000000000000000 ) ) ;
#6454 = CARTESIAN_POINT ( 'NONE',  ( 84.96033172743210571, 2.902178751347791685, -88.86383781726472364 ) ) ;
#6455 = CARTESIAN_POINT ( 'NONE',  ( 19.52575082674668394, 187.2586158511044232, -63.70028549075645685 ) ) ;
#6456 = CARTESIAN_POINT ( 'NONE',  ( 104.5000000000000426, 99.33335338243337276, -9.891876222820565445 ) ) ;
#6457 = CARTESIAN_POINT ( 'NONE',  ( 132.2984552542156393, 148.7808299877849265, -25.86246144954419890 ) ) ;
#6458 = CARTESIAN_POINT ( 'NONE',  ( 99.66379194695169019, -0.000000000000000000, -82.23295654672192256 ) ) ;
#6459 = CARTESIAN_POINT ( 'NONE',  ( -0.9268073022618429357, 125.8404140686764947, -23.60059423573819615 ) ) ;
#6460 = VERTEX_POINT ( 'NONE', #1860 ) ;
#6461 = EDGE_CURVE ( 'NONE', #2202, #5586, #2140, .T. ) ;
#6462 = CARTESIAN_POINT ( 'NONE',  ( 112.1494637146005147, 162.8807634735986767, -90.45579515595939313 ) ) ;
#6463 = CARTESIAN_POINT ( 'NONE',  ( 110.1402600057111982, 190.0837242817809454, -46.25664633679417648 ) ) ;
#6464 = CARTESIAN_POINT ( 'NONE',  ( 29.17696928856280536, 76.56957196165289758, -80.75928335317676954 ) ) ;
#6465 = CARTESIAN_POINT ( 'NONE',  ( -2.282418916244859375, 150.5368570040391489, -26.43340990948276925 ) ) ;
#6466 = EDGE_CURVE ( 'NONE', #6437, #2340, #7480, .T. ) ;
#6467 = DIRECTION ( 'NONE',  ( -1.000000000000000000, -0.000000000000000000, -0.000000000000000000 ) ) ;
#6468 = ORIENTED_EDGE ( 'NONE', *, *, #5411, .F. ) ;
#6469 = ORIENTED_EDGE ( 'NONE', *, *, #3207, .F. ) ;
#6470 = AXIS2_PLACEMENT_3D ( 'NONE', #4845, #2356, #3598 ) ;
#6471 = LINE ( 'NONE', #3272, #8267 ) ;
#6472 = CARTESIAN_POINT ( 'NONE',  ( 129.8105905252612331, 173.7414022730703493, -52.57987294993091609 ) ) ;
#6473 = CARTESIAN_POINT ( 'NONE',  ( 0.4151045133180066848, 115.2256108838420801, -68.55197677970981829 ) ) ;
#6474 = DIRECTION ( 'NONE',  ( -1.000000000000000000, -0.000000000000000000, -0.000000000000000000 ) ) ;
#6475 = ORIENTED_EDGE ( 'NONE', *, *, #1842, .F. ) ;
#6476 = ORIENTED_EDGE ( 'NONE', *, *, #2262, .F. ) ;
#6477 = VERTEX_POINT ( 'NONE', #3796 ) ;
#6478 = DIRECTION ( 'NONE',  ( 7.304098846218133188E-17, -1.000000000000000000, 0.000000000000000000 ) ) ;
#6479 = B_SPLINE_CURVE_WITH_KNOTS ( 'NONE', 3,
 ( #1936, #7788, #2017, #1407 ),
 .UNSPECIFIED., .F., .F.,
 ( 4, 4 ),
 ( 0.7072600201147034582, 1.000000000000000000 ),
 .UNSPECIFIED. ) ;
#6480 = DIRECTION ( 'NONE',  ( 0.000000000000000000, 0.000000000000000000, 1.000000000000000000 ) ) ;
#6481 = CARTESIAN_POINT ( 'NONE',  ( 32.30040831222530784, 0.000000000000000000, -84.01483731293264157 ) ) ;
#6482 = B_SPLINE_CURVE_WITH_KNOTS ( 'NONE', 3,
 ( #2185, #7262, #3390, #172, #6707, #4842, #5357, #7956, #4801, #3348, #2143, #5390, #2096, #4149, #6747, #6118, #253, #7996, #731, #7352 ),
 .UNSPECIFIED., .F., .F.,
 ( 4, 2, 2, 2, 2, 2, 2, 2, 2, 4 ),
 ( 0.000000000000000000, 0.0005999499240982494310, 0.001199899848196498862, 0.001799849772294748185, 0.002399799696392997724, 0.003599699544589502441, 0.004799599392786006724, 0.005999499240982510140, 0.007199399089179016158, 0.009599198785572011713 ),
 .UNSPECIFIED. ) ;
#6483 = LINE ( 'NONE', #3116, #7616 ) ;
#6484 = CARTESIAN_POINT ( 'NONE',  ( -2.203199913057564796, 142.6062737419347570, 0.008574262330031967930 ) ) ;
#6485 = CARTESIAN_POINT ( 'NONE',  ( 22.98450787487473335, 97.74130343725155967, -85.36091233341046802 ) ) ;
#6486 = CIRCLE ( 'NONE', #200, 2.099999999999997868 ) ;
#6487 = CARTESIAN_POINT ( 'NONE',  ( 45.93932616756535481, 13.70512225842275633, -66.27751506500835887 ) ) ;
#6488 = ORIENTED_EDGE ( 'NONE', *, *, #5443, .T. ) ;
#6489 = CARTESIAN_POINT ( 'NONE',  ( 103.0283410774960657, -5.819468891974430846, -26.19105334372109084 ) ) ;
#6490 = CARTESIAN_POINT ( 'NONE',  ( -0.4758100372804467404, 121.5100204995468829, -4.711842282259267378 ) ) ;
#6491 = ORIENTED_EDGE ( 'NONE', *, *, #4268, .F. ) ;
#6492 = CIRCLE ( 'NONE', #6212, 2.149999999999999023 ) ;
#6493 = CARTESIAN_POINT ( 'NONE',  ( -2.024739685164086644, 138.6695543758168014, -74.85702589064753454 ) ) ;
#6494 = CARTESIAN_POINT ( 'NONE',  ( 56.50000000000000711, 20.10000000000000853, -55.74999999999997868 ) ) ;
#6495 = CARTESIAN_POINT ( 'NONE',  ( 84.09310227198859877, 0.03709586865680007672, -88.80108557091057264 ) ) ;
#6496 = EDGE_CURVE ( 'NONE', #2094, #3702, #7672, .T. ) ;
#6497 = CARTESIAN_POINT ( 'NONE',  ( 87.60409755359897588, 3.700000000000000178, -65.61091270347401405 ) ) ;
#6498 = DIRECTION ( 'NONE',  ( 0.000000000000000000, -1.000000000000000000, 0.000000000000000000 ) ) ;
#6499 = CARTESIAN_POINT ( 'NONE',  ( 132.2989442734629790, 147.7054879876086488, -25.58376302210165321 ) ) ;
#6500 = DIRECTION ( 'NONE',  ( 1.000000000000000000, -0.000000000000000000, 0.000000000000000000 ) ) ;
#6501 = AXIS2_PLACEMENT_3D ( 'NONE', #2191, #1501, #6836 ) ;
#6502 = CARTESIAN_POINT ( 'NONE',  ( -0.2701579444184080137, 119.9660046614403370, -5.198374518054497351 ) ) ;
#6503 = ORIENTED_EDGE ( 'NONE', *, *, #7243, .F. ) ;
#6504 = AXIS2_PLACEMENT_3D ( 'NONE', #384, #2994, #4327 ) ;
#6505 = CARTESIAN_POINT ( 'NONE',  ( 132.1704018747128089, 141.6108039095369691, -75.02425224843472051 ) ) ;
#6506 = DIRECTION ( 'NONE',  ( 0.000000000000000000, 0.000000000000000000, -1.000000000000000000 ) ) ;
#6507 = CARTESIAN_POINT ( 'NONE',  ( 87.60409755359897588, 75.34000000000000341, -22.78908729652599874 ) ) ;
#6508 = CIRCLE ( 'NONE', #3237, 6.600000000000001421 ) ;
#6509 = AXIS2_PLACEMENT_3D ( 'NONE', #5311, #1878, #1361 ) ;
#6510 = CARTESIAN_POINT ( 'NONE',  ( 108.7732003117920385, 11.88908729652601082, -25.50000000000000000 ) ) ;
#6511 = DIRECTION ( 'NONE',  ( 0.000000000000000000, 0.000000000000000000, 1.000000000000000000 ) ) ;
#6512 = ORIENTED_EDGE ( 'NONE', *, *, #4028, .F. ) ;
#6513 = VECTOR ( 'NONE', #6394, 1000.000000000000000 ) ;
#6514 = DIRECTION ( 'NONE',  ( 0.000000000000000000, 1.000000000000000000, 0.000000000000000000 ) ) ;
#6515 = ORIENTED_EDGE ( 'NONE', *, *, #3997, .F. ) ;
#6516 = CARTESIAN_POINT ( 'NONE',  ( 104.2706768793477181, 85.30013867913392289, -10.44037715116056297 ) ) ;
#6517 = CARTESIAN_POINT ( 'NONE',  ( 114.3700000000000045, 142.5999999999999943, -43.35000000000000853 ) ) ;
#6518 = CARTESIAN_POINT ( 'NONE',  ( 3.542788054757754157, 94.77074103513753300, -65.26205261012007952 ) ) ;
#6519 = EDGE_CURVE ( 'NONE', #7045, #4509, #4482, .T. ) ;
#6520 = CYLINDRICAL_SURFACE ( 'NONE', #3513, 22.50000000000000711 ) ;
#6521 = ORIENTED_EDGE ( 'NONE', *, *, #275, .T. ) ;
#6522 = VERTEX_POINT ( 'NONE', #2974 ) ;
#6523 = EDGE_LOOP ( 'NONE', ( #8315, #2660, #1210, #7731 ) ) ;
#6524 = DIRECTION ( 'NONE',  ( 1.000000000000000000, 0.000000000000000000, -0.000000000000000000 ) ) ;
#6525 = CARTESIAN_POINT ( 'NONE',  ( 131.2517225073717668, 128.8798566522809779, -29.60721698392021750 ) ) ;
#6526 = DIRECTION ( 'NONE',  ( 0.000000000000000000, 0.000000000000000000, 1.000000000000000000 ) ) ;
#6527 = LINE ( 'NONE', #6608, #6355 ) ;
#6528 = AXIS2_PLACEMENT_3D ( 'NONE', #7547, #4789, #1695 ) ;
#6529 = CARTESIAN_POINT ( 'NONE',  ( 18.19117610682567587, 131.2836494059184247, -1.356677152697266964 ) ) ;
#6530 = CARTESIAN_POINT ( 'NONE',  ( 19.07314375299434062, 120.9839975316922391, -90.13341243484624954 ) ) ;
#6531 = DIRECTION ( 'NONE',  ( -1.000000000000000000, 0.000000000000000000, 0.000000000000000000 ) ) ;
#6532 = ORIENTED_EDGE ( 'NONE', *, *, #293, .T. ) ;
#6533 = CARTESIAN_POINT ( 'NONE',  ( 24.49999999999999645, 187.6000000000000227, -47.50000000000000000 ) ) ;
#6534 = AXIS2_PLACEMENT_3D ( 'NONE', #3437, #1413, #6709 ) ;
#6535 = CARTESIAN_POINT ( 'NONE',  ( 36.82587588242896004, -0.000000000000000000, -8.132792947878348500 ) ) ;
#6536 = CARTESIAN_POINT ( 'NONE',  ( 27.21430705735165034, 82.04781292552442551, -84.49630613632088227 ) ) ;
#6537 = CARTESIAN_POINT ( 'NONE',  ( 17.74221613317176960, 158.2313876460815152, -92.40018850355573932 ) ) ;
#6538 = LINE ( 'NONE', #42, #6620 ) ;
#6539 = DIRECTION ( 'NONE',  ( 0.000000000000000000, 0.000000000000000000, 1.000000000000000000 ) ) ;
#6540 = B_SPLINE_CURVE_WITH_KNOTS ( 'NONE', 3,
 ( #6320, #2481, #7603, #8338, #3766, #5005, #6279, #2350, #551, #5690, #7000, #1790, #5644, #509, #3167, #5776, #2437, #3724 ),
 .UNSPECIFIED., .F., .F.,
 ( 4, 2, 2, 2, 2, 2, 2, 2, 4 ),
 ( 0.000000000000000000, 0.001073200842741836017, 0.002146401685483672033, 0.003219602528225507833, 0.004292803370967344066, 0.005366004213709180300, 0.006439205056451015666, 0.007512405899192851899, 0.008585606741934688133 ),
 .UNSPECIFIED. ) ;
#6541 = CARTESIAN_POINT ( 'NONE',  ( 9.239918719394065505, 61.75900104383762823, -30.12382321905482740 ) ) ;
#6542 = CARTESIAN_POINT ( 'NONE',  ( 42.39589333293312734, 3.700000000000000178, -65.61091270347399984 ) ) ;
#6543 = CARTESIAN_POINT ( 'NONE',  ( 131.7070665427347933, 161.1186213799356892, -60.28458647658682423 ) ) ;
#6544 = CARTESIAN_POINT ( 'NONE',  ( 14.70369121891911135, 36.99999999999752021, -25.50000000000000711 ) ) ;
#6545 = CARTESIAN_POINT ( 'NONE',  ( -1.086350595316727397, 127.3106713891198325, -23.14865766238381184 ) ) ;
#6546 = EDGE_CURVE ( 'NONE', #1891, #2102, #4194, .T. ) ;
#6547 = ORIENTED_EDGE ( 'NONE', *, *, #3418, .F. ) ;
#6548 = CIRCLE ( 'NONE', #7640, 2.099999999999994316 ) ;
#6549 = CARTESIAN_POINT ( 'NONE',  ( 132.1713949988001957, 141.4720372932996781, -95.04286072182230782 ) ) ;
#6550 = DIRECTION ( 'NONE',  ( 0.000000000000000000, 0.000000000000000000, 1.000000000000000000 ) ) ;
#6551 = CARTESIAN_POINT ( 'NONE',  ( 130.4511446539321184, 121.3197267728266553, -90.22497795178060187 ) ) ;
#6552 = CARTESIAN_POINT ( 'NONE',  ( -2.106640020157497517, 155.7093429832628999, -29.19875982540698800 ) ) ;
#6553 = CARTESIAN_POINT ( 'NONE',  ( 130.4778683081254087, 121.1022333576427457, -89.94197191282363235 ) ) ;
#6554 = ORIENTED_EDGE ( 'NONE', *, *, #8248, .T. ) ;
#6555 = CARTESIAN_POINT ( 'NONE',  ( 47.72894656284357495, 78.34000000000001762, -80.37321091282649377 ) ) ;
#6556 = CARTESIAN_POINT ( 'NONE',  ( 27.12099382343861720, -6.260214933934754811, -68.79602250649972461 ) ) ;
#6557 = EDGE_CURVE ( 'NONE', #4870, #8199, #4952, .T. ) ;
#6558 = DIRECTION ( 'NONE',  ( 0.000000000000000000, 1.000000000000000000, 0.000000000000000000 ) ) ;
#6559 = CARTESIAN_POINT ( 'NONE',  ( 27.24020152719388577, 79.21732771536422035, -80.54712162279847121 ) ) ;
#6560 = CARTESIAN_POINT ( 'NONE',  ( 58.50000000000000711, 11.88908729652601082, -25.50000000000000000 ) ) ;
#6561 = EDGE_LOOP ( 'NONE', ( #3353, #7490, #2412, #1386 ) ) ;
#6562 = ORIENTED_EDGE ( 'NONE', *, *, #8143, .T. ) ;
#6563 = ORIENTED_EDGE ( 'NONE', *, *, #1444, .T. ) ;
#6564 = CARTESIAN_POINT ( 'NONE',  ( -1.537460995134930064, 162.7839625525847964, -57.47012681265724154 ) ) ;
#6565 = EDGE_CURVE ( 'NONE', #4881, #5866, #770, .T. ) ;
#6566 = CARTESIAN_POINT ( 'NONE',  ( 132.0394545955104491, 138.9170621294437353, -25.29129353811870473 ) ) ;
#6567 = EDGE_CURVE ( 'NONE', #7239, #1347, #1089, .T. ) ;
#6568 =( BOUNDED_CURVE ( )  B_SPLINE_CURVE ( 3, ( #2767, #3970, #2602, #4660 ),
 .UNSPECIFIED., .F., .T. ) 
 B_SPLINE_CURVE_WITH_KNOTS ( ( 4, 4 ),
 ( 4.712388980384687898, 6.283185307179586232 ),
 .UNSPECIFIED. ) 
 CURVE ( )  GEOMETRIC_REPRESENTATION_ITEM ( )  RATIONAL_B_SPLINE_CURVE ( ( 1.000000000000000000, 0.8047378541243646044, 0.8047378541243646044, 1.000000000000000000 ) ) 
 REPRESENTATION_ITEM ( '' )  );
#6569 = CARTESIAN_POINT ( 'NONE',  ( 105.5000009628523401, 187.6000000000000227, -47.49999999999948841 ) ) ;
#6570 = CARTESIAN_POINT ( 'NONE',  ( 25.49999999999999645, 142.5999999999999943, -43.35000000000000853 ) ) ;
#6571 = CARTESIAN_POINT ( 'NONE',  ( -1.154171814129002716, 127.9551091265868905, -23.04364036554756723 ) ) ;
#6572 = CARTESIAN_POINT ( 'NONE',  ( 87.60409755359897588, 98.00000000000000000, -32.98908729652600158 ) ) ;
#6573 = DIRECTION ( 'NONE',  ( 0.000000000000000000, 0.000000000000000000, -1.000000000000000000 ) ) ;
#6574 = CARTESIAN_POINT ( 'NONE',  ( 32.76647937836694524, 78.49770304241549468, -84.48899967184591731 ) ) ;
#6575 = VERTEX_POINT ( 'NONE', #63 ) ;
#6576 = EDGE_CURVE ( 'NONE', #6037, #1772, #5210, .T. ) ;
#6577 = FACE_OUTER_BOUND ( 'NONE', #3417, .T. ) ;
#6578 = FACE_OUTER_BOUND ( 'NONE', #5157, .T. ) ;
#6579 = CARTESIAN_POINT ( 'NONE',  ( 26.43145220048394961, 83.30837074791460850, -84.51353661345702051 ) ) ;
#6580 = CARTESIAN_POINT ( 'NONE',  ( 19.27867747836361190, 184.9895676605837593, -69.02716545025168671 ) ) ;
#6581 = CARTESIAN_POINT ( 'NONE',  ( 88.93243698541773767, 16.13426739644195251, -88.66246222893573758 ) ) ;
#6582 = FACE_OUTER_BOUND ( 'NONE', #2590, .T. ) ;
#6583 = DIRECTION ( 'NONE',  ( -0.000000000000000000, 1.000000000000000000, 0.000000000000000000 ) ) ;
#6584 = DIRECTION ( 'NONE',  ( 0.000000000000000000, 1.000000000000000000, 0.000000000000000000 ) ) ;
#6585 = FACE_OUTER_BOUND ( 'NONE', #1817, .T. ) ;
#6586 = CARTESIAN_POINT ( 'NONE',  ( 132.2914556452383579, 149.8693644217337351, -68.80607449626302241 ) ) ;
#6587 = CARTESIAN_POINT ( 'NONE',  ( 53.00000000000000711, 39.90000000000001279, -37.59999999999995879 ) ) ;
#6588 = B_SPLINE_CURVE_WITH_KNOTS ( 'NONE', 3,
 ( #3231, #663, #5803, #1259 ),
 .UNSPECIFIED., .F., .F.,
 ( 4, 4 ),
 ( 0.000000000000000000, 0.0001123431879427761067 ),
 .UNSPECIFIED. ) ;
#6589 = CARTESIAN_POINT ( 'NONE',  ( 18.94954624607962046, 121.9103678739414676, -4.569666442203202728 ) ) ;
#6590 = ORIENTED_EDGE ( 'NONE', *, *, #2001, .T. ) ;
#6591 = CARTESIAN_POINT ( 'NONE',  ( 132.2520794043562660, 144.2607362369867872, -74.92215639427317342 ) ) ;
#6592 = CARTESIAN_POINT ( 'NONE',  ( 6.773069241486219028, 123.5978958643580086, -8.251157548653239360 ) ) ;
#6593 = CARTESIAN_POINT ( 'NONE',  ( 117.6408466098291115, 48.11091270347398563, -25.49999999999999289 ) ) ;
#6594 = CARTESIAN_POINT ( 'NONE',  ( -0.9081023798063135866, 125.6641198306487865, -32.61475449636502333 ) ) ;
#6595 = FACE_BOUND ( 'NONE', #2510, .T. ) ;
#6596 = ORIENTED_EDGE ( 'NONE', *, *, #4630, .F. ) ;
#6597 = CARTESIAN_POINT ( 'NONE',  ( -1.640824367173382869, 161.8049210841545005, -26.03455292545308097 ) ) ;
#6598 = EDGE_LOOP ( 'NONE', ( #4133, #6847 ) ) ;
#6599 = CARTESIAN_POINT ( 'NONE',  ( 33.62578769054957206, 78.37193258625976000, -84.48984645214382283 ) ) ;
#6600 = CARTESIAN_POINT ( 'NONE',  ( 117.6408466098291257, 48.11091270347399274, -69.49999999999997158 ) ) ;
#6601 = DIRECTION ( 'NONE',  ( 0.000000000000000000, 0.000000000000000000, 1.000000000000000000 ) ) ;
#6602 = ORIENTED_EDGE ( 'NONE', *, *, #739, .T. ) ;
#6603 = ORIENTED_EDGE ( 'NONE', *, *, #6670, .T. ) ;
#6604 = ADVANCED_FACE ( 'NONE', ( #2033 ), #6520, .F. ) ;
#6605 = EDGE_LOOP ( 'NONE', ( #1519, #3055, #1053, #3144, #796 ) ) ;
#6606 = CARTESIAN_POINT ( 'NONE',  ( 95.50000000000001421, 87.34000000000000341, -150.0000000000000000 ) ) ;
#6607 = CARTESIAN_POINT ( 'NONE',  ( 130.9059436398462708, 125.6444621005426967, -32.63515199852497517 ) ) ;
#6608 = CARTESIAN_POINT ( 'NONE',  ( 39.50000000000000711, 39.90000000000001279, -39.24999999999995026 ) ) ;
#6609 = CARTESIAN_POINT ( 'NONE',  ( 18.32755625707123670, 128.3615366305081409, -2.172954912532783389 ) ) ;
#6610 = CARTESIAN_POINT ( 'NONE',  ( 110.5201501618268480, 118.1331836964229467, -5.722718354861644485 ) ) ;
#6611 = CARTESIAN_POINT ( 'NONE',  ( 40.22014288934667547, 71.21149947416955683, -10.34927346412711202 ) ) ;
#6612 = VECTOR ( 'NONE', #3383, 1000.000000000000000 ) ;
#6613 = VERTEX_POINT ( 'NONE', #3961 ) ;
#6614 = CARTESIAN_POINT ( 'NONE',  ( 25.70270617254758250, 84.32822561060505961, -79.71307832441304697 ) ) ;
#6615 = ORIENTED_EDGE ( 'NONE', *, *, #7294, .T. ) ;
#6616 = CARTESIAN_POINT ( 'NONE',  ( 88.31205291153166570, 13.99679496801214285, -6.255911178064075706 ) ) ;
#6617 = CARTESIAN_POINT ( 'NONE',  ( 18.60207727971852165, 124.9844278270575444, -3.540918394562629690 ) ) ;
#6618 = CARTESIAN_POINT ( 'NONE',  ( -0.003088671042309591025, 172.7982280104410506, -55.60367239047847221 ) ) ;
#6619 = CYLINDRICAL_SURFACE ( 'NONE', #2252, 11.25000000000000355 ) ;
#6620 = VECTOR ( 'NONE', #8263, 999.9999999999998863 ) ;
#6621 = CARTESIAN_POINT ( 'NONE',  ( 24.49999999999999645, 187.6000000000000227, -47.50000000000000000 ) ) ;
#6622 = DIRECTION ( 'NONE',  ( -1.000000000000000000, -0.000000000000000000, -0.000000000000000000 ) ) ;
#6623 = CARTESIAN_POINT ( 'NONE',  ( 89.36729978028741073, 0.000000000000000000, -88.16514866205677947 ) ) ;
#6624 = AXIS2_PLACEMENT_3D ( 'NONE', #3832, #8360, #3102 ) ;
#6625 = CARTESIAN_POINT ( 'NONE',  ( 2.733492932822879862, 99.92552340110452747, -9.400614359201981074 ) ) ;
#6626 = VERTEX_POINT ( 'NONE', #3314 ) ;
#6627 = LINE ( 'NONE', #5434, #2924 ) ;
#6628 = DIRECTION ( 'NONE',  ( 0.000000000000000000, 0.000000000000000000, -1.000000000000000000 ) ) ;
#6629 = CARTESIAN_POINT ( 'NONE',  ( 115.7621472491818082, 189.2195142197920461, -50.24973381003138684 ) ) ;
#6630 = CYLINDRICAL_SURFACE ( 'NONE', #1617, 9.000000000000001776 ) ;
#6631 = AXIS2_PLACEMENT_3D ( 'NONE', #1358, #80, #6692 ) ;
#6632 = CARTESIAN_POINT ( 'NONE',  ( 130.2548305389192649, 119.3118970352174557, -88.93673494331578411 ) ) ;
#6633 = EDGE_LOOP ( 'NONE', ( #6298, #6867, #3200, #2841 ) ) ;
#6634 = CARTESIAN_POINT ( 'NONE',  ( -0.3601312729993142447, 170.9316449457307954, -35.46684017216373519 ) ) ;
#6635 = B_SPLINE_CURVE_WITH_KNOTS ( 'NONE', 3,
 ( #1562, #4179, #6775, #6266, #368, #2891, #5635, #7587, #5596, #7544, #8201, #924, #4265, #5503, #8065, #2339 ),
 .UNSPECIFIED., .F., .F.,
 ( 4, 2, 2, 2, 2, 2, 2, 4 ),
 ( 0.01415390037622059338, 0.01475216204503376760, 0.01535042371384694182, 0.01594868538266010563, 0.01654694705147327291, 0.01714520872028643672, 0.01774347038909960053, 0.01893999372672594203 ),
 .UNSPECIFIED. ) ;
#6636 = ORIENTED_EDGE ( 'NONE', *, *, #7091, .F. ) ;
#6637 = CARTESIAN_POINT ( 'NONE',  ( 96.68213277549479301, 78.39829813837852157, -10.51035921994114020 ) ) ;
#6638 = CARTESIAN_POINT ( 'NONE',  ( 130.9812630279854773, 170.1624589032817028, -8.734418525634492170 ) ) ;
#6639 = CIRCLE ( 'NONE', #2408, 18.49999999999999645 ) ;
#6640 = CARTESIAN_POINT ( 'NONE',  ( 131.1957364007679985, 128.3564893690247288, -22.15386365840966221 ) ) ;
#6641 = CIRCLE ( 'NONE', #2957, 3.600000000000002309 ) ;
#6642 = ORIENTED_EDGE ( 'NONE', *, *, #8198, .F. ) ;
#6643 = VERTEX_POINT ( 'NONE', #7762 ) ;
#6644 = ORIENTED_EDGE ( 'NONE', *, *, #2678, .F. ) ;
#6645 = CARTESIAN_POINT ( 'NONE',  ( 111.0000000000000000, 125.5999999999999943, -45.40000000000001990 ) ) ;
#6646 = CARTESIAN_POINT ( 'NONE',  ( 130.4850201897793625, 122.0992739246120209, -56.80095073488789126 ) ) ;
#6647 = CARTESIAN_POINT ( 'NONE',  ( 47.23398315327031582, 41.49114936803277942, -68.81524544081395334 ) ) ;
#6648 = ADVANCED_FACE ( 'NONE', ( #1385 ), #1304, .F. ) ;
#6649 = CARTESIAN_POINT ( 'NONE',  ( 150.0000000000000000, 142.5999999999999943, -47.50000000000000000 ) ) ;
#6650 = CARTESIAN_POINT ( 'NONE',  ( 11.18932443189169312, 52.00000000000002132, -39.40673447001070429 ) ) ;
#6651 = CARTESIAN_POINT ( 'NONE',  ( 111.2156502122978594, 123.2000559591661784, -90.85772331675772762 ) ) ;
#6652 = ORIENTED_EDGE ( 'NONE', *, *, #6924, .F. ) ;
#6653 = ORIENTED_EDGE ( 'NONE', *, *, #7434, .F. ) ;
#6654 = CARTESIAN_POINT ( 'NONE',  ( 107.5992789722111098, 7.937056375455096457, -6.037774885156270699 ) ) ;
#6655 = CARTESIAN_POINT ( 'NONE',  ( 18.77064772997651332, 123.3297343791255400, -4.098573241090625707 ) ) ;
#6656 = CARTESIAN_POINT ( 'NONE',  ( 1.766236324668064350, 183.8136294599468101, -71.24456091411252601 ) ) ;
#6657 = EDGE_CURVE ( 'NONE', #5452, #8146, #6588, .T. ) ;
#6658 = CARTESIAN_POINT ( 'NONE',  ( 20.83356641572757795, 13.12614188132471504, -29.20237294509855985 ) ) ;
#6659 = CARTESIAN_POINT ( 'NONE',  ( 65.24278003496883116, 48.50004142448244693, -48.35363583907770391 ) ) ;
#6660 = AXIS2_PLACEMENT_3D ( 'NONE', #255, #6793, #296 ) ;
#6661 = LINE ( 'NONE', #6740, #60 ) ;
#6662 = CARTESIAN_POINT ( 'NONE',  ( 17.82993664424381919, 141.7617656278713127, 1.001815512870814533E-13 ) ) ;
#6663 = EDGE_CURVE ( 'NONE', #526, #4297, #7189, .T. ) ;
#6664 = CARTESIAN_POINT ( 'NONE',  ( 25.68075575548673228, -2.009283242458603347, -6.161571931277167735 ) ) ;
#6665 = EDGE_CURVE ( 'NONE', #4509, #1175, #4690, .T. ) ;
#6666 = ORIENTED_EDGE ( 'NONE', *, *, #4100, .F. ) ;
#6667 = DIRECTION ( 'NONE',  ( 0.000000000000000000, -0.9519809258384942519, 0.3061573400062183037 ) ) ;
#6668 = AXIS2_PLACEMENT_3D ( 'NONE', #6497, #2573, #596 ) ;
#6669 = CARTESIAN_POINT ( 'NONE',  ( 118.8106577468607838, 52.00000000000000711, -29.50143002724797725 ) ) ;
#6670 = EDGE_CURVE ( 'NONE', #3544, #4527, #5848, .T. ) ;
#6671 = CARTESIAN_POINT ( 'NONE',  ( 108.7732003117920385, 11.88908729652601082, -25.50000000000000000 ) ) ;
#6672 = CARTESIAN_POINT ( 'NONE',  ( 3.999995273709394894, 125.5999938996241951, -47.50000000000001421 ) ) ;
#6673 = FACE_OUTER_BOUND ( 'NONE', #8013, .T. ) ;
#6674 = EDGE_LOOP ( 'NONE', ( #3611, #4687, #267, #2208 ) ) ;
#6675 = CARTESIAN_POINT ( 'NONE',  ( -0.9242520371055515938, 167.5255974539263093, -30.92831288748700658 ) ) ;
#6676 = CARTESIAN_POINT ( 'NONE',  ( 3.999992723552392437, 151.0999938996241667, -32.77756813566458050 ) ) ;
#6677 = ORIENTED_EDGE ( 'NONE', *, *, #4776, .F. ) ;
#6678 = LINE ( 'NONE', #5487, #5279 ) ;
#6679 = CARTESIAN_POINT ( 'NONE',  ( 110.7214497183920514, 184.9740268673836567, -26.01224057859207761 ) ) ;
#6680 = CARTESIAN_POINT ( 'NONE',  ( 117.6287191186476520, 123.0144154058725121, -5.316131973251781773 ) ) ;
#6681 = DIRECTION ( 'NONE',  ( -1.000000000000000000, 0.000000000000000000, 0.000000000000000000 ) ) ;
#6682 = ORIENTED_EDGE ( 'NONE', *, *, #7343, .F. ) ;
#6683 = ORIENTED_EDGE ( 'NONE', *, *, #8345, .T. ) ;
#6684 = CARTESIAN_POINT ( 'NONE',  ( 56.96125562545925192, 52.85588842459130632, -49.99999999999997158 ) ) ;
#6685 = CARTESIAN_POINT ( 'NONE',  ( 132.0781500425369188, 139.6508633390597538, -25.18176237414690277 ) ) ;
#6686 = CARTESIAN_POINT ( 'NONE',  ( 10.99814496796505736, 52.92688901040479976, -29.20752011223468969 ) ) ;
#6687 = B_SPLINE_CURVE_WITH_KNOTS ( 'NONE', 3,
 ( #2343, #4958, #243, #3674, #6820, #2894, #3546, #967, #7507, #1655, #6737, #1055, #6271, #4269, #882, #416, #281, #6859, #3625, #8029, #2172, #3501, #4830, #7418, #6108, #2857, #5468, #8068, #1135, #7726, #3716, #2559, #3026, #8330, #5175, #2472 ),
 .UNSPECIFIED., .F., .F.,
 ( 4, 2, 2, 2, 2, 2, 2, 2, 2, 2, 2, 2, 2, 2, 2, 2, 2, 4 ),
 ( 0.000000000000000000, 0.0004975970660611745561, 0.0009951941321223491121, 0.001990388264244699959, 0.002985582396367050806, 0.003980776528489401653, 0.005971164792734103346, 0.007961553056978805040, 0.008956747189101152418, 0.009951941321223499795, 0.01094713545334584717, 0.01194232958546819455, 0.01243992665152937258, 0.01293752371759055060, 0.01393271784971290318, 0.01443031491577407080, 0.01492791198183523842, 0.01592310611395759273 ),
 .UNSPECIFIED. ) ;
#6688 = DIRECTION ( 'NONE',  ( -1.000000000000000000, -0.000000000000000000, -0.000000000000000000 ) ) ;
#6689 = CARTESIAN_POINT ( 'NONE',  ( 111.4738423267815790, 124.5118897352549396, -3.532499565235261763 ) ) ;
#6690 = CARTESIAN_POINT ( 'NONE',  ( 19.85973465361908552, 190.0837242375548044, -46.25664464779708851 ) ) ;
#6691 = ORIENTED_EDGE ( 'NONE', *, *, #7859, .T. ) ;
#6692 = DIRECTION ( 'NONE',  ( 0.000000000000000000, 0.000000000000000000, 1.000000000000000000 ) ) ;
#6693 = VERTEX_POINT ( 'NONE', #3875 ) ;
#6694 = CARTESIAN_POINT ( 'NONE',  ( 95.16192584480184280, 39.62796394876320960, -8.018558373142404605 ) ) ;
#6695 = ORIENTED_EDGE ( 'NONE', *, *, #2360, .F. ) ;
#6696 = CARTESIAN_POINT ( 'NONE',  ( -0.4082074329984429206, 170.6686976145115580, -59.96309578698993903 ) ) ;
#6697 = CARTESIAN_POINT ( 'NONE',  ( 22.04599660787095416, 9.125079331436682040, -34.75327209810986062 ) ) ;
#6698 = DIRECTION ( 'NONE',  ( 0.000000000000000000, -0.7071067811865483499, 0.7071067811865467956 ) ) ;
#6699 = EDGE_CURVE ( 'NONE', #6522, #4921, #20, .T. ) ;
#6700 = FACE_OUTER_BOUND ( 'NONE', #3994, .T. ) ;
#6701 = FACE_BOUND ( 'NONE', #7944, .T. ) ;
#6702 = CARTESIAN_POINT ( 'NONE',  ( 44.35758500931417814, 5.138720482932837008, -6.117836686695806492 ) ) ;
#6703 = CARTESIAN_POINT ( 'NONE',  ( 22.09140751919866119, 102.7248429006676815, -86.01032280314389311 ) ) ;
#6704 = ORIENTED_EDGE ( 'NONE', *, *, #3426, .T. ) ;
#6705 = VECTOR ( 'NONE', #554, 1000.000000000000000 ) ;
#6706 = CARTESIAN_POINT ( 'NONE',  ( 58.50000000000000711, 8.042808843165195955E-15, -25.50000000000000355 ) ) ;
#6707 = CARTESIAN_POINT ( 'NONE',  ( 29.51642618227207393, 40.22056325600436821, -69.15043633350626351 ) ) ;
#6708 = CARTESIAN_POINT ( 'NONE',  ( 130.3524587033318483, 120.5760158690737711, -89.98912703265888524 ) ) ;
#6709 = DIRECTION ( 'NONE',  ( 0.000000000000000000, -0.000000000000000000, -1.000000000000000000 ) ) ;
#6710 = DIRECTION ( 'NONE',  ( 1.000000000000000000, -0.000000000000000000, -0.000000000000000000 ) ) ;
#6711 = ORIENTED_EDGE ( 'NONE', *, *, #5662, .F. ) ;
#6712 = ADVANCED_FACE ( 'NONE', ( #8401 ), #4608, .T. ) ;
#6713 = CARTESIAN_POINT ( 'NONE',  ( 0.3043718885694896570, 174.2843685087382823, -48.79489493858812921 ) ) ;
#6714 = CYLINDRICAL_SURFACE ( 'NONE', #1180, 3.000000000000002665 ) ;
#6715 = EDGE_CURVE ( 'NONE', #4518, #3155, #4355, .T. ) ;
#6716 = CARTESIAN_POINT ( 'NONE',  ( 27.29750451287094037, -6.781194694349831131, -88.60114236516614028 ) ) ;
#6717 = DIRECTION ( 'NONE',  ( 1.000000000000000000, -0.000000000000000000, 0.000000000000000000 ) ) ;
#6718 = CARTESIAN_POINT ( 'NONE',  ( 110.4590924436455452, 187.4015671968135450, -31.58856866412362052 ) ) ;
#6719 = EDGE_CURVE ( 'NONE', #3962, #4563, #7482, .T. ) ;
#6720 = CARTESIAN_POINT ( 'NONE',  ( 42.39589333293312734, 0.000000000000000000, -65.61091270347399984 ) ) ;
#6721 = DIRECTION ( 'NONE',  ( 0.000000000000000000, 0.000000000000000000, 1.000000000000000000 ) ) ;
#6722 = ORIENTED_EDGE ( 'NONE', *, *, #4853, .F. ) ;
#6723 = ORIENTED_EDGE ( 'NONE', *, *, #7978, .T. ) ;
#6724 = LINE ( 'NONE', #4817, #2995 ) ;
#6725 = CARTESIAN_POINT ( 'NONE',  ( 18.10829431419296753, 22.99999999999388578, -69.50000000000000000 ) ) ;
#6726 = LINE ( 'NONE', #5413, #3629 ) ;
#6727 = CARTESIAN_POINT ( 'NONE',  ( 132.2529300152259282, 152.1012752446827960, -73.51838008664041979 ) ) ;
#6728 = CARTESIAN_POINT ( 'NONE',  ( 132.1701704869925607, 141.6036798570937094, -19.97553094666493578 ) ) ;
#6729 = DIRECTION ( 'NONE',  ( -1.000000000000000000, -0.000000000000000000, -0.000000000000000000 ) ) ;
#6730 =( BOUNDED_SURFACE ( )  B_SPLINE_SURFACE ( 3, 1, ( 
 ( #3403, #4856 ),
 ( #6088, #6007 ),
 ( #5367, #6883 ),
 ( #3740, #7622 ) ),
 .UNSPECIFIED., .F., .F., .F. ) 
 B_SPLINE_SURFACE_WITH_KNOTS ( ( 4, 4 ),
 ( 2, 2 ),
 ( 0.000000000000000000, 1.000000000000000000 ),
 ( 0.000000000000000000, 1.000000000000000000 ),
 .UNSPECIFIED. ) 
 GEOMETRIC_REPRESENTATION_ITEM ( )  RATIONAL_B_SPLINE_SURFACE ( (
 ( 1.000000000000000000, 1.000000000000000000),
 ( 0.3333333333313442948, 0.3333333333313442948),
 ( 0.3333333333313442948, 0.3333333333313442948),
 ( 1.000000000000000000, 1.000000000000000000) ) ) 
 REPRESENTATION_ITEM ( '' )  SURFACE ( )  );
#6731 = EDGE_LOOP ( 'NONE', ( #5815, #2596 ) ) ;
#6732 = LINE ( 'NONE', #6102, #7915 ) ;
#6733 = CARTESIAN_POINT ( 'NONE',  ( 49.50000000000000000, 73.34000000000001762, -19.44592216281835206 ) ) ;
#6734 = AXIS2_PLACEMENT_3D ( 'NONE', #6040, #2106, #179 ) ;
#6735 = ORIENTED_EDGE ( 'NONE', *, *, #5942, .F. ) ;
#6736 = CARTESIAN_POINT ( 'NONE',  ( 102.9074571196061072, -6.176265102743884405, -6.374959833559658229 ) ) ;
#6737 = CARTESIAN_POINT ( 'NONE',  ( 44.61626831283990668, 17.47881904716286527, -26.54988600722566261 ) ) ;
#6738 = CARTESIAN_POINT ( 'NONE',  ( 3.649024635700418795, 189.9846221789612741, -51.31192561992232726 ) ) ;
#6739 = CARTESIAN_POINT ( 'NONE',  ( 29.10984804397164893, 76.63407051277025062, -80.76015778708963921 ) ) ;
#6740 = CARTESIAN_POINT ( 'NONE',  ( 77.50000000000001421, 8.000000000000000000, 0.000000000000000000 ) ) ;
#6741 = CARTESIAN_POINT ( 'NONE',  ( 18.55922226561044397, 123.9577242690943422, -3.803100508039096717 ) ) ;
#6742 = CARTESIAN_POINT ( 'NONE',  ( 42.55597050911252666, 11.04800557228120184, -6.164515070848105793 ) ) ;
#6743 = CARTESIAN_POINT ( 'NONE',  ( 11.19739365213932381, 51.81085820071898240, -85.87602461452553371 ) ) ;
#6744 = ORIENTED_EDGE ( 'NONE', *, *, #2165, .F. ) ;
#6745 = CARTESIAN_POINT ( 'NONE',  ( 54.50000000000000000, 73.34000000000000341, -74.64834724391587883 ) ) ;
#6746 = ADVANCED_FACE ( 'NONE', ( #5250 ), #7841, .F. ) ;
#6747 = CARTESIAN_POINT ( 'NONE',  ( 26.44811012281395080, 43.34680338420393753, -68.09593659943006116 ) ) ;
#6748 = VECTOR ( 'NONE', #6498, 1000.000000000000000 ) ;
#6749 = CARTESIAN_POINT ( 'NONE',  ( 106.4077429020401269, 94.37781728242406132, -85.05752250007994064 ) ) ;
#6750 = CYLINDRICAL_SURFACE ( 'NONE', #6660, 2.999999999999995559 ) ;
#6751 = CARTESIAN_POINT ( 'NONE',  ( 90.68340807113996505, 0.000000000000000000, -7.205951734672117581 ) ) ;
#6752 = EDGE_LOOP ( 'NONE', ( #4828, #6171, #1991, #143 ) ) ;
#6753 = AXIS2_PLACEMENT_3D ( 'NONE', #8098, #7536, #2926 ) ;
#6754 = CARTESIAN_POINT ( 'NONE',  ( 0.1256882634776900209, 173.4367697535495267, -53.75816803155693435 ) ) ;
#6755 = CARTESIAN_POINT ( 'NONE',  ( 110.4669622669863003, 187.3482257091155532, -63.72691339484754280 ) ) ;
#6756 = CARTESIAN_POINT ( 'NONE',  ( 24.59588548637183436, 1.199363315337946601, -68.87306134062987439 ) ) ;
#6757 = CARTESIAN_POINT ( 'NONE',  ( 49.50000000000000000, 30.00000000000001421, -38.49999999999996447 ) ) ;
#6758 = CARTESIAN_POINT ( 'NONE',  ( 126.5072707548475961, 189.5230784930817549, -40.03674697066751520 ) ) ;
#6759 = CARTESIAN_POINT ( 'NONE',  ( 130.8867959893111390, 125.4824410312123177, -23.70830572213220577 ) ) ;
#6760 = CARTESIAN_POINT ( 'NONE',  ( 1.267213213311487063, 107.8907430872796454, -75.50843114384169041 ) ) ;
#6761 = CARTESIAN_POINT ( 'NONE',  ( 77.50000000000001421, 30.00000000000000000, -28.99999999999998224 ) ) ;
#6762 = VERTEX_POINT ( 'NONE', #575 ) ;
#6763 = VERTEX_POINT ( 'NONE', #7112 ) ;
#6764 = CARTESIAN_POINT ( 'NONE',  ( 63.57617545148988825, 48.45347299908131333, -49.99999999999996447 ) ) ;
#6765 = EDGE_CURVE ( 'NONE', #1831, #481, #1988, .T. ) ;
#6766 = VECTOR ( 'NONE', #8306, 1000.000000000000114 ) ;
#6767 = DIRECTION ( 'NONE',  ( 0.000000000000000000, 1.000000000000000000, 0.000000000000000000 ) ) ;
#6768 = DIRECTION ( 'NONE',  ( 1.000000000000000000, -0.000000000000000000, -0.000000000000000000 ) ) ;
#6769 = ADVANCED_FACE ( 'NONE', ( #703 ), #3189, .F. ) ;
#6770 = CIRCLE ( 'NONE', #7314, 1.649999999999991696 ) ;
#6771 = CARTESIAN_POINT ( 'NONE',  ( 132.2664287137665724, 144.7414796566972939, -0.04172881206734961601 ) ) ;
#6772 = CARTESIAN_POINT ( 'NONE',  ( 18.21306684050335534, 190.0721708606090203, -45.81542133707041842 ) ) ;
#6773 = EDGE_LOOP ( 'NONE', ( #1606, #7838, #3487, #1093, #8001, #3449, #3078 ) ) ;
#6774 = DIRECTION ( 'NONE',  ( -0.000000000000000000, -0.000000000000000000, -1.000000000000000000 ) ) ;
#6775 = CARTESIAN_POINT ( 'NONE',  ( 9.814479938190391550, 58.82664094891438111, -30.35595430034208420 ) ) ;
#6776 = VERTEX_POINT ( 'NONE', #224 ) ;
#6777 = VECTOR ( 'NONE', #7887, 1000.000000000000000 ) ;
#6778 = VECTOR ( 'NONE', #4389, 1000.000000000000000 ) ;
#6779 = CARTESIAN_POINT ( 'NONE',  ( 104.5858421545302690, -1.222411579695184658, -26.11787746735852167 ) ) ;
#6780 = CARTESIAN_POINT ( 'NONE',  ( 77.50000000000001421, 8.042808843165195955E-15, -25.50000000000000355 ) ) ;
#6781 = CARTESIAN_POINT ( 'NONE',  ( 0.2024576526872143289, 173.8032282890399927, -42.82808442039100782 ) ) ;
#6782 = CARTESIAN_POINT ( 'NONE',  ( 106.5125818341198567, 4.563932473683013136, -26.17970909786058087 ) ) ;
#6783 = ORIENTED_EDGE ( 'NONE', *, *, #8192, .T. ) ;
#6784 = DIRECTION ( 'NONE',  ( -0.000000000000000000, 0.9519809258384942519, -0.3061573400062183037 ) ) ;
#6785 = FILL_AREA_STYLE ('',( #4190 ) ) ;
#6786 = CARTESIAN_POINT ( 'NONE',  ( 15.42760392793730695, 33.00233271759135789, -27.93125899110637533 ) ) ;
#6787 = CARTESIAN_POINT ( 'NONE',  ( 21.45765373581615876, 106.2721350258881756, -86.56069162840753961 ) ) ;
#6788 = EDGE_LOOP ( 'NONE', ( #3364, #7062 ) ) ;
#6789 = DIRECTION ( 'NONE',  ( 0.000000000000000000, 0.000000000000000000, -1.000000000000000000 ) ) ;
#6790 = VECTOR ( 'NONE', #5304, 1000.000000000000114 ) ;
#6791 = FACE_OUTER_BOUND ( 'NONE', #5204, .T. ) ;
#6792 = CARTESIAN_POINT ( 'NONE',  ( 104.5818545915313109, 84.42472550111475016, -84.52047588997328376 ) ) ;
#6793 = DIRECTION ( 'NONE',  ( 1.000000000000000000, -0.000000000000000000, -0.000000000000000000 ) ) ;
#6794 = FACE_OUTER_BOUND ( 'NONE', #8324, .T. ) ;
#6795 = ADVANCED_FACE ( 'NONE', ( #2840 ), #3448, .F. ) ;
#6796 = CARTESIAN_POINT ( 'NONE',  ( 42.39589333293312734, 3.700000000000000178, -62.01091270347399131 ) ) ;
#6797 = DIRECTION ( 'NONE',  ( -1.000000000000000000, -0.000000000000000000, -0.000000000000000000 ) ) ;
#6798 = CIRCLE ( 'NONE', #2722, 2.149999999999999023 ) ;
#6799 = CARTESIAN_POINT ( 'NONE',  ( 27.13985695634127637, -6.315890374849353783, -88.61608333793087411 ) ) ;
#6800 = CARTESIAN_POINT ( 'NONE',  ( -1.111368473661545009, 126.8310039253447457, -92.38208751238242655 ) ) ;
#6801 = CARTESIAN_POINT ( 'NONE',  ( 126.6836285804970572, 188.9934237462243800, -37.23271875988786661 ) ) ;
#6802 = DIRECTION ( 'NONE',  ( 0.000000000000000000, 1.000000000000000000, 0.000000000000000000 ) ) ;
#6803 = CARTESIAN_POINT ( 'NONE',  ( 26.52445386871783839, 83.11306785958460353, -81.11853195155187279 ) ) ;
#6804 = PLANE ( 'NONE',  #2164 ) ;
#6805 = VERTEX_POINT ( 'NONE', #306 ) ;
#6806 = DIRECTION ( 'NONE',  ( -0.000000000000000000, -0.000000000000000000, 1.000000000000000000 ) ) ;
#6807 = EDGE_LOOP ( 'NONE', ( #6562, #893 ) ) ;
#6808 = CARTESIAN_POINT ( 'NONE',  ( 26.42548543556180718, 83.35391202897642415, -10.48503166365444450 ) ) ;
#6809 = FACE_OUTER_BOUND ( 'NONE', #3791, .T. ) ;
#6810 = CARTESIAN_POINT ( 'NONE',  ( 104.1951212551355326, 84.99876042826258526, -84.55135930370201436 ) ) ;
#6811 = CARTESIAN_POINT ( 'NONE',  ( 111.6703605612656816, 128.3190449155235910, -2.186229896342693824 ) ) ;
#6812 = CIRCLE ( 'NONE', #4782, 9.000000000000001776 ) ;
#6813 = ADVANCED_FACE ( 'NONE', ( #4165 ), #6804, .F. ) ;
#6814 = ORIENTED_EDGE ( 'NONE', *, *, #2514, .T. ) ;
#6815 = DIRECTION ( 'NONE',  ( 0.000000000000000000, 0.000000000000000000, 1.000000000000000000 ) ) ;
#6816 = CARTESIAN_POINT ( 'NONE',  ( 11.18932443189169845, 51.99999999999997158, -55.04671082191960352 ) ) ;
#6817 = ORIENTED_EDGE ( 'NONE', *, *, #1577, .F. ) ;
#6818 = CIRCLE ( 'NONE', #3151, 3.000000000000002665 ) ;
#6819 = CARTESIAN_POINT ( 'NONE',  ( 130.4357382466445472, 121.2034777133148680, -4.811971650322385941 ) ) ;
#6820 = CARTESIAN_POINT ( 'NONE',  ( 43.12799676278900307, 19.72045964326325418, -25.86241025411418448 ) ) ;
#6821 = CARTESIAN_POINT ( 'NONE',  ( 3.313453468013829895, 188.9845756850760097, -37.19269300144113544 ) ) ;
#6822 = DIRECTION ( 'NONE',  ( -0.000000000000000000, 1.000000000000000000, -0.000000000000000000 ) ) ;
#6823 = ORIENTED_EDGE ( 'NONE', *, *, #1002, .F. ) ;
#6824 = ADVANCED_FACE ( 'NONE', ( #6046, #8139 ), #7446, .T. ) ;
#6825 = CARTESIAN_POINT ( 'NONE',  ( 25.50000000000000355, 97.35998153123026100, -82.37318022428543429 ) ) ;
#6826 = CARTESIAN_POINT ( 'NONE',  ( 17.89694604640317266, 139.2559625360021585, -0.1105110886387597746 ) ) ;
#6827 = CARTESIAN_POINT ( 'NONE',  ( 18.39267590549118125, 21.54343730559298109, -27.01454501254702478 ) ) ;
#6828 = CARTESIAN_POINT ( 'NONE',  ( 1.812840164840966439, 105.8215181629605723, -86.44676491276044317 ) ) ;
#6829 = VERTEX_POINT ( 'NONE', #2919 ) ;
#6830 =( BOUNDED_SURFACE ( )  B_SPLINE_SURFACE ( 3, 2, ( 
 ( #5033, #2929, #364 ),
 ( #5546, #4260, #1908 ),
 ( #6435, #8399, #7071 ),
 ( #7671, #2548, #7760 ),
 ( #4561, #574, #1173 ),
 ( #5165, #7111, #6393 ) ),
 .UNSPECIFIED., .F., .F., .F. ) 
 B_SPLINE_SURFACE_WITH_KNOTS ( ( 4, 2, 4 ),
 ( 3, 3 ),
 ( 0.01019788568022227115, 0.01198516135427672366, 0.01377243702833117617 ),
 ( 0.000000000000000000, 1.000000000000000000 ),
 .UNSPECIFIED. ) 
 GEOMETRIC_REPRESENTATION_ITEM ( )  RATIONAL_B_SPLINE_SURFACE ( (
 ( 1.000000000000000000, 0.8462648820829717922, 1.000000000000000000),
 ( 1.000000000000000000, 0.8463085208224515599, 1.000000000000000000),
 ( 1.000000000000000000, 0.8423315306688116122, 1.000000000000000000),
 ( 1.000000000000000000, 0.8273046109522917968, 1.000000000000000000),
 ( 1.000000000000000000, 0.8162634711607594795, 1.000000000000000000),
 ( 1.000000000000000000, 0.8021356576177016695, 1.000000000000000000) ) ) 
 REPRESENTATION_ITEM ( '' )  SURFACE ( )  );
#6831 = CARTESIAN_POINT ( 'NONE',  ( 104.1873170898151812, 82.27105895433707872, -10.56412807107438567 ) ) ;
#6832 = CARTESIAN_POINT ( 'NONE',  ( 122.8950195614915373, 73.33067225730900418, -84.49529015188775816 ) ) ;
#6833 = CARTESIAN_POINT ( 'NONE',  ( 3.999991323466212556, 165.0999938996240530, -47.50000000000000000 ) ) ;
#6834 = DIRECTION ( 'NONE',  ( 0.000000000000000000, 0.000000000000000000, 1.000000000000000000 ) ) ;
#6835 = CARTESIAN_POINT ( 'NONE',  ( 21.72285010874763600, 104.7813042979307028, -8.722891153720079060 ) ) ;
#6836 = DIRECTION ( 'NONE',  ( 0.000000000000000000, 0.000000000000000000, 1.000000000000000000 ) ) ;
#6837 = CARTESIAN_POINT ( 'NONE',  ( 45.86424221931898870, 0.1785510471563827861, -88.80515437795909861 ) ) ;
#6838 = CARTESIAN_POINT ( 'NONE',  ( 127.5047368282054521, 186.3757743659560617, -66.00807535713018126 ) ) ;
#6839 = CARTESIAN_POINT ( 'NONE',  ( 129.7045847469971704, 116.0890886524354215, -26.24327594195492708 ) ) ;
#6840 = CARTESIAN_POINT ( 'NONE',  ( 118.8103372291973727, 52.00000000000000711, -65.61091270347398563 ) ) ;
#6841 = PLANE ( 'NONE',  #1161 ) ;
#6842 = CARTESIAN_POINT ( 'NONE',  ( -1.649320328116150369, 161.7101314941844237, -35.61766378067534333 ) ) ;
#6843 = EDGE_LOOP ( 'NONE', ( #1260, #1099, #729, #995, #5073 ) ) ;
#6844 = CARTESIAN_POINT ( 'NONE',  ( 10.96167174659927390, 53.10450048671552281, -31.26052871653275389 ) ) ;
#6845 = ORIENTED_EDGE ( 'NONE', *, *, #25, .T. ) ;
#6846 = CARTESIAN_POINT ( 'NONE',  ( 19.68034678200620391, 188.5999162312038777, -35.63212800915753320 ) ) ;
#6847 = ORIENTED_EDGE ( 'NONE', *, *, #544, .F. ) ;
#6848 = CARTESIAN_POINT ( 'NONE',  ( 47.99558823093391169, 78.34000000000000341, -84.49008245022766062 ) ) ;
#6849 = DIRECTION ( 'NONE',  ( -0.9999999999999950040, -1.000061563076409229E-07, -0.000000000000000000 ) ) ;
#6850 = CARTESIAN_POINT ( 'NONE',  ( 112.2545555306127909, 158.1927787912348151, -2.620770898260205595 ) ) ;
#6851 = CARTESIAN_POINT ( 'NONE',  ( 150.0000000000000000, 0.000000000000000000, -6.200000000000000178 ) ) ;
#6852 = EDGE_CURVE ( 'NONE', #4297, #1102, #6130, .T. ) ;
#6853 = CARTESIAN_POINT ( 'NONE',  ( 56.50000000000378009, 53.64580823288796552, -44.88421553819642185 ) ) ;
#6854 = ORIENTED_EDGE ( 'NONE', *, *, #5178, .F. ) ;
#6855 = CARTESIAN_POINT ( 'NONE',  ( -0.8018617898406400490, 124.7472299258333379, -61.19909781905271018 ) ) ;
#6856 = LINE ( 'NONE', #3023, #7184 ) ;
#6857 = ORIENTED_EDGE ( 'NONE', *, *, #5784, .F. ) ;
#6858 = CARTESIAN_POINT ( 'NONE',  ( 130.4511906365515301, 121.3200636399601251, -4.774920823100898382 ) ) ;
#6859 = CARTESIAN_POINT ( 'NONE',  ( 46.00223697449873583, 12.94956525696649408, -29.36010308346462239 ) ) ;
#6860 = CARTESIAN_POINT ( 'NONE',  ( 0.9367759847903178727, 180.5175475829514085, -18.77445063364588762 ) ) ;
#6861 = CARTESIAN_POINT ( 'NONE',  ( 103.4300005089497745, 78.34000000000001762, -84.49008245022767483 ) ) ;
#6862 = ORIENTED_EDGE ( 'NONE', *, *, #5476, .F. ) ;
#6863 = CARTESIAN_POINT ( 'NONE',  ( 58.50000000000000711, 4.384119330195931173E-14, -69.50000000000000000 ) ) ;
#6864 = LINE ( 'NONE', #4408, #4734 ) ;
#6865 = CIRCLE ( 'NONE', #1983, 6.600000000000008527 ) ;
#6866 = CARTESIAN_POINT ( 'NONE',  ( 0.1646154779942485546, 116.8289134972398955, -88.89183859878377802 ) ) ;
#6867 = ORIENTED_EDGE ( 'NONE', *, *, #2649, .F. ) ;
#6868 = CARTESIAN_POINT ( 'NONE',  ( 130.0125316596381424, 126.3490287501964673, -78.10048824396739064 ) ) ;
#6869 = EDGE_CURVE ( 'NONE', #867, #5607, #2407, .T. ) ;
#6870 = CARTESIAN_POINT ( 'NONE',  ( 18.10829431419296753, 22.99999999999388578, -69.50000000000000000 ) ) ;
#6871 = CARTESIAN_POINT ( 'NONE',  ( 127.2665067188261645, 99.92552397918576901, -85.59938565440417335 ) ) ;
#6872 = DIRECTION ( 'NONE',  ( 0.000000000000000000, -0.000000000000000000, 1.000000000000000000 ) ) ;
#6873 = FACE_BOUND ( 'NONE', #3945, .T. ) ;
#6874 = CARTESIAN_POINT ( 'NONE',  ( 19.24056980745968204, 119.5568153169478194, -5.370099760525840260 ) ) ;
#6875 = CARTESIAN_POINT ( 'NONE',  ( 129.2535039085608730, 112.9502129844711078, -68.05377007819464552 ) ) ;
#6876 = B_SPLINE_CURVE_WITH_KNOTS ( 'NONE', 3,
 ( #5080, #6640, #5293, #5967, #182, #7271, #7886, #4122, #2717, #1344, #864, #1384, #3960, #7965, #8053, #5924, #107, #6006, #2760, #1420, #6680, #2031, #2798, #61, #783, #702 ),
 .UNSPECIFIED., .F., .F.,
 ( 4, 2, 2, 2, 2, 2, 2, 2, 2, 2, 2, 2, 4 ),
 ( -8.389079365586208411E-05, 0.001838696716131270510, 0.003761284225918403064, 0.007606459245492668171, 0.009529046755279799857, 0.01145163426506693241, 0.01529680928464119752, 0.01721939679442833007, 0.01914198430421546956, 0.02298715932378978324, 0.02490974683357695743, 0.02683233434336413509, 0.03067750936293844877 ),
 .UNSPECIFIED. ) ;
#6877 = CARTESIAN_POINT ( 'NONE',  ( 24.86594399972257818, 0.3964253421884707529, -68.87852402910371552 ) ) ;
#6878 = CARTESIAN_POINT ( 'NONE',  ( 129.9993745245849368, 172.8187589490382265, -55.61166755261496775 ) ) ;
#6879 = FACE_OUTER_BOUND ( 'NONE', #1599, .T. ) ;
#6880 = CARTESIAN_POINT ( 'NONE',  ( 3.999993573604729846, 142.5999938996241383, -47.50000000000000000 ) ) ;
#6881 = CARTESIAN_POINT ( 'NONE',  ( 37.54268651641240240, 69.22045390349596516, -10.26859957557384107 ) ) ;
#6882 = VECTOR ( 'NONE', #4067, 1000.000000000000000 ) ;
#6883 = CARTESIAN_POINT ( 'NONE',  ( 32.04268651636317600, 74.62654356742480388, -19.20508002001951553 ) ) ;
#6884 = ORIENTED_EDGE ( 'NONE', *, *, #3472, .F. ) ;
#6885 = CARTESIAN_POINT ( 'NONE',  ( 87.60409755359897588, -2.000000000000000000, -65.61091270347401405 ) ) ;
#6886 = ORIENTED_EDGE ( 'NONE', *, *, #6565, .T. ) ;
#6887 = CARTESIAN_POINT ( 'NONE',  ( 19.84976074807898883, 190.0031771949800259, -43.18055417133283669 ) ) ;
#6888 = VECTOR ( 'NONE', #3605, 1000.000000000000000 ) ;
#6889 = VECTOR ( 'NONE', #1470, 1000.000000000000000 ) ;
#6890 = EDGE_LOOP ( 'NONE', ( #8335, #4566, #6677, #1350 ) ) ;
#6891 = DIRECTION ( 'NONE',  ( 0.000000000000000000, 0.000000000000000000, -1.000000000000000000 ) ) ;
#6892 = CARTESIAN_POINT ( 'NONE',  ( 132.0452873175445632, 156.8473140687454475, -71.74574710698803415 ) ) ;
#6893 = CARTESIAN_POINT ( 'NONE',  ( 132.1823759843313155, 154.0903246182444661, -22.14994159091260784 ) ) ;
#6894 = CARTESIAN_POINT ( 'NONE',  ( 104.9999999999999858, 0.000000000000000000, -26.11973869364675593 ) ) ;
#6895 = CARTESIAN_POINT ( 'NONE',  ( 150.0000000000000000, 0.000000000000000000, -88.79999999999998295 ) ) ;
#6896 = ADVANCED_FACE ( 'NONE', ( #5534 ), #3569, .F. ) ;
#6897 = ORIENTED_EDGE ( 'NONE', *, *, #903, .F. ) ;
#6898 = CARTESIAN_POINT ( 'NONE',  ( 87.60409755359897588, 12.30000000000000071, -25.78908729652601650 ) ) ;
#6899 = AXIS2_PLACEMENT_3D ( 'NONE', #3288, #7084, #6362 ) ;
#6900 = CARTESIAN_POINT ( 'NONE',  ( 11.23847011827131404, 51.76281596935105256, -57.21203921858980124 ) ) ;
#6901 = AXIS2_PLACEMENT_3D ( 'NONE', #1963, #1190, #5225 ) ;
#6902 = ORIENTED_EDGE ( 'NONE', *, *, #2212, .F. ) ;
#6903 = EDGE_CURVE ( 'NONE', #109, #2903, #1475, .T. ) ;
#6904 = CARTESIAN_POINT ( 'NONE',  ( 121.8448322465439020, 67.45256411934006735, -30.40457191145024396 ) ) ;
#6905 = CIRCLE ( 'NONE', #2277, 2.099999999999994316 ) ;
#6906 = CARTESIAN_POINT ( 'NONE',  ( 33.81991095996365715, 74.91690096688819267, -80.40768512208455832 ) ) ;
#6907 = CARTESIAN_POINT ( 'NONE',  ( -1.160067314306698405, 165.8995719722354352, -29.25542327065986470 ) ) ;
#6908 = LINE ( 'NONE', #3118, #6206 ) ;
#6909 = ORIENTED_EDGE ( 'NONE', *, *, #1058, .T. ) ;
#6910 = AXIS2_PLACEMENT_3D ( 'NONE', #3109, #2376, #5720 ) ;
#6911 = AXIS2_PLACEMENT_3D ( 'NONE', #7534, #5626, #1771 ) ;
#6912 = CYLINDRICAL_SURFACE ( 'NONE', #6013, 4.149999999999994138 ) ;
#6913 = CARTESIAN_POINT ( 'NONE',  ( 8.878939171894650428, 123.2646501642976489, -88.13944918398308914 ) ) ;
#6914 = CARTESIAN_POINT ( 'NONE',  ( 49.50000000000000000, 39.90000000000001279, -57.39999999999996305 ) ) ;
#6915 = EDGE_CURVE ( 'NONE', #1900, #6575, #2761, .T. ) ;
#6916 = DIRECTION ( 'NONE',  ( 1.000000000000000000, -0.000000000000000000, -0.000000000000000000 ) ) ;
#6917 = ORIENTED_EDGE ( 'NONE', *, *, #2808, .F. ) ;
#6918 = CARTESIAN_POINT ( 'NONE',  ( 84.08191696696594875, 0.000000000000000000, -6.200000000000000178 ) ) ;
#6919 = DIRECTION ( 'NONE',  ( 1.000000000000000000, -0.000000000000000000, -0.000000000000000000 ) ) ;
#6920 = CARTESIAN_POINT ( 'NONE',  ( 119.8925589349604621, 57.22490231996292209, -85.41525830449056400 ) ) ;
#6921 = CARTESIAN_POINT ( 'NONE',  ( 25.50000000000001066, 86.77984592383290874, -79.64409653821141433 ) ) ;
#6922 = CARTESIAN_POINT ( 'NONE',  ( 77.50000000000001421, 11.88908729652600549, -25.49999999999999645 ) ) ;
#6923 = EDGE_CURVE ( 'NONE', #552, #6988, #386, .T. ) ;
#6924 = EDGE_CURVE ( 'NONE', #3316, #1791, #6124, .T. ) ;
#6925 = CARTESIAN_POINT ( 'NONE',  ( -1.052477022264905138, 166.6494938211821761, -64.98997889783467485 ) ) ;
#6926 = DIRECTION ( 'NONE',  ( 0.000000000000000000, 1.000000000000000000, 0.000000000000000000 ) ) ;
#6927 = VECTOR ( 'NONE', #5401, 1000.000000000000227 ) ;
#6928 = CARTESIAN_POINT ( 'NONE',  ( 27.11620665435774669, -6.246085374932845546, -88.62057457049787956 ) ) ;
#6929 = CARTESIAN_POINT ( 'NONE',  ( 111.3935579202752137, 177.4871983871062753, -79.75167212345887435 ) ) ;
#6930 = CYLINDRICAL_SURFACE ( 'NONE', #8004, 1.649999999999991696 ) ;
#6931 = CARTESIAN_POINT ( 'NONE',  ( 18.99999548372224822, 123.4999953997165676, -47.50000000000001421 ) ) ;
#6932 = DIRECTION ( 'NONE',  ( 0.000000000000000000, 1.000000000000000000, 0.000000000000000000 ) ) ;
#6933 = CARTESIAN_POINT ( 'NONE',  ( 40.03773194426604221, 10.56299046755435178, -32.11347902099751650 ) ) ;
#6934 = ORIENTED_EDGE ( 'NONE', *, *, #5855, .F. ) ;
#6935 = FACE_OUTER_BOUND ( 'NONE', #7073, .T. ) ;
#6936 = ORIENTED_EDGE ( 'NONE', *, *, #1483, .T. ) ;
#6937 = CARTESIAN_POINT ( 'NONE',  ( 122.3307430171860091, 69.00104431204687216, -19.51232198170119148 ) ) ;
#6938 = VECTOR ( 'NONE', #7489, 1000.000000000000000 ) ;
#6939 = EDGE_LOOP ( 'NONE', ( #7315, #4525 ) ) ;
#6940 = CARTESIAN_POINT ( 'NONE',  ( 52.50000000000000711, 0.000000000000000000, -27.05991754977236141 ) ) ;
#6941 = CARTESIAN_POINT ( 'NONE',  ( 131.1108076967055922, 166.2523603717231708, -29.59132130660642090 ) ) ;
#6942 = DIRECTION ( 'NONE',  ( 0.000000000000000000, 0.000000000000000000, 1.000000000000000000 ) ) ;
#6943 = AXIS2_PLACEMENT_3D ( 'NONE', #7132, #4504, #1282 ) ;
#6944 = DIRECTION ( 'NONE',  ( 1.000061562882335055E-07, -0.9999999999999948930, 0.000000000000000000 ) ) ;
#6945 = EDGE_LOOP ( 'NONE', ( #7707, #4400, #2377, #2948, #1387 ) ) ;
#6946 = CARTESIAN_POINT ( 'NONE',  ( -0.9635865928031492889, 126.1748513107564236, -62.89485086120178181 ) ) ;
#6947 = CARTESIAN_POINT ( 'NONE',  ( 10.44774351780785082, 187.6000000000000227, -51.26529077623880681 ) ) ;
#6948 = ORIENTED_EDGE ( 'NONE', *, *, #1525, .F. ) ;
#6949 = CARTESIAN_POINT ( 'NONE',  ( 127.0266637905302076, 98.39867040673355802, -29.32345445482288326 ) ) ;
#6950 = FACE_OUTER_BOUND ( 'NONE', #7165, .T. ) ;
#6951 = ADVANCED_FACE ( 'NONE', ( #183, #2879, #1463, #2799, #5491 ), #8093, .T. ) ;
#6952 = CARTESIAN_POINT ( 'NONE',  ( 18.17035374427440786, 170.7130587296931594, -9.209468079444679489 ) ) ;
#6953 = CARTESIAN_POINT ( 'NONE',  ( 49.50000000000000000, 23.00000000000000000, -25.50000000000000355 ) ) ;
#6954 = CARTESIAN_POINT ( 'NONE',  ( 11.18932443189169312, 52.00000000000000711, -54.50000000000000711 ) ) ;
#6955 = ORIENTED_EDGE ( 'NONE', *, *, #4797, .T. ) ;
#6956 = CARTESIAN_POINT ( 'NONE',  ( 2.016411796611501828, 125.0537263647550361, -81.85418940488560224 ) ) ;
#6957 = CARTESIAN_POINT ( 'NONE',  ( 46.12021440964545604, -0.5965773228345850887, -6.217494550851699664 ) ) ;
#6958 = CARTESIAN_POINT ( 'NONE',  ( 56.50000000000000000, 53.64580823289530542, -49.99999999999997158 ) ) ;
#6959 = EDGE_LOOP ( 'NONE', ( #1787, #1692, #2679, #6683, #1464 ) ) ;
#6960 = FACE_OUTER_BOUND ( 'NONE', #1235, .T. ) ;
#6961 = CARTESIAN_POINT ( 'NONE',  ( 104.5000000000000142, 142.5999999999999943, -95.00000000000001421 ) ) ;
#6962 = CARTESIAN_POINT ( 'NONE',  ( 87.44402522150265611, 11.04801005930666946, -88.83548483577349941 ) ) ;
#6963 = EDGE_CURVE ( 'NONE', #1516, #5423, #3485, .T. ) ;
#6964 = CARTESIAN_POINT ( 'NONE',  ( 108.5232609310961607, 10.98429668998704756, -26.40479060653897392 ) ) ;
#6965 = ADVANCED_FACE ( 'NONE', ( #8011 ), #6730, .F. ) ;
#6966 = CARTESIAN_POINT ( 'NONE',  ( 39.14995392731905355, 15.01073606840508923, -67.21099059883988502 ) ) ;
#6967 = B_SPLINE_CURVE_WITH_KNOTS ( 'NONE', 3,
 ( #1431, #6650, #3128, #2080, #2484, #156, #7206, #4056, #1356, #751, #4011, #4458, #3326, #793 ),
 .UNSPECIFIED., .F., .F.,
 ( 4, 2, 2, 2, 2, 2, 4 ),
 ( 0.000000000000000000, 0.003232879017358421692, 0.004849318526037635357, 0.006465758034716847721, 0.009698637052075274184, 0.01131507656075448655, 0.01293151606943369891 ),
 .UNSPECIFIED. ) ;
#6968 = CARTESIAN_POINT ( 'NONE',  ( -2.005095202782035013, 138.3103756966259255, -74.82639321393291709 ) ) ;
#6969 = FACE_OUTER_BOUND ( 'NONE', #8449, .T. ) ;
#6970 = CARTESIAN_POINT ( 'NONE',  ( 41.68793981458271958, 13.99679041767549492, -88.74408897948325148 ) ) ;
#6971 = CARTESIAN_POINT ( 'NONE',  ( 110.7712251646489392, 184.4905612184359995, -69.91539033282937510 ) ) ;
#6972 = CARTESIAN_POINT ( 'NONE',  ( 87.99397111864713850, 12.90225691759902560, -88.78720804180692028 ) ) ;
#6973 = CARTESIAN_POINT ( 'NONE',  ( 118.5315194957205023, 50.68694624208636412, -66.92396646138762151 ) ) ;
#6974 = CYLINDRICAL_SURFACE ( 'NONE', #7050, 2.100000000000001421 ) ;
#6975 = EDGE_CURVE ( 'NONE', #526, #6762, #5580, .T. ) ;
#6976 = CARTESIAN_POINT ( 'NONE',  ( 40.31700853174984900, 17.75344098020605088, -26.44443213216696975 ) ) ;
#6977 = ORIENTED_EDGE ( 'NONE', *, *, #7542, .F. ) ;
#6978 = CARTESIAN_POINT ( 'NONE',  ( 91.20409755359898440, 52.00000000000000711, -65.61091270347398563 ) ) ;
#6979 = ORIENTED_EDGE ( 'NONE', *, *, #1601, .T. ) ;
#6980 = FACE_OUTER_BOUND ( 'NONE', #3767, .T. ) ;
#6981 = ORIENTED_EDGE ( 'NONE', *, *, #586, .T. ) ;
#6982 = EDGE_CURVE ( 'NONE', #382, #5891, #5069, .T. ) ;
#6983 = CARTESIAN_POINT ( 'NONE',  ( 27.41038188150558241, 76.04789169404966742, -18.93900233936646416 ) ) ;
#6984 = CARTESIAN_POINT ( 'NONE',  ( 131.7602385851400584, 134.6124632379327863, -20.74774943827788221 ) ) ;
#6985 = AXIS2_PLACEMENT_3D ( 'NONE', #6706, #2866, #5479 ) ;
#6986 = CARTESIAN_POINT ( 'NONE',  ( 37.54268651639598886, 74.62654356742478967, -10.45247027597637590 ) ) ;
#6987 = CARTESIAN_POINT ( 'NONE',  ( 47.99558823093378379, 73.34000000000000341, -84.49008245022770325 ) ) ;
#6988 = VERTEX_POINT ( 'NONE', #3048 ) ;
#6989 = CARTESIAN_POINT ( 'NONE',  ( -0.3830489303833037873, 121.2835323973455672, -54.73912207644298888 ) ) ;
#6990 = CARTESIAN_POINT ( 'NONE',  ( 22.39589333293312734, 8.000000000000000000, -150.0000000000000000 ) ) ;
#6991 = ORIENTED_EDGE ( 'NONE', *, *, #1929, .F. ) ;
#6992 = CARTESIAN_POINT ( 'NONE',  ( 127.6722159736876421, 102.5408629831082976, -28.78184219612823824 ) ) ;
#6993 = CARTESIAN_POINT ( 'NONE',  ( 65.24281546689468314, 48.49999999999999289, -48.33979067352877479 ) ) ;
#6994 = CARTESIAN_POINT ( 'NONE',  ( -2.071237613540001909, 158.7157895987376719, -2.801109937396283556 ) ) ;
#6995 = CARTESIAN_POINT ( 'NONE',  ( 45.53467490961462971, 1.271627013824795149, -88.83729029348960182 ) ) ;
#6996 = CARTESIAN_POINT ( 'NONE',  ( 42.71724240948854145, 20.00208989781250324, -69.19738901272046405 ) ) ;
#6997 = VERTEX_POINT ( 'NONE', #2496 ) ;
#6998 = CARTESIAN_POINT ( 'NONE',  ( 34.50000000000000000, 87.34000000000000341, -69.50000000000000000 ) ) ;
#6999 = CARTESIAN_POINT ( 'NONE',  ( 27.41126624052667538, -7.116967886386950326, -6.408704139149433487 ) ) ;
#7000 = CARTESIAN_POINT ( 'NONE',  ( 34.86674538083953223, 71.20599825150216589, -10.34907043908333968 ) ) ;
#7001 = ORIENTED_EDGE ( 'NONE', *, *, #514, .F. ) ;
#7002 = CARTESIAN_POINT ( 'NONE',  ( -2.300683985571372769, 148.2464328143404089, -74.42242365075624377 ) ) ;
#7003 = CARTESIAN_POINT ( 'NONE',  ( 87.93253457582535759, 12.70740689885428054, -6.216391429502960086 ) ) ;
#7004 = DIRECTION ( 'NONE',  ( 0.000000000000000000, -1.000000000000000000, 0.000000000000000000 ) ) ;
#7005 = CARTESIAN_POINT ( 'NONE',  ( 114.9982927672032389, 34.73588727439324941, -87.42444583975651540 ) ) ;
#7006 = CARTESIAN_POINT ( 'NONE',  ( 17.70778649432791241, 154.7022464271592241, -93.43886668431838416 ) ) ;
#7007 = CARTESIAN_POINT ( 'NONE',  ( 38.84828452224167705, 12.24078159619831396, -64.95686200739581295 ) ) ;
#7008 = CARTESIAN_POINT ( 'NONE',  ( 132.2521737359862186, 144.0675494382377622, -24.99999999999895550 ) ) ;
#7009 = CARTESIAN_POINT ( 'NONE',  ( 130.3252633676118251, 120.8027860339447983, -69.96281545341921060 ) ) ;
#7010 = EDGE_CURVE ( 'NONE', #5877, #4942, #6390, .T. ) ;
#7011 = ADVANCED_FACE ( 'NONE', ( #6426 ), #1942, .F. ) ;
#7012 = CARTESIAN_POINT ( 'NONE',  ( 129.6953532995715364, 174.2856277744045030, -46.33707092089382940 ) ) ;
#7013 = CARTESIAN_POINT ( 'NONE',  ( 100.8416360984356999, 65.11448467836447662, -84.88902216613753637 ) ) ;
#7014 = DIRECTION ( 'NONE',  ( -0.000000000000000000, 1.000000000000000000, -0.000000000000000000 ) ) ;
#7015 = CARTESIAN_POINT ( 'NONE',  ( 87.60409755359897588, 75.34000000000000341, -59.01091270347399131 ) ) ;
#7016 = VECTOR ( 'NONE', #7383, 1000.000000000000000 ) ;
#7017 = CARTESIAN_POINT ( 'NONE',  ( 39.15334301153377794, 15.02072819698654271, -27.78307044270345827 ) ) ;
#7018 = ORIENTED_EDGE ( 'NONE', *, *, #4543, .F. ) ;
#7019 = CARTESIAN_POINT ( 'NONE',  ( 111.5581729599295642, 175.1991860945161932, -12.94379050262974573 ) ) ;
#7020 = ORIENTED_EDGE ( 'NONE', *, *, #1242, .F. ) ;
#7021 = FACE_OUTER_BOUND ( 'NONE', #4988, .T. ) ;
#7022 = ORIENTED_EDGE ( 'NONE', *, *, #5224, .F. ) ;
#7023 = CARTESIAN_POINT ( 'NONE',  ( 29.94238835239377750, 79.48934435168399659, -14.02437537215771712 ) ) ;
#7024 = AXIS2_PLACEMENT_3D ( 'NONE', #1741, #4314, #5556 ) ;
#7025 = CARTESIAN_POINT ( 'NONE',  ( 129.7015890602650643, 174.2565383713692313, -48.79947398710491768 ) ) ;
#7026 = CARTESIAN_POINT ( 'NONE',  ( 126.0000000000000000, 142.5999999999999943, -47.50000000000000000 ) ) ;
#7027 = CARTESIAN_POINT ( 'NONE',  ( 150.0000000000000000, 142.5999999999999943, -47.50000000000000000 ) ) ;
#7028 = ORIENTED_EDGE ( 'NONE', *, *, #1579, .F. ) ;
#7029 = CIRCLE ( 'NONE', #1770, 2.149999999999999023 ) ;
#7030 = VERTEX_POINT ( 'NONE', #7141 ) ;
#7031 = FACE_OUTER_BOUND ( 'NONE', #7931, .T. ) ;
#7032 = EDGE_CURVE ( 'NONE', #8234, #1359, #566, .T. ) ;
#7033 = AXIS2_PLACEMENT_3D ( 'NONE', #5888, #19, #2632 ) ;
#7034 = CARTESIAN_POINT ( 'NONE',  ( 24.52499217497303974, 1.411396767016173337, -68.87106789939001317 ) ) ;
#7035 = ORIENTED_EDGE ( 'NONE', *, *, #3972, .T. ) ;
#7036 = CARTESIAN_POINT ( 'NONE',  ( 131.1174610486148708, 127.6043461088306969, -23.05699639417106539 ) ) ;
#7037 = CARTESIAN_POINT ( 'NONE',  ( 18.22976070317977459, 82.52050623351597380, -17.85185418077620056 ) ) ;
#7038 = CARTESIAN_POINT ( 'NONE',  ( -2.181224961223704017, 154.1178097380462759, -22.15999876795390122 ) ) ;
#7039 = CARTESIAN_POINT ( 'NONE',  ( 39.85662800016664420, 20.35871334559874768, -88.47911343612487656 ) ) ;
#7040 = CARTESIAN_POINT ( 'NONE',  ( 53.00000000000000711, 20.10000000000000853, -54.39999999999997016 ) ) ;
#7041 = VERTEX_POINT ( 'NONE', #5792 ) ;
#7042 =( NAMED_UNIT ( * ) PLANE_ANGLE_UNIT ( ) SI_UNIT ( $, .RADIAN. ) );
#7043 = CARTESIAN_POINT ( 'NONE',  ( 45.94956728119620237, -0.09290414371168662089, -6.202724401689918565 ) ) ;
#7044 = CARTESIAN_POINT ( 'NONE',  ( 18.80371557062880683, 123.0458923181802788, -90.80588924518374938 ) ) ;
#7045 = VERTEX_POINT ( 'NONE', #2024 ) ;
#7046 = AXIS2_PLACEMENT_3D ( 'NONE', #5266, #3290, #4577 ) ;
#7047 = CARTESIAN_POINT ( 'NONE',  ( -1.149235066851983067, 168.8186966035212890, -87.13117916440336330 ) ) ;
#7048 = EDGE_CURVE ( 'NONE', #4367, #56, #6798, .T. ) ;
#7049 = CARTESIAN_POINT ( 'NONE',  ( 3.999995823743247136, 120.0999938996242378, -47.50000000000000000 ) ) ;
#7050 = AXIS2_PLACEMENT_3D ( 'NONE', #5068, #3739, #1804 ) ;
#7051 = DIRECTION ( 'NONE',  ( 1.000000000000000000, -0.000000000000000000, -0.000000000000000000 ) ) ;
#7052 = CARTESIAN_POINT ( 'NONE',  ( 105.0417504445118482, 0.1232656815494721919, -68.87981027383594324 ) ) ;
#7053 = CARTESIAN_POINT ( 'NONE',  ( 19.55492981761046423, 187.5163711310777330, -62.97127049290149614 ) ) ;
#7054 = CARTESIAN_POINT ( 'NONE',  ( 40.40752350272975235, 10.37836518230997385, -62.60576628670310129 ) ) ;
#7055 = CARTESIAN_POINT ( 'NONE',  ( 131.3348608650324820, 164.5214788212007306, -42.37788047409109282 ) ) ;
#7056 = CARTESIAN_POINT ( 'NONE',  ( 131.1411027621421681, 127.8187283935413063, -72.01022396795546854 ) ) ;
#7057 = CARTESIAN_POINT ( 'NONE',  ( 112.0401528189179317, 137.2368628999003022, -94.70706373209907269 ) ) ;
#7058 = DIRECTION ( 'NONE',  ( 0.000000000000000000, -0.9519809258384942519, 0.3061573400062183037 ) ) ;
#7059 = FACE_BOUND ( 'NONE', #6237, .T. ) ;
#7060 = CARTESIAN_POINT ( 'NONE',  ( 31.23442585991790210, 78.35556929348597066, -81.56827701463754465 ) ) ;
#7061 = CARTESIAN_POINT ( 'NONE',  ( -2.081908438931241445, 139.6474752741883663, -25.14645396005245459 ) ) ;
#7062 = ORIENTED_EDGE ( 'NONE', *, *, #9, .T. ) ;
#7063 = EDGE_CURVE ( 'NONE', #481, #268, #7705, .T. ) ;
#7064 = CARTESIAN_POINT ( 'NONE',  ( 112.2058444309491705, 143.3631173787163675, 9.893344823930283181E-15 ) ) ;
#7065 = VERTEX_POINT ( 'NONE', #5960 ) ;
#7066 = DIRECTION ( 'NONE',  ( 0.000000000000000000, 0.000000000000000000, 1.000000000000000000 ) ) ;
#7067 = EDGE_CURVE ( 'NONE', #7065, #5337, #99, .T. ) ;
#7068 = ORIENTED_EDGE ( 'NONE', *, *, #3814, .T. ) ;
#7069 = CARTESIAN_POINT ( 'NONE',  ( 26.85314627168648727, 82.38004827038923850, -17.75361678616650707 ) ) ;
#7070 = CARTESIAN_POINT ( 'NONE',  ( 132.2844015493551240, 145.9353227883880209, -20.23365801186423241 ) ) ;
#7071 = CARTESIAN_POINT ( 'NONE',  ( 45.69909441277383877, 78.34000000000003183, -84.49008245022770325 ) ) ;
#7072 = CARTESIAN_POINT ( 'NONE',  ( 26.56999054630553658, 78.34000000000001762, -10.50991754977235182 ) ) ;
#7073 = EDGE_LOOP ( 'NONE', ( #140, #4840, #5495, #66 ) ) ;
#7074 = EDGE_LOOP ( 'NONE', ( #7467, #4305, #1341, #8231, #2790, #7764, #6134, #5328 ) ) ;
#7075 = AXIS2_PLACEMENT_3D ( 'NONE', #4562, #4727, #7966 ) ;
#7076 = ORIENTED_EDGE ( 'NONE', *, *, #2843, .T. ) ;
#7077 = CARTESIAN_POINT ( 'NONE',  ( -1.405460985011037112, 163.9500865940298127, -54.75244437117579110 ) ) ;
#7078 = DIRECTION ( 'NONE',  ( 0.000000000000000000, 0.000000000000000000, 1.000000000000000000 ) ) ;
#7079 = CARTESIAN_POINT ( 'NONE',  ( 130.4561245787783719, 121.3569347973986368, -4.763434306052575451 ) ) ;
#7080 = CARTESIAN_POINT ( 'NONE',  ( 111.7702380224914123, 123.2000559591661784, -4.142276683242275936 ) ) ;
#7081 = AXIS2_PLACEMENT_3D ( 'NONE', #2622, #564, #6506 ) ;
#7082 = CARTESIAN_POINT ( 'NONE',  ( -2.203486187118012918, 142.6343363201138459, -20.00769811138549059 ) ) ;
#7083 = CARTESIAN_POINT ( 'NONE',  ( 19.85973465361899670, 190.0837242375541223, -48.74335535222896709 ) ) ;
#7084 = DIRECTION ( 'NONE',  ( -0.000000000000000000, 1.000000000000000000, -0.000000000000000000 ) ) ;
#7085 = EDGE_LOOP ( 'NONE', ( #5400, #7842 ) ) ;
#7086 = B_SPLINE_CURVE_WITH_KNOTS ( 'NONE', 3,
 ( #4284, #6921, #388, #3597, #5570, #3085, #4417, #6198, #3730, #7611, #6285, #4972, #2997, #6327 ),
 .UNSPECIFIED., .F., .F.,
 ( 4, 2, 2, 2, 2, 2, 4 ),
 ( -2.039176135476304660E-05, 0.002218906606345981761, 0.004458204974046726422, 0.005577854157897111330, 0.006697503341747497105, 0.007817152525597880278, 0.008936801709448266920 ),
 .UNSPECIFIED. ) ;
#7087 = CARTESIAN_POINT ( 'NONE',  ( 83.87978994613327188, -0.5965899560863947571, -6.217494921320129819 ) ) ;
#7088 = LINE ( 'NONE', #3682, #4976 ) ;
#7089 = VERTEX_POINT ( 'NONE', #2227 ) ;
#7090 = CARTESIAN_POINT ( 'NONE',  ( -1.877608164577329930, 136.1006498862634544, -94.57000384383371738 ) ) ;
#7091 = EDGE_CURVE ( 'NONE', #1807, #8271, #3518, .T. ) ;
#7092 = CARTESIAN_POINT ( 'NONE',  ( 45.68873026223968736, 74.84313503083210151, -80.24284345944796826 ) ) ;
#7093 = CARTESIAN_POINT ( 'NONE',  ( 104.8688793414587082, -0.3870104432195926036, -68.88139498509318059 ) ) ;
#7094 = CARTESIAN_POINT ( 'NONE',  ( 56.50000000000000711, 20.10000000000000853, -37.59999999999996589 ) ) ;
#7095 = DIRECTION ( 'NONE',  ( 0.000000000000000000, 0.000000000000000000, -1.000000000000000000 ) ) ;
#7096 = CARTESIAN_POINT ( 'NONE',  ( 132.1507996852179474, 154.7928756095739971, -28.58649564714387736 ) ) ;
#7097 = CARTESIAN_POINT ( 'NONE',  ( 118.8106577468607838, 52.00000000000000711, -65.49856997275421122 ) ) ;
#7098 = CARTESIAN_POINT ( 'NONE',  ( 5.341884832695881435, 83.68496565645612861, -10.52649197995376795 ) ) ;
#7099 = ORIENTED_EDGE ( 'NONE', *, *, #671, .F. ) ;
#7100 = AXIS2_PLACEMENT_3D ( 'NONE', #6914, #3765, #421 ) ;
#7101 = CARTESIAN_POINT ( 'NONE',  ( 131.7082003451382377, 163.6801785793092563, -90.07879181226854826 ) ) ;
#7102 = DIRECTION ( 'NONE',  ( -1.000000000000000000, 0.000000000000000000, 0.000000000000000000 ) ) ;
#7103 = CARTESIAN_POINT ( 'NONE',  ( 29.43166808998357098, 76.33656364215333667, -80.75059581121941221 ) ) ;
#7104 = CARTESIAN_POINT ( 'NONE',  ( -1.813522074888722635, 135.3649158490688933, -26.18219060432321044 ) ) ;
#7105 = DIRECTION ( 'NONE',  ( -0.9659258262890650926, -0.000000000000000000, -0.2588190451025328409 ) ) ;
#7106 = ORIENTED_EDGE ( 'NONE', *, *, #6576, .T. ) ;
#7107 = CARTESIAN_POINT ( 'NONE',  ( 18.09426348664347373, 169.2205314952784363, -8.153092705489209280 ) ) ;
#7108 = ORIENTED_EDGE ( 'NONE', *, *, #4846, .F. ) ;
#7109 = CARTESIAN_POINT ( 'NONE',  ( 34.50000000000000000, 78.34000000000000341, -84.49008245022766062 ) ) ;
#7110 = DIRECTION ( 'NONE',  ( 1.000000000000000000, 0.000000000000000000, 0.000000000000000000 ) ) ;
#7111 = CARTESIAN_POINT ( 'NONE',  ( 46.63738539817914841, 78.34000000000007446, -81.02452954509585936 ) ) ;
#7112 = CARTESIAN_POINT ( 'NONE',  ( 77.50000000000001421, 52.00000000000002132, -29.38908729652600726 ) ) ;
#7113 = VERTEX_POINT ( 'NONE', #2748 ) ;
#7114 = VERTEX_POINT ( 'NONE', #7998 ) ;
#7115 = EDGE_LOOP ( 'NONE', ( #614, #658, #4912, #972 ) ) ;
#7116 = CARTESIAN_POINT ( 'NONE',  ( -1.286178210322802107, 164.9089501372546920, -50.44914443255950687 ) ) ;
#7117 = FACE_OUTER_BOUND ( 'NONE', #6561, .T. ) ;
#7118 = CARTESIAN_POINT ( 'NONE',  ( 131.2673395178831299, 129.0628209318879840, -22.60239374246152977 ) ) ;
#7119 = LINE ( 'NONE', #1918, #2028 ) ;
#7120 = EDGE_CURVE ( 'NONE', #6988, #3877, #7264, .T. ) ;
#7121 = CARTESIAN_POINT ( 'NONE',  ( -2.263052896126574343, 151.5405925686371802, -21.33623273857899605 ) ) ;
#7122 = CARTESIAN_POINT ( 'NONE',  ( 43.04268651639600307, 69.22045390349596516, -20.21710499281508433 ) ) ;
#7123 = CARTESIAN_POINT ( 'NONE',  ( 44.11641109131205951, 10.27639209884724281, -62.44474821518892327 ) ) ;
#7124 = VERTEX_POINT ( 'NONE', #1454 ) ;
#7125 = SHAPE_DEFINITION_REPRESENTATION ( #7761, #3429 ) ;
#7126 = CARTESIAN_POINT ( 'NONE',  ( 30.33621137351892116, -0.000000000000000000, -12.76704216528605684 ) ) ;
#7127 = CARTESIAN_POINT ( 'NONE',  ( -0.6545490630724181136, 122.9242896843425683, -4.235213776725115231 ) ) ;
#7128 = ORIENTED_EDGE ( 'NONE', *, *, #2843, .F. ) ;
#7129 = CARTESIAN_POINT ( 'NONE',  ( 17.73855586765976255, 146.3275189720146727, -94.89645630907639884 ) ) ;
#7130 = DIRECTION ( 'NONE',  ( 0.000000000000000000, 0.000000000000000000, 1.000000000000000000 ) ) ;
#7131 = CARTESIAN_POINT ( 'NONE',  ( 88.30439856734768966, 13.97078464846279822, -88.74489785703480038 ) ) ;
#7132 = CARTESIAN_POINT ( 'NONE',  ( 38.50000000000000000, 8.000000000000000000, -69.50000000000000000 ) ) ;
#7133 = CARTESIAN_POINT ( 'NONE',  ( 104.5000000000000284, 123.2000559591661784, -4.142276683242275936 ) ) ;
#7134 = CARTESIAN_POINT ( 'NONE',  ( 131.5350898131497388, 162.8133554793016344, -37.50784962111450938 ) ) ;
#7135 = CARTESIAN_POINT ( 'NONE',  ( 90.65435000244380603, -0.000000000000000000, -87.80312081536207813 ) ) ;
#7136 = CARTESIAN_POINT ( 'NONE',  ( -1.098191555975957190, 127.4221554382654915, -23.11390803794405002 ) ) ;
#7137 = EDGE_LOOP ( 'NONE', ( #1082, #7925, #2072, #7921 ) ) ;
#7138 = CARTESIAN_POINT ( 'NONE',  ( 132.1245896183820889, 155.3397504536879126, -72.36914456400340612 ) ) ;
#7139 = FACE_OUTER_BOUND ( 'NONE', #838, .T. ) ;
#7140 = CARTESIAN_POINT ( 'NONE',  ( 8.332998138442295755, 64.95497201997339687, -19.63758869215648417 ) ) ;
#7141 = CARTESIAN_POINT ( 'NONE',  ( 56.50000000000000711, 20.10000000000000853, -35.94999999999996732 ) ) ;
#7142 = CARTESIAN_POINT ( 'NONE',  ( 110.1501315979685103, 190.0040034164040605, -43.21210341784694720 ) ) ;
#7143 = ORIENTED_EDGE ( 'NONE', *, *, #7442, .F. ) ;
#7144 = VECTOR ( 'NONE', #1101, 1000.000000000000000 ) ;
#7145 = CARTESIAN_POINT ( 'NONE',  ( 111.3971508091171785, 123.1921976565164840, -4.145793650485553705 ) ) ;
#7146 = EDGE_LOOP ( 'NONE', ( #2250, #5673 ) ) ;
#7147 = VECTOR ( 'NONE', #2751, 1000.000000000000000 ) ;
#7148 = CARTESIAN_POINT ( 'NONE',  ( 77.50000000000001421, 8.000000000000000000, -29.38908729652599305 ) ) ;
#7149 = DIRECTION ( 'NONE',  ( -1.000000000000000000, 0.000000000000000000, 0.000000000000000000 ) ) ;
#7150 = DIRECTION ( 'NONE',  ( 1.000000000000000000, -0.000000000000000000, -0.000000000000000000 ) ) ;
#7151 = CARTESIAN_POINT ( 'NONE',  ( 25.50000000000001421, 82.06792206135787637, -13.27348984240432728 ) ) ;
#7152 = ORIENTED_EDGE ( 'NONE', *, *, #4822, .F. ) ;
#7153 = ORIENTED_EDGE ( 'NONE', *, *, #8192, .F. ) ;
#7154 = EDGE_LOOP ( 'NONE', ( #6308, #3920, #6644, #5346, #307 ) ) ;
#7155 = CYLINDRICAL_SURFACE ( 'NONE', #6272, 8.999999999999994671 ) ;
#7156 = DIRECTION ( 'NONE',  ( 0.000000000000000000, 0.000000000000000000, -1.000000000000000000 ) ) ;
#7157 = CARTESIAN_POINT ( 'NONE',  ( 111.3322544734727302, 124.3241323856559006, -3.763447198008466277 ) ) ;
#7158 = DIRECTION ( 'NONE',  ( 0.000000000000000000, 1.000000000000000000, 0.000000000000000000 ) ) ;
#7159 = DIRECTION ( 'NONE',  ( -1.000000000000000000, 0.000000000000000000, 0.000000000000000000 ) ) ;
#7160 = EDGE_CURVE ( 'NONE', #7449, #2456, #2750, .T. ) ;
#7161 = FACE_OUTER_BOUND ( 'NONE', #6020, .T. ) ;
#7162 = CIRCLE ( 'NONE', #8266, 3.000000000000002665 ) ;
#7163 = ADVANCED_FACE ( 'NONE', ( #3475 ), #3560, .F. ) ;
#7164 = CARTESIAN_POINT ( 'NONE',  ( 45.63843860947400088, 15.02083911117066428, -67.21703439581564510 ) ) ;
#7165 = EDGE_LOOP ( 'NONE', ( #8077, #6438, #3540, #5265, #6596, #2800 ) ) ;
#7166 = DIRECTION ( 'NONE',  ( 0.000000000000000000, 0.000000000000000000, -1.000000000000000000 ) ) ;
#7167 = CARTESIAN_POINT ( 'NONE',  ( 31.55988019915931275, 0.000000000000000000, -11.63026933075843594 ) ) ;
#7168 = CARTESIAN_POINT ( 'NONE',  ( -0.5209593290242341412, 121.8630045056260087, -4.592881732809274808 ) ) ;
#7169 = CARTESIAN_POINT ( 'NONE',  ( 17.93582102039002635, 165.6001186512291667, -89.11013023077921957 ) ) ;
#7170 = CARTESIAN_POINT ( 'NONE',  ( 44.80342613144825492, 74.91690096688951428, -80.40768512208495622 ) ) ;
#7171 = CARTESIAN_POINT ( 'NONE',  ( 84.10732265050555156, 0.08425089096669167998, -88.80245263201821615 ) ) ;
#7172 = CARTESIAN_POINT ( 'NONE',  ( 25.50000000000000000, 78.55130760249717525, -18.47036057163053613 ) ) ;
#7173 = CARTESIAN_POINT ( 'NONE',  ( 150.0000000000000000, 142.5999999999999943, -95.00000000000000000 ) ) ;
#7174 = ADVANCED_FACE ( 'NONE', ( #211 ), #6630, .F. ) ;
#7175 = CARTESIAN_POINT ( 'NONE',  ( 132.1495731603780825, 154.8195119560773207, -66.39630584095978350 ) ) ;
#7176 = CARTESIAN_POINT ( 'NONE',  ( 25.50000000000000355, 37.00000000000000000, -40.50000000000000711 ) ) ;
#7177 = CARTESIAN_POINT ( 'NONE',  ( -1.091093314699542960, 127.3552624161367390, -23.13477095367855796 ) ) ;
#7178 = EDGE_LOOP ( 'NONE', ( #5928, #4035, #2935, #7339 ) ) ;
#7179 = AXIS2_PLACEMENT_3D ( 'NONE', #5324, #136, #208 ) ;
#7180 = CARTESIAN_POINT ( 'NONE',  ( 130.7315227467451564, 171.8590808852142118, -85.00326361554706978 ) ) ;
#7181 = FACE_OUTER_BOUND ( 'NONE', #1397, .T. ) ;
#7182 = ADVANCED_FACE ( 'NONE', ( #941 ), #7919, .F. ) ;
#7183 = CARTESIAN_POINT ( 'NONE',  ( 131.0981906827059902, 127.4221591229567849, -71.88609198506688358 ) ) ;
#7184 = VECTOR ( 'NONE', #7414, 1000.000000000000000 ) ;
#7185 = CARTESIAN_POINT ( 'NONE',  ( -1.965765689097671354, 157.9972227195545145, -31.07703061913175446 ) ) ;
#7186 = EDGE_CURVE ( 'NONE', #4784, #7192, #8032, .T. ) ;
#7187 = CARTESIAN_POINT ( 'NONE',  ( 91.20409755359895598, 52.00000000000001421, -29.38908729652600726 ) ) ;
#7188 = EDGE_LOOP ( 'NONE', ( #6711, #7796, #65, #6823 ) ) ;
#7189 = CIRCLE ( 'NONE', #5703, 2.149999999999999023 ) ;
#7190 = AXIS2_PLACEMENT_3D ( 'NONE', #4391, #8232, #4987 ) ;
#7191 = CARTESIAN_POINT ( 'NONE',  ( 46.24779411546689545, 74.77421613221784469, -80.03045916837693596 ) ) ;
#7192 = VERTEX_POINT ( 'NONE', #7433 ) ;
#7193 = CARTESIAN_POINT ( 'NONE',  ( 100.9994116365046892, 80.19112838382913822, -10.51538000908496429 ) ) ;
#7194 = CARTESIAN_POINT ( 'NONE',  ( 1.676441284157088374, 106.7608230018135345, -66.88429862382301394 ) ) ;
#7195 = CARTESIAN_POINT ( 'NONE',  ( 16.88494996986821306, 27.64434688037735555, -25.50000000000000355 ) ) ;
#7196 = ORIENTED_EDGE ( 'NONE', *, *, #5061, .T. ) ;
#7197 = ORIENTED_EDGE ( 'NONE', *, *, #2181, .T. ) ;
#7198 = EDGE_CURVE ( 'NONE', #2966, #4317, #4361, .T. ) ;
#7199 = EDGE_LOOP ( 'NONE', ( #5511, #6845, #7889, #3439 ) ) ;
#7200 = DIRECTION ( 'NONE',  ( 0.000000000000000000, 0.000000000000000000, 1.000000000000000000 ) ) ;
#7201 = CARTESIAN_POINT ( 'NONE',  ( 131.8135664826691311, 135.3655730705496012, -68.81802542971898617 ) ) ;
#7202 = CARTESIAN_POINT ( 'NONE',  ( 29.46641510991206658, 0.000000000000000000, -81.19898652632851110 ) ) ;
#7203 = FACE_BOUND ( 'NONE', #1219, .T. ) ;
#7204 = AXIS2_PLACEMENT_3D ( 'NONE', #5498, #3575, #1646 ) ;
#7205 = CYLINDRICAL_SURFACE ( 'NONE', #3253, 2.100000000000001421 ) ;
#7206 = CARTESIAN_POINT ( 'NONE',  ( 11.43011093016417412, 50.84245872104229136, -34.69691583376175714 ) ) ;
#7207 = CARTESIAN_POINT ( 'NONE',  ( -1.220137506705364805, 128.5966559371922813, -22.74752130401750705 ) ) ;
#7208 =( BOUNDED_SURFACE ( )  B_SPLINE_SURFACE ( 3, 2, ( 
 ( #5305, #6054, #2928 ),
 ( #2807, #8100, #2971 ),
 ( #1557, #7538, #6689 ),
 ( #8150, #2248, #191 ),
 ( #7370, #362, #6811 ),
 ( #4865, #5590, #7455 ),
 ( #8061, #3494, #4907 ),
 ( #1604, #8195, #4131 ),
 ( #8021, #4094, #2206 ),
 ( #875, #4218, #831 ),
 ( #6728, #3614, #4781 ),
 ( #1647, #959, #2848 ),
 ( #4821, #6771, #1513 ),
 ( #6138, #6097, #234 ),
 ( #5458, #2334, #4259 ),
 ( #2887, #4174, #919 ),
 ( #7410, #4950, #5416 ),
 ( #2162, #3455, #5499 ),
 ( #3536, #272, #3576 ),
 ( #6178, #313, #5545 ),
 ( #2292, #7497, #6850 ),
 ( #1001, #6217, #4303 ),
 ( #6893, #1684, #1048 ),
 ( #3666, #6261, #1544 ),
 ( #2876, #7361, #5528 ),
 ( #4810, #6638, #3400 ),
 ( #302, #948, #6005 ),
 ( #145, #2757, #5447 ),
 ( #4723, #1504, #4892 ),
 ( #263, #5488, #8051 ),
 ( #3445, #7317, #6166 ),
 ( #2796, #8090, #4769 ),
 ( #4161, #220, #1419 ),
 ( #2915, #1461, #5402 ),
 ( #5365, #2837, #2194 ),
 ( #6042, #181, #8007 ),
 ( #6127, #4041, #6679 ),
 ( #4085, #2152, #8133 ),
 ( #4121, #2235, #7964 ),
 ( #7401, #4851, #6718 ),
 ( #861, #907, #7443 ),
 ( #3483, #6801, #6085 ),
 ( #822, #1592, #3525 ),
 ( #2280, #6758, #2108 ),
 ( #782, #4207, #3566 ),
 ( #5021, #1634, #474 ),
 ( #7012, #8179, #3089 ),
 ( #8262, #6247, #2491 ),
 ( #1713, #4937, #4246 ),
 ( #1031, #3654, #2403 ),
 ( #3136, #5065, #6290 ),
 ( #4978, #5705, #1801 ),
 ( #7658, #4338, #7485 ),
 ( #6878, #7618, #8224 ),
 ( #4421, #1157, #1761 ),
 ( #2321, #4383, #8308 ),
 ( #5749, #6838, #3779 ),
 ( #2451, #7525, #1671 ),
 ( #5576, #6202, #6971 ),
 ( #6379, #1113, #521 ),
 ( #7570, #8349, #3736 ),
 ( #989, #3602, #347 ),
 ( #2959, #6331, #4289 ),
 ( #3044, #394, #3002 ),
 ( #5618, #2361, #6929 ),
 ( #5655, #1075, #3694 ),
 ( #434, #7831, #1333 ),
 ( #1248, #7180, #5150 ),
 ( #563, #96, #3216 ),
 ( #1893, #2621, #7700 ),
 ( #7748, #4639, #5788 ),
 ( #2662, #5878, #3864 ),
 ( #5834, #7791, #2535 ),
 ( #7138, #7101, #6462 ),
 ( #649, #5240, #1843 ),
 ( #4510, #2579, #3303 ),
 ( #3946, #5282, #1939 ),
 ( #604, #8436, #10 ),
 ( #5957, #2020, #7224 ),
 ( #3989, #8387, #1975 ),
 ( #5199, #3904, #51 ),
 ( #6591, #5914, #4552 ),
 ( #1291, #3177, #3821 ),
 ( #6505, #6549, #4596 ),
 ( #691, #3262, #730 ),
 ( #7875, #4466, #7057 ),
 ( #3347, #1375, #1202 ),
 ( #6423, #5106, #4078 ),
 ( #8000, #1536, #695 ),
 ( #2146, #2101, #2666 ),
 ( #1379, #2831, #814 ),
 ( #4762, #1414, #7310 ),
 ( #5360, #6553, #5918 ),
 ( #4034, #6632, #2065 ) ),
 .UNSPECIFIED., .F., .F., .F. ) 
 B_SPLINE_SURFACE_WITH_KNOTS ( ( 4, 2, 2, 2, 2, 2, 2, 2, 2, 2, 2, 2, 2, 2, 2, 2, 2, 2, 2, 2, 2, 2, 2, 2, 2, 2, 2, 2, 2, 2, 2, 2, 2, 2, 2, 2, 2, 2, 2, 2, 2, 2, 2, 2, 2, 2, 4 ),
 ( 3, 3 ),
 ( 0.04009029296086218802, 0.04359554304935638058, 0.04534816809360348033, 0.04710079313785058008, 0.05060604322634477265, 0.05411129331483896521, 0.05498760583696251508, 0.05586391835908606496, 0.05761654340333316471, 0.06112179349182735727, 0.06287441853607445008, 0.06462704358032154983, 0.06813229366881574933, 0.07163754375730993496, 0.07339016880155703471, 0.07514279384580413446, 0.07864804393429833396, 0.08215329402279253346, 0.08390591906703963321, 0.08565854411128673296, 0.08916379419978093246, 0.09091641924402803221, 0.09266904428827513196, 0.09617429437676931758, 0.09792691942101641733, 0.09967954446526350321, 0.1031847945537577027, 0.1066900446422519022, 0.1084426696864990020, 0.1101952947307461017, 0.1137005448192403012, 0.1154531698634873871, 0.1172057949077344868, 0.1207110449962286725, 0.1242162950847228720, 0.1259689201289699856, 0.1268452326510935424, 0.1277215451732170715, 0.1312267952617112710, 0.1347320453502054705, 0.1364846703944525563, 0.1382372954386996700, 0.1417425455271938695, 0.1434951705714409553, 0.1452477956156880690, 0.1487530457041822407, 0.1522582957926764402 ),
 ( 0.000000000000000000, 1.000000000000000000 ),
 .UNSPECIFIED. ) 
 GEOMETRIC_REPRESENTATION_ITEM ( )  RATIONAL_B_SPLINE_SURFACE ( (
 ( 1.000000000000000000, 0.7236430158077403751, 1.000000000000000000),
 ( 1.000000000000000000, 0.7216411023125922641, 1.000000000000000000),
 ( 1.000000000000000000, 0.7196860591145614050, 1.000000000000000000),
 ( 1.000000000000000000, 0.7169183826817978611, 1.000000000000000000),
 ( 1.000000000000000000, 0.7160234129271203507, 1.000000000000000000),
 ( 1.000000000000000000, 0.7143072669643069084, 1.000000000000000000),
 ( 1.000000000000000000, 0.7134855913563525887, 1.000000000000000000),
 ( 1.000000000000000000, 0.7111945559089264401, 1.000000000000000000),
 ( 1.000000000000000000, 0.7098859192847494226, 1.000000000000000000),
 ( 1.000000000000000000, 0.7078343947309168049, 1.000000000000000000),
 ( 1.000000000000000000, 0.7070915524908386596, 1.000000000000000000),
 ( 1.000000000000000000, 0.7066030833117691312, 1.000000000000000000),
 ( 1.000000000000000000, 0.7065274158681754679, 1.000000000000000000),
 ( 1.000000000000000000, 0.7064223792303355731, 1.000000000000000000),
 ( 1.000000000000000000, 0.7063931097211220145, 1.000000000000000000),
 ( 1.000000000000000000, 0.7063776617583505946, 1.000000000000000000),
 ( 1.000000000000000000, 0.7064633383075354933, 1.000000000000000000),
 ( 1.000000000000000000, 0.7070146660699839769, 1.000000000000000000),
 ( 1.000000000000000000, 0.7077754811745091690, 1.000000000000000000),
 ( 1.000000000000000000, 0.7095183450590416552, 1.000000000000000000),
 ( 1.000000000000000000, 0.7101993682562880439, 1.000000000000000000),
 ( 1.000000000000000000, 0.7117607427564298650, 1.000000000000000000),
 ( 1.000000000000000000, 0.7126426884847349985, 1.000000000000000000),
 ( 1.000000000000000000, 0.7155729265513758319, 1.000000000000000000),
 ( 1.000000000000000000, 0.7178746700643190426, 1.000000000000000000),
 ( 1.000000000000000000, 0.7230331098683806523, 1.000000000000000000),
 ( 1.000000000000000000, 0.7258898846696238971, 1.000000000000000000),
 ( 1.000000000000000000, 0.7304686323728871722, 1.000000000000000000),
 ( 1.000000000000000000, 0.7320436343822058767, 1.000000000000000000),
 ( 1.000000000000000000, 0.7352683601494711674, 1.000000000000000000),
 ( 1.000000000000000000, 0.7369064078892642033, 1.000000000000000000),
 ( 1.000000000000000000, 0.7418320804004655544, 1.000000000000000000),
 ( 1.000000000000000000, 0.7451416647084186939, 1.000000000000000000),
 ( 1.000000000000000000, 0.7516064148627822350, 1.000000000000000000),
 ( 1.000000000000000000, 0.7547619515192388606, 1.000000000000000000),
 ( 1.000000000000000000, 0.7592279669451625912, 1.000000000000000000),
 ( 1.000000000000000000, 0.7606713967757672279, 1.000000000000000000),
 ( 1.000000000000000000, 0.7634098712804704423, 1.000000000000000000),
 ( 1.000000000000000000, 0.7647098078824500211, 1.000000000000000000),
 ( 1.000000000000000000, 0.7683743778209058961, 1.000000000000000000),
 ( 1.000000000000000000, 0.7705036506755605918, 1.000000000000000000),
 ( 1.000000000000000000, 0.7731232148390840830, 1.000000000000000000),
 ( 1.000000000000000000, 0.7738998038505559007, 1.000000000000000000),
 ( 1.000000000000000000, 0.7752304912827717720, 1.000000000000000000),
 ( 1.000000000000000000, 0.7757876996819875748, 1.000000000000000000),
 ( 1.000000000000000000, 0.7771286141286523064, 1.000000000000000000),
 ( 1.000000000000000000, 0.7775814328465731062, 1.000000000000000000),
 ( 1.000000000000000000, 0.7775780630872325405, 1.000000000000000000),
 ( 1.000000000000000000, 0.7774632228072027029, 1.000000000000000000),
 ( 1.000000000000000000, 0.7770031299578934458, 1.000000000000000000),
 ( 1.000000000000000000, 0.7766559465614216728, 1.000000000000000000),
 ( 1.000000000000000000, 0.7752878087556315245, 1.000000000000000000),
 ( 1.000000000000000000, 0.7739402045353382942, 1.000000000000000000),
 ( 1.000000000000000000, 0.7704747077291802526, 1.000000000000000000),
 ( 1.000000000000000000, 0.7683564438000570762, 1.000000000000000000),
 ( 1.000000000000000000, 0.7646823607031201231, 1.000000000000000000),
 ( 1.000000000000000000, 0.7633698446997154718, 1.000000000000000000),
 ( 1.000000000000000000, 0.7606250125808999840, 1.000000000000000000),
 ( 1.000000000000000000, 0.7591935330222789879, 1.000000000000000000),
 ( 1.000000000000000000, 0.7547582355953174060, 1.000000000000000000),
 ( 1.000000000000000000, 0.7516133198537053861, 1.000000000000000000),
 ( 1.000000000000000000, 0.7467599815429084575, 1.000000000000000000),
 ( 1.000000000000000000, 0.7451195805504359226, 1.000000000000000000),
 ( 1.000000000000000000, 0.7418188534227460051, 1.000000000000000000),
 ( 1.000000000000000000, 0.7401548370880308703, 1.000000000000000000),
 ( 1.000000000000000000, 0.7351971626645966706, 1.000000000000000000),
 ( 1.000000000000000000, 0.7319775881088216307, 1.000000000000000000),
 ( 1.000000000000000000, 0.7259017203478831393, 1.000000000000000000),
 ( 1.000000000000000000, 0.7230452898517789606, 1.000000000000000000),
 ( 1.000000000000000000, 0.7191635296602831851, 1.000000000000000000),
 ( 1.000000000000000000, 0.7179366288635912197, 1.000000000000000000),
 ( 1.000000000000000000, 0.7162120513550234158, 1.000000000000000000),
 ( 1.000000000000000000, 0.7156564721794107520, 1.000000000000000000),
 ( 1.000000000000000000, 0.7145939592637350346, 1.000000000000000000),
 ( 1.000000000000000000, 0.7140859162408061955, 1.000000000000000000),
 ( 1.000000000000000000, 0.7116639162903092286, 1.000000000000000000),
 ( 1.000000000000000000, 0.7101059419908157810, 1.000000000000000000),
 ( 1.000000000000000000, 0.7077819748616351880, 1.000000000000000000),
 ( 1.000000000000000000, 0.7070157679232169645, 1.000000000000000000),
 ( 1.000000000000000000, 0.7064617166116022862, 1.000000000000000000),
 ( 1.000000000000000000, 0.7063767262179260209, 1.000000000000000000),
 ( 1.000000000000000000, 0.7063995893669344772, 1.000000000000000000),
 ( 1.000000000000000000, 0.7065063648691843889, 1.000000000000000000),
 ( 1.000000000000000000, 0.7070894241838198147, 1.000000000000000000),
 ( 1.000000000000000000, 0.7078283322755644091, 1.000000000000000000),
 ( 1.000000000000000000, 0.7093697072595043229, 1.000000000000000000),
 ( 1.000000000000000000, 0.7099556891183907981, 1.000000000000000000),
 ( 1.000000000000000000, 0.7112570448734453210, 1.000000000000000000),
 ( 1.000000000000000000, 0.7119753282346471535, 1.000000000000000000),
 ( 1.000000000000000000, 0.7142739472962909009, 1.000000000000000000),
 ( 1.000000000000000000, 0.7159974585090426169, 1.000000000000000000),
 ( 1.000000000000000000, 0.7196776494763946763, 1.000000000000000000),
 ( 1.000000000000000000, 0.7216350226483142505, 1.000000000000000000),
 ( 1.000000000000000000, 0.7236486845896658027, 1.000000000000000000) ) ) 
 REPRESENTATION_ITEM ( '' )  SURFACE ( )  );
#7209 = CARTESIAN_POINT ( 'NONE',  ( 33.82598341401680386, 74.91690096696547130, -80.40768512210938468 ) ) ;
#7210 = EDGE_LOOP ( 'NONE', ( #1478, #3141 ) ) ;
#7211 = EDGE_CURVE ( 'NONE', #7960, #7412, #4082, .T. ) ;
#7212 = CARTESIAN_POINT ( 'NONE',  ( 37.05880378136812681, 74.62654356742478967, -19.19071236384241530 ) ) ;
#7213 = LINE ( 'NONE', #4019, #3470 ) ;
#7214 = CARTESIAN_POINT ( 'NONE',  ( 19.08158243537488730, 183.0183111427384404, -72.53306659485618013 ) ) ;
#7215 = CARTESIAN_POINT ( 'NONE',  ( 31.21693413345756696, 78.92854082775400570, -84.48656497992836023 ) ) ;
#7216 = CARTESIAN_POINT ( 'NONE',  ( 56.50000000000000000, 53.64580823289530542, -43.60306689386892032 ) ) ;
#7217 = CARTESIAN_POINT ( 'NONE',  ( 3.200055738426970997, 96.94304650939363910, -29.50722948367844367 ) ) ;
#7218 = CYLINDRICAL_SURFACE ( 'NONE', #3145, 1.649999999999971045 ) ;
#7219 = CARTESIAN_POINT ( 'NONE',  ( 132.2022772135175614, 153.5494607670249536, -67.15947086515284070 ) ) ;
#7220 = CARTESIAN_POINT ( 'NONE',  ( 91.29606918821063744, 0.000000000000000000, -87.59013209768818342 ) ) ;
#7221 = CARTESIAN_POINT ( 'NONE',  ( 3.173092005726962928, 97.12625245418726649, -29.46725992162997798 ) ) ;
#7222 = ORIENTED_EDGE ( 'NONE', *, *, #4203, .F. ) ;
#7223 = VECTOR ( 'NONE', #5409, 1000.000000000000000 ) ;
#7224 = CARTESIAN_POINT ( 'NONE',  ( 112.3041884244623390, 152.3739003548019753, -94.02822646635951287 ) ) ;
#7225 = EDGE_CURVE ( 'NONE', #7239, #8327, #4844, .T. ) ;
#7226 = EDGE_CURVE ( 'NONE', #3398, #1900, #667, .T. ) ;
#7227 = DIRECTION ( 'NONE',  ( 0.000000000000000000, 0.000000000000000000, -1.000000000000000000 ) ) ;
#7228 = DIRECTION ( 'NONE',  ( 0.000000000000000000, 0.000000000000000000, -1.000000000000000000 ) ) ;
#7229 = CARTESIAN_POINT ( 'NONE',  ( 87.60409755359897588, 3.700000000000000178, -65.61091270347401405 ) ) ;
#7230 = CYLINDRICAL_SURFACE ( 'NONE', #4980, 3.000000000000002665 ) ;
#7231 = ORIENTED_EDGE ( 'NONE', *, *, #7822, .F. ) ;
#7232 = CARTESIAN_POINT ( 'NONE',  ( -2.302260691009745841, 145.9310262209153564, -20.14836918023191714 ) ) ;
#7233 = ORIENTED_EDGE ( 'NONE', *, *, #2502, .T. ) ;
#7234 = CARTESIAN_POINT ( 'NONE',  ( 96.09431897473446327, 78.34000000000003183, -10.50991754977235182 ) ) ;
#7235 = ADVANCED_FACE ( 'NONE', ( #6120 ), #1497, .T. ) ;
#7236 = CYLINDRICAL_SURFACE ( 'NONE', #339, 2.149999999999999023 ) ;
#7237 = DIRECTION ( 'NONE',  ( 1.000000000000000000, -0.000000000000000000, -0.000000000000000000 ) ) ;
#7238 = ORIENTED_EDGE ( 'NONE', *, *, #6302, .F. ) ;
#7239 = VERTEX_POINT ( 'NONE', #4199 ) ;
#7240 = ORIENTED_EDGE ( 'NONE', *, *, #4521, .F. ) ;
#7241 = DIRECTION ( 'NONE',  ( 0.000000000000000000, 0.000000000000000000, 1.000000000000000000 ) ) ;
#7242 = CARTESIAN_POINT ( 'NONE',  ( 130.2969038026872397, 120.6060746888801276, -52.25969904817311829 ) ) ;
#7243 = EDGE_CURVE ( 'NONE', #6477, #6626, #1349, .T. ) ;
#7244 = CARTESIAN_POINT ( 'NONE',  ( 45.91809086751633373, 0.000000000000000000, -88.79999999999998295 ) ) ;
#7245 = CARTESIAN_POINT ( 'NONE',  ( 25.50000000000000355, 87.34000000000000341, -84.62933753321830466 ) ) ;
#7246 = CARTESIAN_POINT ( 'NONE',  ( 87.60409755359897588, 8.000000000000000000, -62.01091270347400553 ) ) ;
#7247 = CARTESIAN_POINT ( 'NONE',  ( 87.60409755359897588, 12.30000000000000071, -65.61091270347401405 ) ) ;
#7248 = VERTEX_POINT ( 'NONE', #1535 ) ;
#7249 = CARTESIAN_POINT ( 'NONE',  ( 31.91503778354360676, 78.71921289327399052, -84.48769671088865607 ) ) ;
#7250 = ORIENTED_EDGE ( 'NONE', *, *, #3698, .F. ) ;
#7251 = CARTESIAN_POINT ( 'NONE',  ( 26.12844566913252820, -0.000000000000000000, -19.53456644297316558 ) ) ;
#7252 = FACE_OUTER_BOUND ( 'NONE', #4003, .T. ) ;
#7253 = CARTESIAN_POINT ( 'NONE',  ( -0.1412570367913648373, 172.0941496659642098, -57.27852573449892759 ) ) ;
#7254 = CARTESIAN_POINT ( 'NONE',  ( 107.3930568611613268, 7.310164683447629486, -26.25267183135485993 ) ) ;
#7255 = CARTESIAN_POINT ( 'NONE',  ( 49.50000000000000000, 46.57993858786697672, -66.04230378445730310 ) ) ;
#7256 = CARTESIAN_POINT ( 'NONE',  ( 0.1411584349564713459, 117.2195514280504085, -25.96806040282556793 ) ) ;
#7257 = CARTESIAN_POINT ( 'NONE',  ( 31.91503778354351439, 78.71921289327407578, -84.48769671088885502 ) ) ;
#7258 = DIRECTION ( 'NONE',  ( 0.000000000000000000, 0.000000000000000000, 1.000000000000000000 ) ) ;
#7259 = CARTESIAN_POINT ( 'NONE',  ( 18.78813043274070438, 123.1698681138754949, -4.152447141869584080 ) ) ;
#7260 = ORIENTED_EDGE ( 'NONE', *, *, #7542, .T. ) ;
#7261 = DIRECTION ( 'NONE',  ( 0.000000000000000000, 0.5000000000000001110, -0.8660254037844387076 ) ) ;
#7262 = CARTESIAN_POINT ( 'NONE',  ( 30.29669085768431458, 40.03517976947112800, -69.18971353590646345 ) ) ;
#7263 = CARTESIAN_POINT ( 'NONE',  ( 111.3653457095978467, 124.6533728376495986, -91.34751144146450486 ) ) ;
#7264 = LINE ( 'NONE', #174, #1753 ) ;
#7265 = PLANE ( 'NONE',  #7971 ) ;
#7266 = ORIENTED_EDGE ( 'NONE', *, *, #1796, .T. ) ;
#7267 = ADVANCED_FACE ( 'NONE', ( #4151 ), #6750, .F. ) ;
#7268 = CARTESIAN_POINT ( 'NONE',  ( -1.417246321554783473, 163.8476756910187646, -27.51983399798917773 ) ) ;
#7269 = ORIENTED_EDGE ( 'NONE', *, *, #1903, .F. ) ;
#7270 = CARTESIAN_POINT ( 'NONE',  ( 100.0067570364716403, 79.54411448300376719, -10.51520343379443823 ) ) ;
#7271 = CARTESIAN_POINT ( 'NONE',  ( 130.4174652794851283, 126.7628506705449354, -18.03011989501572643 ) ) ;
#7272 = CARTESIAN_POINT ( 'NONE',  ( 49.50000000000000000, -6.714056312975745640E-14, -32.95991754977224986 ) ) ;
#7273 = ORIENTED_EDGE ( 'NONE', *, *, #4188, .F. ) ;
#7274 = ORIENTED_EDGE ( 'NONE', *, *, #1372, .F. ) ;
#7275 = ORIENTED_EDGE ( 'NONE', *, *, #4904, .F. ) ;
#7276 = DIRECTION ( 'NONE',  ( -1.000000000000000000, -1.241749088029210375E-16, -0.000000000000000000 ) ) ;
#7277 = DIRECTION ( 'NONE',  ( 0.000000000000000000, 0.000000000000000000, -1.000000000000000000 ) ) ;
#7278 = EDGE_CURVE ( 'NONE', #414, #3932, #5326, .T. ) ;
#7279 = CARTESIAN_POINT ( 'NONE',  ( 42.39589333293313445, 3.700000000000000178, -29.38908729652599305 ) ) ;
#7280 = PRODUCT_DEFINITION_CONTEXT ( 'detailed design', #3853, 'design' ) ;
#7281 = CARTESIAN_POINT ( 'NONE',  ( 53.00000000000000711, 39.90000000000001279, -37.59999999999995879 ) ) ;
#7282 = EDGE_CURVE ( 'NONE', #2964, #7248, #3816, .T. ) ;
#7283 = CARTESIAN_POINT ( 'NONE',  ( 13.22735241908165094, 43.02187073044965615, -68.26689409074148784 ) ) ;
#7284 = CARTESIAN_POINT ( 'NONE',  ( 14.63003818488451913, 189.3358280394058681, -44.85535170231379709 ) ) ;
#7285 = EDGE_CURVE ( 'NONE', #5756, #268, #2519, .T. ) ;
#7286 = ORIENTED_EDGE ( 'NONE', *, *, #6035, .T. ) ;
#7287 = EDGE_CURVE ( 'NONE', #5993, #8356, #7476, .T. ) ;
#7288 = B_SPLINE_CURVE_WITH_KNOTS ( 'NONE', 3,
 ( #6690, #6772, #4663, #7284, #4739, #1474, #6016, #5417, #3537, #2849 ),
 .UNSPECIFIED., .F., .F.,
 ( 4, 2, 2, 2, 4 ),
 ( 0.000000000000000000, 0.005041391725640048151, 0.006301739657050049563, 0.007562087588460050108, 0.01008278345128003212 ),
 .UNSPECIFIED. ) ;
#7289 = DIRECTION ( 'NONE',  ( -1.000000000000000000, 0.000000000000000000, 0.000000000000000000 ) ) ;
#7290 = VERTEX_POINT ( 'NONE', #7654 ) ;
#7291 = B_SPLINE_CURVE_WITH_KNOTS ( 'NONE', 3,
 ( #1303, #3874, #8321, #5847, #3918, #8362, #5118, #6473, #5249, #7194, #7716, #1859, #4481, #6518, #2593, #3748, #1217, #617, #6347, #3187, #3228, #7840 ),
 .UNSPECIFIED., .F., .F.,
 ( 4, 2, 2, 2, 2, 2, 2, 2, 2, 2, 4 ),
 ( -0.03084996900454297850, -0.02823466098951449288, -0.02561935297448600726, -0.02038873694442900480, -0.009927504884314972133, -0.004696888854257980084, 0.0005337271757990223742, 0.01099495923591306198, 0.03191742335614113080, 0.04237865541625517041, 0.05283988747636921002 ),
 .UNSPECIFIED. ) ;
#7292 = CARTESIAN_POINT ( 'NONE',  ( 104.9273010873421583, -0.2145751761948959391, -26.11898193458985062 ) ) ;
#7293 = CARTESIAN_POINT ( 'NONE',  ( 18.71885160677929605, 123.8260173211186412, -3.931318945016927913 ) ) ;
#7294 = EDGE_CURVE ( 'NONE', #5379, #3289, #5728, .T. ) ;
#7295 = CARTESIAN_POINT ( 'NONE',  ( 0.6493211585522801199, 179.2312699592933143, -77.79950289915019823 ) ) ;
#7296 = CARTESIAN_POINT ( 'NONE',  ( 106.0667949241198613, 3.192437069479311607, -26.15050762790365013 ) ) ;
#7297 = CIRCLE ( 'NONE', #7436, 3.599999999999999201 ) ;
#7298 = CARTESIAN_POINT ( 'NONE',  ( 57.46451640768095359, 52.11287032158607957, -44.99999999999996447 ) ) ;
#7299 = CARTESIAN_POINT ( 'NONE',  ( 3.999993573604119224, 142.5999999999999943, -47.50000000000000000 ) ) ;
#7300 = CARTESIAN_POINT ( 'NONE',  ( 42.39589333293312734, 0.000000000000000000, -67.76091270347399131 ) ) ;
#7301 = AXIS2_PLACEMENT_3D ( 'NONE', #1941, #5024, #3906 ) ;
#7302 = AXIS2_PLACEMENT_3D ( 'NONE', #829, #3017, #5116 ) ;
#7303 = CARTESIAN_POINT ( 'NONE',  ( 25.64257674474632509, -1.896596062282956963, -26.12086363023320601 ) ) ;
#7304 = EDGE_LOOP ( 'NONE', ( #7461, #2458, #5516, #4816 ) ) ;
#7305 = DIRECTION ( 'NONE',  ( 1.000061563267829808E-07, -0.9999999999999948930, 0.000000000000000000 ) ) ;
#7306 = LINE ( 'NONE', #7917, #5415 ) ;
#7307 = CARTESIAN_POINT ( 'NONE',  ( 111.2380452829784616, 123.4124419602257774, -90.92930037108982333 ) ) ;
#7308 = DIRECTION ( 'NONE',  ( 1.000061558036123795E-07, -0.9999999999999948930, 0.000000000000000000 ) ) ;
#7309 = CIRCLE ( 'NONE', #4733, 3.000000000000002665 ) ;
#7310 = CARTESIAN_POINT ( 'NONE',  ( 111.4742928526784311, 124.5203297521920121, -91.47072743306050313 ) ) ;
#7311 = EDGE_LOOP ( 'NONE', ( #4390, #7623, #8191, #5774 ) ) ;
#7312 = CARTESIAN_POINT ( 'NONE',  ( 49.50000000000000000, 78.34000000000001762, -74.64834724391587883 ) ) ;
#7313 = DIRECTION ( 'NONE',  ( 0.000000000000000000, 1.000000000000000000, 0.000000000000000000 ) ) ;
#7314 = AXIS2_PLACEMENT_3D ( 'NONE', #1452, #2062, #6628 ) ;
#7315 = ORIENTED_EDGE ( 'NONE', *, *, #3125, .T. ) ;
#7316 = CARTESIAN_POINT ( 'NONE',  ( 53.00000000000000711, 39.90000000000001279, -60.39999999999997016 ) ) ;
#7317 = CARTESIAN_POINT ( 'NONE',  ( 129.7733940973097049, 177.2286434241634936, -14.93153675194405849 ) ) ;
#7318 = PRESENTATION_LAYER_ASSIGNMENT (  '', '', ( #7588 ) ) ;
#7319 = EDGE_CURVE ( 'NONE', #1953, #6181, #3131, .T. ) ;
#7320 = LINE ( 'NONE', #3447, #3908 ) ;
#7321 = DIRECTION ( 'NONE',  ( 0.000000000000000000, 0.000000000000000000, 1.000000000000000000 ) ) ;
#7322 = AXIS2_PLACEMENT_3D ( 'NONE', #448, #1049, #8238 ) ;
#7323 = ORIENTED_EDGE ( 'NONE', *, *, #7531, .F. ) ;
#7324 = AXIS2_PLACEMENT_3D ( 'NONE', #1808, #6467, #4473 ) ;
#7325 = EDGE_CURVE ( 'NONE', #110, #6008, #7086, .T. ) ;
#7326 = ORIENTED_EDGE ( 'NONE', *, *, #5748, .T. ) ;
#7327 = DIRECTION ( 'NONE',  ( -1.000000000000000000, 0.000000000000000000, -0.000000000000000000 ) ) ;
#7328 = CARTESIAN_POINT ( 'NONE',  ( 130.5240367870804050, 122.4152027092105328, -37.53155614836700238 ) ) ;
#7329 = DIRECTION ( 'NONE',  ( 0.000000000000000000, 1.000000000000000000, 0.000000000000000000 ) ) ;
#7330 = DIRECTION ( 'NONE',  ( -1.000000000000000000, -0.000000000000000000, 0.000000000000000000 ) ) ;
#7331 = CARTESIAN_POINT ( 'NONE',  ( 49.50000000000000000, 52.00000000000000000, -69.50000000000000000 ) ) ;
#7332 = FACE_OUTER_BOUND ( 'NONE', #5187, .T. ) ;
#7333 = ADVANCED_FACE ( 'NONE', ( #3039 ), #5649, .T. ) ;
#7334 = EDGE_LOOP ( 'NONE', ( #3184, #4106 ) ) ;
#7335 = CARTESIAN_POINT ( 'NONE',  ( 27.59413734145540431, 78.59923097165520289, -80.61385963374449659 ) ) ;
#7336 = ORIENTED_EDGE ( 'NONE', *, *, #4423, .T. ) ;
#7337 = VECTOR ( 'NONE', #4906, 1000.000000000000000 ) ;
#7338 = CARTESIAN_POINT ( 'NONE',  ( 103.0781143895304695, -5.672559993214731477, -26.18681790752861360 ) ) ;
#7339 = ORIENTED_EDGE ( 'NONE', *, *, #1242, .T. ) ;
#7340 = CARTESIAN_POINT ( 'NONE',  ( -1.821050786184626125, 159.8543325461655797, -70.17497416166155233 ) ) ;
#7341 = CARTESIAN_POINT ( 'NONE',  ( 15.00000000000000000, 142.5999999999999943, -47.50000000000000000 ) ) ;
#7342 = CARTESIAN_POINT ( 'NONE',  ( 62.26246291131769084, 48.81789625374414499, -44.99999999999997158 ) ) ;
#7343 = EDGE_CURVE ( 'NONE', #1719, #5877, #6374, .T. ) ;
#7344 = CARTESIAN_POINT ( 'NONE',  ( 30.50000000000000355, -14.88237669494214188, -46.27600548280334891 ) ) ;
#7345 = CARTESIAN_POINT ( 'NONE',  ( 103.0563889572973153, 0.000000000000000000, -77.28872246147221858 ) ) ;
#7346 = CARTESIAN_POINT ( 'NONE',  ( 24.93186719459330547, 0.2012240752422899959, -6.092517138376360109 ) ) ;
#7347 = EDGE_CURVE ( 'NONE', #1272, #8056, #1754, .T. ) ;
#7348 = CARTESIAN_POINT ( 'NONE',  ( 22.73211578410266753, 99.14887314684051489, -85.53919671666740498 ) ) ;
#7349 = ORIENTED_EDGE ( 'NONE', *, *, #613, .T. ) ;
#7350 = CARTESIAN_POINT ( 'NONE',  ( 56.50000000000000711, 30.00000000000001421, -38.49999999999996447 ) ) ;
#7351 = VECTOR ( 'NONE', #1636, 1000.000000000000000 ) ;
#7352 = CARTESIAN_POINT ( 'NONE',  ( 25.50000000000000355, 46.57993858786699093, -66.04230378445728888 ) ) ;
#7353 = CARTESIAN_POINT ( 'NONE',  ( 130.4435663063758284, 121.2625088614085485, -90.20677076014564477 ) ) ;
#7354 = DIRECTION ( 'NONE',  ( 1.000000000000000000, -0.000000000000000000, -0.000000000000000000 ) ) ;
#7355 = DIRECTION ( 'NONE',  ( -1.000000000000000000, -0.000000000000000000, -0.000000000000000000 ) ) ;
#7356 = ORIENTED_EDGE ( 'NONE', *, *, #613, .F. ) ;
#7357 = DIRECTION ( 'NONE',  ( 0.000000000000000000, -1.000000000000000000, 0.000000000000000000 ) ) ;
#7358 = DIRECTION ( 'NONE',  ( 0.9999999999999951150, 1.000061563076409361E-07, -0.000000000000000000 ) ) ;
#7359 = ORIENTED_EDGE ( 'NONE', *, *, #5397, .F. ) ;
#7360 = CARTESIAN_POINT ( 'NONE',  ( -1.212247722613775114, 128.5131717527860644, -72.22219618056772106 ) ) ;
#7361 = CARTESIAN_POINT ( 'NONE',  ( 131.4284657739808893, 166.5837690059660758, -6.429712265931907922 ) ) ;
#7362 = DIRECTION ( 'NONE',  ( -0.000000000000000000, 1.000000000000000000, -0.000000000000000000 ) ) ;
#7363 = CARTESIAN_POINT ( 'NONE',  ( 25.50000000000000711, 111.2915253907364246, -8.155618124106274180 ) ) ;
#7364 = ORIENTED_EDGE ( 'NONE', *, *, #1483, .F. ) ;
#7365 = ORIENTED_EDGE ( 'NONE', *, *, #6419, .T. ) ;
#7366 = DIRECTION ( 'NONE',  ( -1.000000000000000000, 0.000000000000000000, 0.000000000000000000 ) ) ;
#7367 = CARTESIAN_POINT ( 'NONE',  ( 130.5237956366606227, 122.4132505260585333, -57.46431680038411827 ) ) ;
#7368 = CARTESIAN_POINT ( 'NONE',  ( 24.99999999999998224, 0.000000000000000000, -26.11973877905269958 ) ) ;
#7369 = CARTESIAN_POINT ( 'NONE',  ( 58.50000000000000711, 52.00000000000001421, -29.38908729652600726 ) ) ;
#7370 = CARTESIAN_POINT ( 'NONE',  ( 131.5987421279787952, 132.6401337290686229, -21.26571204518608482 ) ) ;
#7371 = LINE ( 'NONE', #1515, #478 ) ;
#7372 = VERTEX_POINT ( 'NONE', #336 ) ;
#7373 = CYLINDRICAL_SURFACE ( 'NONE', #76, 4.999999999999999112 ) ;
#7374 = CARTESIAN_POINT ( 'NONE',  ( 126.0000000000000000, 142.5999999999999943, -58.75000000000000711 ) ) ;
#7375 = VERTEX_POINT ( 'NONE', #8257 ) ;
#7376 = ADVANCED_FACE ( 'NONE', ( #5058 ), #1666, .F. ) ;
#7377 = CARTESIAN_POINT ( 'NONE',  ( 86.15556428314236825, 6.811697306633771376, -6.121290092223490298 ) ) ;
#7378 = DIRECTION ( 'NONE',  ( 1.000000000000000000, -0.000000000000000000, -0.000000000000000000 ) ) ;
#7379 = B_SPLINE_CURVE_WITH_KNOTS ( 'NONE', 3,
 ( #5871, #6541, #3, #1327, #3940, #2013, #685, #2654, #4633, #7217, #1367, #3982, #3132, #5743, #7256, #7910, #4673, #2700, #723, #1405, #5947, #3339 ),
 .UNSPECIFIED., .F., .F.,
 ( 4, 2, 2, 2, 2, 2, 2, 2, 2, 2, 4 ),
 ( 0.06091410590779562650, 0.06984566775656139703, 0.07877722960532718144, 0.08770879145409295197, 0.09664035330285872250, 0.1055719151516245069, 0.1145034770003902636, 0.1234350388491560480, 0.1279008197735389540, 0.1301337102357303377, 0.1323666006979217769 ),
 .UNSPECIFIED. ) ;
#7380 = CARTESIAN_POINT ( 'NONE',  ( 19.64401434638296706, 188.2904683084967417, -60.52509757459822026 ) ) ;
#7381 = LINE ( 'NONE', #3463, #3354 ) ;
#7382 = B_SPLINE_CURVE_WITH_KNOTS ( 'NONE', 3,
 ( #4530, #8408, #541, #4488, #7725, #8457, #28, #2639, #5174, #1822, #5768, #3969, #7202, #5217, #709, #1994, #6481, #1917, #7810, #4615, #2515, #5126, #2682, #3195, #2041, #1392, #4008, #7244 ),
 .UNSPECIFIED., .F., .F.,
 ( 4, 2, 2, 2, 2, 2, 2, 2, 2, 2, 2, 2, 2, 4 ),
 ( 0.000000000000000000, 0.003987889724578276389, 0.005981834586867393333, 0.006978807018011953973, 0.007975779449156512879, 0.01196366917373476411, 0.01395761403602389060, 0.01595155889831301535, 0.01794550376060214184, 0.01993944862289126485, 0.02392733834746949700, 0.02592128320975861308, 0.02791522807204772916, 0.03190311779662593356 ),
 .UNSPECIFIED. ) ;
#7383 = DIRECTION ( 'NONE',  ( 0.000000000000000000, 1.000000000000000000, 6.308085367188390241E-16 ) ) ;
#7384 = CARTESIAN_POINT ( 'NONE',  ( 25.41814029147099774, 84.42472011480806771, -10.47952423603323169 ) ) ;
#7385 = CARTESIAN_POINT ( 'NONE',  ( 19.18634408382406775, 120.1576629507929681, -89.87481562838972593 ) ) ;
#7386 = ORIENTED_EDGE ( 'NONE', *, *, #338, .F. ) ;
#7387 = CIRCLE ( 'NONE', #2627, 9.000000000000001776 ) ;
#7388 = DIRECTION ( 'NONE',  ( 0.000000000000000000, 0.000000000000000000, -1.000000000000000000 ) ) ;
#7389 = DIRECTION ( 'NONE',  ( -0.000000000000000000, 1.000000000000000000, 0.000000000000000000 ) ) ;
#7390 = CARTESIAN_POINT ( 'NONE',  ( 122.8459672210941704, 73.03739834965611522, -64.43934592623085678 ) ) ;
#7391 = CARTESIAN_POINT ( 'NONE',  ( 52.50000000000000711, 55.84000000000002473, -30.00991754977235004 ) ) ;
#7392 = CARTESIAN_POINT ( 'NONE',  ( 49.50000000000000000, 0.000000000000000000, 0.000000000000000000 ) ) ;
#7393 = VERTEX_POINT ( 'NONE', #1024 ) ;
#7394 = CARTESIAN_POINT ( 'NONE',  ( -1.475047782645835914, 163.3496375777154128, -27.13531701975210808 ) ) ;
#7395 = CARTESIAN_POINT ( 'NONE',  ( 77.50000000000001421, 48.11091270347399984, -69.49999999999997158 ) ) ;
#7396 = B_SPLINE_CURVE_WITH_KNOTS ( 'NONE', 3,
 ( #435, #2896, #6025, #2777, #6739, #3503, #885, #6110, #1441, #4792 ),
 .UNSPECIFIED., .F., .F.,
 ( 4, 2, 2, 2, 4 ),
 ( 6.938893903907228378E-18, 0.001072820296759026144, 0.002145640593518045348, 0.003218460890277064553, 0.004291281187036083758 ),
 .UNSPECIFIED. ) ;
#7397 = EDGE_CURVE ( 'NONE', #7718, #1688, #5180, .T. ) ;
#7398 = B_SPLINE_CURVE_WITH_KNOTS ( 'NONE', 3,
 ( #7833, #732, #6074, #3349, #6629, #3436, #5392, #4682, #98, #2063 ),
 .UNSPECIFIED., .F., .F.,
 ( 4, 2, 2, 2, 4 ),
 ( 0.000000000000000000, 0.005041391845891495839, 0.006301739807364393868, 0.007562087768837290162, 0.01008278369178312872 ),
 .UNSPECIFIED. ) ;
#7399 = CARTESIAN_POINT ( 'NONE',  ( 24.53865121776214053, 1.370244842299212618, -88.93251535900377291 ) ) ;
#7400 = CARTESIAN_POINT ( 'NONE',  ( 104.9999999999999716, -1.596078899734099497E-14, -69.13682444202947863 ) ) ;
#7401 = CARTESIAN_POINT ( 'NONE',  ( 130.0881877278847298, 172.3728997632744040, -38.28811870027693232 ) ) ;
#7402 = CARTESIAN_POINT ( 'NONE',  ( 102.6456329724448437, -6.949054687285835641, -88.59621989313144752 ) ) ;
#7403 = CARTESIAN_POINT ( 'NONE',  ( 26.93545325181785444, 79.87446242638655747, -80.45773300883340085 ) ) ;
#7404 = DIRECTION ( 'NONE',  ( 1.000000000000000000, -0.000000000000000000, -0.000000000000000000 ) ) ;
#7405 = EDGE_LOOP ( 'NONE', ( #3338, #2629, #5804, #1220, #5082, #3308, #7561, #2773 ) ) ;
#7406 = ORIENTED_EDGE ( 'NONE', *, *, #3785, .F. ) ;
#7407 = DIRECTION ( 'NONE',  ( 0.000000000000000000, 0.000000000000000000, -1.000000000000000000 ) ) ;
#7408 = CARTESIAN_POINT ( 'NONE',  ( 23.35884575185158951, 4.948505705277768563, -26.18345971547974571 ) ) ;
#7409 = CARTESIAN_POINT ( 'NONE',  ( 19.69284581012010094, 17.04156036163979948, -26.73420917360654414 ) ) ;
#7410 = CARTESIAN_POINT ( 'NONE',  ( 132.2890351874301587, 146.2751628580467127, -20.27423862013038303 ) ) ;
#7411 = FACE_OUTER_BOUND ( 'NONE', #4805, .T. ) ;
#7412 = VERTEX_POINT ( 'NONE', #8344 ) ;
#7413 = DIRECTION ( 'NONE',  ( 0.000000000000000000, 0.000000000000000000, -1.000000000000000000 ) ) ;
#7414 = DIRECTION ( 'NONE',  ( 1.000000000000000000, 0.000000000000000000, 0.000000000000000000 ) ) ;
#7415 = EDGE_LOOP ( 'NONE', ( #3852, #4388 ) ) ;
#7416 = CARTESIAN_POINT ( 'NONE',  ( 103.2203259511145603, -5.252814088245171931, -26.17512165161328852 ) ) ;
#7417 = ADVANCED_FACE ( 'NONE', ( #5102, #1198 ), #5234, .T. ) ;
#7418 = CARTESIAN_POINT ( 'NONE',  ( 45.41750530933473584, 11.11236383445549691, -31.35087571829323849 ) ) ;
#7419 = CARTESIAN_POINT ( 'NONE',  ( 18.76499012310864956, 179.4992503747468788, -17.52039045239396486 ) ) ;
#7420 = AXIS2_PLACEMENT_3D ( 'NONE', #2803, #5300, #7277 ) ;
#7421 = CARTESIAN_POINT ( 'NONE',  ( 21.68010507523743868, 10.31608321244131865, -32.48443951545905151 ) ) ;
#7422 = EDGE_CURVE ( 'NONE', #7843, #7030, #2985, .T. ) ;
#7423 = ORIENTED_EDGE ( 'NONE', *, *, #2758, .F. ) ;
#7424 = DIRECTION ( 'NONE',  ( 0.9659258262890680902, 0.000000000000000000, 0.2588190451025211281 ) ) ;
#7425 = CARTESIAN_POINT ( 'NONE',  ( 17.92195923980741767, 138.4266664628324293, -0.1764094605546454586 ) ) ;
#7426 = CARTESIAN_POINT ( 'NONE',  ( 27.84941324451249400, 71.68018520421374262, -10.41117429053021048 ) ) ;
#7427 = CARTESIAN_POINT ( 'NONE',  ( -1.083750708424296771, 127.2862550861921278, -71.84374406378992717 ) ) ;
#7428 = VERTEX_POINT ( 'NONE', #3173 ) ;
#7429 = PLANE ( 'NONE',  #5630 ) ;
#7430 = DIRECTION ( 'NONE',  ( -1.000000000000000000, -0.000000000000000000, -0.000000000000000000 ) ) ;
#7431 = VECTOR ( 'NONE', #7095, 1000.000000000000000 ) ;
#7432 = CARTESIAN_POINT ( 'NONE',  ( 124.6581095646400001, 83.68496377669124797, -84.47350784339869278 ) ) ;
#7433 = CARTESIAN_POINT ( 'NONE',  ( 3.999995483722322831, 123.4999938996242150, -47.50000000000001421 ) ) ;
#7434 = EDGE_CURVE ( 'NONE', #5335, #5970, #674, .T. ) ;
#7435 = DIRECTION ( 'NONE',  ( -1.000000000000000000, 0.000000000000000000, 0.000000000000000000 ) ) ;
#7436 = AXIS2_PLACEMENT_3D ( 'NONE', #1313, #8411, #3163 ) ;
#7437 = VECTOR ( 'NONE', #5497, 1000.000000000000000 ) ;
#7438 = CARTESIAN_POINT ( 'NONE',  ( -1.240702339311528402, 165.2694911259822277, -66.29183908983394247 ) ) ;
#7439 = CARTESIAN_POINT ( 'NONE',  ( 112.1379015867595967, 163.2858096384906332, -90.26605694660077006 ) ) ;
#7440 = CARTESIAN_POINT ( 'NONE',  ( 23.52415504036710558, 4.412716526480347845, -68.83937770123976918 ) ) ;
#7441 = CARTESIAN_POINT ( 'NONE',  ( -0.8008546462759507101, 123.9380459056986865, -91.22445223794059643 ) ) ;
#7442 = EDGE_CURVE ( 'NONE', #5866, #2925, #3013, .T. ) ;
#7443 = CARTESIAN_POINT ( 'NONE',  ( 110.3854627834646038, 188.0400468891390631, -33.51384197133961607 ) ) ;
#7444 = DIRECTION ( 'NONE',  ( 0.000000000000000000, 0.000000000000000000, -1.000000000000000000 ) ) ;
#7445 = CARTESIAN_POINT ( 'NONE',  ( 27.82679768650813656, 81.21538183826750412, -81.84555429437614293 ) ) ;
#7446 = PLANE ( 'NONE',  #8171 ) ;
#7447 = EDGE_LOOP ( 'NONE', ( #3839, #7545, #8214, #6488, #5734, #3215 ) ) ;
#7448 = DIRECTION ( 'NONE',  ( -1.000000000000000000, -0.000000000000000000, -0.000000000000000000 ) ) ;
#7449 = VERTEX_POINT ( 'NONE', #2615 ) ;
#7450 = CARTESIAN_POINT ( 'NONE',  ( 56.50000000000000711, 30.00000000000001421, -47.49999999999996447 ) ) ;
#7451 = VECTOR ( 'NONE', #4144, 1000.000000000000000 ) ;
#7452 = CARTESIAN_POINT ( 'NONE',  ( 10.63379260574441609, 55.66460458953045531, -27.00991754977381376 ) ) ;
#7453 = CARTESIAN_POINT ( 'NONE',  ( 132.1520461563663957, 140.8560935267510104, -75.07712495421348819 ) ) ;
#7454 = AXIS2_PLACEMENT_3D ( 'NONE', #4583, #7739, #8425 ) ;
#7455 = CARTESIAN_POINT ( 'NONE',  ( 111.7631448485297625, 130.2708192325169989, -1.616727004989436667 ) ) ;
#7456 = ADVANCED_FACE ( 'NONE', ( #3254 ), #2530, .F. ) ;
#7457 = CARTESIAN_POINT ( 'NONE',  ( 39.22009215445077501, 74.09457062178275066, -10.43953188326248416 ) ) ;
#7458 = ORIENTED_EDGE ( 'NONE', *, *, #6392, .T. ) ;
#7459 = CARTESIAN_POINT ( 'NONE',  ( 118.5315194957216960, 50.68694624208628596, -28.07603353861228612 ) ) ;
#7460 = CARTESIAN_POINT ( 'NONE',  ( 11.57892880282728854, 50.13263492403932275, -61.76828990902430405 ) ) ;
#7461 = ORIENTED_EDGE ( 'NONE', *, *, #970, .F. ) ;
#7462 = AXIS2_PLACEMENT_3D ( 'NONE', #6885, #4296, #1720 ) ;
#7463 = CARTESIAN_POINT ( 'NONE',  ( 85.98495211836117846, 6.255823383629923740, -6.119043720716479839 ) ) ;
#7464 = CARTESIAN_POINT ( 'NONE',  ( 42.39589333293312734, 20.06929233276887459, -69.21091270347399416 ) ) ;
#7465 = CARTESIAN_POINT ( 'NONE',  ( 1.493845114878300517, 182.7659595309748681, -22.07587435722827962 ) ) ;
#7466 = CARTESIAN_POINT ( 'NONE',  ( 104.1538991665459548, 82.12276900705484195, -84.46294901009979128 ) ) ;
#7467 = ORIENTED_EDGE ( 'NONE', *, *, #4494, .T. ) ;
#7468 = LINE ( 'NONE', #4318, #1229 ) ;
#7469 = CARTESIAN_POINT ( 'NONE',  ( 102.0797121088793631, 0.000000000000000000, -79.05143256393689910 ) ) ;
#7470 = CARTESIAN_POINT ( 'NONE',  ( 7.154022808075225726, 73.03740035839440736, -30.56065398033882730 ) ) ;
#7471 = CARTESIAN_POINT ( 'NONE',  ( 17.97026891502707002, 23.08527515689922538, -88.33599842362782795 ) ) ;
#7472 = ORIENTED_EDGE ( 'NONE', *, *, #3401, .F. ) ;
#7473 = CARTESIAN_POINT ( 'NONE',  ( 101.1407373746348100, 66.69962935925885006, -10.15856528835370298 ) ) ;
#7474 = CARTESIAN_POINT ( 'NONE',  ( 111.0000000000000000, 125.5999999999999943, -47.50000000000001421 ) ) ;
#7475 = CARTESIAN_POINT ( 'NONE',  ( 130.5111425498241431, 122.2886517698645008, -70.36803572776548776 ) ) ;
#7476 = LINE ( 'NONE', #1108, #2981 ) ;
#7477 = B_SPLINE_CURVE_WITH_KNOTS ( 'NONE', 3,
 ( #7245, #1394, #4572, #4010 ),
 .UNSPECIFIED., .F., .F.,
 ( 4, 4 ),
 ( 0.7072600201147034582, 1.000000000000000000 ),
 .UNSPECIFIED. ) ;
#7478 = DIRECTION ( 'NONE',  ( -1.000000000000000000, 0.000000000000000000, 0.000000000000000000 ) ) ;
#7479 = CARTESIAN_POINT ( 'NONE',  ( 55.50000000000000000, 55.84000000000002473, -28.35991754977237633 ) ) ;
#7480 =( BOUNDED_CURVE ( )  B_SPLINE_CURVE ( 3, ( #7632, #8322, #5081, #1174 ),
 .UNSPECIFIED., .F., .F. ) 
 B_SPLINE_CURVE_WITH_KNOTS ( ( 4, 4 ),
 ( 0.000000000000000000, 1.570796326794901443 ),
 .UNSPECIFIED. ) 
 CURVE ( )  GEOMETRIC_REPRESENTATION_ITEM ( )  RATIONAL_B_SPLINE_CURVE ( ( 1.000000000000000000, 0.8047378541243637162, 0.8047378541243637162, 1.000000000000000000 ) ) 
 REPRESENTATION_ITEM ( '' )  );
#7481 = CARTESIAN_POINT ( 'NONE',  ( 110.3564477635435424, 188.2928840142911326, -60.83006435722490579 ) ) ;
#7482 = CIRCLE ( 'NONE', #5863, 3.000000000000002665 ) ;
#7483 = EDGE_CURVE ( 'NONE', #537, #4925, #7379, .T. ) ;
#7484 = CARTESIAN_POINT ( 'NONE',  ( 26.96456402102935357, -5.798504874087761607, -68.80956008114557676 ) ) ;
#7485 = CARTESIAN_POINT ( 'NONE',  ( 110.2659980581367165, 189.0553000068227334, -57.61043751252390877 ) ) ;
#7486 = DIRECTION ( 'NONE',  ( 0.000000000000000000, 0.000000000000000000, 1.000000000000000000 ) ) ;
#7487 = CARTESIAN_POINT ( 'NONE',  ( 111.7702380224914123, 123.2000559591661784, -90.85772331675772762 ) ) ;
#7488 = FACE_OUTER_BOUND ( 'NONE', #3431, .T. ) ;
#7489 = DIRECTION ( 'NONE',  ( -1.000000000000000000, -0.000000000000000000, -0.000000000000000000 ) ) ;
#7490 = ORIENTED_EDGE ( 'NONE', *, *, #8167, .F. ) ;
#7491 = DIRECTION ( 'NONE',  ( 0.000000000000000000, 0.000000000000000000, 1.000000000000000000 ) ) ;
#7492 = EDGE_LOOP ( 'NONE', ( #6476, #5763, #8202, #2121 ) ) ;
#7493 = CARTESIAN_POINT ( 'NONE',  ( 33.90567792021766280, 78.34000000000000341, -10.50991754977235182 ) ) ;
#7494 = VERTEX_POINT ( 'NONE', #88 ) ;
#7495 = CARTESIAN_POINT ( 'NONE',  ( 19.69284581012010094, 17.04156036163979948, -26.73420917360654414 ) ) ;
#7496 = CARTESIAN_POINT ( 'NONE',  ( 99.48930214008407802, 79.25092246241648297, -84.48536681602882936 ) ) ;
#7497 = CARTESIAN_POINT ( 'NONE',  ( 132.0737351970152531, 158.6705391665019533, -2.784943083822888354 ) ) ;
#7498 = CIRCLE ( 'NONE', #4376, 4.999999999999996447 ) ;
#7499 = CARTESIAN_POINT ( 'NONE',  ( 46.24779411546690255, 74.77421613221787311, -80.03045916837695017 ) ) ;
#7500 = CARTESIAN_POINT ( 'NONE',  ( 65.38293293522244198, 48.33030277982335576, -44.99999999999997158 ) ) ;
#7501 = ORIENTED_EDGE ( 'NONE', *, *, #238, .F. ) ;
#7502 = CARTESIAN_POINT ( 'NONE',  ( -1.653757108516931140, 133.2974559967852883, -67.99995408473557745 ) ) ;
#7503 = CARTESIAN_POINT ( 'NONE',  ( 37.54268651639599597, 71.92349873546037031, -19.71109250641729815 ) ) ;
#7504 = ORIENTED_EDGE ( 'NONE', *, *, #8015, .T. ) ;
#7505 = AXIS2_PLACEMENT_3D ( 'NONE', #4579, #5775, #7779 ) ;
#7506 = CARTESIAN_POINT ( 'NONE',  ( 107.0522755773382357, 97.94899752467293297, -9.597188228066361404 ) ) ;
#7507 = CARTESIAN_POINT ( 'NONE',  ( 44.17175030270161784, 18.29987244144226821, -26.25245208722833823 ) ) ;
#7508 = CARTESIAN_POINT ( 'NONE',  ( -1.665923946319709081, 161.5446479508247251, -25.86694536417251911 ) ) ;
#7509 = CARTESIAN_POINT ( 'NONE',  ( 108.9482245275123518, 108.5033452979486981, -86.93267299012703120 ) ) ;
#7510 = EDGE_LOOP ( 'NONE', ( #7580, #8435 ) ) ;
#7511 = DIRECTION ( 'NONE',  ( 0.000000000000000000, -6.308085367188389255E-16, 1.000000000000000000 ) ) ;
#7512 = CARTESIAN_POINT ( 'NONE',  ( -1.195737443712131753, 128.3564856422129310, -72.84613631563445324 ) ) ;
#7513 = DIRECTION ( 'NONE',  ( -1.000000000000000000, 0.000000000000000000, 0.000000000000000000 ) ) ;
#7514 = CARTESIAN_POINT ( 'NONE',  ( 5.201718533560106827, 84.45600219835077382, -64.55480689179290721 ) ) ;
#7515 = VERTEX_POINT ( 'NONE', #5317 ) ;
#7516 = CARTESIAN_POINT ( 'NONE',  ( 122.7115702288280090, 123.5062564513415282, -87.11449359040952345 ) ) ;
#7517 = DIRECTION ( 'NONE',  ( 1.000000000000000000, -0.000000000000000000, -0.000000000000000000 ) ) ;
#7518 = CARTESIAN_POINT ( 'NONE',  ( 127.6968265834703686, 102.6995042018074713, -66.24117601114582499 ) ) ;
#7519 = DIRECTION ( 'NONE',  ( 0.9659258262890713098, 0.000000000000000000, -0.2588190451025091376 ) ) ;
#7520 = DIRECTION ( 'NONE',  ( 0.000000000000000000, 0.000000000000000000, 1.000000000000000000 ) ) ;
#7521 = DIRECTION ( 'NONE',  ( 0.000000000000000000, 0.000000000000000000, 1.000000000000000000 ) ) ;
#7522 = DIRECTION ( 'NONE',  ( -1.000000000000000000, -0.000000000000000000, -0.000000000000000000 ) ) ;
#7523 = CARTESIAN_POINT ( 'NONE',  ( 26.32457277291425868, -3.909540029040666109, -68.85507076042337360 ) ) ;
#7524 = EDGE_CURVE ( 'NONE', #4297, #526, #1073, .T. ) ;
#7525 = CARTESIAN_POINT ( 'NONE',  ( 127.7372715190890915, 185.5826967381984502, -67.78777947834116446 ) ) ;
#7526 = DIRECTION ( 'NONE',  ( 0.000000000000000000, -0.000000000000000000, 1.000000000000000000 ) ) ;
#7527 = DIRECTION ( 'NONE',  ( 0.000000000000000000, 0.000000000000000000, -1.000000000000000000 ) ) ;
#7528 = CYLINDRICAL_SURFACE ( 'NONE', #4724, 2.100000000000001421 ) ;
#7529 = CARTESIAN_POINT ( 'NONE',  ( 40.78498661032914185, 18.57834285976513655, -26.16381145752364290 ) ) ;
#7530 = VERTEX_POINT ( 'NONE', #4895 ) ;
#7531 = EDGE_CURVE ( 'NONE', #2794, #7412, #7620, .T. ) ;
#7532 = DIRECTION ( 'NONE',  ( 0.000000000000000000, 0.000000000000000000, 1.000000000000000000 ) ) ;
#7533 = VERTEX_POINT ( 'NONE', #4424 ) ;
#7534 = CARTESIAN_POINT ( 'NONE',  ( 87.60409755359897588, 78.34000000000000341, -65.61091270347399984 ) ) ;
#7535 = ORIENTED_EDGE ( 'NONE', *, *, #2079, .F. ) ;
#7536 = DIRECTION ( 'NONE',  ( 0.000000000000000000, 1.000000000000000000, 0.000000000000000000 ) ) ;
#7537 = CARTESIAN_POINT ( 'NONE',  ( 132.2919047722919288, 146.5414756697295502, -74.69058824027850108 ) ) ;
#7538 = CARTESIAN_POINT ( 'NONE',  ( 130.6942465685500565, 122.9466486739308380, -4.173820081495892786 ) ) ;
#7539 = CARTESIAN_POINT ( 'NONE',  ( 53.00000000000000711, 39.90000000000001279, -57.39999999999996305 ) ) ;
#7540 = CARTESIAN_POINT ( 'NONE',  ( 11.59886661977323286, 52.00000000000000000, -40.50000000000000711 ) ) ;
#7541 = ORIENTED_EDGE ( 'NONE', *, *, #2079, .T. ) ;
#7542 = EDGE_CURVE ( 'NONE', #5408, #5452, #3321, .T. ) ;
#7543 = CARTESIAN_POINT ( 'NONE',  ( -1.513152940141254454, 131.6636811548696642, -67.16677533969465230 ) ) ;
#7544 = CARTESIAN_POINT ( 'NONE',  ( 10.01019268815354479, 57.83170387121430167, -32.26211881173863105 ) ) ;
#7545 = ORIENTED_EDGE ( 'NONE', *, *, #4590, .T. ) ;
#7546 = CARTESIAN_POINT ( 'NONE',  ( 126.8090200341729030, 97.01267541784226012, -29.47945406558790182 ) ) ;
#7547 = CARTESIAN_POINT ( 'NONE',  ( 18.99999272355231739, 151.0999953997165335, -62.22243186433541950 ) ) ;
#7548 = CARTESIAN_POINT ( 'NONE',  ( -0.2927580687074746169, 171.2975558733949413, -36.10895709309054524 ) ) ;
#7549 = DIRECTION ( 'NONE',  ( 0.000000000000000000, 0.000000000000000000, -1.000000000000000000 ) ) ;
#7550 = EDGE_CURVE ( 'NONE', #5197, #7604, #5974, .T. ) ;
#7551 = ADVANCED_FACE ( 'NONE', ( #8310, #4248, #1673, #6168, #1763 ), #1159, .T. ) ;
#7552 = ORIENTED_EDGE ( 'NONE', *, *, #7226, .T. ) ;
#7553 = CIRCLE ( 'NONE', #6734, 11.25000000000000355 ) ;
#7554 = PRODUCT_RELATED_PRODUCT_CATEGORY ( 'part', '', ( #587 ) ) ;
#7555 = CARTESIAN_POINT ( 'NONE',  ( 126.0000000000000000, 125.5999999999999943, -45.40000000000001990 ) ) ;
#7556 = ADVANCED_FACE ( 'NONE', ( #8264 ), #5578, .F. ) ;
#7557 = CARTESIAN_POINT ( 'NONE',  ( 114.3700000000000045, 142.5999999999999943, -47.50000000000000000 ) ) ;
#7558 = CARTESIAN_POINT ( 'NONE',  ( 27.07680002185405499, -6.129774810249109862, -6.372005690690397905 ) ) ;
#7559 = VECTOR ( 'NONE', #6015, 1000.000000000000000 ) ;
#7560 = CARTESIAN_POINT ( 'NONE',  ( 18.66774404161003531, 124.3241323876894171, -91.23655280267689704 ) ) ;
#7561 = ORIENTED_EDGE ( 'NONE', *, *, #7550, .T. ) ;
#7562 = CARTESIAN_POINT ( 'NONE',  ( 126.8901440660917785, 124.5699091054271861, -83.34933627540745249 ) ) ;
#7563 = CARTESIAN_POINT ( 'NONE',  ( 87.60409755359897588, 3.700000000000000178, -69.21091270347400837 ) ) ;
#7564 = CARTESIAN_POINT ( 'NONE',  ( 124.7783983621333448, 84.40694893365660789, -64.60651854114314574 ) ) ;
#7565 = DIRECTION ( 'NONE',  ( 0.000000000000000000, 0.000000000000000000, 1.000000000000000000 ) ) ;
#7566 = FACE_BOUND ( 'NONE', #7585, .T. ) ;
#7567 = CARTESIAN_POINT ( 'NONE',  ( -1.591419873328989487, 162.3183792070649076, -68.63556631723444923 ) ) ;
#7568 = CARTESIAN_POINT ( 'NONE',  ( 24.49999999999999645, 187.6000000000000227, -47.50000000000000000 ) ) ;
#7569 = CARTESIAN_POINT ( 'NONE',  ( 43.81606981336489781, 6.904289268808234681, -88.87820595027348247 ) ) ;
#7570 = CARTESIAN_POINT ( 'NONE',  ( 130.7759020559702492, 168.4999845077583700, -62.98169464216826441 ) ) ;
#7571 = CARTESIAN_POINT ( 'NONE',  ( 130.3243562915237135, 120.7956346885456185, -25.03910627385801035 ) ) ;
#7572 = CARTESIAN_POINT ( 'NONE',  ( 53.00000000000000711, 39.90000000000001279, -34.59999999999995879 ) ) ;
#7573 = FACE_OUTER_BOUND ( 'NONE', #101, .T. ) ;
#7574 = CARTESIAN_POINT ( 'NONE',  ( 39.77415746580446410, 16.65081347175354765, -26.89690217838898434 ) ) ;
#7575 = VERTEX_POINT ( 'NONE', #4340 ) ;
#7576 = CARTESIAN_POINT ( 'NONE',  ( 10.31124574927479109, 57.14547151369011146, -27.30207558432818260 ) ) ;
#7577 = ORIENTED_EDGE ( 'NONE', *, *, #5523, .F. ) ;
#7578 = CARTESIAN_POINT ( 'NONE',  ( 32.45897393168809231, 78.56958993638635036, -10.51144959871474605 ) ) ;
#7579 = AXIS2_PLACEMENT_3D ( 'NONE', #6180, #1648, #2420 ) ;
#7580 = ORIENTED_EDGE ( 'NONE', *, *, #1796, .F. ) ;
#7581 = CARTESIAN_POINT ( 'NONE',  ( 20.50062178047470951, 88.39196764060542932, -16.62817993341314349 ) ) ;
#7582 = CARTESIAN_POINT ( 'NONE',  ( 87.60409755359897588, 78.34000000000000341, -35.98908729652600158 ) ) ;
#7583 = LINE ( 'NONE', #3667, #3768 ) ;
#7584 = CARTESIAN_POINT ( 'NONE',  ( 43.95563965128697248, 6.452966903523814857, -6.113472699565033253 ) ) ;
#7585 = EDGE_LOOP ( 'NONE', ( #4427, #3395 ) ) ;
#7586 = CARTESIAN_POINT ( 'NONE',  ( -1.976144503505879335, 137.8304292252508105, -69.49177187751132578 ) ) ;
#7587 = CARTESIAN_POINT ( 'NONE',  ( 9.930046655312075643, 58.23820173716849524, -31.82323590915835965 ) ) ;
#7588 = STYLED_ITEM ( 'NONE', ( #2266 ), #8287 ) ;
#7589 = VERTEX_POINT ( 'NONE', #6931 ) ;
#7590 = CARTESIAN_POINT ( 'NONE',  ( 128.9341216206436798, 110.6880729860335322, -7.617846191994203764 ) ) ;
#7591 = CIRCLE ( 'NONE', #5833, 2.149999999999999023 ) ;
#7592 = DIRECTION ( 'NONE',  ( 0.000000000000000000, 0.000000000000000000, 1.000000000000000000 ) ) ;
#7593 = ADVANCED_FACE ( 'NONE', ( #349 ), #5067, .F. ) ;
#7594 = CARTESIAN_POINT ( 'NONE',  ( -1.693138567773404102, 161.2657050715931177, -25.68554642609387528 ) ) ;
#7595 = ADVANCED_FACE ( 'NONE', ( #436 ), #2323, .F. ) ;
#7596 = DIRECTION ( 'NONE',  ( 0.9999999999999951150, 1.000061563076409361E-07, -0.000000000000000000 ) ) ;
#7597 = CIRCLE ( 'NONE', #5838, 3.000000000000002665 ) ;
#7598 = CIRCLE ( 'NONE', #1728, 5.000000000000002665 ) ;
#7599 = AXIS2_PLACEMENT_3D ( 'NONE', #5651, #4933, #390 ) ;
#7600 = LINE ( 'NONE', #5512, #1640 ) ;
#7601 = CARTESIAN_POINT ( 'NONE',  ( 18.60284758183136944, 123.1921976275670119, -90.85420633655500922 ) ) ;
#7602 = CARTESIAN_POINT ( 'NONE',  ( 11.85972677227217353, 48.78722329146504677, -29.26268140297356624 ) ) ;
#7603 = CARTESIAN_POINT ( 'NONE',  ( 36.82811765633999812, 74.55733066339324466, -10.45087337819526141 ) ) ;
#7604 = VERTEX_POINT ( 'NONE', #304 ) ;
#7605 = ADVANCED_FACE ( 'NONE', ( #2961 ), #3406, .T. ) ;
#7606 = DIRECTION ( 'NONE',  ( -1.000000000000000000, -0.000000000000000000, -0.000000000000000000 ) ) ;
#7607 = CARTESIAN_POINT ( 'NONE',  ( 86.01614783260603758, 6.351962372946704960, -6.115700839893485785 ) ) ;
#7608 = FACE_OUTER_BOUND ( 'NONE', #5559, .T. ) ;
#7609 = ADVANCED_FACE ( 'NONE', ( #8226 ), #2917, .F. ) ;
#7610 = CARTESIAN_POINT ( 'NONE',  ( 105.0347115242019100, 0.1024531337416884208, -88.90511707510309236 ) ) ;
#7611 = CARTESIAN_POINT ( 'NONE',  ( 27.13811667800843708, 82.15361764125832167, -83.57468178347286880 ) ) ;
#7612 = CARTESIAN_POINT ( 'NONE',  ( 94.37267526315046950, -0.000000000000000000, -8.727619552244197720 ) ) ;
#7613 = EDGE_CURVE ( 'NONE', #3549, #5586, #5658, .T. ) ;
#7614 = CARTESIAN_POINT ( 'NONE',  ( -0.8602977764685295625, 167.9627590660672070, -63.61379395217763033 ) ) ;
#7615 = CARTESIAN_POINT ( 'NONE',  ( 127.8111092147693739, 103.4268242926403900, -66.32071498226137862 ) ) ;
#7616 = VECTOR ( 'NONE', #454, 1000.000000000000000 ) ;
#7617 = CARTESIAN_POINT ( 'NONE',  ( 19.97678015953963993, 15.88280705356930689, -68.38545571733939710 ) ) ;
#7618 = CARTESIAN_POINT ( 'NONE',  ( 126.9059290006654237, 188.3126436594624806, -60.58153813910094954 ) ) ;
#7619 = CARTESIAN_POINT ( 'NONE',  ( 25.50000000000000355, -16.41316339497323185, -51.03591011199581828 ) ) ;
#7620 = LINE ( 'NONE', #1116, #7351 ) ;
#7621 = CARTESIAN_POINT ( 'NONE',  ( 29.73404731107764576, 79.70331061835314301, -84.48464404984672171 ) ) ;
#7622 = CARTESIAN_POINT ( 'NONE',  ( 37.54268651639599597, 74.62654356742478967, -19.20508002001951553 ) ) ;
#7623 = ORIENTED_EDGE ( 'NONE', *, *, #2229, .T. ) ;
#7624 = PLANE ( 'NONE',  #5019 ) ;
#7625 = ORIENTED_EDGE ( 'NONE', *, *, #4072, .T. ) ;
#7626 = CARTESIAN_POINT ( 'NONE',  ( 19.52541520578254008, 187.2582898534559206, -31.24527729303211743 ) ) ;
#7627 = AXIS2_PLACEMENT_3D ( 'NONE', #776, #8082, #4761 ) ;
#7628 = ORIENTED_EDGE ( 'NONE', *, *, #3014, .F. ) ;
#7629 = FACE_OUTER_BOUND ( 'NONE', #6890, .T. ) ;
#7630 = CARTESIAN_POINT ( 'NONE',  ( 130.7292395471610007, 168.7866682477335871, -32.36917332425176852 ) ) ;
#7631 = CARTESIAN_POINT ( 'NONE',  ( 39.73267542993334445, 73.59631358507824928, -10.42625007310201468 ) ) ;
#7632 = CARTESIAN_POINT ( 'NONE',  ( 87.60409755359897588, 48.39999999999997726, -69.21091270347399416 ) ) ;
#7633 = EDGE_LOOP ( 'NONE', ( #4656, #6468, #1014, #7266 ) ) ;
#7634 = CARTESIAN_POINT ( 'NONE',  ( -2.081816881264325847, 139.6437476683979924, -69.85394731424054271 ) ) ;
#7635 = VECTOR ( 'NONE', #2007, 1000.000000000000000 ) ;
#7636 = CARTESIAN_POINT ( 'NONE',  ( 23.07532659456046531, 5.680765810126404247, -25.86317564440132699 ) ) ;
#7637 = ORIENTED_EDGE ( 'NONE', *, *, #2661, .T. ) ;
#7638 = CARTESIAN_POINT ( 'NONE',  ( 126.6738327546978269, 96.14817727555809768, -9.815478257146319052 ) ) ;
#7639 = CARTESIAN_POINT ( 'NONE',  ( 111.7702380224914123, 0.000000000000000000, -6.200000000000000178 ) ) ;
#7640 = AXIS2_PLACEMENT_3D ( 'NONE', #2039, #6524, #5124 ) ;
#7641 = CARTESIAN_POINT ( 'NONE',  ( 18.08598770632726271, 169.0578752980802619, -8.037892186839279418 ) ) ;
#7642 = DIRECTION ( 'NONE',  ( 1.000000000000000000, -0.000000000000000000, -0.000000000000000000 ) ) ;
#7643 = ADVANCED_FACE ( 'NONE', ( #8136 ), #3188, .T. ) ;
#7644 = ADVANCED_FACE ( 'NONE', ( #5023, #1940, #4642 ), #6424, .F. ) ;
#7645 = CARTESIAN_POINT ( 'NONE',  ( 43.00035338443639432, 19.83523753326351979, -69.16261090043337845 ) ) ;
#7646 = ORIENTED_EDGE ( 'NONE', *, *, #2885, .T. ) ;
#7647 = CARTESIAN_POINT ( 'NONE',  ( 27.13985725244181424, -6.315891248805151292, -6.383916718622468345 ) ) ;
#7648 = CARTESIAN_POINT ( 'NONE',  ( -1.155601937627003473, 127.9682603947522068, -72.05662032332931233 ) ) ;
#7649 = VERTEX_POINT ( 'NONE', #2021 ) ;
#7650 = CARTESIAN_POINT ( 'NONE',  ( -2.330423691856145396, 148.0115237757967463, -94.74270203802976198 ) ) ;
#7651 = CARTESIAN_POINT ( 'NONE',  ( 130.4176762490516808, 126.7630905623876316, -76.96923167368179008 ) ) ;
#7652 = DIRECTION ( 'NONE',  ( 0.000000000000000000, 0.000000000000000000, 1.000000000000000000 ) ) ;
#7653 = CARTESIAN_POINT ( 'NONE',  ( 84.27796129771837741, 0.6498017845479240329, -88.81828585494885431 ) ) ;
#7654 = CARTESIAN_POINT ( 'NONE',  ( 77.50000000000001421, 8.000000000000007105, -65.61091270347399984 ) ) ;
#7655 = CARTESIAN_POINT ( 'NONE',  ( 39.61886620655872093, 10.85075616793644926, -63.30122510402162561 ) ) ;
#7656 = CARTESIAN_POINT ( 'NONE',  ( 44.50000000000000711, 78.34000000000000341, -84.49008245022766062 ) ) ;
#7657 = FACE_OUTER_BOUND ( 'NONE', #7304, .T. ) ;
#7658 = CARTESIAN_POINT ( 'NONE',  ( 129.8519701669562210, 173.5441577659412076, -53.35341119146973909 ) ) ;
#7659 = CARTESIAN_POINT ( 'NONE',  ( 34.50000000000000000, 78.34000000000000341, -14.35906609687316582 ) ) ;
#7660 = DIRECTION ( 'NONE',  ( -1.000000000000000000, -0.000000000000000000, -0.000000000000000000 ) ) ;
#7661 = CARTESIAN_POINT ( 'NONE',  ( 30.20446610075812544, 79.42282199898701833, -84.48497582696022334 ) ) ;
#7662 = EDGE_CURVE ( 'NONE', #5197, #4968, #4447, .T. ) ;
#7663 = CARTESIAN_POINT ( 'NONE',  ( -1.536424745981500584, 162.7934184913116553, -37.54921835870407421 ) ) ;
#7664 = EDGE_LOOP ( 'NONE', ( #6356, #6427, #8395, #3714, #856, #7108, #7386, #2296, #4017 ) ) ;
#7665 = CARTESIAN_POINT ( 'NONE',  ( 9.812712817583118863, 58.83566412910931831, -29.75371106927889286 ) ) ;
#7666 = ORIENTED_EDGE ( 'NONE', *, *, #1343, .F. ) ;
#7667 = CARTESIAN_POINT ( 'NONE',  ( 25.49999999999997868, 86.74614927694024402, -10.39436956089373787 ) ) ;
#7668 = ORIENTED_EDGE ( 'NONE', *, *, #8101, .F. ) ;
#7669 = PLANE ( 'NONE',  #5404 ) ;
#7670 = CARTESIAN_POINT ( 'NONE',  ( 132.2969317144840318, 149.6756765873449808, -20.85163149857296006 ) ) ;
#7671 = CARTESIAN_POINT ( 'NONE',  ( 45.68402117081286917, 74.84371130393418525, -80.24428898015536049 ) ) ;
#7672 = LINE ( 'NONE', #7540, #6513 ) ;
#7673 = VERTEX_POINT ( 'NONE', #4468 ) ;
#7674 = ORIENTED_EDGE ( 'NONE', *, *, #2711, .F. ) ;
#7675 = CARTESIAN_POINT ( 'NONE',  ( -2.077563528111992852, 156.3136144060881634, -65.39800610202070175 ) ) ;
#7676 = CARTESIAN_POINT ( 'NONE',  ( 49.50000000000000000, 20.10000000000000853, -57.39999999999997016 ) ) ;
#7677 = ORIENTED_EDGE ( 'NONE', *, *, #4100, .T. ) ;
#7678 = ADVANCED_FACE ( 'NONE', ( #7139 ), #1292, .F. ) ;
#7679 = CARTESIAN_POINT ( 'NONE',  ( 131.0837498535229599, 127.2862587091823912, -23.15625592725244886 ) ) ;
#7680 = DIRECTION ( 'NONE',  ( 0.000000000000000000, 0.5000000000000014433, -0.8660254037844378194 ) ) ;
#7681 = CARTESIAN_POINT ( 'NONE',  ( 17.79530055108933340, 143.3243637165313942, -0.002782519235269179363 ) ) ;
#7682 = CARTESIAN_POINT ( 'NONE',  ( 45.41931036633629049, 11.11452873194253321, -63.65193183816318623 ) ) ;
#7683 = ORIENTED_EDGE ( 'NONE', *, *, #4431, .F. ) ;
#7684 = CARTESIAN_POINT ( 'NONE',  ( 7.288709645948653559, 123.5062073268653933, -87.11468549124496974 ) ) ;
#7685 = CARTESIAN_POINT ( 'NONE',  ( 26.96456428805312910, -5.798505662221217882, -26.19043994190742453 ) ) ;
#7686 = CARTESIAN_POINT ( 'NONE',  ( -0.4511904553139659546, 121.3200605818991136, -90.22507814825048911 ) ) ;
#7687 = ORIENTED_EDGE ( 'NONE', *, *, #4020, .F. ) ;
#7688 = CARTESIAN_POINT ( 'NONE',  ( 17.71163230513616682, 155.3168712808621592, -93.27729226019393138 ) ) ;
#7689 = EDGE_CURVE ( 'NONE', #414, #7515, #4364, .T. ) ;
#7690 = DIRECTION ( 'NONE',  ( 0.000000000000000000, -1.000000000000000000, 0.000000000000000000 ) ) ;
#7691 = B_SPLINE_CURVE_WITH_KNOTS ( 'NONE', 3,
 ( #3052, #7493, #485, #7578, #5713, #3703, #4298, #1723, #8316, #8189, #1122, #4255, #3744, #1680, #8144, #6808, #6299, #2923, #5075, #442, #2288, #7667, #2330 ),
 .UNSPECIFIED., .F., .F.,
 ( 4, 2, 2, 2, 2, 2, 2, 2, 1, 2, 2, 4 ),
 ( 0.000000000000000000, 0.001757658994664137780, 0.002636488491996206995, 0.003515317989328275560, 0.005272976983992413991, 0.007030635978656551120, 0.008788294973320688250, 0.009667124470652739901, 0.01054595396798479155, 0.01142478346531684494, 0.01230361296264889659, 0.01406127195731299989 ),
 .UNSPECIFIED. ) ;
#7692 = DIRECTION ( 'NONE',  ( -1.000000000000000000, -1.241749088029210375E-16, -0.000000000000000000 ) ) ;
#7693 = ADVANCED_FACE ( 'NONE', ( #3178 ), #5789, .F. ) ;
#7694 = CARTESIAN_POINT ( 'NONE',  ( 104.5847662485576990, -1.225587180336154214, -68.88211045239650332 ) ) ;
#7695 = CARTESIAN_POINT ( 'NONE',  ( 25.50000000000000355, 84.54158939245317583, -14.69866216132775172 ) ) ;
#7696 = FACE_OUTER_BOUND ( 'NONE', #276, .T. ) ;
#7697 = DIRECTION ( 'NONE',  ( 0.000000000000000000, 0.000000000000000000, -1.000000000000000000 ) ) ;
#7698 = CARTESIAN_POINT ( 'NONE',  ( 56.50000000000000711, 30.00000000000000355, -65.99999999999997158 ) ) ;
#7699 = B_SPLINE_CURVE_WITH_KNOTS ( 'NONE', 3,
 ( #5785, #7008, #1839, #4588, #6499, #2532, #6457, #1153, #7787, #600, #6376, #1935, #3777, #5062, #7096, #3134, #3211, #5700, #5746, #5104, #3859, #5827, #7134, #4463, #8347, #1329, #7055, #2617, #5144, #1200, #7744, #1888, #3942, #3819, #4506, #8431, #2575, #6543, #645, #3257, #5874, #5236, #687, #7827, #1971, #7175, #47, #4635, #7219, #5910, #3985, #2656, #6586, #5275, #2016, #7868, #1369, #3298 ),
 .UNSPECIFIED., .F., .F.,
 ( 4, 2, 2, 2, 2, 2, 2, 2, 2, 2, 2, 2, 2, 2, 2, 2, 2, 2, 2, 2, 2, 2, 2, 2, 2, 2, 2, 2, 4 ),
 ( 0.07046857149006535703, 0.07486678126857884696, 0.07596633371320721251, 0.07706588615783556417, 0.07926499104709235077, 0.08146409593634913737, 0.08256364838097753067, 0.08366320082560592397, 0.08806141060411949717, 0.09026051549337629765, 0.09245962038263308425, 0.09685783016114675459, 0.09905693505040356894, 0.1012560399396603972, 0.1056542497181740259, 0.1100524594966876685, 0.1122515643859444828, 0.1144506692752012833, 0.1188488790537148843, 0.1199484314983432776, 0.1210479839429716570, 0.1232470888322284297, 0.1276452986107420029, 0.1287448510553704517, 0.1298444034999988728, 0.1320435083892558259, 0.1342426132785127790, 0.1364417181677697322, 0.1408399279462837217 ),
 .UNSPECIFIED. ) ;
#7700 = CARTESIAN_POINT ( 'NONE',  ( 112.0263709084715629, 166.4923667465408528, -88.56614167648180569 ) ) ;
#7701 = LINE ( 'NONE', #4422, #4855 ) ;
#7702 = DIRECTION ( 'NONE',  ( 0.000000000000000000, 0.000000000000000000, -1.000000000000000000 ) ) ;
#7703 = CARTESIAN_POINT ( 'NONE',  ( 1.267213213311487063, 107.8907430872796454, -19.63758869215648417 ) ) ;
#7704 = CIRCLE ( 'NONE', #7420, 2.100000000000004530 ) ;
#7705 = B_SPLINE_CURVE_WITH_KNOTS ( 'NONE', 3,
 ( #6510, #733, #653, #3350 ),
 .UNSPECIFIED., .F., .F.,
 ( 4, 4 ),
 ( 0.000000000000000000, 0.001303749123637270874 ),
 .UNSPECIFIED. ) ;
#7706 = CARTESIAN_POINT ( 'NONE',  ( -0.4858369806291543691, 122.1058690845234764, -38.18455837226695593 ) ) ;
#7707 = ORIENTED_EDGE ( 'NONE', *, *, #3391, .F. ) ;
#7708 = CARTESIAN_POINT ( 'NONE',  ( 111.8103907359378439, 171.1094967348124953, -9.476448685306188224 ) ) ;
#7709 = ORIENTED_EDGE ( 'NONE', *, *, #3688, .T. ) ;
#7710 = CARTESIAN_POINT ( 'NONE',  ( 17.84828291940041467, 140.9407864233162684, -94.99999999999947420 ) ) ;
#7711 = EDGE_LOOP ( 'NONE', ( #4167, #2677 ) ) ;
#7712 = CARTESIAN_POINT ( 'NONE',  ( 31.92125553573777808, 78.62119017514582708, -18.45727848955620232 ) ) ;
#7713 =( BOUNDED_SURFACE ( )  B_SPLINE_SURFACE ( 3, 2, ( 
 ( #4086, #823, #223 ),
 ( #6045, #2839, #6559 ),
 ( #3313, #7445, #7403 ),
 ( #5659, #3527, #6169 ),
 ( #350, #4896, #4293 ),
 ( #5579, #3006, #1594 ),
 ( #4854, #6803, #2364 ),
 ( #8183, #6129, #4249 ),
 ( #5621, #265, #1637 ),
 ( #2324, #4164, #5531 ),
 ( #8137, #2962, #8227 ),
 ( #1078, #5490, #950 ) ),
 .UNSPECIFIED., .F., .F., .F. ) 
 B_SPLINE_SURFACE_WITH_KNOTS ( ( 4, 2, 2, 2, 2, 4 ),
 ( 3, 3 ),
 ( 0.006874583143219122408, 0.009944279034525268374, 0.01147912698017834222, 0.01301397492583141607, 0.01608367081713756377, 0.01915336670844371147 ),
 ( 0.000000000000000000, 1.000000000000000000 ),
 .UNSPECIFIED. ) 
 GEOMETRIC_REPRESENTATION_ITEM ( )  RATIONAL_B_SPLINE_SURFACE ( (
 ( 1.000000000000000000, 0.8902324821162631574, 1.000000000000000000),
 ( 1.000000000000000000, 0.9058535527176424518, 1.000000000000000000),
 ( 1.000000000000000000, 0.9208658741904169887, 1.000000000000000000),
 ( 1.000000000000000000, 0.9411863974801178978, 1.000000000000000000),
 ( 1.000000000000000000, 0.9476199048776223766, 1.000000000000000000),
 ( 1.000000000000000000, 0.9595139434109845045, 1.000000000000000000),
 ( 1.000000000000000000, 0.9649432238679123142, 1.000000000000000000),
 ( 1.000000000000000000, 0.9795847198294292957, 1.000000000000000000),
 ( 1.000000000000000000, 0.9871547351961074135, 1.000000000000000000),
 ( 1.000000000000000000, 0.9974092023090939119, 1.000000000000000000),
 ( 1.000000000000000000, 0.9999981484127641318, 1.000000000000000000),
 ( 1.000000000000000000, 1.000000000000000000, 1.000000000000000000) ) ) 
 REPRESENTATION_ITEM ( '' )  SURFACE ( )  );
#7714 = AXIS2_PLACEMENT_3D ( 'NONE', #5640, #5045, #373 ) ;
#7715 = CARTESIAN_POINT ( 'NONE',  ( 131.2201364201198146, 128.5966596842090155, -22.74752130400316119 ) ) ;
#7716 = CARTESIAN_POINT ( 'NONE',  ( 1.938411516231167253, 105.0583667896321174, -66.60035457869784636 ) ) ;
#7717 = CARTESIAN_POINT ( 'NONE',  ( 53.00000000000000711, 20.10000000000000853, -57.39999999999997016 ) ) ;
#7718 = VERTEX_POINT ( 'NONE', #1895 ) ;
#7719 = VERTEX_POINT ( 'NONE', #5915 ) ;
#7720 = ORIENTED_EDGE ( 'NONE', *, *, #2739, .F. ) ;
#7721 = DIRECTION ( 'NONE',  ( 0.7008375226516779799, 0.7133209423839025343, 9.398037903451956577E-12 ) ) ;
#7722 = CIRCLE ( 'NONE', #2538, 3.600000000000002309 ) ;
#7723 = CARTESIAN_POINT ( 'NONE',  ( 18.21722598121348469, 190.0200942469201095, -49.18346422456107803 ) ) ;
#7724 = AXIS2_PLACEMENT_3D ( 'NONE', #4040, #5965, #3312 ) ;
#7725 = CARTESIAN_POINT ( 'NONE',  ( 25.73360276258962642, 0.000000000000000000, -74.14939420817542270 ) ) ;
#7726 = CARTESIAN_POINT ( 'NONE',  ( 44.11602696589584127, 10.27631124898301529, -32.55539236260113967 ) ) ;
#7727 = CARTESIAN_POINT ( 'NONE',  ( 18.14878773915092580, 170.3021979721395383, -8.911206197926318850 ) ) ;
#7728 = DIRECTION ( 'NONE',  ( 0.000000000000000000, 0.000000000000000000, 1.000000000000000000 ) ) ;
#7729 = VECTOR ( 'NONE', #120, 1000.000000000000000 ) ;
#7730 = DIRECTION ( 'NONE',  ( -1.000000000000000000, -0.000000000000000000, -0.000000000000000000 ) ) ;
#7731 = ORIENTED_EDGE ( 'NONE', *, *, #3735, .F. ) ;
#7732 = PLANE ( 'NONE',  #7046 ) ;
#7733 = CARTESIAN_POINT ( 'NONE',  ( 102.7878371634611767, -6.529330536977961508, -6.391471751831662829 ) ) ;
#7734 = CARTESIAN_POINT ( 'NONE',  ( -0.4849867159288662188, 121.5815883528382528, -90.31227708576629709 ) ) ;
#7735 = ORIENTED_EDGE ( 'NONE', *, *, #5685, .T. ) ;
#7736 = AXIS2_PLACEMENT_3D ( 'NONE', #1840, #2449, #4335 ) ;
#7737 = CARTESIAN_POINT ( 'NONE',  ( -1.841553087019112356, 135.7612507772769561, -74.46431853911559529 ) ) ;
#7738 = AXIS2_PLACEMENT_3D ( 'NONE', #1635, #1672, #3567 ) ;
#7739 = DIRECTION ( 'NONE',  ( 1.000000000000000000, -0.000000000000000000, -0.000000000000000000 ) ) ;
#7740 = AXIS2_PLACEMENT_3D ( 'NONE', #4380, #5614, #7521 ) ;
#7741 = CARTESIAN_POINT ( 'NONE',  ( 86.43596839249423169, 7.729176080722147901, -88.87226517981076768 ) ) ;
#7742 = CARTESIAN_POINT ( 'NONE',  ( 19.43275918221807430, 186.4205662066006255, -65.84644417895225388 ) ) ;
#7743 = DIRECTION ( 'NONE',  ( -0.000000000000000000, 1.000000000000000000, -7.885106708985487801E-17 ) ) ;
#7744 = CARTESIAN_POINT ( 'NONE',  ( 131.2805087285245520, 164.9560801392656515, -50.43357847663658333 ) ) ;
#7745 = DIRECTION ( 'NONE',  ( -1.000000000000000000, 0.000000000000000000, 0.000000000000000000 ) ) ;
#7746 = CARTESIAN_POINT ( 'NONE',  ( -1.005545899225807283, 126.5526972564190942, -23.38435966545824485 ) ) ;
#7747 = ORIENTED_EDGE ( 'NONE', *, *, #341, .F. ) ;
#7748 = CARTESIAN_POINT ( 'NONE',  ( 132.0197300790271697, 157.1991522247985245, -71.56541412628709509 ) ) ;
#7749 = CARTESIAN_POINT ( 'NONE',  ( 25.50000000000000355, 55.84000000000002473, -30.00991754977235004 ) ) ;
#7750 = CARTESIAN_POINT ( 'NONE',  ( 29.77728697121789025, 79.23426898220027681, -81.88536034072332370 ) ) ;
#7751 = CARTESIAN_POINT ( 'NONE',  ( -1.600794111160447342, 132.6250741540660840, -27.27833048879231370 ) ) ;
#7752 = CARTESIAN_POINT ( 'NONE',  ( 25.49999999999999645, 142.5999999999999943, -47.50000000000000000 ) ) ;
#7753 = ORIENTED_EDGE ( 'NONE', *, *, #715, .T. ) ;
#7754 = CARTESIAN_POINT ( 'NONE',  ( 111.0000000000000000, 151.1000000000000796, -60.12243186433541098 ) ) ;
#7755 = AXIS2_PLACEMENT_3D ( 'NONE', #3066, #6444, #7592 ) ;
#7756 = ADVANCED_FACE ( 'NONE', ( #5751, #2663 ), #7876, .T. ) ;
#7757 = ORIENTED_EDGE ( 'NONE', *, *, #8015, .F. ) ;
#7758 = CARTESIAN_POINT ( 'NONE',  ( 34.50000000000000711, 78.34000000000000341, -18.50991754977233938 ) ) ;
#7759 = CARTESIAN_POINT ( 'NONE',  ( 131.4738417848793119, 163.3602470824820898, -27.14329358688531713 ) ) ;
#7760 = CARTESIAN_POINT ( 'NONE',  ( 46.86804234167824035, 78.34000000000003183, -84.49008245022770325 ) ) ;
#7761 = PRODUCT_DEFINITION_SHAPE ( 'NONE', 'NONE',  #973 ) ;
#7762 = CARTESIAN_POINT ( 'NONE',  ( 49.50000000000000000, 54.13681670589064510, -27.05991754977236141 ) ) ;
#7763 = ORIENTED_EDGE ( 'NONE', *, *, #6869, .F. ) ;
#7764 = ORIENTED_EDGE ( 'NONE', *, *, #1169, .T. ) ;
#7765 = VECTOR ( 'NONE', #7878, 1000.000000000000000 ) ;
#7766 = ORIENTED_EDGE ( 'NONE', *, *, #319, .F. ) ;
#7767 = B_SPLINE_CURVE_WITH_KNOTS ( 'NONE', 3,
 ( #7335, #879, #3416, #194, #4622, #2813, #6614, #5422, #2772, #4786 ),
 .UNSPECIFIED., .F., .F.,
 ( 4, 2, 2, 2, 4 ),
 ( 0.000000000000000000, 0.002310476626801647587, 0.004620953253603295174, 0.006931429880404942762, 0.009241906507206590349 ),
 .UNSPECIFIED. ) ;
#7768 = FACE_OUTER_BOUND ( 'NONE', #4099, .T. ) ;
#7769 = CARTESIAN_POINT ( 'NONE',  ( 24.99999999999998224, 0.000000000000000000, -68.88026122094728976 ) ) ;
#7770 =( BOUNDED_CURVE ( )  B_SPLINE_CURVE ( 3, ( #1354, #153, #1995, #30 ),
 .UNSPECIFIED., .F., .F. ) 
 B_SPLINE_CURVE_WITH_KNOTS ( ( 4, 4 ),
 ( 2.443370180227233401, 3.141592653589793116 ),
 .UNSPECIFIED. ) 
 CURVE ( )  GEOMETRIC_REPRESENTATION_ITEM ( )  RATIONAL_B_SPLINE_CURVE ( ( 1.000000000000000000, 0.9597847311968360495, 0.9597847311968360495, 1.000000000000000000 ) ) 
 REPRESENTATION_ITEM ( '' )  );
#7771 = CARTESIAN_POINT ( 'NONE',  ( 119.5522513632011652, 187.6000000000000227, -51.26528914661269454 ) ) ;
#7772 = DIRECTION ( 'NONE',  ( 0.000000000000000000, -0.8660254037844378194, -0.5000000000000014433 ) ) ;
#7773 = CARTESIAN_POINT ( 'NONE',  ( -2.022860287917598754, 157.2124345440321349, -23.42039553190717882 ) ) ;
#7774 = CARTESIAN_POINT ( 'NONE',  ( 34.50000000000000000, 78.34000000000000341, -14.35906609687316582 ) ) ;
#7775 = CARTESIAN_POINT ( 'NONE',  ( 49.50000000000000000, 57.54318329410944699, -27.05991754977236141 ) ) ;
#7776 = EDGE_CURVE ( 'NONE', #6997, #7089, #2195, .T. ) ;
#7777 = ORIENTED_EDGE ( 'NONE', *, *, #4049, .F. ) ;
#7778 = CIRCLE ( 'NONE', #5459, 3.599999999999999201 ) ;
#7779 = DIRECTION ( 'NONE',  ( 0.000000000000000000, 0.000000000000000000, -1.000000000000000000 ) ) ;
#7780 = CARTESIAN_POINT ( 'NONE',  ( 25.50000000000000355, 87.34000000000000341, -79.15075127718135661 ) ) ;
#7781 = ORIENTED_EDGE ( 'NONE', *, *, #6176, .T. ) ;
#7782 = CARTESIAN_POINT ( 'NONE',  ( -2.283442918841420699, 145.5914202720458093, -74.82399209325329537 ) ) ;
#7783 = FACE_OUTER_BOUND ( 'NONE', #4124, .T. ) ;
#7784 = CARTESIAN_POINT ( 'NONE',  ( 103.0567817606917487, -5.735524519428675916, -68.81138118520384239 ) ) ;
#7785 = CARTESIAN_POINT ( 'NONE',  ( 25.50000000000000355, 85.94123030202003122, -13.21619706217366108 ) ) ;
#7786 = CARTESIAN_POINT ( 'NONE',  ( 39.16445150086907034, 11.38872721584854375, -64.00089724009218628 ) ) ;
#7787 = CARTESIAN_POINT ( 'NONE',  ( 132.2825062951355619, 150.5295359288089401, -26.43083386747793995 ) ) ;
#7788 = CARTESIAN_POINT ( 'NONE',  ( 104.5000000000000284, 99.33335338243338697, -85.10812377717944344 ) ) ;
#7789 = CARTESIAN_POINT ( 'NONE',  ( 18.79690466805045190, 123.0999803400604975, -4.175956170264012890 ) ) ;
#7790 = ORIENTED_EDGE ( 'NONE', *, *, #6066, .F. ) ;
#7791 = CARTESIAN_POINT ( 'NONE',  ( 131.6176468343873012, 164.6510627235049924, -89.58568614948532627 ) ) ;
#7792 = DIRECTION ( 'NONE',  ( 0.000000000000000000, 0.000000000000000000, -1.000000000000000000 ) ) ;
#7793 = CARTESIAN_POINT ( 'NONE',  ( 30.49999999999992895, 75.53563411247158399, -80.60666987995521993 ) ) ;
#7794 = CARTESIAN_POINT ( 'NONE',  ( -0.3067094669717597144, 120.6825613321816064, -42.35937758312286405 ) ) ;
#7795 = CARTESIAN_POINT ( 'NONE',  ( 112.1159273685486824, 163.9900755294222847, -5.081861407114184104 ) ) ;
#7796 = ORIENTED_EDGE ( 'NONE', *, *, #586, .F. ) ;
#7797 = CARTESIAN_POINT ( 'NONE',  ( 18.32948958937055650, 173.5064124093818521, -11.39721994970518004 ) ) ;
#7798 = ADVANCED_FACE ( 'NONE', ( #7181 ), #8388, .T. ) ;
#7799 = ORIENTED_EDGE ( 'NONE', *, *, #6546, .F. ) ;
#7800 = CARTESIAN_POINT ( 'NONE',  ( 97.84245119509274957, 78.64520166649850808, -10.51190755771497898 ) ) ;
#7801 = CARTESIAN_POINT ( 'NONE',  ( 38.50000000000000000, 37.00000000000000000, -54.50000000000000711 ) ) ;
#7802 = ADVANCED_FACE ( 'NONE', ( #692, #7059 ), #3217, .F. ) ;
#7803 = LINE ( 'NONE', #5802, #5819 ) ;
#7804 = CARTESIAN_POINT ( 'NONE',  ( 14.70369121891911135, 36.99999999999752021, -25.50000000000000711 ) ) ;
#7805 = ORIENTED_EDGE ( 'NONE', *, *, #1027, .F. ) ;
#7806 = ORIENTED_EDGE ( 'NONE', *, *, #4276, .F. ) ;
#7807 = ORIENTED_EDGE ( 'NONE', *, *, #6179, .F. ) ;
#7808 = FACE_OUTER_BOUND ( 'NONE', #2498, .T. ) ;
#7809 = DIRECTION ( 'NONE',  ( -1.000000000000000000, -0.000000000000000000, -0.000000000000000000 ) ) ;
#7810 = CARTESIAN_POINT ( 'NONE',  ( 33.91639252311551189, 0.000000000000000000, -85.20876457084867184 ) ) ;
#7811 = FACE_OUTER_BOUND ( 'NONE', #8467, .T. ) ;
#7812 = CARTESIAN_POINT ( 'NONE',  ( -2.330651996627541855, 148.0616486316802138, -0.2636243521026826464 ) ) ;
#7813 = CARTESIAN_POINT ( 'NONE',  ( 18.80390618949126846, 123.0438746786003890, -90.80508803971999043 ) ) ;
#7814 = ADVANCED_FACE ( 'NONE', ( #2536 ), #2581, .T. ) ;
#7815 = CARTESIAN_POINT ( 'NONE',  ( 45.89398952596364722, 12.01967345941861787, -64.72420671026571881 ) ) ;
#7816 = ORIENTED_EDGE ( 'NONE', *, *, #7924, .T. ) ;
#7817 = DIRECTION ( 'NONE',  ( -1.000000000000000000, -0.000000000000000000, -0.000000000000000000 ) ) ;
#7818 = CARTESIAN_POINT ( 'NONE',  ( 83.93667330127136950, -0.4286953410773323703, -6.212571434007456261 ) ) ;
#7819 = CARTESIAN_POINT ( 'NONE',  ( -0.4871186593088410732, 121.5982357887525609, -4.682112495376551387 ) ) ;
#7820 = EDGE_LOOP ( 'NONE', ( #4594, #7076, #3762, #4177 ) ) ;
#7821 = CARTESIAN_POINT ( 'NONE',  ( 17.94421964300436656, 137.7358971562544809, -94.75304472025928249 ) ) ;
#7822 = EDGE_CURVE ( 'NONE', #1791, #3316, #392, .T. ) ;
#7823 = CARTESIAN_POINT ( 'NONE',  ( 49.50000000000000000, 53.64580823289530542, -49.99999999999997158 ) ) ;
#7824 = CARTESIAN_POINT ( 'NONE',  ( 102.8601588232606758, -6.315868845097106110, -88.61608393432166508 ) ) ;
#7825 = CARTESIAN_POINT ( 'NONE',  ( 19.46468422810817600, 186.7108694832855349, -65.13724505548071875 ) ) ;
#7826 = CARTESIAN_POINT ( 'NONE',  ( 25.50000000000000355, 52.00000000000000000, -69.50000000000000000 ) ) ;
#7827 = CARTESIAN_POINT ( 'NONE',  ( 132.0037106999490106, 157.4871138248140028, -64.43440023254626681 ) ) ;
#7828 = CARTESIAN_POINT ( 'NONE',  ( 100.5442418518537124, -0.000000000000000000, -81.23839206281043346 ) ) ;
#7829 = CARTESIAN_POINT ( 'NONE',  ( 24.95245247602387906, 86.93448278445855237, -10.40497425043620794 ) ) ;
#7830 = ORIENTED_EDGE ( 'NONE', *, *, #1169, .F. ) ;
#7831 = CARTESIAN_POINT ( 'NONE',  ( 130.2024058390186099, 175.0287968172841602, -82.30358232471365909 ) ) ;
#7832 = CARTESIAN_POINT ( 'NONE',  ( 56.50000000000000711, 20.10000000000000853, -39.24999999999996447 ) ) ;
#7833 = CARTESIAN_POINT ( 'NONE',  ( 110.1402600057112409, 190.0837242817810022, -48.74335366320383400 ) ) ;
#7834 = CARTESIAN_POINT ( 'NONE',  ( -1.761497135526520985, 134.6639113863074044, -26.43320536647090080 ) ) ;
#7835 = CARTESIAN_POINT ( 'NONE',  ( 110.3912104949881439, 187.9866893812464923, -33.46845817668135226 ) ) ;
#7836 = ORIENTED_EDGE ( 'NONE', *, *, #5885, .T. ) ;
#7837 = CARTESIAN_POINT ( 'NONE',  ( 18.63248796005753860, 177.9225884434232512, -15.59648865408539820 ) ) ;
#7838 = ORIENTED_EDGE ( 'NONE', *, *, #4521, .T. ) ;
#7839 = CARTESIAN_POINT ( 'NONE',  ( 111.0000000000000000, 151.1000000000000796, -64.32243186433542803 ) ) ;
#7840 = CARTESIAN_POINT ( 'NONE',  ( 12.30106303720035754, 46.74868316657551759, -65.90013932010164410 ) ) ;
#7841 = CYLINDRICAL_SURFACE ( 'NONE', #1212, 2.099999999999997868 ) ;
#7842 = ORIENTED_EDGE ( 'NONE', *, *, #7689, .T. ) ;
#7843 = VERTEX_POINT ( 'NONE', #7832 ) ;
#7844 = EDGE_CURVE ( 'NONE', #324, #6997, #558, .T. ) ;
#7845 = VERTEX_POINT ( 'NONE', #8086 ) ;
#7846 = CARTESIAN_POINT ( 'NONE',  ( -1.299994568193533873, 164.7998736141894653, -51.18134785227127281 ) ) ;
#7847 = CARTESIAN_POINT ( 'NONE',  ( 131.8156971033682510, 135.3520974175830247, -26.14844533162862206 ) ) ;
#7848 = CARTESIAN_POINT ( 'NONE',  ( 111.2141822655542853, 123.1861520731130071, -4.146962487403039077 ) ) ;
#7849 = CARTESIAN_POINT ( 'NONE',  ( 44.50000000000000711, 40.03517976947111379, -69.18971353590646345 ) ) ;
#7850 = CARTESIAN_POINT ( 'NONE',  ( -1.601024586006606354, 132.6670885782417599, -21.25802652834252982 ) ) ;
#7851 = CARTESIAN_POINT ( 'NONE',  ( 14.70369121891855180, 36.99999999999998579, -69.50000000000000000 ) ) ;
#7852 = VECTOR ( 'NONE', #7743, 1000.000000000000000 ) ;
#7853 = CARTESIAN_POINT ( 'NONE',  ( 37.54268651639599597, 69.22045390349596516, -20.21710499281508433 ) ) ;
#7854 = AXIS2_PLACEMENT_3D ( 'NONE', #4395, #2249, #4908 ) ;
#7855 = AXIS2_PLACEMENT_3D ( 'NONE', #4722, #6717, #6084 ) ;
#7856 = CARTESIAN_POINT ( 'NONE',  ( 25.49999999999999645, 142.5999999999999943, -47.50000000000000000 ) ) ;
#7857 = ORIENTED_EDGE ( 'NONE', *, *, #2759, .T. ) ;
#7858 = CARTESIAN_POINT ( 'NONE',  ( 77.50000000000001421, 30.00000000000000000, -47.49999999999997868 ) ) ;
#7859 = EDGE_CURVE ( 'NONE', #5970, #2438, #2587, .T. ) ;
#7860 = CARTESIAN_POINT ( 'NONE',  ( 25.28670807615170446, -0.000000000000000000, -22.76725350872503739 ) ) ;
#7861 = ADVANCED_FACE ( 'NONE', ( #6039 ), #2149, .T. ) ;
#7862 = CARTESIAN_POINT ( 'NONE',  ( 26.08545426526727695, 84.13308643974816903, -84.53037618553615573 ) ) ;
#7863 = CARTESIAN_POINT ( 'NONE',  ( 18.10728916997758020, 169.4801397809343086, -86.66586446108064479 ) ) ;
#7864 = CARTESIAN_POINT ( 'NONE',  ( 21.74583469693082449, 10.10053299603376864, -62.18973024817739770 ) ) ;
#7865 = CARTESIAN_POINT ( 'NONE',  ( 111.5683229526184022, 126.2847313749104501, -2.858521739493093516 ) ) ;
#7866 = DIRECTION ( 'NONE',  ( 0.000000000000000000, 0.000000000000000000, -1.000000000000000000 ) ) ;
#7867 = CARTESIAN_POINT ( 'NONE',  ( 42.39589333293312734, 3.700000000000000178, -65.61091270347399984 ) ) ;
#7868 = CARTESIAN_POINT ( 'NONE',  ( 132.2839887080007202, 145.5569118131986102, -69.85411557419585904 ) ) ;
#7869 = CARTESIAN_POINT ( 'NONE',  ( 93.17412989474755136, -0.000000000000000000, -86.86720648221897534 ) ) ;
#7870 = EDGE_CURVE ( 'NONE', #5337, #785, #496, .T. ) ;
#7871 = AXIS2_PLACEMENT_3D ( 'NONE', #6676, #7358, #2956 ) ;
#7872 = CARTESIAN_POINT ( 'NONE',  ( 3.503643954968258978, 95.02629537901860601, -9.919099682245457572 ) ) ;
#7873 = VERTEX_POINT ( 'NONE', #4081 ) ;
#7874 = AXIS2_PLACEMENT_3D ( 'NONE', #6453, #3773, #1835 ) ;
#7875 = CARTESIAN_POINT ( 'NONE',  ( 132.0072783739876172, 138.3467304429920546, -74.83040531856229904 ) ) ;
#7876 = PLANE ( 'NONE',  #3956 ) ;
#7877 = CARTESIAN_POINT ( 'NONE',  ( 131.1194124658003659, 127.6228797130154788, -71.94879214914941201 ) ) ;
#7878 = DIRECTION ( 'NONE',  ( -0.000000000000000000, 1.000000000000000000, -0.000000000000000000 ) ) ;
#7879 = ADVANCED_FACE ( 'NONE', ( #8003 ), #6714, .F. ) ;
#7880 = CARTESIAN_POINT ( 'NONE',  ( 87.60409755359897588, 98.00000000000000000, -65.61091270347399984 ) ) ;
#7881 = ORIENTED_EDGE ( 'NONE', *, *, #7822, .T. ) ;
#7882 = VECTOR ( 'NONE', #3616, 1000.000000000000000 ) ;
#7883 = VECTOR ( 'NONE', #6514, 1000.000000000000000 ) ;
#7884 = LINE ( 'NONE', #2501, #363 ) ;
#7885 = ORIENTED_EDGE ( 'NONE', *, *, #3968, .F. ) ;
#7886 = CARTESIAN_POINT ( 'NONE',  ( 130.0122917043151460, 126.3488109675490705, -16.89890915318231990 ) ) ;
#7887 = DIRECTION ( 'NONE',  ( 1.000000000000000000, -0.000000000000000000, 0.000000000000000000 ) ) ;
#7888 = ORIENTED_EDGE ( 'NONE', *, *, #1898, .F. ) ;
#7889 = ORIENTED_EDGE ( 'NONE', *, *, #4444, .F. ) ;
#7890 = VERTEX_POINT ( 'NONE', #5525 ) ;
#7891 = FACE_OUTER_BOUND ( 'NONE', #5627, .T. ) ;
#7892 = CARTESIAN_POINT ( 'NONE',  ( 131.2222836889201005, 128.6162558983755844, -65.13071250254010636 ) ) ;
#7893 = CARTESIAN_POINT ( 'NONE',  ( 112.1887912750073895, 142.5999999999993122, -95.00000000000001421 ) ) ;
#7894 = CARTESIAN_POINT ( 'NONE',  ( 46.96337440732757784, 41.21010367913623895, -68.89950027284376688 ) ) ;
#7895 = FACE_OUTER_BOUND ( 'NONE', #4230, .T. ) ;
#7896 = CARTESIAN_POINT ( 'NONE',  ( 111.1758045573260034, 122.8835198708077883, -4.248548628292829754 ) ) ;
#7897 = CARTESIAN_POINT ( 'NONE',  ( 39.73558331789221398, 70.25444130481473337, -10.31226433211142712 ) ) ;
#7898 = CARTESIAN_POINT ( 'NONE',  ( 32.33436705681083367, 78.59347607668539126, -84.48837650690239798 ) ) ;
#7899 = ORIENTED_EDGE ( 'NONE', *, *, #1805, .T. ) ;
#7900 = CARTESIAN_POINT ( 'NONE',  ( 10.26511800460330193, 187.6000000000000512, -44.98980614917457643 ) ) ;
#7901 = AXIS2_PLACEMENT_3D ( 'NONE', #468, #2315, #427 ) ;
#7902 = CARTESIAN_POINT ( 'NONE',  ( 83.82290659098799779, -0.7644845710880068257, -6.222418408632579556 ) ) ;
#7903 = DIRECTION ( 'NONE',  ( 0.000000000000000000, -1.000000000000000000, 0.000000000000000000 ) ) ;
#7904 = B_SPLINE_CURVE_WITH_KNOTS ( 'NONE', 3,
 ( #2092, #6662, #4233, #6826, #7425, #4108, #5513, #2821, #131, #5430, #6112, #2179, #6741, #4795 ),
 .UNSPECIFIED., .F., .F.,
 ( 4, 2, 2, 2, 2, 2, 4 ),
 ( 0.1687985030272473319, 0.1712875145270601474, 0.1737765260268729905, 0.1787545490264986214, 0.1837325720261242801, 0.1862215835259371233, 0.1887105950257499942 ),
 .UNSPECIFIED. ) ;
#7905 = CARTESIAN_POINT ( 'NONE',  ( 1.497043680019191747, 182.7992431139865630, -72.93038149365911238 ) ) ;
#7906 = CARTESIAN_POINT ( 'NONE',  ( 102.1641631548555438, 71.72530295533356082, -84.53752903919216521 ) ) ;
#7907 = CARTESIAN_POINT ( 'NONE',  ( 64.92594351893495741, 48.33030277982336997, -44.99999999999998579 ) ) ;
#7908 = EDGE_CURVE ( 'NONE', #56, #4367, #1314, .T. ) ;
#7909 = B_SPLINE_CURVE_WITH_KNOTS ( 'NONE', 3,
 ( #5186, #2087, #4581, #1319, #8418, #1363, #7862, #6579, #2648, #6536, #5865, #1439, #1276, #2051 ),
 .UNSPECIFIED., .F., .F.,
 ( 4, 2, 2, 2, 2, 2, 4 ),
 ( 0.000000000000000000, 0.001778526944768767451, 0.002667790417153170692, 0.003557053889537573500, 0.005335580834306375211, 0.006224844306690758937, 0.007114107779075142662 ),
 .UNSPECIFIED. ) ;
#7910 = CARTESIAN_POINT ( 'NONE',  ( -0.4129088087593939527, 121.4991824369101039, -24.84843889313750154 ) ) ;
#7911 = DIRECTION ( 'NONE',  ( -1.000000000000000000, 0.000000000000000000, 0.000000000000000000 ) ) ;
#7912 = FACE_OUTER_BOUND ( 'NONE', #6451, .T. ) ;
#7913 = CARTESIAN_POINT ( 'NONE',  ( -0.6832662279726330334, 123.7067814951798113, -24.23269733790352731 ) ) ;
#7914 = VERTEX_POINT ( 'NONE', #7395 ) ;
#7915 = VECTOR ( 'NONE', #4825, 1000.000000000000000 ) ;
#7916 = DIRECTION ( 'NONE',  ( 0.000000000000000000, -0.000000000000000000, 1.000000000000000000 ) ) ;
#7917 = CARTESIAN_POINT ( 'NONE',  ( 56.50000000000000000, 53.64580823289530542, -44.99999999999997158 ) ) ;
#7918 = CARTESIAN_POINT ( 'NONE',  ( 112.1685786181477340, 23.85543383357550695, -25.49999999999999289 ) ) ;
#7919 = CYLINDRICAL_SURFACE ( 'NONE', #5585, 2.100000000000001421 ) ;
#7920 = CARTESIAN_POINT ( 'NONE',  ( 104.2663978007259971, 0.000000000000000000, -20.85060666602333868 ) ) ;
#7921 = ORIENTED_EDGE ( 'NONE', *, *, #7243, .T. ) ;
#7922 = CARTESIAN_POINT ( 'NONE',  ( 54.50000000000000711, 78.34000000000001762, -74.64834724391587883 ) ) ;
#7923 = CIRCLE ( 'NONE', #3835, 2.100000000000004530 ) ;
#7924 = EDGE_CURVE ( 'NONE', #5722, #742, #5692, .T. ) ;
#7925 = ORIENTED_EDGE ( 'NONE', *, *, #2651, .F. ) ;
#7926 = LINE ( 'NONE', #5845, #5820 ) ;
#7927 = EDGE_CURVE ( 'NONE', #7449, #7375, #3209, .T. ) ;
#7928 = ADVANCED_FACE ( 'NONE', ( #2358 ), #430, .T. ) ;
#7929 = CARTESIAN_POINT ( 'NONE',  ( 107.9656344306956868, 9.146608329664655201, -68.67921246440535299 ) ) ;
#7930 = DIRECTION ( 'NONE',  ( -0.000000000000000000, 1.000000000000000000, 0.000000000000000000 ) ) ;
#7931 = EDGE_LOOP ( 'NONE', ( #5321, #1499, #4799, #1962 ) ) ;
#7932 = ORIENTED_EDGE ( 'NONE', *, *, #5797, .T. ) ;
#7933 = ORIENTED_EDGE ( 'NONE', *, *, #3161, .F. ) ;
#7934 = CARTESIAN_POINT ( 'NONE',  ( 134.8882900186850691, 151.0393594364125534, -75.48279969452718774 ) ) ;
#7935 = ADVANCED_FACE ( 'NONE', ( #6969 ), #5702, .T. ) ;
#7936 = CARTESIAN_POINT ( 'NONE',  ( 15.00000000000000000, 142.5999999999999943, -51.64999999999999147 ) ) ;
#7937 = CARTESIAN_POINT ( 'NONE',  ( 56.50000000000000711, 0.000000000000000000, -49.99999999999997158 ) ) ;
#7938 = CARTESIAN_POINT ( 'NONE',  ( 87.60409755359897588, 75.34000000000000341, -69.21091270347399416 ) ) ;
#7939 = CARTESIAN_POINT ( 'NONE',  ( 49.50000000000000000, 53.64580823289530542, -49.99999999999997158 ) ) ;
#7940 = CYLINDRICAL_SURFACE ( 'NONE', #4307, 3.600000000000005862 ) ;
#7941 = ORIENTED_EDGE ( 'NONE', *, *, #2754, .F. ) ;
#7942 = EDGE_CURVE ( 'NONE', #6017, #1359, #2000, .T. ) ;
#7943 = CARTESIAN_POINT ( 'NONE',  ( 25.50000000000000355, 46.57993858786699093, -66.04230378445728888 ) ) ;
#7944 = EDGE_LOOP ( 'NONE', ( #160, #228 ) ) ;
#7945 = CARTESIAN_POINT ( 'NONE',  ( 112.0297157680709574, 23.08528970334592856, -6.664002658223910025 ) ) ;
#7946 = CARTESIAN_POINT ( 'NONE',  ( 0.9352555976623678768, 180.4906041005198460, -76.20873839308308106 ) ) ;
#7947 = CARTESIAN_POINT ( 'NONE',  ( 42.39589333293312734, 0.000000000000000000, -65.61091270347399984 ) ) ;
#7948 = CARTESIAN_POINT ( 'NONE',  ( 42.39589333293313445, 3.700000000000000178, -31.53908729652599163 ) ) ;
#7949 = DIRECTION ( 'NONE',  ( 0.000000000000000000, 0.000000000000000000, 1.000000000000000000 ) ) ;
#7950 = CARTESIAN_POINT ( 'NONE',  ( 112.1685786181470945, 23.85543383357302361, -69.49999999999998579 ) ) ;
#7951 = CARTESIAN_POINT ( 'NONE',  ( 43.93142421248357010, 6.528147466897516793, -6.119994710308844788 ) ) ;
#7952 = EDGE_CURVE ( 'NONE', #2645, #2922, #5063, .T. ) ;
#7953 = ORIENTED_EDGE ( 'NONE', *, *, #650, .T. ) ;
#7954 = EDGE_CURVE ( 'NONE', #5883, #8450, #6377, .T. ) ;
#7955 = DIRECTION ( 'NONE',  ( 0.000000000000000000, 0.000000000000000000, -1.000000000000000000 ) ) ;
#7956 = CARTESIAN_POINT ( 'NONE',  ( 28.64973269824808710, 40.70481672707339271, -69.03571685313690409 ) ) ;
#7957 = CARTESIAN_POINT ( 'NONE',  ( 111.2640049302018923, 123.6605771217226675, -91.01292539273700299 ) ) ;
#7958 = DIRECTION ( 'NONE',  ( -1.000000000000000000, -0.000000000000000000, -0.000000000000000000 ) ) ;
#7959 = CYLINDRICAL_SURFACE ( 'NONE', #2100, 1.649999999999974376 ) ;
#7960 = VERTEX_POINT ( 'NONE', #7698 ) ;
#7961 = CARTESIAN_POINT ( 'NONE',  ( 49.50000000000000711, 73.34000000000001762, -74.64834724391587883 ) ) ;
#7962 = ORIENTED_EDGE ( 'NONE', *, *, #598, .F. ) ;
#7963 = CARTESIAN_POINT ( 'NONE',  ( -0.6944740450469270021, 122.9899791535340370, -90.80850114932057693 ) ) ;
#7964 = CARTESIAN_POINT ( 'NONE',  ( 110.5844522573489002, 186.2634761886886565, -28.77096199129423582 ) ) ;
#7965 = CARTESIAN_POINT ( 'NONE',  ( 124.7052445093490576, 123.9175984533428192, -9.442147251477750913 ) ) ;
#7966 = DIRECTION ( 'NONE',  ( 0.000000000000000000, 0.000000000000000000, -1.000000000000000000 ) ) ;
#7967 = VERTEX_POINT ( 'NONE', #4934 ) ;
#7968 = ORIENTED_EDGE ( 'NONE', *, *, #3814, .F. ) ;
#7969 = CARTESIAN_POINT ( 'NONE',  ( 38.49407705410375513, 74.47068427569759308, -19.22996148963885688 ) ) ;
#7970 = CARTESIAN_POINT ( 'NONE',  ( 130.2784698492993414, 120.4623009350258087, -43.46168874175314301 ) ) ;
#7971 = AXIS2_PLACEMENT_3D ( 'NONE', #7392, #3477, #212 ) ;
#7972 = DIRECTION ( 'NONE',  ( 0.000000000000000000, 0.000000000000000000, -1.000000000000000000 ) ) ;
#7973 = LINE ( 'NONE', #2727, #5435 ) ;
#7974 = CARTESIAN_POINT ( 'NONE',  ( 19.85973465361899670, 190.0837242375541223, -48.74335535222896709 ) ) ;
#7975 = ADVANCED_FACE ( 'NONE', ( #7657 ), #471, .F. ) ;
#7976 = DIRECTION ( 'NONE',  ( 0.000000000000000000, -1.000000000000000000, 0.000000000000000000 ) ) ;
#7977 = ORIENTED_EDGE ( 'NONE', *, *, #1628, .F. ) ;
#7978 = EDGE_CURVE ( 'NONE', #8186, #6350, #5412, .T. ) ;
#7979 = CARTESIAN_POINT ( 'NONE',  ( 42.39589333293312734, 20.06929233276887459, -69.21091270347399416 ) ) ;
#7980 = VERTEX_POINT ( 'NONE', #3692 ) ;
#7981 = CARTESIAN_POINT ( 'NONE',  ( 84.39175168433733631, 1.026303273549332706, -6.172404911563587504 ) ) ;
#7982 = B_SPLINE_CURVE_WITH_KNOTS ( 'NONE', 3,
 ( #371, #6906, #1565, #4182, #1522, #2980 ),
 .UNSPECIFIED., .F., .F.,
 ( 4, 2, 4 ),
 ( 9.126689985681992691E-17, 0.002030044379675973332, 0.004060088759351855592 ),
 .UNSPECIFIED. ) ;
#7983 = ORIENTED_EDGE ( 'NONE', *, *, #4013, .T. ) ;
#7984 = CARTESIAN_POINT ( 'NONE',  ( -1.746296130729333651, 160.7114554211980249, -69.66915955245269743 ) ) ;
#7985 = DIRECTION ( 'NONE',  ( 0.9999999999999951150, 1.000061563076409361E-07, -0.000000000000000000 ) ) ;
#7986 = CIRCLE ( 'NONE', #7024, 6.600000000000001421 ) ;
#7987 = CARTESIAN_POINT ( 'NONE',  ( 59.81972960037870735, 49.99863612248418576, -44.99999999999997868 ) ) ;
#7988 = ORIENTED_EDGE ( 'NONE', *, *, #3541, .F. ) ;
#7989 = CARTESIAN_POINT ( 'NONE',  ( 51.98409277084748226, 78.34000000000000341, -16.87497332602569244 ) ) ;
#7990 = DIRECTION ( 'NONE',  ( 0.000000000000000000, 0.000000000000000000, -1.000000000000000000 ) ) ;
#7991 = AXIS2_PLACEMENT_3D ( 'NONE', #3058, #5670, #1775 ) ;
#7992 = CIRCLE ( 'NONE', #2261, 3.600000000000005862 ) ;
#7993 = CARTESIAN_POINT ( 'NONE',  ( 25.43135266184862076, -1.273158057148469524, -6.134981038735247694 ) ) ;
#7994 = ORIENTED_EDGE ( 'NONE', *, *, #8116, .T. ) ;
#7995 = CARTESIAN_POINT ( 'NONE',  ( 49.50000000000000000, 52.43363341178125125, -30.00991754977235004 ) ) ;
#7996 = CARTESIAN_POINT ( 'NONE',  ( 25.63325964788277034, 45.31737581297949191, -67.00651300522135045 ) ) ;
#7997 = CARTESIAN_POINT ( 'NONE',  ( 111.2162460631523544, 123.2048080076082641, -90.85932329996907697 ) ) ;
#7998 = CARTESIAN_POINT ( 'NONE',  ( 12.30106303720035754, 46.74868316657551759, -29.09986067989843761 ) ) ;
#7999 = AXIS2_PLACEMENT_3D ( 'NONE', #7856, #2084, #159 ) ;
#8000 = CARTESIAN_POINT ( 'NONE',  ( 131.8417438045055974, 135.7637529279456601, -74.46489163406189959 ) ) ;
#8001 = ORIENTED_EDGE ( 'NONE', *, *, #6255, .T. ) ;
#8002 = CARTESIAN_POINT ( 'NONE',  ( -1.586789276761725098, 162.3287559574743852, -26.39299213361034191 ) ) ;
#8003 = FACE_OUTER_BOUND ( 'NONE', #7311, .T. ) ;
#8004 = AXIS2_PLACEMENT_3D ( 'NONE', #4938, #222, #7444 ) ;
#8005 = VERTEX_POINT ( 'NONE', #5747 ) ;
#8006 = DIRECTION ( 'NONE',  ( 1.000000000000000000, -0.000000000000000000, -0.000000000000000000 ) ) ;
#8007 = CARTESIAN_POINT ( 'NONE',  ( 110.7700694198549769, 184.5019695368511066, -25.10560933900489289 ) ) ;
#8008 = AXIS2_PLACEMENT_3D ( 'NONE', #2210, #2380, #4997 ) ;
#8009 = PRODUCT_DEFINITION_FORMATION_WITH_SPECIFIED_SOURCE ( 'ANY', '', #587, .NOT_KNOWN. ) ;
#8010 = CYLINDRICAL_SURFACE ( 'NONE', #2940, 4.149999999999994138 ) ;
#8011 = FACE_OUTER_BOUND ( 'NONE', #3876, .T. ) ;
#8012 = VECTOR ( 'NONE', #5926, 1000.000000000000000 ) ;
#8013 = EDGE_LOOP ( 'NONE', ( #620, #4166, #6439, #3481 ) ) ;
#8014 = AXIS2_PLACEMENT_3D ( 'NONE', #6161, #298, #7697 ) ;
#8015 = EDGE_CURVE ( 'NONE', #655, #8186, #3042, .T. ) ;
#8016 = ORIENTED_EDGE ( 'NONE', *, *, #2213, .T. ) ;
#8017 = LINE ( 'NONE', #5370, #7223 ) ;
#8018 = CARTESIAN_POINT ( 'NONE',  ( 131.6005050298609547, 132.6215502755974001, -67.72009360572363335 ) ) ;
#8019 = CARTESIAN_POINT ( 'NONE',  ( 15.00000000000000000, 142.5999999999999943, -47.50000000000000000 ) ) ;
#8020 = CARTESIAN_POINT ( 'NONE',  ( 15.00000000000000000, 142.5999999999999943, -43.35000000000000853 ) ) ;
#8021 = CARTESIAN_POINT ( 'NONE',  ( 131.9719486039311676, 137.6940782116679145, -20.22361050338956190 ) ) ;
#8022 = DIRECTION ( 'NONE',  ( -1.000000000000000000, 0.000000000000000000, 0.000000000000000000 ) ) ;
#8023 = ORIENTED_EDGE ( 'NONE', *, *, #7120, .F. ) ;
#8024 = DIRECTION ( 'NONE',  ( 1.000000000000000000, -0.000000000000000000, -0.000000000000000000 ) ) ;
#8025 = CARTESIAN_POINT ( 'NONE',  ( 49.58537303279197062, 74.26002270254141990, -19.27369306408117922 ) ) ;
#8026 = ORIENTED_EDGE ( 'NONE', *, *, #3704, .T. ) ;
#8027 = AXIS2_PLACEMENT_3D ( 'NONE', #7281, #3411, #6014 ) ;
#8028 = CARTESIAN_POINT ( 'NONE',  ( 105.1357042958929355, 0.4012598981677667487, -6.087777871551369735 ) ) ;
#8029 = CARTESIAN_POINT ( 'NONE',  ( 45.94367573258020343, 12.24149422861551173, -30.04238004509918625 ) ) ;
#8030 = CARTESIAN_POINT ( 'NONE',  ( 3.385884926665296835, 189.2063835305723671, -56.89003349559529710 ) ) ;
#8031 = CARTESIAN_POINT ( 'NONE',  ( 21.14527320307746550, 12.08230990734818100, -30.20757845385781337 ) ) ;
#8032 = CIRCLE ( 'NONE', #1067, 2.099999999999997868 ) ;
#8033 = CARTESIAN_POINT ( 'NONE',  ( 11.59886661977321864, 37.00000000000000000, -69.50000000000000000 ) ) ;
#8034 = CARTESIAN_POINT ( 'NONE',  ( 49.50000000000000000, 38.64580823289530542, -49.99999999999997158 ) ) ;
#8035 = CARTESIAN_POINT ( 'NONE',  ( 44.58491797945053037, 4.394885903185594245, -6.121120782058832255 ) ) ;
#8036 = CARTESIAN_POINT ( 'NONE',  ( 34.83805479056206167, 39.62795703495459065, -86.98144224986501172 ) ) ;
#8037 = ORIENTED_EDGE ( 'NONE', *, *, #6663, .T. ) ;
#8038 = FACE_BOUND ( 'NONE', #4039, .T. ) ;
#8039 = AXIS2_PLACEMENT_3D ( 'NONE', #3656, #3046, #2282 ) ;
#8040 = CARTESIAN_POINT ( 'NONE',  ( 15.00000000000000000, 142.5999999999999943, -58.75000000000000711 ) ) ;
#8041 = CARTESIAN_POINT ( 'NONE',  ( 127.4817608478311683, 101.3139426082664585, -66.04562919236077789 ) ) ;
#8042 = CARTESIAN_POINT ( 'NONE',  ( 53.00000000000000711, 20.10000000000000853, -37.59999999999996589 ) ) ;
#8043 = AXIS2_PLACEMENT_3D ( 'NONE', #3978, #7903, #681 ) ;
#8044 = DIRECTION ( 'NONE',  ( 0.000000000000000000, 0.000000000000000000, 1.000000000000000000 ) ) ;
#8045 = ORIENTED_EDGE ( 'NONE', *, *, #4595, .T. ) ;
#8046 = CARTESIAN_POINT ( 'NONE',  ( 49.65245655431023408, 78.34000000000001762, -75.22046340944240228 ) ) ;
#8047 = DIRECTION ( 'NONE',  ( 0.000000000000000000, -1.000000000000000000, 0.000000000000000000 ) ) ;
#8048 = VECTOR ( 'NONE', #4913, 1000.000000000000000 ) ;
#8049 = CARTESIAN_POINT ( 'NONE',  ( 46.06333505813884699, -0.4286951905044296685, -88.78742857040805347 ) ) ;
#8050 = CARTESIAN_POINT ( 'NONE',  ( 106.2430745049713039, 3.669008533636415326, -69.13682444202947863 ) ) ;
#8051 = CARTESIAN_POINT ( 'NONE',  ( 111.5470231166580959, 175.3686898603215809, -13.09794057998760231 ) ) ;
#8052 = DIRECTION ( 'NONE',  ( -1.000000000000000000, 0.000000000000000000, 0.000000000000000000 ) ) ;
#8053 = CARTESIAN_POINT ( 'NONE',  ( 124.2269090551365167, 123.8041932364019146, -9.031871797580691918 ) ) ;
#8054 = CARTESIAN_POINT ( 'NONE',  ( 25.50000000000000711, 123.2000559591661784, -4.142276683242275936 ) ) ;
#8055 = ORIENTED_EDGE ( 'NONE', *, *, #7285, .F. ) ;
#8056 = VERTEX_POINT ( 'NONE', #3088 ) ;
#8057 = DIRECTION ( 'NONE',  ( 0.000000000000000000, 0.000000000000000000, 1.000000000000000000 ) ) ;
#8058 = CARTESIAN_POINT ( 'NONE',  ( 87.60409755359897588, 8.000000000000000000, -29.38908729652602148 ) ) ;
#8059 = EDGE_CURVE ( 'NONE', #8146, #3095, #2611, .T. ) ;
#8060 = CARTESIAN_POINT ( 'NONE',  ( 100.0060711939980109, 79.52713099744605074, -84.48461230459928117 ) ) ;
#8061 = CARTESIAN_POINT ( 'NONE',  ( 131.7498386811035971, 134.5121783385788774, -20.78844917617635701 ) ) ;
#8062 = CARTESIAN_POINT ( 'NONE',  ( 37.89951023584162471, 69.22045390349806837, -10.26859957557393344 ) ) ;
#8063 = VERTEX_POINT ( 'NONE', #1201 ) ;
#8064 = DIRECTION ( 'NONE',  ( 0.000000000000000000, 0.3061573400062183037, 0.9519809258384943629 ) ) ;
#8065 = CARTESIAN_POINT ( 'NONE',  ( 10.32709315999437827, 56.23663884416703240, -33.00991754977233938 ) ) ;
#8066 = VERTEX_POINT ( 'NONE', #3820 ) ;
#8067 = CARTESIAN_POINT ( 'NONE',  ( 105.0436505118352812, 0.1288808526185427628, -26.12021268627793447 ) ) ;
#8068 = CARTESIAN_POINT ( 'NONE',  ( 44.76109432570046920, 10.55714366470619936, -32.11900448622036208 ) ) ;
#8069 = CARTESIAN_POINT ( 'NONE',  ( -0.8397149923203391930, 168.0787341637906707, -31.55086463802909336 ) ) ;
#8070 = ADVANCED_FACE ( 'NONE', ( #561 ), #8176, .F. ) ;
#8071 = CARTESIAN_POINT ( 'NONE',  ( 18.99999527370932029, 125.5999953997165619, -47.50000000000001421 ) ) ;
#8072 = ADVANCED_FACE ( 'NONE', ( #8432, #5875 ), #2576, .T. ) ;
#8073 = CARTESIAN_POINT ( 'NONE',  ( 150.0000000000000000, 123.2000559591661784, -4.142276683242275936 ) ) ;
#8074 = CARTESIAN_POINT ( 'NONE',  ( 8.049870832266233123, 68.04102518956872814, -10.27929918016522493 ) ) ;
#8075 = EDGE_CURVE ( 'NONE', #3011, #4495, #5966, .T. ) ;
#8076 = CARTESIAN_POINT ( 'NONE',  ( -0.4983010333531499025, 122.1841442940028770, -70.33899655268662343 ) ) ;
#8077 = ORIENTED_EDGE ( 'NONE', *, *, #4312, .T. ) ;
#8078 = VECTOR ( 'NONE', #383, 1000.000000000000000 ) ;
#8079 = CARTESIAN_POINT ( 'NONE',  ( 34.50000000000000000, 73.38611426685834260, -85.16758975127741849 ) ) ;
#8080 = CARTESIAN_POINT ( 'NONE',  ( 11.76468752795751627, 123.0393093281239061, -5.537391146535547648 ) ) ;
#8081 = CARTESIAN_POINT ( 'NONE',  ( 96.44863469660414523, 45.05063285767683112, -86.47524027054888052 ) ) ;
#8082 = DIRECTION ( 'NONE',  ( 1.000000000000000000, -0.000000000000000000, 0.000000000000000000 ) ) ;
#8083 = DIRECTION ( 'NONE',  ( -0.000000000000000000, 1.000000000000000000, -0.000000000000000000 ) ) ;
#8084 = CARTESIAN_POINT ( 'NONE',  ( -2.189054224004652216, 142.1072570583850450, -75.02139503810516885 ) ) ;
#8085 =( BOUNDED_CURVE ( )  B_SPLINE_CURVE ( 3, ( #1960, #1920, #5771, #7083 ),
 .UNSPECIFIED., .F., .T. ) 
 B_SPLINE_CURVE_WITH_KNOTS ( ( 4, 4 ),
 ( 4.712388980384689674, 4.738567872650318868 ),
 .UNSPECIFIED. ) 
 CURVE ( )  GEOMETRIC_REPRESENTATION_ITEM ( )  RATIONAL_B_SPLINE_CURVE ( ( 1.000000000000000000, 0.9999428896153963464, 0.9999428896153963464, 1.000000000000000000 ) ) 
 REPRESENTATION_ITEM ( '' )  );
#8086 = CARTESIAN_POINT ( 'NONE',  ( 17.81120477094971122, 142.6000000000053092, 9.010915958772428336E-15 ) ) ;
#8087 = EDGE_CURVE ( 'NONE', #6613, #2094, #8145, .T. ) ;
#8088 = CARTESIAN_POINT ( 'NONE',  ( 27.14818516597060238, -6.340471484760921150, -88.61406651482012364 ) ) ;
#8089 = CARTESIAN_POINT ( 'NONE',  ( 108.5433285329627466, 11.05045234304066781, -25.86317555797051781 ) ) ;
#8090 = CARTESIAN_POINT ( 'NONE',  ( 129.3475386297618286, 179.2773254417066653, -17.20458443266369741 ) ) ;
#8091 = CARTESIAN_POINT ( 'NONE',  ( 84.02199957809320097, -0.1768497465038263994, -88.79481390464420087 ) ) ;
#8092 = FACE_BOUND ( 'NONE', #226, .T. ) ;
#8093 = PLANE ( 'NONE',  #2850 ) ;
#8094 = ORIENTED_EDGE ( 'NONE', *, *, #6903, .T. ) ;
#8095 = CARTESIAN_POINT ( 'NONE',  ( 10.44976896664248400, 55.62524048292980439, -33.00991754977233228 ) ) ;
#8096 = VERTEX_POINT ( 'NONE', #3986 ) ;
#8097 = DIRECTION ( 'NONE',  ( -0.000000000000000000, 1.000000000000000000, -1.577021341797097314E-16 ) ) ;
#8098 = CARTESIAN_POINT ( 'NONE',  ( 87.60409755359897588, 3.700000000000000178, -65.61091270347401405 ) ) ;
#8099 = DIRECTION ( 'NONE',  ( 0.000000000000000000, 0.000000000000000000, -1.000000000000000000 ) ) ;
#8100 = CARTESIAN_POINT ( 'NONE',  ( 130.4772023462696779, 121.0970915085755308, -5.061200730310699392 ) ) ;
#8101 = EDGE_CURVE ( 'NONE', #5607, #5083, #4026, .T. ) ;
#8102 = FACE_OUTER_BOUND ( 'NONE', #5006, .T. ) ;
#8103 = EDGE_LOOP ( 'NONE', ( #169, #6090, #2942, #8279, #1698, #2218, #6979, #4903, #1176 ) ) ;
#8104 = FACE_OUTER_BOUND ( 'NONE', #5552, .T. ) ;
#8105 = CARTESIAN_POINT ( 'NONE',  ( 11.76069272437296398, 49.27142837975735290, -63.14282328209259987 ) ) ;
#8106 = VERTEX_POINT ( 'NONE', #3860 ) ;
#8107 = CARTESIAN_POINT ( 'NONE',  ( 103.0923354699521752, -5.630585626259149379, -26.18563366636156076 ) ) ;
#8108 = CARTESIAN_POINT ( 'NONE',  ( 42.39589333293312734, 12.30000000000000071, -65.61091270347399984 ) ) ;
#8109 = B_SPLINE_CURVE_WITH_KNOTS ( 'NONE', 3,
 ( #3010, #8095, #1120, #5536, #354, #1081, #4943, #1039, #954, #3571, #5494, #6844, #2286, #3660, #1598, #8141, #1768, #2240 ),
 .UNSPECIFIED., .F., .F.,
 ( 4, 2, 2, 2, 2, 2, 2, 2, 4 ),
 ( 0.000000000000000000, 0.0006478557960996470574, 0.001295711592199294115, 0.001943567388298941172, 0.002591423184398588229, 0.003239278980498235504, 0.003887134776597882344, 0.004534990572697529185, 0.005182846368797176459 ),
 .UNSPECIFIED. ) ;
#8110 = CARTESIAN_POINT ( 'NONE',  ( 18.35351539779194141, 173.9160589662926384, -11.72707346842488363 ) ) ;
#8111 = AXIS2_PLACEMENT_3D ( 'NONE', #7344, #889, #5473 ) ;
#8112 = CARTESIAN_POINT ( 'NONE',  ( 105.1537434380599478, 0.4537829261053602514, -26.12133771382636738 ) ) ;
#8113 = ORIENTED_EDGE ( 'NONE', *, *, #72, .T. ) ;
#8114 = EDGE_CURVE ( 'NONE', #7114, #3155, #5872, .T. ) ;
#8115 = DIRECTION ( 'NONE',  ( -1.000000000000000000, -0.000000000000000000, -0.000000000000000000 ) ) ;
#8116 = EDGE_CURVE ( 'NONE', #921, #2438, #6479, .T. ) ;
#8117 = CARTESIAN_POINT ( 'NONE',  ( 45.91809086751633373, 0.000000000000000000, -88.79999999999998295 ) ) ;
#8118 = CARTESIAN_POINT ( 'NONE',  ( 25.41524377461055550, -1.225611904341197045, -26.11788955364073672 ) ) ;
#8119 = CARTESIAN_POINT ( 'NONE',  ( 0.4442096179962781166, 115.0636409423383810, -68.52682909531682753 ) ) ;
#8120 = ORIENTED_EDGE ( 'NONE', *, *, #5307, .T. ) ;
#8121 = AXIS2_PLACEMENT_3D ( 'NONE', #7619, #3780, #7058 ) ;
#8122 = CARTESIAN_POINT ( 'NONE',  ( 118.2353113174412869, 123.0393104630467462, -89.46260922987730169 ) ) ;
#8123 = CARTESIAN_POINT ( 'NONE',  ( 49.50000000000000000, 20.10000000000000853, -54.39999999999997016 ) ) ;
#8124 = CARTESIAN_POINT ( 'NONE',  ( 107.2876779857330689, 99.25910625509808938, -85.55217658940286185 ) ) ;
#8125 = CARTESIAN_POINT ( 'NONE',  ( 17.92946282516846068, 165.3176054622633728, -89.22222870576094067 ) ) ;
#8126 = DIRECTION ( 'NONE',  ( 1.000000000000000000, -0.000000000000000000, -0.000000000000000000 ) ) ;
#8127 = CIRCLE ( 'NONE', #1434, 15.00000000000000000 ) ;
#8128 = CIRCLE ( 'NONE', #6753, 3.600000000000005862 ) ;
#8129 = DIRECTION ( 'NONE',  ( 0.000000000000000000, 0.000000000000000000, -1.000000000000000000 ) ) ;
#8130 = DIRECTION ( 'NONE',  ( -1.000000000000000000, -1.241749088029210375E-16, -0.000000000000000000 ) ) ;
#8131 = CARTESIAN_POINT ( 'NONE',  ( 45.90690525572932046, 0.03709673892808951906, -88.80108559636681775 ) ) ;
#8132 = CARTESIAN_POINT ( 'NONE',  ( 107.4221171428313824, 7.353004802365132875, -25.86317555797051781 ) ) ;
#8133 = CARTESIAN_POINT ( 'NONE',  ( 110.6287226073989416, 185.8539535538481857, -27.84351354204919815 ) ) ;
#8134 = CARTESIAN_POINT ( 'NONE',  ( 56.50000000000000000, 53.64580823289530542, -49.99999999999997158 ) ) ;
#8135 = ADVANCED_FACE ( 'NONE', ( #7912 ), #4589, .T. ) ;
#8136 = FACE_OUTER_BOUND ( 'NONE', #2832, .T. ) ;
#8137 = CARTESIAN_POINT ( 'NONE',  ( 25.50000000000000355, 86.76151314019149652, -79.66024281963984777 ) ) ;
#8138 = AXIS2_PLACEMENT_3D ( 'NONE', #4493, #588, #8334 ) ;
#8139 = FACE_BOUND ( 'NONE', #2410, .T. ) ;
#8140 = ORIENTED_EDGE ( 'NONE', *, *, #4494, .F. ) ;
#8141 = CARTESIAN_POINT ( 'NONE',  ( 11.01759976692844489, 52.83225102369222981, -29.99775895007082482 ) ) ;
#8142 = VERTEX_POINT ( 'NONE', #48 ) ;
#8143 = EDGE_CURVE ( 'NONE', #5247, #315, #1717, .T. ) ;
#8144 = CARTESIAN_POINT ( 'NONE',  ( 26.70326606134205605, 82.83471170136213857, -10.49352426417075712 ) ) ;
#8145 = CIRCLE ( 'NONE', #6368, 15.00000000000000000 ) ;
#8146 = VERTEX_POINT ( 'NONE', #7097 ) ;
#8147 = DIRECTION ( 'NONE',  ( 0.000000000000000000, 0.000000000000000000, -1.000000000000000000 ) ) ;
#8148 = DIRECTION ( 'NONE',  ( 1.000000000000000000, -0.000000000000000000, -0.000000000000000000 ) ) ;
#8149 = AXIS2_PLACEMENT_3D ( 'NONE', #3813, #5780, #3894 ) ;
#8150 = CARTESIAN_POINT ( 'NONE',  ( 131.5460979048691854, 132.0305509540131936, -21.44787573419218418 ) ) ;
#8151 = CARTESIAN_POINT ( 'NONE',  ( 37.90074020227162777, 74.62654356742478967, -10.45247027597637590 ) ) ;
#8152 = CARTESIAN_POINT ( 'NONE',  ( 112.1887912750074037, 142.5999999999999943, 8.689125622971255691E-15 ) ) ;
#8153 = ORIENTED_EDGE ( 'NONE', *, *, #501, .T. ) ;
#8154 = CARTESIAN_POINT ( 'NONE',  ( -1.396707747334523519, 130.3954958076859612, -66.40599741205427620 ) ) ;
#8155 = FACE_OUTER_BOUND ( 'NONE', #7492, .T. ) ;
#8156 = VERTEX_POINT ( 'NONE', #5237 ) ;
#8157 = CARTESIAN_POINT ( 'NONE',  ( 122.8655170996919423, 73.14919418740396395, -30.56150347097268494 ) ) ;
#8158 = DIRECTION ( 'NONE',  ( 0.000000000000000000, -1.000000000000000000, 0.000000000000000000 ) ) ;
#8159 = CARTESIAN_POINT ( 'NONE',  ( 19.53960275181428941, 187.3899782868734576, -31.55755752870585695 ) ) ;
#8160 = CARTESIAN_POINT ( 'NONE',  ( 110.1905128366757367, 115.8909058390082265, -88.60908440333244585 ) ) ;
#8161 = ORIENTED_EDGE ( 'NONE', *, *, #7434, .T. ) ;
#8162 = FACE_OUTER_BOUND ( 'NONE', #6843, .T. ) ;
#8163 = FACE_BOUND ( 'NONE', #1063, .T. ) ;
#8164 = CARTESIAN_POINT ( 'NONE',  ( 27.18373673592797246, -6.445403647555953519, -6.389010606934026448 ) ) ;
#8165 = CARTESIAN_POINT ( 'NONE',  ( 5.322485076271060933, 83.74291650046724556, -84.42781954708728165 ) ) ;
#8166 = ORIENTED_EDGE ( 'NONE', *, *, #1546, .F. ) ;
#8167 = EDGE_CURVE ( 'NONE', #3549, #5368, #630, .T. ) ;
#8168 = CARTESIAN_POINT ( 'NONE',  ( 131.1331292996563036, 128.1206113245219740, -73.44077422056548698 ) ) ;
#8169 = CARTESIAN_POINT ( 'NONE',  ( -1.098085313072389990, 128.0035580692554333, -21.26292033325202269 ) ) ;
#8170 = CARTESIAN_POINT ( 'NONE',  ( 121.9501169286985345, 68.04102312273482767, -84.72070082901294086 ) ) ;
#8171 = AXIS2_PLACEMENT_3D ( 'NONE', #4813, #4210, #3528 ) ;
#8172 = B_SPLINE_CURVE_WITH_KNOTS ( 'NONE', 3,
 ( #6947, #1008, #6223, #1092, #3841, #1132, #1867, #7723, #3157, #4487 ),
 .UNSPECIFIED., .F., .F.,
 ( 4, 2, 2, 2, 4 ),
 ( 4.431259357027425443E-16, 0.005041558880644748768, 0.006301948600805831226, 0.007562338320966914551, 0.01008311776128906906 ),
 .UNSPECIFIED. ) ;
#8173 = DIRECTION ( 'NONE',  ( 0.000000000000000000, -1.000000000000000000, 0.000000000000000000 ) ) ;
#8174 = CARTESIAN_POINT ( 'NONE',  ( 103.8406297726786818, 0.000000000000000000, -19.57442994379427859 ) ) ;
#8175 = CARTESIAN_POINT ( 'NONE',  ( -1.928359906039097460, 137.0504947759574179, -74.67251459453548534 ) ) ;
#8176 = CYLINDRICAL_SURFACE ( 'NONE', #1036, 11.25000000000000355 ) ;
#8177 = AXIS2_PLACEMENT_3D ( 'NONE', #3905, #4511, #1249 ) ;
#8178 = CARTESIAN_POINT ( 'NONE',  ( 25.07270760375994456, -0.2145999775382879116, -68.88101807055168990 ) ) ;
#8179 = CARTESIAN_POINT ( 'NONE',  ( 126.3109442567080833, 190.1005436888932252, -45.63766720573764957 ) ) ;
#8180 = CARTESIAN_POINT ( 'NONE',  ( 126.0375777603727698, 92.15131975835801370, -29.93509331114258387 ) ) ;
#8181 = EDGE_CURVE ( 'NONE', #4870, #8096, #6263, .T. ) ;
#8182 = DIRECTION ( 'NONE',  ( 0.000000000000000000, 0.000000000000000000, 1.000000000000000000 ) ) ;
#8183 = CARTESIAN_POINT ( 'NONE',  ( 25.94468422144357689, 84.48465042487885057, -81.64768931370740290 ) ) ;
#8184 = B_SPLINE_CURVE_WITH_KNOTS ( 'NONE', 3,
 ( #5566, #6282, #5517, #1750, #2993, #6195, #8122, #2352, #2312, #7516, #1064, #1663, #4414, #6323, #7562, #1704, #6238, #5608, #424, #6868, #7651, #8215, #3772, #1021, #8168, #3684, #3638, #1147, #5694, #2441 ),
 .UNSPECIFIED., .F., .F.,
 ( 4, 2, 2, 2, 2, 2, 2, 2, 2, 2, 2, 2, 2, 2, 4 ),
 ( 8.872346624030167019E-15, 0.003805684281014263225, 0.005708526421516974328, 0.007611368562019686299, 0.01141705284302511371, 0.01331989498352783956, 0.01522273712403056541, 0.01902842140503599802, 0.02093126354553871346, 0.02283410568604143237, 0.02663978996704681468, 0.02854263210754947461, 0.02949405317780080457, 0.02996976371292647476, 0.03044547424805214147 ),
 .UNSPECIFIED. ) ;
#8185 = CARTESIAN_POINT ( 'NONE',  ( 39.92653956527698966, 10.63128509421858325, -32.01286051310241731 ) ) ;
#8186 = VERTEX_POINT ( 'NONE', #8034 ) ;
#8187 = FACE_BOUND ( 'NONE', #5297, .T. ) ;
#8188 = ORIENTED_EDGE ( 'NONE', *, *, #5787, .F. ) ;
#8189 = CARTESIAN_POINT ( 'NONE',  ( 29.01588513235342504, 80.17968689407338445, -10.51539373016229284 ) ) ;
#8190 = EDGE_CURVE ( 'NONE', #110, #2034, #6029, .T. ) ;
#8192 = EDGE_CURVE ( 'NONE', #6184, #6017, #5352, .T. ) ;
#8191 = ORIENTED_EDGE ( 'NONE', *, *, #6461, .T. ) ;
#8193 = LINE ( 'NONE', #2884, #7437 ) ;
#8194 = CARTESIAN_POINT ( 'NONE',  ( 103.8254882497510465, 83.88410924016191927, -84.52470479744056320 ) ) ;
#8195 = CARTESIAN_POINT ( 'NONE',  ( 131.6606127058534810, 132.9457881567604147, -0.9242974539728301409 ) ) ;
#8196 = CARTESIAN_POINT ( 'NONE',  ( 108.5232609310961465, 10.98429668998706354, -68.59520939346104740 ) ) ;
#8197 = CYLINDRICAL_SURFACE ( 'NONE', #4744, 3.599999999999999201 ) ;
#8198 = EDGE_CURVE ( 'NONE', #2635, #162, #1619, .T. ) ;
#8199 = VERTEX_POINT ( 'NONE', #8117 ) ;
#8200 = CARTESIAN_POINT ( 'NONE',  ( -1.249795008986937184, 128.8601503243349669, -65.37877767934415374 ) ) ;
#8201 = CARTESIAN_POINT ( 'NONE',  ( 10.04023112594427758, 57.67966509779470385, -32.38794109431377422 ) ) ;
#8202 = ORIENTED_EDGE ( 'NONE', *, *, #2987, .T. ) ;
#8203 = VECTOR ( 'NONE', #6526, 1000.000000000000000 ) ;
#8204 = CARTESIAN_POINT ( 'NONE',  ( 102.1722088937088415, 71.78963487617750161, -10.41529249731762619 ) ) ;
#8205 = DIRECTION ( 'NONE',  ( 0.000000000000000000, -1.000000000000000000, -3.154042683594194134E-16 ) ) ;
#8206 = CARTESIAN_POINT ( 'NONE',  ( -0.5946537707718202448, 172.6674680674989588, -10.69585884823247035 ) ) ;
#8207 = B_SPLINE_CURVE_WITH_KNOTS ( 'NONE', 3,
 ( #627, #3367, #5218, #3241, #1393, #1957, #3324, #5933, #114, #5257, #8458, #6647, #7894, #2726, #71, #2683, #5302, #4571, #3927, #6012, #5340, #7849 ),
 .UNSPECIFIED., .F., .F.,
 ( 4, 2, 2, 2, 2, 2, 2, 2, 2, 2, 4 ),
 ( 0.000000000000000000, 0.001188636111461832895, 0.002377272222923665791, 0.003565908334385498469, 0.004754544445847331581, 0.005943180557309163392, 0.007131816668770996938, 0.007726134724501915879, 0.008320452780232835688, 0.008914770835963755496, 0.009509088891694675305 ),
 .UNSPECIFIED. ) ;
#8208 = CYLINDRICAL_SURFACE ( 'NONE', #7714, 3.599999999999999201 ) ;
#8209 = EDGE_LOOP ( 'NONE', ( #6220, #7326, #3407, #6642, #7857 ) ) ;
#8210 = DIRECTION ( 'NONE',  ( 0.000000000000000000, 1.000000000000000000, 0.000000000000000000 ) ) ;
#8211 = CARTESIAN_POINT ( 'NONE',  ( -0.9701418699455807149, 127.6556434735878156, -74.62492728791994523 ) ) ;
#8212 = CARTESIAN_POINT ( 'NONE',  ( 84.00409755359895314, 10.10883117545687782, -67.71974387893085634 ) ) ;
#8213 = CARTESIAN_POINT ( 'NONE',  ( -0.6556326166621231355, 122.9329569134657731, -90.76770720076854104 ) ) ;
#8214 = ORIENTED_EDGE ( 'NONE', *, *, #4677, .F. ) ;
#8215 = CARTESIAN_POINT ( 'NONE',  ( 130.8545328707249951, 127.4283463002965107, -75.21456533252072063 ) ) ;
#8216 = B_SPLINE_CURVE_WITH_KNOTS ( 'NONE', 3,
 ( #2413, #1810, #2968, #3099, #5584, #4945 ),
 .UNSPECIFIED., .F., .F.,
 ( 4, 2, 4 ),
 ( 1.430489624538199204E-17, 0.003143925836091227607, 0.006287851672182440468 ),
 .UNSPECIFIED. ) ;
#8217 = CARTESIAN_POINT ( 'NONE',  ( -1.133130303561295849, 128.1206076250463752, -21.55922583435111051 ) ) ;
#8218 = CARTESIAN_POINT ( 'NONE',  ( 126.4963544647358162, 95.02629531732900148, -85.08090021961217531 ) ) ;
#8219 = CARTESIAN_POINT ( 'NONE',  ( 17.70010589205589469, 152.4509523089671461, -93.97363373823540655 ) ) ;
#8220 = CARTESIAN_POINT ( 'NONE',  ( 99.64786014318841012, -0.000000000000000000, -12.79764087878204926 ) ) ;
#8221 = CARTESIAN_POINT ( 'NONE',  ( -2.137556388870598401, 140.8447489737779961, -75.00955146980540178 ) ) ;
#8222 = CARTESIAN_POINT ( 'NONE',  ( 112.2228151433779999, 144.1225454651039968, -95.00000000000005684 ) ) ;
#8223 = CARTESIAN_POINT ( 'NONE',  ( 27.12408969860272379, -6.269352557874352527, -88.61908101269453653 ) ) ;
#8224 = CARTESIAN_POINT ( 'NONE',  ( 110.3864624492465225, 188.0313326156068854, -61.51106213634966480 ) ) ;
#8225 = DIRECTION ( 'NONE',  ( 1.000000000000000000, -0.000000000000000000, 0.000000000000000000 ) ) ;
#8226 = FACE_OUTER_BOUND ( 'NONE', #5913, .T. ) ;
#8227 = CARTESIAN_POINT ( 'NONE',  ( 25.50000000000000355, 86.55654009441282426, -79.29824121378547375 ) ) ;
#8228 = CARTESIAN_POINT ( 'NONE',  ( 38.99642892832046215, 14.47928675125162989, -28.13810606417065685 ) ) ;
#8229 = ORIENTED_EDGE ( 'NONE', *, *, #5147, .F. ) ;
#8230 = CARTESIAN_POINT ( 'NONE',  ( 10.52398496290182983, 56.22486906364515136, -27.02846055560324245 ) ) ;
#8231 = ORIENTED_EDGE ( 'NONE', *, *, #1236, .T. ) ;
#8232 = DIRECTION ( 'NONE',  ( 1.000000000000000000, -0.000000000000000000, -0.000000000000000000 ) ) ;
#8233 = ADVANCED_FACE ( 'NONE', ( #6701, #167 ), #4709, .T. ) ;
#8234 = VERTEX_POINT ( 'NONE', #7300 ) ;
#8235 = CARTESIAN_POINT ( 'NONE',  ( 23.25650657797529419, 79.71703233010072154, -18.25213582711478821 ) ) ;
#8236 = CARTESIAN_POINT ( 'NONE',  ( 131.8850505740816175, 159.1307172280694147, -24.39492766352756803 ) ) ;
#8237 = CARTESIAN_POINT ( 'NONE',  ( 34.50000000000000000, 74.91690096688944323, -80.40768512208494201 ) ) ;
#8238 = DIRECTION ( 'NONE',  ( 0.000000000000000000, 0.000000000000000000, -1.000000000000000000 ) ) ;
#8239 = ORIENTED_EDGE ( 'NONE', *, *, #2293, .F. ) ;
#8240 = CARTESIAN_POINT ( 'NONE',  ( -0.7507475261694012136, 124.3071725090421040, -60.60569144943329434 ) ) ;
#8241 = CARTESIAN_POINT ( 'NONE',  ( 12.12359858486604125, 47.56839465546465107, -65.19917353636850521 ) ) ;
#8242 = EDGE_LOOP ( 'NONE', ( #5764, #7983, #5661, #1947 ) ) ;
#8243 = CARTESIAN_POINT ( 'NONE',  ( 129.5557909465448461, 115.0636426393584486, -26.47317081318193743 ) ) ;
#8244 = PLANE ( 'NONE',  #4212 ) ;
#8245 = EDGE_CURVE ( 'NONE', #7604, #5408, #4748, .T. ) ;
#8246 = CARTESIAN_POINT ( 'NONE',  ( 0.1451172704962699900, 173.5274441109484940, -41.67028264881767541 ) ) ;
#8247 = CARTESIAN_POINT ( 'NONE',  ( 58.50000000000000711, 8.000000000000000000, -29.38908729652600016 ) ) ;
#8248 = EDGE_CURVE ( 'NONE', #7845, #4717, #7904, .T. ) ;
#8249 = DIRECTION ( 'NONE',  ( -1.000000000000000000, 0.000000000000000000, 0.000000000000000000 ) ) ;
#8250 =( LENGTH_UNIT ( ) NAMED_UNIT ( * ) SI_UNIT ( .MILLI., .METRE. ) );
#8251 = CARTESIAN_POINT ( 'NONE',  ( 105.5000009628523401, 187.6000000000000227, -47.49999999999948841 ) ) ;
#8252 = CARTESIAN_POINT ( 'NONE',  ( 55.50000000000000000, 55.84000000000002473, -31.65991754977232020 ) ) ;
#8253 = ORIENTED_EDGE ( 'NONE', *, *, #2232, .T. ) ;
#8254 = CARTESIAN_POINT ( 'NONE',  ( 84.46533151344084445, 1.271627375145890637, -6.162709695914701413 ) ) ;
#8255 = DIRECTION ( 'NONE',  ( 0.000000000000000000, 0.000000000000000000, -1.000000000000000000 ) ) ;
#8256 = CARTESIAN_POINT ( 'NONE',  ( 85.98335038526182927, 6.250604350765790684, -88.88096969169269812 ) ) ;
#8257 = CARTESIAN_POINT ( 'NONE',  ( 112.1887912750073895, 142.5999999999993122, -95.00000000000001421 ) ) ;
#8258 = DIRECTION ( 'NONE',  ( 0.000000000000000000, -1.000000000000000000, 1.577021341797097314E-16 ) ) ;
#8259 = CARTESIAN_POINT ( 'NONE',  ( 23.07015950105610003, 97.26664351828398480, -9.677479784726971346 ) ) ;
#8260 = CARTESIAN_POINT ( 'NONE',  ( 56.50000000000000000, 38.64580823289530542, -49.99999999999997158 ) ) ;
#8261 = CARTESIAN_POINT ( 'NONE',  ( 44.58412991586348539, 4.397468743522709111, -88.87889825947189593 ) ) ;
#8262 = CARTESIAN_POINT ( 'NONE',  ( 129.6954988048953510, 174.2849478322272887, -48.09448556978231437 ) ) ;
#8263 = DIRECTION ( 'NONE',  ( 0.000000000000000000, -0.7071067811865479058, -0.7071067811865472397 ) ) ;
#8264 = FACE_OUTER_BOUND ( 'NONE', #6752, .T. ) ;
#8265 = CARTESIAN_POINT ( 'NONE',  ( 0.4754902311941557880, 175.0697905370687124, -19.63758869215648417 ) ) ;
#8266 = AXIS2_PLACEMENT_3D ( 'NONE', #157, #3456, #5306 ) ;
#8267 = VECTOR ( 'NONE', #5290, 1000.000000000000000 ) ;
#8268 = CARTESIAN_POINT ( 'NONE',  ( -1.280341670530718012, 164.9575118644727922, -44.56968190573383026 ) ) ;
#8269 = EDGE_LOOP ( 'NONE', ( #7018, #3034, #815, #3459, #285, #1721, #6977, #2610, #2038, #64, #778 ) ) ;
#8270 = CARTESIAN_POINT ( 'NONE',  ( 10.05699529495849376, 58.06598728741771254, -27.98957300519653657 ) ) ;
#8271 = VERTEX_POINT ( 'NONE', #2862 ) ;
#8272 = CARTESIAN_POINT ( 'NONE',  ( 55.50000000000000000, 55.84000000000002473, -30.00991754977235004 ) ) ;
#8273 = ORIENTED_EDGE ( 'NONE', *, *, #6407, .T. ) ;
#8274 = LINE ( 'NONE', #1773, #5953 ) ;
#8275 = CARTESIAN_POINT ( 'NONE',  ( 131.0512126233553829, 166.6582044958009874, -64.98103843225175069 ) ) ;
#8276 = CARTESIAN_POINT ( 'NONE',  ( 53.00000000000000711, 20.10000000000000853, -54.39999999999997016 ) ) ;
#8277 = EDGE_CURVE ( 'NONE', #3100, #6437, #2703, .T. ) ;
#8278 = FACE_OUTER_BOUND ( 'NONE', #8209, .T. ) ;
#8279 = ORIENTED_EDGE ( 'NONE', *, *, #5356, .T. ) ;
#8280 = CARTESIAN_POINT ( 'NONE',  ( -1.811599052047327962, 135.3385141835865113, -68.80873204303370017 ) ) ;
#8281 = DIRECTION ( 'NONE',  ( 0.000000000000000000, -1.000000000000000000, 0.000000000000000000 ) ) ;
#8282 = VECTOR ( 'NONE', #3778, 1000.000000000000000 ) ;
#8283 = VERTEX_POINT ( 'NONE', #3508 ) ;
#8284 = CARTESIAN_POINT ( 'NONE',  ( 130.9211426216556333, 125.7895203481945998, -23.61596919448313869 ) ) ;
#8285 = AXIS2_PLACEMENT_3D ( 'NONE', #4339, #1593, #7486 ) ;
#8286 = CARTESIAN_POINT ( 'NONE',  ( 56.50000000000000000, 38.64580823289530542, -44.99999999999996447 ) ) ;
#8287 = MANIFOLD_SOLID_BREP ( 'Redondeo145', #6058 ) ;
#8288 = CARTESIAN_POINT ( 'NONE',  ( -1.815948287439601572, 135.0400788201547186, -0.5411188300258226169 ) ) ;
#8289 = LINE ( 'NONE', #5601, #5813 ) ;
#8290 = AXIS2_PLACEMENT_3D ( 'NONE', #4707, #722, #4910 ) ;
#8291 = CIRCLE ( 'NONE', #6911, 6.600000000000008527 ) ;
#8292 = CARTESIAN_POINT ( 'NONE',  ( 53.00000000000000711, 39.90000000000001279, -37.59999999999995879 ) ) ;
#8293 = ORIENTED_EDGE ( 'NONE', *, *, #7010, .F. ) ;
#8294 = CARTESIAN_POINT ( 'NONE',  ( 1.045836362509972028, 125.5835969023935377, -80.27929616553848291 ) ) ;
#8295 = CARTESIAN_POINT ( 'NONE',  ( 41.28138852173778872, -0.000000000000000000, -6.684405535833721324 ) ) ;
#8296 = LINE ( 'NONE', #4453, #1279 ) ;
#8297 = EDGE_LOOP ( 'NONE', ( #6652, #7231 ) ) ;
#8298 = EDGE_CURVE ( 'NONE', #5296, #2029, #2390, .T. ) ;
#8299 = CARTESIAN_POINT ( 'NONE',  ( 18.02810559897920228, 167.7760669841938181, -87.78244718167513838 ) ) ;
#8300 = CARTESIAN_POINT ( 'NONE',  ( 97.84365504219576337, 51.15462118035805617, -9.052859156825903142 ) ) ;
#8301 = CARTESIAN_POINT ( 'NONE',  ( 77.50000000000001421, 30.00000000000000355, -65.99999999999997158 ) ) ;
#8302 = CARTESIAN_POINT ( 'NONE',  ( 86.09697401895007829, 6.620630444586878660, -88.87962380913565141 ) ) ;
#8303 = DIRECTION ( 'NONE',  ( -1.000000000000000000, -0.000000000000000000, -0.000000000000000000 ) ) ;
#8304 = CARTESIAN_POINT ( 'NONE',  ( 38.89868048474384210, 12.01578954446356384, -64.72011054389447793 ) ) ;
#8305 = CARTESIAN_POINT ( 'NONE',  ( 56.50000000000000711, 39.90000000000001279, -57.39999999999996305 ) ) ;
#8306 = DIRECTION ( 'NONE',  ( 0.9659258262890680902, -0.000000000000000000, 0.2588190451025211281 ) ) ;
#8307 = CIRCLE ( 'NONE', #3939, 2.999999999999995559 ) ;
#8308 = CARTESIAN_POINT ( 'NONE',  ( 110.5853885220400343, 186.2548735091759795, -66.24917682309309441 ) ) ;
#8309 = CARTESIAN_POINT ( 'NONE',  ( 18.78434851337332390, 123.2000559591661784, -90.85772331675772762 ) ) ;
#8310 = FACE_BOUND ( 'NONE', #510, .T. ) ;
#8311 = CARTESIAN_POINT ( 'NONE',  ( 27.78824331362135425, 78.26025349616762128, -80.65046018712938292 ) ) ;
#8312 = CARTESIAN_POINT ( 'NONE',  ( -1.369778607779561286, 164.2363009572334818, -41.31487355126991901 ) ) ;
#8313 = ORIENTED_EDGE ( 'NONE', *, *, #2181, .F. ) ;
#8314 = CARTESIAN_POINT ( 'NONE',  ( 111.9932502246582686, 167.3324333236101609, -6.918370523435427799 ) ) ;
#8315 = ORIENTED_EDGE ( 'NONE', *, *, #106, .F. ) ;
#8316 = CARTESIAN_POINT ( 'NONE',  ( 29.99392880600199263, 79.52713099744605074, -10.51538769540071883 ) ) ;
#8317 = VECTOR ( 'NONE', #5406, 1000.000000000000000 ) ;
#8318 = EDGE_LOOP ( 'NONE', ( #8, #3373, #2169, #3388 ) ) ;
#8319 = CARTESIAN_POINT ( 'NONE',  ( 25.48922790195121379, 86.23949055521860885, -12.05872311008713460 ) ) ;
#8320 = CARTESIAN_POINT ( 'NONE',  ( 130.1364209297678656, 172.1259359706631074, -37.73237087939235579 ) ) ;
#8321 = CARTESIAN_POINT ( 'NONE',  ( -1.047177272668727621, 126.9335634731291407, -71.73207118841932584 ) ) ;
#8322 = CARTESIAN_POINT ( 'NONE',  ( 85.49526637814213359, 48.39999999999997726, -69.21091270347399416 ) ) ;
#8323 = ORIENTED_EDGE ( 'NONE', *, *, #346, .T. ) ;
#8324 = EDGE_LOOP ( 'NONE', ( #5666, #4774, #3862, #497, #6862, #528, #4763, #7763, #1622, #1189, #81, #2744, #4515 ) ) ;
#8325 = CARTESIAN_POINT ( 'NONE',  ( -2.255275680843926267, 151.8732134345132181, -68.01346660122813148 ) ) ;
#8326 = DIRECTION ( 'NONE',  ( 0.000000000000000000, -0.000000000000000000, 1.000000000000000000 ) ) ;
#8327 = VERTEX_POINT ( 'NONE', #4368 ) ;
#8328 = EDGE_CURVE ( 'NONE', #4136, #5993, #3374, .T. ) ;
#8329 = CARTESIAN_POINT ( 'NONE',  ( 130.2642587129641640, 119.9224126828039374, -5.211689448922729007 ) ) ;
#8330 = CARTESIAN_POINT ( 'NONE',  ( 43.05510005368105908, 10.04210598915400254, -32.94330940828570675 ) ) ;
#8331 = CIRCLE ( 'NONE', #259, 47.50000000000001421 ) ;
#8332 = CARTESIAN_POINT ( 'NONE',  ( 17.74609194263511469, 158.2348637582630317, -2.635343141927259047 ) ) ;
#8333 = CARTESIAN_POINT ( 'NONE',  ( 106.2461066277316917, 93.48444196490802938, -84.97775165327348645 ) ) ;
#8334 = DIRECTION ( 'NONE',  ( 0.000000000000000000, 0.000000000000000000, -1.000000000000000000 ) ) ;
#8335 = ORIENTED_EDGE ( 'NONE', *, *, #699, .T. ) ;
#8336 = CARTESIAN_POINT ( 'NONE',  ( 17.32184416875159627, 123.0808527364476817, -90.80436204635512354 ) ) ;
#8337 = CARTESIAN_POINT ( 'NONE',  ( 27.11620791478133086, -6.246089095132943747, -6.379425668228964952 ) ) ;
#8338 = CARTESIAN_POINT ( 'NONE',  ( 36.16560745348873951, 74.28956094915993447, -10.44436636180815192 ) ) ;
#8339 = ORIENTED_EDGE ( 'NONE', *, *, #5696, .T. ) ;
#8340 = CARTESIAN_POINT ( 'NONE',  ( -2.286704104906465584, 150.2354202514145243, -74.00264288745343322 ) ) ;
#8341 = CARTESIAN_POINT ( 'NONE',  ( 110.7939514656424507, 120.0338950660523665, -5.158082353713687063 ) ) ;
#8342 = CARTESIAN_POINT ( 'NONE',  ( 58.50000000000000711, 11.88908729652600904, -69.49999999999998579 ) ) ;
#8343 = CARTESIAN_POINT ( 'NONE',  ( 112.0091856080609887, 23.00906198552504378, -88.34116961977389337 ) ) ;
#8344 = CARTESIAN_POINT ( 'NONE',  ( 56.50000000000000000, 48.33030277982335576, -49.99999999999997158 ) ) ;
#8345 = EDGE_CURVE ( 'NONE', #7393, #358, #6864, .T. ) ;
#8346 = CARTESIAN_POINT ( 'NONE',  ( 38.80418910274447342, 13.44503851224823165, -66.08110162737131077 ) ) ;
#8347 = CARTESIAN_POINT ( 'NONE',  ( 131.4086523300894385, 163.9133976129448058, -40.25193586334520290 ) ) ;
#8348 = CARTESIAN_POINT ( 'NONE',  ( 130.8871157604101541, 125.4852887925992917, -71.29254870597726779 ) ) ;
#8349 = CARTESIAN_POINT ( 'NONE',  ( 128.5059603308673104, 182.7872253664306470, -72.94836917593761427 ) ) ;
#8350 = CARTESIAN_POINT ( 'NONE',  ( 20.92005839256026078, 12.83427364482046862, -65.55312344644993061 ) ) ;
#8351 = CARTESIAN_POINT ( 'NONE',  ( 108.2212084821898941, 9.988866470721575297, -67.59977917419554672 ) ) ;
#8352 = CARTESIAN_POINT ( 'NONE',  ( 34.50000000000000000, 73.34000000000000341, -14.35906609687316582 ) ) ;
#8353 = CARTESIAN_POINT ( 'NONE',  ( 39.54201165523489436, 16.10409143928022146, -27.16450147186841590 ) ) ;
#8354 = ORIENTED_EDGE ( 'NONE', *, *, #1228, .F. ) ;
#8355 = CARTESIAN_POINT ( 'NONE',  ( 9.848170038467142007, 58.72757081944703828, -29.17276870137131795 ) ) ;
#8356 = VERTEX_POINT ( 'NONE', #6318 ) ;
#8357 = CARTESIAN_POINT ( 'NONE',  ( 18.00299968915526705, 135.9376650732918108, -94.56040242472458601 ) ) ;
#8358 = ADVANCED_FACE ( 'NONE', ( #5562 ), #3680, .F. ) ;
#8359 = ORIENTED_EDGE ( 'NONE', *, *, #6975, .F. ) ;
#8360 = DIRECTION ( 'NONE',  ( -1.000000000000000000, -0.000000000000000000, -0.000000000000000000 ) ) ;
#8361 = CARTESIAN_POINT ( 'NONE',  ( 132.1102120844573449, 155.7149513759835600, -22.76168760848475259 ) ) ;
#8362 = CARTESIAN_POINT ( 'NONE',  ( -0.4684170284094067993, 121.9315787465986602, -70.26693569071599654 ) ) ;
#8363 = DIRECTION ( 'NONE',  ( -0.9310496550562539220, 2.730875779231334766E-14, -0.3648925044717014066 ) ) ;
#8364 = ORIENTED_EDGE ( 'NONE', *, *, #2749, .F. ) ;
#8365 = ORIENTED_EDGE ( 'NONE', *, *, #1551, .T. ) ;
#8366 = ORIENTED_EDGE ( 'NONE', *, *, #236, .T. ) ;
#8367 = CARTESIAN_POINT ( 'NONE',  ( 39.50000000000000711, 20.10000000000000853, -37.59999999999996589 ) ) ;
#8368 = CARTESIAN_POINT ( 'NONE',  ( 21.35746782418485523, 11.33700031763550875, -68.59229816922814393 ) ) ;
#8369 =( BOUNDED_SURFACE ( )  B_SPLINE_SURFACE ( 3, 2, ( 
 ( #5445, #2715, #58 ),
 ( #2150, #4119, #3356 ),
 ( #6556, #6716, #8049 ),
 ( #2670, #5964, #104 ),
 ( #5330, #2068, #5526 ),
 ( #6125, #8088, #4245 ),
 ( #7484, #6799, #8131 ),
 ( #1074, #8223, #1670 ),
 ( #1030, #6928, #6164 ),
 ( #300, #5617, #6837 ),
 ( #2278, #3693, #3523 ),
 ( #3564, #2913, #904 ),
 ( #3601, #4158, #261 ),
 ( #7523, #3001, #988 ),
 ( #2359, #6289, #4288 ),
 ( #6246, #6201, #8261 ),
 ( #433, #4891, #1633 ),
 ( #345, #2958, #5575 ),
 ( #8178, #4849, #3043 ),
 ( #3652, #5486, #2320 ),
 ( #946, #1542, #4977 ),
 ( #5653, #393, #4936 ),
 ( #6877, #2233, #7569 ),
 ( #1712, #4337, #4808 ),
 ( #6756, #7399, #2874 ),
 ( #7440, #1590, #4204 ),
 ( #2402, #5020, #6970 ),
 ( #7617, #1760, #4382 ),
 ( #3555, #7471, #4880 ),
 ( #6236, #1492, #8036 ),
 ( #2990, #4110, #4146 ),
 ( #5606, #6743, #4924 ),
 ( #249, #4192, #2310 ),
 ( #4755, #4798, #6154 ),
 ( #2138, #1661, #3634 ),
 ( #7514, #8165, #290 ),
 ( #2864, #1575, #381 ),
 ( #2182, #329, #4279 ),
 ( #1621, #5515, #7348 ),
 ( #5564, #892, #5477 ),
 ( #3468, #936, #6703 ),
 ( #4235, #2947, #6787 ),
 ( #2823, #6828, #3511 ),
 ( #8119, #978, #3592 ),
 ( #6193, #2902, #848 ),
 ( #8076, #6866, #6070 ),
 ( #1018, #205, #7385 ),
 ( #6114, #5432, #2222 ),
 ( #1530, #2268, #4839 ),
 ( #7427, #591, #7044 ),
 ( #4410, #5052, #422 ),
 ( #3123, #7686, #1830 ),
 ( #4498, #5737, #6366 ),
 ( #1192, #3809, #461 ),
 ( #1062, #7734, #5135 ),
 ( #7648, #3033, #3202 ),
 ( #4320, #1143, #5095 ),
 ( #3077, #3851, #7560 ),
 ( #1880, #8213, #1701 ),
 ( #8377, #2523, #6409 ) ),
 .UNSPECIFIED., .F., .F., .F. ) 
 B_SPLINE_SURFACE_WITH_KNOTS ( ( 4, 2, 2, 2, 2, 2, 2, 2, 2, 2, 2, 2, 2, 2, 2, 2, 2, 2, 2, 2, 2, 2, 2, 2, 2, 2, 2, 2, 2, 4 ),
 ( 3, 3 ),
 ( 0.1361729958508188509, 0.1367050081243884052, 0.1369710142611731962, 0.1370375157953693801, 0.1371040173295655917, 0.1372370203979579872, 0.1383010449450971513, 0.1404290940393754794, 0.1425571431336537798, 0.1430891554072233340, 0.1433551615440081251, 0.1436211676807929161, 0.1446851922279320801, 0.1531973886050453371, 0.1702217813592718509, 0.1872461741134983648, 0.2042705668677248787, 0.2212949596219513926, 0.2383193523761779065, 0.2425754505647345349, 0.2468315487532911634, 0.2553437451304044203, 0.2638559415075176773, 0.2681120396960743335, 0.2702400887903526616, 0.2703730918587450294, 0.2705060949271374526, 0.2707721010639222436, 0.2713041133374918257, 0.2723681378846309342 ),
 ( 0.000000000000000000, 1.000000000000000000 ),
 .UNSPECIFIED. ) 
 GEOMETRIC_REPRESENTATION_ITEM ( )  RATIONAL_B_SPLINE_SURFACE ( (
 ( 1.000000000000000000, 0.7104245076088689936, 1.000000000000000000),
 ( 1.000000000000000000, 0.7104245076088689936, 1.000000000000000000),
 ( 1.000000000000000000, 0.7104245076088689936, 1.000000000000000000),
 ( 1.000000000000000000, 0.7104245076088689936, 1.000000000000000000),
 ( 1.000000000000000000, 0.7104245076088689936, 1.000000000000000000),
 ( 1.000000000000000000, 0.7104245076088689936, 1.000000000000000000),
 ( 1.000000000000000000, 0.7104014608834346989, 1.000000000000000000),
 ( 1.000000000000000000, 0.7103721962307855131, 1.000000000000000000),
 ( 1.000000000000000000, 0.7103575767196511626, 1.000000000000000000),
 ( 1.000000000000000000, 0.7103137566302590855, 1.000000000000000000),
 ( 1.000000000000000000, 0.7102845944960810565, 1.000000000000000000),
 ( 1.000000000000000000, 0.7100225965755210256, 1.000000000000000000),
 ( 1.000000000000000000, 0.7097929900234801748, 1.000000000000000000),
 ( 1.000000000000000000, 0.7091140000723878956, 1.000000000000000000),
 ( 1.000000000000000000, 0.7086744486901447315, 1.000000000000000000),
 ( 1.000000000000000000, 0.7078214398390573203, 1.000000000000000000),
 ( 1.000000000000000000, 0.7074079819108237688, 1.000000000000000000),
 ( 1.000000000000000000, 0.7069073477533049932, 1.000000000000000000),
 ( 1.000000000000000000, 0.7068080301859043235, 1.000000000000000000),
 ( 1.000000000000000000, 0.7066602650566912169, 1.000000000000000000),
 ( 1.000000000000000000, 0.7066117486489524868, 1.000000000000000000),
 ( 1.000000000000000000, 0.7065150955939620836, 1.000000000000000000),
 ( 1.000000000000000000, 0.7064670816118086005, 1.000000000000000000),
 ( 1.000000000000000000, 0.7062285654899608245, 1.000000000000000000),
 ( 1.000000000000000000, 0.7060427247763111369, 1.000000000000000000),
 ( 1.000000000000000000, 0.7044138738347919260, 1.000000000000000000),
 ( 1.000000000000000000, 0.7032765754188607943, 1.000000000000000000),
 ( 1.000000000000000000, 0.7006216049205197249, 1.000000000000000000),
 ( 1.000000000000000000, 0.6998550569886800021, 1.000000000000000000),
 ( 1.000000000000000000, 0.6994904841246906146, 1.000000000000000000),
 ( 1.000000000000000000, 0.6998932022256760810, 1.000000000000000000),
 ( 1.000000000000000000, 0.7013358975781307514, 1.000000000000000000),
 ( 1.000000000000000000, 0.7023784593786540631, 1.000000000000000000),
 ( 1.000000000000000000, 0.7048222544108634358, 1.000000000000000000),
 ( 1.000000000000000000, 0.7062188937952863510, 1.000000000000000000),
 ( 1.000000000000000000, 0.7092431325632809758, 1.000000000000000000),
 ( 1.000000000000000000, 0.7108727971156053593, 1.000000000000000000),
 ( 1.000000000000000000, 0.7130585604487773566, 1.000000000000000000),
 ( 1.000000000000000000, 0.7135033590763296685, 1.000000000000000000),
 ( 1.000000000000000000, 0.7144090192411532980, 1.000000000000000000),
 ( 1.000000000000000000, 0.7148754211789284385, 1.000000000000000000),
 ( 1.000000000000000000, 0.7162625748178091944, 1.000000000000000000),
 ( 1.000000000000000000, 0.7171195024804566387, 1.000000000000000000),
 ( 1.000000000000000000, 0.7184674055552198180, 1.000000000000000000),
 ( 1.000000000000000000, 0.7189582978527326862, 1.000000000000000000),
 ( 1.000000000000000000, 0.7192186233896208369, 1.000000000000000000),
 ( 1.000000000000000000, 0.7192257700400639386, 1.000000000000000000),
 ( 1.000000000000000000, 0.7190893650179094321, 1.000000000000000000),
 ( 1.000000000000000000, 0.7190193591746524282, 1.000000000000000000),
 ( 1.000000000000000000, 0.7189163546209866862, 1.000000000000000000),
 ( 1.000000000000000000, 0.7189101902772778718, 1.000000000000000000),
 ( 1.000000000000000000, 0.7188976498967618589, 1.000000000000000000),
 ( 1.000000000000000000, 0.7188952024930193030, 1.000000000000000000),
 ( 1.000000000000000000, 0.7188399652201440393, 1.000000000000000000),
 ( 1.000000000000000000, 0.7188029274748612973, 1.000000000000000000),
 ( 1.000000000000000000, 0.7186911731693407246, 1.000000000000000000),
 ( 1.000000000000000000, 0.7186158155432529338, 1.000000000000000000),
 ( 1.000000000000000000, 0.7183871592253581184, 1.000000000000000000),
 ( 1.000000000000000000, 0.7182312771214280911, 1.000000000000000000),
 ( 1.000000000000000000, 0.7180718987267790121, 1.000000000000000000) ) ) 
 REPRESENTATION_ITEM ( '' )  SURFACE ( )  );
#8370 = CARTESIAN_POINT ( 'NONE',  ( 111.2275425084131086, 123.3125584624641107, -4.104361765352769531 ) ) ;
#8371 = CARTESIAN_POINT ( 'NONE',  ( 65.24281546689466893, 48.50000000000000000, -46.66020932647111152 ) ) ;
#8372 = CARTESIAN_POINT ( 'NONE',  ( -2.095649946927820917, 155.9958173924017331, -22.87699622810064781 ) ) ;
#8373 = CARTESIAN_POINT ( 'NONE',  ( 84.08191696696596296, 0.000000000000000000, -88.79999999999998295 ) ) ;
#8374 = DIRECTION ( 'NONE',  ( 0.000000000000000000, 0.000000000000000000, 1.000000000000000000 ) ) ;
#8375 = VERTEX_POINT ( 'NONE', #3590 ) ;
#8376 = CARTESIAN_POINT ( 'NONE',  ( 28.28600176305124947, -0.000000000000000000, -15.38392975801596663 ) ) ;
#8377 = CARTESIAN_POINT ( 'NONE',  ( -1.303343206741639726, 129.4289325911300068, -72.51133071619254622 ) ) ;
#8378 = ORIENTED_EDGE ( 'NONE', *, *, #4013, .F. ) ;
#8379 = CARTESIAN_POINT ( 'NONE',  ( -1.305942513464940502, 128.8165032510212598, -93.02966620867874781 ) ) ;
#8380 = PLANE ( 'NONE',  #7874 ) ;
#8381 = CARTESIAN_POINT ( 'NONE',  ( 84.14998306607714085, 0.2256782178392103266, -88.80648399409659532 ) ) ;
#8382 = EDGE_CURVE ( 'NONE', #7290, #8375, #420, .T. ) ;
#8383 = DIRECTION ( 'NONE',  ( 1.000000000000000000, -0.000000000000000000, 0.000000000000000000 ) ) ;
#8384 = LINE ( 'NONE', #3897, #6748 ) ;
#8385 = CARTESIAN_POINT ( 'NONE',  ( 39.50000000000000711, 20.10000000000000853, -59.04999999999996163 ) ) ;
#8386 = DIRECTION ( 'NONE',  ( 0.000000000000000000, 0.000000000000000000, 1.000000000000000000 ) ) ;
#8387 = CARTESIAN_POINT ( 'NONE',  ( 132.3255059724638159, 149.1183575267680226, -94.56410762783117718 ) ) ;
#8388 = PLANE ( 'NONE',  #4503 ) ;
#8389 = CARTESIAN_POINT ( 'NONE',  ( 28.73239964811844160, 80.38962329976362753, -82.04356008450156423 ) ) ;
#8390 = CARTESIAN_POINT ( 'NONE',  ( -1.910951850302277544, 136.7783267761429045, -25.75365450928872946 ) ) ;
#8391 = CARTESIAN_POINT ( 'NONE',  ( 112.2210687385694712, 144.1279345839083135, -0.01837843546492386876 ) ) ;
#8392 = ORIENTED_EDGE ( 'NONE', *, *, #4534, .T. ) ;
#8393 = CARTESIAN_POINT ( 'NONE',  ( 18.22437904263205510, 171.7056131258924836, -9.953960949115206347 ) ) ;
#8394 = B_SPLINE_CURVE_WITH_KNOTS ( 'NONE', 3,
 ( #2069, #1300, #1948, #6516, #5364, #2756, #2591, #18, #5207, #4688, #2630, #1985, #7193, #1256, #7270, #5248, #144, #737, #7800, #4605, #6637, #7234, #1342 ),
 .UNSPECIFIED., .F., .F.,
 ( 4, 2, 2, 2, 2, 2, 2, 2, 1, 2, 2, 4 ),
 ( 0.000000000000000000, 0.001757661695659980131, 0.002636492543489969871, 0.003515323391319960262, 0.005272985086979977906, 0.007030646782639996852, 0.008788308478300015797, 0.009667139326130006621, 0.01054597017395999745, 0.01142480102178999000, 0.01230363186961998256, 0.01406129356528000585 ),
 .UNSPECIFIED. ) ;
#8395 = ORIENTED_EDGE ( 'NONE', *, *, #5356, .F. ) ;
#8396 = CARTESIAN_POINT ( 'NONE',  ( 53.00000000000000711, 39.90000000000001279, -34.59999999999995879 ) ) ;
#8397 = CIRCLE ( 'NONE', #1301, 1.649999999999971045 ) ;
#8398 = CARTESIAN_POINT ( 'NONE',  ( 129.9127674538590611, 173.2458752640339412, -40.69261355080594456 ) ) ;
#8399 = CARTESIAN_POINT ( 'NONE',  ( 45.28371166492248534, 77.94683108117500581, -81.33456905207117416 ) ) ;
#8400 = ADVANCED_FACE ( 'NONE', ( #3031 ), #5642, .T. ) ;
#8401 = FACE_OUTER_BOUND ( 'NONE', #6047, .T. ) ;
#8402 = VERTEX_POINT ( 'NONE', #4451 ) ;
#8403 = ORIENTED_EDGE ( 'NONE', *, *, #6519, .T. ) ;
#8404 = ORIENTED_EDGE ( 'NONE', *, *, #274, .F. ) ;
#8405 = DIRECTION ( 'NONE',  ( 0.000000000000000000, 0.000000000000000000, -1.000000000000000000 ) ) ;
#8406 = DIRECTION ( 'NONE',  ( -0.9480928251593422340, 0.3027239393941760781, -0.09735610612102556238 ) ) ;
#8407 = CIRCLE ( 'NONE', #5138, 2.099999999999994316 ) ;
#8408 = CARTESIAN_POINT ( 'NONE',  ( 24.99999999999997513, -3.075764788959508450E-17, -70.22914143561152400 ) ) ;
#8409 = CARTESIAN_POINT ( 'NONE',  ( 65.38293293522244198, 48.33030277982335576, -49.99999999999997158 ) ) ;
#8410 = CARTESIAN_POINT ( 'NONE',  ( -2.139363037251217126, 140.9618044990387489, -0.01787360658957454912 ) ) ;
#8411 = DIRECTION ( 'NONE',  ( -0.000000000000000000, 1.000000000000000000, -1.577021341797097314E-16 ) ) ;
#8412 = AXIS2_PLACEMENT_3D ( 'NONE', #4448, #6531, #8374 ) ;
#8413 = AXIS2_PLACEMENT_3D ( 'NONE', #5911, #6500, #3258 ) ;
#8414 = CARTESIAN_POINT ( 'NONE',  ( 45.34145862474648681, 11.02648284098440179, -63.53630239694488324 ) ) ;
#8415 = ORIENTED_EDGE ( 'NONE', *, *, #1295, .F. ) ;
#8416 = AXIS2_PLACEMENT_3D ( 'NONE', #7015, #2786, #7228 ) ;
#8417 = CARTESIAN_POINT ( 'NONE',  ( 103.0567828955917662, -5.735521169703637234, -26.18861871839940392 ) ) ;
#8418 = CARTESIAN_POINT ( 'NONE',  ( 25.80757297799586070, 84.98819070839334699, -84.55107153238031970 ) ) ;
#8419 = VERTEX_POINT ( 'NONE', #3764 ) ;
#8420 = AXIS2_PLACEMENT_3D ( 'NONE', #7676, #4568, #6480 ) ;
#8421 =( GEOMETRIC_REPRESENTATION_CONTEXT ( 3 ) GLOBAL_UNCERTAINTY_ASSIGNED_CONTEXT ( ( #1555 ) ) GLOBAL_UNIT_ASSIGNED_CONTEXT ( ( #8250, #1788, #5049 ) ) REPRESENTATION_CONTEXT ( 'NONE', 'WORKASPACE' ) );
#8422 = CARTESIAN_POINT ( 'NONE',  ( -2.097127920458368155, 155.9684690413361920, -72.13450500998813197 ) ) ;
#8423 = B_SPLINE_CURVE_WITH_KNOTS ( 'NONE', 3,
 ( #3980, #7906, #7013, #5107, #1076, #6332, #1158, #6581, #6972, #3294, #5944, #475, #86, #4671 ),
 .UNSPECIFIED., .F., .F.,
 ( 4, 2, 2, 2, 2, 2, 4 ),
 ( 0.04604487675305972416, 0.06617386843617421854, 0.08630286011928872680, 0.1064318518024032212, 0.1164963476439604684, 0.1215285955647390920, 0.1265608434855177156 ),
 .UNSPECIFIED. ) ;
#8424 = AXIS2_PLACEMENT_3D ( 'NONE', #3423, #6698, #2698 ) ;
#8425 = DIRECTION ( 'NONE',  ( 0.000000000000000000, 0.000000000000000000, -1.000000000000000000 ) ) ;
#8426 = VECTOR ( 'NONE', #4617, 1000.000000000000000 ) ;
#8427 = CARTESIAN_POINT ( 'NONE',  ( 84.73291049960469934, 2.153304598696609062, -88.85208050811957037 ) ) ;
#8428 = CARTESIAN_POINT ( 'NONE',  ( 19.11547079878639011, 183.4067250635324342, -72.00288579420097790 ) ) ;
#8429 = ADVANCED_FACE ( 'NONE', ( #976, #6191, #2945, #8163, #6577 ), #2607, .F. ) ;
#8430 = LINE ( 'NONE', #517, #7852 ) ;
#8431 = CARTESIAN_POINT ( 'NONE',  ( 131.5335576027366074, 162.8272944836251668, -57.46391328070623672 ) ) ;
#8432 = FACE_BOUND ( 'NONE', #7146, .T. ) ;
#8433 = CARTESIAN_POINT ( 'NONE',  ( 18.80130379567266630, 123.0650312435924292, -4.187690235250574489 ) ) ;
#8434 = ADVANCED_FACE ( 'NONE', ( #1273 ), #82, .F. ) ;
#8435 = ORIENTED_EDGE ( 'NONE', *, *, #6162, .F. ) ;
#8436 = CARTESIAN_POINT ( 'NONE',  ( 132.2602862297037234, 154.5184243396787451, -93.53239484320951647 ) ) ;
#8437 = DIRECTION ( 'NONE',  ( 1.000000000000000000, 0.000000000000000000, 0.000000000000000000 ) ) ;
#8438 = CARTESIAN_POINT ( 'NONE',  ( 29.28002033861560349, 80.00618215087752105, -84.48463894280637021 ) ) ;
#8439 = CARTESIAN_POINT ( 'NONE',  ( -0.5246188373819140605, 122.4199506498324013, -37.52219146770443814 ) ) ;
#8440 = CARTESIAN_POINT ( 'NONE',  ( 111.7060817769966263, 172.8970386279776505, -10.90871121375755770 ) ) ;
#8441 = ORIENTED_EDGE ( 'NONE', *, *, #6027, .T. ) ;
#8442 = CARTESIAN_POINT ( 'NONE',  ( 49.83662535701996887, 78.34000000000001762, -83.59520777611612630 ) ) ;
#8443 = EDGE_LOOP ( 'NONE', ( #3496, #3922 ) ) ;
#8444 = EDGE_CURVE ( 'NONE', #5883, #4236, #5455, .T. ) ;
#8445 = DIRECTION ( 'NONE',  ( -1.000000000000000000, 0.000000000000000000, 0.000000000000000000 ) ) ;
#8446 = LINE ( 'NONE', #3917, #1742 ) ;
#8447 = CARTESIAN_POINT ( 'NONE',  ( 53.00000000000000711, 39.90000000000001279, -40.59999999999996589 ) ) ;
#8448 = CARTESIAN_POINT ( 'NONE',  ( 25.50000000000000355, 40.03517976947111379, -69.18971353590646345 ) ) ;
#8449 = EDGE_LOOP ( 'NONE', ( #3363, #6469, #1388 ) ) ;
#8450 = VERTEX_POINT ( 'NONE', #6533 ) ;
#8451 = VECTOR ( 'NONE', #266, 1000.000000000000000 ) ;
#8452 = ORIENTED_EDGE ( 'NONE', *, *, #905, .T. ) ;
#8453 = CARTESIAN_POINT ( 'NONE',  ( 42.39589333293313445, 12.30000000000000071, -32.98908729652599447 ) ) ;
#8454 = ADVANCED_FACE ( 'NONE', ( #1232, #3934 ), #7732, .T. ) ;
#8455 = CARTESIAN_POINT ( 'NONE',  ( 107.0469748396527478, 190.1000000000000512, -47.08548959899876252 ) ) ;
#8456 = EDGE_CURVE ( 'NONE', #1900, #3398, #6639, .T. ) ;
#8457 = CARTESIAN_POINT ( 'NONE',  ( 26.04615460474204980, -0.000000000000000000, -75.10720675019612713 ) ) ;
#8458 = CARTESIAN_POINT ( 'NONE',  ( 47.73091835809589867, 42.08050010713457567, -68.61684077044614583 ) ) ;
#8459 = AXIS2_PLACEMENT_3D ( 'NONE', #2834, #8130, #8047 ) ;
#8460 = CARTESIAN_POINT ( 'NONE',  ( -1.771676897950680729, 160.4205794637163365, -25.15911937776442286 ) ) ;
#8461 = CARTESIAN_POINT ( 'NONE',  ( 27.31001714749901055, 74.49151203773156737, -84.53610374297248597 ) ) ;
#8462 = CARTESIAN_POINT ( 'NONE',  ( 45.01700576267649012, 16.65215460911329970, -68.10368965839172972 ) ) ;
#8463 = ORIENTED_EDGE ( 'NONE', *, *, #3106, .F. ) ;
#8464 = AXIS2_PLACEMENT_3D ( 'NONE', #6049, #7276, #2802 ) ;
#8465 = CARTESIAN_POINT ( 'NONE',  ( 102.8601591186016719, -6.315867973380953515, -6.383916009269796632 ) ) ;
#8466 = CARTESIAN_POINT ( 'NONE',  ( 53.00000000000000711, 39.90000000000001279, -57.39999999999996305 ) ) ;
#8467 = EDGE_LOOP ( 'NONE', ( #603, #8120 ) ) ;
#8468 = CARTESIAN_POINT ( 'NONE',  ( 17.86478252419035684, 140.2733510402801471, -94.98676040295789846 ) ) ;
ENDSEC;
END-ISO-10303-21;
