ISO-10303-21;
HEADER;
/* Generated by software containing ST-Developer
 * from STEP Tools, Inc. (www.steptools.com) 
 */

FILE_DESCRIPTION(
/* description */ ('STEP AP214'),
/* implementation_level */ '2;1');

FILE_NAME(
/* name */ '3M2CC.step',
/* time_stamp */ '2026-06-29T22:49:49-04:00',
/* author */ (''),
/* organization */ (''),
/* preprocessor_version */ 'ST-DEVELOPER v20.1',
/* originating_system */ 'Autodesk Translation Framework v15.8.0.0',
/* authorisation */ '');

FILE_SCHEMA (('AUTOMOTIVE_DESIGN { 1 0 10303 214 3 1 1 }'));
ENDSEC;

DATA;
#10=MECHANICAL_DESIGN_GEOMETRIC_PRESENTATION_REPRESENTATION('',(#13),#15253);
#11=SHAPE_REPRESENTATION_RELATIONSHIP('SRR','None',#15260,#12);
#12=ADVANCED_BREP_SHAPE_REPRESENTATION('',(#14),#15252);
#13=STYLED_ITEM('',(#15270),#14);
#14=MANIFOLD_SOLID_BREP('3M2CC',#8261);
#15=ELLIPSE('',#8321,299.819839096515,216.457122362045);
#16=ELLIPSE('',#8323,2102.39596853011,575.408153818684);
#17=ELLIPSE('',#8594,28.2841805098432,19.9998934993633);
#18=ELLIPSE('',#8600,28.2843370085068,20.0000769738567);
#19=(
BOUNDED_SURFACE()
B_SPLINE_SURFACE(3,2,((#11889,#11890,#11891),(#11892,#11893,#11894),(#11895,
#11896,#11897),(#11898,#11899,#11900),(#11901,#11902,#11903),(#11904,#11905,
#11906),(#11907,#11908,#11909),(#11910,#11911,#11912),(#11913,#11914,#11915),
(#11916,#11917,#11918),(#11919,#11920,#11921),(#11922,#11923,#11924),(#11925,
#11926,#11927),(#11928,#11929,#11930),(#11931,#11932,#11933),(#11934,#11935,
#11936),(#11937,#11938,#11939),(#11940,#11941,#11942),(#11943,#11944,#11945),
(#11946,#11947,#11948),(#11949,#11950,#11951),(#11952,#11953,#11954),(#11955,
#11956,#11957),(#11958,#11959,#11960),(#11961,#11962,#11963),(#11964,#11965,
#11966),(#11967,#11968,#11969),(#11970,#11971,#11972),(#11973,#11974,#11975),
(#11976,#11977,#11978)),.UNSPECIFIED.,.F.,.F.,.F.)
B_SPLINE_SURFACE_WITH_KNOTS((4,2,2,2,2,2,2,2,2,2,2,2,2,2,4),(3,3),(0.110755379874688,
0.111114573169422,0.111294169816789,0.111383968140472,0.111473766464156,
0.112192153053624,0.11362892623256,0.116502472590432,0.122249565306175,
0.133743750737663,0.156732121600638,0.179720492463614,0.185467585179357,
0.191214677895101,0.202708863326589),(0.,1.),.UNSPECIFIED.)
GEOMETRIC_REPRESENTATION_ITEM()
RATIONAL_B_SPLINE_SURFACE(((1.,0.707106781186547,1.),(1.,0.707106781186547,
1.),(1.,0.707106781186548,1.),(1.,0.707106781186548,1.),(1.,0.707106781186547,
1.),(1.,0.707106781186547,1.),(1.,0.707106781186548,1.),(1.,0.707106781186548,
1.),(1.,0.707106781186548,1.),(1.,0.707106781186548,1.),(1.,0.707106781186547,
1.),(1.,0.707106781186547,1.),(1.,0.707106781186548,1.),(1.,0.707106781186548,
1.),(1.,0.707106781186547,1.),(1.,0.707106781186547,1.),(1.,0.707106781186548,
1.),(1.,0.707106781186548,1.),(1.,0.707106781186548,1.),(1.,0.707106781186548,
1.),(1.,0.707106781186548,1.),(1.,0.707106781186548,1.),(1.,0.707106781186548,
1.),(1.,0.707106781186548,1.),(1.,0.707106781186547,1.),(1.,0.707106781186547,
1.),(1.,0.707106781186548,1.),(1.,0.707106781186548,1.),(1.,0.707106781186548,
1.),(1.,0.707106781186548,1.)))
REPRESENTATION_ITEM('')
SURFACE()
);
#20=(
BOUNDED_SURFACE()
B_SPLINE_SURFACE(3,2,((#12293,#12294,#12295),(#12296,#12297,#12298),(#12299,
#12300,#12301),(#12302,#12303,#12304),(#12305,#12306,#12307),(#12308,#12309,
#12310),(#12311,#12312,#12313),(#12314,#12315,#12316),(#12317,#12318,#12319),
(#12320,#12321,#12322),(#12323,#12324,#12325),(#12326,#12327,#12328),(#12329,
#12330,#12331),(#12332,#12333,#12334),(#12335,#12336,#12337),(#12338,#12339,
#12340),(#12341,#12342,#12343),(#12344,#12345,#12346),(#12347,#12348,#12349),
(#12350,#12351,#12352),(#12353,#12354,#12355),(#12356,#12357,#12358),(#12359,
#12360,#12361),(#12362,#12363,#12364),(#12365,#12366,#12367),(#12368,#12369,
#12370),(#12371,#12372,#12373),(#12374,#12375,#12376),(#12377,#12378,#12379),
(#12380,#12381,#12382),(#12383,#12384,#12385),(#12386,#12387,#12388)),
 .UNSPECIFIED.,.F.,.F.,.F.)
B_SPLINE_SURFACE_WITH_KNOTS((4,2,2,2,2,2,2,2,2,2,2,2,2,2,2,4),(3,3),(0.110418094606694,
0.121903216667318,0.133388338727941,0.156358582849189,0.167843704909812,
0.179328826970436,0.185071388000748,0.190813949031059,0.196556510061371,
0.199427790576527,0.200863430834105,0.201581250962894,0.201670978478993,
0.201760705995091,0.201940161027289,0.202299071091683),(-1.25526509755074E-6,
1.),.UNSPECIFIED.)
GEOMETRIC_REPRESENTATION_ITEM()
RATIONAL_B_SPLINE_SURFACE(((1.00000073531819,0.707106413527913,1.),(1.00000073531819,
0.707106413527913,1.),(1.00000073531819,0.707106413527913,1.),(1.00000073531819,
0.707106413527913,1.),(1.00000073531819,0.707106413527913,1.),(1.00000073531819,
0.707106413527913,1.),(1.00000073531819,0.707106413527913,1.),(1.00000073531819,
0.707106413527913,1.),(1.00000073531819,0.707106413527913,1.),(1.00000073531819,
0.707106413527913,1.),(1.00000073531819,0.707106413527913,1.),(1.00000073531819,
0.707106413527913,1.),(1.00000073531819,0.707106413527913,1.),(1.00000073531819,
0.707106413527913,1.),(1.00000073531819,0.707106413527913,1.),(1.00000073531819,
0.707106413527913,1.),(1.00000073531819,0.707106413527913,1.),(1.00000073531819,
0.707106413527913,1.),(1.00000073531819,0.707106413527913,1.),(1.00000073531819,
0.707106413527913,1.),(1.00000073531819,0.707106413527913,1.),(1.00000073531819,
0.707106413527913,1.),(1.00000073531819,0.707106413527913,1.),(1.00000073531819,
0.707106413527913,1.),(1.00000073531819,0.707106413527913,1.),(1.00000073531819,
0.707106413527913,1.),(1.00000073531819,0.707106413527913,1.),(1.00000073531819,
0.707106413527913,1.),(1.00000073531819,0.707106413527913,1.),(1.00000073531819,
0.707106413527913,1.),(1.00000073531819,0.707106413527913,1.),(1.00000073531819,
0.707106413527913,1.)))
REPRESENTATION_ITEM('')
SURFACE()
);
#21=B_SPLINE_SURFACE_WITH_KNOTS('',3,3,((#11512,#11513,#11514,#11515),(#11516,
#11517,#11518,#11519),(#11520,#11521,#11522,#11523),(#11524,#11525,#11526,
#11527),(#11528,#11529,#11530,#11531),(#11532,#11533,#11534,#11535)),
 .UNSPECIFIED.,.F.,.F.,.F.,(4,1,1,4),(4,4),(0.,0.285714285714286,0.571428571428571,
1.),(-9.49701285277641E-16,1.975),.UNSPECIFIED.);
#22=B_SPLINE_SURFACE_WITH_KNOTS('',3,3,((#11553,#11554,#11555,#11556,#11557,
#11558,#11559,#11560,#11561),(#11562,#11563,#11564,#11565,#11566,#11567,
#11568,#11569,#11570),(#11571,#11572,#11573,#11574,#11575,#11576,#11577,
#11578,#11579),(#11580,#11581,#11582,#11583,#11584,#11585,#11586,#11587,
#11588),(#11589,#11590,#11591,#11592,#11593,#11594,#11595,#11596,#11597),
(#11598,#11599,#11600,#11601,#11602,#11603,#11604,#11605,#11606)),
 .UNSPECIFIED.,.F.,.F.,.F.,(4,1,1,4),(4,2,2,1,4),(0.,0.285714285714286,
0.571428571428571,1.),(-2.86175286835515,-2.33847058661279,-1.02250069836259,
-0.613500419017552,1.49867659641801E-16),.UNSPECIFIED.);
#23=B_SPLINE_SURFACE_WITH_KNOTS('',3,3,((#11622,#11623,#11624,#11625,#11626,
#11627,#11628,#11629,#11630),(#11631,#11632,#11633,#11634,#11635,#11636,
#11637,#11638,#11639),(#11640,#11641,#11642,#11643,#11644,#11645,#11646,
#11647,#11648),(#11649,#11650,#11651,#11652,#11653,#11654,#11655,#11656,
#11657),(#11658,#11659,#11660,#11661,#11662,#11663,#11664,#11665,#11666),
(#11667,#11668,#11669,#11670,#11671,#11672,#11673,#11674,#11675)),
 .UNSPECIFIED.,.F.,.F.,.F.,(4,1,1,4),(4,1,2,2,4),(0.,0.285714285714286,
0.571428571428571,1.),(-2.85792350766298,-2.2449798605249,-1.83635076243285,
-0.522302750937276,0.),.UNSPECIFIED.);
#24=B_SPLINE_SURFACE_WITH_KNOTS('',3,3,((#11687,#11688,#11689,#11690),(#11691,
#11692,#11693,#11694),(#11695,#11696,#11697,#11698),(#11699,#11700,#11701,
#11702),(#11703,#11704,#11705,#11706),(#11707,#11708,#11709,#11710)),
 .UNSPECIFIED.,.F.,.F.,.F.,(4,1,1,4),(4,4),(0.,0.285714285714286,0.571428571428571,
1.),(-5.53419134204624E-14,1.975),.UNSPECIFIED.);
#25=B_SPLINE_SURFACE_WITH_KNOTS('',2,1,((#11715,#11716),(#11717,#11718),
(#11719,#11720)),.UNSPECIFIED.,.F.,.F.,.F.,(3,3),(2,2),(0.,1.),(0.,2.37),
 .UNSPECIFIED.);
#26=B_SPLINE_SURFACE_WITH_KNOTS('',2,1,((#12778,#12779),(#12780,#12781),
(#12782,#12783)),.UNSPECIFIED.,.F.,.F.,.F.,(3,3),(2,2),(0.,1.),(0.,2.37),
 .UNSPECIFIED.);
#27=B_SPLINE_SURFACE_WITH_KNOTS('',3,3,((#13431,#13432,#13433,#13434),(#13435,
#13436,#13437,#13438),(#13439,#13440,#13441,#13442),(#13443,#13444,#13445,
#13446),(#13447,#13448,#13449,#13450)),.UNSPECIFIED.,.F.,.F.,.F.,(4,1,4),
(4,4),(0.,0.571428571428571,1.),(-8.92116376119172E-16,0.75),
 .UNSPECIFIED.);
#28=B_SPLINE_SURFACE_WITH_KNOTS('',3,3,((#13466,#13467,#13468,#13469,#13470,
#13471),(#13472,#13473,#13474,#13475,#13476,#13477),(#13478,#13479,#13480,
#13481,#13482,#13483),(#13484,#13485,#13486,#13487,#13488,#13489),(#13490,
#13491,#13492,#13493,#13494,#13495)),.UNSPECIFIED.,.F.,.F.,.F.,(4,1,4),
(4,1,1,4),(0.,0.571428571428571,1.),(0.,0.205095943885311,0.341826573142185,
0.478557202399059),.UNSPECIFIED.);
#29=B_SPLINE_SURFACE_WITH_KNOTS('',3,3,((#13504,#13505,#13506,#13507),(#13508,
#13509,#13510,#13511),(#13512,#13513,#13514,#13515),(#13516,#13517,#13518,
#13519),(#13520,#13521,#13522,#13523)),.UNSPECIFIED.,.F.,.F.,.F.,(4,1,4),
(4,4),(0.,0.571428571428571,1.),(4.09029147145266E-12,0.91925457548451),
 .UNSPECIFIED.);
#30=B_SPLINE_SURFACE_WITH_KNOTS('',3,3,((#13530,#13531,#13532,#13533,#13534),
(#13535,#13536,#13537,#13538,#13539),(#13540,#13541,#13542,#13543,#13544),
(#13545,#13546,#13547,#13548,#13549),(#13550,#13551,#13552,#13553,#13554),
(#13555,#13556,#13557,#13558,#13559)),.UNSPECIFIED.,.F.,.F.,.F.,(4,1,1,
4),(4,1,4),(0.,0.285714285714286,0.571428571428571,1.),(0.,0.203305381000422,
0.474379222334319),.UNSPECIFIED.);
#31=B_SPLINE_SURFACE_WITH_KNOTS('',3,3,((#13567,#13568,#13569,#13570),(#13571,
#13572,#13573,#13574),(#13575,#13576,#13577,#13578),(#13579,#13580,#13581,
#13582),(#13583,#13584,#13585,#13586),(#13587,#13588,#13589,#13590)),
 .UNSPECIFIED.,.F.,.F.,.F.,(4,1,1,4),(4,4),(0.,0.285714285714286,0.571428571428571,
1.),(0.,0.75),.UNSPECIFIED.);
#32=CYLINDRICAL_SURFACE('',#8307,28.);
#33=CYLINDRICAL_SURFACE('',#8312,1.);
#34=CYLINDRICAL_SURFACE('',#8334,2.75);
#35=CYLINDRICAL_SURFACE('',#8472,8.00000000000001);
#36=CYLINDRICAL_SURFACE('',#8482,1.);
#37=CYLINDRICAL_SURFACE('',#8485,1.);
#38=CYLINDRICAL_SURFACE('',#8488,20.);
#39=CYLINDRICAL_SURFACE('',#8490,4.99999999999999);
#40=CYLINDRICAL_SURFACE('',#8491,5.);
#41=CYLINDRICAL_SURFACE('',#8492,10.);
#42=CYLINDRICAL_SURFACE('',#8494,3.);
#43=CYLINDRICAL_SURFACE('',#8497,3.);
#44=CYLINDRICAL_SURFACE('',#8500,1.);
#45=CYLINDRICAL_SURFACE('',#8502,1.);
#46=CYLINDRICAL_SURFACE('',#8504,1.);
#47=CYLINDRICAL_SURFACE('',#8506,1.);
#48=CYLINDRICAL_SURFACE('',#8508,1.);
#49=CYLINDRICAL_SURFACE('',#8510,3.);
#50=CYLINDRICAL_SURFACE('',#8513,3.);
#51=CYLINDRICAL_SURFACE('',#8515,3.00000000000001);
#52=CYLINDRICAL_SURFACE('',#8517,2.99999999999999);
#53=CYLINDRICAL_SURFACE('',#8519,3.);
#54=CYLINDRICAL_SURFACE('',#8521,3.00000000000001);
#55=CYLINDRICAL_SURFACE('',#8523,4.14999999999998);
#56=CYLINDRICAL_SURFACE('',#8524,1.65);
#57=CYLINDRICAL_SURFACE('',#8526,1.65000000000002);
#58=CYLINDRICAL_SURFACE('',#8528,1.65000000000002);
#59=CYLINDRICAL_SURFACE('',#8530,1.65);
#60=CYLINDRICAL_SURFACE('',#8532,47.5);
#61=CYLINDRICAL_SURFACE('',#8573,1.65);
#62=CYLINDRICAL_SURFACE('',#8575,1.65);
#63=CYLINDRICAL_SURFACE('',#8578,1.65);
#64=CYLINDRICAL_SURFACE('',#8581,1.65);
#65=CYLINDRICAL_SURFACE('',#8593,20.);
#66=CYLINDRICAL_SURFACE('',#8595,20.);
#67=CYLINDRICAL_SURFACE('',#8597,20.);
#68=CYLINDRICAL_SURFACE('',#8599,20.);
#69=CYLINDRICAL_SURFACE('',#8613,4.5);
#70=CYLINDRICAL_SURFACE('',#8654,47.5);
#71=CYLINDRICAL_SURFACE('',#8655,47.5);
#72=CYLINDRICAL_SURFACE('',#8656,47.5);
#73=CYLINDRICAL_SURFACE('',#8657,47.5);
#74=CYLINDRICAL_SURFACE('',#8658,47.5);
#75=CYLINDRICAL_SURFACE('',#8659,47.5);
#76=CYLINDRICAL_SURFACE('',#8660,47.5);
#77=CYLINDRICAL_SURFACE('',#8661,47.5);
#78=CYLINDRICAL_SURFACE('',#8662,47.5);
#79=CYLINDRICAL_SURFACE('',#8663,47.5);
#80=CYLINDRICAL_SURFACE('',#8664,47.5);
#81=CYLINDRICAL_SURFACE('',#8665,47.5);
#82=CYLINDRICAL_SURFACE('',#8666,47.5);
#83=CYLINDRICAL_SURFACE('',#8667,47.5);
#84=CYLINDRICAL_SURFACE('',#8668,47.5);
#85=CYLINDRICAL_SURFACE('',#8669,47.5);
#86=CYLINDRICAL_SURFACE('',#8675,46.25);
#87=CYLINDRICAL_SURFACE('',#8680,46.25);
#88=CYLINDRICAL_SURFACE('',#8685,46.25);
#89=CYLINDRICAL_SURFACE('',#8690,46.25);
#90=CYLINDRICAL_SURFACE('',#8695,46.25);
#91=CYLINDRICAL_SURFACE('',#8700,46.25);
#92=CYLINDRICAL_SURFACE('',#8705,46.25);
#93=CYLINDRICAL_SURFACE('',#8710,46.25);
#94=CYLINDRICAL_SURFACE('',#8715,46.25);
#95=CYLINDRICAL_SURFACE('',#8720,46.25);
#96=CYLINDRICAL_SURFACE('',#8725,46.25);
#97=CYLINDRICAL_SURFACE('',#8730,46.25);
#98=CYLINDRICAL_SURFACE('',#8735,46.25);
#99=CYLINDRICAL_SURFACE('',#8740,46.25);
#100=CYLINDRICAL_SURFACE('',#8745,46.25);
#101=CYLINDRICAL_SURFACE('',#8750,46.25);
#102=CYLINDRICAL_SURFACE('',#8755,46.25);
#103=CYLINDRICAL_SURFACE('',#8760,46.25);
#104=CYLINDRICAL_SURFACE('',#8765,46.25);
#105=CYLINDRICAL_SURFACE('',#8770,46.25);
#106=CYLINDRICAL_SURFACE('',#8773,46.25);
#107=CYLINDRICAL_SURFACE('',#8776,46.25);
#108=CYLINDRICAL_SURFACE('',#8779,46.25);
#109=CYLINDRICAL_SURFACE('',#8782,46.25);
#110=CYLINDRICAL_SURFACE('',#8785,46.25);
#111=CYLINDRICAL_SURFACE('',#8788,46.25);
#112=CYLINDRICAL_SURFACE('',#8791,46.25);
#113=CYLINDRICAL_SURFACE('',#8798,46.25);
#114=CYLINDRICAL_SURFACE('',#8801,46.25);
#115=CYLINDRICAL_SURFACE('',#8804,46.25);
#116=CYLINDRICAL_SURFACE('',#8807,46.25);
#117=CYLINDRICAL_SURFACE('',#8810,46.25);
#118=CYLINDRICAL_SURFACE('',#8813,46.25);
#119=CYLINDRICAL_SURFACE('',#8816,46.25);
#120=CYLINDRICAL_SURFACE('',#8819,46.25);
#121=CYLINDRICAL_SURFACE('',#8822,46.25);
#122=CYLINDRICAL_SURFACE('',#8827,46.25);
#123=CYLINDRICAL_SURFACE('',#8832,46.25);
#124=CYLINDRICAL_SURFACE('',#8837,46.25);
#125=CYLINDRICAL_SURFACE('',#8842,46.25);
#126=CYLINDRICAL_SURFACE('',#8847,46.25);
#127=CYLINDRICAL_SURFACE('',#8852,46.25);
#128=CYLINDRICAL_SURFACE('',#8857,46.25);
#129=CYLINDRICAL_SURFACE('',#8862,46.25);
#130=CYLINDRICAL_SURFACE('',#8867,46.25);
#131=CYLINDRICAL_SURFACE('',#8872,46.25);
#132=CYLINDRICAL_SURFACE('',#8877,46.25);
#133=CYLINDRICAL_SURFACE('',#8882,46.25);
#134=CYLINDRICAL_SURFACE('',#8887,46.25);
#135=CYLINDRICAL_SURFACE('',#8892,46.25);
#136=CYLINDRICAL_SURFACE('',#8897,46.25);
#137=CYLINDRICAL_SURFACE('',#8902,46.25);
#138=CYLINDRICAL_SURFACE('',#8907,46.25);
#139=CYLINDRICAL_SURFACE('',#8963,12.);
#140=CYLINDRICAL_SURFACE('',#8966,0.999999999999998);
#141=CYLINDRICAL_SURFACE('',#8969,0.999999999999998);
#142=CYLINDRICAL_SURFACE('',#8971,0.99999999999999);
#143=CYLINDRICAL_SURFACE('',#8974,0.999999999999998);
#144=CYLINDRICAL_SURFACE('',#8978,0.999999999999998);
#145=CYLINDRICAL_SURFACE('',#8983,4.);
#146=CYLINDRICAL_SURFACE('',#8984,4.);
#147=CYLINDRICAL_SURFACE('',#8985,10.);
#148=CYLINDRICAL_SURFACE('',#8986,10.);
#149=CYLINDRICAL_SURFACE('',#8987,10.);
#150=CYLINDRICAL_SURFACE('',#8988,16.3004184094916);
#151=CYLINDRICAL_SURFACE('',#8989,5.);
#152=CYLINDRICAL_SURFACE('',#8990,6.30041840949155);
#153=CYLINDRICAL_SURFACE('',#8991,22.5);
#154=CYLINDRICAL_SURFACE('',#8992,6.30041840949155);
#155=CYLINDRICAL_SURFACE('',#8993,16.3004184094916);
#156=CYLINDRICAL_SURFACE('',#8994,12.5);
#157=CYLINDRICAL_SURFACE('',#8995,31.5);
#158=CYLINDRICAL_SURFACE('',#8996,4.99999999999999);
#159=CYLINDRICAL_SURFACE('',#8997,41.5);
#160=CYLINDRICAL_SURFACE('',#8999,5.51265936372527);
#161=CYLINDRICAL_SURFACE('',#9004,20.);
#162=CYLINDRICAL_SURFACE('',#9019,3.);
#163=CYLINDRICAL_SURFACE('',#9020,3.);
#164=FACE_BOUND('',#2544,.T.);
#165=FACE_BOUND('',#2545,.T.);
#166=FACE_BOUND('',#2546,.T.);
#167=FACE_BOUND('',#2547,.T.);
#168=FACE_BOUND('',#2548,.T.);
#169=FACE_BOUND('',#2549,.T.);
#170=FACE_BOUND('',#2550,.T.);
#171=FACE_BOUND('',#2551,.T.);
#172=FACE_BOUND('',#2552,.T.);
#173=FACE_BOUND('',#2562,.T.);
#174=FACE_BOUND('',#2565,.T.);
#175=FACE_BOUND('',#2571,.T.);
#176=FACE_BOUND('',#2572,.T.);
#177=FACE_BOUND('',#2573,.T.);
#178=FACE_BOUND('',#2574,.T.);
#179=FACE_BOUND('',#2575,.T.);
#180=FACE_BOUND('',#2576,.T.);
#181=FACE_BOUND('',#2577,.T.);
#182=FACE_BOUND('',#2578,.T.);
#183=FACE_BOUND('',#2582,.T.);
#184=FACE_BOUND('',#2584,.T.);
#185=FACE_BOUND('',#2601,.T.);
#186=FACE_BOUND('',#2624,.T.);
#187=FACE_BOUND('',#2625,.T.);
#188=FACE_BOUND('',#2634,.T.);
#189=FACE_BOUND('',#2637,.T.);
#190=FACE_BOUND('',#2638,.T.);
#191=FACE_BOUND('',#2639,.T.);
#192=FACE_BOUND('',#2640,.T.);
#193=FACE_BOUND('',#2641,.T.);
#194=FACE_BOUND('',#2667,.T.);
#195=FACE_BOUND('',#2669,.T.);
#196=FACE_BOUND('',#2671,.T.);
#197=FACE_BOUND('',#2673,.T.);
#198=FACE_BOUND('',#2919,.T.);
#199=FACE_BOUND('',#2920,.T.);
#200=FACE_BOUND('',#2923,.T.);
#201=FACE_BOUND('',#2924,.T.);
#202=FACE_BOUND('',#2944,.T.);
#203=FACE_BOUND('',#2946,.T.);
#204=B_SPLINE_CURVE_WITH_KNOTS('',3,(#11379,#11380,#11381,#11382,#11383,
#11384,#11385),.UNSPECIFIED.,.F.,.F.,(4,3,4),(0.0114183399092558,0.112781461822128,
0.263176076795855),.UNSPECIFIED.);
#205=B_SPLINE_CURVE_WITH_KNOTS('',2,(#11421,#11422,#11423),
 .UNSPECIFIED.,.F.,.F.,(3,3),(0.,0.985589082595838),.UNSPECIFIED.);
#206=B_SPLINE_CURVE_WITH_KNOTS('',3,(#11425,#11426,#11427,#11428,#11429,
#11430,#11431,#11432,#11433,#11434),.UNSPECIFIED.,.F.,.F.,(4,3,3,4),(0.,
0.0528642841852121,0.105728568370424,0.185024994648242),.UNSPECIFIED.);
#207=B_SPLINE_CURVE_WITH_KNOTS('',3,(#11480,#11481,#11482,#11483),
 .UNSPECIFIED.,.F.,.F.,(4,4),(-5.53419134204624E-14,1.975),
 .UNSPECIFIED.);
#208=B_SPLINE_CURVE_WITH_KNOTS('',3,(#11485,#11486,#11487,#11488,#11489,
#11490,#11491,#11492,#11493),.UNSPECIFIED.,.F.,.F.,(4,2,2,1,4),(2.89710660462758E-9,
0.522302750937276,1.83635076243285,2.2449798605249,2.85792350766298),
 .UNSPECIFIED.);
#209=B_SPLINE_CURVE_WITH_KNOTS('',3,(#11497,#11498,#11499,#11500,#11501,
#11502,#11503,#11504,#11505),.UNSPECIFIED.,.F.,.F.,(4,1,2,2,4),(-1.49867659641801E-16,
0.613500419017552,1.02250069836259,2.33847058661279,2.86175286835515),
 .UNSPECIFIED.);
#210=B_SPLINE_CURVE_WITH_KNOTS('',3,(#11507,#11508,#11509,#11510),
 .UNSPECIFIED.,.F.,.F.,(4,4),(-1.975,9.49701285277641E-16),
 .UNSPECIFIED.);
#211=B_SPLINE_CURVE_WITH_KNOTS('',3,(#11537,#11538,#11539,#11540,#11541,
#11542,#11543,#11544,#11545,#11546),.UNSPECIFIED.,.F.,.F.,(4,3,3,4),(0.,
0.0528642841852154,0.105728568370431,0.185024994648254),.UNSPECIFIED.);
#212=B_SPLINE_CURVE_WITH_KNOTS('',3,(#11549,#11550,#11551,#11552),
 .UNSPECIFIED.,.F.,.F.,(4,4),(-9.49701285277641E-16,1.975),
 .UNSPECIFIED.);
#213=B_SPLINE_CURVE_WITH_KNOTS('',3,(#11609,#11610,#11611,#11612,#11613,
#11614,#11615,#11616,#11617),.UNSPECIFIED.,.F.,.F.,(4,2,2,1,4),(-2.86175286835515,
-2.33847058661279,-1.02250069836259,-0.613500419017552,1.49867659641801E-16),
 .UNSPECIFIED.);
#214=B_SPLINE_CURVE_WITH_KNOTS('',3,(#11678,#11679,#11680,#11681,#11682,
#11683,#11684,#11685,#11686),.UNSPECIFIED.,.F.,.F.,(4,1,2,2,4),(-2.85792350766298,
-2.2449798605249,-1.83635076243285,-0.522302750937276,-1.43859172214362E-10),
 .UNSPECIFIED.);
#215=B_SPLINE_CURVE_WITH_KNOTS('',3,(#11711,#11712,#11713,#11714),
 .UNSPECIFIED.,.F.,.F.,(4,4),(-1.975,5.53419134204624E-14),
 .UNSPECIFIED.);
#216=B_SPLINE_CURVE_WITH_KNOTS('',3,(#11722,#11723,#11724,#11725,#11726,
#11727,#11728,#11729,#11730,#11731,#11732,#11733,#11734,#11735,#11736,#11737,
#11738,#11739,#11740,#11741,#11742,#11743,#11744,#11745,#11746,#11747,#11748,
#11749,#11750,#11751,#11752,#11753,#11754,#11755,#11756,#11757,#11758,#11759,
#11760,#11761,#11762,#11763,#11764,#11765,#11766,#11767,#11768,#11769,#11770,
#11771,#11772,#11773,#11774,#11775,#11776,#11777,#11778,#11779,#11780,#11781,
#11782,#11783,#11784,#11785,#11786,#11787,#11788,#11789,#11790,#11791,#11792,
#11793,#11794,#11795,#11796,#11797,#11798,#11799,#11800,#11801,#11802,#11803,
#11804,#11805,#11806,#11807,#11808,#11809,#11810,#11811,#11812,#11813,#11814,
#11815,#11816,#11817,#11818,#11819,#11820,#11821,#11822,#11823,#11824),
 .UNSPECIFIED.,.F.,.F.,(4,3,3,3,3,3,3,3,3,3,3,3,3,3,3,3,3,3,3,3,3,3,3,3,
3,3,3,3,3,3,3,3,3,3,4),(0.00139844169196434,0.00220272795101237,0.00354982806165882,
0.0047918283979073,0.00610330264660203,0.00740919214454881,0.00871355998436311,
0.00986413705833561,0.0100568897209634,0.0101296227823435,0.0151736612438706,
0.018682281069473,0.0201502701952966,0.0270997027097228,0.0338211535613612,
0.0371818789871805,0.0389032574859285,0.0401793104291697,0.0405426044129997,
0.0457666974097475,0.0509795430995498,0.0558822275213474,0.0584629170780578,
0.0603804266986305,0.0607849119431449,0.0633114433072106,0.0648952226770102,
0.0658379746712762,0.0683634349763764,0.0698215855697508,0.0704971390557221,
0.0708888952814765,0.0747665285437144,0.0786575837862424,0.0805129764660323),
 .UNSPECIFIED.);
#217=B_SPLINE_CURVE_WITH_KNOTS('',3,(#11826,#11827,#11828,#11829,#11830,
#11831,#11832,#11833,#11834,#11835,#11836,#11837,#11838,#11839,#11840,#11841,
#11842,#11843,#11844),.UNSPECIFIED.,.F.,.F.,(4,3,3,3,3,3,4),(4.52602327299269E-10,
0.0821212289303447,0.149751027323582,0.22265964907416,0.228668269690929,
0.265749653510311,0.298715289153781),.UNSPECIFIED.);
#218=B_SPLINE_CURVE_WITH_KNOTS('',3,(#11846,#11847,#11848,#11849,#11850,
#11851),.UNSPECIFIED.,.F.,.F.,(4,2,4),(0.,0.158302510690467,0.3166050684159),
 .UNSPECIFIED.);
#219=B_SPLINE_CURVE_WITH_KNOTS('',2,(#11855,#11856,#11857),
 .UNSPECIFIED.,.F.,.F.,(3,3),(0.,0.0745062525997884),.UNSPECIFIED.);
#220=B_SPLINE_CURVE_WITH_KNOTS('',3,(#11859,#11860,#11861,#11862),
 .UNSPECIFIED.,.F.,.F.,(4,4),(-0.75,-0.399999999999999),.UNSPECIFIED.);
#221=B_SPLINE_CURVE_WITH_KNOTS('',3,(#11864,#11865,#11866,#11867,#11868,
#11869),.UNSPECIFIED.,.F.,.F.,(4,1,1,4),(0.,0.205095943885311,0.341826573142185,
0.478557202399059),.UNSPECIFIED.);
#222=B_SPLINE_CURVE_WITH_KNOTS('',3,(#11871,#11872,#11873,#11874),
 .UNSPECIFIED.,.F.,.F.,(4,4),(-0.91925457548451,-4.09029147145266E-12),
 .UNSPECIFIED.);
#223=B_SPLINE_CURVE_WITH_KNOTS('',3,(#11876,#11877,#11878,#11879,#11880),
 .UNSPECIFIED.,.F.,.F.,(4,1,4),(0.,0.203305381000422,0.474379222334319),
 .UNSPECIFIED.);
#224=B_SPLINE_CURVE_WITH_KNOTS('',3,(#11882,#11883,#11884,#11885),
 .UNSPECIFIED.,.F.,.F.,(4,4),(-0.75,0.),.UNSPECIFIED.);
#225=B_SPLINE_CURVE_WITH_KNOTS('',2,(#11886,#11887,#11888),
 .UNSPECIFIED.,.F.,.F.,(3,3),(0.253042150482954,0.985589082595839),
 .UNSPECIFIED.);
#226=B_SPLINE_CURVE_WITH_KNOTS('',3,(#11980,#11981,#11982,#11983,#11984,
#11985,#11986,#11987,#11988,#11989,#11990,#11991,#11992,#11993,#11994,#11995,
#11996,#11997,#11998,#11999,#12000,#12001,#12002,#12003,#12004,#12005,#12006,
#12007),.UNSPECIFIED.,.F.,.F.,(4,3,3,3,3,3,3,3,3,4),(0.0288171600401902,
0.0350813237002378,0.0389583961760876,0.0413454873602855,0.0499773937895271,
0.0538738146803808,0.0619552948438735,0.0708253168352491,0.0734545793264769,
0.0778980087655815),.UNSPECIFIED.);
#227=B_SPLINE_CURVE_WITH_KNOTS('',3,(#12011,#12012,#12013,#12014,#12015,
#12016,#12017,#12018,#12019,#12020,#12021,#12022,#12023,#12024,#12025,#12026,
#12027,#12028,#12029,#12030,#12031,#12032,#12033,#12034,#12035,#12036),
 .UNSPECIFIED.,.F.,.F.,(4,2,2,2,2,2,2,2,2,2,2,2,4),(1.00000008583859E-6,
0.0230266538473695,0.0468062178250201,0.0837331320034525,0.124191240235477,
0.147257006362768,0.161836635624307,0.174647471699826,0.190194255577239,
0.216888125200626,0.25765158742669,0.29241070976504,0.324006281377297),
 .UNSPECIFIED.);
#228=B_SPLINE_CURVE_WITH_KNOTS('',3,(#12042,#12043,#12044,#12045,#12046,
#12047),.UNSPECIFIED.,.F.,.F.,(4,2,4),(1.00000000570962E-6,0.278578929925801,
0.557156726043714),.UNSPECIFIED.);
#229=B_SPLINE_CURVE_WITH_KNOTS('',3,(#12049,#12050,#12051,#12052,#12053,
#12054,#12055,#12056,#12057,#12058,#12059,#12060,#12061,#12062,#12063,#12064,
#12065,#12066,#12067,#12068,#12069,#12070,#12071,#12072,#12073,#12074,#12075,
#12076),.UNSPECIFIED.,.F.,.F.,(4,2,2,2,2,2,2,2,2,2,2,2,2,4),(1.00000009910922E-6,
0.0235868239299414,0.0478561469488406,0.0848037456976753,0.117824314168499,
0.145482862782841,0.161293584082607,0.168055409450242,0.181237891466604,
0.198544269728244,0.231877066551838,0.266105369395807,0.2956312150762,0.322881904269863),
 .UNSPECIFIED.);
#230=B_SPLINE_CURVE_WITH_KNOTS('',3,(#12078,#12079,#12080,#12081,#12082,
#12083),.UNSPECIFIED.,.F.,.F.,(4,2,4),(2.19638501907342E-6,0.270489689111514,
0.541114397419159),.UNSPECIFIED.);
#231=B_SPLINE_CURVE_WITH_KNOTS('',3,(#12087,#12088,#12089,#12090,#12091,
#12092),.UNSPECIFIED.,.F.,.F.,(4,2,4),(1.0000000052357E-6,0.256121214956794,
0.512130431217052),.UNSPECIFIED.);
#232=B_SPLINE_CURVE_WITH_KNOTS('',3,(#12094,#12095,#12096,#12097,#12098,
#12099,#12100,#12101,#12102,#12103,#12104,#12105,#12106,#12107,#12108,#12109,
#12110,#12111,#12112,#12113,#12114,#12115,#12116,#12117),.UNSPECIFIED.,
 .F.,.F.,(4,2,2,2,2,2,2,2,2,2,2,4),(9.9999999422877E-7,0.037689452905165,
0.0755881784692706,0.109778146097878,0.143370094867062,0.160739492236942,
0.173920725328775,0.187576536136846,0.207071754403714,0.246771588682074,
0.282266612617761,0.321668306350564),.UNSPECIFIED.);
#233=B_SPLINE_CURVE_WITH_KNOTS('',3,(#12119,#12120,#12121,#12122,#12123,
#12124),.UNSPECIFIED.,.F.,.F.,(4,2,4),(9.99203818895554E-7,0.244726688257237,
0.489543760631038),.UNSPECIFIED.);
#234=B_SPLINE_CURVE_WITH_KNOTS('',3,(#12128,#12129,#12130,#12131,#12132,
#12133),.UNSPECIFIED.,.F.,.F.,(4,2,4),(3.68642005810215E-10,0.225430180198803,
0.450794807166087),.UNSPECIFIED.);
#235=B_SPLINE_CURVE_WITH_KNOTS('',3,(#12135,#12136,#12137,#12138,#12139,
#12140,#12141,#12142,#12143,#12144,#12145,#12146,#12147,#12148,#12149,#12150,
#12151,#12152,#12153,#12154,#12155,#12156,#12157,#12158,#12159,#12160),
 .UNSPECIFIED.,.F.,.F.,(4,2,2,2,2,2,2,2,2,2,2,2,4),(1.00000016766549E-6,
0.0319552598166598,0.0654724424450699,0.100714334091468,0.14066081266948,
0.159952280434619,0.173527278610704,0.186676924644316,0.204064884538492,
0.237823769191248,0.271923957992316,0.296882073065228,0.319975302608123),
 .UNSPECIFIED.);
#236=B_SPLINE_CURVE_WITH_KNOTS('',3,(#12162,#12163,#12164,#12165,#12166,
#12167),.UNSPECIFIED.,.F.,.F.,(4,2,4),(1.02358537512405E-6,0.210867679788148,
0.42173446532798),.UNSPECIFIED.);
#237=B_SPLINE_CURVE_WITH_KNOTS('',3,(#12171,#12172,#12173,#12174,#12175,
#12176),.UNSPECIFIED.,.F.,.F.,(4,2,4),(2.17041469241509E-8,0.186658179432212,
0.37331715376406),.UNSPECIFIED.);
#238=B_SPLINE_CURVE_WITH_KNOTS('',3,(#12178,#12179,#12180,#12181,#12182,
#12183,#12184,#12185,#12186,#12187,#12188,#12189,#12190,#12191,#12192,#12193,
#12194,#12195,#12196,#12197,#12198,#12199,#12200,#12201,#12202,#12203),
 .UNSPECIFIED.,.F.,.F.,(4,2,2,2,2,2,2,2,2,2,2,2,4),(1.00000017913202E-6,
0.0304502944265107,0.0619731915112825,0.0974683671395161,0.137534518517418,
0.159115157480764,0.173240505819533,0.179550160785256,0.193296808280415,
0.213236992080411,0.253135572497412,0.288296899689321,0.318322736785522),
 .UNSPECIFIED.);
#239=B_SPLINE_CURVE_WITH_KNOTS('',3,(#12205,#12206,#12207,#12208,#12209,
#12210),.UNSPECIFIED.,.F.,.F.,(4,2,4),(9.99330755363237E-7,0.168915185227698,
0.337828560849605),.UNSPECIFIED.);
#240=B_SPLINE_CURVE_WITH_KNOTS('',3,(#12214,#12215,#12216,#12217,#12218,
#12219,#12220,#12221,#12222,#12223),.UNSPECIFIED.,.F.,.F.,(4,2,2,2,4),(-2.73280950825988,
-2.06896079144476,-1.36678527052839,-0.657512577879048,-4.65204639255035E-7),
 .UNSPECIFIED.);
#241=B_SPLINE_CURVE_WITH_KNOTS('',3,(#12224,#12225,#12226,#12227,#12228,
#12229,#12230,#12231,#12232,#12233),.UNSPECIFIED.,.F.,.F.,(4,2,2,2,4),(-0.344882407614538,
-0.259962566256236,-0.172572493387173,-0.0915527956482503,0.),
 .UNSPECIFIED.);
#242=B_SPLINE_CURVE_WITH_KNOTS('',3,(#12236,#12237,#12238,#12239,#12240,
#12241,#12242,#12243,#12244,#12245,#12246,#12247,#12248,#12249,#12250,#12251,
#12252,#12253,#12254,#12255,#12256,#12257,#12258,#12259,#12260,#12261,#12262,
#12263,#12264),.UNSPECIFIED.,.F.,.F.,(4,2,2,2,2,2,2,2,2,2,2,2,3,4),(0.997817406852931,
1.0190171590536,1.09977898897798,1.1971283617514,1.30425768701235,1.42555776941433,
1.5669382301343,1.70879500320847,1.82749904498118,1.8922994359137,1.93220458621179,
1.9675835506139,1.99411228179042,1.99493083546075),.UNSPECIFIED.);
#243=B_SPLINE_CURVE_WITH_KNOTS('',3,(#12265,#12266,#12267,#12268,#12269,
#12270,#12271,#12272,#12273,#12274,#12275,#12276,#12277,#12278,#12279,#12280,
#12281,#12282,#12283,#12284,#12285,#12286,#12287,#12288),.UNSPECIFIED.,
 .F.,.F.,(4,2,2,2,2,2,2,2,2,2,2,4),(1.99493083546075,2.05499120942941,2.17696564104543,
2.29725924673741,2.43783379524404,2.57382904312013,2.69564299962467,2.81030222963513,
2.88152244372479,2.92629528267428,2.96580156209431,2.99192968864335),
 .UNSPECIFIED.);
#244=B_SPLINE_CURVE_WITH_KNOTS('',3,(#12390,#12391,#12392,#12393,#12394,
#12395,#12396,#12397,#12398,#12399,#12400,#12401,#12402,#12403,#12404,#12405,
#12406,#12407,#12408,#12409,#12410,#12411,#12412,#12413,#12414,#12415,#12416,
#12417,#12418,#12419,#12420,#12421,#12422,#12423,#12424,#12425,#12426,#12427,
#12428,#12429,#12430,#12431,#12432,#12433,#12434,#12435,#12436,#12437,#12438,
#12439,#12440,#12441,#12442,#12443,#12444,#12445,#12446,#12447,#12448,#12449,
#12450,#12451,#12452,#12453,#12454,#12455,#12456,#12457,#12458,#12459,#12460,
#12461,#12462,#12463,#12464,#12465,#12466,#12467,#12468,#12469,#12470,#12471,
#12472,#12473,#12474,#12475,#12476,#12477,#12478,#12479,#12480,#12481,#12482,
#12483,#12484,#12485,#12486,#12487,#12488,#12489),.UNSPECIFIED.,.F.,.F.,
(4,3,3,3,3,3,3,3,3,3,3,3,3,3,3,3,3,3,3,3,3,3,3,3,3,3,3,3,3,3,3,3,3,4),(-0.00139990867620044,
0.00265854007605541,0.00666942072851085,0.00825092193026186,0.00930052199757278,
0.0142134003890604,0.0183701826142503,0.0197276073241143,0.0250850863093299,
0.0304402411981099,0.0357918641723495,0.0386322825385031,0.0393742217918813,
0.0465428609972704,0.0488109916972074,0.0558986463169498,0.0590437755332701,
0.0603023122676615,0.0636631140147891,0.064183117355292,0.0667602644346839,
0.0680488379743799,0.0686931247442278,0.0690152681291518,0.0691022849539224,
0.0691703271576302,0.0693374115140758,0.0706473745594828,0.0719565296855721,
0.0732723923356864,0.074410265636393,0.0757554612597659,0.0769993703890092,
0.0778027416362837),.UNSPECIFIED.);
#245=B_SPLINE_CURVE_WITH_KNOTS('',3,(#12491,#12492,#12493,#12494,#12495,
#12496,#12497,#12498,#12499,#12500),.UNSPECIFIED.,.F.,.F.,(4,2,2,2,4),(-0.344864079384072,
-0.253446186235389,-0.172541098181762,-0.0850294698639064,-8.32617640555848E-6),
 .UNSPECIFIED.);
#246=B_SPLINE_CURVE_WITH_KNOTS('',3,(#12502,#12503,#12504,#12505,#12506,
#12507,#12508,#12509,#12510,#12511),.UNSPECIFIED.,.F.,.F.,(4,2,2,2,4),(-2.73039161288499,
-2.07412140293753,-1.36619909008659,-0.663935111412141,-6.24868537034705E-6),
 .UNSPECIFIED.);
#247=B_SPLINE_CURVE_WITH_KNOTS('',3,(#12513,#12514,#12515,#12516,#12517,
#12518,#12519,#12520,#12521,#12522),.UNSPECIFIED.,.F.,.F.,(4,3,3,4),(0.0722764992173575,
0.0744312636405155,0.078085881424094,0.0789310809116402),.UNSPECIFIED.);
#248=B_SPLINE_CURVE_WITH_KNOTS('',3,(#12524,#12525,#12526,#12527,#12528,
#12529),.UNSPECIFIED.,.F.,.F.,(4,2,4),(1.60854803699095E-7,0.16891369773837,
0.337827914986533),.UNSPECIFIED.);
#249=B_SPLINE_CURVE_WITH_KNOTS('',3,(#12531,#12532,#12533,#12534,#12535,
#12536,#12537,#12538,#12539,#12540,#12541,#12542,#12543,#12544,#12545,#12546,
#12547,#12548,#12549,#12550,#12551,#12552,#12553,#12554,#12555,#12556),
 .UNSPECIFIED.,.F.,.F.,(4,2,2,2,2,2,2,2,2,2,2,2,4),(1.01688275102071E-6,
0.0295413909723585,0.0647480488958511,0.104679867169541,0.124803637118521,
0.13862039134888,0.144935782538009,0.159051096401969,0.18050649871592,0.220568108230262,
0.256041138914919,0.287732862832912,0.318327243182921),.UNSPECIFIED.);
#250=B_SPLINE_CURVE_WITH_KNOTS('',3,(#12558,#12559,#12560,#12561,#12562,
#12563),.UNSPECIFIED.,.F.,.F.,(4,2,4),(9.83117453508033E-7,0.186659635803362,
0.373317822322229),.UNSPECIFIED.);
#251=B_SPLINE_CURVE_WITH_KNOTS('',3,(#12567,#12568,#12569,#12570,#12571,
#12572),.UNSPECIFIED.,.F.,.F.,(4,2,4),(3.75019889364835E-7,0.210867681875806,
0.421735484800155),.UNSPECIFIED.);
#252=B_SPLINE_CURVE_WITH_KNOTS('',3,(#12574,#12575,#12576,#12577,#12578,
#12579,#12580,#12581,#12582,#12583,#12584,#12585,#12586,#12587,#12588,#12589,
#12590,#12591,#12592,#12593,#12594,#12595,#12596,#12597,#12598,#12599),
 .UNSPECIFIED.,.F.,.F.,(4,2,2,2,2,2,2,2,2,2,2,2,4),(1.02022991912052E-6,
0.0224454728720763,0.0466088576125938,0.0808494772258492,0.115299873386695,
0.132935484280839,0.146196348148216,0.159808415188303,0.17901369577582,
0.218813314141084,0.254018094041581,0.287767429890729,0.319915995561343),
 .UNSPECIFIED.);
#253=B_SPLINE_CURVE_WITH_KNOTS('',3,(#12601,#12602,#12603,#12604,#12605,
#12606),.UNSPECIFIED.,.F.,.F.,(4,2,4),(9.79770162239293E-7,0.225366029554541,
0.45079705015103),.UNSPECIFIED.);
#254=B_SPLINE_CURVE_WITH_KNOTS('',3,(#12610,#12611,#12612,#12613,#12614,
#12615),.UNSPECIFIED.,.F.,.F.,(4,2,4),(1.24851094351897E-7,0.244817539272482,
0.489543577776389),.UNSPECIFIED.);
#255=B_SPLINE_CURVE_WITH_KNOTS('',3,(#12617,#12618,#12619,#12620,#12621,
#12622,#12623,#12624,#12625,#12626,#12627,#12628,#12629,#12630,#12631,#12632,
#12633,#12634,#12635,#12636,#12637,#12638,#12639,#12640),.UNSPECIFIED.,
 .F.,.F.,(4,2,2,2,2,2,2,2,2,2,2,4),(1.46884503462213E-6,0.0385120746663,
0.074112163198474,0.113895468008779,0.1337107412516,0.147501296153219,0.160732674890429,
0.178044670937727,0.211170207431073,0.245296760426631,0.283126749482575,
0.321724106555078),.UNSPECIFIED.);
#256=B_SPLINE_CURVE_WITH_KNOTS('',3,(#12642,#12643,#12644,#12645,#12646,
#12647),.UNSPECIFIED.,.F.,.F.,(4,2,4),(1.2675070778588E-6,0.256010129385659,
0.512129994063025),.UNSPECIFIED.);
#257=B_SPLINE_CURVE_WITH_KNOTS('',3,(#12651,#12652,#12653,#12654,#12655,
#12656),.UNSPECIFIED.,.F.,.F.,(4,2,4),(1.00000000367982E-6,0.270626028728649,
0.541113816633399),.UNSPECIFIED.);
#258=B_SPLINE_CURVE_WITH_KNOTS('',3,(#12658,#12659,#12660,#12661,#12662,
#12663,#12664,#12665,#12666,#12667,#12668,#12669,#12670,#12671,#12672,#12673,
#12674,#12675,#12676,#12677,#12678,#12679,#12680,#12681,#12682,#12683),
 .UNSPECIFIED.,.F.,.F.,(4,2,2,2,2,2,2,2,2,2,2,2,4),(4.16427486122161E-6,
0.0338092679258925,0.0705083952345391,0.110890189910555,0.133801763576475,
0.148388787688985,0.161393565536157,0.177141585340732,0.204393617759285,
0.237351739201575,0.274220079592503,0.298989812823117,0.323026473821667),
 .UNSPECIFIED.);
#259=B_SPLINE_CURVE_WITH_KNOTS('',3,(#12685,#12686,#12687,#12688,#12689,
#12690),.UNSPECIFIED.,.F.,.F.,(4,2,4),(2.70265445055551E-6,0.27858019161802,
0.557157870767932),.UNSPECIFIED.);
#260=B_SPLINE_CURVE_WITH_KNOTS('',3,(#12696,#12697,#12698,#12699,#12700,
#12701,#12702,#12703,#12704,#12705,#12706,#12707,#12708,#12709,#12710,#12711,
#12712,#12713,#12714,#12715,#12716,#12717,#12718,#12719,#12720,#12721),
 .UNSPECIFIED.,.F.,.F.,(4,2,2,2,2,2,2,2,2,2,2,2,4),(5.32106843923542E-6,
0.0354978707100218,0.0726049659621391,0.105600541870208,0.133064686020657,
0.148844708055209,0.161828851904257,0.176349745952258,0.199091843067828,
0.239471283777098,0.276303342463413,0.300531103268367,0.323955312540665),
 .UNSPECIFIED.);
#261=B_SPLINE_CURVE_WITH_KNOTS('',3,(#12725,#12726,#12727,#12728,#12729,
#12730,#12731,#12732,#12733,#12734,#12735,#12736,#12737,#12738,#12739,#12740,
#12741,#12742,#12743,#12744,#12745,#12746,#12747,#12748),.UNSPECIFIED.,
 .F.,.F.,(4,2,2,2,2,2,2,2,2,2,2,4),(0.997810739518196,1.03043592326568,
1.06558597273542,1.10711224557233,1.17882463655667,1.30588005310519,1.43223666547457,
1.57538373660411,1.70776909166566,1.82693280708743,1.94317735310872,1.99679146915507),
 .UNSPECIFIED.);
#262=B_SPLINE_CURVE_WITH_KNOTS('',3,(#12749,#12750,#12751,#12752,#12753,
#12754,#12755,#12756,#12757,#12758,#12759,#12760,#12761,#12762,#12763,#12764,
#12765,#12766,#12767,#12768,#12769,#12770,#12771,#12772,#12773,#12774,#12775,
#12776,#12777),.UNSPECIFIED.,.F.,.F.,(4,3,2,2,2,2,2,2,2,2,2,2,2,4),(1.99679146915507,
1.99732614695137,2.03946895662587,2.05858130386418,2.10203418097558,2.16868486919832,
2.28703463102785,2.39330901080023,2.5133446348622,2.65302369216048,2.79712206088394,
2.91636739945546,2.98660965588039,2.99513688646957),.UNSPECIFIED.);
#263=B_SPLINE_CURVE_WITH_KNOTS('',3,(#12787,#12788,#12789,#12790,#12791,
#12792),.UNSPECIFIED.,.F.,.F.,(4,2,4),(0.,0.158302510690174,0.316605068415481),
 .UNSPECIFIED.);
#264=B_SPLINE_CURVE_WITH_KNOTS('',3,(#12793,#12794,#12795,#12796,#12797,
#12798,#12799,#12800,#12801,#12802,#12803,#12804,#12805,#12806,#12807,#12808,
#12809,#12810,#12811),.UNSPECIFIED.,.F.,.F.,(4,3,3,3,3,3,4),(-0.298713433504487,
-0.265686349082526,-0.228520370221653,-0.155601079663625,-0.149358074673031,
-0.0672123333904484,-2.46967326357535E-8),.UNSPECIFIED.);
#265=B_SPLINE_CURVE_WITH_KNOTS('',3,(#13406,#13407,#13408,#13409,#13410,
#13411,#13412,#13413,#13414,#13415),.UNSPECIFIED.,.F.,.F.,(4,3,3,4),(0.,
0.098591792259875,0.19718358451975,0.345071272909562),.UNSPECIFIED.);
#266=B_SPLINE_CURVE_WITH_KNOTS('',3,(#13452,#13453,#13454,#13455),
 .UNSPECIFIED.,.F.,.F.,(4,4),(-8.92116376119172E-16,0.75),.UNSPECIFIED.);
#267=B_SPLINE_CURVE_WITH_KNOTS('',3,(#13458,#13459,#13460,#13461),
 .UNSPECIFIED.,.F.,.F.,(4,4),(0.,0.0114132683341773),.UNSPECIFIED.);
#268=B_SPLINE_CURVE_WITH_KNOTS('',3,(#13462,#13463,#13464,#13465),
 .UNSPECIFIED.,.F.,.F.,(4,4),(0.,0.4),.UNSPECIFIED.);
#269=B_SPLINE_CURVE_WITH_KNOTS('',3,(#13497,#13498,#13499,#13500,#13501,
#13502),.UNSPECIFIED.,.F.,.F.,(4,1,1,4),(-0.478557202399059,-0.341826573142185,
-0.205095943885311,0.),.UNSPECIFIED.);
#270=B_SPLINE_CURVE_WITH_KNOTS('',3,(#13526,#13527,#13528,#13529),
 .UNSPECIFIED.,.F.,.F.,(4,4),(4.09029147145266E-12,0.91925457548451),
 .UNSPECIFIED.);
#271=B_SPLINE_CURVE_WITH_KNOTS('',3,(#13561,#13562,#13563,#13564,#13565),
 .UNSPECIFIED.,.F.,.F.,(4,1,4),(-0.474379222334319,-0.203305381000422,0.),
 .UNSPECIFIED.);
#272=B_SPLINE_CURVE_WITH_KNOTS('',3,(#13591,#13592,#13593,#13594),
 .UNSPECIFIED.,.F.,.F.,(4,4),(0.,0.75),.UNSPECIFIED.);
#273=B_SPLINE_CURVE_WITH_KNOTS('',3,(#13639,#13640,#13641,#13642),
 .UNSPECIFIED.,.F.,.F.,(4,4),(0.876166075402768,0.925208924698953),
 .UNSPECIFIED.);
#274=B_SPLINE_CURVE_WITH_KNOTS('',3,(#13646,#13647,#13648,#13649,#13650,
#13651,#13652,#13653,#13654,#13655,#13656,#13657,#13658,#13659,#13660,#13661,
#13662,#13663),.UNSPECIFIED.,.F.,.F.,(4,2,2,2,2,2,2,2,4),(0.172235175819581,
0.173352370927824,0.199417814537652,0.223265835487429,0.247113856437206,
0.270961877386983,0.29480989833676,0.320875341946588,0.32199253705483),
 .UNSPECIFIED.);
#275=B_SPLINE_CURVE_WITH_KNOTS('',3,(#13667,#13668,#13669,#13670),
 .UNSPECIFIED.,.F.,.F.,(4,4),(-0.049042849296185,0.),.UNSPECIFIED.);
#276=B_SPLINE_CURVE_WITH_KNOTS('',3,(#13674,#13675,#13676,#13677,#13678,
#13679,#13680,#13681,#13682,#13683,#13684,#13685,#13686,#13687,#13688,#13689,
#13690,#13691,#13692,#13693,#13694,#13695),.UNSPECIFIED.,.F.,.F.,(4,2,2,
2,2,2,2,2,2,2,4),(0.,0.0992953586552627,0.198590717310525,0.285233913370539,
0.361658475535962,0.438083037701384,0.514507599866806,0.590932162032229,
0.677575358092243,0.776870716747505,0.876166075402768),.UNSPECIFIED.);
#277=B_SPLINE_CURVE_WITH_KNOTS('',3,(#13704,#13705,#13706,#13707,#13708,
#13709,#13710,#13711,#13712,#13713,#13714,#13715,#13716,#13717),
 .UNSPECIFIED.,.F.,.F.,(4,2,2,2,2,2,4),(0.438083037701379,0.514507599866801,
0.590932162032223,0.677575358092235,0.776870716747496,0.876166075402758,
0.925208924698943),.UNSPECIFIED.);
#278=B_SPLINE_CURVE_WITH_KNOTS('',3,(#13721,#13722,#13723,#13724,#13725,
#13726,#13727,#13728,#13729,#13730),.UNSPECIFIED.,.F.,.F.,(4,2,2,2,4),(0.419349032256762,
0.420466227365,0.446531670974824,0.470379691924601,0.494227712874378),
 .UNSPECIFIED.);
#279=B_SPLINE_CURVE_WITH_KNOTS('',3,(#13732,#13733,#13734,#13735,#13736,
#13737,#13738,#13739,#13740,#13741),.UNSPECIFIED.,.F.,.F.,(4,2,2,2,4),(0.494227712874378,
0.518075733824154,0.541923754773931,0.567989198383756,0.569106393491993),
 .UNSPECIFIED.);
#280=B_SPLINE_CURVE_WITH_KNOTS('',3,(#13744,#13745,#13746,#13747,#13748,
#13749,#13750,#13751,#13752,#13753,#13754,#13755,#13756,#13757,#13758),
 .UNSPECIFIED.,.F.,.F.,(4,3,2,2,2,2,4),(-0.0490428492961845,0.,0.0992953586552618,
0.198590717310524,0.285233913370536,0.361658475535958,0.438083037701379),
 .UNSPECIFIED.);
#281=B_SPLINE_CURVE_WITH_KNOTS('',3,(#15097,#15098,#15099,#15100,#15101,
#15102,#15103,#15104,#15105,#15106),.UNSPECIFIED.,.F.,.F.,(4,2,2,2,4),(1.2330089922846,
1.3867480948059,1.5404871973272,1.70062615294295,1.8607651085587),
 .UNSPECIFIED.);
#282=B_SPLINE_CURVE_WITH_KNOTS('',3,(#15108,#15109,#15110,#15111,#15112,
#15113,#15114,#15115,#15116,#15117),.UNSPECIFIED.,.F.,.F.,(4,2,2,2,4),(0.605252856564023,
0.765391080838885,0.925529305113748,1.07926830418937,1.23300730326498),
 .UNSPECIFIED.);
#283=LINE('',#11363,#1071);
#284=LINE('',#11365,#1072);
#285=LINE('',#11367,#1073);
#286=LINE('',#11369,#1074);
#287=LINE('',#11371,#1075);
#288=LINE('',#11373,#1076);
#289=LINE('',#11375,#1077);
#290=LINE('',#11377,#1078);
#291=LINE('',#11391,#1079);
#292=LINE('',#11393,#1080);
#293=LINE('',#11395,#1081);
#294=LINE('',#11397,#1082);
#295=LINE('',#11401,#1083);
#296=LINE('',#11405,#1084);
#297=LINE('',#11407,#1085);
#298=LINE('',#11409,#1086);
#299=LINE('',#11411,#1087);
#300=LINE('',#11419,#1088);
#301=LINE('',#11435,#1089);
#302=LINE('',#11476,#1090);
#303=LINE('',#11495,#1091);
#304=LINE('',#11511,#1092);
#305=LINE('',#11621,#1093);
#306=LINE('',#11853,#1094);
#307=LINE('',#12292,#1095);
#308=LINE('',#12785,#1096);
#309=LINE('',#12821,#1097);
#310=LINE('',#12829,#1098);
#311=LINE('',#12833,#1099);
#312=LINE('',#12837,#1100);
#313=LINE('',#12841,#1101);
#314=LINE('',#12845,#1102);
#315=LINE('',#12847,#1103);
#316=LINE('',#12849,#1104);
#317=LINE('',#12851,#1105);
#318=LINE('',#12853,#1106);
#319=LINE('',#12855,#1107);
#320=LINE('',#12857,#1108);
#321=LINE('',#12859,#1109);
#322=LINE('',#12861,#1110);
#323=LINE('',#12863,#1111);
#324=LINE('',#12865,#1112);
#325=LINE('',#12867,#1113);
#326=LINE('',#12869,#1114);
#327=LINE('',#12871,#1115);
#328=LINE('',#12873,#1116);
#329=LINE('',#12875,#1117);
#330=LINE('',#12877,#1118);
#331=LINE('',#12879,#1119);
#332=LINE('',#12881,#1120);
#333=LINE('',#12883,#1121);
#334=LINE('',#12885,#1122);
#335=LINE('',#12887,#1123);
#336=LINE('',#12889,#1124);
#337=LINE('',#12893,#1125);
#338=LINE('',#12897,#1126);
#339=LINE('',#12901,#1127);
#340=LINE('',#12905,#1128);
#341=LINE('',#12909,#1129);
#342=LINE('',#12913,#1130);
#343=LINE('',#12917,#1131);
#344=LINE('',#12921,#1132);
#345=LINE('',#12925,#1133);
#346=LINE('',#12929,#1134);
#347=LINE('',#12933,#1135);
#348=LINE('',#12937,#1136);
#349=LINE('',#12941,#1137);
#350=LINE('',#12945,#1138);
#351=LINE('',#12949,#1139);
#352=LINE('',#12953,#1140);
#353=LINE('',#12957,#1141);
#354=LINE('',#12961,#1142);
#355=LINE('',#12965,#1143);
#356=LINE('',#12969,#1144);
#357=LINE('',#12973,#1145);
#358=LINE('',#12977,#1146);
#359=LINE('',#12981,#1147);
#360=LINE('',#12985,#1148);
#361=LINE('',#12989,#1149);
#362=LINE('',#12993,#1150);
#363=LINE('',#12997,#1151);
#364=LINE('',#13001,#1152);
#365=LINE('',#13005,#1153);
#366=LINE('',#13009,#1154);
#367=LINE('',#13013,#1155);
#368=LINE('',#13017,#1156);
#369=LINE('',#13021,#1157);
#370=LINE('',#13025,#1158);
#371=LINE('',#13029,#1159);
#372=LINE('',#13033,#1160);
#373=LINE('',#13037,#1161);
#374=LINE('',#13041,#1162);
#375=LINE('',#13045,#1163);
#376=LINE('',#13049,#1164);
#377=LINE('',#13053,#1165);
#378=LINE('',#13057,#1166);
#379=LINE('',#13061,#1167);
#380=LINE('',#13065,#1168);
#381=LINE('',#13069,#1169);
#382=LINE('',#13073,#1170);
#383=LINE('',#13077,#1171);
#384=LINE('',#13081,#1172);
#385=LINE('',#13085,#1173);
#386=LINE('',#13089,#1174);
#387=LINE('',#13093,#1175);
#388=LINE('',#13097,#1176);
#389=LINE('',#13101,#1177);
#390=LINE('',#13105,#1178);
#391=LINE('',#13109,#1179);
#392=LINE('',#13113,#1180);
#393=LINE('',#13117,#1181);
#394=LINE('',#13121,#1182);
#395=LINE('',#13125,#1183);
#396=LINE('',#13129,#1184);
#397=LINE('',#13133,#1185);
#398=LINE('',#13137,#1186);
#399=LINE('',#13141,#1187);
#400=LINE('',#13145,#1188);
#401=LINE('',#13149,#1189);
#402=LINE('',#13153,#1190);
#403=LINE('',#13157,#1191);
#404=LINE('',#13161,#1192);
#405=LINE('',#13165,#1193);
#406=LINE('',#13169,#1194);
#407=LINE('',#13173,#1195);
#408=LINE('',#13177,#1196);
#409=LINE('',#13181,#1197);
#410=LINE('',#13185,#1198);
#411=LINE('',#13189,#1199);
#412=LINE('',#13193,#1200);
#413=LINE('',#13197,#1201);
#414=LINE('',#13201,#1202);
#415=LINE('',#13205,#1203);
#416=LINE('',#13209,#1204);
#417=LINE('',#13213,#1205);
#418=LINE('',#13217,#1206);
#419=LINE('',#13221,#1207);
#420=LINE('',#13225,#1208);
#421=LINE('',#13229,#1209);
#422=LINE('',#13233,#1210);
#423=LINE('',#13237,#1211);
#424=LINE('',#13241,#1212);
#425=LINE('',#13245,#1213);
#426=LINE('',#13249,#1214);
#427=LINE('',#13253,#1215);
#428=LINE('',#13257,#1216);
#429=LINE('',#13261,#1217);
#430=LINE('',#13265,#1218);
#431=LINE('',#13269,#1219);
#432=LINE('',#13273,#1220);
#433=LINE('',#13277,#1221);
#434=LINE('',#13281,#1222);
#435=LINE('',#13285,#1223);
#436=LINE('',#13289,#1224);
#437=LINE('',#13293,#1225);
#438=LINE('',#13297,#1226);
#439=LINE('',#13301,#1227);
#440=LINE('',#13305,#1228);
#441=LINE('',#13309,#1229);
#442=LINE('',#13313,#1230);
#443=LINE('',#13317,#1231);
#444=LINE('',#13319,#1232);
#445=LINE('',#13321,#1233);
#446=LINE('',#13323,#1234);
#447=LINE('',#13325,#1235);
#448=LINE('',#13327,#1236);
#449=LINE('',#13329,#1237);
#450=LINE('',#13331,#1238);
#451=LINE('',#13333,#1239);
#452=LINE('',#13335,#1240);
#453=LINE('',#13337,#1241);
#454=LINE('',#13339,#1242);
#455=LINE('',#13341,#1243);
#456=LINE('',#13343,#1244);
#457=LINE('',#13345,#1245);
#458=LINE('',#13347,#1246);
#459=LINE('',#13349,#1247);
#460=LINE('',#13351,#1248);
#461=LINE('',#13353,#1249);
#462=LINE('',#13355,#1250);
#463=LINE('',#13357,#1251);
#464=LINE('',#13358,#1252);
#465=LINE('',#13400,#1253);
#466=LINE('',#13417,#1254);
#467=LINE('',#13419,#1255);
#468=LINE('',#13421,#1256);
#469=LINE('',#13423,#1257);
#470=LINE('',#13425,#1258);
#471=LINE('',#13427,#1259);
#472=LINE('',#13428,#1260);
#473=LINE('',#13597,#1261);
#474=LINE('',#13598,#1262);
#475=LINE('',#13601,#1263);
#476=LINE('',#13605,#1264);
#477=LINE('',#13606,#1265);
#478=LINE('',#13609,#1266);
#479=LINE('',#13613,#1267);
#480=LINE('',#13615,#1268);
#481=LINE('',#13616,#1269);
#482=LINE('',#13620,#1270);
#483=LINE('',#13622,#1271);
#484=LINE('',#13623,#1272);
#485=LINE('',#13625,#1273);
#486=LINE('',#13626,#1274);
#487=LINE('',#13631,#1275);
#488=LINE('',#13632,#1276);
#489=LINE('',#13637,#1277);
#490=LINE('',#13644,#1278);
#491=LINE('',#13665,#1279);
#492=LINE('',#13672,#1280);
#493=LINE('',#13700,#1281);
#494=LINE('',#13719,#1282);
#495=LINE('',#13743,#1283);
#496=LINE('',#13761,#1284);
#497=LINE('',#13764,#1285);
#498=LINE('',#13767,#1286);
#499=LINE('',#13770,#1287);
#500=LINE('',#13773,#1288);
#501=LINE('',#13776,#1289);
#502=LINE('',#13779,#1290);
#503=LINE('',#13782,#1291);
#504=LINE('',#13785,#1292);
#505=LINE('',#13788,#1293);
#506=LINE('',#13792,#1294);
#507=LINE('',#13796,#1295);
#508=LINE('',#13800,#1296);
#509=LINE('',#13804,#1297);
#510=LINE('',#13808,#1298);
#511=LINE('',#13812,#1299);
#512=LINE('',#13814,#1300);
#513=LINE('',#13817,#1301);
#514=LINE('',#13821,#1302);
#515=LINE('',#13825,#1303);
#516=LINE('',#13829,#1304);
#517=LINE('',#13835,#1305);
#518=LINE('',#13837,#1306);
#519=LINE('',#13840,#1307);
#520=LINE('',#13842,#1308);
#521=LINE('',#13845,#1309);
#522=LINE('',#13847,#1310);
#523=LINE('',#13850,#1311);
#524=LINE('',#13852,#1312);
#525=LINE('',#13855,#1313);
#526=LINE('',#13857,#1314);
#527=LINE('',#13861,#1315);
#528=LINE('',#13864,#1316);
#529=LINE('',#13866,#1317);
#530=LINE('',#13869,#1318);
#531=LINE('',#13871,#1319);
#532=LINE('',#13874,#1320);
#533=LINE('',#13876,#1321);
#534=LINE('',#13879,#1322);
#535=LINE('',#13881,#1323);
#536=LINE('',#13884,#1324);
#537=LINE('',#13886,#1325);
#538=LINE('',#13889,#1326);
#539=LINE('',#13891,#1327);
#540=LINE('',#13894,#1328);
#541=LINE('',#13896,#1329);
#542=LINE('',#13899,#1330);
#543=LINE('',#13901,#1331);
#544=LINE('',#13904,#1332);
#545=LINE('',#13906,#1333);
#546=LINE('',#13909,#1334);
#547=LINE('',#13911,#1335);
#548=LINE('',#13914,#1336);
#549=LINE('',#13916,#1337);
#550=LINE('',#13919,#1338);
#551=LINE('',#13921,#1339);
#552=LINE('',#13924,#1340);
#553=LINE('',#13926,#1341);
#554=LINE('',#13929,#1342);
#555=LINE('',#13931,#1343);
#556=LINE('',#13934,#1344);
#557=LINE('',#13936,#1345);
#558=LINE('',#13939,#1346);
#559=LINE('',#13941,#1347);
#560=LINE('',#13944,#1348);
#561=LINE('',#13946,#1349);
#562=LINE('',#13949,#1350);
#563=LINE('',#13951,#1351);
#564=LINE('',#13954,#1352);
#565=LINE('',#13956,#1353);
#566=LINE('',#13959,#1354);
#567=LINE('',#13961,#1355);
#568=LINE('',#13964,#1356);
#569=LINE('',#13966,#1357);
#570=LINE('',#13969,#1358);
#571=LINE('',#13971,#1359);
#572=LINE('',#13974,#1360);
#573=LINE('',#13976,#1361);
#574=LINE('',#13979,#1362);
#575=LINE('',#13981,#1363);
#576=LINE('',#13984,#1364);
#577=LINE('',#13986,#1365);
#578=LINE('',#13989,#1366);
#579=LINE('',#13991,#1367);
#580=LINE('',#13994,#1368);
#581=LINE('',#13996,#1369);
#582=LINE('',#13999,#1370);
#583=LINE('',#14001,#1371);
#584=LINE('',#14004,#1372);
#585=LINE('',#14006,#1373);
#586=LINE('',#14009,#1374);
#587=LINE('',#14011,#1375);
#588=LINE('',#14014,#1376);
#589=LINE('',#14016,#1377);
#590=LINE('',#14019,#1378);
#591=LINE('',#14021,#1379);
#592=LINE('',#14024,#1380);
#593=LINE('',#14026,#1381);
#594=LINE('',#14029,#1382);
#595=LINE('',#14030,#1383);
#596=LINE('',#14032,#1384);
#597=LINE('',#14036,#1385);
#598=LINE('',#14043,#1386);
#599=LINE('',#14049,#1387);
#600=LINE('',#14052,#1388);
#601=LINE('',#14053,#1389);
#602=LINE('',#14056,#1390);
#603=LINE('',#14058,#1391);
#604=LINE('',#14060,#1392);
#605=LINE('',#14061,#1393);
#606=LINE('',#14064,#1394);
#607=LINE('',#14066,#1395);
#608=LINE('',#14068,#1396);
#609=LINE('',#14069,#1397);
#610=LINE('',#14073,#1398);
#611=LINE('',#14075,#1399);
#612=LINE('',#14077,#1400);
#613=LINE('',#14079,#1401);
#614=LINE('',#14081,#1402);
#615=LINE('',#14082,#1403);
#616=LINE('',#14086,#1404);
#617=LINE('',#14088,#1405);
#618=LINE('',#14090,#1406);
#619=LINE('',#14092,#1407);
#620=LINE('',#14094,#1408);
#621=LINE('',#14095,#1409);
#622=LINE('',#14101,#1410);
#623=LINE('',#14105,#1411);
#624=LINE('',#14108,#1412);
#625=LINE('',#14112,#1413);
#626=LINE('',#14114,#1414);
#627=LINE('',#14117,#1415);
#628=LINE('',#14123,#1416);
#629=LINE('',#14124,#1417);
#630=LINE('',#14126,#1418);
#631=LINE('',#14127,#1419);
#632=LINE('',#14130,#1420);
#633=LINE('',#14133,#1421);
#634=LINE('',#14135,#1422);
#635=LINE('',#14136,#1423);
#636=LINE('',#14139,#1424);
#637=LINE('',#14141,#1425);
#638=LINE('',#14142,#1426);
#639=LINE('',#14146,#1427);
#640=LINE('',#14147,#1428);
#641=LINE('',#14149,#1429);
#642=LINE('',#14151,#1430);
#643=LINE('',#14154,#1431);
#644=LINE('',#14157,#1432);
#645=LINE('',#14159,#1433);
#646=LINE('',#14162,#1434);
#647=LINE('',#14166,#1435);
#648=LINE('',#14167,#1436);
#649=LINE('',#14169,#1437);
#650=LINE('',#14170,#1438);
#651=LINE('',#14172,#1439);
#652=LINE('',#14173,#1440);
#653=LINE('',#14175,#1441);
#654=LINE('',#14176,#1442);
#655=LINE('',#14182,#1443);
#656=LINE('',#14185,#1444);
#657=LINE('',#14186,#1445);
#658=LINE('',#14188,#1446);
#659=LINE('',#14192,#1447);
#660=LINE('',#14196,#1448);
#661=LINE('',#14200,#1449);
#662=LINE('',#14204,#1450);
#663=LINE('',#14208,#1451);
#664=LINE('',#14212,#1452);
#665=LINE('',#14216,#1453);
#666=LINE('',#14220,#1454);
#667=LINE('',#14224,#1455);
#668=LINE('',#14228,#1456);
#669=LINE('',#14232,#1457);
#670=LINE('',#14236,#1458);
#671=LINE('',#14240,#1459);
#672=LINE('',#14244,#1460);
#673=LINE('',#14248,#1461);
#674=LINE('',#14252,#1462);
#675=LINE('',#14254,#1463);
#676=LINE('',#14256,#1464);
#677=LINE('',#14258,#1465);
#678=LINE('',#14260,#1466);
#679=LINE('',#14262,#1467);
#680=LINE('',#14264,#1468);
#681=LINE('',#14266,#1469);
#682=LINE('',#14268,#1470);
#683=LINE('',#14270,#1471);
#684=LINE('',#14272,#1472);
#685=LINE('',#14274,#1473);
#686=LINE('',#14276,#1474);
#687=LINE('',#14278,#1475);
#688=LINE('',#14280,#1476);
#689=LINE('',#14282,#1477);
#690=LINE('',#14284,#1478);
#691=LINE('',#14286,#1479);
#692=LINE('',#14288,#1480);
#693=LINE('',#14290,#1481);
#694=LINE('',#14292,#1482);
#695=LINE('',#14294,#1483);
#696=LINE('',#14295,#1484);
#697=LINE('',#14298,#1485);
#698=LINE('',#14299,#1486);
#699=LINE('',#14301,#1487);
#700=LINE('',#14302,#1488);
#701=LINE('',#14305,#1489);
#702=LINE('',#14309,#1490);
#703=LINE('',#14313,#1491);
#704=LINE('',#14315,#1492);
#705=LINE('',#14317,#1493);
#706=LINE('',#14319,#1494);
#707=LINE('',#14321,#1495);
#708=LINE('',#14323,#1496);
#709=LINE('',#14325,#1497);
#710=LINE('',#14327,#1498);
#711=LINE('',#14329,#1499);
#712=LINE('',#14331,#1500);
#713=LINE('',#14333,#1501);
#714=LINE('',#14335,#1502);
#715=LINE('',#14337,#1503);
#716=LINE('',#14339,#1504);
#717=LINE('',#14341,#1505);
#718=LINE('',#14343,#1506);
#719=LINE('',#14345,#1507);
#720=LINE('',#14347,#1508);
#721=LINE('',#14349,#1509);
#722=LINE('',#14351,#1510);
#723=LINE('',#14353,#1511);
#724=LINE('',#14355,#1512);
#725=LINE('',#14357,#1513);
#726=LINE('',#14361,#1514);
#727=LINE('',#14365,#1515);
#728=LINE('',#14369,#1516);
#729=LINE('',#14373,#1517);
#730=LINE('',#14377,#1518);
#731=LINE('',#14381,#1519);
#732=LINE('',#14385,#1520);
#733=LINE('',#14389,#1521);
#734=LINE('',#14393,#1522);
#735=LINE('',#14397,#1523);
#736=LINE('',#14401,#1524);
#737=LINE('',#14405,#1525);
#738=LINE('',#14409,#1526);
#739=LINE('',#14413,#1527);
#740=LINE('',#14417,#1528);
#741=LINE('',#14420,#1529);
#742=LINE('',#14422,#1530);
#743=LINE('',#14423,#1531);
#744=LINE('',#14425,#1532);
#745=LINE('',#14426,#1533);
#746=LINE('',#14428,#1534);
#747=LINE('',#14429,#1535);
#748=LINE('',#14431,#1536);
#749=LINE('',#14432,#1537);
#750=LINE('',#14434,#1538);
#751=LINE('',#14435,#1539);
#752=LINE('',#14437,#1540);
#753=LINE('',#14438,#1541);
#754=LINE('',#14440,#1542);
#755=LINE('',#14441,#1543);
#756=LINE('',#14443,#1544);
#757=LINE('',#14444,#1545);
#758=LINE('',#14446,#1546);
#759=LINE('',#14447,#1547);
#760=LINE('',#14449,#1548);
#761=LINE('',#14450,#1549);
#762=LINE('',#14452,#1550);
#763=LINE('',#14453,#1551);
#764=LINE('',#14455,#1552);
#765=LINE('',#14456,#1553);
#766=LINE('',#14458,#1554);
#767=LINE('',#14459,#1555);
#768=LINE('',#14461,#1556);
#769=LINE('',#14462,#1557);
#770=LINE('',#14464,#1558);
#771=LINE('',#14465,#1559);
#772=LINE('',#14467,#1560);
#773=LINE('',#14468,#1561);
#774=LINE('',#14476,#1562);
#775=LINE('',#14479,#1563);
#776=LINE('',#14481,#1564);
#777=LINE('',#14483,#1565);
#778=LINE('',#14487,#1566);
#779=LINE('',#14490,#1567);
#780=LINE('',#14492,#1568);
#781=LINE('',#14494,#1569);
#782=LINE('',#14498,#1570);
#783=LINE('',#14501,#1571);
#784=LINE('',#14503,#1572);
#785=LINE('',#14505,#1573);
#786=LINE('',#14509,#1574);
#787=LINE('',#14512,#1575);
#788=LINE('',#14514,#1576);
#789=LINE('',#14516,#1577);
#790=LINE('',#14520,#1578);
#791=LINE('',#14523,#1579);
#792=LINE('',#14525,#1580);
#793=LINE('',#14527,#1581);
#794=LINE('',#14531,#1582);
#795=LINE('',#14534,#1583);
#796=LINE('',#14536,#1584);
#797=LINE('',#14538,#1585);
#798=LINE('',#14542,#1586);
#799=LINE('',#14545,#1587);
#800=LINE('',#14547,#1588);
#801=LINE('',#14549,#1589);
#802=LINE('',#14553,#1590);
#803=LINE('',#14556,#1591);
#804=LINE('',#14558,#1592);
#805=LINE('',#14560,#1593);
#806=LINE('',#14564,#1594);
#807=LINE('',#14567,#1595);
#808=LINE('',#14569,#1596);
#809=LINE('',#14571,#1597);
#810=LINE('',#14575,#1598);
#811=LINE('',#14578,#1599);
#812=LINE('',#14580,#1600);
#813=LINE('',#14582,#1601);
#814=LINE('',#14586,#1602);
#815=LINE('',#14589,#1603);
#816=LINE('',#14591,#1604);
#817=LINE('',#14593,#1605);
#818=LINE('',#14597,#1606);
#819=LINE('',#14600,#1607);
#820=LINE('',#14602,#1608);
#821=LINE('',#14604,#1609);
#822=LINE('',#14608,#1610);
#823=LINE('',#14611,#1611);
#824=LINE('',#14613,#1612);
#825=LINE('',#14615,#1613);
#826=LINE('',#14619,#1614);
#827=LINE('',#14622,#1615);
#828=LINE('',#14624,#1616);
#829=LINE('',#14626,#1617);
#830=LINE('',#14630,#1618);
#831=LINE('',#14633,#1619);
#832=LINE('',#14635,#1620);
#833=LINE('',#14637,#1621);
#834=LINE('',#14641,#1622);
#835=LINE('',#14644,#1623);
#836=LINE('',#14646,#1624);
#837=LINE('',#14648,#1625);
#838=LINE('',#14652,#1626);
#839=LINE('',#14655,#1627);
#840=LINE('',#14657,#1628);
#841=LINE('',#14659,#1629);
#842=LINE('',#14663,#1630);
#843=LINE('',#14666,#1631);
#844=LINE('',#14668,#1632);
#845=LINE('',#14670,#1633);
#846=LINE('',#14674,#1634);
#847=LINE('',#14677,#1635);
#848=LINE('',#14679,#1636);
#849=LINE('',#14681,#1637);
#850=LINE('',#14684,#1638);
#851=LINE('',#14685,#1639);
#852=LINE('',#14689,#1640);
#853=LINE('',#14690,#1641);
#854=LINE('',#14694,#1642);
#855=LINE('',#14695,#1643);
#856=LINE('',#14699,#1644);
#857=LINE('',#14700,#1645);
#858=LINE('',#14704,#1646);
#859=LINE('',#14705,#1647);
#860=LINE('',#14709,#1648);
#861=LINE('',#14710,#1649);
#862=LINE('',#14714,#1650);
#863=LINE('',#14715,#1651);
#864=LINE('',#14719,#1652);
#865=LINE('',#14720,#1653);
#866=LINE('',#14724,#1654);
#867=LINE('',#14726,#1655);
#868=LINE('',#14727,#1656);
#869=LINE('',#14729,#1657);
#870=LINE('',#14731,#1658);
#871=LINE('',#14733,#1659);
#872=LINE('',#14734,#1660);
#873=LINE('',#14738,#1661);
#874=LINE('',#14739,#1662);
#875=LINE('',#14743,#1663);
#876=LINE('',#14744,#1664);
#877=LINE('',#14748,#1665);
#878=LINE('',#14749,#1666);
#879=LINE('',#14753,#1667);
#880=LINE('',#14754,#1668);
#881=LINE('',#14758,#1669);
#882=LINE('',#14759,#1670);
#883=LINE('',#14763,#1671);
#884=LINE('',#14764,#1672);
#885=LINE('',#14768,#1673);
#886=LINE('',#14769,#1674);
#887=LINE('',#14774,#1675);
#888=LINE('',#14777,#1676);
#889=LINE('',#14779,#1677);
#890=LINE('',#14781,#1678);
#891=LINE('',#14785,#1679);
#892=LINE('',#14788,#1680);
#893=LINE('',#14790,#1681);
#894=LINE('',#14792,#1682);
#895=LINE('',#14796,#1683);
#896=LINE('',#14799,#1684);
#897=LINE('',#14801,#1685);
#898=LINE('',#14803,#1686);
#899=LINE('',#14807,#1687);
#900=LINE('',#14810,#1688);
#901=LINE('',#14812,#1689);
#902=LINE('',#14814,#1690);
#903=LINE('',#14818,#1691);
#904=LINE('',#14821,#1692);
#905=LINE('',#14823,#1693);
#906=LINE('',#14825,#1694);
#907=LINE('',#14829,#1695);
#908=LINE('',#14832,#1696);
#909=LINE('',#14834,#1697);
#910=LINE('',#14836,#1698);
#911=LINE('',#14840,#1699);
#912=LINE('',#14843,#1700);
#913=LINE('',#14845,#1701);
#914=LINE('',#14847,#1702);
#915=LINE('',#14851,#1703);
#916=LINE('',#14854,#1704);
#917=LINE('',#14856,#1705);
#918=LINE('',#14858,#1706);
#919=LINE('',#14862,#1707);
#920=LINE('',#14865,#1708);
#921=LINE('',#14867,#1709);
#922=LINE('',#14869,#1710);
#923=LINE('',#14873,#1711);
#924=LINE('',#14876,#1712);
#925=LINE('',#14878,#1713);
#926=LINE('',#14880,#1714);
#927=LINE('',#14884,#1715);
#928=LINE('',#14887,#1716);
#929=LINE('',#14889,#1717);
#930=LINE('',#14891,#1718);
#931=LINE('',#14895,#1719);
#932=LINE('',#14898,#1720);
#933=LINE('',#14900,#1721);
#934=LINE('',#14902,#1722);
#935=LINE('',#14906,#1723);
#936=LINE('',#14909,#1724);
#937=LINE('',#14911,#1725);
#938=LINE('',#14913,#1726);
#939=LINE('',#14917,#1727);
#940=LINE('',#14920,#1728);
#941=LINE('',#14922,#1729);
#942=LINE('',#14924,#1730);
#943=LINE('',#14928,#1731);
#944=LINE('',#14931,#1732);
#945=LINE('',#14933,#1733);
#946=LINE('',#14935,#1734);
#947=LINE('',#14939,#1735);
#948=LINE('',#14942,#1736);
#949=LINE('',#14944,#1737);
#950=LINE('',#14946,#1738);
#951=LINE('',#14950,#1739);
#952=LINE('',#14953,#1740);
#953=LINE('',#14955,#1741);
#954=LINE('',#14957,#1742);
#955=LINE('',#14961,#1743);
#956=LINE('',#14964,#1744);
#957=LINE('',#14966,#1745);
#958=LINE('',#14968,#1746);
#959=LINE('',#14971,#1747);
#960=LINE('',#14972,#1748);
#961=LINE('',#14974,#1749);
#962=LINE('',#14976,#1750);
#963=LINE('',#14978,#1751);
#964=LINE('',#14980,#1752);
#965=LINE('',#14982,#1753);
#966=LINE('',#14984,#1754);
#967=LINE('',#14986,#1755);
#968=LINE('',#14988,#1756);
#969=LINE('',#14990,#1757);
#970=LINE('',#14992,#1758);
#971=LINE('',#14994,#1759);
#972=LINE('',#14996,#1760);
#973=LINE('',#14998,#1761);
#974=LINE('',#15000,#1762);
#975=LINE('',#15002,#1763);
#976=LINE('',#15004,#1764);
#977=LINE('',#15006,#1765);
#978=LINE('',#15008,#1766);
#979=LINE('',#15010,#1767);
#980=LINE('',#15013,#1768);
#981=LINE('',#15014,#1769);
#982=LINE('',#15016,#1770);
#983=LINE('',#15018,#1771);
#984=LINE('',#15020,#1772);
#985=LINE('',#15022,#1773);
#986=LINE('',#15024,#1774);
#987=LINE('',#15025,#1775);
#988=LINE('',#15027,#1776);
#989=LINE('',#15029,#1777);
#990=LINE('',#15031,#1778);
#991=LINE('',#15033,#1779);
#992=LINE('',#15035,#1780);
#993=LINE('',#15037,#1781);
#994=LINE('',#15039,#1782);
#995=LINE('',#15041,#1783);
#996=LINE('',#15043,#1784);
#997=LINE('',#15045,#1785);
#998=LINE('',#15047,#1786);
#999=LINE('',#15049,#1787);
#1000=LINE('',#15051,#1788);
#1001=LINE('',#15053,#1789);
#1002=LINE('',#15059,#1790);
#1003=LINE('',#15062,#1791);
#1004=LINE('',#15068,#1792);
#1005=LINE('',#15070,#1793);
#1006=LINE('',#15073,#1794);
#1007=LINE('',#15075,#1795);
#1008=LINE('',#15078,#1796);
#1009=LINE('',#15080,#1797);
#1010=LINE('',#15083,#1798);
#1011=LINE('',#15085,#1799);
#1012=LINE('',#15088,#1800);
#1013=LINE('',#15090,#1801);
#1014=LINE('',#15122,#1802);
#1015=LINE('',#15123,#1803);
#1016=LINE('',#15125,#1804);
#1017=LINE('',#15127,#1805);
#1018=LINE('',#15129,#1806);
#1019=LINE('',#15132,#1807);
#1020=LINE('',#15135,#1808);
#1021=LINE('',#15137,#1809);
#1022=LINE('',#15141,#1810);
#1023=LINE('',#15143,#1811);
#1024=LINE('',#15144,#1812);
#1025=LINE('',#15148,#1813);
#1026=LINE('',#15150,#1814);
#1027=LINE('',#15157,#1815);
#1028=LINE('',#15159,#1816);
#1029=LINE('',#15161,#1817);
#1030=LINE('',#15162,#1818);
#1031=LINE('',#15164,#1819);
#1032=LINE('',#15166,#1820);
#1033=LINE('',#15168,#1821);
#1034=LINE('',#15170,#1822);
#1035=LINE('',#15173,#1823);
#1036=LINE('',#15177,#1824);
#1037=LINE('',#15179,#1825);
#1038=LINE('',#15180,#1826);
#1039=LINE('',#15182,#1827);
#1040=LINE('',#15183,#1828);
#1041=LINE('',#15186,#1829);
#1042=LINE('',#15188,#1830);
#1043=LINE('',#15192,#1831);
#1044=LINE('',#15194,#1832);
#1045=LINE('',#15195,#1833);
#1046=LINE('',#15198,#1834);
#1047=LINE('',#15200,#1835);
#1048=LINE('',#15201,#1836);
#1049=LINE('',#15203,#1837);
#1050=LINE('',#15205,#1838);
#1051=LINE('',#15207,#1839);
#1052=LINE('',#15209,#1840);
#1053=LINE('',#15212,#1841);
#1054=LINE('',#15213,#1842);
#1055=LINE('',#15215,#1843);
#1056=LINE('',#15217,#1844);
#1057=LINE('',#15221,#1845);
#1058=LINE('',#15223,#1846);
#1059=LINE('',#15225,#1847);
#1060=LINE('',#15228,#1848);
#1061=LINE('',#15230,#1849);
#1062=LINE('',#15232,#1850);
#1063=LINE('',#15235,#1851);
#1064=LINE('',#15236,#1852);
#1065=LINE('',#15238,#1853);
#1066=LINE('',#15240,#1854);
#1067=LINE('',#15243,#1855);
#1068=LINE('',#15244,#1856);
#1069=LINE('',#15246,#1857);
#1070=LINE('',#15248,#1858);
#1071=VECTOR('',#9051,10.);
#1072=VECTOR('',#9052,10.);
#1073=VECTOR('',#9053,10.);
#1074=VECTOR('',#9054,1000.);
#1075=VECTOR('',#9055,1000.);
#1076=VECTOR('',#9056,1000.);
#1077=VECTOR('',#9057,1000.);
#1078=VECTOR('',#9058,1000.);
#1079=VECTOR('',#9063,1000.);
#1080=VECTOR('',#9064,1000.);
#1081=VECTOR('',#9065,1000.);
#1082=VECTOR('',#9066,1000.);
#1083=VECTOR('',#9069,1000.);
#1084=VECTOR('',#9072,1000.);
#1085=VECTOR('',#9073,1000.);
#1086=VECTOR('',#9074,1000.);
#1087=VECTOR('',#9075,1000.);
#1088=VECTOR('',#9082,1000.);
#1089=VECTOR('',#9083,1000.);
#1090=VECTOR('',#9124,10.);
#1091=VECTOR('',#9129,10.);
#1092=VECTOR('',#9130,1000.);
#1093=VECTOR('',#9139,10.);
#1094=VECTOR('',#9142,1000.);
#1095=VECTOR('',#9161,1000.);
#1096=VECTOR('',#9174,1000.);
#1097=VECTOR('',#9187,2.75);
#1098=VECTOR('',#9196,1000.);
#1099=VECTOR('',#9199,1000.);
#1100=VECTOR('',#9202,1000.);
#1101=VECTOR('',#9205,1000.);
#1102=VECTOR('',#9208,1000.);
#1103=VECTOR('',#9209,1000.);
#1104=VECTOR('',#9210,1000.);
#1105=VECTOR('',#9211,1000.);
#1106=VECTOR('',#9212,1000.);
#1107=VECTOR('',#9213,1000.);
#1108=VECTOR('',#9214,1000.);
#1109=VECTOR('',#9215,1000.);
#1110=VECTOR('',#9216,1000.);
#1111=VECTOR('',#9217,1000.);
#1112=VECTOR('',#9218,1000.);
#1113=VECTOR('',#9219,1000.);
#1114=VECTOR('',#9220,1000.);
#1115=VECTOR('',#9221,1000.);
#1116=VECTOR('',#9222,1000.);
#1117=VECTOR('',#9223,1000.);
#1118=VECTOR('',#9224,1000.);
#1119=VECTOR('',#9225,1000.);
#1120=VECTOR('',#9226,1000.);
#1121=VECTOR('',#9227,1000.);
#1122=VECTOR('',#9228,1000.);
#1123=VECTOR('',#9229,1000.);
#1124=VECTOR('',#9230,1000.);
#1125=VECTOR('',#9233,1000.);
#1126=VECTOR('',#9236,1000.);
#1127=VECTOR('',#9239,1000.);
#1128=VECTOR('',#9242,1000.);
#1129=VECTOR('',#9245,1000.);
#1130=VECTOR('',#9248,1000.);
#1131=VECTOR('',#9251,1000.);
#1132=VECTOR('',#9254,1000.);
#1133=VECTOR('',#9257,1000.);
#1134=VECTOR('',#9260,1000.);
#1135=VECTOR('',#9263,1000.);
#1136=VECTOR('',#9266,1000.);
#1137=VECTOR('',#9269,1000.);
#1138=VECTOR('',#9272,1000.);
#1139=VECTOR('',#9275,1000.);
#1140=VECTOR('',#9278,1000.);
#1141=VECTOR('',#9281,1000.);
#1142=VECTOR('',#9284,1000.);
#1143=VECTOR('',#9287,1000.);
#1144=VECTOR('',#9290,1000.);
#1145=VECTOR('',#9293,1000.);
#1146=VECTOR('',#9296,1000.);
#1147=VECTOR('',#9299,1000.);
#1148=VECTOR('',#9302,1000.);
#1149=VECTOR('',#9305,1000.);
#1150=VECTOR('',#9308,1000.);
#1151=VECTOR('',#9311,1000.);
#1152=VECTOR('',#9314,1000.);
#1153=VECTOR('',#9317,1000.);
#1154=VECTOR('',#9320,1000.);
#1155=VECTOR('',#9323,1000.);
#1156=VECTOR('',#9326,1000.);
#1157=VECTOR('',#9329,1000.);
#1158=VECTOR('',#9332,1000.);
#1159=VECTOR('',#9335,1000.);
#1160=VECTOR('',#9338,1000.);
#1161=VECTOR('',#9341,1000.);
#1162=VECTOR('',#9344,1000.);
#1163=VECTOR('',#9347,1000.);
#1164=VECTOR('',#9350,1000.);
#1165=VECTOR('',#9353,1000.);
#1166=VECTOR('',#9356,1000.);
#1167=VECTOR('',#9359,1000.);
#1168=VECTOR('',#9362,1000.);
#1169=VECTOR('',#9365,1000.);
#1170=VECTOR('',#9368,1000.);
#1171=VECTOR('',#9371,1000.);
#1172=VECTOR('',#9374,1000.);
#1173=VECTOR('',#9377,1000.);
#1174=VECTOR('',#9380,1000.);
#1175=VECTOR('',#9383,1000.);
#1176=VECTOR('',#9386,1000.);
#1177=VECTOR('',#9389,1000.);
#1178=VECTOR('',#9392,1000.);
#1179=VECTOR('',#9395,1000.);
#1180=VECTOR('',#9398,1000.);
#1181=VECTOR('',#9401,1000.);
#1182=VECTOR('',#9404,1000.);
#1183=VECTOR('',#9407,1000.);
#1184=VECTOR('',#9410,1000.);
#1185=VECTOR('',#9413,1000.);
#1186=VECTOR('',#9416,1000.);
#1187=VECTOR('',#9419,1000.);
#1188=VECTOR('',#9422,1000.);
#1189=VECTOR('',#9425,1000.);
#1190=VECTOR('',#9428,1000.);
#1191=VECTOR('',#9431,1000.);
#1192=VECTOR('',#9434,1000.);
#1193=VECTOR('',#9437,1000.);
#1194=VECTOR('',#9440,1000.);
#1195=VECTOR('',#9443,1000.);
#1196=VECTOR('',#9446,1000.);
#1197=VECTOR('',#9449,1000.);
#1198=VECTOR('',#9452,1000.);
#1199=VECTOR('',#9455,1000.);
#1200=VECTOR('',#9458,1000.);
#1201=VECTOR('',#9461,1000.);
#1202=VECTOR('',#9464,1000.);
#1203=VECTOR('',#9467,1000.);
#1204=VECTOR('',#9470,1000.);
#1205=VECTOR('',#9473,1000.);
#1206=VECTOR('',#9476,1000.);
#1207=VECTOR('',#9479,1000.);
#1208=VECTOR('',#9482,1000.);
#1209=VECTOR('',#9485,1000.);
#1210=VECTOR('',#9488,1000.);
#1211=VECTOR('',#9491,1000.);
#1212=VECTOR('',#9494,1000.);
#1213=VECTOR('',#9497,1000.);
#1214=VECTOR('',#9500,1000.);
#1215=VECTOR('',#9503,1000.);
#1216=VECTOR('',#9506,1000.);
#1217=VECTOR('',#9509,1000.);
#1218=VECTOR('',#9512,1000.);
#1219=VECTOR('',#9515,1000.);
#1220=VECTOR('',#9518,1000.);
#1221=VECTOR('',#9521,1000.);
#1222=VECTOR('',#9524,1000.);
#1223=VECTOR('',#9527,1000.);
#1224=VECTOR('',#9530,1000.);
#1225=VECTOR('',#9533,1000.);
#1226=VECTOR('',#9536,1000.);
#1227=VECTOR('',#9539,1000.);
#1228=VECTOR('',#9542,1000.);
#1229=VECTOR('',#9545,1000.);
#1230=VECTOR('',#9548,1000.);
#1231=VECTOR('',#9551,1000.);
#1232=VECTOR('',#9552,1000.);
#1233=VECTOR('',#9553,1000.);
#1234=VECTOR('',#9554,1000.);
#1235=VECTOR('',#9555,1000.);
#1236=VECTOR('',#9556,1000.);
#1237=VECTOR('',#9557,1000.);
#1238=VECTOR('',#9558,1000.);
#1239=VECTOR('',#9559,1000.);
#1240=VECTOR('',#9560,1000.);
#1241=VECTOR('',#9561,1000.);
#1242=VECTOR('',#9562,1000.);
#1243=VECTOR('',#9563,1000.);
#1244=VECTOR('',#9564,1000.);
#1245=VECTOR('',#9565,1000.);
#1246=VECTOR('',#9566,1000.);
#1247=VECTOR('',#9567,1000.);
#1248=VECTOR('',#9568,1000.);
#1249=VECTOR('',#9569,1000.);
#1250=VECTOR('',#9570,1000.);
#1251=VECTOR('',#9571,1000.);
#1252=VECTOR('',#9572,1000.);
#1253=VECTOR('',#9617,8.00000000000001);
#1254=VECTOR('',#9624,10.);
#1255=VECTOR('',#9625,1000.);
#1256=VECTOR('',#9626,1000.);
#1257=VECTOR('',#9627,1000.);
#1258=VECTOR('',#9628,1000.);
#1259=VECTOR('',#9629,10.);
#1260=VECTOR('',#9630,1000.);
#1261=VECTOR('',#9643,10.);
#1262=VECTOR('',#9644,10.);
#1263=VECTOR('',#9647,10.);
#1264=VECTOR('',#9652,10.);
#1265=VECTOR('',#9653,10.);
#1266=VECTOR('',#9656,10.);
#1267=VECTOR('',#9661,1000.);
#1268=VECTOR('',#9662,1000.);
#1269=VECTOR('',#9663,1000.);
#1270=VECTOR('',#9668,1000.);
#1271=VECTOR('',#9671,1000.);
#1272=VECTOR('',#9672,1000.);
#1273=VECTOR('',#9675,1000.);
#1274=VECTOR('',#9676,1000.);
#1275=VECTOR('',#9681,1000.);
#1276=VECTOR('',#9682,1000.);
#1277=VECTOR('',#9687,3.);
#1278=VECTOR('',#9688,1000.);
#1279=VECTOR('',#9689,1000.);
#1280=VECTOR('',#9690,3.);
#1281=VECTOR('',#9697,3.);
#1282=VECTOR('',#9700,1000.);
#1283=VECTOR('',#9701,1000.);
#1284=VECTOR('',#9704,1000.);
#1285=VECTOR('',#9707,1000.);
#1286=VECTOR('',#9710,1000.);
#1287=VECTOR('',#9713,1000.);
#1288=VECTOR('',#9716,1000.);
#1289=VECTOR('',#9719,1000.);
#1290=VECTOR('',#9722,1000.);
#1291=VECTOR('',#9725,1000.);
#1292=VECTOR('',#9728,1000.);
#1293=VECTOR('',#9731,1000.);
#1294=VECTOR('',#9736,3.);
#1295=VECTOR('',#9743,3.);
#1296=VECTOR('',#9748,3.00000000000001);
#1297=VECTOR('',#9753,2.99999999999999);
#1298=VECTOR('',#9758,3.);
#1299=VECTOR('',#9763,3.00000000000001);
#1300=VECTOR('',#9766,4.14999999999998);
#1301=VECTOR('',#9769,1.65);
#1302=VECTOR('',#9774,1.65000000000002);
#1303=VECTOR('',#9779,1.65000000000002);
#1304=VECTOR('',#9784,1.65);
#1305=VECTOR('',#9791,1000.);
#1306=VECTOR('',#9792,1000.);
#1307=VECTOR('',#9795,1000.);
#1308=VECTOR('',#9796,1000.);
#1309=VECTOR('',#9799,1000.);
#1310=VECTOR('',#9800,1000.);
#1311=VECTOR('',#9803,1000.);
#1312=VECTOR('',#9804,1000.);
#1313=VECTOR('',#9807,1000.);
#1314=VECTOR('',#9808,1000.);
#1315=VECTOR('',#9811,1000.);
#1316=VECTOR('',#9814,1000.);
#1317=VECTOR('',#9815,1000.);
#1318=VECTOR('',#9818,1000.);
#1319=VECTOR('',#9819,1000.);
#1320=VECTOR('',#9822,1000.);
#1321=VECTOR('',#9823,1000.);
#1322=VECTOR('',#9826,1000.);
#1323=VECTOR('',#9827,1000.);
#1324=VECTOR('',#9830,1000.);
#1325=VECTOR('',#9831,1000.);
#1326=VECTOR('',#9834,1000.);
#1327=VECTOR('',#9835,1000.);
#1328=VECTOR('',#9838,1000.);
#1329=VECTOR('',#9839,1000.);
#1330=VECTOR('',#9842,1000.);
#1331=VECTOR('',#9843,1000.);
#1332=VECTOR('',#9846,1000.);
#1333=VECTOR('',#9847,1000.);
#1334=VECTOR('',#9850,1000.);
#1335=VECTOR('',#9851,1000.);
#1336=VECTOR('',#9854,1000.);
#1337=VECTOR('',#9855,1000.);
#1338=VECTOR('',#9858,1000.);
#1339=VECTOR('',#9859,1000.);
#1340=VECTOR('',#9862,1000.);
#1341=VECTOR('',#9863,1000.);
#1342=VECTOR('',#9866,1000.);
#1343=VECTOR('',#9867,1000.);
#1344=VECTOR('',#9870,1000.);
#1345=VECTOR('',#9871,1000.);
#1346=VECTOR('',#9874,1000.);
#1347=VECTOR('',#9875,1000.);
#1348=VECTOR('',#9878,1000.);
#1349=VECTOR('',#9879,1000.);
#1350=VECTOR('',#9882,1000.);
#1351=VECTOR('',#9883,1000.);
#1352=VECTOR('',#9886,1000.);
#1353=VECTOR('',#9887,1000.);
#1354=VECTOR('',#9890,1000.);
#1355=VECTOR('',#9891,1000.);
#1356=VECTOR('',#9894,1000.);
#1357=VECTOR('',#9895,1000.);
#1358=VECTOR('',#9898,1000.);
#1359=VECTOR('',#9899,1000.);
#1360=VECTOR('',#9902,1000.);
#1361=VECTOR('',#9903,1000.);
#1362=VECTOR('',#9906,1000.);
#1363=VECTOR('',#9907,1000.);
#1364=VECTOR('',#9910,1000.);
#1365=VECTOR('',#9911,1000.);
#1366=VECTOR('',#9914,1000.);
#1367=VECTOR('',#9915,1000.);
#1368=VECTOR('',#9918,1000.);
#1369=VECTOR('',#9919,1000.);
#1370=VECTOR('',#9922,1000.);
#1371=VECTOR('',#9923,1000.);
#1372=VECTOR('',#9926,1000.);
#1373=VECTOR('',#9927,1000.);
#1374=VECTOR('',#9930,1000.);
#1375=VECTOR('',#9931,1000.);
#1376=VECTOR('',#9934,1000.);
#1377=VECTOR('',#9935,1000.);
#1378=VECTOR('',#9938,1000.);
#1379=VECTOR('',#9939,1000.);
#1380=VECTOR('',#9942,1000.);
#1381=VECTOR('',#9943,1000.);
#1382=VECTOR('',#9946,1000.);
#1383=VECTOR('',#9947,1000.);
#1384=VECTOR('',#9950,1.65);
#1385=VECTOR('',#9955,1.65);
#1386=VECTOR('',#9964,1.65);
#1387=VECTOR('',#9971,1.65);
#1388=VECTOR('',#9976,1000.);
#1389=VECTOR('',#9977,1000.);
#1390=VECTOR('',#9978,1000.);
#1391=VECTOR('',#9979,1000.);
#1392=VECTOR('',#9980,1000.);
#1393=VECTOR('',#9981,1000.);
#1394=VECTOR('',#9982,1000.);
#1395=VECTOR('',#9983,1000.);
#1396=VECTOR('',#9984,1000.);
#1397=VECTOR('',#9985,1000.);
#1398=VECTOR('',#9988,1000.);
#1399=VECTOR('',#9989,1000.);
#1400=VECTOR('',#9990,1000.);
#1401=VECTOR('',#9991,1000.);
#1402=VECTOR('',#9992,1000.);
#1403=VECTOR('',#9993,1000.);
#1404=VECTOR('',#9996,1000.);
#1405=VECTOR('',#9997,1000.);
#1406=VECTOR('',#9998,1000.);
#1407=VECTOR('',#9999,1000.);
#1408=VECTOR('',#10000,1000.);
#1409=VECTOR('',#10001,1000.);
#1410=VECTOR('',#10008,1000.);
#1411=VECTOR('',#10011,1000.);
#1412=VECTOR('',#10014,1000.);
#1413=VECTOR('',#10019,1000.);
#1414=VECTOR('',#10022,1000.);
#1415=VECTOR('',#10027,1000.);
#1416=VECTOR('',#10036,1000.);
#1417=VECTOR('',#10037,1000.);
#1418=VECTOR('',#10040,1000.);
#1419=VECTOR('',#10041,1000.);
#1420=VECTOR('',#10042,1000.);
#1421=VECTOR('',#10045,1000.);
#1422=VECTOR('',#10048,1000.);
#1423=VECTOR('',#10049,1000.);
#1424=VECTOR('',#10052,1000.);
#1425=VECTOR('',#10053,1000.);
#1426=VECTOR('',#10054,1000.);
#1427=VECTOR('',#10057,1000.);
#1428=VECTOR('',#10058,1000.);
#1429=VECTOR('',#10059,1000.);
#1430=VECTOR('',#10060,1000.);
#1431=VECTOR('',#10063,1000.);
#1432=VECTOR('',#10066,1000.);
#1433=VECTOR('',#10067,1000.);
#1434=VECTOR('',#10070,1000.);
#1435=VECTOR('',#10073,1000.);
#1436=VECTOR('',#10074,1000.);
#1437=VECTOR('',#10077,1000.);
#1438=VECTOR('',#10078,1000.);
#1439=VECTOR('',#10081,1000.);
#1440=VECTOR('',#10082,1000.);
#1441=VECTOR('',#10085,1000.);
#1442=VECTOR('',#10086,1000.);
#1443=VECTOR('',#10095,1000.);
#1444=VECTOR('',#10098,1000.);
#1445=VECTOR('',#10099,1000.);
#1446=VECTOR('',#10100,1000.);
#1447=VECTOR('',#10103,1000.);
#1448=VECTOR('',#10106,1000.);
#1449=VECTOR('',#10109,1000.);
#1450=VECTOR('',#10112,1000.);
#1451=VECTOR('',#10115,1000.);
#1452=VECTOR('',#10118,1000.);
#1453=VECTOR('',#10121,1000.);
#1454=VECTOR('',#10124,1000.);
#1455=VECTOR('',#10127,1000.);
#1456=VECTOR('',#10130,1000.);
#1457=VECTOR('',#10133,1000.);
#1458=VECTOR('',#10136,1000.);
#1459=VECTOR('',#10139,1000.);
#1460=VECTOR('',#10142,1000.);
#1461=VECTOR('',#10145,1000.);
#1462=VECTOR('',#10148,1000.);
#1463=VECTOR('',#10149,1000.);
#1464=VECTOR('',#10150,1000.);
#1465=VECTOR('',#10151,1000.);
#1466=VECTOR('',#10152,1000.);
#1467=VECTOR('',#10153,1000.);
#1468=VECTOR('',#10154,1000.);
#1469=VECTOR('',#10155,1000.);
#1470=VECTOR('',#10156,1000.);
#1471=VECTOR('',#10157,1000.);
#1472=VECTOR('',#10158,1000.);
#1473=VECTOR('',#10159,1000.);
#1474=VECTOR('',#10160,1000.);
#1475=VECTOR('',#10161,1000.);
#1476=VECTOR('',#10162,1000.);
#1477=VECTOR('',#10163,1000.);
#1478=VECTOR('',#10164,1000.);
#1479=VECTOR('',#10165,1000.);
#1480=VECTOR('',#10166,1000.);
#1481=VECTOR('',#10167,1000.);
#1482=VECTOR('',#10168,1000.);
#1483=VECTOR('',#10169,1000.);
#1484=VECTOR('',#10170,1000.);
#1485=VECTOR('',#10173,1000.);
#1486=VECTOR('',#10174,1000.);
#1487=VECTOR('',#10175,1000.);
#1488=VECTOR('',#10176,1000.);
#1489=VECTOR('',#10179,1000.);
#1490=VECTOR('',#10182,1000.);
#1491=VECTOR('',#10185,1000.);
#1492=VECTOR('',#10186,1000.);
#1493=VECTOR('',#10187,1000.);
#1494=VECTOR('',#10188,1000.);
#1495=VECTOR('',#10189,1000.);
#1496=VECTOR('',#10190,1000.);
#1497=VECTOR('',#10191,1000.);
#1498=VECTOR('',#10192,1000.);
#1499=VECTOR('',#10193,1000.);
#1500=VECTOR('',#10194,1000.);
#1501=VECTOR('',#10195,1000.);
#1502=VECTOR('',#10196,1000.);
#1503=VECTOR('',#10197,1000.);
#1504=VECTOR('',#10198,1000.);
#1505=VECTOR('',#10199,1000.);
#1506=VECTOR('',#10200,1000.);
#1507=VECTOR('',#10201,1000.);
#1508=VECTOR('',#10202,1000.);
#1509=VECTOR('',#10203,1000.);
#1510=VECTOR('',#10204,1000.);
#1511=VECTOR('',#10205,1000.);
#1512=VECTOR('',#10206,1000.);
#1513=VECTOR('',#10207,1000.);
#1514=VECTOR('',#10210,1000.);
#1515=VECTOR('',#10213,1000.);
#1516=VECTOR('',#10216,1000.);
#1517=VECTOR('',#10219,1000.);
#1518=VECTOR('',#10222,1000.);
#1519=VECTOR('',#10225,1000.);
#1520=VECTOR('',#10228,1000.);
#1521=VECTOR('',#10231,1000.);
#1522=VECTOR('',#10234,1000.);
#1523=VECTOR('',#10237,1000.);
#1524=VECTOR('',#10240,1000.);
#1525=VECTOR('',#10243,1000.);
#1526=VECTOR('',#10246,1000.);
#1527=VECTOR('',#10249,1000.);
#1528=VECTOR('',#10252,1000.);
#1529=VECTOR('',#10255,1000.);
#1530=VECTOR('',#10258,1000.);
#1531=VECTOR('',#10259,1000.);
#1532=VECTOR('',#10262,1000.);
#1533=VECTOR('',#10263,1000.);
#1534=VECTOR('',#10266,1000.);
#1535=VECTOR('',#10267,1000.);
#1536=VECTOR('',#10270,1000.);
#1537=VECTOR('',#10271,1000.);
#1538=VECTOR('',#10274,1000.);
#1539=VECTOR('',#10275,1000.);
#1540=VECTOR('',#10278,1000.);
#1541=VECTOR('',#10279,1000.);
#1542=VECTOR('',#10282,1000.);
#1543=VECTOR('',#10283,1000.);
#1544=VECTOR('',#10286,1000.);
#1545=VECTOR('',#10287,1000.);
#1546=VECTOR('',#10290,1000.);
#1547=VECTOR('',#10291,1000.);
#1548=VECTOR('',#10294,1000.);
#1549=VECTOR('',#10295,1000.);
#1550=VECTOR('',#10298,1000.);
#1551=VECTOR('',#10299,1000.);
#1552=VECTOR('',#10302,1000.);
#1553=VECTOR('',#10303,1000.);
#1554=VECTOR('',#10306,1000.);
#1555=VECTOR('',#10307,1000.);
#1556=VECTOR('',#10310,1000.);
#1557=VECTOR('',#10311,1000.);
#1558=VECTOR('',#10314,1000.);
#1559=VECTOR('',#10315,1000.);
#1560=VECTOR('',#10318,1000.);
#1561=VECTOR('',#10319,1000.);
#1562=VECTOR('',#10332,1000.);
#1563=VECTOR('',#10335,1000.);
#1564=VECTOR('',#10338,1000.);
#1565=VECTOR('',#10341,1000.);
#1566=VECTOR('',#10346,1000.);
#1567=VECTOR('',#10349,1000.);
#1568=VECTOR('',#10352,1000.);
#1569=VECTOR('',#10355,1000.);
#1570=VECTOR('',#10360,1000.);
#1571=VECTOR('',#10363,1000.);
#1572=VECTOR('',#10366,1000.);
#1573=VECTOR('',#10369,1000.);
#1574=VECTOR('',#10374,1000.);
#1575=VECTOR('',#10377,1000.);
#1576=VECTOR('',#10380,1000.);
#1577=VECTOR('',#10383,1000.);
#1578=VECTOR('',#10388,1000.);
#1579=VECTOR('',#10391,1000.);
#1580=VECTOR('',#10394,1000.);
#1581=VECTOR('',#10397,1000.);
#1582=VECTOR('',#10402,1000.);
#1583=VECTOR('',#10405,1000.);
#1584=VECTOR('',#10408,1000.);
#1585=VECTOR('',#10411,1000.);
#1586=VECTOR('',#10416,1000.);
#1587=VECTOR('',#10419,1000.);
#1588=VECTOR('',#10422,1000.);
#1589=VECTOR('',#10425,1000.);
#1590=VECTOR('',#10430,1000.);
#1591=VECTOR('',#10433,1000.);
#1592=VECTOR('',#10436,1000.);
#1593=VECTOR('',#10439,1000.);
#1594=VECTOR('',#10444,1000.);
#1595=VECTOR('',#10447,1000.);
#1596=VECTOR('',#10450,1000.);
#1597=VECTOR('',#10453,1000.);
#1598=VECTOR('',#10458,1000.);
#1599=VECTOR('',#10461,1000.);
#1600=VECTOR('',#10464,1000.);
#1601=VECTOR('',#10467,1000.);
#1602=VECTOR('',#10472,1000.);
#1603=VECTOR('',#10475,1000.);
#1604=VECTOR('',#10478,1000.);
#1605=VECTOR('',#10481,1000.);
#1606=VECTOR('',#10486,1000.);
#1607=VECTOR('',#10489,1000.);
#1608=VECTOR('',#10492,1000.);
#1609=VECTOR('',#10495,1000.);
#1610=VECTOR('',#10500,1000.);
#1611=VECTOR('',#10503,1000.);
#1612=VECTOR('',#10506,1000.);
#1613=VECTOR('',#10509,1000.);
#1614=VECTOR('',#10514,1000.);
#1615=VECTOR('',#10517,1000.);
#1616=VECTOR('',#10520,1000.);
#1617=VECTOR('',#10523,1000.);
#1618=VECTOR('',#10528,1000.);
#1619=VECTOR('',#10531,1000.);
#1620=VECTOR('',#10534,1000.);
#1621=VECTOR('',#10537,1000.);
#1622=VECTOR('',#10542,1000.);
#1623=VECTOR('',#10545,1000.);
#1624=VECTOR('',#10548,1000.);
#1625=VECTOR('',#10551,1000.);
#1626=VECTOR('',#10556,1000.);
#1627=VECTOR('',#10559,1000.);
#1628=VECTOR('',#10562,1000.);
#1629=VECTOR('',#10565,1000.);
#1630=VECTOR('',#10570,1000.);
#1631=VECTOR('',#10573,1000.);
#1632=VECTOR('',#10576,1000.);
#1633=VECTOR('',#10579,1000.);
#1634=VECTOR('',#10584,1000.);
#1635=VECTOR('',#10587,1000.);
#1636=VECTOR('',#10590,1000.);
#1637=VECTOR('',#10593,1000.);
#1638=VECTOR('',#10598,1000.);
#1639=VECTOR('',#10599,1000.);
#1640=VECTOR('',#10606,1000.);
#1641=VECTOR('',#10607,1000.);
#1642=VECTOR('',#10614,1000.);
#1643=VECTOR('',#10615,1000.);
#1644=VECTOR('',#10622,1000.);
#1645=VECTOR('',#10623,1000.);
#1646=VECTOR('',#10630,1000.);
#1647=VECTOR('',#10631,1000.);
#1648=VECTOR('',#10638,1000.);
#1649=VECTOR('',#10639,1000.);
#1650=VECTOR('',#10646,1000.);
#1651=VECTOR('',#10647,1000.);
#1652=VECTOR('',#10654,1000.);
#1653=VECTOR('',#10655,1000.);
#1654=VECTOR('',#10662,1000.);
#1655=VECTOR('',#10665,1000.);
#1656=VECTOR('',#10666,1000.);
#1657=VECTOR('',#10669,1000.);
#1658=VECTOR('',#10672,1000.);
#1659=VECTOR('',#10675,1000.);
#1660=VECTOR('',#10676,1000.);
#1661=VECTOR('',#10683,1000.);
#1662=VECTOR('',#10684,1000.);
#1663=VECTOR('',#10691,1000.);
#1664=VECTOR('',#10692,1000.);
#1665=VECTOR('',#10699,1000.);
#1666=VECTOR('',#10700,1000.);
#1667=VECTOR('',#10707,1000.);
#1668=VECTOR('',#10708,1000.);
#1669=VECTOR('',#10715,1000.);
#1670=VECTOR('',#10716,1000.);
#1671=VECTOR('',#10723,1000.);
#1672=VECTOR('',#10724,1000.);
#1673=VECTOR('',#10731,1000.);
#1674=VECTOR('',#10732,1000.);
#1675=VECTOR('',#10739,1000.);
#1676=VECTOR('',#10742,1000.);
#1677=VECTOR('',#10745,1000.);
#1678=VECTOR('',#10748,1000.);
#1679=VECTOR('',#10753,1000.);
#1680=VECTOR('',#10756,1000.);
#1681=VECTOR('',#10759,1000.);
#1682=VECTOR('',#10762,1000.);
#1683=VECTOR('',#10767,1000.);
#1684=VECTOR('',#10770,1000.);
#1685=VECTOR('',#10773,1000.);
#1686=VECTOR('',#10776,1000.);
#1687=VECTOR('',#10781,1000.);
#1688=VECTOR('',#10784,1000.);
#1689=VECTOR('',#10787,1000.);
#1690=VECTOR('',#10790,1000.);
#1691=VECTOR('',#10795,1000.);
#1692=VECTOR('',#10798,1000.);
#1693=VECTOR('',#10801,1000.);
#1694=VECTOR('',#10804,1000.);
#1695=VECTOR('',#10809,1000.);
#1696=VECTOR('',#10812,1000.);
#1697=VECTOR('',#10815,1000.);
#1698=VECTOR('',#10818,1000.);
#1699=VECTOR('',#10823,1000.);
#1700=VECTOR('',#10826,1000.);
#1701=VECTOR('',#10829,1000.);
#1702=VECTOR('',#10832,1000.);
#1703=VECTOR('',#10837,1000.);
#1704=VECTOR('',#10840,1000.);
#1705=VECTOR('',#10843,1000.);
#1706=VECTOR('',#10846,1000.);
#1707=VECTOR('',#10851,1000.);
#1708=VECTOR('',#10854,1000.);
#1709=VECTOR('',#10857,1000.);
#1710=VECTOR('',#10860,1000.);
#1711=VECTOR('',#10865,1000.);
#1712=VECTOR('',#10868,1000.);
#1713=VECTOR('',#10871,1000.);
#1714=VECTOR('',#10874,1000.);
#1715=VECTOR('',#10879,1000.);
#1716=VECTOR('',#10882,1000.);
#1717=VECTOR('',#10885,1000.);
#1718=VECTOR('',#10888,1000.);
#1719=VECTOR('',#10893,1000.);
#1720=VECTOR('',#10896,1000.);
#1721=VECTOR('',#10899,1000.);
#1722=VECTOR('',#10902,1000.);
#1723=VECTOR('',#10907,1000.);
#1724=VECTOR('',#10910,1000.);
#1725=VECTOR('',#10913,1000.);
#1726=VECTOR('',#10916,1000.);
#1727=VECTOR('',#10921,1000.);
#1728=VECTOR('',#10924,1000.);
#1729=VECTOR('',#10927,1000.);
#1730=VECTOR('',#10930,1000.);
#1731=VECTOR('',#10935,1000.);
#1732=VECTOR('',#10938,1000.);
#1733=VECTOR('',#10941,1000.);
#1734=VECTOR('',#10944,1000.);
#1735=VECTOR('',#10949,1000.);
#1736=VECTOR('',#10952,1000.);
#1737=VECTOR('',#10955,1000.);
#1738=VECTOR('',#10958,1000.);
#1739=VECTOR('',#10963,1000.);
#1740=VECTOR('',#10966,1000.);
#1741=VECTOR('',#10969,1000.);
#1742=VECTOR('',#10972,1000.);
#1743=VECTOR('',#10977,1000.);
#1744=VECTOR('',#10980,1000.);
#1745=VECTOR('',#10983,1000.);
#1746=VECTOR('',#10986,1000.);
#1747=VECTOR('',#10991,1000.);
#1748=VECTOR('',#10992,1000.);
#1749=VECTOR('',#10995,1000.);
#1750=VECTOR('',#10998,1000.);
#1751=VECTOR('',#11001,1000.);
#1752=VECTOR('',#11004,1000.);
#1753=VECTOR('',#11007,1000.);
#1754=VECTOR('',#11010,1000.);
#1755=VECTOR('',#11013,1000.);
#1756=VECTOR('',#11016,1000.);
#1757=VECTOR('',#11019,1000.);
#1758=VECTOR('',#11022,1000.);
#1759=VECTOR('',#11025,1000.);
#1760=VECTOR('',#11028,1000.);
#1761=VECTOR('',#11031,1000.);
#1762=VECTOR('',#11034,1000.);
#1763=VECTOR('',#11037,1000.);
#1764=VECTOR('',#11040,1000.);
#1765=VECTOR('',#11043,1000.);
#1766=VECTOR('',#11046,1000.);
#1767=VECTOR('',#11049,1000.);
#1768=VECTOR('',#11054,1000.);
#1769=VECTOR('',#11055,1000.);
#1770=VECTOR('',#11058,1000.);
#1771=VECTOR('',#11061,1000.);
#1772=VECTOR('',#11064,1000.);
#1773=VECTOR('',#11067,1000.);
#1774=VECTOR('',#11070,1000.);
#1775=VECTOR('',#11071,1000.);
#1776=VECTOR('',#11074,1000.);
#1777=VECTOR('',#11077,1000.);
#1778=VECTOR('',#11080,1000.);
#1779=VECTOR('',#11083,1000.);
#1780=VECTOR('',#11086,1000.);
#1781=VECTOR('',#11089,1000.);
#1782=VECTOR('',#11092,1000.);
#1783=VECTOR('',#11095,1000.);
#1784=VECTOR('',#11098,1000.);
#1785=VECTOR('',#11101,1000.);
#1786=VECTOR('',#11104,1000.);
#1787=VECTOR('',#11107,1000.);
#1788=VECTOR('',#11110,1000.);
#1789=VECTOR('',#11113,1000.);
#1790=VECTOR('',#11124,1000.);
#1791=VECTOR('',#11129,1000.);
#1792=VECTOR('',#11140,1000.);
#1793=VECTOR('',#11143,1000.);
#1794=VECTOR('',#11148,1000.);
#1795=VECTOR('',#11151,1000.);
#1796=VECTOR('',#11156,1000.);
#1797=VECTOR('',#11159,1000.);
#1798=VECTOR('',#11164,1000.);
#1799=VECTOR('',#11167,1000.);
#1800=VECTOR('',#11172,1000.);
#1801=VECTOR('',#11175,1000.);
#1802=VECTOR('',#11198,1000.);
#1803=VECTOR('',#11199,1000.);
#1804=VECTOR('',#11202,1000.);
#1805=VECTOR('',#11205,1000.);
#1806=VECTOR('',#11208,1000.);
#1807=VECTOR('',#11213,1000.);
#1808=VECTOR('',#11218,1000.);
#1809=VECTOR('',#11221,1000.);
#1810=VECTOR('',#11226,1000.);
#1811=VECTOR('',#11227,1000.);
#1812=VECTOR('',#11228,1000.);
#1813=VECTOR('',#11233,1000.);
#1814=VECTOR('',#11236,1000.);
#1815=VECTOR('',#11245,1000.);
#1816=VECTOR('',#11246,1000.);
#1817=VECTOR('',#11247,1000.);
#1818=VECTOR('',#11248,1000.);
#1819=VECTOR('',#11251,1000.);
#1820=VECTOR('',#11252,1000.);
#1821=VECTOR('',#11253,1000.);
#1822=VECTOR('',#11254,1000.);
#1823=VECTOR('',#11259,1000.);
#1824=VECTOR('',#11262,1000.);
#1825=VECTOR('',#11263,1000.);
#1826=VECTOR('',#11264,1000.);
#1827=VECTOR('',#11267,1000.);
#1828=VECTOR('',#11268,1000.);
#1829=VECTOR('',#11271,1000.);
#1830=VECTOR('',#11272,1000.);
#1831=VECTOR('',#11275,1000.);
#1832=VECTOR('',#11276,1000.);
#1833=VECTOR('',#11277,1000.);
#1834=VECTOR('',#11280,1000.);
#1835=VECTOR('',#11281,1000.);
#1836=VECTOR('',#11282,1000.);
#1837=VECTOR('',#11285,1000.);
#1838=VECTOR('',#11286,1000.);
#1839=VECTOR('',#11287,1000.);
#1840=VECTOR('',#11288,1000.);
#1841=VECTOR('',#11293,1000.);
#1842=VECTOR('',#11294,1000.);
#1843=VECTOR('',#11297,1000.);
#1844=VECTOR('',#11300,1000.);
#1845=VECTOR('',#11307,1000.);
#1846=VECTOR('',#11310,1000.);
#1847=VECTOR('',#11313,1000.);
#1848=VECTOR('',#11318,1000.);
#1849=VECTOR('',#11321,1000.);
#1850=VECTOR('',#11324,1000.);
#1851=VECTOR('',#11329,1000.);
#1852=VECTOR('',#11330,1000.);
#1853=VECTOR('',#11333,1000.);
#1854=VECTOR('',#11336,1000.);
#1855=VECTOR('',#11341,1000.);
#1856=VECTOR('',#11342,1000.);
#1857=VECTOR('',#11345,1000.);
#1858=VECTOR('',#11348,1000.);
#1859=PLANE('',#8280);
#1860=PLANE('',#8309);
#1861=PLANE('',#8322);
#1862=PLANE('',#8339);
#1863=PLANE('',#8473);
#1864=PLANE('',#8475);
#1865=PLANE('',#8481);
#1866=PLANE('',#8484);
#1867=PLANE('',#8487);
#1868=PLANE('',#8584);
#1869=PLANE('',#8585);
#1870=PLANE('',#8586);
#1871=PLANE('',#8587);
#1872=PLANE('',#8601);
#1873=PLANE('',#8603);
#1874=PLANE('',#8604);
#1875=PLANE('',#8610);
#1876=PLANE('',#8611);
#1877=PLANE('',#8612);
#1878=PLANE('',#8616);
#1879=PLANE('',#8634);
#1880=PLANE('',#8635);
#1881=PLANE('',#8670);
#1882=PLANE('',#8671);
#1883=PLANE('',#8672);
#1884=PLANE('',#8673);
#1885=PLANE('',#8674);
#1886=PLANE('',#8677);
#1887=PLANE('',#8678);
#1888=PLANE('',#8679);
#1889=PLANE('',#8682);
#1890=PLANE('',#8683);
#1891=PLANE('',#8684);
#1892=PLANE('',#8687);
#1893=PLANE('',#8688);
#1894=PLANE('',#8689);
#1895=PLANE('',#8692);
#1896=PLANE('',#8693);
#1897=PLANE('',#8694);
#1898=PLANE('',#8697);
#1899=PLANE('',#8698);
#1900=PLANE('',#8699);
#1901=PLANE('',#8702);
#1902=PLANE('',#8703);
#1903=PLANE('',#8704);
#1904=PLANE('',#8707);
#1905=PLANE('',#8708);
#1906=PLANE('',#8709);
#1907=PLANE('',#8712);
#1908=PLANE('',#8713);
#1909=PLANE('',#8714);
#1910=PLANE('',#8717);
#1911=PLANE('',#8718);
#1912=PLANE('',#8719);
#1913=PLANE('',#8722);
#1914=PLANE('',#8723);
#1915=PLANE('',#8724);
#1916=PLANE('',#8727);
#1917=PLANE('',#8728);
#1918=PLANE('',#8729);
#1919=PLANE('',#8732);
#1920=PLANE('',#8733);
#1921=PLANE('',#8734);
#1922=PLANE('',#8737);
#1923=PLANE('',#8738);
#1924=PLANE('',#8739);
#1925=PLANE('',#8742);
#1926=PLANE('',#8743);
#1927=PLANE('',#8744);
#1928=PLANE('',#8747);
#1929=PLANE('',#8748);
#1930=PLANE('',#8749);
#1931=PLANE('',#8752);
#1932=PLANE('',#8753);
#1933=PLANE('',#8754);
#1934=PLANE('',#8757);
#1935=PLANE('',#8758);
#1936=PLANE('',#8759);
#1937=PLANE('',#8762);
#1938=PLANE('',#8763);
#1939=PLANE('',#8764);
#1940=PLANE('',#8767);
#1941=PLANE('',#8768);
#1942=PLANE('',#8769);
#1943=PLANE('',#8771);
#1944=PLANE('',#8772);
#1945=PLANE('',#8774);
#1946=PLANE('',#8775);
#1947=PLANE('',#8777);
#1948=PLANE('',#8778);
#1949=PLANE('',#8780);
#1950=PLANE('',#8781);
#1951=PLANE('',#8783);
#1952=PLANE('',#8784);
#1953=PLANE('',#8786);
#1954=PLANE('',#8787);
#1955=PLANE('',#8789);
#1956=PLANE('',#8790);
#1957=PLANE('',#8792);
#1958=PLANE('',#8793);
#1959=PLANE('',#8794);
#1960=PLANE('',#8795);
#1961=PLANE('',#8796);
#1962=PLANE('',#8797);
#1963=PLANE('',#8799);
#1964=PLANE('',#8800);
#1965=PLANE('',#8802);
#1966=PLANE('',#8803);
#1967=PLANE('',#8805);
#1968=PLANE('',#8806);
#1969=PLANE('',#8808);
#1970=PLANE('',#8809);
#1971=PLANE('',#8811);
#1972=PLANE('',#8812);
#1973=PLANE('',#8814);
#1974=PLANE('',#8815);
#1975=PLANE('',#8817);
#1976=PLANE('',#8818);
#1977=PLANE('',#8820);
#1978=PLANE('',#8821);
#1979=PLANE('',#8824);
#1980=PLANE('',#8825);
#1981=PLANE('',#8826);
#1982=PLANE('',#8829);
#1983=PLANE('',#8830);
#1984=PLANE('',#8831);
#1985=PLANE('',#8834);
#1986=PLANE('',#8835);
#1987=PLANE('',#8836);
#1988=PLANE('',#8839);
#1989=PLANE('',#8840);
#1990=PLANE('',#8841);
#1991=PLANE('',#8844);
#1992=PLANE('',#8845);
#1993=PLANE('',#8846);
#1994=PLANE('',#8849);
#1995=PLANE('',#8850);
#1996=PLANE('',#8851);
#1997=PLANE('',#8854);
#1998=PLANE('',#8855);
#1999=PLANE('',#8856);
#2000=PLANE('',#8859);
#2001=PLANE('',#8860);
#2002=PLANE('',#8861);
#2003=PLANE('',#8864);
#2004=PLANE('',#8865);
#2005=PLANE('',#8866);
#2006=PLANE('',#8869);
#2007=PLANE('',#8870);
#2008=PLANE('',#8871);
#2009=PLANE('',#8874);
#2010=PLANE('',#8875);
#2011=PLANE('',#8876);
#2012=PLANE('',#8879);
#2013=PLANE('',#8880);
#2014=PLANE('',#8881);
#2015=PLANE('',#8884);
#2016=PLANE('',#8885);
#2017=PLANE('',#8886);
#2018=PLANE('',#8889);
#2019=PLANE('',#8890);
#2020=PLANE('',#8891);
#2021=PLANE('',#8894);
#2022=PLANE('',#8895);
#2023=PLANE('',#8896);
#2024=PLANE('',#8899);
#2025=PLANE('',#8900);
#2026=PLANE('',#8901);
#2027=PLANE('',#8904);
#2028=PLANE('',#8905);
#2029=PLANE('',#8906);
#2030=PLANE('',#8909);
#2031=PLANE('',#8910);
#2032=PLANE('',#8911);
#2033=PLANE('',#8912);
#2034=PLANE('',#8913);
#2035=PLANE('',#8914);
#2036=PLANE('',#8915);
#2037=PLANE('',#8916);
#2038=PLANE('',#8917);
#2039=PLANE('',#8918);
#2040=PLANE('',#8919);
#2041=PLANE('',#8920);
#2042=PLANE('',#8921);
#2043=PLANE('',#8922);
#2044=PLANE('',#8923);
#2045=PLANE('',#8924);
#2046=PLANE('',#8925);
#2047=PLANE('',#8926);
#2048=PLANE('',#8927);
#2049=PLANE('',#8928);
#2050=PLANE('',#8929);
#2051=PLANE('',#8930);
#2052=PLANE('',#8931);
#2053=PLANE('',#8932);
#2054=PLANE('',#8933);
#2055=PLANE('',#8934);
#2056=PLANE('',#8935);
#2057=PLANE('',#8936);
#2058=PLANE('',#8937);
#2059=PLANE('',#8938);
#2060=PLANE('',#8939);
#2061=PLANE('',#8940);
#2062=PLANE('',#8941);
#2063=PLANE('',#8942);
#2064=PLANE('',#8943);
#2065=PLANE('',#8944);
#2066=PLANE('',#8945);
#2067=PLANE('',#8946);
#2068=PLANE('',#8947);
#2069=PLANE('',#8948);
#2070=PLANE('',#8949);
#2071=PLANE('',#8950);
#2072=PLANE('',#8951);
#2073=PLANE('',#8952);
#2074=PLANE('',#8953);
#2075=PLANE('',#8954);
#2076=PLANE('',#8955);
#2077=PLANE('',#8956);
#2078=PLANE('',#8957);
#2079=PLANE('',#8958);
#2080=PLANE('',#8960);
#2081=PLANE('',#8961);
#2082=PLANE('',#8964);
#2083=PLANE('',#8965);
#2084=PLANE('',#8967);
#2085=PLANE('',#8968);
#2086=PLANE('',#8970);
#2087=PLANE('',#8972);
#2088=PLANE('',#8973);
#2089=PLANE('',#8975);
#2090=PLANE('',#8976);
#2091=PLANE('',#8977);
#2092=PLANE('',#8979);
#2093=PLANE('',#8980);
#2094=PLANE('',#8981);
#2095=PLANE('',#8982);
#2096=PLANE('',#8998);
#2097=PLANE('',#9001);
#2098=PLANE('',#9002);
#2099=PLANE('',#9003);
#2100=PLANE('',#9005);
#2101=PLANE('',#9006);
#2102=PLANE('',#9008);
#2103=PLANE('',#9010);
#2104=PLANE('',#9011);
#2105=PLANE('',#9013);
#2106=PLANE('',#9014);
#2107=PLANE('',#9016);
#2108=PLANE('',#9017);
#2109=PLANE('',#9018);
#2110=PLANE('',#9021);
#2111=PLANE('',#9022);
#2112=PLANE('',#9023);
#2113=PLANE('',#9024);
#2114=PLANE('',#9025);
#2115=PLANE('',#9026);
#2116=PLANE('',#9027);
#2117=PLANE('',#9028);
#2118=PLANE('',#9029);
#2119=PLANE('',#9030);
#2120=PLANE('',#9031);
#2121=PLANE('',#9032);
#2122=PLANE('',#9033);
#2123=PLANE('',#9034);
#2124=PLANE('',#9035);
#2125=PLANE('',#9036);
#2126=FACE_OUTER_BOUND('',#2542,.T.);
#2127=FACE_OUTER_BOUND('',#2543,.T.);
#2128=FACE_OUTER_BOUND('',#2553,.T.);
#2129=FACE_OUTER_BOUND('',#2554,.T.);
#2130=FACE_OUTER_BOUND('',#2555,.T.);
#2131=FACE_OUTER_BOUND('',#2556,.T.);
#2132=FACE_OUTER_BOUND('',#2557,.T.);
#2133=FACE_OUTER_BOUND('',#2558,.T.);
#2134=FACE_OUTER_BOUND('',#2559,.T.);
#2135=FACE_OUTER_BOUND('',#2560,.T.);
#2136=FACE_OUTER_BOUND('',#2561,.T.);
#2137=FACE_OUTER_BOUND('',#2563,.T.);
#2138=FACE_OUTER_BOUND('',#2564,.T.);
#2139=FACE_OUTER_BOUND('',#2566,.T.);
#2140=FACE_OUTER_BOUND('',#2567,.T.);
#2141=FACE_OUTER_BOUND('',#2568,.T.);
#2142=FACE_OUTER_BOUND('',#2569,.T.);
#2143=FACE_OUTER_BOUND('',#2570,.T.);
#2144=FACE_OUTER_BOUND('',#2579,.T.);
#2145=FACE_OUTER_BOUND('',#2580,.T.);
#2146=FACE_OUTER_BOUND('',#2581,.T.);
#2147=FACE_OUTER_BOUND('',#2583,.T.);
#2148=FACE_OUTER_BOUND('',#2585,.T.);
#2149=FACE_OUTER_BOUND('',#2586,.T.);
#2150=FACE_OUTER_BOUND('',#2587,.T.);
#2151=FACE_OUTER_BOUND('',#2588,.T.);
#2152=FACE_OUTER_BOUND('',#2589,.T.);
#2153=FACE_OUTER_BOUND('',#2590,.T.);
#2154=FACE_OUTER_BOUND('',#2591,.T.);
#2155=FACE_OUTER_BOUND('',#2592,.T.);
#2156=FACE_OUTER_BOUND('',#2593,.T.);
#2157=FACE_OUTER_BOUND('',#2594,.T.);
#2158=FACE_OUTER_BOUND('',#2595,.T.);
#2159=FACE_OUTER_BOUND('',#2596,.T.);
#2160=FACE_OUTER_BOUND('',#2597,.T.);
#2161=FACE_OUTER_BOUND('',#2598,.T.);
#2162=FACE_OUTER_BOUND('',#2599,.T.);
#2163=FACE_OUTER_BOUND('',#2600,.T.);
#2164=FACE_OUTER_BOUND('',#2602,.T.);
#2165=FACE_OUTER_BOUND('',#2603,.T.);
#2166=FACE_OUTER_BOUND('',#2604,.T.);
#2167=FACE_OUTER_BOUND('',#2605,.T.);
#2168=FACE_OUTER_BOUND('',#2606,.T.);
#2169=FACE_OUTER_BOUND('',#2607,.T.);
#2170=FACE_OUTER_BOUND('',#2608,.T.);
#2171=FACE_OUTER_BOUND('',#2609,.T.);
#2172=FACE_OUTER_BOUND('',#2610,.T.);
#2173=FACE_OUTER_BOUND('',#2611,.T.);
#2174=FACE_OUTER_BOUND('',#2612,.T.);
#2175=FACE_OUTER_BOUND('',#2613,.T.);
#2176=FACE_OUTER_BOUND('',#2614,.T.);
#2177=FACE_OUTER_BOUND('',#2615,.T.);
#2178=FACE_OUTER_BOUND('',#2616,.T.);
#2179=FACE_OUTER_BOUND('',#2617,.T.);
#2180=FACE_OUTER_BOUND('',#2618,.T.);
#2181=FACE_OUTER_BOUND('',#2619,.T.);
#2182=FACE_OUTER_BOUND('',#2620,.T.);
#2183=FACE_OUTER_BOUND('',#2621,.T.);
#2184=FACE_OUTER_BOUND('',#2622,.T.);
#2185=FACE_OUTER_BOUND('',#2623,.T.);
#2186=FACE_OUTER_BOUND('',#2626,.T.);
#2187=FACE_OUTER_BOUND('',#2627,.T.);
#2188=FACE_OUTER_BOUND('',#2628,.T.);
#2189=FACE_OUTER_BOUND('',#2629,.T.);
#2190=FACE_OUTER_BOUND('',#2630,.T.);
#2191=FACE_OUTER_BOUND('',#2631,.T.);
#2192=FACE_OUTER_BOUND('',#2632,.T.);
#2193=FACE_OUTER_BOUND('',#2633,.T.);
#2194=FACE_OUTER_BOUND('',#2635,.T.);
#2195=FACE_OUTER_BOUND('',#2636,.T.);
#2196=FACE_OUTER_BOUND('',#2642,.T.);
#2197=FACE_OUTER_BOUND('',#2643,.T.);
#2198=FACE_OUTER_BOUND('',#2644,.T.);
#2199=FACE_OUTER_BOUND('',#2645,.T.);
#2200=FACE_OUTER_BOUND('',#2646,.T.);
#2201=FACE_OUTER_BOUND('',#2647,.T.);
#2202=FACE_OUTER_BOUND('',#2648,.T.);
#2203=FACE_OUTER_BOUND('',#2649,.T.);
#2204=FACE_OUTER_BOUND('',#2650,.T.);
#2205=FACE_OUTER_BOUND('',#2651,.T.);
#2206=FACE_OUTER_BOUND('',#2652,.T.);
#2207=FACE_OUTER_BOUND('',#2653,.T.);
#2208=FACE_OUTER_BOUND('',#2654,.T.);
#2209=FACE_OUTER_BOUND('',#2655,.T.);
#2210=FACE_OUTER_BOUND('',#2656,.T.);
#2211=FACE_OUTER_BOUND('',#2657,.T.);
#2212=FACE_OUTER_BOUND('',#2658,.T.);
#2213=FACE_OUTER_BOUND('',#2659,.T.);
#2214=FACE_OUTER_BOUND('',#2660,.T.);
#2215=FACE_OUTER_BOUND('',#2661,.T.);
#2216=FACE_OUTER_BOUND('',#2662,.T.);
#2217=FACE_OUTER_BOUND('',#2663,.T.);
#2218=FACE_OUTER_BOUND('',#2664,.T.);
#2219=FACE_OUTER_BOUND('',#2665,.T.);
#2220=FACE_OUTER_BOUND('',#2666,.T.);
#2221=FACE_OUTER_BOUND('',#2668,.T.);
#2222=FACE_OUTER_BOUND('',#2670,.T.);
#2223=FACE_OUTER_BOUND('',#2672,.T.);
#2224=FACE_OUTER_BOUND('',#2674,.T.);
#2225=FACE_OUTER_BOUND('',#2675,.T.);
#2226=FACE_OUTER_BOUND('',#2676,.T.);
#2227=FACE_OUTER_BOUND('',#2677,.T.);
#2228=FACE_OUTER_BOUND('',#2678,.T.);
#2229=FACE_OUTER_BOUND('',#2679,.T.);
#2230=FACE_OUTER_BOUND('',#2680,.T.);
#2231=FACE_OUTER_BOUND('',#2681,.T.);
#2232=FACE_OUTER_BOUND('',#2682,.T.);
#2233=FACE_OUTER_BOUND('',#2683,.T.);
#2234=FACE_OUTER_BOUND('',#2684,.T.);
#2235=FACE_OUTER_BOUND('',#2685,.T.);
#2236=FACE_OUTER_BOUND('',#2686,.T.);
#2237=FACE_OUTER_BOUND('',#2687,.T.);
#2238=FACE_OUTER_BOUND('',#2688,.T.);
#2239=FACE_OUTER_BOUND('',#2689,.T.);
#2240=FACE_OUTER_BOUND('',#2690,.T.);
#2241=FACE_OUTER_BOUND('',#2691,.T.);
#2242=FACE_OUTER_BOUND('',#2692,.T.);
#2243=FACE_OUTER_BOUND('',#2693,.T.);
#2244=FACE_OUTER_BOUND('',#2694,.T.);
#2245=FACE_OUTER_BOUND('',#2695,.T.);
#2246=FACE_OUTER_BOUND('',#2696,.T.);
#2247=FACE_OUTER_BOUND('',#2697,.T.);
#2248=FACE_OUTER_BOUND('',#2698,.T.);
#2249=FACE_OUTER_BOUND('',#2699,.T.);
#2250=FACE_OUTER_BOUND('',#2700,.T.);
#2251=FACE_OUTER_BOUND('',#2701,.T.);
#2252=FACE_OUTER_BOUND('',#2702,.T.);
#2253=FACE_OUTER_BOUND('',#2703,.T.);
#2254=FACE_OUTER_BOUND('',#2704,.T.);
#2255=FACE_OUTER_BOUND('',#2705,.T.);
#2256=FACE_OUTER_BOUND('',#2706,.T.);
#2257=FACE_OUTER_BOUND('',#2707,.T.);
#2258=FACE_OUTER_BOUND('',#2708,.T.);
#2259=FACE_OUTER_BOUND('',#2709,.T.);
#2260=FACE_OUTER_BOUND('',#2710,.T.);
#2261=FACE_OUTER_BOUND('',#2711,.T.);
#2262=FACE_OUTER_BOUND('',#2712,.T.);
#2263=FACE_OUTER_BOUND('',#2713,.T.);
#2264=FACE_OUTER_BOUND('',#2714,.T.);
#2265=FACE_OUTER_BOUND('',#2715,.T.);
#2266=FACE_OUTER_BOUND('',#2716,.T.);
#2267=FACE_OUTER_BOUND('',#2717,.T.);
#2268=FACE_OUTER_BOUND('',#2718,.T.);
#2269=FACE_OUTER_BOUND('',#2719,.T.);
#2270=FACE_OUTER_BOUND('',#2720,.T.);
#2271=FACE_OUTER_BOUND('',#2721,.T.);
#2272=FACE_OUTER_BOUND('',#2722,.T.);
#2273=FACE_OUTER_BOUND('',#2723,.T.);
#2274=FACE_OUTER_BOUND('',#2724,.T.);
#2275=FACE_OUTER_BOUND('',#2725,.T.);
#2276=FACE_OUTER_BOUND('',#2726,.T.);
#2277=FACE_OUTER_BOUND('',#2727,.T.);
#2278=FACE_OUTER_BOUND('',#2728,.T.);
#2279=FACE_OUTER_BOUND('',#2729,.T.);
#2280=FACE_OUTER_BOUND('',#2730,.T.);
#2281=FACE_OUTER_BOUND('',#2731,.T.);
#2282=FACE_OUTER_BOUND('',#2732,.T.);
#2283=FACE_OUTER_BOUND('',#2733,.T.);
#2284=FACE_OUTER_BOUND('',#2734,.T.);
#2285=FACE_OUTER_BOUND('',#2735,.T.);
#2286=FACE_OUTER_BOUND('',#2736,.T.);
#2287=FACE_OUTER_BOUND('',#2737,.T.);
#2288=FACE_OUTER_BOUND('',#2738,.T.);
#2289=FACE_OUTER_BOUND('',#2739,.T.);
#2290=FACE_OUTER_BOUND('',#2740,.T.);
#2291=FACE_OUTER_BOUND('',#2741,.T.);
#2292=FACE_OUTER_BOUND('',#2742,.T.);
#2293=FACE_OUTER_BOUND('',#2743,.T.);
#2294=FACE_OUTER_BOUND('',#2744,.T.);
#2295=FACE_OUTER_BOUND('',#2745,.T.);
#2296=FACE_OUTER_BOUND('',#2746,.T.);
#2297=FACE_OUTER_BOUND('',#2747,.T.);
#2298=FACE_OUTER_BOUND('',#2748,.T.);
#2299=FACE_OUTER_BOUND('',#2749,.T.);
#2300=FACE_OUTER_BOUND('',#2750,.T.);
#2301=FACE_OUTER_BOUND('',#2751,.T.);
#2302=FACE_OUTER_BOUND('',#2752,.T.);
#2303=FACE_OUTER_BOUND('',#2753,.T.);
#2304=FACE_OUTER_BOUND('',#2754,.T.);
#2305=FACE_OUTER_BOUND('',#2755,.T.);
#2306=FACE_OUTER_BOUND('',#2756,.T.);
#2307=FACE_OUTER_BOUND('',#2757,.T.);
#2308=FACE_OUTER_BOUND('',#2758,.T.);
#2309=FACE_OUTER_BOUND('',#2759,.T.);
#2310=FACE_OUTER_BOUND('',#2760,.T.);
#2311=FACE_OUTER_BOUND('',#2761,.T.);
#2312=FACE_OUTER_BOUND('',#2762,.T.);
#2313=FACE_OUTER_BOUND('',#2763,.T.);
#2314=FACE_OUTER_BOUND('',#2764,.T.);
#2315=FACE_OUTER_BOUND('',#2765,.T.);
#2316=FACE_OUTER_BOUND('',#2766,.T.);
#2317=FACE_OUTER_BOUND('',#2767,.T.);
#2318=FACE_OUTER_BOUND('',#2768,.T.);
#2319=FACE_OUTER_BOUND('',#2769,.T.);
#2320=FACE_OUTER_BOUND('',#2770,.T.);
#2321=FACE_OUTER_BOUND('',#2771,.T.);
#2322=FACE_OUTER_BOUND('',#2772,.T.);
#2323=FACE_OUTER_BOUND('',#2773,.T.);
#2324=FACE_OUTER_BOUND('',#2774,.T.);
#2325=FACE_OUTER_BOUND('',#2775,.T.);
#2326=FACE_OUTER_BOUND('',#2776,.T.);
#2327=FACE_OUTER_BOUND('',#2777,.T.);
#2328=FACE_OUTER_BOUND('',#2778,.T.);
#2329=FACE_OUTER_BOUND('',#2779,.T.);
#2330=FACE_OUTER_BOUND('',#2780,.T.);
#2331=FACE_OUTER_BOUND('',#2781,.T.);
#2332=FACE_OUTER_BOUND('',#2782,.T.);
#2333=FACE_OUTER_BOUND('',#2783,.T.);
#2334=FACE_OUTER_BOUND('',#2784,.T.);
#2335=FACE_OUTER_BOUND('',#2785,.T.);
#2336=FACE_OUTER_BOUND('',#2786,.T.);
#2337=FACE_OUTER_BOUND('',#2787,.T.);
#2338=FACE_OUTER_BOUND('',#2788,.T.);
#2339=FACE_OUTER_BOUND('',#2789,.T.);
#2340=FACE_OUTER_BOUND('',#2790,.T.);
#2341=FACE_OUTER_BOUND('',#2791,.T.);
#2342=FACE_OUTER_BOUND('',#2792,.T.);
#2343=FACE_OUTER_BOUND('',#2793,.T.);
#2344=FACE_OUTER_BOUND('',#2794,.T.);
#2345=FACE_OUTER_BOUND('',#2795,.T.);
#2346=FACE_OUTER_BOUND('',#2796,.T.);
#2347=FACE_OUTER_BOUND('',#2797,.T.);
#2348=FACE_OUTER_BOUND('',#2798,.T.);
#2349=FACE_OUTER_BOUND('',#2799,.T.);
#2350=FACE_OUTER_BOUND('',#2800,.T.);
#2351=FACE_OUTER_BOUND('',#2801,.T.);
#2352=FACE_OUTER_BOUND('',#2802,.T.);
#2353=FACE_OUTER_BOUND('',#2803,.T.);
#2354=FACE_OUTER_BOUND('',#2804,.T.);
#2355=FACE_OUTER_BOUND('',#2805,.T.);
#2356=FACE_OUTER_BOUND('',#2806,.T.);
#2357=FACE_OUTER_BOUND('',#2807,.T.);
#2358=FACE_OUTER_BOUND('',#2808,.T.);
#2359=FACE_OUTER_BOUND('',#2809,.T.);
#2360=FACE_OUTER_BOUND('',#2810,.T.);
#2361=FACE_OUTER_BOUND('',#2811,.T.);
#2362=FACE_OUTER_BOUND('',#2812,.T.);
#2363=FACE_OUTER_BOUND('',#2813,.T.);
#2364=FACE_OUTER_BOUND('',#2814,.T.);
#2365=FACE_OUTER_BOUND('',#2815,.T.);
#2366=FACE_OUTER_BOUND('',#2816,.T.);
#2367=FACE_OUTER_BOUND('',#2817,.T.);
#2368=FACE_OUTER_BOUND('',#2818,.T.);
#2369=FACE_OUTER_BOUND('',#2819,.T.);
#2370=FACE_OUTER_BOUND('',#2820,.T.);
#2371=FACE_OUTER_BOUND('',#2821,.T.);
#2372=FACE_OUTER_BOUND('',#2822,.T.);
#2373=FACE_OUTER_BOUND('',#2823,.T.);
#2374=FACE_OUTER_BOUND('',#2824,.T.);
#2375=FACE_OUTER_BOUND('',#2825,.T.);
#2376=FACE_OUTER_BOUND('',#2826,.T.);
#2377=FACE_OUTER_BOUND('',#2827,.T.);
#2378=FACE_OUTER_BOUND('',#2828,.T.);
#2379=FACE_OUTER_BOUND('',#2829,.T.);
#2380=FACE_OUTER_BOUND('',#2830,.T.);
#2381=FACE_OUTER_BOUND('',#2831,.T.);
#2382=FACE_OUTER_BOUND('',#2832,.T.);
#2383=FACE_OUTER_BOUND('',#2833,.T.);
#2384=FACE_OUTER_BOUND('',#2834,.T.);
#2385=FACE_OUTER_BOUND('',#2835,.T.);
#2386=FACE_OUTER_BOUND('',#2836,.T.);
#2387=FACE_OUTER_BOUND('',#2837,.T.);
#2388=FACE_OUTER_BOUND('',#2838,.T.);
#2389=FACE_OUTER_BOUND('',#2839,.T.);
#2390=FACE_OUTER_BOUND('',#2840,.T.);
#2391=FACE_OUTER_BOUND('',#2841,.T.);
#2392=FACE_OUTER_BOUND('',#2842,.T.);
#2393=FACE_OUTER_BOUND('',#2843,.T.);
#2394=FACE_OUTER_BOUND('',#2844,.T.);
#2395=FACE_OUTER_BOUND('',#2845,.T.);
#2396=FACE_OUTER_BOUND('',#2846,.T.);
#2397=FACE_OUTER_BOUND('',#2847,.T.);
#2398=FACE_OUTER_BOUND('',#2848,.T.);
#2399=FACE_OUTER_BOUND('',#2849,.T.);
#2400=FACE_OUTER_BOUND('',#2850,.T.);
#2401=FACE_OUTER_BOUND('',#2851,.T.);
#2402=FACE_OUTER_BOUND('',#2852,.T.);
#2403=FACE_OUTER_BOUND('',#2853,.T.);
#2404=FACE_OUTER_BOUND('',#2854,.T.);
#2405=FACE_OUTER_BOUND('',#2855,.T.);
#2406=FACE_OUTER_BOUND('',#2856,.T.);
#2407=FACE_OUTER_BOUND('',#2857,.T.);
#2408=FACE_OUTER_BOUND('',#2858,.T.);
#2409=FACE_OUTER_BOUND('',#2859,.T.);
#2410=FACE_OUTER_BOUND('',#2860,.T.);
#2411=FACE_OUTER_BOUND('',#2861,.T.);
#2412=FACE_OUTER_BOUND('',#2862,.T.);
#2413=FACE_OUTER_BOUND('',#2863,.T.);
#2414=FACE_OUTER_BOUND('',#2864,.T.);
#2415=FACE_OUTER_BOUND('',#2865,.T.);
#2416=FACE_OUTER_BOUND('',#2866,.T.);
#2417=FACE_OUTER_BOUND('',#2867,.T.);
#2418=FACE_OUTER_BOUND('',#2868,.T.);
#2419=FACE_OUTER_BOUND('',#2869,.T.);
#2420=FACE_OUTER_BOUND('',#2870,.T.);
#2421=FACE_OUTER_BOUND('',#2871,.T.);
#2422=FACE_OUTER_BOUND('',#2872,.T.);
#2423=FACE_OUTER_BOUND('',#2873,.T.);
#2424=FACE_OUTER_BOUND('',#2874,.T.);
#2425=FACE_OUTER_BOUND('',#2875,.T.);
#2426=FACE_OUTER_BOUND('',#2876,.T.);
#2427=FACE_OUTER_BOUND('',#2877,.T.);
#2428=FACE_OUTER_BOUND('',#2878,.T.);
#2429=FACE_OUTER_BOUND('',#2879,.T.);
#2430=FACE_OUTER_BOUND('',#2880,.T.);
#2431=FACE_OUTER_BOUND('',#2881,.T.);
#2432=FACE_OUTER_BOUND('',#2882,.T.);
#2433=FACE_OUTER_BOUND('',#2883,.T.);
#2434=FACE_OUTER_BOUND('',#2884,.T.);
#2435=FACE_OUTER_BOUND('',#2885,.T.);
#2436=FACE_OUTER_BOUND('',#2886,.T.);
#2437=FACE_OUTER_BOUND('',#2887,.T.);
#2438=FACE_OUTER_BOUND('',#2888,.T.);
#2439=FACE_OUTER_BOUND('',#2889,.T.);
#2440=FACE_OUTER_BOUND('',#2890,.T.);
#2441=FACE_OUTER_BOUND('',#2891,.T.);
#2442=FACE_OUTER_BOUND('',#2892,.T.);
#2443=FACE_OUTER_BOUND('',#2893,.T.);
#2444=FACE_OUTER_BOUND('',#2894,.T.);
#2445=FACE_OUTER_BOUND('',#2895,.T.);
#2446=FACE_OUTER_BOUND('',#2896,.T.);
#2447=FACE_OUTER_BOUND('',#2897,.T.);
#2448=FACE_OUTER_BOUND('',#2898,.T.);
#2449=FACE_OUTER_BOUND('',#2899,.T.);
#2450=FACE_OUTER_BOUND('',#2900,.T.);
#2451=FACE_OUTER_BOUND('',#2901,.T.);
#2452=FACE_OUTER_BOUND('',#2902,.T.);
#2453=FACE_OUTER_BOUND('',#2903,.T.);
#2454=FACE_OUTER_BOUND('',#2904,.T.);
#2455=FACE_OUTER_BOUND('',#2905,.T.);
#2456=FACE_OUTER_BOUND('',#2906,.T.);
#2457=FACE_OUTER_BOUND('',#2907,.T.);
#2458=FACE_OUTER_BOUND('',#2908,.T.);
#2459=FACE_OUTER_BOUND('',#2909,.T.);
#2460=FACE_OUTER_BOUND('',#2910,.T.);
#2461=FACE_OUTER_BOUND('',#2911,.T.);
#2462=FACE_OUTER_BOUND('',#2912,.T.);
#2463=FACE_OUTER_BOUND('',#2913,.T.);
#2464=FACE_OUTER_BOUND('',#2914,.T.);
#2465=FACE_OUTER_BOUND('',#2915,.T.);
#2466=FACE_OUTER_BOUND('',#2916,.T.);
#2467=FACE_OUTER_BOUND('',#2917,.T.);
#2468=FACE_OUTER_BOUND('',#2918,.T.);
#2469=FACE_OUTER_BOUND('',#2921,.T.);
#2470=FACE_OUTER_BOUND('',#2922,.T.);
#2471=FACE_OUTER_BOUND('',#2925,.T.);
#2472=FACE_OUTER_BOUND('',#2926,.T.);
#2473=FACE_OUTER_BOUND('',#2927,.T.);
#2474=FACE_OUTER_BOUND('',#2928,.T.);
#2475=FACE_OUTER_BOUND('',#2929,.T.);
#2476=FACE_OUTER_BOUND('',#2930,.T.);
#2477=FACE_OUTER_BOUND('',#2931,.T.);
#2478=FACE_OUTER_BOUND('',#2932,.T.);
#2479=FACE_OUTER_BOUND('',#2933,.T.);
#2480=FACE_OUTER_BOUND('',#2934,.T.);
#2481=FACE_OUTER_BOUND('',#2935,.T.);
#2482=FACE_OUTER_BOUND('',#2936,.T.);
#2483=FACE_OUTER_BOUND('',#2937,.T.);
#2484=FACE_OUTER_BOUND('',#2938,.T.);
#2485=FACE_OUTER_BOUND('',#2939,.T.);
#2486=FACE_OUTER_BOUND('',#2940,.T.);
#2487=FACE_OUTER_BOUND('',#2941,.T.);
#2488=FACE_OUTER_BOUND('',#2942,.T.);
#2489=FACE_OUTER_BOUND('',#2943,.T.);
#2490=FACE_OUTER_BOUND('',#2945,.T.);
#2491=FACE_OUTER_BOUND('',#2947,.T.);
#2492=FACE_OUTER_BOUND('',#2948,.T.);
#2493=FACE_OUTER_BOUND('',#2949,.T.);
#2494=FACE_OUTER_BOUND('',#2950,.T.);
#2495=FACE_OUTER_BOUND('',#2951,.T.);
#2496=FACE_OUTER_BOUND('',#2952,.T.);
#2497=FACE_OUTER_BOUND('',#2953,.T.);
#2498=FACE_OUTER_BOUND('',#2954,.T.);
#2499=FACE_OUTER_BOUND('',#2955,.T.);
#2500=FACE_OUTER_BOUND('',#2956,.T.);
#2501=FACE_OUTER_BOUND('',#2957,.T.);
#2502=FACE_OUTER_BOUND('',#2958,.T.);
#2503=FACE_OUTER_BOUND('',#2959,.T.);
#2504=FACE_OUTER_BOUND('',#2960,.T.);
#2505=FACE_OUTER_BOUND('',#2961,.T.);
#2506=FACE_OUTER_BOUND('',#2962,.T.);
#2507=FACE_OUTER_BOUND('',#2963,.T.);
#2508=FACE_OUTER_BOUND('',#2964,.T.);
#2509=FACE_OUTER_BOUND('',#2965,.T.);
#2510=FACE_OUTER_BOUND('',#2966,.T.);
#2511=FACE_OUTER_BOUND('',#2967,.T.);
#2512=FACE_OUTER_BOUND('',#2968,.T.);
#2513=FACE_OUTER_BOUND('',#2969,.T.);
#2514=FACE_OUTER_BOUND('',#2970,.T.);
#2515=FACE_OUTER_BOUND('',#2971,.T.);
#2516=FACE_OUTER_BOUND('',#2972,.T.);
#2517=FACE_OUTER_BOUND('',#2973,.T.);
#2518=FACE_OUTER_BOUND('',#2974,.T.);
#2519=FACE_OUTER_BOUND('',#2975,.T.);
#2520=FACE_OUTER_BOUND('',#2976,.T.);
#2521=FACE_OUTER_BOUND('',#2977,.T.);
#2522=FACE_OUTER_BOUND('',#2978,.T.);
#2523=FACE_OUTER_BOUND('',#2979,.T.);
#2524=FACE_OUTER_BOUND('',#2980,.T.);
#2525=FACE_OUTER_BOUND('',#2981,.T.);
#2526=FACE_OUTER_BOUND('',#2982,.T.);
#2527=FACE_OUTER_BOUND('',#2983,.T.);
#2528=FACE_OUTER_BOUND('',#2984,.T.);
#2529=FACE_OUTER_BOUND('',#2985,.T.);
#2530=FACE_OUTER_BOUND('',#2986,.T.);
#2531=FACE_OUTER_BOUND('',#2987,.T.);
#2532=FACE_OUTER_BOUND('',#2988,.T.);
#2533=FACE_OUTER_BOUND('',#2989,.T.);
#2534=FACE_OUTER_BOUND('',#2990,.T.);
#2535=FACE_OUTER_BOUND('',#2991,.T.);
#2536=FACE_OUTER_BOUND('',#2992,.T.);
#2537=FACE_OUTER_BOUND('',#2993,.T.);
#2538=FACE_OUTER_BOUND('',#2994,.T.);
#2539=FACE_OUTER_BOUND('',#2995,.T.);
#2540=FACE_OUTER_BOUND('',#2996,.T.);
#2541=FACE_OUTER_BOUND('',#2997,.T.);
#2542=EDGE_LOOP('',(#5389,#5390,#5391,#5392));
#2543=EDGE_LOOP('',(#5393,#5394,#5395,#5396,#5397,#5398,#5399,#5400,#5401,
#5402,#5403,#5404,#5405,#5406,#5407,#5408,#5409,#5410,#5411,#5412,#5413,
#5414,#5415,#5416,#5417,#5418,#5419,#5420,#5421,#5422));
#2544=EDGE_LOOP('',(#5423));
#2545=EDGE_LOOP('',(#5424));
#2546=EDGE_LOOP('',(#5425));
#2547=EDGE_LOOP('',(#5426));
#2548=EDGE_LOOP('',(#5427));
#2549=EDGE_LOOP('',(#5428));
#2550=EDGE_LOOP('',(#5429));
#2551=EDGE_LOOP('',(#5430,#5431,#5432,#5433,#5434,#5435,#5436,#5437));
#2552=EDGE_LOOP('',(#5438,#5439,#5440,#5441));
#2553=EDGE_LOOP('',(#5442,#5443,#5444,#5445));
#2554=EDGE_LOOP('',(#5446,#5447,#5448,#5449,#5450,#5451,#5452,#5453));
#2555=EDGE_LOOP('',(#5454,#5455,#5456,#5457));
#2556=EDGE_LOOP('',(#5458,#5459,#5460,#5461));
#2557=EDGE_LOOP('',(#5462,#5463,#5464,#5465));
#2558=EDGE_LOOP('',(#5466,#5467,#5468,#5469));
#2559=EDGE_LOOP('',(#5470,#5471,#5472,#5473));
#2560=EDGE_LOOP('',(#5474,#5475,#5476,#5477,#5478,#5479,#5480,#5481,#5482,
#5483,#5484,#5485));
#2561=EDGE_LOOP('',(#5486,#5487,#5488,#5489,#5490,#5491,#5492,#5493,#5494,
#5495,#5496,#5497,#5498,#5499,#5500,#5501,#5502,#5503,#5504,#5505,#5506,
#5507,#5508,#5509,#5510));
#2562=EDGE_LOOP('',(#5511,#5512));
#2563=EDGE_LOOP('',(#5513,#5514,#5515,#5516));
#2564=EDGE_LOOP('',(#5517,#5518,#5519,#5520,#5521,#5522,#5523,#5524,#5525,
#5526,#5527,#5528,#5529,#5530,#5531,#5532,#5533,#5534,#5535,#5536,#5537,
#5538,#5539,#5540,#5541));
#2565=EDGE_LOOP('',(#5542,#5543));
#2566=EDGE_LOOP('',(#5544,#5545,#5546,#5547,#5548,#5549));
#2567=EDGE_LOOP('',(#5550,#5551,#5552,#5553,#5554));
#2568=EDGE_LOOP('',(#5555,#5556,#5557,#5558,#5559));
#2569=EDGE_LOOP('',(#5560,#5561,#5562,#5563));
#2570=EDGE_LOOP('',(#5564,#5565,#5566,#5567,#5568,#5569,#5570,#5571,#5572,
#5573,#5574,#5575,#5576,#5577,#5578,#5579,#5580,#5581,#5582,#5583,#5584,
#5585,#5586,#5587,#5588,#5589,#5590,#5591,#5592,#5593,#5594,#5595,#5596,
#5597,#5598,#5599,#5600,#5601,#5602,#5603,#5604,#5605,#5606,#5607,#5608,
#5609,#5610,#5611,#5612,#5613,#5614,#5615,#5616,#5617,#5618,#5619,#5620,
#5621,#5622,#5623,#5624,#5625,#5626,#5627,#5628,#5629,#5630,#5631,#5632,
#5633,#5634,#5635,#5636,#5637,#5638,#5639,#5640,#5641,#5642,#5643,#5644,
#5645,#5646,#5647,#5648,#5649,#5650,#5651,#5652,#5653,#5654,#5655,#5656,
#5657,#5658,#5659,#5660,#5661,#5662,#5663,#5664,#5665,#5666,#5667,#5668,
#5669,#5670,#5671,#5672,#5673,#5674,#5675,#5676,#5677,#5678,#5679,#5680,
#5681,#5682,#5683,#5684,#5685,#5686,#5687,#5688,#5689,#5690,#5691,#5692,
#5693,#5694,#5695,#5696,#5697,#5698,#5699,#5700,#5701,#5702,#5703,#5704,
#5705,#5706,#5707,#5708,#5709,#5710,#5711,#5712,#5713,#5714,#5715,#5716,
#5717,#5718,#5719,#5720,#5721,#5722,#5723,#5724,#5725,#5726,#5727,#5728,
#5729,#5730,#5731,#5732,#5733,#5734,#5735,#5736,#5737,#5738,#5739,#5740,
#5741,#5742,#5743,#5744,#5745,#5746,#5747,#5748,#5749,#5750,#5751,#5752,
#5753,#5754,#5755,#5756,#5757,#5758,#5759,#5760,#5761,#5762,#5763,#5764,
#5765,#5766,#5767,#5768,#5769,#5770,#5771,#5772,#5773,#5774,#5775,#5776,
#5777,#5778,#5779,#5780,#5781,#5782,#5783,#5784,#5785,#5786,#5787,#5788,
#5789,#5790,#5791,#5792,#5793,#5794,#5795,#5796,#5797,#5798,#5799,#5800,
#5801,#5802,#5803,#5804,#5805,#5806,#5807,#5808,#5809,#5810,#5811,#5812,
#5813,#5814,#5815,#5816,#5817,#5818,#5819,#5820,#5821,#5822,#5823,#5824,
#5825,#5826,#5827,#5828,#5829));
#2571=EDGE_LOOP('',(#5830,#5831,#5832,#5833));
#2572=EDGE_LOOP('',(#5834,#5835,#5836,#5837,#5838,#5839,#5840,#5841));
#2573=EDGE_LOOP('',(#5842));
#2574=EDGE_LOOP('',(#5843));
#2575=EDGE_LOOP('',(#5844));
#2576=EDGE_LOOP('',(#5845));
#2577=EDGE_LOOP('',(#5846));
#2578=EDGE_LOOP('',(#5847));
#2579=EDGE_LOOP('',(#5848,#5849,#5850,#5851));
#2580=EDGE_LOOP('',(#5852,#5853,#5854,#5855));
#2581=EDGE_LOOP('',(#5856));
#2582=EDGE_LOOP('',(#5857));
#2583=EDGE_LOOP('',(#5858,#5859,#5860,#5861,#5862,#5863,#5864,#5865,#5866,
#5867,#5868,#5869,#5870));
#2584=EDGE_LOOP('',(#5871));
#2585=EDGE_LOOP('',(#5872,#5873,#5874,#5875,#5876,#5877));
#2586=EDGE_LOOP('',(#5878,#5879,#5880,#5881));
#2587=EDGE_LOOP('',(#5882,#5883,#5884,#5885));
#2588=EDGE_LOOP('',(#5886,#5887,#5888,#5889));
#2589=EDGE_LOOP('',(#5890,#5891,#5892,#5893));
#2590=EDGE_LOOP('',(#5894,#5895,#5896,#5897));
#2591=EDGE_LOOP('',(#5898,#5899,#5900,#5901));
#2592=EDGE_LOOP('',(#5902,#5903,#5904,#5905));
#2593=EDGE_LOOP('',(#5906,#5907,#5908,#5909));
#2594=EDGE_LOOP('',(#5910,#5911,#5912,#5913,#5914,#5915));
#2595=EDGE_LOOP('',(#5916,#5917,#5918,#5919));
#2596=EDGE_LOOP('',(#5920,#5921,#5922,#5923));
#2597=EDGE_LOOP('',(#5924,#5925,#5926,#5927));
#2598=EDGE_LOOP('',(#5928,#5929,#5930,#5931));
#2599=EDGE_LOOP('',(#5932,#5933,#5934,#5935,#5936,#5937,#5938,#5939,#5940,
#5941,#5942,#5943));
#2600=EDGE_LOOP('',(#5944,#5945,#5946,#5947));
#2601=EDGE_LOOP('',(#5948,#5949,#5950,#5951,#5952,#5953));
#2602=EDGE_LOOP('',(#5954,#5955,#5956,#5957));
#2603=EDGE_LOOP('',(#5958,#5959,#5960,#5961));
#2604=EDGE_LOOP('',(#5962,#5963,#5964,#5965));
#2605=EDGE_LOOP('',(#5966,#5967,#5968,#5969));
#2606=EDGE_LOOP('',(#5970,#5971,#5972,#5973));
#2607=EDGE_LOOP('',(#5974,#5975,#5976,#5977,#5978,#5979,#5980,#5981,#5982));
#2608=EDGE_LOOP('',(#5983,#5984,#5985,#5986,#5987,#5988,#5989));
#2609=EDGE_LOOP('',(#5990,#5991,#5992,#5993));
#2610=EDGE_LOOP('',(#5994,#5995,#5996,#5997));
#2611=EDGE_LOOP('',(#5998,#5999,#6000,#6001));
#2612=EDGE_LOOP('',(#6002,#6003,#6004,#6005));
#2613=EDGE_LOOP('',(#6006,#6007,#6008,#6009));
#2614=EDGE_LOOP('',(#6010,#6011,#6012,#6013));
#2615=EDGE_LOOP('',(#6014,#6015,#6016,#6017));
#2616=EDGE_LOOP('',(#6018,#6019,#6020,#6021));
#2617=EDGE_LOOP('',(#6022,#6023,#6024,#6025));
#2618=EDGE_LOOP('',(#6026,#6027,#6028,#6029,#6030,#6031,#6032,#6033,#6034,
#6035,#6036,#6037,#6038,#6039,#6040,#6041,#6042,#6043,#6044,#6045,#6046,
#6047,#6048,#6049,#6050,#6051,#6052,#6053,#6054,#6055,#6056,#6057,#6058,
#6059,#6060,#6061,#6062,#6063,#6064,#6065,#6066,#6067,#6068,#6069,#6070,
#6071,#6072,#6073,#6074,#6075,#6076,#6077,#6078,#6079,#6080,#6081,#6082,
#6083,#6084,#6085,#6086,#6087,#6088,#6089,#6090,#6091,#6092,#6093,#6094,
#6095,#6096,#6097,#6098,#6099,#6100,#6101,#6102,#6103,#6104,#6105,#6106,
#6107,#6108,#6109,#6110,#6111,#6112,#6113,#6114,#6115,#6116,#6117,#6118,
#6119,#6120,#6121,#6122,#6123,#6124,#6125,#6126,#6127,#6128,#6129,#6130,
#6131,#6132,#6133,#6134,#6135,#6136,#6137,#6138,#6139,#6140,#6141,#6142,
#6143,#6144,#6145,#6146,#6147,#6148,#6149,#6150,#6151,#6152,#6153,#6154,
#6155,#6156,#6157,#6158,#6159,#6160,#6161,#6162,#6163,#6164,#6165,#6166,
#6167,#6168,#6169,#6170,#6171,#6172,#6173,#6174,#6175,#6176,#6177,#6178,
#6179,#6180,#6181,#6182,#6183));
#2619=EDGE_LOOP('',(#6184,#6185,#6186,#6187,#6188,#6189));
#2620=EDGE_LOOP('',(#6190,#6191,#6192,#6193,#6194,#6195));
#2621=EDGE_LOOP('',(#6196,#6197,#6198,#6199));
#2622=EDGE_LOOP('',(#6200,#6201,#6202,#6203));
#2623=EDGE_LOOP('',(#6204,#6205,#6206,#6207));
#2624=EDGE_LOOP('',(#6208,#6209,#6210,#6211));
#2625=EDGE_LOOP('',(#6212,#6213,#6214,#6215));
#2626=EDGE_LOOP('',(#6216,#6217,#6218,#6219,#6220,#6221));
#2627=EDGE_LOOP('',(#6222,#6223,#6224,#6225,#6226,#6227));
#2628=EDGE_LOOP('',(#6228,#6229,#6230,#6231,#6232,#6233,#6234,#6235,#6236,
#6237,#6238,#6239,#6240,#6241,#6242));
#2629=EDGE_LOOP('',(#6243,#6244,#6245,#6246,#6247));
#2630=EDGE_LOOP('',(#6248,#6249,#6250,#6251,#6252));
#2631=EDGE_LOOP('',(#6253,#6254,#6255,#6256,#6257));
#2632=EDGE_LOOP('',(#6258,#6259,#6260,#6261,#6262));
#2633=EDGE_LOOP('',(#6263,#6264,#6265,#6266));
#2634=EDGE_LOOP('',(#6267,#6268,#6269));
#2635=EDGE_LOOP('',(#6270,#6271,#6272,#6273));
#2636=EDGE_LOOP('',(#6274,#6275,#6276,#6277));
#2637=EDGE_LOOP('',(#6278,#6279,#6280,#6281));
#2638=EDGE_LOOP('',(#6282,#6283,#6284,#6285));
#2639=EDGE_LOOP('',(#6286,#6287,#6288,#6289));
#2640=EDGE_LOOP('',(#6290,#6291,#6292,#6293));
#2641=EDGE_LOOP('',(#6294,#6295,#6296,#6297));
#2642=EDGE_LOOP('',(#6298,#6299,#6300,#6301));
#2643=EDGE_LOOP('',(#6302,#6303,#6304,#6305));
#2644=EDGE_LOOP('',(#6306,#6307,#6308,#6309));
#2645=EDGE_LOOP('',(#6310,#6311,#6312,#6313));
#2646=EDGE_LOOP('',(#6314,#6315,#6316,#6317,#6318,#6319,#6320,#6321,#6322,
#6323,#6324,#6325,#6326,#6327,#6328,#6329,#6330,#6331,#6332,#6333,#6334,
#6335,#6336,#6337,#6338,#6339,#6340,#6341,#6342,#6343,#6344,#6345,#6346,
#6347,#6348,#6349,#6350,#6351,#6352,#6353,#6354,#6355,#6356,#6357,#6358,
#6359,#6360,#6361,#6362,#6363,#6364,#6365,#6366,#6367,#6368,#6369,#6370,
#6371,#6372,#6373,#6374,#6375));
#2647=EDGE_LOOP('',(#6376,#6377,#6378,#6379,#6380,#6381,#6382,#6383));
#2648=EDGE_LOOP('',(#6384,#6385,#6386,#6387,#6388,#6389,#6390,#6391,#6392,
#6393,#6394,#6395,#6396,#6397,#6398,#6399,#6400,#6401,#6402,#6403,#6404,
#6405,#6406,#6407,#6408,#6409,#6410,#6411,#6412,#6413,#6414,#6415,#6416,
#6417,#6418,#6419,#6420,#6421,#6422,#6423,#6424,#6425,#6426,#6427,#6428,
#6429,#6430,#6431,#6432,#6433,#6434,#6435,#6436,#6437,#6438,#6439,#6440,
#6441,#6442,#6443,#6444,#6445));
#2649=EDGE_LOOP('',(#6446,#6447,#6448,#6449));
#2650=EDGE_LOOP('',(#6450,#6451,#6452,#6453));
#2651=EDGE_LOOP('',(#6454,#6455,#6456,#6457));
#2652=EDGE_LOOP('',(#6458,#6459,#6460,#6461));
#2653=EDGE_LOOP('',(#6462,#6463,#6464,#6465));
#2654=EDGE_LOOP('',(#6466,#6467,#6468,#6469));
#2655=EDGE_LOOP('',(#6470,#6471,#6472,#6473));
#2656=EDGE_LOOP('',(#6474,#6475,#6476,#6477));
#2657=EDGE_LOOP('',(#6478,#6479,#6480,#6481));
#2658=EDGE_LOOP('',(#6482,#6483,#6484,#6485));
#2659=EDGE_LOOP('',(#6486,#6487,#6488,#6489));
#2660=EDGE_LOOP('',(#6490,#6491,#6492,#6493));
#2661=EDGE_LOOP('',(#6494,#6495,#6496,#6497));
#2662=EDGE_LOOP('',(#6498,#6499,#6500,#6501));
#2663=EDGE_LOOP('',(#6502,#6503,#6504,#6505));
#2664=EDGE_LOOP('',(#6506,#6507,#6508,#6509));
#2665=EDGE_LOOP('',(#6510,#6511,#6512,#6513));
#2666=EDGE_LOOP('',(#6514));
#2667=EDGE_LOOP('',(#6515));
#2668=EDGE_LOOP('',(#6516));
#2669=EDGE_LOOP('',(#6517));
#2670=EDGE_LOOP('',(#6518));
#2671=EDGE_LOOP('',(#6519));
#2672=EDGE_LOOP('',(#6520));
#2673=EDGE_LOOP('',(#6521));
#2674=EDGE_LOOP('',(#6522,#6523,#6524,#6525));
#2675=EDGE_LOOP('',(#6526,#6527,#6528,#6529));
#2676=EDGE_LOOP('',(#6530,#6531,#6532,#6533));
#2677=EDGE_LOOP('',(#6534,#6535,#6536,#6537));
#2678=EDGE_LOOP('',(#6538,#6539,#6540,#6541));
#2679=EDGE_LOOP('',(#6542,#6543,#6544,#6545));
#2680=EDGE_LOOP('',(#6546,#6547,#6548,#6549));
#2681=EDGE_LOOP('',(#6550,#6551,#6552,#6553));
#2682=EDGE_LOOP('',(#6554,#6555,#6556,#6557));
#2683=EDGE_LOOP('',(#6558,#6559,#6560,#6561));
#2684=EDGE_LOOP('',(#6562,#6563,#6564,#6565));
#2685=EDGE_LOOP('',(#6566,#6567,#6568,#6569));
#2686=EDGE_LOOP('',(#6570,#6571,#6572,#6573));
#2687=EDGE_LOOP('',(#6574,#6575,#6576,#6577));
#2688=EDGE_LOOP('',(#6578,#6579,#6580,#6581));
#2689=EDGE_LOOP('',(#6582,#6583,#6584,#6585));
#2690=EDGE_LOOP('',(#6586,#6587,#6588,#6589));
#2691=EDGE_LOOP('',(#6590,#6591,#6592,#6593));
#2692=EDGE_LOOP('',(#6594,#6595,#6596,#6597));
#2693=EDGE_LOOP('',(#6598,#6599,#6600,#6601));
#2694=EDGE_LOOP('',(#6602,#6603,#6604,#6605));
#2695=EDGE_LOOP('',(#6606,#6607,#6608,#6609));
#2696=EDGE_LOOP('',(#6610,#6611,#6612,#6613));
#2697=EDGE_LOOP('',(#6614,#6615,#6616,#6617));
#2698=EDGE_LOOP('',(#6618,#6619,#6620,#6621));
#2699=EDGE_LOOP('',(#6622,#6623,#6624,#6625));
#2700=EDGE_LOOP('',(#6626,#6627,#6628,#6629));
#2701=EDGE_LOOP('',(#6630,#6631,#6632,#6633));
#2702=EDGE_LOOP('',(#6634,#6635,#6636,#6637));
#2703=EDGE_LOOP('',(#6638,#6639,#6640,#6641));
#2704=EDGE_LOOP('',(#6642,#6643,#6644,#6645));
#2705=EDGE_LOOP('',(#6646,#6647,#6648,#6649));
#2706=EDGE_LOOP('',(#6650,#6651,#6652,#6653));
#2707=EDGE_LOOP('',(#6654,#6655,#6656,#6657));
#2708=EDGE_LOOP('',(#6658,#6659,#6660,#6661));
#2709=EDGE_LOOP('',(#6662,#6663,#6664,#6665));
#2710=EDGE_LOOP('',(#6666,#6667,#6668,#6669));
#2711=EDGE_LOOP('',(#6670,#6671,#6672,#6673));
#2712=EDGE_LOOP('',(#6674,#6675,#6676,#6677));
#2713=EDGE_LOOP('',(#6678,#6679,#6680,#6681));
#2714=EDGE_LOOP('',(#6682,#6683,#6684,#6685));
#2715=EDGE_LOOP('',(#6686,#6687,#6688,#6689));
#2716=EDGE_LOOP('',(#6690,#6691,#6692,#6693));
#2717=EDGE_LOOP('',(#6694,#6695,#6696,#6697));
#2718=EDGE_LOOP('',(#6698,#6699,#6700,#6701));
#2719=EDGE_LOOP('',(#6702,#6703,#6704,#6705));
#2720=EDGE_LOOP('',(#6706,#6707,#6708,#6709));
#2721=EDGE_LOOP('',(#6710,#6711,#6712,#6713));
#2722=EDGE_LOOP('',(#6714,#6715,#6716,#6717));
#2723=EDGE_LOOP('',(#6718,#6719,#6720,#6721));
#2724=EDGE_LOOP('',(#6722,#6723,#6724,#6725));
#2725=EDGE_LOOP('',(#6726,#6727,#6728,#6729));
#2726=EDGE_LOOP('',(#6730,#6731,#6732,#6733));
#2727=EDGE_LOOP('',(#6734,#6735,#6736,#6737));
#2728=EDGE_LOOP('',(#6738,#6739,#6740,#6741));
#2729=EDGE_LOOP('',(#6742,#6743,#6744,#6745));
#2730=EDGE_LOOP('',(#6746,#6747,#6748,#6749));
#2731=EDGE_LOOP('',(#6750,#6751,#6752,#6753));
#2732=EDGE_LOOP('',(#6754,#6755,#6756,#6757));
#2733=EDGE_LOOP('',(#6758,#6759,#6760,#6761));
#2734=EDGE_LOOP('',(#6762,#6763,#6764,#6765));
#2735=EDGE_LOOP('',(#6766,#6767,#6768,#6769));
#2736=EDGE_LOOP('',(#6770,#6771,#6772,#6773));
#2737=EDGE_LOOP('',(#6774,#6775,#6776,#6777));
#2738=EDGE_LOOP('',(#6778,#6779,#6780,#6781));
#2739=EDGE_LOOP('',(#6782,#6783,#6784,#6785));
#2740=EDGE_LOOP('',(#6786,#6787,#6788,#6789));
#2741=EDGE_LOOP('',(#6790,#6791,#6792,#6793));
#2742=EDGE_LOOP('',(#6794,#6795,#6796,#6797));
#2743=EDGE_LOOP('',(#6798,#6799,#6800,#6801));
#2744=EDGE_LOOP('',(#6802,#6803,#6804,#6805));
#2745=EDGE_LOOP('',(#6806,#6807,#6808,#6809));
#2746=EDGE_LOOP('',(#6810,#6811,#6812,#6813));
#2747=EDGE_LOOP('',(#6814,#6815,#6816,#6817));
#2748=EDGE_LOOP('',(#6818,#6819,#6820,#6821));
#2749=EDGE_LOOP('',(#6822,#6823,#6824,#6825));
#2750=EDGE_LOOP('',(#6826,#6827,#6828,#6829));
#2751=EDGE_LOOP('',(#6830,#6831,#6832,#6833));
#2752=EDGE_LOOP('',(#6834,#6835,#6836,#6837));
#2753=EDGE_LOOP('',(#6838,#6839,#6840,#6841));
#2754=EDGE_LOOP('',(#6842,#6843,#6844,#6845));
#2755=EDGE_LOOP('',(#6846,#6847,#6848,#6849));
#2756=EDGE_LOOP('',(#6850,#6851,#6852,#6853));
#2757=EDGE_LOOP('',(#6854,#6855,#6856,#6857));
#2758=EDGE_LOOP('',(#6858,#6859,#6860,#6861));
#2759=EDGE_LOOP('',(#6862,#6863,#6864,#6865));
#2760=EDGE_LOOP('',(#6866,#6867,#6868,#6869));
#2761=EDGE_LOOP('',(#6870,#6871,#6872,#6873));
#2762=EDGE_LOOP('',(#6874,#6875,#6876,#6877));
#2763=EDGE_LOOP('',(#6878,#6879,#6880,#6881));
#2764=EDGE_LOOP('',(#6882,#6883,#6884,#6885));
#2765=EDGE_LOOP('',(#6886,#6887,#6888,#6889));
#2766=EDGE_LOOP('',(#6890,#6891,#6892,#6893));
#2767=EDGE_LOOP('',(#6894,#6895,#6896,#6897));
#2768=EDGE_LOOP('',(#6898,#6899,#6900,#6901));
#2769=EDGE_LOOP('',(#6902,#6903,#6904,#6905));
#2770=EDGE_LOOP('',(#6906,#6907,#6908,#6909));
#2771=EDGE_LOOP('',(#6910,#6911,#6912,#6913));
#2772=EDGE_LOOP('',(#6914,#6915,#6916,#6917));
#2773=EDGE_LOOP('',(#6918,#6919,#6920,#6921));
#2774=EDGE_LOOP('',(#6922,#6923,#6924,#6925));
#2775=EDGE_LOOP('',(#6926,#6927,#6928,#6929));
#2776=EDGE_LOOP('',(#6930,#6931,#6932,#6933));
#2777=EDGE_LOOP('',(#6934,#6935,#6936,#6937));
#2778=EDGE_LOOP('',(#6938,#6939,#6940,#6941));
#2779=EDGE_LOOP('',(#6942,#6943,#6944,#6945));
#2780=EDGE_LOOP('',(#6946,#6947,#6948,#6949));
#2781=EDGE_LOOP('',(#6950,#6951,#6952,#6953));
#2782=EDGE_LOOP('',(#6954,#6955,#6956,#6957));
#2783=EDGE_LOOP('',(#6958,#6959,#6960,#6961));
#2784=EDGE_LOOP('',(#6962,#6963,#6964,#6965));
#2785=EDGE_LOOP('',(#6966,#6967,#6968,#6969));
#2786=EDGE_LOOP('',(#6970,#6971,#6972,#6973));
#2787=EDGE_LOOP('',(#6974,#6975,#6976,#6977));
#2788=EDGE_LOOP('',(#6978,#6979,#6980,#6981));
#2789=EDGE_LOOP('',(#6982,#6983,#6984,#6985));
#2790=EDGE_LOOP('',(#6986,#6987,#6988,#6989));
#2791=EDGE_LOOP('',(#6990,#6991,#6992,#6993));
#2792=EDGE_LOOP('',(#6994,#6995,#6996,#6997));
#2793=EDGE_LOOP('',(#6998,#6999,#7000,#7001));
#2794=EDGE_LOOP('',(#7002,#7003,#7004,#7005));
#2795=EDGE_LOOP('',(#7006,#7007,#7008,#7009));
#2796=EDGE_LOOP('',(#7010,#7011,#7012,#7013));
#2797=EDGE_LOOP('',(#7014,#7015,#7016,#7017));
#2798=EDGE_LOOP('',(#7018,#7019,#7020,#7021));
#2799=EDGE_LOOP('',(#7022,#7023,#7024,#7025));
#2800=EDGE_LOOP('',(#7026,#7027,#7028,#7029));
#2801=EDGE_LOOP('',(#7030,#7031,#7032,#7033));
#2802=EDGE_LOOP('',(#7034,#7035,#7036,#7037));
#2803=EDGE_LOOP('',(#7038,#7039,#7040,#7041));
#2804=EDGE_LOOP('',(#7042,#7043,#7044,#7045));
#2805=EDGE_LOOP('',(#7046,#7047,#7048,#7049));
#2806=EDGE_LOOP('',(#7050,#7051,#7052,#7053));
#2807=EDGE_LOOP('',(#7054,#7055,#7056,#7057));
#2808=EDGE_LOOP('',(#7058,#7059,#7060,#7061));
#2809=EDGE_LOOP('',(#7062,#7063,#7064,#7065));
#2810=EDGE_LOOP('',(#7066,#7067,#7068,#7069));
#2811=EDGE_LOOP('',(#7070,#7071,#7072,#7073));
#2812=EDGE_LOOP('',(#7074,#7075,#7076,#7077));
#2813=EDGE_LOOP('',(#7078,#7079,#7080,#7081));
#2814=EDGE_LOOP('',(#7082,#7083,#7084,#7085));
#2815=EDGE_LOOP('',(#7086,#7087,#7088,#7089));
#2816=EDGE_LOOP('',(#7090,#7091,#7092,#7093));
#2817=EDGE_LOOP('',(#7094,#7095,#7096,#7097));
#2818=EDGE_LOOP('',(#7098,#7099,#7100,#7101));
#2819=EDGE_LOOP('',(#7102,#7103,#7104,#7105));
#2820=EDGE_LOOP('',(#7106,#7107,#7108,#7109));
#2821=EDGE_LOOP('',(#7110,#7111,#7112,#7113));
#2822=EDGE_LOOP('',(#7114,#7115,#7116,#7117));
#2823=EDGE_LOOP('',(#7118,#7119,#7120,#7121));
#2824=EDGE_LOOP('',(#7122,#7123,#7124,#7125));
#2825=EDGE_LOOP('',(#7126,#7127,#7128,#7129));
#2826=EDGE_LOOP('',(#7130,#7131,#7132,#7133));
#2827=EDGE_LOOP('',(#7134,#7135,#7136,#7137));
#2828=EDGE_LOOP('',(#7138,#7139,#7140,#7141));
#2829=EDGE_LOOP('',(#7142,#7143,#7144,#7145));
#2830=EDGE_LOOP('',(#7146,#7147,#7148,#7149));
#2831=EDGE_LOOP('',(#7150,#7151,#7152,#7153));
#2832=EDGE_LOOP('',(#7154,#7155,#7156,#7157));
#2833=EDGE_LOOP('',(#7158,#7159,#7160,#7161));
#2834=EDGE_LOOP('',(#7162,#7163,#7164,#7165));
#2835=EDGE_LOOP('',(#7166,#7167,#7168,#7169));
#2836=EDGE_LOOP('',(#7170,#7171,#7172,#7173));
#2837=EDGE_LOOP('',(#7174,#7175,#7176,#7177));
#2838=EDGE_LOOP('',(#7178,#7179,#7180,#7181));
#2839=EDGE_LOOP('',(#7182,#7183,#7184,#7185));
#2840=EDGE_LOOP('',(#7186,#7187,#7188,#7189));
#2841=EDGE_LOOP('',(#7190,#7191,#7192,#7193));
#2842=EDGE_LOOP('',(#7194,#7195,#7196,#7197));
#2843=EDGE_LOOP('',(#7198,#7199,#7200,#7201));
#2844=EDGE_LOOP('',(#7202,#7203,#7204,#7205));
#2845=EDGE_LOOP('',(#7206,#7207,#7208,#7209));
#2846=EDGE_LOOP('',(#7210,#7211,#7212,#7213));
#2847=EDGE_LOOP('',(#7214,#7215,#7216,#7217));
#2848=EDGE_LOOP('',(#7218,#7219,#7220,#7221));
#2849=EDGE_LOOP('',(#7222,#7223,#7224,#7225));
#2850=EDGE_LOOP('',(#7226,#7227,#7228,#7229));
#2851=EDGE_LOOP('',(#7230,#7231,#7232,#7233));
#2852=EDGE_LOOP('',(#7234,#7235,#7236,#7237));
#2853=EDGE_LOOP('',(#7238,#7239,#7240,#7241));
#2854=EDGE_LOOP('',(#7242,#7243,#7244,#7245));
#2855=EDGE_LOOP('',(#7246,#7247,#7248,#7249));
#2856=EDGE_LOOP('',(#7250,#7251,#7252,#7253));
#2857=EDGE_LOOP('',(#7254,#7255,#7256,#7257));
#2858=EDGE_LOOP('',(#7258,#7259,#7260,#7261));
#2859=EDGE_LOOP('',(#7262,#7263,#7264,#7265));
#2860=EDGE_LOOP('',(#7266,#7267,#7268,#7269));
#2861=EDGE_LOOP('',(#7270,#7271,#7272,#7273));
#2862=EDGE_LOOP('',(#7274,#7275,#7276,#7277));
#2863=EDGE_LOOP('',(#7278,#7279,#7280,#7281));
#2864=EDGE_LOOP('',(#7282,#7283,#7284,#7285));
#2865=EDGE_LOOP('',(#7286,#7287,#7288,#7289));
#2866=EDGE_LOOP('',(#7290,#7291,#7292,#7293));
#2867=EDGE_LOOP('',(#7294,#7295,#7296,#7297));
#2868=EDGE_LOOP('',(#7298,#7299,#7300,#7301));
#2869=EDGE_LOOP('',(#7302,#7303,#7304,#7305));
#2870=EDGE_LOOP('',(#7306,#7307,#7308,#7309));
#2871=EDGE_LOOP('',(#7310,#7311,#7312,#7313));
#2872=EDGE_LOOP('',(#7314,#7315,#7316,#7317));
#2873=EDGE_LOOP('',(#7318,#7319,#7320,#7321));
#2874=EDGE_LOOP('',(#7322,#7323,#7324,#7325));
#2875=EDGE_LOOP('',(#7326,#7327,#7328,#7329));
#2876=EDGE_LOOP('',(#7330,#7331,#7332,#7333));
#2877=EDGE_LOOP('',(#7334,#7335,#7336,#7337));
#2878=EDGE_LOOP('',(#7338,#7339,#7340,#7341));
#2879=EDGE_LOOP('',(#7342,#7343,#7344,#7345));
#2880=EDGE_LOOP('',(#7346,#7347,#7348,#7349));
#2881=EDGE_LOOP('',(#7350,#7351,#7352,#7353));
#2882=EDGE_LOOP('',(#7354,#7355,#7356,#7357));
#2883=EDGE_LOOP('',(#7358,#7359,#7360,#7361));
#2884=EDGE_LOOP('',(#7362,#7363,#7364,#7365));
#2885=EDGE_LOOP('',(#7366,#7367,#7368,#7369));
#2886=EDGE_LOOP('',(#7370,#7371,#7372,#7373));
#2887=EDGE_LOOP('',(#7374,#7375,#7376,#7377));
#2888=EDGE_LOOP('',(#7378,#7379,#7380,#7381));
#2889=EDGE_LOOP('',(#7382,#7383,#7384,#7385));
#2890=EDGE_LOOP('',(#7386,#7387,#7388,#7389));
#2891=EDGE_LOOP('',(#7390,#7391,#7392,#7393));
#2892=EDGE_LOOP('',(#7394,#7395,#7396,#7397));
#2893=EDGE_LOOP('',(#7398,#7399,#7400,#7401));
#2894=EDGE_LOOP('',(#7402,#7403,#7404,#7405));
#2895=EDGE_LOOP('',(#7406,#7407,#7408,#7409));
#2896=EDGE_LOOP('',(#7410,#7411,#7412,#7413));
#2897=EDGE_LOOP('',(#7414,#7415,#7416,#7417));
#2898=EDGE_LOOP('',(#7418,#7419,#7420,#7421));
#2899=EDGE_LOOP('',(#7422,#7423,#7424,#7425));
#2900=EDGE_LOOP('',(#7426,#7427,#7428,#7429));
#2901=EDGE_LOOP('',(#7430,#7431,#7432,#7433));
#2902=EDGE_LOOP('',(#7434,#7435,#7436,#7437));
#2903=EDGE_LOOP('',(#7438,#7439,#7440,#7441));
#2904=EDGE_LOOP('',(#7442,#7443,#7444,#7445));
#2905=EDGE_LOOP('',(#7446,#7447,#7448,#7449));
#2906=EDGE_LOOP('',(#7450,#7451,#7452,#7453));
#2907=EDGE_LOOP('',(#7454,#7455,#7456,#7457));
#2908=EDGE_LOOP('',(#7458,#7459,#7460,#7461));
#2909=EDGE_LOOP('',(#7462,#7463,#7464,#7465));
#2910=EDGE_LOOP('',(#7466,#7467,#7468,#7469));
#2911=EDGE_LOOP('',(#7470,#7471,#7472,#7473));
#2912=EDGE_LOOP('',(#7474,#7475,#7476,#7477));
#2913=EDGE_LOOP('',(#7478,#7479,#7480,#7481));
#2914=EDGE_LOOP('',(#7482,#7483,#7484,#7485));
#2915=EDGE_LOOP('',(#7486,#7487,#7488,#7489));
#2916=EDGE_LOOP('',(#7490,#7491,#7492,#7493));
#2917=EDGE_LOOP('',(#7494,#7495,#7496,#7497,#7498,#7499));
#2918=EDGE_LOOP('',(#7500,#7501,#7502,#7503));
#2919=EDGE_LOOP('',(#7504));
#2920=EDGE_LOOP('',(#7505));
#2921=EDGE_LOOP('',(#7506,#7507,#7508,#7509,#7510,#7511,#7512,#7513));
#2922=EDGE_LOOP('',(#7514,#7515,#7516,#7517,#7518,#7519));
#2923=EDGE_LOOP('',(#7520));
#2924=EDGE_LOOP('',(#7521));
#2925=EDGE_LOOP('',(#7522,#7523,#7524,#7525));
#2926=EDGE_LOOP('',(#7526,#7527,#7528,#7529));
#2927=EDGE_LOOP('',(#7530,#7531,#7532,#7533));
#2928=EDGE_LOOP('',(#7534,#7535,#7536,#7537,#7538,#7539));
#2929=EDGE_LOOP('',(#7540,#7541,#7542,#7543,#7544,#7545));
#2930=EDGE_LOOP('',(#7546,#7547,#7548,#7549));
#2931=EDGE_LOOP('',(#7550,#7551,#7552,#7553,#7554,#7555));
#2932=EDGE_LOOP('',(#7556,#7557,#7558,#7559,#7560,#7561));
#2933=EDGE_LOOP('',(#7562,#7563,#7564,#7565));
#2934=EDGE_LOOP('',(#7566,#7567,#7568,#7569,#7570,#7571));
#2935=EDGE_LOOP('',(#7572,#7573,#7574,#7575));
#2936=EDGE_LOOP('',(#7576,#7577,#7578,#7579,#7580,#7581));
#2937=EDGE_LOOP('',(#7582,#7583,#7584,#7585,#7586,#7587));
#2938=EDGE_LOOP('',(#7588,#7589,#7590,#7591));
#2939=EDGE_LOOP('',(#7592,#7593,#7594,#7595,#7596,#7597));
#2940=EDGE_LOOP('',(#7598,#7599,#7600,#7601,#7602,#7603));
#2941=EDGE_LOOP('',(#7604,#7605,#7606,#7607,#7608,#7609));
#2942=EDGE_LOOP('',(#7610,#7611,#7612,#7613));
#2943=EDGE_LOOP('',(#7614));
#2944=EDGE_LOOP('',(#7615));
#2945=EDGE_LOOP('',(#7616));
#2946=EDGE_LOOP('',(#7617));
#2947=EDGE_LOOP('',(#7618,#7619,#7620,#7621));
#2948=EDGE_LOOP('',(#7622,#7623,#7624,#7625));
#2949=EDGE_LOOP('',(#7626,#7627,#7628,#7629,#7630));
#2950=EDGE_LOOP('',(#7631,#7632,#7633,#7634,#7635));
#2951=EDGE_LOOP('',(#7636,#7637,#7638,#7639));
#2952=EDGE_LOOP('',(#7640,#7641,#7642,#7643,#7644));
#2953=EDGE_LOOP('',(#7645,#7646,#7647,#7648,#7649));
#2954=EDGE_LOOP('',(#7650,#7651,#7652,#7653));
#2955=EDGE_LOOP('',(#7654,#7655,#7656,#7657));
#2956=EDGE_LOOP('',(#7658,#7659,#7660,#7661));
#2957=EDGE_LOOP('',(#7662,#7663,#7664,#7665));
#2958=EDGE_LOOP('',(#7666,#7667,#7668,#7669));
#2959=EDGE_LOOP('',(#7670,#7671,#7672,#7673));
#2960=EDGE_LOOP('',(#7674,#7675,#7676,#7677));
#2961=EDGE_LOOP('',(#7678,#7679,#7680,#7681));
#2962=EDGE_LOOP('',(#7682,#7683,#7684,#7685));
#2963=EDGE_LOOP('',(#7686,#7687,#7688,#7689));
#2964=EDGE_LOOP('',(#7690,#7691,#7692,#7693));
#2965=EDGE_LOOP('',(#7694,#7695,#7696,#7697));
#2966=EDGE_LOOP('',(#7698,#7699,#7700,#7701));
#2967=EDGE_LOOP('',(#7702,#7703,#7704));
#2968=EDGE_LOOP('',(#7705,#7706,#7707,#7708));
#2969=EDGE_LOOP('',(#7709,#7710,#7711,#7712));
#2970=EDGE_LOOP('',(#7713,#7714,#7715,#7716));
#2971=EDGE_LOOP('',(#7717,#7718,#7719,#7720,#7721,#7722,#7723));
#2972=EDGE_LOOP('',(#7724,#7725,#7726,#7727,#7728,#7729,#7730,#7731,#7732));
#2973=EDGE_LOOP('',(#7733,#7734,#7735,#7736));
#2974=EDGE_LOOP('',(#7737,#7738,#7739,#7740,#7741,#7742,#7743));
#2975=EDGE_LOOP('',(#7744,#7745,#7746,#7747));
#2976=EDGE_LOOP('',(#7748,#7749,#7750,#7751,#7752,#7753,#7754,#7755,#7756));
#2977=EDGE_LOOP('',(#7757,#7758,#7759,#7760));
#2978=EDGE_LOOP('',(#7761,#7762,#7763,#7764));
#2979=EDGE_LOOP('',(#7765,#7766,#7767,#7768));
#2980=EDGE_LOOP('',(#7769,#7770,#7771,#7772));
#2981=EDGE_LOOP('',(#7773,#7774,#7775,#7776));
#2982=EDGE_LOOP('',(#7777,#7778,#7779,#7780));
#2983=EDGE_LOOP('',(#7781,#7782,#7783,#7784));
#2984=EDGE_LOOP('',(#7785,#7786,#7787,#7788));
#2985=EDGE_LOOP('',(#7789,#7790,#7791,#7792));
#2986=EDGE_LOOP('',(#7793,#7794,#7795,#7796));
#2987=EDGE_LOOP('',(#7797,#7798,#7799,#7800));
#2988=EDGE_LOOP('',(#7801,#7802,#7803,#7804));
#2989=EDGE_LOOP('',(#7805,#7806,#7807,#7808));
#2990=EDGE_LOOP('',(#7809,#7810,#7811,#7812));
#2991=EDGE_LOOP('',(#7813,#7814,#7815,#7816));
#2992=EDGE_LOOP('',(#7817,#7818,#7819,#7820));
#2993=EDGE_LOOP('',(#7821,#7822,#7823,#7824));
#2994=EDGE_LOOP('',(#7825,#7826,#7827,#7828));
#2995=EDGE_LOOP('',(#7829,#7830,#7831,#7832));
#2996=EDGE_LOOP('',(#7833,#7834,#7835,#7836));
#2997=EDGE_LOOP('',(#7837,#7838,#7839,#7840));
#2998=CIRCLE('',#8276,1.);
#2999=CIRCLE('',#8277,29.);
#3000=CIRCLE('',#8278,1.);
#3001=CIRCLE('',#8279,28.);
#3002=CIRCLE('',#8281,20.);
#3003=CIRCLE('',#8282,20.);
#3004=CIRCLE('',#8283,20.);
#3005=CIRCLE('',#8284,20.);
#3006=CIRCLE('',#8285,20.);
#3007=CIRCLE('',#8286,20.);
#3008=CIRCLE('',#8287,47.5);
#3009=CIRCLE('',#8288,3.75);
#3010=CIRCLE('',#8289,4.14999999999998);
#3011=CIRCLE('',#8290,1.65);
#3012=CIRCLE('',#8291,1.65000000000002);
#3013=CIRCLE('',#8292,1.65000000000002);
#3014=CIRCLE('',#8293,1.65);
#3015=CIRCLE('',#8294,1.65);
#3016=CIRCLE('',#8295,12.5);
#3017=CIRCLE('',#8296,16.3004184094916);
#3018=CIRCLE('',#8297,5.);
#3019=CIRCLE('',#8298,6.30041840949155);
#3020=CIRCLE('',#8299,22.5);
#3021=CIRCLE('',#8300,6.30041840949155);
#3022=CIRCLE('',#8301,5.);
#3023=CIRCLE('',#8302,16.3004184094916);
#3024=CIRCLE('',#8303,4.99999999999999);
#3025=CIRCLE('',#8304,31.5);
#3026=CIRCLE('',#8305,4.99999999999999);
#3027=CIRCLE('',#8306,41.5);
#3028=CIRCLE('',#8308,28.);
#3029=CIRCLE('',#8310,0.999999999999943);
#3030=CIRCLE('',#8311,1.00000000000001);
#3031=CIRCLE('',#8313,1.00000000000001);
#3032=CIRCLE('',#8314,1.00000000000001);
#3033=CIRCLE('',#8315,19.0283280985213);
#3034=CIRCLE('',#8316,19.050241202781);
#3035=CIRCLE('',#8317,158.099343737762);
#3036=CIRCLE('',#8318,157.447987419456);
#3037=CIRCLE('',#8319,157.113505195012);
#3038=CIRCLE('',#8320,157.292387672417);
#3039=CIRCLE('',#8324,157.415358600553);
#3040=CIRCLE('',#8325,157.226256538227);
#3041=CIRCLE('',#8326,157.448042867285);
#3042=CIRCLE('',#8327,158.099388033533);
#3043=CIRCLE('',#8328,19.0502367849832);
#3044=CIRCLE('',#8329,19.0283264134515);
#3045=CIRCLE('',#8331,1.);
#3046=CIRCLE('',#8332,2.75);
#3047=CIRCLE('',#8333,2.75);
#3048=CIRCLE('',#8335,2.75);
#3049=CIRCLE('',#8337,4.75);
#3050=CIRCLE('',#8338,2.);
#3051=CIRCLE('',#8340,10.);
#3052=CIRCLE('',#8341,10.);
#3053=CIRCLE('',#8342,10.);
#3054=CIRCLE('',#8343,10.);
#3055=CIRCLE('',#8344,47.5);
#3056=CIRCLE('',#8345,46.25);
#3057=CIRCLE('',#8346,47.5);
#3058=CIRCLE('',#8347,46.25);
#3059=CIRCLE('',#8348,47.5);
#3060=CIRCLE('',#8349,46.25);
#3061=CIRCLE('',#8350,47.5);
#3062=CIRCLE('',#8351,46.25);
#3063=CIRCLE('',#8352,47.5);
#3064=CIRCLE('',#8353,46.25);
#3065=CIRCLE('',#8354,47.5);
#3066=CIRCLE('',#8355,46.25);
#3067=CIRCLE('',#8356,47.5);
#3068=CIRCLE('',#8357,46.25);
#3069=CIRCLE('',#8358,47.5);
#3070=CIRCLE('',#8359,46.25);
#3071=CIRCLE('',#8360,47.5);
#3072=CIRCLE('',#8361,46.25);
#3073=CIRCLE('',#8362,47.5);
#3074=CIRCLE('',#8363,46.25);
#3075=CIRCLE('',#8364,47.5);
#3076=CIRCLE('',#8365,46.25);
#3077=CIRCLE('',#8366,47.5);
#3078=CIRCLE('',#8367,46.25);
#3079=CIRCLE('',#8368,47.5);
#3080=CIRCLE('',#8369,46.25);
#3081=CIRCLE('',#8370,47.5);
#3082=CIRCLE('',#8371,46.25);
#3083=CIRCLE('',#8372,47.5);
#3084=CIRCLE('',#8373,46.25);
#3085=CIRCLE('',#8374,47.5);
#3086=CIRCLE('',#8375,46.25);
#3087=CIRCLE('',#8376,47.5);
#3088=CIRCLE('',#8377,46.25);
#3089=CIRCLE('',#8378,47.5);
#3090=CIRCLE('',#8379,46.25);
#3091=CIRCLE('',#8380,47.5);
#3092=CIRCLE('',#8381,46.25);
#3093=CIRCLE('',#8382,47.5);
#3094=CIRCLE('',#8383,46.25);
#3095=CIRCLE('',#8384,47.5);
#3096=CIRCLE('',#8385,46.25);
#3097=CIRCLE('',#8386,47.5);
#3098=CIRCLE('',#8387,46.25);
#3099=CIRCLE('',#8388,47.5);
#3100=CIRCLE('',#8389,46.25);
#3101=CIRCLE('',#8390,47.5);
#3102=CIRCLE('',#8391,46.25);
#3103=CIRCLE('',#8392,47.5);
#3104=CIRCLE('',#8393,46.25);
#3105=CIRCLE('',#8394,47.5);
#3106=CIRCLE('',#8395,46.25);
#3107=CIRCLE('',#8396,47.5);
#3108=CIRCLE('',#8397,46.25);
#3109=CIRCLE('',#8398,47.5);
#3110=CIRCLE('',#8399,46.25);
#3111=CIRCLE('',#8400,47.5);
#3112=CIRCLE('',#8401,46.25);
#3113=CIRCLE('',#8402,47.5);
#3114=CIRCLE('',#8403,46.25);
#3115=CIRCLE('',#8404,47.5);
#3116=CIRCLE('',#8405,46.25);
#3117=CIRCLE('',#8406,47.5);
#3118=CIRCLE('',#8407,46.25);
#3119=CIRCLE('',#8408,47.5);
#3120=CIRCLE('',#8409,46.25);
#3121=CIRCLE('',#8410,47.5);
#3122=CIRCLE('',#8411,46.25);
#3123=CIRCLE('',#8412,47.5);
#3124=CIRCLE('',#8413,46.25);
#3125=CIRCLE('',#8414,47.5);
#3126=CIRCLE('',#8415,46.25);
#3127=CIRCLE('',#8416,47.5);
#3128=CIRCLE('',#8417,46.25);
#3129=CIRCLE('',#8418,47.5);
#3130=CIRCLE('',#8419,46.25);
#3131=CIRCLE('',#8420,47.5);
#3132=CIRCLE('',#8421,46.25);
#3133=CIRCLE('',#8422,47.5);
#3134=CIRCLE('',#8423,46.25);
#3135=CIRCLE('',#8424,47.5);
#3136=CIRCLE('',#8425,46.25);
#3137=CIRCLE('',#8426,47.5);
#3138=CIRCLE('',#8427,46.25);
#3139=CIRCLE('',#8428,47.5);
#3140=CIRCLE('',#8429,46.25);
#3141=CIRCLE('',#8430,47.5);
#3142=CIRCLE('',#8431,46.25);
#3143=CIRCLE('',#8432,47.5);
#3144=CIRCLE('',#8433,46.25);
#3145=CIRCLE('',#8434,47.5);
#3146=CIRCLE('',#8435,46.25);
#3147=CIRCLE('',#8436,47.5);
#3148=CIRCLE('',#8437,46.25);
#3149=CIRCLE('',#8438,47.5);
#3150=CIRCLE('',#8439,46.25);
#3151=CIRCLE('',#8440,47.5);
#3152=CIRCLE('',#8441,46.25);
#3153=CIRCLE('',#8442,47.5);
#3154=CIRCLE('',#8443,46.25);
#3155=CIRCLE('',#8444,47.5);
#3156=CIRCLE('',#8445,46.25);
#3157=CIRCLE('',#8446,47.5);
#3158=CIRCLE('',#8447,46.25);
#3159=CIRCLE('',#8448,47.5);
#3160=CIRCLE('',#8449,46.25);
#3161=CIRCLE('',#8450,47.5);
#3162=CIRCLE('',#8451,31.5);
#3163=CIRCLE('',#8452,4.99999999999999);
#3164=CIRCLE('',#8453,41.5);
#3165=CIRCLE('',#8454,4.99999999999999);
#3166=CIRCLE('',#8455,16.3004184094916);
#3167=CIRCLE('',#8456,12.5);
#3168=CIRCLE('',#8457,16.3004184094916);
#3169=CIRCLE('',#8458,5.);
#3170=CIRCLE('',#8459,6.30041840949155);
#3171=CIRCLE('',#8460,22.5);
#3172=CIRCLE('',#8461,6.30041840949155);
#3173=CIRCLE('',#8462,5.);
#3174=CIRCLE('',#8463,3.00000000000001);
#3175=CIRCLE('',#8464,3.);
#3176=CIRCLE('',#8465,2.99999999999999);
#3177=CIRCLE('',#8466,3.00000000000001);
#3178=CIRCLE('',#8467,8.00000000000001);
#3179=CIRCLE('',#8469,7.00000000000001);
#3180=CIRCLE('',#8470,1.);
#3181=CIRCLE('',#8471,8.00000000000001);
#3182=CIRCLE('',#8474,4.14999999999998);
#3183=CIRCLE('',#8476,1.65);
#3184=CIRCLE('',#8477,1.99999999999996);
#3185=CIRCLE('',#8478,2.);
#3186=CIRCLE('',#8479,2.);
#3187=CIRCLE('',#8480,2.00000000000003);
#3188=CIRCLE('',#8483,1.);
#3189=CIRCLE('',#8486,1.);
#3190=CIRCLE('',#8489,20.);
#3191=CIRCLE('',#8493,10.);
#3192=CIRCLE('',#8495,3.);
#3193=CIRCLE('',#8496,3.);
#3194=CIRCLE('',#8498,3.);
#3195=CIRCLE('',#8499,3.);
#3196=CIRCLE('',#8501,1.);
#3197=CIRCLE('',#8503,1.);
#3198=CIRCLE('',#8505,1.);
#3199=CIRCLE('',#8507,1.);
#3200=CIRCLE('',#8509,1.);
#3201=CIRCLE('',#8511,3.);
#3202=CIRCLE('',#8512,3.);
#3203=CIRCLE('',#8514,3.);
#3204=CIRCLE('',#8516,3.00000000000001);
#3205=CIRCLE('',#8518,2.99999999999999);
#3206=CIRCLE('',#8520,3.);
#3207=CIRCLE('',#8522,3.00000000000001);
#3208=CIRCLE('',#8525,1.65);
#3209=CIRCLE('',#8527,1.65000000000002);
#3210=CIRCLE('',#8529,1.65000000000002);
#3211=CIRCLE('',#8531,1.65);
#3212=CIRCLE('',#8533,47.5);
#3213=CIRCLE('',#8534,47.5);
#3214=CIRCLE('',#8535,47.5);
#3215=CIRCLE('',#8536,47.5);
#3216=CIRCLE('',#8537,47.5);
#3217=CIRCLE('',#8538,47.5);
#3218=CIRCLE('',#8539,47.5);
#3219=CIRCLE('',#8540,47.5);
#3220=CIRCLE('',#8541,47.5);
#3221=CIRCLE('',#8542,47.5);
#3222=CIRCLE('',#8543,47.5);
#3223=CIRCLE('',#8544,47.5);
#3224=CIRCLE('',#8545,47.5);
#3225=CIRCLE('',#8546,47.5);
#3226=CIRCLE('',#8547,47.5);
#3227=CIRCLE('',#8548,47.5);
#3228=CIRCLE('',#8549,47.5);
#3229=CIRCLE('',#8550,47.5);
#3230=CIRCLE('',#8551,47.5);
#3231=CIRCLE('',#8552,47.5);
#3232=CIRCLE('',#8553,47.5);
#3233=CIRCLE('',#8554,47.5);
#3234=CIRCLE('',#8555,47.5);
#3235=CIRCLE('',#8556,47.5);
#3236=CIRCLE('',#8557,47.5);
#3237=CIRCLE('',#8558,47.5);
#3238=CIRCLE('',#8559,47.5);
#3239=CIRCLE('',#8560,47.5);
#3240=CIRCLE('',#8561,47.5);
#3241=CIRCLE('',#8562,47.5);
#3242=CIRCLE('',#8563,47.5);
#3243=CIRCLE('',#8564,47.5);
#3244=CIRCLE('',#8565,47.5);
#3245=CIRCLE('',#8566,47.5);
#3246=CIRCLE('',#8567,47.5);
#3247=CIRCLE('',#8568,47.5);
#3248=CIRCLE('',#8569,47.5);
#3249=CIRCLE('',#8570,47.5);
#3250=CIRCLE('',#8571,47.5);
#3251=CIRCLE('',#8572,47.5);
#3252=CIRCLE('',#8574,1.65);
#3253=CIRCLE('',#8576,1.65);
#3254=CIRCLE('',#8577,1.65);
#3255=CIRCLE('',#8579,1.65);
#3256=CIRCLE('',#8580,1.65);
#3257=CIRCLE('',#8582,1.65);
#3258=CIRCLE('',#8583,1.65);
#3259=CIRCLE('',#8588,20.);
#3260=CIRCLE('',#8589,20.);
#3261=CIRCLE('',#8590,20.);
#3262=CIRCLE('',#8591,20.);
#3263=CIRCLE('',#8592,20.);
#3264=CIRCLE('',#8596,18.5643308635918);
#3265=CIRCLE('',#8598,18.5643308633928);
#3266=CIRCLE('',#8602,5.51265936372527);
#3267=CIRCLE('',#8605,0.999999999999998);
#3268=CIRCLE('',#8606,0.999999999999998);
#3269=CIRCLE('',#8607,0.99999999999999);
#3270=CIRCLE('',#8608,0.999999999999998);
#3271=CIRCLE('',#8609,0.999999999999998);
#3272=CIRCLE('',#8614,4.5);
#3273=CIRCLE('',#8615,4.5);
#3274=CIRCLE('',#8617,10.);
#3275=CIRCLE('',#8618,46.25);
#3276=CIRCLE('',#8619,47.5);
#3277=CIRCLE('',#8620,46.25);
#3278=CIRCLE('',#8621,47.5);
#3279=CIRCLE('',#8622,46.25);
#3280=CIRCLE('',#8623,47.5);
#3281=CIRCLE('',#8624,46.25);
#3282=CIRCLE('',#8625,47.5);
#3283=CIRCLE('',#8626,46.25);
#3284=CIRCLE('',#8627,47.5);
#3285=CIRCLE('',#8628,46.25);
#3286=CIRCLE('',#8629,47.5);
#3287=CIRCLE('',#8630,46.25);
#3288=CIRCLE('',#8631,47.5);
#3289=CIRCLE('',#8632,46.25);
#3290=CIRCLE('',#8633,47.5);
#3291=CIRCLE('',#8636,10.);
#3292=CIRCLE('',#8637,10.);
#3293=CIRCLE('',#8638,47.5);
#3294=CIRCLE('',#8639,46.25);
#3295=CIRCLE('',#8640,47.5);
#3296=CIRCLE('',#8641,46.25);
#3297=CIRCLE('',#8642,47.5);
#3298=CIRCLE('',#8643,46.25);
#3299=CIRCLE('',#8644,47.5);
#3300=CIRCLE('',#8645,46.25);
#3301=CIRCLE('',#8646,47.5);
#3302=CIRCLE('',#8647,46.25);
#3303=CIRCLE('',#8648,47.5);
#3304=CIRCLE('',#8649,46.25);
#3305=CIRCLE('',#8650,47.5);
#3306=CIRCLE('',#8651,46.25);
#3307=CIRCLE('',#8652,47.5);
#3308=CIRCLE('',#8653,46.25);
#3309=CIRCLE('',#8676,46.25);
#3310=CIRCLE('',#8681,46.25);
#3311=CIRCLE('',#8686,46.25);
#3312=CIRCLE('',#8691,46.25);
#3313=CIRCLE('',#8696,46.25);
#3314=CIRCLE('',#8701,46.25);
#3315=CIRCLE('',#8706,46.25);
#3316=CIRCLE('',#8711,46.25);
#3317=CIRCLE('',#8716,46.25);
#3318=CIRCLE('',#8721,46.25);
#3319=CIRCLE('',#8726,46.25);
#3320=CIRCLE('',#8731,46.25);
#3321=CIRCLE('',#8736,46.25);
#3322=CIRCLE('',#8741,46.25);
#3323=CIRCLE('',#8746,46.25);
#3324=CIRCLE('',#8751,46.25);
#3325=CIRCLE('',#8756,46.25);
#3326=CIRCLE('',#8761,46.25);
#3327=CIRCLE('',#8766,46.25);
#3328=CIRCLE('',#8823,46.25);
#3329=CIRCLE('',#8828,46.25);
#3330=CIRCLE('',#8833,46.25);
#3331=CIRCLE('',#8838,46.25);
#3332=CIRCLE('',#8843,46.25);
#3333=CIRCLE('',#8848,46.25);
#3334=CIRCLE('',#8853,46.25);
#3335=CIRCLE('',#8858,46.25);
#3336=CIRCLE('',#8863,46.25);
#3337=CIRCLE('',#8868,46.25);
#3338=CIRCLE('',#8873,46.25);
#3339=CIRCLE('',#8878,46.25);
#3340=CIRCLE('',#8883,46.25);
#3341=CIRCLE('',#8888,46.25);
#3342=CIRCLE('',#8893,46.25);
#3343=CIRCLE('',#8898,46.25);
#3344=CIRCLE('',#8903,46.25);
#3345=CIRCLE('',#8908,46.25);
#3346=CIRCLE('',#8959,12.);
#3347=CIRCLE('',#8962,12.);
#3348=CIRCLE('',#9000,5.51265936372527);
#3349=CIRCLE('',#9007,3.);
#3350=CIRCLE('',#9009,3.00000000000001);
#3351=CIRCLE('',#9012,3.);
#3352=CIRCLE('',#9015,3.);
#3353=VERTEX_POINT('',#11353);
#3354=VERTEX_POINT('',#11354);
#3355=VERTEX_POINT('',#11356);
#3356=VERTEX_POINT('',#11358);
#3357=VERTEX_POINT('',#11362);
#3358=VERTEX_POINT('',#11364);
#3359=VERTEX_POINT('',#11366);
#3360=VERTEX_POINT('',#11368);
#3361=VERTEX_POINT('',#11370);
#3362=VERTEX_POINT('',#11372);
#3363=VERTEX_POINT('',#11374);
#3364=VERTEX_POINT('',#11376);
#3365=VERTEX_POINT('',#11378);
#3366=VERTEX_POINT('',#11386);
#3367=VERTEX_POINT('',#11388);
#3368=VERTEX_POINT('',#11390);
#3369=VERTEX_POINT('',#11392);
#3370=VERTEX_POINT('',#11394);
#3371=VERTEX_POINT('',#11396);
#3372=VERTEX_POINT('',#11398);
#3373=VERTEX_POINT('',#11400);
#3374=VERTEX_POINT('',#11402);
#3375=VERTEX_POINT('',#11404);
#3376=VERTEX_POINT('',#11406);
#3377=VERTEX_POINT('',#11408);
#3378=VERTEX_POINT('',#11410);
#3379=VERTEX_POINT('',#11412);
#3380=VERTEX_POINT('',#11414);
#3381=VERTEX_POINT('',#11416);
#3382=VERTEX_POINT('',#11418);
#3383=VERTEX_POINT('',#11420);
#3384=VERTEX_POINT('',#11424);
#3385=VERTEX_POINT('',#11436);
#3386=VERTEX_POINT('',#11438);
#3387=VERTEX_POINT('',#11440);
#3388=VERTEX_POINT('',#11442);
#3389=VERTEX_POINT('',#11444);
#3390=VERTEX_POINT('',#11446);
#3391=VERTEX_POINT('',#11448);
#3392=VERTEX_POINT('',#11450);
#3393=VERTEX_POINT('',#11451);
#3394=VERTEX_POINT('',#11453);
#3395=VERTEX_POINT('',#11455);
#3396=VERTEX_POINT('',#11457);
#3397=VERTEX_POINT('',#11459);
#3398=VERTEX_POINT('',#11461);
#3399=VERTEX_POINT('',#11463);
#3400=VERTEX_POINT('',#11466);
#3401=VERTEX_POINT('',#11467);
#3402=VERTEX_POINT('',#11469);
#3403=VERTEX_POINT('',#11471);
#3404=VERTEX_POINT('',#11475);
#3405=VERTEX_POINT('',#11479);
#3406=VERTEX_POINT('',#11484);
#3407=VERTEX_POINT('',#11494);
#3408=VERTEX_POINT('',#11496);
#3409=VERTEX_POINT('',#11506);
#3410=VERTEX_POINT('',#11536);
#3411=VERTEX_POINT('',#11547);
#3412=VERTEX_POINT('',#11607);
#3413=VERTEX_POINT('',#11619);
#3414=VERTEX_POINT('',#11676);
#3415=VERTEX_POINT('',#11721);
#3416=VERTEX_POINT('',#11825);
#3417=VERTEX_POINT('',#11845);
#3418=VERTEX_POINT('',#11852);
#3419=VERTEX_POINT('',#11854);
#3420=VERTEX_POINT('',#11858);
#3421=VERTEX_POINT('',#11863);
#3422=VERTEX_POINT('',#11870);
#3423=VERTEX_POINT('',#11875);
#3424=VERTEX_POINT('',#11881);
#3425=VERTEX_POINT('',#11979);
#3426=VERTEX_POINT('',#12008);
#3427=VERTEX_POINT('',#12010);
#3428=VERTEX_POINT('',#12037);
#3429=VERTEX_POINT('',#12039);
#3430=VERTEX_POINT('',#12041);
#3431=VERTEX_POINT('',#12048);
#3432=VERTEX_POINT('',#12077);
#3433=VERTEX_POINT('',#12084);
#3434=VERTEX_POINT('',#12086);
#3435=VERTEX_POINT('',#12093);
#3436=VERTEX_POINT('',#12118);
#3437=VERTEX_POINT('',#12125);
#3438=VERTEX_POINT('',#12127);
#3439=VERTEX_POINT('',#12134);
#3440=VERTEX_POINT('',#12161);
#3441=VERTEX_POINT('',#12168);
#3442=VERTEX_POINT('',#12170);
#3443=VERTEX_POINT('',#12177);
#3444=VERTEX_POINT('',#12204);
#3445=VERTEX_POINT('',#12211);
#3446=VERTEX_POINT('',#12213);
#3447=VERTEX_POINT('',#12234);
#3448=VERTEX_POINT('',#12235);
#3449=VERTEX_POINT('',#12290);
#3450=VERTEX_POINT('',#12389);
#3451=VERTEX_POINT('',#12490);
#3452=VERTEX_POINT('',#12501);
#3453=VERTEX_POINT('',#12512);
#3454=VERTEX_POINT('',#12523);
#3455=VERTEX_POINT('',#12530);
#3456=VERTEX_POINT('',#12557);
#3457=VERTEX_POINT('',#12564);
#3458=VERTEX_POINT('',#12566);
#3459=VERTEX_POINT('',#12573);
#3460=VERTEX_POINT('',#12600);
#3461=VERTEX_POINT('',#12607);
#3462=VERTEX_POINT('',#12609);
#3463=VERTEX_POINT('',#12616);
#3464=VERTEX_POINT('',#12641);
#3465=VERTEX_POINT('',#12648);
#3466=VERTEX_POINT('',#12650);
#3467=VERTEX_POINT('',#12657);
#3468=VERTEX_POINT('',#12684);
#3469=VERTEX_POINT('',#12691);
#3470=VERTEX_POINT('',#12693);
#3471=VERTEX_POINT('',#12695);
#3472=VERTEX_POINT('',#12723);
#3473=VERTEX_POINT('',#12724);
#3474=VERTEX_POINT('',#12784);
#3475=VERTEX_POINT('',#12786);
#3476=VERTEX_POINT('',#12813);
#3477=VERTEX_POINT('',#12815);
#3478=VERTEX_POINT('',#12819);
#3479=VERTEX_POINT('',#12823);
#3480=VERTEX_POINT('',#12827);
#3481=VERTEX_POINT('',#12828);
#3482=VERTEX_POINT('',#12830);
#3483=VERTEX_POINT('',#12832);
#3484=VERTEX_POINT('',#12834);
#3485=VERTEX_POINT('',#12836);
#3486=VERTEX_POINT('',#12838);
#3487=VERTEX_POINT('',#12840);
#3488=VERTEX_POINT('',#12842);
#3489=VERTEX_POINT('',#12844);
#3490=VERTEX_POINT('',#12846);
#3491=VERTEX_POINT('',#12848);
#3492=VERTEX_POINT('',#12850);
#3493=VERTEX_POINT('',#12852);
#3494=VERTEX_POINT('',#12854);
#3495=VERTEX_POINT('',#12856);
#3496=VERTEX_POINT('',#12858);
#3497=VERTEX_POINT('',#12860);
#3498=VERTEX_POINT('',#12862);
#3499=VERTEX_POINT('',#12864);
#3500=VERTEX_POINT('',#12866);
#3501=VERTEX_POINT('',#12868);
#3502=VERTEX_POINT('',#12870);
#3503=VERTEX_POINT('',#12872);
#3504=VERTEX_POINT('',#12874);
#3505=VERTEX_POINT('',#12876);
#3506=VERTEX_POINT('',#12878);
#3507=VERTEX_POINT('',#12880);
#3508=VERTEX_POINT('',#12882);
#3509=VERTEX_POINT('',#12884);
#3510=VERTEX_POINT('',#12886);
#3511=VERTEX_POINT('',#12888);
#3512=VERTEX_POINT('',#12890);
#3513=VERTEX_POINT('',#12892);
#3514=VERTEX_POINT('',#12894);
#3515=VERTEX_POINT('',#12896);
#3516=VERTEX_POINT('',#12898);
#3517=VERTEX_POINT('',#12900);
#3518=VERTEX_POINT('',#12902);
#3519=VERTEX_POINT('',#12904);
#3520=VERTEX_POINT('',#12906);
#3521=VERTEX_POINT('',#12908);
#3522=VERTEX_POINT('',#12910);
#3523=VERTEX_POINT('',#12912);
#3524=VERTEX_POINT('',#12914);
#3525=VERTEX_POINT('',#12916);
#3526=VERTEX_POINT('',#12918);
#3527=VERTEX_POINT('',#12920);
#3528=VERTEX_POINT('',#12922);
#3529=VERTEX_POINT('',#12924);
#3530=VERTEX_POINT('',#12926);
#3531=VERTEX_POINT('',#12928);
#3532=VERTEX_POINT('',#12930);
#3533=VERTEX_POINT('',#12932);
#3534=VERTEX_POINT('',#12934);
#3535=VERTEX_POINT('',#12936);
#3536=VERTEX_POINT('',#12938);
#3537=VERTEX_POINT('',#12940);
#3538=VERTEX_POINT('',#12942);
#3539=VERTEX_POINT('',#12944);
#3540=VERTEX_POINT('',#12946);
#3541=VERTEX_POINT('',#12948);
#3542=VERTEX_POINT('',#12950);
#3543=VERTEX_POINT('',#12952);
#3544=VERTEX_POINT('',#12954);
#3545=VERTEX_POINT('',#12956);
#3546=VERTEX_POINT('',#12958);
#3547=VERTEX_POINT('',#12960);
#3548=VERTEX_POINT('',#12962);
#3549=VERTEX_POINT('',#12964);
#3550=VERTEX_POINT('',#12966);
#3551=VERTEX_POINT('',#12968);
#3552=VERTEX_POINT('',#12970);
#3553=VERTEX_POINT('',#12972);
#3554=VERTEX_POINT('',#12974);
#3555=VERTEX_POINT('',#12976);
#3556=VERTEX_POINT('',#12978);
#3557=VERTEX_POINT('',#12980);
#3558=VERTEX_POINT('',#12982);
#3559=VERTEX_POINT('',#12984);
#3560=VERTEX_POINT('',#12986);
#3561=VERTEX_POINT('',#12988);
#3562=VERTEX_POINT('',#12990);
#3563=VERTEX_POINT('',#12992);
#3564=VERTEX_POINT('',#12994);
#3565=VERTEX_POINT('',#12996);
#3566=VERTEX_POINT('',#12998);
#3567=VERTEX_POINT('',#13000);
#3568=VERTEX_POINT('',#13002);
#3569=VERTEX_POINT('',#13004);
#3570=VERTEX_POINT('',#13006);
#3571=VERTEX_POINT('',#13008);
#3572=VERTEX_POINT('',#13010);
#3573=VERTEX_POINT('',#13012);
#3574=VERTEX_POINT('',#13014);
#3575=VERTEX_POINT('',#13016);
#3576=VERTEX_POINT('',#13018);
#3577=VERTEX_POINT('',#13020);
#3578=VERTEX_POINT('',#13022);
#3579=VERTEX_POINT('',#13024);
#3580=VERTEX_POINT('',#13026);
#3581=VERTEX_POINT('',#13028);
#3582=VERTEX_POINT('',#13030);
#3583=VERTEX_POINT('',#13032);
#3584=VERTEX_POINT('',#13034);
#3585=VERTEX_POINT('',#13036);
#3586=VERTEX_POINT('',#13038);
#3587=VERTEX_POINT('',#13040);
#3588=VERTEX_POINT('',#13042);
#3589=VERTEX_POINT('',#13044);
#3590=VERTEX_POINT('',#13046);
#3591=VERTEX_POINT('',#13048);
#3592=VERTEX_POINT('',#13050);
#3593=VERTEX_POINT('',#13052);
#3594=VERTEX_POINT('',#13054);
#3595=VERTEX_POINT('',#13056);
#3596=VERTEX_POINT('',#13058);
#3597=VERTEX_POINT('',#13060);
#3598=VERTEX_POINT('',#13062);
#3599=VERTEX_POINT('',#13064);
#3600=VERTEX_POINT('',#13066);
#3601=VERTEX_POINT('',#13068);
#3602=VERTEX_POINT('',#13070);
#3603=VERTEX_POINT('',#13072);
#3604=VERTEX_POINT('',#13074);
#3605=VERTEX_POINT('',#13076);
#3606=VERTEX_POINT('',#13078);
#3607=VERTEX_POINT('',#13080);
#3608=VERTEX_POINT('',#13082);
#3609=VERTEX_POINT('',#13084);
#3610=VERTEX_POINT('',#13086);
#3611=VERTEX_POINT('',#13088);
#3612=VERTEX_POINT('',#13090);
#3613=VERTEX_POINT('',#13092);
#3614=VERTEX_POINT('',#13094);
#3615=VERTEX_POINT('',#13096);
#3616=VERTEX_POINT('',#13098);
#3617=VERTEX_POINT('',#13100);
#3618=VERTEX_POINT('',#13102);
#3619=VERTEX_POINT('',#13104);
#3620=VERTEX_POINT('',#13106);
#3621=VERTEX_POINT('',#13108);
#3622=VERTEX_POINT('',#13110);
#3623=VERTEX_POINT('',#13112);
#3624=VERTEX_POINT('',#13114);
#3625=VERTEX_POINT('',#13116);
#3626=VERTEX_POINT('',#13118);
#3627=VERTEX_POINT('',#13120);
#3628=VERTEX_POINT('',#13122);
#3629=VERTEX_POINT('',#13124);
#3630=VERTEX_POINT('',#13126);
#3631=VERTEX_POINT('',#13128);
#3632=VERTEX_POINT('',#13130);
#3633=VERTEX_POINT('',#13132);
#3634=VERTEX_POINT('',#13134);
#3635=VERTEX_POINT('',#13136);
#3636=VERTEX_POINT('',#13138);
#3637=VERTEX_POINT('',#13140);
#3638=VERTEX_POINT('',#13142);
#3639=VERTEX_POINT('',#13144);
#3640=VERTEX_POINT('',#13146);
#3641=VERTEX_POINT('',#13148);
#3642=VERTEX_POINT('',#13150);
#3643=VERTEX_POINT('',#13152);
#3644=VERTEX_POINT('',#13154);
#3645=VERTEX_POINT('',#13156);
#3646=VERTEX_POINT('',#13158);
#3647=VERTEX_POINT('',#13160);
#3648=VERTEX_POINT('',#13162);
#3649=VERTEX_POINT('',#13164);
#3650=VERTEX_POINT('',#13166);
#3651=VERTEX_POINT('',#13168);
#3652=VERTEX_POINT('',#13170);
#3653=VERTEX_POINT('',#13172);
#3654=VERTEX_POINT('',#13174);
#3655=VERTEX_POINT('',#13176);
#3656=VERTEX_POINT('',#13178);
#3657=VERTEX_POINT('',#13180);
#3658=VERTEX_POINT('',#13182);
#3659=VERTEX_POINT('',#13184);
#3660=VERTEX_POINT('',#13186);
#3661=VERTEX_POINT('',#13188);
#3662=VERTEX_POINT('',#13190);
#3663=VERTEX_POINT('',#13192);
#3664=VERTEX_POINT('',#13194);
#3665=VERTEX_POINT('',#13196);
#3666=VERTEX_POINT('',#13198);
#3667=VERTEX_POINT('',#13200);
#3668=VERTEX_POINT('',#13202);
#3669=VERTEX_POINT('',#13204);
#3670=VERTEX_POINT('',#13206);
#3671=VERTEX_POINT('',#13208);
#3672=VERTEX_POINT('',#13210);
#3673=VERTEX_POINT('',#13212);
#3674=VERTEX_POINT('',#13214);
#3675=VERTEX_POINT('',#13216);
#3676=VERTEX_POINT('',#13218);
#3677=VERTEX_POINT('',#13220);
#3678=VERTEX_POINT('',#13222);
#3679=VERTEX_POINT('',#13224);
#3680=VERTEX_POINT('',#13226);
#3681=VERTEX_POINT('',#13228);
#3682=VERTEX_POINT('',#13230);
#3683=VERTEX_POINT('',#13232);
#3684=VERTEX_POINT('',#13234);
#3685=VERTEX_POINT('',#13236);
#3686=VERTEX_POINT('',#13238);
#3687=VERTEX_POINT('',#13240);
#3688=VERTEX_POINT('',#13242);
#3689=VERTEX_POINT('',#13244);
#3690=VERTEX_POINT('',#13246);
#3691=VERTEX_POINT('',#13248);
#3692=VERTEX_POINT('',#13250);
#3693=VERTEX_POINT('',#13252);
#3694=VERTEX_POINT('',#13254);
#3695=VERTEX_POINT('',#13256);
#3696=VERTEX_POINT('',#13258);
#3697=VERTEX_POINT('',#13260);
#3698=VERTEX_POINT('',#13262);
#3699=VERTEX_POINT('',#13264);
#3700=VERTEX_POINT('',#13266);
#3701=VERTEX_POINT('',#13268);
#3702=VERTEX_POINT('',#13270);
#3703=VERTEX_POINT('',#13272);
#3704=VERTEX_POINT('',#13274);
#3705=VERTEX_POINT('',#13276);
#3706=VERTEX_POINT('',#13278);
#3707=VERTEX_POINT('',#13280);
#3708=VERTEX_POINT('',#13282);
#3709=VERTEX_POINT('',#13284);
#3710=VERTEX_POINT('',#13286);
#3711=VERTEX_POINT('',#13288);
#3712=VERTEX_POINT('',#13290);
#3713=VERTEX_POINT('',#13292);
#3714=VERTEX_POINT('',#13294);
#3715=VERTEX_POINT('',#13296);
#3716=VERTEX_POINT('',#13298);
#3717=VERTEX_POINT('',#13300);
#3718=VERTEX_POINT('',#13302);
#3719=VERTEX_POINT('',#13304);
#3720=VERTEX_POINT('',#13306);
#3721=VERTEX_POINT('',#13308);
#3722=VERTEX_POINT('',#13310);
#3723=VERTEX_POINT('',#13312);
#3724=VERTEX_POINT('',#13314);
#3725=VERTEX_POINT('',#13316);
#3726=VERTEX_POINT('',#13318);
#3727=VERTEX_POINT('',#13320);
#3728=VERTEX_POINT('',#13322);
#3729=VERTEX_POINT('',#13324);
#3730=VERTEX_POINT('',#13326);
#3731=VERTEX_POINT('',#13328);
#3732=VERTEX_POINT('',#13330);
#3733=VERTEX_POINT('',#13332);
#3734=VERTEX_POINT('',#13334);
#3735=VERTEX_POINT('',#13336);
#3736=VERTEX_POINT('',#13338);
#3737=VERTEX_POINT('',#13340);
#3738=VERTEX_POINT('',#13342);
#3739=VERTEX_POINT('',#13344);
#3740=VERTEX_POINT('',#13346);
#3741=VERTEX_POINT('',#13348);
#3742=VERTEX_POINT('',#13350);
#3743=VERTEX_POINT('',#13352);
#3744=VERTEX_POINT('',#13354);
#3745=VERTEX_POINT('',#13356);
#3746=VERTEX_POINT('',#13359);
#3747=VERTEX_POINT('',#13360);
#3748=VERTEX_POINT('',#13362);
#3749=VERTEX_POINT('',#13364);
#3750=VERTEX_POINT('',#13367);
#3751=VERTEX_POINT('',#13368);
#3752=VERTEX_POINT('',#13370);
#3753=VERTEX_POINT('',#13372);
#3754=VERTEX_POINT('',#13374);
#3755=VERTEX_POINT('',#13376);
#3756=VERTEX_POINT('',#13378);
#3757=VERTEX_POINT('',#13380);
#3758=VERTEX_POINT('',#13383);
#3759=VERTEX_POINT('',#13385);
#3760=VERTEX_POINT('',#13387);
#3761=VERTEX_POINT('',#13389);
#3762=VERTEX_POINT('',#13391);
#3763=VERTEX_POINT('',#13394);
#3764=VERTEX_POINT('',#13396);
#3765=VERTEX_POINT('',#13402);
#3766=VERTEX_POINT('',#13405);
#3767=VERTEX_POINT('',#13416);
#3768=VERTEX_POINT('',#13418);
#3769=VERTEX_POINT('',#13420);
#3770=VERTEX_POINT('',#13422);
#3771=VERTEX_POINT('',#13424);
#3772=VERTEX_POINT('',#13426);
#3773=VERTEX_POINT('',#13429);
#3774=VERTEX_POINT('',#13451);
#3775=VERTEX_POINT('',#13457);
#3776=VERTEX_POINT('',#13496);
#3777=VERTEX_POINT('',#13524);
#3778=VERTEX_POINT('',#13560);
#3779=VERTEX_POINT('',#13596);
#3780=VERTEX_POINT('',#13600);
#3781=VERTEX_POINT('',#13604);
#3782=VERTEX_POINT('',#13608);
#3783=VERTEX_POINT('',#13612);
#3784=VERTEX_POINT('',#13614);
#3785=VERTEX_POINT('',#13618);
#3786=VERTEX_POINT('',#13628);
#3787=VERTEX_POINT('',#13629);
#3788=VERTEX_POINT('',#13634);
#3789=VERTEX_POINT('',#13636);
#3790=VERTEX_POINT('',#13638);
#3791=VERTEX_POINT('',#13643);
#3792=VERTEX_POINT('',#13645);
#3793=VERTEX_POINT('',#13664);
#3794=VERTEX_POINT('',#13666);
#3795=VERTEX_POINT('',#13671);
#3796=VERTEX_POINT('',#13697);
#3797=VERTEX_POINT('',#13699);
#3798=VERTEX_POINT('',#13702);
#3799=VERTEX_POINT('',#13703);
#3800=VERTEX_POINT('',#13718);
#3801=VERTEX_POINT('',#13720);
#3802=VERTEX_POINT('',#13731);
#3803=VERTEX_POINT('',#13742);
#3804=VERTEX_POINT('',#13760);
#3805=VERTEX_POINT('',#13762);
#3806=VERTEX_POINT('',#13766);
#3807=VERTEX_POINT('',#13768);
#3808=VERTEX_POINT('',#13772);
#3809=VERTEX_POINT('',#13774);
#3810=VERTEX_POINT('',#13778);
#3811=VERTEX_POINT('',#13780);
#3812=VERTEX_POINT('',#13784);
#3813=VERTEX_POINT('',#13786);
#3814=VERTEX_POINT('',#13790);
#3815=VERTEX_POINT('',#13798);
#3816=VERTEX_POINT('',#13802);
#3817=VERTEX_POINT('',#13806);
#3818=VERTEX_POINT('',#13810);
#3819=VERTEX_POINT('',#13816);
#3820=VERTEX_POINT('',#13820);
#3821=VERTEX_POINT('',#13824);
#3822=VERTEX_POINT('',#13828);
#3823=VERTEX_POINT('',#13832);
#3824=VERTEX_POINT('',#13833);
#3825=VERTEX_POINT('',#13836);
#3826=VERTEX_POINT('',#13838);
#3827=VERTEX_POINT('',#13841);
#3828=VERTEX_POINT('',#13843);
#3829=VERTEX_POINT('',#13846);
#3830=VERTEX_POINT('',#13848);
#3831=VERTEX_POINT('',#13851);
#3832=VERTEX_POINT('',#13853);
#3833=VERTEX_POINT('',#13856);
#3834=VERTEX_POINT('',#13858);
#3835=VERTEX_POINT('',#13860);
#3836=VERTEX_POINT('',#13862);
#3837=VERTEX_POINT('',#13865);
#3838=VERTEX_POINT('',#13867);
#3839=VERTEX_POINT('',#13870);
#3840=VERTEX_POINT('',#13872);
#3841=VERTEX_POINT('',#13875);
#3842=VERTEX_POINT('',#13877);
#3843=VERTEX_POINT('',#13880);
#3844=VERTEX_POINT('',#13882);
#3845=VERTEX_POINT('',#13885);
#3846=VERTEX_POINT('',#13887);
#3847=VERTEX_POINT('',#13890);
#3848=VERTEX_POINT('',#13892);
#3849=VERTEX_POINT('',#13895);
#3850=VERTEX_POINT('',#13897);
#3851=VERTEX_POINT('',#13900);
#3852=VERTEX_POINT('',#13902);
#3853=VERTEX_POINT('',#13905);
#3854=VERTEX_POINT('',#13907);
#3855=VERTEX_POINT('',#13910);
#3856=VERTEX_POINT('',#13912);
#3857=VERTEX_POINT('',#13915);
#3858=VERTEX_POINT('',#13917);
#3859=VERTEX_POINT('',#13920);
#3860=VERTEX_POINT('',#13922);
#3861=VERTEX_POINT('',#13925);
#3862=VERTEX_POINT('',#13927);
#3863=VERTEX_POINT('',#13930);
#3864=VERTEX_POINT('',#13932);
#3865=VERTEX_POINT('',#13935);
#3866=VERTEX_POINT('',#13937);
#3867=VERTEX_POINT('',#13940);
#3868=VERTEX_POINT('',#13942);
#3869=VERTEX_POINT('',#13945);
#3870=VERTEX_POINT('',#13947);
#3871=VERTEX_POINT('',#13950);
#3872=VERTEX_POINT('',#13952);
#3873=VERTEX_POINT('',#13955);
#3874=VERTEX_POINT('',#13957);
#3875=VERTEX_POINT('',#13960);
#3876=VERTEX_POINT('',#13962);
#3877=VERTEX_POINT('',#13965);
#3878=VERTEX_POINT('',#13967);
#3879=VERTEX_POINT('',#13970);
#3880=VERTEX_POINT('',#13972);
#3881=VERTEX_POINT('',#13975);
#3882=VERTEX_POINT('',#13977);
#3883=VERTEX_POINT('',#13980);
#3884=VERTEX_POINT('',#13982);
#3885=VERTEX_POINT('',#13985);
#3886=VERTEX_POINT('',#13987);
#3887=VERTEX_POINT('',#13990);
#3888=VERTEX_POINT('',#13992);
#3889=VERTEX_POINT('',#13995);
#3890=VERTEX_POINT('',#13997);
#3891=VERTEX_POINT('',#14000);
#3892=VERTEX_POINT('',#14002);
#3893=VERTEX_POINT('',#14005);
#3894=VERTEX_POINT('',#14007);
#3895=VERTEX_POINT('',#14010);
#3896=VERTEX_POINT('',#14012);
#3897=VERTEX_POINT('',#14015);
#3898=VERTEX_POINT('',#14017);
#3899=VERTEX_POINT('',#14020);
#3900=VERTEX_POINT('',#14022);
#3901=VERTEX_POINT('',#14025);
#3902=VERTEX_POINT('',#14027);
#3903=VERTEX_POINT('',#14035);
#3904=VERTEX_POINT('',#14040);
#3905=VERTEX_POINT('',#14042);
#3906=VERTEX_POINT('',#14046);
#3907=VERTEX_POINT('',#14048);
#3908=VERTEX_POINT('',#14054);
#3909=VERTEX_POINT('',#14055);
#3910=VERTEX_POINT('',#14057);
#3911=VERTEX_POINT('',#14059);
#3912=VERTEX_POINT('',#14062);
#3913=VERTEX_POINT('',#14063);
#3914=VERTEX_POINT('',#14065);
#3915=VERTEX_POINT('',#14067);
#3916=VERTEX_POINT('',#14071);
#3917=VERTEX_POINT('',#14072);
#3918=VERTEX_POINT('',#14074);
#3919=VERTEX_POINT('',#14076);
#3920=VERTEX_POINT('',#14078);
#3921=VERTEX_POINT('',#14080);
#3922=VERTEX_POINT('',#14084);
#3923=VERTEX_POINT('',#14085);
#3924=VERTEX_POINT('',#14087);
#3925=VERTEX_POINT('',#14089);
#3926=VERTEX_POINT('',#14091);
#3927=VERTEX_POINT('',#14093);
#3928=VERTEX_POINT('',#14097);
#3929=VERTEX_POINT('',#14100);
#3930=VERTEX_POINT('',#14102);
#3931=VERTEX_POINT('',#14104);
#3932=VERTEX_POINT('',#14106);
#3933=VERTEX_POINT('',#14111);
#3934=VERTEX_POINT('',#14121);
#3935=VERTEX_POINT('',#14128);
#3936=VERTEX_POINT('',#14129);
#3937=VERTEX_POINT('',#14131);
#3938=VERTEX_POINT('',#14138);
#3939=VERTEX_POINT('',#14140);
#3940=VERTEX_POINT('',#14143);
#3941=VERTEX_POINT('',#14144);
#3942=VERTEX_POINT('',#14148);
#3943=VERTEX_POINT('',#14150);
#3944=VERTEX_POINT('',#14153);
#3945=VERTEX_POINT('',#14155);
#3946=VERTEX_POINT('',#14158);
#3947=VERTEX_POINT('',#14160);
#3948=VERTEX_POINT('',#14163);
#3949=VERTEX_POINT('',#14164);
#3950=VERTEX_POINT('',#14181);
#3951=VERTEX_POINT('',#14183);
#3952=VERTEX_POINT('',#14187);
#3953=VERTEX_POINT('',#14189);
#3954=VERTEX_POINT('',#14191);
#3955=VERTEX_POINT('',#14193);
#3956=VERTEX_POINT('',#14195);
#3957=VERTEX_POINT('',#14197);
#3958=VERTEX_POINT('',#14199);
#3959=VERTEX_POINT('',#14201);
#3960=VERTEX_POINT('',#14203);
#3961=VERTEX_POINT('',#14205);
#3962=VERTEX_POINT('',#14207);
#3963=VERTEX_POINT('',#14209);
#3964=VERTEX_POINT('',#14211);
#3965=VERTEX_POINT('',#14213);
#3966=VERTEX_POINT('',#14215);
#3967=VERTEX_POINT('',#14217);
#3968=VERTEX_POINT('',#14219);
#3969=VERTEX_POINT('',#14221);
#3970=VERTEX_POINT('',#14223);
#3971=VERTEX_POINT('',#14225);
#3972=VERTEX_POINT('',#14227);
#3973=VERTEX_POINT('',#14229);
#3974=VERTEX_POINT('',#14231);
#3975=VERTEX_POINT('',#14233);
#3976=VERTEX_POINT('',#14235);
#3977=VERTEX_POINT('',#14237);
#3978=VERTEX_POINT('',#14239);
#3979=VERTEX_POINT('',#14241);
#3980=VERTEX_POINT('',#14243);
#3981=VERTEX_POINT('',#14245);
#3982=VERTEX_POINT('',#14247);
#3983=VERTEX_POINT('',#14249);
#3984=VERTEX_POINT('',#14251);
#3985=VERTEX_POINT('',#14253);
#3986=VERTEX_POINT('',#14255);
#3987=VERTEX_POINT('',#14257);
#3988=VERTEX_POINT('',#14259);
#3989=VERTEX_POINT('',#14261);
#3990=VERTEX_POINT('',#14263);
#3991=VERTEX_POINT('',#14265);
#3992=VERTEX_POINT('',#14267);
#3993=VERTEX_POINT('',#14269);
#3994=VERTEX_POINT('',#14271);
#3995=VERTEX_POINT('',#14273);
#3996=VERTEX_POINT('',#14275);
#3997=VERTEX_POINT('',#14277);
#3998=VERTEX_POINT('',#14279);
#3999=VERTEX_POINT('',#14281);
#4000=VERTEX_POINT('',#14283);
#4001=VERTEX_POINT('',#14285);
#4002=VERTEX_POINT('',#14287);
#4003=VERTEX_POINT('',#14289);
#4004=VERTEX_POINT('',#14291);
#4005=VERTEX_POINT('',#14293);
#4006=VERTEX_POINT('',#14297);
#4007=VERTEX_POINT('',#14300);
#4008=VERTEX_POINT('',#14304);
#4009=VERTEX_POINT('',#14306);
#4010=VERTEX_POINT('',#14308);
#4011=VERTEX_POINT('',#14310);
#4012=VERTEX_POINT('',#14312);
#4013=VERTEX_POINT('',#14314);
#4014=VERTEX_POINT('',#14316);
#4015=VERTEX_POINT('',#14318);
#4016=VERTEX_POINT('',#14320);
#4017=VERTEX_POINT('',#14322);
#4018=VERTEX_POINT('',#14324);
#4019=VERTEX_POINT('',#14326);
#4020=VERTEX_POINT('',#14328);
#4021=VERTEX_POINT('',#14330);
#4022=VERTEX_POINT('',#14332);
#4023=VERTEX_POINT('',#14334);
#4024=VERTEX_POINT('',#14336);
#4025=VERTEX_POINT('',#14338);
#4026=VERTEX_POINT('',#14340);
#4027=VERTEX_POINT('',#14342);
#4028=VERTEX_POINT('',#14344);
#4029=VERTEX_POINT('',#14346);
#4030=VERTEX_POINT('',#14348);
#4031=VERTEX_POINT('',#14350);
#4032=VERTEX_POINT('',#14352);
#4033=VERTEX_POINT('',#14354);
#4034=VERTEX_POINT('',#14356);
#4035=VERTEX_POINT('',#14358);
#4036=VERTEX_POINT('',#14360);
#4037=VERTEX_POINT('',#14362);
#4038=VERTEX_POINT('',#14364);
#4039=VERTEX_POINT('',#14366);
#4040=VERTEX_POINT('',#14368);
#4041=VERTEX_POINT('',#14370);
#4042=VERTEX_POINT('',#14372);
#4043=VERTEX_POINT('',#14374);
#4044=VERTEX_POINT('',#14376);
#4045=VERTEX_POINT('',#14378);
#4046=VERTEX_POINT('',#14380);
#4047=VERTEX_POINT('',#14382);
#4048=VERTEX_POINT('',#14384);
#4049=VERTEX_POINT('',#14386);
#4050=VERTEX_POINT('',#14388);
#4051=VERTEX_POINT('',#14390);
#4052=VERTEX_POINT('',#14392);
#4053=VERTEX_POINT('',#14394);
#4054=VERTEX_POINT('',#14396);
#4055=VERTEX_POINT('',#14398);
#4056=VERTEX_POINT('',#14400);
#4057=VERTEX_POINT('',#14402);
#4058=VERTEX_POINT('',#14404);
#4059=VERTEX_POINT('',#14406);
#4060=VERTEX_POINT('',#14408);
#4061=VERTEX_POINT('',#14410);
#4062=VERTEX_POINT('',#14412);
#4063=VERTEX_POINT('',#14414);
#4064=VERTEX_POINT('',#14416);
#4065=VERTEX_POINT('',#14418);
#4066=VERTEX_POINT('',#14475);
#4067=VERTEX_POINT('',#14477);
#4068=VERTEX_POINT('',#14486);
#4069=VERTEX_POINT('',#14488);
#4070=VERTEX_POINT('',#14497);
#4071=VERTEX_POINT('',#14499);
#4072=VERTEX_POINT('',#14508);
#4073=VERTEX_POINT('',#14510);
#4074=VERTEX_POINT('',#14519);
#4075=VERTEX_POINT('',#14521);
#4076=VERTEX_POINT('',#14530);
#4077=VERTEX_POINT('',#14532);
#4078=VERTEX_POINT('',#14541);
#4079=VERTEX_POINT('',#14543);
#4080=VERTEX_POINT('',#14552);
#4081=VERTEX_POINT('',#14554);
#4082=VERTEX_POINT('',#14563);
#4083=VERTEX_POINT('',#14565);
#4084=VERTEX_POINT('',#14574);
#4085=VERTEX_POINT('',#14576);
#4086=VERTEX_POINT('',#14585);
#4087=VERTEX_POINT('',#14587);
#4088=VERTEX_POINT('',#14596);
#4089=VERTEX_POINT('',#14598);
#4090=VERTEX_POINT('',#14607);
#4091=VERTEX_POINT('',#14609);
#4092=VERTEX_POINT('',#14618);
#4093=VERTEX_POINT('',#14620);
#4094=VERTEX_POINT('',#14629);
#4095=VERTEX_POINT('',#14631);
#4096=VERTEX_POINT('',#14640);
#4097=VERTEX_POINT('',#14642);
#4098=VERTEX_POINT('',#14651);
#4099=VERTEX_POINT('',#14653);
#4100=VERTEX_POINT('',#14662);
#4101=VERTEX_POINT('',#14664);
#4102=VERTEX_POINT('',#14673);
#4103=VERTEX_POINT('',#14675);
#4104=VERTEX_POINT('',#14773);
#4105=VERTEX_POINT('',#14775);
#4106=VERTEX_POINT('',#14784);
#4107=VERTEX_POINT('',#14786);
#4108=VERTEX_POINT('',#14795);
#4109=VERTEX_POINT('',#14797);
#4110=VERTEX_POINT('',#14806);
#4111=VERTEX_POINT('',#14808);
#4112=VERTEX_POINT('',#14817);
#4113=VERTEX_POINT('',#14819);
#4114=VERTEX_POINT('',#14828);
#4115=VERTEX_POINT('',#14830);
#4116=VERTEX_POINT('',#14839);
#4117=VERTEX_POINT('',#14841);
#4118=VERTEX_POINT('',#14850);
#4119=VERTEX_POINT('',#14852);
#4120=VERTEX_POINT('',#14861);
#4121=VERTEX_POINT('',#14863);
#4122=VERTEX_POINT('',#14872);
#4123=VERTEX_POINT('',#14874);
#4124=VERTEX_POINT('',#14883);
#4125=VERTEX_POINT('',#14885);
#4126=VERTEX_POINT('',#14894);
#4127=VERTEX_POINT('',#14896);
#4128=VERTEX_POINT('',#14905);
#4129=VERTEX_POINT('',#14907);
#4130=VERTEX_POINT('',#14916);
#4131=VERTEX_POINT('',#14918);
#4132=VERTEX_POINT('',#14927);
#4133=VERTEX_POINT('',#14929);
#4134=VERTEX_POINT('',#14938);
#4135=VERTEX_POINT('',#14940);
#4136=VERTEX_POINT('',#14949);
#4137=VERTEX_POINT('',#14951);
#4138=VERTEX_POINT('',#14960);
#4139=VERTEX_POINT('',#14962);
#4140=VERTEX_POINT('',#15140);
#4141=VERTEX_POINT('',#15142);
#4142=VERTEX_POINT('',#15146);
#4143=VERTEX_POINT('',#15155);
#4144=VERTEX_POINT('',#15156);
#4145=VERTEX_POINT('',#15158);
#4146=VERTEX_POINT('',#15160);
#4147=VERTEX_POINT('',#15165);
#4148=VERTEX_POINT('',#15167);
#4149=VERTEX_POINT('',#15169);
#4150=VERTEX_POINT('',#15174);
#4151=VERTEX_POINT('',#15176);
#4152=VERTEX_POINT('',#15178);
#4153=VERTEX_POINT('',#15185);
#4154=VERTEX_POINT('',#15187);
#4155=VERTEX_POINT('',#15189);
#4156=VERTEX_POINT('',#15191);
#4157=VERTEX_POINT('',#15193);
#4158=VERTEX_POINT('',#15197);
#4159=VERTEX_POINT('',#15199);
#4160=VERTEX_POINT('',#15204);
#4161=VERTEX_POINT('',#15206);
#4162=VERTEX_POINT('',#15208);
#4163=EDGE_CURVE('',#3353,#3354,#2998,.T.);
#4164=EDGE_CURVE('',#3354,#3355,#2999,.T.);
#4165=EDGE_CURVE('',#3355,#3356,#3000,.T.);
#4166=EDGE_CURVE('',#3356,#3353,#3001,.T.);
#4167=EDGE_CURVE('',#3353,#3357,#283,.F.);
#4168=EDGE_CURVE('',#3357,#3358,#284,.T.);
#4169=EDGE_CURVE('',#3358,#3359,#285,.F.);
#4170=EDGE_CURVE('',#3360,#3359,#286,.T.);
#4171=EDGE_CURVE('',#3360,#3361,#287,.T.);
#4172=EDGE_CURVE('',#3362,#3361,#288,.T.);
#4173=EDGE_CURVE('',#3362,#3363,#289,.T.);
#4174=EDGE_CURVE('',#3364,#3363,#290,.T.);
#4175=EDGE_CURVE('',#3365,#3364,#204,.T.);
#4176=EDGE_CURVE('',#3365,#3366,#3002,.T.);
#4177=EDGE_CURVE('',#3366,#3367,#3003,.T.);
#4178=EDGE_CURVE('',#3367,#3368,#291,.T.);
#4179=EDGE_CURVE('',#3368,#3369,#292,.T.);
#4180=EDGE_CURVE('',#3369,#3370,#293,.T.);
#4181=EDGE_CURVE('',#3370,#3371,#294,.T.);
#4182=EDGE_CURVE('',#3371,#3372,#3004,.T.);
#4183=EDGE_CURVE('',#3373,#3372,#295,.T.);
#4184=EDGE_CURVE('',#3373,#3374,#3005,.T.);
#4185=EDGE_CURVE('',#3374,#3375,#296,.T.);
#4186=EDGE_CURVE('',#3375,#3376,#297,.T.);
#4187=EDGE_CURVE('',#3376,#3377,#298,.T.);
#4188=EDGE_CURVE('',#3377,#3378,#299,.T.);
#4189=EDGE_CURVE('',#3378,#3379,#3006,.T.);
#4190=EDGE_CURVE('',#3379,#3380,#3007,.T.);
#4191=EDGE_CURVE('',#3381,#3380,#3008,.T.);
#4192=EDGE_CURVE('',#3382,#3381,#300,.T.);
#4193=EDGE_CURVE('',#3382,#3383,#205,.T.);
#4194=EDGE_CURVE('',#3384,#3383,#206,.T.);
#4195=EDGE_CURVE('',#3354,#3384,#301,.T.);
#4196=EDGE_CURVE('',#3385,#3385,#3009,.T.);
#4197=EDGE_CURVE('',#3386,#3386,#3010,.T.);
#4198=EDGE_CURVE('',#3387,#3387,#3011,.T.);
#4199=EDGE_CURVE('',#3388,#3388,#3012,.T.);
#4200=EDGE_CURVE('',#3389,#3389,#3013,.T.);
#4201=EDGE_CURVE('',#3390,#3390,#3014,.T.);
#4202=EDGE_CURVE('',#3391,#3391,#3015,.T.);
#4203=EDGE_CURVE('',#3392,#3393,#3016,.T.);
#4204=EDGE_CURVE('',#3394,#3393,#3017,.T.);
#4205=EDGE_CURVE('',#3395,#3394,#3018,.T.);
#4206=EDGE_CURVE('',#3395,#3396,#3019,.T.);
#4207=EDGE_CURVE('',#3397,#3396,#3020,.T.);
#4208=EDGE_CURVE('',#3398,#3397,#3021,.T.);
#4209=EDGE_CURVE('',#3398,#3399,#3022,.T.);
#4210=EDGE_CURVE('',#3399,#3392,#3023,.T.);
#4211=EDGE_CURVE('',#3400,#3401,#3024,.T.);
#4212=EDGE_CURVE('',#3401,#3402,#3025,.T.);
#4213=EDGE_CURVE('',#3403,#3402,#3026,.T.);
#4214=EDGE_CURVE('',#3400,#3403,#3027,.T.);
#4215=EDGE_CURVE('',#3404,#3356,#302,.F.);
#4216=EDGE_CURVE('',#3357,#3404,#3028,.F.);
#4217=EDGE_CURVE('',#3405,#3384,#207,.T.);
#4218=EDGE_CURVE('',#3406,#3405,#208,.T.);
#4219=EDGE_CURVE('',#3407,#3406,#303,.T.);
#4220=EDGE_CURVE('',#3408,#3407,#209,.T.);
#4221=EDGE_CURVE('',#3409,#3408,#210,.T.);
#4222=EDGE_CURVE('',#3409,#3355,#304,.T.);
#4223=EDGE_CURVE('',#3410,#3409,#211,.T.);
#4224=EDGE_CURVE('',#3408,#3411,#3029,.T.);
#4225=EDGE_CURVE('',#3411,#3410,#212,.T.);
#4226=EDGE_CURVE('',#3407,#3412,#3030,.T.);
#4227=EDGE_CURVE('',#3412,#3411,#213,.T.);
#4228=EDGE_CURVE('',#3406,#3413,#3031,.T.);
#4229=EDGE_CURVE('',#3413,#3412,#305,.T.);
#4230=EDGE_CURVE('',#3405,#3414,#3032,.T.);
#4231=EDGE_CURVE('',#3414,#3413,#214,.T.);
#4232=EDGE_CURVE('',#3383,#3414,#215,.T.);
#4233=EDGE_CURVE('',#3411,#3415,#216,.T.);
#4234=EDGE_CURVE('',#3415,#3416,#217,.T.);
#4235=EDGE_CURVE('',#3417,#3416,#218,.T.);
#4236=EDGE_CURVE('',#3417,#3418,#306,.T.);
#4237=EDGE_CURVE('',#3418,#3419,#219,.T.);
#4238=EDGE_CURVE('',#3420,#3419,#220,.T.);
#4239=EDGE_CURVE('',#3421,#3420,#221,.T.);
#4240=EDGE_CURVE('',#3422,#3421,#222,.T.);
#4241=EDGE_CURVE('',#3423,#3422,#223,.T.);
#4242=EDGE_CURVE('',#3424,#3423,#224,.T.);
#4243=EDGE_CURVE('',#3424,#3410,#225,.T.);
#4244=EDGE_CURVE('',#3425,#3412,#226,.T.);
#4245=EDGE_CURVE('',#3425,#3426,#3033,.T.);
#4246=EDGE_CURVE('',#3427,#3426,#227,.T.);
#4247=EDGE_CURVE('',#3428,#3427,#3034,.T.);
#4248=EDGE_CURVE('',#3429,#3428,#3035,.T.);
#4249=EDGE_CURVE('',#3429,#3430,#228,.T.);
#4250=EDGE_CURVE('',#3431,#3430,#229,.T.);
#4251=EDGE_CURVE('',#3431,#3432,#230,.T.);
#4252=EDGE_CURVE('',#3433,#3432,#3036,.T.);
#4253=EDGE_CURVE('',#3433,#3434,#231,.T.);
#4254=EDGE_CURVE('',#3435,#3434,#232,.T.);
#4255=EDGE_CURVE('',#3435,#3436,#233,.T.);
#4256=EDGE_CURVE('',#3437,#3436,#3037,.T.);
#4257=EDGE_CURVE('',#3437,#3438,#234,.T.);
#4258=EDGE_CURVE('',#3439,#3438,#235,.T.);
#4259=EDGE_CURVE('',#3439,#3440,#236,.T.);
#4260=EDGE_CURVE('',#3441,#3440,#3038,.T.);
#4261=EDGE_CURVE('',#3441,#3442,#237,.T.);
#4262=EDGE_CURVE('',#3443,#3442,#238,.T.);
#4263=EDGE_CURVE('',#3443,#3444,#239,.T.);
#4264=EDGE_CURVE('',#3445,#3444,#15,.T.);
#4265=EDGE_CURVE('',#3446,#3445,#240,.T.);
#4266=EDGE_CURVE('',#3446,#3415,#241,.T.);
#4267=EDGE_CURVE('',#3447,#3448,#242,.T.);
#4268=EDGE_CURVE('',#3448,#3447,#243,.T.);
#4269=EDGE_CURVE('',#3413,#3449,#16,.T.);
#4270=EDGE_CURVE('',#3449,#3425,#307,.T.);
#4271=EDGE_CURVE('',#3450,#3414,#244,.T.);
#4272=EDGE_CURVE('',#3450,#3451,#245,.T.);
#4273=EDGE_CURVE('',#3452,#3451,#246,.T.);
#4274=EDGE_CURVE('',#3453,#3452,#247,.T.);
#4275=EDGE_CURVE('',#3453,#3454,#248,.T.);
#4276=EDGE_CURVE('',#3455,#3454,#249,.T.);
#4277=EDGE_CURVE('',#3455,#3456,#250,.T.);
#4278=EDGE_CURVE('',#3457,#3456,#3039,.T.);
#4279=EDGE_CURVE('',#3457,#3458,#251,.T.);
#4280=EDGE_CURVE('',#3459,#3458,#252,.T.);
#4281=EDGE_CURVE('',#3459,#3460,#253,.T.);
#4282=EDGE_CURVE('',#3461,#3460,#3040,.T.);
#4283=EDGE_CURVE('',#3461,#3462,#254,.T.);
#4284=EDGE_CURVE('',#3463,#3462,#255,.T.);
#4285=EDGE_CURVE('',#3463,#3464,#256,.T.);
#4286=EDGE_CURVE('',#3465,#3464,#3041,.T.);
#4287=EDGE_CURVE('',#3465,#3466,#257,.T.);
#4288=EDGE_CURVE('',#3467,#3466,#258,.T.);
#4289=EDGE_CURVE('',#3467,#3468,#259,.T.);
#4290=EDGE_CURVE('',#3469,#3468,#3042,.T.);
#4291=EDGE_CURVE('',#3470,#3469,#3043,.T.);
#4292=EDGE_CURVE('',#3471,#3470,#260,.T.);
#4293=EDGE_CURVE('',#3471,#3449,#3044,.T.);
#4294=EDGE_CURVE('',#3472,#3473,#261,.T.);
#4295=EDGE_CURVE('',#3473,#3472,#262,.T.);
#4296=EDGE_CURVE('',#3474,#3382,#308,.T.);
#4297=EDGE_CURVE('',#3474,#3475,#263,.T.);
#4298=EDGE_CURVE('',#3475,#3450,#264,.T.);
#4299=EDGE_CURVE('',#3385,#3476,#3045,.T.);
#4300=EDGE_CURVE('',#3476,#3477,#3046,.T.);
#4301=EDGE_CURVE('',#3477,#3476,#3047,.T.);
#4302=EDGE_CURVE('',#3478,#3478,#3048,.T.);
#4303=EDGE_CURVE('',#3478,#3477,#309,.T.);
#4304=EDGE_CURVE('',#3479,#3479,#3049,.T.);
#4305=EDGE_CURVE('',#3479,#3478,#3050,.T.);
#4306=EDGE_CURVE('',#3480,#3481,#310,.T.);
#4307=EDGE_CURVE('',#3481,#3482,#3051,.T.);
#4308=EDGE_CURVE('',#3482,#3483,#311,.T.);
#4309=EDGE_CURVE('',#3483,#3484,#3052,.T.);
#4310=EDGE_CURVE('',#3484,#3485,#312,.T.);
#4311=EDGE_CURVE('',#3485,#3486,#3053,.T.);
#4312=EDGE_CURVE('',#3487,#3486,#313,.T.);
#4313=EDGE_CURVE('',#3487,#3488,#3054,.T.);
#4314=EDGE_CURVE('',#3489,#3488,#314,.T.);
#4315=EDGE_CURVE('',#3490,#3489,#315,.T.);
#4316=EDGE_CURVE('',#3491,#3490,#316,.T.);
#4317=EDGE_CURVE('',#3492,#3491,#317,.T.);
#4318=EDGE_CURVE('',#3493,#3492,#318,.T.);
#4319=EDGE_CURVE('',#3493,#3494,#319,.T.);
#4320=EDGE_CURVE('',#3495,#3494,#320,.T.);
#4321=EDGE_CURVE('',#3495,#3496,#321,.T.);
#4322=EDGE_CURVE('',#3497,#3496,#322,.T.);
#4323=EDGE_CURVE('',#3497,#3498,#323,.T.);
#4324=EDGE_CURVE('',#3499,#3498,#324,.T.);
#4325=EDGE_CURVE('',#3500,#3499,#325,.T.);
#4326=EDGE_CURVE('',#3501,#3500,#326,.T.);
#4327=EDGE_CURVE('',#3501,#3502,#327,.T.);
#4328=EDGE_CURVE('',#3503,#3502,#328,.T.);
#4329=EDGE_CURVE('',#3504,#3503,#329,.T.);
#4330=EDGE_CURVE('',#3505,#3504,#330,.T.);
#4331=EDGE_CURVE('',#3506,#3505,#331,.T.);
#4332=EDGE_CURVE('',#3507,#3506,#332,.T.);
#4333=EDGE_CURVE('',#3507,#3508,#333,.T.);
#4334=EDGE_CURVE('',#3509,#3508,#334,.T.);
#4335=EDGE_CURVE('',#3510,#3509,#335,.T.);
#4336=EDGE_CURVE('',#3510,#3511,#336,.T.);
#4337=EDGE_CURVE('',#3511,#3512,#3055,.T.);
#4338=EDGE_CURVE('',#3513,#3512,#337,.T.);
#4339=EDGE_CURVE('',#3513,#3514,#3056,.T.);
#4340=EDGE_CURVE('',#3514,#3515,#338,.T.);
#4341=EDGE_CURVE('',#3515,#3516,#3057,.T.);
#4342=EDGE_CURVE('',#3517,#3516,#339,.T.);
#4343=EDGE_CURVE('',#3517,#3518,#3058,.T.);
#4344=EDGE_CURVE('',#3518,#3519,#340,.T.);
#4345=EDGE_CURVE('',#3519,#3520,#3059,.T.);
#4346=EDGE_CURVE('',#3521,#3520,#341,.T.);
#4347=EDGE_CURVE('',#3521,#3522,#3060,.T.);
#4348=EDGE_CURVE('',#3522,#3523,#342,.T.);
#4349=EDGE_CURVE('',#3523,#3524,#3061,.T.);
#4350=EDGE_CURVE('',#3525,#3524,#343,.T.);
#4351=EDGE_CURVE('',#3525,#3526,#3062,.T.);
#4352=EDGE_CURVE('',#3526,#3527,#344,.T.);
#4353=EDGE_CURVE('',#3527,#3528,#3063,.T.);
#4354=EDGE_CURVE('',#3529,#3528,#345,.T.);
#4355=EDGE_CURVE('',#3529,#3530,#3064,.T.);
#4356=EDGE_CURVE('',#3530,#3531,#346,.T.);
#4357=EDGE_CURVE('',#3531,#3532,#3065,.T.);
#4358=EDGE_CURVE('',#3533,#3532,#347,.T.);
#4359=EDGE_CURVE('',#3533,#3534,#3066,.T.);
#4360=EDGE_CURVE('',#3534,#3535,#348,.T.);
#4361=EDGE_CURVE('',#3535,#3536,#3067,.T.);
#4362=EDGE_CURVE('',#3537,#3536,#349,.T.);
#4363=EDGE_CURVE('',#3537,#3538,#3068,.T.);
#4364=EDGE_CURVE('',#3538,#3539,#350,.T.);
#4365=EDGE_CURVE('',#3539,#3540,#3069,.T.);
#4366=EDGE_CURVE('',#3541,#3540,#351,.T.);
#4367=EDGE_CURVE('',#3541,#3542,#3070,.T.);
#4368=EDGE_CURVE('',#3542,#3543,#352,.T.);
#4369=EDGE_CURVE('',#3543,#3544,#3071,.T.);
#4370=EDGE_CURVE('',#3545,#3544,#353,.T.);
#4371=EDGE_CURVE('',#3545,#3546,#3072,.T.);
#4372=EDGE_CURVE('',#3546,#3547,#354,.T.);
#4373=EDGE_CURVE('',#3547,#3548,#3073,.T.);
#4374=EDGE_CURVE('',#3549,#3548,#355,.T.);
#4375=EDGE_CURVE('',#3549,#3550,#3074,.T.);
#4376=EDGE_CURVE('',#3550,#3551,#356,.T.);
#4377=EDGE_CURVE('',#3551,#3552,#3075,.T.);
#4378=EDGE_CURVE('',#3553,#3552,#357,.T.);
#4379=EDGE_CURVE('',#3553,#3554,#3076,.T.);
#4380=EDGE_CURVE('',#3554,#3555,#358,.T.);
#4381=EDGE_CURVE('',#3555,#3556,#3077,.T.);
#4382=EDGE_CURVE('',#3557,#3556,#359,.T.);
#4383=EDGE_CURVE('',#3557,#3558,#3078,.T.);
#4384=EDGE_CURVE('',#3558,#3559,#360,.T.);
#4385=EDGE_CURVE('',#3559,#3560,#3079,.T.);
#4386=EDGE_CURVE('',#3561,#3560,#361,.T.);
#4387=EDGE_CURVE('',#3561,#3562,#3080,.T.);
#4388=EDGE_CURVE('',#3562,#3563,#362,.T.);
#4389=EDGE_CURVE('',#3563,#3564,#3081,.T.);
#4390=EDGE_CURVE('',#3565,#3564,#363,.T.);
#4391=EDGE_CURVE('',#3565,#3566,#3082,.T.);
#4392=EDGE_CURVE('',#3566,#3567,#364,.T.);
#4393=EDGE_CURVE('',#3567,#3568,#3083,.T.);
#4394=EDGE_CURVE('',#3569,#3568,#365,.T.);
#4395=EDGE_CURVE('',#3569,#3570,#3084,.T.);
#4396=EDGE_CURVE('',#3570,#3571,#366,.T.);
#4397=EDGE_CURVE('',#3571,#3572,#3085,.T.);
#4398=EDGE_CURVE('',#3573,#3572,#367,.T.);
#4399=EDGE_CURVE('',#3573,#3574,#3086,.T.);
#4400=EDGE_CURVE('',#3574,#3575,#368,.T.);
#4401=EDGE_CURVE('',#3575,#3576,#3087,.T.);
#4402=EDGE_CURVE('',#3577,#3576,#369,.T.);
#4403=EDGE_CURVE('',#3577,#3578,#3088,.T.);
#4404=EDGE_CURVE('',#3578,#3579,#370,.T.);
#4405=EDGE_CURVE('',#3579,#3580,#3089,.T.);
#4406=EDGE_CURVE('',#3581,#3580,#371,.T.);
#4407=EDGE_CURVE('',#3581,#3582,#3090,.T.);
#4408=EDGE_CURVE('',#3582,#3583,#372,.T.);
#4409=EDGE_CURVE('',#3583,#3584,#3091,.T.);
#4410=EDGE_CURVE('',#3585,#3584,#373,.T.);
#4411=EDGE_CURVE('',#3585,#3586,#3092,.T.);
#4412=EDGE_CURVE('',#3586,#3587,#374,.T.);
#4413=EDGE_CURVE('',#3587,#3588,#3093,.T.);
#4414=EDGE_CURVE('',#3589,#3588,#375,.T.);
#4415=EDGE_CURVE('',#3589,#3590,#3094,.T.);
#4416=EDGE_CURVE('',#3590,#3591,#376,.T.);
#4417=EDGE_CURVE('',#3591,#3592,#3095,.T.);
#4418=EDGE_CURVE('',#3593,#3592,#377,.T.);
#4419=EDGE_CURVE('',#3593,#3594,#3096,.T.);
#4420=EDGE_CURVE('',#3594,#3595,#378,.T.);
#4421=EDGE_CURVE('',#3595,#3596,#3097,.T.);
#4422=EDGE_CURVE('',#3597,#3596,#379,.T.);
#4423=EDGE_CURVE('',#3597,#3598,#3098,.T.);
#4424=EDGE_CURVE('',#3598,#3599,#380,.T.);
#4425=EDGE_CURVE('',#3599,#3600,#3099,.T.);
#4426=EDGE_CURVE('',#3601,#3600,#381,.T.);
#4427=EDGE_CURVE('',#3601,#3602,#3100,.T.);
#4428=EDGE_CURVE('',#3602,#3603,#382,.T.);
#4429=EDGE_CURVE('',#3603,#3604,#3101,.T.);
#4430=EDGE_CURVE('',#3605,#3604,#383,.T.);
#4431=EDGE_CURVE('',#3605,#3606,#3102,.T.);
#4432=EDGE_CURVE('',#3606,#3607,#384,.T.);
#4433=EDGE_CURVE('',#3607,#3608,#3103,.T.);
#4434=EDGE_CURVE('',#3609,#3608,#385,.T.);
#4435=EDGE_CURVE('',#3609,#3610,#3104,.T.);
#4436=EDGE_CURVE('',#3610,#3611,#386,.T.);
#4437=EDGE_CURVE('',#3611,#3612,#3105,.T.);
#4438=EDGE_CURVE('',#3613,#3612,#387,.T.);
#4439=EDGE_CURVE('',#3613,#3614,#3106,.T.);
#4440=EDGE_CURVE('',#3614,#3615,#388,.T.);
#4441=EDGE_CURVE('',#3615,#3616,#3107,.T.);
#4442=EDGE_CURVE('',#3617,#3616,#389,.T.);
#4443=EDGE_CURVE('',#3617,#3618,#3108,.T.);
#4444=EDGE_CURVE('',#3618,#3619,#390,.T.);
#4445=EDGE_CURVE('',#3619,#3620,#3109,.T.);
#4446=EDGE_CURVE('',#3621,#3620,#391,.T.);
#4447=EDGE_CURVE('',#3621,#3622,#3110,.T.);
#4448=EDGE_CURVE('',#3622,#3623,#392,.T.);
#4449=EDGE_CURVE('',#3623,#3624,#3111,.T.);
#4450=EDGE_CURVE('',#3625,#3624,#393,.T.);
#4451=EDGE_CURVE('',#3625,#3626,#3112,.T.);
#4452=EDGE_CURVE('',#3626,#3627,#394,.T.);
#4453=EDGE_CURVE('',#3627,#3628,#3113,.T.);
#4454=EDGE_CURVE('',#3629,#3628,#395,.T.);
#4455=EDGE_CURVE('',#3629,#3630,#3114,.T.);
#4456=EDGE_CURVE('',#3630,#3631,#396,.T.);
#4457=EDGE_CURVE('',#3631,#3632,#3115,.T.);
#4458=EDGE_CURVE('',#3633,#3632,#397,.T.);
#4459=EDGE_CURVE('',#3633,#3634,#3116,.T.);
#4460=EDGE_CURVE('',#3634,#3635,#398,.T.);
#4461=EDGE_CURVE('',#3635,#3636,#3117,.T.);
#4462=EDGE_CURVE('',#3637,#3636,#399,.T.);
#4463=EDGE_CURVE('',#3637,#3638,#3118,.T.);
#4464=EDGE_CURVE('',#3638,#3639,#400,.T.);
#4465=EDGE_CURVE('',#3639,#3640,#3119,.T.);
#4466=EDGE_CURVE('',#3641,#3640,#401,.T.);
#4467=EDGE_CURVE('',#3641,#3642,#3120,.T.);
#4468=EDGE_CURVE('',#3642,#3643,#402,.T.);
#4469=EDGE_CURVE('',#3643,#3644,#3121,.T.);
#4470=EDGE_CURVE('',#3645,#3644,#403,.T.);
#4471=EDGE_CURVE('',#3645,#3646,#3122,.T.);
#4472=EDGE_CURVE('',#3646,#3647,#404,.T.);
#4473=EDGE_CURVE('',#3647,#3648,#3123,.T.);
#4474=EDGE_CURVE('',#3649,#3648,#405,.T.);
#4475=EDGE_CURVE('',#3649,#3650,#3124,.T.);
#4476=EDGE_CURVE('',#3650,#3651,#406,.T.);
#4477=EDGE_CURVE('',#3651,#3652,#3125,.T.);
#4478=EDGE_CURVE('',#3653,#3652,#407,.T.);
#4479=EDGE_CURVE('',#3653,#3654,#3126,.T.);
#4480=EDGE_CURVE('',#3654,#3655,#408,.T.);
#4481=EDGE_CURVE('',#3655,#3656,#3127,.T.);
#4482=EDGE_CURVE('',#3657,#3656,#409,.T.);
#4483=EDGE_CURVE('',#3657,#3658,#3128,.T.);
#4484=EDGE_CURVE('',#3658,#3659,#410,.T.);
#4485=EDGE_CURVE('',#3659,#3660,#3129,.T.);
#4486=EDGE_CURVE('',#3661,#3660,#411,.T.);
#4487=EDGE_CURVE('',#3661,#3662,#3130,.T.);
#4488=EDGE_CURVE('',#3662,#3663,#412,.T.);
#4489=EDGE_CURVE('',#3663,#3664,#3131,.T.);
#4490=EDGE_CURVE('',#3665,#3664,#413,.T.);
#4491=EDGE_CURVE('',#3665,#3666,#3132,.T.);
#4492=EDGE_CURVE('',#3666,#3667,#414,.T.);
#4493=EDGE_CURVE('',#3667,#3668,#3133,.T.);
#4494=EDGE_CURVE('',#3669,#3668,#415,.T.);
#4495=EDGE_CURVE('',#3669,#3670,#3134,.T.);
#4496=EDGE_CURVE('',#3670,#3671,#416,.T.);
#4497=EDGE_CURVE('',#3671,#3672,#3135,.T.);
#4498=EDGE_CURVE('',#3673,#3672,#417,.T.);
#4499=EDGE_CURVE('',#3673,#3674,#3136,.T.);
#4500=EDGE_CURVE('',#3674,#3675,#418,.T.);
#4501=EDGE_CURVE('',#3675,#3676,#3137,.T.);
#4502=EDGE_CURVE('',#3677,#3676,#419,.T.);
#4503=EDGE_CURVE('',#3677,#3678,#3138,.T.);
#4504=EDGE_CURVE('',#3678,#3679,#420,.T.);
#4505=EDGE_CURVE('',#3679,#3680,#3139,.T.);
#4506=EDGE_CURVE('',#3681,#3680,#421,.T.);
#4507=EDGE_CURVE('',#3681,#3682,#3140,.T.);
#4508=EDGE_CURVE('',#3682,#3683,#422,.T.);
#4509=EDGE_CURVE('',#3683,#3684,#3141,.T.);
#4510=EDGE_CURVE('',#3685,#3684,#423,.T.);
#4511=EDGE_CURVE('',#3685,#3686,#3142,.T.);
#4512=EDGE_CURVE('',#3686,#3687,#424,.T.);
#4513=EDGE_CURVE('',#3687,#3688,#3143,.T.);
#4514=EDGE_CURVE('',#3689,#3688,#425,.T.);
#4515=EDGE_CURVE('',#3689,#3690,#3144,.T.);
#4516=EDGE_CURVE('',#3690,#3691,#426,.T.);
#4517=EDGE_CURVE('',#3691,#3692,#3145,.T.);
#4518=EDGE_CURVE('',#3693,#3692,#427,.T.);
#4519=EDGE_CURVE('',#3693,#3694,#3146,.T.);
#4520=EDGE_CURVE('',#3694,#3695,#428,.T.);
#4521=EDGE_CURVE('',#3695,#3696,#3147,.T.);
#4522=EDGE_CURVE('',#3697,#3696,#429,.T.);
#4523=EDGE_CURVE('',#3697,#3698,#3148,.T.);
#4524=EDGE_CURVE('',#3698,#3699,#430,.T.);
#4525=EDGE_CURVE('',#3699,#3700,#3149,.T.);
#4526=EDGE_CURVE('',#3701,#3700,#431,.T.);
#4527=EDGE_CURVE('',#3701,#3702,#3150,.T.);
#4528=EDGE_CURVE('',#3702,#3703,#432,.T.);
#4529=EDGE_CURVE('',#3703,#3704,#3151,.T.);
#4530=EDGE_CURVE('',#3705,#3704,#433,.T.);
#4531=EDGE_CURVE('',#3705,#3706,#3152,.T.);
#4532=EDGE_CURVE('',#3706,#3707,#434,.T.);
#4533=EDGE_CURVE('',#3707,#3708,#3153,.T.);
#4534=EDGE_CURVE('',#3709,#3708,#435,.T.);
#4535=EDGE_CURVE('',#3709,#3710,#3154,.T.);
#4536=EDGE_CURVE('',#3710,#3711,#436,.T.);
#4537=EDGE_CURVE('',#3711,#3712,#3155,.T.);
#4538=EDGE_CURVE('',#3713,#3712,#437,.T.);
#4539=EDGE_CURVE('',#3713,#3714,#3156,.T.);
#4540=EDGE_CURVE('',#3714,#3715,#438,.T.);
#4541=EDGE_CURVE('',#3715,#3716,#3157,.T.);
#4542=EDGE_CURVE('',#3717,#3716,#439,.T.);
#4543=EDGE_CURVE('',#3717,#3718,#3158,.T.);
#4544=EDGE_CURVE('',#3718,#3719,#440,.T.);
#4545=EDGE_CURVE('',#3719,#3720,#3159,.T.);
#4546=EDGE_CURVE('',#3721,#3720,#441,.T.);
#4547=EDGE_CURVE('',#3721,#3722,#3160,.T.);
#4548=EDGE_CURVE('',#3722,#3723,#442,.T.);
#4549=EDGE_CURVE('',#3723,#3724,#3161,.T.);
#4550=EDGE_CURVE('',#3725,#3724,#443,.T.);
#4551=EDGE_CURVE('',#3726,#3725,#444,.T.);
#4552=EDGE_CURVE('',#3726,#3727,#445,.T.);
#4553=EDGE_CURVE('',#3727,#3728,#446,.T.);
#4554=EDGE_CURVE('',#3728,#3729,#447,.T.);
#4555=EDGE_CURVE('',#3729,#3730,#448,.T.);
#4556=EDGE_CURVE('',#3730,#3731,#449,.T.);
#4557=EDGE_CURVE('',#3732,#3731,#450,.T.);
#4558=EDGE_CURVE('',#3732,#3733,#451,.T.);
#4559=EDGE_CURVE('',#3733,#3734,#452,.T.);
#4560=EDGE_CURVE('',#3734,#3735,#453,.T.);
#4561=EDGE_CURVE('',#3735,#3736,#454,.T.);
#4562=EDGE_CURVE('',#3736,#3737,#455,.T.);
#4563=EDGE_CURVE('',#3737,#3738,#456,.T.);
#4564=EDGE_CURVE('',#3738,#3739,#457,.T.);
#4565=EDGE_CURVE('',#3739,#3740,#458,.T.);
#4566=EDGE_CURVE('',#3740,#3741,#459,.T.);
#4567=EDGE_CURVE('',#3742,#3741,#460,.T.);
#4568=EDGE_CURVE('',#3742,#3743,#461,.T.);
#4569=EDGE_CURVE('',#3744,#3743,#462,.T.);
#4570=EDGE_CURVE('',#3744,#3745,#463,.T.);
#4571=EDGE_CURVE('',#3745,#3480,#464,.T.);
#4572=EDGE_CURVE('',#3746,#3747,#3162,.T.);
#4573=EDGE_CURVE('',#3747,#3748,#3163,.T.);
#4574=EDGE_CURVE('',#3749,#3748,#3164,.T.);
#4575=EDGE_CURVE('',#3746,#3749,#3165,.T.);
#4576=EDGE_CURVE('',#3750,#3751,#3166,.T.);
#4577=EDGE_CURVE('',#3750,#3752,#3167,.T.);
#4578=EDGE_CURVE('',#3752,#3753,#3168,.T.);
#4579=EDGE_CURVE('',#3753,#3754,#3169,.T.);
#4580=EDGE_CURVE('',#3755,#3754,#3170,.T.);
#4581=EDGE_CURVE('',#3756,#3755,#3171,.T.);
#4582=EDGE_CURVE('',#3756,#3757,#3172,.T.);
#4583=EDGE_CURVE('',#3751,#3757,#3173,.T.);
#4584=EDGE_CURVE('',#3758,#3758,#3174,.T.);
#4585=EDGE_CURVE('',#3759,#3759,#3175,.T.);
#4586=EDGE_CURVE('',#3760,#3760,#3176,.T.);
#4587=EDGE_CURVE('',#3761,#3761,#3177,.T.);
#4588=EDGE_CURVE('',#3762,#3762,#3178,.T.);
#4589=EDGE_CURVE('',#3763,#3763,#3179,.T.);
#4590=EDGE_CURVE('',#3763,#3764,#3180,.T.);
#4591=EDGE_CURVE('',#3764,#3764,#3181,.T.);
#4592=EDGE_CURVE('',#3764,#3762,#465,.T.);
#4593=EDGE_CURVE('',#3765,#3765,#3182,.F.);
#4594=EDGE_CURVE('',#3766,#3424,#265,.T.);
#4595=EDGE_CURVE('',#3766,#3767,#466,.T.);
#4596=EDGE_CURVE('',#3768,#3767,#467,.T.);
#4597=EDGE_CURVE('',#3769,#3768,#468,.T.);
#4598=EDGE_CURVE('',#3769,#3770,#469,.T.);
#4599=EDGE_CURVE('',#3771,#3770,#470,.T.);
#4600=EDGE_CURVE('',#3771,#3772,#471,.F.);
#4601=EDGE_CURVE('',#3404,#3772,#472,.T.);
#4602=EDGE_CURVE('',#3773,#3773,#3183,.T.);
#4603=EDGE_CURVE('',#3364,#3774,#266,.T.);
#4604=EDGE_CURVE('',#3774,#3420,#3184,.T.);
#4605=EDGE_CURVE('',#3419,#3775,#267,.T.);
#4606=EDGE_CURVE('',#3775,#3365,#268,.T.);
#4607=EDGE_CURVE('',#3774,#3776,#269,.T.);
#4608=EDGE_CURVE('',#3776,#3421,#3185,.T.);
#4609=EDGE_CURVE('',#3777,#3422,#3186,.T.);
#4610=EDGE_CURVE('',#3776,#3777,#270,.T.);
#4611=EDGE_CURVE('',#3777,#3778,#271,.T.);
#4612=EDGE_CURVE('',#3778,#3423,#3187,.T.);
#4613=EDGE_CURVE('',#3778,#3766,#272,.T.);
#4614=EDGE_CURVE('',#3779,#3778,#473,.T.);
#4615=EDGE_CURVE('',#3767,#3779,#474,.T.);
#4616=EDGE_CURVE('',#3777,#3780,#475,.T.);
#4617=EDGE_CURVE('',#3780,#3779,#3188,.T.);
#4618=EDGE_CURVE('',#3781,#3776,#476,.T.);
#4619=EDGE_CURVE('',#3780,#3781,#477,.T.);
#4620=EDGE_CURVE('',#3774,#3782,#478,.T.);
#4621=EDGE_CURVE('',#3782,#3781,#3189,.T.);
#4622=EDGE_CURVE('',#3363,#3783,#479,.T.);
#4623=EDGE_CURVE('',#3783,#3784,#480,.T.);
#4624=EDGE_CURVE('',#3784,#3782,#481,.T.);
#4625=EDGE_CURVE('',#3785,#3775,#3190,.T.);
#4626=EDGE_CURVE('',#3366,#3785,#482,.T.);
#4627=EDGE_CURVE('',#3747,#3401,#483,.T.);
#4628=EDGE_CURVE('',#3748,#3400,#484,.T.);
#4629=EDGE_CURVE('',#3753,#3399,#485,.T.);
#4630=EDGE_CURVE('',#3754,#3398,#486,.T.);
#4631=EDGE_CURVE('',#3786,#3787,#3191,.T.);
#4632=EDGE_CURVE('',#3488,#3786,#487,.T.);
#4633=EDGE_CURVE('',#3787,#3487,#488,.T.);
#4634=EDGE_CURVE('',#3788,#3788,#3192,.T.);
#4635=EDGE_CURVE('',#3788,#3789,#489,.T.);
#4636=EDGE_CURVE('',#3790,#3789,#273,.F.);
#4637=EDGE_CURVE('',#3790,#3791,#490,.T.);
#4638=EDGE_CURVE('',#3792,#3791,#274,.F.);
#4639=EDGE_CURVE('',#3792,#3793,#491,.T.);
#4640=EDGE_CURVE('',#3794,#3793,#275,.F.);
#4641=EDGE_CURVE('',#3794,#3795,#492,.T.);
#4642=EDGE_CURVE('',#3795,#3795,#3193,.T.);
#4643=EDGE_CURVE('',#3789,#3794,#276,.F.);
#4644=EDGE_CURVE('',#3796,#3796,#3194,.T.);
#4645=EDGE_CURVE('',#3796,#3797,#493,.T.);
#4646=EDGE_CURVE('',#3797,#3797,#3195,.T.);
#4647=EDGE_CURVE('',#3798,#3799,#277,.F.);
#4648=EDGE_CURVE('',#3798,#3800,#494,.T.);
#4649=EDGE_CURVE('',#3801,#3800,#278,.F.);
#4650=EDGE_CURVE('',#3802,#3801,#279,.F.);
#4651=EDGE_CURVE('',#3802,#3803,#495,.T.);
#4652=EDGE_CURVE('',#3799,#3803,#280,.F.);
#4653=EDGE_CURVE('',#3442,#3804,#496,.T.);
#4654=EDGE_CURVE('',#3804,#3805,#3196,.T.);
#4655=EDGE_CURVE('',#3443,#3805,#497,.T.);
#4656=EDGE_CURVE('',#3438,#3806,#498,.T.);
#4657=EDGE_CURVE('',#3806,#3807,#3197,.T.);
#4658=EDGE_CURVE('',#3439,#3807,#499,.T.);
#4659=EDGE_CURVE('',#3434,#3808,#500,.T.);
#4660=EDGE_CURVE('',#3808,#3809,#3198,.T.);
#4661=EDGE_CURVE('',#3435,#3809,#501,.T.);
#4662=EDGE_CURVE('',#3430,#3810,#502,.T.);
#4663=EDGE_CURVE('',#3810,#3811,#3199,.T.);
#4664=EDGE_CURVE('',#3431,#3811,#503,.T.);
#4665=EDGE_CURVE('',#3426,#3812,#504,.T.);
#4666=EDGE_CURVE('',#3812,#3813,#3200,.T.);
#4667=EDGE_CURVE('',#3427,#3813,#505,.T.);
#4668=EDGE_CURVE('',#3814,#3793,#3201,.T.);
#4669=EDGE_CURVE('',#3814,#3448,#506,.T.);
#4670=EDGE_CURVE('',#3790,#3814,#3202,.T.);
#4671=EDGE_CURVE('',#3798,#3803,#3203,.T.);
#4672=EDGE_CURVE('',#3799,#3473,#507,.T.);
#4673=EDGE_CURVE('',#3815,#3815,#3204,.T.);
#4674=EDGE_CURVE('',#3815,#3761,#508,.T.);
#4675=EDGE_CURVE('',#3816,#3816,#3205,.T.);
#4676=EDGE_CURVE('',#3816,#3760,#509,.T.);
#4677=EDGE_CURVE('',#3817,#3817,#3206,.T.);
#4678=EDGE_CURVE('',#3817,#3759,#510,.T.);
#4679=EDGE_CURVE('',#3818,#3818,#3207,.T.);
#4680=EDGE_CURVE('',#3818,#3758,#511,.T.);
#4681=EDGE_CURVE('',#3765,#3386,#512,.T.);
#4682=EDGE_CURVE('',#3390,#3819,#513,.T.);
#4683=EDGE_CURVE('',#3819,#3819,#3208,.T.);
#4684=EDGE_CURVE('',#3389,#3820,#514,.T.);
#4685=EDGE_CURVE('',#3820,#3820,#3209,.T.);
#4686=EDGE_CURVE('',#3388,#3821,#515,.T.);
#4687=EDGE_CURVE('',#3821,#3821,#3210,.T.);
#4688=EDGE_CURVE('',#3387,#3822,#516,.T.);
#4689=EDGE_CURVE('',#3822,#3822,#3211,.T.);
#4690=EDGE_CURVE('',#3823,#3824,#3212,.T.);
#4691=EDGE_CURVE('',#3823,#3556,#517,.T.);
#4692=EDGE_CURVE('',#3825,#3555,#518,.T.);
#4693=EDGE_CURVE('',#3826,#3825,#3213,.T.);
#4694=EDGE_CURVE('',#3826,#3552,#519,.T.);
#4695=EDGE_CURVE('',#3827,#3551,#520,.T.);
#4696=EDGE_CURVE('',#3828,#3827,#3214,.T.);
#4697=EDGE_CURVE('',#3828,#3548,#521,.T.);
#4698=EDGE_CURVE('',#3829,#3547,#522,.T.);
#4699=EDGE_CURVE('',#3830,#3829,#3215,.T.);
#4700=EDGE_CURVE('',#3830,#3544,#523,.T.);
#4701=EDGE_CURVE('',#3831,#3543,#524,.T.);
#4702=EDGE_CURVE('',#3831,#3832,#3216,.T.);
#4703=EDGE_CURVE('',#3832,#3381,#525,.T.);
#4704=EDGE_CURVE('',#3380,#3833,#526,.T.);
#4705=EDGE_CURVE('',#3833,#3834,#3217,.T.);
#4706=EDGE_CURVE('',#3835,#3834,#527,.T.);
#4707=EDGE_CURVE('',#3835,#3836,#3218,.T.);
#4708=EDGE_CURVE('',#3836,#3692,#528,.T.);
#4709=EDGE_CURVE('',#3837,#3691,#529,.T.);
#4710=EDGE_CURVE('',#3838,#3837,#3219,.T.);
#4711=EDGE_CURVE('',#3838,#3688,#530,.T.);
#4712=EDGE_CURVE('',#3839,#3687,#531,.T.);
#4713=EDGE_CURVE('',#3840,#3839,#3220,.T.);
#4714=EDGE_CURVE('',#3840,#3684,#532,.T.);
#4715=EDGE_CURVE('',#3841,#3683,#533,.T.);
#4716=EDGE_CURVE('',#3842,#3841,#3221,.T.);
#4717=EDGE_CURVE('',#3842,#3680,#534,.T.);
#4718=EDGE_CURVE('',#3843,#3679,#535,.T.);
#4719=EDGE_CURVE('',#3844,#3843,#3222,.T.);
#4720=EDGE_CURVE('',#3844,#3676,#536,.T.);
#4721=EDGE_CURVE('',#3845,#3675,#537,.T.);
#4722=EDGE_CURVE('',#3846,#3845,#3223,.T.);
#4723=EDGE_CURVE('',#3846,#3672,#538,.T.);
#4724=EDGE_CURVE('',#3847,#3671,#539,.T.);
#4725=EDGE_CURVE('',#3848,#3847,#3224,.T.);
#4726=EDGE_CURVE('',#3848,#3668,#540,.T.);
#4727=EDGE_CURVE('',#3849,#3667,#541,.T.);
#4728=EDGE_CURVE('',#3850,#3849,#3225,.T.);
#4729=EDGE_CURVE('',#3850,#3664,#542,.T.);
#4730=EDGE_CURVE('',#3851,#3663,#543,.T.);
#4731=EDGE_CURVE('',#3852,#3851,#3226,.T.);
#4732=EDGE_CURVE('',#3852,#3660,#544,.T.);
#4733=EDGE_CURVE('',#3853,#3659,#545,.T.);
#4734=EDGE_CURVE('',#3854,#3853,#3227,.T.);
#4735=EDGE_CURVE('',#3854,#3656,#546,.T.);
#4736=EDGE_CURVE('',#3855,#3655,#547,.T.);
#4737=EDGE_CURVE('',#3856,#3855,#3228,.T.);
#4738=EDGE_CURVE('',#3856,#3652,#548,.T.);
#4739=EDGE_CURVE('',#3857,#3651,#549,.T.);
#4740=EDGE_CURVE('',#3858,#3857,#3229,.T.);
#4741=EDGE_CURVE('',#3858,#3648,#550,.T.);
#4742=EDGE_CURVE('',#3859,#3647,#551,.T.);
#4743=EDGE_CURVE('',#3860,#3859,#3230,.T.);
#4744=EDGE_CURVE('',#3860,#3644,#552,.T.);
#4745=EDGE_CURVE('',#3861,#3643,#553,.T.);
#4746=EDGE_CURVE('',#3862,#3861,#3231,.T.);
#4747=EDGE_CURVE('',#3862,#3640,#554,.T.);
#4748=EDGE_CURVE('',#3863,#3639,#555,.T.);
#4749=EDGE_CURVE('',#3864,#3863,#3232,.T.);
#4750=EDGE_CURVE('',#3864,#3636,#556,.T.);
#4751=EDGE_CURVE('',#3865,#3635,#557,.T.);
#4752=EDGE_CURVE('',#3866,#3865,#3233,.T.);
#4753=EDGE_CURVE('',#3866,#3632,#558,.T.);
#4754=EDGE_CURVE('',#3867,#3631,#559,.T.);
#4755=EDGE_CURVE('',#3868,#3867,#3234,.T.);
#4756=EDGE_CURVE('',#3868,#3628,#560,.T.);
#4757=EDGE_CURVE('',#3869,#3627,#561,.T.);
#4758=EDGE_CURVE('',#3870,#3869,#3235,.T.);
#4759=EDGE_CURVE('',#3870,#3624,#562,.T.);
#4760=EDGE_CURVE('',#3871,#3623,#563,.T.);
#4761=EDGE_CURVE('',#3872,#3871,#3236,.T.);
#4762=EDGE_CURVE('',#3872,#3620,#564,.T.);
#4763=EDGE_CURVE('',#3873,#3619,#565,.T.);
#4764=EDGE_CURVE('',#3874,#3873,#3237,.T.);
#4765=EDGE_CURVE('',#3874,#3616,#566,.T.);
#4766=EDGE_CURVE('',#3875,#3615,#567,.T.);
#4767=EDGE_CURVE('',#3876,#3875,#3238,.T.);
#4768=EDGE_CURVE('',#3876,#3612,#568,.T.);
#4769=EDGE_CURVE('',#3877,#3611,#569,.T.);
#4770=EDGE_CURVE('',#3878,#3877,#3239,.T.);
#4771=EDGE_CURVE('',#3878,#3608,#570,.T.);
#4772=EDGE_CURVE('',#3879,#3607,#571,.T.);
#4773=EDGE_CURVE('',#3880,#3879,#3240,.T.);
#4774=EDGE_CURVE('',#3880,#3604,#572,.T.);
#4775=EDGE_CURVE('',#3881,#3603,#573,.T.);
#4776=EDGE_CURVE('',#3882,#3881,#3241,.T.);
#4777=EDGE_CURVE('',#3882,#3600,#574,.T.);
#4778=EDGE_CURVE('',#3883,#3599,#575,.T.);
#4779=EDGE_CURVE('',#3884,#3883,#3242,.T.);
#4780=EDGE_CURVE('',#3884,#3596,#576,.T.);
#4781=EDGE_CURVE('',#3885,#3595,#577,.T.);
#4782=EDGE_CURVE('',#3886,#3885,#3243,.T.);
#4783=EDGE_CURVE('',#3886,#3592,#578,.T.);
#4784=EDGE_CURVE('',#3887,#3591,#579,.T.);
#4785=EDGE_CURVE('',#3888,#3887,#3244,.T.);
#4786=EDGE_CURVE('',#3888,#3588,#580,.T.);
#4787=EDGE_CURVE('',#3889,#3587,#581,.T.);
#4788=EDGE_CURVE('',#3890,#3889,#3245,.T.);
#4789=EDGE_CURVE('',#3890,#3584,#582,.T.);
#4790=EDGE_CURVE('',#3891,#3583,#583,.T.);
#4791=EDGE_CURVE('',#3892,#3891,#3246,.T.);
#4792=EDGE_CURVE('',#3892,#3580,#584,.T.);
#4793=EDGE_CURVE('',#3893,#3579,#585,.T.);
#4794=EDGE_CURVE('',#3894,#3893,#3247,.T.);
#4795=EDGE_CURVE('',#3894,#3576,#586,.T.);
#4796=EDGE_CURVE('',#3895,#3575,#587,.T.);
#4797=EDGE_CURVE('',#3896,#3895,#3248,.T.);
#4798=EDGE_CURVE('',#3896,#3572,#588,.T.);
#4799=EDGE_CURVE('',#3897,#3571,#589,.T.);
#4800=EDGE_CURVE('',#3898,#3897,#3249,.T.);
#4801=EDGE_CURVE('',#3898,#3568,#590,.T.);
#4802=EDGE_CURVE('',#3899,#3567,#591,.T.);
#4803=EDGE_CURVE('',#3900,#3899,#3250,.T.);
#4804=EDGE_CURVE('',#3900,#3564,#592,.T.);
#4805=EDGE_CURVE('',#3901,#3563,#593,.T.);
#4806=EDGE_CURVE('',#3902,#3901,#3251,.T.);
#4807=EDGE_CURVE('',#3902,#3560,#594,.T.);
#4808=EDGE_CURVE('',#3824,#3559,#595,.T.);
#4809=EDGE_CURVE('',#3391,#3801,#596,.T.);
#4810=EDGE_CURVE('',#3800,#3802,#3252,.T.);
#4811=EDGE_CURVE('',#3773,#3903,#597,.T.);
#4812=EDGE_CURVE('',#3903,#3792,#3253,.T.);
#4813=EDGE_CURVE('',#3791,#3903,#3254,.T.);
#4814=EDGE_CURVE('',#3904,#3904,#3255,.T.);
#4815=EDGE_CURVE('',#3904,#3905,#598,.T.);
#4816=EDGE_CURVE('',#3905,#3905,#3256,.T.);
#4817=EDGE_CURVE('',#3906,#3906,#3257,.T.);
#4818=EDGE_CURVE('',#3906,#3907,#599,.T.);
#4819=EDGE_CURVE('',#3907,#3907,#3258,.T.);
#4820=EDGE_CURVE('',#3418,#3834,#600,.T.);
#4821=EDGE_CURVE('',#3417,#3835,#601,.T.);
#4822=EDGE_CURVE('',#3908,#3909,#602,.T.);
#4823=EDGE_CURVE('',#3909,#3910,#603,.T.);
#4824=EDGE_CURVE('',#3910,#3911,#604,.T.);
#4825=EDGE_CURVE('',#3911,#3908,#605,.T.);
#4826=EDGE_CURVE('',#3912,#3913,#606,.T.);
#4827=EDGE_CURVE('',#3913,#3914,#607,.T.);
#4828=EDGE_CURVE('',#3914,#3915,#608,.T.);
#4829=EDGE_CURVE('',#3915,#3912,#609,.T.);
#4830=EDGE_CURVE('',#3916,#3917,#610,.T.);
#4831=EDGE_CURVE('',#3916,#3918,#611,.T.);
#4832=EDGE_CURVE('',#3918,#3919,#612,.T.);
#4833=EDGE_CURVE('',#3919,#3920,#613,.T.);
#4834=EDGE_CURVE('',#3920,#3921,#614,.T.);
#4835=EDGE_CURVE('',#3921,#3917,#615,.T.);
#4836=EDGE_CURVE('',#3922,#3923,#616,.T.);
#4837=EDGE_CURVE('',#3923,#3924,#617,.T.);
#4838=EDGE_CURVE('',#3924,#3925,#618,.T.);
#4839=EDGE_CURVE('',#3925,#3926,#619,.T.);
#4840=EDGE_CURVE('',#3927,#3926,#620,.T.);
#4841=EDGE_CURVE('',#3927,#3922,#621,.T.);
#4842=EDGE_CURVE('',#3833,#3928,#3259,.T.);
#4843=EDGE_CURVE('',#3928,#3922,#3260,.T.);
#4844=EDGE_CURVE('',#3929,#3927,#622,.T.);
#4845=EDGE_CURVE('',#3929,#3930,#3261,.T.);
#4846=EDGE_CURVE('',#3930,#3931,#623,.T.);
#4847=EDGE_CURVE('',#3931,#3932,#3262,.T.);
#4848=EDGE_CURVE('',#3920,#3932,#624,.T.);
#4849=EDGE_CURVE('',#3919,#3785,#3263,.T.);
#4850=EDGE_CURVE('',#3933,#3929,#625,.T.);
#4851=EDGE_CURVE('',#3933,#3374,#17,.T.);
#4852=EDGE_CURVE('',#3930,#3373,#626,.T.);
#4853=EDGE_CURVE('',#3378,#3923,#3264,.T.);
#4854=EDGE_CURVE('',#3928,#3379,#627,.T.);
#4855=EDGE_CURVE('',#3918,#3367,#3265,.T.);
#4856=EDGE_CURVE('',#3371,#3934,#18,.T.);
#4857=EDGE_CURVE('',#3932,#3934,#628,.T.);
#4858=EDGE_CURVE('',#3372,#3931,#629,.T.);
#4859=EDGE_CURVE('',#3444,#3453,#630,.T.);
#4860=EDGE_CURVE('',#3445,#3452,#631,.T.);
#4861=EDGE_CURVE('',#3935,#3936,#632,.T.);
#4862=EDGE_CURVE('',#3937,#3935,#3266,.T.);
#4863=EDGE_CURVE('',#3936,#3937,#633,.T.);
#4864=EDGE_CURVE('',#3456,#3441,#634,.T.);
#4865=EDGE_CURVE('',#3440,#3457,#635,.T.);
#4866=EDGE_CURVE('',#3938,#3783,#636,.T.);
#4867=EDGE_CURVE('',#3938,#3939,#637,.T.);
#4868=EDGE_CURVE('',#3939,#3784,#638,.T.);
#4869=EDGE_CURVE('',#3940,#3941,#3267,.T.);
#4870=EDGE_CURVE('',#3940,#3811,#639,.T.);
#4871=EDGE_CURVE('',#3810,#3941,#640,.T.);
#4872=EDGE_CURVE('',#3813,#3942,#641,.T.);
#4873=EDGE_CURVE('',#3812,#3943,#642,.T.);
#4874=EDGE_CURVE('',#3942,#3943,#3268,.T.);
#4875=EDGE_CURVE('',#3808,#3944,#643,.T.);
#4876=EDGE_CURVE('',#3945,#3944,#3269,.T.);
#4877=EDGE_CURVE('',#3945,#3809,#644,.T.);
#4878=EDGE_CURVE('',#3806,#3946,#645,.T.);
#4879=EDGE_CURVE('',#3947,#3946,#3270,.T.);
#4880=EDGE_CURVE('',#3947,#3807,#646,.T.);
#4881=EDGE_CURVE('',#3948,#3949,#3271,.T.);
#4882=EDGE_CURVE('',#3948,#3805,#647,.T.);
#4883=EDGE_CURVE('',#3804,#3949,#648,.T.);
#4884=EDGE_CURVE('',#3460,#3437,#649,.T.);
#4885=EDGE_CURVE('',#3436,#3461,#650,.T.);
#4886=EDGE_CURVE('',#3464,#3433,#651,.T.);
#4887=EDGE_CURVE('',#3432,#3465,#652,.T.);
#4888=EDGE_CURVE('',#3468,#3429,#653,.T.);
#4889=EDGE_CURVE('',#3469,#3428,#654,.T.);
#4890=EDGE_CURVE('',#3359,#3771,#3272,.T.);
#4891=EDGE_CURVE('',#3358,#3772,#3273,.F.);
#4892=EDGE_CURVE('',#3787,#3950,#655,.T.);
#4893=EDGE_CURVE('',#3950,#3951,#3274,.T.);
#4894=EDGE_CURVE('',#3951,#3475,#656,.T.);
#4895=EDGE_CURVE('',#3474,#3832,#657,.T.);
#4896=EDGE_CURVE('',#3952,#3831,#658,.T.);
#4897=EDGE_CURVE('',#3953,#3952,#3275,.T.);
#4898=EDGE_CURVE('',#3953,#3954,#659,.T.);
#4899=EDGE_CURVE('',#3955,#3954,#3276,.T.);
#4900=EDGE_CURVE('',#3956,#3955,#660,.T.);
#4901=EDGE_CURVE('',#3957,#3956,#3277,.T.);
#4902=EDGE_CURVE('',#3957,#3958,#661,.T.);
#4903=EDGE_CURVE('',#3959,#3958,#3278,.T.);
#4904=EDGE_CURVE('',#3960,#3959,#662,.T.);
#4905=EDGE_CURVE('',#3961,#3960,#3279,.T.);
#4906=EDGE_CURVE('',#3961,#3962,#663,.T.);
#4907=EDGE_CURVE('',#3963,#3962,#3280,.T.);
#4908=EDGE_CURVE('',#3964,#3963,#664,.T.);
#4909=EDGE_CURVE('',#3965,#3964,#3281,.T.);
#4910=EDGE_CURVE('',#3965,#3966,#665,.T.);
#4911=EDGE_CURVE('',#3967,#3966,#3282,.T.);
#4912=EDGE_CURVE('',#3968,#3967,#666,.T.);
#4913=EDGE_CURVE('',#3969,#3968,#3283,.T.);
#4914=EDGE_CURVE('',#3969,#3970,#667,.T.);
#4915=EDGE_CURVE('',#3971,#3970,#3284,.T.);
#4916=EDGE_CURVE('',#3972,#3971,#668,.T.);
#4917=EDGE_CURVE('',#3973,#3972,#3285,.T.);
#4918=EDGE_CURVE('',#3973,#3974,#669,.T.);
#4919=EDGE_CURVE('',#3975,#3974,#3286,.T.);
#4920=EDGE_CURVE('',#3976,#3975,#670,.T.);
#4921=EDGE_CURVE('',#3977,#3976,#3287,.T.);
#4922=EDGE_CURVE('',#3977,#3978,#671,.T.);
#4923=EDGE_CURVE('',#3979,#3978,#3288,.T.);
#4924=EDGE_CURVE('',#3980,#3979,#672,.T.);
#4925=EDGE_CURVE('',#3981,#3980,#3289,.T.);
#4926=EDGE_CURVE('',#3981,#3982,#673,.T.);
#4927=EDGE_CURVE('',#3983,#3982,#3290,.T.);
#4928=EDGE_CURVE('',#3984,#3983,#674,.T.);
#4929=EDGE_CURVE('',#3984,#3985,#675,.T.);
#4930=EDGE_CURVE('',#3985,#3986,#676,.T.);
#4931=EDGE_CURVE('',#3987,#3986,#677,.T.);
#4932=EDGE_CURVE('',#3987,#3988,#678,.T.);
#4933=EDGE_CURVE('',#3988,#3989,#679,.T.);
#4934=EDGE_CURVE('',#3989,#3990,#680,.T.);
#4935=EDGE_CURVE('',#3990,#3991,#681,.T.);
#4936=EDGE_CURVE('',#3991,#3992,#682,.T.);
#4937=EDGE_CURVE('',#3993,#3992,#683,.T.);
#4938=EDGE_CURVE('',#3993,#3994,#684,.T.);
#4939=EDGE_CURVE('',#3994,#3995,#685,.T.);
#4940=EDGE_CURVE('',#3995,#3996,#686,.T.);
#4941=EDGE_CURVE('',#3997,#3996,#687,.T.);
#4942=EDGE_CURVE('',#3997,#3998,#688,.T.);
#4943=EDGE_CURVE('',#3999,#3998,#689,.T.);
#4944=EDGE_CURVE('',#3999,#4000,#690,.T.);
#4945=EDGE_CURVE('',#4001,#4000,#691,.T.);
#4946=EDGE_CURVE('',#4001,#4002,#692,.T.);
#4947=EDGE_CURVE('',#4002,#4003,#693,.T.);
#4948=EDGE_CURVE('',#4003,#4004,#694,.T.);
#4949=EDGE_CURVE('',#4004,#4005,#695,.T.);
#4950=EDGE_CURVE('',#4005,#3786,#696,.T.);
#4951=EDGE_CURVE('',#4006,#3484,#697,.T.);
#4952=EDGE_CURVE('',#4006,#3446,#698,.T.);
#4953=EDGE_CURVE('',#3451,#4007,#699,.T.);
#4954=EDGE_CURVE('',#4007,#3485,#700,.T.);
#4955=EDGE_CURVE('',#3416,#4008,#701,.T.);
#4956=EDGE_CURVE('',#4008,#4009,#3291,.T.);
#4957=EDGE_CURVE('',#4010,#4009,#702,.T.);
#4958=EDGE_CURVE('',#4010,#4011,#3292,.T.);
#4959=EDGE_CURVE('',#4012,#4011,#703,.T.);
#4960=EDGE_CURVE('',#4013,#4012,#704,.T.);
#4961=EDGE_CURVE('',#4014,#4013,#705,.T.);
#4962=EDGE_CURVE('',#4014,#4015,#706,.T.);
#4963=EDGE_CURVE('',#4016,#4015,#707,.T.);
#4964=EDGE_CURVE('',#4016,#4017,#708,.T.);
#4965=EDGE_CURVE('',#4018,#4017,#709,.T.);
#4966=EDGE_CURVE('',#4019,#4018,#710,.T.);
#4967=EDGE_CURVE('',#4020,#4019,#711,.T.);
#4968=EDGE_CURVE('',#4021,#4020,#712,.T.);
#4969=EDGE_CURVE('',#4022,#4021,#713,.T.);
#4970=EDGE_CURVE('',#4023,#4022,#714,.T.);
#4971=EDGE_CURVE('',#4024,#4023,#715,.T.);
#4972=EDGE_CURVE('',#4025,#4024,#716,.T.);
#4973=EDGE_CURVE('',#4026,#4025,#717,.T.);
#4974=EDGE_CURVE('',#4026,#4027,#718,.T.);
#4975=EDGE_CURVE('',#4028,#4027,#719,.T.);
#4976=EDGE_CURVE('',#4029,#4028,#720,.T.);
#4977=EDGE_CURVE('',#4030,#4029,#721,.T.);
#4978=EDGE_CURVE('',#4031,#4030,#722,.T.);
#4979=EDGE_CURVE('',#4032,#4031,#723,.T.);
#4980=EDGE_CURVE('',#4032,#4033,#724,.T.);
#4981=EDGE_CURVE('',#4033,#4034,#725,.T.);
#4982=EDGE_CURVE('',#4035,#4034,#3293,.T.);
#4983=EDGE_CURVE('',#4036,#4035,#726,.T.);
#4984=EDGE_CURVE('',#4037,#4036,#3294,.T.);
#4985=EDGE_CURVE('',#4037,#4038,#727,.T.);
#4986=EDGE_CURVE('',#4039,#4038,#3295,.T.);
#4987=EDGE_CURVE('',#4040,#4039,#728,.T.);
#4988=EDGE_CURVE('',#4041,#4040,#3296,.T.);
#4989=EDGE_CURVE('',#4041,#4042,#729,.T.);
#4990=EDGE_CURVE('',#4043,#4042,#3297,.T.);
#4991=EDGE_CURVE('',#4044,#4043,#730,.T.);
#4992=EDGE_CURVE('',#4045,#4044,#3298,.T.);
#4993=EDGE_CURVE('',#4045,#4046,#731,.T.);
#4994=EDGE_CURVE('',#4047,#4046,#3299,.T.);
#4995=EDGE_CURVE('',#4048,#4047,#732,.T.);
#4996=EDGE_CURVE('',#4049,#4048,#3300,.T.);
#4997=EDGE_CURVE('',#4049,#4050,#733,.T.);
#4998=EDGE_CURVE('',#4051,#4050,#3301,.T.);
#4999=EDGE_CURVE('',#4052,#4051,#734,.T.);
#5000=EDGE_CURVE('',#4053,#4052,#3302,.T.);
#5001=EDGE_CURVE('',#4053,#4054,#735,.T.);
#5002=EDGE_CURVE('',#4055,#4054,#3303,.T.);
#5003=EDGE_CURVE('',#4056,#4055,#736,.T.);
#5004=EDGE_CURVE('',#4057,#4056,#3304,.T.);
#5005=EDGE_CURVE('',#4057,#4058,#737,.T.);
#5006=EDGE_CURVE('',#4059,#4058,#3305,.T.);
#5007=EDGE_CURVE('',#4060,#4059,#738,.T.);
#5008=EDGE_CURVE('',#4061,#4060,#3306,.T.);
#5009=EDGE_CURVE('',#4061,#4062,#739,.T.);
#5010=EDGE_CURVE('',#4063,#4062,#3307,.T.);
#5011=EDGE_CURVE('',#4064,#4063,#740,.T.);
#5012=EDGE_CURVE('',#4065,#4064,#3308,.T.);
#5013=EDGE_CURVE('',#4065,#3836,#741,.T.);
#5014=EDGE_CURVE('',#3954,#3540,#742,.T.);
#5015=EDGE_CURVE('',#3955,#3539,#743,.T.);
#5016=EDGE_CURVE('',#3958,#3536,#744,.T.);
#5017=EDGE_CURVE('',#3959,#3535,#745,.T.);
#5018=EDGE_CURVE('',#3962,#3532,#746,.T.);
#5019=EDGE_CURVE('',#3963,#3531,#747,.T.);
#5020=EDGE_CURVE('',#3966,#3528,#748,.T.);
#5021=EDGE_CURVE('',#3967,#3527,#749,.T.);
#5022=EDGE_CURVE('',#3970,#3524,#750,.T.);
#5023=EDGE_CURVE('',#3971,#3523,#751,.T.);
#5024=EDGE_CURVE('',#3974,#3520,#752,.T.);
#5025=EDGE_CURVE('',#3975,#3519,#753,.T.);
#5026=EDGE_CURVE('',#3978,#3516,#754,.T.);
#5027=EDGE_CURVE('',#3979,#3515,#755,.T.);
#5028=EDGE_CURVE('',#3982,#3512,#756,.T.);
#5029=EDGE_CURVE('',#3983,#3511,#757,.T.);
#5030=EDGE_CURVE('',#4034,#3724,#758,.T.);
#5031=EDGE_CURVE('',#4035,#3723,#759,.T.);
#5032=EDGE_CURVE('',#4038,#3720,#760,.T.);
#5033=EDGE_CURVE('',#4039,#3719,#761,.T.);
#5034=EDGE_CURVE('',#4042,#3716,#762,.T.);
#5035=EDGE_CURVE('',#4043,#3715,#763,.T.);
#5036=EDGE_CURVE('',#4046,#3712,#764,.T.);
#5037=EDGE_CURVE('',#4047,#3711,#765,.T.);
#5038=EDGE_CURVE('',#4050,#3708,#766,.T.);
#5039=EDGE_CURVE('',#4051,#3707,#767,.T.);
#5040=EDGE_CURVE('',#4054,#3704,#768,.T.);
#5041=EDGE_CURVE('',#4055,#3703,#769,.T.);
#5042=EDGE_CURVE('',#4058,#3700,#770,.T.);
#5043=EDGE_CURVE('',#4059,#3699,#771,.T.);
#5044=EDGE_CURVE('',#4062,#3696,#772,.T.);
#5045=EDGE_CURVE('',#4063,#3695,#773,.T.);
#5046=EDGE_CURVE('',#4066,#3617,#774,.T.);
#5047=EDGE_CURVE('',#4066,#4067,#3309,.T.);
#5048=EDGE_CURVE('',#4067,#3618,#775,.T.);
#5049=EDGE_CURVE('',#4067,#3873,#776,.T.);
#5050=EDGE_CURVE('',#4066,#3874,#777,.T.);
#5051=EDGE_CURVE('',#4068,#3621,#778,.T.);
#5052=EDGE_CURVE('',#4068,#4069,#3310,.T.);
#5053=EDGE_CURVE('',#4069,#3622,#779,.T.);
#5054=EDGE_CURVE('',#4069,#3871,#780,.T.);
#5055=EDGE_CURVE('',#4068,#3872,#781,.T.);
#5056=EDGE_CURVE('',#4070,#3625,#782,.T.);
#5057=EDGE_CURVE('',#4070,#4071,#3311,.T.);
#5058=EDGE_CURVE('',#4071,#3626,#783,.T.);
#5059=EDGE_CURVE('',#4071,#3869,#784,.T.);
#5060=EDGE_CURVE('',#4070,#3870,#785,.T.);
#5061=EDGE_CURVE('',#4072,#3629,#786,.T.);
#5062=EDGE_CURVE('',#4072,#4073,#3312,.T.);
#5063=EDGE_CURVE('',#4073,#3630,#787,.T.);
#5064=EDGE_CURVE('',#4073,#3867,#788,.T.);
#5065=EDGE_CURVE('',#4072,#3868,#789,.T.);
#5066=EDGE_CURVE('',#4074,#3633,#790,.T.);
#5067=EDGE_CURVE('',#4074,#4075,#3313,.T.);
#5068=EDGE_CURVE('',#4075,#3634,#791,.T.);
#5069=EDGE_CURVE('',#4075,#3865,#792,.T.);
#5070=EDGE_CURVE('',#4074,#3866,#793,.T.);
#5071=EDGE_CURVE('',#4076,#3637,#794,.T.);
#5072=EDGE_CURVE('',#4076,#4077,#3314,.T.);
#5073=EDGE_CURVE('',#4077,#3638,#795,.T.);
#5074=EDGE_CURVE('',#4077,#3863,#796,.T.);
#5075=EDGE_CURVE('',#4076,#3864,#797,.T.);
#5076=EDGE_CURVE('',#4078,#3641,#798,.T.);
#5077=EDGE_CURVE('',#4078,#4079,#3315,.T.);
#5078=EDGE_CURVE('',#4079,#3642,#799,.T.);
#5079=EDGE_CURVE('',#4079,#3861,#800,.T.);
#5080=EDGE_CURVE('',#4078,#3862,#801,.T.);
#5081=EDGE_CURVE('',#4080,#3645,#802,.T.);
#5082=EDGE_CURVE('',#4080,#4081,#3316,.T.);
#5083=EDGE_CURVE('',#4081,#3646,#803,.T.);
#5084=EDGE_CURVE('',#4081,#3859,#804,.T.);
#5085=EDGE_CURVE('',#4080,#3860,#805,.T.);
#5086=EDGE_CURVE('',#4082,#3649,#806,.T.);
#5087=EDGE_CURVE('',#4082,#4083,#3317,.T.);
#5088=EDGE_CURVE('',#4083,#3650,#807,.T.);
#5089=EDGE_CURVE('',#4083,#3857,#808,.T.);
#5090=EDGE_CURVE('',#4082,#3858,#809,.T.);
#5091=EDGE_CURVE('',#4084,#3653,#810,.T.);
#5092=EDGE_CURVE('',#4084,#4085,#3318,.T.);
#5093=EDGE_CURVE('',#4085,#3654,#811,.T.);
#5094=EDGE_CURVE('',#4085,#3855,#812,.T.);
#5095=EDGE_CURVE('',#4084,#3856,#813,.T.);
#5096=EDGE_CURVE('',#4086,#3657,#814,.T.);
#5097=EDGE_CURVE('',#4086,#4087,#3319,.T.);
#5098=EDGE_CURVE('',#4087,#3658,#815,.T.);
#5099=EDGE_CURVE('',#4087,#3853,#816,.T.);
#5100=EDGE_CURVE('',#4086,#3854,#817,.T.);
#5101=EDGE_CURVE('',#4088,#3661,#818,.T.);
#5102=EDGE_CURVE('',#4088,#4089,#3320,.T.);
#5103=EDGE_CURVE('',#4089,#3662,#819,.T.);
#5104=EDGE_CURVE('',#4089,#3851,#820,.T.);
#5105=EDGE_CURVE('',#4088,#3852,#821,.T.);
#5106=EDGE_CURVE('',#4090,#3665,#822,.T.);
#5107=EDGE_CURVE('',#4090,#4091,#3321,.T.);
#5108=EDGE_CURVE('',#4091,#3666,#823,.T.);
#5109=EDGE_CURVE('',#4091,#3849,#824,.T.);
#5110=EDGE_CURVE('',#4090,#3850,#825,.T.);
#5111=EDGE_CURVE('',#4092,#3669,#826,.T.);
#5112=EDGE_CURVE('',#4092,#4093,#3322,.T.);
#5113=EDGE_CURVE('',#4093,#3670,#827,.T.);
#5114=EDGE_CURVE('',#4093,#3847,#828,.T.);
#5115=EDGE_CURVE('',#4092,#3848,#829,.T.);
#5116=EDGE_CURVE('',#4094,#3673,#830,.T.);
#5117=EDGE_CURVE('',#4094,#4095,#3323,.T.);
#5118=EDGE_CURVE('',#4095,#3674,#831,.T.);
#5119=EDGE_CURVE('',#4095,#3845,#832,.T.);
#5120=EDGE_CURVE('',#4094,#3846,#833,.T.);
#5121=EDGE_CURVE('',#4096,#3677,#834,.T.);
#5122=EDGE_CURVE('',#4096,#4097,#3324,.T.);
#5123=EDGE_CURVE('',#4097,#3678,#835,.T.);
#5124=EDGE_CURVE('',#4097,#3843,#836,.T.);
#5125=EDGE_CURVE('',#4096,#3844,#837,.T.);
#5126=EDGE_CURVE('',#4098,#3681,#838,.T.);
#5127=EDGE_CURVE('',#4098,#4099,#3325,.T.);
#5128=EDGE_CURVE('',#4099,#3682,#839,.T.);
#5129=EDGE_CURVE('',#4099,#3841,#840,.T.);
#5130=EDGE_CURVE('',#4098,#3842,#841,.T.);
#5131=EDGE_CURVE('',#4100,#3685,#842,.T.);
#5132=EDGE_CURVE('',#4100,#4101,#3326,.T.);
#5133=EDGE_CURVE('',#4101,#3686,#843,.T.);
#5134=EDGE_CURVE('',#4101,#3839,#844,.T.);
#5135=EDGE_CURVE('',#4100,#3840,#845,.T.);
#5136=EDGE_CURVE('',#4102,#3689,#846,.T.);
#5137=EDGE_CURVE('',#4102,#4103,#3327,.T.);
#5138=EDGE_CURVE('',#4103,#3690,#847,.T.);
#5139=EDGE_CURVE('',#4103,#3837,#848,.T.);
#5140=EDGE_CURVE('',#4102,#3838,#849,.T.);
#5141=EDGE_CURVE('',#4065,#3693,#850,.T.);
#5142=EDGE_CURVE('',#4064,#3694,#851,.T.);
#5143=EDGE_CURVE('',#4061,#3697,#852,.T.);
#5144=EDGE_CURVE('',#4060,#3698,#853,.T.);
#5145=EDGE_CURVE('',#4057,#3701,#854,.T.);
#5146=EDGE_CURVE('',#4056,#3702,#855,.T.);
#5147=EDGE_CURVE('',#4053,#3705,#856,.T.);
#5148=EDGE_CURVE('',#4052,#3706,#857,.T.);
#5149=EDGE_CURVE('',#4049,#3709,#858,.T.);
#5150=EDGE_CURVE('',#4048,#3710,#859,.T.);
#5151=EDGE_CURVE('',#4045,#3713,#860,.T.);
#5152=EDGE_CURVE('',#4044,#3714,#861,.T.);
#5153=EDGE_CURVE('',#4041,#3717,#862,.T.);
#5154=EDGE_CURVE('',#4040,#3718,#863,.T.);
#5155=EDGE_CURVE('',#4037,#3721,#864,.T.);
#5156=EDGE_CURVE('',#4036,#3722,#865,.T.);
#5157=EDGE_CURVE('',#4033,#3725,#866,.T.);
#5158=EDGE_CURVE('',#4009,#3483,#867,.T.);
#5159=EDGE_CURVE('',#4010,#3482,#868,.T.);
#5160=EDGE_CURVE('',#3486,#3950,#869,.T.);
#5161=EDGE_CURVE('',#3984,#3510,#870,.T.);
#5162=EDGE_CURVE('',#3981,#3513,#871,.T.);
#5163=EDGE_CURVE('',#3980,#3514,#872,.T.);
#5164=EDGE_CURVE('',#3977,#3517,#873,.T.);
#5165=EDGE_CURVE('',#3976,#3518,#874,.T.);
#5166=EDGE_CURVE('',#3973,#3521,#875,.T.);
#5167=EDGE_CURVE('',#3972,#3522,#876,.T.);
#5168=EDGE_CURVE('',#3969,#3525,#877,.T.);
#5169=EDGE_CURVE('',#3968,#3526,#878,.T.);
#5170=EDGE_CURVE('',#3965,#3529,#879,.T.);
#5171=EDGE_CURVE('',#3964,#3530,#880,.T.);
#5172=EDGE_CURVE('',#3961,#3533,#881,.T.);
#5173=EDGE_CURVE('',#3960,#3534,#882,.T.);
#5174=EDGE_CURVE('',#3957,#3537,#883,.T.);
#5175=EDGE_CURVE('',#3956,#3538,#884,.T.);
#5176=EDGE_CURVE('',#3953,#3541,#885,.T.);
#5177=EDGE_CURVE('',#3952,#3542,#886,.T.);
#5178=EDGE_CURVE('',#4104,#3545,#887,.T.);
#5179=EDGE_CURVE('',#4104,#4105,#3328,.T.);
#5180=EDGE_CURVE('',#4105,#3546,#888,.T.);
#5181=EDGE_CURVE('',#4105,#3829,#889,.T.);
#5182=EDGE_CURVE('',#4104,#3830,#890,.T.);
#5183=EDGE_CURVE('',#4106,#3549,#891,.T.);
#5184=EDGE_CURVE('',#4106,#4107,#3329,.T.);
#5185=EDGE_CURVE('',#4107,#3550,#892,.T.);
#5186=EDGE_CURVE('',#4107,#3827,#893,.T.);
#5187=EDGE_CURVE('',#4106,#3828,#894,.T.);
#5188=EDGE_CURVE('',#4108,#3553,#895,.T.);
#5189=EDGE_CURVE('',#4108,#4109,#3330,.T.);
#5190=EDGE_CURVE('',#4109,#3554,#896,.T.);
#5191=EDGE_CURVE('',#4109,#3825,#897,.T.);
#5192=EDGE_CURVE('',#4108,#3826,#898,.T.);
#5193=EDGE_CURVE('',#4110,#3557,#899,.T.);
#5194=EDGE_CURVE('',#4110,#4111,#3331,.T.);
#5195=EDGE_CURVE('',#4111,#3558,#900,.T.);
#5196=EDGE_CURVE('',#4111,#3824,#901,.T.);
#5197=EDGE_CURVE('',#4110,#3823,#902,.T.);
#5198=EDGE_CURVE('',#4112,#3561,#903,.T.);
#5199=EDGE_CURVE('',#4112,#4113,#3332,.T.);
#5200=EDGE_CURVE('',#4113,#3562,#904,.T.);
#5201=EDGE_CURVE('',#4113,#3901,#905,.T.);
#5202=EDGE_CURVE('',#4112,#3902,#906,.T.);
#5203=EDGE_CURVE('',#4114,#3565,#907,.T.);
#5204=EDGE_CURVE('',#4114,#4115,#3333,.T.);
#5205=EDGE_CURVE('',#4115,#3566,#908,.T.);
#5206=EDGE_CURVE('',#4115,#3899,#909,.T.);
#5207=EDGE_CURVE('',#4114,#3900,#910,.T.);
#5208=EDGE_CURVE('',#4116,#3569,#911,.T.);
#5209=EDGE_CURVE('',#4116,#4117,#3334,.T.);
#5210=EDGE_CURVE('',#4117,#3570,#912,.T.);
#5211=EDGE_CURVE('',#4117,#3897,#913,.T.);
#5212=EDGE_CURVE('',#4116,#3898,#914,.T.);
#5213=EDGE_CURVE('',#4118,#3573,#915,.T.);
#5214=EDGE_CURVE('',#4118,#4119,#3335,.T.);
#5215=EDGE_CURVE('',#4119,#3574,#916,.T.);
#5216=EDGE_CURVE('',#4119,#3895,#917,.T.);
#5217=EDGE_CURVE('',#4118,#3896,#918,.T.);
#5218=EDGE_CURVE('',#4120,#3577,#919,.T.);
#5219=EDGE_CURVE('',#4120,#4121,#3336,.T.);
#5220=EDGE_CURVE('',#4121,#3578,#920,.T.);
#5221=EDGE_CURVE('',#4121,#3893,#921,.T.);
#5222=EDGE_CURVE('',#4120,#3894,#922,.T.);
#5223=EDGE_CURVE('',#4122,#3581,#923,.T.);
#5224=EDGE_CURVE('',#4122,#4123,#3337,.T.);
#5225=EDGE_CURVE('',#4123,#3582,#924,.T.);
#5226=EDGE_CURVE('',#4123,#3891,#925,.T.);
#5227=EDGE_CURVE('',#4122,#3892,#926,.T.);
#5228=EDGE_CURVE('',#4124,#3585,#927,.T.);
#5229=EDGE_CURVE('',#4124,#4125,#3338,.T.);
#5230=EDGE_CURVE('',#4125,#3586,#928,.T.);
#5231=EDGE_CURVE('',#4125,#3889,#929,.T.);
#5232=EDGE_CURVE('',#4124,#3890,#930,.T.);
#5233=EDGE_CURVE('',#4126,#3589,#931,.T.);
#5234=EDGE_CURVE('',#4126,#4127,#3339,.T.);
#5235=EDGE_CURVE('',#4127,#3590,#932,.T.);
#5236=EDGE_CURVE('',#4127,#3887,#933,.T.);
#5237=EDGE_CURVE('',#4126,#3888,#934,.T.);
#5238=EDGE_CURVE('',#4128,#3593,#935,.T.);
#5239=EDGE_CURVE('',#4128,#4129,#3340,.T.);
#5240=EDGE_CURVE('',#4129,#3594,#936,.T.);
#5241=EDGE_CURVE('',#4129,#3885,#937,.T.);
#5242=EDGE_CURVE('',#4128,#3886,#938,.T.);
#5243=EDGE_CURVE('',#4130,#3597,#939,.T.);
#5244=EDGE_CURVE('',#4130,#4131,#3341,.T.);
#5245=EDGE_CURVE('',#4131,#3598,#940,.T.);
#5246=EDGE_CURVE('',#4131,#3883,#941,.T.);
#5247=EDGE_CURVE('',#4130,#3884,#942,.T.);
#5248=EDGE_CURVE('',#4132,#3601,#943,.T.);
#5249=EDGE_CURVE('',#4132,#4133,#3342,.T.);
#5250=EDGE_CURVE('',#4133,#3602,#944,.T.);
#5251=EDGE_CURVE('',#4133,#3881,#945,.T.);
#5252=EDGE_CURVE('',#4132,#3882,#946,.T.);
#5253=EDGE_CURVE('',#4134,#3605,#947,.T.);
#5254=EDGE_CURVE('',#4134,#4135,#3343,.T.);
#5255=EDGE_CURVE('',#4135,#3606,#948,.T.);
#5256=EDGE_CURVE('',#4135,#3879,#949,.T.);
#5257=EDGE_CURVE('',#4134,#3880,#950,.T.);
#5258=EDGE_CURVE('',#4136,#3609,#951,.T.);
#5259=EDGE_CURVE('',#4136,#4137,#3344,.T.);
#5260=EDGE_CURVE('',#4137,#3610,#952,.T.);
#5261=EDGE_CURVE('',#4137,#3877,#953,.T.);
#5262=EDGE_CURVE('',#4136,#3878,#954,.T.);
#5263=EDGE_CURVE('',#4138,#3613,#955,.T.);
#5264=EDGE_CURVE('',#4138,#4139,#3345,.T.);
#5265=EDGE_CURVE('',#4139,#3614,#956,.T.);
#5266=EDGE_CURVE('',#4139,#3875,#957,.T.);
#5267=EDGE_CURVE('',#4138,#3876,#958,.T.);
#5268=EDGE_CURVE('',#4001,#3493,#959,.T.);
#5269=EDGE_CURVE('',#4000,#3494,#960,.T.);
#5270=EDGE_CURVE('',#3999,#3495,#961,.T.);
#5271=EDGE_CURVE('',#3998,#3496,#962,.T.);
#5272=EDGE_CURVE('',#3997,#3497,#963,.T.);
#5273=EDGE_CURVE('',#3996,#3498,#964,.T.);
#5274=EDGE_CURVE('',#3995,#3499,#965,.T.);
#5275=EDGE_CURVE('',#3994,#3500,#966,.T.);
#5276=EDGE_CURVE('',#3993,#3501,#967,.T.);
#5277=EDGE_CURVE('',#3992,#3502,#968,.T.);
#5278=EDGE_CURVE('',#3991,#3503,#969,.T.);
#5279=EDGE_CURVE('',#3990,#3504,#970,.T.);
#5280=EDGE_CURVE('',#3989,#3505,#971,.T.);
#5281=EDGE_CURVE('',#3988,#3506,#972,.T.);
#5282=EDGE_CURVE('',#3987,#3507,#973,.T.);
#5283=EDGE_CURVE('',#3986,#3508,#974,.T.);
#5284=EDGE_CURVE('',#3985,#3509,#975,.T.);
#5285=EDGE_CURVE('',#4005,#3489,#976,.T.);
#5286=EDGE_CURVE('',#4004,#3490,#977,.T.);
#5287=EDGE_CURVE('',#4003,#3491,#978,.T.);
#5288=EDGE_CURVE('',#4002,#3492,#979,.T.);
#5289=EDGE_CURVE('',#4016,#3742,#980,.T.);
#5290=EDGE_CURVE('',#4015,#3743,#981,.T.);
#5291=EDGE_CURVE('',#4014,#3744,#982,.T.);
#5292=EDGE_CURVE('',#4013,#3745,#983,.T.);
#5293=EDGE_CURVE('',#4012,#3480,#984,.T.);
#5294=EDGE_CURVE('',#4011,#3481,#985,.T.);
#5295=EDGE_CURVE('',#4032,#3726,#986,.T.);
#5296=EDGE_CURVE('',#4031,#3727,#987,.T.);
#5297=EDGE_CURVE('',#4030,#3728,#988,.T.);
#5298=EDGE_CURVE('',#4029,#3729,#989,.T.);
#5299=EDGE_CURVE('',#4028,#3730,#990,.T.);
#5300=EDGE_CURVE('',#4027,#3731,#991,.T.);
#5301=EDGE_CURVE('',#4026,#3732,#992,.T.);
#5302=EDGE_CURVE('',#4025,#3733,#993,.T.);
#5303=EDGE_CURVE('',#4024,#3734,#994,.T.);
#5304=EDGE_CURVE('',#4023,#3735,#995,.T.);
#5305=EDGE_CURVE('',#4022,#3736,#996,.T.);
#5306=EDGE_CURVE('',#4021,#3737,#997,.T.);
#5307=EDGE_CURVE('',#4020,#3738,#998,.T.);
#5308=EDGE_CURVE('',#4019,#3739,#999,.T.);
#5309=EDGE_CURVE('',#4018,#3740,#1000,.T.);
#5310=EDGE_CURVE('',#4017,#3741,#1001,.T.);
#5311=EDGE_CURVE('',#3939,#3768,#1002,.T.);
#5312=EDGE_CURVE('',#3769,#3361,#3346,.T.);
#5313=EDGE_CURVE('',#3938,#3362,#1003,.T.);
#5314=EDGE_CURVE('',#3770,#3360,#3347,.T.);
#5315=EDGE_CURVE('',#3470,#3942,#1004,.T.);
#5316=EDGE_CURVE('',#3471,#3943,#1005,.T.);
#5317=EDGE_CURVE('',#3466,#3940,#1006,.T.);
#5318=EDGE_CURVE('',#3467,#3941,#1007,.T.);
#5319=EDGE_CURVE('',#3463,#3944,#1008,.T.);
#5320=EDGE_CURVE('',#3462,#3945,#1009,.T.);
#5321=EDGE_CURVE('',#3459,#3946,#1010,.T.);
#5322=EDGE_CURVE('',#3458,#3947,#1011,.T.);
#5323=EDGE_CURVE('',#3454,#3948,#1012,.T.);
#5324=EDGE_CURVE('',#3455,#3949,#1013,.T.);
#5325=EDGE_CURVE('',#4006,#4008,#281,.T.);
#5326=EDGE_CURVE('',#3951,#4007,#282,.T.);
#5327=EDGE_CURVE('',#3751,#3394,#1014,.T.);
#5328=EDGE_CURVE('',#3750,#3393,#1015,.T.);
#5329=EDGE_CURVE('',#3757,#3395,#1016,.T.);
#5330=EDGE_CURVE('',#3756,#3396,#1017,.T.);
#5331=EDGE_CURVE('',#3755,#3397,#1018,.T.);
#5332=EDGE_CURVE('',#3752,#3392,#1019,.T.);
#5333=EDGE_CURVE('',#3746,#3402,#1020,.T.);
#5334=EDGE_CURVE('',#3749,#3403,#1021,.T.);
#5335=EDGE_CURVE('',#4140,#3936,#1022,.T.);
#5336=EDGE_CURVE('',#4141,#4140,#1023,.T.);
#5337=EDGE_CURVE('',#4141,#3935,#1024,.T.);
#5338=EDGE_CURVE('',#4142,#4141,#3348,.T.);
#5339=EDGE_CURVE('',#4142,#3937,#1025,.T.);
#5340=EDGE_CURVE('',#4140,#4142,#1026,.T.);
#5341=EDGE_CURVE('',#4143,#4144,#1027,.T.);
#5342=EDGE_CURVE('',#4143,#4145,#1028,.T.);
#5343=EDGE_CURVE('',#4145,#4146,#1029,.T.);
#5344=EDGE_CURVE('',#4146,#4144,#1030,.T.);
#5345=EDGE_CURVE('',#4145,#3916,#1031,.T.);
#5346=EDGE_CURVE('',#4147,#3917,#1032,.T.);
#5347=EDGE_CURVE('',#4147,#4148,#1033,.T.);
#5348=EDGE_CURVE('',#4149,#4148,#1034,.T.);
#5349=EDGE_CURVE('',#4149,#4146,#3349,.T.);
#5350=EDGE_CURVE('',#3934,#4143,#1035,.T.);
#5351=EDGE_CURVE('',#4144,#4150,#3350,.T.);
#5352=EDGE_CURVE('',#4151,#4150,#1036,.T.);
#5353=EDGE_CURVE('',#4151,#4152,#1037,.T.);
#5354=EDGE_CURVE('',#4152,#3921,#1038,.T.);
#5355=EDGE_CURVE('',#4148,#4151,#1039,.T.);
#5356=EDGE_CURVE('',#4150,#4149,#1040,.T.);
#5357=EDGE_CURVE('',#3924,#4153,#1041,.T.);
#5358=EDGE_CURVE('',#4153,#4154,#1042,.T.);
#5359=EDGE_CURVE('',#4154,#4155,#3351,.T.);
#5360=EDGE_CURVE('',#4156,#4155,#1043,.T.);
#5361=EDGE_CURVE('',#4156,#4157,#1044,.T.);
#5362=EDGE_CURVE('',#4157,#3925,#1045,.T.);
#5363=EDGE_CURVE('',#4153,#4158,#1046,.T.);
#5364=EDGE_CURVE('',#4158,#4159,#1047,.T.);
#5365=EDGE_CURVE('',#4159,#4154,#1048,.T.);
#5366=EDGE_CURVE('',#4158,#3933,#1049,.T.);
#5367=EDGE_CURVE('',#4160,#3926,#1050,.T.);
#5368=EDGE_CURVE('',#4160,#4161,#1051,.T.);
#5369=EDGE_CURVE('',#4162,#4161,#1052,.T.);
#5370=EDGE_CURVE('',#4162,#4159,#3352,.T.);
#5371=EDGE_CURVE('',#4161,#4156,#1053,.T.);
#5372=EDGE_CURVE('',#4155,#4162,#1054,.T.);
#5373=EDGE_CURVE('',#4157,#4160,#1055,.T.);
#5374=EDGE_CURVE('',#4152,#4147,#1056,.T.);
#5375=EDGE_CURVE('',#3368,#3916,#1057,.T.);
#5376=EDGE_CURVE('',#3369,#4145,#1058,.T.);
#5377=EDGE_CURVE('',#3370,#4143,#1059,.T.);
#5378=EDGE_CURVE('',#3924,#3377,#1060,.T.);
#5379=EDGE_CURVE('',#4153,#3376,#1061,.T.);
#5380=EDGE_CURVE('',#4158,#3375,#1062,.T.);
#5381=EDGE_CURVE('',#4151,#3908,#1063,.T.);
#5382=EDGE_CURVE('',#3909,#4148,#1064,.T.);
#5383=EDGE_CURVE('',#3910,#4147,#1065,.T.);
#5384=EDGE_CURVE('',#4152,#3911,#1066,.T.);
#5385=EDGE_CURVE('',#4161,#3915,#1067,.T.);
#5386=EDGE_CURVE('',#3912,#4160,#1068,.T.);
#5387=EDGE_CURVE('',#3913,#4157,#1069,.T.);
#5388=EDGE_CURVE('',#4156,#3914,#1070,.T.);
#5389=ORIENTED_EDGE('',*,*,#4163,.T.);
#5390=ORIENTED_EDGE('',*,*,#4164,.T.);
#5391=ORIENTED_EDGE('',*,*,#4165,.T.);
#5392=ORIENTED_EDGE('',*,*,#4166,.T.);
#5393=ORIENTED_EDGE('',*,*,#4163,.F.);
#5394=ORIENTED_EDGE('',*,*,#4167,.T.);
#5395=ORIENTED_EDGE('',*,*,#4168,.T.);
#5396=ORIENTED_EDGE('',*,*,#4169,.T.);
#5397=ORIENTED_EDGE('',*,*,#4170,.F.);
#5398=ORIENTED_EDGE('',*,*,#4171,.T.);
#5399=ORIENTED_EDGE('',*,*,#4172,.F.);
#5400=ORIENTED_EDGE('',*,*,#4173,.T.);
#5401=ORIENTED_EDGE('',*,*,#4174,.F.);
#5402=ORIENTED_EDGE('',*,*,#4175,.F.);
#5403=ORIENTED_EDGE('',*,*,#4176,.T.);
#5404=ORIENTED_EDGE('',*,*,#4177,.T.);
#5405=ORIENTED_EDGE('',*,*,#4178,.T.);
#5406=ORIENTED_EDGE('',*,*,#4179,.T.);
#5407=ORIENTED_EDGE('',*,*,#4180,.T.);
#5408=ORIENTED_EDGE('',*,*,#4181,.T.);
#5409=ORIENTED_EDGE('',*,*,#4182,.T.);
#5410=ORIENTED_EDGE('',*,*,#4183,.F.);
#5411=ORIENTED_EDGE('',*,*,#4184,.T.);
#5412=ORIENTED_EDGE('',*,*,#4185,.T.);
#5413=ORIENTED_EDGE('',*,*,#4186,.T.);
#5414=ORIENTED_EDGE('',*,*,#4187,.T.);
#5415=ORIENTED_EDGE('',*,*,#4188,.T.);
#5416=ORIENTED_EDGE('',*,*,#4189,.T.);
#5417=ORIENTED_EDGE('',*,*,#4190,.T.);
#5418=ORIENTED_EDGE('',*,*,#4191,.F.);
#5419=ORIENTED_EDGE('',*,*,#4192,.F.);
#5420=ORIENTED_EDGE('',*,*,#4193,.T.);
#5421=ORIENTED_EDGE('',*,*,#4194,.F.);
#5422=ORIENTED_EDGE('',*,*,#4195,.F.);
#5423=ORIENTED_EDGE('',*,*,#4196,.F.);
#5424=ORIENTED_EDGE('',*,*,#4197,.T.);
#5425=ORIENTED_EDGE('',*,*,#4198,.T.);
#5426=ORIENTED_EDGE('',*,*,#4199,.T.);
#5427=ORIENTED_EDGE('',*,*,#4200,.T.);
#5428=ORIENTED_EDGE('',*,*,#4201,.T.);
#5429=ORIENTED_EDGE('',*,*,#4202,.T.);
#5430=ORIENTED_EDGE('',*,*,#4203,.T.);
#5431=ORIENTED_EDGE('',*,*,#4204,.F.);
#5432=ORIENTED_EDGE('',*,*,#4205,.F.);
#5433=ORIENTED_EDGE('',*,*,#4206,.T.);
#5434=ORIENTED_EDGE('',*,*,#4207,.F.);
#5435=ORIENTED_EDGE('',*,*,#4208,.F.);
#5436=ORIENTED_EDGE('',*,*,#4209,.T.);
#5437=ORIENTED_EDGE('',*,*,#4210,.T.);
#5438=ORIENTED_EDGE('',*,*,#4211,.T.);
#5439=ORIENTED_EDGE('',*,*,#4212,.T.);
#5440=ORIENTED_EDGE('',*,*,#4213,.F.);
#5441=ORIENTED_EDGE('',*,*,#4214,.F.);
#5442=ORIENTED_EDGE('',*,*,#4166,.F.);
#5443=ORIENTED_EDGE('',*,*,#4215,.F.);
#5444=ORIENTED_EDGE('',*,*,#4216,.F.);
#5445=ORIENTED_EDGE('',*,*,#4167,.F.);
#5446=ORIENTED_EDGE('',*,*,#4164,.F.);
#5447=ORIENTED_EDGE('',*,*,#4195,.T.);
#5448=ORIENTED_EDGE('',*,*,#4217,.F.);
#5449=ORIENTED_EDGE('',*,*,#4218,.F.);
#5450=ORIENTED_EDGE('',*,*,#4219,.F.);
#5451=ORIENTED_EDGE('',*,*,#4220,.F.);
#5452=ORIENTED_EDGE('',*,*,#4221,.F.);
#5453=ORIENTED_EDGE('',*,*,#4222,.T.);
#5454=ORIENTED_EDGE('',*,*,#4223,.T.);
#5455=ORIENTED_EDGE('',*,*,#4221,.T.);
#5456=ORIENTED_EDGE('',*,*,#4224,.T.);
#5457=ORIENTED_EDGE('',*,*,#4225,.T.);
#5458=ORIENTED_EDGE('',*,*,#4224,.F.);
#5459=ORIENTED_EDGE('',*,*,#4220,.T.);
#5460=ORIENTED_EDGE('',*,*,#4226,.T.);
#5461=ORIENTED_EDGE('',*,*,#4227,.T.);
#5462=ORIENTED_EDGE('',*,*,#4228,.T.);
#5463=ORIENTED_EDGE('',*,*,#4229,.T.);
#5464=ORIENTED_EDGE('',*,*,#4226,.F.);
#5465=ORIENTED_EDGE('',*,*,#4219,.T.);
#5466=ORIENTED_EDGE('',*,*,#4230,.T.);
#5467=ORIENTED_EDGE('',*,*,#4231,.T.);
#5468=ORIENTED_EDGE('',*,*,#4228,.F.);
#5469=ORIENTED_EDGE('',*,*,#4218,.T.);
#5470=ORIENTED_EDGE('',*,*,#4194,.T.);
#5471=ORIENTED_EDGE('',*,*,#4232,.T.);
#5472=ORIENTED_EDGE('',*,*,#4230,.F.);
#5473=ORIENTED_EDGE('',*,*,#4217,.T.);
#5474=ORIENTED_EDGE('',*,*,#4225,.F.);
#5475=ORIENTED_EDGE('',*,*,#4233,.T.);
#5476=ORIENTED_EDGE('',*,*,#4234,.T.);
#5477=ORIENTED_EDGE('',*,*,#4235,.F.);
#5478=ORIENTED_EDGE('',*,*,#4236,.T.);
#5479=ORIENTED_EDGE('',*,*,#4237,.T.);
#5480=ORIENTED_EDGE('',*,*,#4238,.F.);
#5481=ORIENTED_EDGE('',*,*,#4239,.F.);
#5482=ORIENTED_EDGE('',*,*,#4240,.F.);
#5483=ORIENTED_EDGE('',*,*,#4241,.F.);
#5484=ORIENTED_EDGE('',*,*,#4242,.F.);
#5485=ORIENTED_EDGE('',*,*,#4243,.T.);
#5486=ORIENTED_EDGE('',*,*,#4227,.F.);
#5487=ORIENTED_EDGE('',*,*,#4244,.F.);
#5488=ORIENTED_EDGE('',*,*,#4245,.T.);
#5489=ORIENTED_EDGE('',*,*,#4246,.F.);
#5490=ORIENTED_EDGE('',*,*,#4247,.F.);
#5491=ORIENTED_EDGE('',*,*,#4248,.F.);
#5492=ORIENTED_EDGE('',*,*,#4249,.T.);
#5493=ORIENTED_EDGE('',*,*,#4250,.F.);
#5494=ORIENTED_EDGE('',*,*,#4251,.T.);
#5495=ORIENTED_EDGE('',*,*,#4252,.F.);
#5496=ORIENTED_EDGE('',*,*,#4253,.T.);
#5497=ORIENTED_EDGE('',*,*,#4254,.F.);
#5498=ORIENTED_EDGE('',*,*,#4255,.T.);
#5499=ORIENTED_EDGE('',*,*,#4256,.F.);
#5500=ORIENTED_EDGE('',*,*,#4257,.T.);
#5501=ORIENTED_EDGE('',*,*,#4258,.F.);
#5502=ORIENTED_EDGE('',*,*,#4259,.T.);
#5503=ORIENTED_EDGE('',*,*,#4260,.F.);
#5504=ORIENTED_EDGE('',*,*,#4261,.T.);
#5505=ORIENTED_EDGE('',*,*,#4262,.F.);
#5506=ORIENTED_EDGE('',*,*,#4263,.T.);
#5507=ORIENTED_EDGE('',*,*,#4264,.F.);
#5508=ORIENTED_EDGE('',*,*,#4265,.F.);
#5509=ORIENTED_EDGE('',*,*,#4266,.T.);
#5510=ORIENTED_EDGE('',*,*,#4233,.F.);
#5511=ORIENTED_EDGE('',*,*,#4267,.F.);
#5512=ORIENTED_EDGE('',*,*,#4268,.F.);
#5513=ORIENTED_EDGE('',*,*,#4229,.F.);
#5514=ORIENTED_EDGE('',*,*,#4269,.T.);
#5515=ORIENTED_EDGE('',*,*,#4270,.T.);
#5516=ORIENTED_EDGE('',*,*,#4244,.T.);
#5517=ORIENTED_EDGE('',*,*,#4231,.F.);
#5518=ORIENTED_EDGE('',*,*,#4271,.F.);
#5519=ORIENTED_EDGE('',*,*,#4272,.T.);
#5520=ORIENTED_EDGE('',*,*,#4273,.F.);
#5521=ORIENTED_EDGE('',*,*,#4274,.F.);
#5522=ORIENTED_EDGE('',*,*,#4275,.T.);
#5523=ORIENTED_EDGE('',*,*,#4276,.F.);
#5524=ORIENTED_EDGE('',*,*,#4277,.T.);
#5525=ORIENTED_EDGE('',*,*,#4278,.F.);
#5526=ORIENTED_EDGE('',*,*,#4279,.T.);
#5527=ORIENTED_EDGE('',*,*,#4280,.F.);
#5528=ORIENTED_EDGE('',*,*,#4281,.T.);
#5529=ORIENTED_EDGE('',*,*,#4282,.F.);
#5530=ORIENTED_EDGE('',*,*,#4283,.T.);
#5531=ORIENTED_EDGE('',*,*,#4284,.F.);
#5532=ORIENTED_EDGE('',*,*,#4285,.T.);
#5533=ORIENTED_EDGE('',*,*,#4286,.F.);
#5534=ORIENTED_EDGE('',*,*,#4287,.T.);
#5535=ORIENTED_EDGE('',*,*,#4288,.F.);
#5536=ORIENTED_EDGE('',*,*,#4289,.T.);
#5537=ORIENTED_EDGE('',*,*,#4290,.F.);
#5538=ORIENTED_EDGE('',*,*,#4291,.F.);
#5539=ORIENTED_EDGE('',*,*,#4292,.F.);
#5540=ORIENTED_EDGE('',*,*,#4293,.T.);
#5541=ORIENTED_EDGE('',*,*,#4269,.F.);
#5542=ORIENTED_EDGE('',*,*,#4294,.F.);
#5543=ORIENTED_EDGE('',*,*,#4295,.F.);
#5544=ORIENTED_EDGE('',*,*,#4232,.F.);
#5545=ORIENTED_EDGE('',*,*,#4193,.F.);
#5546=ORIENTED_EDGE('',*,*,#4296,.F.);
#5547=ORIENTED_EDGE('',*,*,#4297,.T.);
#5548=ORIENTED_EDGE('',*,*,#4298,.T.);
#5549=ORIENTED_EDGE('',*,*,#4271,.T.);
#5550=ORIENTED_EDGE('',*,*,#4196,.T.);
#5551=ORIENTED_EDGE('',*,*,#4299,.T.);
#5552=ORIENTED_EDGE('',*,*,#4300,.T.);
#5553=ORIENTED_EDGE('',*,*,#4301,.T.);
#5554=ORIENTED_EDGE('',*,*,#4299,.F.);
#5555=ORIENTED_EDGE('',*,*,#4302,.F.);
#5556=ORIENTED_EDGE('',*,*,#4303,.T.);
#5557=ORIENTED_EDGE('',*,*,#4300,.F.);
#5558=ORIENTED_EDGE('',*,*,#4301,.F.);
#5559=ORIENTED_EDGE('',*,*,#4303,.F.);
#5560=ORIENTED_EDGE('',*,*,#4304,.T.);
#5561=ORIENTED_EDGE('',*,*,#4305,.T.);
#5562=ORIENTED_EDGE('',*,*,#4302,.T.);
#5563=ORIENTED_EDGE('',*,*,#4305,.F.);
#5564=ORIENTED_EDGE('',*,*,#4306,.T.);
#5565=ORIENTED_EDGE('',*,*,#4307,.T.);
#5566=ORIENTED_EDGE('',*,*,#4308,.T.);
#5567=ORIENTED_EDGE('',*,*,#4309,.T.);
#5568=ORIENTED_EDGE('',*,*,#4310,.T.);
#5569=ORIENTED_EDGE('',*,*,#4311,.T.);
#5570=ORIENTED_EDGE('',*,*,#4312,.F.);
#5571=ORIENTED_EDGE('',*,*,#4313,.T.);
#5572=ORIENTED_EDGE('',*,*,#4314,.F.);
#5573=ORIENTED_EDGE('',*,*,#4315,.F.);
#5574=ORIENTED_EDGE('',*,*,#4316,.F.);
#5575=ORIENTED_EDGE('',*,*,#4317,.F.);
#5576=ORIENTED_EDGE('',*,*,#4318,.F.);
#5577=ORIENTED_EDGE('',*,*,#4319,.T.);
#5578=ORIENTED_EDGE('',*,*,#4320,.F.);
#5579=ORIENTED_EDGE('',*,*,#4321,.T.);
#5580=ORIENTED_EDGE('',*,*,#4322,.F.);
#5581=ORIENTED_EDGE('',*,*,#4323,.T.);
#5582=ORIENTED_EDGE('',*,*,#4324,.F.);
#5583=ORIENTED_EDGE('',*,*,#4325,.F.);
#5584=ORIENTED_EDGE('',*,*,#4326,.F.);
#5585=ORIENTED_EDGE('',*,*,#4327,.T.);
#5586=ORIENTED_EDGE('',*,*,#4328,.F.);
#5587=ORIENTED_EDGE('',*,*,#4329,.F.);
#5588=ORIENTED_EDGE('',*,*,#4330,.F.);
#5589=ORIENTED_EDGE('',*,*,#4331,.F.);
#5590=ORIENTED_EDGE('',*,*,#4332,.F.);
#5591=ORIENTED_EDGE('',*,*,#4333,.T.);
#5592=ORIENTED_EDGE('',*,*,#4334,.F.);
#5593=ORIENTED_EDGE('',*,*,#4335,.F.);
#5594=ORIENTED_EDGE('',*,*,#4336,.T.);
#5595=ORIENTED_EDGE('',*,*,#4337,.T.);
#5596=ORIENTED_EDGE('',*,*,#4338,.F.);
#5597=ORIENTED_EDGE('',*,*,#4339,.T.);
#5598=ORIENTED_EDGE('',*,*,#4340,.T.);
#5599=ORIENTED_EDGE('',*,*,#4341,.T.);
#5600=ORIENTED_EDGE('',*,*,#4342,.F.);
#5601=ORIENTED_EDGE('',*,*,#4343,.T.);
#5602=ORIENTED_EDGE('',*,*,#4344,.T.);
#5603=ORIENTED_EDGE('',*,*,#4345,.T.);
#5604=ORIENTED_EDGE('',*,*,#4346,.F.);
#5605=ORIENTED_EDGE('',*,*,#4347,.T.);
#5606=ORIENTED_EDGE('',*,*,#4348,.T.);
#5607=ORIENTED_EDGE('',*,*,#4349,.T.);
#5608=ORIENTED_EDGE('',*,*,#4350,.F.);
#5609=ORIENTED_EDGE('',*,*,#4351,.T.);
#5610=ORIENTED_EDGE('',*,*,#4352,.T.);
#5611=ORIENTED_EDGE('',*,*,#4353,.T.);
#5612=ORIENTED_EDGE('',*,*,#4354,.F.);
#5613=ORIENTED_EDGE('',*,*,#4355,.T.);
#5614=ORIENTED_EDGE('',*,*,#4356,.T.);
#5615=ORIENTED_EDGE('',*,*,#4357,.T.);
#5616=ORIENTED_EDGE('',*,*,#4358,.F.);
#5617=ORIENTED_EDGE('',*,*,#4359,.T.);
#5618=ORIENTED_EDGE('',*,*,#4360,.T.);
#5619=ORIENTED_EDGE('',*,*,#4361,.T.);
#5620=ORIENTED_EDGE('',*,*,#4362,.F.);
#5621=ORIENTED_EDGE('',*,*,#4363,.T.);
#5622=ORIENTED_EDGE('',*,*,#4364,.T.);
#5623=ORIENTED_EDGE('',*,*,#4365,.T.);
#5624=ORIENTED_EDGE('',*,*,#4366,.F.);
#5625=ORIENTED_EDGE('',*,*,#4367,.T.);
#5626=ORIENTED_EDGE('',*,*,#4368,.T.);
#5627=ORIENTED_EDGE('',*,*,#4369,.T.);
#5628=ORIENTED_EDGE('',*,*,#4370,.F.);
#5629=ORIENTED_EDGE('',*,*,#4371,.T.);
#5630=ORIENTED_EDGE('',*,*,#4372,.T.);
#5631=ORIENTED_EDGE('',*,*,#4373,.T.);
#5632=ORIENTED_EDGE('',*,*,#4374,.F.);
#5633=ORIENTED_EDGE('',*,*,#4375,.T.);
#5634=ORIENTED_EDGE('',*,*,#4376,.T.);
#5635=ORIENTED_EDGE('',*,*,#4377,.T.);
#5636=ORIENTED_EDGE('',*,*,#4378,.F.);
#5637=ORIENTED_EDGE('',*,*,#4379,.T.);
#5638=ORIENTED_EDGE('',*,*,#4380,.T.);
#5639=ORIENTED_EDGE('',*,*,#4381,.T.);
#5640=ORIENTED_EDGE('',*,*,#4382,.F.);
#5641=ORIENTED_EDGE('',*,*,#4383,.T.);
#5642=ORIENTED_EDGE('',*,*,#4384,.T.);
#5643=ORIENTED_EDGE('',*,*,#4385,.T.);
#5644=ORIENTED_EDGE('',*,*,#4386,.F.);
#5645=ORIENTED_EDGE('',*,*,#4387,.T.);
#5646=ORIENTED_EDGE('',*,*,#4388,.T.);
#5647=ORIENTED_EDGE('',*,*,#4389,.T.);
#5648=ORIENTED_EDGE('',*,*,#4390,.F.);
#5649=ORIENTED_EDGE('',*,*,#4391,.T.);
#5650=ORIENTED_EDGE('',*,*,#4392,.T.);
#5651=ORIENTED_EDGE('',*,*,#4393,.T.);
#5652=ORIENTED_EDGE('',*,*,#4394,.F.);
#5653=ORIENTED_EDGE('',*,*,#4395,.T.);
#5654=ORIENTED_EDGE('',*,*,#4396,.T.);
#5655=ORIENTED_EDGE('',*,*,#4397,.T.);
#5656=ORIENTED_EDGE('',*,*,#4398,.F.);
#5657=ORIENTED_EDGE('',*,*,#4399,.T.);
#5658=ORIENTED_EDGE('',*,*,#4400,.T.);
#5659=ORIENTED_EDGE('',*,*,#4401,.T.);
#5660=ORIENTED_EDGE('',*,*,#4402,.F.);
#5661=ORIENTED_EDGE('',*,*,#4403,.T.);
#5662=ORIENTED_EDGE('',*,*,#4404,.T.);
#5663=ORIENTED_EDGE('',*,*,#4405,.T.);
#5664=ORIENTED_EDGE('',*,*,#4406,.F.);
#5665=ORIENTED_EDGE('',*,*,#4407,.T.);
#5666=ORIENTED_EDGE('',*,*,#4408,.T.);
#5667=ORIENTED_EDGE('',*,*,#4409,.T.);
#5668=ORIENTED_EDGE('',*,*,#4410,.F.);
#5669=ORIENTED_EDGE('',*,*,#4411,.T.);
#5670=ORIENTED_EDGE('',*,*,#4412,.T.);
#5671=ORIENTED_EDGE('',*,*,#4413,.T.);
#5672=ORIENTED_EDGE('',*,*,#4414,.F.);
#5673=ORIENTED_EDGE('',*,*,#4415,.T.);
#5674=ORIENTED_EDGE('',*,*,#4416,.T.);
#5675=ORIENTED_EDGE('',*,*,#4417,.T.);
#5676=ORIENTED_EDGE('',*,*,#4418,.F.);
#5677=ORIENTED_EDGE('',*,*,#4419,.T.);
#5678=ORIENTED_EDGE('',*,*,#4420,.T.);
#5679=ORIENTED_EDGE('',*,*,#4421,.T.);
#5680=ORIENTED_EDGE('',*,*,#4422,.F.);
#5681=ORIENTED_EDGE('',*,*,#4423,.T.);
#5682=ORIENTED_EDGE('',*,*,#4424,.T.);
#5683=ORIENTED_EDGE('',*,*,#4425,.T.);
#5684=ORIENTED_EDGE('',*,*,#4426,.F.);
#5685=ORIENTED_EDGE('',*,*,#4427,.T.);
#5686=ORIENTED_EDGE('',*,*,#4428,.T.);
#5687=ORIENTED_EDGE('',*,*,#4429,.T.);
#5688=ORIENTED_EDGE('',*,*,#4430,.F.);
#5689=ORIENTED_EDGE('',*,*,#4431,.T.);
#5690=ORIENTED_EDGE('',*,*,#4432,.T.);
#5691=ORIENTED_EDGE('',*,*,#4433,.T.);
#5692=ORIENTED_EDGE('',*,*,#4434,.F.);
#5693=ORIENTED_EDGE('',*,*,#4435,.T.);
#5694=ORIENTED_EDGE('',*,*,#4436,.T.);
#5695=ORIENTED_EDGE('',*,*,#4437,.T.);
#5696=ORIENTED_EDGE('',*,*,#4438,.F.);
#5697=ORIENTED_EDGE('',*,*,#4439,.T.);
#5698=ORIENTED_EDGE('',*,*,#4440,.T.);
#5699=ORIENTED_EDGE('',*,*,#4441,.T.);
#5700=ORIENTED_EDGE('',*,*,#4442,.F.);
#5701=ORIENTED_EDGE('',*,*,#4443,.T.);
#5702=ORIENTED_EDGE('',*,*,#4444,.T.);
#5703=ORIENTED_EDGE('',*,*,#4445,.T.);
#5704=ORIENTED_EDGE('',*,*,#4446,.F.);
#5705=ORIENTED_EDGE('',*,*,#4447,.T.);
#5706=ORIENTED_EDGE('',*,*,#4448,.T.);
#5707=ORIENTED_EDGE('',*,*,#4449,.T.);
#5708=ORIENTED_EDGE('',*,*,#4450,.F.);
#5709=ORIENTED_EDGE('',*,*,#4451,.T.);
#5710=ORIENTED_EDGE('',*,*,#4452,.T.);
#5711=ORIENTED_EDGE('',*,*,#4453,.T.);
#5712=ORIENTED_EDGE('',*,*,#4454,.F.);
#5713=ORIENTED_EDGE('',*,*,#4455,.T.);
#5714=ORIENTED_EDGE('',*,*,#4456,.T.);
#5715=ORIENTED_EDGE('',*,*,#4457,.T.);
#5716=ORIENTED_EDGE('',*,*,#4458,.F.);
#5717=ORIENTED_EDGE('',*,*,#4459,.T.);
#5718=ORIENTED_EDGE('',*,*,#4460,.T.);
#5719=ORIENTED_EDGE('',*,*,#4461,.T.);
#5720=ORIENTED_EDGE('',*,*,#4462,.F.);
#5721=ORIENTED_EDGE('',*,*,#4463,.T.);
#5722=ORIENTED_EDGE('',*,*,#4464,.T.);
#5723=ORIENTED_EDGE('',*,*,#4465,.T.);
#5724=ORIENTED_EDGE('',*,*,#4466,.F.);
#5725=ORIENTED_EDGE('',*,*,#4467,.T.);
#5726=ORIENTED_EDGE('',*,*,#4468,.T.);
#5727=ORIENTED_EDGE('',*,*,#4469,.T.);
#5728=ORIENTED_EDGE('',*,*,#4470,.F.);
#5729=ORIENTED_EDGE('',*,*,#4471,.T.);
#5730=ORIENTED_EDGE('',*,*,#4472,.T.);
#5731=ORIENTED_EDGE('',*,*,#4473,.T.);
#5732=ORIENTED_EDGE('',*,*,#4474,.F.);
#5733=ORIENTED_EDGE('',*,*,#4475,.T.);
#5734=ORIENTED_EDGE('',*,*,#4476,.T.);
#5735=ORIENTED_EDGE('',*,*,#4477,.T.);
#5736=ORIENTED_EDGE('',*,*,#4478,.F.);
#5737=ORIENTED_EDGE('',*,*,#4479,.T.);
#5738=ORIENTED_EDGE('',*,*,#4480,.T.);
#5739=ORIENTED_EDGE('',*,*,#4481,.T.);
#5740=ORIENTED_EDGE('',*,*,#4482,.F.);
#5741=ORIENTED_EDGE('',*,*,#4483,.T.);
#5742=ORIENTED_EDGE('',*,*,#4484,.T.);
#5743=ORIENTED_EDGE('',*,*,#4485,.T.);
#5744=ORIENTED_EDGE('',*,*,#4486,.F.);
#5745=ORIENTED_EDGE('',*,*,#4487,.T.);
#5746=ORIENTED_EDGE('',*,*,#4488,.T.);
#5747=ORIENTED_EDGE('',*,*,#4489,.T.);
#5748=ORIENTED_EDGE('',*,*,#4490,.F.);
#5749=ORIENTED_EDGE('',*,*,#4491,.T.);
#5750=ORIENTED_EDGE('',*,*,#4492,.T.);
#5751=ORIENTED_EDGE('',*,*,#4493,.T.);
#5752=ORIENTED_EDGE('',*,*,#4494,.F.);
#5753=ORIENTED_EDGE('',*,*,#4495,.T.);
#5754=ORIENTED_EDGE('',*,*,#4496,.T.);
#5755=ORIENTED_EDGE('',*,*,#4497,.T.);
#5756=ORIENTED_EDGE('',*,*,#4498,.F.);
#5757=ORIENTED_EDGE('',*,*,#4499,.T.);
#5758=ORIENTED_EDGE('',*,*,#4500,.T.);
#5759=ORIENTED_EDGE('',*,*,#4501,.T.);
#5760=ORIENTED_EDGE('',*,*,#4502,.F.);
#5761=ORIENTED_EDGE('',*,*,#4503,.T.);
#5762=ORIENTED_EDGE('',*,*,#4504,.T.);
#5763=ORIENTED_EDGE('',*,*,#4505,.T.);
#5764=ORIENTED_EDGE('',*,*,#4506,.F.);
#5765=ORIENTED_EDGE('',*,*,#4507,.T.);
#5766=ORIENTED_EDGE('',*,*,#4508,.T.);
#5767=ORIENTED_EDGE('',*,*,#4509,.T.);
#5768=ORIENTED_EDGE('',*,*,#4510,.F.);
#5769=ORIENTED_EDGE('',*,*,#4511,.T.);
#5770=ORIENTED_EDGE('',*,*,#4512,.T.);
#5771=ORIENTED_EDGE('',*,*,#4513,.T.);
#5772=ORIENTED_EDGE('',*,*,#4514,.F.);
#5773=ORIENTED_EDGE('',*,*,#4515,.T.);
#5774=ORIENTED_EDGE('',*,*,#4516,.T.);
#5775=ORIENTED_EDGE('',*,*,#4517,.T.);
#5776=ORIENTED_EDGE('',*,*,#4518,.F.);
#5777=ORIENTED_EDGE('',*,*,#4519,.T.);
#5778=ORIENTED_EDGE('',*,*,#4520,.T.);
#5779=ORIENTED_EDGE('',*,*,#4521,.T.);
#5780=ORIENTED_EDGE('',*,*,#4522,.F.);
#5781=ORIENTED_EDGE('',*,*,#4523,.T.);
#5782=ORIENTED_EDGE('',*,*,#4524,.T.);
#5783=ORIENTED_EDGE('',*,*,#4525,.T.);
#5784=ORIENTED_EDGE('',*,*,#4526,.F.);
#5785=ORIENTED_EDGE('',*,*,#4527,.T.);
#5786=ORIENTED_EDGE('',*,*,#4528,.T.);
#5787=ORIENTED_EDGE('',*,*,#4529,.T.);
#5788=ORIENTED_EDGE('',*,*,#4530,.F.);
#5789=ORIENTED_EDGE('',*,*,#4531,.T.);
#5790=ORIENTED_EDGE('',*,*,#4532,.T.);
#5791=ORIENTED_EDGE('',*,*,#4533,.T.);
#5792=ORIENTED_EDGE('',*,*,#4534,.F.);
#5793=ORIENTED_EDGE('',*,*,#4535,.T.);
#5794=ORIENTED_EDGE('',*,*,#4536,.T.);
#5795=ORIENTED_EDGE('',*,*,#4537,.T.);
#5796=ORIENTED_EDGE('',*,*,#4538,.F.);
#5797=ORIENTED_EDGE('',*,*,#4539,.T.);
#5798=ORIENTED_EDGE('',*,*,#4540,.T.);
#5799=ORIENTED_EDGE('',*,*,#4541,.T.);
#5800=ORIENTED_EDGE('',*,*,#4542,.F.);
#5801=ORIENTED_EDGE('',*,*,#4543,.T.);
#5802=ORIENTED_EDGE('',*,*,#4544,.T.);
#5803=ORIENTED_EDGE('',*,*,#4545,.T.);
#5804=ORIENTED_EDGE('',*,*,#4546,.F.);
#5805=ORIENTED_EDGE('',*,*,#4547,.T.);
#5806=ORIENTED_EDGE('',*,*,#4548,.T.);
#5807=ORIENTED_EDGE('',*,*,#4549,.T.);
#5808=ORIENTED_EDGE('',*,*,#4550,.F.);
#5809=ORIENTED_EDGE('',*,*,#4551,.F.);
#5810=ORIENTED_EDGE('',*,*,#4552,.T.);
#5811=ORIENTED_EDGE('',*,*,#4553,.T.);
#5812=ORIENTED_EDGE('',*,*,#4554,.T.);
#5813=ORIENTED_EDGE('',*,*,#4555,.T.);
#5814=ORIENTED_EDGE('',*,*,#4556,.T.);
#5815=ORIENTED_EDGE('',*,*,#4557,.F.);
#5816=ORIENTED_EDGE('',*,*,#4558,.T.);
#5817=ORIENTED_EDGE('',*,*,#4559,.T.);
#5818=ORIENTED_EDGE('',*,*,#4560,.T.);
#5819=ORIENTED_EDGE('',*,*,#4561,.T.);
#5820=ORIENTED_EDGE('',*,*,#4562,.T.);
#5821=ORIENTED_EDGE('',*,*,#4563,.T.);
#5822=ORIENTED_EDGE('',*,*,#4564,.T.);
#5823=ORIENTED_EDGE('',*,*,#4565,.T.);
#5824=ORIENTED_EDGE('',*,*,#4566,.T.);
#5825=ORIENTED_EDGE('',*,*,#4567,.F.);
#5826=ORIENTED_EDGE('',*,*,#4568,.T.);
#5827=ORIENTED_EDGE('',*,*,#4569,.F.);
#5828=ORIENTED_EDGE('',*,*,#4570,.T.);
#5829=ORIENTED_EDGE('',*,*,#4571,.T.);
#5830=ORIENTED_EDGE('',*,*,#4572,.T.);
#5831=ORIENTED_EDGE('',*,*,#4573,.T.);
#5832=ORIENTED_EDGE('',*,*,#4574,.F.);
#5833=ORIENTED_EDGE('',*,*,#4575,.F.);
#5834=ORIENTED_EDGE('',*,*,#4576,.F.);
#5835=ORIENTED_EDGE('',*,*,#4577,.T.);
#5836=ORIENTED_EDGE('',*,*,#4578,.T.);
#5837=ORIENTED_EDGE('',*,*,#4579,.T.);
#5838=ORIENTED_EDGE('',*,*,#4580,.F.);
#5839=ORIENTED_EDGE('',*,*,#4581,.F.);
#5840=ORIENTED_EDGE('',*,*,#4582,.T.);
#5841=ORIENTED_EDGE('',*,*,#4583,.F.);
#5842=ORIENTED_EDGE('',*,*,#4584,.F.);
#5843=ORIENTED_EDGE('',*,*,#4585,.F.);
#5844=ORIENTED_EDGE('',*,*,#4586,.F.);
#5845=ORIENTED_EDGE('',*,*,#4587,.F.);
#5846=ORIENTED_EDGE('',*,*,#4588,.T.);
#5847=ORIENTED_EDGE('',*,*,#4304,.F.);
#5848=ORIENTED_EDGE('',*,*,#4589,.T.);
#5849=ORIENTED_EDGE('',*,*,#4590,.T.);
#5850=ORIENTED_EDGE('',*,*,#4591,.T.);
#5851=ORIENTED_EDGE('',*,*,#4590,.F.);
#5852=ORIENTED_EDGE('',*,*,#4591,.F.);
#5853=ORIENTED_EDGE('',*,*,#4592,.T.);
#5854=ORIENTED_EDGE('',*,*,#4588,.F.);
#5855=ORIENTED_EDGE('',*,*,#4592,.F.);
#5856=ORIENTED_EDGE('',*,*,#4589,.F.);
#5857=ORIENTED_EDGE('',*,*,#4593,.T.);
#5858=ORIENTED_EDGE('',*,*,#4165,.F.);
#5859=ORIENTED_EDGE('',*,*,#4222,.F.);
#5860=ORIENTED_EDGE('',*,*,#4223,.F.);
#5861=ORIENTED_EDGE('',*,*,#4243,.F.);
#5862=ORIENTED_EDGE('',*,*,#4594,.F.);
#5863=ORIENTED_EDGE('',*,*,#4595,.T.);
#5864=ORIENTED_EDGE('',*,*,#4596,.F.);
#5865=ORIENTED_EDGE('',*,*,#4597,.F.);
#5866=ORIENTED_EDGE('',*,*,#4598,.T.);
#5867=ORIENTED_EDGE('',*,*,#4599,.F.);
#5868=ORIENTED_EDGE('',*,*,#4600,.T.);
#5869=ORIENTED_EDGE('',*,*,#4601,.F.);
#5870=ORIENTED_EDGE('',*,*,#4215,.T.);
#5871=ORIENTED_EDGE('',*,*,#4602,.T.);
#5872=ORIENTED_EDGE('',*,*,#4175,.T.);
#5873=ORIENTED_EDGE('',*,*,#4603,.T.);
#5874=ORIENTED_EDGE('',*,*,#4604,.T.);
#5875=ORIENTED_EDGE('',*,*,#4238,.T.);
#5876=ORIENTED_EDGE('',*,*,#4605,.T.);
#5877=ORIENTED_EDGE('',*,*,#4606,.T.);
#5878=ORIENTED_EDGE('',*,*,#4604,.F.);
#5879=ORIENTED_EDGE('',*,*,#4607,.T.);
#5880=ORIENTED_EDGE('',*,*,#4608,.T.);
#5881=ORIENTED_EDGE('',*,*,#4239,.T.);
#5882=ORIENTED_EDGE('',*,*,#4609,.T.);
#5883=ORIENTED_EDGE('',*,*,#4240,.T.);
#5884=ORIENTED_EDGE('',*,*,#4608,.F.);
#5885=ORIENTED_EDGE('',*,*,#4610,.T.);
#5886=ORIENTED_EDGE('',*,*,#4609,.F.);
#5887=ORIENTED_EDGE('',*,*,#4611,.T.);
#5888=ORIENTED_EDGE('',*,*,#4612,.T.);
#5889=ORIENTED_EDGE('',*,*,#4241,.T.);
#5890=ORIENTED_EDGE('',*,*,#4594,.T.);
#5891=ORIENTED_EDGE('',*,*,#4242,.T.);
#5892=ORIENTED_EDGE('',*,*,#4612,.F.);
#5893=ORIENTED_EDGE('',*,*,#4613,.T.);
#5894=ORIENTED_EDGE('',*,*,#4613,.F.);
#5895=ORIENTED_EDGE('',*,*,#4614,.F.);
#5896=ORIENTED_EDGE('',*,*,#4615,.F.);
#5897=ORIENTED_EDGE('',*,*,#4595,.F.);
#5898=ORIENTED_EDGE('',*,*,#4611,.F.);
#5899=ORIENTED_EDGE('',*,*,#4616,.T.);
#5900=ORIENTED_EDGE('',*,*,#4617,.T.);
#5901=ORIENTED_EDGE('',*,*,#4614,.T.);
#5902=ORIENTED_EDGE('',*,*,#4610,.F.);
#5903=ORIENTED_EDGE('',*,*,#4618,.F.);
#5904=ORIENTED_EDGE('',*,*,#4619,.F.);
#5905=ORIENTED_EDGE('',*,*,#4616,.F.);
#5906=ORIENTED_EDGE('',*,*,#4607,.F.);
#5907=ORIENTED_EDGE('',*,*,#4620,.T.);
#5908=ORIENTED_EDGE('',*,*,#4621,.T.);
#5909=ORIENTED_EDGE('',*,*,#4618,.T.);
#5910=ORIENTED_EDGE('',*,*,#4603,.F.);
#5911=ORIENTED_EDGE('',*,*,#4174,.T.);
#5912=ORIENTED_EDGE('',*,*,#4622,.T.);
#5913=ORIENTED_EDGE('',*,*,#4623,.T.);
#5914=ORIENTED_EDGE('',*,*,#4624,.T.);
#5915=ORIENTED_EDGE('',*,*,#4620,.F.);
#5916=ORIENTED_EDGE('',*,*,#4606,.F.);
#5917=ORIENTED_EDGE('',*,*,#4625,.F.);
#5918=ORIENTED_EDGE('',*,*,#4626,.F.);
#5919=ORIENTED_EDGE('',*,*,#4176,.F.);
#5920=ORIENTED_EDGE('',*,*,#4573,.F.);
#5921=ORIENTED_EDGE('',*,*,#4627,.T.);
#5922=ORIENTED_EDGE('',*,*,#4211,.F.);
#5923=ORIENTED_EDGE('',*,*,#4628,.F.);
#5924=ORIENTED_EDGE('',*,*,#4579,.F.);
#5925=ORIENTED_EDGE('',*,*,#4629,.T.);
#5926=ORIENTED_EDGE('',*,*,#4209,.F.);
#5927=ORIENTED_EDGE('',*,*,#4630,.F.);
#5928=ORIENTED_EDGE('',*,*,#4631,.F.);
#5929=ORIENTED_EDGE('',*,*,#4632,.F.);
#5930=ORIENTED_EDGE('',*,*,#4313,.F.);
#5931=ORIENTED_EDGE('',*,*,#4633,.F.);
#5932=ORIENTED_EDGE('',*,*,#4634,.F.);
#5933=ORIENTED_EDGE('',*,*,#4635,.T.);
#5934=ORIENTED_EDGE('',*,*,#4636,.F.);
#5935=ORIENTED_EDGE('',*,*,#4637,.T.);
#5936=ORIENTED_EDGE('',*,*,#4638,.F.);
#5937=ORIENTED_EDGE('',*,*,#4639,.T.);
#5938=ORIENTED_EDGE('',*,*,#4640,.F.);
#5939=ORIENTED_EDGE('',*,*,#4641,.T.);
#5940=ORIENTED_EDGE('',*,*,#4642,.T.);
#5941=ORIENTED_EDGE('',*,*,#4641,.F.);
#5942=ORIENTED_EDGE('',*,*,#4643,.F.);
#5943=ORIENTED_EDGE('',*,*,#4635,.F.);
#5944=ORIENTED_EDGE('',*,*,#4644,.F.);
#5945=ORIENTED_EDGE('',*,*,#4645,.T.);
#5946=ORIENTED_EDGE('',*,*,#4646,.T.);
#5947=ORIENTED_EDGE('',*,*,#4645,.F.);
#5948=ORIENTED_EDGE('',*,*,#4647,.F.);
#5949=ORIENTED_EDGE('',*,*,#4648,.T.);
#5950=ORIENTED_EDGE('',*,*,#4649,.F.);
#5951=ORIENTED_EDGE('',*,*,#4650,.F.);
#5952=ORIENTED_EDGE('',*,*,#4651,.T.);
#5953=ORIENTED_EDGE('',*,*,#4652,.F.);
#5954=ORIENTED_EDGE('',*,*,#4262,.T.);
#5955=ORIENTED_EDGE('',*,*,#4653,.T.);
#5956=ORIENTED_EDGE('',*,*,#4654,.T.);
#5957=ORIENTED_EDGE('',*,*,#4655,.F.);
#5958=ORIENTED_EDGE('',*,*,#4258,.T.);
#5959=ORIENTED_EDGE('',*,*,#4656,.T.);
#5960=ORIENTED_EDGE('',*,*,#4657,.T.);
#5961=ORIENTED_EDGE('',*,*,#4658,.F.);
#5962=ORIENTED_EDGE('',*,*,#4254,.T.);
#5963=ORIENTED_EDGE('',*,*,#4659,.T.);
#5964=ORIENTED_EDGE('',*,*,#4660,.T.);
#5965=ORIENTED_EDGE('',*,*,#4661,.F.);
#5966=ORIENTED_EDGE('',*,*,#4250,.T.);
#5967=ORIENTED_EDGE('',*,*,#4662,.T.);
#5968=ORIENTED_EDGE('',*,*,#4663,.T.);
#5969=ORIENTED_EDGE('',*,*,#4664,.F.);
#5970=ORIENTED_EDGE('',*,*,#4246,.T.);
#5971=ORIENTED_EDGE('',*,*,#4665,.T.);
#5972=ORIENTED_EDGE('',*,*,#4666,.T.);
#5973=ORIENTED_EDGE('',*,*,#4667,.F.);
#5974=ORIENTED_EDGE('',*,*,#4636,.T.);
#5975=ORIENTED_EDGE('',*,*,#4643,.T.);
#5976=ORIENTED_EDGE('',*,*,#4640,.T.);
#5977=ORIENTED_EDGE('',*,*,#4668,.F.);
#5978=ORIENTED_EDGE('',*,*,#4669,.T.);
#5979=ORIENTED_EDGE('',*,*,#4268,.T.);
#5980=ORIENTED_EDGE('',*,*,#4267,.T.);
#5981=ORIENTED_EDGE('',*,*,#4669,.F.);
#5982=ORIENTED_EDGE('',*,*,#4670,.F.);
#5983=ORIENTED_EDGE('',*,*,#4671,.F.);
#5984=ORIENTED_EDGE('',*,*,#4647,.T.);
#5985=ORIENTED_EDGE('',*,*,#4672,.T.);
#5986=ORIENTED_EDGE('',*,*,#4295,.T.);
#5987=ORIENTED_EDGE('',*,*,#4294,.T.);
#5988=ORIENTED_EDGE('',*,*,#4672,.F.);
#5989=ORIENTED_EDGE('',*,*,#4652,.T.);
#5990=ORIENTED_EDGE('',*,*,#4673,.F.);
#5991=ORIENTED_EDGE('',*,*,#4674,.T.);
#5992=ORIENTED_EDGE('',*,*,#4587,.T.);
#5993=ORIENTED_EDGE('',*,*,#4674,.F.);
#5994=ORIENTED_EDGE('',*,*,#4675,.F.);
#5995=ORIENTED_EDGE('',*,*,#4676,.T.);
#5996=ORIENTED_EDGE('',*,*,#4586,.T.);
#5997=ORIENTED_EDGE('',*,*,#4676,.F.);
#5998=ORIENTED_EDGE('',*,*,#4677,.F.);
#5999=ORIENTED_EDGE('',*,*,#4678,.T.);
#6000=ORIENTED_EDGE('',*,*,#4585,.T.);
#6001=ORIENTED_EDGE('',*,*,#4678,.F.);
#6002=ORIENTED_EDGE('',*,*,#4679,.F.);
#6003=ORIENTED_EDGE('',*,*,#4680,.T.);
#6004=ORIENTED_EDGE('',*,*,#4584,.T.);
#6005=ORIENTED_EDGE('',*,*,#4680,.F.);
#6006=ORIENTED_EDGE('',*,*,#4593,.F.);
#6007=ORIENTED_EDGE('',*,*,#4681,.T.);
#6008=ORIENTED_EDGE('',*,*,#4197,.F.);
#6009=ORIENTED_EDGE('',*,*,#4681,.F.);
#6010=ORIENTED_EDGE('',*,*,#4201,.F.);
#6011=ORIENTED_EDGE('',*,*,#4682,.T.);
#6012=ORIENTED_EDGE('',*,*,#4683,.T.);
#6013=ORIENTED_EDGE('',*,*,#4682,.F.);
#6014=ORIENTED_EDGE('',*,*,#4200,.F.);
#6015=ORIENTED_EDGE('',*,*,#4684,.T.);
#6016=ORIENTED_EDGE('',*,*,#4685,.T.);
#6017=ORIENTED_EDGE('',*,*,#4684,.F.);
#6018=ORIENTED_EDGE('',*,*,#4199,.F.);
#6019=ORIENTED_EDGE('',*,*,#4686,.T.);
#6020=ORIENTED_EDGE('',*,*,#4687,.T.);
#6021=ORIENTED_EDGE('',*,*,#4686,.F.);
#6022=ORIENTED_EDGE('',*,*,#4198,.F.);
#6023=ORIENTED_EDGE('',*,*,#4688,.T.);
#6024=ORIENTED_EDGE('',*,*,#4689,.T.);
#6025=ORIENTED_EDGE('',*,*,#4688,.F.);
#6026=ORIENTED_EDGE('',*,*,#4690,.F.);
#6027=ORIENTED_EDGE('',*,*,#4691,.T.);
#6028=ORIENTED_EDGE('',*,*,#4381,.F.);
#6029=ORIENTED_EDGE('',*,*,#4692,.F.);
#6030=ORIENTED_EDGE('',*,*,#4693,.F.);
#6031=ORIENTED_EDGE('',*,*,#4694,.T.);
#6032=ORIENTED_EDGE('',*,*,#4377,.F.);
#6033=ORIENTED_EDGE('',*,*,#4695,.F.);
#6034=ORIENTED_EDGE('',*,*,#4696,.F.);
#6035=ORIENTED_EDGE('',*,*,#4697,.T.);
#6036=ORIENTED_EDGE('',*,*,#4373,.F.);
#6037=ORIENTED_EDGE('',*,*,#4698,.F.);
#6038=ORIENTED_EDGE('',*,*,#4699,.F.);
#6039=ORIENTED_EDGE('',*,*,#4700,.T.);
#6040=ORIENTED_EDGE('',*,*,#4369,.F.);
#6041=ORIENTED_EDGE('',*,*,#4701,.F.);
#6042=ORIENTED_EDGE('',*,*,#4702,.T.);
#6043=ORIENTED_EDGE('',*,*,#4703,.T.);
#6044=ORIENTED_EDGE('',*,*,#4191,.T.);
#6045=ORIENTED_EDGE('',*,*,#4704,.T.);
#6046=ORIENTED_EDGE('',*,*,#4705,.T.);
#6047=ORIENTED_EDGE('',*,*,#4706,.F.);
#6048=ORIENTED_EDGE('',*,*,#4707,.T.);
#6049=ORIENTED_EDGE('',*,*,#4708,.T.);
#6050=ORIENTED_EDGE('',*,*,#4517,.F.);
#6051=ORIENTED_EDGE('',*,*,#4709,.F.);
#6052=ORIENTED_EDGE('',*,*,#4710,.F.);
#6053=ORIENTED_EDGE('',*,*,#4711,.T.);
#6054=ORIENTED_EDGE('',*,*,#4513,.F.);
#6055=ORIENTED_EDGE('',*,*,#4712,.F.);
#6056=ORIENTED_EDGE('',*,*,#4713,.F.);
#6057=ORIENTED_EDGE('',*,*,#4714,.T.);
#6058=ORIENTED_EDGE('',*,*,#4509,.F.);
#6059=ORIENTED_EDGE('',*,*,#4715,.F.);
#6060=ORIENTED_EDGE('',*,*,#4716,.F.);
#6061=ORIENTED_EDGE('',*,*,#4717,.T.);
#6062=ORIENTED_EDGE('',*,*,#4505,.F.);
#6063=ORIENTED_EDGE('',*,*,#4718,.F.);
#6064=ORIENTED_EDGE('',*,*,#4719,.F.);
#6065=ORIENTED_EDGE('',*,*,#4720,.T.);
#6066=ORIENTED_EDGE('',*,*,#4501,.F.);
#6067=ORIENTED_EDGE('',*,*,#4721,.F.);
#6068=ORIENTED_EDGE('',*,*,#4722,.F.);
#6069=ORIENTED_EDGE('',*,*,#4723,.T.);
#6070=ORIENTED_EDGE('',*,*,#4497,.F.);
#6071=ORIENTED_EDGE('',*,*,#4724,.F.);
#6072=ORIENTED_EDGE('',*,*,#4725,.F.);
#6073=ORIENTED_EDGE('',*,*,#4726,.T.);
#6074=ORIENTED_EDGE('',*,*,#4493,.F.);
#6075=ORIENTED_EDGE('',*,*,#4727,.F.);
#6076=ORIENTED_EDGE('',*,*,#4728,.F.);
#6077=ORIENTED_EDGE('',*,*,#4729,.T.);
#6078=ORIENTED_EDGE('',*,*,#4489,.F.);
#6079=ORIENTED_EDGE('',*,*,#4730,.F.);
#6080=ORIENTED_EDGE('',*,*,#4731,.F.);
#6081=ORIENTED_EDGE('',*,*,#4732,.T.);
#6082=ORIENTED_EDGE('',*,*,#4485,.F.);
#6083=ORIENTED_EDGE('',*,*,#4733,.F.);
#6084=ORIENTED_EDGE('',*,*,#4734,.F.);
#6085=ORIENTED_EDGE('',*,*,#4735,.T.);
#6086=ORIENTED_EDGE('',*,*,#4481,.F.);
#6087=ORIENTED_EDGE('',*,*,#4736,.F.);
#6088=ORIENTED_EDGE('',*,*,#4737,.F.);
#6089=ORIENTED_EDGE('',*,*,#4738,.T.);
#6090=ORIENTED_EDGE('',*,*,#4477,.F.);
#6091=ORIENTED_EDGE('',*,*,#4739,.F.);
#6092=ORIENTED_EDGE('',*,*,#4740,.F.);
#6093=ORIENTED_EDGE('',*,*,#4741,.T.);
#6094=ORIENTED_EDGE('',*,*,#4473,.F.);
#6095=ORIENTED_EDGE('',*,*,#4742,.F.);
#6096=ORIENTED_EDGE('',*,*,#4743,.F.);
#6097=ORIENTED_EDGE('',*,*,#4744,.T.);
#6098=ORIENTED_EDGE('',*,*,#4469,.F.);
#6099=ORIENTED_EDGE('',*,*,#4745,.F.);
#6100=ORIENTED_EDGE('',*,*,#4746,.F.);
#6101=ORIENTED_EDGE('',*,*,#4747,.T.);
#6102=ORIENTED_EDGE('',*,*,#4465,.F.);
#6103=ORIENTED_EDGE('',*,*,#4748,.F.);
#6104=ORIENTED_EDGE('',*,*,#4749,.F.);
#6105=ORIENTED_EDGE('',*,*,#4750,.T.);
#6106=ORIENTED_EDGE('',*,*,#4461,.F.);
#6107=ORIENTED_EDGE('',*,*,#4751,.F.);
#6108=ORIENTED_EDGE('',*,*,#4752,.F.);
#6109=ORIENTED_EDGE('',*,*,#4753,.T.);
#6110=ORIENTED_EDGE('',*,*,#4457,.F.);
#6111=ORIENTED_EDGE('',*,*,#4754,.F.);
#6112=ORIENTED_EDGE('',*,*,#4755,.F.);
#6113=ORIENTED_EDGE('',*,*,#4756,.T.);
#6114=ORIENTED_EDGE('',*,*,#4453,.F.);
#6115=ORIENTED_EDGE('',*,*,#4757,.F.);
#6116=ORIENTED_EDGE('',*,*,#4758,.F.);
#6117=ORIENTED_EDGE('',*,*,#4759,.T.);
#6118=ORIENTED_EDGE('',*,*,#4449,.F.);
#6119=ORIENTED_EDGE('',*,*,#4760,.F.);
#6120=ORIENTED_EDGE('',*,*,#4761,.F.);
#6121=ORIENTED_EDGE('',*,*,#4762,.T.);
#6122=ORIENTED_EDGE('',*,*,#4445,.F.);
#6123=ORIENTED_EDGE('',*,*,#4763,.F.);
#6124=ORIENTED_EDGE('',*,*,#4764,.F.);
#6125=ORIENTED_EDGE('',*,*,#4765,.T.);
#6126=ORIENTED_EDGE('',*,*,#4441,.F.);
#6127=ORIENTED_EDGE('',*,*,#4766,.F.);
#6128=ORIENTED_EDGE('',*,*,#4767,.F.);
#6129=ORIENTED_EDGE('',*,*,#4768,.T.);
#6130=ORIENTED_EDGE('',*,*,#4437,.F.);
#6131=ORIENTED_EDGE('',*,*,#4769,.F.);
#6132=ORIENTED_EDGE('',*,*,#4770,.F.);
#6133=ORIENTED_EDGE('',*,*,#4771,.T.);
#6134=ORIENTED_EDGE('',*,*,#4433,.F.);
#6135=ORIENTED_EDGE('',*,*,#4772,.F.);
#6136=ORIENTED_EDGE('',*,*,#4773,.F.);
#6137=ORIENTED_EDGE('',*,*,#4774,.T.);
#6138=ORIENTED_EDGE('',*,*,#4429,.F.);
#6139=ORIENTED_EDGE('',*,*,#4775,.F.);
#6140=ORIENTED_EDGE('',*,*,#4776,.F.);
#6141=ORIENTED_EDGE('',*,*,#4777,.T.);
#6142=ORIENTED_EDGE('',*,*,#4425,.F.);
#6143=ORIENTED_EDGE('',*,*,#4778,.F.);
#6144=ORIENTED_EDGE('',*,*,#4779,.F.);
#6145=ORIENTED_EDGE('',*,*,#4780,.T.);
#6146=ORIENTED_EDGE('',*,*,#4421,.F.);
#6147=ORIENTED_EDGE('',*,*,#4781,.F.);
#6148=ORIENTED_EDGE('',*,*,#4782,.F.);
#6149=ORIENTED_EDGE('',*,*,#4783,.T.);
#6150=ORIENTED_EDGE('',*,*,#4417,.F.);
#6151=ORIENTED_EDGE('',*,*,#4784,.F.);
#6152=ORIENTED_EDGE('',*,*,#4785,.F.);
#6153=ORIENTED_EDGE('',*,*,#4786,.T.);
#6154=ORIENTED_EDGE('',*,*,#4413,.F.);
#6155=ORIENTED_EDGE('',*,*,#4787,.F.);
#6156=ORIENTED_EDGE('',*,*,#4788,.F.);
#6157=ORIENTED_EDGE('',*,*,#4789,.T.);
#6158=ORIENTED_EDGE('',*,*,#4409,.F.);
#6159=ORIENTED_EDGE('',*,*,#4790,.F.);
#6160=ORIENTED_EDGE('',*,*,#4791,.F.);
#6161=ORIENTED_EDGE('',*,*,#4792,.T.);
#6162=ORIENTED_EDGE('',*,*,#4405,.F.);
#6163=ORIENTED_EDGE('',*,*,#4793,.F.);
#6164=ORIENTED_EDGE('',*,*,#4794,.F.);
#6165=ORIENTED_EDGE('',*,*,#4795,.T.);
#6166=ORIENTED_EDGE('',*,*,#4401,.F.);
#6167=ORIENTED_EDGE('',*,*,#4796,.F.);
#6168=ORIENTED_EDGE('',*,*,#4797,.F.);
#6169=ORIENTED_EDGE('',*,*,#4798,.T.);
#6170=ORIENTED_EDGE('',*,*,#4397,.F.);
#6171=ORIENTED_EDGE('',*,*,#4799,.F.);
#6172=ORIENTED_EDGE('',*,*,#4800,.F.);
#6173=ORIENTED_EDGE('',*,*,#4801,.T.);
#6174=ORIENTED_EDGE('',*,*,#4393,.F.);
#6175=ORIENTED_EDGE('',*,*,#4802,.F.);
#6176=ORIENTED_EDGE('',*,*,#4803,.F.);
#6177=ORIENTED_EDGE('',*,*,#4804,.T.);
#6178=ORIENTED_EDGE('',*,*,#4389,.F.);
#6179=ORIENTED_EDGE('',*,*,#4805,.F.);
#6180=ORIENTED_EDGE('',*,*,#4806,.F.);
#6181=ORIENTED_EDGE('',*,*,#4807,.T.);
#6182=ORIENTED_EDGE('',*,*,#4385,.F.);
#6183=ORIENTED_EDGE('',*,*,#4808,.F.);
#6184=ORIENTED_EDGE('',*,*,#4202,.F.);
#6185=ORIENTED_EDGE('',*,*,#4809,.T.);
#6186=ORIENTED_EDGE('',*,*,#4649,.T.);
#6187=ORIENTED_EDGE('',*,*,#4810,.T.);
#6188=ORIENTED_EDGE('',*,*,#4650,.T.);
#6189=ORIENTED_EDGE('',*,*,#4809,.F.);
#6190=ORIENTED_EDGE('',*,*,#4602,.F.);
#6191=ORIENTED_EDGE('',*,*,#4811,.T.);
#6192=ORIENTED_EDGE('',*,*,#4812,.T.);
#6193=ORIENTED_EDGE('',*,*,#4638,.T.);
#6194=ORIENTED_EDGE('',*,*,#4813,.T.);
#6195=ORIENTED_EDGE('',*,*,#4811,.F.);
#6196=ORIENTED_EDGE('',*,*,#4814,.F.);
#6197=ORIENTED_EDGE('',*,*,#4815,.T.);
#6198=ORIENTED_EDGE('',*,*,#4816,.T.);
#6199=ORIENTED_EDGE('',*,*,#4815,.F.);
#6200=ORIENTED_EDGE('',*,*,#4817,.F.);
#6201=ORIENTED_EDGE('',*,*,#4818,.T.);
#6202=ORIENTED_EDGE('',*,*,#4819,.T.);
#6203=ORIENTED_EDGE('',*,*,#4818,.F.);
#6204=ORIENTED_EDGE('',*,*,#4820,.F.);
#6205=ORIENTED_EDGE('',*,*,#4236,.F.);
#6206=ORIENTED_EDGE('',*,*,#4821,.T.);
#6207=ORIENTED_EDGE('',*,*,#4706,.T.);
#6208=ORIENTED_EDGE('',*,*,#4822,.T.);
#6209=ORIENTED_EDGE('',*,*,#4823,.T.);
#6210=ORIENTED_EDGE('',*,*,#4824,.T.);
#6211=ORIENTED_EDGE('',*,*,#4825,.T.);
#6212=ORIENTED_EDGE('',*,*,#4826,.T.);
#6213=ORIENTED_EDGE('',*,*,#4827,.T.);
#6214=ORIENTED_EDGE('',*,*,#4828,.T.);
#6215=ORIENTED_EDGE('',*,*,#4829,.T.);
#6216=ORIENTED_EDGE('',*,*,#4830,.F.);
#6217=ORIENTED_EDGE('',*,*,#4831,.T.);
#6218=ORIENTED_EDGE('',*,*,#4832,.T.);
#6219=ORIENTED_EDGE('',*,*,#4833,.T.);
#6220=ORIENTED_EDGE('',*,*,#4834,.T.);
#6221=ORIENTED_EDGE('',*,*,#4835,.T.);
#6222=ORIENTED_EDGE('',*,*,#4836,.T.);
#6223=ORIENTED_EDGE('',*,*,#4837,.T.);
#6224=ORIENTED_EDGE('',*,*,#4838,.T.);
#6225=ORIENTED_EDGE('',*,*,#4839,.T.);
#6226=ORIENTED_EDGE('',*,*,#4840,.F.);
#6227=ORIENTED_EDGE('',*,*,#4841,.T.);
#6228=ORIENTED_EDGE('',*,*,#4605,.F.);
#6229=ORIENTED_EDGE('',*,*,#4237,.F.);
#6230=ORIENTED_EDGE('',*,*,#4820,.T.);
#6231=ORIENTED_EDGE('',*,*,#4705,.F.);
#6232=ORIENTED_EDGE('',*,*,#4842,.T.);
#6233=ORIENTED_EDGE('',*,*,#4843,.T.);
#6234=ORIENTED_EDGE('',*,*,#4841,.F.);
#6235=ORIENTED_EDGE('',*,*,#4844,.F.);
#6236=ORIENTED_EDGE('',*,*,#4845,.T.);
#6237=ORIENTED_EDGE('',*,*,#4846,.T.);
#6238=ORIENTED_EDGE('',*,*,#4847,.T.);
#6239=ORIENTED_EDGE('',*,*,#4848,.F.);
#6240=ORIENTED_EDGE('',*,*,#4833,.F.);
#6241=ORIENTED_EDGE('',*,*,#4849,.T.);
#6242=ORIENTED_EDGE('',*,*,#4625,.T.);
#6243=ORIENTED_EDGE('',*,*,#4850,.F.);
#6244=ORIENTED_EDGE('',*,*,#4851,.T.);
#6245=ORIENTED_EDGE('',*,*,#4184,.F.);
#6246=ORIENTED_EDGE('',*,*,#4852,.F.);
#6247=ORIENTED_EDGE('',*,*,#4845,.F.);
#6248=ORIENTED_EDGE('',*,*,#4189,.F.);
#6249=ORIENTED_EDGE('',*,*,#4853,.T.);
#6250=ORIENTED_EDGE('',*,*,#4836,.F.);
#6251=ORIENTED_EDGE('',*,*,#4843,.F.);
#6252=ORIENTED_EDGE('',*,*,#4854,.T.);
#6253=ORIENTED_EDGE('',*,*,#4832,.F.);
#6254=ORIENTED_EDGE('',*,*,#4855,.T.);
#6255=ORIENTED_EDGE('',*,*,#4177,.F.);
#6256=ORIENTED_EDGE('',*,*,#4626,.T.);
#6257=ORIENTED_EDGE('',*,*,#4849,.F.);
#6258=ORIENTED_EDGE('',*,*,#4182,.F.);
#6259=ORIENTED_EDGE('',*,*,#4856,.T.);
#6260=ORIENTED_EDGE('',*,*,#4857,.F.);
#6261=ORIENTED_EDGE('',*,*,#4847,.F.);
#6262=ORIENTED_EDGE('',*,*,#4858,.F.);
#6263=ORIENTED_EDGE('',*,*,#4264,.T.);
#6264=ORIENTED_EDGE('',*,*,#4859,.T.);
#6265=ORIENTED_EDGE('',*,*,#4274,.T.);
#6266=ORIENTED_EDGE('',*,*,#4860,.F.);
#6267=ORIENTED_EDGE('',*,*,#4861,.F.);
#6268=ORIENTED_EDGE('',*,*,#4862,.F.);
#6269=ORIENTED_EDGE('',*,*,#4863,.F.);
#6270=ORIENTED_EDGE('',*,*,#4278,.T.);
#6271=ORIENTED_EDGE('',*,*,#4864,.T.);
#6272=ORIENTED_EDGE('',*,*,#4260,.T.);
#6273=ORIENTED_EDGE('',*,*,#4865,.T.);
#6274=ORIENTED_EDGE('',*,*,#4623,.F.);
#6275=ORIENTED_EDGE('',*,*,#4866,.F.);
#6276=ORIENTED_EDGE('',*,*,#4867,.T.);
#6277=ORIENTED_EDGE('',*,*,#4868,.T.);
#6278=ORIENTED_EDGE('',*,*,#4869,.F.);
#6279=ORIENTED_EDGE('',*,*,#4870,.T.);
#6280=ORIENTED_EDGE('',*,*,#4663,.F.);
#6281=ORIENTED_EDGE('',*,*,#4871,.T.);
#6282=ORIENTED_EDGE('',*,*,#4872,.F.);
#6283=ORIENTED_EDGE('',*,*,#4666,.F.);
#6284=ORIENTED_EDGE('',*,*,#4873,.T.);
#6285=ORIENTED_EDGE('',*,*,#4874,.F.);
#6286=ORIENTED_EDGE('',*,*,#4660,.F.);
#6287=ORIENTED_EDGE('',*,*,#4875,.T.);
#6288=ORIENTED_EDGE('',*,*,#4876,.F.);
#6289=ORIENTED_EDGE('',*,*,#4877,.T.);
#6290=ORIENTED_EDGE('',*,*,#4657,.F.);
#6291=ORIENTED_EDGE('',*,*,#4878,.T.);
#6292=ORIENTED_EDGE('',*,*,#4879,.F.);
#6293=ORIENTED_EDGE('',*,*,#4880,.T.);
#6294=ORIENTED_EDGE('',*,*,#4881,.F.);
#6295=ORIENTED_EDGE('',*,*,#4882,.T.);
#6296=ORIENTED_EDGE('',*,*,#4654,.F.);
#6297=ORIENTED_EDGE('',*,*,#4883,.T.);
#6298=ORIENTED_EDGE('',*,*,#4282,.T.);
#6299=ORIENTED_EDGE('',*,*,#4884,.T.);
#6300=ORIENTED_EDGE('',*,*,#4256,.T.);
#6301=ORIENTED_EDGE('',*,*,#4885,.T.);
#6302=ORIENTED_EDGE('',*,*,#4286,.T.);
#6303=ORIENTED_EDGE('',*,*,#4886,.T.);
#6304=ORIENTED_EDGE('',*,*,#4252,.T.);
#6305=ORIENTED_EDGE('',*,*,#4887,.T.);
#6306=ORIENTED_EDGE('',*,*,#4290,.T.);
#6307=ORIENTED_EDGE('',*,*,#4888,.T.);
#6308=ORIENTED_EDGE('',*,*,#4248,.T.);
#6309=ORIENTED_EDGE('',*,*,#4889,.F.);
#6310=ORIENTED_EDGE('',*,*,#4890,.F.);
#6311=ORIENTED_EDGE('',*,*,#4169,.F.);
#6312=ORIENTED_EDGE('',*,*,#4891,.T.);
#6313=ORIENTED_EDGE('',*,*,#4600,.F.);
#6314=ORIENTED_EDGE('',*,*,#4892,.T.);
#6315=ORIENTED_EDGE('',*,*,#4893,.T.);
#6316=ORIENTED_EDGE('',*,*,#4894,.T.);
#6317=ORIENTED_EDGE('',*,*,#4297,.F.);
#6318=ORIENTED_EDGE('',*,*,#4895,.T.);
#6319=ORIENTED_EDGE('',*,*,#4702,.F.);
#6320=ORIENTED_EDGE('',*,*,#4896,.F.);
#6321=ORIENTED_EDGE('',*,*,#4897,.F.);
#6322=ORIENTED_EDGE('',*,*,#4898,.T.);
#6323=ORIENTED_EDGE('',*,*,#4899,.F.);
#6324=ORIENTED_EDGE('',*,*,#4900,.F.);
#6325=ORIENTED_EDGE('',*,*,#4901,.F.);
#6326=ORIENTED_EDGE('',*,*,#4902,.T.);
#6327=ORIENTED_EDGE('',*,*,#4903,.F.);
#6328=ORIENTED_EDGE('',*,*,#4904,.F.);
#6329=ORIENTED_EDGE('',*,*,#4905,.F.);
#6330=ORIENTED_EDGE('',*,*,#4906,.T.);
#6331=ORIENTED_EDGE('',*,*,#4907,.F.);
#6332=ORIENTED_EDGE('',*,*,#4908,.F.);
#6333=ORIENTED_EDGE('',*,*,#4909,.F.);
#6334=ORIENTED_EDGE('',*,*,#4910,.T.);
#6335=ORIENTED_EDGE('',*,*,#4911,.F.);
#6336=ORIENTED_EDGE('',*,*,#4912,.F.);
#6337=ORIENTED_EDGE('',*,*,#4913,.F.);
#6338=ORIENTED_EDGE('',*,*,#4914,.T.);
#6339=ORIENTED_EDGE('',*,*,#4915,.F.);
#6340=ORIENTED_EDGE('',*,*,#4916,.F.);
#6341=ORIENTED_EDGE('',*,*,#4917,.F.);
#6342=ORIENTED_EDGE('',*,*,#4918,.T.);
#6343=ORIENTED_EDGE('',*,*,#4919,.F.);
#6344=ORIENTED_EDGE('',*,*,#4920,.F.);
#6345=ORIENTED_EDGE('',*,*,#4921,.F.);
#6346=ORIENTED_EDGE('',*,*,#4922,.T.);
#6347=ORIENTED_EDGE('',*,*,#4923,.F.);
#6348=ORIENTED_EDGE('',*,*,#4924,.F.);
#6349=ORIENTED_EDGE('',*,*,#4925,.F.);
#6350=ORIENTED_EDGE('',*,*,#4926,.T.);
#6351=ORIENTED_EDGE('',*,*,#4927,.F.);
#6352=ORIENTED_EDGE('',*,*,#4928,.F.);
#6353=ORIENTED_EDGE('',*,*,#4929,.T.);
#6354=ORIENTED_EDGE('',*,*,#4930,.T.);
#6355=ORIENTED_EDGE('',*,*,#4931,.F.);
#6356=ORIENTED_EDGE('',*,*,#4932,.T.);
#6357=ORIENTED_EDGE('',*,*,#4933,.T.);
#6358=ORIENTED_EDGE('',*,*,#4934,.T.);
#6359=ORIENTED_EDGE('',*,*,#4935,.T.);
#6360=ORIENTED_EDGE('',*,*,#4936,.T.);
#6361=ORIENTED_EDGE('',*,*,#4937,.F.);
#6362=ORIENTED_EDGE('',*,*,#4938,.T.);
#6363=ORIENTED_EDGE('',*,*,#4939,.T.);
#6364=ORIENTED_EDGE('',*,*,#4940,.T.);
#6365=ORIENTED_EDGE('',*,*,#4941,.F.);
#6366=ORIENTED_EDGE('',*,*,#4942,.T.);
#6367=ORIENTED_EDGE('',*,*,#4943,.F.);
#6368=ORIENTED_EDGE('',*,*,#4944,.T.);
#6369=ORIENTED_EDGE('',*,*,#4945,.F.);
#6370=ORIENTED_EDGE('',*,*,#4946,.T.);
#6371=ORIENTED_EDGE('',*,*,#4947,.T.);
#6372=ORIENTED_EDGE('',*,*,#4948,.T.);
#6373=ORIENTED_EDGE('',*,*,#4949,.T.);
#6374=ORIENTED_EDGE('',*,*,#4950,.T.);
#6375=ORIENTED_EDGE('',*,*,#4631,.T.);
#6376=ORIENTED_EDGE('',*,*,#4951,.F.);
#6377=ORIENTED_EDGE('',*,*,#4952,.T.);
#6378=ORIENTED_EDGE('',*,*,#4265,.T.);
#6379=ORIENTED_EDGE('',*,*,#4860,.T.);
#6380=ORIENTED_EDGE('',*,*,#4273,.T.);
#6381=ORIENTED_EDGE('',*,*,#4953,.T.);
#6382=ORIENTED_EDGE('',*,*,#4954,.T.);
#6383=ORIENTED_EDGE('',*,*,#4310,.F.);
#6384=ORIENTED_EDGE('',*,*,#4235,.T.);
#6385=ORIENTED_EDGE('',*,*,#4955,.T.);
#6386=ORIENTED_EDGE('',*,*,#4956,.T.);
#6387=ORIENTED_EDGE('',*,*,#4957,.F.);
#6388=ORIENTED_EDGE('',*,*,#4958,.T.);
#6389=ORIENTED_EDGE('',*,*,#4959,.F.);
#6390=ORIENTED_EDGE('',*,*,#4960,.F.);
#6391=ORIENTED_EDGE('',*,*,#4961,.F.);
#6392=ORIENTED_EDGE('',*,*,#4962,.T.);
#6393=ORIENTED_EDGE('',*,*,#4963,.F.);
#6394=ORIENTED_EDGE('',*,*,#4964,.T.);
#6395=ORIENTED_EDGE('',*,*,#4965,.F.);
#6396=ORIENTED_EDGE('',*,*,#4966,.F.);
#6397=ORIENTED_EDGE('',*,*,#4967,.F.);
#6398=ORIENTED_EDGE('',*,*,#4968,.F.);
#6399=ORIENTED_EDGE('',*,*,#4969,.F.);
#6400=ORIENTED_EDGE('',*,*,#4970,.F.);
#6401=ORIENTED_EDGE('',*,*,#4971,.F.);
#6402=ORIENTED_EDGE('',*,*,#4972,.F.);
#6403=ORIENTED_EDGE('',*,*,#4973,.F.);
#6404=ORIENTED_EDGE('',*,*,#4974,.T.);
#6405=ORIENTED_EDGE('',*,*,#4975,.F.);
#6406=ORIENTED_EDGE('',*,*,#4976,.F.);
#6407=ORIENTED_EDGE('',*,*,#4977,.F.);
#6408=ORIENTED_EDGE('',*,*,#4978,.F.);
#6409=ORIENTED_EDGE('',*,*,#4979,.F.);
#6410=ORIENTED_EDGE('',*,*,#4980,.T.);
#6411=ORIENTED_EDGE('',*,*,#4981,.T.);
#6412=ORIENTED_EDGE('',*,*,#4982,.F.);
#6413=ORIENTED_EDGE('',*,*,#4983,.F.);
#6414=ORIENTED_EDGE('',*,*,#4984,.F.);
#6415=ORIENTED_EDGE('',*,*,#4985,.T.);
#6416=ORIENTED_EDGE('',*,*,#4986,.F.);
#6417=ORIENTED_EDGE('',*,*,#4987,.F.);
#6418=ORIENTED_EDGE('',*,*,#4988,.F.);
#6419=ORIENTED_EDGE('',*,*,#4989,.T.);
#6420=ORIENTED_EDGE('',*,*,#4990,.F.);
#6421=ORIENTED_EDGE('',*,*,#4991,.F.);
#6422=ORIENTED_EDGE('',*,*,#4992,.F.);
#6423=ORIENTED_EDGE('',*,*,#4993,.T.);
#6424=ORIENTED_EDGE('',*,*,#4994,.F.);
#6425=ORIENTED_EDGE('',*,*,#4995,.F.);
#6426=ORIENTED_EDGE('',*,*,#4996,.F.);
#6427=ORIENTED_EDGE('',*,*,#4997,.T.);
#6428=ORIENTED_EDGE('',*,*,#4998,.F.);
#6429=ORIENTED_EDGE('',*,*,#4999,.F.);
#6430=ORIENTED_EDGE('',*,*,#5000,.F.);
#6431=ORIENTED_EDGE('',*,*,#5001,.T.);
#6432=ORIENTED_EDGE('',*,*,#5002,.F.);
#6433=ORIENTED_EDGE('',*,*,#5003,.F.);
#6434=ORIENTED_EDGE('',*,*,#5004,.F.);
#6435=ORIENTED_EDGE('',*,*,#5005,.T.);
#6436=ORIENTED_EDGE('',*,*,#5006,.F.);
#6437=ORIENTED_EDGE('',*,*,#5007,.F.);
#6438=ORIENTED_EDGE('',*,*,#5008,.F.);
#6439=ORIENTED_EDGE('',*,*,#5009,.T.);
#6440=ORIENTED_EDGE('',*,*,#5010,.F.);
#6441=ORIENTED_EDGE('',*,*,#5011,.F.);
#6442=ORIENTED_EDGE('',*,*,#5012,.F.);
#6443=ORIENTED_EDGE('',*,*,#5013,.T.);
#6444=ORIENTED_EDGE('',*,*,#4707,.F.);
#6445=ORIENTED_EDGE('',*,*,#4821,.F.);
#6446=ORIENTED_EDGE('',*,*,#4899,.T.);
#6447=ORIENTED_EDGE('',*,*,#5014,.T.);
#6448=ORIENTED_EDGE('',*,*,#4365,.F.);
#6449=ORIENTED_EDGE('',*,*,#5015,.F.);
#6450=ORIENTED_EDGE('',*,*,#4903,.T.);
#6451=ORIENTED_EDGE('',*,*,#5016,.T.);
#6452=ORIENTED_EDGE('',*,*,#4361,.F.);
#6453=ORIENTED_EDGE('',*,*,#5017,.F.);
#6454=ORIENTED_EDGE('',*,*,#4907,.T.);
#6455=ORIENTED_EDGE('',*,*,#5018,.T.);
#6456=ORIENTED_EDGE('',*,*,#4357,.F.);
#6457=ORIENTED_EDGE('',*,*,#5019,.F.);
#6458=ORIENTED_EDGE('',*,*,#4911,.T.);
#6459=ORIENTED_EDGE('',*,*,#5020,.T.);
#6460=ORIENTED_EDGE('',*,*,#4353,.F.);
#6461=ORIENTED_EDGE('',*,*,#5021,.F.);
#6462=ORIENTED_EDGE('',*,*,#4915,.T.);
#6463=ORIENTED_EDGE('',*,*,#5022,.T.);
#6464=ORIENTED_EDGE('',*,*,#4349,.F.);
#6465=ORIENTED_EDGE('',*,*,#5023,.F.);
#6466=ORIENTED_EDGE('',*,*,#4919,.T.);
#6467=ORIENTED_EDGE('',*,*,#5024,.T.);
#6468=ORIENTED_EDGE('',*,*,#4345,.F.);
#6469=ORIENTED_EDGE('',*,*,#5025,.F.);
#6470=ORIENTED_EDGE('',*,*,#4923,.T.);
#6471=ORIENTED_EDGE('',*,*,#5026,.T.);
#6472=ORIENTED_EDGE('',*,*,#4341,.F.);
#6473=ORIENTED_EDGE('',*,*,#5027,.F.);
#6474=ORIENTED_EDGE('',*,*,#4927,.T.);
#6475=ORIENTED_EDGE('',*,*,#5028,.T.);
#6476=ORIENTED_EDGE('',*,*,#4337,.F.);
#6477=ORIENTED_EDGE('',*,*,#5029,.F.);
#6478=ORIENTED_EDGE('',*,*,#4982,.T.);
#6479=ORIENTED_EDGE('',*,*,#5030,.T.);
#6480=ORIENTED_EDGE('',*,*,#4549,.F.);
#6481=ORIENTED_EDGE('',*,*,#5031,.F.);
#6482=ORIENTED_EDGE('',*,*,#4986,.T.);
#6483=ORIENTED_EDGE('',*,*,#5032,.T.);
#6484=ORIENTED_EDGE('',*,*,#4545,.F.);
#6485=ORIENTED_EDGE('',*,*,#5033,.F.);
#6486=ORIENTED_EDGE('',*,*,#4990,.T.);
#6487=ORIENTED_EDGE('',*,*,#5034,.T.);
#6488=ORIENTED_EDGE('',*,*,#4541,.F.);
#6489=ORIENTED_EDGE('',*,*,#5035,.F.);
#6490=ORIENTED_EDGE('',*,*,#4994,.T.);
#6491=ORIENTED_EDGE('',*,*,#5036,.T.);
#6492=ORIENTED_EDGE('',*,*,#4537,.F.);
#6493=ORIENTED_EDGE('',*,*,#5037,.F.);
#6494=ORIENTED_EDGE('',*,*,#4998,.T.);
#6495=ORIENTED_EDGE('',*,*,#5038,.T.);
#6496=ORIENTED_EDGE('',*,*,#4533,.F.);
#6497=ORIENTED_EDGE('',*,*,#5039,.F.);
#6498=ORIENTED_EDGE('',*,*,#5002,.T.);
#6499=ORIENTED_EDGE('',*,*,#5040,.T.);
#6500=ORIENTED_EDGE('',*,*,#4529,.F.);
#6501=ORIENTED_EDGE('',*,*,#5041,.F.);
#6502=ORIENTED_EDGE('',*,*,#5006,.T.);
#6503=ORIENTED_EDGE('',*,*,#5042,.T.);
#6504=ORIENTED_EDGE('',*,*,#4525,.F.);
#6505=ORIENTED_EDGE('',*,*,#5043,.F.);
#6506=ORIENTED_EDGE('',*,*,#5010,.T.);
#6507=ORIENTED_EDGE('',*,*,#5044,.T.);
#6508=ORIENTED_EDGE('',*,*,#4521,.F.);
#6509=ORIENTED_EDGE('',*,*,#5045,.F.);
#6510=ORIENTED_EDGE('',*,*,#4192,.T.);
#6511=ORIENTED_EDGE('',*,*,#4703,.F.);
#6512=ORIENTED_EDGE('',*,*,#4895,.F.);
#6513=ORIENTED_EDGE('',*,*,#4296,.T.);
#6514=ORIENTED_EDGE('',*,*,#4679,.T.);
#6515=ORIENTED_EDGE('',*,*,#4683,.F.);
#6516=ORIENTED_EDGE('',*,*,#4677,.T.);
#6517=ORIENTED_EDGE('',*,*,#4685,.F.);
#6518=ORIENTED_EDGE('',*,*,#4675,.T.);
#6519=ORIENTED_EDGE('',*,*,#4687,.F.);
#6520=ORIENTED_EDGE('',*,*,#4673,.T.);
#6521=ORIENTED_EDGE('',*,*,#4689,.F.);
#6522=ORIENTED_EDGE('',*,*,#4443,.F.);
#6523=ORIENTED_EDGE('',*,*,#5046,.F.);
#6524=ORIENTED_EDGE('',*,*,#5047,.T.);
#6525=ORIENTED_EDGE('',*,*,#5048,.T.);
#6526=ORIENTED_EDGE('',*,*,#4444,.F.);
#6527=ORIENTED_EDGE('',*,*,#5048,.F.);
#6528=ORIENTED_EDGE('',*,*,#5049,.T.);
#6529=ORIENTED_EDGE('',*,*,#4763,.T.);
#6530=ORIENTED_EDGE('',*,*,#4442,.T.);
#6531=ORIENTED_EDGE('',*,*,#4765,.F.);
#6532=ORIENTED_EDGE('',*,*,#5050,.F.);
#6533=ORIENTED_EDGE('',*,*,#5046,.T.);
#6534=ORIENTED_EDGE('',*,*,#5047,.F.);
#6535=ORIENTED_EDGE('',*,*,#5050,.T.);
#6536=ORIENTED_EDGE('',*,*,#4764,.T.);
#6537=ORIENTED_EDGE('',*,*,#5049,.F.);
#6538=ORIENTED_EDGE('',*,*,#4447,.F.);
#6539=ORIENTED_EDGE('',*,*,#5051,.F.);
#6540=ORIENTED_EDGE('',*,*,#5052,.T.);
#6541=ORIENTED_EDGE('',*,*,#5053,.T.);
#6542=ORIENTED_EDGE('',*,*,#4448,.F.);
#6543=ORIENTED_EDGE('',*,*,#5053,.F.);
#6544=ORIENTED_EDGE('',*,*,#5054,.T.);
#6545=ORIENTED_EDGE('',*,*,#4760,.T.);
#6546=ORIENTED_EDGE('',*,*,#4446,.T.);
#6547=ORIENTED_EDGE('',*,*,#4762,.F.);
#6548=ORIENTED_EDGE('',*,*,#5055,.F.);
#6549=ORIENTED_EDGE('',*,*,#5051,.T.);
#6550=ORIENTED_EDGE('',*,*,#5052,.F.);
#6551=ORIENTED_EDGE('',*,*,#5055,.T.);
#6552=ORIENTED_EDGE('',*,*,#4761,.T.);
#6553=ORIENTED_EDGE('',*,*,#5054,.F.);
#6554=ORIENTED_EDGE('',*,*,#4451,.F.);
#6555=ORIENTED_EDGE('',*,*,#5056,.F.);
#6556=ORIENTED_EDGE('',*,*,#5057,.T.);
#6557=ORIENTED_EDGE('',*,*,#5058,.T.);
#6558=ORIENTED_EDGE('',*,*,#4452,.F.);
#6559=ORIENTED_EDGE('',*,*,#5058,.F.);
#6560=ORIENTED_EDGE('',*,*,#5059,.T.);
#6561=ORIENTED_EDGE('',*,*,#4757,.T.);
#6562=ORIENTED_EDGE('',*,*,#4450,.T.);
#6563=ORIENTED_EDGE('',*,*,#4759,.F.);
#6564=ORIENTED_EDGE('',*,*,#5060,.F.);
#6565=ORIENTED_EDGE('',*,*,#5056,.T.);
#6566=ORIENTED_EDGE('',*,*,#5057,.F.);
#6567=ORIENTED_EDGE('',*,*,#5060,.T.);
#6568=ORIENTED_EDGE('',*,*,#4758,.T.);
#6569=ORIENTED_EDGE('',*,*,#5059,.F.);
#6570=ORIENTED_EDGE('',*,*,#4455,.F.);
#6571=ORIENTED_EDGE('',*,*,#5061,.F.);
#6572=ORIENTED_EDGE('',*,*,#5062,.T.);
#6573=ORIENTED_EDGE('',*,*,#5063,.T.);
#6574=ORIENTED_EDGE('',*,*,#4456,.F.);
#6575=ORIENTED_EDGE('',*,*,#5063,.F.);
#6576=ORIENTED_EDGE('',*,*,#5064,.T.);
#6577=ORIENTED_EDGE('',*,*,#4754,.T.);
#6578=ORIENTED_EDGE('',*,*,#4454,.T.);
#6579=ORIENTED_EDGE('',*,*,#4756,.F.);
#6580=ORIENTED_EDGE('',*,*,#5065,.F.);
#6581=ORIENTED_EDGE('',*,*,#5061,.T.);
#6582=ORIENTED_EDGE('',*,*,#5062,.F.);
#6583=ORIENTED_EDGE('',*,*,#5065,.T.);
#6584=ORIENTED_EDGE('',*,*,#4755,.T.);
#6585=ORIENTED_EDGE('',*,*,#5064,.F.);
#6586=ORIENTED_EDGE('',*,*,#4459,.F.);
#6587=ORIENTED_EDGE('',*,*,#5066,.F.);
#6588=ORIENTED_EDGE('',*,*,#5067,.T.);
#6589=ORIENTED_EDGE('',*,*,#5068,.T.);
#6590=ORIENTED_EDGE('',*,*,#4460,.F.);
#6591=ORIENTED_EDGE('',*,*,#5068,.F.);
#6592=ORIENTED_EDGE('',*,*,#5069,.T.);
#6593=ORIENTED_EDGE('',*,*,#4751,.T.);
#6594=ORIENTED_EDGE('',*,*,#4458,.T.);
#6595=ORIENTED_EDGE('',*,*,#4753,.F.);
#6596=ORIENTED_EDGE('',*,*,#5070,.F.);
#6597=ORIENTED_EDGE('',*,*,#5066,.T.);
#6598=ORIENTED_EDGE('',*,*,#5067,.F.);
#6599=ORIENTED_EDGE('',*,*,#5070,.T.);
#6600=ORIENTED_EDGE('',*,*,#4752,.T.);
#6601=ORIENTED_EDGE('',*,*,#5069,.F.);
#6602=ORIENTED_EDGE('',*,*,#4463,.F.);
#6603=ORIENTED_EDGE('',*,*,#5071,.F.);
#6604=ORIENTED_EDGE('',*,*,#5072,.T.);
#6605=ORIENTED_EDGE('',*,*,#5073,.T.);
#6606=ORIENTED_EDGE('',*,*,#4464,.F.);
#6607=ORIENTED_EDGE('',*,*,#5073,.F.);
#6608=ORIENTED_EDGE('',*,*,#5074,.T.);
#6609=ORIENTED_EDGE('',*,*,#4748,.T.);
#6610=ORIENTED_EDGE('',*,*,#4462,.T.);
#6611=ORIENTED_EDGE('',*,*,#4750,.F.);
#6612=ORIENTED_EDGE('',*,*,#5075,.F.);
#6613=ORIENTED_EDGE('',*,*,#5071,.T.);
#6614=ORIENTED_EDGE('',*,*,#5072,.F.);
#6615=ORIENTED_EDGE('',*,*,#5075,.T.);
#6616=ORIENTED_EDGE('',*,*,#4749,.T.);
#6617=ORIENTED_EDGE('',*,*,#5074,.F.);
#6618=ORIENTED_EDGE('',*,*,#4467,.F.);
#6619=ORIENTED_EDGE('',*,*,#5076,.F.);
#6620=ORIENTED_EDGE('',*,*,#5077,.T.);
#6621=ORIENTED_EDGE('',*,*,#5078,.T.);
#6622=ORIENTED_EDGE('',*,*,#4468,.F.);
#6623=ORIENTED_EDGE('',*,*,#5078,.F.);
#6624=ORIENTED_EDGE('',*,*,#5079,.T.);
#6625=ORIENTED_EDGE('',*,*,#4745,.T.);
#6626=ORIENTED_EDGE('',*,*,#4466,.T.);
#6627=ORIENTED_EDGE('',*,*,#4747,.F.);
#6628=ORIENTED_EDGE('',*,*,#5080,.F.);
#6629=ORIENTED_EDGE('',*,*,#5076,.T.);
#6630=ORIENTED_EDGE('',*,*,#5077,.F.);
#6631=ORIENTED_EDGE('',*,*,#5080,.T.);
#6632=ORIENTED_EDGE('',*,*,#4746,.T.);
#6633=ORIENTED_EDGE('',*,*,#5079,.F.);
#6634=ORIENTED_EDGE('',*,*,#4471,.F.);
#6635=ORIENTED_EDGE('',*,*,#5081,.F.);
#6636=ORIENTED_EDGE('',*,*,#5082,.T.);
#6637=ORIENTED_EDGE('',*,*,#5083,.T.);
#6638=ORIENTED_EDGE('',*,*,#4472,.F.);
#6639=ORIENTED_EDGE('',*,*,#5083,.F.);
#6640=ORIENTED_EDGE('',*,*,#5084,.T.);
#6641=ORIENTED_EDGE('',*,*,#4742,.T.);
#6642=ORIENTED_EDGE('',*,*,#4470,.T.);
#6643=ORIENTED_EDGE('',*,*,#4744,.F.);
#6644=ORIENTED_EDGE('',*,*,#5085,.F.);
#6645=ORIENTED_EDGE('',*,*,#5081,.T.);
#6646=ORIENTED_EDGE('',*,*,#5082,.F.);
#6647=ORIENTED_EDGE('',*,*,#5085,.T.);
#6648=ORIENTED_EDGE('',*,*,#4743,.T.);
#6649=ORIENTED_EDGE('',*,*,#5084,.F.);
#6650=ORIENTED_EDGE('',*,*,#4475,.F.);
#6651=ORIENTED_EDGE('',*,*,#5086,.F.);
#6652=ORIENTED_EDGE('',*,*,#5087,.T.);
#6653=ORIENTED_EDGE('',*,*,#5088,.T.);
#6654=ORIENTED_EDGE('',*,*,#4476,.F.);
#6655=ORIENTED_EDGE('',*,*,#5088,.F.);
#6656=ORIENTED_EDGE('',*,*,#5089,.T.);
#6657=ORIENTED_EDGE('',*,*,#4739,.T.);
#6658=ORIENTED_EDGE('',*,*,#4474,.T.);
#6659=ORIENTED_EDGE('',*,*,#4741,.F.);
#6660=ORIENTED_EDGE('',*,*,#5090,.F.);
#6661=ORIENTED_EDGE('',*,*,#5086,.T.);
#6662=ORIENTED_EDGE('',*,*,#5087,.F.);
#6663=ORIENTED_EDGE('',*,*,#5090,.T.);
#6664=ORIENTED_EDGE('',*,*,#4740,.T.);
#6665=ORIENTED_EDGE('',*,*,#5089,.F.);
#6666=ORIENTED_EDGE('',*,*,#4479,.F.);
#6667=ORIENTED_EDGE('',*,*,#5091,.F.);
#6668=ORIENTED_EDGE('',*,*,#5092,.T.);
#6669=ORIENTED_EDGE('',*,*,#5093,.T.);
#6670=ORIENTED_EDGE('',*,*,#4480,.F.);
#6671=ORIENTED_EDGE('',*,*,#5093,.F.);
#6672=ORIENTED_EDGE('',*,*,#5094,.T.);
#6673=ORIENTED_EDGE('',*,*,#4736,.T.);
#6674=ORIENTED_EDGE('',*,*,#4478,.T.);
#6675=ORIENTED_EDGE('',*,*,#4738,.F.);
#6676=ORIENTED_EDGE('',*,*,#5095,.F.);
#6677=ORIENTED_EDGE('',*,*,#5091,.T.);
#6678=ORIENTED_EDGE('',*,*,#5092,.F.);
#6679=ORIENTED_EDGE('',*,*,#5095,.T.);
#6680=ORIENTED_EDGE('',*,*,#4737,.T.);
#6681=ORIENTED_EDGE('',*,*,#5094,.F.);
#6682=ORIENTED_EDGE('',*,*,#4483,.F.);
#6683=ORIENTED_EDGE('',*,*,#5096,.F.);
#6684=ORIENTED_EDGE('',*,*,#5097,.T.);
#6685=ORIENTED_EDGE('',*,*,#5098,.T.);
#6686=ORIENTED_EDGE('',*,*,#4484,.F.);
#6687=ORIENTED_EDGE('',*,*,#5098,.F.);
#6688=ORIENTED_EDGE('',*,*,#5099,.T.);
#6689=ORIENTED_EDGE('',*,*,#4733,.T.);
#6690=ORIENTED_EDGE('',*,*,#4482,.T.);
#6691=ORIENTED_EDGE('',*,*,#4735,.F.);
#6692=ORIENTED_EDGE('',*,*,#5100,.F.);
#6693=ORIENTED_EDGE('',*,*,#5096,.T.);
#6694=ORIENTED_EDGE('',*,*,#5097,.F.);
#6695=ORIENTED_EDGE('',*,*,#5100,.T.);
#6696=ORIENTED_EDGE('',*,*,#4734,.T.);
#6697=ORIENTED_EDGE('',*,*,#5099,.F.);
#6698=ORIENTED_EDGE('',*,*,#4487,.F.);
#6699=ORIENTED_EDGE('',*,*,#5101,.F.);
#6700=ORIENTED_EDGE('',*,*,#5102,.T.);
#6701=ORIENTED_EDGE('',*,*,#5103,.T.);
#6702=ORIENTED_EDGE('',*,*,#4488,.F.);
#6703=ORIENTED_EDGE('',*,*,#5103,.F.);
#6704=ORIENTED_EDGE('',*,*,#5104,.T.);
#6705=ORIENTED_EDGE('',*,*,#4730,.T.);
#6706=ORIENTED_EDGE('',*,*,#4486,.T.);
#6707=ORIENTED_EDGE('',*,*,#4732,.F.);
#6708=ORIENTED_EDGE('',*,*,#5105,.F.);
#6709=ORIENTED_EDGE('',*,*,#5101,.T.);
#6710=ORIENTED_EDGE('',*,*,#5102,.F.);
#6711=ORIENTED_EDGE('',*,*,#5105,.T.);
#6712=ORIENTED_EDGE('',*,*,#4731,.T.);
#6713=ORIENTED_EDGE('',*,*,#5104,.F.);
#6714=ORIENTED_EDGE('',*,*,#4491,.F.);
#6715=ORIENTED_EDGE('',*,*,#5106,.F.);
#6716=ORIENTED_EDGE('',*,*,#5107,.T.);
#6717=ORIENTED_EDGE('',*,*,#5108,.T.);
#6718=ORIENTED_EDGE('',*,*,#4492,.F.);
#6719=ORIENTED_EDGE('',*,*,#5108,.F.);
#6720=ORIENTED_EDGE('',*,*,#5109,.T.);
#6721=ORIENTED_EDGE('',*,*,#4727,.T.);
#6722=ORIENTED_EDGE('',*,*,#4490,.T.);
#6723=ORIENTED_EDGE('',*,*,#4729,.F.);
#6724=ORIENTED_EDGE('',*,*,#5110,.F.);
#6725=ORIENTED_EDGE('',*,*,#5106,.T.);
#6726=ORIENTED_EDGE('',*,*,#5107,.F.);
#6727=ORIENTED_EDGE('',*,*,#5110,.T.);
#6728=ORIENTED_EDGE('',*,*,#4728,.T.);
#6729=ORIENTED_EDGE('',*,*,#5109,.F.);
#6730=ORIENTED_EDGE('',*,*,#4495,.F.);
#6731=ORIENTED_EDGE('',*,*,#5111,.F.);
#6732=ORIENTED_EDGE('',*,*,#5112,.T.);
#6733=ORIENTED_EDGE('',*,*,#5113,.T.);
#6734=ORIENTED_EDGE('',*,*,#4496,.F.);
#6735=ORIENTED_EDGE('',*,*,#5113,.F.);
#6736=ORIENTED_EDGE('',*,*,#5114,.T.);
#6737=ORIENTED_EDGE('',*,*,#4724,.T.);
#6738=ORIENTED_EDGE('',*,*,#4494,.T.);
#6739=ORIENTED_EDGE('',*,*,#4726,.F.);
#6740=ORIENTED_EDGE('',*,*,#5115,.F.);
#6741=ORIENTED_EDGE('',*,*,#5111,.T.);
#6742=ORIENTED_EDGE('',*,*,#5112,.F.);
#6743=ORIENTED_EDGE('',*,*,#5115,.T.);
#6744=ORIENTED_EDGE('',*,*,#4725,.T.);
#6745=ORIENTED_EDGE('',*,*,#5114,.F.);
#6746=ORIENTED_EDGE('',*,*,#4499,.F.);
#6747=ORIENTED_EDGE('',*,*,#5116,.F.);
#6748=ORIENTED_EDGE('',*,*,#5117,.T.);
#6749=ORIENTED_EDGE('',*,*,#5118,.T.);
#6750=ORIENTED_EDGE('',*,*,#4500,.F.);
#6751=ORIENTED_EDGE('',*,*,#5118,.F.);
#6752=ORIENTED_EDGE('',*,*,#5119,.T.);
#6753=ORIENTED_EDGE('',*,*,#4721,.T.);
#6754=ORIENTED_EDGE('',*,*,#4498,.T.);
#6755=ORIENTED_EDGE('',*,*,#4723,.F.);
#6756=ORIENTED_EDGE('',*,*,#5120,.F.);
#6757=ORIENTED_EDGE('',*,*,#5116,.T.);
#6758=ORIENTED_EDGE('',*,*,#5117,.F.);
#6759=ORIENTED_EDGE('',*,*,#5120,.T.);
#6760=ORIENTED_EDGE('',*,*,#4722,.T.);
#6761=ORIENTED_EDGE('',*,*,#5119,.F.);
#6762=ORIENTED_EDGE('',*,*,#4503,.F.);
#6763=ORIENTED_EDGE('',*,*,#5121,.F.);
#6764=ORIENTED_EDGE('',*,*,#5122,.T.);
#6765=ORIENTED_EDGE('',*,*,#5123,.T.);
#6766=ORIENTED_EDGE('',*,*,#4504,.F.);
#6767=ORIENTED_EDGE('',*,*,#5123,.F.);
#6768=ORIENTED_EDGE('',*,*,#5124,.T.);
#6769=ORIENTED_EDGE('',*,*,#4718,.T.);
#6770=ORIENTED_EDGE('',*,*,#4502,.T.);
#6771=ORIENTED_EDGE('',*,*,#4720,.F.);
#6772=ORIENTED_EDGE('',*,*,#5125,.F.);
#6773=ORIENTED_EDGE('',*,*,#5121,.T.);
#6774=ORIENTED_EDGE('',*,*,#5122,.F.);
#6775=ORIENTED_EDGE('',*,*,#5125,.T.);
#6776=ORIENTED_EDGE('',*,*,#4719,.T.);
#6777=ORIENTED_EDGE('',*,*,#5124,.F.);
#6778=ORIENTED_EDGE('',*,*,#4507,.F.);
#6779=ORIENTED_EDGE('',*,*,#5126,.F.);
#6780=ORIENTED_EDGE('',*,*,#5127,.T.);
#6781=ORIENTED_EDGE('',*,*,#5128,.T.);
#6782=ORIENTED_EDGE('',*,*,#4508,.F.);
#6783=ORIENTED_EDGE('',*,*,#5128,.F.);
#6784=ORIENTED_EDGE('',*,*,#5129,.T.);
#6785=ORIENTED_EDGE('',*,*,#4715,.T.);
#6786=ORIENTED_EDGE('',*,*,#4506,.T.);
#6787=ORIENTED_EDGE('',*,*,#4717,.F.);
#6788=ORIENTED_EDGE('',*,*,#5130,.F.);
#6789=ORIENTED_EDGE('',*,*,#5126,.T.);
#6790=ORIENTED_EDGE('',*,*,#5127,.F.);
#6791=ORIENTED_EDGE('',*,*,#5130,.T.);
#6792=ORIENTED_EDGE('',*,*,#4716,.T.);
#6793=ORIENTED_EDGE('',*,*,#5129,.F.);
#6794=ORIENTED_EDGE('',*,*,#4511,.F.);
#6795=ORIENTED_EDGE('',*,*,#5131,.F.);
#6796=ORIENTED_EDGE('',*,*,#5132,.T.);
#6797=ORIENTED_EDGE('',*,*,#5133,.T.);
#6798=ORIENTED_EDGE('',*,*,#4512,.F.);
#6799=ORIENTED_EDGE('',*,*,#5133,.F.);
#6800=ORIENTED_EDGE('',*,*,#5134,.T.);
#6801=ORIENTED_EDGE('',*,*,#4712,.T.);
#6802=ORIENTED_EDGE('',*,*,#4510,.T.);
#6803=ORIENTED_EDGE('',*,*,#4714,.F.);
#6804=ORIENTED_EDGE('',*,*,#5135,.F.);
#6805=ORIENTED_EDGE('',*,*,#5131,.T.);
#6806=ORIENTED_EDGE('',*,*,#5132,.F.);
#6807=ORIENTED_EDGE('',*,*,#5135,.T.);
#6808=ORIENTED_EDGE('',*,*,#4713,.T.);
#6809=ORIENTED_EDGE('',*,*,#5134,.F.);
#6810=ORIENTED_EDGE('',*,*,#4515,.F.);
#6811=ORIENTED_EDGE('',*,*,#5136,.F.);
#6812=ORIENTED_EDGE('',*,*,#5137,.T.);
#6813=ORIENTED_EDGE('',*,*,#5138,.T.);
#6814=ORIENTED_EDGE('',*,*,#4516,.F.);
#6815=ORIENTED_EDGE('',*,*,#5138,.F.);
#6816=ORIENTED_EDGE('',*,*,#5139,.T.);
#6817=ORIENTED_EDGE('',*,*,#4709,.T.);
#6818=ORIENTED_EDGE('',*,*,#4514,.T.);
#6819=ORIENTED_EDGE('',*,*,#4711,.F.);
#6820=ORIENTED_EDGE('',*,*,#5140,.F.);
#6821=ORIENTED_EDGE('',*,*,#5136,.T.);
#6822=ORIENTED_EDGE('',*,*,#5137,.F.);
#6823=ORIENTED_EDGE('',*,*,#5140,.T.);
#6824=ORIENTED_EDGE('',*,*,#4710,.T.);
#6825=ORIENTED_EDGE('',*,*,#5139,.F.);
#6826=ORIENTED_EDGE('',*,*,#4519,.F.);
#6827=ORIENTED_EDGE('',*,*,#5141,.F.);
#6828=ORIENTED_EDGE('',*,*,#5012,.T.);
#6829=ORIENTED_EDGE('',*,*,#5142,.T.);
#6830=ORIENTED_EDGE('',*,*,#4520,.F.);
#6831=ORIENTED_EDGE('',*,*,#5142,.F.);
#6832=ORIENTED_EDGE('',*,*,#5011,.T.);
#6833=ORIENTED_EDGE('',*,*,#5045,.T.);
#6834=ORIENTED_EDGE('',*,*,#4518,.T.);
#6835=ORIENTED_EDGE('',*,*,#4708,.F.);
#6836=ORIENTED_EDGE('',*,*,#5013,.F.);
#6837=ORIENTED_EDGE('',*,*,#5141,.T.);
#6838=ORIENTED_EDGE('',*,*,#4523,.F.);
#6839=ORIENTED_EDGE('',*,*,#5143,.F.);
#6840=ORIENTED_EDGE('',*,*,#5008,.T.);
#6841=ORIENTED_EDGE('',*,*,#5144,.T.);
#6842=ORIENTED_EDGE('',*,*,#4524,.F.);
#6843=ORIENTED_EDGE('',*,*,#5144,.F.);
#6844=ORIENTED_EDGE('',*,*,#5007,.T.);
#6845=ORIENTED_EDGE('',*,*,#5043,.T.);
#6846=ORIENTED_EDGE('',*,*,#4522,.T.);
#6847=ORIENTED_EDGE('',*,*,#5044,.F.);
#6848=ORIENTED_EDGE('',*,*,#5009,.F.);
#6849=ORIENTED_EDGE('',*,*,#5143,.T.);
#6850=ORIENTED_EDGE('',*,*,#4527,.F.);
#6851=ORIENTED_EDGE('',*,*,#5145,.F.);
#6852=ORIENTED_EDGE('',*,*,#5004,.T.);
#6853=ORIENTED_EDGE('',*,*,#5146,.T.);
#6854=ORIENTED_EDGE('',*,*,#4528,.F.);
#6855=ORIENTED_EDGE('',*,*,#5146,.F.);
#6856=ORIENTED_EDGE('',*,*,#5003,.T.);
#6857=ORIENTED_EDGE('',*,*,#5041,.T.);
#6858=ORIENTED_EDGE('',*,*,#4526,.T.);
#6859=ORIENTED_EDGE('',*,*,#5042,.F.);
#6860=ORIENTED_EDGE('',*,*,#5005,.F.);
#6861=ORIENTED_EDGE('',*,*,#5145,.T.);
#6862=ORIENTED_EDGE('',*,*,#4531,.F.);
#6863=ORIENTED_EDGE('',*,*,#5147,.F.);
#6864=ORIENTED_EDGE('',*,*,#5000,.T.);
#6865=ORIENTED_EDGE('',*,*,#5148,.T.);
#6866=ORIENTED_EDGE('',*,*,#4532,.F.);
#6867=ORIENTED_EDGE('',*,*,#5148,.F.);
#6868=ORIENTED_EDGE('',*,*,#4999,.T.);
#6869=ORIENTED_EDGE('',*,*,#5039,.T.);
#6870=ORIENTED_EDGE('',*,*,#4530,.T.);
#6871=ORIENTED_EDGE('',*,*,#5040,.F.);
#6872=ORIENTED_EDGE('',*,*,#5001,.F.);
#6873=ORIENTED_EDGE('',*,*,#5147,.T.);
#6874=ORIENTED_EDGE('',*,*,#4535,.F.);
#6875=ORIENTED_EDGE('',*,*,#5149,.F.);
#6876=ORIENTED_EDGE('',*,*,#4996,.T.);
#6877=ORIENTED_EDGE('',*,*,#5150,.T.);
#6878=ORIENTED_EDGE('',*,*,#4536,.F.);
#6879=ORIENTED_EDGE('',*,*,#5150,.F.);
#6880=ORIENTED_EDGE('',*,*,#4995,.T.);
#6881=ORIENTED_EDGE('',*,*,#5037,.T.);
#6882=ORIENTED_EDGE('',*,*,#4534,.T.);
#6883=ORIENTED_EDGE('',*,*,#5038,.F.);
#6884=ORIENTED_EDGE('',*,*,#4997,.F.);
#6885=ORIENTED_EDGE('',*,*,#5149,.T.);
#6886=ORIENTED_EDGE('',*,*,#4539,.F.);
#6887=ORIENTED_EDGE('',*,*,#5151,.F.);
#6888=ORIENTED_EDGE('',*,*,#4992,.T.);
#6889=ORIENTED_EDGE('',*,*,#5152,.T.);
#6890=ORIENTED_EDGE('',*,*,#4540,.F.);
#6891=ORIENTED_EDGE('',*,*,#5152,.F.);
#6892=ORIENTED_EDGE('',*,*,#4991,.T.);
#6893=ORIENTED_EDGE('',*,*,#5035,.T.);
#6894=ORIENTED_EDGE('',*,*,#4538,.T.);
#6895=ORIENTED_EDGE('',*,*,#5036,.F.);
#6896=ORIENTED_EDGE('',*,*,#4993,.F.);
#6897=ORIENTED_EDGE('',*,*,#5151,.T.);
#6898=ORIENTED_EDGE('',*,*,#4543,.F.);
#6899=ORIENTED_EDGE('',*,*,#5153,.F.);
#6900=ORIENTED_EDGE('',*,*,#4988,.T.);
#6901=ORIENTED_EDGE('',*,*,#5154,.T.);
#6902=ORIENTED_EDGE('',*,*,#4544,.F.);
#6903=ORIENTED_EDGE('',*,*,#5154,.F.);
#6904=ORIENTED_EDGE('',*,*,#4987,.T.);
#6905=ORIENTED_EDGE('',*,*,#5033,.T.);
#6906=ORIENTED_EDGE('',*,*,#4542,.T.);
#6907=ORIENTED_EDGE('',*,*,#5034,.F.);
#6908=ORIENTED_EDGE('',*,*,#4989,.F.);
#6909=ORIENTED_EDGE('',*,*,#5153,.T.);
#6910=ORIENTED_EDGE('',*,*,#4547,.F.);
#6911=ORIENTED_EDGE('',*,*,#5155,.F.);
#6912=ORIENTED_EDGE('',*,*,#4984,.T.);
#6913=ORIENTED_EDGE('',*,*,#5156,.T.);
#6914=ORIENTED_EDGE('',*,*,#4548,.F.);
#6915=ORIENTED_EDGE('',*,*,#5156,.F.);
#6916=ORIENTED_EDGE('',*,*,#4983,.T.);
#6917=ORIENTED_EDGE('',*,*,#5031,.T.);
#6918=ORIENTED_EDGE('',*,*,#4546,.T.);
#6919=ORIENTED_EDGE('',*,*,#5032,.F.);
#6920=ORIENTED_EDGE('',*,*,#4985,.F.);
#6921=ORIENTED_EDGE('',*,*,#5155,.T.);
#6922=ORIENTED_EDGE('',*,*,#4550,.T.);
#6923=ORIENTED_EDGE('',*,*,#5030,.F.);
#6924=ORIENTED_EDGE('',*,*,#4981,.F.);
#6925=ORIENTED_EDGE('',*,*,#5157,.T.);
#6926=ORIENTED_EDGE('',*,*,#4957,.T.);
#6927=ORIENTED_EDGE('',*,*,#5158,.T.);
#6928=ORIENTED_EDGE('',*,*,#4308,.F.);
#6929=ORIENTED_EDGE('',*,*,#5159,.F.);
#6930=ORIENTED_EDGE('',*,*,#4312,.T.);
#6931=ORIENTED_EDGE('',*,*,#5160,.T.);
#6932=ORIENTED_EDGE('',*,*,#4892,.F.);
#6933=ORIENTED_EDGE('',*,*,#4633,.T.);
#6934=ORIENTED_EDGE('',*,*,#4336,.F.);
#6935=ORIENTED_EDGE('',*,*,#5161,.F.);
#6936=ORIENTED_EDGE('',*,*,#4928,.T.);
#6937=ORIENTED_EDGE('',*,*,#5029,.T.);
#6938=ORIENTED_EDGE('',*,*,#4339,.F.);
#6939=ORIENTED_EDGE('',*,*,#5162,.F.);
#6940=ORIENTED_EDGE('',*,*,#4925,.T.);
#6941=ORIENTED_EDGE('',*,*,#5163,.T.);
#6942=ORIENTED_EDGE('',*,*,#4340,.F.);
#6943=ORIENTED_EDGE('',*,*,#5163,.F.);
#6944=ORIENTED_EDGE('',*,*,#4924,.T.);
#6945=ORIENTED_EDGE('',*,*,#5027,.T.);
#6946=ORIENTED_EDGE('',*,*,#4338,.T.);
#6947=ORIENTED_EDGE('',*,*,#5028,.F.);
#6948=ORIENTED_EDGE('',*,*,#4926,.F.);
#6949=ORIENTED_EDGE('',*,*,#5162,.T.);
#6950=ORIENTED_EDGE('',*,*,#4343,.F.);
#6951=ORIENTED_EDGE('',*,*,#5164,.F.);
#6952=ORIENTED_EDGE('',*,*,#4921,.T.);
#6953=ORIENTED_EDGE('',*,*,#5165,.T.);
#6954=ORIENTED_EDGE('',*,*,#4344,.F.);
#6955=ORIENTED_EDGE('',*,*,#5165,.F.);
#6956=ORIENTED_EDGE('',*,*,#4920,.T.);
#6957=ORIENTED_EDGE('',*,*,#5025,.T.);
#6958=ORIENTED_EDGE('',*,*,#4342,.T.);
#6959=ORIENTED_EDGE('',*,*,#5026,.F.);
#6960=ORIENTED_EDGE('',*,*,#4922,.F.);
#6961=ORIENTED_EDGE('',*,*,#5164,.T.);
#6962=ORIENTED_EDGE('',*,*,#4347,.F.);
#6963=ORIENTED_EDGE('',*,*,#5166,.F.);
#6964=ORIENTED_EDGE('',*,*,#4917,.T.);
#6965=ORIENTED_EDGE('',*,*,#5167,.T.);
#6966=ORIENTED_EDGE('',*,*,#4348,.F.);
#6967=ORIENTED_EDGE('',*,*,#5167,.F.);
#6968=ORIENTED_EDGE('',*,*,#4916,.T.);
#6969=ORIENTED_EDGE('',*,*,#5023,.T.);
#6970=ORIENTED_EDGE('',*,*,#4346,.T.);
#6971=ORIENTED_EDGE('',*,*,#5024,.F.);
#6972=ORIENTED_EDGE('',*,*,#4918,.F.);
#6973=ORIENTED_EDGE('',*,*,#5166,.T.);
#6974=ORIENTED_EDGE('',*,*,#4351,.F.);
#6975=ORIENTED_EDGE('',*,*,#5168,.F.);
#6976=ORIENTED_EDGE('',*,*,#4913,.T.);
#6977=ORIENTED_EDGE('',*,*,#5169,.T.);
#6978=ORIENTED_EDGE('',*,*,#4352,.F.);
#6979=ORIENTED_EDGE('',*,*,#5169,.F.);
#6980=ORIENTED_EDGE('',*,*,#4912,.T.);
#6981=ORIENTED_EDGE('',*,*,#5021,.T.);
#6982=ORIENTED_EDGE('',*,*,#4350,.T.);
#6983=ORIENTED_EDGE('',*,*,#5022,.F.);
#6984=ORIENTED_EDGE('',*,*,#4914,.F.);
#6985=ORIENTED_EDGE('',*,*,#5168,.T.);
#6986=ORIENTED_EDGE('',*,*,#4355,.F.);
#6987=ORIENTED_EDGE('',*,*,#5170,.F.);
#6988=ORIENTED_EDGE('',*,*,#4909,.T.);
#6989=ORIENTED_EDGE('',*,*,#5171,.T.);
#6990=ORIENTED_EDGE('',*,*,#4356,.F.);
#6991=ORIENTED_EDGE('',*,*,#5171,.F.);
#6992=ORIENTED_EDGE('',*,*,#4908,.T.);
#6993=ORIENTED_EDGE('',*,*,#5019,.T.);
#6994=ORIENTED_EDGE('',*,*,#4354,.T.);
#6995=ORIENTED_EDGE('',*,*,#5020,.F.);
#6996=ORIENTED_EDGE('',*,*,#4910,.F.);
#6997=ORIENTED_EDGE('',*,*,#5170,.T.);
#6998=ORIENTED_EDGE('',*,*,#4359,.F.);
#6999=ORIENTED_EDGE('',*,*,#5172,.F.);
#7000=ORIENTED_EDGE('',*,*,#4905,.T.);
#7001=ORIENTED_EDGE('',*,*,#5173,.T.);
#7002=ORIENTED_EDGE('',*,*,#4360,.F.);
#7003=ORIENTED_EDGE('',*,*,#5173,.F.);
#7004=ORIENTED_EDGE('',*,*,#4904,.T.);
#7005=ORIENTED_EDGE('',*,*,#5017,.T.);
#7006=ORIENTED_EDGE('',*,*,#4358,.T.);
#7007=ORIENTED_EDGE('',*,*,#5018,.F.);
#7008=ORIENTED_EDGE('',*,*,#4906,.F.);
#7009=ORIENTED_EDGE('',*,*,#5172,.T.);
#7010=ORIENTED_EDGE('',*,*,#4363,.F.);
#7011=ORIENTED_EDGE('',*,*,#5174,.F.);
#7012=ORIENTED_EDGE('',*,*,#4901,.T.);
#7013=ORIENTED_EDGE('',*,*,#5175,.T.);
#7014=ORIENTED_EDGE('',*,*,#4364,.F.);
#7015=ORIENTED_EDGE('',*,*,#5175,.F.);
#7016=ORIENTED_EDGE('',*,*,#4900,.T.);
#7017=ORIENTED_EDGE('',*,*,#5015,.T.);
#7018=ORIENTED_EDGE('',*,*,#4362,.T.);
#7019=ORIENTED_EDGE('',*,*,#5016,.F.);
#7020=ORIENTED_EDGE('',*,*,#4902,.F.);
#7021=ORIENTED_EDGE('',*,*,#5174,.T.);
#7022=ORIENTED_EDGE('',*,*,#4367,.F.);
#7023=ORIENTED_EDGE('',*,*,#5176,.F.);
#7024=ORIENTED_EDGE('',*,*,#4897,.T.);
#7025=ORIENTED_EDGE('',*,*,#5177,.T.);
#7026=ORIENTED_EDGE('',*,*,#4368,.F.);
#7027=ORIENTED_EDGE('',*,*,#5177,.F.);
#7028=ORIENTED_EDGE('',*,*,#4896,.T.);
#7029=ORIENTED_EDGE('',*,*,#4701,.T.);
#7030=ORIENTED_EDGE('',*,*,#4366,.T.);
#7031=ORIENTED_EDGE('',*,*,#5014,.F.);
#7032=ORIENTED_EDGE('',*,*,#4898,.F.);
#7033=ORIENTED_EDGE('',*,*,#5176,.T.);
#7034=ORIENTED_EDGE('',*,*,#4371,.F.);
#7035=ORIENTED_EDGE('',*,*,#5178,.F.);
#7036=ORIENTED_EDGE('',*,*,#5179,.T.);
#7037=ORIENTED_EDGE('',*,*,#5180,.T.);
#7038=ORIENTED_EDGE('',*,*,#4372,.F.);
#7039=ORIENTED_EDGE('',*,*,#5180,.F.);
#7040=ORIENTED_EDGE('',*,*,#5181,.T.);
#7041=ORIENTED_EDGE('',*,*,#4698,.T.);
#7042=ORIENTED_EDGE('',*,*,#4370,.T.);
#7043=ORIENTED_EDGE('',*,*,#4700,.F.);
#7044=ORIENTED_EDGE('',*,*,#5182,.F.);
#7045=ORIENTED_EDGE('',*,*,#5178,.T.);
#7046=ORIENTED_EDGE('',*,*,#5179,.F.);
#7047=ORIENTED_EDGE('',*,*,#5182,.T.);
#7048=ORIENTED_EDGE('',*,*,#4699,.T.);
#7049=ORIENTED_EDGE('',*,*,#5181,.F.);
#7050=ORIENTED_EDGE('',*,*,#4375,.F.);
#7051=ORIENTED_EDGE('',*,*,#5183,.F.);
#7052=ORIENTED_EDGE('',*,*,#5184,.T.);
#7053=ORIENTED_EDGE('',*,*,#5185,.T.);
#7054=ORIENTED_EDGE('',*,*,#4376,.F.);
#7055=ORIENTED_EDGE('',*,*,#5185,.F.);
#7056=ORIENTED_EDGE('',*,*,#5186,.T.);
#7057=ORIENTED_EDGE('',*,*,#4695,.T.);
#7058=ORIENTED_EDGE('',*,*,#4374,.T.);
#7059=ORIENTED_EDGE('',*,*,#4697,.F.);
#7060=ORIENTED_EDGE('',*,*,#5187,.F.);
#7061=ORIENTED_EDGE('',*,*,#5183,.T.);
#7062=ORIENTED_EDGE('',*,*,#5184,.F.);
#7063=ORIENTED_EDGE('',*,*,#5187,.T.);
#7064=ORIENTED_EDGE('',*,*,#4696,.T.);
#7065=ORIENTED_EDGE('',*,*,#5186,.F.);
#7066=ORIENTED_EDGE('',*,*,#4379,.F.);
#7067=ORIENTED_EDGE('',*,*,#5188,.F.);
#7068=ORIENTED_EDGE('',*,*,#5189,.T.);
#7069=ORIENTED_EDGE('',*,*,#5190,.T.);
#7070=ORIENTED_EDGE('',*,*,#4380,.F.);
#7071=ORIENTED_EDGE('',*,*,#5190,.F.);
#7072=ORIENTED_EDGE('',*,*,#5191,.T.);
#7073=ORIENTED_EDGE('',*,*,#4692,.T.);
#7074=ORIENTED_EDGE('',*,*,#4378,.T.);
#7075=ORIENTED_EDGE('',*,*,#4694,.F.);
#7076=ORIENTED_EDGE('',*,*,#5192,.F.);
#7077=ORIENTED_EDGE('',*,*,#5188,.T.);
#7078=ORIENTED_EDGE('',*,*,#5189,.F.);
#7079=ORIENTED_EDGE('',*,*,#5192,.T.);
#7080=ORIENTED_EDGE('',*,*,#4693,.T.);
#7081=ORIENTED_EDGE('',*,*,#5191,.F.);
#7082=ORIENTED_EDGE('',*,*,#4383,.F.);
#7083=ORIENTED_EDGE('',*,*,#5193,.F.);
#7084=ORIENTED_EDGE('',*,*,#5194,.T.);
#7085=ORIENTED_EDGE('',*,*,#5195,.T.);
#7086=ORIENTED_EDGE('',*,*,#4384,.F.);
#7087=ORIENTED_EDGE('',*,*,#5195,.F.);
#7088=ORIENTED_EDGE('',*,*,#5196,.T.);
#7089=ORIENTED_EDGE('',*,*,#4808,.T.);
#7090=ORIENTED_EDGE('',*,*,#4382,.T.);
#7091=ORIENTED_EDGE('',*,*,#4691,.F.);
#7092=ORIENTED_EDGE('',*,*,#5197,.F.);
#7093=ORIENTED_EDGE('',*,*,#5193,.T.);
#7094=ORIENTED_EDGE('',*,*,#5194,.F.);
#7095=ORIENTED_EDGE('',*,*,#5197,.T.);
#7096=ORIENTED_EDGE('',*,*,#4690,.T.);
#7097=ORIENTED_EDGE('',*,*,#5196,.F.);
#7098=ORIENTED_EDGE('',*,*,#4387,.F.);
#7099=ORIENTED_EDGE('',*,*,#5198,.F.);
#7100=ORIENTED_EDGE('',*,*,#5199,.T.);
#7101=ORIENTED_EDGE('',*,*,#5200,.T.);
#7102=ORIENTED_EDGE('',*,*,#4388,.F.);
#7103=ORIENTED_EDGE('',*,*,#5200,.F.);
#7104=ORIENTED_EDGE('',*,*,#5201,.T.);
#7105=ORIENTED_EDGE('',*,*,#4805,.T.);
#7106=ORIENTED_EDGE('',*,*,#4386,.T.);
#7107=ORIENTED_EDGE('',*,*,#4807,.F.);
#7108=ORIENTED_EDGE('',*,*,#5202,.F.);
#7109=ORIENTED_EDGE('',*,*,#5198,.T.);
#7110=ORIENTED_EDGE('',*,*,#5199,.F.);
#7111=ORIENTED_EDGE('',*,*,#5202,.T.);
#7112=ORIENTED_EDGE('',*,*,#4806,.T.);
#7113=ORIENTED_EDGE('',*,*,#5201,.F.);
#7114=ORIENTED_EDGE('',*,*,#4391,.F.);
#7115=ORIENTED_EDGE('',*,*,#5203,.F.);
#7116=ORIENTED_EDGE('',*,*,#5204,.T.);
#7117=ORIENTED_EDGE('',*,*,#5205,.T.);
#7118=ORIENTED_EDGE('',*,*,#4392,.F.);
#7119=ORIENTED_EDGE('',*,*,#5205,.F.);
#7120=ORIENTED_EDGE('',*,*,#5206,.T.);
#7121=ORIENTED_EDGE('',*,*,#4802,.T.);
#7122=ORIENTED_EDGE('',*,*,#4390,.T.);
#7123=ORIENTED_EDGE('',*,*,#4804,.F.);
#7124=ORIENTED_EDGE('',*,*,#5207,.F.);
#7125=ORIENTED_EDGE('',*,*,#5203,.T.);
#7126=ORIENTED_EDGE('',*,*,#5204,.F.);
#7127=ORIENTED_EDGE('',*,*,#5207,.T.);
#7128=ORIENTED_EDGE('',*,*,#4803,.T.);
#7129=ORIENTED_EDGE('',*,*,#5206,.F.);
#7130=ORIENTED_EDGE('',*,*,#4395,.F.);
#7131=ORIENTED_EDGE('',*,*,#5208,.F.);
#7132=ORIENTED_EDGE('',*,*,#5209,.T.);
#7133=ORIENTED_EDGE('',*,*,#5210,.T.);
#7134=ORIENTED_EDGE('',*,*,#4396,.F.);
#7135=ORIENTED_EDGE('',*,*,#5210,.F.);
#7136=ORIENTED_EDGE('',*,*,#5211,.T.);
#7137=ORIENTED_EDGE('',*,*,#4799,.T.);
#7138=ORIENTED_EDGE('',*,*,#4394,.T.);
#7139=ORIENTED_EDGE('',*,*,#4801,.F.);
#7140=ORIENTED_EDGE('',*,*,#5212,.F.);
#7141=ORIENTED_EDGE('',*,*,#5208,.T.);
#7142=ORIENTED_EDGE('',*,*,#5209,.F.);
#7143=ORIENTED_EDGE('',*,*,#5212,.T.);
#7144=ORIENTED_EDGE('',*,*,#4800,.T.);
#7145=ORIENTED_EDGE('',*,*,#5211,.F.);
#7146=ORIENTED_EDGE('',*,*,#4399,.F.);
#7147=ORIENTED_EDGE('',*,*,#5213,.F.);
#7148=ORIENTED_EDGE('',*,*,#5214,.T.);
#7149=ORIENTED_EDGE('',*,*,#5215,.T.);
#7150=ORIENTED_EDGE('',*,*,#4400,.F.);
#7151=ORIENTED_EDGE('',*,*,#5215,.F.);
#7152=ORIENTED_EDGE('',*,*,#5216,.T.);
#7153=ORIENTED_EDGE('',*,*,#4796,.T.);
#7154=ORIENTED_EDGE('',*,*,#4398,.T.);
#7155=ORIENTED_EDGE('',*,*,#4798,.F.);
#7156=ORIENTED_EDGE('',*,*,#5217,.F.);
#7157=ORIENTED_EDGE('',*,*,#5213,.T.);
#7158=ORIENTED_EDGE('',*,*,#5214,.F.);
#7159=ORIENTED_EDGE('',*,*,#5217,.T.);
#7160=ORIENTED_EDGE('',*,*,#4797,.T.);
#7161=ORIENTED_EDGE('',*,*,#5216,.F.);
#7162=ORIENTED_EDGE('',*,*,#4403,.F.);
#7163=ORIENTED_EDGE('',*,*,#5218,.F.);
#7164=ORIENTED_EDGE('',*,*,#5219,.T.);
#7165=ORIENTED_EDGE('',*,*,#5220,.T.);
#7166=ORIENTED_EDGE('',*,*,#4404,.F.);
#7167=ORIENTED_EDGE('',*,*,#5220,.F.);
#7168=ORIENTED_EDGE('',*,*,#5221,.T.);
#7169=ORIENTED_EDGE('',*,*,#4793,.T.);
#7170=ORIENTED_EDGE('',*,*,#4402,.T.);
#7171=ORIENTED_EDGE('',*,*,#4795,.F.);
#7172=ORIENTED_EDGE('',*,*,#5222,.F.);
#7173=ORIENTED_EDGE('',*,*,#5218,.T.);
#7174=ORIENTED_EDGE('',*,*,#5219,.F.);
#7175=ORIENTED_EDGE('',*,*,#5222,.T.);
#7176=ORIENTED_EDGE('',*,*,#4794,.T.);
#7177=ORIENTED_EDGE('',*,*,#5221,.F.);
#7178=ORIENTED_EDGE('',*,*,#4407,.F.);
#7179=ORIENTED_EDGE('',*,*,#5223,.F.);
#7180=ORIENTED_EDGE('',*,*,#5224,.T.);
#7181=ORIENTED_EDGE('',*,*,#5225,.T.);
#7182=ORIENTED_EDGE('',*,*,#4408,.F.);
#7183=ORIENTED_EDGE('',*,*,#5225,.F.);
#7184=ORIENTED_EDGE('',*,*,#5226,.T.);
#7185=ORIENTED_EDGE('',*,*,#4790,.T.);
#7186=ORIENTED_EDGE('',*,*,#4406,.T.);
#7187=ORIENTED_EDGE('',*,*,#4792,.F.);
#7188=ORIENTED_EDGE('',*,*,#5227,.F.);
#7189=ORIENTED_EDGE('',*,*,#5223,.T.);
#7190=ORIENTED_EDGE('',*,*,#5224,.F.);
#7191=ORIENTED_EDGE('',*,*,#5227,.T.);
#7192=ORIENTED_EDGE('',*,*,#4791,.T.);
#7193=ORIENTED_EDGE('',*,*,#5226,.F.);
#7194=ORIENTED_EDGE('',*,*,#4411,.F.);
#7195=ORIENTED_EDGE('',*,*,#5228,.F.);
#7196=ORIENTED_EDGE('',*,*,#5229,.T.);
#7197=ORIENTED_EDGE('',*,*,#5230,.T.);
#7198=ORIENTED_EDGE('',*,*,#4412,.F.);
#7199=ORIENTED_EDGE('',*,*,#5230,.F.);
#7200=ORIENTED_EDGE('',*,*,#5231,.T.);
#7201=ORIENTED_EDGE('',*,*,#4787,.T.);
#7202=ORIENTED_EDGE('',*,*,#4410,.T.);
#7203=ORIENTED_EDGE('',*,*,#4789,.F.);
#7204=ORIENTED_EDGE('',*,*,#5232,.F.);
#7205=ORIENTED_EDGE('',*,*,#5228,.T.);
#7206=ORIENTED_EDGE('',*,*,#5229,.F.);
#7207=ORIENTED_EDGE('',*,*,#5232,.T.);
#7208=ORIENTED_EDGE('',*,*,#4788,.T.);
#7209=ORIENTED_EDGE('',*,*,#5231,.F.);
#7210=ORIENTED_EDGE('',*,*,#4415,.F.);
#7211=ORIENTED_EDGE('',*,*,#5233,.F.);
#7212=ORIENTED_EDGE('',*,*,#5234,.T.);
#7213=ORIENTED_EDGE('',*,*,#5235,.T.);
#7214=ORIENTED_EDGE('',*,*,#4416,.F.);
#7215=ORIENTED_EDGE('',*,*,#5235,.F.);
#7216=ORIENTED_EDGE('',*,*,#5236,.T.);
#7217=ORIENTED_EDGE('',*,*,#4784,.T.);
#7218=ORIENTED_EDGE('',*,*,#4414,.T.);
#7219=ORIENTED_EDGE('',*,*,#4786,.F.);
#7220=ORIENTED_EDGE('',*,*,#5237,.F.);
#7221=ORIENTED_EDGE('',*,*,#5233,.T.);
#7222=ORIENTED_EDGE('',*,*,#5234,.F.);
#7223=ORIENTED_EDGE('',*,*,#5237,.T.);
#7224=ORIENTED_EDGE('',*,*,#4785,.T.);
#7225=ORIENTED_EDGE('',*,*,#5236,.F.);
#7226=ORIENTED_EDGE('',*,*,#4419,.F.);
#7227=ORIENTED_EDGE('',*,*,#5238,.F.);
#7228=ORIENTED_EDGE('',*,*,#5239,.T.);
#7229=ORIENTED_EDGE('',*,*,#5240,.T.);
#7230=ORIENTED_EDGE('',*,*,#4420,.F.);
#7231=ORIENTED_EDGE('',*,*,#5240,.F.);
#7232=ORIENTED_EDGE('',*,*,#5241,.T.);
#7233=ORIENTED_EDGE('',*,*,#4781,.T.);
#7234=ORIENTED_EDGE('',*,*,#4418,.T.);
#7235=ORIENTED_EDGE('',*,*,#4783,.F.);
#7236=ORIENTED_EDGE('',*,*,#5242,.F.);
#7237=ORIENTED_EDGE('',*,*,#5238,.T.);
#7238=ORIENTED_EDGE('',*,*,#5239,.F.);
#7239=ORIENTED_EDGE('',*,*,#5242,.T.);
#7240=ORIENTED_EDGE('',*,*,#4782,.T.);
#7241=ORIENTED_EDGE('',*,*,#5241,.F.);
#7242=ORIENTED_EDGE('',*,*,#4423,.F.);
#7243=ORIENTED_EDGE('',*,*,#5243,.F.);
#7244=ORIENTED_EDGE('',*,*,#5244,.T.);
#7245=ORIENTED_EDGE('',*,*,#5245,.T.);
#7246=ORIENTED_EDGE('',*,*,#4424,.F.);
#7247=ORIENTED_EDGE('',*,*,#5245,.F.);
#7248=ORIENTED_EDGE('',*,*,#5246,.T.);
#7249=ORIENTED_EDGE('',*,*,#4778,.T.);
#7250=ORIENTED_EDGE('',*,*,#4422,.T.);
#7251=ORIENTED_EDGE('',*,*,#4780,.F.);
#7252=ORIENTED_EDGE('',*,*,#5247,.F.);
#7253=ORIENTED_EDGE('',*,*,#5243,.T.);
#7254=ORIENTED_EDGE('',*,*,#5244,.F.);
#7255=ORIENTED_EDGE('',*,*,#5247,.T.);
#7256=ORIENTED_EDGE('',*,*,#4779,.T.);
#7257=ORIENTED_EDGE('',*,*,#5246,.F.);
#7258=ORIENTED_EDGE('',*,*,#4427,.F.);
#7259=ORIENTED_EDGE('',*,*,#5248,.F.);
#7260=ORIENTED_EDGE('',*,*,#5249,.T.);
#7261=ORIENTED_EDGE('',*,*,#5250,.T.);
#7262=ORIENTED_EDGE('',*,*,#4428,.F.);
#7263=ORIENTED_EDGE('',*,*,#5250,.F.);
#7264=ORIENTED_EDGE('',*,*,#5251,.T.);
#7265=ORIENTED_EDGE('',*,*,#4775,.T.);
#7266=ORIENTED_EDGE('',*,*,#4426,.T.);
#7267=ORIENTED_EDGE('',*,*,#4777,.F.);
#7268=ORIENTED_EDGE('',*,*,#5252,.F.);
#7269=ORIENTED_EDGE('',*,*,#5248,.T.);
#7270=ORIENTED_EDGE('',*,*,#5249,.F.);
#7271=ORIENTED_EDGE('',*,*,#5252,.T.);
#7272=ORIENTED_EDGE('',*,*,#4776,.T.);
#7273=ORIENTED_EDGE('',*,*,#5251,.F.);
#7274=ORIENTED_EDGE('',*,*,#4431,.F.);
#7275=ORIENTED_EDGE('',*,*,#5253,.F.);
#7276=ORIENTED_EDGE('',*,*,#5254,.T.);
#7277=ORIENTED_EDGE('',*,*,#5255,.T.);
#7278=ORIENTED_EDGE('',*,*,#4432,.F.);
#7279=ORIENTED_EDGE('',*,*,#5255,.F.);
#7280=ORIENTED_EDGE('',*,*,#5256,.T.);
#7281=ORIENTED_EDGE('',*,*,#4772,.T.);
#7282=ORIENTED_EDGE('',*,*,#4430,.T.);
#7283=ORIENTED_EDGE('',*,*,#4774,.F.);
#7284=ORIENTED_EDGE('',*,*,#5257,.F.);
#7285=ORIENTED_EDGE('',*,*,#5253,.T.);
#7286=ORIENTED_EDGE('',*,*,#5254,.F.);
#7287=ORIENTED_EDGE('',*,*,#5257,.T.);
#7288=ORIENTED_EDGE('',*,*,#4773,.T.);
#7289=ORIENTED_EDGE('',*,*,#5256,.F.);
#7290=ORIENTED_EDGE('',*,*,#4435,.F.);
#7291=ORIENTED_EDGE('',*,*,#5258,.F.);
#7292=ORIENTED_EDGE('',*,*,#5259,.T.);
#7293=ORIENTED_EDGE('',*,*,#5260,.T.);
#7294=ORIENTED_EDGE('',*,*,#4436,.F.);
#7295=ORIENTED_EDGE('',*,*,#5260,.F.);
#7296=ORIENTED_EDGE('',*,*,#5261,.T.);
#7297=ORIENTED_EDGE('',*,*,#4769,.T.);
#7298=ORIENTED_EDGE('',*,*,#4434,.T.);
#7299=ORIENTED_EDGE('',*,*,#4771,.F.);
#7300=ORIENTED_EDGE('',*,*,#5262,.F.);
#7301=ORIENTED_EDGE('',*,*,#5258,.T.);
#7302=ORIENTED_EDGE('',*,*,#5259,.F.);
#7303=ORIENTED_EDGE('',*,*,#5262,.T.);
#7304=ORIENTED_EDGE('',*,*,#4770,.T.);
#7305=ORIENTED_EDGE('',*,*,#5261,.F.);
#7306=ORIENTED_EDGE('',*,*,#4439,.F.);
#7307=ORIENTED_EDGE('',*,*,#5263,.F.);
#7308=ORIENTED_EDGE('',*,*,#5264,.T.);
#7309=ORIENTED_EDGE('',*,*,#5265,.T.);
#7310=ORIENTED_EDGE('',*,*,#4440,.F.);
#7311=ORIENTED_EDGE('',*,*,#5265,.F.);
#7312=ORIENTED_EDGE('',*,*,#5266,.T.);
#7313=ORIENTED_EDGE('',*,*,#4766,.T.);
#7314=ORIENTED_EDGE('',*,*,#4438,.T.);
#7315=ORIENTED_EDGE('',*,*,#4768,.F.);
#7316=ORIENTED_EDGE('',*,*,#5267,.F.);
#7317=ORIENTED_EDGE('',*,*,#5263,.T.);
#7318=ORIENTED_EDGE('',*,*,#5264,.F.);
#7319=ORIENTED_EDGE('',*,*,#5267,.T.);
#7320=ORIENTED_EDGE('',*,*,#4767,.T.);
#7321=ORIENTED_EDGE('',*,*,#5266,.F.);
#7322=ORIENTED_EDGE('',*,*,#4319,.F.);
#7323=ORIENTED_EDGE('',*,*,#5268,.F.);
#7324=ORIENTED_EDGE('',*,*,#4945,.T.);
#7325=ORIENTED_EDGE('',*,*,#5269,.T.);
#7326=ORIENTED_EDGE('',*,*,#4320,.T.);
#7327=ORIENTED_EDGE('',*,*,#5269,.F.);
#7328=ORIENTED_EDGE('',*,*,#4944,.F.);
#7329=ORIENTED_EDGE('',*,*,#5270,.T.);
#7330=ORIENTED_EDGE('',*,*,#4321,.F.);
#7331=ORIENTED_EDGE('',*,*,#5270,.F.);
#7332=ORIENTED_EDGE('',*,*,#4943,.T.);
#7333=ORIENTED_EDGE('',*,*,#5271,.T.);
#7334=ORIENTED_EDGE('',*,*,#4322,.T.);
#7335=ORIENTED_EDGE('',*,*,#5271,.F.);
#7336=ORIENTED_EDGE('',*,*,#4942,.F.);
#7337=ORIENTED_EDGE('',*,*,#5272,.T.);
#7338=ORIENTED_EDGE('',*,*,#4323,.F.);
#7339=ORIENTED_EDGE('',*,*,#5272,.F.);
#7340=ORIENTED_EDGE('',*,*,#4941,.T.);
#7341=ORIENTED_EDGE('',*,*,#5273,.T.);
#7342=ORIENTED_EDGE('',*,*,#4324,.T.);
#7343=ORIENTED_EDGE('',*,*,#5273,.F.);
#7344=ORIENTED_EDGE('',*,*,#4940,.F.);
#7345=ORIENTED_EDGE('',*,*,#5274,.T.);
#7346=ORIENTED_EDGE('',*,*,#4325,.T.);
#7347=ORIENTED_EDGE('',*,*,#5274,.F.);
#7348=ORIENTED_EDGE('',*,*,#4939,.F.);
#7349=ORIENTED_EDGE('',*,*,#5275,.T.);
#7350=ORIENTED_EDGE('',*,*,#4326,.T.);
#7351=ORIENTED_EDGE('',*,*,#5275,.F.);
#7352=ORIENTED_EDGE('',*,*,#4938,.F.);
#7353=ORIENTED_EDGE('',*,*,#5276,.T.);
#7354=ORIENTED_EDGE('',*,*,#4327,.F.);
#7355=ORIENTED_EDGE('',*,*,#5276,.F.);
#7356=ORIENTED_EDGE('',*,*,#4937,.T.);
#7357=ORIENTED_EDGE('',*,*,#5277,.T.);
#7358=ORIENTED_EDGE('',*,*,#4328,.T.);
#7359=ORIENTED_EDGE('',*,*,#5277,.F.);
#7360=ORIENTED_EDGE('',*,*,#4936,.F.);
#7361=ORIENTED_EDGE('',*,*,#5278,.T.);
#7362=ORIENTED_EDGE('',*,*,#4329,.T.);
#7363=ORIENTED_EDGE('',*,*,#5278,.F.);
#7364=ORIENTED_EDGE('',*,*,#4935,.F.);
#7365=ORIENTED_EDGE('',*,*,#5279,.T.);
#7366=ORIENTED_EDGE('',*,*,#4330,.T.);
#7367=ORIENTED_EDGE('',*,*,#5279,.F.);
#7368=ORIENTED_EDGE('',*,*,#4934,.F.);
#7369=ORIENTED_EDGE('',*,*,#5280,.T.);
#7370=ORIENTED_EDGE('',*,*,#4331,.T.);
#7371=ORIENTED_EDGE('',*,*,#5280,.F.);
#7372=ORIENTED_EDGE('',*,*,#4933,.F.);
#7373=ORIENTED_EDGE('',*,*,#5281,.T.);
#7374=ORIENTED_EDGE('',*,*,#4332,.T.);
#7375=ORIENTED_EDGE('',*,*,#5281,.F.);
#7376=ORIENTED_EDGE('',*,*,#4932,.F.);
#7377=ORIENTED_EDGE('',*,*,#5282,.T.);
#7378=ORIENTED_EDGE('',*,*,#4333,.F.);
#7379=ORIENTED_EDGE('',*,*,#5282,.F.);
#7380=ORIENTED_EDGE('',*,*,#4931,.T.);
#7381=ORIENTED_EDGE('',*,*,#5283,.T.);
#7382=ORIENTED_EDGE('',*,*,#4930,.F.);
#7383=ORIENTED_EDGE('',*,*,#5284,.T.);
#7384=ORIENTED_EDGE('',*,*,#4334,.T.);
#7385=ORIENTED_EDGE('',*,*,#5283,.F.);
#7386=ORIENTED_EDGE('',*,*,#4314,.T.);
#7387=ORIENTED_EDGE('',*,*,#4632,.T.);
#7388=ORIENTED_EDGE('',*,*,#4950,.F.);
#7389=ORIENTED_EDGE('',*,*,#5285,.T.);
#7390=ORIENTED_EDGE('',*,*,#4315,.T.);
#7391=ORIENTED_EDGE('',*,*,#5285,.F.);
#7392=ORIENTED_EDGE('',*,*,#4949,.F.);
#7393=ORIENTED_EDGE('',*,*,#5286,.T.);
#7394=ORIENTED_EDGE('',*,*,#4316,.T.);
#7395=ORIENTED_EDGE('',*,*,#5286,.F.);
#7396=ORIENTED_EDGE('',*,*,#4948,.F.);
#7397=ORIENTED_EDGE('',*,*,#5287,.T.);
#7398=ORIENTED_EDGE('',*,*,#4317,.T.);
#7399=ORIENTED_EDGE('',*,*,#5287,.F.);
#7400=ORIENTED_EDGE('',*,*,#4947,.F.);
#7401=ORIENTED_EDGE('',*,*,#5288,.T.);
#7402=ORIENTED_EDGE('',*,*,#4318,.T.);
#7403=ORIENTED_EDGE('',*,*,#5288,.F.);
#7404=ORIENTED_EDGE('',*,*,#4946,.F.);
#7405=ORIENTED_EDGE('',*,*,#5268,.T.);
#7406=ORIENTED_EDGE('',*,*,#4568,.F.);
#7407=ORIENTED_EDGE('',*,*,#5289,.F.);
#7408=ORIENTED_EDGE('',*,*,#4963,.T.);
#7409=ORIENTED_EDGE('',*,*,#5290,.T.);
#7410=ORIENTED_EDGE('',*,*,#4569,.T.);
#7411=ORIENTED_EDGE('',*,*,#5290,.F.);
#7412=ORIENTED_EDGE('',*,*,#4962,.F.);
#7413=ORIENTED_EDGE('',*,*,#5291,.T.);
#7414=ORIENTED_EDGE('',*,*,#4570,.F.);
#7415=ORIENTED_EDGE('',*,*,#5291,.F.);
#7416=ORIENTED_EDGE('',*,*,#4961,.T.);
#7417=ORIENTED_EDGE('',*,*,#5292,.T.);
#7418=ORIENTED_EDGE('',*,*,#4571,.F.);
#7419=ORIENTED_EDGE('',*,*,#5292,.F.);
#7420=ORIENTED_EDGE('',*,*,#4960,.T.);
#7421=ORIENTED_EDGE('',*,*,#5293,.T.);
#7422=ORIENTED_EDGE('',*,*,#4959,.T.);
#7423=ORIENTED_EDGE('',*,*,#5294,.T.);
#7424=ORIENTED_EDGE('',*,*,#4306,.F.);
#7425=ORIENTED_EDGE('',*,*,#5293,.F.);
#7426=ORIENTED_EDGE('',*,*,#5295,.F.);
#7427=ORIENTED_EDGE('',*,*,#4979,.T.);
#7428=ORIENTED_EDGE('',*,*,#5296,.T.);
#7429=ORIENTED_EDGE('',*,*,#4552,.F.);
#7430=ORIENTED_EDGE('',*,*,#4553,.F.);
#7431=ORIENTED_EDGE('',*,*,#5296,.F.);
#7432=ORIENTED_EDGE('',*,*,#4978,.T.);
#7433=ORIENTED_EDGE('',*,*,#5297,.T.);
#7434=ORIENTED_EDGE('',*,*,#4554,.F.);
#7435=ORIENTED_EDGE('',*,*,#5297,.F.);
#7436=ORIENTED_EDGE('',*,*,#4977,.T.);
#7437=ORIENTED_EDGE('',*,*,#5298,.T.);
#7438=ORIENTED_EDGE('',*,*,#4555,.F.);
#7439=ORIENTED_EDGE('',*,*,#5298,.F.);
#7440=ORIENTED_EDGE('',*,*,#4976,.T.);
#7441=ORIENTED_EDGE('',*,*,#5299,.T.);
#7442=ORIENTED_EDGE('',*,*,#4556,.F.);
#7443=ORIENTED_EDGE('',*,*,#5299,.F.);
#7444=ORIENTED_EDGE('',*,*,#4975,.T.);
#7445=ORIENTED_EDGE('',*,*,#5300,.T.);
#7446=ORIENTED_EDGE('',*,*,#4557,.T.);
#7447=ORIENTED_EDGE('',*,*,#5300,.F.);
#7448=ORIENTED_EDGE('',*,*,#4974,.F.);
#7449=ORIENTED_EDGE('',*,*,#5301,.T.);
#7450=ORIENTED_EDGE('',*,*,#4558,.F.);
#7451=ORIENTED_EDGE('',*,*,#5301,.F.);
#7452=ORIENTED_EDGE('',*,*,#4973,.T.);
#7453=ORIENTED_EDGE('',*,*,#5302,.T.);
#7454=ORIENTED_EDGE('',*,*,#4559,.F.);
#7455=ORIENTED_EDGE('',*,*,#5302,.F.);
#7456=ORIENTED_EDGE('',*,*,#4972,.T.);
#7457=ORIENTED_EDGE('',*,*,#5303,.T.);
#7458=ORIENTED_EDGE('',*,*,#4560,.F.);
#7459=ORIENTED_EDGE('',*,*,#5303,.F.);
#7460=ORIENTED_EDGE('',*,*,#4971,.T.);
#7461=ORIENTED_EDGE('',*,*,#5304,.T.);
#7462=ORIENTED_EDGE('',*,*,#4561,.F.);
#7463=ORIENTED_EDGE('',*,*,#5304,.F.);
#7464=ORIENTED_EDGE('',*,*,#4970,.T.);
#7465=ORIENTED_EDGE('',*,*,#5305,.T.);
#7466=ORIENTED_EDGE('',*,*,#4562,.F.);
#7467=ORIENTED_EDGE('',*,*,#5305,.F.);
#7468=ORIENTED_EDGE('',*,*,#4969,.T.);
#7469=ORIENTED_EDGE('',*,*,#5306,.T.);
#7470=ORIENTED_EDGE('',*,*,#4563,.F.);
#7471=ORIENTED_EDGE('',*,*,#5306,.F.);
#7472=ORIENTED_EDGE('',*,*,#4968,.T.);
#7473=ORIENTED_EDGE('',*,*,#5307,.T.);
#7474=ORIENTED_EDGE('',*,*,#4564,.F.);
#7475=ORIENTED_EDGE('',*,*,#5307,.F.);
#7476=ORIENTED_EDGE('',*,*,#4967,.T.);
#7477=ORIENTED_EDGE('',*,*,#5308,.T.);
#7478=ORIENTED_EDGE('',*,*,#4565,.F.);
#7479=ORIENTED_EDGE('',*,*,#5308,.F.);
#7480=ORIENTED_EDGE('',*,*,#4966,.T.);
#7481=ORIENTED_EDGE('',*,*,#5309,.T.);
#7482=ORIENTED_EDGE('',*,*,#4566,.F.);
#7483=ORIENTED_EDGE('',*,*,#5309,.F.);
#7484=ORIENTED_EDGE('',*,*,#4965,.T.);
#7485=ORIENTED_EDGE('',*,*,#5310,.T.);
#7486=ORIENTED_EDGE('',*,*,#4567,.T.);
#7487=ORIENTED_EDGE('',*,*,#5310,.F.);
#7488=ORIENTED_EDGE('',*,*,#4964,.F.);
#7489=ORIENTED_EDGE('',*,*,#5289,.T.);
#7490=ORIENTED_EDGE('',*,*,#4648,.F.);
#7491=ORIENTED_EDGE('',*,*,#4671,.T.);
#7492=ORIENTED_EDGE('',*,*,#4651,.F.);
#7493=ORIENTED_EDGE('',*,*,#4810,.F.);
#7494=ORIENTED_EDGE('',*,*,#4637,.F.);
#7495=ORIENTED_EDGE('',*,*,#4670,.T.);
#7496=ORIENTED_EDGE('',*,*,#4668,.T.);
#7497=ORIENTED_EDGE('',*,*,#4639,.F.);
#7498=ORIENTED_EDGE('',*,*,#4812,.F.);
#7499=ORIENTED_EDGE('',*,*,#4813,.F.);
#7500=ORIENTED_EDGE('',*,*,#4891,.F.);
#7501=ORIENTED_EDGE('',*,*,#4168,.F.);
#7502=ORIENTED_EDGE('',*,*,#4216,.T.);
#7503=ORIENTED_EDGE('',*,*,#4601,.T.);
#7504=ORIENTED_EDGE('',*,*,#4646,.F.);
#7505=ORIENTED_EDGE('',*,*,#4642,.F.);
#7506=ORIENTED_EDGE('',*,*,#4619,.T.);
#7507=ORIENTED_EDGE('',*,*,#4621,.F.);
#7508=ORIENTED_EDGE('',*,*,#4624,.F.);
#7509=ORIENTED_EDGE('',*,*,#4868,.F.);
#7510=ORIENTED_EDGE('',*,*,#5311,.T.);
#7511=ORIENTED_EDGE('',*,*,#4596,.T.);
#7512=ORIENTED_EDGE('',*,*,#4615,.T.);
#7513=ORIENTED_EDGE('',*,*,#4617,.F.);
#7514=ORIENTED_EDGE('',*,*,#4172,.T.);
#7515=ORIENTED_EDGE('',*,*,#5312,.F.);
#7516=ORIENTED_EDGE('',*,*,#4597,.T.);
#7517=ORIENTED_EDGE('',*,*,#5311,.F.);
#7518=ORIENTED_EDGE('',*,*,#4867,.F.);
#7519=ORIENTED_EDGE('',*,*,#5313,.T.);
#7520=ORIENTED_EDGE('',*,*,#4819,.F.);
#7521=ORIENTED_EDGE('',*,*,#4816,.F.);
#7522=ORIENTED_EDGE('',*,*,#4622,.F.);
#7523=ORIENTED_EDGE('',*,*,#4173,.F.);
#7524=ORIENTED_EDGE('',*,*,#5313,.F.);
#7525=ORIENTED_EDGE('',*,*,#4866,.T.);
#7526=ORIENTED_EDGE('',*,*,#4170,.T.);
#7527=ORIENTED_EDGE('',*,*,#4890,.T.);
#7528=ORIENTED_EDGE('',*,*,#4599,.T.);
#7529=ORIENTED_EDGE('',*,*,#5314,.T.);
#7530=ORIENTED_EDGE('',*,*,#5314,.F.);
#7531=ORIENTED_EDGE('',*,*,#4598,.F.);
#7532=ORIENTED_EDGE('',*,*,#5312,.T.);
#7533=ORIENTED_EDGE('',*,*,#4171,.F.);
#7534=ORIENTED_EDGE('',*,*,#4247,.T.);
#7535=ORIENTED_EDGE('',*,*,#4667,.T.);
#7536=ORIENTED_EDGE('',*,*,#4872,.T.);
#7537=ORIENTED_EDGE('',*,*,#5315,.F.);
#7538=ORIENTED_EDGE('',*,*,#4291,.T.);
#7539=ORIENTED_EDGE('',*,*,#4889,.T.);
#7540=ORIENTED_EDGE('',*,*,#4270,.F.);
#7541=ORIENTED_EDGE('',*,*,#4293,.F.);
#7542=ORIENTED_EDGE('',*,*,#5316,.T.);
#7543=ORIENTED_EDGE('',*,*,#4873,.F.);
#7544=ORIENTED_EDGE('',*,*,#4665,.F.);
#7545=ORIENTED_EDGE('',*,*,#4245,.F.);
#7546=ORIENTED_EDGE('',*,*,#4292,.T.);
#7547=ORIENTED_EDGE('',*,*,#5315,.T.);
#7548=ORIENTED_EDGE('',*,*,#4874,.T.);
#7549=ORIENTED_EDGE('',*,*,#5316,.F.);
#7550=ORIENTED_EDGE('',*,*,#4664,.T.);
#7551=ORIENTED_EDGE('',*,*,#4870,.F.);
#7552=ORIENTED_EDGE('',*,*,#5317,.F.);
#7553=ORIENTED_EDGE('',*,*,#4287,.F.);
#7554=ORIENTED_EDGE('',*,*,#4887,.F.);
#7555=ORIENTED_EDGE('',*,*,#4251,.F.);
#7556=ORIENTED_EDGE('',*,*,#4888,.F.);
#7557=ORIENTED_EDGE('',*,*,#4289,.F.);
#7558=ORIENTED_EDGE('',*,*,#5318,.T.);
#7559=ORIENTED_EDGE('',*,*,#4871,.F.);
#7560=ORIENTED_EDGE('',*,*,#4662,.F.);
#7561=ORIENTED_EDGE('',*,*,#4249,.F.);
#7562=ORIENTED_EDGE('',*,*,#4288,.T.);
#7563=ORIENTED_EDGE('',*,*,#5317,.T.);
#7564=ORIENTED_EDGE('',*,*,#4869,.T.);
#7565=ORIENTED_EDGE('',*,*,#5318,.F.);
#7566=ORIENTED_EDGE('',*,*,#4886,.F.);
#7567=ORIENTED_EDGE('',*,*,#4285,.F.);
#7568=ORIENTED_EDGE('',*,*,#5319,.T.);
#7569=ORIENTED_EDGE('',*,*,#4875,.F.);
#7570=ORIENTED_EDGE('',*,*,#4659,.F.);
#7571=ORIENTED_EDGE('',*,*,#4253,.F.);
#7572=ORIENTED_EDGE('',*,*,#4284,.T.);
#7573=ORIENTED_EDGE('',*,*,#5320,.T.);
#7574=ORIENTED_EDGE('',*,*,#4876,.T.);
#7575=ORIENTED_EDGE('',*,*,#5319,.F.);
#7576=ORIENTED_EDGE('',*,*,#4661,.T.);
#7577=ORIENTED_EDGE('',*,*,#4877,.F.);
#7578=ORIENTED_EDGE('',*,*,#5320,.F.);
#7579=ORIENTED_EDGE('',*,*,#4283,.F.);
#7580=ORIENTED_EDGE('',*,*,#4885,.F.);
#7581=ORIENTED_EDGE('',*,*,#4255,.F.);
#7582=ORIENTED_EDGE('',*,*,#4884,.F.);
#7583=ORIENTED_EDGE('',*,*,#4281,.F.);
#7584=ORIENTED_EDGE('',*,*,#5321,.T.);
#7585=ORIENTED_EDGE('',*,*,#4878,.F.);
#7586=ORIENTED_EDGE('',*,*,#4656,.F.);
#7587=ORIENTED_EDGE('',*,*,#4257,.F.);
#7588=ORIENTED_EDGE('',*,*,#4280,.T.);
#7589=ORIENTED_EDGE('',*,*,#5322,.T.);
#7590=ORIENTED_EDGE('',*,*,#4879,.T.);
#7591=ORIENTED_EDGE('',*,*,#5321,.F.);
#7592=ORIENTED_EDGE('',*,*,#4658,.T.);
#7593=ORIENTED_EDGE('',*,*,#4880,.F.);
#7594=ORIENTED_EDGE('',*,*,#5322,.F.);
#7595=ORIENTED_EDGE('',*,*,#4279,.F.);
#7596=ORIENTED_EDGE('',*,*,#4865,.F.);
#7597=ORIENTED_EDGE('',*,*,#4259,.F.);
#7598=ORIENTED_EDGE('',*,*,#4655,.T.);
#7599=ORIENTED_EDGE('',*,*,#4882,.F.);
#7600=ORIENTED_EDGE('',*,*,#5323,.F.);
#7601=ORIENTED_EDGE('',*,*,#4275,.F.);
#7602=ORIENTED_EDGE('',*,*,#4859,.F.);
#7603=ORIENTED_EDGE('',*,*,#4263,.F.);
#7604=ORIENTED_EDGE('',*,*,#4864,.F.);
#7605=ORIENTED_EDGE('',*,*,#4277,.F.);
#7606=ORIENTED_EDGE('',*,*,#5324,.T.);
#7607=ORIENTED_EDGE('',*,*,#4883,.F.);
#7608=ORIENTED_EDGE('',*,*,#4653,.F.);
#7609=ORIENTED_EDGE('',*,*,#4261,.F.);
#7610=ORIENTED_EDGE('',*,*,#4276,.T.);
#7611=ORIENTED_EDGE('',*,*,#5323,.T.);
#7612=ORIENTED_EDGE('',*,*,#4881,.T.);
#7613=ORIENTED_EDGE('',*,*,#5324,.F.);
#7614=ORIENTED_EDGE('',*,*,#4644,.T.);
#7615=ORIENTED_EDGE('',*,*,#4814,.T.);
#7616=ORIENTED_EDGE('',*,*,#4634,.T.);
#7617=ORIENTED_EDGE('',*,*,#4817,.T.);
#7618=ORIENTED_EDGE('',*,*,#4335,.T.);
#7619=ORIENTED_EDGE('',*,*,#5284,.F.);
#7620=ORIENTED_EDGE('',*,*,#4929,.F.);
#7621=ORIENTED_EDGE('',*,*,#5161,.T.);
#7622=ORIENTED_EDGE('',*,*,#4551,.T.);
#7623=ORIENTED_EDGE('',*,*,#5157,.F.);
#7624=ORIENTED_EDGE('',*,*,#4980,.F.);
#7625=ORIENTED_EDGE('',*,*,#5295,.T.);
#7626=ORIENTED_EDGE('',*,*,#4266,.F.);
#7627=ORIENTED_EDGE('',*,*,#4952,.F.);
#7628=ORIENTED_EDGE('',*,*,#5325,.T.);
#7629=ORIENTED_EDGE('',*,*,#4955,.F.);
#7630=ORIENTED_EDGE('',*,*,#4234,.F.);
#7631=ORIENTED_EDGE('',*,*,#4894,.F.);
#7632=ORIENTED_EDGE('',*,*,#5326,.T.);
#7633=ORIENTED_EDGE('',*,*,#4953,.F.);
#7634=ORIENTED_EDGE('',*,*,#4272,.F.);
#7635=ORIENTED_EDGE('',*,*,#4298,.F.);
#7636=ORIENTED_EDGE('',*,*,#4307,.F.);
#7637=ORIENTED_EDGE('',*,*,#5294,.F.);
#7638=ORIENTED_EDGE('',*,*,#4958,.F.);
#7639=ORIENTED_EDGE('',*,*,#5159,.T.);
#7640=ORIENTED_EDGE('',*,*,#5325,.F.);
#7641=ORIENTED_EDGE('',*,*,#4951,.T.);
#7642=ORIENTED_EDGE('',*,*,#4309,.F.);
#7643=ORIENTED_EDGE('',*,*,#5158,.F.);
#7644=ORIENTED_EDGE('',*,*,#4956,.F.);
#7645=ORIENTED_EDGE('',*,*,#4893,.F.);
#7646=ORIENTED_EDGE('',*,*,#5160,.F.);
#7647=ORIENTED_EDGE('',*,*,#4311,.F.);
#7648=ORIENTED_EDGE('',*,*,#4954,.F.);
#7649=ORIENTED_EDGE('',*,*,#5326,.F.);
#7650=ORIENTED_EDGE('',*,*,#4576,.T.);
#7651=ORIENTED_EDGE('',*,*,#5327,.T.);
#7652=ORIENTED_EDGE('',*,*,#4204,.T.);
#7653=ORIENTED_EDGE('',*,*,#5328,.F.);
#7654=ORIENTED_EDGE('',*,*,#4583,.T.);
#7655=ORIENTED_EDGE('',*,*,#5329,.T.);
#7656=ORIENTED_EDGE('',*,*,#4205,.T.);
#7657=ORIENTED_EDGE('',*,*,#5327,.F.);
#7658=ORIENTED_EDGE('',*,*,#5330,.T.);
#7659=ORIENTED_EDGE('',*,*,#4206,.F.);
#7660=ORIENTED_EDGE('',*,*,#5329,.F.);
#7661=ORIENTED_EDGE('',*,*,#4582,.F.);
#7662=ORIENTED_EDGE('',*,*,#4581,.T.);
#7663=ORIENTED_EDGE('',*,*,#5331,.T.);
#7664=ORIENTED_EDGE('',*,*,#4207,.T.);
#7665=ORIENTED_EDGE('',*,*,#5330,.F.);
#7666=ORIENTED_EDGE('',*,*,#4580,.T.);
#7667=ORIENTED_EDGE('',*,*,#4630,.T.);
#7668=ORIENTED_EDGE('',*,*,#4208,.T.);
#7669=ORIENTED_EDGE('',*,*,#5331,.F.);
#7670=ORIENTED_EDGE('',*,*,#5332,.T.);
#7671=ORIENTED_EDGE('',*,*,#4210,.F.);
#7672=ORIENTED_EDGE('',*,*,#4629,.F.);
#7673=ORIENTED_EDGE('',*,*,#4578,.F.);
#7674=ORIENTED_EDGE('',*,*,#5328,.T.);
#7675=ORIENTED_EDGE('',*,*,#4203,.F.);
#7676=ORIENTED_EDGE('',*,*,#5332,.F.);
#7677=ORIENTED_EDGE('',*,*,#4577,.F.);
#7678=ORIENTED_EDGE('',*,*,#5333,.T.);
#7679=ORIENTED_EDGE('',*,*,#4212,.F.);
#7680=ORIENTED_EDGE('',*,*,#4627,.F.);
#7681=ORIENTED_EDGE('',*,*,#4572,.F.);
#7682=ORIENTED_EDGE('',*,*,#4575,.T.);
#7683=ORIENTED_EDGE('',*,*,#5334,.T.);
#7684=ORIENTED_EDGE('',*,*,#4213,.T.);
#7685=ORIENTED_EDGE('',*,*,#5333,.F.);
#7686=ORIENTED_EDGE('',*,*,#4574,.T.);
#7687=ORIENTED_EDGE('',*,*,#4628,.T.);
#7688=ORIENTED_EDGE('',*,*,#4214,.T.);
#7689=ORIENTED_EDGE('',*,*,#5334,.F.);
#7690=ORIENTED_EDGE('',*,*,#4861,.T.);
#7691=ORIENTED_EDGE('',*,*,#5335,.F.);
#7692=ORIENTED_EDGE('',*,*,#5336,.F.);
#7693=ORIENTED_EDGE('',*,*,#5337,.T.);
#7694=ORIENTED_EDGE('',*,*,#4862,.T.);
#7695=ORIENTED_EDGE('',*,*,#5337,.F.);
#7696=ORIENTED_EDGE('',*,*,#5338,.F.);
#7697=ORIENTED_EDGE('',*,*,#5339,.T.);
#7698=ORIENTED_EDGE('',*,*,#4863,.T.);
#7699=ORIENTED_EDGE('',*,*,#5339,.F.);
#7700=ORIENTED_EDGE('',*,*,#5340,.F.);
#7701=ORIENTED_EDGE('',*,*,#5335,.T.);
#7702=ORIENTED_EDGE('',*,*,#5336,.T.);
#7703=ORIENTED_EDGE('',*,*,#5340,.T.);
#7704=ORIENTED_EDGE('',*,*,#5338,.T.);
#7705=ORIENTED_EDGE('',*,*,#4183,.T.);
#7706=ORIENTED_EDGE('',*,*,#4858,.T.);
#7707=ORIENTED_EDGE('',*,*,#4846,.F.);
#7708=ORIENTED_EDGE('',*,*,#4852,.T.);
#7709=ORIENTED_EDGE('',*,*,#4190,.F.);
#7710=ORIENTED_EDGE('',*,*,#4854,.F.);
#7711=ORIENTED_EDGE('',*,*,#4842,.F.);
#7712=ORIENTED_EDGE('',*,*,#4704,.F.);
#7713=ORIENTED_EDGE('',*,*,#5341,.F.);
#7714=ORIENTED_EDGE('',*,*,#5342,.T.);
#7715=ORIENTED_EDGE('',*,*,#5343,.T.);
#7716=ORIENTED_EDGE('',*,*,#5344,.T.);
#7717=ORIENTED_EDGE('',*,*,#5343,.F.);
#7718=ORIENTED_EDGE('',*,*,#5345,.T.);
#7719=ORIENTED_EDGE('',*,*,#4830,.T.);
#7720=ORIENTED_EDGE('',*,*,#5346,.F.);
#7721=ORIENTED_EDGE('',*,*,#5347,.T.);
#7722=ORIENTED_EDGE('',*,*,#5348,.F.);
#7723=ORIENTED_EDGE('',*,*,#5349,.T.);
#7724=ORIENTED_EDGE('',*,*,#4857,.T.);
#7725=ORIENTED_EDGE('',*,*,#5350,.T.);
#7726=ORIENTED_EDGE('',*,*,#5341,.T.);
#7727=ORIENTED_EDGE('',*,*,#5351,.T.);
#7728=ORIENTED_EDGE('',*,*,#5352,.F.);
#7729=ORIENTED_EDGE('',*,*,#5353,.T.);
#7730=ORIENTED_EDGE('',*,*,#5354,.T.);
#7731=ORIENTED_EDGE('',*,*,#4834,.F.);
#7732=ORIENTED_EDGE('',*,*,#4848,.T.);
#7733=ORIENTED_EDGE('',*,*,#5348,.T.);
#7734=ORIENTED_EDGE('',*,*,#5355,.T.);
#7735=ORIENTED_EDGE('',*,*,#5352,.T.);
#7736=ORIENTED_EDGE('',*,*,#5356,.T.);
#7737=ORIENTED_EDGE('',*,*,#4838,.F.);
#7738=ORIENTED_EDGE('',*,*,#5357,.T.);
#7739=ORIENTED_EDGE('',*,*,#5358,.T.);
#7740=ORIENTED_EDGE('',*,*,#5359,.T.);
#7741=ORIENTED_EDGE('',*,*,#5360,.F.);
#7742=ORIENTED_EDGE('',*,*,#5361,.T.);
#7743=ORIENTED_EDGE('',*,*,#5362,.T.);
#7744=ORIENTED_EDGE('',*,*,#5358,.F.);
#7745=ORIENTED_EDGE('',*,*,#5363,.T.);
#7746=ORIENTED_EDGE('',*,*,#5364,.T.);
#7747=ORIENTED_EDGE('',*,*,#5365,.T.);
#7748=ORIENTED_EDGE('',*,*,#5364,.F.);
#7749=ORIENTED_EDGE('',*,*,#5366,.T.);
#7750=ORIENTED_EDGE('',*,*,#4850,.T.);
#7751=ORIENTED_EDGE('',*,*,#4844,.T.);
#7752=ORIENTED_EDGE('',*,*,#4840,.T.);
#7753=ORIENTED_EDGE('',*,*,#5367,.F.);
#7754=ORIENTED_EDGE('',*,*,#5368,.T.);
#7755=ORIENTED_EDGE('',*,*,#5369,.F.);
#7756=ORIENTED_EDGE('',*,*,#5370,.T.);
#7757=ORIENTED_EDGE('',*,*,#5369,.T.);
#7758=ORIENTED_EDGE('',*,*,#5371,.T.);
#7759=ORIENTED_EDGE('',*,*,#5360,.T.);
#7760=ORIENTED_EDGE('',*,*,#5372,.T.);
#7761=ORIENTED_EDGE('',*,*,#5362,.F.);
#7762=ORIENTED_EDGE('',*,*,#5373,.T.);
#7763=ORIENTED_EDGE('',*,*,#5367,.T.);
#7764=ORIENTED_EDGE('',*,*,#4839,.F.);
#7765=ORIENTED_EDGE('',*,*,#5354,.F.);
#7766=ORIENTED_EDGE('',*,*,#5374,.T.);
#7767=ORIENTED_EDGE('',*,*,#5346,.T.);
#7768=ORIENTED_EDGE('',*,*,#4835,.F.);
#7769=ORIENTED_EDGE('',*,*,#5351,.F.);
#7770=ORIENTED_EDGE('',*,*,#5344,.F.);
#7771=ORIENTED_EDGE('',*,*,#5349,.F.);
#7772=ORIENTED_EDGE('',*,*,#5356,.F.);
#7773=ORIENTED_EDGE('',*,*,#5359,.F.);
#7774=ORIENTED_EDGE('',*,*,#5365,.F.);
#7775=ORIENTED_EDGE('',*,*,#5370,.F.);
#7776=ORIENTED_EDGE('',*,*,#5372,.F.);
#7777=ORIENTED_EDGE('',*,*,#4855,.F.);
#7778=ORIENTED_EDGE('',*,*,#4831,.F.);
#7779=ORIENTED_EDGE('',*,*,#5375,.F.);
#7780=ORIENTED_EDGE('',*,*,#4178,.F.);
#7781=ORIENTED_EDGE('',*,*,#5375,.T.);
#7782=ORIENTED_EDGE('',*,*,#5345,.F.);
#7783=ORIENTED_EDGE('',*,*,#5376,.F.);
#7784=ORIENTED_EDGE('',*,*,#4179,.F.);
#7785=ORIENTED_EDGE('',*,*,#5376,.T.);
#7786=ORIENTED_EDGE('',*,*,#5342,.F.);
#7787=ORIENTED_EDGE('',*,*,#5377,.F.);
#7788=ORIENTED_EDGE('',*,*,#4180,.F.);
#7789=ORIENTED_EDGE('',*,*,#4856,.F.);
#7790=ORIENTED_EDGE('',*,*,#4181,.F.);
#7791=ORIENTED_EDGE('',*,*,#5377,.T.);
#7792=ORIENTED_EDGE('',*,*,#5350,.F.);
#7793=ORIENTED_EDGE('',*,*,#4853,.F.);
#7794=ORIENTED_EDGE('',*,*,#4188,.F.);
#7795=ORIENTED_EDGE('',*,*,#5378,.F.);
#7796=ORIENTED_EDGE('',*,*,#4837,.F.);
#7797=ORIENTED_EDGE('',*,*,#5378,.T.);
#7798=ORIENTED_EDGE('',*,*,#4187,.F.);
#7799=ORIENTED_EDGE('',*,*,#5379,.F.);
#7800=ORIENTED_EDGE('',*,*,#5357,.F.);
#7801=ORIENTED_EDGE('',*,*,#5379,.T.);
#7802=ORIENTED_EDGE('',*,*,#4186,.F.);
#7803=ORIENTED_EDGE('',*,*,#5380,.F.);
#7804=ORIENTED_EDGE('',*,*,#5363,.F.);
#7805=ORIENTED_EDGE('',*,*,#5380,.T.);
#7806=ORIENTED_EDGE('',*,*,#4185,.F.);
#7807=ORIENTED_EDGE('',*,*,#4851,.F.);
#7808=ORIENTED_EDGE('',*,*,#5366,.F.);
#7809=ORIENTED_EDGE('',*,*,#5381,.F.);
#7810=ORIENTED_EDGE('',*,*,#5355,.F.);
#7811=ORIENTED_EDGE('',*,*,#5382,.F.);
#7812=ORIENTED_EDGE('',*,*,#4822,.F.);
#7813=ORIENTED_EDGE('',*,*,#5382,.T.);
#7814=ORIENTED_EDGE('',*,*,#5347,.F.);
#7815=ORIENTED_EDGE('',*,*,#5383,.F.);
#7816=ORIENTED_EDGE('',*,*,#4823,.F.);
#7817=ORIENTED_EDGE('',*,*,#5381,.T.);
#7818=ORIENTED_EDGE('',*,*,#4825,.F.);
#7819=ORIENTED_EDGE('',*,*,#5384,.F.);
#7820=ORIENTED_EDGE('',*,*,#5353,.F.);
#7821=ORIENTED_EDGE('',*,*,#5383,.T.);
#7822=ORIENTED_EDGE('',*,*,#5374,.F.);
#7823=ORIENTED_EDGE('',*,*,#5384,.T.);
#7824=ORIENTED_EDGE('',*,*,#4824,.F.);
#7825=ORIENTED_EDGE('',*,*,#5385,.F.);
#7826=ORIENTED_EDGE('',*,*,#5368,.F.);
#7827=ORIENTED_EDGE('',*,*,#5386,.F.);
#7828=ORIENTED_EDGE('',*,*,#4829,.F.);
#7829=ORIENTED_EDGE('',*,*,#5386,.T.);
#7830=ORIENTED_EDGE('',*,*,#5373,.F.);
#7831=ORIENTED_EDGE('',*,*,#5387,.F.);
#7832=ORIENTED_EDGE('',*,*,#4826,.F.);
#7833=ORIENTED_EDGE('',*,*,#5385,.T.);
#7834=ORIENTED_EDGE('',*,*,#4828,.F.);
#7835=ORIENTED_EDGE('',*,*,#5388,.F.);
#7836=ORIENTED_EDGE('',*,*,#5371,.F.);
#7837=ORIENTED_EDGE('',*,*,#5387,.T.);
#7838=ORIENTED_EDGE('',*,*,#5361,.F.);
#7839=ORIENTED_EDGE('',*,*,#5388,.T.);
#7840=ORIENTED_EDGE('',*,*,#4827,.F.);
#7841=TOROIDAL_SURFACE('',#8275,29.,1.);
#7842=TOROIDAL_SURFACE('',#8330,3.75,1.);
#7843=TOROIDAL_SURFACE('',#8336,4.75,2.);
#7844=TOROIDAL_SURFACE('',#8468,7.00000000000001,1.);
#7845=ADVANCED_FACE('',(#2126),#7841,.T.);
#7846=ADVANCED_FACE('',(#2127,#164,#165,#166,#167,#168,#169,#170,#171,#172),
#1859,.F.);
#7847=ADVANCED_FACE('',(#2128),#32,.F.);
#7848=ADVANCED_FACE('',(#2129),#1860,.F.);
#7849=ADVANCED_FACE('',(#2130),#21,.F.);
#7850=ADVANCED_FACE('',(#2131),#22,.F.);
#7851=ADVANCED_FACE('',(#2132),#33,.T.);
#7852=ADVANCED_FACE('',(#2133),#23,.F.);
#7853=ADVANCED_FACE('',(#2134),#24,.F.);
#7854=ADVANCED_FACE('',(#2135),#25,.F.);
#7855=ADVANCED_FACE('',(#2136,#173),#19,.T.);
#7856=ADVANCED_FACE('',(#2137),#1861,.T.);
#7857=ADVANCED_FACE('',(#2138,#174),#20,.T.);
#7858=ADVANCED_FACE('',(#2139),#26,.T.);
#7859=ADVANCED_FACE('',(#2140),#7842,.T.);
#7860=ADVANCED_FACE('',(#2141),#34,.F.);
#7861=ADVANCED_FACE('',(#2142),#7843,.T.);
#7862=ADVANCED_FACE('',(#2143,#175,#176,#177,#178,#179,#180,#181,#182),
#1862,.T.);
#7863=ADVANCED_FACE('',(#2144),#7844,.T.);
#7864=ADVANCED_FACE('',(#2145),#35,.T.);
#7865=ADVANCED_FACE('',(#2146,#183),#1863,.T.);
#7866=ADVANCED_FACE('',(#2147,#184),#1864,.F.);
#7867=ADVANCED_FACE('',(#2148),#27,.F.);
#7868=ADVANCED_FACE('',(#2149),#28,.F.);
#7869=ADVANCED_FACE('',(#2150),#29,.F.);
#7870=ADVANCED_FACE('',(#2151),#30,.F.);
#7871=ADVANCED_FACE('',(#2152),#31,.F.);
#7872=ADVANCED_FACE('',(#2153),#1865,.F.);
#7873=ADVANCED_FACE('',(#2154),#36,.F.);
#7874=ADVANCED_FACE('',(#2155),#1866,.F.);
#7875=ADVANCED_FACE('',(#2156),#37,.F.);
#7876=ADVANCED_FACE('',(#2157),#1867,.T.);
#7877=ADVANCED_FACE('',(#2158),#38,.T.);
#7878=ADVANCED_FACE('',(#2159),#39,.F.);
#7879=ADVANCED_FACE('',(#2160),#40,.F.);
#7880=ADVANCED_FACE('',(#2161),#41,.T.);
#7881=ADVANCED_FACE('',(#2162),#42,.F.);
#7882=ADVANCED_FACE('',(#2163,#185),#43,.F.);
#7883=ADVANCED_FACE('',(#2164),#44,.F.);
#7884=ADVANCED_FACE('',(#2165),#45,.F.);
#7885=ADVANCED_FACE('',(#2166),#46,.F.);
#7886=ADVANCED_FACE('',(#2167),#47,.F.);
#7887=ADVANCED_FACE('',(#2168),#48,.F.);
#7888=ADVANCED_FACE('',(#2169),#49,.F.);
#7889=ADVANCED_FACE('',(#2170),#50,.F.);
#7890=ADVANCED_FACE('',(#2171),#51,.F.);
#7891=ADVANCED_FACE('',(#2172),#52,.F.);
#7892=ADVANCED_FACE('',(#2173),#53,.F.);
#7893=ADVANCED_FACE('',(#2174),#54,.F.);
#7894=ADVANCED_FACE('',(#2175),#55,.F.);
#7895=ADVANCED_FACE('',(#2176),#56,.F.);
#7896=ADVANCED_FACE('',(#2177),#57,.F.);
#7897=ADVANCED_FACE('',(#2178),#58,.F.);
#7898=ADVANCED_FACE('',(#2179),#59,.F.);
#7899=ADVANCED_FACE('',(#2180),#60,.T.);
#7900=ADVANCED_FACE('',(#2181),#61,.F.);
#7901=ADVANCED_FACE('',(#2182),#62,.F.);
#7902=ADVANCED_FACE('',(#2183),#63,.F.);
#7903=ADVANCED_FACE('',(#2184),#64,.F.);
#7904=ADVANCED_FACE('',(#2185,#186,#187),#1868,.T.);
#7905=ADVANCED_FACE('',(#2186),#1869,.T.);
#7906=ADVANCED_FACE('',(#2187),#1870,.T.);
#7907=ADVANCED_FACE('',(#2188),#1871,.F.);
#7908=ADVANCED_FACE('',(#2189),#65,.F.);
#7909=ADVANCED_FACE('',(#2190),#66,.F.);
#7910=ADVANCED_FACE('',(#2191),#67,.F.);
#7911=ADVANCED_FACE('',(#2192),#68,.F.);
#7912=ADVANCED_FACE('',(#2193,#188),#1872,.T.);
#7913=ADVANCED_FACE('',(#2194),#1873,.T.);
#7914=ADVANCED_FACE('',(#2195,#189,#190,#191,#192,#193),#1874,.T.);
#7915=ADVANCED_FACE('',(#2196),#1875,.T.);
#7916=ADVANCED_FACE('',(#2197),#1876,.T.);
#7917=ADVANCED_FACE('',(#2198),#1877,.T.);
#7918=ADVANCED_FACE('',(#2199),#69,.F.);
#7919=ADVANCED_FACE('',(#2200),#1878,.T.);
#7920=ADVANCED_FACE('',(#2201),#1879,.T.);
#7921=ADVANCED_FACE('',(#2202),#1880,.T.);
#7922=ADVANCED_FACE('',(#2203),#70,.T.);
#7923=ADVANCED_FACE('',(#2204),#71,.T.);
#7924=ADVANCED_FACE('',(#2205),#72,.T.);
#7925=ADVANCED_FACE('',(#2206),#73,.T.);
#7926=ADVANCED_FACE('',(#2207),#74,.T.);
#7927=ADVANCED_FACE('',(#2208),#75,.T.);
#7928=ADVANCED_FACE('',(#2209),#76,.T.);
#7929=ADVANCED_FACE('',(#2210),#77,.T.);
#7930=ADVANCED_FACE('',(#2211),#78,.T.);
#7931=ADVANCED_FACE('',(#2212),#79,.T.);
#7932=ADVANCED_FACE('',(#2213),#80,.T.);
#7933=ADVANCED_FACE('',(#2214),#81,.T.);
#7934=ADVANCED_FACE('',(#2215),#82,.T.);
#7935=ADVANCED_FACE('',(#2216),#83,.T.);
#7936=ADVANCED_FACE('',(#2217),#84,.T.);
#7937=ADVANCED_FACE('',(#2218),#85,.T.);
#7938=ADVANCED_FACE('',(#2219),#1881,.F.);
#7939=ADVANCED_FACE('',(#2220,#194),#1882,.T.);
#7940=ADVANCED_FACE('',(#2221,#195),#1883,.T.);
#7941=ADVANCED_FACE('',(#2222,#196),#1884,.T.);
#7942=ADVANCED_FACE('',(#2223,#197),#1885,.T.);
#7943=ADVANCED_FACE('',(#2224),#86,.T.);
#7944=ADVANCED_FACE('',(#2225),#1886,.T.);
#7945=ADVANCED_FACE('',(#2226),#1887,.F.);
#7946=ADVANCED_FACE('',(#2227),#1888,.T.);
#7947=ADVANCED_FACE('',(#2228),#87,.T.);
#7948=ADVANCED_FACE('',(#2229),#1889,.T.);
#7949=ADVANCED_FACE('',(#2230),#1890,.F.);
#7950=ADVANCED_FACE('',(#2231),#1891,.T.);
#7951=ADVANCED_FACE('',(#2232),#88,.T.);
#7952=ADVANCED_FACE('',(#2233),#1892,.T.);
#7953=ADVANCED_FACE('',(#2234),#1893,.F.);
#7954=ADVANCED_FACE('',(#2235),#1894,.T.);
#7955=ADVANCED_FACE('',(#2236),#89,.T.);
#7956=ADVANCED_FACE('',(#2237),#1895,.T.);
#7957=ADVANCED_FACE('',(#2238),#1896,.F.);
#7958=ADVANCED_FACE('',(#2239),#1897,.T.);
#7959=ADVANCED_FACE('',(#2240),#90,.T.);
#7960=ADVANCED_FACE('',(#2241),#1898,.T.);
#7961=ADVANCED_FACE('',(#2242),#1899,.F.);
#7962=ADVANCED_FACE('',(#2243),#1900,.T.);
#7963=ADVANCED_FACE('',(#2244),#91,.T.);
#7964=ADVANCED_FACE('',(#2245),#1901,.T.);
#7965=ADVANCED_FACE('',(#2246),#1902,.F.);
#7966=ADVANCED_FACE('',(#2247),#1903,.T.);
#7967=ADVANCED_FACE('',(#2248),#92,.T.);
#7968=ADVANCED_FACE('',(#2249),#1904,.T.);
#7969=ADVANCED_FACE('',(#2250),#1905,.F.);
#7970=ADVANCED_FACE('',(#2251),#1906,.T.);
#7971=ADVANCED_FACE('',(#2252),#93,.T.);
#7972=ADVANCED_FACE('',(#2253),#1907,.T.);
#7973=ADVANCED_FACE('',(#2254),#1908,.F.);
#7974=ADVANCED_FACE('',(#2255),#1909,.T.);
#7975=ADVANCED_FACE('',(#2256),#94,.T.);
#7976=ADVANCED_FACE('',(#2257),#1910,.T.);
#7977=ADVANCED_FACE('',(#2258),#1911,.F.);
#7978=ADVANCED_FACE('',(#2259),#1912,.T.);
#7979=ADVANCED_FACE('',(#2260),#95,.T.);
#7980=ADVANCED_FACE('',(#2261),#1913,.T.);
#7981=ADVANCED_FACE('',(#2262),#1914,.F.);
#7982=ADVANCED_FACE('',(#2263),#1915,.T.);
#7983=ADVANCED_FACE('',(#2264),#96,.T.);
#7984=ADVANCED_FACE('',(#2265),#1916,.T.);
#7985=ADVANCED_FACE('',(#2266),#1917,.F.);
#7986=ADVANCED_FACE('',(#2267),#1918,.T.);
#7987=ADVANCED_FACE('',(#2268),#97,.T.);
#7988=ADVANCED_FACE('',(#2269),#1919,.T.);
#7989=ADVANCED_FACE('',(#2270),#1920,.F.);
#7990=ADVANCED_FACE('',(#2271),#1921,.T.);
#7991=ADVANCED_FACE('',(#2272),#98,.T.);
#7992=ADVANCED_FACE('',(#2273),#1922,.T.);
#7993=ADVANCED_FACE('',(#2274),#1923,.F.);
#7994=ADVANCED_FACE('',(#2275),#1924,.T.);
#7995=ADVANCED_FACE('',(#2276),#99,.T.);
#7996=ADVANCED_FACE('',(#2277),#1925,.T.);
#7997=ADVANCED_FACE('',(#2278),#1926,.F.);
#7998=ADVANCED_FACE('',(#2279),#1927,.T.);
#7999=ADVANCED_FACE('',(#2280),#100,.T.);
#8000=ADVANCED_FACE('',(#2281),#1928,.T.);
#8001=ADVANCED_FACE('',(#2282),#1929,.F.);
#8002=ADVANCED_FACE('',(#2283),#1930,.T.);
#8003=ADVANCED_FACE('',(#2284),#101,.T.);
#8004=ADVANCED_FACE('',(#2285),#1931,.T.);
#8005=ADVANCED_FACE('',(#2286),#1932,.F.);
#8006=ADVANCED_FACE('',(#2287),#1933,.T.);
#8007=ADVANCED_FACE('',(#2288),#102,.T.);
#8008=ADVANCED_FACE('',(#2289),#1934,.T.);
#8009=ADVANCED_FACE('',(#2290),#1935,.F.);
#8010=ADVANCED_FACE('',(#2291),#1936,.T.);
#8011=ADVANCED_FACE('',(#2292),#103,.T.);
#8012=ADVANCED_FACE('',(#2293),#1937,.T.);
#8013=ADVANCED_FACE('',(#2294),#1938,.F.);
#8014=ADVANCED_FACE('',(#2295),#1939,.T.);
#8015=ADVANCED_FACE('',(#2296),#104,.T.);
#8016=ADVANCED_FACE('',(#2297),#1940,.T.);
#8017=ADVANCED_FACE('',(#2298),#1941,.F.);
#8018=ADVANCED_FACE('',(#2299),#1942,.T.);
#8019=ADVANCED_FACE('',(#2300),#105,.T.);
#8020=ADVANCED_FACE('',(#2301),#1943,.T.);
#8021=ADVANCED_FACE('',(#2302),#1944,.F.);
#8022=ADVANCED_FACE('',(#2303),#106,.T.);
#8023=ADVANCED_FACE('',(#2304),#1945,.T.);
#8024=ADVANCED_FACE('',(#2305),#1946,.F.);
#8025=ADVANCED_FACE('',(#2306),#107,.T.);
#8026=ADVANCED_FACE('',(#2307),#1947,.T.);
#8027=ADVANCED_FACE('',(#2308),#1948,.F.);
#8028=ADVANCED_FACE('',(#2309),#108,.T.);
#8029=ADVANCED_FACE('',(#2310),#1949,.T.);
#8030=ADVANCED_FACE('',(#2311),#1950,.F.);
#8031=ADVANCED_FACE('',(#2312),#109,.T.);
#8032=ADVANCED_FACE('',(#2313),#1951,.T.);
#8033=ADVANCED_FACE('',(#2314),#1952,.F.);
#8034=ADVANCED_FACE('',(#2315),#110,.T.);
#8035=ADVANCED_FACE('',(#2316),#1953,.T.);
#8036=ADVANCED_FACE('',(#2317),#1954,.F.);
#8037=ADVANCED_FACE('',(#2318),#111,.T.);
#8038=ADVANCED_FACE('',(#2319),#1955,.T.);
#8039=ADVANCED_FACE('',(#2320),#1956,.F.);
#8040=ADVANCED_FACE('',(#2321),#112,.T.);
#8041=ADVANCED_FACE('',(#2322),#1957,.T.);
#8042=ADVANCED_FACE('',(#2323),#1958,.F.);
#8043=ADVANCED_FACE('',(#2324),#1959,.F.);
#8044=ADVANCED_FACE('',(#2325),#1960,.T.);
#8045=ADVANCED_FACE('',(#2326),#1961,.F.);
#8046=ADVANCED_FACE('',(#2327),#1962,.T.);
#8047=ADVANCED_FACE('',(#2328),#113,.T.);
#8048=ADVANCED_FACE('',(#2329),#1963,.T.);
#8049=ADVANCED_FACE('',(#2330),#1964,.F.);
#8050=ADVANCED_FACE('',(#2331),#114,.T.);
#8051=ADVANCED_FACE('',(#2332),#1965,.T.);
#8052=ADVANCED_FACE('',(#2333),#1966,.F.);
#8053=ADVANCED_FACE('',(#2334),#115,.T.);
#8054=ADVANCED_FACE('',(#2335),#1967,.T.);
#8055=ADVANCED_FACE('',(#2336),#1968,.F.);
#8056=ADVANCED_FACE('',(#2337),#116,.T.);
#8057=ADVANCED_FACE('',(#2338),#1969,.T.);
#8058=ADVANCED_FACE('',(#2339),#1970,.F.);
#8059=ADVANCED_FACE('',(#2340),#117,.T.);
#8060=ADVANCED_FACE('',(#2341),#1971,.T.);
#8061=ADVANCED_FACE('',(#2342),#1972,.F.);
#8062=ADVANCED_FACE('',(#2343),#118,.T.);
#8063=ADVANCED_FACE('',(#2344),#1973,.T.);
#8064=ADVANCED_FACE('',(#2345),#1974,.F.);
#8065=ADVANCED_FACE('',(#2346),#119,.T.);
#8066=ADVANCED_FACE('',(#2347),#1975,.T.);
#8067=ADVANCED_FACE('',(#2348),#1976,.F.);
#8068=ADVANCED_FACE('',(#2349),#120,.T.);
#8069=ADVANCED_FACE('',(#2350),#1977,.T.);
#8070=ADVANCED_FACE('',(#2351),#1978,.F.);
#8071=ADVANCED_FACE('',(#2352),#121,.T.);
#8072=ADVANCED_FACE('',(#2353),#1979,.T.);
#8073=ADVANCED_FACE('',(#2354),#1980,.F.);
#8074=ADVANCED_FACE('',(#2355),#1981,.T.);
#8075=ADVANCED_FACE('',(#2356),#122,.T.);
#8076=ADVANCED_FACE('',(#2357),#1982,.T.);
#8077=ADVANCED_FACE('',(#2358),#1983,.F.);
#8078=ADVANCED_FACE('',(#2359),#1984,.T.);
#8079=ADVANCED_FACE('',(#2360),#123,.T.);
#8080=ADVANCED_FACE('',(#2361),#1985,.T.);
#8081=ADVANCED_FACE('',(#2362),#1986,.F.);
#8082=ADVANCED_FACE('',(#2363),#1987,.T.);
#8083=ADVANCED_FACE('',(#2364),#124,.T.);
#8084=ADVANCED_FACE('',(#2365),#1988,.T.);
#8085=ADVANCED_FACE('',(#2366),#1989,.F.);
#8086=ADVANCED_FACE('',(#2367),#1990,.T.);
#8087=ADVANCED_FACE('',(#2368),#125,.T.);
#8088=ADVANCED_FACE('',(#2369),#1991,.T.);
#8089=ADVANCED_FACE('',(#2370),#1992,.F.);
#8090=ADVANCED_FACE('',(#2371),#1993,.T.);
#8091=ADVANCED_FACE('',(#2372),#126,.T.);
#8092=ADVANCED_FACE('',(#2373),#1994,.T.);
#8093=ADVANCED_FACE('',(#2374),#1995,.F.);
#8094=ADVANCED_FACE('',(#2375),#1996,.T.);
#8095=ADVANCED_FACE('',(#2376),#127,.T.);
#8096=ADVANCED_FACE('',(#2377),#1997,.T.);
#8097=ADVANCED_FACE('',(#2378),#1998,.F.);
#8098=ADVANCED_FACE('',(#2379),#1999,.T.);
#8099=ADVANCED_FACE('',(#2380),#128,.T.);
#8100=ADVANCED_FACE('',(#2381),#2000,.T.);
#8101=ADVANCED_FACE('',(#2382),#2001,.F.);
#8102=ADVANCED_FACE('',(#2383),#2002,.T.);
#8103=ADVANCED_FACE('',(#2384),#129,.T.);
#8104=ADVANCED_FACE('',(#2385),#2003,.T.);
#8105=ADVANCED_FACE('',(#2386),#2004,.F.);
#8106=ADVANCED_FACE('',(#2387),#2005,.T.);
#8107=ADVANCED_FACE('',(#2388),#130,.T.);
#8108=ADVANCED_FACE('',(#2389),#2006,.T.);
#8109=ADVANCED_FACE('',(#2390),#2007,.F.);
#8110=ADVANCED_FACE('',(#2391),#2008,.T.);
#8111=ADVANCED_FACE('',(#2392),#131,.T.);
#8112=ADVANCED_FACE('',(#2393),#2009,.T.);
#8113=ADVANCED_FACE('',(#2394),#2010,.F.);
#8114=ADVANCED_FACE('',(#2395),#2011,.T.);
#8115=ADVANCED_FACE('',(#2396),#132,.T.);
#8116=ADVANCED_FACE('',(#2397),#2012,.T.);
#8117=ADVANCED_FACE('',(#2398),#2013,.F.);
#8118=ADVANCED_FACE('',(#2399),#2014,.T.);
#8119=ADVANCED_FACE('',(#2400),#133,.T.);
#8120=ADVANCED_FACE('',(#2401),#2015,.T.);
#8121=ADVANCED_FACE('',(#2402),#2016,.F.);
#8122=ADVANCED_FACE('',(#2403),#2017,.T.);
#8123=ADVANCED_FACE('',(#2404),#134,.T.);
#8124=ADVANCED_FACE('',(#2405),#2018,.T.);
#8125=ADVANCED_FACE('',(#2406),#2019,.F.);
#8126=ADVANCED_FACE('',(#2407),#2020,.T.);
#8127=ADVANCED_FACE('',(#2408),#135,.T.);
#8128=ADVANCED_FACE('',(#2409),#2021,.T.);
#8129=ADVANCED_FACE('',(#2410),#2022,.F.);
#8130=ADVANCED_FACE('',(#2411),#2023,.T.);
#8131=ADVANCED_FACE('',(#2412),#136,.T.);
#8132=ADVANCED_FACE('',(#2413),#2024,.T.);
#8133=ADVANCED_FACE('',(#2414),#2025,.F.);
#8134=ADVANCED_FACE('',(#2415),#2026,.T.);
#8135=ADVANCED_FACE('',(#2416),#137,.T.);
#8136=ADVANCED_FACE('',(#2417),#2027,.T.);
#8137=ADVANCED_FACE('',(#2418),#2028,.F.);
#8138=ADVANCED_FACE('',(#2419),#2029,.T.);
#8139=ADVANCED_FACE('',(#2420),#138,.T.);
#8140=ADVANCED_FACE('',(#2421),#2030,.T.);
#8141=ADVANCED_FACE('',(#2422),#2031,.F.);
#8142=ADVANCED_FACE('',(#2423),#2032,.T.);
#8143=ADVANCED_FACE('',(#2424),#2033,.T.);
#8144=ADVANCED_FACE('',(#2425),#2034,.F.);
#8145=ADVANCED_FACE('',(#2426),#2035,.T.);
#8146=ADVANCED_FACE('',(#2427),#2036,.F.);
#8147=ADVANCED_FACE('',(#2428),#2037,.T.);
#8148=ADVANCED_FACE('',(#2429),#2038,.F.);
#8149=ADVANCED_FACE('',(#2430),#2039,.F.);
#8150=ADVANCED_FACE('',(#2431),#2040,.F.);
#8151=ADVANCED_FACE('',(#2432),#2041,.T.);
#8152=ADVANCED_FACE('',(#2433),#2042,.F.);
#8153=ADVANCED_FACE('',(#2434),#2043,.F.);
#8154=ADVANCED_FACE('',(#2435),#2044,.F.);
#8155=ADVANCED_FACE('',(#2436),#2045,.F.);
#8156=ADVANCED_FACE('',(#2437),#2046,.F.);
#8157=ADVANCED_FACE('',(#2438),#2047,.T.);
#8158=ADVANCED_FACE('',(#2439),#2048,.F.);
#8159=ADVANCED_FACE('',(#2440),#2049,.F.);
#8160=ADVANCED_FACE('',(#2441),#2050,.F.);
#8161=ADVANCED_FACE('',(#2442),#2051,.F.);
#8162=ADVANCED_FACE('',(#2443),#2052,.F.);
#8163=ADVANCED_FACE('',(#2444),#2053,.F.);
#8164=ADVANCED_FACE('',(#2445),#2054,.T.);
#8165=ADVANCED_FACE('',(#2446),#2055,.F.);
#8166=ADVANCED_FACE('',(#2447),#2056,.T.);
#8167=ADVANCED_FACE('',(#2448),#2057,.T.);
#8168=ADVANCED_FACE('',(#2449),#2058,.T.);
#8169=ADVANCED_FACE('',(#2450),#2059,.T.);
#8170=ADVANCED_FACE('',(#2451),#2060,.T.);
#8171=ADVANCED_FACE('',(#2452),#2061,.T.);
#8172=ADVANCED_FACE('',(#2453),#2062,.T.);
#8173=ADVANCED_FACE('',(#2454),#2063,.T.);
#8174=ADVANCED_FACE('',(#2455),#2064,.F.);
#8175=ADVANCED_FACE('',(#2456),#2065,.T.);
#8176=ADVANCED_FACE('',(#2457),#2066,.T.);
#8177=ADVANCED_FACE('',(#2458),#2067,.T.);
#8178=ADVANCED_FACE('',(#2459),#2068,.T.);
#8179=ADVANCED_FACE('',(#2460),#2069,.T.);
#8180=ADVANCED_FACE('',(#2461),#2070,.T.);
#8181=ADVANCED_FACE('',(#2462),#2071,.T.);
#8182=ADVANCED_FACE('',(#2463),#2072,.T.);
#8183=ADVANCED_FACE('',(#2464),#2073,.T.);
#8184=ADVANCED_FACE('',(#2465),#2074,.F.);
#8185=ADVANCED_FACE('',(#2466),#2075,.T.);
#8186=ADVANCED_FACE('',(#2467),#2076,.T.);
#8187=ADVANCED_FACE('',(#2468,#198,#199),#2077,.T.);
#8188=ADVANCED_FACE('',(#2469),#2078,.F.);
#8189=ADVANCED_FACE('',(#2470,#200,#201),#2079,.F.);
#8190=ADVANCED_FACE('',(#2471),#2080,.T.);
#8191=ADVANCED_FACE('',(#2472),#2081,.T.);
#8192=ADVANCED_FACE('',(#2473),#139,.F.);
#8193=ADVANCED_FACE('',(#2474),#2082,.F.);
#8194=ADVANCED_FACE('',(#2475),#2083,.T.);
#8195=ADVANCED_FACE('',(#2476),#140,.F.);
#8196=ADVANCED_FACE('',(#2477),#2084,.T.);
#8197=ADVANCED_FACE('',(#2478),#2085,.T.);
#8198=ADVANCED_FACE('',(#2479),#141,.F.);
#8199=ADVANCED_FACE('',(#2480),#2086,.T.);
#8200=ADVANCED_FACE('',(#2481),#142,.F.);
#8201=ADVANCED_FACE('',(#2482),#2087,.T.);
#8202=ADVANCED_FACE('',(#2483),#2088,.T.);
#8203=ADVANCED_FACE('',(#2484),#143,.F.);
#8204=ADVANCED_FACE('',(#2485),#2089,.T.);
#8205=ADVANCED_FACE('',(#2486),#2090,.T.);
#8206=ADVANCED_FACE('',(#2487),#2091,.T.);
#8207=ADVANCED_FACE('',(#2488),#144,.F.);
#8208=ADVANCED_FACE('',(#2489,#202),#2092,.T.);
#8209=ADVANCED_FACE('',(#2490,#203),#2093,.T.);
#8210=ADVANCED_FACE('',(#2491),#2094,.F.);
#8211=ADVANCED_FACE('',(#2492),#2095,.F.);
#8212=ADVANCED_FACE('',(#2493),#145,.F.);
#8213=ADVANCED_FACE('',(#2494),#146,.F.);
#8214=ADVANCED_FACE('',(#2495),#147,.T.);
#8215=ADVANCED_FACE('',(#2496),#148,.T.);
#8216=ADVANCED_FACE('',(#2497),#149,.T.);
#8217=ADVANCED_FACE('',(#2498),#150,.F.);
#8218=ADVANCED_FACE('',(#2499),#151,.F.);
#8219=ADVANCED_FACE('',(#2500),#152,.T.);
#8220=ADVANCED_FACE('',(#2501),#153,.F.);
#8221=ADVANCED_FACE('',(#2502),#154,.T.);
#8222=ADVANCED_FACE('',(#2503),#155,.F.);
#8223=ADVANCED_FACE('',(#2504),#156,.T.);
#8224=ADVANCED_FACE('',(#2505),#157,.T.);
#8225=ADVANCED_FACE('',(#2506),#158,.F.);
#8226=ADVANCED_FACE('',(#2507),#159,.F.);
#8227=ADVANCED_FACE('',(#2508),#2096,.F.);
#8228=ADVANCED_FACE('',(#2509),#160,.F.);
#8229=ADVANCED_FACE('',(#2510),#2097,.F.);
#8230=ADVANCED_FACE('',(#2511),#2098,.T.);
#8231=ADVANCED_FACE('',(#2512),#2099,.F.);
#8232=ADVANCED_FACE('',(#2513),#161,.T.);
#8233=ADVANCED_FACE('',(#2514),#2100,.T.);
#8234=ADVANCED_FACE('',(#2515),#2101,.T.);
#8235=ADVANCED_FACE('',(#2516),#2102,.T.);
#8236=ADVANCED_FACE('',(#2517),#2103,.T.);
#8237=ADVANCED_FACE('',(#2518),#2104,.T.);
#8238=ADVANCED_FACE('',(#2519),#2105,.T.);
#8239=ADVANCED_FACE('',(#2520),#2106,.T.);
#8240=ADVANCED_FACE('',(#2521),#2107,.F.);
#8241=ADVANCED_FACE('',(#2522),#2108,.T.);
#8242=ADVANCED_FACE('',(#2523),#2109,.T.);
#8243=ADVANCED_FACE('',(#2524),#162,.F.);
#8244=ADVANCED_FACE('',(#2525),#163,.F.);
#8245=ADVANCED_FACE('',(#2526),#2110,.T.);
#8246=ADVANCED_FACE('',(#2527),#2111,.T.);
#8247=ADVANCED_FACE('',(#2528),#2112,.T.);
#8248=ADVANCED_FACE('',(#2529),#2113,.T.);
#8249=ADVANCED_FACE('',(#2530),#2114,.T.);
#8250=ADVANCED_FACE('',(#2531),#2115,.T.);
#8251=ADVANCED_FACE('',(#2532),#2116,.T.);
#8252=ADVANCED_FACE('',(#2533),#2117,.T.);
#8253=ADVANCED_FACE('',(#2534),#2118,.F.);
#8254=ADVANCED_FACE('',(#2535),#2119,.F.);
#8255=ADVANCED_FACE('',(#2536),#2120,.F.);
#8256=ADVANCED_FACE('',(#2537),#2121,.F.);
#8257=ADVANCED_FACE('',(#2538),#2122,.F.);
#8258=ADVANCED_FACE('',(#2539),#2123,.F.);
#8259=ADVANCED_FACE('',(#2540),#2124,.T.);
#8260=ADVANCED_FACE('',(#2541),#2125,.F.);
#8261=CLOSED_SHELL('',(#7845,#7846,#7847,#7848,#7849,#7850,#7851,#7852,
#7853,#7854,#7855,#7856,#7857,#7858,#7859,#7860,#7861,#7862,#7863,#7864,
#7865,#7866,#7867,#7868,#7869,#7870,#7871,#7872,#7873,#7874,#7875,#7876,
#7877,#7878,#7879,#7880,#7881,#7882,#7883,#7884,#7885,#7886,#7887,#7888,
#7889,#7890,#7891,#7892,#7893,#7894,#7895,#7896,#7897,#7898,#7899,#7900,
#7901,#7902,#7903,#7904,#7905,#7906,#7907,#7908,#7909,#7910,#7911,#7912,
#7913,#7914,#7915,#7916,#7917,#7918,#7919,#7920,#7921,#7922,#7923,#7924,
#7925,#7926,#7927,#7928,#7929,#7930,#7931,#7932,#7933,#7934,#7935,#7936,
#7937,#7938,#7939,#7940,#7941,#7942,#7943,#7944,#7945,#7946,#7947,#7948,
#7949,#7950,#7951,#7952,#7953,#7954,#7955,#7956,#7957,#7958,#7959,#7960,
#7961,#7962,#7963,#7964,#7965,#7966,#7967,#7968,#7969,#7970,#7971,#7972,
#7973,#7974,#7975,#7976,#7977,#7978,#7979,#7980,#7981,#7982,#7983,#7984,
#7985,#7986,#7987,#7988,#7989,#7990,#7991,#7992,#7993,#7994,#7995,#7996,
#7997,#7998,#7999,#8000,#8001,#8002,#8003,#8004,#8005,#8006,#8007,#8008,
#8009,#8010,#8011,#8012,#8013,#8014,#8015,#8016,#8017,#8018,#8019,#8020,
#8021,#8022,#8023,#8024,#8025,#8026,#8027,#8028,#8029,#8030,#8031,#8032,
#8033,#8034,#8035,#8036,#8037,#8038,#8039,#8040,#8041,#8042,#8043,#8044,
#8045,#8046,#8047,#8048,#8049,#8050,#8051,#8052,#8053,#8054,#8055,#8056,
#8057,#8058,#8059,#8060,#8061,#8062,#8063,#8064,#8065,#8066,#8067,#8068,
#8069,#8070,#8071,#8072,#8073,#8074,#8075,#8076,#8077,#8078,#8079,#8080,
#8081,#8082,#8083,#8084,#8085,#8086,#8087,#8088,#8089,#8090,#8091,#8092,
#8093,#8094,#8095,#8096,#8097,#8098,#8099,#8100,#8101,#8102,#8103,#8104,
#8105,#8106,#8107,#8108,#8109,#8110,#8111,#8112,#8113,#8114,#8115,#8116,
#8117,#8118,#8119,#8120,#8121,#8122,#8123,#8124,#8125,#8126,#8127,#8128,
#8129,#8130,#8131,#8132,#8133,#8134,#8135,#8136,#8137,#8138,#8139,#8140,
#8141,#8142,#8143,#8144,#8145,#8146,#8147,#8148,#8149,#8150,#8151,#8152,
#8153,#8154,#8155,#8156,#8157,#8158,#8159,#8160,#8161,#8162,#8163,#8164,
#8165,#8166,#8167,#8168,#8169,#8170,#8171,#8172,#8173,#8174,#8175,#8176,
#8177,#8178,#8179,#8180,#8181,#8182,#8183,#8184,#8185,#8186,#8187,#8188,
#8189,#8190,#8191,#8192,#8193,#8194,#8195,#8196,#8197,#8198,#8199,#8200,
#8201,#8202,#8203,#8204,#8205,#8206,#8207,#8208,#8209,#8210,#8211,#8212,
#8213,#8214,#8215,#8216,#8217,#8218,#8219,#8220,#8221,#8222,#8223,#8224,
#8225,#8226,#8227,#8228,#8229,#8230,#8231,#8232,#8233,#8234,#8235,#8236,
#8237,#8238,#8239,#8240,#8241,#8242,#8243,#8244,#8245,#8246,#8247,#8248,
#8249,#8250,#8251,#8252,#8253,#8254,#8255,#8256,#8257,#8258,#8259,#8260));
#8262=DERIVED_UNIT_ELEMENT(#8264,1.);
#8263=DERIVED_UNIT_ELEMENT(#15255,-3.);
#8264=(
MASS_UNIT()
NAMED_UNIT(*)
SI_UNIT(.KILO.,.GRAM.)
);
#8265=DERIVED_UNIT((#8262,#8263));
#8266=MEASURE_REPRESENTATION_ITEM('density measure',
POSITIVE_RATIO_MEASURE(7850.),#8265);
#8267=PROPERTY_DEFINITION_REPRESENTATION(#8272,#8269);
#8268=PROPERTY_DEFINITION_REPRESENTATION(#8273,#8270);
#8269=REPRESENTATION('material name',(#8271),#15252);
#8270=REPRESENTATION('density',(#8266),#15252);
#8271=DESCRIPTIVE_REPRESENTATION_ITEM('Steel','Steel');
#8272=PROPERTY_DEFINITION('material property','material name',#15262);
#8273=PROPERTY_DEFINITION('material property','density of part',#15262);
#8274=AXIS2_PLACEMENT_3D('',#11351,#9037,#9038);
#8275=AXIS2_PLACEMENT_3D('',#11352,#9039,#9040);
#8276=AXIS2_PLACEMENT_3D('',#11355,#9041,#9042);
#8277=AXIS2_PLACEMENT_3D('',#11357,#9043,#9044);
#8278=AXIS2_PLACEMENT_3D('',#11359,#9045,#9046);
#8279=AXIS2_PLACEMENT_3D('',#11360,#9047,#9048);
#8280=AXIS2_PLACEMENT_3D('',#11361,#9049,#9050);
#8281=AXIS2_PLACEMENT_3D('',#11387,#9059,#9060);
#8282=AXIS2_PLACEMENT_3D('',#11389,#9061,#9062);
#8283=AXIS2_PLACEMENT_3D('',#11399,#9067,#9068);
#8284=AXIS2_PLACEMENT_3D('',#11403,#9070,#9071);
#8285=AXIS2_PLACEMENT_3D('',#11413,#9076,#9077);
#8286=AXIS2_PLACEMENT_3D('',#11415,#9078,#9079);
#8287=AXIS2_PLACEMENT_3D('',#11417,#9080,#9081);
#8288=AXIS2_PLACEMENT_3D('',#11437,#9084,#9085);
#8289=AXIS2_PLACEMENT_3D('',#11439,#9086,#9087);
#8290=AXIS2_PLACEMENT_3D('',#11441,#9088,#9089);
#8291=AXIS2_PLACEMENT_3D('',#11443,#9090,#9091);
#8292=AXIS2_PLACEMENT_3D('',#11445,#9092,#9093);
#8293=AXIS2_PLACEMENT_3D('',#11447,#9094,#9095);
#8294=AXIS2_PLACEMENT_3D('',#11449,#9096,#9097);
#8295=AXIS2_PLACEMENT_3D('',#11452,#9098,#9099);
#8296=AXIS2_PLACEMENT_3D('',#11454,#9100,#9101);
#8297=AXIS2_PLACEMENT_3D('',#11456,#9102,#9103);
#8298=AXIS2_PLACEMENT_3D('',#11458,#9104,#9105);
#8299=AXIS2_PLACEMENT_3D('',#11460,#9106,#9107);
#8300=AXIS2_PLACEMENT_3D('',#11462,#9108,#9109);
#8301=AXIS2_PLACEMENT_3D('',#11464,#9110,#9111);
#8302=AXIS2_PLACEMENT_3D('',#11465,#9112,#9113);
#8303=AXIS2_PLACEMENT_3D('',#11468,#9114,#9115);
#8304=AXIS2_PLACEMENT_3D('',#11470,#9116,#9117);
#8305=AXIS2_PLACEMENT_3D('',#11472,#9118,#9119);
#8306=AXIS2_PLACEMENT_3D('',#11473,#9120,#9121);
#8307=AXIS2_PLACEMENT_3D('',#11474,#9122,#9123);
#8308=AXIS2_PLACEMENT_3D('',#11477,#9125,#9126);
#8309=AXIS2_PLACEMENT_3D('',#11478,#9127,#9128);
#8310=AXIS2_PLACEMENT_3D('',#11548,#9131,#9132);
#8311=AXIS2_PLACEMENT_3D('',#11608,#9133,#9134);
#8312=AXIS2_PLACEMENT_3D('',#11618,#9135,#9136);
#8313=AXIS2_PLACEMENT_3D('',#11620,#9137,#9138);
#8314=AXIS2_PLACEMENT_3D('',#11677,#9140,#9141);
#8315=AXIS2_PLACEMENT_3D('',#12009,#9143,#9144);
#8316=AXIS2_PLACEMENT_3D('',#12038,#9145,#9146);
#8317=AXIS2_PLACEMENT_3D('',#12040,#9147,#9148);
#8318=AXIS2_PLACEMENT_3D('',#12085,#9149,#9150);
#8319=AXIS2_PLACEMENT_3D('',#12126,#9151,#9152);
#8320=AXIS2_PLACEMENT_3D('',#12169,#9153,#9154);
#8321=AXIS2_PLACEMENT_3D('',#12212,#9155,#9156);
#8322=AXIS2_PLACEMENT_3D('',#12289,#9157,#9158);
#8323=AXIS2_PLACEMENT_3D('',#12291,#9159,#9160);
#8324=AXIS2_PLACEMENT_3D('',#12565,#9162,#9163);
#8325=AXIS2_PLACEMENT_3D('',#12608,#9164,#9165);
#8326=AXIS2_PLACEMENT_3D('',#12649,#9166,#9167);
#8327=AXIS2_PLACEMENT_3D('',#12692,#9168,#9169);
#8328=AXIS2_PLACEMENT_3D('',#12694,#9170,#9171);
#8329=AXIS2_PLACEMENT_3D('',#12722,#9172,#9173);
#8330=AXIS2_PLACEMENT_3D('',#12812,#9175,#9176);
#8331=AXIS2_PLACEMENT_3D('',#12814,#9177,#9178);
#8332=AXIS2_PLACEMENT_3D('',#12816,#9179,#9180);
#8333=AXIS2_PLACEMENT_3D('',#12817,#9181,#9182);
#8334=AXIS2_PLACEMENT_3D('',#12818,#9183,#9184);
#8335=AXIS2_PLACEMENT_3D('',#12820,#9185,#9186);
#8336=AXIS2_PLACEMENT_3D('',#12822,#9188,#9189);
#8337=AXIS2_PLACEMENT_3D('',#12824,#9190,#9191);
#8338=AXIS2_PLACEMENT_3D('',#12825,#9192,#9193);
#8339=AXIS2_PLACEMENT_3D('',#12826,#9194,#9195);
#8340=AXIS2_PLACEMENT_3D('',#12831,#9197,#9198);
#8341=AXIS2_PLACEMENT_3D('',#12835,#9200,#9201);
#8342=AXIS2_PLACEMENT_3D('',#12839,#9203,#9204);
#8343=AXIS2_PLACEMENT_3D('',#12843,#9206,#9207);
#8344=AXIS2_PLACEMENT_3D('',#12891,#9231,#9232);
#8345=AXIS2_PLACEMENT_3D('',#12895,#9234,#9235);
#8346=AXIS2_PLACEMENT_3D('',#12899,#9237,#9238);
#8347=AXIS2_PLACEMENT_3D('',#12903,#9240,#9241);
#8348=AXIS2_PLACEMENT_3D('',#12907,#9243,#9244);
#8349=AXIS2_PLACEMENT_3D('',#12911,#9246,#9247);
#8350=AXIS2_PLACEMENT_3D('',#12915,#9249,#9250);
#8351=AXIS2_PLACEMENT_3D('',#12919,#9252,#9253);
#8352=AXIS2_PLACEMENT_3D('',#12923,#9255,#9256);
#8353=AXIS2_PLACEMENT_3D('',#12927,#9258,#9259);
#8354=AXIS2_PLACEMENT_3D('',#12931,#9261,#9262);
#8355=AXIS2_PLACEMENT_3D('',#12935,#9264,#9265);
#8356=AXIS2_PLACEMENT_3D('',#12939,#9267,#9268);
#8357=AXIS2_PLACEMENT_3D('',#12943,#9270,#9271);
#8358=AXIS2_PLACEMENT_3D('',#12947,#9273,#9274);
#8359=AXIS2_PLACEMENT_3D('',#12951,#9276,#9277);
#8360=AXIS2_PLACEMENT_3D('',#12955,#9279,#9280);
#8361=AXIS2_PLACEMENT_3D('',#12959,#9282,#9283);
#8362=AXIS2_PLACEMENT_3D('',#12963,#9285,#9286);
#8363=AXIS2_PLACEMENT_3D('',#12967,#9288,#9289);
#8364=AXIS2_PLACEMENT_3D('',#12971,#9291,#9292);
#8365=AXIS2_PLACEMENT_3D('',#12975,#9294,#9295);
#8366=AXIS2_PLACEMENT_3D('',#12979,#9297,#9298);
#8367=AXIS2_PLACEMENT_3D('',#12983,#9300,#9301);
#8368=AXIS2_PLACEMENT_3D('',#12987,#9303,#9304);
#8369=AXIS2_PLACEMENT_3D('',#12991,#9306,#9307);
#8370=AXIS2_PLACEMENT_3D('',#12995,#9309,#9310);
#8371=AXIS2_PLACEMENT_3D('',#12999,#9312,#9313);
#8372=AXIS2_PLACEMENT_3D('',#13003,#9315,#9316);
#8373=AXIS2_PLACEMENT_3D('',#13007,#9318,#9319);
#8374=AXIS2_PLACEMENT_3D('',#13011,#9321,#9322);
#8375=AXIS2_PLACEMENT_3D('',#13015,#9324,#9325);
#8376=AXIS2_PLACEMENT_3D('',#13019,#9327,#9328);
#8377=AXIS2_PLACEMENT_3D('',#13023,#9330,#9331);
#8378=AXIS2_PLACEMENT_3D('',#13027,#9333,#9334);
#8379=AXIS2_PLACEMENT_3D('',#13031,#9336,#9337);
#8380=AXIS2_PLACEMENT_3D('',#13035,#9339,#9340);
#8381=AXIS2_PLACEMENT_3D('',#13039,#9342,#9343);
#8382=AXIS2_PLACEMENT_3D('',#13043,#9345,#9346);
#8383=AXIS2_PLACEMENT_3D('',#13047,#9348,#9349);
#8384=AXIS2_PLACEMENT_3D('',#13051,#9351,#9352);
#8385=AXIS2_PLACEMENT_3D('',#13055,#9354,#9355);
#8386=AXIS2_PLACEMENT_3D('',#13059,#9357,#9358);
#8387=AXIS2_PLACEMENT_3D('',#13063,#9360,#9361);
#8388=AXIS2_PLACEMENT_3D('',#13067,#9363,#9364);
#8389=AXIS2_PLACEMENT_3D('',#13071,#9366,#9367);
#8390=AXIS2_PLACEMENT_3D('',#13075,#9369,#9370);
#8391=AXIS2_PLACEMENT_3D('',#13079,#9372,#9373);
#8392=AXIS2_PLACEMENT_3D('',#13083,#9375,#9376);
#8393=AXIS2_PLACEMENT_3D('',#13087,#9378,#9379);
#8394=AXIS2_PLACEMENT_3D('',#13091,#9381,#9382);
#8395=AXIS2_PLACEMENT_3D('',#13095,#9384,#9385);
#8396=AXIS2_PLACEMENT_3D('',#13099,#9387,#9388);
#8397=AXIS2_PLACEMENT_3D('',#13103,#9390,#9391);
#8398=AXIS2_PLACEMENT_3D('',#13107,#9393,#9394);
#8399=AXIS2_PLACEMENT_3D('',#13111,#9396,#9397);
#8400=AXIS2_PLACEMENT_3D('',#13115,#9399,#9400);
#8401=AXIS2_PLACEMENT_3D('',#13119,#9402,#9403);
#8402=AXIS2_PLACEMENT_3D('',#13123,#9405,#9406);
#8403=AXIS2_PLACEMENT_3D('',#13127,#9408,#9409);
#8404=AXIS2_PLACEMENT_3D('',#13131,#9411,#9412);
#8405=AXIS2_PLACEMENT_3D('',#13135,#9414,#9415);
#8406=AXIS2_PLACEMENT_3D('',#13139,#9417,#9418);
#8407=AXIS2_PLACEMENT_3D('',#13143,#9420,#9421);
#8408=AXIS2_PLACEMENT_3D('',#13147,#9423,#9424);
#8409=AXIS2_PLACEMENT_3D('',#13151,#9426,#9427);
#8410=AXIS2_PLACEMENT_3D('',#13155,#9429,#9430);
#8411=AXIS2_PLACEMENT_3D('',#13159,#9432,#9433);
#8412=AXIS2_PLACEMENT_3D('',#13163,#9435,#9436);
#8413=AXIS2_PLACEMENT_3D('',#13167,#9438,#9439);
#8414=AXIS2_PLACEMENT_3D('',#13171,#9441,#9442);
#8415=AXIS2_PLACEMENT_3D('',#13175,#9444,#9445);
#8416=AXIS2_PLACEMENT_3D('',#13179,#9447,#9448);
#8417=AXIS2_PLACEMENT_3D('',#13183,#9450,#9451);
#8418=AXIS2_PLACEMENT_3D('',#13187,#9453,#9454);
#8419=AXIS2_PLACEMENT_3D('',#13191,#9456,#9457);
#8420=AXIS2_PLACEMENT_3D('',#13195,#9459,#9460);
#8421=AXIS2_PLACEMENT_3D('',#13199,#9462,#9463);
#8422=AXIS2_PLACEMENT_3D('',#13203,#9465,#9466);
#8423=AXIS2_PLACEMENT_3D('',#13207,#9468,#9469);
#8424=AXIS2_PLACEMENT_3D('',#13211,#9471,#9472);
#8425=AXIS2_PLACEMENT_3D('',#13215,#9474,#9475);
#8426=AXIS2_PLACEMENT_3D('',#13219,#9477,#9478);
#8427=AXIS2_PLACEMENT_3D('',#13223,#9480,#9481);
#8428=AXIS2_PLACEMENT_3D('',#13227,#9483,#9484);
#8429=AXIS2_PLACEMENT_3D('',#13231,#9486,#9487);
#8430=AXIS2_PLACEMENT_3D('',#13235,#9489,#9490);
#8431=AXIS2_PLACEMENT_3D('',#13239,#9492,#9493);
#8432=AXIS2_PLACEMENT_3D('',#13243,#9495,#9496);
#8433=AXIS2_PLACEMENT_3D('',#13247,#9498,#9499);
#8434=AXIS2_PLACEMENT_3D('',#13251,#9501,#9502);
#8435=AXIS2_PLACEMENT_3D('',#13255,#9504,#9505);
#8436=AXIS2_PLACEMENT_3D('',#13259,#9507,#9508);
#8437=AXIS2_PLACEMENT_3D('',#13263,#9510,#9511);
#8438=AXIS2_PLACEMENT_3D('',#13267,#9513,#9514);
#8439=AXIS2_PLACEMENT_3D('',#13271,#9516,#9517);
#8440=AXIS2_PLACEMENT_3D('',#13275,#9519,#9520);
#8441=AXIS2_PLACEMENT_3D('',#13279,#9522,#9523);
#8442=AXIS2_PLACEMENT_3D('',#13283,#9525,#9526);
#8443=AXIS2_PLACEMENT_3D('',#13287,#9528,#9529);
#8444=AXIS2_PLACEMENT_3D('',#13291,#9531,#9532);
#8445=AXIS2_PLACEMENT_3D('',#13295,#9534,#9535);
#8446=AXIS2_PLACEMENT_3D('',#13299,#9537,#9538);
#8447=AXIS2_PLACEMENT_3D('',#13303,#9540,#9541);
#8448=AXIS2_PLACEMENT_3D('',#13307,#9543,#9544);
#8449=AXIS2_PLACEMENT_3D('',#13311,#9546,#9547);
#8450=AXIS2_PLACEMENT_3D('',#13315,#9549,#9550);
#8451=AXIS2_PLACEMENT_3D('',#13361,#9573,#9574);
#8452=AXIS2_PLACEMENT_3D('',#13363,#9575,#9576);
#8453=AXIS2_PLACEMENT_3D('',#13365,#9577,#9578);
#8454=AXIS2_PLACEMENT_3D('',#13366,#9579,#9580);
#8455=AXIS2_PLACEMENT_3D('',#13369,#9581,#9582);
#8456=AXIS2_PLACEMENT_3D('',#13371,#9583,#9584);
#8457=AXIS2_PLACEMENT_3D('',#13373,#9585,#9586);
#8458=AXIS2_PLACEMENT_3D('',#13375,#9587,#9588);
#8459=AXIS2_PLACEMENT_3D('',#13377,#9589,#9590);
#8460=AXIS2_PLACEMENT_3D('',#13379,#9591,#9592);
#8461=AXIS2_PLACEMENT_3D('',#13381,#9593,#9594);
#8462=AXIS2_PLACEMENT_3D('',#13382,#9595,#9596);
#8463=AXIS2_PLACEMENT_3D('',#13384,#9597,#9598);
#8464=AXIS2_PLACEMENT_3D('',#13386,#9599,#9600);
#8465=AXIS2_PLACEMENT_3D('',#13388,#9601,#9602);
#8466=AXIS2_PLACEMENT_3D('',#13390,#9603,#9604);
#8467=AXIS2_PLACEMENT_3D('',#13392,#9605,#9606);
#8468=AXIS2_PLACEMENT_3D('',#13393,#9607,#9608);
#8469=AXIS2_PLACEMENT_3D('',#13395,#9609,#9610);
#8470=AXIS2_PLACEMENT_3D('',#13397,#9611,#9612);
#8471=AXIS2_PLACEMENT_3D('',#13398,#9613,#9614);
#8472=AXIS2_PLACEMENT_3D('',#13399,#9615,#9616);
#8473=AXIS2_PLACEMENT_3D('',#13401,#9618,#9619);
#8474=AXIS2_PLACEMENT_3D('',#13403,#9620,#9621);
#8475=AXIS2_PLACEMENT_3D('',#13404,#9622,#9623);
#8476=AXIS2_PLACEMENT_3D('',#13430,#9631,#9632);
#8477=AXIS2_PLACEMENT_3D('',#13456,#9633,#9634);
#8478=AXIS2_PLACEMENT_3D('',#13503,#9635,#9636);
#8479=AXIS2_PLACEMENT_3D('',#13525,#9637,#9638);
#8480=AXIS2_PLACEMENT_3D('',#13566,#9639,#9640);
#8481=AXIS2_PLACEMENT_3D('',#13595,#9641,#9642);
#8482=AXIS2_PLACEMENT_3D('',#13599,#9645,#9646);
#8483=AXIS2_PLACEMENT_3D('',#13602,#9648,#9649);
#8484=AXIS2_PLACEMENT_3D('',#13603,#9650,#9651);
#8485=AXIS2_PLACEMENT_3D('',#13607,#9654,#9655);
#8486=AXIS2_PLACEMENT_3D('',#13610,#9657,#9658);
#8487=AXIS2_PLACEMENT_3D('',#13611,#9659,#9660);
#8488=AXIS2_PLACEMENT_3D('',#13617,#9664,#9665);
#8489=AXIS2_PLACEMENT_3D('',#13619,#9666,#9667);
#8490=AXIS2_PLACEMENT_3D('',#13621,#9669,#9670);
#8491=AXIS2_PLACEMENT_3D('',#13624,#9673,#9674);
#8492=AXIS2_PLACEMENT_3D('',#13627,#9677,#9678);
#8493=AXIS2_PLACEMENT_3D('',#13630,#9679,#9680);
#8494=AXIS2_PLACEMENT_3D('',#13633,#9683,#9684);
#8495=AXIS2_PLACEMENT_3D('',#13635,#9685,#9686);
#8496=AXIS2_PLACEMENT_3D('',#13673,#9691,#9692);
#8497=AXIS2_PLACEMENT_3D('',#13696,#9693,#9694);
#8498=AXIS2_PLACEMENT_3D('',#13698,#9695,#9696);
#8499=AXIS2_PLACEMENT_3D('',#13701,#9698,#9699);
#8500=AXIS2_PLACEMENT_3D('',#13759,#9702,#9703);
#8501=AXIS2_PLACEMENT_3D('',#13763,#9705,#9706);
#8502=AXIS2_PLACEMENT_3D('',#13765,#9708,#9709);
#8503=AXIS2_PLACEMENT_3D('',#13769,#9711,#9712);
#8504=AXIS2_PLACEMENT_3D('',#13771,#9714,#9715);
#8505=AXIS2_PLACEMENT_3D('',#13775,#9717,#9718);
#8506=AXIS2_PLACEMENT_3D('',#13777,#9720,#9721);
#8507=AXIS2_PLACEMENT_3D('',#13781,#9723,#9724);
#8508=AXIS2_PLACEMENT_3D('',#13783,#9726,#9727);
#8509=AXIS2_PLACEMENT_3D('',#13787,#9729,#9730);
#8510=AXIS2_PLACEMENT_3D('',#13789,#9732,#9733);
#8511=AXIS2_PLACEMENT_3D('',#13791,#9734,#9735);
#8512=AXIS2_PLACEMENT_3D('',#13793,#9737,#9738);
#8513=AXIS2_PLACEMENT_3D('',#13794,#9739,#9740);
#8514=AXIS2_PLACEMENT_3D('',#13795,#9741,#9742);
#8515=AXIS2_PLACEMENT_3D('',#13797,#9744,#9745);
#8516=AXIS2_PLACEMENT_3D('',#13799,#9746,#9747);
#8517=AXIS2_PLACEMENT_3D('',#13801,#9749,#9750);
#8518=AXIS2_PLACEMENT_3D('',#13803,#9751,#9752);
#8519=AXIS2_PLACEMENT_3D('',#13805,#9754,#9755);
#8520=AXIS2_PLACEMENT_3D('',#13807,#9756,#9757);
#8521=AXIS2_PLACEMENT_3D('',#13809,#9759,#9760);
#8522=AXIS2_PLACEMENT_3D('',#13811,#9761,#9762);
#8523=AXIS2_PLACEMENT_3D('',#13813,#9764,#9765);
#8524=AXIS2_PLACEMENT_3D('',#13815,#9767,#9768);
#8525=AXIS2_PLACEMENT_3D('',#13818,#9770,#9771);
#8526=AXIS2_PLACEMENT_3D('',#13819,#9772,#9773);
#8527=AXIS2_PLACEMENT_3D('',#13822,#9775,#9776);
#8528=AXIS2_PLACEMENT_3D('',#13823,#9777,#9778);
#8529=AXIS2_PLACEMENT_3D('',#13826,#9780,#9781);
#8530=AXIS2_PLACEMENT_3D('',#13827,#9782,#9783);
#8531=AXIS2_PLACEMENT_3D('',#13830,#9785,#9786);
#8532=AXIS2_PLACEMENT_3D('',#13831,#9787,#9788);
#8533=AXIS2_PLACEMENT_3D('',#13834,#9789,#9790);
#8534=AXIS2_PLACEMENT_3D('',#13839,#9793,#9794);
#8535=AXIS2_PLACEMENT_3D('',#13844,#9797,#9798);
#8536=AXIS2_PLACEMENT_3D('',#13849,#9801,#9802);
#8537=AXIS2_PLACEMENT_3D('',#13854,#9805,#9806);
#8538=AXIS2_PLACEMENT_3D('',#13859,#9809,#9810);
#8539=AXIS2_PLACEMENT_3D('',#13863,#9812,#9813);
#8540=AXIS2_PLACEMENT_3D('',#13868,#9816,#9817);
#8541=AXIS2_PLACEMENT_3D('',#13873,#9820,#9821);
#8542=AXIS2_PLACEMENT_3D('',#13878,#9824,#9825);
#8543=AXIS2_PLACEMENT_3D('',#13883,#9828,#9829);
#8544=AXIS2_PLACEMENT_3D('',#13888,#9832,#9833);
#8545=AXIS2_PLACEMENT_3D('',#13893,#9836,#9837);
#8546=AXIS2_PLACEMENT_3D('',#13898,#9840,#9841);
#8547=AXIS2_PLACEMENT_3D('',#13903,#9844,#9845);
#8548=AXIS2_PLACEMENT_3D('',#13908,#9848,#9849);
#8549=AXIS2_PLACEMENT_3D('',#13913,#9852,#9853);
#8550=AXIS2_PLACEMENT_3D('',#13918,#9856,#9857);
#8551=AXIS2_PLACEMENT_3D('',#13923,#9860,#9861);
#8552=AXIS2_PLACEMENT_3D('',#13928,#9864,#9865);
#8553=AXIS2_PLACEMENT_3D('',#13933,#9868,#9869);
#8554=AXIS2_PLACEMENT_3D('',#13938,#9872,#9873);
#8555=AXIS2_PLACEMENT_3D('',#13943,#9876,#9877);
#8556=AXIS2_PLACEMENT_3D('',#13948,#9880,#9881);
#8557=AXIS2_PLACEMENT_3D('',#13953,#9884,#9885);
#8558=AXIS2_PLACEMENT_3D('',#13958,#9888,#9889);
#8559=AXIS2_PLACEMENT_3D('',#13963,#9892,#9893);
#8560=AXIS2_PLACEMENT_3D('',#13968,#9896,#9897);
#8561=AXIS2_PLACEMENT_3D('',#13973,#9900,#9901);
#8562=AXIS2_PLACEMENT_3D('',#13978,#9904,#9905);
#8563=AXIS2_PLACEMENT_3D('',#13983,#9908,#9909);
#8564=AXIS2_PLACEMENT_3D('',#13988,#9912,#9913);
#8565=AXIS2_PLACEMENT_3D('',#13993,#9916,#9917);
#8566=AXIS2_PLACEMENT_3D('',#13998,#9920,#9921);
#8567=AXIS2_PLACEMENT_3D('',#14003,#9924,#9925);
#8568=AXIS2_PLACEMENT_3D('',#14008,#9928,#9929);
#8569=AXIS2_PLACEMENT_3D('',#14013,#9932,#9933);
#8570=AXIS2_PLACEMENT_3D('',#14018,#9936,#9937);
#8571=AXIS2_PLACEMENT_3D('',#14023,#9940,#9941);
#8572=AXIS2_PLACEMENT_3D('',#14028,#9944,#9945);
#8573=AXIS2_PLACEMENT_3D('',#14031,#9948,#9949);
#8574=AXIS2_PLACEMENT_3D('',#14033,#9951,#9952);
#8575=AXIS2_PLACEMENT_3D('',#14034,#9953,#9954);
#8576=AXIS2_PLACEMENT_3D('',#14037,#9956,#9957);
#8577=AXIS2_PLACEMENT_3D('',#14038,#9958,#9959);
#8578=AXIS2_PLACEMENT_3D('',#14039,#9960,#9961);
#8579=AXIS2_PLACEMENT_3D('',#14041,#9962,#9963);
#8580=AXIS2_PLACEMENT_3D('',#14044,#9965,#9966);
#8581=AXIS2_PLACEMENT_3D('',#14045,#9967,#9968);
#8582=AXIS2_PLACEMENT_3D('',#14047,#9969,#9970);
#8583=AXIS2_PLACEMENT_3D('',#14050,#9972,#9973);
#8584=AXIS2_PLACEMENT_3D('',#14051,#9974,#9975);
#8585=AXIS2_PLACEMENT_3D('',#14070,#9986,#9987);
#8586=AXIS2_PLACEMENT_3D('',#14083,#9994,#9995);
#8587=AXIS2_PLACEMENT_3D('',#14096,#10002,#10003);
#8588=AXIS2_PLACEMENT_3D('',#14098,#10004,#10005);
#8589=AXIS2_PLACEMENT_3D('',#14099,#10006,#10007);
#8590=AXIS2_PLACEMENT_3D('',#14103,#10009,#10010);
#8591=AXIS2_PLACEMENT_3D('',#14107,#10012,#10013);
#8592=AXIS2_PLACEMENT_3D('',#14109,#10015,#10016);
#8593=AXIS2_PLACEMENT_3D('',#14110,#10017,#10018);
#8594=AXIS2_PLACEMENT_3D('',#14113,#10020,#10021);
#8595=AXIS2_PLACEMENT_3D('',#14115,#10023,#10024);
#8596=AXIS2_PLACEMENT_3D('',#14116,#10025,#10026);
#8597=AXIS2_PLACEMENT_3D('',#14118,#10028,#10029);
#8598=AXIS2_PLACEMENT_3D('',#14119,#10030,#10031);
#8599=AXIS2_PLACEMENT_3D('',#14120,#10032,#10033);
#8600=AXIS2_PLACEMENT_3D('',#14122,#10034,#10035);
#8601=AXIS2_PLACEMENT_3D('',#14125,#10038,#10039);
#8602=AXIS2_PLACEMENT_3D('',#14132,#10043,#10044);
#8603=AXIS2_PLACEMENT_3D('',#14134,#10046,#10047);
#8604=AXIS2_PLACEMENT_3D('',#14137,#10050,#10051);
#8605=AXIS2_PLACEMENT_3D('',#14145,#10055,#10056);
#8606=AXIS2_PLACEMENT_3D('',#14152,#10061,#10062);
#8607=AXIS2_PLACEMENT_3D('',#14156,#10064,#10065);
#8608=AXIS2_PLACEMENT_3D('',#14161,#10068,#10069);
#8609=AXIS2_PLACEMENT_3D('',#14165,#10071,#10072);
#8610=AXIS2_PLACEMENT_3D('',#14168,#10075,#10076);
#8611=AXIS2_PLACEMENT_3D('',#14171,#10079,#10080);
#8612=AXIS2_PLACEMENT_3D('',#14174,#10083,#10084);
#8613=AXIS2_PLACEMENT_3D('',#14177,#10087,#10088);
#8614=AXIS2_PLACEMENT_3D('',#14178,#10089,#10090);
#8615=AXIS2_PLACEMENT_3D('',#14179,#10091,#10092);
#8616=AXIS2_PLACEMENT_3D('',#14180,#10093,#10094);
#8617=AXIS2_PLACEMENT_3D('',#14184,#10096,#10097);
#8618=AXIS2_PLACEMENT_3D('',#14190,#10101,#10102);
#8619=AXIS2_PLACEMENT_3D('',#14194,#10104,#10105);
#8620=AXIS2_PLACEMENT_3D('',#14198,#10107,#10108);
#8621=AXIS2_PLACEMENT_3D('',#14202,#10110,#10111);
#8622=AXIS2_PLACEMENT_3D('',#14206,#10113,#10114);
#8623=AXIS2_PLACEMENT_3D('',#14210,#10116,#10117);
#8624=AXIS2_PLACEMENT_3D('',#14214,#10119,#10120);
#8625=AXIS2_PLACEMENT_3D('',#14218,#10122,#10123);
#8626=AXIS2_PLACEMENT_3D('',#14222,#10125,#10126);
#8627=AXIS2_PLACEMENT_3D('',#14226,#10128,#10129);
#8628=AXIS2_PLACEMENT_3D('',#14230,#10131,#10132);
#8629=AXIS2_PLACEMENT_3D('',#14234,#10134,#10135);
#8630=AXIS2_PLACEMENT_3D('',#14238,#10137,#10138);
#8631=AXIS2_PLACEMENT_3D('',#14242,#10140,#10141);
#8632=AXIS2_PLACEMENT_3D('',#14246,#10143,#10144);
#8633=AXIS2_PLACEMENT_3D('',#14250,#10146,#10147);
#8634=AXIS2_PLACEMENT_3D('',#14296,#10171,#10172);
#8635=AXIS2_PLACEMENT_3D('',#14303,#10177,#10178);
#8636=AXIS2_PLACEMENT_3D('',#14307,#10180,#10181);
#8637=AXIS2_PLACEMENT_3D('',#14311,#10183,#10184);
#8638=AXIS2_PLACEMENT_3D('',#14359,#10208,#10209);
#8639=AXIS2_PLACEMENT_3D('',#14363,#10211,#10212);
#8640=AXIS2_PLACEMENT_3D('',#14367,#10214,#10215);
#8641=AXIS2_PLACEMENT_3D('',#14371,#10217,#10218);
#8642=AXIS2_PLACEMENT_3D('',#14375,#10220,#10221);
#8643=AXIS2_PLACEMENT_3D('',#14379,#10223,#10224);
#8644=AXIS2_PLACEMENT_3D('',#14383,#10226,#10227);
#8645=AXIS2_PLACEMENT_3D('',#14387,#10229,#10230);
#8646=AXIS2_PLACEMENT_3D('',#14391,#10232,#10233);
#8647=AXIS2_PLACEMENT_3D('',#14395,#10235,#10236);
#8648=AXIS2_PLACEMENT_3D('',#14399,#10238,#10239);
#8649=AXIS2_PLACEMENT_3D('',#14403,#10241,#10242);
#8650=AXIS2_PLACEMENT_3D('',#14407,#10244,#10245);
#8651=AXIS2_PLACEMENT_3D('',#14411,#10247,#10248);
#8652=AXIS2_PLACEMENT_3D('',#14415,#10250,#10251);
#8653=AXIS2_PLACEMENT_3D('',#14419,#10253,#10254);
#8654=AXIS2_PLACEMENT_3D('',#14421,#10256,#10257);
#8655=AXIS2_PLACEMENT_3D('',#14424,#10260,#10261);
#8656=AXIS2_PLACEMENT_3D('',#14427,#10264,#10265);
#8657=AXIS2_PLACEMENT_3D('',#14430,#10268,#10269);
#8658=AXIS2_PLACEMENT_3D('',#14433,#10272,#10273);
#8659=AXIS2_PLACEMENT_3D('',#14436,#10276,#10277);
#8660=AXIS2_PLACEMENT_3D('',#14439,#10280,#10281);
#8661=AXIS2_PLACEMENT_3D('',#14442,#10284,#10285);
#8662=AXIS2_PLACEMENT_3D('',#14445,#10288,#10289);
#8663=AXIS2_PLACEMENT_3D('',#14448,#10292,#10293);
#8664=AXIS2_PLACEMENT_3D('',#14451,#10296,#10297);
#8665=AXIS2_PLACEMENT_3D('',#14454,#10300,#10301);
#8666=AXIS2_PLACEMENT_3D('',#14457,#10304,#10305);
#8667=AXIS2_PLACEMENT_3D('',#14460,#10308,#10309);
#8668=AXIS2_PLACEMENT_3D('',#14463,#10312,#10313);
#8669=AXIS2_PLACEMENT_3D('',#14466,#10316,#10317);
#8670=AXIS2_PLACEMENT_3D('',#14469,#10320,#10321);
#8671=AXIS2_PLACEMENT_3D('',#14470,#10322,#10323);
#8672=AXIS2_PLACEMENT_3D('',#14471,#10324,#10325);
#8673=AXIS2_PLACEMENT_3D('',#14472,#10326,#10327);
#8674=AXIS2_PLACEMENT_3D('',#14473,#10328,#10329);
#8675=AXIS2_PLACEMENT_3D('',#14474,#10330,#10331);
#8676=AXIS2_PLACEMENT_3D('',#14478,#10333,#10334);
#8677=AXIS2_PLACEMENT_3D('',#14480,#10336,#10337);
#8678=AXIS2_PLACEMENT_3D('',#14482,#10339,#10340);
#8679=AXIS2_PLACEMENT_3D('',#14484,#10342,#10343);
#8680=AXIS2_PLACEMENT_3D('',#14485,#10344,#10345);
#8681=AXIS2_PLACEMENT_3D('',#14489,#10347,#10348);
#8682=AXIS2_PLACEMENT_3D('',#14491,#10350,#10351);
#8683=AXIS2_PLACEMENT_3D('',#14493,#10353,#10354);
#8684=AXIS2_PLACEMENT_3D('',#14495,#10356,#10357);
#8685=AXIS2_PLACEMENT_3D('',#14496,#10358,#10359);
#8686=AXIS2_PLACEMENT_3D('',#14500,#10361,#10362);
#8687=AXIS2_PLACEMENT_3D('',#14502,#10364,#10365);
#8688=AXIS2_PLACEMENT_3D('',#14504,#10367,#10368);
#8689=AXIS2_PLACEMENT_3D('',#14506,#10370,#10371);
#8690=AXIS2_PLACEMENT_3D('',#14507,#10372,#10373);
#8691=AXIS2_PLACEMENT_3D('',#14511,#10375,#10376);
#8692=AXIS2_PLACEMENT_3D('',#14513,#10378,#10379);
#8693=AXIS2_PLACEMENT_3D('',#14515,#10381,#10382);
#8694=AXIS2_PLACEMENT_3D('',#14517,#10384,#10385);
#8695=AXIS2_PLACEMENT_3D('',#14518,#10386,#10387);
#8696=AXIS2_PLACEMENT_3D('',#14522,#10389,#10390);
#8697=AXIS2_PLACEMENT_3D('',#14524,#10392,#10393);
#8698=AXIS2_PLACEMENT_3D('',#14526,#10395,#10396);
#8699=AXIS2_PLACEMENT_3D('',#14528,#10398,#10399);
#8700=AXIS2_PLACEMENT_3D('',#14529,#10400,#10401);
#8701=AXIS2_PLACEMENT_3D('',#14533,#10403,#10404);
#8702=AXIS2_PLACEMENT_3D('',#14535,#10406,#10407);
#8703=AXIS2_PLACEMENT_3D('',#14537,#10409,#10410);
#8704=AXIS2_PLACEMENT_3D('',#14539,#10412,#10413);
#8705=AXIS2_PLACEMENT_3D('',#14540,#10414,#10415);
#8706=AXIS2_PLACEMENT_3D('',#14544,#10417,#10418);
#8707=AXIS2_PLACEMENT_3D('',#14546,#10420,#10421);
#8708=AXIS2_PLACEMENT_3D('',#14548,#10423,#10424);
#8709=AXIS2_PLACEMENT_3D('',#14550,#10426,#10427);
#8710=AXIS2_PLACEMENT_3D('',#14551,#10428,#10429);
#8711=AXIS2_PLACEMENT_3D('',#14555,#10431,#10432);
#8712=AXIS2_PLACEMENT_3D('',#14557,#10434,#10435);
#8713=AXIS2_PLACEMENT_3D('',#14559,#10437,#10438);
#8714=AXIS2_PLACEMENT_3D('',#14561,#10440,#10441);
#8715=AXIS2_PLACEMENT_3D('',#14562,#10442,#10443);
#8716=AXIS2_PLACEMENT_3D('',#14566,#10445,#10446);
#8717=AXIS2_PLACEMENT_3D('',#14568,#10448,#10449);
#8718=AXIS2_PLACEMENT_3D('',#14570,#10451,#10452);
#8719=AXIS2_PLACEMENT_3D('',#14572,#10454,#10455);
#8720=AXIS2_PLACEMENT_3D('',#14573,#10456,#10457);
#8721=AXIS2_PLACEMENT_3D('',#14577,#10459,#10460);
#8722=AXIS2_PLACEMENT_3D('',#14579,#10462,#10463);
#8723=AXIS2_PLACEMENT_3D('',#14581,#10465,#10466);
#8724=AXIS2_PLACEMENT_3D('',#14583,#10468,#10469);
#8725=AXIS2_PLACEMENT_3D('',#14584,#10470,#10471);
#8726=AXIS2_PLACEMENT_3D('',#14588,#10473,#10474);
#8727=AXIS2_PLACEMENT_3D('',#14590,#10476,#10477);
#8728=AXIS2_PLACEMENT_3D('',#14592,#10479,#10480);
#8729=AXIS2_PLACEMENT_3D('',#14594,#10482,#10483);
#8730=AXIS2_PLACEMENT_3D('',#14595,#10484,#10485);
#8731=AXIS2_PLACEMENT_3D('',#14599,#10487,#10488);
#8732=AXIS2_PLACEMENT_3D('',#14601,#10490,#10491);
#8733=AXIS2_PLACEMENT_3D('',#14603,#10493,#10494);
#8734=AXIS2_PLACEMENT_3D('',#14605,#10496,#10497);
#8735=AXIS2_PLACEMENT_3D('',#14606,#10498,#10499);
#8736=AXIS2_PLACEMENT_3D('',#14610,#10501,#10502);
#8737=AXIS2_PLACEMENT_3D('',#14612,#10504,#10505);
#8738=AXIS2_PLACEMENT_3D('',#14614,#10507,#10508);
#8739=AXIS2_PLACEMENT_3D('',#14616,#10510,#10511);
#8740=AXIS2_PLACEMENT_3D('',#14617,#10512,#10513);
#8741=AXIS2_PLACEMENT_3D('',#14621,#10515,#10516);
#8742=AXIS2_PLACEMENT_3D('',#14623,#10518,#10519);
#8743=AXIS2_PLACEMENT_3D('',#14625,#10521,#10522);
#8744=AXIS2_PLACEMENT_3D('',#14627,#10524,#10525);
#8745=AXIS2_PLACEMENT_3D('',#14628,#10526,#10527);
#8746=AXIS2_PLACEMENT_3D('',#14632,#10529,#10530);
#8747=AXIS2_PLACEMENT_3D('',#14634,#10532,#10533);
#8748=AXIS2_PLACEMENT_3D('',#14636,#10535,#10536);
#8749=AXIS2_PLACEMENT_3D('',#14638,#10538,#10539);
#8750=AXIS2_PLACEMENT_3D('',#14639,#10540,#10541);
#8751=AXIS2_PLACEMENT_3D('',#14643,#10543,#10544);
#8752=AXIS2_PLACEMENT_3D('',#14645,#10546,#10547);
#8753=AXIS2_PLACEMENT_3D('',#14647,#10549,#10550);
#8754=AXIS2_PLACEMENT_3D('',#14649,#10552,#10553);
#8755=AXIS2_PLACEMENT_3D('',#14650,#10554,#10555);
#8756=AXIS2_PLACEMENT_3D('',#14654,#10557,#10558);
#8757=AXIS2_PLACEMENT_3D('',#14656,#10560,#10561);
#8758=AXIS2_PLACEMENT_3D('',#14658,#10563,#10564);
#8759=AXIS2_PLACEMENT_3D('',#14660,#10566,#10567);
#8760=AXIS2_PLACEMENT_3D('',#14661,#10568,#10569);
#8761=AXIS2_PLACEMENT_3D('',#14665,#10571,#10572);
#8762=AXIS2_PLACEMENT_3D('',#14667,#10574,#10575);
#8763=AXIS2_PLACEMENT_3D('',#14669,#10577,#10578);
#8764=AXIS2_PLACEMENT_3D('',#14671,#10580,#10581);
#8765=AXIS2_PLACEMENT_3D('',#14672,#10582,#10583);
#8766=AXIS2_PLACEMENT_3D('',#14676,#10585,#10586);
#8767=AXIS2_PLACEMENT_3D('',#14678,#10588,#10589);
#8768=AXIS2_PLACEMENT_3D('',#14680,#10591,#10592);
#8769=AXIS2_PLACEMENT_3D('',#14682,#10594,#10595);
#8770=AXIS2_PLACEMENT_3D('',#14683,#10596,#10597);
#8771=AXIS2_PLACEMENT_3D('',#14686,#10600,#10601);
#8772=AXIS2_PLACEMENT_3D('',#14687,#10602,#10603);
#8773=AXIS2_PLACEMENT_3D('',#14688,#10604,#10605);
#8774=AXIS2_PLACEMENT_3D('',#14691,#10608,#10609);
#8775=AXIS2_PLACEMENT_3D('',#14692,#10610,#10611);
#8776=AXIS2_PLACEMENT_3D('',#14693,#10612,#10613);
#8777=AXIS2_PLACEMENT_3D('',#14696,#10616,#10617);
#8778=AXIS2_PLACEMENT_3D('',#14697,#10618,#10619);
#8779=AXIS2_PLACEMENT_3D('',#14698,#10620,#10621);
#8780=AXIS2_PLACEMENT_3D('',#14701,#10624,#10625);
#8781=AXIS2_PLACEMENT_3D('',#14702,#10626,#10627);
#8782=AXIS2_PLACEMENT_3D('',#14703,#10628,#10629);
#8783=AXIS2_PLACEMENT_3D('',#14706,#10632,#10633);
#8784=AXIS2_PLACEMENT_3D('',#14707,#10634,#10635);
#8785=AXIS2_PLACEMENT_3D('',#14708,#10636,#10637);
#8786=AXIS2_PLACEMENT_3D('',#14711,#10640,#10641);
#8787=AXIS2_PLACEMENT_3D('',#14712,#10642,#10643);
#8788=AXIS2_PLACEMENT_3D('',#14713,#10644,#10645);
#8789=AXIS2_PLACEMENT_3D('',#14716,#10648,#10649);
#8790=AXIS2_PLACEMENT_3D('',#14717,#10650,#10651);
#8791=AXIS2_PLACEMENT_3D('',#14718,#10652,#10653);
#8792=AXIS2_PLACEMENT_3D('',#14721,#10656,#10657);
#8793=AXIS2_PLACEMENT_3D('',#14722,#10658,#10659);
#8794=AXIS2_PLACEMENT_3D('',#14723,#10660,#10661);
#8795=AXIS2_PLACEMENT_3D('',#14725,#10663,#10664);
#8796=AXIS2_PLACEMENT_3D('',#14728,#10667,#10668);
#8797=AXIS2_PLACEMENT_3D('',#14730,#10670,#10671);
#8798=AXIS2_PLACEMENT_3D('',#14732,#10673,#10674);
#8799=AXIS2_PLACEMENT_3D('',#14735,#10677,#10678);
#8800=AXIS2_PLACEMENT_3D('',#14736,#10679,#10680);
#8801=AXIS2_PLACEMENT_3D('',#14737,#10681,#10682);
#8802=AXIS2_PLACEMENT_3D('',#14740,#10685,#10686);
#8803=AXIS2_PLACEMENT_3D('',#14741,#10687,#10688);
#8804=AXIS2_PLACEMENT_3D('',#14742,#10689,#10690);
#8805=AXIS2_PLACEMENT_3D('',#14745,#10693,#10694);
#8806=AXIS2_PLACEMENT_3D('',#14746,#10695,#10696);
#8807=AXIS2_PLACEMENT_3D('',#14747,#10697,#10698);
#8808=AXIS2_PLACEMENT_3D('',#14750,#10701,#10702);
#8809=AXIS2_PLACEMENT_3D('',#14751,#10703,#10704);
#8810=AXIS2_PLACEMENT_3D('',#14752,#10705,#10706);
#8811=AXIS2_PLACEMENT_3D('',#14755,#10709,#10710);
#8812=AXIS2_PLACEMENT_3D('',#14756,#10711,#10712);
#8813=AXIS2_PLACEMENT_3D('',#14757,#10713,#10714);
#8814=AXIS2_PLACEMENT_3D('',#14760,#10717,#10718);
#8815=AXIS2_PLACEMENT_3D('',#14761,#10719,#10720);
#8816=AXIS2_PLACEMENT_3D('',#14762,#10721,#10722);
#8817=AXIS2_PLACEMENT_3D('',#14765,#10725,#10726);
#8818=AXIS2_PLACEMENT_3D('',#14766,#10727,#10728);
#8819=AXIS2_PLACEMENT_3D('',#14767,#10729,#10730);
#8820=AXIS2_PLACEMENT_3D('',#14770,#10733,#10734);
#8821=AXIS2_PLACEMENT_3D('',#14771,#10735,#10736);
#8822=AXIS2_PLACEMENT_3D('',#14772,#10737,#10738);
#8823=AXIS2_PLACEMENT_3D('',#14776,#10740,#10741);
#8824=AXIS2_PLACEMENT_3D('',#14778,#10743,#10744);
#8825=AXIS2_PLACEMENT_3D('',#14780,#10746,#10747);
#8826=AXIS2_PLACEMENT_3D('',#14782,#10749,#10750);
#8827=AXIS2_PLACEMENT_3D('',#14783,#10751,#10752);
#8828=AXIS2_PLACEMENT_3D('',#14787,#10754,#10755);
#8829=AXIS2_PLACEMENT_3D('',#14789,#10757,#10758);
#8830=AXIS2_PLACEMENT_3D('',#14791,#10760,#10761);
#8831=AXIS2_PLACEMENT_3D('',#14793,#10763,#10764);
#8832=AXIS2_PLACEMENT_3D('',#14794,#10765,#10766);
#8833=AXIS2_PLACEMENT_3D('',#14798,#10768,#10769);
#8834=AXIS2_PLACEMENT_3D('',#14800,#10771,#10772);
#8835=AXIS2_PLACEMENT_3D('',#14802,#10774,#10775);
#8836=AXIS2_PLACEMENT_3D('',#14804,#10777,#10778);
#8837=AXIS2_PLACEMENT_3D('',#14805,#10779,#10780);
#8838=AXIS2_PLACEMENT_3D('',#14809,#10782,#10783);
#8839=AXIS2_PLACEMENT_3D('',#14811,#10785,#10786);
#8840=AXIS2_PLACEMENT_3D('',#14813,#10788,#10789);
#8841=AXIS2_PLACEMENT_3D('',#14815,#10791,#10792);
#8842=AXIS2_PLACEMENT_3D('',#14816,#10793,#10794);
#8843=AXIS2_PLACEMENT_3D('',#14820,#10796,#10797);
#8844=AXIS2_PLACEMENT_3D('',#14822,#10799,#10800);
#8845=AXIS2_PLACEMENT_3D('',#14824,#10802,#10803);
#8846=AXIS2_PLACEMENT_3D('',#14826,#10805,#10806);
#8847=AXIS2_PLACEMENT_3D('',#14827,#10807,#10808);
#8848=AXIS2_PLACEMENT_3D('',#14831,#10810,#10811);
#8849=AXIS2_PLACEMENT_3D('',#14833,#10813,#10814);
#8850=AXIS2_PLACEMENT_3D('',#14835,#10816,#10817);
#8851=AXIS2_PLACEMENT_3D('',#14837,#10819,#10820);
#8852=AXIS2_PLACEMENT_3D('',#14838,#10821,#10822);
#8853=AXIS2_PLACEMENT_3D('',#14842,#10824,#10825);
#8854=AXIS2_PLACEMENT_3D('',#14844,#10827,#10828);
#8855=AXIS2_PLACEMENT_3D('',#14846,#10830,#10831);
#8856=AXIS2_PLACEMENT_3D('',#14848,#10833,#10834);
#8857=AXIS2_PLACEMENT_3D('',#14849,#10835,#10836);
#8858=AXIS2_PLACEMENT_3D('',#14853,#10838,#10839);
#8859=AXIS2_PLACEMENT_3D('',#14855,#10841,#10842);
#8860=AXIS2_PLACEMENT_3D('',#14857,#10844,#10845);
#8861=AXIS2_PLACEMENT_3D('',#14859,#10847,#10848);
#8862=AXIS2_PLACEMENT_3D('',#14860,#10849,#10850);
#8863=AXIS2_PLACEMENT_3D('',#14864,#10852,#10853);
#8864=AXIS2_PLACEMENT_3D('',#14866,#10855,#10856);
#8865=AXIS2_PLACEMENT_3D('',#14868,#10858,#10859);
#8866=AXIS2_PLACEMENT_3D('',#14870,#10861,#10862);
#8867=AXIS2_PLACEMENT_3D('',#14871,#10863,#10864);
#8868=AXIS2_PLACEMENT_3D('',#14875,#10866,#10867);
#8869=AXIS2_PLACEMENT_3D('',#14877,#10869,#10870);
#8870=AXIS2_PLACEMENT_3D('',#14879,#10872,#10873);
#8871=AXIS2_PLACEMENT_3D('',#14881,#10875,#10876);
#8872=AXIS2_PLACEMENT_3D('',#14882,#10877,#10878);
#8873=AXIS2_PLACEMENT_3D('',#14886,#10880,#10881);
#8874=AXIS2_PLACEMENT_3D('',#14888,#10883,#10884);
#8875=AXIS2_PLACEMENT_3D('',#14890,#10886,#10887);
#8876=AXIS2_PLACEMENT_3D('',#14892,#10889,#10890);
#8877=AXIS2_PLACEMENT_3D('',#14893,#10891,#10892);
#8878=AXIS2_PLACEMENT_3D('',#14897,#10894,#10895);
#8879=AXIS2_PLACEMENT_3D('',#14899,#10897,#10898);
#8880=AXIS2_PLACEMENT_3D('',#14901,#10900,#10901);
#8881=AXIS2_PLACEMENT_3D('',#14903,#10903,#10904);
#8882=AXIS2_PLACEMENT_3D('',#14904,#10905,#10906);
#8883=AXIS2_PLACEMENT_3D('',#14908,#10908,#10909);
#8884=AXIS2_PLACEMENT_3D('',#14910,#10911,#10912);
#8885=AXIS2_PLACEMENT_3D('',#14912,#10914,#10915);
#8886=AXIS2_PLACEMENT_3D('',#14914,#10917,#10918);
#8887=AXIS2_PLACEMENT_3D('',#14915,#10919,#10920);
#8888=AXIS2_PLACEMENT_3D('',#14919,#10922,#10923);
#8889=AXIS2_PLACEMENT_3D('',#14921,#10925,#10926);
#8890=AXIS2_PLACEMENT_3D('',#14923,#10928,#10929);
#8891=AXIS2_PLACEMENT_3D('',#14925,#10931,#10932);
#8892=AXIS2_PLACEMENT_3D('',#14926,#10933,#10934);
#8893=AXIS2_PLACEMENT_3D('',#14930,#10936,#10937);
#8894=AXIS2_PLACEMENT_3D('',#14932,#10939,#10940);
#8895=AXIS2_PLACEMENT_3D('',#14934,#10942,#10943);
#8896=AXIS2_PLACEMENT_3D('',#14936,#10945,#10946);
#8897=AXIS2_PLACEMENT_3D('',#14937,#10947,#10948);
#8898=AXIS2_PLACEMENT_3D('',#14941,#10950,#10951);
#8899=AXIS2_PLACEMENT_3D('',#14943,#10953,#10954);
#8900=AXIS2_PLACEMENT_3D('',#14945,#10956,#10957);
#8901=AXIS2_PLACEMENT_3D('',#14947,#10959,#10960);
#8902=AXIS2_PLACEMENT_3D('',#14948,#10961,#10962);
#8903=AXIS2_PLACEMENT_3D('',#14952,#10964,#10965);
#8904=AXIS2_PLACEMENT_3D('',#14954,#10967,#10968);
#8905=AXIS2_PLACEMENT_3D('',#14956,#10970,#10971);
#8906=AXIS2_PLACEMENT_3D('',#14958,#10973,#10974);
#8907=AXIS2_PLACEMENT_3D('',#14959,#10975,#10976);
#8908=AXIS2_PLACEMENT_3D('',#14963,#10978,#10979);
#8909=AXIS2_PLACEMENT_3D('',#14965,#10981,#10982);
#8910=AXIS2_PLACEMENT_3D('',#14967,#10984,#10985);
#8911=AXIS2_PLACEMENT_3D('',#14969,#10987,#10988);
#8912=AXIS2_PLACEMENT_3D('',#14970,#10989,#10990);
#8913=AXIS2_PLACEMENT_3D('',#14973,#10993,#10994);
#8914=AXIS2_PLACEMENT_3D('',#14975,#10996,#10997);
#8915=AXIS2_PLACEMENT_3D('',#14977,#10999,#11000);
#8916=AXIS2_PLACEMENT_3D('',#14979,#11002,#11003);
#8917=AXIS2_PLACEMENT_3D('',#14981,#11005,#11006);
#8918=AXIS2_PLACEMENT_3D('',#14983,#11008,#11009);
#8919=AXIS2_PLACEMENT_3D('',#14985,#11011,#11012);
#8920=AXIS2_PLACEMENT_3D('',#14987,#11014,#11015);
#8921=AXIS2_PLACEMENT_3D('',#14989,#11017,#11018);
#8922=AXIS2_PLACEMENT_3D('',#14991,#11020,#11021);
#8923=AXIS2_PLACEMENT_3D('',#14993,#11023,#11024);
#8924=AXIS2_PLACEMENT_3D('',#14995,#11026,#11027);
#8925=AXIS2_PLACEMENT_3D('',#14997,#11029,#11030);
#8926=AXIS2_PLACEMENT_3D('',#14999,#11032,#11033);
#8927=AXIS2_PLACEMENT_3D('',#15001,#11035,#11036);
#8928=AXIS2_PLACEMENT_3D('',#15003,#11038,#11039);
#8929=AXIS2_PLACEMENT_3D('',#15005,#11041,#11042);
#8930=AXIS2_PLACEMENT_3D('',#15007,#11044,#11045);
#8931=AXIS2_PLACEMENT_3D('',#15009,#11047,#11048);
#8932=AXIS2_PLACEMENT_3D('',#15011,#11050,#11051);
#8933=AXIS2_PLACEMENT_3D('',#15012,#11052,#11053);
#8934=AXIS2_PLACEMENT_3D('',#15015,#11056,#11057);
#8935=AXIS2_PLACEMENT_3D('',#15017,#11059,#11060);
#8936=AXIS2_PLACEMENT_3D('',#15019,#11062,#11063);
#8937=AXIS2_PLACEMENT_3D('',#15021,#11065,#11066);
#8938=AXIS2_PLACEMENT_3D('',#15023,#11068,#11069);
#8939=AXIS2_PLACEMENT_3D('',#15026,#11072,#11073);
#8940=AXIS2_PLACEMENT_3D('',#15028,#11075,#11076);
#8941=AXIS2_PLACEMENT_3D('',#15030,#11078,#11079);
#8942=AXIS2_PLACEMENT_3D('',#15032,#11081,#11082);
#8943=AXIS2_PLACEMENT_3D('',#15034,#11084,#11085);
#8944=AXIS2_PLACEMENT_3D('',#15036,#11087,#11088);
#8945=AXIS2_PLACEMENT_3D('',#15038,#11090,#11091);
#8946=AXIS2_PLACEMENT_3D('',#15040,#11093,#11094);
#8947=AXIS2_PLACEMENT_3D('',#15042,#11096,#11097);
#8948=AXIS2_PLACEMENT_3D('',#15044,#11099,#11100);
#8949=AXIS2_PLACEMENT_3D('',#15046,#11102,#11103);
#8950=AXIS2_PLACEMENT_3D('',#15048,#11105,#11106);
#8951=AXIS2_PLACEMENT_3D('',#15050,#11108,#11109);
#8952=AXIS2_PLACEMENT_3D('',#15052,#11111,#11112);
#8953=AXIS2_PLACEMENT_3D('',#15054,#11114,#11115);
#8954=AXIS2_PLACEMENT_3D('',#15055,#11116,#11117);
#8955=AXIS2_PLACEMENT_3D('',#15056,#11118,#11119);
#8956=AXIS2_PLACEMENT_3D('',#15057,#11120,#11121);
#8957=AXIS2_PLACEMENT_3D('',#15058,#11122,#11123);
#8958=AXIS2_PLACEMENT_3D('',#15060,#11125,#11126);
#8959=AXIS2_PLACEMENT_3D('',#15061,#11127,#11128);
#8960=AXIS2_PLACEMENT_3D('',#15063,#11130,#11131);
#8961=AXIS2_PLACEMENT_3D('',#15064,#11132,#11133);
#8962=AXIS2_PLACEMENT_3D('',#15065,#11134,#11135);
#8963=AXIS2_PLACEMENT_3D('',#15066,#11136,#11137);
#8964=AXIS2_PLACEMENT_3D('',#15067,#11138,#11139);
#8965=AXIS2_PLACEMENT_3D('',#15069,#11141,#11142);
#8966=AXIS2_PLACEMENT_3D('',#15071,#11144,#11145);
#8967=AXIS2_PLACEMENT_3D('',#15072,#11146,#11147);
#8968=AXIS2_PLACEMENT_3D('',#15074,#11149,#11150);
#8969=AXIS2_PLACEMENT_3D('',#15076,#11152,#11153);
#8970=AXIS2_PLACEMENT_3D('',#15077,#11154,#11155);
#8971=AXIS2_PLACEMENT_3D('',#15079,#11157,#11158);
#8972=AXIS2_PLACEMENT_3D('',#15081,#11160,#11161);
#8973=AXIS2_PLACEMENT_3D('',#15082,#11162,#11163);
#8974=AXIS2_PLACEMENT_3D('',#15084,#11165,#11166);
#8975=AXIS2_PLACEMENT_3D('',#15086,#11168,#11169);
#8976=AXIS2_PLACEMENT_3D('',#15087,#11170,#11171);
#8977=AXIS2_PLACEMENT_3D('',#15089,#11173,#11174);
#8978=AXIS2_PLACEMENT_3D('',#15091,#11176,#11177);
#8979=AXIS2_PLACEMENT_3D('',#15092,#11178,#11179);
#8980=AXIS2_PLACEMENT_3D('',#15093,#11180,#11181);
#8981=AXIS2_PLACEMENT_3D('',#15094,#11182,#11183);
#8982=AXIS2_PLACEMENT_3D('',#15095,#11184,#11185);
#8983=AXIS2_PLACEMENT_3D('',#15096,#11186,#11187);
#8984=AXIS2_PLACEMENT_3D('',#15107,#11188,#11189);
#8985=AXIS2_PLACEMENT_3D('',#15118,#11190,#11191);
#8986=AXIS2_PLACEMENT_3D('',#15119,#11192,#11193);
#8987=AXIS2_PLACEMENT_3D('',#15120,#11194,#11195);
#8988=AXIS2_PLACEMENT_3D('',#15121,#11196,#11197);
#8989=AXIS2_PLACEMENT_3D('',#15124,#11200,#11201);
#8990=AXIS2_PLACEMENT_3D('',#15126,#11203,#11204);
#8991=AXIS2_PLACEMENT_3D('',#15128,#11206,#11207);
#8992=AXIS2_PLACEMENT_3D('',#15130,#11209,#11210);
#8993=AXIS2_PLACEMENT_3D('',#15131,#11211,#11212);
#8994=AXIS2_PLACEMENT_3D('',#15133,#11214,#11215);
#8995=AXIS2_PLACEMENT_3D('',#15134,#11216,#11217);
#8996=AXIS2_PLACEMENT_3D('',#15136,#11219,#11220);
#8997=AXIS2_PLACEMENT_3D('',#15138,#11222,#11223);
#8998=AXIS2_PLACEMENT_3D('',#15139,#11224,#11225);
#8999=AXIS2_PLACEMENT_3D('',#15145,#11229,#11230);
#9000=AXIS2_PLACEMENT_3D('',#15147,#11231,#11232);
#9001=AXIS2_PLACEMENT_3D('',#15149,#11234,#11235);
#9002=AXIS2_PLACEMENT_3D('',#15151,#11237,#11238);
#9003=AXIS2_PLACEMENT_3D('',#15152,#11239,#11240);
#9004=AXIS2_PLACEMENT_3D('',#15153,#11241,#11242);
#9005=AXIS2_PLACEMENT_3D('',#15154,#11243,#11244);
#9006=AXIS2_PLACEMENT_3D('',#15163,#11249,#11250);
#9007=AXIS2_PLACEMENT_3D('',#15171,#11255,#11256);
#9008=AXIS2_PLACEMENT_3D('',#15172,#11257,#11258);
#9009=AXIS2_PLACEMENT_3D('',#15175,#11260,#11261);
#9010=AXIS2_PLACEMENT_3D('',#15181,#11265,#11266);
#9011=AXIS2_PLACEMENT_3D('',#15184,#11269,#11270);
#9012=AXIS2_PLACEMENT_3D('',#15190,#11273,#11274);
#9013=AXIS2_PLACEMENT_3D('',#15196,#11278,#11279);
#9014=AXIS2_PLACEMENT_3D('',#15202,#11283,#11284);
#9015=AXIS2_PLACEMENT_3D('',#15210,#11289,#11290);
#9016=AXIS2_PLACEMENT_3D('',#15211,#11291,#11292);
#9017=AXIS2_PLACEMENT_3D('',#15214,#11295,#11296);
#9018=AXIS2_PLACEMENT_3D('',#15216,#11298,#11299);
#9019=AXIS2_PLACEMENT_3D('',#15218,#11301,#11302);
#9020=AXIS2_PLACEMENT_3D('',#15219,#11303,#11304);
#9021=AXIS2_PLACEMENT_3D('',#15220,#11305,#11306);
#9022=AXIS2_PLACEMENT_3D('',#15222,#11308,#11309);
#9023=AXIS2_PLACEMENT_3D('',#15224,#11311,#11312);
#9024=AXIS2_PLACEMENT_3D('',#15226,#11314,#11315);
#9025=AXIS2_PLACEMENT_3D('',#15227,#11316,#11317);
#9026=AXIS2_PLACEMENT_3D('',#15229,#11319,#11320);
#9027=AXIS2_PLACEMENT_3D('',#15231,#11322,#11323);
#9028=AXIS2_PLACEMENT_3D('',#15233,#11325,#11326);
#9029=AXIS2_PLACEMENT_3D('',#15234,#11327,#11328);
#9030=AXIS2_PLACEMENT_3D('',#15237,#11331,#11332);
#9031=AXIS2_PLACEMENT_3D('',#15239,#11334,#11335);
#9032=AXIS2_PLACEMENT_3D('',#15241,#11337,#11338);
#9033=AXIS2_PLACEMENT_3D('',#15242,#11339,#11340);
#9034=AXIS2_PLACEMENT_3D('',#15245,#11343,#11344);
#9035=AXIS2_PLACEMENT_3D('',#15247,#11346,#11347);
#9036=AXIS2_PLACEMENT_3D('',#15249,#11349,#11350);
#9037=DIRECTION('axis',(0.,0.,1.));
#9038=DIRECTION('refdir',(1.,0.,0.));
#9039=DIRECTION('center_axis',(2.22044604925031E-16,-1.,2.46519032881566E-32));
#9040=DIRECTION('ref_axis',(0.,0.,-1.));
#9041=DIRECTION('center_axis',(-1.,-2.22044604925031E-16,0.));
#9042=DIRECTION('ref_axis',(5.47382212626882E-48,-2.46519032881566E-32,
-1.));
#9043=DIRECTION('center_axis',(-2.22044604925031E-16,1.,-2.46519032881566E-32));
#9044=DIRECTION('ref_axis',(-1.,-2.22044604925031E-16,8.80425117434183E-34));
#9045=DIRECTION('center_axis',(-1.,-2.22044604925031E-16,0.));
#9046=DIRECTION('ref_axis',(-5.47382212626882E-48,2.46519032881566E-32,
1.));
#9047=DIRECTION('center_axis',(2.22044604925031E-16,-1.,2.46519032881566E-32));
#9048=DIRECTION('ref_axis',(-1.,-2.23035875482732E-16,8.80425117434183E-34));
#9049=DIRECTION('center_axis',(-1.,-2.22044604925031E-16,0.));
#9050=DIRECTION('ref_axis',(-2.71926214689378E-32,1.22464679914735E-16,
-1.));
#9051=DIRECTION('',(0.,1.,0.));
#9052=DIRECTION('',(0.,0.,1.));
#9053=DIRECTION('',(-2.22044604925031E-16,1.,-2.46519032881566E-32));
#9054=DIRECTION('',(6.19723947310098E-32,-2.79098853817833E-16,1.));
#9055=DIRECTION('',(2.22044604925031E-16,-1.,-2.79098853817833E-16));
#9056=DIRECTION('',(6.19723947310098E-32,-2.79098853817833E-16,1.));
#9057=DIRECTION('',(2.22044604925031E-16,-1.,-1.22464679914735E-16));
#9058=DIRECTION('',(-9.87820438236349E-17,7.49001375527126E-16,-1.));
#9059=DIRECTION('center_axis',(1.,2.22044604925031E-16,0.));
#9060=DIRECTION('ref_axis',(-2.71926214689378E-32,1.22464679914735E-16,
-1.));
#9061=DIRECTION('center_axis',(-1.,-2.22044604925031E-16,0.));
#9062=DIRECTION('ref_axis',(-2.71926214689378E-32,1.22464679914735E-16,
-1.));
#9063=DIRECTION('',(-2.08665728880913E-16,0.939746898833073,-0.341870978782379));
#9064=DIRECTION('',(7.5910606419067E-17,-0.341870978782378,-0.939746898833073));
#9065=DIRECTION('',(2.08665728880912E-16,-0.93974689883307,0.341870978782386));
#9066=DIRECTION('',(-7.59106064190712E-17,0.341870978782397,0.939746898833067));
#9067=DIRECTION('center_axis',(-1.,-2.22044604925031E-16,0.));
#9068=DIRECTION('ref_axis',(-2.71926214689378E-32,1.22464679914735E-16,
-1.));
#9069=DIRECTION('',(-2.08665728880913E-16,0.939746898833073,-0.341870978782379));
#9070=DIRECTION('center_axis',(-1.,-2.22044604925031E-16,0.));
#9071=DIRECTION('ref_axis',(-2.71926214689378E-32,1.22464679914735E-16,
-1.));
#9072=DIRECTION('',(7.59106064190651E-17,-0.34187097878237,-0.939746898833076));
#9073=DIRECTION('',(2.0866572888092E-16,-0.939746898833103,0.341870978782298));
#9074=DIRECTION('',(-7.59106064190687E-17,0.341870978782386,0.93974689883307));
#9075=DIRECTION('',(-2.08665728880913E-16,0.939746898833073,-0.34187097878238));
#9076=DIRECTION('center_axis',(-1.,-2.22044604925031E-16,0.));
#9077=DIRECTION('ref_axis',(-2.71926214689378E-32,1.22464679914735E-16,
-1.));
#9078=DIRECTION('center_axis',(1.,2.22044604925031E-16,0.));
#9079=DIRECTION('ref_axis',(4.35030565183999E-31,-1.95920349125743E-15,
-1.));
#9080=DIRECTION('center_axis',(-1.,-2.22044604925031E-16,0.));
#9081=DIRECTION('ref_axis',(-2.71926214689378E-32,1.22464679914735E-16,
-1.));
#9082=DIRECTION('',(2.08449060228675E-16,-0.938771109971589,-0.344541438846927));
#9083=DIRECTION('',(7.00649232162409E-48,-1.57772181044202E-32,-1.));
#9084=DIRECTION('center_axis',(1.,2.22044604925031E-16,0.));
#9085=DIRECTION('ref_axis',(1.79286569368411E-32,-8.0743492700011E-17,-1.));
#9086=DIRECTION('center_axis',(-1.,-2.22044604925031E-16,0.));
#9087=DIRECTION('ref_axis',(-2.71926214689378E-32,1.22464679914735E-16,
-1.));
#9088=DIRECTION('center_axis',(-1.,-2.22044604925031E-16,0.));
#9089=DIRECTION('ref_axis',(-2.71926214689378E-32,1.22464679914735E-16,
-1.));
#9090=DIRECTION('center_axis',(-1.,-2.22044604925031E-16,0.));
#9091=DIRECTION('ref_axis',(-2.71926214689378E-32,1.22464679914735E-16,
-1.));
#9092=DIRECTION('center_axis',(-1.,-2.22044604925031E-16,0.));
#9093=DIRECTION('ref_axis',(-2.71926214689378E-32,1.22464679914735E-16,
-1.));
#9094=DIRECTION('center_axis',(-1.,-2.22044604925031E-16,0.));
#9095=DIRECTION('ref_axis',(-2.71926214689378E-32,1.22464679914735E-16,
-1.));
#9096=DIRECTION('center_axis',(-1.,-2.22044604925031E-16,0.));
#9097=DIRECTION('ref_axis',(-2.71926214689378E-32,1.22464679914735E-16,
-1.));
#9098=DIRECTION('center_axis',(1.,2.22044604925031E-16,0.));
#9099=DIRECTION('ref_axis',(2.71926214689378E-32,-1.22464679914735E-16,
1.));
#9100=DIRECTION('center_axis',(1.,2.22044604925031E-16,0.));
#9101=DIRECTION('ref_axis',(2.71926214689378E-32,-1.22464679914735E-16,
1.));
#9102=DIRECTION('center_axis',(1.,2.22044604925031E-16,0.));
#9103=DIRECTION('ref_axis',(2.71926214689378E-32,-1.22464679914735E-16,
1.));
#9104=DIRECTION('center_axis',(1.,2.22044604925031E-16,0.));
#9105=DIRECTION('ref_axis',(2.71926214689378E-32,-1.22464679914735E-16,
1.));
#9106=DIRECTION('center_axis',(1.,2.22044604925031E-16,0.));
#9107=DIRECTION('ref_axis',(2.71926214689378E-32,-1.22464679914735E-16,
1.));
#9108=DIRECTION('center_axis',(-1.,-2.22044604925031E-16,0.));
#9109=DIRECTION('ref_axis',(2.71926214689378E-32,-1.22464679914735E-16,
1.));
#9110=DIRECTION('center_axis',(-1.,-2.22044604925031E-16,0.));
#9111=DIRECTION('ref_axis',(2.71926214689378E-32,-1.22464679914735E-16,
1.));
#9112=DIRECTION('center_axis',(-1.,-2.22044604925031E-16,0.));
#9113=DIRECTION('ref_axis',(2.71926214689378E-32,-1.22464679914735E-16,
1.));
#9114=DIRECTION('center_axis',(-1.,-2.22044604925031E-16,0.));
#9115=DIRECTION('ref_axis',(-1.2054025429389E-30,5.42865044321106E-15,1.));
#9116=DIRECTION('center_axis',(1.,2.22044604925031E-16,0.));
#9117=DIRECTION('ref_axis',(2.71926214689378E-32,-1.22464679914735E-16,
1.));
#9118=DIRECTION('center_axis',(1.,2.22044604925031E-16,0.));
#9119=DIRECTION('ref_axis',(2.71926214689378E-32,-1.22464679914735E-16,
1.));
#9120=DIRECTION('center_axis',(1.,2.22044604925031E-16,0.));
#9121=DIRECTION('ref_axis',(2.71926214689378E-32,-1.22464679914735E-16,
1.));
#9122=DIRECTION('center_axis',(0.,1.,0.));
#9123=DIRECTION('ref_axis',(-1.,0.,0.));
#9124=DIRECTION('',(0.,-1.,0.));
#9125=DIRECTION('center_axis',(2.22044604925031E-16,-1.,2.46519032881566E-32));
#9126=DIRECTION('ref_axis',(-1.,0.,0.));
#9127=DIRECTION('center_axis',(2.22044604925031E-16,-1.,2.46519032881566E-32));
#9128=DIRECTION('ref_axis',(-6.84227765783602E-48,3.08148791101958E-32,
1.));
#9129=DIRECTION('',(5.47382212626882E-48,-2.46519032881566E-32,-1.));
#9130=DIRECTION('',(7.00649232162409E-48,-1.57772181044202E-32,-1.));
#9131=DIRECTION('center_axis',(1.,0.,0.));
#9132=DIRECTION('ref_axis',(0.,1.,-8.88178419700176E-15));
#9133=DIRECTION('center_axis',(1.04507513754016E-9,0.,1.));
#9134=DIRECTION('ref_axis',(0.,1.,0.));
#9135=DIRECTION('center_axis',(5.47382212626882E-48,-2.46519032881566E-32,
-1.));
#9136=DIRECTION('ref_axis',(-0.707106781186516,0.707106781186579,0.));
#9137=DIRECTION('center_axis',(0.,0.,1.));
#9138=DIRECTION('ref_axis',(0.,1.,0.));
#9139=DIRECTION('',(-5.47382212626882E-48,2.46519032881566E-32,1.));
#9140=DIRECTION('center_axis',(-1.,0.,6.45846276425639E-14));
#9141=DIRECTION('ref_axis',(0.,1.,0.));
#9142=DIRECTION('',(1.,2.22044604925031E-16,0.));
#9143=DIRECTION('center_axis',(5.79928816246151E-7,0.999999999999832,-1.47865027808473E-8));
#9144=DIRECTION('ref_axis',(-0.95304211499223,5.57174497183766E-7,0.302837789997924));
#9145=DIRECTION('center_axis',(7.6658961019573E-7,0.999999999999706,-1.85642837810171E-8));
#9146=DIRECTION('ref_axis',(-0.954634788626704,7.37341167174164E-7,0.297779146924537));
#9147=DIRECTION('center_axis',(1.,4.22282125840456E-11,9.49827760720203E-10));
#9148=DIRECTION('ref_axis',(9.50744547464012E-10,-0.0511270949460899,-0.998692154851721));
#9149=DIRECTION('center_axis',(1.,-9.20867994934671E-11,-8.40727536690068E-10));
#9150=DIRECTION('ref_axis',(-8.45465090464848E-10,-0.0827851613979506,-0.996567417213866));
#9151=DIRECTION('center_axis',(1.,-3.90477298754705E-13,-3.02899622172376E-12));
#9152=DIRECTION('ref_axis',(-3.05377940156599E-12,-0.114556728484443,-0.993416708113439));
#9153=DIRECTION('center_axis',(1.,-4.55597221557938E-14,-2.99467036284662E-13));
#9154=DIRECTION('ref_axis',(-3.02911422487719E-13,-0.146347460013498,-0.989233249010362));
#9155=DIRECTION('center_axis',(1.,-9.45699261953956E-13,-5.07183786436047E-12));
#9156=DIRECTION('ref_axis',(5.12156320466211E-12,0.0633543774027555,0.997991093579451));
#9157=DIRECTION('center_axis',(-1.,-2.22044604925031E-16,0.));
#9158=DIRECTION('ref_axis',(-2.71926214689378E-32,1.22464679914735E-16,
-1.));
#9159=DIRECTION('center_axis',(1.,4.92738344083287E-12,2.60355443735856E-11));
#9160=DIRECTION('ref_axis',(-2.52748493767673E-11,-0.117671802328678,0.993052539867212));
#9161=DIRECTION('',(2.71926214689378E-32,-1.22464679914735E-16,1.));
#9162=DIRECTION('center_axis',(1.,2.22044604925031E-16,0.));
#9163=DIRECTION('ref_axis',(3.67298531738095E-17,-0.165416553066942,0.98622379000481));
#9164=DIRECTION('center_axis',(1.,-8.25202834050896E-13,6.67067469726611E-12));
#9165=DIRECTION('ref_axis',(-6.72112100651347E-12,-0.133638567123549,0.991030137471694));
#9166=DIRECTION('center_axis',(1.,-6.93580876942842E-11,6.31243593913089E-10));
#9167=DIRECTION('ref_axis',(-6.35025064065864E-10,-0.101839069430901,0.99480088657854));
#9168=DIRECTION('center_axis',(1.,3.33137568773705E-11,-7.35005858504296E-10));
#9169=DIRECTION('ref_axis',(7.35532961756915E-10,-0.0701025031232754,0.997539793219223));
#9170=DIRECTION('center_axis',(7.16389980272031E-7,0.999999999999743,1.84241129324761E-8));
#9171=DIRECTION('ref_axis',(-0.99999999999269,7.16390049685276E-7,-3.75578854484376E-6));
#9172=DIRECTION('center_axis',(5.40176646288895E-7,0.999999999999854,1.46669401256513E-8));
#9173=DIRECTION('ref_axis',(-0.999999999994102,5.40176695820359E-7,-3.39167575038334E-6));
#9174=DIRECTION('',(1.,2.22044604925031E-16,0.));
#9175=DIRECTION('center_axis',(-1.,-2.22044604925031E-16,0.));
#9176=DIRECTION('ref_axis',(0.,0.,1.));
#9177=DIRECTION('center_axis',(2.22044604925031E-16,-1.,0.));
#9178=DIRECTION('ref_axis',(0.,0.,-1.));
#9179=DIRECTION('center_axis',(-1.,-2.22044604925031E-16,0.));
#9180=DIRECTION('ref_axis',(0.,-8.0743492700011E-17,-1.));
#9181=DIRECTION('center_axis',(-1.,-2.22044604925031E-16,0.));
#9182=DIRECTION('ref_axis',(0.,-8.0743492700011E-17,-1.));
#9183=DIRECTION('center_axis',(1.,0.,0.));
#9184=DIRECTION('ref_axis',(0.,0.,-1.));
#9185=DIRECTION('center_axis',(1.,2.22044604925031E-16,0.));
#9186=DIRECTION('ref_axis',(0.,1.61486985400023E-16,-1.));
#9187=DIRECTION('',(1.,0.,0.));
#9188=DIRECTION('center_axis',(1.,2.22044604925031E-16,0.));
#9189=DIRECTION('ref_axis',(0.,0.,-1.));
#9190=DIRECTION('center_axis',(-1.,-2.22044604925031E-16,0.));
#9191=DIRECTION('ref_axis',(-3.58573138736823E-32,1.61486985400023E-16,
-1.));
#9192=DIRECTION('center_axis',(2.22044604925031E-16,-1.,0.));
#9193=DIRECTION('ref_axis',(0.,0.,1.));
#9194=DIRECTION('center_axis',(-1.,-2.22044604925031E-16,0.));
#9195=DIRECTION('ref_axis',(-2.71926214689378E-32,1.22464679914735E-16,
-1.));
#9196=DIRECTION('',(-2.13384146075347E-16,0.960996760751704,0.276559624357448));
#9197=DIRECTION('center_axis',(-1.,-2.22044604925031E-16,0.));
#9198=DIRECTION('ref_axis',(-2.71926214689378E-32,1.22464679914735E-16,
-1.));
#9199=DIRECTION('',(-2.19790310404837E-16,0.989847560038869,-0.142133064010801));
#9200=DIRECTION('center_axis',(-1.,-2.22044604925031E-16,0.));
#9201=DIRECTION('ref_axis',(-2.71926214689378E-32,1.22464679914735E-16,
-1.));
#9202=DIRECTION('',(-2.71926214689378E-32,1.22464679914735E-16,-1.));
#9203=DIRECTION('center_axis',(-1.,-2.22044604925031E-16,0.));
#9204=DIRECTION('ref_axis',(-2.71926214689378E-32,1.22464679914735E-16,
-1.));
#9205=DIRECTION('',(-2.19790263783139E-16,0.989847350073408,0.142134526251196));
#9206=DIRECTION('center_axis',(-1.,-2.22044604925031E-16,0.));
#9207=DIRECTION('ref_axis',(-2.71926214689378E-32,1.22464679914735E-16,
-1.));
#9208=DIRECTION('',(-2.13384235920886E-16,0.960997165380042,-0.276558218340232));
#9209=DIRECTION('',(-6.14082603301277E-17,0.276558218340234,0.960997165380042));
#9210=DIRECTION('',(2.13384235920887E-16,-0.960997165380047,0.276558218340217));
#9211=DIRECTION('',(1.92853465862121E-17,-0.0868534796993756,0.996221096476134));
#9212=DIRECTION('',(2.13384235920887E-16,-0.960997165380047,0.276558218340217));
#9213=DIRECTION('',(-1.33915606513601E-16,0.603102275593749,0.79766386728599));
#9214=DIRECTION('',(2.13384235920887E-16,-0.960997165380047,0.276558218340217));
#9215=DIRECTION('',(-1.92853465862078E-17,0.0868534796993564,-0.996221096476135));
#9216=DIRECTION('',(2.13384235920887E-16,-0.960997165380047,0.276558218340217));
#9217=DIRECTION('',(-1.33915606513602E-16,0.60310227559375,0.797663867285989));
#9218=DIRECTION('',(2.13384235920887E-16,-0.960997165380047,0.276558218340217));
#9219=DIRECTION('',(1.92853465862099E-17,-0.0868534796993659,0.996221096476135));
#9220=DIRECTION('',(2.13384235920887E-16,-0.960997165380047,0.276558218340217));
#9221=DIRECTION('',(-1.33915606513601E-16,0.603102275593748,0.797663867285991));
#9222=DIRECTION('',(2.13384235920887E-16,-0.960997165380047,0.276558218340217));
#9223=DIRECTION('',(1.928534658621E-17,-0.0868534796993664,0.996221096476135));
#9224=DIRECTION('',(2.13384235920887E-16,-0.960997165380047,0.276558218340217));
#9225=DIRECTION('',(1.33915606513599E-16,-0.603102275593739,-0.797663867285997));
#9226=DIRECTION('',(2.13384235920887E-16,-0.960997165380047,0.276558218340217));
#9227=DIRECTION('',(-1.9285346586212E-17,0.0868534796993754,-0.996221096476134));
#9228=DIRECTION('',(2.13384235920887E-16,-0.960997165380047,0.276558218340217));
#9229=DIRECTION('',(5.39711310004395E-17,-0.243064365462343,0.970010161927383));
#9230=DIRECTION('',(-1.60848870936643E-16,0.724398915213233,-0.689381035159723));
#9231=DIRECTION('center_axis',(-1.,-2.22044604925031E-16,0.));
#9232=DIRECTION('ref_axis',(-2.71926214689378E-32,1.22464679914735E-16,
-1.));
#9233=DIRECTION('',(-2.21598654317141E-16,0.997991617008481,-0.0633461315377418));
#9234=DIRECTION('center_axis',(-1.,-2.22044604925031E-16,0.));
#9235=DIRECTION('ref_axis',(-9.92747646278148E-17,0.447093792985121,0.894487082228792));
#9236=DIRECTION('',(-1.44257198501138E-16,0.649676665415237,-0.76021064871188));
#9237=DIRECTION('center_axis',(-1.,-2.22044604925031E-16,0.));
#9238=DIRECTION('ref_axis',(-2.71926214689378E-32,1.22464679914735E-16,
-1.));
#9239=DIRECTION('',(-2.18977908004899E-16,0.986188824893234,-0.165624882356797));
#9240=DIRECTION('center_axis',(-1.,-2.22044604925031E-16,0.));
#9241=DIRECTION('ref_axis',(-1.19170494359634E-16,0.536696193991607,0.843775559823181));
#9242=DIRECTION('',(-1.26136363874539E-16,0.568067681343242,-0.822981840269464));
#9243=DIRECTION('center_axis',(-1.,-2.22044604925031E-16,0.));
#9244=DIRECTION('ref_axis',(-2.71926214689378E-32,1.22464679914735E-16,
-1.));
#9245=DIRECTION('',(-2.1403594139249E-16,0.963932185899114,-0.266147968220231));
#9246=DIRECTION('center_axis',(-1.,-2.22044604925031E-16,0.));
#9247=DIRECTION('ref_axis',(-1.378029872051E-16,0.620609481827429,0.784119806576705));
#9248=DIRECTION('',(-1.06678452411822E-16,0.480437038530344,-0.877029219586322));
#9249=DIRECTION('center_axis',(-1.,-2.22044604925031E-16,0.));
#9250=DIRECTION('ref_axis',(-2.71926214689378E-32,1.22464679914735E-16,
-1.));
#9251=DIRECTION('',(-2.06825140555425E-16,0.93145762593626,-0.363849819410681));
#9252=DIRECTION('center_axis',(-1.,-2.22044604925031E-16,0.));
#9253=DIRECTION('ref_axis',(-1.54974734104829E-16,0.69794415476635,0.716152188314387));
#9254=DIRECTION('',(-8.60897228150544E-17,0.387713643590308,-0.921779870996285));
#9255=DIRECTION('center_axis',(-1.,-2.22044604925031E-16,0.));
#9256=DIRECTION('ref_axis',(-2.71926214689378E-32,1.22464679914735E-16,
-1.));
#9257=DIRECTION('',(-1.97421941776411E-16,0.889109383419004,-0.45769477200016));
#9258=DIRECTION('center_axis',(-1.,-2.22044604925031E-16,0.));
#9259=DIRECTION('ref_axis',(-1.70503710269855E-16,0.767880446036606,0.640593178698168));
#9260=DIRECTION('',(-6.45884207398357E-17,0.290880387576373,-0.956759426461751));
#9261=DIRECTION('center_axis',(-1.,-2.22044604925031E-16,0.));
#9262=DIRECTION('ref_axis',(-2.71926214689378E-32,1.22464679914735E-16,
-1.));
#9263=DIRECTION('',(-1.85926021301749E-16,0.837336360253034,-0.546688046145333));
#9264=DIRECTION('center_axis',(-1.,-2.22044604925031E-16,0.));
#9265=DIRECTION('ref_axis',(-1.84225304689672E-16,0.829677013552624,0.558243722026857));
#9266=DIRECTION('',(-4.24024653370603E-17,0.190963727091575,-0.981597093992894));
#9267=DIRECTION('center_axis',(-1.,-2.22044604925031E-16,0.));
#9268=DIRECTION('ref_axis',(-2.71926214689378E-32,1.22464679914735E-16,
-1.));
#9269=DIRECTION('',(-1.72459238748319E-16,0.776687363363527,-0.62988629100133));
#9270=DIRECTION('center_axis',(-1.,-2.22044604925031E-16,0.));
#9271=DIRECTION('ref_axis',(-1.95994065049898E-16,0.882678798325552,0.469976743027312));
#9272=DIRECTION('',(-1.97670332532159E-17,0.0890228035934035,-0.996029588134996));
#9273=DIRECTION('center_axis',(-1.,-2.22044604925031E-16,0.));
#9274=DIRECTION('ref_axis',(-2.71926214689378E-32,1.22464679914735E-16,
-1.));
#9275=DIRECTION('',(-1.5716434536133E-16,0.707805287205213,-0.706407584475384));
#9276=DIRECTION('center_axis',(-1.,-2.22044604925031E-16,0.));
#9277=DIRECTION('ref_axis',(-2.05685239562991E-16,0.926323968251498,0.376727893635177));
#9278=DIRECTION('',(3.07793430057367E-18,-0.0138617837691344,-0.999903920859768));
#9279=DIRECTION('center_axis',(-1.,-2.22044604925031E-16,0.));
#9280=DIRECTION('ref_axis',(-2.71926214689378E-32,1.22464679914735E-16,
-1.));
#9281=DIRECTION('',(-1.40203470815608E-16,0.63142029892122,-0.775440781820402));
#9282=DIRECTION('center_axis',(-1.,-2.22044604925031E-16,0.));
#9283=DIRECTION('ref_axis',(-2.1319609936823E-16,0.960149873671604,0.2794856348516));
#9284=DIRECTION('',(2.58902749850769E-17,-0.116599432775312,-0.993179023276507));
#9285=DIRECTION('center_axis',(-1.,-2.22044604925031E-16,0.));
#9286=DIRECTION('ref_axis',(-2.71926214689378E-32,1.22464679914735E-16,
-1.));
#9287=DIRECTION('',(-1.21756404600707E-16,0.548342098389716,-0.836254113971084));
#9288=DIRECTION('center_axis',(-1.,-2.22044604925031E-16,0.));
#9289=DIRECTION('ref_axis',(-2.18447027483197E-16,0.983797951573518,0.179280758810726));
#9290=DIRECTION('',(4.84281723139934E-17,-0.218101098787535,-0.975926180972552));
#9291=DIRECTION('center_axis',(-1.,-2.22044604925031E-16,0.));
#9292=DIRECTION('ref_axis',(-2.71926214689378E-32,1.22464679914735E-16,
-1.));
#9293=DIRECTION('',(-1.02018690207598E-16,0.459451335203766,-0.888202944478049));
#9294=DIRECTION('center_axis',(-1.,-2.22044604925031E-16,0.));
#9295=DIRECTION('ref_axis',(-2.21382362763595E-16,0.997017526448527,0.0771754621266359));
#9296=DIRECTION('',(7.04527189688655E-17,-0.317290838895421,-0.94832827836833));
#9297=DIRECTION('center_axis',(-1.,-2.22044604925031E-16,0.));
#9298=DIRECTION('ref_axis',(-2.71926214689378E-32,1.22464679914735E-16,
-1.));
#9299=DIRECTION('',(-8.11995523190157E-17,0.36569027356657,-0.93073660281457));
#9300=DIRECTION('center_axis',(-1.,-2.22044604925031E-16,0.));
#9301=DIRECTION('ref_axis',(-2.21970989925227E-16,0.999668467514313,-0.0257479136549991));
#9302=DIRECTION('',(9.17304492760866E-17,-0.413117217178312,-0.910677860096998));
#9303=DIRECTION('center_axis',(-1.,-2.22044604925031E-16,0.));
#9304=DIRECTION('ref_axis',(-2.71926214689378E-32,1.22464679914735E-16,
-1.));
#9305=DIRECTION('',(-5.95196789757721E-17,0.268052804056499,-0.963404221621147));
#9306=DIRECTION('center_axis',(-1.,-2.22044604925031E-16,0.));
#9307=DIRECTION('ref_axis',(-2.20206669373746E-16,0.9917226741361,-0.128398355146562));
#9308=DIRECTION('',(1.12035814001122E-16,-0.504564450187603,-0.863374029958558));
#9309=DIRECTION('center_axis',(-1.,-2.22044604925031E-16,0.));
#9310=DIRECTION('ref_axis',(-2.71926214689378E-32,1.22464679914735E-16,
-1.));
#9311=DIRECTION('',(-3.72088822286258E-17,0.167573908139712,-0.98585951601168));
#9312=DIRECTION('center_axis',(-1.,-2.22044604925031E-16,0.));
#9313=DIRECTION('ref_axis',(-2.16108103345909E-16,0.97326437370038,-0.229687742131806));
#9314=DIRECTION('',(1.31153571226504E-16,-0.590663174503993,-0.806918220320291));
#9315=DIRECTION('center_axis',(-1.,-2.22044604925031E-16,0.));
#9316=DIRECTION('ref_axis',(-2.71926214689378E-32,1.22464679914735E-16,
-1.));
#9317=DIRECTION('',(-1.45036620733719E-17,0.0653186871091455,-0.997864454279406));
#9318=DIRECTION('center_axis',(-1.,-2.22044604925031E-16,0.));
#9319=DIRECTION('ref_axis',(-2.09718737661215E-16,0.944489228783658,-0.328542381910845));
#9320=DIRECTION('',(1.48881067969703E-16,-0.670500722230877,-0.74190887680892));
#9321=DIRECTION('center_axis',(-1.,-2.22044604925031E-16,0.));
#9322=DIRECTION('ref_axis',(-2.71926214689378E-32,1.22464679914735E-16,
-1.));
#9323=DIRECTION('',(8.3553005079476E-18,-0.0376289282541613,-0.999291781092211));
#9324=DIRECTION('center_axis',(-1.,-2.22044604925031E-16,0.));
#9325=DIRECTION('ref_axis',(-2.01106301185409E-16,0.905702263080467,-0.423914390709871));
#9326=DIRECTION('',(1.65030388355158E-16,-0.743230795501097,-0.669035114638093));
#9327=DIRECTION('center_axis',(-1.,-2.22044604925031E-16,0.));
#9328=DIRECTION('ref_axis',(-2.71926214689378E-32,1.22464679914735E-16,
-1.));
#9329=DIRECTION('',(3.11256948253279E-17,-0.140177667616995,-0.9901263664308));
#9330=DIRECTION('center_axis',(-1.,-2.22044604925031E-16,0.));
#9331=DIRECTION('ref_axis',(-1.90362087887658E-16,0.857314628076326,-0.514792801509841));
#9332=DIRECTION('',(1.79430345569303E-16,-0.808082437444871,-0.589069413815687));
#9333=DIRECTION('center_axis',(-1.,-2.22044604925031E-16,0.));
#9334=DIRECTION('ref_axis',(-2.71926214689378E-32,1.22464679914735E-16,
-1.));
#9335=DIRECTION('',(5.35661490343951E-17,-0.241240488830974,-0.970465365970673));
#9336=DIRECTION('center_axis',(-1.,-2.22044604925031E-16,0.));
#9337=DIRECTION('ref_axis',(-1.77599989101765E-16,0.799839244739713,-0.600214280548377));
#9338=DIRECTION('',(1.91928296483378E-16,-0.864368204524396,-0.502859430663552));
#9339=DIRECTION('center_axis',(-1.,-2.22044604925031E-16,0.));
#9340=DIRECTION('ref_axis',(-2.71926214689378E-32,1.22464679914735E-16,
-1.));
#9341=DIRECTION('',(7.54387887380028E-17,-0.339746100849751,-0.94051719120779));
#9342=DIRECTION('center_axis',(-1.,-2.22044604925031E-16,0.));
#9343=DIRECTION('ref_axis',(-1.62955286249698E-16,0.733885366432191,-0.679273338897302));
#9344=DIRECTION('',(2.0239175970857E-16,-0.911491453606374,-0.41131901244963));
#9345=DIRECTION('center_axis',(-1.,-2.22044604925031E-16,0.));
#9346=DIRECTION('ref_axis',(-2.71926214689378E-32,1.22464679914735E-16,
-1.));
#9347=DIRECTION('',(9.65117585140181E-17,-0.434650319680603,-0.90059930024487));
#9348=DIRECTION('center_axis',(-1.,-2.22044604925031E-16,0.));
#9349=DIRECTION('ref_axis',(-1.46583216824863E-16,0.660152120671223,-0.751131930870528));
#9350=DIRECTION('',(2.10709819931686E-16,-0.948952666527647,-0.315418510379573));
#9351=DIRECTION('center_axis',(-1.,-2.22044604925031E-16,0.));
#9352=DIRECTION('ref_axis',(-2.71926214689378E-32,1.22464679914735E-16,
-1.));
#9353=DIRECTION('',(1.16561679640475E-16,-0.524947136994524,-0.851134832656526));
#9354=DIRECTION('center_axis',(-1.,-2.22044604925031E-16,0.));
#9355=DIRECTION('ref_axis',(-1.28657328836058E-16,0.579421098204554,-0.815028337516818));
#9356=DIRECTION('',(2.16794303645072E-16,-0.976354745111991,-0.21617449363257));
#9357=DIRECTION('center_axis',(-1.,-2.22044604925031E-16,0.));
#9358=DIRECTION('ref_axis',(-2.71926214689378E-32,1.22464679914735E-16,
-1.));
#9359=DIRECTION('',(1.35376017965599E-16,-0.609679384064773,-0.792648124104511));
#9360=DIRECTION('center_axis',(-1.,-2.22044604925031E-16,0.));
#9361=DIRECTION('ref_axis',(-1.09367641155401E-16,0.492548067953854,-0.870285241030161));
#9362=DIRECTION('',(2.20580713807722E-16,-0.993407220509577,-0.114638973475156));
#9363=DIRECTION('center_axis',(-1.,-2.22044604925031E-16,0.));
#9364=DIRECTION('ref_axis',(-2.71926214689378E-32,1.22464679914735E-16,
-1.));
#9365=DIRECTION('',(1.52755336822684E-16,-0.687948877993492,-0.725759148249262));
#9366=DIRECTION('center_axis',(-1.,-2.22044604925031E-16,0.));
#9367=DIRECTION('ref_axis',(-8.89186292710187E-17,0.400453905651255,-0.91631690448701));
#9368=DIRECTION('',(2.22028913529966E-16,-0.999929332239029,-0.0118882516800731));
#9369=DIRECTION('center_axis',(-1.,-2.22044604925031E-16,0.));
#9370=DIRECTION('ref_axis',(-2.71926214689378E-32,1.22464679914735E-16,
-1.));
#9371=DIRECTION('',(1.68515411108377E-16,-0.758925942673874,-0.651176944874871));
#9372=DIRECTION('center_axis',(-1.,-2.22044604925031E-16,0.));
#9373=DIRECTION('ref_axis',(-6.7527057796003E-17,0.304114832327505,-0.952635380803387));
#9374=DIRECTION('',(2.21123551534476E-16,-0.995851944293507,0.0909884885402692));
#9375=DIRECTION('center_axis',(-1.,-2.22044604925031E-16,0.));
#9376=DIRECTION('ref_axis',(-2.71926214689378E-32,1.22464679914735E-16,
-1.));
#9377=DIRECTION('',(1.82489180114605E-16,-0.821858203563282,-0.569692103890983));
#9378=DIRECTION('center_axis',(-1.,-2.22044604925031E-16,0.));
#9379=DIRECTION('ref_axis',(-4.54196827095882E-17,0.204552066126187,-0.978855685095361));
#9380=DIRECTION('',(2.17874224883633E-16,-0.981218277999566,0.192900728146803));
#9381=DIRECTION('center_axis',(-1.,-2.22044604925031E-16,0.));
#9382=DIRECTION('ref_axis',(-2.71926214689378E-32,1.22464679914735E-16,
-1.));
#9383=DIRECTION('',(1.94528518413634E-16,-0.876078563040578,-0.482168384883078));
#9384=DIRECTION('center_axis',(-1.,-2.22044604925031E-16,0.));
#9385=DIRECTION('ref_axis',(-2.283084768736E-17,0.102820997137347,-0.994699875614591));
#9386=DIRECTION('',(2.12315377248274E-16,-0.956183453860352,0.292768172046908));
#9387=DIRECTION('center_axis',(-1.,-2.22044604925031E-16,0.));
#9388=DIRECTION('ref_axis',(-2.71926214689378E-32,1.22464679914735E-16,
-1.));
#9389=DIRECTION('',(2.04505806024458E-16,-0.921012271806854,-0.389533561046));
#9390=DIRECTION('center_axis',(-1.,-2.22044604925031E-16,0.));
#9391=DIRECTION('ref_axis',(-2.71926214689378E-32,1.22464679914735E-16,
-1.));
#9392=DIRECTION('',(2.04505933796213E-16,-0.921012847239681,0.389532200491124));
#9393=DIRECTION('center_axis',(-1.,-2.22044604925031E-16,0.));
#9394=DIRECTION('ref_axis',(-2.71926214689378E-32,1.22464679914735E-16,
-1.));
#9395=DIRECTION('',(2.12315281216347E-16,-0.956183021371004,-0.292769584557237));
#9396=DIRECTION('center_axis',(-1.,-2.22044604925031E-16,0.));
#9397=DIRECTION('ref_axis',(2.2830847687363E-17,-0.102820997137361,-0.994699875614589));
#9398=DIRECTION('',(1.94528676570802E-16,-0.876079275317141,0.482167090705901));
#9399=DIRECTION('center_axis',(-1.,-2.22044604925031E-16,0.));
#9400=DIRECTION('ref_axis',(-2.71926214689378E-32,1.22464679914735E-16,
-1.));
#9401=DIRECTION('',(2.17874161609496E-16,-0.981217993038186,-0.192902177639638));
#9402=DIRECTION('center_axis',(-1.,-2.22044604925031E-16,0.));
#9403=DIRECTION('ref_axis',(4.54196827095912E-17,-0.204552066126201,-0.978855685095358));
#9404=DIRECTION('',(1.82489366980682E-16,-0.821859045133279,0.569690889810093));
#9405=DIRECTION('center_axis',(-1.,-2.22044604925031E-16,0.));
#9406=DIRECTION('ref_axis',(-2.71926214689378E-32,1.22464679914735E-16,
-1.));
#9407=DIRECTION('',(2.2112352168885E-16,-0.995851809880756,-0.0909899596506253));
#9408=DIRECTION('center_axis',(-1.,-2.22044604925031E-16,0.));
#9409=DIRECTION('ref_axis',(6.7527057796006E-17,-0.304114832327519,-0.952635380803382));
#9410=DIRECTION('',(1.68515624702537E-16,-0.758926904616453,0.651175823759827));
#9411=DIRECTION('center_axis',(-1.,-2.22044604925031E-16,0.));
#9412=DIRECTION('ref_axis',(-2.71926214689378E-32,1.22464679914735E-16,
-1.));
#9413=DIRECTION('',(2.22028917429222E-16,-0.999929349799717,0.0118867745463311));
#9414=DIRECTION('center_axis',(-1.,-2.22044604925031E-16,0.));
#9415=DIRECTION('ref_axis',(8.89186292710213E-17,-0.400453905651267,-0.916316904487005));
#9416=DIRECTION('',(1.52755574880775E-16,-0.687949950111823,0.725758131984162));
#9417=DIRECTION('center_axis',(-1.,-2.22044604925031E-16,0.));
#9418=DIRECTION('ref_axis',(-2.71926214689378E-32,1.22464679914735E-16,
-1.));
#9419=DIRECTION('',(2.20580751410527E-16,-0.993407389857555,0.114637505976014));
#9420=DIRECTION('center_axis',(-1.,-2.22044604925031E-16,0.));
#9421=DIRECTION('ref_axis',(1.09367641155403E-16,-0.492548067953865,-0.870285241030155));
#9422=DIRECTION('',(1.35376277964146E-16,-0.609680554994134,0.792647223462017));
#9423=DIRECTION('center_axis',(-1.,-2.22044604925031E-16,0.));
#9424=DIRECTION('ref_axis',(-2.71926214689378E-32,1.22464679914735E-16,
-1.));
#9425=DIRECTION('',(2.16794374552826E-16,-0.976355064452129,0.216173051323884));
#9426=DIRECTION('center_axis',(-1.,-2.22044604925031E-16,0.));
#9427=DIRECTION('ref_axis',(1.2865732883606E-16,-0.579421098204565,-0.81502833751681));
#9428=DIRECTION('',(1.1656195882343E-16,-0.524948394322773,0.851134057183674));
#9429=DIRECTION('center_axis',(-1.,-2.22044604925031E-16,0.));
#9430=DIRECTION('ref_axis',(-2.71926214689378E-32,1.22464679914735E-16,
-1.));
#9431=DIRECTION('',(2.10709923392751E-16,-0.948953132474859,0.315417108550174));
#9432=DIRECTION('center_axis',(-1.,-2.22044604925031E-16,0.));
#9433=DIRECTION('ref_axis',(1.46583216824865E-16,-0.660152120671233,-0.751131930870519));
#9434=DIRECTION('',(9.65120539219707E-17,-0.434651650079748,0.900598658161865));
#9435=DIRECTION('center_axis',(-1.,-2.22044604925031E-16,0.));
#9436=DIRECTION('ref_axis',(-2.71926214689378E-32,1.22464679914735E-16,
-1.));
#9437=DIRECTION('',(2.02391894626232E-16,-0.911492061221505,0.411317665959258));
#9438=DIRECTION('center_axis',(-1.,-2.22044604925031E-16,0.));
#9439=DIRECTION('ref_axis',(1.629552862497E-16,-0.7338853664322,-0.679273338897292));
#9440=DIRECTION('',(7.54390972395557E-17,-0.33974749021723,0.940516689320872));
#9441=DIRECTION('center_axis',(-1.,-2.22044604925031E-16,0.));
#9442=DIRECTION('ref_axis',(-2.71926214689378E-32,1.22464679914735E-16,
-1.));
#9443=DIRECTION('',(1.91928461427476E-16,-0.864368947366574,0.50285815378534));
#9444=DIRECTION('center_axis',(-1.,-2.22044604925031E-16,0.));
#9445=DIRECTION('ref_axis',(1.77599989101767E-16,-0.79983924473972,-0.600214280548367));
#9446=DIRECTION('',(5.35664673593551E-17,-0.241241922439146,0.970465009599968));
#9447=DIRECTION('center_axis',(-1.,-2.22044604925031E-16,0.));
#9448=DIRECTION('ref_axis',(-2.71926214689378E-32,1.22464679914735E-16,
-1.));
#9449=DIRECTION('',(1.79430538791388E-16,-0.808083307639784,0.589068220084862));
#9450=DIRECTION('center_axis',(-1.,-2.22044604925031E-16,0.));
#9451=DIRECTION('ref_axis',(1.9036208788766E-16,-0.857314628076333,-0.514792801509829));
#9452=DIRECTION('',(3.11260195993714E-17,-0.140179130269256,0.990126159353925));
#9453=DIRECTION('center_axis',(-1.,-2.22044604925031E-16,0.));
#9454=DIRECTION('ref_axis',(-2.71926214689378E-32,1.22464679914735E-16,
-1.));
#9455=DIRECTION('',(1.65030607807029E-16,-0.743231783824463,0.669034016708498));
#9456=DIRECTION('center_axis',(-1.,-2.22044604925031E-16,0.));
#9457=DIRECTION('ref_axis',(2.0110630118541E-16,-0.905702263080473,-0.423914390709859));
#9458=DIRECTION('',(8.35562828838881E-18,-0.0376304044460342,0.999291725504233));
#9459=DIRECTION('center_axis',(-1.,-2.22044604925031E-16,0.));
#9460=DIRECTION('ref_axis',(-2.71926214689378E-32,1.22464679914735E-16,
-1.));
#9461=DIRECTION('',(1.48881311325115E-16,-0.670501818206221,0.741907886318883));
#9462=DIRECTION('center_axis',(-1.,-2.22044604925031E-16,0.));
#9463=DIRECTION('ref_axis',(2.09718737661216E-16,-0.944489228783662,-0.328542381910832));
#9464=DIRECTION('',(-1.45033347610873E-17,0.0653172130256622,0.997864550769572));
#9465=DIRECTION('center_axis',(-1.,-2.22044604925031E-16,0.));
#9466=DIRECTION('ref_axis',(-2.71926214689378E-32,1.22464679914735E-16,
-1.));
#9467=DIRECTION('',(1.31153835905829E-16,-0.590664366513704,0.806917347769252));
#9468=DIRECTION('center_axis',(-1.,-2.22044604925031E-16,0.));
#9469=DIRECTION('ref_axis',(2.1610810334591E-16,-0.973264373700383,-0.229687742131793));
#9470=DIRECTION('',(-3.72085588540893E-17,0.16757245179027,0.985859763557169));
#9471=DIRECTION('center_axis',(-1.,-2.22044604925031E-16,0.));
#9472=DIRECTION('ref_axis',(-2.71926214689378E-32,1.22464679914735E-16,
-1.));
#9473=DIRECTION('',(1.12036097198694E-16,-0.504565725596083,0.863373284595776));
#9474=DIRECTION('center_axis',(-1.,-2.22044604925031E-16,0.));
#9475=DIRECTION('ref_axis',(2.20206669373746E-16,-0.991722674136102,-0.128398355146548));
#9476=DIRECTION('',(-5.95193629668341E-17,0.268051380878763,0.963404617597917));
#9477=DIRECTION('center_axis',(-1.,-2.22044604925031E-16,0.));
#9478=DIRECTION('ref_axis',(-2.71926214689378E-32,1.22464679914735E-16,
-1.));
#9479=DIRECTION('',(9.17307479899404E-17,-0.413118562465912,0.910677249823502));
#9480=DIRECTION('center_axis',(-1.,-2.22044604925031E-16,0.));
#9481=DIRECTION('ref_axis',(2.21970989925227E-16,-0.999668467514313,-0.0257479136549853));
#9482=DIRECTION('',(-8.11992470254497E-17,0.36568889864658,0.930737143025168));
#9483=DIRECTION('center_axis',(-1.,-2.22044604925031E-16,0.));
#9484=DIRECTION('ref_axis',(-2.71926214689378E-32,1.22464679914735E-16,
-1.));
#9485=DIRECTION('',(7.04530300325599E-17,-0.317292239801759,0.948327809653172));
#9486=DIRECTION('center_axis',(-1.,-2.22044604925031E-16,0.));
#9487=DIRECTION('ref_axis',(2.21382362763595E-16,-0.997017526448526,0.0771754621266498));
#9488=DIRECTION('',(-1.02018398865592E-16,0.459450023116016,0.888203623196107));
#9489=DIRECTION('center_axis',(-1.,-2.22044604925031E-16,0.));
#9490=DIRECTION('ref_axis',(-2.71926214689378E-32,1.22464679914735E-16,
-1.));
#9491=DIRECTION('',(4.84284924301761E-17,-0.218102540462656,0.975925858784229));
#9492=DIRECTION('center_axis',(-1.,-2.22044604925031E-16,0.));
#9493=DIRECTION('ref_axis',(2.18447027483196E-16,-0.983797951573516,0.179280758810739));
#9494=DIRECTION('',(-1.21756130298558E-16,0.548340863042661,0.836254924002024));
#9495=DIRECTION('center_axis',(-1.,-2.22044604925031E-16,0.));
#9496=DIRECTION('ref_axis',(-2.71926214689378E-32,1.22464679914735E-16,
-1.));
#9497=DIRECTION('',(2.58906007604365E-17,-0.1166008999371,0.993178851030296));
#9498=DIRECTION('center_axis',(-1.,-2.22044604925031E-16,0.));
#9499=DIRECTION('ref_axis',(2.13196099368229E-16,-0.960149873671601,0.279485634851613));
#9500=DIRECTION('',(-1.40203216460987E-16,0.631419153409847,0.775441714577693));
#9501=DIRECTION('center_axis',(-1.,-2.22044604925031E-16,0.));
#9502=DIRECTION('ref_axis',(-2.71926214689378E-32,1.22464679914735E-16,
-1.));
#9503=DIRECTION('',(3.07826228181032E-18,-0.0138632608653096,0.999903900381522));
#9504=DIRECTION('center_axis',(-1.,-2.22044604925031E-16,0.));
#9505=DIRECTION('ref_axis',(2.0568523956299E-16,-0.926323968251493,0.376727893635189));
#9506=DIRECTION('',(-1.5716411365046E-16,0.707804243672227,0.706408630071566));
#9507=DIRECTION('center_axis',(-1.,-2.22044604925031E-16,0.));
#9508=DIRECTION('ref_axis',(-2.71926214689378E-32,1.22464679914735E-16,
-1.));
#9509=DIRECTION('',(-1.97667065427849E-17,0.089021332220428,0.996029719641789));
#9510=DIRECTION('center_axis',(-1.,-2.22044604925031E-16,0.));
#9511=DIRECTION('ref_axis',(1.95994065049897E-16,-0.882678798325545,0.469976743027324));
#9512=DIRECTION('',(-1.72459032137393E-16,0.776686432870638,0.629887438352826));
#9513=DIRECTION('center_axis',(-1.,-2.22044604925031E-16,0.));
#9514=DIRECTION('ref_axis',(-2.71926214689378E-32,1.22464679914735E-16,
-1.));
#9515=DIRECTION('',(-4.24021433606468E-17,0.190962277038719,0.981597376090721));
#9516=DIRECTION('center_axis',(-1.,-2.22044604925031E-16,0.));
#9517=DIRECTION('ref_axis',(1.8422530468967E-16,-0.829677013552616,0.558243722026868));
#9518=DIRECTION('',(-1.85925841980893E-16,0.837335552663697,0.546689283089929));
#9519=DIRECTION('center_axis',(-1.,-2.22044604925031E-16,0.));
#9520=DIRECTION('ref_axis',(-2.71926214689378E-32,1.22464679914735E-16,
-1.));
#9521=DIRECTION('',(-6.45881069104697E-17,0.290878974214557,0.956759856160305));
#9522=DIRECTION('center_axis',(-1.,-2.22044604925031E-16,0.));
#9523=DIRECTION('ref_axis',(1.70503710269853E-16,-0.767880446036597,0.640593178698179));
#9524=DIRECTION('',(-1.97421791646472E-16,0.889108707293868,0.457696085425937));
#9525=DIRECTION('center_axis',(-1.,-2.22044604925031E-16,0.));
#9526=DIRECTION('ref_axis',(-2.71926214689378E-32,1.22464679914735E-16,
-1.));
#9527=DIRECTION('',(-8.60894204594054E-17,0.38771228190152,0.921780443740654));
#9528=DIRECTION('center_axis',(-1.,-2.22044604925031E-16,0.));
#9529=DIRECTION('ref_axis',(1.54974734104827E-16,-0.69794415476634,0.716152188314397));
#9530=DIRECTION('',(-2.06825021207817E-16,0.93145708844242,0.363851195394998));
#9531=DIRECTION('center_axis',(-1.,-2.22044604925031E-16,0.));
#9532=DIRECTION('ref_axis',(-2.71926214689378E-32,1.22464679914735E-16,
-1.));
#9533=DIRECTION('',(-1.06678164734935E-16,0.480435742948823,0.877029929305273));
#9534=DIRECTION('center_axis',(-1.,-2.22044604925031E-16,0.));
#9535=DIRECTION('ref_axis',(1.37802987205098E-16,-0.620609481827419,0.784119806576714));
#9536=DIRECTION('',(-2.14035854092329E-16,0.963931792734137,0.266149392177312));
#9537=DIRECTION('center_axis',(-1.,-2.22044604925031E-16,0.));
#9538=DIRECTION('ref_axis',(-2.71926214689378E-32,1.22464679914735E-16,
-1.));
#9539=DIRECTION('',(-1.2613609392586E-16,0.568066465602474,0.8229826794398));
#9540=DIRECTION('center_axis',(-1.,-2.22044604925031E-16,0.));
#9541=DIRECTION('ref_axis',(1.19170494359632E-16,-0.536696193991596,0.843775559823189));
#9542=DIRECTION('',(-2.18977853677586E-16,0.986188580224768,0.165626339192343));
#9543=DIRECTION('center_axis',(-1.,-2.22044604925031E-16,0.));
#9544=DIRECTION('ref_axis',(-2.71926214689378E-32,1.22464679914735E-16,
-1.));
#9545=DIRECTION('',(-1.44256949142191E-16,0.649675542402377,0.760211608438188));
#9546=DIRECTION('center_axis',(-1.,-2.22044604925031E-16,0.));
#9547=DIRECTION('ref_axis',(9.92747646278123E-17,-0.447093792985109,0.894487082228798));
#9548=DIRECTION('',(-2.2159863353856E-16,0.997991523430072,0.0633476058089348));
#9549=DIRECTION('center_axis',(-1.,-2.22044604925031E-16,0.));
#9550=DIRECTION('ref_axis',(-2.71926214689378E-32,1.22464679914735E-16,
-1.));
#9551=DIRECTION('',(-1.60848644810695E-16,0.724397896832496,0.689382105268665));
#9552=DIRECTION('',(-5.57071169876354E-17,0.2508825513074,0.968017533647759));
#9553=DIRECTION('',(2.13384146075347E-16,-0.960996760751704,-0.276559624357448));
#9554=DIRECTION('',(1.92850229444063E-17,-0.0868520221462599,-0.996221223548819));
#9555=DIRECTION('',(2.13384146075347E-16,-0.960996760751704,-0.276559624357448));
#9556=DIRECTION('',(1.33915865650069E-16,-0.603103442640647,0.79766298489713));
#9557=DIRECTION('',(2.13384146075347E-16,-0.960996760751704,-0.276559624357448));
#9558=DIRECTION('',(-1.92850229444063E-17,0.0868520221462595,0.996221223548819));
#9559=DIRECTION('',(2.13384146075347E-16,-0.960996760751704,-0.276559624357448));
#9560=DIRECTION('',(1.33915865650069E-16,-0.603103442640647,0.79766298489713));
#9561=DIRECTION('',(2.13384146075347E-16,-0.960996760751704,-0.276559624357448));
#9562=DIRECTION('',(1.92850229444063E-17,-0.0868520221462595,-0.996221223548819));
#9563=DIRECTION('',(2.13384146075347E-16,-0.960996760751704,-0.276559624357448));
#9564=DIRECTION('',(1.33915865650069E-16,-0.603103442640647,0.79766298489713));
#9565=DIRECTION('',(2.13384146075347E-16,-0.960996760751704,-0.276559624357448));
#9566=DIRECTION('',(1.92850229444065E-17,-0.0868520221462604,-0.996221223548819));
#9567=DIRECTION('',(2.13384146075347E-16,-0.960996760751704,-0.276559624357448));
#9568=DIRECTION('',(-1.33915865650068E-16,0.603103442640645,-0.797662984897132));
#9569=DIRECTION('',(2.13384146075347E-16,-0.960996760751704,-0.276559624357448));
#9570=DIRECTION('',(-1.92850229444063E-17,0.0868520221462599,0.996221223548819));
#9571=DIRECTION('',(2.13384146075347E-16,-0.960996760751704,-0.276559624357448));
#9572=DIRECTION('',(-6.14024012328091E-17,0.276531831311733,-0.961004758714222));
#9573=DIRECTION('center_axis',(-1.,-2.22044604925031E-16,0.));
#9574=DIRECTION('ref_axis',(-2.71926214689378E-32,1.22464679914735E-16,
-1.));
#9575=DIRECTION('center_axis',(1.,2.22044604925031E-16,0.));
#9576=DIRECTION('ref_axis',(-2.71926214689378E-32,1.22464679914735E-16,
-1.));
#9577=DIRECTION('center_axis',(-1.,-2.22044604925031E-16,0.));
#9578=DIRECTION('ref_axis',(-2.71926214689378E-32,1.22464679914735E-16,
-1.));
#9579=DIRECTION('center_axis',(-1.,-2.22044604925031E-16,0.));
#9580=DIRECTION('ref_axis',(-2.71926214689378E-32,1.22464679914735E-16,
-1.));
#9581=DIRECTION('center_axis',(-1.,-2.22044604925031E-16,0.));
#9582=DIRECTION('ref_axis',(-2.71926214689378E-32,1.22464679914735E-16,
-1.));
#9583=DIRECTION('center_axis',(-1.,-2.22044604925031E-16,0.));
#9584=DIRECTION('ref_axis',(-2.71926214689378E-32,1.22464679914735E-16,
-1.));
#9585=DIRECTION('center_axis',(1.,2.22044604925031E-16,0.));
#9586=DIRECTION('ref_axis',(-2.71926214689378E-32,1.22464679914735E-16,
-1.));
#9587=DIRECTION('center_axis',(1.,2.22044604925031E-16,0.));
#9588=DIRECTION('ref_axis',(-2.71926214689378E-32,1.22464679914735E-16,
-1.));
#9589=DIRECTION('center_axis',(1.,2.22044604925031E-16,0.));
#9590=DIRECTION('ref_axis',(-2.71926214689378E-32,1.22464679914735E-16,
-1.));
#9591=DIRECTION('center_axis',(-1.,-2.22044604925031E-16,0.));
#9592=DIRECTION('ref_axis',(-2.71926214689378E-32,1.22464679914735E-16,
-1.));
#9593=DIRECTION('center_axis',(-1.,-2.22044604925031E-16,0.));
#9594=DIRECTION('ref_axis',(-2.71926214689378E-32,1.22464679914735E-16,
-1.));
#9595=DIRECTION('center_axis',(-1.,-2.22044604925031E-16,0.));
#9596=DIRECTION('ref_axis',(-2.71926214689378E-32,1.22464679914735E-16,
-1.));
#9597=DIRECTION('center_axis',(-1.,-2.22044604925031E-16,0.));
#9598=DIRECTION('ref_axis',(-2.71926214689378E-32,1.22464679914735E-16,
-1.));
#9599=DIRECTION('center_axis',(-1.,-2.22044604925031E-16,0.));
#9600=DIRECTION('ref_axis',(-2.71926214689378E-32,1.22464679914735E-16,
-1.));
#9601=DIRECTION('center_axis',(-1.,-2.22044604925031E-16,0.));
#9602=DIRECTION('ref_axis',(-2.71926214689378E-32,1.22464679914735E-16,
-1.));
#9603=DIRECTION('center_axis',(-1.,-2.22044604925031E-16,0.));
#9604=DIRECTION('ref_axis',(-2.71926214689378E-32,1.22464679914735E-16,
-1.));
#9605=DIRECTION('center_axis',(1.,2.22044604925031E-16,0.));
#9606=DIRECTION('ref_axis',(0.,0.,1.));
#9607=DIRECTION('center_axis',(-1.,0.,0.));
#9608=DIRECTION('ref_axis',(0.,0.,1.));
#9609=DIRECTION('center_axis',(1.,0.,0.));
#9610=DIRECTION('ref_axis',(0.,0.,1.));
#9611=DIRECTION('center_axis',(0.,-1.,0.));
#9612=DIRECTION('ref_axis',(0.,0.,-1.));
#9613=DIRECTION('center_axis',(-1.,0.,0.));
#9614=DIRECTION('ref_axis',(0.,0.,1.));
#9615=DIRECTION('center_axis',(-1.,0.,0.));
#9616=DIRECTION('ref_axis',(0.,0.,1.));
#9617=DIRECTION('',(1.,0.,0.));
#9618=DIRECTION('center_axis',(-1.,0.,0.));
#9619=DIRECTION('ref_axis',(0.,0.,1.));
#9620=DIRECTION('center_axis',(-1.,0.,0.));
#9621=DIRECTION('ref_axis',(2.71926214689378E-32,-1.22464679914735E-16,
1.));
#9622=DIRECTION('center_axis',(-1.,-2.22044604925031E-16,0.));
#9623=DIRECTION('ref_axis',(-2.71926214689378E-32,1.22464679914735E-16,
-1.));
#9624=DIRECTION('',(0.,0.,-1.));
#9625=DIRECTION('',(2.22044604925031E-16,-1.,-1.22464679914735E-16));
#9626=DIRECTION('',(6.19723947310098E-32,-2.79098853817833E-16,1.));
#9627=DIRECTION('',(-2.22044604925031E-16,1.,2.79098853817833E-16));
#9628=DIRECTION('',(6.19723947310098E-32,-2.79098853817833E-16,1.));
#9629=DIRECTION('',(2.22044604925031E-16,-1.,2.46519032881566E-32));
#9630=DIRECTION('',(7.00649232162409E-48,-1.57772181044202E-32,-1.));
#9631=DIRECTION('center_axis',(-1.,-2.22044604925031E-16,0.));
#9632=DIRECTION('ref_axis',(-2.71926214689378E-32,1.22464679914735E-16,
-1.));
#9633=DIRECTION('center_axis',(1.,0.,0.));
#9634=DIRECTION('ref_axis',(0.,1.,0.));
#9635=DIRECTION('center_axis',(3.45376077214956E-14,-0.972147232904974,
0.234370982750002));
#9636=DIRECTION('ref_axis',(1.,3.5527136788005E-14,0.));
#9637=DIRECTION('center_axis',(0.,-0.985306060617337,0.170798029586834));
#9638=DIRECTION('ref_axis',(1.,0.,0.));
#9639=DIRECTION('center_axis',(-1.,8.88178419700113E-15,-1.34239127842373E-15));
#9640=DIRECTION('ref_axis',(-8.88178419700113E-15,-1.,0.));
#9641=DIRECTION('center_axis',(0.,1.,0.));
#9642=DIRECTION('ref_axis',(0.,0.,-1.));
#9643=DIRECTION('',(0.,0.,1.));
#9644=DIRECTION('',(-1.,0.,2.71926214689378E-32));
#9645=DIRECTION('center_axis',(0.,0.,-1.));
#9646=DIRECTION('ref_axis',(-0.707106781186568,0.707106781186527,0.));
#9647=DIRECTION('',(0.,0.,-1.));
#9648=DIRECTION('center_axis',(-2.71926214689378E-32,1.22464679914735E-16,
-1.));
#9649=DIRECTION('ref_axis',(-0.707106781186568,0.707106781186527,0.));
#9650=DIRECTION('center_axis',(-1.,0.,0.));
#9651=DIRECTION('ref_axis',(0.,0.,1.));
#9652=DIRECTION('',(0.,-7.49001375527126E-16,1.));
#9653=DIRECTION('',(0.,-1.,-1.22464679914735E-16));
#9654=DIRECTION('center_axis',(0.,-7.49001375527126E-16,1.));
#9655=DIRECTION('ref_axis',(-0.707106781186518,-0.707106781186577,0.));
#9656=DIRECTION('',(0.,7.49001375527126E-16,-1.));
#9657=DIRECTION('center_axis',(-2.71926214689378E-32,1.22464679914735E-16,
-1.));
#9658=DIRECTION('ref_axis',(-0.707106781186518,-0.707106781186577,0.));
#9659=DIRECTION('center_axis',(-2.22044604925031E-16,1.,7.49001375527126E-16));
#9660=DIRECTION('ref_axis',(-1.66311714517226E-31,7.49001375527126E-16,
-1.));
#9661=DIRECTION('',(-1.,-2.22044604925031E-16,0.));
#9662=DIRECTION('',(1.56634173903098E-16,-7.49001375527126E-16,1.));
#9663=DIRECTION('',(1.,2.22044604925031E-16,0.));
#9664=DIRECTION('center_axis',(1.,2.22044604925031E-16,0.));
#9665=DIRECTION('ref_axis',(2.71926214689378E-32,-1.22464679914735E-16,
1.));
#9666=DIRECTION('center_axis',(-1.,-2.22044604925031E-16,0.));
#9667=DIRECTION('ref_axis',(-2.71926214689378E-32,1.22464679914735E-16,
-1.));
#9668=DIRECTION('',(-1.,-2.22044604925031E-16,0.));
#9669=DIRECTION('center_axis',(1.,2.22044604925031E-16,0.));
#9670=DIRECTION('ref_axis',(2.71926214689378E-32,-1.22464679914735E-16,
1.));
#9671=DIRECTION('',(1.,2.22044604925031E-16,0.));
#9672=DIRECTION('',(1.,2.22044604925031E-16,0.));
#9673=DIRECTION('center_axis',(1.,2.22044604925031E-16,0.));
#9674=DIRECTION('ref_axis',(2.71926214689378E-32,-1.22464679914735E-16,
1.));
#9675=DIRECTION('',(1.,2.22044604925031E-16,0.));
#9676=DIRECTION('',(1.,2.22044604925031E-16,0.));
#9677=DIRECTION('center_axis',(-1.,-2.22044604925031E-16,0.));
#9678=DIRECTION('ref_axis',(-2.71926214689378E-32,1.22464679914735E-16,
-1.));
#9679=DIRECTION('center_axis',(1.,2.22044604925031E-16,0.));
#9680=DIRECTION('ref_axis',(-2.71926214689378E-32,1.22464679914735E-16,
-1.));
#9681=DIRECTION('',(1.,2.22044604925031E-16,0.));
#9682=DIRECTION('',(-1.,-2.22044604925031E-16,0.));
#9683=DIRECTION('center_axis',(-2.22044604925031E-16,1.,-2.46519032881566E-32));
#9684=DIRECTION('ref_axis',(9.12303687711469E-48,-4.1086505480261E-32,-1.));
#9685=DIRECTION('center_axis',(-2.22044604925031E-16,1.,-2.46519032881566E-32));
#9686=DIRECTION('ref_axis',(9.12303687711469E-48,-4.1086505480261E-32,-1.));
#9687=DIRECTION('',(-2.22044604925031E-16,1.,-2.46519032881566E-32));
#9688=DIRECTION('',(-2.22044604925031E-16,1.,-1.57772181044202E-32));
#9689=DIRECTION('',(-2.22044604925031E-16,1.,-1.57772181044202E-32));
#9690=DIRECTION('',(-2.22044604925031E-16,1.,-2.46519032881566E-32));
#9691=DIRECTION('center_axis',(0.,1.,0.));
#9692=DIRECTION('ref_axis',(9.12303687711469E-48,-4.1086505480261E-32,-1.));
#9693=DIRECTION('center_axis',(-2.22044604925031E-16,1.,-2.46519032881566E-32));
#9694=DIRECTION('ref_axis',(9.12303687711471E-48,-4.10865054802611E-32,
-1.));
#9695=DIRECTION('center_axis',(-2.22044604925031E-16,1.,-2.46519032881566E-32));
#9696=DIRECTION('ref_axis',(9.12303687711471E-48,-4.10865054802611E-32,
-1.));
#9697=DIRECTION('',(-2.22044604925031E-16,1.,-2.46519032881566E-32));
#9698=DIRECTION('center_axis',(0.,1.,0.));
#9699=DIRECTION('ref_axis',(9.12303687711471E-48,-4.10865054802611E-32,
-1.));
#9700=DIRECTION('',(2.22044604925031E-16,-1.,1.57772181044202E-32));
#9701=DIRECTION('',(2.22044604925031E-16,-1.,1.57772181044202E-32));
#9702=DIRECTION('center_axis',(1.,2.22044604925031E-16,0.));
#9703=DIRECTION('ref_axis',(2.71926214689378E-32,-1.22464679914735E-16,
1.));
#9704=DIRECTION('',(1.,2.22044604925031E-16,0.));
#9705=DIRECTION('center_axis',(1.,2.22044604925031E-16,0.));
#9706=DIRECTION('ref_axis',(2.71926214689378E-32,-1.22464679914735E-16,
1.));
#9707=DIRECTION('',(1.,2.22044604925031E-16,0.));
#9708=DIRECTION('center_axis',(1.,2.22044604925031E-16,0.));
#9709=DIRECTION('ref_axis',(2.71926214689378E-32,-1.22464679914735E-16,
1.));
#9710=DIRECTION('',(1.,2.22044604925031E-16,0.));
#9711=DIRECTION('center_axis',(1.,2.22044604925031E-16,0.));
#9712=DIRECTION('ref_axis',(2.71926214689378E-32,-1.22464679914735E-16,
1.));
#9713=DIRECTION('',(1.,2.22044604925031E-16,0.));
#9714=DIRECTION('center_axis',(1.,2.22044604925031E-16,0.));
#9715=DIRECTION('ref_axis',(2.71926214689378E-32,-1.22464679914735E-16,
1.));
#9716=DIRECTION('',(1.,2.22044604925031E-16,0.));
#9717=DIRECTION('center_axis',(1.,2.22044604925031E-16,0.));
#9718=DIRECTION('ref_axis',(2.71926214689378E-32,-1.22464679914735E-16,
1.));
#9719=DIRECTION('',(1.,2.22044604925031E-16,0.));
#9720=DIRECTION('center_axis',(1.,2.22044604925031E-16,0.));
#9721=DIRECTION('ref_axis',(2.71926214689378E-32,-1.22464679914735E-16,
1.));
#9722=DIRECTION('',(1.,2.22044604925031E-16,0.));
#9723=DIRECTION('center_axis',(1.,2.22044604925031E-16,0.));
#9724=DIRECTION('ref_axis',(2.71926214689378E-32,-1.22464679914735E-16,
1.));
#9725=DIRECTION('',(1.,2.22044604925031E-16,0.));
#9726=DIRECTION('center_axis',(1.,2.22044604925031E-16,0.));
#9727=DIRECTION('ref_axis',(2.71926214689378E-32,-1.22464679914735E-16,
1.));
#9728=DIRECTION('',(1.,2.22044604925031E-16,0.));
#9729=DIRECTION('center_axis',(1.,2.22044604925031E-16,0.));
#9730=DIRECTION('ref_axis',(2.71926214689378E-32,-1.22464679914735E-16,
1.));
#9731=DIRECTION('',(1.,2.22044604925031E-16,0.));
#9732=DIRECTION('center_axis',(-1.,-2.22044604925031E-16,0.));
#9733=DIRECTION('ref_axis',(-2.71926214689378E-32,1.22464679914735E-16,
-1.));
#9734=DIRECTION('center_axis',(-1.,-2.22044604925031E-16,0.));
#9735=DIRECTION('ref_axis',(-2.71926214689378E-32,1.22464679914735E-16,
-1.));
#9736=DIRECTION('',(-1.,-2.22044604925031E-16,0.));
#9737=DIRECTION('center_axis',(-1.,-2.22044604925031E-16,0.));
#9738=DIRECTION('ref_axis',(-2.71926214689378E-32,1.22464679914735E-16,
-1.));
#9739=DIRECTION('center_axis',(-1.,-2.22044604925031E-16,0.));
#9740=DIRECTION('ref_axis',(-2.71926214689378E-32,1.22464679914735E-16,
-1.));
#9741=DIRECTION('center_axis',(-1.,-2.22044604925031E-16,0.));
#9742=DIRECTION('ref_axis',(-2.71926214689378E-32,1.22464679914735E-16,
-1.));
#9743=DIRECTION('',(-1.,-2.22044604925031E-16,0.));
#9744=DIRECTION('center_axis',(-1.,-2.22044604925031E-16,0.));
#9745=DIRECTION('ref_axis',(-2.71926214689378E-32,1.22464679914735E-16,
-1.));
#9746=DIRECTION('center_axis',(-1.,-2.22044604925031E-16,0.));
#9747=DIRECTION('ref_axis',(-2.71926214689378E-32,1.22464679914735E-16,
-1.));
#9748=DIRECTION('',(-1.,-2.22044604925031E-16,0.));
#9749=DIRECTION('center_axis',(-1.,-2.22044604925031E-16,0.));
#9750=DIRECTION('ref_axis',(-2.71926214689378E-32,1.22464679914735E-16,
-1.));
#9751=DIRECTION('center_axis',(-1.,-2.22044604925031E-16,0.));
#9752=DIRECTION('ref_axis',(-2.71926214689378E-32,1.22464679914735E-16,
-1.));
#9753=DIRECTION('',(-1.,-2.22044604925031E-16,0.));
#9754=DIRECTION('center_axis',(-1.,-2.22044604925031E-16,0.));
#9755=DIRECTION('ref_axis',(-2.71926214689378E-32,1.22464679914735E-16,
-1.));
#9756=DIRECTION('center_axis',(-1.,-2.22044604925031E-16,0.));
#9757=DIRECTION('ref_axis',(-2.71926214689378E-32,1.22464679914735E-16,
-1.));
#9758=DIRECTION('',(-1.,-2.22044604925031E-16,0.));
#9759=DIRECTION('center_axis',(-1.,-2.22044604925031E-16,0.));
#9760=DIRECTION('ref_axis',(-2.71926214689378E-32,1.22464679914735E-16,
-1.));
#9761=DIRECTION('center_axis',(-1.,-2.22044604925031E-16,0.));
#9762=DIRECTION('ref_axis',(-2.71926214689378E-32,1.22464679914735E-16,
-1.));
#9763=DIRECTION('',(-1.,-2.22044604925031E-16,0.));
#9764=DIRECTION('center_axis',(1.,2.22044604925031E-16,0.));
#9765=DIRECTION('ref_axis',(2.71926214689378E-32,-1.22464679914735E-16,
1.));
#9766=DIRECTION('',(1.,2.22044604925031E-16,0.));
#9767=DIRECTION('center_axis',(-1.,-2.22044604925031E-16,0.));
#9768=DIRECTION('ref_axis',(-2.71926214689378E-32,1.22464679914735E-16,
-1.));
#9769=DIRECTION('',(-1.,-2.22044604925031E-16,0.));
#9770=DIRECTION('center_axis',(-1.,-2.22044604925031E-16,0.));
#9771=DIRECTION('ref_axis',(-2.71926214689378E-32,1.22464679914735E-16,
-1.));
#9772=DIRECTION('center_axis',(-1.,-2.22044604925031E-16,0.));
#9773=DIRECTION('ref_axis',(-2.71926214689378E-32,1.22464679914735E-16,
-1.));
#9774=DIRECTION('',(-1.,-2.22044604925031E-16,0.));
#9775=DIRECTION('center_axis',(-1.,-2.22044604925031E-16,0.));
#9776=DIRECTION('ref_axis',(-2.71926214689378E-32,1.22464679914735E-16,
-1.));
#9777=DIRECTION('center_axis',(-1.,-2.22044604925031E-16,0.));
#9778=DIRECTION('ref_axis',(-2.71926214689378E-32,1.22464679914735E-16,
-1.));
#9779=DIRECTION('',(-1.,-2.22044604925031E-16,0.));
#9780=DIRECTION('center_axis',(-1.,-2.22044604925031E-16,0.));
#9781=DIRECTION('ref_axis',(-2.71926214689378E-32,1.22464679914735E-16,
-1.));
#9782=DIRECTION('center_axis',(-1.,-2.22044604925031E-16,0.));
#9783=DIRECTION('ref_axis',(-2.71926214689378E-32,1.22464679914735E-16,
-1.));
#9784=DIRECTION('',(-1.,-2.22044604925031E-16,0.));
#9785=DIRECTION('center_axis',(-1.,-2.22044604925031E-16,0.));
#9786=DIRECTION('ref_axis',(-2.71926214689378E-32,1.22464679914735E-16,
-1.));
#9787=DIRECTION('center_axis',(1.,2.22044604925031E-16,0.));
#9788=DIRECTION('ref_axis',(2.22044604924972E-16,-0.999999999999732,-7.31755155641938E-7));
#9789=DIRECTION('center_axis',(-1.,-2.22044604925031E-16,0.));
#9790=DIRECTION('ref_axis',(-2.21970989925227E-16,0.999668467514313,-0.0257479136549991));
#9791=DIRECTION('',(-1.,-2.22044604925031E-16,0.));
#9792=DIRECTION('',(-1.,-2.22044604925031E-16,0.));
#9793=DIRECTION('center_axis',(-1.,-2.22044604925031E-16,0.));
#9794=DIRECTION('ref_axis',(-2.21382362763595E-16,0.997017526448527,0.0771754621266359));
#9795=DIRECTION('',(-1.,-2.22044604925031E-16,0.));
#9796=DIRECTION('',(-1.,-2.22044604925031E-16,0.));
#9797=DIRECTION('center_axis',(-1.,-2.22044604925031E-16,0.));
#9798=DIRECTION('ref_axis',(-2.18447027483197E-16,0.983797951573518,0.179280758810726));
#9799=DIRECTION('',(-1.,-2.22044604925031E-16,0.));
#9800=DIRECTION('',(-1.,-2.22044604925031E-16,0.));
#9801=DIRECTION('center_axis',(-1.,-2.22044604925031E-16,0.));
#9802=DIRECTION('ref_axis',(-2.1319609936823E-16,0.960149873671604,0.2794856348516));
#9803=DIRECTION('',(-1.,-2.22044604925031E-16,0.));
#9804=DIRECTION('',(-1.,-2.22044604925031E-16,0.));
#9805=DIRECTION('center_axis',(-1.,-2.22044604925031E-16,0.));
#9806=DIRECTION('ref_axis',(-2.71926214689378E-32,1.22464679914735E-16,
-1.));
#9807=DIRECTION('',(1.,2.22044604925031E-16,0.));
#9808=DIRECTION('',(-1.,-2.22044604925031E-16,0.));
#9809=DIRECTION('center_axis',(-1.,-2.22044604925031E-16,0.));
#9810=DIRECTION('ref_axis',(-2.71926214689378E-32,1.22464679914735E-16,
-1.));
#9811=DIRECTION('',(1.,2.22044604925031E-16,0.));
#9812=DIRECTION('center_axis',(-1.,-2.22044604925031E-16,0.));
#9813=DIRECTION('ref_axis',(-2.71926214689378E-32,1.22464679914735E-16,
-1.));
#9814=DIRECTION('',(-1.,-2.22044604925031E-16,0.));
#9815=DIRECTION('',(-1.,-2.22044604925031E-16,0.));
#9816=DIRECTION('center_axis',(-1.,-2.22044604925031E-16,0.));
#9817=DIRECTION('ref_axis',(2.13196099368229E-16,-0.960149873671601,0.279485634851613));
#9818=DIRECTION('',(-1.,-2.22044604925031E-16,0.));
#9819=DIRECTION('',(-1.,-2.22044604925031E-16,0.));
#9820=DIRECTION('center_axis',(-1.,-2.22044604925031E-16,0.));
#9821=DIRECTION('ref_axis',(2.18447027483196E-16,-0.983797951573516,0.179280758810739));
#9822=DIRECTION('',(-1.,-2.22044604925031E-16,0.));
#9823=DIRECTION('',(-1.,-2.22044604925031E-16,0.));
#9824=DIRECTION('center_axis',(-1.,-2.22044604925031E-16,0.));
#9825=DIRECTION('ref_axis',(2.21382362763595E-16,-0.997017526448526,0.0771754621266498));
#9826=DIRECTION('',(-1.,-2.22044604925031E-16,0.));
#9827=DIRECTION('',(-1.,-2.22044604925031E-16,0.));
#9828=DIRECTION('center_axis',(-1.,-2.22044604925031E-16,0.));
#9829=DIRECTION('ref_axis',(2.21970989925227E-16,-0.999668467514313,-0.0257479136549852));
#9830=DIRECTION('',(-1.,-2.22044604925031E-16,0.));
#9831=DIRECTION('',(-1.,-2.22044604925031E-16,0.));
#9832=DIRECTION('center_axis',(-1.,-2.22044604925031E-16,0.));
#9833=DIRECTION('ref_axis',(2.20206669373746E-16,-0.991722674136102,-0.128398355146548));
#9834=DIRECTION('',(-1.,-2.22044604925031E-16,0.));
#9835=DIRECTION('',(-1.,-2.22044604925031E-16,0.));
#9836=DIRECTION('center_axis',(-1.,-2.22044604925031E-16,0.));
#9837=DIRECTION('ref_axis',(2.1610810334591E-16,-0.973264373700383,-0.229687742131793));
#9838=DIRECTION('',(-1.,-2.22044604925031E-16,0.));
#9839=DIRECTION('',(-1.,-2.22044604925031E-16,0.));
#9840=DIRECTION('center_axis',(-1.,-2.22044604925031E-16,0.));
#9841=DIRECTION('ref_axis',(2.09718737661216E-16,-0.944489228783662,-0.328542381910832));
#9842=DIRECTION('',(-1.,-2.22044604925031E-16,0.));
#9843=DIRECTION('',(-1.,-2.22044604925031E-16,0.));
#9844=DIRECTION('center_axis',(-1.,-2.22044604925031E-16,0.));
#9845=DIRECTION('ref_axis',(2.0110630118541E-16,-0.905702263080473,-0.423914390709858));
#9846=DIRECTION('',(-1.,-2.22044604925031E-16,0.));
#9847=DIRECTION('',(-1.,-2.22044604925031E-16,0.));
#9848=DIRECTION('center_axis',(-1.,-2.22044604925031E-16,0.));
#9849=DIRECTION('ref_axis',(1.9036208788766E-16,-0.857314628076333,-0.514792801509829));
#9850=DIRECTION('',(-1.,-2.22044604925031E-16,0.));
#9851=DIRECTION('',(-1.,-2.22044604925031E-16,0.));
#9852=DIRECTION('center_axis',(-1.,-2.22044604925031E-16,0.));
#9853=DIRECTION('ref_axis',(1.77599989101767E-16,-0.799839244739721,-0.600214280548367));
#9854=DIRECTION('',(-1.,-2.22044604925031E-16,0.));
#9855=DIRECTION('',(-1.,-2.22044604925031E-16,0.));
#9856=DIRECTION('center_axis',(-1.,-2.22044604925031E-16,0.));
#9857=DIRECTION('ref_axis',(1.629552862497E-16,-0.7338853664322,-0.679273338897292));
#9858=DIRECTION('',(-1.,-2.22044604925031E-16,0.));
#9859=DIRECTION('',(-1.,-2.22044604925031E-16,0.));
#9860=DIRECTION('center_axis',(-1.,-2.22044604925031E-16,0.));
#9861=DIRECTION('ref_axis',(1.46583216824865E-16,-0.660152120671233,-0.751131930870519));
#9862=DIRECTION('',(-1.,-2.22044604925031E-16,0.));
#9863=DIRECTION('',(-1.,-2.22044604925031E-16,0.));
#9864=DIRECTION('center_axis',(-1.,-2.22044604925031E-16,0.));
#9865=DIRECTION('ref_axis',(1.2865732883606E-16,-0.579421098204565,-0.815028337516811));
#9866=DIRECTION('',(-1.,-2.22044604925031E-16,0.));
#9867=DIRECTION('',(-1.,-2.22044604925031E-16,0.));
#9868=DIRECTION('center_axis',(-1.,-2.22044604925031E-16,0.));
#9869=DIRECTION('ref_axis',(1.09367641155403E-16,-0.492548067953865,-0.870285241030155));
#9870=DIRECTION('',(-1.,-2.22044604925031E-16,0.));
#9871=DIRECTION('',(-1.,-2.22044604925031E-16,0.));
#9872=DIRECTION('center_axis',(-1.,-2.22044604925031E-16,0.));
#9873=DIRECTION('ref_axis',(8.89186292710214E-17,-0.400453905651267,-0.916316904487004));
#9874=DIRECTION('',(-1.,-2.22044604925031E-16,0.));
#9875=DIRECTION('',(-1.,-2.22044604925031E-16,0.));
#9876=DIRECTION('center_axis',(-1.,-2.22044604925031E-16,0.));
#9877=DIRECTION('ref_axis',(6.75270577960059E-17,-0.304114832327518,-0.952635380803383));
#9878=DIRECTION('',(-1.,-2.22044604925031E-16,0.));
#9879=DIRECTION('',(-1.,-2.22044604925031E-16,0.));
#9880=DIRECTION('center_axis',(-1.,-2.22044604925031E-16,0.));
#9881=DIRECTION('ref_axis',(4.54196827095911E-17,-0.204552066126201,-0.978855685095358));
#9882=DIRECTION('',(-1.,-2.22044604925031E-16,0.));
#9883=DIRECTION('',(-1.,-2.22044604925031E-16,0.));
#9884=DIRECTION('center_axis',(-1.,-2.22044604925031E-16,0.));
#9885=DIRECTION('ref_axis',(2.28308476873629E-17,-0.10282099713736,-0.994699875614589));
#9886=DIRECTION('',(-1.,-2.22044604925031E-16,0.));
#9887=DIRECTION('',(-1.,-2.22044604925031E-16,0.));
#9888=DIRECTION('center_axis',(-1.,-2.22044604925031E-16,0.));
#9889=DIRECTION('ref_axis',(-2.71926214689378E-32,1.22464679914735E-16,
-1.));
#9890=DIRECTION('',(-1.,-2.22044604925031E-16,0.));
#9891=DIRECTION('',(-1.,-2.22044604925031E-16,0.));
#9892=DIRECTION('center_axis',(-1.,-2.22044604925031E-16,0.));
#9893=DIRECTION('ref_axis',(-2.28308476873599E-17,0.102820997137347,-0.99469987561459));
#9894=DIRECTION('',(-1.,-2.22044604925031E-16,0.));
#9895=DIRECTION('',(-1.,-2.22044604925031E-16,0.));
#9896=DIRECTION('center_axis',(-1.,-2.22044604925031E-16,0.));
#9897=DIRECTION('ref_axis',(-4.54196827095882E-17,0.204552066126188,-0.978855685095361));
#9898=DIRECTION('',(-1.,-2.22044604925031E-16,0.));
#9899=DIRECTION('',(-1.,-2.22044604925031E-16,0.));
#9900=DIRECTION('center_axis',(-1.,-2.22044604925031E-16,0.));
#9901=DIRECTION('ref_axis',(-6.7527057796003E-17,0.304114832327505,-0.952635380803387));
#9902=DIRECTION('',(-1.,-2.22044604925031E-16,0.));
#9903=DIRECTION('',(-1.,-2.22044604925031E-16,0.));
#9904=DIRECTION('center_axis',(-1.,-2.22044604925031E-16,0.));
#9905=DIRECTION('ref_axis',(-8.89186292710187E-17,0.400453905651255,-0.91631690448701));
#9906=DIRECTION('',(-1.,-2.22044604925031E-16,0.));
#9907=DIRECTION('',(-1.,-2.22044604925031E-16,0.));
#9908=DIRECTION('center_axis',(-1.,-2.22044604925031E-16,0.));
#9909=DIRECTION('ref_axis',(-1.09367641155401E-16,0.492548067953854,-0.870285241030161));
#9910=DIRECTION('',(-1.,-2.22044604925031E-16,0.));
#9911=DIRECTION('',(-1.,-2.22044604925031E-16,0.));
#9912=DIRECTION('center_axis',(-1.,-2.22044604925031E-16,0.));
#9913=DIRECTION('ref_axis',(-1.28657328836058E-16,0.579421098204554,-0.815028337516818));
#9914=DIRECTION('',(-1.,-2.22044604925031E-16,0.));
#9915=DIRECTION('',(-1.,-2.22044604925031E-16,0.));
#9916=DIRECTION('center_axis',(-1.,-2.22044604925031E-16,0.));
#9917=DIRECTION('ref_axis',(-1.46583216824863E-16,0.660152120671223,-0.751131930870528));
#9918=DIRECTION('',(-1.,-2.22044604925031E-16,0.));
#9919=DIRECTION('',(-1.,-2.22044604925031E-16,0.));
#9920=DIRECTION('center_axis',(-1.,-2.22044604925031E-16,0.));
#9921=DIRECTION('ref_axis',(-1.62955286249698E-16,0.733885366432191,-0.679273338897302));
#9922=DIRECTION('',(-1.,-2.22044604925031E-16,0.));
#9923=DIRECTION('',(-1.,-2.22044604925031E-16,0.));
#9924=DIRECTION('center_axis',(-1.,-2.22044604925031E-16,0.));
#9925=DIRECTION('ref_axis',(-1.77599989101765E-16,0.799839244739713,-0.600214280548377));
#9926=DIRECTION('',(-1.,-2.22044604925031E-16,0.));
#9927=DIRECTION('',(-1.,-2.22044604925031E-16,0.));
#9928=DIRECTION('center_axis',(-1.,-2.22044604925031E-16,0.));
#9929=DIRECTION('ref_axis',(-1.90362087887658E-16,0.857314628076326,-0.514792801509841));
#9930=DIRECTION('',(-1.,-2.22044604925031E-16,0.));
#9931=DIRECTION('',(-1.,-2.22044604925031E-16,0.));
#9932=DIRECTION('center_axis',(-1.,-2.22044604925031E-16,0.));
#9933=DIRECTION('ref_axis',(-2.01106301185409E-16,0.905702263080467,-0.423914390709871));
#9934=DIRECTION('',(-1.,-2.22044604925031E-16,0.));
#9935=DIRECTION('',(-1.,-2.22044604925031E-16,0.));
#9936=DIRECTION('center_axis',(-1.,-2.22044604925031E-16,0.));
#9937=DIRECTION('ref_axis',(-2.09718737661215E-16,0.944489228783658,-0.328542381910845));
#9938=DIRECTION('',(-1.,-2.22044604925031E-16,0.));
#9939=DIRECTION('',(-1.,-2.22044604925031E-16,0.));
#9940=DIRECTION('center_axis',(-1.,-2.22044604925031E-16,0.));
#9941=DIRECTION('ref_axis',(-2.16108103345909E-16,0.97326437370038,-0.229687742131806));
#9942=DIRECTION('',(-1.,-2.22044604925031E-16,0.));
#9943=DIRECTION('',(-1.,-2.22044604925031E-16,0.));
#9944=DIRECTION('center_axis',(-1.,-2.22044604925031E-16,0.));
#9945=DIRECTION('ref_axis',(-2.20206669373746E-16,0.9917226741361,-0.128398355146562));
#9946=DIRECTION('',(-1.,-2.22044604925031E-16,0.));
#9947=DIRECTION('',(-1.,-2.22044604925031E-16,0.));
#9948=DIRECTION('center_axis',(-1.,-2.22044604925031E-16,0.));
#9949=DIRECTION('ref_axis',(-2.71926214689378E-32,1.22464679914735E-16,
-1.));
#9950=DIRECTION('',(-1.,-2.22044604925031E-16,0.));
#9951=DIRECTION('center_axis',(-1.,-2.22044604925031E-16,0.));
#9952=DIRECTION('ref_axis',(-2.71926214689378E-32,1.22464679914735E-16,
-1.));
#9953=DIRECTION('center_axis',(-1.,-2.22044604925031E-16,0.));
#9954=DIRECTION('ref_axis',(-2.71926214689378E-32,1.22464679914735E-16,
-1.));
#9955=DIRECTION('',(-1.,-2.22044604925031E-16,0.));
#9956=DIRECTION('center_axis',(-1.,-2.22044604925031E-16,0.));
#9957=DIRECTION('ref_axis',(-2.71926214689378E-32,1.22464679914735E-16,
-1.));
#9958=DIRECTION('center_axis',(-1.,-2.22044604925031E-16,0.));
#9959=DIRECTION('ref_axis',(-2.71926214689378E-32,1.22464679914735E-16,
-1.));
#9960=DIRECTION('center_axis',(2.22044604925031E-16,-1.,-2.79098853817833E-16));
#9961=DIRECTION('ref_axis',(6.19723947310098E-32,-2.79098853817833E-16,
1.));
#9962=DIRECTION('center_axis',(2.22044604925031E-16,-1.,2.46519032881566E-32));
#9963=DIRECTION('ref_axis',(8.29366988828609E-48,-3.73513686184192E-32,
-1.));
#9964=DIRECTION('',(2.22044604925031E-16,-1.,-2.79098853817833E-16));
#9965=DIRECTION('center_axis',(2.22044604925031E-16,-1.,-3.01922534920085E-16));
#9966=DIRECTION('ref_axis',(6.70402699842943E-32,-3.01922534920085E-16,
1.));
#9967=DIRECTION('center_axis',(2.22044604925031E-16,-1.,-2.79098853817833E-16));
#9968=DIRECTION('ref_axis',(6.19723947310098E-32,-2.79098853817833E-16,
1.));
#9969=DIRECTION('center_axis',(2.22044604925031E-16,-1.,2.46519032881566E-32));
#9970=DIRECTION('ref_axis',(8.29366988828609E-48,-3.73513686184192E-32,
-1.));
#9971=DIRECTION('',(2.22044604925031E-16,-1.,-2.79098853817833E-16));
#9972=DIRECTION('center_axis',(2.22044604925031E-16,-1.,-3.01922534920085E-16));
#9973=DIRECTION('ref_axis',(6.70402699842943E-32,-3.01922534920085E-16,
1.));
#9974=DIRECTION('center_axis',(-7.65035676690676E-17,0.344541438846926,
0.938771109971589));
#9975=DIRECTION('ref_axis',(-2.08449060228675E-16,0.938771109971589,-0.344541438846926));
#9976=DIRECTION('',(2.08449060228675E-16,-0.938771109971589,0.344541438846926));
#9977=DIRECTION('',(2.08449060228675E-16,-0.938771109971589,0.344541438846926));
#9978=DIRECTION('',(-2.08449060228675E-16,0.938771109971589,-0.344541438846926));
#9979=DIRECTION('',(1.,2.22044604925031E-16,0.));
#9980=DIRECTION('',(2.08449060228675E-16,-0.938771109971589,0.344541438846926));
#9981=DIRECTION('',(-1.,-2.22044604925031E-16,0.));
#9982=DIRECTION('',(2.08449060228675E-16,-0.938771109971589,0.344541438846926));
#9983=DIRECTION('',(-1.,-2.22044604925031E-16,0.));
#9984=DIRECTION('',(-2.08449060228675E-16,0.938771109971589,-0.344541438846926));
#9985=DIRECTION('',(1.,2.22044604925031E-16,0.));
#9986=DIRECTION('center_axis',(7.59106064190672E-17,-0.341870978782379,
-0.939746898833073));
#9987=DIRECTION('ref_axis',(2.08665728880913E-16,-0.939746898833073,0.341870978782379));
#9988=DIRECTION('',(-1.,-2.22044604925031E-16,0.));
#9989=DIRECTION('',(2.08665728880913E-16,-0.939746898833073,0.341870978782379));
#9990=DIRECTION('',(-1.,-2.22044604925031E-16,0.));
#9991=DIRECTION('',(2.08665728880913E-16,-0.939746898833073,0.341870978782379));
#9992=DIRECTION('',(-1.,-2.22044604925031E-16,0.));
#9993=DIRECTION('',(-2.08665728880913E-16,0.939746898833073,-0.341870978782379));
#9994=DIRECTION('center_axis',(7.59106064190674E-17,-0.34187097878238,-0.939746898833073));
#9995=DIRECTION('ref_axis',(2.08665728880913E-16,-0.939746898833073,0.34187097878238));
#9996=DIRECTION('',(1.,2.22044604925031E-16,0.));
#9997=DIRECTION('',(2.08665728880913E-16,-0.939746898833073,0.34187097878238));
#9998=DIRECTION('',(-1.,-2.22044604925031E-16,0.));
#9999=DIRECTION('',(-2.08665728880913E-16,0.939746898833073,-0.34187097878238));
#10000=DIRECTION('',(-1.,-2.22044604925031E-16,0.));
#10001=DIRECTION('',(2.08665728880913E-16,-0.939746898833073,0.34187097878238));
#10002=DIRECTION('center_axis',(-1.,-2.22044604925031E-16,0.));
#10003=DIRECTION('ref_axis',(-2.71926214689378E-32,1.22464679914735E-16,
-1.));
#10004=DIRECTION('center_axis',(-1.,-2.22044604925031E-16,0.));
#10005=DIRECTION('ref_axis',(-2.71926214689378E-32,1.22464679914735E-16,
-1.));
#10006=DIRECTION('center_axis',(1.,2.22044604925031E-16,0.));
#10007=DIRECTION('ref_axis',(1.29150566048133E-29,-5.8164244112906E-14,
-1.));
#10008=DIRECTION('',(-7.59106064190651E-17,0.34187097878237,0.939746898833076));
#10009=DIRECTION('center_axis',(1.,2.22044604925031E-16,0.));
#10010=DIRECTION('ref_axis',(-6.43490203672853E-31,2.89802224147763E-15,
-1.));
#10011=DIRECTION('',(-2.08665728880913E-16,0.939746898833073,-0.341870978782379));
#10012=DIRECTION('center_axis',(1.,2.22044604925031E-16,0.));
#10013=DIRECTION('ref_axis',(-2.71926214689378E-32,1.22464679914735E-16,
-1.));
#10014=DIRECTION('',(7.59106064190712E-17,-0.341870978782397,-0.939746898833067));
#10015=DIRECTION('center_axis',(1.,2.22044604925031E-16,0.));
#10016=DIRECTION('ref_axis',(1.26881774082041E-31,-5.71424710475987E-16,
-1.));
#10017=DIRECTION('center_axis',(1.,2.22044604925031E-16,0.));
#10018=DIRECTION('ref_axis',(2.71926214689378E-32,-1.22464679914735E-16,
1.));
#10019=DIRECTION('',(-1.,-2.22044604925031E-16,0.));
#10020=DIRECTION('center_axis',(0.707106781194862,-0.66450140474122,0.241739287425912));
#10021=DIRECTION('ref_axis',(-0.707106781175681,-0.664500486264146,0.241741812208977));
#10022=DIRECTION('',(1.,2.22044604925031E-16,0.));
#10023=DIRECTION('center_axis',(1.,2.22044604925031E-16,0.));
#10024=DIRECTION('ref_axis',(2.71926214689378E-32,-1.22464679914735E-16,
1.));
#10025=DIRECTION('center_axis',(0.70710678118693,-0.241739287387418,-0.664501404763664));
#10026=DIRECTION('ref_axis',(-0.583363633484275,-0.730515778979828,-0.355012067104091));
#10027=DIRECTION('',(1.,2.22044604925031E-16,0.));
#10028=DIRECTION('center_axis',(1.,2.22044604925031E-16,0.));
#10029=DIRECTION('ref_axis',(2.71926214689378E-32,-1.22464679914735E-16,
1.));
#10030=DIRECTION('center_axis',(0.707106781183979,-0.24173928738641,-0.66450140476717));
#10031=DIRECTION('ref_axis',(-0.572590285314366,0.355648630032649,-0.738684247239315));
#10032=DIRECTION('center_axis',(1.,2.22044604925031E-16,0.));
#10033=DIRECTION('ref_axis',(3.59348271145617E-17,-0.161836074002763,-0.986817655472059));
#10034=DIRECTION('center_axis',(0.707106781189927,0.664501404766769,-0.241739287370116));
#10035=DIRECTION('ref_axis',(0.707106781181815,-0.664500735995093,0.241741125728892));
#10036=DIRECTION('',(1.,2.22044604925031E-16,0.));
#10037=DIRECTION('',(-1.,-2.22044604925031E-16,0.));
#10038=DIRECTION('center_axis',(-1.,-2.22044604925031E-16,0.));
#10039=DIRECTION('ref_axis',(-2.71926214689378E-32,1.22464679914735E-16,
-1.));
#10040=DIRECTION('',(-2.71926214689378E-32,1.22464679914735E-16,-1.));
#10041=DIRECTION('',(-2.71926214689378E-32,1.22464679914735E-16,-1.));
#10042=DIRECTION('',(2.01240754513033E-16,-0.906307787036654,0.422618261740691));
#10043=DIRECTION('center_axis',(-1.,-2.22044604925031E-16,0.));
#10044=DIRECTION('ref_axis',(-2.71926214689378E-32,1.22464679914735E-16,
-1.));
#10045=DIRECTION('',(-2.01240754513033E-16,0.906307787036652,0.422618261740695));
#10046=DIRECTION('center_axis',(-1.,-2.22044604925031E-16,0.));
#10047=DIRECTION('ref_axis',(-2.71926214689378E-32,1.22464679914735E-16,
-1.));
#10048=DIRECTION('',(2.71926214689378E-32,-1.22464679914735E-16,1.));
#10049=DIRECTION('',(-2.71926214689378E-32,1.22464679914735E-16,-1.));
#10050=DIRECTION('center_axis',(1.,2.22044604925031E-16,0.));
#10051=DIRECTION('ref_axis',(2.71926214689378E-32,-1.22464679914735E-16,
1.));
#10052=DIRECTION('',(2.22044604925031E-16,-1.,-1.22464679914735E-16));
#10053=DIRECTION('',(6.19723947310098E-32,-2.79098853817833E-16,1.));
#10054=DIRECTION('',(2.22044604925031E-16,-1.,-1.22464679914735E-16));
#10055=DIRECTION('center_axis',(1.,2.22044604925031E-16,0.));
#10056=DIRECTION('ref_axis',(2.71926214689378E-32,-1.22464679914735E-16,
1.));
#10057=DIRECTION('',(2.71926214689378E-32,-1.22464679914735E-16,1.));
#10058=DIRECTION('',(-2.71926214689378E-32,1.22464679914735E-16,-1.));
#10059=DIRECTION('',(-2.71926214689378E-32,1.22464679914735E-16,-1.));
#10060=DIRECTION('',(-2.71926214689378E-32,1.22464679914735E-16,-1.));
#10061=DIRECTION('center_axis',(1.,2.22044604925031E-16,0.));
#10062=DIRECTION('ref_axis',(2.71926214689378E-32,-1.22464679914735E-16,
1.));
#10063=DIRECTION('',(-2.71926214689378E-32,1.22464679914735E-16,-1.));
#10064=DIRECTION('center_axis',(1.,2.22044604925031E-16,0.));
#10065=DIRECTION('ref_axis',(2.71926214689378E-32,-1.22464679914735E-16,
1.));
#10066=DIRECTION('',(1.26595457308279E-31,-5.70135254360363E-16,1.));
#10067=DIRECTION('',(-2.71926214689378E-32,1.22464679914735E-16,-1.));
#10068=DIRECTION('center_axis',(1.,2.22044604925031E-16,0.));
#10069=DIRECTION('ref_axis',(2.71926214689378E-32,-1.22464679914735E-16,
1.));
#10070=DIRECTION('',(2.71926214689378E-32,-1.22464679914735E-16,1.));
#10071=DIRECTION('center_axis',(1.,2.22044604925031E-16,0.));
#10072=DIRECTION('ref_axis',(2.71926214689378E-32,-1.22464679914735E-16,
1.));
#10073=DIRECTION('',(2.71926214689378E-32,-1.22464679914735E-16,1.));
#10074=DIRECTION('',(-2.71926214689378E-32,1.22464679914735E-16,-1.));
#10075=DIRECTION('center_axis',(-1.,-2.22044604925031E-16,0.));
#10076=DIRECTION('ref_axis',(-2.71926214689378E-32,1.22464679914735E-16,
-1.));
#10077=DIRECTION('',(2.71926214689378E-32,-1.22464679914735E-16,1.));
#10078=DIRECTION('',(-1.26595457308279E-31,5.70135254360363E-16,-1.));
#10079=DIRECTION('center_axis',(-1.,-2.22044604925031E-16,0.));
#10080=DIRECTION('ref_axis',(-2.71926214689378E-32,1.22464679914735E-16,
-1.));
#10081=DIRECTION('',(2.71926214689378E-32,-1.22464679914735E-16,1.));
#10082=DIRECTION('',(-2.71926214689378E-32,1.22464679914735E-16,-1.));
#10083=DIRECTION('center_axis',(-1.,-2.22044604925031E-16,0.));
#10084=DIRECTION('ref_axis',(-2.71926214689378E-32,1.22464679914735E-16,
-1.));
#10085=DIRECTION('',(2.71926214689378E-32,-1.22464679914735E-16,1.));
#10086=DIRECTION('',(2.71926214689378E-32,-1.22464679914735E-16,1.));
#10087=DIRECTION('center_axis',(-2.22044604925031E-16,1.,-2.46519032881566E-32));
#10088=DIRECTION('ref_axis',(-4.94543270025457E-80,-1.48505441494919E-32,
-1.));
#10089=DIRECTION('center_axis',(-2.22044604925031E-16,1.,2.79098853817833E-16));
#10090=DIRECTION('ref_axis',(-4.94543270025457E-80,-1.48505441494919E-32,
-1.));
#10091=DIRECTION('center_axis',(2.22044604925031E-16,-1.,2.46519032881566E-32));
#10092=DIRECTION('ref_axis',(-4.94543270025457E-80,-1.48505441494919E-32,
-1.));
#10093=DIRECTION('center_axis',(-1.,-2.22044604925031E-16,0.));
#10094=DIRECTION('ref_axis',(-2.71926214689378E-32,1.22464679914735E-16,
-1.));
#10095=DIRECTION('',(-2.19790263783139E-16,0.989847350073408,0.142134526251196));
#10096=DIRECTION('center_axis',(1.,2.22044604925031E-16,0.));
#10097=DIRECTION('ref_axis',(2.8095616963302E-31,-1.26531410086671E-15,
-1.));
#10098=DIRECTION('',(-2.71926214689378E-32,1.22464679914735E-16,-1.));
#10099=DIRECTION('',(2.08449060228675E-16,-0.938771109971589,-0.344541438846927));
#10100=DIRECTION('',(3.07793430057367E-18,-0.0138617837691344,-0.999903920859768));
#10101=DIRECTION('center_axis',(-1.,-2.22044604925031E-16,0.));
#10102=DIRECTION('ref_axis',(-2.05685239562991E-16,0.926323968251498,0.376727893635177));
#10103=DIRECTION('',(-1.5716434536133E-16,0.707805287205213,-0.706407584475384));
#10104=DIRECTION('center_axis',(-1.,-2.22044604925031E-16,0.));
#10105=DIRECTION('ref_axis',(-2.71926214689378E-32,1.22464679914735E-16,
-1.));
#10106=DIRECTION('',(-1.97670332532159E-17,0.0890228035934035,-0.996029588134996));
#10107=DIRECTION('center_axis',(-1.,-2.22044604925031E-16,0.));
#10108=DIRECTION('ref_axis',(-1.95994065049898E-16,0.882678798325552,0.469976743027312));
#10109=DIRECTION('',(-1.72459238748319E-16,0.776687363363527,-0.62988629100133));
#10110=DIRECTION('center_axis',(-1.,-2.22044604925031E-16,0.));
#10111=DIRECTION('ref_axis',(-2.71926214689378E-32,1.22464679914735E-16,
-1.));
#10112=DIRECTION('',(-4.24024653370603E-17,0.190963727091575,-0.981597093992894));
#10113=DIRECTION('center_axis',(-1.,-2.22044604925031E-16,0.));
#10114=DIRECTION('ref_axis',(-1.84225304689672E-16,0.829677013552624,0.558243722026857));
#10115=DIRECTION('',(-1.85926021301749E-16,0.837336360253034,-0.546688046145333));
#10116=DIRECTION('center_axis',(-1.,-2.22044604925031E-16,0.));
#10117=DIRECTION('ref_axis',(-2.71926214689378E-32,1.22464679914735E-16,
-1.));
#10118=DIRECTION('',(-6.45884207398357E-17,0.290880387576373,-0.956759426461751));
#10119=DIRECTION('center_axis',(-1.,-2.22044604925031E-16,0.));
#10120=DIRECTION('ref_axis',(-1.70503710269855E-16,0.767880446036606,0.640593178698168));
#10121=DIRECTION('',(-1.97421941776411E-16,0.889109383419004,-0.45769477200016));
#10122=DIRECTION('center_axis',(-1.,-2.22044604925031E-16,0.));
#10123=DIRECTION('ref_axis',(-2.71926214689378E-32,1.22464679914735E-16,
-1.));
#10124=DIRECTION('',(-8.60897228150544E-17,0.387713643590308,-0.921779870996285));
#10125=DIRECTION('center_axis',(-1.,-2.22044604925031E-16,0.));
#10126=DIRECTION('ref_axis',(-1.54974734104829E-16,0.69794415476635,0.716152188314387));
#10127=DIRECTION('',(-2.06825140555425E-16,0.93145762593626,-0.363849819410681));
#10128=DIRECTION('center_axis',(-1.,-2.22044604925031E-16,0.));
#10129=DIRECTION('ref_axis',(-2.71926214689378E-32,1.22464679914735E-16,
-1.));
#10130=DIRECTION('',(-1.06678452411822E-16,0.480437038530344,-0.877029219586322));
#10131=DIRECTION('center_axis',(-1.,-2.22044604925031E-16,0.));
#10132=DIRECTION('ref_axis',(-1.378029872051E-16,0.620609481827429,0.784119806576705));
#10133=DIRECTION('',(-2.1403594139249E-16,0.963932185899114,-0.266147968220231));
#10134=DIRECTION('center_axis',(-1.,-2.22044604925031E-16,0.));
#10135=DIRECTION('ref_axis',(-2.71926214689378E-32,1.22464679914735E-16,
-1.));
#10136=DIRECTION('',(-1.26136363874539E-16,0.568067681343242,-0.822981840269464));
#10137=DIRECTION('center_axis',(-1.,-2.22044604925031E-16,0.));
#10138=DIRECTION('ref_axis',(-1.19170494359634E-16,0.536696193991607,0.843775559823181));
#10139=DIRECTION('',(-2.18977908004899E-16,0.986188824893234,-0.165624882356797));
#10140=DIRECTION('center_axis',(-1.,-2.22044604925031E-16,0.));
#10141=DIRECTION('ref_axis',(-2.71926214689378E-32,1.22464679914735E-16,
-1.));
#10142=DIRECTION('',(-1.44257198501138E-16,0.649676665415237,-0.76021064871188));
#10143=DIRECTION('center_axis',(-1.,-2.22044604925031E-16,0.));
#10144=DIRECTION('ref_axis',(-9.92747646278148E-17,0.447093792985121,0.894487082228792));
#10145=DIRECTION('',(-2.21598654317141E-16,0.997991617008481,-0.0633461315377418));
#10146=DIRECTION('center_axis',(-1.,-2.22044604925031E-16,0.));
#10147=DIRECTION('ref_axis',(-2.71926214689378E-32,1.22464679914735E-16,
-1.));
#10148=DIRECTION('',(-1.60848870936643E-16,0.724398915213233,-0.689381035159723));
#10149=DIRECTION('',(5.39711310004395E-17,-0.243064365462343,0.970010161927383));
#10150=DIRECTION('',(2.13384235920887E-16,-0.960997165380047,0.276558218340217));
#10151=DIRECTION('',(-1.9285346586212E-17,0.0868534796993754,-0.996221096476134));
#10152=DIRECTION('',(2.13384235920887E-16,-0.960997165380047,0.276558218340217));
#10153=DIRECTION('',(1.33915606513599E-16,-0.603102275593739,-0.797663867285997));
#10154=DIRECTION('',(2.13384235920887E-16,-0.960997165380047,0.276558218340217));
#10155=DIRECTION('',(1.928534658621E-17,-0.0868534796993664,0.996221096476135));
#10156=DIRECTION('',(2.13384235920887E-16,-0.960997165380047,0.276558218340217));
#10157=DIRECTION('',(-1.33915606513601E-16,0.603102275593748,0.797663867285991));
#10158=DIRECTION('',(2.13384235920887E-16,-0.960997165380047,0.276558218340217));
#10159=DIRECTION('',(1.92853465862099E-17,-0.0868534796993659,0.996221096476135));
#10160=DIRECTION('',(2.13384235920887E-16,-0.960997165380047,0.276558218340217));
#10161=DIRECTION('',(-1.33915606513602E-16,0.60310227559375,0.797663867285989));
#10162=DIRECTION('',(2.13384235920887E-16,-0.960997165380047,0.276558218340217));
#10163=DIRECTION('',(-1.92853465862078E-17,0.0868534796993564,-0.996221096476135));
#10164=DIRECTION('',(2.13384235920887E-16,-0.960997165380047,0.276558218340217));
#10165=DIRECTION('',(-1.33915606513601E-16,0.603102275593749,0.79766386728599));
#10166=DIRECTION('',(2.13384235920887E-16,-0.960997165380047,0.276558218340217));
#10167=DIRECTION('',(1.92853465862121E-17,-0.0868534796993756,0.996221096476134));
#10168=DIRECTION('',(2.13384235920887E-16,-0.960997165380047,0.276558218340217));
#10169=DIRECTION('',(-6.14082603301277E-17,0.276558218340234,0.960997165380042));
#10170=DIRECTION('',(-2.13384235920886E-16,0.960997165380042,-0.276558218340232));
#10171=DIRECTION('center_axis',(2.22044604925031E-16,-1.,-1.22464679914735E-16));
#10172=DIRECTION('ref_axis',(2.71926214689378E-32,-1.22464679914735E-16,
1.));
#10173=DIRECTION('',(-1.,-2.22044604925031E-16,0.));
#10174=DIRECTION('',(2.71926214689378E-32,-1.22464679914735E-16,1.));
#10175=DIRECTION('',(2.71926214689378E-32,-1.22464679914735E-16,1.));
#10176=DIRECTION('',(-1.,-2.22044604925031E-16,0.));
#10177=DIRECTION('center_axis',(-1.,-2.22044604925031E-16,0.));
#10178=DIRECTION('ref_axis',(-2.71926214689378E-32,1.22464679914735E-16,
-1.));
#10179=DIRECTION('',(-2.71926214689378E-32,1.22464679914735E-16,-1.));
#10180=DIRECTION('center_axis',(1.,2.22044604925031E-16,0.));
#10181=DIRECTION('ref_axis',(-2.71926214689378E-32,1.22464679914735E-16,
-1.));
#10182=DIRECTION('',(-2.19790310404837E-16,0.989847560038869,-0.142133064010801));
#10183=DIRECTION('center_axis',(1.,2.22044604925031E-16,0.));
#10184=DIRECTION('ref_axis',(-2.71926214689378E-32,1.22464679914735E-16,
-1.));
#10185=DIRECTION('',(-2.13384146075347E-16,0.960996760751704,0.276559624357448));
#10186=DIRECTION('',(-6.14024012328091E-17,0.276531831311733,-0.961004758714222));
#10187=DIRECTION('',(2.13384146075347E-16,-0.960996760751704,-0.276559624357448));
#10188=DIRECTION('',(-1.92850229444063E-17,0.0868520221462599,0.996221223548819));
#10189=DIRECTION('',(2.13384146075347E-16,-0.960996760751704,-0.276559624357448));
#10190=DIRECTION('',(-1.33915865650068E-16,0.603103442640645,-0.797662984897132));
#10191=DIRECTION('',(2.13384146075347E-16,-0.960996760751704,-0.276559624357448));
#10192=DIRECTION('',(1.92850229444065E-17,-0.0868520221462604,-0.996221223548819));
#10193=DIRECTION('',(2.13384146075347E-16,-0.960996760751704,-0.276559624357448));
#10194=DIRECTION('',(1.33915865650069E-16,-0.603103442640647,0.79766298489713));
#10195=DIRECTION('',(2.13384146075347E-16,-0.960996760751704,-0.276559624357448));
#10196=DIRECTION('',(1.92850229444063E-17,-0.0868520221462595,-0.996221223548819));
#10197=DIRECTION('',(2.13384146075347E-16,-0.960996760751704,-0.276559624357448));
#10198=DIRECTION('',(1.33915865650069E-16,-0.603103442640647,0.79766298489713));
#10199=DIRECTION('',(2.13384146075347E-16,-0.960996760751704,-0.276559624357448));
#10200=DIRECTION('',(-1.92850229444063E-17,0.0868520221462595,0.996221223548819));
#10201=DIRECTION('',(2.13384146075347E-16,-0.960996760751704,-0.276559624357448));
#10202=DIRECTION('',(1.33915865650069E-16,-0.603103442640647,0.79766298489713));
#10203=DIRECTION('',(2.13384146075347E-16,-0.960996760751704,-0.276559624357448));
#10204=DIRECTION('',(1.92850229444063E-17,-0.0868520221462599,-0.996221223548819));
#10205=DIRECTION('',(2.13384146075347E-16,-0.960996760751704,-0.276559624357448));
#10206=DIRECTION('',(-5.57071169876354E-17,0.2508825513074,0.968017533647759));
#10207=DIRECTION('',(-1.60848644810695E-16,0.724397896832496,0.689382105268665));
#10208=DIRECTION('center_axis',(-1.,-2.22044604925031E-16,0.));
#10209=DIRECTION('ref_axis',(-2.71926214689378E-32,1.22464679914735E-16,
-1.));
#10210=DIRECTION('',(-2.2159863353856E-16,0.997991523430072,0.0633476058089348));
#10211=DIRECTION('center_axis',(-1.,-2.22044604925031E-16,0.));
#10212=DIRECTION('ref_axis',(9.92747646278123E-17,-0.447093792985109,0.894487082228798));
#10213=DIRECTION('',(-1.44256949142191E-16,0.649675542402377,0.760211608438188));
#10214=DIRECTION('center_axis',(-1.,-2.22044604925031E-16,0.));
#10215=DIRECTION('ref_axis',(-2.71926214689378E-32,1.22464679914735E-16,
-1.));
#10216=DIRECTION('',(-2.18977853677586E-16,0.986188580224768,0.165626339192343));
#10217=DIRECTION('center_axis',(-1.,-2.22044604925031E-16,0.));
#10218=DIRECTION('ref_axis',(1.19170494359632E-16,-0.536696193991596,0.843775559823189));
#10219=DIRECTION('',(-1.2613609392586E-16,0.568066465602474,0.8229826794398));
#10220=DIRECTION('center_axis',(-1.,-2.22044604925031E-16,0.));
#10221=DIRECTION('ref_axis',(-2.71926214689378E-32,1.22464679914735E-16,
-1.));
#10222=DIRECTION('',(-2.14035854092329E-16,0.963931792734137,0.266149392177312));
#10223=DIRECTION('center_axis',(-1.,-2.22044604925031E-16,0.));
#10224=DIRECTION('ref_axis',(1.37802987205098E-16,-0.620609481827419,0.784119806576714));
#10225=DIRECTION('',(-1.06678164734935E-16,0.480435742948823,0.877029929305273));
#10226=DIRECTION('center_axis',(-1.,-2.22044604925031E-16,0.));
#10227=DIRECTION('ref_axis',(-2.71926214689378E-32,1.22464679914735E-16,
-1.));
#10228=DIRECTION('',(-2.06825021207817E-16,0.93145708844242,0.363851195394998));
#10229=DIRECTION('center_axis',(-1.,-2.22044604925031E-16,0.));
#10230=DIRECTION('ref_axis',(1.54974734104827E-16,-0.69794415476634,0.716152188314397));
#10231=DIRECTION('',(-8.60894204594054E-17,0.38771228190152,0.921780443740654));
#10232=DIRECTION('center_axis',(-1.,-2.22044604925031E-16,0.));
#10233=DIRECTION('ref_axis',(-2.71926214689378E-32,1.22464679914735E-16,
-1.));
#10234=DIRECTION('',(-1.97421791646472E-16,0.889108707293868,0.457696085425937));
#10235=DIRECTION('center_axis',(-1.,-2.22044604925031E-16,0.));
#10236=DIRECTION('ref_axis',(1.70503710269853E-16,-0.767880446036597,0.640593178698179));
#10237=DIRECTION('',(-6.45881069104697E-17,0.290878974214557,0.956759856160305));
#10238=DIRECTION('center_axis',(-1.,-2.22044604925031E-16,0.));
#10239=DIRECTION('ref_axis',(-2.71926214689378E-32,1.22464679914735E-16,
-1.));
#10240=DIRECTION('',(-1.85925841980893E-16,0.837335552663697,0.546689283089929));
#10241=DIRECTION('center_axis',(-1.,-2.22044604925031E-16,0.));
#10242=DIRECTION('ref_axis',(1.8422530468967E-16,-0.829677013552616,0.558243722026868));
#10243=DIRECTION('',(-4.24021433606468E-17,0.190962277038719,0.981597376090721));
#10244=DIRECTION('center_axis',(-1.,-2.22044604925031E-16,0.));
#10245=DIRECTION('ref_axis',(-2.71926214689378E-32,1.22464679914735E-16,
-1.));
#10246=DIRECTION('',(-1.72459032137393E-16,0.776686432870638,0.629887438352826));
#10247=DIRECTION('center_axis',(-1.,-2.22044604925031E-16,0.));
#10248=DIRECTION('ref_axis',(1.95994065049897E-16,-0.882678798325545,0.469976743027324));
#10249=DIRECTION('',(-1.97667065427849E-17,0.089021332220428,0.996029719641789));
#10250=DIRECTION('center_axis',(-1.,-2.22044604925031E-16,0.));
#10251=DIRECTION('ref_axis',(-2.71926214689378E-32,1.22464679914735E-16,
-1.));
#10252=DIRECTION('',(-1.5716411365046E-16,0.707804243672227,0.706408630071566));
#10253=DIRECTION('center_axis',(-1.,-2.22044604925031E-16,0.));
#10254=DIRECTION('ref_axis',(2.0568523956299E-16,-0.926323968251493,0.376727893635189));
#10255=DIRECTION('',(3.07826228181032E-18,-0.0138632608653096,0.999903900381522));
#10256=DIRECTION('center_axis',(1.,2.22044604925031E-16,0.));
#10257=DIRECTION('ref_axis',(2.71926214689378E-32,-1.22464679914735E-16,
1.));
#10258=DIRECTION('',(-1.,-2.22044604925031E-16,0.));
#10259=DIRECTION('',(-1.,-2.22044604925031E-16,0.));
#10260=DIRECTION('center_axis',(1.,2.22044604925031E-16,0.));
#10261=DIRECTION('ref_axis',(2.71926214689378E-32,-1.22464679914735E-16,
1.));
#10262=DIRECTION('',(-1.,-2.22044604925031E-16,0.));
#10263=DIRECTION('',(-1.,-2.22044604925031E-16,0.));
#10264=DIRECTION('center_axis',(1.,2.22044604925031E-16,0.));
#10265=DIRECTION('ref_axis',(2.71926214689378E-32,-1.22464679914735E-16,
1.));
#10266=DIRECTION('',(-1.,-2.22044604925031E-16,0.));
#10267=DIRECTION('',(-1.,-2.22044604925031E-16,0.));
#10268=DIRECTION('center_axis',(1.,2.22044604925031E-16,0.));
#10269=DIRECTION('ref_axis',(2.71926214689378E-32,-1.22464679914735E-16,
1.));
#10270=DIRECTION('',(-1.,-2.22044604925031E-16,0.));
#10271=DIRECTION('',(-1.,-2.22044604925031E-16,0.));
#10272=DIRECTION('center_axis',(1.,2.22044604925031E-16,0.));
#10273=DIRECTION('ref_axis',(2.71926214689378E-32,-1.22464679914735E-16,
1.));
#10274=DIRECTION('',(-1.,-2.22044604925031E-16,0.));
#10275=DIRECTION('',(-1.,-2.22044604925031E-16,0.));
#10276=DIRECTION('center_axis',(1.,2.22044604925031E-16,0.));
#10277=DIRECTION('ref_axis',(2.71926214689378E-32,-1.22464679914735E-16,
1.));
#10278=DIRECTION('',(-1.,-2.22044604925031E-16,0.));
#10279=DIRECTION('',(-1.,-2.22044604925031E-16,0.));
#10280=DIRECTION('center_axis',(1.,2.22044604925031E-16,0.));
#10281=DIRECTION('ref_axis',(2.71926214689378E-32,-1.22464679914735E-16,
1.));
#10282=DIRECTION('',(-1.,-2.22044604925031E-16,0.));
#10283=DIRECTION('',(-1.,-2.22044604925031E-16,0.));
#10284=DIRECTION('center_axis',(1.,2.22044604925031E-16,0.));
#10285=DIRECTION('ref_axis',(2.71926214689378E-32,-1.22464679914735E-16,
1.));
#10286=DIRECTION('',(-1.,-2.22044604925031E-16,0.));
#10287=DIRECTION('',(-1.,-2.22044604925031E-16,0.));
#10288=DIRECTION('center_axis',(1.,2.22044604925031E-16,0.));
#10289=DIRECTION('ref_axis',(2.71926214689378E-32,-1.22464679914735E-16,
1.));
#10290=DIRECTION('',(-1.,-2.22044604925031E-16,0.));
#10291=DIRECTION('',(-1.,-2.22044604925031E-16,0.));
#10292=DIRECTION('center_axis',(1.,2.22044604925031E-16,0.));
#10293=DIRECTION('ref_axis',(2.71926214689378E-32,-1.22464679914735E-16,
1.));
#10294=DIRECTION('',(-1.,-2.22044604925031E-16,0.));
#10295=DIRECTION('',(-1.,-2.22044604925031E-16,0.));
#10296=DIRECTION('center_axis',(1.,2.22044604925031E-16,0.));
#10297=DIRECTION('ref_axis',(2.71926214689378E-32,-1.22464679914735E-16,
1.));
#10298=DIRECTION('',(-1.,-2.22044604925031E-16,0.));
#10299=DIRECTION('',(-1.,-2.22044604925031E-16,0.));
#10300=DIRECTION('center_axis',(1.,2.22044604925031E-16,0.));
#10301=DIRECTION('ref_axis',(2.71926214689378E-32,-1.22464679914735E-16,
1.));
#10302=DIRECTION('',(-1.,-2.22044604925031E-16,0.));
#10303=DIRECTION('',(-1.,-2.22044604925031E-16,0.));
#10304=DIRECTION('center_axis',(1.,2.22044604925031E-16,0.));
#10305=DIRECTION('ref_axis',(2.71926214689378E-32,-1.22464679914735E-16,
1.));
#10306=DIRECTION('',(-1.,-2.22044604925031E-16,0.));
#10307=DIRECTION('',(-1.,-2.22044604925031E-16,0.));
#10308=DIRECTION('center_axis',(1.,2.22044604925031E-16,0.));
#10309=DIRECTION('ref_axis',(2.71926214689378E-32,-1.22464679914735E-16,
1.));
#10310=DIRECTION('',(-1.,-2.22044604925031E-16,0.));
#10311=DIRECTION('',(-1.,-2.22044604925031E-16,0.));
#10312=DIRECTION('center_axis',(1.,2.22044604925031E-16,0.));
#10313=DIRECTION('ref_axis',(2.71926214689378E-32,-1.22464679914735E-16,
1.));
#10314=DIRECTION('',(-1.,-2.22044604925031E-16,0.));
#10315=DIRECTION('',(-1.,-2.22044604925031E-16,0.));
#10316=DIRECTION('center_axis',(1.,2.22044604925031E-16,0.));
#10317=DIRECTION('ref_axis',(2.71926214689378E-32,-1.22464679914735E-16,
1.));
#10318=DIRECTION('',(-1.,-2.22044604925031E-16,0.));
#10319=DIRECTION('',(-1.,-2.22044604925031E-16,0.));
#10320=DIRECTION('center_axis',(7.65035676690677E-17,-0.344541438846927,
0.938771109971589));
#10321=DIRECTION('ref_axis',(-2.08449060228675E-16,0.938771109971589,0.344541438846927));
#10322=DIRECTION('center_axis',(-1.,-2.22044604925031E-16,0.));
#10323=DIRECTION('ref_axis',(-2.71926214689378E-32,1.22464679914735E-16,
-1.));
#10324=DIRECTION('center_axis',(-1.,-2.22044604925031E-16,0.));
#10325=DIRECTION('ref_axis',(-2.71926214689378E-32,1.22464679914735E-16,
-1.));
#10326=DIRECTION('center_axis',(-1.,-2.22044604925031E-16,0.));
#10327=DIRECTION('ref_axis',(-2.71926214689378E-32,1.22464679914735E-16,
-1.));
#10328=DIRECTION('center_axis',(-1.,-2.22044604925031E-16,0.));
#10329=DIRECTION('ref_axis',(-2.71926214689378E-32,1.22464679914735E-16,
-1.));
#10330=DIRECTION('center_axis',(-1.,-2.22044604925031E-16,0.));
#10331=DIRECTION('ref_axis',(-2.71926214689378E-32,1.22464679914735E-16,
-1.));
#10332=DIRECTION('',(-1.,-2.22044604925031E-16,0.));
#10333=DIRECTION('center_axis',(-1.,-2.22044604925031E-16,0.));
#10334=DIRECTION('ref_axis',(-2.71926214689378E-32,1.22464679914735E-16,
-1.));
#10335=DIRECTION('',(-1.,-2.22044604925031E-16,0.));
#10336=DIRECTION('center_axis',(8.64935235636296E-17,-0.389532200491124,
-0.921012847239681));
#10337=DIRECTION('ref_axis',(2.04505933796213E-16,-0.921012847239681,0.389532200491124));
#10338=DIRECTION('',(2.04505933796213E-16,-0.921012847239681,0.389532200491124));
#10339=DIRECTION('center_axis',(-8.64938256674996E-17,0.389533561046,-0.921012271806854));
#10340=DIRECTION('ref_axis',(2.04505806024458E-16,-0.921012271806854,-0.389533561046));
#10341=DIRECTION('',(2.04505806024458E-16,-0.921012271806854,-0.389533561046));
#10342=DIRECTION('center_axis',(-1.,-2.22044604925031E-16,0.));
#10343=DIRECTION('ref_axis',(-2.71926214689378E-32,1.22464679914735E-16,
-1.));
#10344=DIRECTION('center_axis',(-1.,-2.22044604925031E-16,0.));
#10345=DIRECTION('ref_axis',(-2.71926214689378E-32,1.22464679914735E-16,
-1.));
#10346=DIRECTION('',(-1.,-2.22044604925031E-16,0.));
#10347=DIRECTION('center_axis',(-1.,-2.22044604925031E-16,0.));
#10348=DIRECTION('ref_axis',(2.2830847687363E-17,-0.102820997137361,-0.994699875614589));
#10349=DIRECTION('',(-1.,-2.22044604925031E-16,0.));
#10350=DIRECTION('center_axis',(1.07062601163644E-16,-0.482167090705901,
-0.876079275317141));
#10351=DIRECTION('ref_axis',(1.94528676570802E-16,-0.876079275317141,0.482167090705901));
#10352=DIRECTION('',(1.94528676570802E-16,-0.876079275317141,0.482167090705901));
#10353=DIRECTION('center_axis',(-6.50079067370773E-17,0.292769584557238,
-0.956183021371004));
#10354=DIRECTION('ref_axis',(2.12315281216347E-16,-0.956183021371004,-0.292769584557238));
#10355=DIRECTION('',(2.12315281216347E-16,-0.956183021371004,-0.292769584557237));
#10356=DIRECTION('center_axis',(-1.,-2.22044604925031E-16,0.));
#10357=DIRECTION('ref_axis',(2.2830847687363E-17,-0.102820997137361,-0.994699875614589));
#10358=DIRECTION('center_axis',(-1.,-2.22044604925031E-16,0.));
#10359=DIRECTION('ref_axis',(-2.71926214689378E-32,1.22464679914735E-16,
-1.));
#10360=DIRECTION('',(-1.,-2.22044604925031E-16,0.));
#10361=DIRECTION('center_axis',(-1.,-2.22044604925031E-16,0.));
#10362=DIRECTION('ref_axis',(4.54196827095912E-17,-0.204552066126201,-0.978855685095358));
#10363=DIRECTION('',(-1.,-2.22044604925031E-16,0.));
#10364=DIRECTION('center_axis',(1.26496788557272E-16,-0.569690889810093,
-0.821859045133279));
#10365=DIRECTION('ref_axis',(1.82489366980682E-16,-0.821859045133279,0.569690889810093));
#10366=DIRECTION('',(1.82489366980682E-16,-0.821859045133279,0.569690889810093));
#10367=DIRECTION('center_axis',(-4.28328878231717E-17,0.192902177639638,
-0.981217993038186));
#10368=DIRECTION('ref_axis',(2.17874161609496E-16,-0.981217993038186,-0.192902177639638));
#10369=DIRECTION('',(2.17874161609496E-16,-0.981217993038186,-0.192902177639638));
#10370=DIRECTION('center_axis',(-1.,-2.22044604925031E-16,0.));
#10371=DIRECTION('ref_axis',(4.54196827095912E-17,-0.204552066126201,-0.978855685095358));
#10372=DIRECTION('center_axis',(-1.,-2.22044604925031E-16,0.));
#10373=DIRECTION('ref_axis',(-2.71926214689378E-32,1.22464679914735E-16,
-1.));
#10374=DIRECTION('',(-1.,-2.22044604925031E-16,0.));
#10375=DIRECTION('center_axis',(-1.,-2.22044604925031E-16,0.));
#10376=DIRECTION('ref_axis',(6.7527057796006E-17,-0.304114832327519,-0.952635380803382));
#10377=DIRECTION('',(-1.,-2.22044604925031E-16,0.));
#10378=DIRECTION('center_axis',(1.44590078523483E-16,-0.651175823759827,
-0.758926904616453));
#10379=DIRECTION('ref_axis',(1.68515624702537E-16,-0.758926904616453,0.651175823759827));
#10380=DIRECTION('',(1.68515624702537E-16,-0.758926904616453,0.651175823759827));
#10381=DIRECTION('center_axis',(-2.02038296427676E-17,0.0909899596506253,
-0.995851809880756));
#10382=DIRECTION('ref_axis',(2.2112352168885E-16,-0.995851809880756,-0.0909899596506253));
#10383=DIRECTION('',(2.2112352168885E-16,-0.995851809880756,-0.0909899596506253));
#10384=DIRECTION('center_axis',(-1.,-2.22044604925031E-16,0.));
#10385=DIRECTION('ref_axis',(6.7527057796006E-17,-0.304114832327519,-0.952635380803383));
#10386=DIRECTION('center_axis',(-1.,-2.22044604925031E-16,0.));
#10387=DIRECTION('ref_axis',(-2.71926214689378E-32,1.22464679914735E-16,
-1.));
#10388=DIRECTION('',(-1.,-2.22044604925031E-16,0.));
#10389=DIRECTION('center_axis',(-1.,-2.22044604925031E-16,0.));
#10390=DIRECTION('ref_axis',(8.89186292710213E-17,-0.400453905651267,-0.916316904487005));
#10391=DIRECTION('',(-1.,-2.22044604925031E-16,0.));
#10392=DIRECTION('center_axis',(1.61150677687552E-16,-0.725758131984162,
-0.687949950111823));
#10393=DIRECTION('ref_axis',(1.52755574880775E-16,-0.687949950111823,0.725758131984162));
#10394=DIRECTION('',(1.52755574880775E-16,-0.687949950111823,0.725758131984162));
#10395=DIRECTION('center_axis',(2.639394157973E-18,-0.0118867745463311,
-0.999929349799717));
#10396=DIRECTION('ref_axis',(2.22028917429222E-16,-0.999929349799717,0.0118867745463311));
#10397=DIRECTION('',(2.22028917429222E-16,-0.999929349799717,0.0118867745463311));
#10398=DIRECTION('center_axis',(-1.,-2.22044604925031E-16,0.));
#10399=DIRECTION('ref_axis',(8.89186292710214E-17,-0.400453905651267,-0.916316904487005));
#10400=DIRECTION('center_axis',(-1.,-2.22044604925031E-16,0.));
#10401=DIRECTION('ref_axis',(-2.71926214689378E-32,1.22464679914735E-16,
-1.));
#10402=DIRECTION('',(-1.,-2.22044604925031E-16,0.));
#10403=DIRECTION('center_axis',(-1.,-2.22044604925031E-16,0.));
#10404=DIRECTION('ref_axis',(1.09367641155403E-16,-0.492548067953865,-0.870285241030155));
#10405=DIRECTION('',(-1.,-2.22044604925031E-16,0.));
#10406=DIRECTION('center_axis',(1.76003039578547E-16,-0.792647223462017,
-0.609680554994134));
#10407=DIRECTION('ref_axis',(1.35376277964146E-16,-0.609680554994134,0.792647223462017));
#10408=DIRECTION('',(1.35376277964146E-16,-0.609680554994134,0.792647223462017));
#10409=DIRECTION('center_axis',(2.54546397240349E-17,-0.114637505976014,
-0.993407389857555));
#10410=DIRECTION('ref_axis',(2.20580751410527E-16,-0.993407389857555,0.114637505976014));
#10411=DIRECTION('',(2.20580751410527E-16,-0.993407389857555,0.114637505976014));
#10412=DIRECTION('center_axis',(-1.,-2.22044604925031E-16,0.));
#10413=DIRECTION('ref_axis',(1.09367641155403E-16,-0.492548067953865,-0.870285241030155));
#10414=DIRECTION('center_axis',(-1.,-2.22044604925031E-16,0.));
#10415=DIRECTION('ref_axis',(-2.71926214689378E-32,1.22464679914735E-16,
-1.));
#10416=DIRECTION('',(-1.,-2.22044604925031E-16,0.));
#10417=DIRECTION('center_axis',(-1.,-2.22044604925031E-16,0.));
#10418=DIRECTION('ref_axis',(1.2865732883606E-16,-0.579421098204565,-0.81502833751681));
#10419=DIRECTION('',(-1.,-2.22044604925031E-16,0.));
#10420=DIRECTION('center_axis',(1.88989725465588E-16,-0.851134057183674,
-0.524948394322774));
#10421=DIRECTION('ref_axis',(1.1656195882343E-16,-0.524948394322773,0.851134057183674));
#10422=DIRECTION('',(1.1656195882343E-16,-0.524948394322773,0.851134057183674));
#10423=DIRECTION('center_axis',(4.80000597766504E-17,-0.216173051323884,
-0.976355064452129));
#10424=DIRECTION('ref_axis',(2.16794374552826E-16,-0.976355064452129,0.216173051323884));
#10425=DIRECTION('',(2.16794374552826E-16,-0.976355064452129,0.216173051323884));
#10426=DIRECTION('center_axis',(-1.,-2.22044604925031E-16,0.));
#10427=DIRECTION('ref_axis',(1.2865732883606E-16,-0.579421098204565,-0.815028337516811));
#10428=DIRECTION('center_axis',(-1.,-2.22044604925031E-16,0.));
#10429=DIRECTION('ref_axis',(-2.71926214689378E-32,1.22464679914735E-16,
-1.));
#10430=DIRECTION('',(-1.,-2.22044604925031E-16,0.));
#10431=DIRECTION('center_axis',(-1.,-2.22044604925031E-16,0.));
#10432=DIRECTION('ref_axis',(1.46583216824865E-16,-0.660152120671233,-0.751131930870519));
#10433=DIRECTION('',(-1.,-2.22044604925031E-16,0.));
#10434=DIRECTION('center_axis',(1.99973073247565E-16,-0.900598658161865,
-0.434651650079748));
#10435=DIRECTION('ref_axis',(9.65120539219707E-17,-0.434651650079748,0.900598658161865));
#10436=DIRECTION('',(9.65120539219707E-17,-0.434651650079748,0.900598658161865));
#10437=DIRECTION('center_axis',(7.0036667254619E-17,-0.315417108550174,
-0.948953132474859));
#10438=DIRECTION('ref_axis',(2.10709923392751E-16,-0.948953132474859,0.315417108550174));
#10439=DIRECTION('',(2.10709923392751E-16,-0.948953132474859,0.315417108550174));
#10440=DIRECTION('center_axis',(-1.,-2.22044604925031E-16,0.));
#10441=DIRECTION('ref_axis',(1.46583216824865E-16,-0.660152120671233,-0.751131930870519));
#10442=DIRECTION('center_axis',(-1.,-2.22044604925031E-16,0.));
#10443=DIRECTION('ref_axis',(-2.71926214689378E-32,1.22464679914735E-16,
-1.));
#10444=DIRECTION('',(-1.,-2.22044604925031E-16,0.));
#10445=DIRECTION('center_axis',(-1.,-2.22044604925031E-16,0.));
#10446=DIRECTION('ref_axis',(1.629552862497E-16,-0.7338853664322,-0.679273338897292));
#10447=DIRECTION('',(-1.,-2.22044604925031E-16,0.));
#10448=DIRECTION('center_axis',(2.08836656705651E-16,-0.940516689320872,
-0.339747490217229));
#10449=DIRECTION('ref_axis',(7.54390972395557E-17,-0.339747490217229,0.940516689320872));
#10450=DIRECTION('',(7.54390972395557E-17,-0.33974749021723,0.940516689320872));
#10451=DIRECTION('center_axis',(9.13308686366094E-17,-0.411317665959258,
-0.911492061221505));
#10452=DIRECTION('ref_axis',(2.02391894626232E-16,-0.911492061221505,0.411317665959258));
#10453=DIRECTION('',(2.02391894626232E-16,-0.911492061221505,0.411317665959258));
#10454=DIRECTION('center_axis',(-1.,-2.22044604925031E-16,0.));
#10455=DIRECTION('ref_axis',(1.629552862497E-16,-0.7338853664322,-0.679273338897292));
#10456=DIRECTION('center_axis',(-1.,-2.22044604925031E-16,0.));
#10457=DIRECTION('ref_axis',(-2.71926214689378E-32,1.22464679914735E-16,
-1.));
#10458=DIRECTION('',(-1.,-2.22044604925031E-16,0.));
#10459=DIRECTION('center_axis',(-1.,-2.22044604925031E-16,0.));
#10460=DIRECTION('ref_axis',(1.77599989101767E-16,-0.79983924473972,-0.600214280548367));
#10461=DIRECTION('',(-1.,-2.22044604925031E-16,0.));
#10462=DIRECTION('center_axis',(2.15486519650191E-16,-0.970465009599968,
-0.241241922439146));
#10463=DIRECTION('ref_axis',(5.35664673593551E-17,-0.241241922439146,0.970465009599968));
#10464=DIRECTION('',(5.35664673593551E-17,-0.241241922439146,0.970465009599968));
#10465=DIRECTION('center_axis',(1.11656940090597E-16,-0.50285815378534,
-0.864368947366574));
#10466=DIRECTION('ref_axis',(1.91928461427476E-16,-0.864368947366574,0.50285815378534));
#10467=DIRECTION('',(1.91928461427476E-16,-0.864368947366574,0.50285815378534));
#10468=DIRECTION('center_axis',(-1.,-2.22044604925031E-16,0.));
#10469=DIRECTION('ref_axis',(1.77599989101767E-16,-0.799839244739721,-0.600214280548367));
#10470=DIRECTION('center_axis',(-1.,-2.22044604925031E-16,0.));
#10471=DIRECTION('ref_axis',(-2.71926214689378E-32,1.22464679914735E-16,
-1.));
#10472=DIRECTION('',(-1.,-2.22044604925031E-16,0.));
#10473=DIRECTION('center_axis',(-1.,-2.22044604925031E-16,0.));
#10474=DIRECTION('ref_axis',(1.9036208788766E-16,-0.857314628076333,-0.514792801509829));
#10475=DIRECTION('',(-1.,-2.22044604925031E-16,0.));
#10476=DIRECTION('center_axis',(2.19852171879681E-16,-0.990126159353926,
-0.140179130269256));
#10477=DIRECTION('ref_axis',(3.11260195993714E-17,-0.140179130269256,0.990126159353925));
#10478=DIRECTION('',(3.11260195993714E-17,-0.140179130269256,0.990126159353925));
#10479=DIRECTION('center_axis',(1.30799420202634E-16,-0.589068220084862,
-0.808083307639784));
#10480=DIRECTION('ref_axis',(1.79430538791388E-16,-0.808083307639783,0.589068220084862));
#10481=DIRECTION('',(1.79430538791388E-16,-0.808083307639784,0.589068220084862));
#10482=DIRECTION('center_axis',(-1.,-2.22044604925031E-16,0.));
#10483=DIRECTION('ref_axis',(1.9036208788766E-16,-0.857314628076333,-0.514792801509829));
#10484=DIRECTION('center_axis',(-1.,-2.22044604925031E-16,0.));
#10485=DIRECTION('ref_axis',(-2.71926214689378E-32,1.22464679914735E-16,
-1.));
#10486=DIRECTION('',(-1.,-2.22044604925031E-16,0.));
#10487=DIRECTION('center_axis',(-1.,-2.22044604925031E-16,0.));
#10488=DIRECTION('ref_axis',(2.0110630118541E-16,-0.905702263080473,-0.423914390709859));
#10489=DIRECTION('',(-1.,-2.22044604925031E-16,0.));
#10490=DIRECTION('center_axis',(2.2188733639444E-16,-0.999291725504233,
-0.0376304044460342));
#10491=DIRECTION('ref_axis',(8.35562828838881E-18,-0.0376304044460342,0.999291725504233));
#10492=DIRECTION('',(8.35562828838881E-18,-0.0376304044460342,0.999291725504233));
#10493=DIRECTION('center_axis',(1.48555393921445E-16,-0.669034016708498,
-0.743231783824463));
#10494=DIRECTION('ref_axis',(1.65030607807029E-16,-0.743231783824463,0.669034016708498));
#10495=DIRECTION('',(1.65030607807029E-16,-0.743231783824463,0.669034016708498));
#10496=DIRECTION('center_axis',(-1.,-2.22044604925031E-16,0.));
#10497=DIRECTION('ref_axis',(2.0110630118541E-16,-0.905702263080473,-0.423914390709859));
#10498=DIRECTION('center_axis',(-1.,-2.22044604925031E-16,0.));
#10499=DIRECTION('ref_axis',(-2.71926214689378E-32,1.22464679914735E-16,
-1.));
#10500=DIRECTION('',(-1.,-2.22044604925031E-16,0.));
#10501=DIRECTION('center_axis',(-1.,-2.22044604925031E-16,0.));
#10502=DIRECTION('ref_axis',(2.09718737661216E-16,-0.944489228783662,-0.328542381910832));
#10503=DIRECTION('',(-1.,-2.22044604925031E-16,0.));
#10504=DIRECTION('center_axis',(2.21570439944323E-16,-0.997864550769572,
0.0653172130256622));
#10505=DIRECTION('ref_axis',(-1.45033347610873E-17,0.0653172130256622,0.997864550769572));
#10506=DIRECTION('',(-1.45033347610873E-17,0.0653172130256622,0.997864550769572));
#10507=DIRECTION('center_axis',(1.64736643508441E-16,-0.741907886318883,
-0.670501818206221));
#10508=DIRECTION('ref_axis',(1.48881311325115E-16,-0.670501818206221,0.741907886318883));
#10509=DIRECTION('',(1.48881311325115E-16,-0.670501818206221,0.741907886318883));
#10510=DIRECTION('center_axis',(-1.,-2.22044604925031E-16,0.));
#10511=DIRECTION('ref_axis',(2.09718737661216E-16,-0.944489228783662,-0.328542381910832));
#10512=DIRECTION('center_axis',(-1.,-2.22044604925031E-16,0.));
#10513=DIRECTION('ref_axis',(-2.71926214689378E-32,1.22464679914735E-16,
-1.));
#10514=DIRECTION('',(-1.,-2.22044604925031E-16,0.));
#10515=DIRECTION('center_axis',(-1.,-2.22044604925031E-16,0.));
#10516=DIRECTION('ref_axis',(2.1610810334591E-16,-0.973264373700383,-0.229687742131793));
#10517=DIRECTION('',(-1.,-2.22044604925031E-16,0.));
#10518=DIRECTION('center_axis',(2.18904841710536E-16,-0.985859763557169,
0.16757245179027));
#10519=DIRECTION('ref_axis',(-3.72085588540893E-17,0.16757245179027,0.985859763557169));
#10520=DIRECTION('',(-3.72085588540893E-17,0.16757245179027,0.985859763557169));
#10521=DIRECTION('center_axis',(1.79171643692578E-16,-0.806917347769252,
-0.590664366513704));
#10522=DIRECTION('ref_axis',(1.31153835905829E-16,-0.590664366513704,0.806917347769252));
#10523=DIRECTION('',(1.31153835905829E-16,-0.590664366513704,0.806917347769252));
#10524=DIRECTION('center_axis',(-1.,-2.22044604925031E-16,0.));
#10525=DIRECTION('ref_axis',(2.1610810334591E-16,-0.973264373700383,-0.229687742131793));
#10526=DIRECTION('center_axis',(-1.,-2.22044604925031E-16,0.));
#10527=DIRECTION('ref_axis',(-2.71926214689378E-32,1.22464679914735E-16,
-1.));
#10528=DIRECTION('',(-1.,-2.22044604925031E-16,0.));
#10529=DIRECTION('center_axis',(-1.,-2.22044604925031E-16,0.));
#10530=DIRECTION('ref_axis',(2.20206669373746E-16,-0.991722674136102,-0.128398355146548));
#10531=DIRECTION('',(-1.,-2.22044604925031E-16,0.));
#10532=DIRECTION('center_axis',(2.1391879769748E-16,-0.963404617597917,
0.268051380878764));
#10533=DIRECTION('ref_axis',(-5.95193629668341E-17,0.268051380878764,0.963404617597917));
#10534=DIRECTION('',(-5.95193629668341E-17,0.268051380878763,0.963404617597917));
#10535=DIRECTION('center_axis',(1.91707379880896E-16,-0.863373284595776,
-0.504565725596083));
#10536=DIRECTION('ref_axis',(1.12036097198694E-16,-0.504565725596083,0.863373284595776));
#10537=DIRECTION('',(1.12036097198694E-16,-0.504565725596083,0.863373284595776));
#10538=DIRECTION('center_axis',(-1.,-2.22044604925031E-16,0.));
#10539=DIRECTION('ref_axis',(2.20206669373746E-16,-0.991722674136102,-0.128398355146548));
#10540=DIRECTION('center_axis',(-1.,-2.22044604925031E-16,0.));
#10541=DIRECTION('ref_axis',(-2.71926214689378E-32,1.22464679914735E-16,
-1.));
#10542=DIRECTION('',(-1.,-2.22044604925031E-16,0.));
#10543=DIRECTION('center_axis',(-1.,-2.22044604925031E-16,0.));
#10544=DIRECTION('ref_axis',(2.21970989925227E-16,-0.999668467514313,-0.0257479136549853));
#10545=DIRECTION('',(-1.,-2.22044604925031E-16,0.));
#10546=DIRECTION('center_axis',(2.06665161212076E-16,-0.930737143025168,
0.36568889864658));
#10547=DIRECTION('ref_axis',(-8.11992470254497E-17,0.36568889864658,0.930737143025168));
#10548=DIRECTION('',(-8.11992470254497E-17,0.36568889864658,0.930737143025168));
#10549=DIRECTION('center_axis',(2.02210970151274E-16,-0.910677249823503,
-0.413118562465912));
#10550=DIRECTION('ref_axis',(9.17307479899404E-17,-0.413118562465912,0.910677249823503));
#10551=DIRECTION('',(9.17307479899404E-17,-0.413118562465912,0.910677249823502));
#10552=DIRECTION('center_axis',(-1.,-2.22044604925031E-16,0.));
#10553=DIRECTION('ref_axis',(2.21970989925227E-16,-0.999668467514313,-0.0257479136549852));
#10554=DIRECTION('center_axis',(-1.,-2.22044604925031E-16,0.));
#10555=DIRECTION('ref_axis',(-2.71926214689378E-32,1.22464679914735E-16,
-1.));
#10556=DIRECTION('',(-1.,-2.22044604925031E-16,0.));
#10557=DIRECTION('center_axis',(-1.,-2.22044604925031E-16,0.));
#10558=DIRECTION('ref_axis',(2.21382362763595E-16,-0.997017526448526,0.0771754621266498));
#10559=DIRECTION('',(-1.,-2.22044604925031E-16,0.));
#10560=DIRECTION('center_axis',(1.97220822605561E-16,-0.888203623196107,
0.459450023116016));
#10561=DIRECTION('ref_axis',(-1.02018398865592E-16,0.459450023116016,0.888203623196108));
#10562=DIRECTION('',(-1.02018398865592E-16,0.459450023116016,0.888203623196107));
#10563=DIRECTION('center_axis',(2.10571073833859E-16,-0.948327809653172,
-0.317292239801759));
#10564=DIRECTION('ref_axis',(7.04530300325599E-17,-0.317292239801759,0.948327809653172));
#10565=DIRECTION('',(7.04530300325599E-17,-0.317292239801759,0.948327809653172));
#10566=DIRECTION('center_axis',(-1.,-2.22044604925031E-16,0.));
#10567=DIRECTION('ref_axis',(2.21382362763595E-16,-0.997017526448526,0.0771754621266498));
#10568=DIRECTION('center_axis',(-1.,-2.22044604925031E-16,0.));
#10569=DIRECTION('ref_axis',(-2.71926214689378E-32,1.22464679914735E-16,
-1.));
#10570=DIRECTION('',(-1.,-2.22044604925031E-16,0.));
#10571=DIRECTION('center_axis',(-1.,-2.22044604925031E-16,0.));
#10572=DIRECTION('ref_axis',(2.18447027483196E-16,-0.983797951573516,0.179280758810739));
#10573=DIRECTION('',(-1.,-2.22044604925031E-16,0.));
#10574=DIRECTION('center_axis',(1.85685894216641E-16,-0.836254924002024,
0.548340863042661));
#10575=DIRECTION('ref_axis',(-1.21756130298558E-16,0.548340863042661,0.836254924002023));
#10576=DIRECTION('',(-1.21756130298558E-16,0.548340863042661,0.836254924002024));
#10577=DIRECTION('center_axis',(2.16699071749866E-16,-0.975925858784229,
-0.218102540462656));
#10578=DIRECTION('ref_axis',(4.84284924301761E-17,-0.218102540462656,0.975925858784229));
#10579=DIRECTION('',(4.84284924301761E-17,-0.218102540462656,0.975925858784229));
#10580=DIRECTION('center_axis',(-1.,-2.22044604925031E-16,0.));
#10581=DIRECTION('ref_axis',(2.18447027483196E-16,-0.983797951573516,0.179280758810739));
#10582=DIRECTION('center_axis',(-1.,-2.22044604925031E-16,0.));
#10583=DIRECTION('ref_axis',(-2.71926214689378E-32,1.22464679914735E-16,
-1.));
#10584=DIRECTION('',(-1.,-2.22044604925031E-16,0.));
#10585=DIRECTION('center_axis',(-1.,-2.22044604925031E-16,0.));
#10586=DIRECTION('ref_axis',(2.13196099368229E-16,-0.960149873671601,0.279485634851613));
#10587=DIRECTION('',(-1.,-2.22044604925031E-16,0.));
#10588=DIRECTION('center_axis',(1.72182649155793E-16,-0.775441714577693,
0.631419153409847));
#10589=DIRECTION('ref_axis',(-1.40203216460987E-16,0.631419153409847,0.775441714577693));
#10590=DIRECTION('',(-1.40203216460987E-16,0.631419153409847,0.775441714577693));
#10591=DIRECTION('center_axis',(2.20530005596919E-16,-0.993178851030296,
-0.1166008999371));
#10592=DIRECTION('ref_axis',(2.58906007604365E-17,-0.1166008999371,0.993178851030296));
#10593=DIRECTION('',(2.58906007604365E-17,-0.1166008999371,0.993178851030296));
#10594=DIRECTION('center_axis',(-1.,-2.22044604925031E-16,0.));
#10595=DIRECTION('ref_axis',(2.13196099368229E-16,-0.960149873671601,0.279485634851613));
#10596=DIRECTION('center_axis',(-1.,-2.22044604925031E-16,0.));
#10597=DIRECTION('ref_axis',(-2.71926214689378E-32,1.22464679914735E-16,
-1.));
#10598=DIRECTION('',(-1.,-2.22044604925031E-16,0.));
#10599=DIRECTION('',(-1.,-2.22044604925031E-16,0.));
#10600=DIRECTION('center_axis',(1.56854225179873E-16,-0.706408630071566,
0.707804243672227));
#10601=DIRECTION('ref_axis',(-1.5716411365046E-16,0.707804243672227,0.706408630071566));
#10602=DIRECTION('center_axis',(2.22023266523213E-16,-0.999903900381522,
-0.0138632608653096));
#10603=DIRECTION('ref_axis',(3.07826228181032E-18,-0.0138632608653096,0.999903900381522));
#10604=DIRECTION('center_axis',(-1.,-2.22044604925031E-16,0.));
#10605=DIRECTION('ref_axis',(-2.71926214689378E-32,1.22464679914735E-16,
-1.));
#10606=DIRECTION('',(-1.,-2.22044604925031E-16,0.));
#10607=DIRECTION('',(-1.,-2.22044604925031E-16,0.));
#10608=DIRECTION('center_axis',(1.39863107396293E-16,-0.629887438352826,
0.776686432870638));
#10609=DIRECTION('ref_axis',(-1.72459032137393E-16,0.776686432870638,0.629887438352826));
#10610=DIRECTION('center_axis',(2.21163025591451E-16,-0.996029719641789,
0.089021332220428));
#10611=DIRECTION('ref_axis',(-1.97667065427849E-17,0.089021332220428,0.996029719641789));
#10612=DIRECTION('center_axis',(-1.,-2.22044604925031E-16,0.));
#10613=DIRECTION('ref_axis',(-2.71926214689378E-32,1.22464679914735E-16,
-1.));
#10614=DIRECTION('',(-1.,-2.22044604925031E-16,0.));
#10615=DIRECTION('',(-1.,-2.22044604925031E-16,0.));
#10616=DIRECTION('center_axis',(1.21389405880452E-16,-0.546689283089929,
0.837335552663697));
#10617=DIRECTION('ref_axis',(-1.85925841980893E-16,0.837335552663697,0.546689283089929));
#10618=DIRECTION('center_axis',(2.17958401569511E-16,-0.981597376090721,
0.190962277038719));
#10619=DIRECTION('ref_axis',(-4.24021433606468E-17,0.190962277038719,0.981597376090721));
#10620=DIRECTION('center_axis',(-1.,-2.22044604925031E-16,0.));
#10621=DIRECTION('ref_axis',(-2.71926214689378E-32,1.22464679914735E-16,
-1.));
#10622=DIRECTION('',(-1.,-2.22044604925031E-16,0.));
#10623=DIRECTION('',(-1.,-2.22044604925031E-16,0.));
#10624=DIRECTION('center_axis',(1.01628946464136E-16,-0.457696085425937,
0.889108707293868));
#10625=DIRECTION('ref_axis',(-1.97421791646472E-16,0.889108707293868,0.457696085425937));
#10626=DIRECTION('center_axis',(2.12443364269245E-16,-0.956759856160305,
0.290878974214557));
#10627=DIRECTION('ref_axis',(-6.45881069104697E-17,0.290878974214557,0.956759856160305));
#10628=DIRECTION('center_axis',(-1.,-2.22044604925031E-16,0.));
#10629=DIRECTION('ref_axis',(-2.71926214689378E-32,1.22464679914735E-16,
-1.));
#10630=DIRECTION('',(-1.,-2.22044604925031E-16,0.));
#10631=DIRECTION('',(-1.,-2.22044604925031E-16,0.));
#10632=DIRECTION('center_axis',(8.07911949329827E-17,-0.363851195394998,
0.93145708844242));
#10633=DIRECTION('ref_axis',(-2.06825021207817E-16,0.93145708844242,0.363851195394998));
#10634=DIRECTION('center_axis',(2.04676374458013E-16,-0.921780443740654,
0.38771228190152));
#10635=DIRECTION('ref_axis',(-8.60894204594054E-17,0.38771228190152,0.921780443740654));
#10636=DIRECTION('center_axis',(-1.,-2.22044604925031E-16,0.));
#10637=DIRECTION('ref_axis',(-2.71926214689378E-32,1.22464679914735E-16,
-1.));
#10638=DIRECTION('',(-1.,-2.22044604925031E-16,0.));
#10639=DIRECTION('',(-1.,-2.22044604925031E-16,0.));
#10640=DIRECTION('center_axis',(5.90970366370484E-17,-0.266149392177312,
0.963931792734137));
#10641=DIRECTION('ref_axis',(-2.14035854092329E-16,0.963931792734137,0.266149392177312));
#10642=DIRECTION('center_axis',(1.94739764160017E-16,-0.877029929305273,
0.480435742948823));
#10643=DIRECTION('ref_axis',(-1.06678164734935E-16,0.480435742948823,0.877029929305273));
#10644=DIRECTION('center_axis',(-1.,-2.22044604925031E-16,0.));
#10645=DIRECTION('ref_axis',(-2.71926214689378E-32,1.22464679914735E-16,
-1.));
#10646=DIRECTION('',(-1.,-2.22044604925031E-16,0.));
#10647=DIRECTION('',(-1.,-2.22044604925031E-16,0.));
#10648=DIRECTION('center_axis',(3.6776435051143E-17,-0.165626339192343,
0.986188580224768));
#10649=DIRECTION('ref_axis',(-2.18977853677586E-16,0.986188580224768,0.165626339192343));
#10650=DIRECTION('center_axis',(1.82738863916354E-16,-0.8229826794398,0.568066465602474));
#10651=DIRECTION('ref_axis',(-1.2613609392586E-16,0.568066465602474,0.822982679439801));
#10652=DIRECTION('center_axis',(-1.,-2.22044604925031E-16,0.));
#10653=DIRECTION('ref_axis',(-2.71926214689378E-32,1.22464679914735E-16,
-1.));
#10654=DIRECTION('',(-1.,-2.22044604925031E-16,0.));
#10655=DIRECTION('',(-1.,-2.22044604925031E-16,0.));
#10656=DIRECTION('center_axis',(1.40659941047916E-17,-0.0633476058089348,
0.997991523430072));
#10657=DIRECTION('ref_axis',(-2.2159863353856E-16,0.997991523430072,0.0633476058089348));
#10658=DIRECTION('center_axis',(1.6880088625508E-16,-0.760211608438188,
0.649675542402377));
#10659=DIRECTION('ref_axis',(-1.44256949142191E-16,0.649675542402377,0.760211608438188));
#10660=DIRECTION('center_axis',(1.53073577206767E-16,-0.689382105268665,
0.724397896832496));
#10661=DIRECTION('ref_axis',(-1.60848644810695E-16,0.724397896832496,0.689382105268665));
#10662=DIRECTION('',(-1.,-2.22044604925031E-16,0.));
#10663=DIRECTION('center_axis',(-3.15598800450624E-17,0.142133064010801,
0.989847560038869));
#10664=DIRECTION('ref_axis',(-2.19790310404837E-16,0.989847560038869,-0.142133064010801));
#10665=DIRECTION('',(-1.,-2.22044604925031E-16,0.));
#10666=DIRECTION('',(-1.,-2.22044604925031E-16,0.));
#10667=DIRECTION('center_axis',(3.15602047276534E-17,-0.142134526251196,
0.989847350073408));
#10668=DIRECTION('ref_axis',(-2.19790263783139E-16,0.989847350073408,0.142134526251196));
#10669=DIRECTION('',(1.,2.22044604925031E-16,0.));
#10670=DIRECTION('center_axis',(-1.5307333959485E-16,0.689381035159723,
0.724398915213233));
#10671=DIRECTION('ref_axis',(-1.60848870936643E-16,0.724398915213233,-0.689381035159723));
#10672=DIRECTION('',(-1.,-2.22044604925031E-16,0.));
#10673=DIRECTION('center_axis',(-1.,-2.22044604925031E-16,0.));
#10674=DIRECTION('ref_axis',(-2.71926214689378E-32,1.22464679914735E-16,
-1.));
#10675=DIRECTION('',(-1.,-2.22044604925031E-16,0.));
#10676=DIRECTION('',(-1.,-2.22044604925031E-16,0.));
#10677=DIRECTION('center_axis',(-1.68800673153031E-16,0.76021064871188,
0.649676665415237));
#10678=DIRECTION('ref_axis',(-1.44257198501138E-16,0.649676665415237,-0.76021064871188));
#10679=DIRECTION('center_axis',(-1.40656667508269E-17,0.0633461315377418,
0.997991617008481));
#10680=DIRECTION('ref_axis',(-2.21598654317141E-16,0.997991617008481,-0.0633461315377418));
#10681=DIRECTION('center_axis',(-1.,-2.22044604925031E-16,0.));
#10682=DIRECTION('ref_axis',(-2.71926214689378E-32,1.22464679914735E-16,
-1.));
#10683=DIRECTION('',(-1.,-2.22044604925031E-16,0.));
#10684=DIRECTION('',(-1.,-2.22044604925031E-16,0.));
#10685=DIRECTION('center_axis',(-1.82738677583108E-16,0.822981840269464,
0.568067681343242));
#10686=DIRECTION('ref_axis',(-1.26136363874539E-16,0.568067681343242,-0.822981840269464));
#10687=DIRECTION('center_axis',(-3.67761115686697E-17,0.165624882356797,
0.986188824893234));
#10688=DIRECTION('ref_axis',(-2.18977908004899E-16,0.986188824893234,-0.165624882356797));
#10689=DIRECTION('center_axis',(-1.,-2.22044604925031E-16,0.));
#10690=DIRECTION('ref_axis',(-2.71926214689378E-32,1.22464679914735E-16,
-1.));
#10691=DIRECTION('',(-1.,-2.22044604925031E-16,0.));
#10692=DIRECTION('',(-1.,-2.22044604925031E-16,0.));
#10693=DIRECTION('center_axis',(-1.94739606570753E-16,0.877029219586322,
0.480437038530344));
#10694=DIRECTION('ref_axis',(-1.06678452411822E-16,0.480437038530344,-0.877029219586322));
#10695=DIRECTION('center_axis',(-5.90967204550609E-17,0.266147968220231,
0.963932185899114));
#10696=DIRECTION('ref_axis',(-2.1403594139249E-16,0.963932185899114,-0.266147968220231));
#10697=DIRECTION('center_axis',(-1.,-2.22044604925031E-16,0.));
#10698=DIRECTION('ref_axis',(-2.71926214689378E-32,1.22464679914735E-16,
-1.));
#10699=DIRECTION('',(-1.,-2.22044604925031E-16,0.));
#10700=DIRECTION('',(-1.,-2.22044604925031E-16,0.));
#10701=DIRECTION('center_axis',(-2.04676247283216E-16,0.921779870996285,
0.387713643590308));
#10702=DIRECTION('ref_axis',(-8.60897228150544E-17,0.387713643590308,-0.921779870996285));
#10703=DIRECTION('center_axis',(-8.07908894030887E-17,0.363849819410681,
0.93145762593626));
#10704=DIRECTION('ref_axis',(-2.06825140555425E-16,0.931457625936261,-0.363849819410681));
#10705=DIRECTION('center_axis',(-1.,-2.22044604925031E-16,0.));
#10706=DIRECTION('ref_axis',(-2.71926214689378E-32,1.22464679914735E-16,
-1.));
#10707=DIRECTION('',(-1.,-2.22044604925031E-16,0.));
#10708=DIRECTION('',(-1.,-2.22044604925031E-16,0.));
#10709=DIRECTION('center_axis',(-2.12443268856999E-16,0.956759426461751,
0.290880387576373));
#10710=DIRECTION('ref_axis',(-6.45884207398357E-17,0.290880387576373,-0.956759426461751));
#10711=DIRECTION('center_axis',(-1.01628654825028E-16,0.457694772000161,
0.889109383419004));
#10712=DIRECTION('ref_axis',(-1.97421941776411E-16,0.889109383419004,-0.457694772000161));
#10713=DIRECTION('center_axis',(-1.,-2.22044604925031E-16,0.));
#10714=DIRECTION('ref_axis',(-2.71926214689378E-32,1.22464679914735E-16,
-1.));
#10715=DIRECTION('',(-1.,-2.22044604925031E-16,0.));
#10716=DIRECTION('',(-1.,-2.22044604925031E-16,0.));
#10717=DIRECTION('center_axis',(-2.17958338931211E-16,0.981597093992894,
0.190963727091575));
#10718=DIRECTION('ref_axis',(-4.24024653370603E-17,0.190963727091575,-0.981597093992894));
#10719=DIRECTION('center_axis',(-1.21389131223578E-16,0.546688046145333,
0.837336360253034));
#10720=DIRECTION('ref_axis',(-1.85926021301749E-16,0.837336360253034,-0.546688046145333));
#10721=DIRECTION('center_axis',(-1.,-2.22044604925031E-16,0.));
#10722=DIRECTION('ref_axis',(-2.71926214689378E-32,1.22464679914735E-16,
-1.));
#10723=DIRECTION('',(-1.,-2.22044604925031E-16,0.));
#10724=DIRECTION('',(-1.,-2.22044604925031E-16,0.));
#10725=DIRECTION('center_axis',(-2.21162996391077E-16,0.996029588134996,
0.0890228035934035));
#10726=DIRECTION('ref_axis',(-1.97670332532159E-17,0.0890228035934035,-0.996029588134996));
#10727=DIRECTION('center_axis',(-1.39862852633084E-16,0.629886291001331,
0.776687363363527));
#10728=DIRECTION('ref_axis',(-1.72459238748319E-16,0.776687363363527,-0.629886291001331));
#10729=DIRECTION('center_axis',(-1.,-2.22044604925031E-16,0.));
#10730=DIRECTION('ref_axis',(-2.71926214689378E-32,1.22464679914735E-16,
-1.));
#10731=DIRECTION('',(-1.,-2.22044604925031E-16,0.));
#10732=DIRECTION('',(-1.,-2.22044604925031E-16,0.));
#10733=DIRECTION('center_axis',(-2.22023271070297E-16,0.999903920859768,
-0.0138617837691344));
#10734=DIRECTION('ref_axis',(3.07793430057367E-18,-0.0138617837691344,-0.999903920859768));
#10735=DIRECTION('center_axis',(-1.56853993010882E-16,0.706407584475384,
0.707805287205213));
#10736=DIRECTION('ref_axis',(-1.5716434536133E-16,0.707805287205213,-0.706407584475384));
#10737=DIRECTION('center_axis',(-1.,-2.22044604925031E-16,0.));
#10738=DIRECTION('ref_axis',(-2.71926214689378E-32,1.22464679914735E-16,
-1.));
#10739=DIRECTION('',(-1.,-2.22044604925031E-16,0.));
#10740=DIRECTION('center_axis',(-1.,-2.22044604925031E-16,0.));
#10741=DIRECTION('ref_axis',(-2.1319609936823E-16,0.960149873671604,0.2794856348516));
#10742=DIRECTION('',(-1.,-2.22044604925031E-16,0.));
#10743=DIRECTION('center_axis',(-2.2053004384326E-16,0.993179023276507,
-0.116599432775312));
#10744=DIRECTION('ref_axis',(2.58902749850769E-17,-0.116599432775312,-0.993179023276507));
#10745=DIRECTION('',(2.58902749850769E-17,-0.116599432775312,-0.993179023276507));
#10746=DIRECTION('center_axis',(-1.72182442042069E-16,0.775440781820402,
0.63142029892122));
#10747=DIRECTION('ref_axis',(-1.40203470815608E-16,0.63142029892122,-0.775440781820402));
#10748=DIRECTION('',(-1.40203470815608E-16,0.63142029892122,-0.775440781820402));
#10749=DIRECTION('center_axis',(-1.,-2.22044604925031E-16,0.));
#10750=DIRECTION('ref_axis',(-2.1319609936823E-16,0.960149873671604,0.2794856348516));
#10751=DIRECTION('center_axis',(-1.,-2.22044604925031E-16,0.));
#10752=DIRECTION('ref_axis',(-2.71926214689378E-32,1.22464679914735E-16,
-1.));
#10753=DIRECTION('',(-1.,-2.22044604925031E-16,0.));
#10754=DIRECTION('center_axis',(-1.,-2.22044604925031E-16,0.));
#10755=DIRECTION('ref_axis',(-2.18447027483197E-16,0.983797951573518,0.179280758810726));
#10756=DIRECTION('',(-1.,-2.22044604925031E-16,0.));
#10757=DIRECTION('center_axis',(-2.16699143290045E-16,0.975926180972552,
-0.218101098787535));
#10758=DIRECTION('ref_axis',(4.84281723139934E-17,-0.218101098787535,-0.975926180972552));
#10759=DIRECTION('',(4.84281723139934E-17,-0.218101098787535,-0.975926180972552));
#10760=DIRECTION('center_axis',(-1.85685714353641E-16,0.836254113971084,
0.548342098389716));
#10761=DIRECTION('ref_axis',(-1.21756404600707E-16,0.548342098389716,-0.836254113971084));
#10762=DIRECTION('',(-1.21756404600707E-16,0.548342098389716,-0.836254113971084));
#10763=DIRECTION('center_axis',(-1.,-2.22044604925031E-16,0.));
#10764=DIRECTION('ref_axis',(-2.18447027483197E-16,0.983797951573518,0.179280758810726));
#10765=DIRECTION('center_axis',(-1.,-2.22044604925031E-16,0.));
#10766=DIRECTION('ref_axis',(-2.71926214689378E-32,1.22464679914735E-16,
-1.));
#10767=DIRECTION('',(-1.,-2.22044604925031E-16,0.));
#10768=DIRECTION('center_axis',(-1.,-2.22044604925031E-16,0.));
#10769=DIRECTION('ref_axis',(-2.21382362763595E-16,0.997017526448527,0.0771754621266359));
#10770=DIRECTION('',(-1.,-2.22044604925031E-16,0.));
#10771=DIRECTION('center_axis',(-2.10571177909531E-16,0.94832827836833,
-0.317290838895421));
#10772=DIRECTION('ref_axis',(7.04527189688655E-17,-0.317290838895421,-0.94832827836833));
#10773=DIRECTION('',(7.04527189688655E-17,-0.317290838895421,-0.94832827836833));
#10774=DIRECTION('center_axis',(-1.97220671899878E-16,0.888202944478049,
0.459451335203766));
#10775=DIRECTION('ref_axis',(-1.02018690207598E-16,0.459451335203766,-0.888202944478049));
#10776=DIRECTION('',(-1.02018690207598E-16,0.459451335203766,-0.888202944478049));
#10777=DIRECTION('center_axis',(-1.,-2.22044604925031E-16,0.));
#10778=DIRECTION('ref_axis',(-2.21382362763595E-16,0.997017526448528,0.0771754621266359));
#10779=DIRECTION('center_axis',(-1.,-2.22044604925031E-16,0.));
#10780=DIRECTION('ref_axis',(-2.71926214689378E-32,1.22464679914735E-16,
-1.));
#10781=DIRECTION('',(-1.,-2.22044604925031E-16,0.));
#10782=DIRECTION('center_axis',(-1.,-2.22044604925031E-16,0.));
#10783=DIRECTION('ref_axis',(-2.21970989925227E-16,0.999668467514313,-0.0257479136549991));
#10784=DIRECTION('',(-1.,-2.22044604925031E-16,0.));
#10785=DIRECTION('center_axis',(-2.02211105659211E-16,0.910677860096998,
-0.413117217178312));
#10786=DIRECTION('ref_axis',(9.17304492760866E-17,-0.413117217178312,-0.910677860096998));
#10787=DIRECTION('',(9.17304492760866E-17,-0.413117217178312,-0.910677860096998));
#10788=DIRECTION('center_axis',(-2.06665041261227E-16,0.93073660281457,
0.36569027356657));
#10789=DIRECTION('ref_axis',(-8.11995523190157E-17,0.36569027356657,-0.93073660281457));
#10790=DIRECTION('',(-8.11995523190157E-17,0.36569027356657,-0.93073660281457));
#10791=DIRECTION('center_axis',(-1.,-2.22044604925031E-16,0.));
#10792=DIRECTION('ref_axis',(-2.21970989925227E-16,0.999668467514313,-0.0257479136549992));
#10793=DIRECTION('center_axis',(-1.,-2.22044604925031E-16,0.));
#10794=DIRECTION('ref_axis',(-2.71926214689378E-32,1.22464679914735E-16,
-1.));
#10795=DIRECTION('',(-1.,-2.22044604925031E-16,0.));
#10796=DIRECTION('center_axis',(-1.,-2.22044604925031E-16,0.));
#10797=DIRECTION('ref_axis',(-2.20206669373746E-16,0.9917226741361,-0.128398355146562));
#10798=DIRECTION('',(-1.,-2.22044604925031E-16,0.));
#10799=DIRECTION('center_axis',(-1.9170754538468E-16,0.863374029958558,
-0.504564450187603));
#10800=DIRECTION('ref_axis',(1.12035814001122E-16,-0.504564450187603,-0.863374029958558));
#10801=DIRECTION('',(1.12035814001122E-16,-0.504564450187603,-0.863374029958558));
#10802=DIRECTION('center_axis',(-2.13918709772975E-16,0.963404221621147,
0.268052804056499));
#10803=DIRECTION('ref_axis',(-5.95196789757721E-17,0.268052804056499,-0.963404221621147));
#10804=DIRECTION('',(-5.95196789757721E-17,0.268052804056499,-0.963404221621147));
#10805=DIRECTION('center_axis',(-1.,-2.22044604925031E-16,0.));
#10806=DIRECTION('ref_axis',(-2.20206669373746E-16,0.9917226741361,-0.128398355146562));
#10807=DIRECTION('center_axis',(-1.,-2.22044604925031E-16,0.));
#10808=DIRECTION('ref_axis',(-2.71926214689378E-32,1.22464679914735E-16,
-1.));
#10809=DIRECTION('',(-1.,-2.22044604925031E-16,0.));
#10810=DIRECTION('center_axis',(-1.,-2.22044604925031E-16,0.));
#10811=DIRECTION('ref_axis',(-2.16108103345909E-16,0.97326437370038,-0.229687742131806));
#10812=DIRECTION('',(-1.,-2.22044604925031E-16,0.));
#10813=DIRECTION('center_axis',(-1.79171837437828E-16,0.806918220320291,
-0.590663174503993));
#10814=DIRECTION('ref_axis',(1.31153571226504E-16,-0.590663174503993,-0.806918220320291));
#10815=DIRECTION('',(1.31153571226504E-16,-0.590663174503993,-0.806918220320291));
#10816=DIRECTION('center_axis',(-2.18904786744396E-16,0.98585951601168,
0.167573908139712));
#10817=DIRECTION('ref_axis',(-3.72088822286258E-17,0.167573908139712,-0.98585951601168));
#10818=DIRECTION('',(-3.72088822286258E-17,0.167573908139712,-0.98585951601168));
#10819=DIRECTION('center_axis',(-1.,-2.22044604925031E-16,0.));
#10820=DIRECTION('ref_axis',(-2.16108103345909E-16,0.97326437370038,-0.229687742131806));
#10821=DIRECTION('center_axis',(-1.,-2.22044604925031E-16,0.));
#10822=DIRECTION('ref_axis',(-2.71926214689378E-32,1.22464679914735E-16,
-1.));
#10823=DIRECTION('',(-1.,-2.22044604925031E-16,0.));
#10824=DIRECTION('center_axis',(-1.,-2.22044604925031E-16,0.));
#10825=DIRECTION('ref_axis',(-2.09718737661215E-16,0.944489228783658,-0.328542381910845));
#10826=DIRECTION('',(-1.,-2.22044604925031E-16,0.));
#10827=DIRECTION('center_axis',(-1.6473686344141E-16,0.74190887680892,-0.670500722230877));
#10828=DIRECTION('ref_axis',(1.48881067969703E-16,-0.670500722230877,-0.74190887680892));
#10829=DIRECTION('',(1.48881067969703E-16,-0.670500722230877,-0.74190887680892));
#10830=DIRECTION('center_axis',(-2.21570418519203E-16,0.997864454279407,
0.0653186871091455));
#10831=DIRECTION('ref_axis',(-1.45036620733719E-17,0.0653186871091455,-0.997864454279406));
#10832=DIRECTION('',(-1.45036620733719E-17,0.0653186871091455,-0.997864454279406));
#10833=DIRECTION('center_axis',(-1.,-2.22044604925031E-16,0.));
#10834=DIRECTION('ref_axis',(-2.09718737661215E-16,0.944489228783658,-0.328542381910845));
#10835=DIRECTION('center_axis',(-1.,-2.22044604925031E-16,0.));
#10836=DIRECTION('ref_axis',(-2.71926214689378E-32,1.22464679914735E-16,
-1.));
#10837=DIRECTION('',(-1.,-2.22044604925031E-16,0.));
#10838=DIRECTION('center_axis',(-1.,-2.22044604925031E-16,0.));
#10839=DIRECTION('ref_axis',(-2.01106301185409E-16,0.905702263080467,-0.423914390709871));
#10840=DIRECTION('',(-1.,-2.22044604925031E-16,0.));
#10841=DIRECTION('center_axis',(-1.48555637710788E-16,0.669035114638093,
-0.743230795501097));
#10842=DIRECTION('ref_axis',(1.65030388355158E-16,-0.743230795501097,-0.669035114638093));
#10843=DIRECTION('',(1.65030388355158E-16,-0.743230795501097,-0.669035114638093));
#10844=DIRECTION('center_axis',(-2.21887348737451E-16,0.999291781092211,
-0.0376289282541613));
#10845=DIRECTION('ref_axis',(8.3553005079476E-18,-0.0376289282541613,-0.999291781092211));
#10846=DIRECTION('',(8.3553005079476E-18,-0.0376289282541613,-0.999291781092211));
#10847=DIRECTION('center_axis',(-1.,-2.22044604925031E-16,0.));
#10848=DIRECTION('ref_axis',(-2.01106301185409E-16,0.905702263080467,-0.423914390709871));
#10849=DIRECTION('center_axis',(-1.,-2.22044604925031E-16,0.));
#10850=DIRECTION('ref_axis',(-2.71926214689378E-32,1.22464679914735E-16,
-1.));
#10851=DIRECTION('',(-1.,-2.22044604925031E-16,0.));
#10852=DIRECTION('center_axis',(-1.,-2.22044604925031E-16,0.));
#10853=DIRECTION('ref_axis',(-1.90362087887658E-16,0.857314628076326,-0.514792801509841));
#10854=DIRECTION('',(-1.,-2.22044604925031E-16,0.));
#10855=DIRECTION('center_axis',(-1.30799685264124E-16,0.589069413815687,
-0.808082437444871));
#10856=DIRECTION('ref_axis',(1.79430345569303E-16,-0.808082437444871,-0.589069413815687));
#10857=DIRECTION('',(1.79430345569303E-16,-0.808082437444871,-0.589069413815687));
#10858=DIRECTION('center_axis',(-2.19852217859984E-16,0.9901263664308,-0.140177667616995));
#10859=DIRECTION('ref_axis',(3.1125694825328E-17,-0.140177667616995,-0.9901263664308));
#10860=DIRECTION('',(3.11256948253279E-17,-0.140177667616995,-0.9901263664308));
#10861=DIRECTION('center_axis',(-1.,-2.22044604925031E-16,0.));
#10862=DIRECTION('ref_axis',(-1.90362087887658E-16,0.857314628076327,-0.514792801509841));
#10863=DIRECTION('center_axis',(-1.,-2.22044604925031E-16,0.));
#10864=DIRECTION('ref_axis',(-2.71926214689378E-32,1.22464679914735E-16,
-1.));
#10865=DIRECTION('',(-1.,-2.22044604925031E-16,0.));
#10866=DIRECTION('center_axis',(-1.,-2.22044604925031E-16,0.));
#10867=DIRECTION('ref_axis',(-1.77599989101765E-16,0.799839244739713,-0.600214280548377));
#10868=DIRECTION('',(-1.,-2.22044604925031E-16,0.));
#10869=DIRECTION('center_axis',(-1.11657223614515E-16,0.502859430663552,
-0.864368204524396));
#10870=DIRECTION('ref_axis',(1.91928296483378E-16,-0.864368204524396,-0.502859430663552));
#10871=DIRECTION('',(1.91928296483378E-16,-0.864368204524396,-0.502859430663552));
#10872=DIRECTION('center_axis',(-2.15486598780384E-16,0.970465365970673,
-0.241240488830974));
#10873=DIRECTION('ref_axis',(5.35661490343951E-17,-0.241240488830974,-0.970465365970673));
#10874=DIRECTION('',(5.35661490343951E-17,-0.241240488830974,-0.970465365970673));
#10875=DIRECTION('center_axis',(-1.,-2.22044604925031E-16,0.));
#10876=DIRECTION('ref_axis',(-1.77599989101765E-16,0.799839244739712,-0.600214280548377));
#10877=DIRECTION('center_axis',(-1.,-2.22044604925031E-16,0.));
#10878=DIRECTION('ref_axis',(-2.71926214689378E-32,1.22464679914735E-16,
-1.));
#10879=DIRECTION('',(-1.,-2.22044604925031E-16,0.));
#10880=DIRECTION('center_axis',(-1.,-2.22044604925031E-16,0.));
#10881=DIRECTION('ref_axis',(-1.62955286249698E-16,0.733885366432191,-0.679273338897302));
#10882=DIRECTION('',(-1.,-2.22044604925031E-16,0.));
#10883=DIRECTION('center_axis',(-9.13311676175321E-17,0.41131901244963,
-0.911491453606374));
#10884=DIRECTION('ref_axis',(2.0239175970857E-16,-0.911491453606374,-0.41131901244963));
#10885=DIRECTION('',(2.0239175970857E-16,-0.911491453606374,-0.41131901244963));
#10886=DIRECTION('center_axis',(-2.08836768146934E-16,0.94051719120779,
-0.339746100849751));
#10887=DIRECTION('ref_axis',(7.54387887380028E-17,-0.339746100849751,-0.94051719120779));
#10888=DIRECTION('',(7.54387887380028E-17,-0.339746100849751,-0.94051719120779));
#10889=DIRECTION('center_axis',(-1.,-2.22044604925031E-16,0.));
#10890=DIRECTION('ref_axis',(-1.62955286249698E-16,0.733885366432191,-0.679273338897302));
#10891=DIRECTION('center_axis',(-1.,-2.22044604925031E-16,0.));
#10892=DIRECTION('ref_axis',(-2.71926214689378E-32,1.22464679914735E-16,
-1.));
#10893=DIRECTION('',(-1.,-2.22044604925031E-16,0.));
#10894=DIRECTION('center_axis',(-1.,-2.22044604925031E-16,0.));
#10895=DIRECTION('ref_axis',(-1.46583216824863E-16,0.660152120671223,-0.751131930870528));
#10896=DIRECTION('',(-1.,-2.22044604925031E-16,0.));
#10897=DIRECTION('center_axis',(-7.00369785232741E-17,0.315418510379573,
-0.948952666527647));
#10898=DIRECTION('ref_axis',(2.10709819931686E-16,-0.948952666527647,-0.315418510379573));
#10899=DIRECTION('',(2.10709819931686E-16,-0.948952666527647,-0.315418510379573));
#10900=DIRECTION('center_axis',(-1.99973215818632E-16,0.90059930024487,
-0.434650319680604));
#10901=DIRECTION('ref_axis',(9.65117585140182E-17,-0.434650319680604,-0.90059930024487));
#10902=DIRECTION('',(9.65117585140181E-17,-0.434650319680603,-0.90059930024487));
#10903=DIRECTION('center_axis',(-1.,-2.22044604925031E-16,0.));
#10904=DIRECTION('ref_axis',(-1.46583216824863E-16,0.660152120671223,-0.751131930870528));
#10905=DIRECTION('center_axis',(-1.,-2.22044604925031E-16,0.));
#10906=DIRECTION('ref_axis',(-2.71926214689378E-32,1.22464679914735E-16,
-1.));
#10907=DIRECTION('',(-1.,-2.22044604925031E-16,0.));
#10908=DIRECTION('center_axis',(-1.,-2.22044604925031E-16,0.));
#10909=DIRECTION('ref_axis',(-1.28657328836058E-16,0.579421098204554,-0.815028337516818));
#10910=DIRECTION('',(-1.,-2.22044604925031E-16,0.));
#10911=DIRECTION('center_axis',(-4.80003800335127E-17,0.21617449363257,
-0.976354745111991));
#10912=DIRECTION('ref_axis',(2.16794303645072E-16,-0.976354745111991,-0.21617449363257));
#10913=DIRECTION('',(2.16794303645072E-16,-0.976354745111991,-0.21617449363257));
#10914=DIRECTION('center_axis',(-1.88989897655151E-16,0.851134832656526,
-0.524947136994524));
#10915=DIRECTION('ref_axis',(1.16561679640475E-16,-0.524947136994525,-0.851134832656526));
#10916=DIRECTION('',(1.16561679640475E-16,-0.524947136994524,-0.851134832656526));
#10917=DIRECTION('center_axis',(-1.,-2.22044604925031E-16,0.));
#10918=DIRECTION('ref_axis',(-1.28657328836058E-16,0.579421098204554,-0.815028337516818));
#10919=DIRECTION('center_axis',(-1.,-2.22044604925031E-16,0.));
#10920=DIRECTION('ref_axis',(-2.71926214689378E-32,1.22464679914735E-16,
-1.));
#10921=DIRECTION('',(-1.,-2.22044604925031E-16,0.));
#10922=DIRECTION('center_axis',(-1.,-2.22044604925031E-16,0.));
#10923=DIRECTION('ref_axis',(-1.09367641155401E-16,0.492548067953854,-0.870285241030161));
#10924=DIRECTION('',(-1.,-2.22044604925031E-16,0.));
#10925=DIRECTION('center_axis',(-2.54549655743021E-17,0.114638973475156,
-0.993407220509577));
#10926=DIRECTION('ref_axis',(2.20580713807722E-16,-0.993407220509577,-0.114638973475156));
#10927=DIRECTION('',(2.20580713807722E-16,-0.993407220509577,-0.114638973475156));
#10928=DIRECTION('center_axis',(-1.76003239561353E-16,0.792648124104511,
-0.609679384064773));
#10929=DIRECTION('ref_axis',(1.35376017965599E-16,-0.609679384064773,-0.792648124104511));
#10930=DIRECTION('',(1.35376017965599E-16,-0.609679384064773,-0.792648124104511));
#10931=DIRECTION('center_axis',(-1.,-2.22044604925031E-16,0.));
#10932=DIRECTION('ref_axis',(-1.09367641155401E-16,0.492548067953854,-0.870285241030161));
#10933=DIRECTION('center_axis',(-1.,-2.22044604925031E-16,0.));
#10934=DIRECTION('ref_axis',(-2.71926214689378E-32,1.22464679914735E-16,
-1.));
#10935=DIRECTION('',(-1.,-2.22044604925031E-16,0.));
#10936=DIRECTION('center_axis',(-1.,-2.22044604925031E-16,0.));
#10937=DIRECTION('ref_axis',(-8.89186292710187E-17,0.400453905651255,-0.91631690448701));
#10938=DIRECTION('',(-1.,-2.22044604925031E-16,0.));
#10939=DIRECTION('center_axis',(-2.63972214755118E-18,0.0118882516800731,
-0.999929332239029));
#10940=DIRECTION('ref_axis',(2.22028913529966E-16,-0.999929332239029,-0.0118882516800731));
#10941=DIRECTION('',(2.22028913529966E-16,-0.999929332239029,-0.0118882516800731));
#10942=DIRECTION('center_axis',(-1.61150903343735E-16,0.725759148249262,
-0.687948877993493));
#10943=DIRECTION('ref_axis',(1.52755336822684E-16,-0.687948877993493,-0.725759148249262));
#10944=DIRECTION('',(1.52755336822684E-16,-0.687948877993492,-0.725759148249262));
#10945=DIRECTION('center_axis',(-1.,-2.22044604925031E-16,0.));
#10946=DIRECTION('ref_axis',(-8.89186292710187E-17,0.400453905651255,-0.91631690448701));
#10947=DIRECTION('center_axis',(-1.,-2.22044604925031E-16,0.));
#10948=DIRECTION('ref_axis',(-2.71926214689378E-32,1.22464679914735E-16,
-1.));
#10949=DIRECTION('',(-1.,-2.22044604925031E-16,0.));
#10950=DIRECTION('center_axis',(-1.,-2.22044604925031E-16,0.));
#10951=DIRECTION('ref_axis',(-6.7527057796003E-17,0.304114832327505,-0.952635380803387));
#10952=DIRECTION('',(-1.,-2.22044604925031E-16,0.));
#10953=DIRECTION('center_axis',(2.02035029906498E-17,-0.0909884885402692,
-0.995851944293507));
#10954=DIRECTION('ref_axis',(2.21123551534476E-16,-0.995851944293507,0.0909884885402692));
#10955=DIRECTION('',(2.21123551534476E-16,-0.995851944293507,0.0909884885402692));
#10956=DIRECTION('center_axis',(-1.4459032746103E-16,0.651176944874871,
-0.758925942673874));
#10957=DIRECTION('ref_axis',(1.68515411108377E-16,-0.758925942673874,-0.651176944874871));
#10958=DIRECTION('',(1.68515411108377E-16,-0.758925942673874,-0.651176944874871));
#10959=DIRECTION('center_axis',(-1.,-2.22044604925031E-16,0.));
#10960=DIRECTION('ref_axis',(-6.7527057796003E-17,0.304114832327505,-0.952635380803387));
#10961=DIRECTION('center_axis',(-1.,-2.22044604925031E-16,0.));
#10962=DIRECTION('ref_axis',(-2.71926214689378E-32,1.22464679914735E-16,
-1.));
#10963=DIRECTION('',(-1.,-2.22044604925031E-16,0.));
#10964=DIRECTION('center_axis',(-1.,-2.22044604925031E-16,0.));
#10965=DIRECTION('ref_axis',(-4.54196827095882E-17,0.204552066126187,-0.978855685095361));
#10966=DIRECTION('',(-1.,-2.22044604925031E-16,0.));
#10967=DIRECTION('center_axis',(4.28325659711077E-17,-0.192900728146803,
-0.981218277999566));
#10968=DIRECTION('ref_axis',(2.17874224883633E-16,-0.981218277999566,0.192900728146803));
#10969=DIRECTION('',(2.17874224883633E-16,-0.981218277999566,0.192900728146803));
#10970=DIRECTION('center_axis',(-1.26497058137383E-16,0.569692103890983,
-0.821858203563282));
#10971=DIRECTION('ref_axis',(1.82489180114605E-16,-0.821858203563282,-0.569692103890983));
#10972=DIRECTION('',(1.82489180114605E-16,-0.821858203563282,-0.569692103890983));
#10973=DIRECTION('center_axis',(-1.,-2.22044604925031E-16,0.));
#10974=DIRECTION('ref_axis',(-4.54196827095882E-17,0.204552066126188,-0.978855685095361));
#10975=DIRECTION('center_axis',(-1.,-2.22044604925031E-16,0.));
#10976=DIRECTION('ref_axis',(-2.71926214689378E-32,1.22464679914735E-16,
-1.));
#10977=DIRECTION('',(-1.,-2.22044604925031E-16,0.));
#10978=DIRECTION('center_axis',(-1.,-2.22044604925031E-16,0.));
#10979=DIRECTION('ref_axis',(-2.283084768736E-17,0.102820997137347,-0.994699875614591));
#10980=DIRECTION('',(-1.,-2.22044604925031E-16,0.));
#10981=DIRECTION('center_axis',(6.50075930967792E-17,-0.292768172046908,
-0.956183453860352));
#10982=DIRECTION('ref_axis',(2.12315377248274E-16,-0.956183453860352,0.292768172046908));
#10983=DIRECTION('',(2.12315377248274E-16,-0.956183453860352,0.292768172046908));
#10984=DIRECTION('center_axis',(-1.07062888528704E-16,0.482168384883078,
-0.876078563040578));
#10985=DIRECTION('ref_axis',(1.94528518413634E-16,-0.876078563040578,-0.482168384883078));
#10986=DIRECTION('',(1.94528518413634E-16,-0.876078563040578,-0.482168384883078));
#10987=DIRECTION('center_axis',(-1.,-2.22044604925031E-16,0.));
#10988=DIRECTION('ref_axis',(-2.28308476873599E-17,0.102820997137347,-0.994699875614591));
#10989=DIRECTION('center_axis',(1.7711695827449E-16,-0.79766386728599,0.603102275593749));
#10990=DIRECTION('ref_axis',(-1.33915606513601E-16,0.603102275593749,0.79766386728599));
#10991=DIRECTION('',(-1.,-2.22044604925031E-16,0.));
#10992=DIRECTION('',(-1.,-2.22044604925031E-16,0.));
#10993=DIRECTION('center_axis',(6.1408260330124E-17,-0.276558218340217,
-0.960997165380047));
#10994=DIRECTION('ref_axis',(2.13384235920887E-16,-0.960997165380047,0.276558218340217));
#10995=DIRECTION('',(-1.,-2.22044604925031E-16,0.));
#10996=DIRECTION('center_axis',(-2.21205519785025E-16,0.996221096476135,
0.0868534796993565));
#10997=DIRECTION('ref_axis',(-1.92853465862078E-17,0.0868534796993565,-0.996221096476135));
#10998=DIRECTION('',(-1.,-2.22044604925031E-16,0.));
#10999=DIRECTION('center_axis',(6.1408260330124E-17,-0.276558218340217,
-0.960997165380047));
#11000=DIRECTION('ref_axis',(2.13384235920887E-16,-0.960997165380047,0.276558218340217));
#11001=DIRECTION('',(-1.,-2.22044604925031E-16,0.));
#11002=DIRECTION('center_axis',(1.7711695827449E-16,-0.797663867285989,
0.603102275593751));
#11003=DIRECTION('ref_axis',(-1.33915606513602E-16,0.603102275593751,0.797663867285989));
#11004=DIRECTION('',(-1.,-2.22044604925031E-16,0.));
#11005=DIRECTION('center_axis',(6.1408260330124E-17,-0.276558218340217,
-0.960997165380047));
#11006=DIRECTION('ref_axis',(2.13384235920887E-16,-0.960997165380047,0.276558218340217));
#11007=DIRECTION('',(-1.,-2.22044604925031E-16,0.));
#11008=DIRECTION('center_axis',(2.21205519785025E-16,-0.996221096476135,
-0.0868534796993659));
#11009=DIRECTION('ref_axis',(1.92853465862099E-17,-0.0868534796993659,0.996221096476135));
#11010=DIRECTION('',(-1.,-2.22044604925031E-16,0.));
#11011=DIRECTION('center_axis',(6.1408260330124E-17,-0.276558218340217,
-0.960997165380047));
#11012=DIRECTION('ref_axis',(2.13384235920887E-16,-0.960997165380047,0.276558218340217));
#11013=DIRECTION('',(-1.,-2.22044604925031E-16,0.));
#11014=DIRECTION('center_axis',(1.7711695827449E-16,-0.797663867285991,
0.603102275593748));
#11015=DIRECTION('ref_axis',(-1.33915606513601E-16,0.603102275593748,0.797663867285991));
#11016=DIRECTION('',(-1.,-2.22044604925031E-16,0.));
#11017=DIRECTION('center_axis',(6.1408260330124E-17,-0.276558218340217,
-0.960997165380047));
#11018=DIRECTION('ref_axis',(2.13384235920887E-16,-0.960997165380047,0.276558218340217));
#11019=DIRECTION('',(-1.,-2.22044604925031E-16,0.));
#11020=DIRECTION('center_axis',(2.21205519785025E-16,-0.996221096476135,
-0.0868534796993664));
#11021=DIRECTION('ref_axis',(1.928534658621E-17,-0.0868534796993664,0.996221096476135));
#11022=DIRECTION('',(-1.,-2.22044604925031E-16,0.));
#11023=DIRECTION('center_axis',(6.1408260330124E-17,-0.276558218340217,
-0.960997165380047));
#11024=DIRECTION('ref_axis',(2.13384235920887E-16,-0.960997165380047,0.276558218340217));
#11025=DIRECTION('',(-1.,-2.22044604925031E-16,0.));
#11026=DIRECTION('center_axis',(-1.77116958274492E-16,0.797663867285998,
-0.603102275593739));
#11027=DIRECTION('ref_axis',(1.33915606513599E-16,-0.603102275593739,-0.797663867285998));
#11028=DIRECTION('',(-1.,-2.22044604925031E-16,0.));
#11029=DIRECTION('center_axis',(6.1408260330124E-17,-0.276558218340217,
-0.960997165380047));
#11030=DIRECTION('ref_axis',(2.13384235920887E-16,-0.960997165380047,0.276558218340217));
#11031=DIRECTION('',(-1.,-2.22044604925031E-16,0.));
#11032=DIRECTION('center_axis',(-2.21205519785025E-16,0.996221096476134,
0.0868534796993754));
#11033=DIRECTION('ref_axis',(-1.9285346586212E-17,0.0868534796993754,-0.996221096476134));
#11034=DIRECTION('',(-1.,-2.22044604925031E-16,0.));
#11035=DIRECTION('center_axis',(6.1408260330124E-17,-0.276558218340217,
-0.960997165380047));
#11036=DIRECTION('ref_axis',(2.13384235920887E-16,-0.960997165380047,0.276558218340217));
#11037=DIRECTION('',(-1.,-2.22044604925031E-16,0.));
#11038=DIRECTION('center_axis',(-6.14082603301273E-17,0.276558218340232,
0.960997165380042));
#11039=DIRECTION('ref_axis',(-2.13384235920886E-16,0.960997165380043,-0.276558218340232));
#11040=DIRECTION('',(-1.,-2.22044604925031E-16,0.));
#11041=DIRECTION('center_axis',(2.13384235920886E-16,-0.960997165380042,
0.276558218340234));
#11042=DIRECTION('ref_axis',(-6.14082603301277E-17,0.276558218340234,0.960997165380042));
#11043=DIRECTION('',(-1.,-2.22044604925031E-16,0.));
#11044=DIRECTION('center_axis',(6.1408260330124E-17,-0.276558218340217,
-0.960997165380047));
#11045=DIRECTION('ref_axis',(2.13384235920887E-16,-0.960997165380047,0.276558218340217));
#11046=DIRECTION('',(-1.,-2.22044604925031E-16,0.));
#11047=DIRECTION('center_axis',(2.21205519785025E-16,-0.996221096476134,
-0.0868534796993756));
#11048=DIRECTION('ref_axis',(1.92853465862121E-17,-0.0868534796993756,0.996221096476134));
#11049=DIRECTION('',(-1.,-2.22044604925031E-16,0.));
#11050=DIRECTION('center_axis',(6.1408260330124E-17,-0.276558218340217,
-0.960997165380047));
#11051=DIRECTION('ref_axis',(2.13384235920887E-16,-0.960997165380047,0.276558218340217));
#11052=DIRECTION('center_axis',(-6.14085725286646E-17,0.276559624357448,
-0.960996760751704));
#11053=DIRECTION('ref_axis',(2.13384146075347E-16,-0.960996760751704,-0.276559624357448));
#11054=DIRECTION('',(-1.,-2.22044604925031E-16,0.));
#11055=DIRECTION('',(-1.,-2.22044604925031E-16,0.));
#11056=DIRECTION('center_axis',(2.21205548000829E-16,-0.996221223548819,
0.0868520221462599));
#11057=DIRECTION('ref_axis',(-1.92850229444063E-17,0.0868520221462599,0.996221223548819));
#11058=DIRECTION('',(-1.,-2.22044604925031E-16,0.));
#11059=DIRECTION('center_axis',(-6.14085725286646E-17,0.276559624357448,
-0.960996760751704));
#11060=DIRECTION('ref_axis',(2.13384146075347E-16,-0.960996760751704,-0.276559624357448));
#11061=DIRECTION('',(-1.,-2.22044604925031E-16,0.));
#11062=DIRECTION('center_axis',(-2.13385921979774E-16,0.961004758714222,
0.276531831311733));
#11063=DIRECTION('ref_axis',(-6.14024012328091E-17,0.276531831311733,-0.961004758714222));
#11064=DIRECTION('',(-1.,-2.22044604925031E-16,0.));
#11065=DIRECTION('center_axis',(6.14085725286646E-17,-0.276559624357448,
0.960996760751704));
#11066=DIRECTION('ref_axis',(-2.13384146075347E-16,0.960996760751704,0.276559624357448));
#11067=DIRECTION('',(-1.,-2.22044604925031E-16,0.));
#11068=DIRECTION('center_axis',(-6.14085725286646E-17,0.276559624357448,
-0.960996760751704));
#11069=DIRECTION('ref_axis',(2.13384146075347E-16,-0.960996760751704,-0.276559624357448));
#11070=DIRECTION('',(-1.,-2.22044604925031E-16,0.));
#11071=DIRECTION('',(-1.,-2.22044604925031E-16,0.));
#11072=DIRECTION('center_axis',(-2.21205548000829E-16,0.996221223548819,
-0.0868520221462599));
#11073=DIRECTION('ref_axis',(1.92850229444063E-17,-0.0868520221462599,-0.996221223548819));
#11074=DIRECTION('',(-1.,-2.22044604925031E-16,0.));
#11075=DIRECTION('center_axis',(-6.14085725286646E-17,0.276559624357448,
-0.960996760751704));
#11076=DIRECTION('ref_axis',(2.13384146075347E-16,-0.960996760751704,-0.276559624357448));
#11077=DIRECTION('',(-1.,-2.22044604925031E-16,0.));
#11078=DIRECTION('center_axis',(1.77116762344804E-16,-0.79766298489713,
-0.603103442640647));
#11079=DIRECTION('ref_axis',(1.33915865650069E-16,-0.603103442640647,0.79766298489713));
#11080=DIRECTION('',(-1.,-2.22044604925031E-16,0.));
#11081=DIRECTION('center_axis',(-6.14085725286646E-17,0.276559624357448,
-0.960996760751704));
#11082=DIRECTION('ref_axis',(2.13384146075347E-16,-0.960996760751704,-0.276559624357448));
#11083=DIRECTION('',(-1.,-2.22044604925031E-16,0.));
#11084=DIRECTION('center_axis',(2.21205548000829E-16,-0.996221223548819,
0.0868520221462595));
#11085=DIRECTION('ref_axis',(-1.92850229444063E-17,0.0868520221462595,0.996221223548819));
#11086=DIRECTION('',(-1.,-2.22044604925031E-16,0.));
#11087=DIRECTION('center_axis',(-6.14085725286646E-17,0.276559624357448,
-0.960996760751704));
#11088=DIRECTION('ref_axis',(2.13384146075347E-16,-0.960996760751704,-0.276559624357448));
#11089=DIRECTION('',(-1.,-2.22044604925031E-16,0.));
#11090=DIRECTION('center_axis',(1.77116762344804E-16,-0.79766298489713,
-0.603103442640647));
#11091=DIRECTION('ref_axis',(1.33915865650069E-16,-0.603103442640647,0.79766298489713));
#11092=DIRECTION('',(-1.,-2.22044604925031E-16,0.));
#11093=DIRECTION('center_axis',(-6.14085725286646E-17,0.276559624357448,
-0.960996760751704));
#11094=DIRECTION('ref_axis',(2.13384146075347E-16,-0.960996760751704,-0.276559624357448));
#11095=DIRECTION('',(-1.,-2.22044604925031E-16,0.));
#11096=DIRECTION('center_axis',(-2.21205548000829E-16,0.996221223548819,
-0.0868520221462595));
#11097=DIRECTION('ref_axis',(1.92850229444063E-17,-0.0868520221462595,-0.996221223548819));
#11098=DIRECTION('',(-1.,-2.22044604925031E-16,0.));
#11099=DIRECTION('center_axis',(-6.14085725286646E-17,0.276559624357448,
-0.960996760751704));
#11100=DIRECTION('ref_axis',(2.13384146075347E-16,-0.960996760751704,-0.276559624357448));
#11101=DIRECTION('',(-1.,-2.22044604925031E-16,0.));
#11102=DIRECTION('center_axis',(1.77116762344804E-16,-0.79766298489713,
-0.603103442640647));
#11103=DIRECTION('ref_axis',(1.33915865650069E-16,-0.603103442640647,0.79766298489713));
#11104=DIRECTION('',(-1.,-2.22044604925031E-16,0.));
#11105=DIRECTION('center_axis',(-6.14085725286646E-17,0.276559624357448,
-0.960996760751704));
#11106=DIRECTION('ref_axis',(2.13384146075347E-16,-0.960996760751704,-0.276559624357448));
#11107=DIRECTION('',(-1.,-2.22044604925031E-16,0.));
#11108=DIRECTION('center_axis',(-2.21205548000829E-16,0.996221223548819,
-0.0868520221462604));
#11109=DIRECTION('ref_axis',(1.92850229444064E-17,-0.0868520221462604,-0.996221223548819));
#11110=DIRECTION('',(-1.,-2.22044604925031E-16,0.));
#11111=DIRECTION('center_axis',(-6.14085725286646E-17,0.276559624357448,
-0.960996760751704));
#11112=DIRECTION('ref_axis',(2.13384146075347E-16,-0.960996760751704,-0.276559624357448));
#11113=DIRECTION('',(-1.,-2.22044604925031E-16,0.));
#11114=DIRECTION('center_axis',(-1.77116762344805E-16,0.797662984897132,
0.603103442640645));
#11115=DIRECTION('ref_axis',(-1.33915865650068E-16,0.603103442640645,-0.797662984897132));
#11116=DIRECTION('center_axis',(-1.,-2.22044604925031E-16,0.));
#11117=DIRECTION('ref_axis',(-2.71926214689378E-32,1.22464679914735E-16,
-1.));
#11118=DIRECTION('center_axis',(-1.,-2.22044604925031E-16,0.));
#11119=DIRECTION('ref_axis',(-2.71926214689378E-32,1.22464679914735E-16,
-1.));
#11120=DIRECTION('center_axis',(-2.22044604925031E-16,1.,-2.46519032881566E-32));
#11121=DIRECTION('ref_axis',(6.84227765783602E-48,-3.08148791101958E-32,
-1.));
#11122=DIRECTION('center_axis',(2.71926214689378E-32,-1.22464679914735E-16,
1.));
#11123=DIRECTION('ref_axis',(-2.22044604925031E-16,1.,1.22464679914735E-16));
#11124=DIRECTION('',(1.,2.22044604925031E-16,0.));
#11125=DIRECTION('center_axis',(-2.22044604925031E-16,1.,2.79098853817833E-16));
#11126=DIRECTION('ref_axis',(-6.19723947310098E-32,2.79098853817833E-16,
-1.));
#11127=DIRECTION('center_axis',(2.22044604925031E-16,-1.,-2.79098853817833E-16));
#11128=DIRECTION('ref_axis',(6.19723947310098E-32,-2.79098853817833E-16,
1.));
#11129=DIRECTION('',(1.,2.22044604925031E-16,0.));
#11130=DIRECTION('center_axis',(2.71926214689378E-32,-1.22464679914735E-16,
1.));
#11131=DIRECTION('ref_axis',(-2.22044604925031E-16,1.,1.22464679914735E-16));
#11132=DIRECTION('center_axis',(2.22044604925031E-16,-1.,-2.79098853817833E-16));
#11133=DIRECTION('ref_axis',(6.19723947310098E-32,-2.79098853817833E-16,
1.));
#11134=DIRECTION('center_axis',(2.22044604925031E-16,-1.,-2.79098853817833E-16));
#11135=DIRECTION('ref_axis',(6.19723947310098E-32,-2.79098853817833E-16,
1.));
#11136=DIRECTION('center_axis',(2.22044604925031E-16,-1.,-2.79098853817833E-16));
#11137=DIRECTION('ref_axis',(6.19723947310098E-32,-2.79098853817833E-16,
1.));
#11138=DIRECTION('center_axis',(2.22044604925031E-16,-1.,-1.22464679914735E-16));
#11139=DIRECTION('ref_axis',(2.71926214689378E-32,-1.22464679914735E-16,
1.));
#11140=DIRECTION('',(1.,2.22044604925031E-16,0.));
#11141=DIRECTION('center_axis',(2.22044604925031E-16,-1.,-1.22464679914735E-16));
#11142=DIRECTION('ref_axis',(2.71926214689378E-32,-1.22464679914735E-16,
1.));
#11143=DIRECTION('',(1.,2.22044604925031E-16,0.));
#11144=DIRECTION('center_axis',(1.,2.22044604925031E-16,0.));
#11145=DIRECTION('ref_axis',(-5.15792812959475E-25,2.32292432024467E-9,
-1.));
#11146=DIRECTION('center_axis',(-2.22044604925031E-16,1.,1.22464679914735E-16));
#11147=DIRECTION('ref_axis',(-2.71926214689378E-32,1.22464679914735E-16,
-1.));
#11148=DIRECTION('',(1.,2.22044604925031E-16,0.));
#11149=DIRECTION('center_axis',(2.22044604925031E-16,-1.,-1.22464679914735E-16));
#11150=DIRECTION('ref_axis',(2.71926214689378E-32,-1.22464679914735E-16,
1.));
#11151=DIRECTION('',(1.,2.22044604925031E-16,0.));
#11152=DIRECTION('center_axis',(1.,2.22044604925031E-16,0.));
#11153=DIRECTION('ref_axis',(1.91776702011465E-30,-8.63685483717178E-15,
-1.));
#11154=DIRECTION('center_axis',(2.22044604925031E-16,-1.,-1.22464679914735E-16));
#11155=DIRECTION('ref_axis',(2.71926214689378E-32,-1.22464679914735E-16,
1.));
#11156=DIRECTION('',(1.,2.22044604925031E-16,0.));
#11157=DIRECTION('center_axis',(1.,2.22044604925031E-16,0.));
#11158=DIRECTION('ref_axis',(2.35386178971392E-25,-1.06008510790372E-9,
-1.));
#11159=DIRECTION('',(1.,2.22044604925031E-16,0.));
#11160=DIRECTION('center_axis',(-2.22044604925031E-16,1.,5.70135254360363E-16));
#11161=DIRECTION('ref_axis',(-1.26595457308279E-31,5.70135254360363E-16,
-1.));
#11162=DIRECTION('center_axis',(2.22044604925031E-16,-1.,-1.22464679914735E-16));
#11163=DIRECTION('ref_axis',(2.71926214689378E-32,-1.22464679914735E-16,
1.));
#11164=DIRECTION('',(1.,2.22044604925031E-16,0.));
#11165=DIRECTION('center_axis',(1.,2.22044604925031E-16,0.));
#11166=DIRECTION('ref_axis',(-9.21592191048741E-27,4.15048224819467E-11,
-1.));
#11167=DIRECTION('',(1.,2.22044604925031E-16,0.));
#11168=DIRECTION('center_axis',(-2.22044604925031E-16,1.,1.22464679914735E-16));
#11169=DIRECTION('ref_axis',(-2.71926214689378E-32,1.22464679914735E-16,
-1.));
#11170=DIRECTION('center_axis',(-2.22044604925031E-16,1.,1.22464679914735E-16));
#11171=DIRECTION('ref_axis',(-2.71926214689378E-32,1.22464679914735E-16,
-1.));
#11172=DIRECTION('',(1.,2.22044604925031E-16,0.));
#11173=DIRECTION('center_axis',(2.22044604925031E-16,-1.,-1.22464679914735E-16));
#11174=DIRECTION('ref_axis',(2.71926214689378E-32,-1.22464679914735E-16,
1.));
#11175=DIRECTION('',(1.,2.22044604925031E-16,0.));
#11176=DIRECTION('center_axis',(1.,2.22044604925031E-16,0.));
#11177=DIRECTION('ref_axis',(-5.95644368684802E-28,2.68254375685421E-12,
-1.));
#11178=DIRECTION('center_axis',(-2.22044604925031E-16,1.,-2.46519032881566E-32));
#11179=DIRECTION('ref_axis',(6.84227765783602E-48,-3.08148791101958E-32,
-1.));
#11180=DIRECTION('center_axis',(-2.22044604925031E-16,1.,-2.46519032881566E-32));
#11181=DIRECTION('ref_axis',(6.84227765783602E-48,-3.08148791101958E-32,
-1.));
#11182=DIRECTION('center_axis',(2.15385523178431E-16,-0.970010161927383,
-0.243064365462343));
#11183=DIRECTION('ref_axis',(5.39711310004395E-17,-0.243064365462343,0.970010161927383));
#11184=DIRECTION('center_axis',(2.1494307081932E-16,-0.968017533647759,
0.2508825513074));
#11185=DIRECTION('ref_axis',(-5.57071169876354E-17,0.2508825513074,0.968017533647759));
#11186=DIRECTION('center_axis',(2.71926214689378E-32,-1.22464679914735E-16,
1.));
#11187=DIRECTION('ref_axis',(-2.22044604925031E-16,1.,1.22464679914735E-16));
#11188=DIRECTION('center_axis',(2.71926214689378E-32,-1.22464679914735E-16,
1.));
#11189=DIRECTION('ref_axis',(-2.22044604925031E-16,1.,1.22464679914735E-16));
#11190=DIRECTION('center_axis',(-1.,-2.22044604925031E-16,0.));
#11191=DIRECTION('ref_axis',(2.02669680563403E-17,-0.0912743097864639,0.995825788164278));
#11192=DIRECTION('center_axis',(1.,2.22044604925031E-16,0.));
#11193=DIRECTION('ref_axis',(2.71926214689378E-32,-1.22464679914735E-16,
1.));
#11194=DIRECTION('center_axis',(1.,2.22044604925031E-16,0.));
#11195=DIRECTION('ref_axis',(2.71926214689378E-32,-1.22464679914735E-16,
1.));
#11196=DIRECTION('center_axis',(1.,2.22044604925031E-16,0.));
#11197=DIRECTION('ref_axis',(2.71926214689378E-32,-1.22464679914735E-16,
1.));
#11198=DIRECTION('',(1.,2.22044604925031E-16,0.));
#11199=DIRECTION('',(1.,2.22044604925031E-16,0.));
#11200=DIRECTION('center_axis',(1.,2.22044604925031E-16,0.));
#11201=DIRECTION('ref_axis',(0.,0.,-1.));
#11202=DIRECTION('',(1.,2.22044604925031E-16,0.));
#11203=DIRECTION('center_axis',(1.,2.22044604925031E-16,0.));
#11204=DIRECTION('ref_axis',(2.71926214689378E-32,-1.22464679914735E-16,
1.));
#11205=DIRECTION('',(1.,2.22044604925031E-16,0.));
#11206=DIRECTION('center_axis',(1.,2.22044604925031E-16,0.));
#11207=DIRECTION('ref_axis',(2.71926214689378E-32,-1.22464679914735E-16,
1.));
#11208=DIRECTION('',(1.,2.22044604925031E-16,0.));
#11209=DIRECTION('center_axis',(1.,2.22044604925031E-16,0.));
#11210=DIRECTION('ref_axis',(2.71926214689378E-32,-1.22464679914735E-16,
1.));
#11211=DIRECTION('center_axis',(1.,2.22044604925031E-16,0.));
#11212=DIRECTION('ref_axis',(2.71926214689378E-32,-1.22464679914735E-16,
1.));
#11213=DIRECTION('',(1.,2.22044604925031E-16,0.));
#11214=DIRECTION('center_axis',(1.,2.22044604925031E-16,0.));
#11215=DIRECTION('ref_axis',(2.71926214689378E-32,-1.22464679914735E-16,
1.));
#11216=DIRECTION('center_axis',(1.,2.22044604925031E-16,0.));
#11217=DIRECTION('ref_axis',(2.71926214689378E-32,-1.22464679914735E-16,
1.));
#11218=DIRECTION('',(1.,2.22044604925031E-16,0.));
#11219=DIRECTION('center_axis',(1.,2.22044604925031E-16,0.));
#11220=DIRECTION('ref_axis',(-9.3840104962317E-17,0.422618261740699,-0.90630778703665));
#11221=DIRECTION('',(1.,2.22044604925031E-16,0.));
#11222=DIRECTION('center_axis',(1.,2.22044604925031E-16,0.));
#11223=DIRECTION('ref_axis',(2.71926214689378E-32,-1.22464679914735E-16,
1.));
#11224=DIRECTION('center_axis',(9.38401049623152E-17,-0.422618261740691,
-0.906307787036654));
#11225=DIRECTION('ref_axis',(2.01240754513033E-16,-0.906307787036654,0.422618261740691));
#11226=DIRECTION('',(-1.,-2.22044604925031E-16,0.));
#11227=DIRECTION('',(2.01240754513033E-16,-0.906307787036654,0.422618261740691));
#11228=DIRECTION('',(-1.,-2.22044604925031E-16,0.));
#11229=DIRECTION('center_axis',(-1.,-2.22044604925031E-16,0.));
#11230=DIRECTION('ref_axis',(-2.71926214689378E-32,1.22464679914735E-16,
-1.));
#11231=DIRECTION('center_axis',(-1.,-2.22044604925031E-16,0.));
#11232=DIRECTION('ref_axis',(-2.71926214689378E-32,1.22464679914735E-16,
-1.));
#11233=DIRECTION('',(-1.,-2.22044604925031E-16,0.));
#11234=DIRECTION('center_axis',(9.3840104962316E-17,-0.422618261740695,
0.906307787036652));
#11235=DIRECTION('ref_axis',(-2.01240754513033E-16,0.906307787036652,0.422618261740695));
#11236=DIRECTION('',(-2.01240754513033E-16,0.906307787036652,0.422618261740695));
#11237=DIRECTION('center_axis',(-1.,-2.22044604925031E-16,0.));
#11238=DIRECTION('ref_axis',(-2.71926214689378E-32,1.22464679914735E-16,
-1.));
#11239=DIRECTION('center_axis',(7.59106064190671E-17,-0.341870978782379,
-0.939746898833073));
#11240=DIRECTION('ref_axis',(2.08665728880913E-16,-0.939746898833073,0.341870978782379));
#11241=DIRECTION('center_axis',(1.,2.22044604925031E-16,0.));
#11242=DIRECTION('ref_axis',(2.71926214689378E-32,-1.22464679914735E-16,
1.));
#11243=DIRECTION('center_axis',(-7.59106064190687E-17,0.341870978782386,
0.93974689883307));
#11244=DIRECTION('ref_axis',(-2.08665728880912E-16,0.93974689883307,-0.341870978782386));
#11245=DIRECTION('',(-1.,-2.22044604925031E-16,0.));
#11246=DIRECTION('',(-2.08665728880912E-16,0.93974689883307,-0.341870978782386));
#11247=DIRECTION('',(-1.,-2.22044604925031E-16,0.));
#11248=DIRECTION('',(2.08665728880912E-16,-0.93974689883307,0.341870978782386));
#11249=DIRECTION('center_axis',(2.08665728880913E-16,-0.939746898833073,
0.341870978782378));
#11250=DIRECTION('ref_axis',(-7.5910606419067E-17,0.341870978782378,0.939746898833073));
#11251=DIRECTION('',(-7.5910606419067E-17,0.341870978782378,0.939746898833073));
#11252=DIRECTION('',(7.59106064190673E-17,-0.34187097878238,-0.939746898833073));
#11253=DIRECTION('',(-1.,-2.22044604925031E-16,0.));
#11254=DIRECTION('',(-7.5910606419067E-17,0.341870978782378,0.939746898833073));
#11255=DIRECTION('center_axis',(2.08665728880913E-16,-0.939746898833073,
0.341870978782379));
#11256=DIRECTION('ref_axis',(-7.5910606419067E-17,0.341870978782379,0.939746898833073));
#11257=DIRECTION('center_axis',(-2.08665728880912E-16,0.939746898833067,
-0.341870978782397));
#11258=DIRECTION('ref_axis',(7.59106064190712E-17,-0.341870978782397,-0.939746898833067));
#11259=DIRECTION('',(7.59106064190712E-17,-0.341870978782397,-0.939746898833066));
#11260=DIRECTION('center_axis',(-2.08665728880912E-16,0.939746898833067,
-0.341870978782397));
#11261=DIRECTION('ref_axis',(7.59106064190711E-17,-0.341870978782397,-0.939746898833066));
#11262=DIRECTION('',(7.59106064190712E-17,-0.341870978782397,-0.939746898833067));
#11263=DIRECTION('',(1.,2.22044604925031E-16,0.));
#11264=DIRECTION('',(7.59106064190673E-17,-0.34187097878238,-0.939746898833073));
#11265=DIRECTION('center_axis',(1.,2.22044604925031E-16,0.));
#11266=DIRECTION('ref_axis',(2.71926214689378E-32,-1.22464679914735E-16,
1.));
#11267=DIRECTION('',(2.08449060228675E-16,-0.938771109971589,0.344541438846926));
#11268=DIRECTION('',(-2.08665728880912E-16,0.93974689883307,-0.341870978782386));
#11269=DIRECTION('center_axis',(-2.08665728880912E-16,0.93974689883307,
-0.341870978782386));
#11270=DIRECTION('ref_axis',(7.59106064190687E-17,-0.341870978782386,-0.93974689883307));
#11271=DIRECTION('',(7.59106064190687E-17,-0.341870978782386,-0.93974689883307));
#11272=DIRECTION('',(-1.,-2.22044604925031E-16,0.));
#11273=DIRECTION('center_axis',(-2.08665728880912E-16,0.93974689883307,
-0.341870978782386));
#11274=DIRECTION('ref_axis',(7.59106064190687E-17,-0.341870978782386,-0.93974689883307));
#11275=DIRECTION('',(7.59106064190687E-17,-0.341870978782386,-0.93974689883307));
#11276=DIRECTION('',(1.,2.22044604925031E-16,0.));
#11277=DIRECTION('',(7.59106064190673E-17,-0.34187097878238,-0.939746898833073));
#11278=DIRECTION('center_axis',(-7.5910606419049E-17,0.341870978782298,
0.939746898833103));
#11279=DIRECTION('ref_axis',(-2.0866572888092E-16,0.939746898833103,-0.341870978782298));
#11280=DIRECTION('',(-2.0866572888092E-16,0.939746898833103,-0.341870978782298));
#11281=DIRECTION('',(-1.,-2.22044604925031E-16,0.));
#11282=DIRECTION('',(2.0866572888092E-16,-0.939746898833103,0.341870978782298));
#11283=DIRECTION('center_axis',(2.08665728880914E-16,-0.939746898833076,
0.34187097878237));
#11284=DIRECTION('ref_axis',(-7.59106064190651E-17,0.34187097878237,0.939746898833076));
#11285=DIRECTION('',(-7.59106064190651E-17,0.34187097878237,0.939746898833076));
#11286=DIRECTION('',(7.59106064190673E-17,-0.34187097878238,-0.939746898833073));
#11287=DIRECTION('',(-1.,-2.22044604925031E-16,0.));
#11288=DIRECTION('',(-7.59106064190651E-17,0.34187097878237,0.939746898833076));
#11289=DIRECTION('center_axis',(2.08665728880914E-16,-0.939746898833076,
0.34187097878237));
#11290=DIRECTION('ref_axis',(-7.59106064190651E-17,0.34187097878237,0.939746898833076));
#11291=DIRECTION('center_axis',(-1.,-2.22044604925031E-16,0.));
#11292=DIRECTION('ref_axis',(-2.71926214689378E-32,1.22464679914735E-16,
-1.));
#11293=DIRECTION('',(2.08449060228675E-16,-0.938771109971589,0.344541438846926));
#11294=DIRECTION('',(-2.0866572888092E-16,0.939746898833103,-0.341870978782298));
#11295=DIRECTION('center_axis',(-1.,-2.22044604925031E-16,0.));
#11296=DIRECTION('ref_axis',(-2.71926214689378E-32,1.22464679914735E-16,
-1.));
#11297=DIRECTION('',(-2.08449060228675E-16,0.938771109971589,-0.344541438846926));
#11298=DIRECTION('center_axis',(-1.,-2.22044604925031E-16,0.));
#11299=DIRECTION('ref_axis',(-2.71926214689378E-32,1.22464679914735E-16,
-1.));
#11300=DIRECTION('',(-2.08449060228675E-16,0.938771109971589,-0.344541438846926));
#11301=DIRECTION('center_axis',(2.08665728880912E-16,-0.939746898833071,
0.341870978782386));
#11302=DIRECTION('ref_axis',(-7.59106064190687E-17,0.341870978782386,0.93974689883307));
#11303=DIRECTION('center_axis',(-2.0866572888092E-16,0.939746898833103,
-0.341870978782298));
#11304=DIRECTION('ref_axis',(7.5910606419049E-17,-0.341870978782298,-0.939746898833103));
#11305=DIRECTION('center_axis',(0.707106781186499,-0.241739287387919,-0.664501404763941));
#11306=DIRECTION('ref_axis',(-2.08665728880913E-16,0.939746898833073,-0.341870978782379));
#11307=DIRECTION('',(-0.577350269189674,-0.739942426639492,-0.345183823383239));
#11308=DIRECTION('center_axis',(0.707106781186508,-0.664501404763932,0.241739287387916));
#11309=DIRECTION('ref_axis',(7.5910606419067E-17,-0.341870978782378,-0.939746898833073));
#11310=DIRECTION('',(-0.577350269189653,-0.345183823383224,0.739942426639516));
#11311=DIRECTION('center_axis',(0.707106781186535,0.241739287387912,0.664501404763904));
#11312=DIRECTION('ref_axis',(1.80910153265284E-16,-0.93974689883307,0.341870978782386));
#11313=DIRECTION('',(-0.577350269189637,0.739942426639515,0.34518382338325));
#11314=DIRECTION('center_axis',(0.707106781186535,0.664501404763902,-0.24173928738792));
#11315=DIRECTION('ref_axis',(-4.81550308034422E-17,0.341870978782397,0.939746898833067));
#11316=DIRECTION('center_axis',(0.707106781186535,-0.241739287387908,-0.664501404763906));
#11317=DIRECTION('ref_axis',(-2.08665728880913E-16,0.939746898833073,-0.34187097878238));
#11318=DIRECTION('',(0.577350269189662,-0.345183823383207,0.739942426639516));
#11319=DIRECTION('center_axis',(0.707106781186495,0.664501404763942,-0.241739287387925));
#11320=DIRECTION('ref_axis',(-7.59106064190687E-17,0.341870978782386,0.93974689883307));
#11321=DIRECTION('',(0.577350269189643,-0.739942426639474,-0.345183823383329));
#11322=DIRECTION('center_axis',(0.707106781186535,0.241739287387849,0.664501404763927));
#11323=DIRECTION('ref_axis',(2.36421304496549E-16,-0.939746898833103,0.341870978782298));
#11324=DIRECTION('',(0.577350269189664,0.345183823383268,-0.739942426639486));
#11325=DIRECTION('center_axis',(0.707106781186517,-0.664501404763925,0.241739287387907));
#11326=DIRECTION('ref_axis',(4.81550308034362E-17,-0.34187097878237,-0.939746898833076));
#11327=DIRECTION('center_axis',(-0.707106781186546,-0.243627587808433,-0.663811417842935));
#11328=DIRECTION('ref_axis',(-1.80693484613046E-16,0.938771109971589,-0.344541438846926));
#11329=DIRECTION('',(-0.576252823310824,-0.34551142435735,0.740644678145236));
#11330=DIRECTION('',(0.578441492365128,-0.739242168898858,-0.344857152502475));
#11331=DIRECTION('center_axis',(-9.38720473300314E-17,0.422762117376035,
-0.906240692151777));
#11332=DIRECTION('ref_axis',(1.,2.22044604925031E-16,0.));
#11333=DIRECTION('',(-0.578441492365126,-0.739242168898859,-0.344857152502476));
#11334=DIRECTION('center_axis',(2.01225856455831E-16,-0.906240692151788,
-0.422762117376012));
#11335=DIRECTION('ref_axis',(-1.,-2.22044604925031E-16,0.));
#11336=DIRECTION('',(0.576252823310822,-0.34551142435735,0.740644678145237));
#11337=DIRECTION('center_axis',(0.707106781186548,-0.243627587808432,-0.663811417842933));
#11338=DIRECTION('ref_axis',(2.08449060228675E-16,-0.938771109971589,0.344541438846926));
#11339=DIRECTION('center_axis',(-9.38720473300189E-17,0.422762117375979,
-0.906240692151803));
#11340=DIRECTION('ref_axis',(1.,2.22044604925031E-16,0.));
#11341=DIRECTION('',(-0.578441492365076,0.739242168898913,0.344857152502445));
#11342=DIRECTION('',(-0.578441492365116,-0.739242168898888,-0.344857152502433));
#11343=DIRECTION('center_axis',(0.707106781186535,-0.243627587808436,-0.663811417842944));
#11344=DIRECTION('ref_axis',(2.36204635844304E-16,-0.938771109971589,0.344541438846926));
#11345=DIRECTION('',(-0.576252823310848,0.345511424357318,-0.740644678145231));
#11346=DIRECTION('center_axis',(0.707106781186572,0.243627587808423,0.66381141784291));
#11347=DIRECTION('ref_axis',(1.80693484613046E-16,-0.938771109971589,0.344541438846926));
#11348=DIRECTION('',(-0.576252823310808,-0.34551142435733,0.740644678145257));
#11349=DIRECTION('center_axis',(2.01225856455834E-16,-0.906240692151802,
-0.422762117375982));
#11350=DIRECTION('ref_axis',(-1.,-2.22044604925031E-16,0.));
#11351=CARTESIAN_POINT('',(0.,0.,0.));
#11352=CARTESIAN_POINT('Origin',(-28.4999992189461,607.623792668446,-80.0802638441916));
#11353=CARTESIAN_POINT('',(-28.4999992189461,607.623792668446,-108.080263844192));
#11354=CARTESIAN_POINT('',(-28.4999992189461,608.623792668446,-109.080263844192));
#11355=CARTESIAN_POINT('Origin',(-28.4999992189461,607.623792668446,-109.080263844192));
#11356=CARTESIAN_POINT('',(-28.4999992189461,608.623792668446,-51.0802638441916));
#11357=CARTESIAN_POINT('Origin',(-28.4999992189461,608.623792668446,-80.0802638441916));
#11358=CARTESIAN_POINT('',(-28.4999992189461,607.623792668446,-52.0802638441916));
#11359=CARTESIAN_POINT('Origin',(-28.4999992189461,607.623792668446,-51.0802638441916));
#11360=CARTESIAN_POINT('Origin',(-28.4999992189461,607.623792668446,-80.0802638441916));
#11361=CARTESIAN_POINT('Origin',(-28.4999992189461,608.623792668446,-115.080263844192));
#11362=CARTESIAN_POINT('',(-28.4999992189461,601.623792668446,-108.080263844192));
#11363=CARTESIAN_POINT('',(-28.4999992189461,601.623792668446,-108.080263844192));
#11364=CARTESIAN_POINT('',(-28.4999992189461,601.623792668446,-84.5802638441916));
#11365=CARTESIAN_POINT('',(-28.4999992189461,601.623792668446,-97.5802638441916));
#11366=CARTESIAN_POINT('',(-28.4999992189461,596.623792668446,-84.5802638441916));
#11367=CARTESIAN_POINT('',(-28.4999992189461,591.623792668446,-84.5802638441916));
#11368=CARTESIAN_POINT('',(-28.4999992189461,596.623792668446,-92.0802638441916));
#11369=CARTESIAN_POINT('',(-28.4999992189461,596.623792668446,-115.080263844192));
#11370=CARTESIAN_POINT('',(-28.4999992189461,565.723792668446,-92.0802638441916));
#11371=CARTESIAN_POINT('',(-28.4999992189461,596.623792668446,-92.0802638441916));
#11372=CARTESIAN_POINT('',(-28.4999992189461,565.723792668446,-102.230263844192));
#11373=CARTESIAN_POINT('',(-28.4999992189461,565.723792668446,-115.080263844192));
#11374=CARTESIAN_POINT('',(-28.4999992189461,531.223792668446,-102.230263844192));
#11375=CARTESIAN_POINT('',(-28.4999992189461,608.623792668446,-102.230263844192));
#11376=CARTESIAN_POINT('',(-28.4999992189461,531.223792668446,-48.7739096981969));
#11377=CARTESIAN_POINT('',(-28.4999992189461,531.223792668446,-102.230263844192));
#11378=CARTESIAN_POINT('',(-28.4999992189461,529.843766603502,-46.8724280864396));
#11379=CARTESIAN_POINT('Ctrl Pts',(-28.4999992189461,529.843758699751,-46.8724948558962));
#11380=CARTESIAN_POINT('Ctrl Pts',(-28.4999992189461,530.164147859802,-46.9773202686352));
#11381=CARTESIAN_POINT('Ctrl Pts',(-28.4999992189461,530.458123825901,-47.1641512394615));
#11382=CARTESIAN_POINT('Ctrl Pts',(-28.4999992189461,530.687150488398,-47.4107119527185));
#11383=CARTESIAN_POINT('Ctrl Pts',(-28.4999992189461,531.026962207641,-47.7765393151572));
#11384=CARTESIAN_POINT('Ctrl Pts',(-28.4999992189461,531.223792668446,-48.2738574444743));
#11385=CARTESIAN_POINT('Ctrl Pts',(-28.4999992189461,531.223792668446,-48.7739096981969));
#11386=CARTESIAN_POINT('',(-28.4999992189461,520.575593126863,-46.8341414290001));
#11387=CARTESIAN_POINT('Origin',(-28.4999992189461,525.129309340329,-66.3088344598854));
#11388=CARTESIAN_POINT('',(-28.4999992189461,518.506323270867,-47.2045366140148));
#11389=CARTESIAN_POINT('Origin',(-28.4999992189461,516.021876913396,-27.3594483981148));
#11390=CARTESIAN_POINT('',(-28.4999992189461,520.727552612405,-48.0125987103458));
#11391=CARTESIAN_POINT('',(-28.4999992189461,520.539603232638,-47.9442245145894));
#11392=CARTESIAN_POINT('',(-28.4999992189461,519.907062263327,-50.2679912675453));
#11393=CARTESIAN_POINT('',(-28.4999992189461,519.975436459083,-50.0800418877787));
#11394=CARTESIAN_POINT('',(-28.4999992189461,515.772175908461,-48.7637589609028));
#11395=CARTESIAN_POINT('',(-28.4999992189461,515.960125288228,-48.8321331566593));
#11396=CARTESIAN_POINT('',(-28.4999992189461,516.283674088547,-47.3577348806884));
#11397=CARTESIAN_POINT('',(-28.4999992189461,516.309986062592,-47.2854076065257));
#11398=CARTESIAN_POINT('',(-28.4999992189461,509.184457337749,-46.1543863747763));
#11399=CARTESIAN_POINT('Origin',(-28.4999992189461,516.021876913396,-27.3594483981148));
#11400=CARTESIAN_POINT('',(-28.4999992189461,507.27315678342,-45.4590734218237));
#11401=CARTESIAN_POINT('',(-28.4999992189461,493.8508863455,-40.5761791682843));
#11402=CARTESIAN_POINT('',(-28.4999992189461,501.060188001407,-41.8195755151255));
#11403=CARTESIAN_POINT('Origin',(-28.4999992189461,514.110576359067,-26.6641354451623));
#11404=CARTESIAN_POINT('',(-28.4999992189461,500.548689821342,-43.2255995952837));
#11405=CARTESIAN_POINT('',(-28.4999992189461,500.617064017098,-43.0376502155171));
#11406=CARTESIAN_POINT('',(-28.4999992189461,496.413803466476,-41.7213672886416));
#11407=CARTESIAN_POINT('',(-28.4999992189461,496.601752846243,-41.7897414843981));
#11408=CARTESIAN_POINT('',(-28.4999992189461,497.234293815554,-39.465974731442));
#11409=CARTESIAN_POINT('',(-28.4999992189461,497.165919619797,-39.6539241112086));
#11410=CARTESIAN_POINT('',(-28.4999992189461,499.455523156944,-40.2740368277193));
#11411=CARTESIAN_POINT('',(-28.4999992189461,499.832749407702,-40.4112681479071));
#11412=CARTESIAN_POINT('',(-28.4999992189461,498.92975633578,-39.6849919231571));
#11413=CARTESIAN_POINT('Origin',(-28.4999992189461,514.110576359067,-26.6641354451623));
#11414=CARTESIAN_POINT('',(-28.4999992189461,485.658131689979,-32.7971826243959));
#11415=CARTESIAN_POINT('Origin',(-28.4999992189461,483.748936312492,-52.705848401152));
#11416=CARTESIAN_POINT('',(-28.4999992189461,497.489511013675,-124.671891567842));
#11417=CARTESIAN_POINT('Origin',(-28.4999992189461,481.123792668446,-80.0802638441916));
#11418=CARTESIAN_POINT('',(-28.4999992189461,523.623792668446,-115.080263844192));
#11419=CARTESIAN_POINT('',(-28.4999992189461,598.533544406416,-87.5873921811009));
#11420=CARTESIAN_POINT('',(-28.4999992189461,607.353049123549,-114.717758099746));
#11421=CARTESIAN_POINT('Ctrl Pts',(-28.4999992189461,523.623792668446,-115.080263844192));
#11422=CARTESIAN_POINT('Ctrl Pts',(-28.4999992189461,563.921715600778,-102.502794475682));
#11423=CARTESIAN_POINT('Ctrl Pts',(-28.4999992189461,607.353049123549,-114.717758099746));
#11424=CARTESIAN_POINT('',(-28.4999992189461,608.623792668446,-113.755106588088));
#11425=CARTESIAN_POINT('Ctrl Pts',(-28.4999992189461,608.623792668446,-113.755106588088));
#11426=CARTESIAN_POINT('Ctrl Pts',(-28.4999992189461,608.623792668446,-113.930817223046));
#11427=CARTESIAN_POINT('Ctrl Pts',(-28.4999992189461,608.576279773267,-114.105965621123));
#11428=CARTESIAN_POINT('Ctrl Pts',(-28.4999992189461,608.487900029862,-114.257733075799));
#11429=CARTESIAN_POINT('Ctrl Pts',(-28.4999992189461,608.399520286458,-114.409500530474));
#11430=CARTESIAN_POINT('Ctrl Pts',(-28.4999992189461,608.270273694828,-114.537887041747));
#11431=CARTESIAN_POINT('Ctrl Pts',(-28.4999992189461,608.117584536442,-114.62430295993));
#11432=CARTESIAN_POINT('Ctrl Pts',(-28.4999992189461,607.888550798863,-114.753926837203));
#11433=CARTESIAN_POINT('Ctrl Pts',(-28.4999992189461,607.606771286083,-114.789116880022));
#11434=CARTESIAN_POINT('Ctrl Pts',(-28.4999992189461,607.353049123549,-114.717758099746));
#11435=CARTESIAN_POINT('',(-28.4999992189461,608.623792668446,-115.080263844192));
#11436=CARTESIAN_POINT('',(-28.4999992189461,518.623792668446,-83.8302638441915));
#11437=CARTESIAN_POINT('Origin',(-28.4999992189461,518.623792668446,-80.0802638441915));
#11438=CARTESIAN_POINT('',(-28.4999992189461,481.123792668446,-84.2302638441916));
#11439=CARTESIAN_POINT('Origin',(-28.4999992189461,481.123792668446,-80.0802638441916));
#11440=CARTESIAN_POINT('',(-28.4999992189461,504.140118396068,-101.446589571814));
#11441=CARTESIAN_POINT('Origin',(-28.4999992189461,504.140118396068,-103.096589571814));
#11442=CARTESIAN_POINT('',(-28.4999992189461,458.107466940824,-101.446589571814));
#11443=CARTESIAN_POINT('Origin',(-28.4999992189461,458.107466940824,-103.096589571814));
#11444=CARTESIAN_POINT('',(-28.4999992189461,458.107466940824,-55.4139381165695));
#11445=CARTESIAN_POINT('Origin',(-28.4999992189461,458.107466940824,-57.0639381165695));
#11446=CARTESIAN_POINT('',(-28.4999992189461,504.140118396068,-55.4139381165695));
#11447=CARTESIAN_POINT('Origin',(-28.4999992189461,504.140118396068,-57.0639381165695));
#11448=CARTESIAN_POINT('',(-28.4999992189461,591.425044279389,-98.4302638441916));
#11449=CARTESIAN_POINT('Origin',(-28.4999992189461,591.425044279389,-100.080263844192));
#11450=CARTESIAN_POINT('',(-28.4999992189461,480.026036365114,-67.6285599006144));
#11451=CARTESIAN_POINT('',(-28.4999992189461,480.026036365114,-92.5319677877688));
#11452=CARTESIAN_POINT('Origin',(-28.4999992189461,481.123792668446,-80.0802638441916));
#11453=CARTESIAN_POINT('',(-28.4999992189461,494.894943810128,-108.769406523083));
#11454=CARTESIAN_POINT('Origin',(-28.4999992189461,478.594525400636,-108.769406523083));
#11455=CARTESIAN_POINT('',(-28.4999992189461,484.894943810128,-108.769406523083));
#11456=CARTESIAN_POINT('Origin',(-28.4999992189461,489.894943810128,-108.769406523083));
#11457=CARTESIAN_POINT('',(-28.4999992189461,479.147831322448,-102.49333094263));
#11458=CARTESIAN_POINT('Origin',(-28.4999992189461,478.594525400636,-108.769406523083));
#11459=CARTESIAN_POINT('',(-28.4999992189461,479.147831322448,-57.6671967457527));
#11460=CARTESIAN_POINT('Origin',(-28.4999992189461,481.123792668446,-80.0802638441916));
#11461=CARTESIAN_POINT('',(-28.4999992189461,484.894943810128,-51.3911211653005));
#11462=CARTESIAN_POINT('Origin',(-28.4999992189461,478.594525400636,-51.3911211653005));
#11463=CARTESIAN_POINT('',(-28.4999992189461,494.894943810128,-51.3911211653005));
#11464=CARTESIAN_POINT('Origin',(-28.4999992189461,489.894943810128,-51.3911211653005));
#11465=CARTESIAN_POINT('Origin',(-28.4999992189461,478.594525400636,-51.3911211653005));
#11466=CARTESIAN_POINT('',(-28.4999992189461,443.512019506425,-62.5416059819525));
#11467=CARTESIAN_POINT('',(-28.4999992189461,452.575097376791,-66.7677885993596));
#11468=CARTESIAN_POINT('Origin',(-28.4999992189461,448.043558441608,-64.654697290656));
#11469=CARTESIAN_POINT('',(-28.4999992189461,452.575097376791,-93.3927390890236));
#11470=CARTESIAN_POINT('Origin',(-28.4999992189461,481.123792668446,-80.0802638441916));
#11471=CARTESIAN_POINT('',(-28.4999992189461,443.512019506425,-97.6189217064307));
#11472=CARTESIAN_POINT('Origin',(-28.4999992189461,448.043558441608,-95.5058303977272));
#11473=CARTESIAN_POINT('Origin',(-28.4999992189461,481.123792668446,-80.0802638441916));
#11474=CARTESIAN_POINT('Origin',(-28.4999992189461,601.623792668446,-80.0802638441916));
#11475=CARTESIAN_POINT('',(-28.4999992189461,601.623792668446,-52.0802638441916));
#11476=CARTESIAN_POINT('',(-28.4999992189461,601.623792668446,-52.0802638441916));
#11477=CARTESIAN_POINT('Origin',(-28.4999992189461,601.623792668446,-80.0802638441916));
#11478=CARTESIAN_POINT('Origin',(-67.2499992189461,608.623792668446,-115.080263844192));
#11479=CARTESIAN_POINT('',(-48.2499992189466,608.623792668446,-113.755106585769));
#11480=CARTESIAN_POINT('Ctrl Pts',(-48.2499992189467,608.623792668446,-113.755106588088));
#11481=CARTESIAN_POINT('Ctrl Pts',(-41.6666658856132,608.623792668446,-113.755106588088));
#11482=CARTESIAN_POINT('Ctrl Pts',(-35.0833325522797,608.623792668446,-113.755106588088));
#11483=CARTESIAN_POINT('Ctrl Pts',(-28.4999992189461,608.623792668446,-113.755106588088));
#11484=CARTESIAN_POINT('',(-66.2499992189461,608.623792668446,-95.1248928739653));
#11485=CARTESIAN_POINT('Ctrl Pts',(-66.2499992189461,608.623792668446,-95.1248928739654));
#11486=CARTESIAN_POINT('Ctrl Pts',(-66.2499991685997,608.623792668446,-96.8659020343721));
#11487=CARTESIAN_POINT('Ctrl Pts',(-66.0070713495752,608.623792668446,-98.6315103284832));
#11488=CARTESIAN_POINT('Ctrl Pts',(-64.3396432816446,608.623792668446,-104.566469710341));
#11489=CARTESIAN_POINT('Ctrl Pts',(-61.6321481042402,608.623792668446,-108.37201534204));
#11490=CARTESIAN_POINT('Ctrl Pts',(-56.7950375377019,608.623792668446,-111.571101790263));
#11491=CARTESIAN_POINT('Ctrl Pts',(-53.7455820606993,608.623792668446,-113.131119142186));
#11492=CARTESIAN_POINT('Ctrl Pts',(-50.2931447094068,608.623792668446,-113.755106585769));
#11493=CARTESIAN_POINT('Ctrl Pts',(-48.2499992189466,608.623792668446,-113.755106585769));
#11494=CARTESIAN_POINT('',(-66.2499992189461,608.623792668446,-65.0356334307843));
#11495=CARTESIAN_POINT('',(-66.2499992189461,608.623792668446,-115.080263844192));
#11496=CARTESIAN_POINT('',(-48.2499992189461,608.623792668446,-46.4054211002952));
#11497=CARTESIAN_POINT('Ctrl Pts',(-48.2499992189461,608.623792668446,-46.4054211030372));
#11498=CARTESIAN_POINT('Ctrl Pts',(-50.2950006156713,608.623792668446,-46.4054211030373));
#11499=CARTESIAN_POINT('Ctrl Pts',(-53.7527483937492,608.623792668446,-47.0314244337757));
#11500=CARTESIAN_POINT('Ctrl Pts',(-56.8031709248281,608.623792668446,-48.5943822621959));
#11501=CARTESIAN_POINT('Ctrl Pts',(-61.6460461338632,608.623792668446,-51.7995183757229));
#11502=CARTESIAN_POINT('Ctrl Pts',(-64.3548659743638,608.623792668446,-55.6287104028869));
#11503=CARTESIAN_POINT('Ctrl Pts',(-66.0086623584604,608.623792668446,-61.5423030680959));
#11504=CARTESIAN_POINT('Ctrl Pts',(-66.2499992171251,608.623792668446,-63.2913591583098));
#11505=CARTESIAN_POINT('Ctrl Pts',(-66.2499992189461,608.623792668446,-65.0356334307843));
#11506=CARTESIAN_POINT('',(-28.4999992189461,608.623792668446,-46.4054211002952));
#11507=CARTESIAN_POINT('Ctrl Pts',(-28.4999992189461,608.623792668446,-46.4054211002952));
#11508=CARTESIAN_POINT('Ctrl Pts',(-35.0833325522795,608.623792668446,-46.4054211002952));
#11509=CARTESIAN_POINT('Ctrl Pts',(-41.6666658856128,608.623792668446,-46.4054211002952));
#11510=CARTESIAN_POINT('Ctrl Pts',(-48.2499992189462,608.623792668446,-46.4054211002952));
#11511=CARTESIAN_POINT('',(-28.4999992189461,608.623792668446,-115.080263844192));
#11512=CARTESIAN_POINT('Ctrl Pts',(-48.2499992189462,607.353049123549,-45.4427695886375));
#11513=CARTESIAN_POINT('Ctrl Pts',(-41.6666658856128,607.353049123549,-45.4427695886375));
#11514=CARTESIAN_POINT('Ctrl Pts',(-35.0833325522795,607.353049123549,-45.4427695886375));
#11515=CARTESIAN_POINT('Ctrl Pts',(-28.4999992189461,607.353049123549,-45.4427695886375));
#11516=CARTESIAN_POINT('Ctrl Pts',(-48.2499992189462,607.522197231905,-45.395197068453));
#11517=CARTESIAN_POINT('Ctrl Pts',(-41.6666658856128,607.522197231905,-45.395197068453));
#11518=CARTESIAN_POINT('Ctrl Pts',(-35.0833325522795,607.522197231905,-45.395197068453));
#11519=CARTESIAN_POINT('Ctrl Pts',(-28.4999992189461,607.522197231905,-45.395197068453));
#11520=CARTESIAN_POINT('Ctrl Pts',(-48.2499992189462,607.88513931233,-45.3918325473914));
#11521=CARTESIAN_POINT('Ctrl Pts',(-41.6666658856128,607.88513931233,-45.3918325473914));
#11522=CARTESIAN_POINT('Ctrl Pts',(-35.0833325522794,607.88513931233,-45.3918325473914));
#11523=CARTESIAN_POINT('Ctrl Pts',(-28.4999992189461,607.88513931233,-45.3918325473914));
#11524=CARTESIAN_POINT('Ctrl Pts',(-48.2499992189461,608.440184278943,-45.7056411823656));
#11525=CARTESIAN_POINT('Ctrl Pts',(-41.6666658856128,608.440184278943,-45.7056411823656));
#11526=CARTESIAN_POINT('Ctrl Pts',(-35.0833325522795,608.440184278943,-45.7056411823656));
#11527=CARTESIAN_POINT('Ctrl Pts',(-28.4999992189461,608.440184278943,-45.7056411823656));
#11528=CARTESIAN_POINT('Ctrl Pts',(-48.2499992189462,608.623792668446,-46.1418551478587));
#11529=CARTESIAN_POINT('Ctrl Pts',(-41.6666658856128,608.623792668446,-46.1418551478587));
#11530=CARTESIAN_POINT('Ctrl Pts',(-35.0833325522795,608.623792668446,-46.1418551478587));
#11531=CARTESIAN_POINT('Ctrl Pts',(-28.4999992189461,608.623792668446,-46.1418551478587));
#11532=CARTESIAN_POINT('Ctrl Pts',(-48.2499992189462,608.623792668446,-46.4054211002952));
#11533=CARTESIAN_POINT('Ctrl Pts',(-41.6666658856128,608.623792668446,-46.4054211002952));
#11534=CARTESIAN_POINT('Ctrl Pts',(-35.0833325522795,608.623792668446,-46.4054211002952));
#11535=CARTESIAN_POINT('Ctrl Pts',(-28.4999992189461,608.623792668446,-46.4054211002952));
#11536=CARTESIAN_POINT('',(-28.4999992189461,607.353049123549,-45.4427695886375));
#11537=CARTESIAN_POINT('Ctrl Pts',(-28.4999992189461,607.353049123549,-45.4427695886375));
#11538=CARTESIAN_POINT('Ctrl Pts',(-28.4999992189461,607.522197231905,-45.395197068453));
#11539=CARTESIAN_POINT('Ctrl Pts',(-28.4999992189461,607.703668272118,-45.3935148079222));
#11540=CARTESIAN_POINT('Ctrl Pts',(-28.4999992189461,607.873695930312,-45.4375034826531));
#11541=CARTESIAN_POINT('Ctrl Pts',(-28.4999992189461,608.043723588505,-45.4814921573841));
#11542=CARTESIAN_POINT('Ctrl Pts',(-28.4999992189461,608.202307864681,-45.5711517673767));
#11543=CARTESIAN_POINT('Ctrl Pts',(-28.4999992189461,608.326835772706,-45.6947417678512));
#11544=CARTESIAN_POINT('Ctrl Pts',(-28.4999992189461,608.513627634744,-45.8801267685629));
#11545=CARTESIAN_POINT('Ctrl Pts',(-28.4999992189461,608.623792668446,-46.1418551478587));
#11546=CARTESIAN_POINT('Ctrl Pts',(-28.4999992189461,608.623792668446,-46.4054211002952));
#11547=CARTESIAN_POINT('',(-48.2499992189462,607.353049124264,-45.4427695911786));
#11548=CARTESIAN_POINT('Origin',(-48.2499992189461,607.623792668446,-46.4054211002952));
#11549=CARTESIAN_POINT('Ctrl Pts',(-48.2499992189462,607.353049123549,-45.4427695886375));
#11550=CARTESIAN_POINT('Ctrl Pts',(-41.6666658856128,607.353049123549,-45.4427695886375));
#11551=CARTESIAN_POINT('Ctrl Pts',(-35.0833325522795,607.353049123549,-45.4427695886375));
#11552=CARTESIAN_POINT('Ctrl Pts',(-28.4999992189461,607.353049123549,-45.4427695886375));
#11553=CARTESIAN_POINT('Ctrl Pts',(-67.2499992189461,607.623792668181,-65.0356334297403));
#11554=CARTESIAN_POINT('Ctrl Pts',(-67.2499992170239,607.600731208916,-63.2002952215721));
#11555=CARTESIAN_POINT('Ctrl Pts',(-66.9952547550544,607.576988037087,-61.360168887454));
#11556=CARTESIAN_POINT('Ctrl Pts',(-65.2495807942491,607.494730009275,-55.1394643070706));
#11557=CARTESIAN_POINT('Ctrl Pts',(-62.3902709625662,607.437251765785,-51.1131392277538));
#11558=CARTESIAN_POINT('Ctrl Pts',(-57.2783471307136,607.38761237327,-47.7436729618019));
#11559=CARTESIAN_POINT('Ctrl Pts',(-54.0584566812652,607.363092010368,-46.1007165437004));
#11560=CARTESIAN_POINT('Ctrl Pts',(-50.4086118043818,607.353049120211,-45.4427695923184));
#11561=CARTESIAN_POINT('Ctrl Pts',(-48.2499992189461,607.353049120211,-45.4427695923183));
#11562=CARTESIAN_POINT('Ctrl Pts',(-67.2499992189857,607.773392318378,-65.0356334297403));
#11563=CARTESIAN_POINT('Ctrl Pts',(-67.2534589210153,607.752526734146,-63.200280050811));
#11564=CARTESIAN_POINT('Ctrl Pts',(-67.0024222886044,607.730919772339,-61.3591623097622));
#11565=CARTESIAN_POINT('Ctrl Pts',(-65.2688438989354,607.65561206949,-55.1315735066677));
#11566=CARTESIAN_POINT('Ctrl Pts',(-62.4155805950606,607.601953043926,-51.0926246565727));
#11567=CARTESIAN_POINT('Ctrl Pts',(-57.2984704050891,607.555062216135,-47.7081663033575));
#11568=CARTESIAN_POINT('Ctrl Pts',(-54.0735205567577,607.53179795601,-46.057035131825));
#11569=CARTESIAN_POINT('Ctrl Pts',(-50.4142620304509,607.522197228721,-45.3951970714581));
#11570=CARTESIAN_POINT('Ctrl Pts',(-48.2499992189461,607.522197228721,-45.3951970714579));
#11571=CARTESIAN_POINT('Ctrl Pts',(-67.1814960908575,608.072036413772,-65.0356334298118));
#11572=CARTESIAN_POINT('Ctrl Pts',(-67.1898022057228,608.057125050743,-63.2065171957903));
#11573=CARTESIAN_POINT('Ctrl Pts',(-66.9449177242415,608.041527201349,-61.3702456387532));
#11574=CARTESIAN_POINT('Ctrl Pts',(-65.2348701343631,607.986669613477,-55.1539458311427));
#11575=CARTESIAN_POINT('Ctrl Pts',(-62.4009093931502,607.946349238928,-51.1102468485312));
#11576=CARTESIAN_POINT('Ctrl Pts',(-57.2949770114953,607.910510746172,-47.7150007425636));
#11577=CARTESIAN_POINT('Ctrl Pts',(-54.0744552637448,607.89264076865,-46.0573123751163));
#11578=CARTESIAN_POINT('Ctrl Pts',(-50.4146672297003,607.885138899842,-45.3918329165414));
#11579=CARTESIAN_POINT('Ctrl Pts',(-48.2499992189462,607.885138899843,-45.3918329165413));
#11580=CARTESIAN_POINT('Ctrl Pts',(-66.8470090887868,608.492600024754,-65.035633430161));
#11581=CARTESIAN_POINT('Ctrl Pts',(-66.8556983261568,608.488595357183,-63.2369856267435));
#11582=CARTESIAN_POINT('Ctrl Pts',(-66.6157553286642,608.484369084037,-61.4310584627067));
#11583=CARTESIAN_POINT('Ctrl Pts',(-64.9381014061184,608.46933885174,-55.316592085097));
#11584=CARTESIAN_POINT('Ctrl Pts',(-62.1557386990572,608.457939728448,-51.3368338171008));
#11585=CARTESIAN_POINT('Ctrl Pts',(-57.1392412526007,608.447587999343,-47.9937559596219));
#11586=CARTESIAN_POINT('Ctrl Pts',(-53.9747259761103,608.442379353211,-46.3612718996685));
#11587=CARTESIAN_POINT('Ctrl Pts',(-50.3776041812793,608.44018361589,-45.7056415463411));
#11588=CARTESIAN_POINT('Ctrl Pts',(-48.2499992189461,608.44018361589,-45.705641546341));
#11589=CARTESIAN_POINT('Ctrl Pts',(-66.4743986942403,608.623792668446,-65.03563343055));
#11590=CARTESIAN_POINT('Ctrl Pts',(-66.4777135593021,608.623858015451,-63.2708995479295));
#11591=CARTESIAN_POINT('Ctrl Pts',(-66.2369593121702,608.62386984132,-61.5004624157985));
#11592=CARTESIAN_POINT('Ctrl Pts',(-64.5743922274116,608.623952657833,-55.5112856990515));
#11593=CARTESIAN_POINT('Ctrl Pts',(-61.8380857589259,608.623826286844,-51.625431188569));
#11594=CARTESIAN_POINT('Ctrl Pts',(-56.9298838884393,608.623818716957,-48.3682466744977));
#11595=CARTESIAN_POINT('Ctrl Pts',(-53.8364582596818,608.623895667148,-46.7789930460781));
#11596=CARTESIAN_POINT('Ctrl Pts',(-50.3261795537351,608.623792668446,-46.1418551501056));
#11597=CARTESIAN_POINT('Ctrl Pts',(-48.2499992189461,608.623792668446,-46.1418551501055));
#11598=CARTESIAN_POINT('Ctrl Pts',(-66.2499992189461,608.623792668446,-65.0356334307843));
#11599=CARTESIAN_POINT('Ctrl Pts',(-66.2499992171251,608.623792668446,-63.2913591583098));
#11600=CARTESIAN_POINT('Ctrl Pts',(-66.0086623584604,608.623792668446,-61.5423030680959));
#11601=CARTESIAN_POINT('Ctrl Pts',(-64.3548659743638,608.623792668446,-55.6287104028869));
#11602=CARTESIAN_POINT('Ctrl Pts',(-61.6460461338632,608.623792668446,-51.7995183757229));
#11603=CARTESIAN_POINT('Ctrl Pts',(-56.8031709248281,608.623792668446,-48.5943822621959));
#11604=CARTESIAN_POINT('Ctrl Pts',(-53.7527483937492,608.623792668446,-47.0314244337757));
#11605=CARTESIAN_POINT('Ctrl Pts',(-50.2950006156713,608.623792668446,-46.4054211030373));
#11606=CARTESIAN_POINT('Ctrl Pts',(-48.2499992189461,608.623792668446,-46.4054211030372));
#11607=CARTESIAN_POINT('',(-67.2499992189461,607.623792668181,-65.0356334297392));
#11608=CARTESIAN_POINT('Origin',(-66.2499992189461,607.623792668446,-65.0356334307843));
#11609=CARTESIAN_POINT('Ctrl Pts',(-67.2499992189461,607.623792668181,-65.0356334297403));
#11610=CARTESIAN_POINT('Ctrl Pts',(-67.2499992170239,607.600731208916,-63.2002952215721));
#11611=CARTESIAN_POINT('Ctrl Pts',(-66.9952547550544,607.576988037087,-61.360168887454));
#11612=CARTESIAN_POINT('Ctrl Pts',(-65.2495807942491,607.494730009275,-55.1394643070706));
#11613=CARTESIAN_POINT('Ctrl Pts',(-62.3902709625662,607.437251765785,-51.1131392277538));
#11614=CARTESIAN_POINT('Ctrl Pts',(-57.2783471307136,607.38761237327,-47.7436729618019));
#11615=CARTESIAN_POINT('Ctrl Pts',(-54.0584566812652,607.363092010368,-46.1007165437004));
#11616=CARTESIAN_POINT('Ctrl Pts',(-50.4086118043818,607.353049120211,-45.4427695923184));
#11617=CARTESIAN_POINT('Ctrl Pts',(-48.2499992189461,607.353049120211,-45.4427695923183));
#11618=CARTESIAN_POINT('Origin',(-66.2499992189461,607.623792668446,-115.080263844192));
#11619=CARTESIAN_POINT('',(-67.2499992189479,607.623792668446,-95.1248928739653));
#11620=CARTESIAN_POINT('Origin',(-66.2499992189461,607.623792668446,-95.1248928739653));
#11621=CARTESIAN_POINT('',(-67.2499992189461,607.623792668446,-115.080263844192));
#11622=CARTESIAN_POINT('Ctrl Pts',(-48.2499992189467,607.353049120744,-114.717758096638));
#11623=CARTESIAN_POINT('Ctrl Pts',(-50.406652792213,607.353049120744,-114.717758096637));
#11624=CARTESIAN_POINT('Ctrl Pts',(-54.0508922185929,607.363060097107,-114.061930078567));
#11625=CARTESIAN_POINT('Ctrl Pts',(-57.2697618887409,607.38753604392,-112.422065375592));
#11626=CARTESIAN_POINT('Ctrl Pts',(-62.3756008201664,607.437080277467,-109.058958378422));
#11627=CARTESIAN_POINT('Ctrl Pts',(-65.2335123962735,607.494234783419,-105.057509953737));
#11628=CARTESIAN_POINT('Ctrl Pts',(-66.9935753596053,607.576807982993,-98.8143364350266));
#11629=CARTESIAN_POINT('Ctrl Pts',(-67.2499991686473,607.600774200277,-96.9567954207265));
#11630=CARTESIAN_POINT('Ctrl Pts',(-67.2499992189461,607.623792661514,-95.1248928723643));
#11631=CARTESIAN_POINT('Ctrl Pts',(-48.2499992189467,607.522197229229,-114.76533061739));
#11632=CARTESIAN_POINT('Ctrl Pts',(-50.4122978905019,607.522197229229,-114.76533061739));
#11633=CARTESIAN_POINT('Ctrl Pts',(-54.06593894119,607.531767549456,-114.10562324813));
#11634=CARTESIAN_POINT('Ctrl Pts',(-57.2898747612702,607.554990167666,-112.457594847311));
#11635=CARTESIAN_POINT('Ctrl Pts',(-62.4009056584965,607.601790940841,-109.079525860383));
#11636=CARTESIAN_POINT('Ctrl Pts',(-65.2528428300213,607.655155415132,-105.065467363975));
#11637=CARTESIAN_POINT('Ctrl Pts',(-67.0007712517027,607.730756061942,-98.8153495260182));
#11638=CARTESIAN_POINT('Ctrl Pts',(-67.2534524230563,607.752565631916,-96.9568105632555));
#11639=CARTESIAN_POINT('Ctrl Pts',(-67.2499992199831,607.773392312346,-95.1248928723643));
#11640=CARTESIAN_POINT('Ctrl Pts',(-48.2499992189467,607.885138516939,-114.768694428954));
#11641=CARTESIAN_POINT('Ctrl Pts',(-50.412702721999,607.885138516939,-114.768694428954));
#11642=CARTESIAN_POINT('Ctrl Pts',(-54.0668752162289,607.892617096361,-114.105355835468));
#11643=CARTESIAN_POINT('Ctrl Pts',(-57.2863968238503,607.910455644338,-112.450776000474));
#11644=CARTESIAN_POINT('Ctrl Pts',(-62.386280581226,607.946225386148,-109.061941782575));
#11645=CARTESIAN_POINT('Ctrl Pts',(-65.2190236421071,607.986333584712,-105.043066423065));
#11646=CARTESIAN_POINT('Ctrl Pts',(-66.9433124289487,608.041409170415,-98.8042276188046));
#11647=CARTESIAN_POINT('Ctrl Pts',(-67.1897865002161,608.057152613951,-96.9505850985144));
#11648=CARTESIAN_POINT('Ctrl Pts',(-67.1814959202074,608.072036174825,-95.1248928704894));
#11649=CARTESIAN_POINT('Ctrl Pts',(-48.2499992189467,608.440182997229,-114.454885803476));
#11650=CARTESIAN_POINT('Ctrl Pts',(-50.375673309515,608.440182997229,-114.454885803476));
#11651=CARTESIAN_POINT('Ctrl Pts',(-53.9672756249715,608.442371844924,-113.801364108823));
#11652=CARTESIAN_POINT('Ctrl Pts',(-57.1308102680725,608.44757151704,-112.171939908489));
#11653=CARTESIAN_POINT('Ctrl Pts',(-62.1413679461696,608.457903311193,-108.835175476243));
#11654=CARTESIAN_POINT('Ctrl Pts',(-64.9225480132659,608.469245041313,-104.879828981639));
#11655=CARTESIAN_POINT('Ctrl Pts',(-66.6141829234473,608.484336762057,-98.7431839267338));
#11656=CARTESIAN_POINT('Ctrl Pts',(-66.8556819145621,608.488602472918,-96.9201737242627));
#11657=CARTESIAN_POINT('Ctrl Pts',(-66.847008925516,608.492599673817,-95.1248928613344));
#11658=CARTESIAN_POINT('Ctrl Pts',(-48.2499992189466,608.623792668446,-114.018672538622));
#11659=CARTESIAN_POINT('Ctrl Pts',(-50.3242953515408,608.623792668446,-114.018672538622));
#11660=CARTESIAN_POINT('Ctrl Pts',(-53.829186236704,608.623896463749,-113.383585779976));
#11661=CARTESIAN_POINT('Ctrl Pts',(-56.9216396298741,608.623819623085,-111.797317695813));
#11662=CARTESIAN_POINT('Ctrl Pts',(-61.8240117615947,608.623827886126,-108.54628252736));
#11663=CARTESIAN_POINT('Ctrl Pts',(-64.5590472437861,608.623955077395,-104.684362461845));
#11664=CARTESIAN_POINT('Ctrl Pts',(-66.2353760385227,608.623870705189,-98.6735125560916));
#11665=CARTESIAN_POINT('Ctrl Pts',(-66.4777073333265,608.623857893612,-96.8863233116622));
#11666=CARTESIAN_POINT('Ctrl Pts',(-66.4743986951928,608.623792668446,-95.1248928511361));
#11667=CARTESIAN_POINT('Ctrl Pts',(-48.2499992189466,608.623792668446,-113.755106585769));
#11668=CARTESIAN_POINT('Ctrl Pts',(-50.2931447094068,608.623792668446,-113.755106585769));
#11669=CARTESIAN_POINT('Ctrl Pts',(-53.7455820606993,608.623792668446,-113.131119142186));
#11670=CARTESIAN_POINT('Ctrl Pts',(-56.7950375377019,608.623792668446,-111.571101790263));
#11671=CARTESIAN_POINT('Ctrl Pts',(-61.6321481042402,608.623792668446,-108.37201534204));
#11672=CARTESIAN_POINT('Ctrl Pts',(-64.3396432816446,608.623792668446,-104.566469710341));
#11673=CARTESIAN_POINT('Ctrl Pts',(-66.0070713522058,608.623792668446,-98.6315103191199));
#11674=CARTESIAN_POINT('Ctrl Pts',(-66.2499991712947,608.623792668446,-96.8659020147852));
#11675=CARTESIAN_POINT('Ctrl Pts',(-66.2499992189461,608.623792668446,-95.1248928449943));
#11676=CARTESIAN_POINT('',(-48.2499992189467,607.353049120744,-114.717758096638));
#11677=CARTESIAN_POINT('Origin',(-48.2499992189466,607.623792668446,-113.755106585769));
#11678=CARTESIAN_POINT('Ctrl Pts',(-48.2499992189467,607.353049120744,-114.717758096638));
#11679=CARTESIAN_POINT('Ctrl Pts',(-50.406652792213,607.353049120744,-114.717758096637));
#11680=CARTESIAN_POINT('Ctrl Pts',(-54.0508922185929,607.363060097107,-114.061930078567));
#11681=CARTESIAN_POINT('Ctrl Pts',(-57.2697618887409,607.38753604392,-112.422065375592));
#11682=CARTESIAN_POINT('Ctrl Pts',(-62.3756008201664,607.437080277467,-109.058958378422));
#11683=CARTESIAN_POINT('Ctrl Pts',(-65.2335123962735,607.494234783419,-105.057509953737));
#11684=CARTESIAN_POINT('Ctrl Pts',(-66.9935753594674,607.576807982987,-98.8143364355157));
#11685=CARTESIAN_POINT('Ctrl Pts',(-67.2499991685061,607.600774200264,-96.9567954217497));
#11686=CARTESIAN_POINT('Ctrl Pts',(-67.2499992189461,607.623792661495,-95.124892873878));
#11687=CARTESIAN_POINT('Ctrl Pts',(-48.2499992189467,608.623792668446,-113.755106588088));
#11688=CARTESIAN_POINT('Ctrl Pts',(-41.6666658856132,608.623792668446,-113.755106588088));
#11689=CARTESIAN_POINT('Ctrl Pts',(-35.0833325522797,608.623792668446,-113.755106588088));
#11690=CARTESIAN_POINT('Ctrl Pts',(-28.4999992189461,608.623792668446,-113.755106588088));
#11691=CARTESIAN_POINT('Ctrl Pts',(-48.2499992189467,608.623792668446,-113.930817223046));
#11692=CARTESIAN_POINT('Ctrl Pts',(-41.6666658856132,608.623792668446,-113.930817223046));
#11693=CARTESIAN_POINT('Ctrl Pts',(-35.0833325522796,608.623792668446,-113.930817223046));
#11694=CARTESIAN_POINT('Ctrl Pts',(-28.4999992189461,608.623792668446,-113.930817223046));
#11695=CARTESIAN_POINT('Ctrl Pts',(-48.2499992189467,608.528766878088,-114.281114019201));
#11696=CARTESIAN_POINT('Ctrl Pts',(-41.6666658856132,608.528766878088,-114.281114019201));
#11697=CARTESIAN_POINT('Ctrl Pts',(-35.0833325522797,608.528766878088,-114.281114019201));
#11698=CARTESIAN_POINT('Ctrl Pts',(-28.4999992189461,608.528766878088,-114.281114019201));
#11699=CARTESIAN_POINT('Ctrl Pts',(-48.2499992189467,608.076403807382,-114.730466808657));
#11700=CARTESIAN_POINT('Ctrl Pts',(-41.6666658856132,608.076403807382,-114.730466808657));
#11701=CARTESIAN_POINT('Ctrl Pts',(-35.0833325522796,608.076403807382,-114.730466808657));
#11702=CARTESIAN_POINT('Ctrl Pts',(-28.4999992189461,608.076403807382,-114.730466808657));
#11703=CARTESIAN_POINT('Ctrl Pts',(-48.2499992189467,607.606771286083,-114.789116880022));
#11704=CARTESIAN_POINT('Ctrl Pts',(-41.6666658856132,607.606771286083,-114.789116880022));
#11705=CARTESIAN_POINT('Ctrl Pts',(-35.0833325522797,607.606771286083,-114.789116880022));
#11706=CARTESIAN_POINT('Ctrl Pts',(-28.4999992189461,607.606771286083,-114.789116880022));
#11707=CARTESIAN_POINT('Ctrl Pts',(-48.2499992189467,607.353049123549,-114.717758099746));
#11708=CARTESIAN_POINT('Ctrl Pts',(-41.6666658856132,607.353049123549,-114.717758099746));
#11709=CARTESIAN_POINT('Ctrl Pts',(-35.0833325522797,607.353049123549,-114.717758099746));
#11710=CARTESIAN_POINT('Ctrl Pts',(-28.4999992189461,607.353049123549,-114.717758099746));
#11711=CARTESIAN_POINT('Ctrl Pts',(-28.4999992189461,607.353049123549,-114.717758099746));
#11712=CARTESIAN_POINT('Ctrl Pts',(-35.0833325522797,607.353049123549,-114.717758099746));
#11713=CARTESIAN_POINT('Ctrl Pts',(-41.6666658856132,607.353049123549,-114.717758099746));
#11714=CARTESIAN_POINT('Ctrl Pts',(-48.2499992189467,607.353049123549,-114.717758099746));
#11715=CARTESIAN_POINT('Ctrl Pts',(-48.2499992189461,523.623792668446,-45.0802638441916));
#11716=CARTESIAN_POINT('Ctrl Pts',(-24.5499992189461,523.623792668446,-45.0802638441916));
#11717=CARTESIAN_POINT('Ctrl Pts',(-48.2499992189461,564.510936858595,-57.8416362970833));
#11718=CARTESIAN_POINT('Ctrl Pts',(-24.5499992189461,564.510936858595,-57.8416362970833));
#11719=CARTESIAN_POINT('Ctrl Pts',(-48.2499992189462,608.623792668446,-45.0802638441916));
#11720=CARTESIAN_POINT('Ctrl Pts',(-24.5499992189461,608.623792668446,-45.0802638441916));
#11721=CARTESIAN_POINT('',(-48.2499992032023,529.30188456355,-46.7252522812922));
#11722=CARTESIAN_POINT('Ctrl Pts',(-48.2499992189462,607.353049124264,-45.4427695911785));
#11723=CARTESIAN_POINT('Ctrl Pts',(-48.2499992189462,607.104593865976,-45.512647067569));
#11724=CARTESIAN_POINT('Ctrl Pts',(-48.2499992189462,606.853556006115,-45.5826635000536));
#11725=CARTESIAN_POINT('Ctrl Pts',(-48.2499992189462,606.600296925024,-45.652682586547));
#11726=CARTESIAN_POINT('Ctrl Pts',(-48.2499992189462,606.176112957784,-45.7699576463922));
#11727=CARTESIAN_POINT('Ctrl Pts',(-48.249999218947,605.74569743812,-45.8872374593399));
#11728=CARTESIAN_POINT('Ctrl Pts',(-48.2499992189474,605.310753896257,-46.0039198745193));
#11729=CARTESIAN_POINT('Ctrl Pts',(-48.2499992189478,604.909744334328,-46.1114988122253));
#11730=CARTESIAN_POINT('Ctrl Pts',(-48.2499992189478,604.50488577984,-46.2185703014695));
#11731=CARTESIAN_POINT('Ctrl Pts',(-48.2499992189462,604.097519340469,-46.3247012854818));
#11732=CARTESIAN_POINT('Ctrl Pts',(-48.2499992189444,603.667365998779,-46.436768930279));
#11733=CARTESIAN_POINT('Ctrl Pts',(-48.2499992189436,603.234574773535,-46.5477450135928));
#11734=CARTESIAN_POINT('Ctrl Pts',(-48.2499992189433,602.800764560444,-46.6571642118624));
#11735=CARTESIAN_POINT('Ctrl Pts',(-48.249999218943,602.368801674447,-46.7661174620206));
#11736=CARTESIAN_POINT('Ctrl Pts',(-48.2499992189433,601.93582857921,-46.8735269920145));
#11737=CARTESIAN_POINT('Ctrl Pts',(-48.2499992189437,601.503446946875,-46.9789847138405));
#11738=CARTESIAN_POINT('Ctrl Pts',(-48.2499992189442,601.071569137434,-47.084319553447));
#11739=CARTESIAN_POINT('Ctrl Pts',(-48.2499992189449,600.640281531967,-47.1877071017149));
#11740=CARTESIAN_POINT('Ctrl Pts',(-48.2499992189454,600.211181801955,-47.2887927575528));
#11741=CARTESIAN_POINT('Ctrl Pts',(-48.2499992189458,599.832674837332,-47.3779599652717));
#11742=CARTESIAN_POINT('Ctrl Pts',(-48.2499992189462,599.455870315843,-47.465336853546));
#11743=CARTESIAN_POINT('Ctrl Pts',(-48.2499992189462,599.081864733428,-47.5507137242308));
#11744=CARTESIAN_POINT('Ctrl Pts',(-48.2499992189462,599.01920872065,-47.5650166505828));
#11745=CARTESIAN_POINT('Ctrl Pts',(-48.2499992189462,598.956630573875,-47.5792637119544));
#11746=CARTESIAN_POINT('Ctrl Pts',(-48.2499992189462,598.894135367101,-47.5934540260982));
#11747=CARTESIAN_POINT('Ctrl Pts',(-48.2499992189462,598.870553499809,-47.5988085824273));
#11748=CARTESIAN_POINT('Ctrl Pts',(-48.2499992189462,598.846975510044,-47.6041568611703));
#11749=CARTESIAN_POINT('Ctrl Pts',(-48.2499992189462,598.823394642207,-47.6095003943407));
#11750=CARTESIAN_POINT('Ctrl Pts',(-48.2499992189461,597.18806124542,-47.9800744678174));
#11751=CARTESIAN_POINT('Ctrl Pts',(-48.2499992189461,595.549117886056,-48.3255010579937));
#11752=CARTESIAN_POINT('Ctrl Pts',(-48.2499992189461,593.906469744392,-48.6451041937061));
#11753=CARTESIAN_POINT('Ctrl Pts',(-48.2499992189461,592.763848037541,-48.8674192903966));
#11754=CARTESIAN_POINT('Ctrl Pts',(-48.2499992189461,591.619433673782,-49.0772396879652));
#11755=CARTESIAN_POINT('Ctrl Pts',(-48.2499992189461,590.473193757017,-49.274339773775));
#11756=CARTESIAN_POINT('Ctrl Pts',(-48.2499992189461,589.993612663301,-49.3568054716988));
#11757=CARTESIAN_POINT('Ctrl Pts',(-48.2499992189461,589.513711898322,-49.4370444572098));
#11758=CARTESIAN_POINT('Ctrl Pts',(-48.2499992189461,589.033489287429,-49.5150402474481));
#11759=CARTESIAN_POINT('Ctrl Pts',(-48.2499992189461,586.760124609451,-49.8842708303831));
#11760=CARTESIAN_POINT('Ctrl Pts',(-48.2499992189461,584.479548136223,-50.2033305522024));
#11761=CARTESIAN_POINT('Ctrl Pts',(-48.2499992189461,582.19148089147,-50.4701501767631));
#11762=CARTESIAN_POINT('Ctrl Pts',(-48.2499992189461,579.978475513128,-50.7282165712513));
#11763=CARTESIAN_POINT('Ctrl Pts',(-48.2499992189461,577.75846255926,-50.9374140977567));
#11764=CARTESIAN_POINT('Ctrl Pts',(-48.2499992189461,575.531179661304,-51.095917140034));
#11765=CARTESIAN_POINT('Ctrl Pts',(-48.2499992189461,574.417538212326,-51.1751686611726));
#11766=CARTESIAN_POINT('Ctrl Pts',(-48.2499992189461,573.302079139612,-51.2417473105486));
#11767=CARTESIAN_POINT('Ctrl Pts',(-48.2499992189461,572.184768923228,-51.2954296043627));
#11768=CARTESIAN_POINT('Ctrl Pts',(-48.2499992189461,571.612477664877,-51.3229259138276));
#11769=CARTESIAN_POINT('Ctrl Pts',(-48.2499992189461,571.03970074576,-51.3470388732059));
#11770=CARTESIAN_POINT('Ctrl Pts',(-48.2499992189461,570.466433621417,-51.3677387899922));
#11771=CARTESIAN_POINT('Ctrl Pts',(-48.2499992189461,570.041472346593,-51.3830835789268));
#11772=CARTESIAN_POINT('Ctrl Pts',(-48.2499992189461,569.61624169293,-51.3965528325321));
#11773=CARTESIAN_POINT('Ctrl Pts',(-48.2499992189461,569.190739800729,-51.4081345392352));
#11774=CARTESIAN_POINT('Ctrl Pts',(-48.2499992189461,569.06959884152,-51.411431866662));
#11775=CARTESIAN_POINT('Ctrl Pts',(-48.2499992189461,568.948436384155,-51.4145761849304));
#11776=CARTESIAN_POINT('Ctrl Pts',(-48.2499992189461,568.827254171443,-51.417567182098));
#11777=CARTESIAN_POINT('Ctrl Pts',(-48.2499992189462,567.084678800154,-51.4605771080872));
#11778=CARTESIAN_POINT('Ctrl Pts',(-48.2499992189461,565.344050508819,-51.4717345516702));
#11779=CARTESIAN_POINT('Ctrl Pts',(-48.2499992189461,563.605332619992,-51.4507135457094));
#11780=CARTESIAN_POINT('Ctrl Pts',(-48.2499992189461,561.870358135771,-51.4297377973094));
#11781=CARTESIAN_POINT('Ctrl Pts',(-48.2499992189461,560.137285723137,-51.376721968544));
#11782=CARTESIAN_POINT('Ctrl Pts',(-48.2499992189461,558.406070430865,-51.291393244872));
#11783=CARTESIAN_POINT('Ctrl Pts',(-48.2499992189461,556.777861435383,-51.2111415303244));
#11784=CARTESIAN_POINT('Ctrl Pts',(-48.2499992189461,555.151294991219,-51.1023081207625));
#11785=CARTESIAN_POINT('Ctrl Pts',(-48.2499992189461,553.526328160314,-50.9647078948833));
#11786=CARTESIAN_POINT('Ctrl Pts',(-48.2499992189461,552.670973303723,-50.8922774801602));
#11787=CARTESIAN_POINT('Ctrl Pts',(-48.2499992189461,551.816061584624,-50.8118770648992));
#11788=CARTESIAN_POINT('Ctrl Pts',(-48.2499992189461,550.961586262853,-50.7234842211344));
#11789=CARTESIAN_POINT('Ctrl Pts',(-48.2499992189461,550.326692133189,-50.6578063762855));
#11790=CARTESIAN_POINT('Ctrl Pts',(-48.2499992189461,549.692038923847,-50.5877161206569));
#11791=CARTESIAN_POINT('Ctrl Pts',(-48.2499992189461,549.057623773521,-50.5132053911612));
#11792=CARTESIAN_POINT('Ctrl Pts',(-48.2499992189461,548.923798334289,-50.4974878738587));
#11793=CARTESIAN_POINT('Ctrl Pts',(-48.2499992189461,548.789984693028,-50.4815738041884));
#11794=CARTESIAN_POINT('Ctrl Pts',(-48.2499992189461,548.656182583117,-50.4654630931772));
#11795=CARTESIAN_POINT('Ctrl Pts',(-48.2499992189461,547.820416058002,-50.3648309509196));
#11796=CARTESIAN_POINT('Ctrl Pts',(-48.2499992189461,546.984746401983,-50.2564429194119));
#11797=CARTESIAN_POINT('Ctrl Pts',(-48.2499992189461,546.150028892496,-50.140418561697));
#11798=CARTESIAN_POINT('Ctrl Pts',(-48.2499992189461,545.626778562048,-50.0676876283879));
#11799=CARTESIAN_POINT('Ctrl Pts',(-48.2499992189461,545.103902384687,-49.9919559276663));
#11800=CARTESIAN_POINT('Ctrl Pts',(-48.2499992189461,544.581611199001,-49.9132523775584));
#11801=CARTESIAN_POINT('Ctrl Pts',(-48.2499992189461,544.270714955318,-49.8664037253818));
#11802=CARTESIAN_POINT('Ctrl Pts',(-48.2499992189461,543.96002979331,-49.818502675128));
#11803=CARTESIAN_POINT('Ctrl Pts',(-48.2499992189461,543.649580162067,-49.7695520360591));
#11804=CARTESIAN_POINT('Ctrl Pts',(-48.2499992189462,542.817942334508,-49.6384222197025));
#11805=CARTESIAN_POINT('Ctrl Pts',(-48.2499992189513,541.987744595312,-49.4997436277774));
#11806=CARTESIAN_POINT('Ctrl Pts',(-48.2499992189551,541.159026599672,-49.3535488626923));
#11807=CARTESIAN_POINT('Ctrl Pts',(-48.2499992189573,540.680541297551,-49.2691389105634));
#11808=CARTESIAN_POINT('Ctrl Pts',(-48.249999218959,540.202549265335,-49.1822234358252));
#11809=CARTESIAN_POINT('Ctrl Pts',(-48.249999218959,539.725057909787,-49.0928097552317));
#11810=CARTESIAN_POINT('Ctrl Pts',(-48.249999218959,539.503838680972,-49.0513848681912));
#11811=CARTESIAN_POINT('Ctrl Pts',(-48.2499992189587,539.282728056512,-49.0094239914204));
#11812=CARTESIAN_POINT('Ctrl Pts',(-48.2499992189578,539.061723203387,-48.9669272228525));
#11813=CARTESIAN_POINT('Ctrl Pts',(-48.2499992189572,538.933561586385,-48.9422831731856));
#11814=CARTESIAN_POINT('Ctrl Pts',(-48.2499992189564,538.805433354888,-48.9174584876824));
#11815=CARTESIAN_POINT('Ctrl Pts',(-48.2499992189554,538.677338779109,-48.89245332385));
#11816=CARTESIAN_POINT('Ctrl Pts',(-48.2499992189446,537.4094488131,-48.644950288468));
#11817=CARTESIAN_POINT('Ctrl Pts',(-48.2499992189561,536.144853386132,-48.3797688947805));
#11818=CARTESIAN_POINT('Ctrl Pts',(-48.2499992189685,534.883827338665,-48.0970526566959));
#11819=CARTESIAN_POINT('Ctrl Pts',(-48.2499992189809,533.618436394982,-47.8133578289618));
#11820=CARTESIAN_POINT('Ctrl Pts',(-48.2499992189941,532.356639497553,-47.5120065536268));
#11821=CARTESIAN_POINT('Ctrl Pts',(-48.2499992189867,531.098704922289,-47.19319551033));
#11822=CARTESIAN_POINT('Ctrl Pts',(-48.2499992189831,530.498877251612,-47.0411751356244));
#11823=CARTESIAN_POINT('Ctrl Pts',(-48.2499992189749,529.899927634967,-46.8851856547425));
#11824=CARTESIAN_POINT('Ctrl Pts',(-48.2499992189596,529.301884495691,-46.7252525061348));
#11825=CARTESIAN_POINT('',(-47.2499992189461,526.656133304605,-45.9903206234281));
#11826=CARTESIAN_POINT('Ctrl Pts',(-48.2499992160109,529.301884612456,-46.7252520561764));
#11827=CARTESIAN_POINT('Ctrl Pts',(-48.0724744502686,529.100590448416,-46.6714208691726));
#11828=CARTESIAN_POINT('Ctrl Pts',(-47.9166656404053,528.883106443593,-46.6127821841049));
#11829=CARTESIAN_POINT('Ctrl Pts',(-47.7841368821733,528.653088514128,-46.5501035238351));
#11830=CARTESIAN_POINT('Ctrl Pts',(-47.6749946619863,528.4636604395,-46.4984853827505));
#11831=CARTESIAN_POINT('Ctrl Pts',(-47.5816412463897,528.265731680326,-46.4441275169114));
#11832=CARTESIAN_POINT('Ctrl Pts',(-47.5049502327222,528.061340795015,-46.3874854135948));
#11833=CARTESIAN_POINT('Ctrl Pts',(-47.4222731252933,527.840996241276,-46.3264221281204));
#11834=CARTESIAN_POINT('Ctrl Pts',(-47.3594038241032,527.614323218628,-46.2630301540469));
#11835=CARTESIAN_POINT('Ctrl Pts',(-47.3167825702265,527.384011619575,-46.1979815029405));
#11836=CARTESIAN_POINT('Ctrl Pts',(-47.3132700234439,527.365030942268,-46.1926206463402));
#11837=CARTESIAN_POINT('Ctrl Pts',(-47.3098949995344,527.346025548385,-46.1872485670188));
#11838=CARTESIAN_POINT('Ctrl Pts',(-47.3066577449194,527.326996941549,-46.1818656571199));
#11839=CARTESIAN_POINT('Ctrl Pts',(-47.2866794689463,527.209564485981,-46.1486457617799));
#11840=CARTESIAN_POINT('Ctrl Pts',(-47.2719722564253,527.091388952036,-46.1150529484223));
#11841=CARTESIAN_POINT('Ctrl Pts',(-47.2625556607346,526.972825379261,-46.0811832593155));
#11842=CARTESIAN_POINT('Ctrl Pts',(-47.2541842346828,526.867421450439,-46.0510728449929));
#11843=CARTESIAN_POINT('Ctrl Pts',(-47.2499992189427,526.761774480129,-46.0207618369306));
#11844=CARTESIAN_POINT('Ctrl Pts',(-47.2499992189461,526.656133304605,-45.9903206234281));
#11845=CARTESIAN_POINT('',(-47.2499992189461,523.623792668446,-45.0802638441916));
#11846=CARTESIAN_POINT('Ctrl Pts',(-47.2499992189461,523.623792668446,-45.0802638441916));
#11847=CARTESIAN_POINT('Ctrl Pts',(-47.2499992189461,524.12750352024,-45.2374780961437));
#11848=CARTESIAN_POINT('Ctrl Pts',(-47.2499992189461,524.632059849121,-45.3919364200881));
#11849=CARTESIAN_POINT('Ctrl Pts',(-47.2499992189461,525.642866435142,-45.6953077287688));
#11850=CARTESIAN_POINT('Ctrl Pts',(-47.2499992189461,526.149089390723,-45.8442125177483));
#11851=CARTESIAN_POINT('Ctrl Pts',(-47.2499992189461,526.656133304605,-45.9903206234281));
#11852=CARTESIAN_POINT('',(-32.4999992189461,523.623792668446,-45.0802638441916));
#11853=CARTESIAN_POINT('',(-47.2499992189461,523.623792668446,-45.0802638441916));
#11854=CARTESIAN_POINT('',(-32.4999992189461,529.734394965913,-46.8401865293279));
#11855=CARTESIAN_POINT('Ctrl Pts',(-32.4999992189461,523.623792668446,-45.0802638441916));
#11856=CARTESIAN_POINT('Ctrl Pts',(-32.4999992189461,526.670140561561,-46.0310658836867));
#11857=CARTESIAN_POINT('Ctrl Pts',(-32.4999992189461,529.734394965913,-46.8401865293278));
#11858=CARTESIAN_POINT('',(-35.9999992189461,529.734394965913,-46.8401865293279));
#11859=CARTESIAN_POINT('Ctrl Pts',(-35.9999992189461,529.734394965913,-46.8401865293278));
#11860=CARTESIAN_POINT('Ctrl Pts',(-34.8333325522795,529.734394965913,-46.8401865293278));
#11861=CARTESIAN_POINT('Ctrl Pts',(-33.6666658856128,529.734394965913,-46.8401865293278));
#11862=CARTESIAN_POINT('Ctrl Pts',(-32.4999992189461,529.734394965913,-46.8401865293278));
#11863=CARTESIAN_POINT('',(-38.9999992189461,532.692534633946,-47.5872720795672));
#11864=CARTESIAN_POINT('Ctrl Pts',(-38.9999992189461,532.692534633946,-47.5872720795672));
#11865=CARTESIAN_POINT('Ctrl Pts',(-38.9999992189461,532.037231914374,-47.429287838923));
#11866=CARTESIAN_POINT('Ctrl Pts',(-38.6198699597923,530.948944035151,-47.1574330368924));
#11867=CARTESIAN_POINT('Ctrl Pts',(-37.3653378264288,529.944217456355,-46.8957253388897));
#11868=CARTESIAN_POINT('Ctrl Pts',(-36.4557679831359,529.734394965913,-46.8401865293279));
#11869=CARTESIAN_POINT('Ctrl Pts',(-35.9999992189462,529.734394965913,-46.8401865293278));
#11870=CARTESIAN_POINT('',(-38.9999992189461,541.565388727619,-49.4246115320541));
#11871=CARTESIAN_POINT('Ctrl Pts',(-38.9999992189461,541.565388727619,-49.4246115320541));
#11872=CARTESIAN_POINT('Ctrl Pts',(-38.9999992189461,538.589162102853,-48.9086970731545));
#11873=CARTESIAN_POINT('Ctrl Pts',(-38.9999992189461,535.629647927749,-48.295368657757));
#11874=CARTESIAN_POINT('Ctrl Pts',(-38.9999992189461,532.692534633946,-47.5872720795672));
#11875=CARTESIAN_POINT('',(-35.9999992189461,544.522677833649,-49.9043643245711));
#11876=CARTESIAN_POINT('Ctrl Pts',(-35.9999992189462,544.522677833649,-49.9043643245711));
#11877=CARTESIAN_POINT('Ctrl Pts',(-36.6776838222809,544.522677833649,-49.9043643245711));
#11878=CARTESIAN_POINT('Ctrl Pts',(-38.2590527636477,543.97076495902,-49.8229104630208));
#11879=CARTESIAN_POINT('Ctrl Pts',(-38.9999992189461,542.443031554074,-49.5767466618691));
#11880=CARTESIAN_POINT('Ctrl Pts',(-38.9999992189461,541.56538872762,-49.4246115320541));
#11881=CARTESIAN_POINT('',(-28.4999992189461,544.522677833649,-49.9043643245711));
#11882=CARTESIAN_POINT('Ctrl Pts',(-28.4999992189461,544.522677833649,-49.9043643245712));
#11883=CARTESIAN_POINT('Ctrl Pts',(-30.9999992189461,544.522677833649,-49.9043643245712));
#11884=CARTESIAN_POINT('Ctrl Pts',(-33.4999992189461,544.522677833649,-49.9043643245712));
#11885=CARTESIAN_POINT('Ctrl Pts',(-35.9999992189461,544.522677833649,-49.9043643245712));
#11886=CARTESIAN_POINT('Ctrl Pts',(-28.4999992189461,544.522677833649,-49.9043643245711));
#11887=CARTESIAN_POINT('Ctrl Pts',(-28.4999992189461,575.072364717141,-54.5216385480124));
#11888=CARTESIAN_POINT('Ctrl Pts',(-28.4999992189461,607.353049123549,-45.4427695886375));
#11889=CARTESIAN_POINT('Ctrl Pts',(-67.2499992189461,614.427494154041,-63.1803817703738));
#11890=CARTESIAN_POINT('Ctrl Pts',(-67.2499992189461,609.147497697482,-44.9287616390342));
#11891=CARTESIAN_POINT('Ctrl Pts',(-48.2499992189461,609.147497697482,-44.9287616390342));
#11892=CARTESIAN_POINT('Ctrl Pts',(-67.2499992189461,614.312479073879,-63.2136543900827));
#11893=CARTESIAN_POINT('Ctrl Pts',(-67.2499992189428,609.03248261732,-44.9620342587433));
#11894=CARTESIAN_POINT('Ctrl Pts',(-48.2499992189461,609.032482617321,-44.9620342587432));
#11895=CARTESIAN_POINT('Ctrl Pts',(-67.2499992189461,614.197463993718,-63.2469270097913));
#11896=CARTESIAN_POINT('Ctrl Pts',(-67.2499992189457,608.917467537159,-44.9953068784525));
#11897=CARTESIAN_POINT('Ctrl Pts',(-48.2499992189461,608.917467537159,-44.9953068784523));
#11898=CARTESIAN_POINT('Ctrl Pts',(-67.2499992189461,614.024941373476,-63.2968359393558));
#11899=CARTESIAN_POINT('Ctrl Pts',(-67.2499992189464,608.744944916916,-45.0452158080157));
#11900=CARTESIAN_POINT('Ctrl Pts',(-48.2499992189461,608.744944916916,-45.0452158080158));
#11901=CARTESIAN_POINT('Ctrl Pts',(-67.2499992189462,613.967433833395,-63.3134722492101));
#11902=CARTESIAN_POINT('Ctrl Pts',(-67.2499992189462,608.687437376836,-45.0618521178705));
#11903=CARTESIAN_POINT('Ctrl Pts',(-48.2499992189461,608.687437376836,-45.0618521178704));
#11904=CARTESIAN_POINT('Ctrl Pts',(-67.2499992189461,613.881172523274,-63.3384267139917));
#11905=CARTESIAN_POINT('Ctrl Pts',(-67.2499992189462,608.601176066715,-45.0868065826521));
#11906=CARTESIAN_POINT('Ctrl Pts',(-48.2499992189461,608.601176066715,-45.0868065826521));
#11907=CARTESIAN_POINT('Ctrl Pts',(-67.2499992189461,613.852417382168,-63.3467400916824));
#11908=CARTESIAN_POINT('Ctrl Pts',(-67.2499992189464,608.57736224308,-45.0936909881625));
#11909=CARTESIAN_POINT('Ctrl Pts',(-48.2499992189461,608.57736224308,-45.0936909881625));
#11910=CARTESIAN_POINT('Ctrl Pts',(-67.2499992189461,613.794902867608,-63.3633521001985));
#11911=CARTESIAN_POINT('Ctrl Pts',(-67.2499992189459,608.525382034084,-45.1087045144198));
#11912=CARTESIAN_POINT('Ctrl Pts',(-48.2499992189461,608.525382034084,-45.1087045144197));
#11913=CARTESIAN_POINT('Ctrl Pts',(-67.2499992189461,613.766143732694,-63.3716515621703));
#11914=CARTESIAN_POINT('Ctrl Pts',(-67.2499992189462,608.499390967834,-45.1162051524388));
#11915=CARTESIAN_POINT('Ctrl Pts',(-48.2499992189461,608.499390967835,-45.1162051524387));
#11916=CARTESIAN_POINT('Ctrl Pts',(-67.2499992189461,613.507294610808,-63.446287808171));
#11917=CARTESIAN_POINT('Ctrl Pts',(-67.2499992189453,608.265462707836,-45.1836557469503));
#11918=CARTESIAN_POINT('Ctrl Pts',(-48.2499992189461,608.265462707836,-45.183655746951));
#11919=CARTESIAN_POINT('Ctrl Pts',(-67.2499992189461,613.277086270547,-63.5122122110795));
#11920=CARTESIAN_POINT('Ctrl Pts',(-67.249999218947,608.057464868635,-45.243219670549));
#11921=CARTESIAN_POINT('Ctrl Pts',(-48.2499992189461,608.057464868636,-45.2432196705494));
#11922=CARTESIAN_POINT('Ctrl Pts',(-67.2499992189461,612.586099021095,-63.7087232979978));
#11923=CARTESIAN_POINT('Ctrl Pts',(-67.2499992189445,607.433285146273,-45.4207312465908));
#11924=CARTESIAN_POINT('Ctrl Pts',(-48.2499992189461,607.433285146273,-45.42073124659));
#11925=CARTESIAN_POINT('Ctrl Pts',(-67.2499992189461,612.124957887083,-63.8380478736223));
#11926=CARTESIAN_POINT('Ctrl Pts',(-67.2499992189461,607.016917068657,-45.5374987133932));
#11927=CARTESIAN_POINT('Ctrl Pts',(-48.2499992189461,607.016917068656,-45.5374987133915));
#11928=CARTESIAN_POINT('Ctrl Pts',(-67.2499992189461,610.740073181557,-64.2209299466328));
#11929=CARTESIAN_POINT('Ctrl Pts',(-67.2499992189461,605.767056637759,-45.8830503328546));
#11930=CARTESIAN_POINT('Ctrl Pts',(-48.2499992189461,605.767056637759,-45.8830503328579));
#11931=CARTESIAN_POINT('Ctrl Pts',(-67.2499992189461,609.814868370666,-64.4693960136056));
#11932=CARTESIAN_POINT('Ctrl Pts',(-67.2499992189461,604.932808259892,-46.1070838619838));
#11933=CARTESIAN_POINT('Ctrl Pts',(-48.2499992189495,604.932808259894,-46.1070838619894));
#11934=CARTESIAN_POINT('Ctrl Pts',(-67.2499992189461,607.033307456649,-65.1940747509029));
#11935=CARTESIAN_POINT('Ctrl Pts',(-67.2499992189461,602.426941501624,-46.7599361324776));
#11936=CARTESIAN_POINT('Ctrl Pts',(-48.2499992189395,602.426941501619,-46.7599361324665));
#11937=CARTESIAN_POINT('Ctrl Pts',(-67.2499992189461,605.173649589767,-65.6488615157499));
#11938=CARTESIAN_POINT('Ctrl Pts',(-67.2499992189528,600.754587987518,-47.1688694853557));
#11939=CARTESIAN_POINT('Ctrl Pts',(-48.2499992189461,600.754587987516,-47.168869485347));
#11940=CARTESIAN_POINT('Ctrl Pts',(-67.2499992189461,599.583758801732,-66.9249049904308));
#11941=CARTESIAN_POINT('Ctrl Pts',(-67.2499992189329,595.736418225247,-48.3144022019812));
#11942=CARTESIAN_POINT('Ctrl Pts',(-48.2499992189461,595.73641822525,-48.3144022019985));
#11943=CARTESIAN_POINT('Ctrl Pts',(-67.2499992189461,595.840400000569,-67.6584582865171));
#11944=CARTESIAN_POINT('Ctrl Pts',(-67.2499992189594,592.38753875484,-48.9702892657975));
#11945=CARTESIAN_POINT('Ctrl Pts',(-48.2499992189461,592.387538754835,-48.970289265769));
#11946=CARTESIAN_POINT('Ctrl Pts',(-67.2499992189461,584.557634126168,-69.4909589235824));
#11947=CARTESIAN_POINT('Ctrl Pts',(-67.2499992189197,582.325390352608,-50.6045422107493));
#11948=CARTESIAN_POINT('Ctrl Pts',(-48.2499992189461,582.325390352618,-50.6045422108062));
#11949=CARTESIAN_POINT('Ctrl Pts',(-67.2499992189461,576.96417724173,-70.222519581614));
#11950=CARTESIAN_POINT('Ctrl Pts',(-67.2499992189195,575.596040637349,-51.2505012349402));
#11951=CARTESIAN_POINT('Ctrl Pts',(-48.2499992189461,575.596040637348,-51.2505012349192));
#11952=CARTESIAN_POINT('Ctrl Pts',(-67.2499992189461,561.627954584782,-70.6010454188028));
#11953=CARTESIAN_POINT('Ctrl Pts',(-67.2499992189727,562.058467705538,-51.5846331292558));
#11954=CARTESIAN_POINT('Ctrl Pts',(-48.2499992189461,562.058467705538,-51.5846331292769));
#11955=CARTESIAN_POINT('Ctrl Pts',(-67.2499992189461,553.990612816099,-70.2449997792883));
#11956=CARTESIAN_POINT('Ctrl Pts',(-67.2499992189461,555.342802574029,-51.2705789645334));
#11957=CARTESIAN_POINT('Ctrl Pts',(-48.2499992189461,555.342802573998,-51.2705789645657));
#11958=CARTESIAN_POINT('Ctrl Pts',(-67.2499992189461,544.483415501003,-69.100266646427));
#11959=CARTESIAN_POINT('Ctrl Pts',(-67.2499992189461,546.984527585389,-50.2641841253382));
#11960=CARTESIAN_POINT('Ctrl Pts',(-48.2499992189461,546.984527585397,-50.2641841253301));
#11961=CARTESIAN_POINT('Ctrl Pts',(-67.2499992189461,542.582365902416,-68.8360153951255));
#11962=CARTESIAN_POINT('Ctrl Pts',(-67.2499992189461,545.313279792715,-50.0318785197794));
#11963=CARTESIAN_POINT('Ctrl Pts',(-48.2499992189461,545.313279792713,-50.0318785197874));
#11964=CARTESIAN_POINT('Ctrl Pts',(-67.2499992189461,538.798206019415,-68.2393419706303));
#11965=CARTESIAN_POINT('Ctrl Pts',(-67.2499992189461,541.985880531419,-49.5072255523387));
#11966=CARTESIAN_POINT('Ctrl Pts',(-48.2499992189461,541.98588053142,-49.5072255523306));
#11967=CARTESIAN_POINT('Ctrl Pts',(-67.2499992189461,536.913830954434,-67.9068276750891));
#11968=CARTESIAN_POINT('Ctrl Pts',(-67.2499992189793,540.32861665844,-49.2147969801139));
#11969=CARTESIAN_POINT('Ctrl Pts',(-48.249999218966,540.328616658441,-49.2147969801222));
#11970=CARTESIAN_POINT('Ctrl Pts',(-67.2499992189461,531.283593851036,-66.8077569273198));
#11971=CARTESIAN_POINT('Ctrl Pts',(-67.2499992188798,535.374783020446,-48.2477660113224));
#11972=CARTESIAN_POINT('Ctrl Pts',(-48.2499992189063,535.374783020444,-48.2477660113057));
#11973=CARTESIAN_POINT('Ctrl Pts',(-67.2499992189461,527.560615152819,-65.9396917379173));
#11974=CARTESIAN_POINT('Ctrl Pts',(-67.2499992190656,532.09614673518,-47.4834704706062));
#11975=CARTESIAN_POINT('Ctrl Pts',(-48.2499992190523,532.096146735192,-47.483470470578));
#11976=CARTESIAN_POINT('Ctrl Pts',(-67.2499992189461,523.867601827475,-64.9387089135802));
#11977=CARTESIAN_POINT('Ctrl Pts',(-67.2499992189461,528.838158505401,-46.6004002044457));
#11978=CARTESIAN_POINT('Ctrl Pts',(-48.2499992189461,528.838158505401,-46.6004002044456));
#11979=CARTESIAN_POINT('',(-67.2499992189461,559.168792668446,-70.3426972033528));
#11980=CARTESIAN_POINT('Ctrl Pts',(-67.2499992188134,559.168792668446,-70.3426972033528));
#11981=CARTESIAN_POINT('Ctrl Pts',(-67.2499992188378,561.250220282465,-70.4229349474572));
#11982=CARTESIAN_POINT('Ctrl Pts',(-67.2499992189095,563.333956965547,-70.4622505876918));
#11983=CARTESIAN_POINT('Ctrl Pts',(-67.2499992189327,565.419987304989,-70.460917273177));
#11984=CARTESIAN_POINT('Ctrl Pts',(-67.2499992189471,566.711091952274,-70.4600920461734));
#11985=CARTESIAN_POINT('Ctrl Pts',(-67.2499992189459,568.00311939034,-70.4436900405398));
#11986=CARTESIAN_POINT('Ctrl Pts',(-67.2499992189442,569.296065700528,-70.4117738814076));
#11987=CARTESIAN_POINT('Ctrl Pts',(-67.2499992189431,570.092125293924,-70.3921232861267));
#11988=CARTESIAN_POINT('Ctrl Pts',(-67.2499992189414,570.88739700872,-70.3666240431315));
#11989=CARTESIAN_POINT('Ctrl Pts',(-67.2499992189261,571.68188404234,-70.3353330300032));
#11990=CARTESIAN_POINT('Ctrl Pts',(-67.2499992188708,574.554810631343,-70.2221823053105));
#11991=CARTESIAN_POINT('Ctrl Pts',(-67.2499992185675,577.416867064763,-70.0333681112053));
#11992=CARTESIAN_POINT('Ctrl Pts',(-67.2499992184851,580.26845919865,-69.7717378895083));
#11993=CARTESIAN_POINT('Ctrl Pts',(-67.2499992184479,581.555660728666,-69.6536386642844));
#11994=CARTESIAN_POINT('Ctrl Pts',(-67.24999921848,582.840730129828,-69.5207017547599));
#11995=CARTESIAN_POINT('Ctrl Pts',(-67.2499992185888,584.123705071144,-69.3731856190583));
#11996=CARTESIAN_POINT('Ctrl Pts',(-67.2499992188143,586.784694945939,-69.0672256732872));
#11997=CARTESIAN_POINT('Ctrl Pts',(-67.2499992188756,589.436504125902,-68.698497532584));
#11998=CARTESIAN_POINT('Ctrl Pts',(-67.2499992189094,592.079472054024,-68.2692549613617));
#11999=CARTESIAN_POINT('Ctrl Pts',(-67.2499992189466,594.980324765491,-67.7981295029864));
#12000=CARTESIAN_POINT('Ctrl Pts',(-67.2499992189445,597.870729082967,-67.2539897964018));
#12001=CARTESIAN_POINT('Ctrl Pts',(-67.2499992189456,600.751319184306,-66.6393291964597));
#12002=CARTESIAN_POINT('Ctrl Pts',(-67.2499992189459,601.605187135638,-66.4571307687856));
#12003=CARTESIAN_POINT('Ctrl Pts',(-67.249999218946,602.458192712808,-66.2687356373275));
#12004=CARTESIAN_POINT('Ctrl Pts',(-67.2499992189461,603.310352326907,-66.0742078796319));
#12005=CARTESIAN_POINT('Ctrl Pts',(-67.2499992189462,604.750494240746,-65.7454577574395));
#12006=CARTESIAN_POINT('Ctrl Pts',(-67.2499992189461,606.188549955912,-65.3991009709412));
#12007=CARTESIAN_POINT('Ctrl Pts',(-67.2499992189461,607.623792668181,-65.0356334297382));
#12008=CARTESIAN_POINT('',(-66.3564657661708,559.168792666601,-64.5802639465318));
#12009=CARTESIAN_POINT('Origin',(-48.2216711204403,559.168781633369,-70.3427714979265));
#12010=CARTESIAN_POINT('',(-66.3857777512078,557.168792666068,-64.580263941026));
#12011=CARTESIAN_POINT('Ctrl Pts',(-66.3857777486092,557.168792668446,-64.5802639418365));
#12012=CARTESIAN_POINT('Ctrl Pts',(-66.3629220501967,557.168792661291,-64.5069933008399));
#12013=CARTESIAN_POINT('Ctrl Pts',(-66.3395443840764,557.176843727364,-64.4340537491741));
#12014=CARTESIAN_POINT('Ctrl Pts',(-66.2918346828929,557.209157521727,-64.2890664948454));
#12015=CARTESIAN_POINT('Ctrl Pts',(-66.2675923370722,557.233879007763,-64.2174175487642));
#12016=CARTESIAN_POINT('Ctrl Pts',(-66.2071187557638,557.317120313097,-64.0431883622762));
#12017=CARTESIAN_POINT('Ctrl Pts',(-66.1719497755948,557.386372687462,-63.9462459188826));
#12018=CARTESIAN_POINT('Ctrl Pts',(-66.1065962373913,557.565162424424,-63.7724099801905));
#12019=CARTESIAN_POINT('Ctrl Pts',(-66.0777664808826,557.676498782258,-63.6997178580452));
#12020=CARTESIAN_POINT('Ctrl Pts',(-66.0455857217249,557.87076282077,-63.6226961072856));
#12021=CARTESIAN_POINT('Ctrl Pts',(-66.0367409615531,557.944562462194,-63.6027250597524));
#12022=CARTESIAN_POINT('Ctrl Pts',(-66.0275376219173,558.068127603017,-63.58416729463));
#12023=CARTESIAN_POINT('Ctrl Pts',(-66.0252717842721,558.116497897083,-63.5804544430544));
#12024=CARTESIAN_POINT('Ctrl Pts',(-66.0235296404563,558.207639038979,-63.5801098002837));
#12025=CARTESIAN_POINT('Ctrl Pts',(-66.0237510224485,558.250225246403,-63.5826742589431));
#12026=CARTESIAN_POINT('Ctrl Pts',(-66.0265279998226,558.34383690198,-63.5943458080203));
#12027=CARTESIAN_POINT('Ctrl Pts',(-66.0295655546429,558.394493957801,-63.6047045082246));
#12028=CARTESIAN_POINT('Ctrl Pts',(-66.0417706600165,558.52913704726,-63.6432551510905));
#12029=CARTESIAN_POINT('Ctrl Pts',(-66.0536954368266,558.610100965998,-63.6786527227717));
#12030=CARTESIAN_POINT('Ctrl Pts',(-66.0928549755762,558.799468616597,-63.792799316558));
#12031=CARTESIAN_POINT('Ctrl Pts',(-66.1243731246866,558.897683290722,-63.8832326790521));
#12032=CARTESIAN_POINT('Ctrl Pts',(-66.1914437899799,559.041126594147,-64.0787743823241));
#12033=CARTESIAN_POINT('Ctrl Pts',(-66.2253362280601,559.091257234774,-64.1786944722104));
#12034=CARTESIAN_POINT('Ctrl Pts',(-66.292110641854,559.153682554703,-64.3800857269126));
#12035=CARTESIAN_POINT('Ctrl Pts',(-66.3245731702542,559.168793635373,-64.4798977227055));
#12036=CARTESIAN_POINT('Ctrl Pts',(-66.3564687921094,559.168792668399,-64.5802734777281));
#12037=CARTESIAN_POINT('',(-67.2499992189461,557.168792668446,-70.2529576458438));
#12038=CARTESIAN_POINT('Origin',(-48.1997580162042,557.168778064727,-70.2530389099615));
#12039=CARTESIAN_POINT('',(-67.2499992189461,554.168792668446,-70.0707699984797));
#12040=CARTESIAN_POINT('Origin',(-67.2499993691184,565.251952826641,87.6396166322645));
#12041=CARTESIAN_POINT('',(-66.4435925952323,554.168792668446,-64.5802638441916));
#12042=CARTESIAN_POINT('Ctrl Pts',(-67.2499992188526,554.168792668446,-70.0707699984797));
#12043=CARTESIAN_POINT('Ctrl Pts',(-67.2499963128994,554.168792668446,-69.1421752320645));
#12044=CARTESIAN_POINT('Ctrl Pts',(-67.18225275082,554.168792668534,-68.2148082294145));
#12045=CARTESIAN_POINT('Ctrl Pts',(-66.912380199454,554.168792668534,-66.3773319363485));
#12046=CARTESIAN_POINT('Ctrl Pts',(-66.7106053313938,554.168792668446,-65.4696399853414));
#12047=CARTESIAN_POINT('Ctrl Pts',(-66.4435925952324,554.168792668446,-64.5802638441916));
#12048=CARTESIAN_POINT('',(-66.4905066575023,552.168792668446,-64.5802638441916));
#12049=CARTESIAN_POINT('Ctrl Pts',(-66.4905066575023,552.168792668446,-64.5802638441916));
#12050=CARTESIAN_POINT('Ctrl Pts',(-66.4685748446981,552.168792668446,-64.5047649417002));
#12051=CARTESIAN_POINT('Ctrl Pts',(-66.4460268532231,552.177340741678,-64.4296402112005));
#12052=CARTESIAN_POINT('Ctrl Pts',(-66.3999019182813,552.21154277405,-64.2808141846798));
#12053=CARTESIAN_POINT('Ctrl Pts',(-66.3764189859269,552.237609052242,-64.2075556992571));
#12054=CARTESIAN_POINT('Ctrl Pts',(-66.318375211607,552.324123134488,-64.032109950529));
#12055=CARTESIAN_POINT('Ctrl Pts',(-66.2847223867191,552.394978678852,-63.9356994148468));
#12056=CARTESIAN_POINT('Ctrl Pts',(-66.2278980352255,552.559238175675,-63.7803724461129));
#12057=CARTESIAN_POINT('Ctrl Pts',(-66.2043057511804,552.648601286848,-63.7193684677992));
#12058=CARTESIAN_POINT('Ctrl Pts',(-66.1698328340702,552.829115010681,-63.635353361432));
#12059=CARTESIAN_POINT('Ctrl Pts',(-66.1577005189044,552.916669997185,-63.6082284476381));
#12060=CARTESIAN_POINT('Ctrl Pts',(-66.145343686605,553.058978225372,-63.5849288418906));
#12061=CARTESIAN_POINT('Ctrl Pts',(-66.1422705142692,553.111403644954,-63.5805263497761));
#12062=CARTESIAN_POINT('Ctrl Pts',(-66.1400012711302,553.186522805196,-63.5801678367549));
#12063=CARTESIAN_POINT('Ctrl Pts',(-66.1395936758869,553.209027223059,-63.5808199957462));
#12064=CARTESIAN_POINT('Ctrl Pts',(-66.1391988353186,553.275299033863,-63.5849836329455));
#12065=CARTESIAN_POINT('Ctrl Pts',(-66.1399794421502,553.318852409581,-63.5906148259845));
#12066=CARTESIAN_POINT('Ctrl Pts',(-66.1441678808322,553.418368858075,-63.6101987697846));
#12067=CARTESIAN_POINT('Ctrl Pts',(-66.1483097769591,553.473665799065,-63.6261469676234));
#12068=CARTESIAN_POINT('Ctrl Pts',(-66.1653001095461,553.630270061837,-63.6862667254241));
#12069=CARTESIAN_POINT('Ctrl Pts',(-66.1825059722331,553.725306561062,-63.7423258147807));
#12070=CARTESIAN_POINT('Ctrl Pts',(-66.2268395807548,553.894800150075,-63.8835528987795));
#12071=CARTESIAN_POINT('Ctrl Pts',(-66.2538768364238,553.967402697372,-63.9684260600737));
#12072=CARTESIAN_POINT('Ctrl Pts',(-66.3093273423751,554.073561444068,-64.1438986545665));
#12073=CARTESIAN_POINT('Ctrl Pts',(-66.3368263174152,554.110715158532,-64.2314479752197));
#12074=CARTESIAN_POINT('Ctrl Pts',(-66.3910255565468,554.157441627139,-64.4066367304747));
#12075=CARTESIAN_POINT('Ctrl Pts',(-66.4174735076853,554.168792668446,-64.4932653974999));
#12076=CARTESIAN_POINT('Ctrl Pts',(-66.4435925952323,554.168792668446,-64.5802638441916));
#12077=CARTESIAN_POINT('',(-67.2499992189461,552.168792668446,-69.9174261441942));
#12078=CARTESIAN_POINT('Ctrl Pts',(-66.4905066575023,552.168792668446,-64.5802638441916));
#12079=CARTESIAN_POINT('Ctrl Pts',(-66.7420244833477,552.168792668446,-65.446098327545));
#12080=CARTESIAN_POINT('Ctrl Pts',(-66.9320178837819,552.168792668445,-66.3286574327024));
#12081=CARTESIAN_POINT('Ctrl Pts',(-67.1861919471597,552.168792668445,-68.1143713548583));
#12082=CARTESIAN_POINT('Ctrl Pts',(-67.2499972120276,552.168792668446,-69.0153410649871));
#12083=CARTESIAN_POINT('Ctrl Pts',(-67.2499992188988,552.168792668446,-69.9174261441942));
#12084=CARTESIAN_POINT('',(-67.2499992189461,549.168792668446,-69.6392893969214));
#12085=CARTESIAN_POINT('Origin',(-67.249999085782,565.203149718748,86.9901080239348));
#12086=CARTESIAN_POINT('',(-66.5715803431494,549.168792668446,-64.5802638441916));
#12087=CARTESIAN_POINT('Ctrl Pts',(-67.2499992189412,549.168792668446,-69.6392893969214));
#12088=CARTESIAN_POINT('Ctrl Pts',(-67.2499986077559,549.168792668446,-68.7855536800378));
#12089=CARTESIAN_POINT('Ctrl Pts',(-67.1930536585957,549.168792668445,-67.9327480901587));
#12090=CARTESIAN_POINT('Ctrl Pts',(-66.9661147525924,549.168792668445,-66.2407986313908));
#12091=CARTESIAN_POINT('Ctrl Pts',(-66.7964141638992,549.168792668446,-65.4034775412441));
#12092=CARTESIAN_POINT('Ctrl Pts',(-66.5715803431494,549.168792668446,-64.5802638441916));
#12093=CARTESIAN_POINT('',(-66.6314756384145,547.168792668446,-64.580263846544));
#12094=CARTESIAN_POINT('Ctrl Pts',(-66.6314756379053,547.168792668446,-64.580263846678));
#12095=CARTESIAN_POINT('Ctrl Pts',(-66.5998904825257,547.168792668143,-64.4586702083044));
#12096=CARTESIAN_POINT('Ctrl Pts',(-66.5666329109752,547.190964448689,-64.3383336513483));
#12097=CARTESIAN_POINT('Ctrl Pts',(-66.4999877520587,547.277268401742,-64.111193517861));
#12098=CARTESIAN_POINT('Ctrl Pts',(-66.467003518558,547.341125891935,-64.0058127584716));
#12099=CARTESIAN_POINT('Ctrl Pts',(-66.4092668108509,547.496393028724,-63.8318601960212));
#12100=CARTESIAN_POINT('Ctrl Pts',(-66.3843494790252,547.583680161877,-63.7616173345567));
#12101=CARTESIAN_POINT('Ctrl Pts',(-66.3432318783465,547.777529441866,-63.6534321202781));
#12102=CARTESIAN_POINT('Ctrl Pts',(-66.3271944135525,547.882371869605,-63.6157090550329));
#12103=CARTESIAN_POINT('Ctrl Pts',(-66.3113843093601,548.048663063958,-63.5858369161471));
#12104=CARTESIAN_POINT('Ctrl Pts',(-66.3075339432035,548.106211895695,-63.580552065728));
#12105=CARTESIAN_POINT('Ctrl Pts',(-66.3036292157464,548.207860923963,-63.5800652871431));
#12106=CARTESIAN_POINT('Ctrl Pts',(-66.3028892008457,548.251697492679,-63.5827403837408));
#12107=CARTESIAN_POINT('Ctrl Pts',(-66.3033272711426,548.340338941453,-63.5940390504233));
#12108=CARTESIAN_POINT('Ctrl Pts',(-66.3045746608536,548.384968377679,-63.6028537339774));
#12109=CARTESIAN_POINT('Ctrl Pts',(-66.3100440165568,548.491424376092,-63.6315213916299));
#12110=CARTESIAN_POINT('Ctrl Pts',(-66.3152924026126,548.552082032144,-63.6543844590711));
#12111=CARTESIAN_POINT('Ctrl Pts',(-66.3369252198439,548.727903395899,-63.7408234426741));
#12112=CARTESIAN_POINT('Ctrl Pts',(-66.3589576407015,548.832293195103,-63.8209746273275));
#12113=CARTESIAN_POINT('Ctrl Pts',(-66.4105464612242,548.994664994025,-64.0046536480317));
#12114=CARTESIAN_POINT('Ctrl Pts',(-66.4386650485913,549.055243005891,-64.1034987722611));
#12115=CARTESIAN_POINT('Ctrl Pts',(-66.5018842149353,549.144708235091,-64.3278156970509));
#12116=CARTESIAN_POINT('Ctrl Pts',(-66.5369700763664,549.168792668446,-64.4535407133949));
#12117=CARTESIAN_POINT('Ctrl Pts',(-66.5715803431494,549.168792668446,-64.5802638441916));
#12118=CARTESIAN_POINT('',(-67.2499992189461,547.168792668446,-69.4216090444091));
#12119=CARTESIAN_POINT('Ctrl Pts',(-66.6314756379048,547.168792668446,-64.5802638466764));
#12120=CARTESIAN_POINT('Ctrl Pts',(-66.836569456689,547.168792668446,-65.3698152459612));
#12121=CARTESIAN_POINT('Ctrl Pts',(-66.9912786410782,547.168792668444,-66.1716291572122));
#12122=CARTESIAN_POINT('Ctrl Pts',(-67.1981138968946,547.168792668444,-67.7902827146737));
#12123=CARTESIAN_POINT('Ctrl Pts',(-67.249999162771,547.168792668446,-68.6055490975194));
#12124=CARTESIAN_POINT('Ctrl Pts',(-67.2499992189461,547.168792668446,-69.4216090444091));
#12125=CARTESIAN_POINT('',(-67.2499992189461,544.16879266881,-69.0463788209383));
#12126=CARTESIAN_POINT('Origin',(-67.2499992184663,565.16720182431,86.6575720865829));
#12127=CARTESIAN_POINT('',(-66.7275631836348,544.168792668446,-64.5802638420772));
#12128=CARTESIAN_POINT('Ctrl Pts',(-67.2499992189461,544.168792668446,-69.0463788209383));
#12129=CARTESIAN_POINT('Ctrl Pts',(-67.2499992190236,544.168792668446,-68.2949448875566));
#12130=CARTESIAN_POINT('Ctrl Pts',(-67.2062175340269,544.168792668445,-67.5441144243048));
#12131=CARTESIAN_POINT('Ctrl Pts',(-67.0316052514815,544.168792668445,-66.0516449716212));
#12132=CARTESIAN_POINT('Ctrl Pts',(-66.9009396559551,544.168792668446,-65.3111973146234));
#12133=CARTESIAN_POINT('Ctrl Pts',(-66.7275631840676,544.168792668446,-64.5802638419745));
#12134=CARTESIAN_POINT('',(-66.7941262726313,542.168792668446,-64.580263842279));
#12135=CARTESIAN_POINT('Ctrl Pts',(-66.7941262730019,542.168792668446,-64.5802638421972));
#12136=CARTESIAN_POINT('Ctrl Pts',(-66.7711848340852,542.168792668653,-64.4762489062798));
#12137=CARTESIAN_POINT('Ctrl Pts',(-66.7469665482089,542.185016789141,-64.3730813600391));
#12138=CARTESIAN_POINT('Ctrl Pts',(-66.6965066206018,542.249958325111,-64.1709237958478));
#12139=CARTESIAN_POINT('Ctrl Pts',(-66.6704896549861,542.299887879144,-64.0734454358995));
#12140=CARTESIAN_POINT('Ctrl Pts',(-66.6194453451087,542.432685265138,-63.8937812567344));
#12141=CARTESIAN_POINT('Ctrl Pts',(-66.5948426995123,542.516354284219,-63.8136755995111));
#12142=CARTESIAN_POINT('Ctrl Pts',(-66.5493405184079,542.721037826491,-63.6765789150574));
#12143=CARTESIAN_POINT('Ctrl Pts',(-66.5298262664862,542.843668674846,-63.6253648927131));
#12144=CARTESIAN_POINT('Ctrl Pts',(-66.5109240645983,543.036273559401,-63.5870222410662));
#12145=CARTESIAN_POINT('Ctrl Pts',(-66.5063966132155,543.100160385317,-63.5805589831894));
#12146=CARTESIAN_POINT('Ctrl Pts',(-66.5016810330603,543.209516372125,-63.5800729853225));
#12147=CARTESIAN_POINT('Ctrl Pts',(-66.5006113372599,543.254664236031,-63.582932406315));
#12148=CARTESIAN_POINT('Ctrl Pts',(-66.5002652300899,543.34290379635,-63.5945645196378));
#12149=CARTESIAN_POINT('Ctrl Pts',(-66.5009341589668,543.385883644662,-63.6031317438821));
#12150=CARTESIAN_POINT('Ctrl Pts',(-66.5044148737274,543.484048382075,-63.6294939734978));
#12151=CARTESIAN_POINT('Ctrl Pts',(-66.507839588213,543.53845021209,-63.6493052248128));
#12152=CARTESIAN_POINT('Ctrl Pts',(-66.5219173688259,543.692355332688,-63.720940340297));
#12153=CARTESIAN_POINT('Ctrl Pts',(-66.5362247272766,543.784753348534,-63.7847077138291));
#12154=CARTESIAN_POINT('Ctrl Pts',(-66.5727411248333,543.945007326228,-63.9399059494129));
#12155=CARTESIAN_POINT('Ctrl Pts',(-66.5947463044131,544.011453864567,-64.0304891317216));
#12156=CARTESIAN_POINT('Ctrl Pts',(-66.6365211299773,544.098119220169,-64.202166989452));
#12157=CARTESIAN_POINT('Ctrl Pts',(-66.6551784968049,544.125691728126,-64.278769997594));
#12158=CARTESIAN_POINT('Ctrl Pts',(-66.6918930831448,544.160382702605,-64.4307290384455));
#12159=CARTESIAN_POINT('Ctrl Pts',(-66.7098006653888,544.16879266828,-64.5053792897421));
#12160=CARTESIAN_POINT('Ctrl Pts',(-66.7275631840676,544.168792668446,-64.5802638419745));
#12161=CARTESIAN_POINT('',(-67.2499992189461,542.168792668785,-68.7635976860078));
#12162=CARTESIAN_POINT('Ctrl Pts',(-66.7941262730019,542.168792668446,-64.5802638421972));
#12163=CARTESIAN_POINT('Ctrl Pts',(-66.9455162369978,542.168792668446,-65.2666557230865));
#12164=CARTESIAN_POINT('Ctrl Pts',(-67.0595364512637,542.168792668449,-65.9607963657874));
#12165=CARTESIAN_POINT('Ctrl Pts',(-67.2118302743777,542.168792668449,-67.3583023139571));
#12166=CARTESIAN_POINT('Ctrl Pts',(-67.2499992190114,542.168792668446,-68.0607076086739));
#12167=CARTESIAN_POINT('Ctrl Pts',(-67.2499992189461,542.168792668446,-68.7635976860078));
#12168=CARTESIAN_POINT('',(-67.2499992189461,539.168792668446,-68.2901359080923));
#12169=CARTESIAN_POINT('Origin',(-67.2499992188985,565.188135778422,86.8352617668702));
#12170=CARTESIAN_POINT('',(-66.8946333025928,539.168792668446,-64.5802638457507));
#12171=CARTESIAN_POINT('Ctrl Pts',(-67.2499992189461,539.168792668446,-68.2901359080923));
#12172=CARTESIAN_POINT('Ctrl Pts',(-67.2499992120333,539.168792668446,-67.6679403484528));
#12173=CARTESIAN_POINT('Ctrl Pts',(-67.2202727798673,539.168792668447,-67.0460707581399));
#12174=CARTESIAN_POINT('Ctrl Pts',(-67.1016119280193,539.168792668447,-65.8073474183966));
#12175=CARTESIAN_POINT('Ctrl Pts',(-67.0127406524572,539.168792668446,-65.1911490483134));
#12176=CARTESIAN_POINT('Ctrl Pts',(-66.894633302321,539.168792668446,-64.5802638458032));
#12177=CARTESIAN_POINT('',(-66.9601185022901,537.168792668446,-64.5802638460295));
#12178=CARTESIAN_POINT('Ctrl Pts',(-66.96011850199,537.168792668446,-64.5802638460816));
#12179=CARTESIAN_POINT('Ctrl Pts',(-66.9427423225882,537.168792668257,-64.4802639940456));
#12180=CARTESIAN_POINT('Ctrl Pts',(-66.9241959158026,537.183788495909,-64.3810065684626));
#12181=CARTESIAN_POINT('Ctrl Pts',(-66.8852649514597,537.243540621218,-64.1871246919294));
#12182=CARTESIAN_POINT('Ctrl Pts',(-66.8650423759232,537.289017900915,-64.0937990581966));
#12183=CARTESIAN_POINT('Ctrl Pts',(-66.8231213663183,537.414345416148,-63.9136945766189));
#12184=CARTESIAN_POINT('Ctrl Pts',(-66.8018309037021,537.497011276779,-63.8303657620302));
#12185=CARTESIAN_POINT('Ctrl Pts',(-66.7617238465807,537.700165511248,-63.6870872175877));
#12186=CARTESIAN_POINT('Ctrl Pts',(-66.7439776089561,537.822299942943,-63.6328412606289));
#12187=CARTESIAN_POINT('Ctrl Pts',(-66.7250958822963,538.021947312696,-63.5885169656725));
#12188=CARTESIAN_POINT('Ctrl Pts',(-66.7201334924572,538.093411055966,-63.5805255715236));
#12189=CARTESIAN_POINT('Ctrl Pts',(-66.7149488362198,538.212249462824,-63.5801029939424));
#12190=CARTESIAN_POINT('Ctrl Pts',(-66.7136884043592,538.25923442738,-63.5832510569006));
#12191=CARTESIAN_POINT('Ctrl Pts',(-66.7130383905055,538.326666628582,-63.5925808896175));
#12192=CARTESIAN_POINT('Ctrl Pts',(-66.7129995954382,538.347391550468,-63.5961173761996));
#12193=CARTESIAN_POINT('Ctrl Pts',(-66.7133913345194,538.412867451837,-63.6094267340481));
#12194=CARTESIAN_POINT('Ctrl Pts',(-66.7144289988935,538.457046300281,-63.6216169259616));
#12195=CARTESIAN_POINT('Ctrl Pts',(-66.7188174960651,538.562847810708,-63.6587831547772));
#12196=CARTESIAN_POINT('Ctrl Pts',(-66.7229877066595,538.623035257103,-63.6869300713838));
#12197=CARTESIAN_POINT('Ctrl Pts',(-66.7398276773922,538.793766760729,-63.7884623339529));
#12198=CARTESIAN_POINT('Ctrl Pts',(-66.7566486467683,538.892522901628,-63.8777890617826));
#12199=CARTESIAN_POINT('Ctrl Pts',(-66.7953082355536,539.040083644896,-64.07602796991));
#12200=CARTESIAN_POINT('Ctrl Pts',(-66.8160109903198,539.092369797122,-64.179931687273));
#12201=CARTESIAN_POINT('Ctrl Pts',(-66.8564171452739,539.154309835755,-64.3842388563038));
#12202=CARTESIAN_POINT('Ctrl Pts',(-66.8756342533654,539.168792668604,-64.4819952972991));
#12203=CARTESIAN_POINT('Ctrl Pts',(-66.8946333023213,539.168792668446,-64.5802638458047));
#12204=CARTESIAN_POINT('',(-67.2499992189461,537.168792668446,-67.9414312010141));
#12205=CARTESIAN_POINT('Ctrl Pts',(-66.96011850199,537.168792668446,-64.5802638460817));
#12206=CARTESIAN_POINT('Ctrl Pts',(-67.0565106767693,537.168792668446,-65.135000476561));
#12207=CARTESIAN_POINT('Ctrl Pts',(-67.1290000517165,537.168792668447,-65.6936433082991));
#12208=CARTESIAN_POINT('Ctrl Pts',(-67.2257650675598,537.168792668447,-66.8155740557063));
#12209=CARTESIAN_POINT('Ctrl Pts',(-67.2499992100268,537.168792668446,-67.378384578892));
#12210=CARTESIAN_POINT('Ctrl Pts',(-67.2499992189461,537.168792668446,-67.9414312010141));
#12211=CARTESIAN_POINT('',(-67.2499992189461,530.656133304719,-66.6208426140853));
#12212=CARTESIAN_POINT('Origin',(-67.2499992174047,574.152328490138,229.082989945547));
#12213=CARTESIAN_POINT('',(-51.2499992169915,530.656133304719,-47.3263304517262));
#12214=CARTESIAN_POINT('Ctrl Pts',(-51.2499992169421,530.656133304719,-47.3263304520252));
#12215=CARTESIAN_POINT('Ctrl Pts',(-53.4313498560182,530.656133304719,-47.6864138772454));
#12216=CARTESIAN_POINT('Ctrl Pts',(-55.527622947659,530.656133305089,-48.4350438302162));
#12217=CARTESIAN_POINT('Ctrl Pts',(-59.4797084363571,530.656133305089,-50.6901862549181));
#12218=CARTESIAN_POINT('Ctrl Pts',(-61.2780291391637,530.656133304719,-52.2168410778045));
#12219=CARTESIAN_POINT('Ctrl Pts',(-64.2620218133922,530.656133304719,-55.8521420972131));
#12220=CARTESIAN_POINT('Ctrl Pts',(-65.418370573172,530.656133304498,-57.9383066769231));
#12221=CARTESIAN_POINT('Ctrl Pts',(-66.8889925333766,530.656133304498,-62.250046679766));
#12222=CARTESIAN_POINT('Ctrl Pts',(-67.2499987081054,530.656133304719,-64.4291351987443));
#12223=CARTESIAN_POINT('Ctrl Pts',(-67.2499992189456,530.656133304719,-66.6208426140854));
#12224=CARTESIAN_POINT('Ctrl Pts',(-51.2499992169421,530.656133304719,-47.3263304520252));
#12225=CARTESIAN_POINT('Ctrl Pts',(-50.9707332703451,530.656133304579,-47.2802310139638));
#12226=CARTESIAN_POINT('Ctrl Pts',(-50.6923236685271,530.626886406218,-47.2334478597236));
#12227=CARTESIAN_POINT('Ctrl Pts',(-50.1384027480208,530.509292064511,-47.1374546416146));
#12228=CARTESIAN_POINT('Ctrl Pts',(-49.8648088496964,530.419589150907,-47.0884798226383));
#12229=CARTESIAN_POINT('Ctrl Pts',(-49.3608232216944,530.191921426369,-46.9922096268255));
#12230=CARTESIAN_POINT('Ctrl Pts',(-49.1300700922281,530.058554695747,-46.9452816715767));
#12231=CARTESIAN_POINT('Ctrl Pts',(-48.6707060200583,529.728161875126,-46.8418640373982));
#12232=CARTESIAN_POINT('Ctrl Pts',(-48.4479124883874,529.52629717562,-46.7852666151825));
#12233=CARTESIAN_POINT('Ctrl Pts',(-48.2499991833945,529.301884575472,-46.7252525274705));
#12234=CARTESIAN_POINT('',(-66.5169455230286,591.425044279893,-63.0802638441916));
#12235=CARTESIAN_POINT('',(-63.6377833506293,591.425044280184,-57.0802638441916));
#12236=CARTESIAN_POINT('Ctrl Pts',(-66.5169455230286,591.425044279893,-63.0802638441916));
#12237=CARTESIAN_POINT('Ctrl Pts',(-66.5136828650297,591.354391702282,-63.0802638442034));
#12238=CARTESIAN_POINT('Ctrl Pts',(-66.5097177270542,591.283764107907,-63.077767804637));
#12239=CARTESIAN_POINT('Ctrl Pts',(-66.4872198922725,590.944861395466,-63.0537877379319));
#12240=CARTESIAN_POINT('Ctrl Pts',(-66.4592908952085,590.681184602145,-62.9988154308956));
#12241=CARTESIAN_POINT('Ctrl Pts',(-66.3738578963644,590.125795696136,-62.8034066077932));
#12242=CARTESIAN_POINT('Ctrl Pts',(-66.3121541192066,589.844249756258,-62.6494848489143));
#12243=CARTESIAN_POINT('Ctrl Pts',(-66.1485872823791,589.318601634858,-62.2444654278422));
#12244=CARTESIAN_POINT('Ctrl Pts',(-66.0448991822787,589.086582785436,-61.9895504900677));
#12245=CARTESIAN_POINT('Ctrl Pts',(-65.7862123762721,588.696803003409,-61.385088869569));
#12246=CARTESIAN_POINT('Ctrl Pts',(-65.6288522971057,588.557007562545,-61.0341287164386));
#12247=CARTESIAN_POINT('Ctrl Pts',(-65.2560650398042,588.39943376439,-60.2527361402161));
#12248=CARTESIAN_POINT('Ctrl Pts',(-65.0375409932738,588.40670675627,-59.8239098061927));
#12249=CARTESIAN_POINT('Ctrl Pts',(-64.5979142432338,588.593195124136,-59.0042073495952));
#12250=CARTESIAN_POINT('Ctrl Pts',(-64.3764310969747,588.773175219926,-58.6126486963595));
#12251=CARTESIAN_POINT('Ctrl Pts',(-64.0177772991676,589.25194190468,-57.980721377196));
#12252=CARTESIAN_POINT('Ctrl Pts',(-63.8730573543526,589.526811401895,-57.7260006700089));
#12253=CARTESIAN_POINT('Ctrl Pts',(-63.7130573769099,590.029513031142,-57.4164405407284));
#12254=CARTESIAN_POINT('Ctrl Pts',(-63.6694745126453,590.220293216608,-57.3244594729064));
#12255=CARTESIAN_POINT('Ctrl Pts',(-63.6248627702525,590.546493885753,-57.2087573824368));
#12256=CARTESIAN_POINT('Ctrl Pts',(-63.6140525667601,590.674016358411,-57.1727512085952));
#12257=CARTESIAN_POINT('Ctrl Pts',(-63.6059649349227,590.919383627247,-57.1208385060669));
#12258=CARTESIAN_POINT('Ctrl Pts',(-63.6073157918963,591.035928732144,-57.1032763468802));
#12259=CARTESIAN_POINT('Ctrl Pts',(-63.6186372902999,591.241128268788,-57.0846051522472));
#12260=CARTESIAN_POINT('Ctrl Pts',(-63.6263460532101,591.329110079983,-57.080512704733));
#12261=CARTESIAN_POINT('Ctrl Pts',(-63.6368072795728,591.4169178962,-57.0802748505396));
#12262=CARTESIAN_POINT('Ctrl Pts',(-63.6371300645254,591.419627238375,-57.0802675114618));
#12263=CARTESIAN_POINT('Ctrl Pts',(-63.6374554233946,591.422336035386,-57.0802638441901));
#12264=CARTESIAN_POINT('Ctrl Pts',(-63.6377833506293,591.42504428098,-57.0802638441916));
#12265=CARTESIAN_POINT('Ctrl Pts',(-63.6377833506293,591.42504428098,-57.0802638441916));
#12266=CARTESIAN_POINT('Ctrl Pts',(-63.6618446102156,591.623758487635,-57.080263844297));
#12267=CARTESIAN_POINT('Ctrl Pts',(-63.699756914358,591.819501160525,-57.0999861238344));
#12268=CARTESIAN_POINT('Ctrl Pts',(-63.8496033677708,592.396328939034,-57.2146231970634));
#12269=CARTESIAN_POINT('Ctrl Pts',(-63.9952652679854,592.752640152533,-57.3644072784634));
#12270=CARTESIAN_POINT('Ctrl Pts',(-64.3257689865634,593.371479268182,-57.7681239705946));
#12271=CARTESIAN_POINT('Ctrl Pts',(-64.5096998258987,593.635171600033,-58.0204266328583));
#12272=CARTESIAN_POINT('Ctrl Pts',(-64.9131148675894,594.092604366433,-58.6455635637896));
#12273=CARTESIAN_POINT('Ctrl Pts',(-65.1339566386743,594.268025170877,-59.0328924016301));
#12274=CARTESIAN_POINT('Ctrl Pts',(-65.5387869467298,594.443975540356,-59.8477226233888));
#12275=CARTESIAN_POINT('Ctrl Pts',(-65.7219438884717,594.449280864251,-60.2697471842275));
#12276=CARTESIAN_POINT('Ctrl Pts',(-66.0229330419596,594.285640353402,-61.0615591561023));
#12277=CARTESIAN_POINT('Ctrl Pts',(-66.1426914027817,594.136312468724,-61.4239124543544));
#12278=CARTESIAN_POINT('Ctrl Pts',(-66.330201839036,593.708488243096,-62.0612791177868));
#12279=CARTESIAN_POINT('Ctrl Pts',(-66.3985702349249,593.443093486593,-62.3323189524622));
#12280=CARTESIAN_POINT('Ctrl Pts',(-66.4760791168933,592.936521010183,-62.682398099781));
#12281=CARTESIAN_POINT('Ctrl Pts',(-66.4974761743622,592.726588473054,-62.7936275277626));
#12282=CARTESIAN_POINT('Ctrl Pts',(-66.5195239972046,592.365869424292,-62.9328279053898));
#12283=CARTESIAN_POINT('Ctrl Pts',(-66.5248797011089,592.222681733008,-62.9761433414382));
#12284=CARTESIAN_POINT('Ctrl Pts',(-66.5291178151667,591.948029121281,-63.0372696104985));
#12285=CARTESIAN_POINT('Ctrl Pts',(-66.5286806062298,591.817518929672,-63.057403063461));
#12286=CARTESIAN_POINT('Ctrl Pts',(-66.5239211546204,591.599237027636,-63.0764723218826));
#12287=CARTESIAN_POINT('Ctrl Pts',(-66.5209666615908,591.512121688692,-63.0802638441769));
#12288=CARTESIAN_POINT('Ctrl Pts',(-66.5169455230286,591.425044279893,-63.0802638441916));
#12289=CARTESIAN_POINT('Origin',(-67.2499992189461,608.623792668446,-115.080263844192));
#12290=CARTESIAN_POINT('',(-67.2499992189461,559.168792668445,-89.8178304850304));
#12291=CARTESIAN_POINT('Origin',(-67.2499991656225,794.058537811588,-2178.58690662647));
#12292=CARTESIAN_POINT('',(-67.2499992189461,559.168792668446,-115.080263844192));
#12293=CARTESIAN_POINT('Ctrl Pts',(-67.2499992189162,523.867109283111,-95.2219173325745));
#12294=CARTESIAN_POINT('Ctrl Pts',(-67.2500329480092,528.837731766799,-113.560243151172));
#12295=CARTESIAN_POINT('Ctrl Pts',(-48.2499992189461,528.837731766799,-113.560243151172));
#12296=CARTESIAN_POINT('Ctrl Pts',(-67.2499992189162,527.561489642249,-94.2205516540145));
#12297=CARTESIAN_POINT('Ctrl Pts',(-67.2500329481287,532.096937921506,-112.676831898072));
#12298=CARTESIAN_POINT('Ctrl Pts',(-48.2499992190258,532.096937921498,-112.676831898053));
#12299=CARTESIAN_POINT('Ctrl Pts',(-67.2499992189162,531.305748130539,-93.34790603459));
#12300=CARTESIAN_POINT('Ctrl Pts',(-67.2500329480358,535.394292487842,-111.908508356056));
#12301=CARTESIAN_POINT('Ctrl Pts',(-48.2499992189594,535.39429248784,-111.908508356035));
#12302=CARTESIAN_POINT('Ctrl Pts',(-67.2499992189162,538.808826926207,-91.8842545077454));
#12303=CARTESIAN_POINT('Ctrl Pts',(-67.2500329479827,541.995946820884,-110.6207008163));
#12304=CARTESIAN_POINT('Ctrl Pts',(-48.2499992189329,541.995946820885,-110.62070081632));
#12305=CARTESIAN_POINT('Ctrl Pts',(-67.2499992189162,542.574204096867,-91.2908869651065));
#12306=CARTESIAN_POINT('Ctrl Pts',(-67.2500329479696,545.306045544649,-110.099128071524));
#12307=CARTESIAN_POINT('Ctrl Pts',(-48.2499992189329,545.306045544648,-110.099128071532));
#12308=CARTESIAN_POINT('Ctrl Pts',(-67.2499992189162,553.911579649527,-89.9234648237757));
#12309=CARTESIAN_POINT('Ctrl Pts',(-67.2500329480885,555.273319694091,-108.896956431645));
#12310=CARTESIAN_POINT('Ctrl Pts',(-48.2499992189725,555.273319694092,-108.896956431628));
#12311=CARTESIAN_POINT('Ctrl Pts',(-67.2499992189162,561.524796875137,-89.5618385971912));
#12312=CARTESIAN_POINT('Ctrl Pts',(-67.2500329479826,561.967640854733,-108.578009903719));
#12313=CARTESIAN_POINT('Ctrl Pts',(-48.2499992189461,561.967640854733,-108.57800990371));
#12314=CARTESIAN_POINT('Ctrl Pts',(-67.2499992189162,573.026471695364,-89.8383661760074));
#12315=CARTESIAN_POINT('Ctrl Pts',(-67.2500329480226,572.120038754347,-108.822097660855));
#12316=CARTESIAN_POINT('Ctrl Pts',(-48.2499992189461,572.120038754347,-108.82209766086));
#12317=CARTESIAN_POINT('Ctrl Pts',(-67.2499992189162,576.848629437494,-90.0665430529148));
#12318=CARTESIAN_POINT('Ctrl Pts',(-67.2500329480358,575.500248912277,-109.023624880057));
#12319=CARTESIAN_POINT('Ctrl Pts',(-48.2499992189461,575.500248912278,-109.023624880039));
#12320=CARTESIAN_POINT('Ctrl Pts',(-67.2499992189162,584.463303161537,-90.7830002108142));
#12321=CARTESIAN_POINT('Ctrl Pts',(-67.2500329479827,582.252016422554,-109.658892041393));
#12322=CARTESIAN_POINT('Ctrl Pts',(-48.2499992189461,582.252016422552,-109.658892041411));
#12323=CARTESIAN_POINT('Ctrl Pts',(-67.2499992189162,588.257037420362,-91.2713165076968));
#12324=CARTESIAN_POINT('Ctrl Pts',(-67.2500329480093,585.624650472255,-110.092676065253));
#12325=CARTESIAN_POINT('Ctrl Pts',(-48.2499992189461,585.624650472256,-110.092676065246));
#12326=CARTESIAN_POINT('Ctrl Pts',(-67.2499992189162,593.928065465952,-92.1909794409982));
#12327=CARTESIAN_POINT('Ctrl Pts',(-67.2500329480093,590.682045120028,-110.912826901978));
#12328=CARTESIAN_POINT('Ctrl Pts',(-48.2499992189461,590.682045120027,-110.912826901981));
#12329=CARTESIAN_POINT('Ctrl Pts',(-67.2499992189162,595.816503068681,-92.5290281822451));
#12330=CARTESIAN_POINT('Ctrl Pts',(-67.2500329480026,592.368790701054,-111.214725482325));
#12331=CARTESIAN_POINT('Ctrl Pts',(-48.2499992189461,592.368790701055,-111.214725482318));
#12332=CARTESIAN_POINT('Ctrl Pts',(-67.2499992189162,599.577436960019,-93.2643465917691));
#12333=CARTESIAN_POINT('Ctrl Pts',(-67.2500329480159,595.733628084835,-111.872601144278));
#12334=CARTESIAN_POINT('Ctrl Pts',(-48.2499992189461,595.733628084833,-111.872601144286));
#12335=CARTESIAN_POINT('Ctrl Pts',(-67.2499992189162,601.450479285557,-93.6616527709499));
#12336=CARTESIAN_POINT('Ctrl Pts',(-67.2500329480026,597.412202261267,-112.228610371941));
#12337=CARTESIAN_POINT('Ctrl Pts',(-48.2499992189528,597.412202261269,-112.228610371932));
#12338=CARTESIAN_POINT('Ctrl Pts',(-67.2499992189162,605.182193582069,-94.5136468542545));
#12339=CARTESIAN_POINT('Ctrl Pts',(-67.2500329480159,600.762257279975,-112.993467171768));
#12340=CARTESIAN_POINT('Ctrl Pts',(-48.2499992189395,600.762257279973,-112.993467171777));
#12341=CARTESIAN_POINT('Ctrl Pts',(-67.2499992189162,607.040865459754,-94.9683351308158));
#12342=CARTESIAN_POINT('Ctrl Pts',(-67.2500329480093,602.433737803583,-113.402315315813));
#12343=CARTESIAN_POINT('Ctrl Pts',(-48.2499992189461,602.433737803585,-113.4023153158));
#12344=CARTESIAN_POINT('Ctrl Pts',(-67.2499992189162,609.818434078743,-95.6920519125603));
#12345=CARTESIAN_POINT('Ctrl Pts',(-67.2500329480093,604.93601536642,-114.054302903961));
#12346=CARTESIAN_POINT('Ctrl Pts',(-48.2499992189461,604.936015366419,-114.054302903968));
#12347=CARTESIAN_POINT('Ctrl Pts',(-67.2499992189162,610.742550214568,-95.9402390498645));
#12348=CARTESIAN_POINT('Ctrl Pts',(-67.2500329480093,605.769283322741,-114.278085275231));
#12349=CARTESIAN_POINT('Ctrl Pts',(-48.2499992189461,605.769283322742,-114.278085275226));
#12350=CARTESIAN_POINT('Ctrl Pts',(-67.2499992189162,612.126154892033,-96.3227800342461));
#12351=CARTESIAN_POINT('Ctrl Pts',(-67.2500329480093,607.01798962107,-114.62332936435));
#12352=CARTESIAN_POINT('Ctrl Pts',(-48.2499992189461,607.01798962107,-114.623329364352));
#12353=CARTESIAN_POINT('Ctrl Pts',(-67.2499992189162,612.586928185017,-96.4520037892108));
#12354=CARTESIAN_POINT('Ctrl Pts',(-67.2500329480093,607.434025741489,-114.740005848659));
#12355=CARTESIAN_POINT('Ctrl Pts',(-48.2499992189461,607.434025741489,-114.740005848659));
#12356=CARTESIAN_POINT('Ctrl Pts',(-67.2499992189162,613.277450693834,-96.6483847219446));
#12357=CARTESIAN_POINT('Ctrl Pts',(-67.2500329480093,608.057785757263,-114.917399883086));
#12358=CARTESIAN_POINT('Ctrl Pts',(-48.2499992189461,608.057785757263,-114.917399883086));
#12359=CARTESIAN_POINT('Ctrl Pts',(-67.2499992189162,613.507518624286,-96.714269252405));
#12360=CARTESIAN_POINT('Ctrl Pts',(-67.2500329480093,608.265656732681,-114.976927781096));
#12361=CARTESIAN_POINT('Ctrl Pts',(-48.2499992189461,608.265656732681,-114.976927781095));
#12362=CARTESIAN_POINT('Ctrl Pts',(-67.2499992189162,613.766225988074,-96.7888647550648));
#12363=CARTESIAN_POINT('Ctrl Pts',(-67.2500329480093,608.499456856063,-115.044341547254));
#12364=CARTESIAN_POINT('Ctrl Pts',(-48.2499992189461,608.499456856063,-115.044341547254));
#12365=CARTESIAN_POINT('Ctrl Pts',(-67.2499992189162,613.794969597131,-96.7971597471235));
#12366=CARTESIAN_POINT('Ctrl Pts',(-67.2500329480091,608.525433887483,-115.051838144626));
#12367=CARTESIAN_POINT('Ctrl Pts',(-48.2499992189461,608.525433887483,-115.051838144626));
#12368=CARTESIAN_POINT('Ctrl Pts',(-67.2499992189162,613.852453509666,-96.8137629306192));
#12369=CARTESIAN_POINT('Ctrl Pts',(-67.2500329480094,608.577386431677,-115.066843692897));
#12370=CARTESIAN_POINT('Ctrl Pts',(-48.2499992189461,608.577386431677,-115.066843692897));
#12371=CARTESIAN_POINT('Ctrl Pts',(-67.2499992189162,613.88119360702,-96.8220719616505));
#12372=CARTESIAN_POINT('Ctrl Pts',(-67.2500329480093,608.601187777346,-115.07372449349));
#12373=CARTESIAN_POINT('Ctrl Pts',(-48.2499992189461,608.601187777346,-115.07372449349));
#12374=CARTESIAN_POINT('Ctrl Pts',(-67.2499992189162,613.967410251968,-96.8470135052804));
#12375=CARTESIAN_POINT('Ctrl Pts',(-67.2500329480093,608.687404422294,-115.09866603712));
#12376=CARTESIAN_POINT('Ctrl Pts',(-48.2499992189461,608.687404422294,-115.09866603712));
#12377=CARTESIAN_POINT('Ctrl Pts',(-67.2499992189162,614.024888015267,-96.8636412010337));
#12378=CARTESIAN_POINT('Ctrl Pts',(-67.2500329480093,608.744882185593,-115.115293732873));
#12379=CARTESIAN_POINT('Ctrl Pts',(-48.2499992189461,608.744882185593,-115.115293732873));
#12380=CARTESIAN_POINT('Ctrl Pts',(-67.2499992189162,614.197321305163,-96.9135242882936));
#12381=CARTESIAN_POINT('Ctrl Pts',(-67.2500329480093,608.917315475489,-115.165176820133));
#12382=CARTESIAN_POINT('Ctrl Pts',(-48.2499992189461,608.91731547549,-115.165176820133));
#12383=CARTESIAN_POINT('Ctrl Pts',(-67.2499992189162,614.312276831761,-96.9467796798006));
#12384=CARTESIAN_POINT('Ctrl Pts',(-67.2500329480093,609.032271002087,-115.19843221164));
#12385=CARTESIAN_POINT('Ctrl Pts',(-48.2499992189461,609.032271002087,-115.19843221164));
#12386=CARTESIAN_POINT('Ctrl Pts',(-67.2499992189162,614.427232358359,-96.9800350713068));
#12387=CARTESIAN_POINT('Ctrl Pts',(-67.2500329480093,609.147226528685,-115.231687603147));
#12388=CARTESIAN_POINT('Ctrl Pts',(-48.2499992189461,609.147226528685,-115.231687603147));
#12389=CARTESIAN_POINT('',(-48.2499992189565,529.301885968297,-113.435280689268));
#12390=CARTESIAN_POINT('Ctrl Pts',(-48.2499992189565,529.301885968297,-113.435280689268));
#12391=CARTESIAN_POINT('Ctrl Pts',(-48.249999218983,530.608893052408,-113.085782697582));
#12392=CARTESIAN_POINT('Ctrl Pts',(-48.2499992189876,531.921397336447,-112.754915542466));
#12393=CARTESIAN_POINT('Ctrl Pts',(-48.2499992189836,533.237607926663,-112.443155793611));
#12394=CARTESIAN_POINT('Ctrl Pts',(-48.2499992189796,534.538391529739,-112.135050105643));
#12395=CARTESIAN_POINT('Ctrl Pts',(-48.2499992189671,535.842796038614,-111.84560638203));
#12396=CARTESIAN_POINT('Ctrl Pts',(-48.249999218959,537.149100630716,-111.575334321976));
#12397=CARTESIAN_POINT('Ctrl Pts',(-48.2499992189558,537.664180101105,-111.468765310127));
#12398=CARTESIAN_POINT('Ctrl Pts',(-48.2499992189532,538.179554994248,-111.365177567284));
#12399=CARTESIAN_POINT('Ctrl Pts',(-48.2499992189521,538.695119654363,-111.264604586178));
#12400=CARTESIAN_POINT('Ctrl Pts',(-48.2499992189514,539.037286136032,-111.197856987363));
#12401=CARTESIAN_POINT('Ctrl Pts',(-48.2499992189509,539.379602606764,-111.132414153217));
#12402=CARTESIAN_POINT('Ctrl Pts',(-48.2499992189504,539.722044680563,-111.068280596641));
#12403=CARTESIAN_POINT('Ctrl Pts',(-48.2499992189481,541.324918305574,-110.768089720053));
#12404=CARTESIAN_POINT('Ctrl Pts',(-48.2499992189467,542.930656800575,-110.496565581097));
#12405=CARTESIAN_POINT('Ctrl Pts',(-48.2499992189473,544.539251550457,-110.253645549238));
#12406=CARTESIAN_POINT('Ctrl Pts',(-48.2499992189478,545.900282199096,-110.048111117057));
#12407=CARTESIAN_POINT('Ctrl Pts',(-48.2499992189497,547.263357585867,-109.863052993119));
#12408=CARTESIAN_POINT('Ctrl Pts',(-48.2499992189537,548.628470261129,-109.698404191564));
#12409=CARTESIAN_POINT('Ctrl Pts',(-48.249999218955,549.074256827941,-109.644637037171));
#12410=CARTESIAN_POINT('Ctrl Pts',(-48.2499992189561,549.520259939502,-109.593042290121));
#12411=CARTESIAN_POINT('Ctrl Pts',(-48.2499992189569,549.966469123713,-109.543621321758));
#12412=CARTESIAN_POINT('Ctrl Pts',(-48.2499992189604,551.727565934498,-109.34856682075));
#12413=CARTESIAN_POINT('Ctrl Pts',(-48.249999218961,553.491925108609,-109.187371366831));
#12414=CARTESIAN_POINT('Ctrl Pts',(-48.2499992189602,555.259657058776,-109.059994007167));
#12415=CARTESIAN_POINT('Ctrl Pts',(-48.2499992189593,557.026622159547,-108.932671904325));
#12416=CARTESIAN_POINT('Ctrl Pts',(-48.2499992189569,558.796957224501,-108.839138547205));
#12417=CARTESIAN_POINT('Ctrl Pts',(-48.2499992189544,560.570764344654,-108.77930161903));
#12418=CARTESIAN_POINT('Ctrl Pts',(-48.2499992189518,562.343401576113,-108.719504155432));
#12419=CARTESIAN_POINT('Ctrl Pts',(-48.2499992189491,564.119506396245,-108.693358668295));
#12420=CARTESIAN_POINT('Ctrl Pts',(-48.2499992189475,565.899170834581,-108.700721914604));
#12421=CARTESIAN_POINT('Ctrl Pts',(-48.2499992189467,566.843742524434,-108.704630018772));
#12422=CARTESIAN_POINT('Ctrl Pts',(-48.2499992189462,567.789316797836,-108.717976819689));
#12423=CARTESIAN_POINT('Ctrl Pts',(-48.2499992189462,568.735906121142,-108.740735075143));
#12424=CARTESIAN_POINT('Ctrl Pts',(-48.2499992189462,568.983162576092,-108.746679707547));
#12425=CARTESIAN_POINT('Ctrl Pts',(-48.2499992189461,569.230369219626,-108.753265144964));
#12426=CARTESIAN_POINT('Ctrl Pts',(-48.2499992189461,569.477509623918,-108.760488795911));
#12427=CARTESIAN_POINT('Ctrl Pts',(-48.2499992189461,571.86538758478,-108.830283926914));
#12428=CARTESIAN_POINT('Ctrl Pts',(-48.2499992189461,574.247434330423,-108.959671517573));
#12429=CARTESIAN_POINT('Ctrl Pts',(-48.2499992189461,576.62310479184,-109.146606397528));
#12430=CARTESIAN_POINT('Ctrl Pts',(-48.2499992189461,577.374758062717,-109.205751896132));
#12431=CARTESIAN_POINT('Ctrl Pts',(-48.2499992189461,578.125773068587,-109.270657864417));
#12432=CARTESIAN_POINT('Ctrl Pts',(-48.2499992189461,578.876132667416,-109.341258460725));
#12433=CARTESIAN_POINT('Ctrl Pts',(-48.2499992189461,581.220922443971,-109.561877423552));
#12434=CARTESIAN_POINT('Ctrl Pts',(-48.2499992189461,583.559832965647,-109.838129120425));
#12435=CARTESIAN_POINT('Ctrl Pts',(-48.2499992189461,585.893205440804,-110.168269630681));
#12436=CARTESIAN_POINT('Ctrl Pts',(-48.2499992189461,586.928633708391,-110.314768665976));
#12437=CARTESIAN_POINT('Ctrl Pts',(-48.2499992189461,587.962971266534,-110.471878379787));
#12438=CARTESIAN_POINT('Ctrl Pts',(-48.2499992189461,588.996246904104,-110.639443289736));
#12439=CARTESIAN_POINT('Ctrl Pts',(-48.2499992189461,589.409716512883,-110.706495095898));
#12440=CARTESIAN_POINT('Ctrl Pts',(-48.2499992189461,589.823078394274,-110.775235508869));
#12441=CARTESIAN_POINT('Ctrl Pts',(-48.2499992189461,590.236259237798,-110.845639506002));
#12442=CARTESIAN_POINT('Ctrl Pts',(-48.2499992189462,591.33961908646,-111.033646633727));
#12443=CARTESIAN_POINT('Ctrl Pts',(-48.2499992189462,592.44168763475,-111.233516094771));
#12444=CARTESIAN_POINT('Ctrl Pts',(-48.2499992189462,593.541088372282,-111.44478165098));
#12445=CARTESIAN_POINT('Ctrl Pts',(-48.2499992189462,593.711194227694,-111.47746992099));
#12446=CARTESIAN_POINT('Ctrl Pts',(-48.2499992189462,593.881236190093,-111.510431028769));
#12447=CARTESIAN_POINT('Ctrl Pts',(-48.2499992189462,594.051209392944,-111.543663313302));
#12448=CARTESIAN_POINT('Ctrl Pts',(-48.2499992189462,594.893600026204,-111.708363188001));
#12449=CARTESIAN_POINT('Ctrl Pts',(-48.2499992189478,595.73442372698,-111.87973206069));
#12450=CARTESIAN_POINT('Ctrl Pts',(-48.2499992189491,596.573701651373,-112.057654660637));
#12451=CARTESIAN_POINT('Ctrl Pts',(-48.2499992189498,596.993340613569,-112.146615960611));
#12452=CARTESIAN_POINT('Ctrl Pts',(-48.2499992189504,597.412593129352,-112.237215683859));
#12453=CARTESIAN_POINT('Ctrl Pts',(-48.2499992189506,597.831461828591,-112.32943937205));
#12454=CARTESIAN_POINT('Ctrl Pts',(-48.2499992189507,598.04089617821,-112.375551216146));
#12455=CARTESIAN_POINT('Ctrl Pts',(-48.2499992189507,598.250234573536,-112.422069050976));
#12456=CARTESIAN_POINT('Ctrl Pts',(-48.2499992189506,598.459477342326,-112.468991066296));
#12457=CARTESIAN_POINT('Ctrl Pts',(-48.2499992189506,598.564098726721,-112.492452073956));
#12458=CARTESIAN_POINT('Ctrl Pts',(-48.2499992189505,598.668696204472,-112.516014126708));
#12459=CARTESIAN_POINT('Ctrl Pts',(-48.2499992189504,598.773269816486,-112.539676998091));
#12460=CARTESIAN_POINT('Ctrl Pts',(-48.2499992189504,598.801517063204,-112.546068772776));
#12461=CARTESIAN_POINT('Ctrl Pts',(-48.2499992189504,598.829762568583,-112.55246790358));
#12462=CARTESIAN_POINT('Ctrl Pts',(-48.2499992189503,598.858006333431,-112.55887438604));
#12463=CARTESIAN_POINT('Ctrl Pts',(-48.2499992189503,598.880091349822,-112.563883890647));
#12464=CARTESIAN_POINT('Ctrl Pts',(-48.2499992189502,598.902174781157,-112.568897770016));
#12465=CARTESIAN_POINT('Ctrl Pts',(-48.2499992189502,598.924271714259,-112.573919456314));
#12466=CARTESIAN_POINT('Ctrl Pts',(-48.2499992189501,598.978532917534,-112.586250703357));
#12467=CARTESIAN_POINT('Ctrl Pts',(-48.24999921895,599.032853378804,-112.598624004694));
#12468=CARTESIAN_POINT('Ctrl Pts',(-48.2499992189499,599.087229770621,-112.611038771854));
#12469=CARTESIAN_POINT('Ctrl Pts',(-48.249999218949,599.513547741602,-112.708372158077));
#12470=CARTESIAN_POINT('Ctrl Pts',(-48.2499992189487,599.94330302919,-112.808258591419));
#12471=CARTESIAN_POINT('Ctrl Pts',(-48.2499992189487,600.374895330795,-112.910386368067));
#12472=CARTESIAN_POINT('Ctrl Pts',(-48.2499992189487,600.806221447975,-113.012451157439));
#12473=CARTESIAN_POINT('Ctrl Pts',(-48.249999218949,601.23938232448,-113.116754553013));
#12474=CARTESIAN_POINT('Ctrl Pts',(-48.2499992189494,601.672787624272,-113.222933842864));
#12475=CARTESIAN_POINT('Ctrl Pts',(-48.2499992189498,602.108413498542,-113.329657147801));
#12476=CARTESIAN_POINT('Ctrl Pts',(-48.2499992189502,602.54428632054,-113.438275629645));
#12477=CARTESIAN_POINT('Ctrl Pts',(-48.2499992189504,602.978798094899,-113.548368484393));
#12478=CARTESIAN_POINT('Ctrl Pts',(-48.2499992189506,603.354535902218,-113.643569697077));
#12479=CARTESIAN_POINT('Ctrl Pts',(-48.2499992189505,603.729256082246,-113.739872527868));
#12480=CARTESIAN_POINT('Ctrl Pts',(-48.2499992189502,604.101922845474,-113.836973707912));
#12481=CARTESIAN_POINT('Ctrl Pts',(-48.2499992189497,604.542490084868,-113.951766877184));
#12482=CARTESIAN_POINT('Ctrl Pts',(-48.2499992189492,604.980187139296,-114.067677152095));
#12483=CARTESIAN_POINT('Ctrl Pts',(-48.2499992189487,605.413308285236,-114.184153612437));
#12484=CARTESIAN_POINT('Ctrl Pts',(-48.2499992189482,605.813817577819,-114.291859978593));
#12485=CARTESIAN_POINT('Ctrl Pts',(-48.2499992189478,606.210414201845,-114.400049766592));
#12486=CARTESIAN_POINT('Ctrl Pts',(-48.2499992189474,606.601754188294,-114.50824800131));
#12487=CARTESIAN_POINT('Ctrl Pts',(-48.2499992189471,606.854498770378,-114.578127181979));
#12488=CARTESIAN_POINT('Ctrl Pts',(-48.2499992189469,607.105050809052,-114.648009135593));
#12489=CARTESIAN_POINT('Ctrl Pts',(-48.2499992189467,607.353049120744,-114.717758096638));
#12490=CARTESIAN_POINT('',(-51.2499992189461,530.656133304719,-112.834266626905));
#12491=CARTESIAN_POINT('Ctrl Pts',(-48.2499997499396,529.301885217874,-113.435280889934));
#12492=CARTESIAN_POINT('Ctrl Pts',(-48.4476370488845,529.525984759839,-113.375355928544));
#12493=CARTESIAN_POINT('Ctrl Pts',(-48.6700854045599,529.72759969622,-113.318840657553));
#12494=CARTESIAN_POINT('Ctrl Pts',(-49.1287165011654,530.057683174721,-113.215569253401));
#12495=CARTESIAN_POINT('Ctrl Pts',(-49.3590995202966,530.190973095301,-113.168705371101));
#12496=CARTESIAN_POINT('Ctrl Pts',(-49.8630115529974,530.418959246893,-113.072426919281));
#12497=CARTESIAN_POINT('Ctrl Pts',(-50.1369709679603,530.508910138782,-113.023384271103));
#12498=CARTESIAN_POINT('Ctrl Pts',(-50.6916189255586,530.626812258664,-112.927264612605));
#12499=CARTESIAN_POINT('Ctrl Pts',(-50.9703794935216,530.656133304719,-112.880423818712));
#12500=CARTESIAN_POINT('Ctrl Pts',(-51.2499992189461,530.656133304719,-112.834266626905));
#12501=CARTESIAN_POINT('',(-67.2499992189461,530.656152666326,-93.5398594951626));
#12502=CARTESIAN_POINT('Ctrl Pts',(-67.2499992189461,530.656133304719,-93.5398657064915));
#12503=CARTESIAN_POINT('Ctrl Pts',(-67.2499992648393,530.656133304719,-95.7293705162623));
#12504=CARTESIAN_POINT('Ctrl Pts',(-66.8897216080497,530.656133304719,-97.9063006398257));
#12505=CARTESIAN_POINT('Ctrl Pts',(-65.4220078781618,530.656133304719,-102.214160654496));
#12506=CARTESIAN_POINT('Ctrl Pts',(-64.2679205507791,530.656133304719,-104.29874630935));
#12507=CARTESIAN_POINT('Ctrl Pts',(-61.2864926227284,530.656133304719,-107.936104664372));
#12508=CARTESIAN_POINT('Ctrl Pts',(-59.4871231025416,530.656133304719,-109.465278063805));
#12509=CARTESIAN_POINT('Ctrl Pts',(-55.5318279916105,530.656133304719,-111.724063939443));
#12510=CARTESIAN_POINT('Ctrl Pts',(-53.4335457573939,530.656133304719,-112.473825759432));
#12511=CARTESIAN_POINT('Ctrl Pts',(-51.2499992189461,530.656133304719,-112.834266626905));
#12512=CARTESIAN_POINT('',(-67.2499992189461,537.168792668445,-92.2190964873689));
#12513=CARTESIAN_POINT('Ctrl Pts',(-67.2499992189461,537.168792668445,-92.2190964873689));
#12514=CARTESIAN_POINT('Ctrl Pts',(-67.2499992189461,536.46438761394,-92.3465882608068));
#12515=CARTESIAN_POINT('Ctrl Pts',(-67.2499992189461,535.760592752342,-92.4789191912296));
#12516=CARTESIAN_POINT('Ctrl Pts',(-67.2499992189461,535.057294079987,-92.6161138565364));
#12517=CARTESIAN_POINT('Ctrl Pts',(-67.2499992189462,533.864454710852,-92.8488047522342));
#12518=CARTESIAN_POINT('Ctrl Pts',(-67.2499992189461,532.672379335564,-93.0957227721183));
#12519=CARTESIAN_POINT('Ctrl Pts',(-67.2499992189461,531.481882866289,-93.3566115104437));
#12520=CARTESIAN_POINT('Ctrl Pts',(-67.2499992189461,531.206558040181,-93.416946965749));
#12521=CARTESIAN_POINT('Ctrl Pts',(-67.2499992189461,530.931317703105,-93.4780298655639));
#12522=CARTESIAN_POINT('Ctrl Pts',(-67.2499992189461,530.656172027932,-93.5398574233655));
#12523=CARTESIAN_POINT('',(-66.960118321224,537.168792668446,-95.5802638423705));
#12524=CARTESIAN_POINT('Ctrl Pts',(-67.2499992189461,537.168792668446,-92.2190964873689));
#12525=CARTESIAN_POINT('Ctrl Pts',(-67.2499991727899,537.168792668446,-92.7821435387847));
#12526=CARTESIAN_POINT('Ctrl Pts',(-67.2257650311485,537.168792668447,-93.3449531949444));
#12527=CARTESIAN_POINT('Ctrl Pts',(-67.1289999170763,537.168792668447,-94.4668843607232));
#12528=CARTESIAN_POINT('Ctrl Pts',(-67.0565105126052,537.168792668446,-95.0255272188551));
#12529=CARTESIAN_POINT('Ctrl Pts',(-66.9601183209333,537.168792668446,-95.58026384232));
#12530=CARTESIAN_POINT('',(-66.8946324843252,539.168792668446,-95.5802638423758));
#12531=CARTESIAN_POINT('Ctrl Pts',(-66.8946324840082,539.168792668446,-95.5802638423146));
#12532=CARTESIAN_POINT('Ctrl Pts',(-66.8759410074847,539.168792668627,-95.6769414141239));
#12533=CARTESIAN_POINT('Ctrl Pts',(-66.857035705512,539.154773125737,-95.7731397482493));
#12534=CARTESIAN_POINT('Ctrl Pts',(-66.8168547469246,539.094218578255,-95.9763446698621));
#12535=CARTESIAN_POINT('Ctrl Pts',(-66.7960769936697,539.042340415771,-96.0806114699702));
#12536=CARTESIAN_POINT('Ctrl Pts',(-66.7572329753349,538.895502195651,-96.279673956446));
#12537=CARTESIAN_POINT('Ctrl Pts',(-66.7402964221362,538.797047889453,-96.3694808918194));
#12538=CARTESIAN_POINT('Ctrl Pts',(-66.7232216646306,538.626127402709,-96.472063546848));
#12539=CARTESIAN_POINT('Ctrl Pts',(-66.7189642104225,538.565476945704,-96.5006598633681));
#12540=CARTESIAN_POINT('Ctrl Pts',(-66.7144826393601,538.458966936596,-96.5383422341402));
#12541=CARTESIAN_POINT('Ctrl Pts',(-66.7134185910041,538.414586893652,-96.5506780551185));
#12542=CARTESIAN_POINT('Ctrl Pts',(-66.7130002214306,538.348885522902,-96.5641384185878));
#12543=CARTESIAN_POINT('Ctrl Pts',(-66.7130312938147,538.32814753662,-96.5677093466062));
#12544=CARTESIAN_POINT('Ctrl Pts',(-66.7136565797522,538.26074458305,-96.5771368717783));
#12545=CARTESIAN_POINT('Ctrl Pts',(-66.7148986346822,538.213798473354,-96.5803546087512));
#12546=CARTESIAN_POINT('Ctrl Pts',(-66.7200191387951,538.095410311476,-96.5801209741128));
#12547=CARTESIAN_POINT('Ctrl Pts',(-66.7249163960093,538.02434519186,-96.5723330844551));
#12548=CARTESIAN_POINT('Ctrl Pts',(-66.7436364045428,537.824987377917,-96.5286634704207));
#12549=CARTESIAN_POINT('Ctrl Pts',(-66.7613140158842,537.702709355864,-96.4747690443683));
#12550=CARTESIAN_POINT('Ctrl Pts',(-66.8013159837762,537.499211431256,-96.3321164267917));
#12551=CARTESIAN_POINT('Ctrl Pts',(-66.8225639290562,537.416350699714,-96.2490833271301));
#12552=CARTESIAN_POINT('Ctrl Pts',(-66.8645493790613,537.29019608865,-96.0689703955443));
#12553=CARTESIAN_POINT('Ctrl Pts',(-66.8848816800717,537.244263049772,-95.975242936483));
#12554=CARTESIAN_POINT('Ctrl Pts',(-66.9240181069547,537.183933063528,-95.7804701830917));
#12555=CARTESIAN_POINT('Ctrl Pts',(-66.9426597107225,537.168792668258,-95.680738064496));
#12556=CARTESIAN_POINT('Ctrl Pts',(-66.9601183209333,537.168792668446,-95.58026384232));
#12557=CARTESIAN_POINT('',(-67.2499992189461,539.168792668445,-91.8703917802936));
#12558=CARTESIAN_POINT('Ctrl Pts',(-66.8946324840082,539.168792668446,-95.5802638423146));
#12559=CARTESIAN_POINT('Ctrl Pts',(-67.0127399772984,539.168792668446,-94.9693786801339));
#12560=CARTESIAN_POINT('Ctrl Pts',(-67.1016114189844,539.168792668447,-94.3531801896085));
#12561=CARTESIAN_POINT('Ctrl Pts',(-67.2202726518891,539.168792668447,-93.1144557376116));
#12562=CARTESIAN_POINT('Ctrl Pts',(-67.2499991005383,539.168792668446,-92.4925884958515));
#12563=CARTESIAN_POINT('Ctrl Pts',(-67.2499992189458,539.168792668446,-91.8703917802936));
#12564=CARTESIAN_POINT('',(-67.2499992189461,542.168792668445,-91.3969182983726));
#12565=CARTESIAN_POINT('Origin',(-67.2499992189461,565.207898687945,-247.117163344297));
#12566=CARTESIAN_POINT('',(-66.7941237780196,542.168792668446,-95.5802638425193));
#12567=CARTESIAN_POINT('Ctrl Pts',(-67.2499992189458,542.168792668446,-91.3969182983726));
#12568=CARTESIAN_POINT('Ctrl Pts',(-67.2499990831802,542.168792668446,-92.0998115632681));
#12569=CARTESIAN_POINT('Ctrl Pts',(-67.2118300035542,542.168792668449,-92.802216320215));
#12570=CARTESIAN_POINT('Ctrl Pts',(-67.0595348831096,542.168792668449,-94.19973061749));
#12571=CARTESIAN_POINT('Ctrl Pts',(-66.9455151583272,542.168792668446,-94.8938668813794));
#12572=CARTESIAN_POINT('Ctrl Pts',(-66.7941237776956,542.168792668446,-95.5802638424478));
#12573=CARTESIAN_POINT('',(-66.7275577933351,544.168792668446,-95.5802638424494));
#12574=CARTESIAN_POINT('Ctrl Pts',(-66.7275577929785,544.168792668446,-95.5802638423648));
#12575=CARTESIAN_POINT('Ctrl Pts',(-66.7102908166904,544.168792668579,-95.653058827272));
#12576=CARTESIAN_POINT('Ctrl Pts',(-66.692883713281,544.160844115458,-95.7256463022566));
#12577=CARTESIAN_POINT('Ctrl Pts',(-66.6572305500053,544.128111834,-95.8732691501778));
#12578=CARTESIAN_POINT('Ctrl Pts',(-66.6391157556552,544.102170216195,-95.947682014169));
#12579=CARTESIAN_POINT('Ctrl Pts',(-66.597516393361,544.01885308796,-96.1186191467496));
#12580=CARTESIAN_POINT('Ctrl Pts',(-66.575183981515,543.953354728121,-96.2104449577941));
#12581=CARTESIAN_POINT('Ctrl Pts',(-66.5376441152709,543.793169336978,-96.3695516931116));
#12582=CARTESIAN_POINT('Ctrl Pts',(-66.5227753386541,543.699471255835,-96.4355158865687));
#12583=CARTESIAN_POINT('Ctrl Pts',(-66.5081632109236,543.543162266803,-96.509389233249));
#12584=CARTESIAN_POINT('Ctrl Pts',(-66.5046121736388,543.488070811582,-96.529741662671));
#12585=CARTESIAN_POINT('Ctrl Pts',(-66.5009898303364,543.388828158511,-96.5567540671391));
#12586=CARTESIAN_POINT('Ctrl Pts',(-66.5002788379977,543.345501168429,-96.56551775404));
#12587=CARTESIAN_POINT('Ctrl Pts',(-66.5005682949641,543.256781796671,-96.5774166873051));
#12588=CARTESIAN_POINT('Ctrl Pts',(-66.5016141384767,543.211507326809,-96.5803776624539));
#12589=CARTESIAN_POINT('Ctrl Pts',(-66.5062658349086,543.102291170092,-96.5800951946028));
#12590=CARTESIAN_POINT('Ctrl Pts',(-66.5107337101816,543.038661804363,-96.5738038499151));
#12591=CARTESIAN_POINT('Ctrl Pts',(-66.5294285935095,542.846664726944,-96.5361149378116));
#12592=CARTESIAN_POINT('Ctrl Pts',(-66.5487730785967,542.724287987774,-96.4854882074386));
#12593=CARTESIAN_POINT('Ctrl Pts',(-66.5940038653978,542.519497127095,-96.349502937373));
#12594=CARTESIAN_POINT('Ctrl Pts',(-66.6185265841536,542.435564543475,-96.2698056790152));
#12595=CARTESIAN_POINT('Ctrl Pts',(-66.6696558736589,542.301589680429,-96.0901563044347));
#12596=CARTESIAN_POINT('Ctrl Pts',(-66.6958534159646,542.250995414237,-95.9921285471419));
#12597=CARTESIAN_POINT('Ctrl Pts',(-66.746658440599,542.185222793512,-95.7887458197609));
#12598=CARTESIAN_POINT('Ctrl Pts',(-66.7710385218473,542.168792668263,-95.6849306299349));
#12599=CARTESIAN_POINT('Ctrl Pts',(-66.7941237776956,542.168792668446,-95.5802638424478));
#12600=CARTESIAN_POINT('',(-67.2499992189461,544.168792668446,-91.1141310628295));
#12601=CARTESIAN_POINT('Ctrl Pts',(-66.7275577929784,544.168792668446,-95.5802638423648));
#12602=CARTESIAN_POINT('Ctrl Pts',(-66.9009362100708,544.168792668446,-94.8493264131287));
#12603=CARTESIAN_POINT('Ctrl Pts',(-67.0316017483047,544.168792668445,-94.1088843275928));
#12604=CARTESIAN_POINT('Ctrl Pts',(-67.2062167822848,544.168792668445,-92.6164051521342));
#12605=CARTESIAN_POINT('Ctrl Pts',(-67.2499991540449,544.168792668446,-91.8655706907159));
#12606=CARTESIAN_POINT('Ctrl Pts',(-67.2499992189461,544.168792668446,-91.1141310628295));
#12607=CARTESIAN_POINT('',(-67.2499992189461,547.168792668446,-90.7389186439741));
#12608=CARTESIAN_POINT('Origin',(-67.2499992178893,565.180284306414,-246.930089694068));
#12609=CARTESIAN_POINT('',(-66.6314756293942,547.168792668446,-95.5802638421849));
#12610=CARTESIAN_POINT('Ctrl Pts',(-67.2499992189461,547.168792668446,-90.738918643974));
#12611=CARTESIAN_POINT('Ctrl Pts',(-67.249999166026,547.168792668446,-91.5549785653884));
#12612=CARTESIAN_POINT('Ctrl Pts',(-67.1981138949094,547.168792668445,-92.3702449989952));
#12613=CARTESIAN_POINT('Ctrl Pts',(-66.9912786365794,547.168792668445,-93.988898530144));
#12614=CARTESIAN_POINT('Ctrl Pts',(-66.8365694479642,547.168792668446,-94.7907124431726));
#12615=CARTESIAN_POINT('Ctrl Pts',(-66.6314756289572,547.168792668446,-95.5802638420714));
#12616=CARTESIAN_POINT('',(-66.5715805513186,549.168792668446,-95.5802638441916));
#12617=CARTESIAN_POINT('Ctrl Pts',(-66.5715805513186,549.168792668446,-95.5802638441916));
#12618=CARTESIAN_POINT('Ctrl Pts',(-66.5377595911369,549.168792668446,-95.7040969863433));
#12619=CARTESIAN_POINT('Ctrl Pts',(-66.5034788284002,549.14579185329,-95.8270042269068));
#12620=CARTESIAN_POINT('Ctrl Pts',(-66.4407594736124,549.059214989003,-96.0496414204809));
#12621=CARTESIAN_POINT('Ctrl Pts',(-66.4124284268046,548.999293518104,-96.1492336995736));
#12622=CARTESIAN_POINT('Ctrl Pts',(-66.360348317066,548.838027466409,-96.3345395499184));
#12623=CARTESIAN_POINT('Ctrl Pts',(-66.338023940947,548.734063592077,-96.4156033507849));
#12624=CARTESIAN_POINT('Ctrl Pts',(-66.3158324950869,548.557740802611,-96.5038530284128));
#12625=CARTESIAN_POINT('Ctrl Pts',(-66.3103830231426,548.496233980777,-96.5274294305379));
#12626=CARTESIAN_POINT('Ctrl Pts',(-66.3046948641672,548.388461494782,-96.5569152295941));
#12627=CARTESIAN_POINT('Ctrl Pts',(-66.3033847021238,548.343430647805,-96.56596626109));
#12628=CARTESIAN_POINT('Ctrl Pts',(-66.3028636877151,548.254226204861,-96.5775809107993));
#12629=CARTESIAN_POINT('Ctrl Pts',(-66.3035706644092,548.210236810973,-96.5803738011953));
#12630=CARTESIAN_POINT('Ctrl Pts',(-66.3074002795723,548.108626878533,-96.5801123332943));
#12631=CARTESIAN_POINT('Ctrl Pts',(-66.3111908726493,548.05126327747,-96.5749900972062));
#12632=CARTESIAN_POINT('Ctrl Pts',(-66.3266917732717,547.886615936054,-96.5458903721729));
#12633=CARTESIAN_POINT('Ctrl Pts',(-66.342342097993,547.783056828255,-96.5092314231955));
#12634=CARTESIAN_POINT('Ctrl Pts',(-66.3827551235954,547.589912907886,-96.4033029699616));
#12635=CARTESIAN_POINT('Ctrl Pts',(-66.4074653386739,547.502247273638,-96.3338568814379));
#12636=CARTESIAN_POINT('Ctrl Pts',(-66.4648480522917,547.345877292816,-96.1614554770415));
#12637=CARTESIAN_POINT('Ctrl Pts',(-66.4976962652775,547.281272876891,-96.0568060651436));
#12638=CARTESIAN_POINT('Ctrl Pts',(-66.5650405951889,547.192040326614,-95.8279422358665));
#12639=CARTESIAN_POINT('Ctrl Pts',(-66.5991349096262,547.168792668182,-95.7047661811439));
#12640=CARTESIAN_POINT('Ctrl Pts',(-66.6314756289572,547.168792668446,-95.5802638420714));
#12641=CARTESIAN_POINT('',(-67.2499992189461,549.168792668445,-90.5212382914619));
#12642=CARTESIAN_POINT('Ctrl Pts',(-66.5715805513185,549.168792668446,-95.5802638441916));
#12643=CARTESIAN_POINT('Ctrl Pts',(-66.7964143633636,549.168792668446,-94.7570501548713));
#12644=CARTESIAN_POINT('Ctrl Pts',(-66.96611493315,549.168792668445,-93.9197290711403));
#12645=CARTESIAN_POINT('Ctrl Pts',(-67.1930537743554,549.168792668445,-92.2277796093481));
#12646=CARTESIAN_POINT('Ctrl Pts',(-67.2499986754296,549.168792668446,-91.3749740125937));
#12647=CARTESIAN_POINT('Ctrl Pts',(-67.2499992189422,549.168792668446,-90.5212382914619));
#12648=CARTESIAN_POINT('',(-67.2499992189461,552.168792668445,-90.2431015441891));
#12649=CARTESIAN_POINT('Origin',(-67.2499991189588,565.203154837766,-247.150690925893));
#12650=CARTESIAN_POINT('',(-66.4905078389152,552.168792668446,-95.5802638441916));
#12651=CARTESIAN_POINT('Ctrl Pts',(-67.2499992189097,552.168792668446,-90.2431015441891));
#12652=CARTESIAN_POINT('Ctrl Pts',(-67.2499974592114,552.168792668446,-91.1451866403723));
#12653=CARTESIAN_POINT('Ctrl Pts',(-67.1861924105417,552.168792668445,-92.0461563821384));
#12654=CARTESIAN_POINT('Ctrl Pts',(-66.9320187285837,552.168792668445,-93.8318703084838));
#12655=CARTESIAN_POINT('Ctrl Pts',(-66.7420255053053,552.168792668446,-94.7144293831282));
#12656=CARTESIAN_POINT('Ctrl Pts',(-66.4905078389152,552.168792668446,-95.5802638441916));
#12657=CARTESIAN_POINT('',(-66.4435945468558,554.168792668446,-95.5802638441916));
#12658=CARTESIAN_POINT('Ctrl Pts',(-66.4435945468558,554.168792668446,-95.5802638441916));
#12659=CARTESIAN_POINT('Ctrl Pts',(-66.41119294262,554.168792668446,-95.6881884525081));
#12660=CARTESIAN_POINT('Ctrl Pts',(-66.3782989861018,554.151322000205,-95.7954681387509));
#12661=CARTESIAN_POINT('Ctrl Pts',(-66.3117883443943,554.079729842111,-96.0091637111766));
#12662=CARTESIAN_POINT('Ctrl Pts',(-66.2786939708547,554.022957250381,-96.1136378674454));
#12663=CARTESIAN_POINT('Ctrl Pts',(-66.2170822622112,553.866931882679,-96.3080380100717));
#12664=CARTESIAN_POINT('Ctrl Pts',(-66.1898965250354,553.765258942225,-96.3938517423503));
#12665=CARTESIAN_POINT('Ctrl Pts',(-66.1596909552929,553.582310863441,-96.4938828508437));
#12666=CARTESIAN_POINT('Ctrl Pts',(-66.1514243256099,553.511943383122,-96.5226201194778));
#12667=CARTESIAN_POINT('Ctrl Pts',(-66.1428073667419,553.392050937197,-96.5562258205286));
#12668=CARTESIAN_POINT('Ctrl Pts',(-66.1406880270764,553.344475999705,-96.5659067142407));
#12669=CARTESIAN_POINT('Ctrl Pts',(-66.1390807740166,553.253403748972,-96.5776173293774));
#12670=CARTESIAN_POINT('Ctrl Pts',(-66.1393348940543,553.210174549988,-96.5803436077911));
#12671=CARTESIAN_POINT('Ctrl Pts',(-66.1421255895176,553.114514943903,-96.580163328917));
#12672=CARTESIAN_POINT('Ctrl Pts',(-66.1451259406269,553.062297460467,-96.5759479231635));
#12673=CARTESIAN_POINT('Ctrl Pts',(-66.1571722659157,552.92147503078,-96.5534048571486));
#12674=CARTESIAN_POINT('Ctrl Pts',(-66.1689580488615,552.835077166627,-96.527169835076));
#12675=CARTESIAN_POINT('Ctrl Pts',(-66.20272975741,552.655324978773,-96.4451611636124));
#12676=CARTESIAN_POINT('Ctrl Pts',(-66.226068481118,552.565652764995,-96.3849768381836));
#12677=CARTESIAN_POINT('Ctrl Pts',(-66.2824245145235,552.40045814576,-96.2313041019753));
#12678=CARTESIAN_POINT('Ctrl Pts',(-66.3158713081593,552.328943589288,-96.1357170703418));
#12679=CARTESIAN_POINT('Ctrl Pts',(-66.3741893162987,552.240270908478,-95.9598821168383));
#12680=CARTESIAN_POINT('Ctrl Pts',(-66.3981426728031,552.213179394719,-95.8852987587422));
#12681=CARTESIAN_POINT('Ctrl Pts',(-66.4451785392782,552.177666334224,-95.7337159702004));
#12682=CARTESIAN_POINT('Ctrl Pts',(-66.4681641194398,552.168792668446,-95.6571807565811));
#12683=CARTESIAN_POINT('Ctrl Pts',(-66.4905078389152,552.168792668446,-95.5802638441916));
#12684=CARTESIAN_POINT('',(-67.2499992189461,554.168792668445,-90.0897576899035));
#12685=CARTESIAN_POINT('Ctrl Pts',(-66.4435945468558,554.168792668446,-95.5802638441916));
#12686=CARTESIAN_POINT('Ctrl Pts',(-66.7106069781218,554.168792668446,-94.6908877549615));
#12687=CARTESIAN_POINT('Ctrl Pts',(-66.9123815302125,554.168792668534,-93.7831958763735));
#12688=CARTESIAN_POINT('Ctrl Pts',(-67.1822534567993,554.168792668534,-91.9457195817785));
#12689=CARTESIAN_POINT('Ctrl Pts',(-67.2499966831155,554.168792668446,-91.0183525056278));
#12690=CARTESIAN_POINT('Ctrl Pts',(-67.2499992188749,554.168792668446,-90.0897576899035));
#12691=CARTESIAN_POINT('',(-67.2499992189461,557.168792668444,-89.9075700425394));
#12692=CARTESIAN_POINT('Origin',(-67.2499993351622,565.251955511853,-247.800188536959));
#12693=CARTESIAN_POINT('',(-66.3857805918541,557.168792496911,-95.5802637615771));
#12694=CARTESIAN_POINT('Origin',(-48.199762433997,557.168779021044,-89.9074984938784));
#12695=CARTESIAN_POINT('',(-66.3564688027905,559.16879253573,-95.5802637570011));
#12696=CARTESIAN_POINT('Ctrl Pts',(-66.3564687787545,559.168792668446,-95.5802637493634));
#12697=CARTESIAN_POINT('Ctrl Pts',(-66.3206402318173,559.168792679138,-95.6930164848974));
#12698=CARTESIAN_POINT('Ctrl Pts',(-66.2841075643173,559.149724334364,-95.8050021510848));
#12699=CARTESIAN_POINT('Ctrl Pts',(-66.2115577441867,559.073271499026,-96.022798802779));
#12700=CARTESIAN_POINT('Ctrl Pts',(-66.175996373869,559.014546539554,-96.1270508587813));
#12701=CARTESIAN_POINT('Ctrl Pts',(-66.1162024338224,558.870372792519,-96.3007308565848));
#12702=CARTESIAN_POINT('Ctrl Pts',(-66.0914711661861,558.789323114131,-96.3718599971467));
#12703=CARTESIAN_POINT('Ctrl Pts',(-66.0554910965667,558.621226604248,-96.4765882337309));
#12704=CARTESIAN_POINT('Ctrl Pts',(-66.0428752599529,558.538343770148,-96.513924783546));
#12705=CARTESIAN_POINT('Ctrl Pts',(-66.0300036726761,558.400800721235,-96.5543835914845));
#12706=CARTESIAN_POINT('Ctrl Pts',(-66.0268009295602,558.349445659726,-96.5652109354574));
#12707=CARTESIAN_POINT('Ctrl Pts',(-66.023806209821,558.254541561361,-96.5775166826922));
#12708=CARTESIAN_POINT('Ctrl Pts',(-66.0235153211791,558.211382902874,-96.5802905398812));
#12709=CARTESIAN_POINT('Ctrl Pts',(-66.0251552799864,558.119843465586,-96.5802335787905));
#12710=CARTESIAN_POINT('Ctrl Pts',(-66.0273497963675,558.07164555336,-96.5767007917569));
#12711=CARTESIAN_POINT('Ctrl Pts',(-66.0362922850336,557.949236870602,-96.5587811370765));
#12712=CARTESIAN_POINT('Ctrl Pts',(-66.0448728734041,557.876348349453,-96.5394713777976));
#12713=CARTESIAN_POINT('Ctrl Pts',(-66.0763964930119,557.682702207082,-96.4642202827155));
#12714=CARTESIAN_POINT('Ctrl Pts',(-66.1049208007671,557.571015368254,-96.3924285141152));
#12715=CARTESIAN_POINT('Ctrl Pts',(-66.1697724261816,557.391254967014,-96.2202146851743));
#12716=CARTESIAN_POINT('Ctrl Pts',(-66.2047317416918,557.321406866969,-96.124020611016));
#12717=CARTESIAN_POINT('Ctrl Pts',(-66.2654523954154,557.236228727945,-95.9494075574607));
#12718=CARTESIAN_POINT('Ctrl Pts',(-66.2901453097624,557.210597331259,-95.8765334187183));
#12719=CARTESIAN_POINT('Ctrl Pts',(-66.3387280027291,557.177128816736,-95.7290287053625));
#12720=CARTESIAN_POINT('Ctrl Pts',(-66.3625257664931,557.168792661723,-95.6548139566879));
#12721=CARTESIAN_POINT('Ctrl Pts',(-66.385780567593,557.168792668446,-95.5802637540093));
#12722=CARTESIAN_POINT('Origin',(-48.221672805508,559.168782389787,-89.8177659471172));
#12723=CARTESIAN_POINT('',(-63.6377881249776,591.425043818852,-103.080263844192));
#12724=CARTESIAN_POINT('',(-66.5169456159659,591.425044279514,-97.0802638441916));
#12725=CARTESIAN_POINT('Ctrl Pts',(-63.6377881249776,591.425043818851,-103.080263844192));
#12726=CARTESIAN_POINT('Ctrl Pts',(-63.6247522740767,591.317390101589,-103.080263827665));
#12727=CARTESIAN_POINT('Ctrl Pts',(-63.6158465834681,591.209432073526,-103.074471529779));
#12728=CARTESIAN_POINT('Ctrl Pts',(-63.6063380569955,590.985386941655,-103.050173218837));
#12729=CARTESIAN_POINT('Ctrl Pts',(-63.6064644330063,590.870075011192,-103.030800752321));
#12730=CARTESIAN_POINT('Ctrl Pts',(-63.6177683141532,590.621549524601,-102.973956993071));
#12731=CARTESIAN_POINT('Ctrl Pts',(-63.6309005669451,590.489923406137,-102.934079537585));
#12732=CARTESIAN_POINT('Ctrl Pts',(-63.6846609846739,590.141079140593,-102.801889518191));
#12733=CARTESIAN_POINT('Ctrl Pts',(-63.7378461276944,589.934442194718,-102.693785224369));
#12734=CARTESIAN_POINT('Ctrl Pts',(-63.9261753621485,589.408869579354,-102.33846884974));
#12735=CARTESIAN_POINT('Ctrl Pts',(-64.0904626771475,589.131915241164,-102.052202055586));
#12736=CARTESIAN_POINT('Ctrl Pts',(-64.4521113727178,588.710868133355,-101.413911698516));
#12737=CARTESIAN_POINT('Ctrl Pts',(-64.649453916906,588.565460668723,-101.061612380464));
#12738=CARTESIAN_POINT('Ctrl Pts',(-65.0670937771591,588.401765137165,-100.279763533146));
#12739=CARTESIAN_POINT('Ctrl Pts',(-65.2870101744739,588.402814930281,-99.8456024349674));
#12740=CARTESIAN_POINT('Ctrl Pts',(-65.6737799362528,588.586523130371,-99.0293625531488));
#12741=CARTESIAN_POINT('Ctrl Pts',(-65.8410481619144,588.754358002114,-98.6510622527749));
#12742=CARTESIAN_POINT('Ctrl Pts',(-66.1122097182831,589.222893308471,-98.0084363715038));
#12743=CARTESIAN_POINT('Ctrl Pts',(-66.2180045435194,589.50363536742,-97.743762206415));
#12744=CARTESIAN_POINT('Ctrl Pts',(-66.3828686594891,590.154398401765,-97.3363248644575));
#12745=CARTESIAN_POINT('Ctrl Pts',(-66.441208138811,590.514007915054,-97.1960380870671));
#12746=CARTESIAN_POINT('Ctrl Pts',(-66.4960108620914,591.068650152694,-97.0962020629855));
#12747=CARTESIAN_POINT('Ctrl Pts',(-66.5087018572749,591.246529464762,-97.0802638441767));
#12748=CARTESIAN_POINT('Ctrl Pts',(-66.5169456159659,591.425044279639,-97.0802638441916));
#12749=CARTESIAN_POINT('Ctrl Pts',(-66.5169456159659,591.425044279639,-97.0802638441916));
#12750=CARTESIAN_POINT('Ctrl Pts',(-66.5170278285445,591.426824555337,-97.0802638441917));
#12751=CARTESIAN_POINT('Ctrl Pts',(-66.5171095969924,591.428604894322,-97.0802654289398));
#12752=CARTESIAN_POINT('Ctrl Pts',(-66.5171909213878,591.430385294441,-97.0802685986594));
#12753=CARTESIAN_POINT('Ctrl Pts',(-66.5236008350622,591.570714786087,-97.0805184330304));
#12754=CARTESIAN_POINT('Ctrl Pts',(-66.527238167904,591.710951746443,-97.0906165144228));
#12755=CARTESIAN_POINT('Ctrl Pts',(-66.5285393740598,591.913080277086,-97.1195410101543));
#12756=CARTESIAN_POINT('Ctrl Pts',(-66.5283797244888,591.975845477877,-97.1305728657725));
#12757=CARTESIAN_POINT('Ctrl Pts',(-66.5260042346699,592.179997252693,-97.1731989648989));
#12758=CARTESIAN_POINT('Ctrl Pts',(-66.5214394346472,592.319390738298,-97.2130225060822));
#12759=CARTESIAN_POINT('Ctrl Pts',(-66.5023814457619,592.663664489372,-97.3389030416564));
#12760=CARTESIAN_POINT('Ctrl Pts',(-66.4839814714366,592.862485768317,-97.4378237174366));
#12761=CARTESIAN_POINT('Ctrl Pts',(-66.4129068029841,593.377779349746,-97.7693191843213));
#12762=CARTESIAN_POINT('Ctrl Pts',(-66.3456970439158,593.659369247538,-98.0417638032488));
#12763=CARTESIAN_POINT('Ctrl Pts',(-66.1725752597356,594.078527845651,-98.6386970400331));
#12764=CARTESIAN_POINT('Ctrl Pts',(-66.0729272822758,594.223605088507,-98.9487287826149));
#12765=CARTESIAN_POINT('Ctrl Pts',(-65.8232359260828,594.416011066415,-99.6359647145711));
#12766=CARTESIAN_POINT('Ctrl Pts',(-65.6708821363369,594.446307371197,-100.009099865526));
#12767=CARTESIAN_POINT('Ctrl Pts',(-65.3081287756637,594.369497069801,-100.794699404935));
#12768=CARTESIAN_POINT('Ctrl Pts',(-65.0946755427667,594.239689805687,-101.197968018338));
#12769=CARTESIAN_POINT('Ctrl Pts',(-64.6551975712389,593.82517285909,-101.930101193166));
#12770=CARTESIAN_POINT('Ctrl Pts',(-64.4288146011517,593.535517026765,-102.256516796242));
#12771=CARTESIAN_POINT('Ctrl Pts',(-64.0596109751978,592.889538606069,-102.723270942786));
#12772=CARTESIAN_POINT('Ctrl Pts',(-63.909214443341,592.552710632126,-102.886250915836));
#12773=CARTESIAN_POINT('Ctrl Pts',(-63.7326341145423,591.966909702787,-103.039446618279));
#12774=CARTESIAN_POINT('Ctrl Pts',(-63.6815300611962,591.740763255181,-103.07257049852));
#12775=CARTESIAN_POINT('Ctrl Pts',(-63.6448844189974,591.481297868658,-103.079868005542));
#12776=CARTESIAN_POINT('Ctrl Pts',(-63.6411952998588,591.453181225769,-103.080263848511));
#12777=CARTESIAN_POINT('Ctrl Pts',(-63.6377881249776,591.425043818851,-103.080263844192));
#12778=CARTESIAN_POINT('Ctrl Pts',(-48.2499992189461,523.623792668446,-115.080263844192));
#12779=CARTESIAN_POINT('Ctrl Pts',(-24.5499992189461,523.623792668446,-115.080263844192));
#12780=CARTESIAN_POINT('Ctrl Pts',(-48.2499992189461,564.510936858595,-102.3188913913));
#12781=CARTESIAN_POINT('Ctrl Pts',(-24.5499992189461,564.510936858595,-102.3188913913));
#12782=CARTESIAN_POINT('Ctrl Pts',(-48.2499992189461,608.623792668446,-115.080263844192));
#12783=CARTESIAN_POINT('Ctrl Pts',(-24.5499992189461,608.623792668446,-115.080263844192));
#12784=CARTESIAN_POINT('',(-47.2499992189461,523.623792668446,-115.080263844192));
#12785=CARTESIAN_POINT('',(-47.2499992189461,523.623792668446,-115.080263844192));
#12786=CARTESIAN_POINT('',(-47.2499992189461,526.656133304605,-114.170207064955));
#12787=CARTESIAN_POINT('Ctrl Pts',(-47.2499992189461,523.623792668446,-115.080263844192));
#12788=CARTESIAN_POINT('Ctrl Pts',(-47.2499992189461,524.127503520239,-114.92304959224));
#12789=CARTESIAN_POINT('Ctrl Pts',(-47.2499992189461,524.632059849121,-114.768591268295));
#12790=CARTESIAN_POINT('Ctrl Pts',(-47.2499992189461,525.642866435143,-114.465219959614));
#12791=CARTESIAN_POINT('Ctrl Pts',(-47.2499992189461,526.149089390724,-114.316315170635));
#12792=CARTESIAN_POINT('Ctrl Pts',(-47.2499992189461,526.656133304605,-114.170207064955));
#12793=CARTESIAN_POINT('Ctrl Pts',(-47.2499992189461,526.656133304605,-114.170207064955));
#12794=CARTESIAN_POINT('Ctrl Pts',(-47.2499992189427,526.761971110108,-114.139709191205));
#12795=CARTESIAN_POINT('Ctrl Pts',(-47.2541998283034,526.867814676766,-114.109342024732));
#12796=CARTESIAN_POINT('Ctrl Pts',(-47.2626024362463,526.973413775777,-114.079176345015));
#12797=CARTESIAN_POINT('Ctrl Pts',(-47.2720580438074,527.092246362737,-114.045230356917));
#12798=CARTESIAN_POINT('Ctrl Pts',(-47.2868283668944,527.210688306819,-114.011562742106));
#12799=CARTESIAN_POINT('Ctrl Pts',(-47.3068936522679,527.328382135162,-113.978270188121));
#12800=CARTESIAN_POINT('Ctrl Pts',(-47.3462615478307,527.559296286459,-113.912950519654));
#12801=CARTESIAN_POINT('Ctrl Pts',(-47.4059185366317,527.786784243771,-113.849232453773));
#12802=CARTESIAN_POINT('Ctrl Pts',(-47.4854227691932,528.008155628239,-113.787792366922));
#12803=CARTESIAN_POINT('Ctrl Pts',(-47.4922295457932,528.027108399823,-113.782532157094));
#12804=CARTESIAN_POINT('Ctrl Pts',(-47.4991818021942,528.04601633314,-113.777288613618));
#12805=CARTESIAN_POINT('Ctrl Pts',(-47.5062792611101,528.064877737645,-113.77206214373));
#12806=CARTESIAN_POINT('Ctrl Pts',(-47.5996679456863,528.313056948943,-113.703292017184));
#12807=CARTESIAN_POINT('Ctrl Pts',(-47.7176329537075,528.551682164771,-113.637898404154));
#12808=CARTESIAN_POINT('Ctrl Pts',(-47.8586071745107,528.77709983385,-113.57669186853));
#12809=CARTESIAN_POINT('Ctrl Pts',(-47.9739534200803,528.961538390526,-113.526612186952));
#12810=CARTESIAN_POINT('Ctrl Pts',(-48.104703515653,529.137134753915,-113.479333941261));
#12811=CARTESIAN_POINT('Ctrl Pts',(-48.2499990587824,529.301884434175,-113.435275679884));
#12812=CARTESIAN_POINT('Origin',(-29.4999992189461,518.623792668446,-80.0802638441915));
#12813=CARTESIAN_POINT('',(-29.4999992189461,518.623792668446,-82.8302638441915));
#12814=CARTESIAN_POINT('Origin',(-29.4999992189461,518.623792668446,-83.8302638441915));
#12815=CARTESIAN_POINT('',(-29.4999992189461,518.623792668446,-77.3302638441915));
#12816=CARTESIAN_POINT('Origin',(-29.4999992189461,518.623792668446,-80.0802638441915));
#12817=CARTESIAN_POINT('Origin',(-29.4999992189461,518.623792668446,-80.0802638441915));
#12818=CARTESIAN_POINT('Origin',(-68.7499992189461,518.623792668446,-80.0802638441915));
#12819=CARTESIAN_POINT('',(-63.2499992189462,518.623792668446,-77.3302638441915));
#12820=CARTESIAN_POINT('Origin',(-63.2499992189462,518.623792668446,-80.0802638441915));
#12821=CARTESIAN_POINT('',(-68.7499992189461,518.623792668446,-77.3302638441915));
#12822=CARTESIAN_POINT('Origin',(-63.2499992189462,518.623792668446,-80.0802638441915));
#12823=CARTESIAN_POINT('',(-65.2499992189461,518.623792668446,-75.3302638441915));
#12824=CARTESIAN_POINT('Origin',(-65.2499992189461,518.623792668446,-80.0802638441915));
#12825=CARTESIAN_POINT('Origin',(-63.2499992189462,518.623792668446,-75.3302638441915));
#12826=CARTESIAN_POINT('Origin',(-65.2499992189462,608.623792668446,-115.080263844192));
#12827=CARTESIAN_POINT('',(-65.2499992189461,502.663500508199,-75.3329223870357));
#12828=CARTESIAN_POINT('',(-65.2499992189461,522.366537896295,-69.6627007574747));
#12829=CARTESIAN_POINT('',(-65.2499992189461,589.955629462067,-50.2116323069738));
#12830=CARTESIAN_POINT('',(-65.2499992189461,526.104686462728,-69.3200736289792));
#12831=CARTESIAN_POINT('Origin',(-65.2499992189461,525.132134139869,-79.2726683649917));
#12832=CARTESIAN_POINT('',(-65.2499992189461,526.307394513756,-69.3491806526822));
#12833=CARTESIAN_POINT('',(-65.2499992189461,353.814181734476,-44.5807316074338));
#12834=CARTESIAN_POINT('',(-65.2499992189461,530.656133304719,-71.0802638441916));
#12835=CARTESIAN_POINT('Origin',(-65.2499992189461,524.886063873648,-79.2476562530709));
#12836=CARTESIAN_POINT('',(-65.2499992189461,530.656133304719,-89.0802638441916));
#12837=CARTESIAN_POINT('',(-65.2499992189461,530.656133304719,-115.080263844192));
#12838=CARTESIAN_POINT('',(-65.2499992189461,526.307522582247,-90.8112647902526));
#12839=CARTESIAN_POINT('Origin',(-65.2499992189461,524.886177319735,-80.9127912895186));
#12840=CARTESIAN_POINT('',(-65.2499992189461,526.104702205719,-90.8403882486624));
#12841=CARTESIAN_POINT('',(-65.2499992189461,380.804773170861,-111.704349319196));
#12842=CARTESIAN_POINT('',(-65.2499992189461,522.247403541784,-90.5101307740104));
#12843=CARTESIAN_POINT('Origin',(-65.2499992189461,525.012985725186,-80.90015912021));
#12844=CARTESIAN_POINT('',(-65.2499992189461,502.687133759835,-84.8810263853303));
#12845=CARTESIAN_POINT('',(-65.2499992189462,608.547387362499,-115.34576050119));
#12846=CARTESIAN_POINT('',(-65.2499992189461,502.313780165076,-86.1783725585934));
#12847=CARTESIAN_POINT('',(-65.2499992189461,502.763539065782,-84.6155297283317));
#12848=CARTESIAN_POINT('',(-65.2499992189461,503.274777330456,-86.4549307769336));
#12849=CARTESIAN_POINT('',(-65.2499992189462,608.17403376774,-116.643106674452));
#12850=CARTESIAN_POINT('',(-65.2499992189461,503.395750229304,-87.8425062010978));
#12851=CARTESIAN_POINT('',(-65.2499992189461,506.546295102857,-123.97967974086));
#12852=CARTESIAN_POINT('',(-65.2499992189461,505.413844276602,-88.4232784596122));
#12853=CARTESIAN_POINT('',(-65.2499992189462,607.814508083898,-117.892402989446));
#12854=CARTESIAN_POINT('',(-65.2499992189461,506.253868543134,-87.3122612537883));
#12855=CARTESIAN_POINT('',(-65.2499992189461,530.130688755219,-55.7327472648663));
#12856=CARTESIAN_POINT('',(-65.2499992189461,507.935613582549,-87.7962381358837));
#12857=CARTESIAN_POINT('',(-65.2499992189462,608.17403376774,-116.643106674452));
#12858=CARTESIAN_POINT('',(-65.2499992189461,508.056586481397,-89.1838135600479));
#12859=CARTESIAN_POINT('',(-65.2499992189461,511.05591523139,-123.586517819603));
#12860=CARTESIAN_POINT('',(-65.2499992189461,510.074680528695,-89.7645858185623));
#12861=CARTESIAN_POINT('',(-65.2499992189462,607.814508083898,-117.892402989446));
#12862=CARTESIAN_POINT('',(-65.2499992189461,510.914704795227,-88.6535686127383));
#12863=CARTESIAN_POINT('',(-65.2499992189461,533.741494674147,-58.4628261310962));
#12864=CARTESIAN_POINT('',(-65.2499992189461,512.596449834642,-89.1375454948337));
#12865=CARTESIAN_POINT('',(-65.2499992189462,608.17403376774,-116.643106674452));
#12866=CARTESIAN_POINT('',(-65.2499992189461,512.71742273349,-90.5251209189979));
#12867=CARTESIAN_POINT('',(-65.2499992189461,515.565535359924,-123.193355898349));
#12868=CARTESIAN_POINT('',(-65.2499992189461,514.735516780788,-91.1058931775124));
#12869=CARTESIAN_POINT('',(-65.2499992189462,607.814508083898,-117.892402989446));
#12870=CARTESIAN_POINT('',(-65.2499992189461,515.575541047321,-89.9948759716884));
#12871=CARTESIAN_POINT('',(-65.2499992189461,537.352300593074,-61.1929049973263));
#12872=CARTESIAN_POINT('',(-65.2499992189461,517.257286086736,-90.4788528537838));
#12873=CARTESIAN_POINT('',(-65.2499992189462,608.17403376774,-116.643106674452));
#12874=CARTESIAN_POINT('',(-65.2499992189461,517.378258985583,-91.8664282779479));
#12875=CARTESIAN_POINT('',(-65.2499992189461,520.075155488457,-122.800193977094));
#12876=CARTESIAN_POINT('',(-65.2499992189461,519.396353032882,-92.4472005364624));
#12877=CARTESIAN_POINT('',(-65.2499992189462,607.814508083898,-117.892402989446));
#12878=CARTESIAN_POINT('',(-65.2499992189461,520.236377299414,-91.3361833306384));
#12879=CARTESIAN_POINT('',(-65.2499992189461,540.963106512001,-63.9229838635568));
#12880=CARTESIAN_POINT('',(-65.2499992189461,521.918122338829,-91.8201602127338));
#12881=CARTESIAN_POINT('',(-65.2499992189462,608.17403376774,-116.643106674452));
#12882=CARTESIAN_POINT('',(-65.2499992189461,522.039095237677,-93.207735636898));
#12883=CARTESIAN_POINT('',(-65.2499992189461,524.584775616991,-122.407032055839));
#12884=CARTESIAN_POINT('',(-65.2499992189461,523.048142261326,-93.4981217661552));
#12885=CARTESIAN_POINT('',(-65.2499992189462,607.814508083898,-117.892402989446));
#12886=CARTESIAN_POINT('',(-65.2499992189461,524.019176989008,-97.373282782228));
#12887=CARTESIAN_POINT('',(-65.2499992189461,524.019176989008,-97.373282782228));
#12888=CARTESIAN_POINT('',(-65.2499992189461,524.991225249691,-98.2983416442749));
#12889=CARTESIAN_POINT('',(-65.2499992189461,397.932030073391,22.6187354767144));
#12890=CARTESIAN_POINT('',(-65.2499992189461,524.291779773462,-99.8988129661925));
#12891=CARTESIAN_POINT('Origin',(-65.2499992189461,481.123792668446,-80.0802638441916));
#12892=CARTESIAN_POINT('',(-65.2499992189461,522.952606011056,-99.813810771926));
#12893=CARTESIAN_POINT('',(-65.2499992189461,376.457178086779,-90.515216987355));
#12894=CARTESIAN_POINT('',(-65.2499992189461,522.013740665825,-101.692173819288));
#12895=CARTESIAN_POINT('Origin',(-65.2499992189461,481.123792668446,-80.0802638441916));
#12896=CARTESIAN_POINT('',(-65.2499992189461,522.885521475211,-102.712276725731));
#12897=CARTESIAN_POINT('',(-65.2499992189461,408.932570278171,30.6282779896945));
#12898=CARTESIAN_POINT('',(-65.2499992189461,522.025221089798,-104.232347669258));
#12899=CARTESIAN_POINT('Origin',(-65.2499992189461,481.123792668446,-80.0802638441916));
#12900=CARTESIAN_POINT('',(-65.2499992189461,520.701885125279,-104.010100815603));
#12901=CARTESIAN_POINT('',(-65.2499992189461,375.9389918758,-79.6979847594615));
#12902=CARTESIAN_POINT('',(-65.2499992189461,519.574860721643,-105.781973234199));
#12903=CARTESIAN_POINT('Origin',(-65.2499992189461,481.123792668446,-80.0802638441916));
#12904=CARTESIAN_POINT('',(-65.2499992189461,520.33713298628,-106.886306840458));
#12905=CARTESIAN_POINT('',(-65.2499992189461,420.698355399358,37.4642824181805));
#12906=CARTESIAN_POINT('',(-65.2499992189461,519.325097089785,-108.309864275444));
#12907=CARTESIAN_POINT('Origin',(-65.2499992189461,481.123792668446,-80.0802638441916));
#12908=CARTESIAN_POINT('',(-65.2499992189461,518.031626613586,-107.952728634339));
#12909=CARTESIAN_POINT('',(-65.2499992189461,376.535790720133,-68.8848047849661));
#12910=CARTESIAN_POINT('',(-65.2499992189461,516.728389890594,-109.59932813574));
#12911=CARTESIAN_POINT('Origin',(-65.2499992189461,481.123792668446,-80.0802638441916));
#12912=CARTESIAN_POINT('',(-65.2499992189461,517.373073334845,-110.776186230864));
#12913=CARTESIAN_POINT('',(-65.2499992189461,433.104665187682,43.0542854146319));
#12914=CARTESIAN_POINT('',(-65.2499992189461,516.220029759536,-112.088140094358));
#12915=CARTESIAN_POINT('Origin',(-65.2499992189461,481.123792668446,-80.0802638441916));
#12916=CARTESIAN_POINT('',(-65.2499992189461,514.970135880482,-111.599901392442));
#12917=CARTESIAN_POINT('',(-65.2499992189461,378.24124840356,-58.190299461602));
#12918=CARTESIAN_POINT('',(-65.2499992189461,513.504501471606,-113.103773612309));
#12919=CARTESIAN_POINT('Origin',(-65.2499992189461,481.123792668446,-80.0802638441916));
#12920=CARTESIAN_POINT('',(-65.2499992189461,514.024762290583,-114.340681207721));
#12921=CARTESIAN_POINT('',(-65.2499992189461,446.019989673061,47.3390315566567));
#12922=CARTESIAN_POINT('',(-65.2499992189461,512.742933585202,-115.527124462394));
#12923=CARTESIAN_POINT('Origin',(-65.2499992189461,481.123792668446,-80.0802638441916));
#12924=CARTESIAN_POINT('',(-65.2499992189461,511.549865489347,-114.912958151368));
#12925=CARTESIAN_POINT('',(-65.2499992189461,381.037286650371,-47.7278332062778));
#12926=CARTESIAN_POINT('',(-65.2499992189461,509.937369483928,-116.258161670051));
#12927=CARTESIAN_POINT('Origin',(-65.2499992189461,481.123792668446,-80.0802638441916));
#12928=CARTESIAN_POINT('',(-65.2499992189461,510.327692783525,-117.542007237532));
#12929=CARTESIAN_POINT('',(-65.2499992189461,459.307423202993,50.2731014692297));
#12930=CARTESIAN_POINT('',(-65.2499992189461,508.930666651231,-118.590363289733));
#12931=CARTESIAN_POINT('Origin',(-65.2499992189461,481.123792668446,-80.0802638441916));
#12932=CARTESIAN_POINT('',(-65.2499992189461,507.807071157192,-117.85677968528));
#12933=CARTESIAN_POINT('',(-65.2499992189461,384.894266759576,-37.6083107640562));
#12934=CARTESIAN_POINT('',(-65.2499992189461,506.064806414029,-119.029055010833));
#12935=CARTESIAN_POINT('Origin',(-65.2499992189461,481.123792668446,-80.0802638441916));
#12936=CARTESIAN_POINT('',(-65.2499992189461,506.321054670169,-120.346229467985));
#12937=CARTESIAN_POINT('',(-65.2499992189461,472.826115676534,51.8253932813667));
#12938=CARTESIAN_POINT('',(-65.2499992189461,504.823639935503,-121.24538548276));
#12939=CARTESIAN_POINT('Origin',(-65.2499992189461,481.123792668446,-80.0802638441916));
#12940=CARTESIAN_POINT('',(-65.2499992189461,503.781427435035,-120.400160753582));
#12941=CARTESIAN_POINT('',(-65.2499992189461,389.771303782512,-27.9390015902668));
#12942=CARTESIAN_POINT('',(-65.2499992189461,501.92786239383,-121.387081475926));
#12943=CARTESIAN_POINT('Origin',(-65.2499992189461,481.123792668446,-80.0802638441916));
#12944=CARTESIAN_POINT('',(-65.2499992189461,502.047319311251,-122.723622445829));
#12945=CARTESIAN_POINT('',(-65.2499992189461,486.43276559041,51.979452313694));
#12946=CARTESIAN_POINT('',(-65.2499992189461,500.465388942914,-123.464047145737));
#12947=CARTESIAN_POINT('Origin',(-65.2499992189461,481.123792668446,-80.0802638441916));
#12948=CARTESIAN_POINT('',(-65.2499992189461,499.515607147794,-122.51614088423));
#12949=CARTESIAN_POINT('',(-65.2499992189461,395.616699913474,-18.8224027675936));
#12950=CARTESIAN_POINT('',(-65.2499992189461,497.570390059097,-123.307245398191));
#12951=CARTESIAN_POINT('Origin',(-65.2499992189461,481.123792668446,-80.0802638441916));
#12952=CARTESIAN_POINT('',(-65.2499992189461,497.551789364756,-124.648985214072));
#12953=CARTESIAN_POINT('',(-65.2499992189461,499.983139070595,50.7336455021435));
#12954=CARTESIAN_POINT('',(-65.2499992189461,495.902112218191,-125.222829913098));
#12955=CARTESIAN_POINT('Origin',(-65.2499992189461,481.123792668446,-80.0802638441916));
#12956=CARTESIAN_POINT('',(-65.2499992189461,495.054829051725,-124.182290161446));
#12957=CARTESIAN_POINT('',(-65.2499992189461,402.368492499308,-10.3551525115008));
#12958=CARTESIAN_POINT('',(-65.2499992189461,493.038579700589,-124.769192562373));
#12959=CARTESIAN_POINT('Origin',(-65.2499992189461,481.123792668446,-80.0802638441916));
#12960=CARTESIAN_POINT('',(-65.2499992189461,492.882118566474,-126.101908448397));
#12961=CARTESIAN_POINT('',(-65.2499992189461,513.333598787263,48.1011787088382));
#12962=CARTESIAN_POINT('',(-65.2499992189461,491.182181629826,-126.503090249976));
#12963=CARTESIAN_POINT('Origin',(-65.2499992189461,481.123792668446,-80.0802638441916));
#12964=CARTESIAN_POINT('',(-65.2499992189461,490.446378504357,-125.380946988401));
#12965=CARTESIAN_POINT('',(-65.2499992189461,409.955110858955,-2.62700578110776));
#12966=CARTESIAN_POINT('',(-65.2499992189461,488.380469635489,-125.75742596484));
#12967=CARTESIAN_POINT('Origin',(-65.2499992189461,481.123792668446,-80.0802638441916));
#12968=CARTESIAN_POINT('',(-65.2499992189461,488.087806588545,-127.066990801075));
#12969=CARTESIAN_POINT('',(-65.2499992189461,526.342626546211,44.1099567366679));
#12970=CARTESIAN_POINT('',(-65.2499992189461,486.355629616236,-127.291257078307));
#12971=CARTESIAN_POINT('Origin',(-65.2499992189461,481.123792668446,-80.0802638441916));
#12972=CARTESIAN_POINT('',(-65.2499992189461,485.739106227942,-126.09940530454));
#12973=CARTESIAN_POINT('',(-65.2499992189461,418.296134950475,4.28011714570594));
#12974=CARTESIAN_POINT('',(-65.2499992189461,483.645436989289,-126.261470085683));
#12975=CARTESIAN_POINT('Origin',(-65.2499992189461,481.123792668446,-80.0802638441916));
#12976=CARTESIAN_POINT('',(-65.2499992189461,483.219674330619,-127.534002159083));
#12977=CARTESIAN_POINT('',(-65.2499992189461,538.872323416928,38.8022875314372));
#12978=CARTESIAN_POINT('',(-65.2499992189461,481.473618829472,-127.57897563364));
#12979=CARTESIAN_POINT('Origin',(-65.2499992189461,481.123792668446,-80.0802638441916));
#12980=CARTESIAN_POINT('',(-65.2499992189461,480.982910479641,-126.330049272979));
#12981=CARTESIAN_POINT('',(-65.2499992189461,427.303147843493,10.2929990476254));
#12982=CARTESIAN_POINT('',(-65.2499992189461,478.883674285977,-126.27598193183));
#12983=CARTESIAN_POINT('Origin',(-65.2499992189461,481.123792668446,-80.0802638441916));
#12984=CARTESIAN_POINT('',(-65.2499992189461,478.32932520568,-127.497992085848));
#12985=CARTESIAN_POINT('',(-65.2499992189461,550.789871495562,32.2344337071149));
#12986=CARTESIAN_POINT('',(-65.2499992189461,476.587899798374,-127.36319602771));
#12987=CARTESIAN_POINT('Origin',(-65.2499992189461,481.123792668446,-80.0802638441916));
#12988=CARTESIAN_POINT('',(-65.2499992189461,476.228208117588,-126.070434010276));
#12989=CARTESIAN_POINT('',(-65.2499992189461,436.880672960662,15.3479018806607));
#12990=CARTESIAN_POINT('',(-65.2499992189461,474.145657394794,-125.800807674101));
#12991=CARTESIAN_POINT('Origin',(-65.2499992189461,481.123792668446,-80.0802638441916));
#12992=CARTESIAN_POINT('',(-65.2499992189461,473.468598131028,-126.959342297104));
#12993=CARTESIAN_POINT('',(-65.2499992189461,561.968941807741,24.476016148129));
#12994=CARTESIAN_POINT('',(-65.2499992189461,471.750262360097,-126.646205578022));
#12995=CARTESIAN_POINT('Origin',(-65.2499992189461,481.123792668446,-80.0802638441916));
#12996=CARTESIAN_POINT('',(-65.2499992189461,471.525400169654,-125.3233115028));
#12997=CARTESIAN_POINT('',(-65.2499992189461,446.92718615313,19.3912424172693));
#12998=CARTESIAN_POINT('',(-65.2499992189461,469.481610473469,-124.840984277837));
#12999=CARTESIAN_POINT('Origin',(-65.2499992189461,481.123792668446,-80.0802638441916));
#13000=CARTESIAN_POINT('',(-65.2499992189461,468.689018022862,-125.923762614612));
#13001=CARTESIAN_POINT('',(-65.2499992189461,572.291033427129,15.609276010673));
#13002=CARTESIAN_POINT('',(-65.2499992189461,467.011986674949,-125.435604561707));
#13003=CARTESIAN_POINT('Origin',(-65.2499992189461,481.123792668446,-80.0802638441916));
#13004=CARTESIAN_POINT('',(-65.2499992189461,466.924337570006,-124.096601434993));
#13005=CARTESIAN_POINT('',(-65.2499992189461,457.336191881779,22.380160241898));
#13006=CARTESIAN_POINT('',(-65.2499992189461,464.940973579646,-123.406686109816));
#13007=CARTESIAN_POINT('Origin',(-65.2499992189461,481.123792668446,-80.0802638441916));
#13008=CARTESIAN_POINT('',(-65.2499992189461,464.041249619348,-124.402230440629));
#13009=CARTESIAN_POINT('',(-65.2499992189461,581.646729614726,5.72820294598976));
#13010=CARTESIAN_POINT('',(-65.2499992189461,462.423299643938,-123.744225650701));
#13011=CARTESIAN_POINT('Origin',(-65.2499992189461,481.123792668446,-80.0802638441916));
#13012=CARTESIAN_POINT('',(-65.2499992189461,462.473792726812,-122.403307238743));
#13013=CARTESIAN_POINT('',(-65.2499992189461,467.997352096428,24.2829720820503));
#13014=CARTESIAN_POINT('',(-65.2499992189461,460.571878593978,-121.513117087429));
#13015=CARTESIAN_POINT('Origin',(-65.2499992189461,481.123792668446,-80.0802638441916));
#13016=CARTESIAN_POINT('',(-65.2499992189461,459.574560421793,-122.410874394712));
#13017=CARTESIAN_POINT('',(-65.2499992189461,589.936857663518,-5.06246121331214));
#13018=CARTESIAN_POINT('',(-65.2499992189461,458.032842491123,-121.589997882227));
#13019=CARTESIAN_POINT('Origin',(-65.2499992189461,481.123792668446,-80.0802638441916));
#13020=CARTESIAN_POINT('',(-65.2499992189461,458.220942522575,-120.261378253772));
#13021=CARTESIAN_POINT('',(-65.2499992189461,478.797655846615,25.0795076588565));
#13022=CARTESIAN_POINT('',(-65.2499992189461,456.420639010215,-119.18034951338));
#13023=CARTESIAN_POINT('Origin',(-65.2499992189461,481.123792668446,-80.0802638441916));
#13024=CARTESIAN_POINT('',(-65.2499992189461,455.336298446872,-119.970803346338));
#13025=CARTESIAN_POINT('',(-65.2499992189462,597.073540153847,-16.6483327427418));
#13026=CARTESIAN_POINT('',(-65.2499992189461,453.887155154543,-118.995756606538));
#13027=CARTESIAN_POINT('Origin',(-65.2499992189461,481.123792668446,-80.0802638441916));
#13028=CARTESIAN_POINT('',(-65.2499992189461,454.210868227445,-117.693519460171));
#13029=CARTESIAN_POINT('',(-65.2499992189461,489.622617225788,24.7613234970475));
#13030=CARTESIAN_POINT('',(-65.2499992189461,452.531259000653,-116.433111304276));
#13031=CARTESIAN_POINT('Origin',(-65.2499992189461,481.123792668446,-80.0802638441916));
#13032=CARTESIAN_POINT('',(-65.2499992189461,451.371390325877,-117.10788265564));
#13033=CARTESIAN_POINT('',(-65.2499992189462,602.981126475917,-28.9065985218605));
#13034=CARTESIAN_POINT('',(-65.2499992189461,450.030182951291,-115.98900142653));
#13035=CARTESIAN_POINT('Origin',(-65.2499992189461,481.123792668446,-80.0802638441916));
#13036=CARTESIAN_POINT('',(-65.2499992189461,450.48607762654,-114.72695079996));
#13037=CARTESIAN_POINT('',(-65.2499992189461,500.357488950395,23.3317924278935));
#13038=CARTESIAN_POINT('',(-65.2499992189461,448.944966960958,-113.300523868568));
#13039=CARTESIAN_POINT('Origin',(-65.2499992189461,481.123792668446,-80.0802638441916));
#13040=CARTESIAN_POINT('',(-65.2499992189461,447.721865071242,-113.852459994148));
#13041=CARTESIAN_POINT('',(-65.2499992189462,607.596994745079,-41.7073178839106));
#13042=CARTESIAN_POINT('',(-65.2499992189461,446.502810746223,-112.601604695102));
#13043=CARTESIAN_POINT('Origin',(-65.2499992189461,481.123792668446,-80.0802638441916));
#13044=CARTESIAN_POINT('',(-65.2499992189461,447.086054426849,-111.393118638933));
#13045=CARTESIAN_POINT('',(-65.2499992189461,510.88847870963,20.8060678363533));
#13046=CARTESIAN_POINT('',(-65.2499992189461,445.699778478916,-109.81579341237));
#13047=CARTESIAN_POINT('Origin',(-65.2499992189461,481.123792668446,-80.0802638441916));
#13048=CARTESIAN_POINT('',(-65.2499992189461,444.426408558563,-110.239043651931));
#13049=CARTESIAN_POINT('',(-65.2499992189462,610.872215609385,-54.914800019209));
#13050=CARTESIAN_POINT('',(-65.2499992189461,443.342429562221,-108.869473660295));
#13051=CARTESIAN_POINT('Origin',(-65.2499992189461,481.123792668446,-80.0802638441916));
#13052=CARTESIAN_POINT('',(-65.2499992189461,444.046839720115,-107.727362427357));
#13053=CARTESIAN_POINT('',(-65.2499992189461,521.103955392243,17.2109230314236));
#13054=CARTESIAN_POINT('',(-65.2499992189461,442.830093359744,-106.015858945417));
#13055=CARTESIAN_POINT('Origin',(-65.2499992189461,481.123792668446,-80.0802638441916));
#13056=CARTESIAN_POINT('',(-65.2499992189461,441.519953446686,-106.305936741127));
#13057=CARTESIAN_POINT('',(-65.2499992189462,612.772070912897,-68.3890423314854));
#13058=CARTESIAN_POINT('',(-65.2499992189461,440.582540226046,-104.832169839521));
#13059=CARTESIAN_POINT('Origin',(-65.2499992189461,481.123792668446,-80.0802638441916));
#13060=CARTESIAN_POINT('',(-65.2499992189461,441.400649938297,-103.768540093008));
#13061=CARTESIAN_POINT('',(-65.2499992189461,530.895632404086,12.5844674424038));
#13062=CARTESIAN_POINT('',(-65.2499992189461,440.366330979598,-101.941000718371));
#13063=CARTESIAN_POINT('Origin',(-65.2499992189461,481.123792668446,-80.0802638441916));
#13064=CARTESIAN_POINT('',(-65.2499992189461,439.03330888284,-102.094831173433));
#13065=CARTESIAN_POINT('',(-65.2499992189462,613.276421716766,-81.9872145002313));
#13066=CARTESIAN_POINT('',(-65.2499992189461,438.252398251241,-100.532489657645));
#13067=CARTESIAN_POINT('Origin',(-65.2499992189461,481.123792668446,-80.0802638441916));
#13068=CARTESIAN_POINT('',(-65.2499992189461,439.175535351378,-99.5586161374694));
#13069=CARTESIAN_POINT('',(-65.2499992189461,540.159715532949,6.97574264946473));
#13070=CARTESIAN_POINT('',(-65.2499992189461,438.334607832622,-97.6344132421465));
#13071=CARTESIAN_POINT('Origin',(-65.2499992189461,481.123792668446,-80.0802638441916));
#13072=CARTESIAN_POINT('',(-65.2499992189461,436.992833918006,-97.6503657154668));
#13073=CARTESIAN_POINT('',(-65.2499992189462,612.379921777005,-95.5651725176294));
#13074=CARTESIAN_POINT('',(-65.2499992189461,436.376703722411,-96.016010794229));
#13075=CARTESIAN_POINT('Origin',(-65.2499992189461,481.123792668446,-80.0802638441916));
#13076=CARTESIAN_POINT('',(-65.2499992189461,437.395082727522,-95.1422168019766));
#13077=CARTESIAN_POINT('',(-65.2499992189461,548.798003193034,0.444202530698625));
#13078=CARTESIAN_POINT('',(-65.2499992189461,436.756460689606,-93.141747415343));
#13079=CARTESIAN_POINT('Origin',(-65.2499992189461,481.123792668446,-80.0802638441916));
#13080=CARTESIAN_POINT('',(-65.2499992189461,435.420158094421,-93.0196528067367));
#13081=CARTESIAN_POINT('',(-65.2499992189462,610.092074215998,-108.978986650896));
#13082=CARTESIAN_POINT('',(-65.2499992189461,434.975339468178,-91.3306090487939));
#13083=CARTESIAN_POINT('Origin',(-65.2499992189461,481.123792668446,-80.0802638441916));
#13084=CARTESIAN_POINT('',(-65.2499992189461,436.078165307467,-90.5661570181569));
#13085=CARTESIAN_POINT('',(-65.2499992189461,556.71892738619,-6.94091696377901));
#13086=CARTESIAN_POINT('',(-65.2499992189461,435.648618302864,-88.5106266133693));
#13087=CARTESIAN_POINT('Origin',(-65.2499992189461,481.123792668446,-80.0802638441916));
#13088=CARTESIAN_POINT('',(-65.2499992189461,434.331952167052,-88.2517791560613));
#13089=CARTESIAN_POINT('',(-65.2499992189462,606.437130787042,-122.086467133252));
#13090=CARTESIAN_POINT('',(-65.2499992189461,434.063160298257,-86.5259508454323));
#13091=CARTESIAN_POINT('Origin',(-65.2499992189461,481.123792668446,-80.0802638441916));
#13092=CARTESIAN_POINT('',(-65.2499992189461,435.238742743476,-85.878944158109));
#13093=CARTESIAN_POINT('',(-65.2499992189461,563.838524345473,-15.1013317301245));
#13094=CARTESIAN_POINT('',(-65.2499992189461,435.022824077293,-83.7901418688141));
#13095=CARTESIAN_POINT('Origin',(-65.2499992189461,481.123792668446,-80.0802638441916));
#13096=CARTESIAN_POINT('',(-65.2499992189461,433.739751389442,-83.3972854102454));
#13097=CARTESIAN_POINT('',(-65.2499992189462,601.453834799727,-134.748671410826));
#13098=CARTESIAN_POINT('',(-65.2499992189461,433.649835538773,-81.6529667563594));
#13099=CARTESIAN_POINT('Origin',(-65.2499992189461,481.123792668446,-80.0802638441916));
#13100=CARTESIAN_POINT('',(-65.2499992189461,434.885713123551,-81.1302638441916));
#13101=CARTESIAN_POINT('',(-65.2499992189461,570.081324571967,-23.9505393417401));
#13102=CARTESIAN_POINT('',(-65.2499992189461,434.885711587365,-79.0303314942891));
#13103=CARTESIAN_POINT('Origin',(-65.2499992189461,481.123792668446,-80.0802638441916));
#13104=CARTESIAN_POINT('',(-65.2499992189461,433.649833237156,-78.5076304106519));
#13105=CARTESIAN_POINT('',(-65.2499992189462,595.195010431217,-146.831376968288));
#13106=CARTESIAN_POINT('',(-65.2499992189461,433.739746534998,-76.7633116251743));
#13107=CARTESIAN_POINT('Origin',(-65.2499992189461,481.123792668446,-80.0802638441916));
#13108=CARTESIAN_POINT('',(-65.2499992189461,435.022818649487,-76.3704532690643));
#13109=CARTESIAN_POINT('',(-65.2499992189462,575.381152830247,-33.3947359965206));
#13110=CARTESIAN_POINT('',(-65.2499992189461,435.238734259581,-74.281650663865));
#13111=CARTESIAN_POINT('Origin',(-65.2499992189461,481.123792668446,-80.0802638441916));
#13112=CARTESIAN_POINT('',(-65.2499992189461,434.063150864978,-73.6346457166785));
#13113=CARTESIAN_POINT('',(-65.2499992189461,587.727002776831,-158.206504120907));
#13114=CARTESIAN_POINT('',(-65.2499992189461,434.331940208005,-71.9088170126717));
#13115=CARTESIAN_POINT('Origin',(-65.2499992189461,481.123792668446,-80.0802638441916));
#13116=CARTESIAN_POINT('',(-65.2499992189461,435.648605968602,-71.6499676089259));
#13117=CARTESIAN_POINT('',(-65.2499992189461,579.681829622331,-43.3338108604835));
#13118=CARTESIAN_POINT('',(-65.2499992189461,436.078149965795,-69.594436575678));
#13119=CARTESIAN_POINT('Origin',(-65.2499992189461,481.123792668446,-80.0802638441916));
#13120=CARTESIAN_POINT('',(-65.2499992189461,434.975323003231,-68.8299861783385));
#13121=CARTESIAN_POINT('',(-65.2499992189461,579.128974575527,-168.753473691063));
#13122=CARTESIAN_POINT('',(-65.2499992189461,435.420139157541,-67.1409417694008));
#13123=CARTESIAN_POINT('Origin',(-65.2499992189461,481.123792668446,-80.0802638441916));
#13124=CARTESIAN_POINT('',(-65.2499992189461,436.756441579634,-67.0188451860931));
#13125=CARTESIAN_POINT('',(-65.2499992189461,582.937766704339,-53.6624072675191));
#13126=CARTESIAN_POINT('',(-65.2499992189461,437.395060690698,-65.0183748651052));
#13127=CARTESIAN_POINT('Origin',(-65.2499992189461,481.123792668446,-80.0802638441916));
#13128=CARTESIAN_POINT('',(-65.2499992189461,436.376680400329,-64.1445823819973));
#13129=CARTESIAN_POINT('',(-65.2499992189461,569.492067065179,-178.360485177536));
#13130=CARTESIAN_POINT('',(-65.2499992189461,436.992808204028,-62.5102265590484));
#13131=CARTESIAN_POINT('Origin',(-65.2499992189461,481.123792668446,-80.0802638441916));
#13132=CARTESIAN_POINT('',(-65.2499992189461,438.33458214951,-62.5261770503359));
#13133=CARTESIAN_POINT('',(-65.2499992189461,585.114450333221,-64.2710395262593));
#13134=CARTESIAN_POINT('',(-65.2499992189461,439.175506852999,-60.6019729246693));
#13135=CARTESIAN_POINT('Origin',(-65.2499992189461,481.123792668446,-80.0802638441916));
#13136=CARTESIAN_POINT('',(-65.2499992189461,438.252368319244,-59.628100773488));
#13137=CARTESIAN_POINT('',(-65.2499992189461,558.918433862777,-186.925701868623));
#13138=CARTESIAN_POINT('',(-65.2499992189461,439.033276664339,-58.0657581148312));
#13139=CARTESIAN_POINT('Origin',(-65.2499992189461,481.123792668446,-80.0802638441916));
#13140=CARTESIAN_POINT('',(-65.2499992189461,440.366298995594,-58.2195866015383));
#13141=CARTESIAN_POINT('',(-65.2499992189461,586.188807121015,-75.0472534956433));
#13142=CARTESIAN_POINT('',(-65.2499992189461,441.400615280452,-56.3920457136107));
#13143=CARTESIAN_POINT('Origin',(-65.2499992189461,481.123792668446,-80.0802638441916));
#13144=CARTESIAN_POINT('',(-65.2499992189461,440.58250400142,-55.3284171814296));
#13145=CARTESIAN_POINT('',(-65.2499992189461,547.520158110679,-194.358330336625));
#13146=CARTESIAN_POINT('',(-65.2499992189461,441.519915065186,-53.8546489079119));
#13147=CARTESIAN_POINT('Origin',(-65.2499992189461,481.123792668446,-80.0802638441916));
#13148=CARTESIAN_POINT('',(-65.2499992189461,442.830055413886,-54.1447247698114));
#13149=CARTESIAN_POINT('',(-65.2499992189461,586.149448618502,-85.876818626788));
#13150=CARTESIAN_POINT('',(-65.2499992189461,444.046799270186,-52.4332195076737));
#13151=CARTESIAN_POINT('Origin',(-65.2499992189461,481.123792668446,-80.0802638441916));
#13152=CARTESIAN_POINT('',(-65.2499992189461,443.342387428956,-51.2911093215337));
#13153=CARTESIAN_POINT('',(-65.2499992189461,535.418064367414,-200.579582870757));
#13154=CARTESIAN_POINT('',(-65.2499992189461,444.426364420917,-49.9215377434849));
#13155=CARTESIAN_POINT('Origin',(-65.2499992189461,481.123792668446,-80.0802638441916));
#13156=CARTESIAN_POINT('',(-65.2499992189461,445.69973497344,-50.3447861042783));
#13157=CARTESIAN_POINT('',(-65.2499992189461,584.996792035599,-96.6449388352235));
#13158=CARTESIAN_POINT('',(-65.2499992189461,447.086008613615,-48.7674588494818));
#13159=CARTESIAN_POINT('Origin',(-65.2499992189461,481.123792668446,-80.0802638441916));
#13160=CARTESIAN_POINT('',(-65.2499992189461,446.502763150943,-47.5589736614796));
#13161=CARTESIAN_POINT('',(-65.2499992189461,522.74043783731,-205.523512646494));
#13162=CARTESIAN_POINT('',(-65.2499992189461,447.72181564532,-46.3081165783365));
#13163=CARTESIAN_POINT('Origin',(-65.2499992189461,481.123792668446,-80.0802638441916));
#13164=CARTESIAN_POINT('',(-65.2499992189461,448.944918357033,-46.8600509001075));
#13165=CARTESIAN_POINT('',(-65.2499992189461,582.743055818833,-107.237469367946));
#13166=CARTESIAN_POINT('',(-65.2499992189461,450.486026935633,-45.4336217139461));
#13167=CARTESIAN_POINT('Origin',(-65.2499992189461,481.123792668446,-80.0802638441916));
#13168=CARTESIAN_POINT('',(-65.2499992189461,450.030130398516,-44.1715717677103));
#13169=CARTESIAN_POINT('',(-65.2499992189461,509.621664515409,-209.137712778306));
#13170=CARTESIAN_POINT('',(-65.2499992189461,451.371336135607,-43.052688575731));
#13171=CARTESIAN_POINT('Origin',(-65.2499992189461,481.123792668446,-80.0802638441916));
#13172=CARTESIAN_POINT('',(-65.2499992189461,452.531205813492,-43.7274582173637));
#13173=CARTESIAN_POINT('',(-65.2499992189461,579.412130132766,-117.542126766197));
#13174=CARTESIAN_POINT('',(-65.2499992189461,454.210813196202,-42.4670476040646));
#13175=CARTESIAN_POINT('Origin',(-65.2499992189461,481.123792668446,-80.0802638441916));
#13176=CARTESIAN_POINT('',(-65.2499992189461,453.887098201347,-41.1648109429866));
#13177=CARTESIAN_POINT('',(-65.2499992189461,496.200806662491,-211.383871845689));
#13178=CARTESIAN_POINT('',(-65.2499992189461,455.336240066684,-40.1897620823515));
#13179=CARTESIAN_POINT('Origin',(-65.2499992189461,481.123792668446,-80.0802638441916));
#13180=CARTESIAN_POINT('',(-65.2499992189461,456.420581803615,-40.9802143177817));
#13181=CARTESIAN_POINT('',(-65.2499992189462,575.039323618306,-127.449679098056));
#13182=CARTESIAN_POINT('',(-65.2499992189461,458.22088373434,-39.8991829433991));
#13183=CARTESIAN_POINT('Origin',(-65.2499992189461,481.123792668446,-80.0802638441916));
#13184=CARTESIAN_POINT('',(-65.2499992189461,458.032781741224,-38.5705636000448));
#13185=CARTESIAN_POINT('',(-65.2499992189461,482.620128710514,-212.238180003749));
#13186=CARTESIAN_POINT('',(-65.2499992189461,459.574498470531,-37.7496848312404));
#13187=CARTESIAN_POINT('Origin',(-65.2499992189461,481.123792668446,-80.0802638441916));
#13188=CARTESIAN_POINT('',(-65.2499992189461,460.571817974343,-38.647440670131));
#13189=CARTESIAN_POINT('',(-65.2499992189461,569.670989112334,-136.855103844095));
#13190=CARTESIAN_POINT('',(-65.2499992189461,462.473730804754,-37.7572477361626));
#13191=CARTESIAN_POINT('Origin',(-65.2499992189461,481.123792668446,-80.0802638441916));
#13192=CARTESIAN_POINT('',(-65.2499992189461,462.423235741299,-36.4163294060933));
#13193=CARTESIAN_POINT('',(-65.2499992189461,469.023589224248,-211.691581373485));
#13194=CARTESIAN_POINT('',(-65.2499992189461,464.041184753711,-35.7583222482796));
#13195=CARTESIAN_POINT('Origin',(-65.2499992189461,481.123792668446,-80.0802638441916));
#13196=CARTESIAN_POINT('',(-65.2499992189461,464.940910189561,-36.7538652554028));
#13197=CARTESIAN_POINT('',(-65.2499992189461,563.364032296098,-145.658701162212));
#13198=CARTESIAN_POINT('',(-65.2499992189461,466.924273170516,-36.0639470284027));
#13199=CARTESIAN_POINT('Origin',(-65.2499992189461,481.123792668446,-80.0802638441916));
#13200=CARTESIAN_POINT('',(-65.2499992189461,467.011920296955,-34.7249437794984));
#13201=CARTESIAN_POINT('',(-65.2499992189461,455.555314904667,-209.749870036354));
#13202=CARTESIAN_POINT('',(-65.2499992189461,468.688950930442,-34.2367832722412));
#13203=CARTESIAN_POINT('Origin',(-65.2499992189461,481.123792668446,-80.0802638441916));
#13204=CARTESIAN_POINT('',(-65.2499992189461,469.481544984883,-35.3195604440596));
#13205=CARTESIAN_POINT('',(-65.2499992189461,556.185308480836,-153.767150730757));
#13206=CARTESIAN_POINT('',(-65.2499992189461,471.525333975381,-34.8372302288654));
#13207=CARTESIAN_POINT('Origin',(-65.2499992189461,481.123792668446,-80.0802638441916));
#13208=CARTESIAN_POINT('',(-65.2499992189461,471.750194210371,-33.5143358286696));
#13209=CARTESIAN_POINT('',(-65.2499992189461,442.358072810074,-206.433628615573));
#13210=CARTESIAN_POINT('',(-65.2499992189461,473.468529523021,-33.2011965947859));
#13211=CARTESIAN_POINT('Origin',(-65.2499992189461,481.123792668446,-80.0802638441916));
#13212=CARTESIAN_POINT('',(-65.2499992189461,474.145590501903,-34.3597302239148));
#13213=CARTESIAN_POINT('',(-65.2499992189461,548.210913924848,-161.094500967156));
#13214=CARTESIAN_POINT('',(-65.2499992189461,476.22814083021,-34.0901008407973));
#13215=CARTESIAN_POINT('Origin',(-65.2499992189461,481.123792668446,-80.0802638441916));
#13216=CARTESIAN_POINT('',(-65.2499992189461,476.58783059932,-32.7973382990495));
#13217=CARTESIAN_POINT('',(-65.2499992189461,429.571756989759,-201.778010095184));
#13218=CARTESIAN_POINT('',(-65.2499992189461,478.329255809348,-32.6625396923183));
#13219=CARTESIAN_POINT('Origin',(-65.2499992189461,481.123792668446,-80.0802638441916));
#13220=CARTESIAN_POINT('',(-65.2499992189461,478.883606697862,-33.8845490340796));
#13221=CARTESIAN_POINT('',(-65.2499992189461,539.525379194225,-167.563080136073));
#13222=CARTESIAN_POINT('',(-65.2499992189461,480.982842812419,-33.8304786215758));
#13223=CARTESIAN_POINT('Origin',(-65.2499992189461,481.123792668446,-80.0802638441916));
#13224=CARTESIAN_POINT('',(-65.2499992189461,481.473549314617,-32.5815515428201));
#13225=CARTESIAN_POINT('',(-65.2499992189461,417.331905572281,-195.832365189686));
#13226=CARTESIAN_POINT('',(-65.2499992189461,483.219604881581,-32.6265224620069));
#13227=CARTESIAN_POINT('Origin',(-65.2499992189461,481.123792668446,-80.0802638441916));
#13228=CARTESIAN_POINT('',(-65.2499992189461,483.645369422401,-33.8990539133776));
#13229=CARTESIAN_POINT('',(-65.2499992189461,530.220773117817,-173.104319689125));
#13230=CARTESIAN_POINT('',(-65.2499992189461,485.739038898166,-34.0611156313112));
#13231=CARTESIAN_POINT('Origin',(-65.2499992189461,481.123792668446,-80.0802638441916));
#13232=CARTESIAN_POINT('',(-65.2499992189461,486.355560522455,-32.869262953279));
#13233=CARTESIAN_POINT('',(-65.2499992189461,405.768264027582,-188.65971921418));
#13234=CARTESIAN_POINT('',(-65.2499992189461,488.087737822978,-33.0935266954528));
#13235=CARTESIAN_POINT('Origin',(-65.2499992189461,481.123792668446,-80.0802638441916));
#13236=CARTESIAN_POINT('',(-65.2499992189461,488.380402806054,-34.4030911064797));
#13237=CARTESIAN_POINT('',(-65.2499992189461,520.39572683475,-177.659481108549));
#13238=CARTESIAN_POINT('',(-65.2499992189461,490.446312225739,-34.7795670603244));
#13239=CARTESIAN_POINT('Origin',(-65.2499992189461,481.123792668446,-80.0802638441916));
#13240=CARTESIAN_POINT('',(-65.2499992189461,491.18211368953,-33.657422717901));
#13241=CARTESIAN_POINT('',(-65.2499992189461,395.003409832733,-180.336104000353));
#13242=CARTESIAN_POINT('',(-65.2499992189461,492.88205121331,-34.0586020316046));
#13243=CARTESIAN_POINT('Origin',(-65.2499992189461,481.123792668446,-80.0802638441916));
#13244=CARTESIAN_POINT('',(-65.2499992189461,493.038514317015,-35.3913176937494));
#13245=CARTESIAN_POINT('',(-65.2499992189461,510.154388279808,-181.180278550109));
#13246=CARTESIAN_POINT('',(-65.2499992189461,495.054764526835,-35.9782171447381));
#13247=CARTESIAN_POINT('Origin',(-65.2499992189461,481.123792668446,-80.0802638441916));
#13248=CARTESIAN_POINT('',(-65.2499992189461,495.902046151564,-34.9376761471101));
#13249=CARTESIAN_POINT('',(-65.2499992189461,385.151453120181,-170.949751940142));
#13250=CARTESIAN_POINT('',(-65.2499992189461,497.551724137955,-35.5115184318165));
#13251=CARTESIAN_POINT('Origin',(-65.2499992189461,481.123792668446,-80.0802638441916));
#13252=CARTESIAN_POINT('',(-65.2499992189461,497.570326814466,-36.8532582275197));
#13253=CARTESIAN_POINT('',(-65.2499992189461,499.605318189421,-183.629390685053));
#13254=CARTESIAN_POINT('',(-65.2499992189461,499.515545060612,-37.6443598954685));
#13255=CARTESIAN_POINT('Origin',(-65.2499992189461,481.123792668446,-80.0802638441916));
#13256=CARTESIAN_POINT('',(-65.2499992189461,500.465325450279,-36.6964522360669));
#13257=CARTESIAN_POINT('',(-65.2499992189461,376.316827081959,-160.600160700437));
#13258=CARTESIAN_POINT('',(-65.2499992189461,502.047256902233,-37.4368746208029));
#13259=CARTESIAN_POINT('Origin',(-65.2499992189461,481.123792668446,-80.0802638441916));
#13260=CARTESIAN_POINT('',(-65.2499992189461,501.927801958552,-38.7734157744443));
#13261=CARTESIAN_POINT('',(-65.2499992189461,488.860339330847,-184.980856315482));
#13262=CARTESIAN_POINT('',(-65.2499992189461,503.781368443701,-39.76033378487));
#13263=CARTESIAN_POINT('Origin',(-65.2499992189461,481.123792668446,-80.0802638441916));
#13264=CARTESIAN_POINT('',(-65.2499992189461,504.823579689898,-38.9151075206962));
#13265=CARTESIAN_POINT('',(-65.2499992189461,368.593180951868,-149.397038523055));
#13266=CARTESIAN_POINT('',(-65.2499992189461,506.320995740486,-39.8142613439882));
#13267=CARTESIAN_POINT('Origin',(-65.2499992189461,481.123792668446,-80.0802638441916));
#13268=CARTESIAN_POINT('',(-65.2499992189461,506.064749428732,-41.1314361868469));
#13269=CARTESIAN_POINT('',(-65.2499992189461,478.033351153025,-185.220349569508));
#13270=CARTESIAN_POINT('',(-65.2499992189461,507.807015887028,-42.3037089633225));
#13271=CARTESIAN_POINT('Origin',(-65.2499992189461,481.123792668446,-80.0802638441916));
#13272=CARTESIAN_POINT('',(-65.2499992189461,508.930610291274,-41.5701237030444));
#13273=CARTESIAN_POINT('',(-65.2499992189461,362.062387300306,-137.459141290085));
#13274=CARTESIAN_POINT('',(-65.2499992189461,510.327637957846,-42.6184777106823));
#13275=CARTESIAN_POINT('Origin',(-65.2499992189461,481.123792668446,-80.0802638441916));
#13276=CARTESIAN_POINT('',(-65.2499992189461,509.937316552671,-43.9023238617492));
#13277=CARTESIAN_POINT('',(-65.2499992189461,467.239122424078,-184.345331759061));
#13278=CARTESIAN_POINT('',(-65.2499992189461,511.549814526231,-45.2475250212168));
#13279=CARTESIAN_POINT('Origin',(-65.2499992189461,481.123792668446,-80.0802638441916));
#13280=CARTESIAN_POINT('',(-65.2499992189461,512.742881708323,-44.633356951088));
#13281=CARTESIAN_POINT('',(-65.2499992189461,356.79367416465,-124.913013681999));
#13282=CARTESIAN_POINT('',(-65.2499992189461,514.024712150074,-45.8197983297909));
#13283=CARTESIAN_POINT('Origin',(-65.2499992189461,481.123792668446,-80.0802638441916));
#13284=CARTESIAN_POINT('',(-65.2499992189461,513.504453155473,-47.0567067004812));
#13285=CARTESIAN_POINT('',(-65.2499992189461,456.592074653822,-182.365078290609));
#13286=CARTESIAN_POINT('',(-65.2499992189461,514.970089764635,-48.5605767760037));
#13287=CARTESIAN_POINT('Origin',(-65.2499992189461,481.123792668446,-80.0802638441916));
#13288=CARTESIAN_POINT('',(-65.2499992189461,516.219982915642,-48.0723362303547));
#13289=CARTESIAN_POINT('',(-65.2499992189461,352.842891214839,-111.891647772552));
#13290=CARTESIAN_POINT('',(-65.2499992189461,517.373028411007,-49.3842884063563));
#13291=CARTESIAN_POINT('Origin',(-65.2499992189461,481.123792668446,-80.0802638441916));
#13292=CARTESIAN_POINT('',(-65.2499992189461,516.728346701748,-50.561147460234));
#13293=CARTESIAN_POINT('',(-65.2499992189461,446.205069197297,-179.300580343549));
#13294=CARTESIAN_POINT('',(-65.2499992189461,518.031585833848,-52.2077450548919));
#13295=CARTESIAN_POINT('Origin',(-65.2499992189461,481.123792668446,-80.0802638441916));
#13296=CARTESIAN_POINT('',(-65.2499992189461,519.325055775433,-51.8506075049664));
#13297=CARTESIAN_POINT('',(-65.2499992189461,350.251917732983,-98.5330732797207));
#13298=CARTESIAN_POINT('',(-65.2499992189461,520.337093755318,-53.2741634588258));
#13299=CARTESIAN_POINT('Origin',(-65.2499992189461,481.123792668446,-80.0802638441916));
#13300=CARTESIAN_POINT('',(-65.2499992189461,519.574823117897,-54.3784981971517));
#13301=CARTESIAN_POINT('',(-65.2499992189461,436.188210896325,-175.184322358475));
#13302=CARTESIAN_POINT('',(-65.2499992189461,520.701850113926,-56.150368966816));
#13303=CARTESIAN_POINT('Origin',(-65.2499992189461,481.123792668446,-80.0802638441916));
#13304=CARTESIAN_POINT('',(-65.2499992189461,522.02518574293,-55.9281201594888));
#13305=CARTESIAN_POINT('',(-65.2499992189461,349.048218682546,-84.9788944163518));
#13306=CARTESIAN_POINT('',(-65.2499992189461,522.885488352983,-57.4481898439558));
#13307=CARTESIAN_POINT('Origin',(-65.2499992189461,481.123792668446,-80.0802638441916));
#13308=CARTESIAN_POINT('',(-65.2499992189461,522.013709045787,-58.4682940437773));
#13309=CARTESIAN_POINT('',(-65.2499992189461,426.6476809408,-170.059937694035));
#13310=CARTESIAN_POINT('',(-65.2499992189461,522.952577139216,-60.3466557175));
#13311=CARTESIAN_POINT('Origin',(-65.2499992189461,481.123792668446,-80.0802638441916));
#13312=CARTESIAN_POINT('',(-65.2499992189461,524.291750768765,-60.2616515454176));
#13313=CARTESIAN_POINT('',(-65.2499992189461,349.244553572909,-71.3727888502817));
#13314=CARTESIAN_POINT('',(-65.2499992189461,524.9911985873,-61.8621218436879));
#13315=CARTESIAN_POINT('Origin',(-65.2499992189461,481.123792668446,-80.0802638441916));
#13316=CARTESIAN_POINT('',(-65.2499992189461,524.019151687859,-62.7871821467147));
#13317=CARTESIAN_POINT('',(-65.2499992189461,417.684611321655,-163.981746102469));
#13318=CARTESIAN_POINT('',(-65.2499992189461,523.0121359646,-66.6727009749249));
#13319=CARTESIAN_POINT('',(-65.2499992189461,524.019151687859,-62.7871821467147));
#13320=CARTESIAN_POINT('',(-65.2499992189461,522.003089365811,-66.9630885805002));
#13321=CARTESIAN_POINT('',(-65.2499992189461,589.21034725345,-47.6219058058976));
#13322=CARTESIAN_POINT('',(-65.2499992189461,521.882118497099,-68.3506641816561));
#13323=CARTESIAN_POINT('',(-65.2499992189461,518.493210858011,-107.222548005164));
#13324=CARTESIAN_POINT('',(-65.2499992189461,520.200374165784,-68.8346435242816));
#13325=CARTESIAN_POINT('',(-65.2499992189461,589.569874765115,-48.8712015948748));
#13326=CARTESIAN_POINT('',(-65.2499992189461,519.360348273743,-67.7236275474832));
#13327=CARTESIAN_POINT('',(-65.2499992189462,574.610489692914,-140.797315416753));
#13328=CARTESIAN_POINT('',(-65.2499992189461,517.342255076165,-68.3044027586338));
#13329=CARTESIAN_POINT('',(-65.2499992189461,589.21034725345,-47.6219058058976));
#13330=CARTESIAN_POINT('',(-65.2499992189461,517.221284207454,-69.6919783597897));
#13331=CARTESIAN_POINT('',(-65.2499992189461,513.983590154255,-106.829392681853));
#13332=CARTESIAN_POINT('',(-65.2499992189461,515.539539876138,-70.1759577024153));
#13333=CARTESIAN_POINT('',(-65.2499992189461,589.569874765115,-48.8712015948748));
#13334=CARTESIAN_POINT('',(-65.2499992189461,514.699513984098,-69.0649417256168));
#13335=CARTESIAN_POINT('',(-65.2499992189461,570.999687768319,-143.527399565884));
#13336=CARTESIAN_POINT('',(-65.2499992189461,512.681420786519,-69.6457169367674));
#13337=CARTESIAN_POINT('',(-65.2499992189461,589.21034725345,-47.6219058058976));
#13338=CARTESIAN_POINT('',(-65.2499992189461,512.560449917808,-71.0332925379233));
#13339=CARTESIAN_POINT('',(-65.2499992189461,509.473969450498,-106.436237358541));
#13340=CARTESIAN_POINT('',(-65.2499992189461,510.878705586492,-71.5172718805489));
#13341=CARTESIAN_POINT('',(-65.2499992189461,589.569874765115,-48.8712015948748));
#13342=CARTESIAN_POINT('',(-65.2499992189461,510.038679694452,-70.4062559037504));
#13343=CARTESIAN_POINT('',(-65.2499992189461,567.388885843724,-146.257483715016));
#13344=CARTESIAN_POINT('',(-65.2499992189461,508.020586496873,-70.987031114901));
#13345=CARTESIAN_POINT('',(-65.2499992189461,589.21034725345,-47.6219058058976));
#13346=CARTESIAN_POINT('',(-65.2499992189461,507.899615628162,-72.374606716057));
#13347=CARTESIAN_POINT('',(-65.2499992189461,504.964348746741,-106.04308203523));
#13348=CARTESIAN_POINT('',(-65.2499992189461,506.217871296847,-72.8585860586825));
#13349=CARTESIAN_POINT('',(-65.2499992189461,589.569874765115,-48.8712015948748));
#13350=CARTESIAN_POINT('',(-65.2499992189461,505.377845404806,-71.747570081884));
#13351=CARTESIAN_POINT('',(-65.2499992189461,563.778083919129,-148.987567864148));
#13352=CARTESIAN_POINT('',(-65.2499992189461,503.359752207228,-72.3283452930347));
#13353=CARTESIAN_POINT('',(-65.2499992189461,589.21034725345,-47.6219058058976));
#13354=CARTESIAN_POINT('',(-65.2499992189461,503.238781338516,-73.7159208941906));
#13355=CARTESIAN_POINT('',(-65.2499992189461,500.454728042984,-105.649926711919));
#13356=CARTESIAN_POINT('',(-65.2499992189461,502.277784577765,-73.992480518548));
#13357=CARTESIAN_POINT('',(-65.2499992189461,589.569874765115,-48.8712015948748));
#13358=CARTESIAN_POINT('',(-65.2499992189461,521.329061178818,-140.199569179361));
#13359=CARTESIAN_POINT('',(-65.2499992189461,452.575097376791,-93.3927390890236));
#13360=CARTESIAN_POINT('',(-65.2499992189461,452.575097376791,-66.7677885993596));
#13361=CARTESIAN_POINT('Origin',(-65.2499992189461,481.123792668446,-80.0802638441916));
#13362=CARTESIAN_POINT('',(-65.2499992189461,443.512019506425,-62.5416059819525));
#13363=CARTESIAN_POINT('Origin',(-65.2499992189461,448.043558441608,-64.654697290656));
#13364=CARTESIAN_POINT('',(-65.2499992189461,443.512019506425,-97.6189217064307));
#13365=CARTESIAN_POINT('Origin',(-65.2499992189461,481.123792668446,-80.0802638441916));
#13366=CARTESIAN_POINT('Origin',(-65.2499992189461,448.043558441608,-95.5058303977272));
#13367=CARTESIAN_POINT('',(-65.2499992189461,480.026036365114,-92.5319677877688));
#13368=CARTESIAN_POINT('',(-65.2499992189461,494.894943810128,-108.769406523083));
#13369=CARTESIAN_POINT('Origin',(-65.2499992189461,478.594525400636,-108.769406523083));
#13370=CARTESIAN_POINT('',(-65.2499992189461,480.026036365114,-67.6285599006144));
#13371=CARTESIAN_POINT('Origin',(-65.2499992189461,481.123792668446,-80.0802638441916));
#13372=CARTESIAN_POINT('',(-65.2499992189461,494.894943810128,-51.3911211653005));
#13373=CARTESIAN_POINT('Origin',(-65.2499992189461,478.594525400636,-51.3911211653005));
#13374=CARTESIAN_POINT('',(-65.2499992189461,484.894943810128,-51.3911211653005));
#13375=CARTESIAN_POINT('Origin',(-65.2499992189461,489.894943810128,-51.3911211653005));
#13376=CARTESIAN_POINT('',(-65.2499992189461,479.147831322448,-57.6671967457527));
#13377=CARTESIAN_POINT('Origin',(-65.2499992189461,478.594525400636,-51.3911211653005));
#13378=CARTESIAN_POINT('',(-65.2499992189461,479.147831322448,-102.49333094263));
#13379=CARTESIAN_POINT('Origin',(-65.2499992189461,481.123792668446,-80.0802638441916));
#13380=CARTESIAN_POINT('',(-65.2499992189461,484.894943810128,-108.769406523083));
#13381=CARTESIAN_POINT('Origin',(-65.2499992189461,478.594525400636,-108.769406523083));
#13382=CARTESIAN_POINT('Origin',(-65.2499992189461,489.894943810128,-108.769406523083));
#13383=CARTESIAN_POINT('',(-65.2499992189461,504.140118396068,-54.0639381165695));
#13384=CARTESIAN_POINT('Origin',(-65.2499992189461,504.140118396068,-57.0639381165695));
#13385=CARTESIAN_POINT('',(-65.2499992189461,458.107466940824,-54.0639381165695));
#13386=CARTESIAN_POINT('Origin',(-65.2499992189461,458.107466940824,-57.0639381165695));
#13387=CARTESIAN_POINT('',(-65.2499992189461,458.107466940824,-100.096589571814));
#13388=CARTESIAN_POINT('Origin',(-65.2499992189461,458.107466940824,-103.096589571814));
#13389=CARTESIAN_POINT('',(-65.2499992189461,504.140118396068,-100.096589571814));
#13390=CARTESIAN_POINT('Origin',(-65.2499992189461,504.140118396068,-103.096589571814));
#13391=CARTESIAN_POINT('',(-65.2499992189461,481.123792668446,-88.0802638441916));
#13392=CARTESIAN_POINT('Origin',(-65.2499992189462,481.123792668446,-80.0802638441916));
#13393=CARTESIAN_POINT('Origin',(-66.0499992189461,481.123792668446,-80.0802638441916));
#13394=CARTESIAN_POINT('',(-67.0499992189461,481.123792668446,-87.0802638441916));
#13395=CARTESIAN_POINT('Origin',(-67.0499992189461,481.123792668446,-80.0802638441916));
#13396=CARTESIAN_POINT('',(-66.0499992189461,481.123792668446,-88.0802638441916));
#13397=CARTESIAN_POINT('Origin',(-66.0499992189461,481.123792668446,-87.0802638441916));
#13398=CARTESIAN_POINT('Origin',(-66.0499992189461,481.123792668446,-80.0802638441916));
#13399=CARTESIAN_POINT('Origin',(-65.2499992189461,481.123792668446,-80.0802638441916));
#13400=CARTESIAN_POINT('',(-65.2499992189461,481.123792668446,-88.0802638441916));
#13401=CARTESIAN_POINT('Origin',(-67.0499992189461,482.152983270938,-80.0802635882299));
#13402=CARTESIAN_POINT('',(-67.0499992189461,481.123792668446,-84.2302638441916));
#13403=CARTESIAN_POINT('Origin',(-67.0499992189461,481.123792668446,-80.0802638441916));
#13404=CARTESIAN_POINT('Origin',(-28.4999992189461,608.623792668446,-115.080263844192));
#13405=CARTESIAN_POINT('',(-28.4999992189461,542.223792668446,-51.8819051352805));
#13406=CARTESIAN_POINT('Ctrl Pts',(-28.4999992189461,542.223792668446,-51.8819051352805));
#13407=CARTESIAN_POINT('Ctrl Pts',(-28.4999992189461,542.223792668446,-51.5541335490972));
#13408=CARTESIAN_POINT('Ctrl Pts',(-28.4999992189461,542.306100321561,-51.2270537759949));
#13409=CARTESIAN_POINT('Ctrl Pts',(-28.4999992189461,542.460810763407,-50.9382306434413));
#13410=CARTESIAN_POINT('Ctrl Pts',(-28.4999992189461,542.615521205254,-50.6494075108876));
#13411=CARTESIAN_POINT('Ctrl Pts',(-28.4999992189461,542.842634435831,-50.3988410188826));
#13412=CARTESIAN_POINT('Ctrl Pts',(-28.4999992189461,543.115420339897,-50.2177648829087));
#13413=CARTESIAN_POINT('Ctrl Pts',(-28.4999992189461,543.524599195997,-49.9461506789478));
#13414=CARTESIAN_POINT('Ctrl Pts',(-28.4999992189461,544.036541567448,-49.8308897760571));
#13415=CARTESIAN_POINT('Ctrl Pts',(-28.4999992189461,544.522677833649,-49.9043643245712));
#13416=CARTESIAN_POINT('',(-28.4999992189461,542.223792668446,-57.9302638441916));
#13417=CARTESIAN_POINT('',(-28.4999992189461,542.223792668446,-82.3086866458048));
#13418=CARTESIAN_POINT('',(-28.4999992189461,565.723792668446,-57.9302638441916));
#13419=CARTESIAN_POINT('',(-28.4999992189461,608.623792668446,-57.9302638441916));
#13420=CARTESIAN_POINT('',(-28.4999992189461,565.723792668446,-68.0802638441916));
#13421=CARTESIAN_POINT('',(-28.4999992189461,565.723792668446,-115.080263844192));
#13422=CARTESIAN_POINT('',(-28.4999992189461,596.623792668446,-68.0802638441916));
#13423=CARTESIAN_POINT('',(-28.4999992189461,596.623792668446,-68.0802638441916));
#13424=CARTESIAN_POINT('',(-28.4999992189461,596.623792668446,-75.5802638441916));
#13425=CARTESIAN_POINT('',(-28.4999992189461,596.623792668446,-115.080263844192));
#13426=CARTESIAN_POINT('',(-28.4999992189461,601.623792668446,-75.5802638441916));
#13427=CARTESIAN_POINT('',(-28.4999992189461,591.623792668446,-75.5802638441916));
#13428=CARTESIAN_POINT('',(-28.4999992189461,601.623792668446,-115.080263844192));
#13429=CARTESIAN_POINT('',(-28.4999992189461,591.425044279389,-58.4302638441916));
#13430=CARTESIAN_POINT('Origin',(-28.4999992189461,591.425044279389,-60.0802638441916));
#13431=CARTESIAN_POINT('Ctrl Pts',(-28.4999992189461,531.223792668446,-48.7739096981969));
#13432=CARTESIAN_POINT('Ctrl Pts',(-30.9999992189461,531.223792668446,-48.7739096981969));
#13433=CARTESIAN_POINT('Ctrl Pts',(-33.4999992189461,531.223792668446,-48.7739096981969));
#13434=CARTESIAN_POINT('Ctrl Pts',(-35.9999992189461,531.223792668446,-48.7739096981969));
#13435=CARTESIAN_POINT('Ctrl Pts',(-28.4999992189461,531.223792668446,-48.2738574444743));
#13436=CARTESIAN_POINT('Ctrl Pts',(-30.9999992189461,531.223792668446,-48.2738574444743));
#13437=CARTESIAN_POINT('Ctrl Pts',(-33.4999992189461,531.223792668446,-48.2738574444743));
#13438=CARTESIAN_POINT('Ctrl Pts',(-35.9999992189461,531.223792668446,-48.2738574444743));
#13439=CARTESIAN_POINT('Ctrl Pts',(-28.4999992189461,530.879339362036,-47.4035507181695));
#13440=CARTESIAN_POINT('Ctrl Pts',(-30.9999992189461,530.879339362036,-47.4035507181695));
#13441=CARTESIAN_POINT('Ctrl Pts',(-33.4999992189461,530.879339362036,-47.4035507181695));
#13442=CARTESIAN_POINT('Ctrl Pts',(-35.9999992189461,530.879339362036,-47.4035507181695));
#13443=CARTESIAN_POINT('Ctrl Pts',(-28.4999992189461,530.097005951664,-46.9359344654295));
#13444=CARTESIAN_POINT('Ctrl Pts',(-30.9999992189461,530.097005951664,-46.9359344654295));
#13445=CARTESIAN_POINT('Ctrl Pts',(-33.4999992189461,530.097005951664,-46.9359344654295));
#13446=CARTESIAN_POINT('Ctrl Pts',(-35.9999992189461,530.097005951664,-46.9359344654295));
#13447=CARTESIAN_POINT('Ctrl Pts',(-28.4999992189461,529.734394965913,-46.8401865293278));
#13448=CARTESIAN_POINT('Ctrl Pts',(-30.9999992189461,529.734394965913,-46.8401865293278));
#13449=CARTESIAN_POINT('Ctrl Pts',(-33.4999992189461,529.734394965913,-46.8401865293278));
#13450=CARTESIAN_POINT('Ctrl Pts',(-35.9999992189461,529.734394965913,-46.8401865293278));
#13451=CARTESIAN_POINT('',(-35.9999992189461,531.223792668446,-48.7739096981969));
#13452=CARTESIAN_POINT('Ctrl Pts',(-28.4999992189461,531.223792668446,-48.7739096981969));
#13453=CARTESIAN_POINT('Ctrl Pts',(-30.9999992189461,531.223792668446,-48.7739096981969));
#13454=CARTESIAN_POINT('Ctrl Pts',(-33.4999992189461,531.223792668446,-48.7739096981969));
#13455=CARTESIAN_POINT('Ctrl Pts',(-35.9999992189461,531.223792668446,-48.7739096981969));
#13456=CARTESIAN_POINT('Origin',(-35.9999992189461,529.223792668446,-48.7739096981969));
#13457=CARTESIAN_POINT('',(-32.4999992189461,529.843766603502,-46.8724280864396));
#13458=CARTESIAN_POINT('Ctrl Pts',(-32.4999992189461,529.734394965913,-46.8401865293278));
#13459=CARTESIAN_POINT('Ctrl Pts',(-32.4999992189461,529.771148703278,-46.8498914048968));
#13460=CARTESIAN_POINT('Ctrl Pts',(-32.4999992189461,529.807621713075,-46.8606715016268));
#13461=CARTESIAN_POINT('Ctrl Pts',(-32.4999992189461,529.843758699751,-46.8724948558962));
#13462=CARTESIAN_POINT('Ctrl Pts',(-32.4999992189461,529.843766603502,-46.8724280864396));
#13463=CARTESIAN_POINT('Ctrl Pts',(-31.1666658856128,529.843766603502,-46.8724280864396));
#13464=CARTESIAN_POINT('Ctrl Pts',(-29.8333325522795,529.843766603502,-46.8724280864396));
#13465=CARTESIAN_POINT('Ctrl Pts',(-28.4999992189461,529.843766603502,-46.8724280864396));
#13466=CARTESIAN_POINT('Ctrl Pts',(-38.9999992189461,532.692534633946,-47.5872720795672));
#13467=CARTESIAN_POINT('Ctrl Pts',(-38.9999992189461,532.037231914374,-47.429287838923));
#13468=CARTESIAN_POINT('Ctrl Pts',(-38.6198699597923,530.948944035151,-47.1574330368924));
#13469=CARTESIAN_POINT('Ctrl Pts',(-37.3653378264288,529.944217456355,-46.8957253388897));
#13470=CARTESIAN_POINT('Ctrl Pts',(-36.4557679831359,529.734394965913,-46.8401865293279));
#13471=CARTESIAN_POINT('Ctrl Pts',(-35.9999992189462,529.734394965913,-46.8401865293278));
#13472=CARTESIAN_POINT('Ctrl Pts',(-38.4016006182624,532.692534633946,-47.5872720795672));
#13473=CARTESIAN_POINT('Ctrl Pts',(-38.4218211012496,532.162913082975,-47.460439131781));
#13474=CARTESIAN_POINT('Ctrl Pts',(-38.1457198650374,531.257965735106,-47.2358332683073));
#13475=CARTESIAN_POINT('Ctrl Pts',(-37.130146731301,530.399093115577,-47.016108981379));
#13476=CARTESIAN_POINT('Ctrl Pts',(-36.3770235945121,530.217876280247,-46.9678504441301));
#13477=CARTESIAN_POINT('Ctrl Pts',(-35.9999992189462,530.217876280247,-46.9678504441301));
#13478=CARTESIAN_POINT('Ctrl Pts',(-37.3657178858089,532.574819387564,-48.0755430664382));
#13479=CARTESIAN_POINT('Ctrl Pts',(-37.4181158137993,532.267457449603,-47.9650345216302));
#13480=CARTESIAN_POINT('Ctrl Pts',(-37.321776607317,531.692352104892,-47.7664483653432));
#13481=CARTESIAN_POINT('Ctrl Pts',(-36.7192039191227,531.099836905391,-47.5658530566726));
#13482=CARTESIAN_POINT('Ctrl Pts',(-36.240473599313,530.971614876824,-47.5229048969503));
#13483=CARTESIAN_POINT('Ctrl Pts',(-35.9999992189461,530.971614876824,-47.5229048969503));
#13484=CARTESIAN_POINT('Ctrl Pts',(-36.9999992189461,532.328978119535,-49.0952678875055));
#13485=CARTESIAN_POINT('Ctrl Pts',(-37.0235067895614,532.106425280097,-48.9498092048992));
#13486=CARTESIAN_POINT('Ctrl Pts',(-36.9314210658996,531.707105415741,-48.6971869446696));
#13487=CARTESIAN_POINT('Ctrl Pts',(-36.5000545935959,531.309406919362,-48.4510866558437));
#13488=CARTESIAN_POINT('Ctrl Pts',(-36.1668539959945,531.223792668446,-48.398870507905));
#13489=CARTESIAN_POINT('Ctrl Pts',(-35.9999992189461,531.223792668446,-48.398870507905));
#13490=CARTESIAN_POINT('Ctrl Pts',(-36.9999992189461,532.223792668446,-49.5315665453772));
#13491=CARTESIAN_POINT('Ctrl Pts',(-36.9999992189461,532.00225549697,-49.3713380856222));
#13492=CARTESIAN_POINT('Ctrl Pts',(-36.8732894658946,531.634354081159,-49.0956320377631));
#13493=CARTESIAN_POINT('Ctrl Pts',(-36.4551120881079,531.294718946088,-48.8302310197573));
#13494=CARTESIAN_POINT('Ctrl Pts',(-36.1519221403429,531.223792668446,-48.7739096981969));
#13495=CARTESIAN_POINT('Ctrl Pts',(-35.9999992189461,531.223792668446,-48.7739096981969));
#13496=CARTESIAN_POINT('',(-36.9999992189461,532.223792668446,-49.5315665453771));
#13497=CARTESIAN_POINT('Ctrl Pts',(-35.9999992189461,531.223792668446,-48.7739096981969));
#13498=CARTESIAN_POINT('Ctrl Pts',(-36.1519221403429,531.223792668446,-48.7739096981969));
#13499=CARTESIAN_POINT('Ctrl Pts',(-36.4551120881079,531.294718946088,-48.8302310197573));
#13500=CARTESIAN_POINT('Ctrl Pts',(-36.8732894658946,531.634354081159,-49.0956320377631));
#13501=CARTESIAN_POINT('Ctrl Pts',(-36.9999992189461,532.00225549697,-49.3713380856222));
#13502=CARTESIAN_POINT('Ctrl Pts',(-36.9999992189461,532.223792668446,-49.5315665453772));
#13503=CARTESIAN_POINT('Origin',(-38.9999992189461,532.223792668446,-49.5315665453771));
#13504=CARTESIAN_POINT('Ctrl Pts',(-36.9999992189461,532.223792668446,-49.5315665453771));
#13505=CARTESIAN_POINT('Ctrl Pts',(-36.9999992189461,535.202628641408,-50.2497218728864));
#13506=CARTESIAN_POINT('Ctrl Pts',(-36.9999992189461,538.204635653542,-50.8718674193531));
#13507=CARTESIAN_POINT('Ctrl Pts',(-36.9999992189461,541.223792668446,-51.3952236532887));
#13508=CARTESIAN_POINT('Ctrl Pts',(-36.9999992189461,532.364039936564,-48.9498350015482));
#13509=CARTESIAN_POINT('Ctrl Pts',(-36.9999992189461,535.330336791,-49.6649673244834));
#13510=CARTESIAN_POINT('Ctrl Pts',(-36.9999992189461,538.319743033193,-50.2844981640722));
#13511=CARTESIAN_POINT('Ctrl Pts',(-36.9999992189461,541.32599797035,-50.8056178853701));
#13512=CARTESIAN_POINT('Ctrl Pts',(-37.5022603705134,532.606820629558,-47.9428051374957));
#13513=CARTESIAN_POINT('Ctrl Pts',(-37.5022603705134,535.551580844339,-48.6527452804502));
#13514=CARTESIAN_POINT('Ctrl Pts',(-37.5022603705134,538.518829687913,-49.2676786426029));
#13515=CARTESIAN_POINT('Ctrl Pts',(-37.5022603705134,541.502924582589,-49.7849570279518));
#13516=CARTESIAN_POINT('Ctrl Pts',(-38.5512002684333,532.692534633946,-47.5872720795672));
#13517=CARTESIAN_POINT('Ctrl Pts',(-38.5512002684333,535.629615881429,-48.2953609318414));
#13518=CARTESIAN_POINT('Ctrl Pts',(-38.5512002684333,538.58919507679,-48.9087027890267));
#13519=CARTESIAN_POINT('Ctrl Pts',(-38.5512002684333,541.565388727619,-49.4246115320541));
#13520=CARTESIAN_POINT('Ctrl Pts',(-38.9999992189461,532.692534633946,-47.5872720795672));
#13521=CARTESIAN_POINT('Ctrl Pts',(-38.9999992189461,535.629647927749,-48.295368657757));
#13522=CARTESIAN_POINT('Ctrl Pts',(-38.9999992189461,538.589162102853,-48.9086970731545));
#13523=CARTESIAN_POINT('Ctrl Pts',(-38.9999992189461,541.565388727619,-49.4246115320541));
#13524=CARTESIAN_POINT('',(-36.9999992189461,541.223792668446,-51.3952236532887));
#13525=CARTESIAN_POINT('Origin',(-38.9999992189461,541.223792668446,-51.3952236532887));
#13526=CARTESIAN_POINT('Ctrl Pts',(-36.9999992189461,532.223792668446,-49.5315665453771));
#13527=CARTESIAN_POINT('Ctrl Pts',(-36.9999992189461,535.202628641408,-50.2497218728864));
#13528=CARTESIAN_POINT('Ctrl Pts',(-36.9999992189461,538.204635653542,-50.8718674193531));
#13529=CARTESIAN_POINT('Ctrl Pts',(-36.9999992189461,541.223792668446,-51.3952236532887));
#13530=CARTESIAN_POINT('Ctrl Pts',(-35.9999992189462,544.522677833649,-49.9043643245711));
#13531=CARTESIAN_POINT('Ctrl Pts',(-36.6776838222809,544.522677833649,-49.9043643245711));
#13532=CARTESIAN_POINT('Ctrl Pts',(-38.2590527636477,543.97076495902,-49.8229104630208));
#13533=CARTESIAN_POINT('Ctrl Pts',(-38.9999992189461,542.443031554074,-49.5767466618691));
#13534=CARTESIAN_POINT('Ctrl Pts',(-38.9999992189461,541.56538872762,-49.4246115320541));
#13535=CARTESIAN_POINT('Ctrl Pts',(-35.9999992189462,544.198586989515,-49.8553812922284));
#13536=CARTESIAN_POINT('Ctrl Pts',(-36.6027705974015,544.198586989515,-49.8553812922284));
#13537=CARTESIAN_POINT('Ctrl Pts',(-38.0097954207644,543.715270458439,-49.7824769294399));
#13538=CARTESIAN_POINT('Ctrl Pts',(-38.691133036899,542.356806263963,-49.561765955238));
#13539=CARTESIAN_POINT('Ctrl Pts',(-38.7007999186042,541.56538872762,-49.4246115320541));
#13540=CARTESIAN_POINT('Ctrl Pts',(-35.9999992189462,543.527172879338,-49.9203887605787));
#13541=CARTESIAN_POINT('Ctrl Pts',(-36.4531802621496,543.527172879338,-49.9203887605787));
#13542=CARTESIAN_POINT('Ctrl Pts',(-37.5121431752086,543.180626756426,-49.8600050434194));
#13543=CARTESIAN_POINT('Ctrl Pts',(-38.074424381964,542.160517771448,-49.6756846157266));
#13544=CARTESIAN_POINT('Ctrl Pts',(-38.1033261483627,541.542027634438,-49.5593778800616));
#13545=CARTESIAN_POINT('Ctrl Pts',(-35.9999992189462,542.541246982488,-50.5753001485102));
#13546=CARTESIAN_POINT('Ctrl Pts',(-36.252979266576,542.541246982488,-50.5753001485102));
#13547=CARTESIAN_POINT('Ctrl Pts',(-36.8451159962426,542.368235838067,-50.5160484216971));
#13548=CARTESIAN_POINT('Ctrl Pts',(-37.2195639525845,541.801331234012,-50.3342125317113));
#13549=CARTESIAN_POINT('Ctrl Pts',(-37.2624870366867,541.427714622201,-50.2188310601576));
#13550=CARTESIAN_POINT('Ctrl Pts',(-35.9999992189461,542.223792668446,-51.3902477560056));
#13551=CARTESIAN_POINT('Ctrl Pts',(-36.2083463772574,542.223792668446,-51.3902477560056));
#13552=CARTESIAN_POINT('Ctrl Pts',(-36.6961537386774,542.068909866049,-51.3164689842322));
#13553=CARTESIAN_POINT('Ctrl Pts',(-36.9769336703107,541.596188911536,-51.0925008522821));
#13554=CARTESIAN_POINT('Ctrl Pts',(-36.9999992189461,541.300446644874,-50.9530193273498));
#13555=CARTESIAN_POINT('Ctrl Pts',(-35.9999992189461,542.223792668446,-51.8819051352805));
#13556=CARTESIAN_POINT('Ctrl Pts',(-36.2258940867239,542.223792668446,-51.8819051352805));
#13557=CARTESIAN_POINT('Ctrl Pts',(-36.7530170671789,542.037161241426,-51.7992733394117));
#13558=CARTESIAN_POINT('Ctrl Pts',(-36.9999992189461,541.520560111449,-51.5495532465227));
#13559=CARTESIAN_POINT('Ctrl Pts',(-36.9999992189461,541.223792668446,-51.3952236532888));
#13560=CARTESIAN_POINT('',(-35.9999992189461,542.223792668446,-51.8819051352805));
#13561=CARTESIAN_POINT('Ctrl Pts',(-36.9999992189461,541.223792668446,-51.3952236532888));
#13562=CARTESIAN_POINT('Ctrl Pts',(-36.9999992189461,541.520560111449,-51.5495532465227));
#13563=CARTESIAN_POINT('Ctrl Pts',(-36.7530170671789,542.037161241426,-51.7992733394117));
#13564=CARTESIAN_POINT('Ctrl Pts',(-36.2258940867239,542.223792668446,-51.8819051352805));
#13565=CARTESIAN_POINT('Ctrl Pts',(-35.9999992189461,542.223792668446,-51.8819051352805));
#13566=CARTESIAN_POINT('Origin',(-35.9999992189461,544.223792668446,-51.8819051352805));
#13567=CARTESIAN_POINT('Ctrl Pts',(-35.9999992189461,542.223792668446,-51.8819051352805));
#13568=CARTESIAN_POINT('Ctrl Pts',(-33.4999992189461,542.223792668446,-51.8819051352805));
#13569=CARTESIAN_POINT('Ctrl Pts',(-30.9999992189461,542.223792668446,-51.8819051352805));
#13570=CARTESIAN_POINT('Ctrl Pts',(-28.4999992189461,542.223792668446,-51.8819051352805));
#13571=CARTESIAN_POINT('Ctrl Pts',(-35.9999992189461,542.223792668446,-51.5541335490972));
#13572=CARTESIAN_POINT('Ctrl Pts',(-33.4999992189461,542.223792668446,-51.5541335490972));
#13573=CARTESIAN_POINT('Ctrl Pts',(-30.9999992189461,542.223792668446,-51.5541335490972));
#13574=CARTESIAN_POINT('Ctrl Pts',(-28.4999992189461,542.223792668446,-51.5541335490972));
#13575=CARTESIAN_POINT('Ctrl Pts',(-35.9999992189461,542.388407974677,-50.8999740028927));
#13576=CARTESIAN_POINT('Ctrl Pts',(-33.4999992189461,542.388407974677,-50.8999740028927));
#13577=CARTESIAN_POINT('Ctrl Pts',(-30.9999992189461,542.388407974677,-50.8999740028927));
#13578=CARTESIAN_POINT('Ctrl Pts',(-28.4999992189461,542.388407974677,-50.8999740028927));
#13579=CARTESIAN_POINT('Ctrl Pts',(-35.9999992189461,543.183304281696,-50.022991280875));
#13580=CARTESIAN_POINT('Ctrl Pts',(-33.4999992189461,543.183304281696,-50.022991280875));
#13581=CARTESIAN_POINT('Ctrl Pts',(-30.9999992189461,543.183304281696,-50.022991280875));
#13582=CARTESIAN_POINT('Ctrl Pts',(-28.4999992189461,543.183304281696,-50.022991280875));
#13583=CARTESIAN_POINT('Ctrl Pts',(-35.9999992189461,544.036541567448,-49.8308897760571));
#13584=CARTESIAN_POINT('Ctrl Pts',(-33.4999992189461,544.036541567448,-49.8308897760571));
#13585=CARTESIAN_POINT('Ctrl Pts',(-30.9999992189461,544.036541567448,-49.8308897760571));
#13586=CARTESIAN_POINT('Ctrl Pts',(-28.4999992189461,544.036541567448,-49.8308897760571));
#13587=CARTESIAN_POINT('Ctrl Pts',(-35.9999992189461,544.522677833649,-49.9043643245712));
#13588=CARTESIAN_POINT('Ctrl Pts',(-33.4999992189461,544.522677833649,-49.9043643245712));
#13589=CARTESIAN_POINT('Ctrl Pts',(-30.9999992189461,544.522677833649,-49.9043643245712));
#13590=CARTESIAN_POINT('Ctrl Pts',(-28.4999992189461,544.522677833649,-49.9043643245712));
#13591=CARTESIAN_POINT('Ctrl Pts',(-35.9999992189461,542.223792668446,-51.8819051352805));
#13592=CARTESIAN_POINT('Ctrl Pts',(-33.4999992189461,542.223792668446,-51.8819051352805));
#13593=CARTESIAN_POINT('Ctrl Pts',(-30.9999992189461,542.223792668446,-51.8819051352805));
#13594=CARTESIAN_POINT('Ctrl Pts',(-28.4999992189461,542.223792668446,-51.8819051352805));
#13595=CARTESIAN_POINT('Origin',(-19.9999992189461,542.223792668446,-49.5371094474179));
#13596=CARTESIAN_POINT('',(-35.9999992189461,542.223792668446,-57.9302638441916));
#13597=CARTESIAN_POINT('',(-35.9999992189461,542.223792668446,-64.8086866458048));
#13598=CARTESIAN_POINT('',(-35.3249992189461,542.223792668446,-57.9302638441916));
#13599=CARTESIAN_POINT('Origin',(-35.9999992189461,541.223792668446,-64.8086866458048));
#13600=CARTESIAN_POINT('',(-36.9999992189461,541.223792668446,-57.9302638441916));
#13601=CARTESIAN_POINT('',(-36.9999992189461,541.223792668446,-64.8086866458048));
#13602=CARTESIAN_POINT('Origin',(-35.9999992189461,541.223792668446,-57.9302638441916));
#13603=CARTESIAN_POINT('Origin',(-36.9999992189461,521.123792668446,-80.0802638441916));
#13604=CARTESIAN_POINT('',(-36.9999992189461,532.223792668446,-57.9302638441916));
#13605=CARTESIAN_POINT('',(-36.9999992189461,532.223792668446,-97.5802638441916));
#13606=CARTESIAN_POINT('',(-36.9999992189461,564.873792668446,-57.9302638441916));
#13607=CARTESIAN_POINT('Origin',(-35.9999992189461,532.223792668446,-97.5802638441916));
#13608=CARTESIAN_POINT('',(-35.9999992189461,531.223792668446,-57.9302638441916));
#13609=CARTESIAN_POINT('',(-35.9999992189461,531.223792668446,-97.5802638441916));
#13610=CARTESIAN_POINT('Origin',(-35.9999992189461,532.223792668446,-57.9302638441916));
#13611=CARTESIAN_POINT('Origin',(-28.4999992189461,531.223792668446,-115.080263844192));
#13612=CARTESIAN_POINT('',(-50.6499992189461,531.223792668446,-102.230263844192));
#13613=CARTESIAN_POINT('',(-28.4999992189461,531.223792668446,-102.230263844192));
#13614=CARTESIAN_POINT('',(-50.6499992189461,531.223792668446,-57.9302638441916));
#13615=CARTESIAN_POINT('',(-50.6499992189461,531.223792668446,-102.230263844192));
#13616=CARTESIAN_POINT('',(-28.4999992189461,531.223792668446,-57.9302638441916));
#13617=CARTESIAN_POINT('Origin',(-30.4999992189461,525.129309340329,-66.3088344598854));
#13618=CARTESIAN_POINT('',(-32.4999992189461,520.575593126863,-46.8341414290001));
#13619=CARTESIAN_POINT('Origin',(-32.4999992189461,525.129309340329,-66.3088344598854));
#13620=CARTESIAN_POINT('',(-30.4999992189461,520.575593126863,-46.8341414290001));
#13621=CARTESIAN_POINT('Origin',(-88.4999992189461,448.043558441608,-64.654697290656));
#13622=CARTESIAN_POINT('',(-88.4999992189461,452.575097376791,-66.7677885993596));
#13623=CARTESIAN_POINT('',(-88.4999992189461,443.512019506425,-62.5416059819525));
#13624=CARTESIAN_POINT('Origin',(-88.4999992189461,489.894943810128,-51.3911211653005));
#13625=CARTESIAN_POINT('',(-88.4999992189461,494.894943810128,-51.3911211653005));
#13626=CARTESIAN_POINT('',(-88.4999992189461,484.894943810128,-51.3911211653005));
#13627=CARTESIAN_POINT('Origin',(-47.2499992189461,525.012985725186,-80.90015912021));
#13628=CARTESIAN_POINT('',(-47.2499992189461,522.247403541784,-90.5101307740104));
#13629=CARTESIAN_POINT('',(-47.2499992189461,526.104702205719,-90.8403882486624));
#13630=CARTESIAN_POINT('Origin',(-47.2499992189461,525.012985725186,-80.90015912021));
#13631=CARTESIAN_POINT('',(-47.2499992189461,522.247403541784,-90.5101307740104));
#13632=CARTESIAN_POINT('',(-47.2499992189461,526.104702205719,-90.8403882486624));
#13633=CARTESIAN_POINT('Origin',(-43.9999992189461,570.723792668446,-64.5802638441916));
#13634=CARTESIAN_POINT('',(-43.9999992189461,570.723792668446,-61.5802638441916));
#13635=CARTESIAN_POINT('Origin',(-43.9999992189461,570.723792668446,-64.5802638441916));
#13636=CARTESIAN_POINT('',(-43.9999992189461,588.826968068035,-61.5802638441916));
#13637=CARTESIAN_POINT('',(-43.9999992189461,570.723792668446,-61.5802638441916));
#13638=CARTESIAN_POINT('',(-43.4999992189461,588.85164982382,-61.6222239526417));
#13639=CARTESIAN_POINT('Ctrl Pts',(-43.9999992189461,588.826968068035,-61.5802638441916));
#13640=CARTESIAN_POINT('Ctrl Pts',(-43.8365230546255,588.826968068035,-61.5802638441916));
#13641=CARTESIAN_POINT('Ctrl Pts',(-43.6676264993984,588.834672178581,-61.5938897707852));
#13642=CARTESIAN_POINT('Ctrl Pts',(-43.4999992189461,588.851649823821,-61.6222239526418));
#13643=CARTESIAN_POINT('',(-43.4999992189461,590.837797292212,-61.6222239526417));
#13644=CARTESIAN_POINT('',(-43.4999992189461,570.723792668446,-61.6222239526417));
#13645=CARTESIAN_POINT('',(-43.4999992189461,592.012291266565,-61.6222239526417));
#13646=CARTESIAN_POINT('Ctrl Pts',(-43.4999992189461,590.837797292212,-61.6222239526418));
#13647=CARTESIAN_POINT('Ctrl Pts',(-43.4966112256715,590.83930099103,-61.622796628028));
#13648=CARTESIAN_POINT('Ctrl Pts',(-43.4932439333646,590.840817838246,-61.623371791834));
#13649=CARTESIAN_POINT('Ctrl Pts',(-43.4118328936637,590.878031724477,-61.6374189676861));
#13650=CARTESIAN_POINT('Ctrl Pts',(-43.3253806543778,590.933138169009,-61.6563875654943));
#13651=CARTESIAN_POINT('Ctrl Pts',(-43.2056192919736,591.044571053412,-61.6867460707482));
#13652=CARTESIAN_POINT('Ctrl Pts',(-43.153062174969,591.111879904063,-61.7020549295926));
#13653=CARTESIAN_POINT('Ctrl Pts',(-43.0818334582435,591.262325012087,-61.7239795737738));
#13654=CARTESIAN_POINT('Ctrl Pts',(-43.0632495191864,591.345550876223,-61.7302638441916));
#13655=CARTESIAN_POINT('Ctrl Pts',(-43.0632495191864,591.504537682554,-61.7302638441916));
#13656=CARTESIAN_POINT('Ctrl Pts',(-43.0818334582436,591.58776354669,-61.7239795737738));
#13657=CARTESIAN_POINT('Ctrl Pts',(-43.153062174969,591.738208654714,-61.7020549295925));
#13658=CARTESIAN_POINT('Ctrl Pts',(-43.2056192919736,591.805517505365,-61.6867460707482));
#13659=CARTESIAN_POINT('Ctrl Pts',(-43.3253806543778,591.916950389768,-61.6563875654943));
#13660=CARTESIAN_POINT('Ctrl Pts',(-43.4118328936637,591.9720568343,-61.6374189676861));
#13661=CARTESIAN_POINT('Ctrl Pts',(-43.4932439333646,592.009270720532,-61.623371791834));
#13662=CARTESIAN_POINT('Ctrl Pts',(-43.4966112256715,592.010787567747,-61.622796628028));
#13663=CARTESIAN_POINT('Ctrl Pts',(-43.4999992189461,592.012291266565,-61.6222239526418));
#13664=CARTESIAN_POINT('',(-43.4999992189461,593.998438734957,-61.6222239526417));
#13665=CARTESIAN_POINT('',(-43.4999992189461,570.723792668446,-61.6222239526417));
#13666=CARTESIAN_POINT('',(-43.9999992189461,594.023120490742,-61.5802638441916));
#13667=CARTESIAN_POINT('Ctrl Pts',(-43.4999992189461,593.998438734957,-61.6222239526418));
#13668=CARTESIAN_POINT('Ctrl Pts',(-43.6676264993984,594.015416380196,-61.5938897707852));
#13669=CARTESIAN_POINT('Ctrl Pts',(-43.8365230546255,594.023120490742,-61.5802638441916));
#13670=CARTESIAN_POINT('Ctrl Pts',(-43.9999992189461,594.023120490742,-61.5802638441916));
#13671=CARTESIAN_POINT('',(-43.9999992189461,601.623792668446,-61.5802638441916));
#13672=CARTESIAN_POINT('',(-43.9999992189461,570.723792668446,-61.5802638441916));
#13673=CARTESIAN_POINT('Origin',(-43.9999992189461,601.623792668446,-64.5802638441916));
#13674=CARTESIAN_POINT('Ctrl Pts',(-43.9999992189461,594.023120490742,-61.5802638441916));
#13675=CARTESIAN_POINT('Ctrl Pts',(-44.330983747797,594.023120490742,-61.5802638441916));
#13676=CARTESIAN_POINT('Ctrl Pts',(-44.6836537724272,593.991747933226,-61.63940376772));
#13677=CARTESIAN_POINT('Ctrl Pts',(-45.3256032166616,593.838443218938,-61.8675515920751));
#13678=CARTESIAN_POINT('Ctrl Pts',(-45.6142770878795,593.713098810518,-62.0359569181201));
#13679=CARTESIAN_POINT('Ctrl Pts',(-46.0314123011356,593.387894666572,-62.359045987463));
#13680=CARTESIAN_POINT('Ctrl Pts',(-46.2105255365946,593.156475066022,-62.544723428583));
#13681=CARTESIAN_POINT('Ctrl Pts',(-46.4166776219978,592.720908267048,-62.7961980372208));
#13682=CARTESIAN_POINT('Ctrl Pts',(-46.4889158868996,592.475551018252,-62.9032499685519));
#13683=CARTESIAN_POINT('Ctrl Pts',(-46.5790070127494,591.954920445905,-63.0454026210747));
#13684=CARTESIAN_POINT('Ctrl Pts',(-46.5980754302995,591.67979281994,-63.0802638441916));
#13685=CARTESIAN_POINT('Ctrl Pts',(-46.5980754302995,591.170295738837,-63.0802638441916));
#13686=CARTESIAN_POINT('Ctrl Pts',(-46.5790070127494,590.895168112872,-63.0454026210747));
#13687=CARTESIAN_POINT('Ctrl Pts',(-46.4889158868996,590.374537540525,-62.9032499685519));
#13688=CARTESIAN_POINT('Ctrl Pts',(-46.4166776219978,590.129180291729,-62.7961980372208));
#13689=CARTESIAN_POINT('Ctrl Pts',(-46.2105255365946,589.693613492755,-62.544723428583));
#13690=CARTESIAN_POINT('Ctrl Pts',(-46.0314123011356,589.462193892205,-62.359045987463));
#13691=CARTESIAN_POINT('Ctrl Pts',(-45.6142770878795,589.136989748259,-62.0359569181201));
#13692=CARTESIAN_POINT('Ctrl Pts',(-45.3256032166616,589.01164533984,-61.8675515920752));
#13693=CARTESIAN_POINT('Ctrl Pts',(-44.6836537724272,588.858340625551,-61.63940376772));
#13694=CARTESIAN_POINT('Ctrl Pts',(-44.330983747797,588.826968068035,-61.5802638441916));
#13695=CARTESIAN_POINT('Ctrl Pts',(-43.9999992189461,588.826968068035,-61.5802638441916));
#13696=CARTESIAN_POINT('Origin',(-43.9999992189461,570.723792668446,-95.5802638441916));
#13697=CARTESIAN_POINT('',(-43.9999992189461,570.723792668446,-92.5802638441916));
#13698=CARTESIAN_POINT('Origin',(-43.9999992189461,570.723792668446,-95.5802638441916));
#13699=CARTESIAN_POINT('',(-43.9999992189461,601.623792668446,-92.5802638441916));
#13700=CARTESIAN_POINT('',(-43.9999992189461,570.723792668446,-92.5802638441916));
#13701=CARTESIAN_POINT('Origin',(-43.9999992189461,601.623792668446,-95.5802638441916));
#13702=CARTESIAN_POINT('',(-43.4999992189461,593.998438734957,-98.5383037357414));
#13703=CARTESIAN_POINT('',(-46.5980754302994,591.425044279389,-97.0802638441916));
#13704=CARTESIAN_POINT('Ctrl Pts',(-46.5980754302994,591.425044279389,-97.0802638441916));
#13705=CARTESIAN_POINT('Ctrl Pts',(-46.5980754302994,591.67979281994,-97.0802638441916));
#13706=CARTESIAN_POINT('Ctrl Pts',(-46.5790070127493,591.954920445905,-97.1151250673085));
#13707=CARTESIAN_POINT('Ctrl Pts',(-46.4889158868996,592.475551018252,-97.2572777198313));
#13708=CARTESIAN_POINT('Ctrl Pts',(-46.4166776219978,592.720908267048,-97.3643296511624));
#13709=CARTESIAN_POINT('Ctrl Pts',(-46.2105255365946,593.156475066022,-97.6158042598001));
#13710=CARTESIAN_POINT('Ctrl Pts',(-46.0314123011356,593.387894666572,-97.8014817009201));
#13711=CARTESIAN_POINT('Ctrl Pts',(-45.6142770878795,593.713098810518,-98.1245707702631));
#13712=CARTESIAN_POINT('Ctrl Pts',(-45.3256032166615,593.838443218938,-98.292976096308));
#13713=CARTESIAN_POINT('Ctrl Pts',(-44.6836537724272,593.991747933226,-98.5211239206631));
#13714=CARTESIAN_POINT('Ctrl Pts',(-44.330983747797,594.023120490742,-98.5802638441916));
#13715=CARTESIAN_POINT('Ctrl Pts',(-43.8365230546255,594.023120490742,-98.5802638441916));
#13716=CARTESIAN_POINT('Ctrl Pts',(-43.6676264993984,594.015416380196,-98.5666379175979));
#13717=CARTESIAN_POINT('Ctrl Pts',(-43.4999992189461,593.998438734957,-98.5383037357414));
#13718=CARTESIAN_POINT('',(-43.4999992189461,592.012291266565,-98.5383037357414));
#13719=CARTESIAN_POINT('',(-43.4999992189461,570.723792668446,-98.5383037357414));
#13720=CARTESIAN_POINT('',(-43.0632495191865,591.425044279389,-98.4302638441916));
#13721=CARTESIAN_POINT('Ctrl Pts',(-43.4999992189461,592.012291266565,-98.5383037357414));
#13722=CARTESIAN_POINT('Ctrl Pts',(-43.4966112256714,592.010787567747,-98.5377310603552));
#13723=CARTESIAN_POINT('Ctrl Pts',(-43.4932439333647,592.009270720532,-98.5371558965491));
#13724=CARTESIAN_POINT('Ctrl Pts',(-43.4118328936637,591.9720568343,-98.5231087206971));
#13725=CARTESIAN_POINT('Ctrl Pts',(-43.3253806543779,591.916950389768,-98.5041401228889));
#13726=CARTESIAN_POINT('Ctrl Pts',(-43.2056192919737,591.805517505365,-98.473781617635));
#13727=CARTESIAN_POINT('Ctrl Pts',(-43.1530621749691,591.738208654714,-98.4584727587906));
#13728=CARTESIAN_POINT('Ctrl Pts',(-43.0818334582436,591.58776354669,-98.4365481146094));
#13729=CARTESIAN_POINT('Ctrl Pts',(-43.0632495191865,591.504537682554,-98.4302638441916));
#13730=CARTESIAN_POINT('Ctrl Pts',(-43.0632495191865,591.425044279389,-98.4302638441916));
#13731=CARTESIAN_POINT('',(-43.4999992189461,590.837797292212,-98.5383037357414));
#13732=CARTESIAN_POINT('Ctrl Pts',(-43.0632495191865,591.425044279389,-98.4302638441916));
#13733=CARTESIAN_POINT('Ctrl Pts',(-43.0632495191865,591.345550876223,-98.4302638441916));
#13734=CARTESIAN_POINT('Ctrl Pts',(-43.0818334582436,591.262325012087,-98.4365481146094));
#13735=CARTESIAN_POINT('Ctrl Pts',(-43.1530621749691,591.111879904063,-98.4584727587906));
#13736=CARTESIAN_POINT('Ctrl Pts',(-43.2056192919737,591.044571053412,-98.473781617635));
#13737=CARTESIAN_POINT('Ctrl Pts',(-43.3253806543779,590.933138169009,-98.5041401228889));
#13738=CARTESIAN_POINT('Ctrl Pts',(-43.4118328936637,590.878031724477,-98.5231087206971));
#13739=CARTESIAN_POINT('Ctrl Pts',(-43.4932439333647,590.840817838246,-98.5371558965491));
#13740=CARTESIAN_POINT('Ctrl Pts',(-43.4966112256715,590.83930099103,-98.5377310603552));
#13741=CARTESIAN_POINT('Ctrl Pts',(-43.4999992189461,590.837797292212,-98.5383037357414));
#13742=CARTESIAN_POINT('',(-43.4999992189461,588.85164982382,-98.5383037357414));
#13743=CARTESIAN_POINT('',(-43.4999992189461,570.723792668446,-98.5383037357414));
#13744=CARTESIAN_POINT('Ctrl Pts',(-43.4999992189462,588.851649823821,-98.5383037357414));
#13745=CARTESIAN_POINT('Ctrl Pts',(-43.6676264993985,588.834672178581,-98.5666379175979));
#13746=CARTESIAN_POINT('Ctrl Pts',(-43.8365230546255,588.826968068035,-98.5802638441916));
#13747=CARTESIAN_POINT('Ctrl Pts',(-43.9999992189461,588.826968068035,-98.5802638441916));
#13748=CARTESIAN_POINT('Ctrl Pts',(-44.330983747797,588.826968068035,-98.5802638441916));
#13749=CARTESIAN_POINT('Ctrl Pts',(-44.6836537724272,588.858340625551,-98.5211239206631));
#13750=CARTESIAN_POINT('Ctrl Pts',(-45.3256032166616,589.01164533984,-98.292976096308));
#13751=CARTESIAN_POINT('Ctrl Pts',(-45.6142770878795,589.136989748259,-98.1245707702631));
#13752=CARTESIAN_POINT('Ctrl Pts',(-46.0314123011356,589.462193892205,-97.8014817009201));
#13753=CARTESIAN_POINT('Ctrl Pts',(-46.2105255365946,589.693613492755,-97.6158042598001));
#13754=CARTESIAN_POINT('Ctrl Pts',(-46.4166776219978,590.129180291729,-97.3643296511624));
#13755=CARTESIAN_POINT('Ctrl Pts',(-46.4889158868996,590.374537540525,-97.2572777198313));
#13756=CARTESIAN_POINT('Ctrl Pts',(-46.5790070127493,590.895168112872,-97.1151250673085));
#13757=CARTESIAN_POINT('Ctrl Pts',(-46.5980754302994,591.170295738837,-97.0802638441916));
#13758=CARTESIAN_POINT('Ctrl Pts',(-46.5980754302994,591.425044279389,-97.0802638441916));
#13759=CARTESIAN_POINT('Origin',(-95.6499992189461,538.168792668446,-64.5802638441916));
#13760=CARTESIAN_POINT('',(-50.6499992189461,539.168792668446,-64.5802638441916));
#13761=CARTESIAN_POINT('',(-95.6499992189461,539.168792668446,-64.5802638441916));
#13762=CARTESIAN_POINT('',(-50.6499992189461,537.168792668446,-64.5802638441916));
#13763=CARTESIAN_POINT('Origin',(-50.6499992189461,538.168792668446,-64.5802638441916));
#13764=CARTESIAN_POINT('',(-95.6499992189461,537.168792668446,-64.5802638441916));
#13765=CARTESIAN_POINT('Origin',(-95.6499992189461,543.168792668446,-64.5802638441916));
#13766=CARTESIAN_POINT('',(-50.6499992189461,544.168792668446,-64.5802638441916));
#13767=CARTESIAN_POINT('',(-95.6499992189461,544.168792668446,-64.5802638441916));
#13768=CARTESIAN_POINT('',(-50.6499992189461,542.168792668446,-64.5802638441916));
#13769=CARTESIAN_POINT('Origin',(-50.6499992189461,543.168792668446,-64.5802638441916));
#13770=CARTESIAN_POINT('',(-95.6499992189461,542.168792668446,-64.5802638441916));
#13771=CARTESIAN_POINT('Origin',(-95.6499992189461,548.168792668446,-64.5802638441916));
#13772=CARTESIAN_POINT('',(-50.6499992189461,549.168792668446,-64.5802638441916));
#13773=CARTESIAN_POINT('',(-95.6499992189461,549.168792668446,-64.5802638441916));
#13774=CARTESIAN_POINT('',(-50.6499992189461,547.168792668446,-64.5802638441916));
#13775=CARTESIAN_POINT('Origin',(-50.6499992189461,548.168792668446,-64.5802638441916));
#13776=CARTESIAN_POINT('',(-95.6499992189461,547.168792668446,-64.5802638441916));
#13777=CARTESIAN_POINT('Origin',(-95.6499992189461,553.168792668446,-64.5802638441916));
#13778=CARTESIAN_POINT('',(-50.6499992189461,554.168792668446,-64.5802638441916));
#13779=CARTESIAN_POINT('',(-95.6499992189461,554.168792668446,-64.5802638441916));
#13780=CARTESIAN_POINT('',(-50.6499992189461,552.168792668446,-64.5802638441916));
#13781=CARTESIAN_POINT('Origin',(-50.6499992189461,553.168792668446,-64.5802638441916));
#13782=CARTESIAN_POINT('',(-95.6499992189461,552.168792668446,-64.5802638441916));
#13783=CARTESIAN_POINT('Origin',(-95.6499992189461,558.168792668446,-64.5802638441916));
#13784=CARTESIAN_POINT('',(-50.6499992189461,559.168792668446,-64.5802638441916));
#13785=CARTESIAN_POINT('',(-95.6499992189461,559.168792668446,-64.5802638441916));
#13786=CARTESIAN_POINT('',(-50.6499992189461,557.168792668446,-64.5802638441916));
#13787=CARTESIAN_POINT('Origin',(-50.6499992189461,558.168792668446,-64.5802638441916));
#13788=CARTESIAN_POINT('',(-95.6499992189461,557.168792668446,-64.5802638441916));
#13789=CARTESIAN_POINT('Origin',(-43.4999992189461,591.425044279389,-60.0802638441916));
#13790=CARTESIAN_POINT('',(-43.4999992189461,591.425044279389,-57.0802638441916));
#13791=CARTESIAN_POINT('Origin',(-43.4999992189461,591.425044279389,-60.0802638441916));
#13792=CARTESIAN_POINT('',(-43.4999992189461,591.425044279389,-57.0802638441916));
#13793=CARTESIAN_POINT('Origin',(-43.4999992189461,591.425044279389,-60.0802638441916));
#13794=CARTESIAN_POINT('Origin',(-43.4999992189461,591.425044279389,-100.080263844192));
#13795=CARTESIAN_POINT('Origin',(-43.4999992189461,591.425044279389,-100.080263844192));
#13796=CARTESIAN_POINT('',(-43.4999992189461,591.425044279389,-97.0802638441916));
#13797=CARTESIAN_POINT('Origin',(-43.4999992189461,504.140118396068,-103.096589571814));
#13798=CARTESIAN_POINT('',(-43.4999992189461,504.140118396068,-100.096589571814));
#13799=CARTESIAN_POINT('Origin',(-43.4999992189461,504.140118396068,-103.096589571814));
#13800=CARTESIAN_POINT('',(-43.4999992189461,504.140118396068,-100.096589571814));
#13801=CARTESIAN_POINT('Origin',(-43.4999992189461,458.107466940824,-103.096589571814));
#13802=CARTESIAN_POINT('',(-43.4999992189461,458.107466940824,-100.096589571814));
#13803=CARTESIAN_POINT('Origin',(-43.4999992189461,458.107466940824,-103.096589571814));
#13804=CARTESIAN_POINT('',(-43.4999992189461,458.107466940824,-100.096589571814));
#13805=CARTESIAN_POINT('Origin',(-43.4999992189461,458.107466940824,-57.0639381165695));
#13806=CARTESIAN_POINT('',(-43.4999992189461,458.107466940824,-54.0639381165695));
#13807=CARTESIAN_POINT('Origin',(-43.4999992189461,458.107466940824,-57.0639381165695));
#13808=CARTESIAN_POINT('',(-43.4999992189461,458.107466940824,-54.0639381165695));
#13809=CARTESIAN_POINT('Origin',(-43.4999992189461,504.140118396068,-57.0639381165695));
#13810=CARTESIAN_POINT('',(-43.4999992189461,504.140118396068,-54.0639381165695));
#13811=CARTESIAN_POINT('Origin',(-43.4999992189461,504.140118396068,-57.0639381165695));
#13812=CARTESIAN_POINT('',(-43.4999992189461,504.140118396068,-54.0639381165695));
#13813=CARTESIAN_POINT('Origin',(-65.2499992189461,481.123792668446,-80.0802638441916));
#13814=CARTESIAN_POINT('',(-65.2499992189461,481.123792668446,-84.2302638441916));
#13815=CARTESIAN_POINT('Origin',(-15.2499992189461,504.140118396068,-57.0639381165695));
#13816=CARTESIAN_POINT('',(-43.4999992189461,504.140118396068,-55.4139381165695));
#13817=CARTESIAN_POINT('',(-15.2499992189461,504.140118396068,-55.4139381165695));
#13818=CARTESIAN_POINT('Origin',(-43.4999992189461,504.140118396068,-57.0639381165695));
#13819=CARTESIAN_POINT('Origin',(-15.2499992189461,458.107466940824,-57.0639381165695));
#13820=CARTESIAN_POINT('',(-43.4999992189461,458.107466940824,-55.4139381165695));
#13821=CARTESIAN_POINT('',(-15.2499992189461,458.107466940824,-55.4139381165695));
#13822=CARTESIAN_POINT('Origin',(-43.4999992189461,458.107466940824,-57.0639381165695));
#13823=CARTESIAN_POINT('Origin',(-15.2499992189461,458.107466940824,-103.096589571814));
#13824=CARTESIAN_POINT('',(-43.4999992189461,458.107466940824,-101.446589571814));
#13825=CARTESIAN_POINT('',(-15.2499992189461,458.107466940824,-101.446589571814));
#13826=CARTESIAN_POINT('Origin',(-43.4999992189461,458.107466940824,-103.096589571814));
#13827=CARTESIAN_POINT('Origin',(-15.2499992189461,504.140118396068,-103.096589571814));
#13828=CARTESIAN_POINT('',(-43.4999992189461,504.140118396068,-101.446589571814));
#13829=CARTESIAN_POINT('',(-15.2499992189461,504.140118396068,-101.446589571814));
#13830=CARTESIAN_POINT('Origin',(-43.4999992189461,504.140118396068,-103.096589571814));
#13831=CARTESIAN_POINT('Origin',(-65.2499992189461,481.123792668446,-80.0802638441916));
#13832=CARTESIAN_POINT('',(-47.2499992189461,481.473618829472,-127.57897563364));
#13833=CARTESIAN_POINT('',(-47.2499992189461,478.32932520568,-127.497992085848));
#13834=CARTESIAN_POINT('Origin',(-47.2499992189461,481.123792668446,-80.0802638441916));
#13835=CARTESIAN_POINT('',(-47.2499992189461,481.473618829472,-127.57897563364));
#13836=CARTESIAN_POINT('',(-47.2499992189461,483.219674330619,-127.534002159083));
#13837=CARTESIAN_POINT('',(-47.2499992189461,483.219674330619,-127.534002159083));
#13838=CARTESIAN_POINT('',(-47.2499992189461,486.355629616236,-127.291257078307));
#13839=CARTESIAN_POINT('Origin',(-47.2499992189461,481.123792668446,-80.0802638441916));
#13840=CARTESIAN_POINT('',(-47.2499992189461,486.355629616236,-127.291257078307));
#13841=CARTESIAN_POINT('',(-47.2499992189461,488.087806588545,-127.066990801075));
#13842=CARTESIAN_POINT('',(-47.2499992189461,488.087806588545,-127.066990801075));
#13843=CARTESIAN_POINT('',(-47.2499992189461,491.182181629826,-126.503090249976));
#13844=CARTESIAN_POINT('Origin',(-47.2499992189461,481.123792668446,-80.0802638441916));
#13845=CARTESIAN_POINT('',(-47.2499992189461,491.182181629826,-126.503090249976));
#13846=CARTESIAN_POINT('',(-47.2499992189461,492.882118566474,-126.101908448397));
#13847=CARTESIAN_POINT('',(-47.2499992189461,492.882118566474,-126.101908448397));
#13848=CARTESIAN_POINT('',(-47.2499992189461,495.902112218191,-125.222829913098));
#13849=CARTESIAN_POINT('Origin',(-47.2499992189461,481.123792668446,-80.0802638441916));
#13850=CARTESIAN_POINT('',(-47.2499992189461,495.902112218191,-125.222829913098));
#13851=CARTESIAN_POINT('',(-47.2499992189461,497.551789364756,-124.648985214072));
#13852=CARTESIAN_POINT('',(-47.2499992189461,497.551789364756,-124.648985214072));
#13853=CARTESIAN_POINT('',(-47.2499992189461,497.489511013675,-124.671891567842));
#13854=CARTESIAN_POINT('Origin',(-47.2499992189461,481.123792668446,-80.0802638441916));
#13855=CARTESIAN_POINT('',(-47.2499992189461,497.489511013675,-124.671891567842));
#13856=CARTESIAN_POINT('',(-32.4999992189461,485.658131689979,-32.7971826243959));
#13857=CARTESIAN_POINT('',(-65.2499992189461,485.658131689979,-32.7971826243959));
#13858=CARTESIAN_POINT('',(-32.4999992189461,497.489511013675,-35.4886361205411));
#13859=CARTESIAN_POINT('Origin',(-32.4999992189461,481.123792668446,-80.0802638441916));
#13860=CARTESIAN_POINT('',(-47.2499992189461,497.489511013675,-35.4886361205411));
#13861=CARTESIAN_POINT('',(-47.2499992189461,497.489511013675,-35.4886361205411));
#13862=CARTESIAN_POINT('',(-47.2499992189461,497.551724137955,-35.5115184318164));
#13863=CARTESIAN_POINT('Origin',(-47.2499992189461,481.123792668446,-80.0802638441916));
#13864=CARTESIAN_POINT('',(-47.2499992189461,497.551724137955,-35.5115184318165));
#13865=CARTESIAN_POINT('',(-47.2499992189461,495.902046151564,-34.9376761471101));
#13866=CARTESIAN_POINT('',(-47.2499992189461,495.902046151564,-34.9376761471101));
#13867=CARTESIAN_POINT('',(-47.2499992189461,492.88205121331,-34.0586020316046));
#13868=CARTESIAN_POINT('Origin',(-47.2499992189461,481.123792668446,-80.0802638441916));
#13869=CARTESIAN_POINT('',(-47.2499992189461,492.88205121331,-34.0586020316046));
#13870=CARTESIAN_POINT('',(-47.2499992189461,491.18211368953,-33.657422717901));
#13871=CARTESIAN_POINT('',(-47.2499992189461,491.18211368953,-33.657422717901));
#13872=CARTESIAN_POINT('',(-47.2499992189461,488.087737822978,-33.0935266954528));
#13873=CARTESIAN_POINT('Origin',(-47.2499992189461,481.123792668446,-80.0802638441916));
#13874=CARTESIAN_POINT('',(-47.2499992189461,488.087737822978,-33.0935266954528));
#13875=CARTESIAN_POINT('',(-47.2499992189461,486.355560522455,-32.869262953279));
#13876=CARTESIAN_POINT('',(-47.2499992189461,486.355560522455,-32.869262953279));
#13877=CARTESIAN_POINT('',(-47.2499992189461,483.219604881581,-32.6265224620069));
#13878=CARTESIAN_POINT('Origin',(-47.2499992189461,481.123792668446,-80.0802638441916));
#13879=CARTESIAN_POINT('',(-47.2499992189461,483.219604881581,-32.6265224620069));
#13880=CARTESIAN_POINT('',(-47.2499992189461,481.473549314617,-32.5815515428201));
#13881=CARTESIAN_POINT('',(-47.2499992189461,481.473549314617,-32.5815515428201));
#13882=CARTESIAN_POINT('',(-47.2499992189461,478.329255809348,-32.6625396923183));
#13883=CARTESIAN_POINT('Origin',(-47.2499992189461,481.123792668446,-80.0802638441916));
#13884=CARTESIAN_POINT('',(-47.2499992189461,478.329255809348,-32.6625396923183));
#13885=CARTESIAN_POINT('',(-47.2499992189461,476.58783059932,-32.7973382990495));
#13886=CARTESIAN_POINT('',(-47.2499992189461,476.58783059932,-32.7973382990495));
#13887=CARTESIAN_POINT('',(-47.2499992189461,473.468529523021,-33.2011965947859));
#13888=CARTESIAN_POINT('Origin',(-47.2499992189461,481.123792668446,-80.0802638441916));
#13889=CARTESIAN_POINT('',(-47.2499992189461,473.468529523021,-33.2011965947859));
#13890=CARTESIAN_POINT('',(-47.2499992189461,471.750194210371,-33.5143358286696));
#13891=CARTESIAN_POINT('',(-47.2499992189461,471.750194210371,-33.5143358286696));
#13892=CARTESIAN_POINT('',(-47.2499992189461,468.688950930442,-34.2367832722412));
#13893=CARTESIAN_POINT('Origin',(-47.2499992189461,481.123792668446,-80.0802638441916));
#13894=CARTESIAN_POINT('',(-47.2499992189461,468.688950930442,-34.2367832722412));
#13895=CARTESIAN_POINT('',(-47.2499992189461,467.011920296955,-34.7249437794984));
#13896=CARTESIAN_POINT('',(-47.2499992189461,467.011920296955,-34.7249437794984));
#13897=CARTESIAN_POINT('',(-47.2499992189461,464.041184753711,-35.7583222482796));
#13898=CARTESIAN_POINT('Origin',(-47.2499992189461,481.123792668446,-80.0802638441916));
#13899=CARTESIAN_POINT('',(-47.2499992189461,464.041184753711,-35.7583222482796));
#13900=CARTESIAN_POINT('',(-47.2499992189461,462.423235741299,-36.4163294060933));
#13901=CARTESIAN_POINT('',(-47.2499992189461,462.423235741299,-36.4163294060933));
#13902=CARTESIAN_POINT('',(-47.2499992189461,459.574498470531,-37.7496848312404));
#13903=CARTESIAN_POINT('Origin',(-47.2499992189461,481.123792668446,-80.0802638441916));
#13904=CARTESIAN_POINT('',(-47.2499992189461,459.574498470531,-37.7496848312404));
#13905=CARTESIAN_POINT('',(-47.2499992189461,458.032781741224,-38.5705636000448));
#13906=CARTESIAN_POINT('',(-47.2499992189461,458.032781741224,-38.5705636000448));
#13907=CARTESIAN_POINT('',(-47.2499992189461,455.336240066684,-40.1897620823515));
#13908=CARTESIAN_POINT('Origin',(-47.2499992189461,481.123792668446,-80.0802638441916));
#13909=CARTESIAN_POINT('',(-47.2499992189461,455.336240066684,-40.1897620823515));
#13910=CARTESIAN_POINT('',(-47.2499992189461,453.887098201347,-41.1648109429866));
#13911=CARTESIAN_POINT('',(-47.2499992189461,453.887098201347,-41.1648109429866));
#13912=CARTESIAN_POINT('',(-47.2499992189461,451.371336135607,-43.052688575731));
#13913=CARTESIAN_POINT('Origin',(-47.2499992189461,481.123792668446,-80.0802638441916));
#13914=CARTESIAN_POINT('',(-47.2499992189461,451.371336135607,-43.052688575731));
#13915=CARTESIAN_POINT('',(-47.2499992189461,450.030130398516,-44.1715717677103));
#13916=CARTESIAN_POINT('',(-47.2499992189461,450.030130398516,-44.1715717677103));
#13917=CARTESIAN_POINT('',(-47.2499992189461,447.721815645321,-46.3081165783365));
#13918=CARTESIAN_POINT('Origin',(-47.2499992189461,481.123792668446,-80.0802638441916));
#13919=CARTESIAN_POINT('',(-47.2499992189461,447.721815645321,-46.3081165783365));
#13920=CARTESIAN_POINT('',(-47.2499992189461,446.502763150943,-47.5589736614796));
#13921=CARTESIAN_POINT('',(-47.2499992189461,446.502763150943,-47.5589736614796));
#13922=CARTESIAN_POINT('',(-47.2499992189461,444.426364420917,-49.9215377434849));
#13923=CARTESIAN_POINT('Origin',(-47.2499992189461,481.123792668446,-80.0802638441916));
#13924=CARTESIAN_POINT('',(-47.2499992189461,444.426364420917,-49.9215377434849));
#13925=CARTESIAN_POINT('',(-47.2499992189461,443.342387428956,-51.2911093215337));
#13926=CARTESIAN_POINT('',(-47.2499992189461,443.342387428956,-51.2911093215337));
#13927=CARTESIAN_POINT('',(-47.2499992189461,441.519915065186,-53.8546489079119));
#13928=CARTESIAN_POINT('Origin',(-47.2499992189461,481.123792668446,-80.0802638441916));
#13929=CARTESIAN_POINT('',(-47.2499992189461,441.519915065186,-53.8546489079119));
#13930=CARTESIAN_POINT('',(-47.2499992189461,440.58250400142,-55.3284171814296));
#13931=CARTESIAN_POINT('',(-47.2499992189461,440.58250400142,-55.3284171814296));
#13932=CARTESIAN_POINT('',(-47.2499992189461,439.033276664339,-58.0657581148312));
#13933=CARTESIAN_POINT('Origin',(-47.2499992189461,481.123792668446,-80.0802638441916));
#13934=CARTESIAN_POINT('',(-47.2499992189461,439.033276664339,-58.0657581148312));
#13935=CARTESIAN_POINT('',(-47.2499992189461,438.252368319244,-59.628100773488));
#13936=CARTESIAN_POINT('',(-47.2499992189461,438.252368319244,-59.628100773488));
#13937=CARTESIAN_POINT('',(-47.2499992189461,436.992808204028,-62.5102265590484));
#13938=CARTESIAN_POINT('Origin',(-47.2499992189461,481.123792668446,-80.0802638441916));
#13939=CARTESIAN_POINT('',(-47.2499992189461,436.992808204028,-62.5102265590484));
#13940=CARTESIAN_POINT('',(-47.2499992189461,436.376680400329,-64.1445823819973));
#13941=CARTESIAN_POINT('',(-47.2499992189461,436.376680400329,-64.1445823819973));
#13942=CARTESIAN_POINT('',(-47.2499992189461,435.420139157541,-67.1409417694008));
#13943=CARTESIAN_POINT('Origin',(-47.2499992189461,481.123792668446,-80.0802638441916));
#13944=CARTESIAN_POINT('',(-47.2499992189461,435.420139157541,-67.1409417694008));
#13945=CARTESIAN_POINT('',(-47.2499992189461,434.975323003231,-68.8299861783385));
#13946=CARTESIAN_POINT('',(-47.2499992189461,434.975323003231,-68.8299861783385));
#13947=CARTESIAN_POINT('',(-47.2499992189461,434.331940208005,-71.9088170126717));
#13948=CARTESIAN_POINT('Origin',(-47.2499992189461,481.123792668446,-80.0802638441916));
#13949=CARTESIAN_POINT('',(-47.2499992189461,434.331940208005,-71.9088170126717));
#13950=CARTESIAN_POINT('',(-47.2499992189461,434.063150864978,-73.6346457166785));
#13951=CARTESIAN_POINT('',(-47.2499992189461,434.063150864978,-73.6346457166785));
#13952=CARTESIAN_POINT('',(-47.2499992189461,433.739746534998,-76.7633116251743));
#13953=CARTESIAN_POINT('Origin',(-47.2499992189461,481.123792668446,-80.0802638441916));
#13954=CARTESIAN_POINT('',(-47.2499992189461,433.739746534998,-76.7633116251743));
#13955=CARTESIAN_POINT('',(-47.2499992189461,433.649833237156,-78.5076304106519));
#13956=CARTESIAN_POINT('',(-47.2499992189461,433.649833237156,-78.5076304106519));
#13957=CARTESIAN_POINT('',(-47.2499992189461,433.649835538773,-81.6529667563594));
#13958=CARTESIAN_POINT('Origin',(-47.2499992189461,481.123792668446,-80.0802638441916));
#13959=CARTESIAN_POINT('',(-47.2499992189461,433.649835538773,-81.6529667563594));
#13960=CARTESIAN_POINT('',(-47.2499992189461,433.739751389442,-83.3972854102454));
#13961=CARTESIAN_POINT('',(-47.2499992189461,433.739751389442,-83.3972854102454));
#13962=CARTESIAN_POINT('',(-47.2499992189461,434.063160298257,-86.5259508454323));
#13963=CARTESIAN_POINT('Origin',(-47.2499992189461,481.123792668446,-80.0802638441916));
#13964=CARTESIAN_POINT('',(-47.2499992189461,434.063160298257,-86.5259508454323));
#13965=CARTESIAN_POINT('',(-47.2499992189461,434.331952167052,-88.2517791560613));
#13966=CARTESIAN_POINT('',(-47.2499992189461,434.331952167052,-88.2517791560613));
#13967=CARTESIAN_POINT('',(-47.2499992189461,434.975339468178,-91.3306090487939));
#13968=CARTESIAN_POINT('Origin',(-47.2499992189461,481.123792668446,-80.0802638441916));
#13969=CARTESIAN_POINT('',(-47.2499992189461,434.975339468178,-91.3306090487939));
#13970=CARTESIAN_POINT('',(-47.2499992189461,435.420158094421,-93.0196528067367));
#13971=CARTESIAN_POINT('',(-47.2499992189461,435.420158094421,-93.0196528067367));
#13972=CARTESIAN_POINT('',(-47.2499992189461,436.376703722411,-96.016010794229));
#13973=CARTESIAN_POINT('Origin',(-47.2499992189461,481.123792668446,-80.0802638441916));
#13974=CARTESIAN_POINT('',(-47.2499992189461,436.376703722411,-96.016010794229));
#13975=CARTESIAN_POINT('',(-47.2499992189461,436.992833918006,-97.6503657154668));
#13976=CARTESIAN_POINT('',(-47.2499992189461,436.992833918006,-97.6503657154668));
#13977=CARTESIAN_POINT('',(-47.2499992189461,438.252398251241,-100.532489657645));
#13978=CARTESIAN_POINT('Origin',(-47.2499992189461,481.123792668446,-80.0802638441916));
#13979=CARTESIAN_POINT('',(-47.2499992189461,438.252398251241,-100.532489657645));
#13980=CARTESIAN_POINT('',(-47.2499992189461,439.03330888284,-102.094831173433));
#13981=CARTESIAN_POINT('',(-47.2499992189461,439.03330888284,-102.094831173433));
#13982=CARTESIAN_POINT('',(-47.2499992189461,440.582540226046,-104.832169839521));
#13983=CARTESIAN_POINT('Origin',(-47.2499992189461,481.123792668446,-80.0802638441916));
#13984=CARTESIAN_POINT('',(-47.2499992189461,440.582540226046,-104.832169839521));
#13985=CARTESIAN_POINT('',(-47.2499992189461,441.519953446686,-106.305936741127));
#13986=CARTESIAN_POINT('',(-47.2499992189461,441.519953446686,-106.305936741127));
#13987=CARTESIAN_POINT('',(-47.2499992189461,443.342429562221,-108.869473660295));
#13988=CARTESIAN_POINT('Origin',(-47.2499992189461,481.123792668446,-80.0802638441916));
#13989=CARTESIAN_POINT('',(-47.2499992189461,443.342429562221,-108.869473660295));
#13990=CARTESIAN_POINT('',(-47.2499992189461,444.426408558563,-110.239043651931));
#13991=CARTESIAN_POINT('',(-47.2499992189461,444.426408558563,-110.239043651931));
#13992=CARTESIAN_POINT('',(-47.2499992189461,446.502810746223,-112.601604695102));
#13993=CARTESIAN_POINT('Origin',(-47.2499992189461,481.123792668446,-80.0802638441916));
#13994=CARTESIAN_POINT('',(-47.2499992189461,446.502810746223,-112.601604695102));
#13995=CARTESIAN_POINT('',(-47.2499992189461,447.721865071242,-113.852459994148));
#13996=CARTESIAN_POINT('',(-47.2499992189461,447.721865071242,-113.852459994148));
#13997=CARTESIAN_POINT('',(-47.2499992189461,450.030182951291,-115.98900142653));
#13998=CARTESIAN_POINT('Origin',(-47.2499992189461,481.123792668446,-80.0802638441916));
#13999=CARTESIAN_POINT('',(-47.2499992189461,450.030182951291,-115.98900142653));
#14000=CARTESIAN_POINT('',(-47.2499992189461,451.371390325877,-117.10788265564));
#14001=CARTESIAN_POINT('',(-47.2499992189461,451.371390325877,-117.10788265564));
#14002=CARTESIAN_POINT('',(-47.2499992189461,453.887155154543,-118.995756606538));
#14003=CARTESIAN_POINT('Origin',(-47.2499992189461,481.123792668446,-80.0802638441916));
#14004=CARTESIAN_POINT('',(-47.2499992189461,453.887155154543,-118.995756606538));
#14005=CARTESIAN_POINT('',(-47.2499992189461,455.336298446872,-119.970803346338));
#14006=CARTESIAN_POINT('',(-47.2499992189461,455.336298446872,-119.970803346338));
#14007=CARTESIAN_POINT('',(-47.2499992189461,458.032842491123,-121.589997882227));
#14008=CARTESIAN_POINT('Origin',(-47.2499992189461,481.123792668446,-80.0802638441916));
#14009=CARTESIAN_POINT('',(-47.2499992189461,458.032842491123,-121.589997882227));
#14010=CARTESIAN_POINT('',(-47.2499992189461,459.574560421793,-122.410874394712));
#14011=CARTESIAN_POINT('',(-47.2499992189461,459.574560421793,-122.410874394712));
#14012=CARTESIAN_POINT('',(-47.2499992189461,462.423299643938,-123.744225650701));
#14013=CARTESIAN_POINT('Origin',(-47.2499992189461,481.123792668446,-80.0802638441916));
#14014=CARTESIAN_POINT('',(-47.2499992189461,462.423299643938,-123.744225650701));
#14015=CARTESIAN_POINT('',(-47.2499992189461,464.041249619348,-124.402230440629));
#14016=CARTESIAN_POINT('',(-47.2499992189461,464.041249619348,-124.402230440629));
#14017=CARTESIAN_POINT('',(-47.2499992189461,467.011986674949,-125.435604561707));
#14018=CARTESIAN_POINT('Origin',(-47.2499992189461,481.123792668446,-80.0802638441916));
#14019=CARTESIAN_POINT('',(-47.2499992189461,467.011986674949,-125.435604561707));
#14020=CARTESIAN_POINT('',(-47.2499992189461,468.689018022862,-125.923762614612));
#14021=CARTESIAN_POINT('',(-47.2499992189461,468.689018022862,-125.923762614612));
#14022=CARTESIAN_POINT('',(-47.2499992189461,471.750262360097,-126.646205578022));
#14023=CARTESIAN_POINT('Origin',(-47.2499992189461,481.123792668446,-80.0802638441916));
#14024=CARTESIAN_POINT('',(-47.2499992189461,471.750262360097,-126.646205578022));
#14025=CARTESIAN_POINT('',(-47.2499992189461,473.468598131028,-126.959342297104));
#14026=CARTESIAN_POINT('',(-47.2499992189461,473.468598131028,-126.959342297104));
#14027=CARTESIAN_POINT('',(-47.2499992189461,476.587899798374,-127.36319602771));
#14028=CARTESIAN_POINT('Origin',(-47.2499992189461,481.123792668446,-80.0802638441916));
#14029=CARTESIAN_POINT('',(-47.2499992189461,476.587899798374,-127.36319602771));
#14030=CARTESIAN_POINT('',(-47.2499992189461,478.32932520568,-127.497992085848));
#14031=CARTESIAN_POINT('Origin',(-27.2499992189461,591.425044279389,-100.080263844192));
#14032=CARTESIAN_POINT('',(-27.2499992189461,591.425044279389,-98.4302638441916));
#14033=CARTESIAN_POINT('Origin',(-43.4999992189461,591.425044279389,-100.080263844192));
#14034=CARTESIAN_POINT('Origin',(-27.2499992189461,591.425044279389,-60.0802638441916));
#14035=CARTESIAN_POINT('',(-43.4999992189461,591.425044279389,-58.4302638441916));
#14036=CARTESIAN_POINT('',(-27.2499992189461,591.425044279389,-58.4302638441916));
#14037=CARTESIAN_POINT('Origin',(-43.4999992189461,591.425044279389,-60.0802638441916));
#14038=CARTESIAN_POINT('Origin',(-43.4999992189461,591.425044279389,-60.0802638441916));
#14039=CARTESIAN_POINT('Origin',(-43.9999992189461,610.723792668446,-95.5802638441916));
#14040=CARTESIAN_POINT('',(-43.9999992189461,570.723792668446,-97.2302638441916));
#14041=CARTESIAN_POINT('Origin',(-43.9999992189461,570.723792668446,-95.5802638441916));
#14042=CARTESIAN_POINT('',(-43.9999992189461,565.723792668446,-97.2302638441916));
#14043=CARTESIAN_POINT('',(-43.9999992189461,610.723792668446,-97.2302638441916));
#14044=CARTESIAN_POINT('Origin',(-43.9999992189461,565.723792668446,-95.5802638441916));
#14045=CARTESIAN_POINT('Origin',(-43.9999992189461,610.723792668446,-64.5802638441916));
#14046=CARTESIAN_POINT('',(-43.9999992189461,570.723792668446,-66.2302638441916));
#14047=CARTESIAN_POINT('Origin',(-43.9999992189461,570.723792668446,-64.5802638441916));
#14048=CARTESIAN_POINT('',(-43.9999992189461,565.723792668446,-66.2302638441916));
#14049=CARTESIAN_POINT('',(-43.9999992189461,610.723792668446,-66.2302638441916));
#14050=CARTESIAN_POINT('Origin',(-43.9999992189461,565.723792668446,-64.5802638441916));
#14051=CARTESIAN_POINT('Origin',(-47.2499992189461,621.174732834843,-80.882751723072));
#14052=CARTESIAN_POINT('',(-32.4999992189461,621.174732834843,-80.882751723072));
#14053=CARTESIAN_POINT('',(-47.2499992189461,621.174732834843,-80.882751723072));
#14054=CARTESIAN_POINT('',(-37.6999992189461,517.878656723628,-42.9717228124395));
#14055=CARTESIAN_POINT('',(-37.6999992189461,522.009269337923,-44.4877123846915));
#14056=CARTESIAN_POINT('',(-37.6999992189461,621.174732834843,-80.882751723072));
#14057=CARTESIAN_POINT('',(-35.2999992189461,522.009269337923,-44.4877123846915));
#14058=CARTESIAN_POINT('',(-47.2499992189461,522.009269337923,-44.4877123846915));
#14059=CARTESIAN_POINT('',(-35.2999992189461,517.878656723628,-42.9717228124395));
#14060=CARTESIAN_POINT('',(-35.2999992189461,621.174732834843,-80.882751723072));
#14061=CARTESIAN_POINT('',(-47.2499992189461,517.878656723628,-42.9717228124395));
#14062=CARTESIAN_POINT('',(-35.2999992189461,502.670919555968,-37.3902817245154));
#14063=CARTESIAN_POINT('',(-35.2999992189461,498.540306941673,-35.8742921522633));
#14064=CARTESIAN_POINT('',(-35.2999992189461,621.174732834843,-80.882751723072));
#14065=CARTESIAN_POINT('',(-37.6999992189461,498.540306941673,-35.8742921522633));
#14066=CARTESIAN_POINT('',(-47.2499992189461,498.540306941673,-35.8742921522633));
#14067=CARTESIAN_POINT('',(-37.6999992189461,502.670919555968,-37.3902817245154));
#14068=CARTESIAN_POINT('',(-37.6999992189461,502.483696879503,-37.3215685209997));
#14069=CARTESIAN_POINT('',(-47.2499992189461,502.670919555968,-37.3902817245154));
#14070=CARTESIAN_POINT('Origin',(-18.4999992189461,520.471229036881,-48.132173894356));
#14071=CARTESIAN_POINT('',(-28.6999992189462,520.471229036881,-48.132173894356));
#14072=CARTESIAN_POINT('',(-35.4999992189461,520.471229036881,-48.132173894356));
#14073=CARTESIAN_POINT('',(-18.4999992189461,520.471229036881,-48.132173894356));
#14074=CARTESIAN_POINT('',(-28.6999992189461,518.060722824352,-47.2552546735936));
#14075=CARTESIAN_POINT('',(-28.6999992189462,518.060722824352,-47.2552546735936));
#14076=CARTESIAN_POINT('',(-32.4999992189461,518.060722824352,-47.2552546735936));
#14077=CARTESIAN_POINT('',(-30.4999992189461,518.060722824352,-47.2552546735936));
#14078=CARTESIAN_POINT('',(-32.4999992189461,516.712241441549,-46.7646899792265));
#14079=CARTESIAN_POINT('',(-32.4999992189461,619.829453873243,-84.2777505566105));
#14080=CARTESIAN_POINT('',(-35.4999992189461,516.712241441549,-46.7646899792265));
#14081=CARTESIAN_POINT('',(-18.4999992189461,516.712241441549,-46.7646899792265));
#14082=CARTESIAN_POINT('',(-35.4999992189461,520.471229036881,-48.132173894356));
#14083=CARTESIAN_POINT('Origin',(-18.4999992189461,497.353868999564,-39.7222983069651));
#14084=CARTESIAN_POINT('',(-32.4999992189461,499.764375211946,-40.5992175276737));
#14085=CARTESIAN_POINT('',(-28.6999992189461,499.764375211946,-40.5992175276737));
#14086=CARTESIAN_POINT('',(-65.2499992189461,499.764375211946,-40.5992175276737));
#14087=CARTESIAN_POINT('',(-28.6999992189461,497.353868999564,-39.7222983069651));
#14088=CARTESIAN_POINT('',(-28.6999992189461,497.353868999564,-39.7222983069651));
#14089=CARTESIAN_POINT('',(-35.4999992189461,497.353868999564,-39.7222983069651));
#14090=CARTESIAN_POINT('',(-18.4999992189461,497.353868999564,-39.7222983069651));
#14091=CARTESIAN_POINT('',(-35.4999992189461,501.112856594896,-41.0897822220946));
#14092=CARTESIAN_POINT('',(-35.4999992189461,497.353868999564,-39.7222983069651));
#14093=CARTESIAN_POINT('',(-32.4999992189461,501.112856594896,-41.0897822220946));
#14094=CARTESIAN_POINT('',(-18.4999992189461,501.112856594896,-41.0897822220946));
#14095=CARTESIAN_POINT('',(-32.4999992189461,619.829453873243,-84.2777505566105));
#14096=CARTESIAN_POINT('Origin',(-32.4999992189461,608.623792668446,-115.080263844192));
#14097=CARTESIAN_POINT('',(-32.4999992189461,498.92975633578,-39.6849919231571));
#14098=CARTESIAN_POINT('Origin',(-32.4999992189461,483.748936312492,-52.705848401152));
#14099=CARTESIAN_POINT('Origin',(-32.4999992189461,514.110576359067,-26.6641354451623));
#14100=CARTESIAN_POINT('',(-32.4999992189461,500.898550595685,-41.6788740452082));
#14101=CARTESIAN_POINT('',(-32.4999992189461,489.907195390099,-71.8922955096772));
#14102=CARTESIAN_POINT('',(-32.4999992189461,507.27315678342,-45.4590734218237));
#14103=CARTESIAN_POINT('Origin',(-32.4999992189461,514.110576359067,-26.6641354451623));
#14104=CARTESIAN_POINT('',(-32.4999992189461,509.184457337749,-46.1543863747763));
#14105=CARTESIAN_POINT('',(-32.4999992189461,493.8508863455,-40.5761791682843));
#14106=CARTESIAN_POINT('',(-32.4999992189461,516.497935442359,-47.3537818022822));
#14107=CARTESIAN_POINT('Origin',(-32.4999992189461,516.021876913396,-27.3594483981148));
#14108=CARTESIAN_POINT('',(-32.4999992189461,505.506580236752,-77.5672032668054));
#14109=CARTESIAN_POINT('Origin',(-32.4999992189461,516.021876913396,-27.3594483981148));
#14110=CARTESIAN_POINT('Origin',(-65.2499992189461,514.110576359067,-26.6641354451623));
#14111=CARTESIAN_POINT('',(-28.6999992189461,500.898550595685,-41.6788740452082));
#14112=CARTESIAN_POINT('',(-65.2499992189461,500.898550595685,-41.6788740452082));
#14113=CARTESIAN_POINT('Origin',(-21.4171830479385,514.11050180123,-26.6642213861753));
#14114=CARTESIAN_POINT('',(-32.4999992189461,507.27315678342,-45.4590734218237));
#14115=CARTESIAN_POINT('Origin',(-65.2499992189461,514.110576359067,-26.6641354451623));
#14116=CARTESIAN_POINT('Origin',(-17.8702437131569,513.325911834002,-34.0086560533857));
#14117=CARTESIAN_POINT('',(-65.2499992189461,498.92975633578,-39.6849919231571));
#14118=CARTESIAN_POINT('Origin',(-30.4999992189461,516.021876913396,-27.3594483981148));
#14119=CARTESIAN_POINT('Origin',(-17.8702437132058,511.903944431828,-33.4913578446879));
#14120=CARTESIAN_POINT('Origin',(-30.4999992189461,516.021876913396,-27.3594483981148));
#14121=CARTESIAN_POINT('',(-28.6999992189462,516.497935442359,-47.3537818022822));
#14122=CARTESIAN_POINT('Origin',(-21.4171127056819,516.021875295431,-27.3593660978189));
#14123=CARTESIAN_POINT('',(-30.4999992189461,516.497935442359,-47.3537818022822));
#14124=CARTESIAN_POINT('',(-32.4999992189461,509.184457337749,-46.1543863747763));
#14125=CARTESIAN_POINT('Origin',(-67.2499992189461,608.623792668446,-115.080263844192));
#14126=CARTESIAN_POINT('',(-67.2499992189461,537.168792668446,-115.080263844192));
#14127=CARTESIAN_POINT('',(-67.2499992189461,530.656133304719,-115.080263844192));
#14128=CARTESIAN_POINT('',(-67.2499992189461,536.152299413344,-82.4100143620577));
#14129=CARTESIAN_POINT('',(-67.2499992189461,531.156133304719,-80.0802638441916));
#14130=CARTESIAN_POINT('',(-67.2499992189461,531.156133304719,-80.0802638441916));
#14131=CARTESIAN_POINT('',(-67.2499992189461,536.152299413344,-77.7505133263255));
#14132=CARTESIAN_POINT('Origin',(-67.2499992189461,531.156133304719,-80.0802638441916));
#14133=CARTESIAN_POINT('',(-67.2499992189461,531.156133304719,-80.0802638441916));
#14134=CARTESIAN_POINT('Origin',(-67.2499992189461,608.623792668446,-115.080263844192));
#14135=CARTESIAN_POINT('',(-67.2499992189461,539.168792668446,-115.080263844192));
#14136=CARTESIAN_POINT('',(-67.2499992189461,542.168792668446,-115.080263844192));
#14137=CARTESIAN_POINT('Origin',(-50.6499992189461,608.623792668446,-115.080263844192));
#14138=CARTESIAN_POINT('',(-50.6499992189461,565.723792668446,-102.230263844192));
#14139=CARTESIAN_POINT('',(-50.6499992189461,608.623792668446,-102.230263844192));
#14140=CARTESIAN_POINT('',(-50.6499992189461,565.723792668446,-57.9302638441916));
#14141=CARTESIAN_POINT('',(-50.6499992189461,565.723792668446,-115.080263844192));
#14142=CARTESIAN_POINT('',(-50.6499992189461,608.623792668446,-57.9302638441916));
#14143=CARTESIAN_POINT('',(-50.6499992189461,552.168792668446,-95.5802638441916));
#14144=CARTESIAN_POINT('',(-50.6499992189461,554.168792668446,-95.5802638441916));
#14145=CARTESIAN_POINT('Origin',(-50.6499992189461,553.168792668446,-95.5802638441916));
#14146=CARTESIAN_POINT('',(-50.6499992189461,552.168792668446,-115.080263844192));
#14147=CARTESIAN_POINT('',(-50.6499992189461,554.168792668446,-115.080263844192));
#14148=CARTESIAN_POINT('',(-50.6499992189461,557.168792668446,-95.5802638441916));
#14149=CARTESIAN_POINT('',(-50.6499992189461,557.168792668446,-115.080263844192));
#14150=CARTESIAN_POINT('',(-50.6499992189461,559.168792668446,-95.5802638441916));
#14151=CARTESIAN_POINT('',(-50.6499992189461,559.168792668446,-115.080263844192));
#14152=CARTESIAN_POINT('Origin',(-50.6499992189461,558.168792668446,-95.5802638441916));
#14153=CARTESIAN_POINT('',(-50.6499992189461,549.168792668446,-95.5802638441916));
#14154=CARTESIAN_POINT('',(-50.6499992189461,549.168792668446,-115.080263844192));
#14155=CARTESIAN_POINT('',(-50.6499992189461,547.168792668446,-95.5802638441916));
#14156=CARTESIAN_POINT('Origin',(-50.6499992189461,548.168792668446,-95.5802638441916));
#14157=CARTESIAN_POINT('',(-50.6499992189461,547.168792668446,-115.080263844192));
#14158=CARTESIAN_POINT('',(-50.6499992189461,544.168792668446,-95.5802638441916));
#14159=CARTESIAN_POINT('',(-50.6499992189461,544.168792668446,-115.080263844192));
#14160=CARTESIAN_POINT('',(-50.6499992189461,542.168792668446,-95.5802638441916));
#14161=CARTESIAN_POINT('Origin',(-50.6499992189461,543.168792668446,-95.5802638441916));
#14162=CARTESIAN_POINT('',(-50.6499992189461,542.168792668446,-115.080263844192));
#14163=CARTESIAN_POINT('',(-50.6499992189461,537.168792668446,-95.5802638441916));
#14164=CARTESIAN_POINT('',(-50.6499992189461,539.168792668446,-95.5802638441916));
#14165=CARTESIAN_POINT('Origin',(-50.6499992189461,538.168792668446,-95.5802638441916));
#14166=CARTESIAN_POINT('',(-50.6499992189461,537.168792668446,-115.080263844192));
#14167=CARTESIAN_POINT('',(-50.6499992189461,539.168792668446,-115.080263844192));
#14168=CARTESIAN_POINT('Origin',(-67.2499992189461,608.623792668446,-115.080263844192));
#14169=CARTESIAN_POINT('',(-67.2499992189461,544.168792668446,-115.080263844192));
#14170=CARTESIAN_POINT('',(-67.2499992189461,547.168792668446,-115.080263844192));
#14171=CARTESIAN_POINT('Origin',(-67.2499992189461,608.623792668446,-115.080263844192));
#14172=CARTESIAN_POINT('',(-67.2499992189461,549.168792668446,-115.080263844192));
#14173=CARTESIAN_POINT('',(-67.2499992189461,552.168792668446,-115.080263844192));
#14174=CARTESIAN_POINT('Origin',(-67.2499992189461,608.623792668446,-115.080263844192));
#14175=CARTESIAN_POINT('',(-67.2499992189461,554.168792668446,-115.080263844192));
#14176=CARTESIAN_POINT('',(-67.2499992189461,557.168792668446,-115.080263844192));
#14177=CARTESIAN_POINT('Origin',(-28.4999992189461,591.623792668446,-80.0802638441916));
#14178=CARTESIAN_POINT('Origin',(-28.4999992189461,596.623792668446,-80.0802638441916));
#14179=CARTESIAN_POINT('Origin',(-28.4999992189461,601.623792668446,-80.0802638441916));
#14180=CARTESIAN_POINT('Origin',(-47.2499992189461,608.623792668446,-115.080263844192));
#14181=CARTESIAN_POINT('',(-47.2499992189461,526.307522582247,-90.8112647902526));
#14182=CARTESIAN_POINT('',(-47.2499992189461,380.804773170861,-111.704349319196));
#14183=CARTESIAN_POINT('',(-47.2499992189461,526.656133304719,-90.7549077189872));
#14184=CARTESIAN_POINT('Origin',(-47.2499992189461,524.886177319735,-80.9127912895186));
#14185=CARTESIAN_POINT('',(-47.2499992189461,526.656133304719,-113.080263844192));
#14186=CARTESIAN_POINT('',(-47.2499992189461,598.533544406416,-87.5873921811009));
#14187=CARTESIAN_POINT('',(-47.2499992189461,497.570390059097,-123.307245398191));
#14188=CARTESIAN_POINT('',(-47.2499992189461,499.983139070595,50.7336455021435));
#14189=CARTESIAN_POINT('',(-47.2499992189461,499.515607147794,-122.51614088423));
#14190=CARTESIAN_POINT('Origin',(-47.2499992189461,481.123792668446,-80.0802638441916));
#14191=CARTESIAN_POINT('',(-47.2499992189461,500.465388942914,-123.464047145737));
#14192=CARTESIAN_POINT('',(-47.2499992189461,395.616699913474,-18.8224027675936));
#14193=CARTESIAN_POINT('',(-47.2499992189461,502.047319311251,-122.723622445829));
#14194=CARTESIAN_POINT('Origin',(-47.2499992189461,481.123792668446,-80.0802638441916));
#14195=CARTESIAN_POINT('',(-47.2499992189461,501.92786239383,-121.387081475926));
#14196=CARTESIAN_POINT('',(-47.2499992189461,486.43276559041,51.979452313694));
#14197=CARTESIAN_POINT('',(-47.2499992189461,503.781427435035,-120.400160753582));
#14198=CARTESIAN_POINT('Origin',(-47.2499992189461,481.123792668446,-80.0802638441916));
#14199=CARTESIAN_POINT('',(-47.2499992189461,504.823639935503,-121.24538548276));
#14200=CARTESIAN_POINT('',(-47.2499992189461,389.771303782512,-27.9390015902668));
#14201=CARTESIAN_POINT('',(-47.2499992189461,506.321054670169,-120.346229467985));
#14202=CARTESIAN_POINT('Origin',(-47.2499992189461,481.123792668446,-80.0802638441916));
#14203=CARTESIAN_POINT('',(-47.2499992189461,506.064806414029,-119.029055010833));
#14204=CARTESIAN_POINT('',(-47.2499992189461,472.826115676534,51.8253932813667));
#14205=CARTESIAN_POINT('',(-47.2499992189461,507.807071157192,-117.85677968528));
#14206=CARTESIAN_POINT('Origin',(-47.2499992189461,481.123792668446,-80.0802638441916));
#14207=CARTESIAN_POINT('',(-47.2499992189461,508.930666651231,-118.590363289733));
#14208=CARTESIAN_POINT('',(-47.2499992189461,384.894266759576,-37.6083107640562));
#14209=CARTESIAN_POINT('',(-47.2499992189461,510.327692783525,-117.542007237532));
#14210=CARTESIAN_POINT('Origin',(-47.2499992189461,481.123792668446,-80.0802638441916));
#14211=CARTESIAN_POINT('',(-47.2499992189461,509.937369483928,-116.258161670051));
#14212=CARTESIAN_POINT('',(-47.2499992189461,459.307423202993,50.2731014692297));
#14213=CARTESIAN_POINT('',(-47.2499992189461,511.549865489347,-114.912958151368));
#14214=CARTESIAN_POINT('Origin',(-47.2499992189461,481.123792668446,-80.0802638441916));
#14215=CARTESIAN_POINT('',(-47.2499992189461,512.742933585202,-115.527124462394));
#14216=CARTESIAN_POINT('',(-47.2499992189461,381.037286650371,-47.7278332062778));
#14217=CARTESIAN_POINT('',(-47.2499992189461,514.024762290583,-114.340681207721));
#14218=CARTESIAN_POINT('Origin',(-47.2499992189461,481.123792668446,-80.0802638441916));
#14219=CARTESIAN_POINT('',(-47.2499992189461,513.504501471606,-113.103773612309));
#14220=CARTESIAN_POINT('',(-47.2499992189461,446.019989673061,47.3390315566567));
#14221=CARTESIAN_POINT('',(-47.2499992189461,514.970135880482,-111.599901392442));
#14222=CARTESIAN_POINT('Origin',(-47.2499992189461,481.123792668446,-80.0802638441916));
#14223=CARTESIAN_POINT('',(-47.2499992189461,516.220029759536,-112.088140094358));
#14224=CARTESIAN_POINT('',(-47.2499992189461,378.24124840356,-58.190299461602));
#14225=CARTESIAN_POINT('',(-47.2499992189461,517.373073334845,-110.776186230864));
#14226=CARTESIAN_POINT('Origin',(-47.2499992189461,481.123792668446,-80.0802638441916));
#14227=CARTESIAN_POINT('',(-47.2499992189461,516.728389890594,-109.59932813574));
#14228=CARTESIAN_POINT('',(-47.2499992189461,433.104665187682,43.0542854146319));
#14229=CARTESIAN_POINT('',(-47.2499992189461,518.031626613586,-107.952728634339));
#14230=CARTESIAN_POINT('Origin',(-47.2499992189461,481.123792668446,-80.0802638441916));
#14231=CARTESIAN_POINT('',(-47.2499992189461,519.325097089785,-108.309864275444));
#14232=CARTESIAN_POINT('',(-47.2499992189461,376.535790720133,-68.8848047849661));
#14233=CARTESIAN_POINT('',(-47.2499992189461,520.33713298628,-106.886306840458));
#14234=CARTESIAN_POINT('Origin',(-47.2499992189461,481.123792668446,-80.0802638441916));
#14235=CARTESIAN_POINT('',(-47.2499992189461,519.574860721643,-105.781973234199));
#14236=CARTESIAN_POINT('',(-47.2499992189461,420.698355399358,37.4642824181805));
#14237=CARTESIAN_POINT('',(-47.2499992189461,520.701885125279,-104.010100815603));
#14238=CARTESIAN_POINT('Origin',(-47.2499992189461,481.123792668446,-80.0802638441916));
#14239=CARTESIAN_POINT('',(-47.2499992189461,522.025221089798,-104.232347669258));
#14240=CARTESIAN_POINT('',(-47.2499992189461,375.9389918758,-79.6979847594615));
#14241=CARTESIAN_POINT('',(-47.2499992189461,522.885521475211,-102.712276725731));
#14242=CARTESIAN_POINT('Origin',(-47.2499992189461,481.123792668446,-80.0802638441916));
#14243=CARTESIAN_POINT('',(-47.2499992189461,522.013740665825,-101.692173819288));
#14244=CARTESIAN_POINT('',(-47.2499992189461,408.932570278171,30.6282779896945));
#14245=CARTESIAN_POINT('',(-47.2499992189461,522.952606011056,-99.813810771926));
#14246=CARTESIAN_POINT('Origin',(-47.2499992189461,481.123792668446,-80.0802638441916));
#14247=CARTESIAN_POINT('',(-47.2499992189461,524.291779773462,-99.8988129661925));
#14248=CARTESIAN_POINT('',(-47.2499992189461,376.457178086779,-90.515216987355));
#14249=CARTESIAN_POINT('',(-47.2499992189461,524.991225249691,-98.2983416442749));
#14250=CARTESIAN_POINT('Origin',(-47.2499992189461,481.123792668446,-80.0802638441916));
#14251=CARTESIAN_POINT('',(-47.2499992189461,524.019176989008,-97.373282782228));
#14252=CARTESIAN_POINT('',(-47.2499992189461,397.932030073391,22.6187354767144));
#14253=CARTESIAN_POINT('',(-47.2499992189461,523.048142261326,-93.4981217661552));
#14254=CARTESIAN_POINT('',(-47.2499992189461,524.019176989008,-97.373282782228));
#14255=CARTESIAN_POINT('',(-47.2499992189461,522.039095237677,-93.207735636898));
#14256=CARTESIAN_POINT('',(-47.2499992189461,607.814508083898,-117.892402989446));
#14257=CARTESIAN_POINT('',(-47.2499992189461,521.918122338829,-91.8201602127338));
#14258=CARTESIAN_POINT('',(-47.2499992189461,524.584775616991,-122.407032055839));
#14259=CARTESIAN_POINT('',(-47.2499992189461,520.236377299414,-91.3361833306384));
#14260=CARTESIAN_POINT('',(-47.2499992189461,608.17403376774,-116.643106674452));
#14261=CARTESIAN_POINT('',(-47.2499992189461,519.396353032882,-92.4472005364624));
#14262=CARTESIAN_POINT('',(-47.2499992189461,540.963106512001,-63.9229838635568));
#14263=CARTESIAN_POINT('',(-47.2499992189461,517.378258985583,-91.8664282779479));
#14264=CARTESIAN_POINT('',(-47.2499992189461,607.814508083898,-117.892402989446));
#14265=CARTESIAN_POINT('',(-47.2499992189461,517.257286086736,-90.4788528537838));
#14266=CARTESIAN_POINT('',(-47.2499992189461,520.075155488457,-122.800193977094));
#14267=CARTESIAN_POINT('',(-47.2499992189461,515.575541047321,-89.9948759716884));
#14268=CARTESIAN_POINT('',(-47.2499992189461,608.17403376774,-116.643106674452));
#14269=CARTESIAN_POINT('',(-47.2499992189461,514.735516780788,-91.1058931775124));
#14270=CARTESIAN_POINT('',(-47.2499992189461,537.352300593074,-61.1929049973263));
#14271=CARTESIAN_POINT('',(-47.2499992189461,512.71742273349,-90.5251209189979));
#14272=CARTESIAN_POINT('',(-47.2499992189461,607.814508083898,-117.892402989446));
#14273=CARTESIAN_POINT('',(-47.2499992189461,512.596449834642,-89.1375454948337));
#14274=CARTESIAN_POINT('',(-47.2499992189461,515.565535359924,-123.193355898349));
#14275=CARTESIAN_POINT('',(-47.2499992189461,510.914704795227,-88.6535686127383));
#14276=CARTESIAN_POINT('',(-47.2499992189461,608.17403376774,-116.643106674452));
#14277=CARTESIAN_POINT('',(-47.2499992189461,510.074680528695,-89.7645858185623));
#14278=CARTESIAN_POINT('',(-47.2499992189461,533.741494674147,-58.4628261310962));
#14279=CARTESIAN_POINT('',(-47.2499992189461,508.056586481397,-89.1838135600479));
#14280=CARTESIAN_POINT('',(-47.2499992189461,607.814508083898,-117.892402989446));
#14281=CARTESIAN_POINT('',(-47.2499992189461,507.935613582549,-87.7962381358837));
#14282=CARTESIAN_POINT('',(-47.2499992189461,511.05591523139,-123.586517819603));
#14283=CARTESIAN_POINT('',(-47.2499992189461,506.253868543134,-87.3122612537883));
#14284=CARTESIAN_POINT('',(-47.2499992189461,608.17403376774,-116.643106674452));
#14285=CARTESIAN_POINT('',(-47.2499992189461,505.413844276602,-88.4232784596122));
#14286=CARTESIAN_POINT('',(-47.2499992189461,530.130688755219,-55.7327472648663));
#14287=CARTESIAN_POINT('',(-47.2499992189461,503.395750229304,-87.8425062010978));
#14288=CARTESIAN_POINT('',(-47.2499992189461,607.814508083898,-117.892402989446));
#14289=CARTESIAN_POINT('',(-47.2499992189461,503.274777330456,-86.4549307769336));
#14290=CARTESIAN_POINT('',(-47.2499992189461,506.546295102857,-123.97967974086));
#14291=CARTESIAN_POINT('',(-47.2499992189461,502.313780165076,-86.1783725585934));
#14292=CARTESIAN_POINT('',(-47.2499992189461,608.17403376774,-116.643106674452));
#14293=CARTESIAN_POINT('',(-47.2499992189461,502.687133759835,-84.8810263853303));
#14294=CARTESIAN_POINT('',(-47.2499992189461,502.763539065782,-84.6155297283317));
#14295=CARTESIAN_POINT('',(-47.2499992189461,608.547387362499,-115.34576050119));
#14296=CARTESIAN_POINT('Origin',(-67.2499992189461,530.656133304719,-115.080263844192));
#14297=CARTESIAN_POINT('',(-51.2499992189461,530.656133304719,-71.0802638441916));
#14298=CARTESIAN_POINT('',(-47.2499992189461,530.656133304719,-71.0802638441916));
#14299=CARTESIAN_POINT('',(-51.2499992189461,530.656133304719,-47.0802638441916));
#14300=CARTESIAN_POINT('',(-51.2499992189461,530.656133304719,-89.0802638441916));
#14301=CARTESIAN_POINT('',(-51.2499992189461,530.656133304719,-89.0802638441916));
#14302=CARTESIAN_POINT('',(-47.2499992189461,530.656133304719,-89.0802638441916));
#14303=CARTESIAN_POINT('Origin',(-47.2499992189461,608.623792668446,-115.080263844192));
#14304=CARTESIAN_POINT('',(-47.2499992189461,526.656133304719,-69.4055602258423));
#14305=CARTESIAN_POINT('',(-47.2499992189461,526.656133304719,-71.0802638441916));
#14306=CARTESIAN_POINT('',(-47.2499992189461,526.307394513756,-69.3491806526822));
#14307=CARTESIAN_POINT('Origin',(-47.2499992189461,524.886063873648,-79.2476562530709));
#14308=CARTESIAN_POINT('',(-47.2499992189461,526.104686462728,-69.3200736289792));
#14309=CARTESIAN_POINT('',(-47.2499992189461,353.814181734476,-44.5807316074338));
#14310=CARTESIAN_POINT('',(-47.2499992189461,522.366537896295,-69.6627007574747));
#14311=CARTESIAN_POINT('Origin',(-47.2499992189461,525.132134139869,-79.2726683649917));
#14312=CARTESIAN_POINT('',(-47.2499992189461,502.663500508199,-75.3329223870357));
#14313=CARTESIAN_POINT('',(-47.2499992189461,589.955629462067,-50.2116323069738));
#14314=CARTESIAN_POINT('',(-47.2499992189461,502.277784577765,-73.992480518548));
#14315=CARTESIAN_POINT('',(-47.2499992189461,521.329061178818,-140.199569179361));
#14316=CARTESIAN_POINT('',(-47.2499992189461,503.238781338516,-73.7159208941906));
#14317=CARTESIAN_POINT('',(-47.2499992189461,589.569874765115,-48.8712015948748));
#14318=CARTESIAN_POINT('',(-47.2499992189461,503.359752207228,-72.3283452930347));
#14319=CARTESIAN_POINT('',(-47.2499992189461,500.454728042984,-105.649926711919));
#14320=CARTESIAN_POINT('',(-47.2499992189461,505.377845404806,-71.747570081884));
#14321=CARTESIAN_POINT('',(-47.2499992189461,589.21034725345,-47.6219058058976));
#14322=CARTESIAN_POINT('',(-47.2499992189461,506.217871296847,-72.8585860586825));
#14323=CARTESIAN_POINT('',(-47.2499992189461,563.778083919129,-148.987567864148));
#14324=CARTESIAN_POINT('',(-47.2499992189461,507.899615628162,-72.374606716057));
#14325=CARTESIAN_POINT('',(-47.2499992189461,589.569874765115,-48.8712015948748));
#14326=CARTESIAN_POINT('',(-47.2499992189461,508.020586496873,-70.987031114901));
#14327=CARTESIAN_POINT('',(-47.2499992189461,504.964348746741,-106.04308203523));
#14328=CARTESIAN_POINT('',(-47.2499992189461,510.038679694452,-70.4062559037504));
#14329=CARTESIAN_POINT('',(-47.2499992189461,589.21034725345,-47.6219058058976));
#14330=CARTESIAN_POINT('',(-47.2499992189461,510.878705586492,-71.5172718805489));
#14331=CARTESIAN_POINT('',(-47.2499992189461,567.388885843724,-146.257483715016));
#14332=CARTESIAN_POINT('',(-47.2499992189461,512.560449917808,-71.0332925379233));
#14333=CARTESIAN_POINT('',(-47.2499992189461,589.569874765115,-48.8712015948748));
#14334=CARTESIAN_POINT('',(-47.2499992189461,512.681420786519,-69.6457169367674));
#14335=CARTESIAN_POINT('',(-47.2499992189461,509.473969450498,-106.436237358541));
#14336=CARTESIAN_POINT('',(-47.2499992189461,514.699513984098,-69.0649417256168));
#14337=CARTESIAN_POINT('',(-47.2499992189461,589.21034725345,-47.6219058058976));
#14338=CARTESIAN_POINT('',(-47.2499992189461,515.539539876138,-70.1759577024153));
#14339=CARTESIAN_POINT('',(-47.2499992189461,570.999687768319,-143.527399565884));
#14340=CARTESIAN_POINT('',(-47.2499992189461,517.221284207454,-69.6919783597897));
#14341=CARTESIAN_POINT('',(-47.2499992189461,589.569874765115,-48.8712015948748));
#14342=CARTESIAN_POINT('',(-47.2499992189461,517.342255076165,-68.3044027586338));
#14343=CARTESIAN_POINT('',(-47.2499992189461,513.983590154255,-106.829392681853));
#14344=CARTESIAN_POINT('',(-47.2499992189461,519.360348273743,-67.7236275474832));
#14345=CARTESIAN_POINT('',(-47.2499992189461,589.21034725345,-47.6219058058976));
#14346=CARTESIAN_POINT('',(-47.2499992189461,520.200374165784,-68.8346435242816));
#14347=CARTESIAN_POINT('',(-47.2499992189461,574.610489692914,-140.797315416753));
#14348=CARTESIAN_POINT('',(-47.2499992189461,521.882118497099,-68.3506641816561));
#14349=CARTESIAN_POINT('',(-47.2499992189461,589.569874765115,-48.8712015948748));
#14350=CARTESIAN_POINT('',(-47.2499992189461,522.003089365811,-66.9630885805002));
#14351=CARTESIAN_POINT('',(-47.2499992189461,518.493210858011,-107.222548005164));
#14352=CARTESIAN_POINT('',(-47.2499992189461,523.0121359646,-66.6727009749249));
#14353=CARTESIAN_POINT('',(-47.2499992189461,589.21034725345,-47.6219058058976));
#14354=CARTESIAN_POINT('',(-47.2499992189461,524.019151687859,-62.7871821467147));
#14355=CARTESIAN_POINT('',(-47.2499992189461,524.019151687859,-62.7871821467147));
#14356=CARTESIAN_POINT('',(-47.2499992189461,524.9911985873,-61.8621218436879));
#14357=CARTESIAN_POINT('',(-47.2499992189461,417.684611321655,-163.981746102469));
#14358=CARTESIAN_POINT('',(-47.2499992189461,524.291750768765,-60.2616515454176));
#14359=CARTESIAN_POINT('Origin',(-47.2499992189461,481.123792668446,-80.0802638441916));
#14360=CARTESIAN_POINT('',(-47.2499992189461,522.952577139216,-60.3466557175));
#14361=CARTESIAN_POINT('',(-47.2499992189461,349.244553572909,-71.3727888502817));
#14362=CARTESIAN_POINT('',(-47.2499992189461,522.013709045787,-58.4682940437773));
#14363=CARTESIAN_POINT('Origin',(-47.2499992189461,481.123792668446,-80.0802638441916));
#14364=CARTESIAN_POINT('',(-47.2499992189461,522.885488352983,-57.4481898439558));
#14365=CARTESIAN_POINT('',(-47.2499992189461,426.6476809408,-170.059937694035));
#14366=CARTESIAN_POINT('',(-47.2499992189461,522.02518574293,-55.9281201594888));
#14367=CARTESIAN_POINT('Origin',(-47.2499992189461,481.123792668446,-80.0802638441916));
#14368=CARTESIAN_POINT('',(-47.2499992189461,520.701850113926,-56.150368966816));
#14369=CARTESIAN_POINT('',(-47.2499992189461,349.048218682546,-84.9788944163518));
#14370=CARTESIAN_POINT('',(-47.2499992189461,519.574823117897,-54.3784981971517));
#14371=CARTESIAN_POINT('Origin',(-47.2499992189461,481.123792668446,-80.0802638441916));
#14372=CARTESIAN_POINT('',(-47.2499992189461,520.337093755318,-53.2741634588258));
#14373=CARTESIAN_POINT('',(-47.2499992189461,436.188210896325,-175.184322358475));
#14374=CARTESIAN_POINT('',(-47.2499992189461,519.325055775433,-51.8506075049664));
#14375=CARTESIAN_POINT('Origin',(-47.2499992189461,481.123792668446,-80.0802638441916));
#14376=CARTESIAN_POINT('',(-47.2499992189461,518.031585833848,-52.2077450548919));
#14377=CARTESIAN_POINT('',(-47.2499992189461,350.251917732983,-98.5330732797207));
#14378=CARTESIAN_POINT('',(-47.2499992189461,516.728346701748,-50.561147460234));
#14379=CARTESIAN_POINT('Origin',(-47.2499992189461,481.123792668446,-80.0802638441916));
#14380=CARTESIAN_POINT('',(-47.2499992189461,517.373028411008,-49.3842884063562));
#14381=CARTESIAN_POINT('',(-47.2499992189461,446.205069197297,-179.300580343549));
#14382=CARTESIAN_POINT('',(-47.2499992189461,516.219982915642,-48.0723362303547));
#14383=CARTESIAN_POINT('Origin',(-47.2499992189461,481.123792668446,-80.0802638441916));
#14384=CARTESIAN_POINT('',(-47.2499992189461,514.970089764635,-48.5605767760037));
#14385=CARTESIAN_POINT('',(-47.2499992189461,352.842891214839,-111.891647772552));
#14386=CARTESIAN_POINT('',(-47.2499992189461,513.504453155473,-47.0567067004812));
#14387=CARTESIAN_POINT('Origin',(-47.2499992189461,481.123792668446,-80.0802638441916));
#14388=CARTESIAN_POINT('',(-47.2499992189461,514.024712150074,-45.8197983297909));
#14389=CARTESIAN_POINT('',(-47.2499992189461,456.592074653822,-182.365078290609));
#14390=CARTESIAN_POINT('',(-47.2499992189461,512.742881708323,-44.633356951088));
#14391=CARTESIAN_POINT('Origin',(-47.2499992189461,481.123792668446,-80.0802638441916));
#14392=CARTESIAN_POINT('',(-47.2499992189461,511.549814526231,-45.2475250212168));
#14393=CARTESIAN_POINT('',(-47.2499992189461,356.79367416465,-124.913013681999));
#14394=CARTESIAN_POINT('',(-47.2499992189461,509.937316552671,-43.9023238617492));
#14395=CARTESIAN_POINT('Origin',(-47.2499992189461,481.123792668446,-80.0802638441916));
#14396=CARTESIAN_POINT('',(-47.2499992189461,510.327637957846,-42.6184777106823));
#14397=CARTESIAN_POINT('',(-47.2499992189461,467.239122424078,-184.345331759061));
#14398=CARTESIAN_POINT('',(-47.2499992189461,508.930610291274,-41.5701237030444));
#14399=CARTESIAN_POINT('Origin',(-47.2499992189461,481.123792668446,-80.0802638441916));
#14400=CARTESIAN_POINT('',(-47.2499992189461,507.807015887028,-42.3037089633225));
#14401=CARTESIAN_POINT('',(-47.2499992189461,362.062387300306,-137.459141290085));
#14402=CARTESIAN_POINT('',(-47.2499992189461,506.064749428732,-41.1314361868469));
#14403=CARTESIAN_POINT('Origin',(-47.2499992189461,481.123792668446,-80.0802638441916));
#14404=CARTESIAN_POINT('',(-47.2499992189461,506.320995740486,-39.8142613439882));
#14405=CARTESIAN_POINT('',(-47.2499992189461,478.033351153025,-185.220349569508));
#14406=CARTESIAN_POINT('',(-47.2499992189461,504.823579689898,-38.9151075206962));
#14407=CARTESIAN_POINT('Origin',(-47.2499992189461,481.123792668446,-80.0802638441916));
#14408=CARTESIAN_POINT('',(-47.2499992189461,503.781368443701,-39.76033378487));
#14409=CARTESIAN_POINT('',(-47.2499992189461,368.593180951868,-149.397038523055));
#14410=CARTESIAN_POINT('',(-47.2499992189461,501.927801958552,-38.7734157744443));
#14411=CARTESIAN_POINT('Origin',(-47.2499992189461,481.123792668446,-80.0802638441916));
#14412=CARTESIAN_POINT('',(-47.2499992189461,502.047256902233,-37.4368746208029));
#14413=CARTESIAN_POINT('',(-47.2499992189461,488.860339330847,-184.980856315482));
#14414=CARTESIAN_POINT('',(-47.2499992189461,500.465325450279,-36.6964522360669));
#14415=CARTESIAN_POINT('Origin',(-47.2499992189461,481.123792668446,-80.0802638441916));
#14416=CARTESIAN_POINT('',(-47.2499992189461,499.515545060612,-37.6443598954685));
#14417=CARTESIAN_POINT('',(-47.2499992189461,376.316827081959,-160.600160700437));
#14418=CARTESIAN_POINT('',(-47.2499992189461,497.570326814466,-36.8532582275197));
#14419=CARTESIAN_POINT('Origin',(-47.2499992189461,481.123792668446,-80.0802638441916));
#14420=CARTESIAN_POINT('',(-47.2499992189461,499.605318189421,-183.629390685053));
#14421=CARTESIAN_POINT('Origin',(-65.2499992189461,481.123792668446,-80.0802638441916));
#14422=CARTESIAN_POINT('',(-47.2499992189461,500.465388942914,-123.464047145737));
#14423=CARTESIAN_POINT('',(-47.2499992189461,502.047319311251,-122.723622445829));
#14424=CARTESIAN_POINT('Origin',(-65.2499992189461,481.123792668446,-80.0802638441916));
#14425=CARTESIAN_POINT('',(-47.2499992189461,504.823639935503,-121.24538548276));
#14426=CARTESIAN_POINT('',(-47.2499992189461,506.321054670169,-120.346229467985));
#14427=CARTESIAN_POINT('Origin',(-65.2499992189461,481.123792668446,-80.0802638441916));
#14428=CARTESIAN_POINT('',(-47.2499992189461,508.930666651231,-118.590363289733));
#14429=CARTESIAN_POINT('',(-47.2499992189461,510.327692783525,-117.542007237532));
#14430=CARTESIAN_POINT('Origin',(-65.2499992189461,481.123792668446,-80.0802638441916));
#14431=CARTESIAN_POINT('',(-47.2499992189461,512.742933585202,-115.527124462394));
#14432=CARTESIAN_POINT('',(-47.2499992189461,514.024762290583,-114.340681207721));
#14433=CARTESIAN_POINT('Origin',(-65.2499992189461,481.123792668446,-80.0802638441916));
#14434=CARTESIAN_POINT('',(-47.2499992189461,516.220029759536,-112.088140094358));
#14435=CARTESIAN_POINT('',(-47.2499992189461,517.373073334845,-110.776186230864));
#14436=CARTESIAN_POINT('Origin',(-65.2499992189461,481.123792668446,-80.0802638441916));
#14437=CARTESIAN_POINT('',(-47.2499992189461,519.325097089785,-108.309864275444));
#14438=CARTESIAN_POINT('',(-47.2499992189461,520.33713298628,-106.886306840458));
#14439=CARTESIAN_POINT('Origin',(-65.2499992189461,481.123792668446,-80.0802638441916));
#14440=CARTESIAN_POINT('',(-47.2499992189461,522.025221089798,-104.232347669258));
#14441=CARTESIAN_POINT('',(-47.2499992189461,522.885521475211,-102.712276725731));
#14442=CARTESIAN_POINT('Origin',(-65.2499992189461,481.123792668446,-80.0802638441916));
#14443=CARTESIAN_POINT('',(-47.2499992189461,524.291779773462,-99.8988129661925));
#14444=CARTESIAN_POINT('',(-47.2499992189461,524.991225249691,-98.2983416442749));
#14445=CARTESIAN_POINT('Origin',(-65.2499992189461,481.123792668446,-80.0802638441916));
#14446=CARTESIAN_POINT('',(-47.2499992189461,524.9911985873,-61.8621218436879));
#14447=CARTESIAN_POINT('',(-47.2499992189461,524.291750768765,-60.2616515454176));
#14448=CARTESIAN_POINT('Origin',(-65.2499992189461,481.123792668446,-80.0802638441916));
#14449=CARTESIAN_POINT('',(-47.2499992189461,522.885488352983,-57.4481898439558));
#14450=CARTESIAN_POINT('',(-47.2499992189461,522.02518574293,-55.9281201594888));
#14451=CARTESIAN_POINT('Origin',(-65.2499992189461,481.123792668446,-80.0802638441916));
#14452=CARTESIAN_POINT('',(-47.2499992189461,520.337093755318,-53.2741634588258));
#14453=CARTESIAN_POINT('',(-47.2499992189461,519.325055775433,-51.8506075049664));
#14454=CARTESIAN_POINT('Origin',(-65.2499992189461,481.123792668446,-80.0802638441916));
#14455=CARTESIAN_POINT('',(-47.2499992189461,517.373028411007,-49.3842884063563));
#14456=CARTESIAN_POINT('',(-47.2499992189461,516.219982915642,-48.0723362303547));
#14457=CARTESIAN_POINT('Origin',(-65.2499992189461,481.123792668446,-80.0802638441916));
#14458=CARTESIAN_POINT('',(-47.2499992189461,514.024712150074,-45.8197983297909));
#14459=CARTESIAN_POINT('',(-47.2499992189461,512.742881708323,-44.633356951088));
#14460=CARTESIAN_POINT('Origin',(-65.2499992189461,481.123792668446,-80.0802638441916));
#14461=CARTESIAN_POINT('',(-47.2499992189461,510.327637957846,-42.6184777106823));
#14462=CARTESIAN_POINT('',(-47.2499992189461,508.930610291274,-41.5701237030444));
#14463=CARTESIAN_POINT('Origin',(-65.2499992189461,481.123792668446,-80.0802638441916));
#14464=CARTESIAN_POINT('',(-47.2499992189461,506.320995740486,-39.8142613439882));
#14465=CARTESIAN_POINT('',(-47.2499992189461,504.823579689898,-38.9151075206962));
#14466=CARTESIAN_POINT('Origin',(-65.2499992189461,481.123792668446,-80.0802638441916));
#14467=CARTESIAN_POINT('',(-47.2499992189461,502.047256902233,-37.4368746208029));
#14468=CARTESIAN_POINT('',(-47.2499992189461,500.465325450279,-36.6964522360669));
#14469=CARTESIAN_POINT('Origin',(-47.2499992189461,598.533544406416,-87.5873921811009));
#14470=CARTESIAN_POINT('Origin',(-43.4999992189461,608.623792668446,-115.080263844192));
#14471=CARTESIAN_POINT('Origin',(-43.4999992189461,608.623792668446,-115.080263844192));
#14472=CARTESIAN_POINT('Origin',(-43.4999992189461,608.623792668446,-115.080263844192));
#14473=CARTESIAN_POINT('Origin',(-43.4999992189461,608.623792668446,-115.080263844192));
#14474=CARTESIAN_POINT('Origin',(-47.2499992189461,481.123792668446,-80.0802638441916));
#14475=CARTESIAN_POINT('',(-47.2499992189461,434.885713123551,-81.1302638441916));
#14476=CARTESIAN_POINT('',(-47.2499992189461,434.885713123551,-81.1302638441916));
#14477=CARTESIAN_POINT('',(-47.2499992189461,434.885711587365,-79.0303314942891));
#14478=CARTESIAN_POINT('Origin',(-47.2499992189461,481.123792668446,-80.0802638441916));
#14479=CARTESIAN_POINT('',(-47.2499992189461,434.885711587365,-79.0303314942891));
#14480=CARTESIAN_POINT('Origin',(-47.2499992189461,595.195010431217,-146.831376968288));
#14481=CARTESIAN_POINT('',(-47.2499992189461,595.195010431217,-146.831376968288));
#14482=CARTESIAN_POINT('Origin',(-47.2499992189461,570.081324571967,-23.9505393417401));
#14483=CARTESIAN_POINT('',(-47.2499992189461,570.081324571967,-23.9505393417401));
#14484=CARTESIAN_POINT('Origin',(-47.2499992189461,608.623792668446,-115.080263844192));
#14485=CARTESIAN_POINT('Origin',(-47.2499992189461,481.123792668446,-80.0802638441916));
#14486=CARTESIAN_POINT('',(-47.2499992189461,435.022818649487,-76.3704532690643));
#14487=CARTESIAN_POINT('',(-47.2499992189461,435.022818649487,-76.3704532690643));
#14488=CARTESIAN_POINT('',(-47.2499992189461,435.238734259581,-74.281650663865));
#14489=CARTESIAN_POINT('Origin',(-47.2499992189461,481.123792668446,-80.0802638441916));
#14490=CARTESIAN_POINT('',(-47.2499992189461,435.238734259581,-74.281650663865));
#14491=CARTESIAN_POINT('Origin',(-47.2499992189461,587.727002776831,-158.206504120907));
#14492=CARTESIAN_POINT('',(-47.2499992189461,587.727002776831,-158.206504120907));
#14493=CARTESIAN_POINT('Origin',(-47.2499992189461,575.381152830247,-33.3947359965206));
#14494=CARTESIAN_POINT('',(-47.2499992189461,575.381152830247,-33.3947359965206));
#14495=CARTESIAN_POINT('Origin',(-47.2499992189461,604.349291909498,-128.004436625716));
#14496=CARTESIAN_POINT('Origin',(-47.2499992189461,481.123792668446,-80.0802638441916));
#14497=CARTESIAN_POINT('',(-47.2499992189461,435.648605968602,-71.6499676089259));
#14498=CARTESIAN_POINT('',(-47.2499992189461,435.648605968602,-71.6499676089259));
#14499=CARTESIAN_POINT('',(-47.2499992189461,436.078149965795,-69.594436575678));
#14500=CARTESIAN_POINT('Origin',(-47.2499992189461,481.123792668446,-80.0802638441916));
#14501=CARTESIAN_POINT('',(-47.2499992189461,436.078149965795,-69.594436575678));
#14502=CARTESIAN_POINT('Origin',(-47.2499992189461,579.128974575527,-168.753473691063));
#14503=CARTESIAN_POINT('',(-47.2499992189461,579.128974575527,-168.753473691063));
#14504=CARTESIAN_POINT('Origin',(-47.2499992189461,579.681829622331,-43.3338108604835));
#14505=CARTESIAN_POINT('',(-47.2499992189461,579.681829622331,-43.3338108604835));
#14506=CARTESIAN_POINT('Origin',(-47.2499992189461,598.768570203687,-140.42060125362));
#14507=CARTESIAN_POINT('Origin',(-47.2499992189461,481.123792668446,-80.0802638441916));
#14508=CARTESIAN_POINT('',(-47.2499992189461,436.756441579634,-67.0188451860931));
#14509=CARTESIAN_POINT('',(-47.2499992189461,436.756441579634,-67.0188451860931));
#14510=CARTESIAN_POINT('',(-47.2499992189461,437.395060690698,-65.0183748651052));
#14511=CARTESIAN_POINT('Origin',(-47.2499992189461,481.123792668446,-80.0802638441916));
#14512=CARTESIAN_POINT('',(-47.2499992189461,437.395060690698,-65.0183748651052));
#14513=CARTESIAN_POINT('Origin',(-47.2499992189461,569.492067065179,-178.360485177536));
#14514=CARTESIAN_POINT('',(-47.2499992189461,569.492067065179,-178.360485177536));
#14515=CARTESIAN_POINT('Origin',(-47.2499992189461,582.937766704339,-53.6624072675191));
#14516=CARTESIAN_POINT('',(-47.2499992189461,582.937766704339,-53.6624072675191));
#14517=CARTESIAN_POINT('Origin',(-47.2499992189461,591.940784589414,-152.197143294069));
#14518=CARTESIAN_POINT('Origin',(-47.2499992189461,481.123792668446,-80.0802638441916));
#14519=CARTESIAN_POINT('',(-47.2499992189461,438.33458214951,-62.5261770503359));
#14520=CARTESIAN_POINT('',(-47.2499992189461,438.33458214951,-62.5261770503359));
#14521=CARTESIAN_POINT('',(-47.2499992189461,439.175506852999,-60.6019729246693));
#14522=CARTESIAN_POINT('Origin',(-47.2499992189461,481.123792668446,-80.0802638441916));
#14523=CARTESIAN_POINT('',(-47.2499992189461,439.175506852999,-60.6019729246693));
#14524=CARTESIAN_POINT('Origin',(-47.2499992189461,558.918433862777,-186.925701868623));
#14525=CARTESIAN_POINT('',(-47.2499992189461,558.918433862777,-186.925701868623));
#14526=CARTESIAN_POINT('Origin',(-47.2499992189461,585.114450333221,-64.2710395262593));
#14527=CARTESIAN_POINT('',(-47.2499992189461,585.114450333221,-64.2710395262593));
#14528=CARTESIAN_POINT('Origin',(-47.2499992189461,583.938311292745,-163.209228471773));
#14529=CARTESIAN_POINT('Origin',(-47.2499992189461,481.123792668446,-80.0802638441916));
#14530=CARTESIAN_POINT('',(-47.2499992189461,440.366298995594,-58.2195866015383));
#14531=CARTESIAN_POINT('',(-47.2499992189461,440.366298995594,-58.2195866015383));
#14532=CARTESIAN_POINT('',(-47.2499992189461,441.400615280452,-56.3920457136107));
#14533=CARTESIAN_POINT('Origin',(-47.2499992189461,481.123792668446,-80.0802638441916));
#14534=CARTESIAN_POINT('',(-47.2499992189461,441.400615280452,-56.3920457136107));
#14535=CARTESIAN_POINT('Origin',(-47.2499992189461,547.520158110679,-194.358330336625));
#14536=CARTESIAN_POINT('',(-47.2499992189461,547.520158110679,-194.358330336625));
#14537=CARTESIAN_POINT('Origin',(-47.2499992189461,586.188807121015,-75.0472534956433));
#14538=CARTESIAN_POINT('',(-47.2499992189461,586.188807121015,-75.0472534956433));
#14539=CARTESIAN_POINT('Origin',(-47.2499992189461,574.845978521405,-173.340125944365));
#14540=CARTESIAN_POINT('Origin',(-47.2499992189461,481.123792668446,-80.0802638441916));
#14541=CARTESIAN_POINT('',(-47.2499992189461,442.830055413886,-54.1447247698114));
#14542=CARTESIAN_POINT('',(-47.2499992189461,442.830055413886,-54.1447247698114));
#14543=CARTESIAN_POINT('',(-47.2499992189461,444.046799270186,-52.4332195076737));
#14544=CARTESIAN_POINT('Origin',(-47.2499992189461,481.123792668446,-80.0802638441916));
#14545=CARTESIAN_POINT('',(-47.2499992189461,444.046799270186,-52.4332195076737));
#14546=CARTESIAN_POINT('Origin',(-47.2499992189461,535.418064367414,-200.579582870757));
#14547=CARTESIAN_POINT('',(-47.2499992189461,535.418064367414,-200.579582870757));
#14548=CARTESIAN_POINT('Origin',(-47.2499992189461,586.149448618502,-85.876818626788));
#14549=CARTESIAN_POINT('',(-47.2499992189461,586.149448618502,-85.876818626788));
#14550=CARTESIAN_POINT('Origin',(-47.2499992189461,564.760167264679,-182.482445678362));
#14551=CARTESIAN_POINT('Origin',(-47.2499992189461,481.123792668446,-80.0802638441916));
#14552=CARTESIAN_POINT('',(-47.2499992189461,445.69973497344,-50.3447861042783));
#14553=CARTESIAN_POINT('',(-47.2499992189461,445.69973497344,-50.3447861042783));
#14554=CARTESIAN_POINT('',(-47.2499992189461,447.086008613615,-48.7674588494818));
#14555=CARTESIAN_POINT('Origin',(-47.2499992189461,481.123792668446,-80.0802638441916));
#14556=CARTESIAN_POINT('',(-47.2499992189461,447.086008613615,-48.7674588494818));
#14557=CARTESIAN_POINT('Origin',(-47.2499992189461,522.74043783731,-205.523512646494));
#14558=CARTESIAN_POINT('',(-47.2499992189461,522.74043783731,-205.523512646494));
#14559=CARTESIAN_POINT('Origin',(-47.2499992189461,584.996792035599,-96.6449388352235));
#14560=CARTESIAN_POINT('',(-47.2499992189461,584.996792035599,-96.6449388352235));
#14561=CARTESIAN_POINT('Origin',(-47.2499992189461,553.787789630944,-190.539276810242));
#14562=CARTESIAN_POINT('Origin',(-47.2499992189461,481.123792668446,-80.0802638441916));
#14563=CARTESIAN_POINT('',(-47.2499992189461,448.944918357033,-46.8600509001075));
#14564=CARTESIAN_POINT('',(-47.2499992189461,448.944918357033,-46.8600509001075));
#14565=CARTESIAN_POINT('',(-47.2499992189461,450.486026935633,-45.4336217139461));
#14566=CARTESIAN_POINT('Origin',(-47.2499992189461,481.123792668446,-80.0802638441916));
#14567=CARTESIAN_POINT('',(-47.2499992189461,450.486026935633,-45.4336217139461));
#14568=CARTESIAN_POINT('Origin',(-47.2499992189461,509.621664515409,-209.137712778306));
#14569=CARTESIAN_POINT('',(-47.2499992189461,509.621664515409,-209.137712778306));
#14570=CARTESIAN_POINT('Origin',(-47.2499992189461,582.743055818833,-107.237469367946));
#14571=CARTESIAN_POINT('',(-47.2499992189461,582.743055818833,-107.237469367946));
#14572=CARTESIAN_POINT('Origin',(-47.2499992189461,542.045155552723,-197.425214925702));
#14573=CARTESIAN_POINT('Origin',(-47.2499992189461,481.123792668446,-80.0802638441916));
#14574=CARTESIAN_POINT('',(-47.2499992189461,452.531205813492,-43.7274582173637));
#14575=CARTESIAN_POINT('',(-47.2499992189461,452.531205813492,-43.7274582173637));
#14576=CARTESIAN_POINT('',(-47.2499992189461,454.210813196202,-42.4670476040646));
#14577=CARTESIAN_POINT('Origin',(-47.2499992189461,481.123792668446,-80.0802638441916));
#14578=CARTESIAN_POINT('',(-47.2499992189461,454.210813196202,-42.4670476040646));
#14579=CARTESIAN_POINT('Origin',(-47.2499992189461,496.200806662491,-211.383871845689));
#14580=CARTESIAN_POINT('',(-47.2499992189461,496.200806662491,-211.383871845689));
#14581=CARTESIAN_POINT('Origin',(-47.2499992189461,579.412130132766,-117.542126766197));
#14582=CARTESIAN_POINT('',(-47.2499992189461,579.412130132766,-117.542126766197));
#14583=CARTESIAN_POINT('Origin',(-47.2499992189461,529.656739872472,-203.067267367699));
#14584=CARTESIAN_POINT('Origin',(-47.2499992189461,481.123792668446,-80.0802638441916));
#14585=CARTESIAN_POINT('',(-47.2499992189461,456.420581803615,-40.9802143177817));
#14586=CARTESIAN_POINT('',(-47.2499992189461,456.420581803615,-40.9802143177817));
#14587=CARTESIAN_POINT('',(-47.2499992189461,458.22088373434,-39.8991829433991));
#14588=CARTESIAN_POINT('Origin',(-47.2499992189461,481.123792668446,-80.0802638441916));
#14589=CARTESIAN_POINT('',(-47.2499992189461,458.22088373434,-39.8991829433991));
#14590=CARTESIAN_POINT('Origin',(-47.2499992189461,482.620128710514,-212.238180003749));
#14591=CARTESIAN_POINT('',(-47.2499992189461,482.620128710514,-212.238180003749));
#14592=CARTESIAN_POINT('Origin',(-47.2499992189461,575.039323618306,-127.449679098056));
#14593=CARTESIAN_POINT('',(-47.2499992189461,575.039323618306,-127.449679098056));
#14594=CARTESIAN_POINT('Origin',(-47.2499992189461,516.753862878277,-207.405626976768));
#14595=CARTESIAN_POINT('Origin',(-47.2499992189461,481.123792668446,-80.0802638441916));
#14596=CARTESIAN_POINT('',(-47.2499992189461,460.571817974343,-38.647440670131));
#14597=CARTESIAN_POINT('',(-47.2499992189461,460.571817974343,-38.647440670131));
#14598=CARTESIAN_POINT('',(-47.2499992189461,462.473730804754,-37.7572477361626));
#14599=CARTESIAN_POINT('Origin',(-47.2499992189461,481.123792668446,-80.0802638441916));
#14600=CARTESIAN_POINT('',(-47.2499992189461,462.473730804754,-37.7572477361626));
#14601=CARTESIAN_POINT('Origin',(-47.2499992189461,469.023589224248,-211.691581373485));
#14602=CARTESIAN_POINT('',(-47.2499992189461,469.023589224248,-211.691581373485));
#14603=CARTESIAN_POINT('Origin',(-47.2499992189461,569.670989112334,-136.855103844095));
#14604=CARTESIAN_POINT('',(-47.2499992189461,569.670989112334,-136.855103844095));
#14605=CARTESIAN_POINT('Origin',(-47.2499992189461,503.473298276136,-210.394306061797));
#14606=CARTESIAN_POINT('Origin',(-47.2499992189461,481.123792668446,-80.0802638441916));
#14607=CARTESIAN_POINT('',(-47.2499992189461,464.940910189561,-36.7538652554028));
#14608=CARTESIAN_POINT('',(-47.2499992189461,464.940910189561,-36.7538652554028));
#14609=CARTESIAN_POINT('',(-47.2499992189461,466.924273170516,-36.0639470284027));
#14610=CARTESIAN_POINT('Origin',(-47.2499992189461,481.123792668446,-80.0802638441916));
#14611=CARTESIAN_POINT('',(-47.2499992189461,466.924273170516,-36.0639470284027));
#14612=CARTESIAN_POINT('Origin',(-47.2499992189461,455.555314904667,-209.749870036354));
#14613=CARTESIAN_POINT('',(-47.2499992189461,455.555314904667,-209.749870036354));
#14614=CARTESIAN_POINT('Origin',(-47.2499992189461,563.364032296098,-145.658701162212));
#14615=CARTESIAN_POINT('',(-47.2499992189461,563.364032296098,-145.658701162212));
#14616=CARTESIAN_POINT('Origin',(-47.2499992189461,489.955823354649,-212.001623880988));
#14617=CARTESIAN_POINT('Origin',(-47.2499992189461,481.123792668446,-80.0802638441916));
#14618=CARTESIAN_POINT('',(-47.2499992189461,469.481544984883,-35.3195604440596));
#14619=CARTESIAN_POINT('',(-47.2499992189461,469.481544984883,-35.3195604440596));
#14620=CARTESIAN_POINT('',(-47.2499992189461,471.525333975381,-34.8372302288654));
#14621=CARTESIAN_POINT('Origin',(-47.2499992189461,481.123792668446,-80.0802638441916));
#14622=CARTESIAN_POINT('',(-47.2499992189461,471.525333975381,-34.8372302288654));
#14623=CARTESIAN_POINT('Origin',(-47.2499992189461,442.358072810074,-206.433628615573));
#14624=CARTESIAN_POINT('',(-47.2499992189461,442.358072810074,-206.433628615573));
#14625=CARTESIAN_POINT('Origin',(-47.2499992189461,556.185308480836,-153.767150730757));
#14626=CARTESIAN_POINT('',(-47.2499992189461,556.185308480836,-153.767150730757));
#14627=CARTESIAN_POINT('Origin',(-47.2499992189461,476.344726710736,-212.210542465603));
#14628=CARTESIAN_POINT('Origin',(-47.2499992189461,481.123792668446,-80.0802638441916));
#14629=CARTESIAN_POINT('',(-47.2499992189461,474.145590501903,-34.3597302239148));
#14630=CARTESIAN_POINT('',(-47.2499992189461,474.145590501903,-34.3597302239148));
#14631=CARTESIAN_POINT('',(-47.2499992189461,476.22814083021,-34.0901008407973));
#14632=CARTESIAN_POINT('Origin',(-47.2499992189461,481.123792668446,-80.0802638441916));
#14633=CARTESIAN_POINT('',(-47.2499992189461,476.22814083021,-34.0901008407973));
#14634=CARTESIAN_POINT('Origin',(-47.2499992189461,429.571756989759,-201.778010095184));
#14635=CARTESIAN_POINT('',(-47.2499992189461,429.571756989759,-201.778010095184));
#14636=CARTESIAN_POINT('Origin',(-47.2499992189461,548.210913924848,-161.094500967156));
#14637=CARTESIAN_POINT('',(-47.2499992189461,548.210913924848,-161.094500967156));
#14638=CARTESIAN_POINT('Origin',(-47.2499992189461,462.784289354867,-211.018847226674));
#14639=CARTESIAN_POINT('Origin',(-47.2499992189461,481.123792668446,-80.0802638441916));
#14640=CARTESIAN_POINT('',(-47.2499992189461,478.883606697862,-33.8845490340796));
#14641=CARTESIAN_POINT('',(-47.2499992189461,478.883606697862,-33.8845490340796));
#14642=CARTESIAN_POINT('',(-47.2499992189461,480.982842812419,-33.8304786215758));
#14643=CARTESIAN_POINT('Origin',(-47.2499992189461,481.123792668446,-80.0802638441916));
#14644=CARTESIAN_POINT('',(-47.2499992189461,480.982842812419,-33.8304786215758));
#14645=CARTESIAN_POINT('Origin',(-47.2499992189461,417.331905572281,-195.832365189686));
#14646=CARTESIAN_POINT('',(-47.2499992189461,417.331905572281,-195.832365189686));
#14647=CARTESIAN_POINT('Origin',(-47.2499992189461,539.525379194225,-167.563080136073));
#14648=CARTESIAN_POINT('',(-47.2499992189461,539.525379194225,-167.563080136073));
#14649=CARTESIAN_POINT('Origin',(-47.2499992189461,449.418255296455,-208.439170430191));
#14650=CARTESIAN_POINT('Origin',(-47.2499992189461,481.123792668446,-80.0802638441916));
#14651=CARTESIAN_POINT('',(-47.2499992189461,483.645369422401,-33.8990539133776));
#14652=CARTESIAN_POINT('',(-47.2499992189461,483.645369422401,-33.8990539133776));
#14653=CARTESIAN_POINT('',(-47.2499992189461,485.739038898166,-34.0611156313112));
#14654=CARTESIAN_POINT('Origin',(-47.2499992189461,481.123792668446,-80.0802638441916));
#14655=CARTESIAN_POINT('',(-47.2499992189461,485.739038898166,-34.0611156313112));
#14656=CARTESIAN_POINT('Origin',(-47.2499992189461,405.768264027582,-188.65971921418));
#14657=CARTESIAN_POINT('',(-47.2499992189461,405.768264027582,-188.65971921418));
#14658=CARTESIAN_POINT('Origin',(-47.2499992189461,530.220773117817,-173.104319689125));
#14659=CARTESIAN_POINT('',(-47.2499992189461,530.220773117817,-173.104319689125));
#14660=CARTESIAN_POINT('Origin',(-47.2499992189461,436.3883078216,-204.498857291946));
#14661=CARTESIAN_POINT('Origin',(-47.2499992189461,481.123792668446,-80.0802638441916));
#14662=CARTESIAN_POINT('',(-47.2499992189461,488.380402806054,-34.4030911064797));
#14663=CARTESIAN_POINT('',(-47.2499992189461,488.380402806054,-34.4030911064797));
#14664=CARTESIAN_POINT('',(-47.2499992189461,490.446312225739,-34.7795670603244));
#14665=CARTESIAN_POINT('Origin',(-47.2499992189461,481.123792668446,-80.0802638441916));
#14666=CARTESIAN_POINT('',(-47.2499992189461,490.446312225739,-34.7795670603244));
#14667=CARTESIAN_POINT('Origin',(-47.2499992189461,395.003409832733,-180.336104000353));
#14668=CARTESIAN_POINT('',(-47.2499992189461,395.003409832733,-180.336104000353));
#14669=CARTESIAN_POINT('Origin',(-47.2499992189461,520.39572683475,-177.659481108549));
#14670=CARTESIAN_POINT('',(-47.2499992189461,520.39572683475,-177.659481108549));
#14671=CARTESIAN_POINT('Origin',(-47.2499992189461,423.832567615004,-199.239676111439));
#14672=CARTESIAN_POINT('Origin',(-47.2499992189461,481.123792668446,-80.0802638441916));
#14673=CARTESIAN_POINT('',(-47.2499992189461,493.038514317015,-35.3913176937494));
#14674=CARTESIAN_POINT('',(-47.2499992189461,493.038514317015,-35.3913176937494));
#14675=CARTESIAN_POINT('',(-47.2499992189461,495.054764526835,-35.9782171447381));
#14676=CARTESIAN_POINT('Origin',(-47.2499992189461,481.123792668446,-80.0802638441916));
#14677=CARTESIAN_POINT('',(-47.2499992189461,495.054764526835,-35.9782171447381));
#14678=CARTESIAN_POINT('Origin',(-47.2499992189461,385.151453120181,-170.949751940142));
#14679=CARTESIAN_POINT('',(-47.2499992189461,385.151453120181,-170.949751940142));
#14680=CARTESIAN_POINT('Origin',(-47.2499992189461,510.154388279808,-181.180278550109));
#14681=CARTESIAN_POINT('',(-47.2499992189461,510.154388279808,-181.180278550109));
#14682=CARTESIAN_POINT('Origin',(-47.2499992189461,411.884128646359,-192.717375517514));
#14683=CARTESIAN_POINT('Origin',(-47.2499992189461,481.123792668446,-80.0802638441916));
#14684=CARTESIAN_POINT('',(-47.2499992189461,497.570326814466,-36.8532582275197));
#14685=CARTESIAN_POINT('',(-47.2499992189461,499.515545060612,-37.6443598954685));
#14686=CARTESIAN_POINT('Origin',(-47.2499992189461,376.316827081959,-160.600160700437));
#14687=CARTESIAN_POINT('Origin',(-47.2499992189461,499.605318189421,-183.629390685053));
#14688=CARTESIAN_POINT('Origin',(-47.2499992189461,481.123792668446,-80.0802638441916));
#14689=CARTESIAN_POINT('',(-47.2499992189461,501.927801958552,-38.7734157744443));
#14690=CARTESIAN_POINT('',(-47.2499992189461,503.781368443701,-39.76033378487));
#14691=CARTESIAN_POINT('Origin',(-47.2499992189461,368.593180951868,-149.397038523055));
#14692=CARTESIAN_POINT('Origin',(-47.2499992189461,488.860339330847,-184.980856315482));
#14693=CARTESIAN_POINT('Origin',(-47.2499992189461,481.123792668446,-80.0802638441916));
#14694=CARTESIAN_POINT('',(-47.2499992189461,506.064749428732,-41.1314361868469));
#14695=CARTESIAN_POINT('',(-47.2499992189461,507.807015887028,-42.3037089633225));
#14696=CARTESIAN_POINT('Origin',(-47.2499992189461,362.062387300306,-137.459141290085));
#14697=CARTESIAN_POINT('Origin',(-47.2499992189461,478.033351153025,-185.220349569508));
#14698=CARTESIAN_POINT('Origin',(-47.2499992189461,481.123792668446,-80.0802638441916));
#14699=CARTESIAN_POINT('',(-47.2499992189461,509.937316552671,-43.9023238617492));
#14700=CARTESIAN_POINT('',(-47.2499992189461,511.549814526231,-45.2475250212168));
#14701=CARTESIAN_POINT('Origin',(-47.2499992189461,356.79367416465,-124.913013681999));
#14702=CARTESIAN_POINT('Origin',(-47.2499992189461,467.239122424078,-184.345331759061));
#14703=CARTESIAN_POINT('Origin',(-47.2499992189461,481.123792668446,-80.0802638441916));
#14704=CARTESIAN_POINT('',(-47.2499992189461,513.504453155473,-47.0567067004812));
#14705=CARTESIAN_POINT('',(-47.2499992189461,514.970089764635,-48.5605767760037));
#14706=CARTESIAN_POINT('Origin',(-47.2499992189461,352.842891214839,-111.891647772552));
#14707=CARTESIAN_POINT('Origin',(-47.2499992189461,456.592074653822,-182.365078290609));
#14708=CARTESIAN_POINT('Origin',(-47.2499992189461,481.123792668446,-80.0802638441916));
#14709=CARTESIAN_POINT('',(-47.2499992189461,516.728346701748,-50.561147460234));
#14710=CARTESIAN_POINT('',(-47.2499992189461,518.031585833848,-52.2077450548919));
#14711=CARTESIAN_POINT('Origin',(-47.2499992189461,350.251917732983,-98.5330732797207));
#14712=CARTESIAN_POINT('Origin',(-47.2499992189461,446.205069197297,-179.300580343549));
#14713=CARTESIAN_POINT('Origin',(-47.2499992189461,481.123792668446,-80.0802638441916));
#14714=CARTESIAN_POINT('',(-47.2499992189461,519.574823117897,-54.3784981971517));
#14715=CARTESIAN_POINT('',(-47.2499992189461,520.701850113926,-56.150368966816));
#14716=CARTESIAN_POINT('Origin',(-47.2499992189461,349.048218682546,-84.9788944163518));
#14717=CARTESIAN_POINT('Origin',(-47.2499992189461,436.188210896325,-175.184322358475));
#14718=CARTESIAN_POINT('Origin',(-47.2499992189461,481.123792668446,-80.0802638441916));
#14719=CARTESIAN_POINT('',(-47.2499992189461,522.013709045787,-58.4682940437773));
#14720=CARTESIAN_POINT('',(-47.2499992189461,522.952577139216,-60.3466557175));
#14721=CARTESIAN_POINT('Origin',(-47.2499992189461,349.244553572909,-71.3727888502817));
#14722=CARTESIAN_POINT('Origin',(-47.2499992189461,426.6476809408,-170.059937694035));
#14723=CARTESIAN_POINT('Origin',(-47.2499992189461,417.684611321655,-163.981746102469));
#14724=CARTESIAN_POINT('',(-47.2499992189461,524.019151687859,-62.7871821467147));
#14725=CARTESIAN_POINT('Origin',(-47.2499992189461,353.814181734476,-44.5807316074338));
#14726=CARTESIAN_POINT('',(-65.2499992189461,526.307394513756,-69.3491806526822));
#14727=CARTESIAN_POINT('',(-47.2499992189461,526.104686462728,-69.3200736289792));
#14728=CARTESIAN_POINT('Origin',(-47.2499992189461,380.804773170861,-111.704349319196));
#14729=CARTESIAN_POINT('',(-47.2499992189461,526.307522582247,-90.8112647902526));
#14730=CARTESIAN_POINT('Origin',(-47.2499992189461,397.932030073391,22.6187354767144));
#14731=CARTESIAN_POINT('',(-47.2499992189461,524.019176989008,-97.373282782228));
#14732=CARTESIAN_POINT('Origin',(-47.2499992189461,481.123792668446,-80.0802638441916));
#14733=CARTESIAN_POINT('',(-47.2499992189461,522.952606011056,-99.813810771926));
#14734=CARTESIAN_POINT('',(-47.2499992189461,522.013740665825,-101.692173819288));
#14735=CARTESIAN_POINT('Origin',(-47.2499992189461,408.932570278171,30.6282779896945));
#14736=CARTESIAN_POINT('Origin',(-47.2499992189461,376.457178086779,-90.515216987355));
#14737=CARTESIAN_POINT('Origin',(-47.2499992189461,481.123792668446,-80.0802638441916));
#14738=CARTESIAN_POINT('',(-47.2499992189461,520.701885125279,-104.010100815603));
#14739=CARTESIAN_POINT('',(-47.2499992189461,519.574860721643,-105.781973234199));
#14740=CARTESIAN_POINT('Origin',(-47.2499992189461,420.698355399358,37.4642824181805));
#14741=CARTESIAN_POINT('Origin',(-47.2499992189461,375.9389918758,-79.6979847594615));
#14742=CARTESIAN_POINT('Origin',(-47.2499992189461,481.123792668446,-80.0802638441916));
#14743=CARTESIAN_POINT('',(-47.2499992189461,518.031626613586,-107.952728634339));
#14744=CARTESIAN_POINT('',(-47.2499992189461,516.728389890594,-109.59932813574));
#14745=CARTESIAN_POINT('Origin',(-47.2499992189461,433.104665187682,43.0542854146319));
#14746=CARTESIAN_POINT('Origin',(-47.2499992189461,376.535790720133,-68.8848047849661));
#14747=CARTESIAN_POINT('Origin',(-47.2499992189461,481.123792668446,-80.0802638441916));
#14748=CARTESIAN_POINT('',(-47.2499992189461,514.970135880482,-111.599901392442));
#14749=CARTESIAN_POINT('',(-47.2499992189461,513.504501471606,-113.103773612309));
#14750=CARTESIAN_POINT('Origin',(-47.2499992189461,446.019989673061,47.3390315566567));
#14751=CARTESIAN_POINT('Origin',(-47.2499992189461,378.24124840356,-58.190299461602));
#14752=CARTESIAN_POINT('Origin',(-47.2499992189461,481.123792668446,-80.0802638441916));
#14753=CARTESIAN_POINT('',(-47.2499992189461,511.549865489347,-114.912958151368));
#14754=CARTESIAN_POINT('',(-47.2499992189461,509.937369483928,-116.258161670051));
#14755=CARTESIAN_POINT('Origin',(-47.2499992189461,459.307423202993,50.2731014692297));
#14756=CARTESIAN_POINT('Origin',(-47.2499992189461,381.037286650371,-47.7278332062778));
#14757=CARTESIAN_POINT('Origin',(-47.2499992189461,481.123792668446,-80.0802638441916));
#14758=CARTESIAN_POINT('',(-47.2499992189461,507.807071157192,-117.85677968528));
#14759=CARTESIAN_POINT('',(-47.2499992189461,506.064806414029,-119.029055010833));
#14760=CARTESIAN_POINT('Origin',(-47.2499992189461,472.826115676534,51.8253932813667));
#14761=CARTESIAN_POINT('Origin',(-47.2499992189461,384.894266759576,-37.6083107640562));
#14762=CARTESIAN_POINT('Origin',(-47.2499992189461,481.123792668446,-80.0802638441916));
#14763=CARTESIAN_POINT('',(-47.2499992189461,503.781427435035,-120.400160753582));
#14764=CARTESIAN_POINT('',(-47.2499992189461,501.92786239383,-121.387081475926));
#14765=CARTESIAN_POINT('Origin',(-47.2499992189461,486.43276559041,51.979452313694));
#14766=CARTESIAN_POINT('Origin',(-47.2499992189461,389.771303782512,-27.9390015902668));
#14767=CARTESIAN_POINT('Origin',(-47.2499992189461,481.123792668446,-80.0802638441916));
#14768=CARTESIAN_POINT('',(-47.2499992189461,499.515607147794,-122.51614088423));
#14769=CARTESIAN_POINT('',(-47.2499992189461,497.570390059097,-123.307245398191));
#14770=CARTESIAN_POINT('Origin',(-47.2499992189461,499.983139070595,50.7336455021435));
#14771=CARTESIAN_POINT('Origin',(-47.2499992189461,395.616699913474,-18.8224027675936));
#14772=CARTESIAN_POINT('Origin',(-47.2499992189461,481.123792668446,-80.0802638441916));
#14773=CARTESIAN_POINT('',(-47.2499992189461,495.054829051725,-124.182290161446));
#14774=CARTESIAN_POINT('',(-47.2499992189461,495.054829051725,-124.182290161446));
#14775=CARTESIAN_POINT('',(-47.2499992189461,493.038579700589,-124.769192562373));
#14776=CARTESIAN_POINT('Origin',(-47.2499992189461,481.123792668446,-80.0802638441916));
#14777=CARTESIAN_POINT('',(-47.2499992189461,493.038579700589,-124.769192562373));
#14778=CARTESIAN_POINT('Origin',(-47.2499992189461,513.333598787263,48.1011787088382));
#14779=CARTESIAN_POINT('',(-47.2499992189461,513.333598787263,48.1011787088382));
#14780=CARTESIAN_POINT('Origin',(-47.2499992189461,402.368492499308,-10.3551525115008));
#14781=CARTESIAN_POINT('',(-47.2499992189461,402.368492499308,-10.3551525115008));
#14782=CARTESIAN_POINT('Origin',(-47.2499992189461,479.094619803373,52.120842268744));
#14783=CARTESIAN_POINT('Origin',(-47.2499992189461,481.123792668446,-80.0802638441916));
#14784=CARTESIAN_POINT('',(-47.2499992189461,490.446378504357,-125.380946988401));
#14785=CARTESIAN_POINT('',(-47.2499992189461,490.446378504357,-125.380946988401));
#14786=CARTESIAN_POINT('',(-47.2499992189461,488.380469635489,-125.75742596484));
#14787=CARTESIAN_POINT('Origin',(-47.2499992189461,481.123792668446,-80.0802638441916));
#14788=CARTESIAN_POINT('',(-47.2499992189461,488.380469635489,-125.75742596484));
#14789=CARTESIAN_POINT('Origin',(-47.2499992189461,526.342626546211,44.1099567366679));
#14790=CARTESIAN_POINT('',(-47.2499992189461,526.342626546211,44.1099567366679));
#14791=CARTESIAN_POINT('Origin',(-47.2499992189461,409.955110858955,-2.62700578110776));
#14792=CARTESIAN_POINT('',(-47.2499992189461,409.955110858955,-2.62700578110776));
#14793=CARTESIAN_POINT('Origin',(-47.2499992189461,492.698424225151,51.6288015398074));
#14794=CARTESIAN_POINT('Origin',(-47.2499992189461,481.123792668446,-80.0802638441916));
#14795=CARTESIAN_POINT('',(-47.2499992189461,485.739106227942,-126.09940530454));
#14796=CARTESIAN_POINT('',(-47.2499992189461,485.739106227942,-126.09940530454));
#14797=CARTESIAN_POINT('',(-47.2499992189461,483.645436989289,-126.261470085683));
#14798=CARTESIAN_POINT('Origin',(-47.2499992189461,481.123792668446,-80.0802638441916));
#14799=CARTESIAN_POINT('',(-47.2499992189461,483.645436989289,-126.261470085683));
#14800=CARTESIAN_POINT('Origin',(-47.2499992189461,538.872323416928,38.8022875314372));
#14801=CARTESIAN_POINT('',(-47.2499992189461,538.872323416928,38.8022875314372));
#14802=CARTESIAN_POINT('Origin',(-47.2499992189461,418.296134950475,4.28011714570594));
#14803=CARTESIAN_POINT('',(-47.2499992189461,418.296134950475,4.28011714570594));
#14804=CARTESIAN_POINT('Origin',(-47.2499992189461,506.179534672998,49.740611952428));
#14805=CARTESIAN_POINT('Origin',(-47.2499992189461,481.123792668446,-80.0802638441916));
#14806=CARTESIAN_POINT('',(-47.2499992189461,480.982910479641,-126.330049272979));
#14807=CARTESIAN_POINT('',(-47.2499992189461,480.982910479641,-126.330049272979));
#14808=CARTESIAN_POINT('',(-47.2499992189461,478.883674285977,-126.27598193183));
#14809=CARTESIAN_POINT('Origin',(-47.2499992189461,481.123792668446,-80.0802638441916));
#14810=CARTESIAN_POINT('',(-47.2499992189461,478.883674285977,-126.27598193183));
#14811=CARTESIAN_POINT('Origin',(-47.2499992189461,550.789871495562,32.2344337071149));
#14812=CARTESIAN_POINT('',(-47.2499992189461,550.789871495562,32.2344337071149));
#14813=CARTESIAN_POINT('Origin',(-47.2499992189461,427.303147843493,10.2929990476254));
#14814=CARTESIAN_POINT('',(-47.2499992189461,427.303147843493,10.2929990476254));
#14815=CARTESIAN_POINT('Origin',(-47.2499992189461,519.395048022459,46.4762887859583));
#14816=CARTESIAN_POINT('Origin',(-47.2499992189461,481.123792668446,-80.0802638441916));
#14817=CARTESIAN_POINT('',(-47.2499992189461,476.228208117588,-126.070434010276));
#14818=CARTESIAN_POINT('',(-47.2499992189461,476.228208117588,-126.070434010276));
#14819=CARTESIAN_POINT('',(-47.2499992189461,474.145657394794,-125.800807674101));
#14820=CARTESIAN_POINT('Origin',(-47.2499992189461,481.123792668446,-80.0802638441916));
#14821=CARTESIAN_POINT('',(-47.2499992189461,474.145657394794,-125.800807674101));
#14822=CARTESIAN_POINT('Origin',(-47.2499992189461,561.968941807741,24.476016148129));
#14823=CARTESIAN_POINT('',(-47.2499992189461,561.968941807741,24.476016148129));
#14824=CARTESIAN_POINT('Origin',(-47.2499992189461,436.880672960662,15.3479018806607));
#14825=CARTESIAN_POINT('',(-47.2499992189461,436.880672960662,15.3479018806607));
#14826=CARTESIAN_POINT('Origin',(-47.2499992189461,532.204876544396,41.8704346780315));
#14827=CARTESIAN_POINT('Origin',(-47.2499992189461,481.123792668446,-80.0802638441916));
#14828=CARTESIAN_POINT('',(-47.2499992189461,471.525400169654,-125.3233115028));
#14829=CARTESIAN_POINT('',(-47.2499992189461,471.525400169654,-125.3233115028));
#14830=CARTESIAN_POINT('',(-47.2499992189461,469.481610473469,-124.840984277837));
#14831=CARTESIAN_POINT('Origin',(-47.2499992189461,481.123792668446,-80.0802638441916));
#14832=CARTESIAN_POINT('',(-47.2499992189461,469.481610473469,-124.840984277837));
#14833=CARTESIAN_POINT('Origin',(-47.2499992189461,572.291033427129,15.609276010673));
#14834=CARTESIAN_POINT('',(-47.2499992189461,572.291033427129,15.609276010673));
#14835=CARTESIAN_POINT('Origin',(-47.2499992189461,446.927186153131,19.3912424172693));
#14836=CARTESIAN_POINT('',(-47.2499992189461,446.927186153131,19.3912424172693));
#14837=CARTESIAN_POINT('Origin',(-47.2499992189461,544.473232869764,35.9718728279936));
#14838=CARTESIAN_POINT('Origin',(-47.2499992189461,481.123792668446,-80.0802638441916));
#14839=CARTESIAN_POINT('',(-47.2499992189461,466.924337570006,-124.096601434993));
#14840=CARTESIAN_POINT('',(-47.2499992189461,466.924337570006,-124.096601434993));
#14841=CARTESIAN_POINT('',(-47.2499992189461,464.940973579646,-123.406686109816));
#14842=CARTESIAN_POINT('Origin',(-47.2499992189461,481.123792668446,-80.0802638441916));
#14843=CARTESIAN_POINT('',(-47.2499992189461,464.940973579646,-123.406686109816));
#14844=CARTESIAN_POINT('Origin',(-47.2499992189461,581.646729614726,5.72820294598976));
#14845=CARTESIAN_POINT('',(-47.2499992189461,581.646729614726,5.72820294598976));
#14846=CARTESIAN_POINT('Origin',(-47.2499992189461,457.336191881779,22.380160241898));
#14847=CARTESIAN_POINT('',(-47.2499992189461,457.336191881779,22.380160241898));
#14848=CARTESIAN_POINT('Origin',(-47.2499992189461,556.070069369507,28.8431294588452));
#14849=CARTESIAN_POINT('Origin',(-47.2499992189461,481.123792668446,-80.0802638441916));
#14850=CARTESIAN_POINT('',(-47.2499992189461,462.473792726812,-122.403307238743));
#14851=CARTESIAN_POINT('',(-47.2499992189461,462.473792726812,-122.403307238743));
#14852=CARTESIAN_POINT('',(-47.2499992189461,460.571878593978,-121.513117087429));
#14853=CARTESIAN_POINT('Origin',(-47.2499992189461,481.123792668446,-80.0802638441916));
#14854=CARTESIAN_POINT('',(-47.2499992189461,460.571878593978,-121.513117087429));
#14855=CARTESIAN_POINT('Origin',(-47.2499992189461,589.936857663518,-5.06246121331214));
#14856=CARTESIAN_POINT('',(-47.2499992189461,589.936857663518,-5.06246121331214));
#14857=CARTESIAN_POINT('Origin',(-47.2499992189461,467.997352096428,24.2829720820503));
#14858=CARTESIAN_POINT('',(-47.2499992189461,467.997352096428,24.2829720820503));
#14859=CARTESIAN_POINT('Origin',(-47.2499992189461,566.872456691771,20.5597710237224));
#14860=CARTESIAN_POINT('Origin',(-47.2499992189461,481.123792668446,-80.0802638441916));
#14861=CARTESIAN_POINT('',(-47.2499992189461,458.220942522575,-120.261378253772));
#14862=CARTESIAN_POINT('',(-47.2499992189461,458.220942522575,-120.261378253772));
#14863=CARTESIAN_POINT('',(-47.2499992189461,456.420639010215,-119.18034951338));
#14864=CARTESIAN_POINT('Origin',(-47.2499992189461,481.123792668446,-80.0802638441916));
#14865=CARTESIAN_POINT('',(-47.2499992189461,456.420639010215,-119.18034951338));
#14866=CARTESIAN_POINT('Origin',(-47.2499992189461,597.073540153847,-16.6483327427418));
#14867=CARTESIAN_POINT('',(-47.2499992189461,597.073540153847,-16.6483327427418));
#14868=CARTESIAN_POINT('Origin',(-47.2499992189461,478.797655846615,25.0795076588565));
#14869=CARTESIAN_POINT('',(-47.2499992189461,478.797655846615,25.0795076588565));
#14870=CARTESIAN_POINT('Origin',(-47.2499992189461,576.765886843622,11.2096031826956));
#14871=CARTESIAN_POINT('Origin',(-47.2499992189461,481.123792668446,-80.0802638441916));
#14872=CARTESIAN_POINT('',(-47.2499992189461,454.210868227445,-117.693519460171));
#14873=CARTESIAN_POINT('',(-47.2499992189461,454.210868227445,-117.693519460171));
#14874=CARTESIAN_POINT('',(-47.2499992189461,452.531259000653,-116.433111304276));
#14875=CARTESIAN_POINT('Origin',(-47.2499992189461,481.123792668446,-80.0802638441916));
#14876=CARTESIAN_POINT('',(-47.2499992189461,452.531259000653,-116.433111304276));
#14877=CARTESIAN_POINT('Origin',(-47.2499992189461,602.981126475917,-28.9065985218605));
#14878=CARTESIAN_POINT('',(-47.2499992189461,602.981126475917,-28.9065985218605));
#14879=CARTESIAN_POINT('Origin',(-47.2499992189461,489.622617225788,24.7613234970475));
#14880=CARTESIAN_POINT('',(-47.2499992189461,489.622617225788,24.7613234970475));
#14881=CARTESIAN_POINT('Origin',(-47.2499992189461,585.645487004254,0.891740040928557));
#14882=CARTESIAN_POINT('Origin',(-47.2499992189461,481.123792668446,-80.0802638441916));
#14883=CARTESIAN_POINT('',(-47.2499992189461,450.48607762654,-114.72695079996));
#14884=CARTESIAN_POINT('',(-47.2499992189461,450.48607762654,-114.72695079996));
#14885=CARTESIAN_POINT('',(-47.2499992189461,448.944966960959,-113.300523868568));
#14886=CARTESIAN_POINT('Origin',(-47.2499992189461,481.123792668446,-80.0802638441916));
#14887=CARTESIAN_POINT('',(-47.2499992189461,448.944966960959,-113.300523868568));
#14888=CARTESIAN_POINT('Origin',(-47.2499992189461,607.596994745079,-41.7073178839106));
#14889=CARTESIAN_POINT('',(-47.2499992189461,607.596994745079,-41.7073178839106));
#14890=CARTESIAN_POINT('Origin',(-47.2499992189461,500.357488950395,23.3317924278935));
#14891=CARTESIAN_POINT('',(-47.2499992189461,500.357488950395,23.3317924278935));
#14892=CARTESIAN_POINT('Origin',(-47.2499992189461,593.417131202979,-10.2844464854928));
#14893=CARTESIAN_POINT('Origin',(-47.2499992189461,481.123792668446,-80.0802638441916));
#14894=CARTESIAN_POINT('',(-47.2499992189461,447.086054426849,-111.393118638933));
#14895=CARTESIAN_POINT('',(-47.2499992189461,447.086054426849,-111.393118638933));
#14896=CARTESIAN_POINT('',(-47.2499992189461,445.699778478916,-109.81579341237));
#14897=CARTESIAN_POINT('Origin',(-47.2499992189461,481.123792668446,-80.0802638441916));
#14898=CARTESIAN_POINT('',(-47.2499992189461,445.699778478916,-109.81579341237));
#14899=CARTESIAN_POINT('Origin',(-47.2499992189461,610.872215609385,-54.914800019209));
#14900=CARTESIAN_POINT('',(-47.2499992189461,610.872215609385,-54.914800019209));
#14901=CARTESIAN_POINT('Origin',(-47.2499992189461,510.88847870963,20.8060678363533));
#14902=CARTESIAN_POINT('',(-47.2499992189461,510.88847870963,20.8060678363533));
#14903=CARTESIAN_POINT('Origin',(-47.2499992189461,599.998438077931,-22.2004860390791));
#14904=CARTESIAN_POINT('Origin',(-47.2499992189461,481.123792668446,-80.0802638441916));
#14905=CARTESIAN_POINT('',(-47.2499992189461,444.046839720115,-107.727362427357));
#14906=CARTESIAN_POINT('',(-47.2499992189461,444.046839720115,-107.727362427357));
#14907=CARTESIAN_POINT('',(-47.2499992189461,442.830093359744,-106.015858945417));
#14908=CARTESIAN_POINT('Origin',(-47.2499992189461,481.123792668446,-80.0802638441916));
#14909=CARTESIAN_POINT('',(-47.2499992189461,442.830093359744,-106.015858945417));
#14910=CARTESIAN_POINT('Origin',(-47.2499992189461,612.772070912897,-68.3890423314854));
#14911=CARTESIAN_POINT('',(-47.2499992189461,612.772070912897,-68.3890423314854));
#14912=CARTESIAN_POINT('Origin',(-47.2499992189461,521.103955392243,17.2109230314236));
#14913=CARTESIAN_POINT('',(-47.2499992189461,521.103955392243,17.2109230314236));
#14914=CARTESIAN_POINT('Origin',(-47.2499992189461,605.319644139,-34.7300656361996));
#14915=CARTESIAN_POINT('Origin',(-47.2499992189461,481.123792668446,-80.0802638441916));
#14916=CARTESIAN_POINT('',(-47.2499992189461,441.400649938297,-103.768540093008));
#14917=CARTESIAN_POINT('',(-47.2499992189461,441.400649938297,-103.768540093008));
#14918=CARTESIAN_POINT('',(-47.2499992189461,440.366330979598,-101.941000718371));
#14919=CARTESIAN_POINT('Origin',(-47.2499992189461,481.123792668446,-80.0802638441916));
#14920=CARTESIAN_POINT('',(-47.2499992189461,440.366330979598,-101.941000718371));
#14921=CARTESIAN_POINT('Origin',(-47.2499992189461,613.276421716766,-81.9872145002313));
#14922=CARTESIAN_POINT('',(-47.2499992189461,613.276421716766,-81.9872145002313));
#14923=CARTESIAN_POINT('Origin',(-47.2499992189461,530.895632404086,12.5844674424038));
#14924=CARTESIAN_POINT('',(-47.2499992189461,530.895632404086,12.5844674424038));
#14925=CARTESIAN_POINT('Origin',(-47.2499992189461,609.324343278176,-47.7403686161309));
#14926=CARTESIAN_POINT('Origin',(-47.2499992189461,481.123792668446,-80.0802638441916));
#14927=CARTESIAN_POINT('',(-47.2499992189461,439.175535351378,-99.5586161374694));
#14928=CARTESIAN_POINT('',(-47.2499992189461,439.175535351378,-99.5586161374694));
#14929=CARTESIAN_POINT('',(-47.2499992189461,438.334607832622,-97.6344132421465));
#14930=CARTESIAN_POINT('Origin',(-47.2499992189461,481.123792668446,-80.0802638441916));
#14931=CARTESIAN_POINT('',(-47.2499992189461,438.334607832622,-97.6344132421465));
#14932=CARTESIAN_POINT('Origin',(-47.2499992189461,612.379921777005,-95.5651725176294));
#14933=CARTESIAN_POINT('',(-47.2499992189461,612.379921777005,-95.5651725176294));
#14934=CARTESIAN_POINT('Origin',(-47.2499992189461,540.159715532949,6.97574264946473));
#14935=CARTESIAN_POINT('',(-47.2499992189461,540.159715532949,6.97574264946473));
#14936=CARTESIAN_POINT('Origin',(-47.2499992189461,611.970084688334,-61.0934825307019));
#14937=CARTESIAN_POINT('Origin',(-47.2499992189461,481.123792668446,-80.0802638441916));
#14938=CARTESIAN_POINT('',(-47.2499992189461,437.395082727522,-95.1422168019766));
#14939=CARTESIAN_POINT('',(-47.2499992189461,437.395082727522,-95.1422168019766));
#14940=CARTESIAN_POINT('',(-47.2499992189461,436.756460689606,-93.141747415343));
#14941=CARTESIAN_POINT('Origin',(-47.2499992189461,481.123792668446,-80.0802638441916));
#14942=CARTESIAN_POINT('',(-47.2499992189461,436.756460689606,-93.141747415343));
#14943=CARTESIAN_POINT('Origin',(-47.2499992189461,610.092074215998,-108.978986650896));
#14944=CARTESIAN_POINT('',(-47.2499992189461,610.092074215998,-108.978986650896));
#14945=CARTESIAN_POINT('Origin',(-47.2499992189461,548.798003193034,0.444202530698625));
#14946=CARTESIAN_POINT('',(-47.2499992189461,548.798003193034,0.444202530698625));
#14947=CARTESIAN_POINT('Origin',(-47.2499992189461,613.22882285234,-74.6478610505532));
#14948=CARTESIAN_POINT('Origin',(-47.2499992189461,481.123792668446,-80.0802638441916));
#14949=CARTESIAN_POINT('',(-47.2499992189461,436.078165307467,-90.5661570181569));
#14950=CARTESIAN_POINT('',(-47.2499992189461,436.078165307467,-90.5661570181569));
#14951=CARTESIAN_POINT('',(-47.2499992189461,435.648618302864,-88.5106266133693));
#14952=CARTESIAN_POINT('Origin',(-47.2499992189461,481.123792668446,-80.0802638441916));
#14953=CARTESIAN_POINT('',(-47.2499992189461,435.648618302864,-88.5106266133693));
#14954=CARTESIAN_POINT('Origin',(-47.2499992189461,606.437130787042,-122.086467133252));
#14955=CARTESIAN_POINT('',(-47.2499992189461,606.437130787042,-122.086467133252));
#14956=CARTESIAN_POINT('Origin',(-47.2499992189461,556.71892738619,-6.94091696377901));
#14957=CARTESIAN_POINT('',(-47.2499992189461,556.71892738619,-6.94091696377901));
#14958=CARTESIAN_POINT('Origin',(-47.2499992189461,613.087214832521,-88.2598243914403));
#14959=CARTESIAN_POINT('Origin',(-47.2499992189461,481.123792668446,-80.0802638441916));
#14960=CARTESIAN_POINT('',(-47.2499992189461,435.238742743476,-85.878944158109));
#14961=CARTESIAN_POINT('',(-47.2499992189461,435.238742743476,-85.878944158109));
#14962=CARTESIAN_POINT('',(-47.2499992189461,435.022824077293,-83.7901418688141));
#14963=CARTESIAN_POINT('Origin',(-47.2499992189461,481.123792668446,-80.0802638441916));
#14964=CARTESIAN_POINT('',(-47.2499992189461,435.022824077293,-83.7901418688141));
#14965=CARTESIAN_POINT('Origin',(-47.2499992189461,601.453834799727,-134.748671410826));
#14966=CARTESIAN_POINT('',(-47.2499992189461,601.453834799727,-134.748671410826));
#14967=CARTESIAN_POINT('Origin',(-47.2499992189461,563.838524345473,-15.1013317301245));
#14968=CARTESIAN_POINT('',(-47.2499992189461,563.838524345473,-15.1013317301245));
#14969=CARTESIAN_POINT('Origin',(-47.2499992189461,611.546761709113,-101.785082355691));
#14970=CARTESIAN_POINT('Origin',(-47.2499992189461,530.130688755219,-55.7327472648663));
#14971=CARTESIAN_POINT('',(-47.2499992189461,505.413844276602,-88.4232784596122));
#14972=CARTESIAN_POINT('',(-47.2499992189461,506.253868543134,-87.3122612537883));
#14973=CARTESIAN_POINT('Origin',(-47.2499992189461,608.17403376774,-116.643106674452));
#14974=CARTESIAN_POINT('',(-47.2499992189461,507.935613582549,-87.7962381358837));
#14975=CARTESIAN_POINT('Origin',(-47.2499992189461,511.05591523139,-123.586517819603));
#14976=CARTESIAN_POINT('',(-47.2499992189461,508.056586481397,-89.1838135600479));
#14977=CARTESIAN_POINT('Origin',(-47.2499992189461,607.814508083898,-117.892402989446));
#14978=CARTESIAN_POINT('',(-47.2499992189461,510.074680528695,-89.7645858185623));
#14979=CARTESIAN_POINT('Origin',(-47.2499992189461,533.741494674147,-58.4628261310962));
#14980=CARTESIAN_POINT('',(-47.2499992189461,510.914704795227,-88.6535686127383));
#14981=CARTESIAN_POINT('Origin',(-47.2499992189461,608.17403376774,-116.643106674452));
#14982=CARTESIAN_POINT('',(-47.2499992189461,512.596449834642,-89.1375454948337));
#14983=CARTESIAN_POINT('Origin',(-47.2499992189461,515.565535359924,-123.193355898349));
#14984=CARTESIAN_POINT('',(-47.2499992189461,512.71742273349,-90.5251209189979));
#14985=CARTESIAN_POINT('Origin',(-47.2499992189461,607.814508083898,-117.892402989446));
#14986=CARTESIAN_POINT('',(-47.2499992189461,514.735516780788,-91.1058931775124));
#14987=CARTESIAN_POINT('Origin',(-47.2499992189461,537.352300593074,-61.1929049973263));
#14988=CARTESIAN_POINT('',(-47.2499992189461,515.575541047321,-89.9948759716884));
#14989=CARTESIAN_POINT('Origin',(-47.2499992189461,608.17403376774,-116.643106674452));
#14990=CARTESIAN_POINT('',(-47.2499992189461,517.257286086736,-90.4788528537838));
#14991=CARTESIAN_POINT('Origin',(-47.2499992189461,520.075155488457,-122.800193977094));
#14992=CARTESIAN_POINT('',(-47.2499992189461,517.378258985583,-91.8664282779479));
#14993=CARTESIAN_POINT('Origin',(-47.2499992189461,607.814508083898,-117.892402989446));
#14994=CARTESIAN_POINT('',(-47.2499992189461,519.396353032882,-92.4472005364624));
#14995=CARTESIAN_POINT('Origin',(-47.2499992189461,540.963106512001,-63.9229838635568));
#14996=CARTESIAN_POINT('',(-47.2499992189461,520.236377299414,-91.3361833306384));
#14997=CARTESIAN_POINT('Origin',(-47.2499992189461,608.17403376774,-116.643106674452));
#14998=CARTESIAN_POINT('',(-47.2499992189461,521.918122338829,-91.8201602127338));
#14999=CARTESIAN_POINT('Origin',(-47.2499992189461,524.584775616991,-122.407032055839));
#15000=CARTESIAN_POINT('',(-47.2499992189461,522.039095237677,-93.207735636898));
#15001=CARTESIAN_POINT('Origin',(-47.2499992189461,607.814508083898,-117.892402989446));
#15002=CARTESIAN_POINT('',(-47.2499992189461,523.048142261326,-93.4981217661552));
#15003=CARTESIAN_POINT('Origin',(-47.2499992189461,608.547387362499,-115.34576050119));
#15004=CARTESIAN_POINT('',(-47.2499992189461,502.687133759835,-84.8810263853303));
#15005=CARTESIAN_POINT('Origin',(-47.2499992189461,502.763539065782,-84.6155297283317));
#15006=CARTESIAN_POINT('',(-47.2499992189461,502.313780165076,-86.1783725585934));
#15007=CARTESIAN_POINT('Origin',(-47.2499992189461,608.17403376774,-116.643106674452));
#15008=CARTESIAN_POINT('',(-47.2499992189461,503.274777330456,-86.4549307769336));
#15009=CARTESIAN_POINT('Origin',(-47.2499992189461,506.546295102857,-123.97967974086));
#15010=CARTESIAN_POINT('',(-47.2499992189461,503.395750229304,-87.8425062010978));
#15011=CARTESIAN_POINT('Origin',(-47.2499992189461,607.814508083898,-117.892402989446));
#15012=CARTESIAN_POINT('Origin',(-47.2499992189461,589.21034725345,-47.6219058058976));
#15013=CARTESIAN_POINT('',(-47.2499992189461,505.377845404806,-71.747570081884));
#15014=CARTESIAN_POINT('',(-47.2499992189461,503.359752207228,-72.3283452930347));
#15015=CARTESIAN_POINT('Origin',(-47.2499992189461,500.454728042984,-105.649926711919));
#15016=CARTESIAN_POINT('',(-47.2499992189461,503.238781338516,-73.7159208941906));
#15017=CARTESIAN_POINT('Origin',(-47.2499992189461,589.569874765115,-48.8712015948748));
#15018=CARTESIAN_POINT('',(-47.2499992189461,502.277784577765,-73.992480518548));
#15019=CARTESIAN_POINT('Origin',(-47.2499992189461,521.329061178818,-140.199569179361));
#15020=CARTESIAN_POINT('',(-47.2499992189461,502.663500508199,-75.3329223870357));
#15021=CARTESIAN_POINT('Origin',(-47.2499992189461,589.955629462067,-50.2116323069738));
#15022=CARTESIAN_POINT('',(-65.2499992189461,522.366537896295,-69.6627007574747));
#15023=CARTESIAN_POINT('Origin',(-47.2499992189461,589.21034725345,-47.6219058058976));
#15024=CARTESIAN_POINT('',(-47.2499992189461,523.0121359646,-66.6727009749249));
#15025=CARTESIAN_POINT('',(-47.2499992189461,522.003089365811,-66.9630885805002));
#15026=CARTESIAN_POINT('Origin',(-47.2499992189461,518.493210858011,-107.222548005164));
#15027=CARTESIAN_POINT('',(-47.2499992189461,521.882118497099,-68.3506641816561));
#15028=CARTESIAN_POINT('Origin',(-47.2499992189461,589.569874765115,-48.8712015948748));
#15029=CARTESIAN_POINT('',(-47.2499992189461,520.200374165784,-68.8346435242816));
#15030=CARTESIAN_POINT('Origin',(-47.2499992189461,574.610489692914,-140.797315416753));
#15031=CARTESIAN_POINT('',(-47.2499992189461,519.360348273743,-67.7236275474832));
#15032=CARTESIAN_POINT('Origin',(-47.2499992189461,589.21034725345,-47.6219058058976));
#15033=CARTESIAN_POINT('',(-47.2499992189461,517.342255076165,-68.3044027586338));
#15034=CARTESIAN_POINT('Origin',(-47.2499992189461,513.983590154255,-106.829392681853));
#15035=CARTESIAN_POINT('',(-47.2499992189461,517.221284207454,-69.6919783597897));
#15036=CARTESIAN_POINT('Origin',(-47.2499992189461,589.569874765115,-48.8712015948748));
#15037=CARTESIAN_POINT('',(-47.2499992189461,515.539539876138,-70.1759577024153));
#15038=CARTESIAN_POINT('Origin',(-47.2499992189461,570.999687768319,-143.527399565884));
#15039=CARTESIAN_POINT('',(-47.2499992189461,514.699513984098,-69.0649417256168));
#15040=CARTESIAN_POINT('Origin',(-47.2499992189461,589.21034725345,-47.6219058058976));
#15041=CARTESIAN_POINT('',(-47.2499992189461,512.681420786519,-69.6457169367674));
#15042=CARTESIAN_POINT('Origin',(-47.2499992189461,509.473969450498,-106.436237358541));
#15043=CARTESIAN_POINT('',(-47.2499992189461,512.560449917808,-71.0332925379233));
#15044=CARTESIAN_POINT('Origin',(-47.2499992189461,589.569874765115,-48.8712015948748));
#15045=CARTESIAN_POINT('',(-47.2499992189461,510.878705586492,-71.5172718805489));
#15046=CARTESIAN_POINT('Origin',(-47.2499992189461,567.388885843724,-146.257483715016));
#15047=CARTESIAN_POINT('',(-47.2499992189461,510.038679694452,-70.4062559037504));
#15048=CARTESIAN_POINT('Origin',(-47.2499992189461,589.21034725345,-47.6219058058976));
#15049=CARTESIAN_POINT('',(-47.2499992189461,508.020586496873,-70.987031114901));
#15050=CARTESIAN_POINT('Origin',(-47.2499992189461,504.964348746741,-106.04308203523));
#15051=CARTESIAN_POINT('',(-47.2499992189461,507.899615628162,-72.374606716057));
#15052=CARTESIAN_POINT('Origin',(-47.2499992189461,589.569874765115,-48.8712015948748));
#15053=CARTESIAN_POINT('',(-47.2499992189461,506.217871296847,-72.8585860586825));
#15054=CARTESIAN_POINT('Origin',(-47.2499992189461,563.778083919129,-148.987567864148));
#15055=CARTESIAN_POINT('Origin',(-43.4999992189461,608.623792668446,-115.080263844192));
#15056=CARTESIAN_POINT('Origin',(-43.4999992189461,608.623792668446,-115.080263844192));
#15057=CARTESIAN_POINT('Origin',(-28.4999992189461,601.623792668446,-80.0802638441916));
#15058=CARTESIAN_POINT('Origin',(-50.6499992189461,608.623792668446,-57.9302638441916));
#15059=CARTESIAN_POINT('',(-50.6499992189461,565.723792668446,-57.9302638441916));
#15060=CARTESIAN_POINT('Origin',(-50.6499992189461,565.723792668446,-115.080263844192));
#15061=CARTESIAN_POINT('Origin',(-28.4999992189461,565.723792668446,-80.0802638441916));
#15062=CARTESIAN_POINT('',(-50.6499992189461,565.723792668446,-102.230263844192));
#15063=CARTESIAN_POINT('Origin',(-50.6499992189461,608.623792668446,-102.230263844192));
#15064=CARTESIAN_POINT('Origin',(-28.4999992189461,596.623792668446,-80.0802638441916));
#15065=CARTESIAN_POINT('Origin',(-28.4999992189461,596.623792668446,-80.0802638441916));
#15066=CARTESIAN_POINT('Origin',(-28.4999992189461,596.623792668446,-80.0802638441916));
#15067=CARTESIAN_POINT('Origin',(-95.6499992189461,557.168792668446,-115.080263844192));
#15068=CARTESIAN_POINT('',(-95.6499992189461,557.168792668446,-95.5802638441916));
#15069=CARTESIAN_POINT('Origin',(-95.6499992189461,559.168792668446,-115.080263844192));
#15070=CARTESIAN_POINT('',(-95.6499992189461,559.168792668446,-95.5802638441916));
#15071=CARTESIAN_POINT('Origin',(-95.6499992189461,558.168792668446,-95.5802638441916));
#15072=CARTESIAN_POINT('Origin',(-95.6499992189461,552.168792668446,-115.080263844192));
#15073=CARTESIAN_POINT('',(-95.6499992189461,552.168792668446,-95.5802638441916));
#15074=CARTESIAN_POINT('Origin',(-95.6499992189461,554.168792668446,-115.080263844192));
#15075=CARTESIAN_POINT('',(-95.6499992189461,554.168792668446,-95.5802638441916));
#15076=CARTESIAN_POINT('Origin',(-95.6499992189461,553.168792668446,-95.5802638441916));
#15077=CARTESIAN_POINT('Origin',(-95.6499992189461,549.168792668446,-115.080263844192));
#15078=CARTESIAN_POINT('',(-95.6499992189461,549.168792668446,-95.5802638441916));
#15079=CARTESIAN_POINT('Origin',(-95.6499992189461,548.168792668446,-95.5802638441916));
#15080=CARTESIAN_POINT('',(-95.6499992189461,547.168792668446,-95.5802638441916));
#15081=CARTESIAN_POINT('Origin',(-95.6499992189461,547.168792668446,-115.080263844192));
#15082=CARTESIAN_POINT('Origin',(-95.6499992189461,544.168792668446,-115.080263844192));
#15083=CARTESIAN_POINT('',(-95.6499992189461,544.168792668446,-95.5802638441916));
#15084=CARTESIAN_POINT('Origin',(-95.6499992189461,543.168792668446,-95.5802638441916));
#15085=CARTESIAN_POINT('',(-95.6499992189461,542.168792668446,-95.5802638441916));
#15086=CARTESIAN_POINT('Origin',(-95.6499992189461,542.168792668446,-115.080263844192));
#15087=CARTESIAN_POINT('Origin',(-95.6499992189461,537.168792668446,-115.080263844192));
#15088=CARTESIAN_POINT('',(-95.6499992189461,537.168792668446,-95.5802638441916));
#15089=CARTESIAN_POINT('Origin',(-95.6499992189461,539.168792668446,-115.080263844192));
#15090=CARTESIAN_POINT('',(-95.6499992189461,539.168792668446,-95.5802638441916));
#15091=CARTESIAN_POINT('Origin',(-95.6499992189461,538.168792668446,-95.5802638441916));
#15092=CARTESIAN_POINT('Origin',(-43.9999992189461,570.723792668446,-95.5802638441916));
#15093=CARTESIAN_POINT('Origin',(-43.9999992189461,570.723792668446,-64.5802638441916));
#15094=CARTESIAN_POINT('Origin',(-47.2499992189461,524.019176989008,-97.373282782228));
#15095=CARTESIAN_POINT('Origin',(-47.2499992189461,524.019151687859,-62.7871821467147));
#15096=CARTESIAN_POINT('Origin',(-51.2499992189461,526.656133304719,-115.080263844192));
#15097=CARTESIAN_POINT('Ctrl Pts',(-51.2499992189461,530.656133304719,-71.0802638441916));
#15098=CARTESIAN_POINT('Ctrl Pts',(-50.7375355438751,530.656133304719,-71.0802638441916));
#15099=CARTESIAN_POINT('Ctrl Pts',(-50.2022796298055,530.55200177449,-71.0041851808922));
#15100=CARTESIAN_POINT('Ctrl Pts',(-49.2326048672528,530.149789618705,-70.7417257661593));
#15101=CARTESIAN_POINT('Ctrl Pts',(-48.7968999148546,529.852070559096,-70.5595611578364));
#15102=CARTESIAN_POINT('Ctrl Pts',(-48.0943892900185,529.164824195073,-70.2006298966739));
#15103=CARTESIAN_POINT('Ctrl Pts',(-47.7815366034173,528.720120055187,-69.9969009087604));
#15104=CARTESIAN_POINT('Ctrl Pts',(-47.3590437715015,527.728859128648,-69.645834720615));
#15105=CARTESIAN_POINT('Ctrl Pts',(-47.2499992189461,527.181500964343,-69.500045915862));
#15106=CARTESIAN_POINT('Ctrl Pts',(-47.2499992189461,526.656133304719,-69.4055602258423));
#15107=CARTESIAN_POINT('Origin',(-51.2499992189461,526.656133304719,-115.080263844192));
#15108=CARTESIAN_POINT('Ctrl Pts',(-47.2499992189461,526.656133304719,-90.7549077189872));
#15109=CARTESIAN_POINT('Ctrl Pts',(-47.2499992189461,527.181499654093,-90.6604285161605));
#15110=CARTESIAN_POINT('Ctrl Pts',(-47.3590432790693,527.728857072322,-90.5146468717906));
#15111=CARTESIAN_POINT('Ctrl Pts',(-47.7815350391757,528.7201172861,-90.1635946477909));
#15112=CARTESIAN_POINT('Ctrl Pts',(-48.094387169982,529.164821435607,-89.959872486902));
#15113=CARTESIAN_POINT('Ctrl Pts',(-48.7968978130486,529.852069161054,-89.6009519794485));
#15114=CARTESIAN_POINT('Ctrl Pts',(-49.2326036607025,530.149789029127,-89.4187922957996));
#15115=CARTESIAN_POINT('Ctrl Pts',(-50.2022796777244,530.552001883477,-89.1563402100745));
#15116=CARTESIAN_POINT('Ctrl Pts',(-50.7375358886941,530.656133304719,-89.0802638441916));
#15117=CARTESIAN_POINT('Ctrl Pts',(-51.2499992189461,530.656133304719,-89.0802638441916));
#15118=CARTESIAN_POINT('Origin',(-47.2499992189461,525.132134139869,-79.2726683649917));
#15119=CARTESIAN_POINT('Origin',(-65.2499992189461,524.886063873648,-79.2476562530709));
#15120=CARTESIAN_POINT('Origin',(-65.2499992189461,524.886177319735,-80.9127912895186));
#15121=CARTESIAN_POINT('Origin',(-88.4999992189461,478.594525400636,-108.769406523083));
#15122=CARTESIAN_POINT('',(-88.4999992189461,494.894943810128,-108.769406523083));
#15123=CARTESIAN_POINT('',(-88.4999992189461,480.026036365114,-92.5319677877688));
#15124=CARTESIAN_POINT('Origin',(-88.4999992189461,489.894943810128,-108.769406523083));
#15125=CARTESIAN_POINT('',(-88.4999992189461,484.894943810128,-108.769406523083));
#15126=CARTESIAN_POINT('Origin',(-88.4999992189461,478.594525400636,-108.769406523083));
#15127=CARTESIAN_POINT('',(-88.4999992189461,479.147831322448,-102.49333094263));
#15128=CARTESIAN_POINT('Origin',(-88.4999992189461,481.123792668446,-80.0802638441916));
#15129=CARTESIAN_POINT('',(-88.4999992189461,479.147831322448,-57.6671967457527));
#15130=CARTESIAN_POINT('Origin',(-88.4999992189461,478.594525400636,-51.3911211653005));
#15131=CARTESIAN_POINT('Origin',(-88.4999992189461,478.594525400636,-51.3911211653005));
#15132=CARTESIAN_POINT('',(-88.4999992189461,480.026036365114,-67.6285599006144));
#15133=CARTESIAN_POINT('Origin',(-88.4999992189461,481.123792668446,-80.0802638441916));
#15134=CARTESIAN_POINT('Origin',(-88.4999992189461,481.123792668446,-80.0802638441916));
#15135=CARTESIAN_POINT('',(-88.4999992189461,452.575097376791,-93.3927390890236));
#15136=CARTESIAN_POINT('Origin',(-88.4999992189461,448.043558441608,-95.5058303977272));
#15137=CARTESIAN_POINT('',(-88.4999992189461,443.512019506425,-97.6189217064307));
#15138=CARTESIAN_POINT('Origin',(-88.4999992189461,481.123792668446,-80.0802638441916));
#15139=CARTESIAN_POINT('Origin',(-65.2499992189461,531.156133304719,-80.0802638441916));
#15140=CARTESIAN_POINT('',(-65.2499992189461,531.156133304719,-80.0802638441916));
#15141=CARTESIAN_POINT('',(-65.2499992189461,531.156133304719,-80.0802638441916));
#15142=CARTESIAN_POINT('',(-65.2499992189461,536.152299413344,-82.4100143620577));
#15143=CARTESIAN_POINT('',(-65.2499992189461,531.156133304719,-80.0802638441916));
#15144=CARTESIAN_POINT('',(-65.2499992189461,536.152299413344,-82.4100143620577));
#15145=CARTESIAN_POINT('Origin',(-65.2499992189461,531.156133304719,-80.0802638441916));
#15146=CARTESIAN_POINT('',(-65.2499992189461,536.152299413344,-77.7505133263255));
#15147=CARTESIAN_POINT('Origin',(-65.2499992189461,531.156133304719,-80.0802638441916));
#15148=CARTESIAN_POINT('',(-65.2499992189461,536.152299413344,-77.7505133263255));
#15149=CARTESIAN_POINT('Origin',(-65.2499992189461,531.156133304719,-80.0802638441916));
#15150=CARTESIAN_POINT('',(-65.2499992189461,531.156133304719,-80.0802638441916));
#15151=CARTESIAN_POINT('Origin',(-65.2499992189461,531.156133304719,-80.0802638441916));
#15152=CARTESIAN_POINT('Origin',(-32.4999992189461,493.8508863455,-40.5761791682843));
#15153=CARTESIAN_POINT('Origin',(-65.2499992189461,483.748936312492,-52.705848401152));
#15154=CARTESIAN_POINT('Origin',(-18.4999992189461,516.028499483984,-48.6441837768927));
#15155=CARTESIAN_POINT('',(-28.6999992189462,516.028499483984,-48.6441837768927));
#15156=CARTESIAN_POINT('',(-34.4999992189461,516.028499483984,-48.6441837768927));
#15157=CARTESIAN_POINT('',(-18.4999992189461,516.028499483984,-48.6441837768927));
#15158=CARTESIAN_POINT('',(-28.6999992189462,519.787487079317,-50.0116676920222));
#15159=CARTESIAN_POINT('',(-28.6999992189462,519.787487079317,-50.0116676920222));
#15160=CARTESIAN_POINT('',(-34.4999992189461,519.787487079317,-50.0116676920222));
#15161=CARTESIAN_POINT('',(-18.4999992189461,519.787487079317,-50.0116676920222));
#15162=CARTESIAN_POINT('',(-34.4999992189461,516.028499483984,-48.6441837768926));
#15163=CARTESIAN_POINT('Origin',(-18.4999992189461,519.787487079317,-50.0116676920222));
#15164=CARTESIAN_POINT('',(-28.6999992189462,520.471229036881,-48.132173894356));
#15165=CARTESIAN_POINT('',(-35.4999990842574,521.753672201045,-44.6069488942419));
#15166=CARTESIAN_POINT('',(-35.4999992189461,528.334261548876,-26.517995221196));
#15167=CARTESIAN_POINT('',(-37.4999993536348,521.753672201045,-44.6069488942419));
#15168=CARTESIAN_POINT('',(-18.4999992189461,521.753672465702,-44.6069485609425));
#15169=CARTESIAN_POINT('',(-37.4999992189461,520.813100015664,-47.192426995523));
#15170=CARTESIAN_POINT('',(-37.4999992189461,519.787487079317,-50.0116676920222));
#15171=CARTESIAN_POINT('Origin',(-34.4999992189461,520.813100015664,-47.192426995523));
#15172=CARTESIAN_POINT('Origin',(-18.4999992189461,516.712241441549,-46.7646899792265));
#15173=CARTESIAN_POINT('',(-28.6999992189462,516.028499483984,-48.6441837768927));
#15174=CARTESIAN_POINT('',(-37.4999992189461,517.054112420332,-45.8249430803935));
#15175=CARTESIAN_POINT('Origin',(-34.4999992189461,517.054112420332,-45.8249430803935));
#15176=CARTESIAN_POINT('',(-37.499999354481,517.998572836377,-43.2287776606291));
#15177=CARTESIAN_POINT('',(-37.4999992189461,516.712241441549,-46.7646899792265));
#15178=CARTESIAN_POINT('',(-35.4999990834113,517.998572836377,-43.2287776606291));
#15179=CARTESIAN_POINT('',(-18.4999992189461,517.998572848602,-43.2287772353166));
#15180=CARTESIAN_POINT('',(-35.4999992189461,524.575273953544,-25.1505113060665));
#15181=CARTESIAN_POINT('Origin',(-37.4999992189461,608.623792668446,-115.080263844192));
#15182=CARTESIAN_POINT('',(-37.4999992189461,621.105824547074,-81.0705059450663));
#15183=CARTESIAN_POINT('',(-37.4999992189461,520.813100015664,-47.192426995523));
#15184=CARTESIAN_POINT('Origin',(-18.4999992189461,496.670127041999,-41.6017921046315));
#15185=CARTESIAN_POINT('',(-28.6999992189461,496.670127041999,-41.6017921046315));
#15186=CARTESIAN_POINT('',(-28.6999992189461,496.670127041999,-41.6017921046315));
#15187=CARTESIAN_POINT('',(-34.4999992189461,496.670127041999,-41.6017921046315));
#15188=CARTESIAN_POINT('',(-18.4999992189461,496.670127041999,-41.6017921046315));
#15189=CARTESIAN_POINT('',(-37.4999992189461,497.695739978346,-38.7825514081323));
#15190=CARTESIAN_POINT('Origin',(-34.4999992189461,497.695739978346,-38.7825514081323));
#15191=CARTESIAN_POINT('',(-37.4999993537067,498.660223054881,-36.1313470014679));
#15192=CARTESIAN_POINT('',(-37.4999992189461,496.670127041999,-41.6017921046315));
#15193=CARTESIAN_POINT('',(-35.4999990841855,498.660223054881,-36.1313470014679));
#15194=CARTESIAN_POINT('',(-18.4999992189461,498.660223066647,-36.1313465751403));
#15195=CARTESIAN_POINT('',(-35.4999992189461,505.216901511558,-18.1081196338053));
#15196=CARTESIAN_POINT('Origin',(-18.4999992189461,500.429114637332,-42.9692760197607));
#15197=CARTESIAN_POINT('',(-28.6999992189461,500.429114637332,-42.9692760197607));
#15198=CARTESIAN_POINT('',(-28.6999992189461,500.429114637332,-42.9692760197607));
#15199=CARTESIAN_POINT('',(-34.4999992189461,500.429114637332,-42.9692760197607));
#15200=CARTESIAN_POINT('',(-18.4999992189461,500.429114637332,-42.9692760197607));
#15201=CARTESIAN_POINT('',(-34.4999992189461,500.429114637332,-42.9692760197607));
#15202=CARTESIAN_POINT('Origin',(-18.4999992189461,501.112856594896,-41.0897822220946));
#15203=CARTESIAN_POINT('',(-28.6999992189461,500.898550595685,-41.6788740452082));
#15204=CARTESIAN_POINT('',(-35.4999990850251,502.415322418106,-37.5095182345394));
#15205=CARTESIAN_POINT('',(-35.4999992189461,508.975889106891,-19.4756035489348));
#15206=CARTESIAN_POINT('',(-37.4999993536348,502.41532241909,-37.5095182340657));
#15207=CARTESIAN_POINT('',(-18.4999992189461,502.415322683746,-37.5095179007663));
#15208=CARTESIAN_POINT('',(-37.4999992189461,501.454727573679,-40.1500353232615));
#15209=CARTESIAN_POINT('',(-37.4999992189461,501.112856594896,-41.0897822220946));
#15210=CARTESIAN_POINT('Origin',(-34.4999992189461,501.454727573679,-40.1500353232615));
#15211=CARTESIAN_POINT('Origin',(-37.4999992189461,608.623792668446,-115.080263844192));
#15212=CARTESIAN_POINT('',(-37.4999992189461,498.659688974634,-36.131151417368));
#15213=CARTESIAN_POINT('',(-37.4999992189461,620.171324852027,-83.3380036577658));
#15214=CARTESIAN_POINT('Origin',(-35.4999992189461,505.216901511558,-18.1081196338053));
#15215=CARTESIAN_POINT('',(-35.4999992189461,498.609033250267,-36.1125600951875));
#15216=CARTESIAN_POINT('Origin',(-35.4999992189461,524.575273953544,-25.1505113060665));
#15217=CARTESIAN_POINT('',(-35.4999992189461,517.947226710584,-43.2099333832508));
#15218=CARTESIAN_POINT('Origin',(-34.4999992189461,620.171324852026,-83.3380036577783));
#15219=CARTESIAN_POINT('Origin',(-34.4999992189461,620.171324852027,-83.3380036577658));
#15220=CARTESIAN_POINT('Origin',(-28.6999992189462,520.471229036881,-48.132173894356));
#15221=CARTESIAN_POINT('',(-29.3666658856129,519.616817118471,-48.5307578410564));
#15222=CARTESIAN_POINT('Origin',(-28.6999992189462,519.787487079317,-50.0116676920222));
#15223=CARTESIAN_POINT('',(-30.0333325522795,518.990319185916,-48.3028438552017));
#15224=CARTESIAN_POINT('Origin',(-28.6999992189462,516.028499483984,-48.6441837768927));
#15225=CARTESIAN_POINT('',(-29.3666658856128,516.882911402395,-48.2455998301922));
#15226=CARTESIAN_POINT('Origin',(-28.6999992189462,516.712241441549,-46.7646899792265));
#15227=CARTESIAN_POINT('Origin',(-28.6999992189461,497.353868999564,-39.7222983069651));
#15228=CARTESIAN_POINT('',(-28.6999992189461,497.353868999564,-39.7222983069651));
#15229=CARTESIAN_POINT('Origin',(-28.6999992189461,496.670127041999,-41.6017921046315));
#15230=CARTESIAN_POINT('',(-28.6999992189461,496.670127041999,-41.6017921046315));
#15231=CARTESIAN_POINT('Origin',(-28.6999992189461,500.429114637332,-42.9692760197607));
#15232=CARTESIAN_POINT('',(-29.3666658856127,500.030530690631,-42.1148641013505));
#15233=CARTESIAN_POINT('Origin',(-28.6999992189461,501.112856594896,-41.0897822220946));
#15234=CARTESIAN_POINT('Origin',(-37.6999992189461,621.174732834843,-80.882751723072));
#15235=CARTESIAN_POINT('',(-0.953177148998816,539.911428313444,-90.2015794029662));
#15236=CARTESIAN_POINT('',(-72.8439077698444,566.922816384009,-23.5355013302675));
#15237=CARTESIAN_POINT('Origin',(-47.2499992189461,522.009269337923,-44.4877123846915));
#15238=CARTESIAN_POINT('',(-0.156090668047866,566.922816384009,-23.5355013302674));
#15239=CARTESIAN_POINT('Origin',(-47.2499992189461,517.878656723628,-42.9717228124395));
#15240=CARTESIAN_POINT('',(-72.0468212888933,539.911428313444,-90.2015794029663));
#15241=CARTESIAN_POINT('Origin',(-35.2999992189461,621.174732834843,-80.882751723072));
#15242=CARTESIAN_POINT('Origin',(-47.2499992189461,502.670919555968,-37.3902817245154));
#15243=CARTESIAN_POINT('',(-79.6973542450227,556.343099417333,-12.3521603966176));
#15244=CARTESIAN_POINT('',(-39.2984042120166,497.560999852373,-39.7740639715736));
#15245=CARTESIAN_POINT('Origin',(-35.2999992189461,621.174732834843,-80.882751723072));
#15246=CARTESIAN_POINT('',(-39.2682036496121,500.919575050249,-40.9745352651369));
#15247=CARTESIAN_POINT('Origin',(-37.6999992189461,621.174732834843,-80.882751723072));
#15248=CARTESIAN_POINT('',(-40.8712420903147,496.63888347415,-31.7983656478331));
#15249=CARTESIAN_POINT('Origin',(-47.2499992189461,498.540306941673,-35.8742921522633));
#15250=UNCERTAINTY_MEASURE_WITH_UNIT(LENGTH_MEASURE(0.01),#15254,
'DISTANCE_ACCURACY_VALUE',
'Maximum model space distance between geometric entities at asserted c
onnectivities');
#15251=UNCERTAINTY_MEASURE_WITH_UNIT(LENGTH_MEASURE(0.01),#15254,
'DISTANCE_ACCURACY_VALUE',
'Maximum model space distance between geometric entities at asserted c
onnectivities');
#15252=(
GEOMETRIC_REPRESENTATION_CONTEXT(3)
GLOBAL_UNCERTAINTY_ASSIGNED_CONTEXT((#15250))
GLOBAL_UNIT_ASSIGNED_CONTEXT((#15254,#15256,#15257))
REPRESENTATION_CONTEXT('','3D')
);
#15253=(
GEOMETRIC_REPRESENTATION_CONTEXT(3)
GLOBAL_UNCERTAINTY_ASSIGNED_CONTEXT((#15251))
GLOBAL_UNIT_ASSIGNED_CONTEXT((#15254,#15256,#15257))
REPRESENTATION_CONTEXT('','3D')
);
#15254=(
LENGTH_UNIT()
NAMED_UNIT(*)
SI_UNIT(.MILLI.,.METRE.)
);
#15255=(
LENGTH_UNIT()
NAMED_UNIT(*)
SI_UNIT($,.METRE.)
);
#15256=(
NAMED_UNIT(*)
PLANE_ANGLE_UNIT()
SI_UNIT($,.RADIAN.)
);
#15257=(
NAMED_UNIT(*)
SI_UNIT($,.STERADIAN.)
SOLID_ANGLE_UNIT()
);
#15258=SHAPE_DEFINITION_REPRESENTATION(#15259,#15260);
#15259=PRODUCT_DEFINITION_SHAPE('',$,#15262);
#15260=SHAPE_REPRESENTATION('',(#8274),#15252);
#15261=PRODUCT_DEFINITION_CONTEXT('part definition',#15266,'design');
#15262=PRODUCT_DEFINITION('1M2A','moveo v51',#15263,#15261);
#15263=PRODUCT_DEFINITION_FORMATION('',$,#15268);
#15264=PRODUCT_RELATED_PRODUCT_CATEGORY('moveo v51','moveo v51',(#15268));
#15265=APPLICATION_PROTOCOL_DEFINITION('international standard',
'automotive_design',2009,#15266);
#15266=APPLICATION_CONTEXT(
'Core Data for Automotive Mechanical Design Process');
#15267=PRODUCT_CONTEXT('part definition',#15266,'mechanical');
#15268=PRODUCT('1M2A','moveo v51','STEP AP214',(#15267));
#15269=PRESENTATION_STYLE_ASSIGNMENT((#15271));
#15270=PRESENTATION_STYLE_ASSIGNMENT((#15272));
#15271=SURFACE_STYLE_USAGE(.BOTH.,#15273);
#15272=SURFACE_STYLE_USAGE(.BOTH.,#15274);
#15273=SURFACE_SIDE_STYLE('',(#15275));
#15274=SURFACE_SIDE_STYLE('',(#15276));
#15275=SURFACE_STYLE_FILL_AREA(#15277);
#15276=SURFACE_STYLE_FILL_AREA(#15278);
#15277=FILL_AREA_STYLE('Steel - Satin',(#15279));
#15278=FILL_AREA_STYLE('Opaque(202,209,238)',(#15280));
#15279=FILL_AREA_STYLE_COLOUR('Steel - Satin',#15281);
#15280=FILL_AREA_STYLE_COLOUR('Opaque(202,209,238)',#15282);
#15281=COLOUR_RGB('Steel - Satin',0.627450980392157,0.627450980392157,0.627450980392157);
#15282=COLOUR_RGB('Opaque(202,209,238)',0.792156862745098,0.819607843137255,
0.933333333333333);
ENDSEC;
END-ISO-10303-21;
