ISO-10303-21;
HEADER;
/* Generated by software containing ST-Developer
 * from STEP Tools, Inc. (www.steptools.com) 
 */

FILE_DESCRIPTION(
/* description */ ('STEP AP214'),
/* implementation_level */ '2;1');

FILE_NAME(
/* name */ '4M2B.step',
/* time_stamp */ '2026-07-01T21:42:15-04:00',
/* author */ (''),
/* organization */ (''),
/* preprocessor_version */ 'ST-DEVELOPER v20.1',
/* originating_system */ 'Autodesk Translation Framework v15.8.0.0',
/* authorisation */ '');

FILE_SCHEMA (('AUTOMOTIVE_DESIGN { 1 0 10303 214 3 1 1 }'));
ENDSEC;

DATA;
#10=MECHANICAL_DESIGN_GEOMETRIC_PRESENTATION_REPRESENTATION('',(#13),#2174);
#11=SHAPE_REPRESENTATION_RELATIONSHIP('SRR','None',#2181,#12);
#12=ADVANCED_BREP_SHAPE_REPRESENTATION('',(#14),#2173);
#13=STYLED_ITEM('',(#2191),#14);
#14=MANIFOLD_SOLID_BREP('4M2B',#1270);
#15=(
BOUNDED_SURFACE()
B_SPLINE_SURFACE(3,2,((#2077,#2078,#2079),(#2080,#2081,#2082),(#2083,#2084,
#2085),(#2086,#2087,#2088)),.UNSPECIFIED.,.F.,.F.,.F.)
B_SPLINE_SURFACE_WITH_KNOTS((4,4),(3,3),(-1.65225253437809E-5,0.00275375422396348),
(0.,1.00000058910622),.UNSPECIFIED.)
GEOMETRIC_REPRESENTATION_ITEM()
RATIONAL_B_SPLINE_SURFACE(((1.,0.70710660864133,1.00000034509064),(1.,0.70710660864133,
1.00000034509064),(1.,0.70710660864133,1.00000034509064),(1.,0.70710660864133,
1.00000034509064)))
REPRESENTATION_ITEM('')
SURFACE()
);
#16=B_SPLINE_SURFACE_WITH_KNOTS('',2,1,((#2068,#2069),(#2070,#2071),(#2072,
#2073)),.UNSPECIFIED.,.F.,.F.,.F.,(3,3),(2,2),(0.,1.),(0.,1.68),
 .UNSPECIFIED.);
#17=CONICAL_SURFACE('',#1312,5.10000000000001,0.785398163397448);
#18=ELLIPSE('',#1297,17.5685959076237,14.9999999999998);
#19=ELLIPSE('',#1350,17.5685959076239,15.);
#20=LINE('',#1813,#141);
#21=LINE('',#1816,#142);
#22=LINE('',#1837,#143);
#23=LINE('',#1839,#144);
#24=LINE('',#1841,#145);
#25=LINE('',#1843,#146);
#26=LINE('',#1845,#147);
#27=LINE('',#1846,#148);
#28=LINE('',#1849,#149);
#29=LINE('',#1851,#150);
#30=LINE('',#1853,#151);
#31=LINE('',#1855,#152);
#32=LINE('',#1857,#153);
#33=LINE('',#1858,#154);
#34=LINE('',#1861,#155);
#35=LINE('',#1863,#156);
#36=LINE('',#1865,#157);
#37=LINE('',#1867,#158);
#38=LINE('',#1869,#159);
#39=LINE('',#1870,#160);
#40=LINE('',#1873,#161);
#41=LINE('',#1875,#162);
#42=LINE('',#1877,#163);
#43=LINE('',#1879,#164);
#44=LINE('',#1880,#165);
#45=LINE('',#1883,#166);
#46=LINE('',#1889,#167);
#47=LINE('',#1895,#168);
#48=LINE('',#1901,#169);
#49=LINE('',#1907,#170);
#50=LINE('',#1913,#171);
#51=LINE('',#1919,#172);
#52=LINE('',#1920,#173);
#53=LINE('',#1925,#174);
#54=LINE('',#1926,#175);
#55=LINE('',#1928,#176);
#56=LINE('',#1933,#177);
#57=LINE('',#1939,#178);
#58=LINE('',#1945,#179);
#59=LINE('',#1952,#180);
#60=LINE('',#1954,#181);
#61=LINE('',#1955,#182);
#62=LINE('',#1958,#183);
#63=LINE('',#1960,#184);
#64=LINE('',#1962,#185);
#65=LINE('',#1963,#186);
#66=LINE('',#1966,#187);
#67=LINE('',#1968,#188);
#68=LINE('',#1970,#189);
#69=LINE('',#1971,#190);
#70=LINE('',#1976,#191);
#71=LINE('',#1980,#192);
#72=LINE('',#1994,#193);
#73=LINE('',#1995,#194);
#74=LINE('',#1997,#195);
#75=LINE('',#2000,#196);
#76=LINE('',#2002,#197);
#77=LINE('',#2005,#198);
#78=LINE('',#2006,#199);
#79=LINE('',#2008,#200);
#80=LINE('',#2022,#201);
#81=LINE('',#2024,#202);
#82=LINE('',#2025,#203);
#83=LINE('',#2028,#204);
#84=LINE('',#2030,#205);
#85=LINE('',#2031,#206);
#86=LINE('',#2034,#207);
#87=LINE('',#2035,#208);
#88=LINE('',#2038,#209);
#89=LINE('',#2039,#210);
#90=LINE('',#2042,#211);
#91=LINE('',#2044,#212);
#92=LINE('',#2046,#213);
#93=LINE('',#2047,#214);
#94=LINE('',#2050,#215);
#95=LINE('',#2051,#216);
#96=LINE('',#2054,#217);
#97=LINE('',#2056,#218);
#98=LINE('',#2057,#219);
#99=LINE('',#2059,#220);
#100=LINE('',#2061,#221);
#101=LINE('',#2064,#222);
#102=LINE('',#2091,#223);
#103=LINE('',#2093,#224);
#104=LINE('',#2094,#225);
#105=LINE('',#2097,#226);
#106=LINE('',#2098,#227);
#107=LINE('',#2101,#228);
#108=LINE('',#2102,#229);
#109=LINE('',#2105,#230);
#110=LINE('',#2106,#231);
#111=LINE('',#2109,#232);
#112=LINE('',#2110,#233);
#113=LINE('',#2112,#234);
#114=LINE('',#2117,#235);
#115=LINE('',#2119,#236);
#116=LINE('',#2121,#237);
#117=LINE('',#2123,#238);
#118=LINE('',#2125,#239);
#119=LINE('',#2126,#240);
#120=LINE('',#2128,#241);
#121=LINE('',#2129,#242);
#122=LINE('',#2131,#243);
#123=LINE('',#2133,#244);
#124=LINE('',#2135,#245);
#125=LINE('',#2137,#246);
#126=LINE('',#2142,#247);
#127=LINE('',#2144,#248);
#128=LINE('',#2146,#249);
#129=LINE('',#2148,#250);
#130=LINE('',#2150,#251);
#131=LINE('',#2151,#252);
#132=LINE('',#2153,#253);
#133=LINE('',#2154,#254);
#134=LINE('',#2156,#255);
#135=LINE('',#2158,#256);
#136=LINE('',#2160,#257);
#137=LINE('',#2162,#258);
#138=LINE('',#2166,#259);
#139=LINE('',#2167,#260);
#140=LINE('',#2169,#261);
#141=VECTOR('',#1424,1000.);
#142=VECTOR('',#1427,1000.);
#143=VECTOR('',#1450,10.);
#144=VECTOR('',#1451,10.);
#145=VECTOR('',#1452,10.);
#146=VECTOR('',#1453,10.);
#147=VECTOR('',#1454,10.);
#148=VECTOR('',#1455,10.);
#149=VECTOR('',#1456,10.);
#150=VECTOR('',#1457,10.);
#151=VECTOR('',#1458,10.);
#152=VECTOR('',#1459,10.);
#153=VECTOR('',#1460,10.);
#154=VECTOR('',#1461,10.);
#155=VECTOR('',#1462,10.);
#156=VECTOR('',#1463,10.);
#157=VECTOR('',#1464,10.);
#158=VECTOR('',#1465,10.);
#159=VECTOR('',#1466,10.);
#160=VECTOR('',#1467,10.);
#161=VECTOR('',#1470,1000.);
#162=VECTOR('',#1471,1000.);
#163=VECTOR('',#1472,1000.);
#164=VECTOR('',#1473,1000.);
#165=VECTOR('',#1474,1000.);
#166=VECTOR('',#1477,2.74999999999997);
#167=VECTOR('',#1484,5.10000000000001);
#168=VECTOR('',#1491,1.65);
#169=VECTOR('',#1498,1.65);
#170=VECTOR('',#1505,1.65);
#171=VECTOR('',#1512,1.65);
#172=VECTOR('',#1519,1000.);
#173=VECTOR('',#1520,1000.);
#174=VECTOR('',#1525,1000.);
#175=VECTOR('',#1526,1000.);
#176=VECTOR('',#1529,4.1);
#177=VECTOR('',#1534,1.6);
#178=VECTOR('',#1541,1.6);
#179=VECTOR('',#1548,1.6);
#180=VECTOR('',#1555,1000.);
#181=VECTOR('',#1556,1000.);
#182=VECTOR('',#1557,1000.);
#183=VECTOR('',#1558,10.);
#184=VECTOR('',#1559,1000.);
#185=VECTOR('',#1560,10.);
#186=VECTOR('',#1561,1000.);
#187=VECTOR('',#1562,1000.);
#188=VECTOR('',#1563,10.);
#189=VECTOR('',#1564,1000.);
#190=VECTOR('',#1565,10.);
#191=VECTOR('',#1572,1000.);
#192=VECTOR('',#1575,1000.);
#193=VECTOR('',#1578,1000.);
#194=VECTOR('',#1579,1000.);
#195=VECTOR('',#1582,1000.);
#196=VECTOR('',#1585,1000.);
#197=VECTOR('',#1586,1000.);
#198=VECTOR('',#1589,1000.);
#199=VECTOR('',#1590,1000.);
#200=VECTOR('',#1593,1000.);
#201=VECTOR('',#1602,10.);
#202=VECTOR('',#1603,10.);
#203=VECTOR('',#1604,10.);
#204=VECTOR('',#1607,10.);
#205=VECTOR('',#1608,1000.);
#206=VECTOR('',#1609,1000.);
#207=VECTOR('',#1612,10.);
#208=VECTOR('',#1613,10.);
#209=VECTOR('',#1616,1000.);
#210=VECTOR('',#1617,1000.);
#211=VECTOR('',#1620,10.);
#212=VECTOR('',#1621,1000.);
#213=VECTOR('',#1622,1000.);
#214=VECTOR('',#1623,10.);
#215=VECTOR('',#1626,10.);
#216=VECTOR('',#1627,10.);
#217=VECTOR('',#1630,10.);
#218=VECTOR('',#1631,1000.);
#219=VECTOR('',#1632,1000.);
#220=VECTOR('',#1635,10.);
#221=VECTOR('',#1638,1000.);
#222=VECTOR('',#1643,1000.);
#223=VECTOR('',#1658,10.);
#224=VECTOR('',#1659,10.);
#225=VECTOR('',#1660,10.);
#226=VECTOR('',#1663,10.);
#227=VECTOR('',#1664,10.);
#228=VECTOR('',#1667,10.);
#229=VECTOR('',#1668,10.);
#230=VECTOR('',#1671,10.);
#231=VECTOR('',#1672,10.);
#232=VECTOR('',#1675,10.);
#233=VECTOR('',#1676,10.);
#234=VECTOR('',#1679,10.);
#235=VECTOR('',#1684,10.);
#236=VECTOR('',#1685,10.);
#237=VECTOR('',#1686,10.);
#238=VECTOR('',#1687,10.);
#239=VECTOR('',#1688,10.);
#240=VECTOR('',#1689,10.);
#241=VECTOR('',#1692,10.);
#242=VECTOR('',#1693,10.);
#243=VECTOR('',#1696,10.);
#244=VECTOR('',#1699,10.);
#245=VECTOR('',#1702,10.);
#246=VECTOR('',#1705,10.);
#247=VECTOR('',#1710,10.);
#248=VECTOR('',#1711,10.);
#249=VECTOR('',#1712,10.);
#250=VECTOR('',#1713,10.);
#251=VECTOR('',#1714,10.);
#252=VECTOR('',#1715,10.);
#253=VECTOR('',#1718,10.);
#254=VECTOR('',#1719,10.);
#255=VECTOR('',#1722,10.);
#256=VECTOR('',#1725,10.);
#257=VECTOR('',#1728,10.);
#258=VECTOR('',#1731,10.);
#259=VECTOR('',#1736,1000.);
#260=VECTOR('',#1737,1000.);
#261=VECTOR('',#1740,1000.);
#262=CYLINDRICAL_SURFACE('',#1296,15.);
#263=CYLINDRICAL_SURFACE('',#1310,2.74999999999997);
#264=CYLINDRICAL_SURFACE('',#1315,1.65);
#265=CYLINDRICAL_SURFACE('',#1318,1.65);
#266=CYLINDRICAL_SURFACE('',#1321,1.65);
#267=CYLINDRICAL_SURFACE('',#1324,1.65);
#268=CYLINDRICAL_SURFACE('',#1327,22.5);
#269=CYLINDRICAL_SURFACE('',#1329,27.5);
#270=CYLINDRICAL_SURFACE('',#1331,4.1);
#271=CYLINDRICAL_SURFACE('',#1332,1.6);
#272=CYLINDRICAL_SURFACE('',#1335,1.6);
#273=CYLINDRICAL_SURFACE('',#1338,1.6);
#274=CYLINDRICAL_SURFACE('',#1345,35.);
#275=CYLINDRICAL_SURFACE('',#1352,15.);
#276=CYLINDRICAL_SURFACE('',#1353,3.5);
#277=CYLINDRICAL_SURFACE('',#1354,3.5);
#278=B_SPLINE_CURVE_WITH_KNOTS('',3,(#1756,#1757,#1758,#1759,#1760,#1761),
 .UNSPECIFIED.,.F.,.F.,(4,2,4),(0.0874345852517596,0.178648013081712,0.180254743074654),
 .UNSPECIFIED.);
#279=B_SPLINE_CURVE_WITH_KNOTS('',3,(#1770,#1771,#1772,#1773,#1774,#1775),
 .UNSPECIFIED.,.F.,.F.,(4,2,4),(-0.00160089922723463,0.,0.0908824166795543),
 .UNSPECIFIED.);
#280=B_SPLINE_CURVE_WITH_KNOTS('',3,(#1777,#1778,#1779,#1780,#1781,#1782),
 .UNSPECIFIED.,.F.,.F.,(4,2,4),(0.200503020241559,0.253013054165234,0.254815216911035),
 .UNSPECIFIED.);
#281=B_SPLINE_CURVE_WITH_KNOTS('',3,(#1785,#1786,#1787,#1788,#1789,#1790),
 .UNSPECIFIED.,.F.,.F.,(4,2,4),(-0.00180288315438205,0.,0.0525310244500143),
 .UNSPECIFIED.);
#282=B_SPLINE_CURVE_WITH_KNOTS('',3,(#1793,#1794,#1795,#1796,#1797,#1798,
#1799,#1800),.UNSPECIFIED.,.F.,.F.,(4,2,2,4),(0.0837019424142963,0.959273296566279,
1.59999478845695,2.12628602440944),.UNSPECIFIED.);
#283=B_SPLINE_CURVE_WITH_KNOTS('',3,(#1802,#1803,#1804,#1805,#1806,#1807,
#1808,#1809,#1810,#1811),.UNSPECIFIED.,.F.,.F.,(4,2,2,2,4),(-4.97214312118305,
-4.68927733332113,-4.40641154545921,-4.12354575759729,-3.92370684550921),
 .UNSPECIFIED.);
#284=B_SPLINE_CURVE_WITH_KNOTS('',3,(#1984,#1985,#1986,#1987,#1988,#1989,
#1990,#1991,#1992,#1993),.UNSPECIFIED.,.F.,.F.,(4,2,2,2,4),(3.92370684550917,
4.12354575759729,4.40641154545921,4.68927733332113,4.97214312118305),
 .UNSPECIFIED.);
#285=B_SPLINE_CURVE_WITH_KNOTS('',3,(#2010,#2011,#2012,#2013,#2014,#2015,
#2016,#2017),.UNSPECIFIED.,.F.,.F.,(4,2,2,4),(3.87385472722771,4.22922455698776,
4.66186160648154,5.25307687067414),.UNSPECIFIED.);
#286=FACE_BOUND('',#424,.T.);
#287=FACE_BOUND('',#429,.T.);
#288=FACE_BOUND('',#430,.T.);
#289=FACE_BOUND('',#431,.T.);
#290=FACE_BOUND('',#432,.T.);
#291=FACE_BOUND('',#433,.T.);
#292=FACE_BOUND('',#448,.T.);
#293=FACE_BOUND('',#449,.T.);
#294=FACE_BOUND('',#450,.T.);
#295=FACE_BOUND('',#451,.T.);
#296=FACE_BOUND('',#452,.T.);
#297=FACE_BOUND('',#453,.T.);
#298=FACE_BOUND('',#454,.T.);
#299=FACE_BOUND('',#455,.T.);
#300=FACE_BOUND('',#459,.T.);
#301=FACE_BOUND('',#460,.T.);
#302=FACE_BOUND('',#467,.T.);
#303=FACE_BOUND('',#470,.T.);
#304=FACE_BOUND('',#472,.T.);
#305=FACE_BOUND('',#475,.T.);
#306=FACE_BOUND('',#493,.T.);
#307=FACE_BOUND('',#495,.T.);
#308=FACE_BOUND('',#503,.T.);
#309=PLANE('',#1288);
#310=PLANE('',#1302);
#311=PLANE('',#1309);
#312=PLANE('',#1341);
#313=PLANE('',#1348);
#314=PLANE('',#1349);
#315=PLANE('',#1351);
#316=PLANE('',#1355);
#317=PLANE('',#1356);
#318=PLANE('',#1357);
#319=PLANE('',#1358);
#320=PLANE('',#1359);
#321=PLANE('',#1360);
#322=PLANE('',#1361);
#323=PLANE('',#1362);
#324=PLANE('',#1363);
#325=PLANE('',#1364);
#326=PLANE('',#1365);
#327=PLANE('',#1366);
#328=PLANE('',#1367);
#329=PLANE('',#1368);
#330=PLANE('',#1372);
#331=PLANE('',#1373);
#332=PLANE('',#1374);
#333=PLANE('',#1375);
#334=PLANE('',#1376);
#335=PLANE('',#1377);
#336=PLANE('',#1378);
#337=PLANE('',#1379);
#338=PLANE('',#1380);
#339=PLANE('',#1381);
#340=PLANE('',#1382);
#341=PLANE('',#1383);
#342=PLANE('',#1384);
#343=PLANE('',#1385);
#344=PLANE('',#1386);
#345=PLANE('',#1387);
#346=PLANE('',#1388);
#347=PLANE('',#1389);
#348=PLANE('',#1390);
#349=PLANE('',#1391);
#350=PLANE('',#1392);
#351=PLANE('',#1393);
#352=PLANE('',#1394);
#353=PLANE('',#1395);
#354=FACE_OUTER_BOUND('',#422,.T.);
#355=FACE_OUTER_BOUND('',#423,.T.);
#356=FACE_OUTER_BOUND('',#425,.T.);
#357=FACE_OUTER_BOUND('',#426,.T.);
#358=FACE_OUTER_BOUND('',#427,.T.);
#359=FACE_OUTER_BOUND('',#428,.T.);
#360=FACE_OUTER_BOUND('',#434,.T.);
#361=FACE_OUTER_BOUND('',#435,.T.);
#362=FACE_OUTER_BOUND('',#436,.T.);
#363=FACE_OUTER_BOUND('',#437,.T.);
#364=FACE_OUTER_BOUND('',#438,.T.);
#365=FACE_OUTER_BOUND('',#439,.T.);
#366=FACE_OUTER_BOUND('',#440,.T.);
#367=FACE_OUTER_BOUND('',#441,.T.);
#368=FACE_OUTER_BOUND('',#442,.T.);
#369=FACE_OUTER_BOUND('',#443,.T.);
#370=FACE_OUTER_BOUND('',#444,.T.);
#371=FACE_OUTER_BOUND('',#445,.T.);
#372=FACE_OUTER_BOUND('',#446,.T.);
#373=FACE_OUTER_BOUND('',#447,.T.);
#374=FACE_OUTER_BOUND('',#456,.T.);
#375=FACE_OUTER_BOUND('',#457,.T.);
#376=FACE_OUTER_BOUND('',#458,.T.);
#377=FACE_OUTER_BOUND('',#461,.T.);
#378=FACE_OUTER_BOUND('',#462,.T.);
#379=FACE_OUTER_BOUND('',#463,.T.);
#380=FACE_OUTER_BOUND('',#464,.T.);
#381=FACE_OUTER_BOUND('',#465,.T.);
#382=FACE_OUTER_BOUND('',#466,.T.);
#383=FACE_OUTER_BOUND('',#468,.T.);
#384=FACE_OUTER_BOUND('',#469,.T.);
#385=FACE_OUTER_BOUND('',#471,.T.);
#386=FACE_OUTER_BOUND('',#473,.T.);
#387=FACE_OUTER_BOUND('',#474,.T.);
#388=FACE_OUTER_BOUND('',#476,.T.);
#389=FACE_OUTER_BOUND('',#477,.T.);
#390=FACE_OUTER_BOUND('',#478,.T.);
#391=FACE_OUTER_BOUND('',#479,.T.);
#392=FACE_OUTER_BOUND('',#480,.T.);
#393=FACE_OUTER_BOUND('',#481,.T.);
#394=FACE_OUTER_BOUND('',#482,.T.);
#395=FACE_OUTER_BOUND('',#483,.T.);
#396=FACE_OUTER_BOUND('',#484,.T.);
#397=FACE_OUTER_BOUND('',#485,.T.);
#398=FACE_OUTER_BOUND('',#486,.T.);
#399=FACE_OUTER_BOUND('',#487,.T.);
#400=FACE_OUTER_BOUND('',#488,.T.);
#401=FACE_OUTER_BOUND('',#489,.T.);
#402=FACE_OUTER_BOUND('',#490,.T.);
#403=FACE_OUTER_BOUND('',#491,.T.);
#404=FACE_OUTER_BOUND('',#492,.T.);
#405=FACE_OUTER_BOUND('',#494,.T.);
#406=FACE_OUTER_BOUND('',#496,.T.);
#407=FACE_OUTER_BOUND('',#497,.T.);
#408=FACE_OUTER_BOUND('',#498,.T.);
#409=FACE_OUTER_BOUND('',#499,.T.);
#410=FACE_OUTER_BOUND('',#500,.T.);
#411=FACE_OUTER_BOUND('',#501,.T.);
#412=FACE_OUTER_BOUND('',#502,.T.);
#413=FACE_OUTER_BOUND('',#504,.T.);
#414=FACE_OUTER_BOUND('',#505,.T.);
#415=FACE_OUTER_BOUND('',#506,.T.);
#416=FACE_OUTER_BOUND('',#507,.T.);
#417=FACE_OUTER_BOUND('',#508,.T.);
#418=FACE_OUTER_BOUND('',#509,.T.);
#419=FACE_OUTER_BOUND('',#510,.T.);
#420=FACE_OUTER_BOUND('',#511,.T.);
#421=FACE_OUTER_BOUND('',#512,.T.);
#422=EDGE_LOOP('',(#848,#849,#850,#851));
#423=EDGE_LOOP('',(#852));
#424=EDGE_LOOP('',(#853));
#425=EDGE_LOOP('',(#854,#855,#856,#857,#858,#859,#860,#861,#862,#863));
#426=EDGE_LOOP('',(#864,#865,#866,#867,#868,#869));
#427=EDGE_LOOP('',(#870,#871,#872,#873,#874));
#428=EDGE_LOOP('',(#875,#876,#877,#878,#879));
#429=EDGE_LOOP('',(#880));
#430=EDGE_LOOP('',(#881,#882,#883,#884));
#431=EDGE_LOOP('',(#885,#886,#887,#888,#889,#890));
#432=EDGE_LOOP('',(#891,#892,#893,#894,#895,#896));
#433=EDGE_LOOP('',(#897,#898,#899,#900,#901,#902));
#434=EDGE_LOOP('',(#903,#904,#905,#906,#907,#908,#909));
#435=EDGE_LOOP('',(#910,#911,#912,#913));
#436=EDGE_LOOP('',(#914,#915,#916,#917));
#437=EDGE_LOOP('',(#918,#919,#920,#921));
#438=EDGE_LOOP('',(#922,#923,#924,#925));
#439=EDGE_LOOP('',(#926,#927,#928,#929));
#440=EDGE_LOOP('',(#930,#931,#932,#933));
#441=EDGE_LOOP('',(#934,#935,#936,#937));
#442=EDGE_LOOP('',(#938,#939,#940,#941));
#443=EDGE_LOOP('',(#942,#943,#944,#945));
#444=EDGE_LOOP('',(#946,#947,#948,#949));
#445=EDGE_LOOP('',(#950,#951,#952,#953));
#446=EDGE_LOOP('',(#954,#955,#956,#957));
#447=EDGE_LOOP('',(#958,#959,#960,#961));
#448=EDGE_LOOP('',(#962));
#449=EDGE_LOOP('',(#963));
#450=EDGE_LOOP('',(#964));
#451=EDGE_LOOP('',(#965));
#452=EDGE_LOOP('',(#966,#967,#968,#969));
#453=EDGE_LOOP('',(#970,#971,#972,#973));
#454=EDGE_LOOP('',(#974,#975,#976,#977));
#455=EDGE_LOOP('',(#978));
#456=EDGE_LOOP('',(#979,#980,#981,#982,#983,#984,#985,#986,#987,#988));
#457=EDGE_LOOP('',(#989,#990,#991,#992));
#458=EDGE_LOOP('',(#993,#994,#995,#996,#997,#998,#999,#1000,#1001,#1002));
#459=EDGE_LOOP('',(#1003));
#460=EDGE_LOOP('',(#1004));
#461=EDGE_LOOP('',(#1005,#1006,#1007,#1008));
#462=EDGE_LOOP('',(#1009,#1010,#1011,#1012,#1013,#1014));
#463=EDGE_LOOP('',(#1015,#1016,#1017,#1018));
#464=EDGE_LOOP('',(#1019,#1020,#1021,#1022));
#465=EDGE_LOOP('',(#1023,#1024,#1025,#1026));
#466=EDGE_LOOP('',(#1027,#1028,#1029,#1030,#1031));
#467=EDGE_LOOP('',(#1032));
#468=EDGE_LOOP('',(#1033,#1034,#1035,#1036));
#469=EDGE_LOOP('',(#1037,#1038,#1039,#1040,#1041));
#470=EDGE_LOOP('',(#1042));
#471=EDGE_LOOP('',(#1043,#1044,#1045,#1046,#1047));
#472=EDGE_LOOP('',(#1048));
#473=EDGE_LOOP('',(#1049,#1050,#1051,#1052));
#474=EDGE_LOOP('',(#1053,#1054,#1055,#1056,#1057));
#475=EDGE_LOOP('',(#1058));
#476=EDGE_LOOP('',(#1059,#1060,#1061,#1062));
#477=EDGE_LOOP('',(#1063,#1064,#1065,#1066));
#478=EDGE_LOOP('',(#1067,#1068,#1069,#1070));
#479=EDGE_LOOP('',(#1071,#1072,#1073,#1074));
#480=EDGE_LOOP('',(#1075,#1076,#1077,#1078));
#481=EDGE_LOOP('',(#1079));
#482=EDGE_LOOP('',(#1080));
#483=EDGE_LOOP('',(#1081,#1082,#1083,#1084));
#484=EDGE_LOOP('',(#1085,#1086,#1087,#1088,#1089));
#485=EDGE_LOOP('',(#1090,#1091,#1092,#1093));
#486=EDGE_LOOP('',(#1094,#1095,#1096,#1097));
#487=EDGE_LOOP('',(#1098,#1099,#1100,#1101));
#488=EDGE_LOOP('',(#1102,#1103,#1104,#1105));
#489=EDGE_LOOP('',(#1106,#1107,#1108,#1109));
#490=EDGE_LOOP('',(#1110,#1111,#1112,#1113));
#491=EDGE_LOOP('',(#1114,#1115,#1116,#1117));
#492=EDGE_LOOP('',(#1118,#1119,#1120,#1121,#1122,#1123));
#493=EDGE_LOOP('',(#1124));
#494=EDGE_LOOP('',(#1125,#1126,#1127,#1128,#1129,#1130));
#495=EDGE_LOOP('',(#1131));
#496=EDGE_LOOP('',(#1132,#1133,#1134,#1135));
#497=EDGE_LOOP('',(#1136,#1137,#1138,#1139));
#498=EDGE_LOOP('',(#1140,#1141,#1142,#1143));
#499=EDGE_LOOP('',(#1144,#1145,#1146,#1147));
#500=EDGE_LOOP('',(#1148,#1149,#1150,#1151));
#501=EDGE_LOOP('',(#1152,#1153,#1154,#1155));
#502=EDGE_LOOP('',(#1156,#1157,#1158,#1159,#1160,#1161));
#503=EDGE_LOOP('',(#1162));
#504=EDGE_LOOP('',(#1163,#1164,#1165,#1166));
#505=EDGE_LOOP('',(#1167,#1168,#1169,#1170));
#506=EDGE_LOOP('',(#1171,#1172,#1173,#1174));
#507=EDGE_LOOP('',(#1175,#1176,#1177,#1178));
#508=EDGE_LOOP('',(#1179,#1180,#1181,#1182));
#509=EDGE_LOOP('',(#1183,#1184,#1185,#1186));
#510=EDGE_LOOP('',(#1187,#1188,#1189,#1190));
#511=EDGE_LOOP('',(#1191,#1192,#1193,#1194));
#512=EDGE_LOOP('',(#1195,#1196,#1197));
#513=CIRCLE('',#1285,5.50000000000002);
#514=CIRCLE('',#1286,0.9);
#515=CIRCLE('',#1287,6.40000000000002);
#516=CIRCLE('',#1289,4.1);
#517=CIRCLE('',#1291,3.74999999999997);
#518=CIRCLE('',#1292,1.);
#519=CIRCLE('',#1293,2.74999999999997);
#520=CIRCLE('',#1294,3.74999999999997);
#521=CIRCLE('',#1295,3.74999999999997);
#522=CIRCLE('',#1299,30.);
#523=CIRCLE('',#1300,5.);
#524=CIRCLE('',#1301,35.);
#525=CIRCLE('',#1303,30.);
#526=CIRCLE('',#1304,30.0213193110341);
#527=CIRCLE('',#1305,3.5);
#528=CIRCLE('',#1306,27.5);
#529=CIRCLE('',#1307,3.5);
#530=CIRCLE('',#1308,22.5);
#531=CIRCLE('',#1311,2.74999999999997);
#532=CIRCLE('',#1313,4.1);
#533=CIRCLE('',#1314,5.10000000000001);
#534=CIRCLE('',#1316,1.65);
#535=CIRCLE('',#1317,1.65);
#536=CIRCLE('',#1319,1.65);
#537=CIRCLE('',#1320,1.65);
#538=CIRCLE('',#1322,1.65);
#539=CIRCLE('',#1323,1.65);
#540=CIRCLE('',#1325,1.65);
#541=CIRCLE('',#1326,1.65);
#542=CIRCLE('',#1328,22.5);
#543=CIRCLE('',#1330,27.5);
#544=CIRCLE('',#1333,1.6);
#545=CIRCLE('',#1334,1.6);
#546=CIRCLE('',#1336,1.6);
#547=CIRCLE('',#1337,1.6);
#548=CIRCLE('',#1339,1.6);
#549=CIRCLE('',#1340,1.6);
#550=CIRCLE('',#1342,35.);
#551=CIRCLE('',#1343,3.5);
#552=CIRCLE('',#1344,3.5);
#553=CIRCLE('',#1346,35.);
#554=CIRCLE('',#1347,35.);
#555=CIRCLE('',#1369,35.0241796466392);
#556=CIRCLE('',#1371,5.);
#557=VERTEX_POINT('',#1745);
#558=VERTEX_POINT('',#1747);
#559=VERTEX_POINT('',#1751);
#560=VERTEX_POINT('',#1754);
#561=VERTEX_POINT('',#1755);
#562=VERTEX_POINT('',#1762);
#563=VERTEX_POINT('',#1764);
#564=VERTEX_POINT('',#1767);
#565=VERTEX_POINT('',#1769);
#566=VERTEX_POINT('',#1776);
#567=VERTEX_POINT('',#1783);
#568=VERTEX_POINT('',#1792);
#569=VERTEX_POINT('',#1801);
#570=VERTEX_POINT('',#1812);
#571=VERTEX_POINT('',#1814);
#572=VERTEX_POINT('',#1818);
#573=VERTEX_POINT('',#1820);
#574=VERTEX_POINT('',#1824);
#575=VERTEX_POINT('',#1827);
#576=VERTEX_POINT('',#1828);
#577=VERTEX_POINT('',#1830);
#578=VERTEX_POINT('',#1832);
#579=VERTEX_POINT('',#1835);
#580=VERTEX_POINT('',#1836);
#581=VERTEX_POINT('',#1838);
#582=VERTEX_POINT('',#1840);
#583=VERTEX_POINT('',#1842);
#584=VERTEX_POINT('',#1844);
#585=VERTEX_POINT('',#1847);
#586=VERTEX_POINT('',#1848);
#587=VERTEX_POINT('',#1850);
#588=VERTEX_POINT('',#1852);
#589=VERTEX_POINT('',#1854);
#590=VERTEX_POINT('',#1856);
#591=VERTEX_POINT('',#1859);
#592=VERTEX_POINT('',#1860);
#593=VERTEX_POINT('',#1862);
#594=VERTEX_POINT('',#1864);
#595=VERTEX_POINT('',#1866);
#596=VERTEX_POINT('',#1868);
#597=VERTEX_POINT('',#1872);
#598=VERTEX_POINT('',#1874);
#599=VERTEX_POINT('',#1876);
#600=VERTEX_POINT('',#1878);
#601=VERTEX_POINT('',#1882);
#602=VERTEX_POINT('',#1886);
#603=VERTEX_POINT('',#1888);
#604=VERTEX_POINT('',#1892);
#605=VERTEX_POINT('',#1894);
#606=VERTEX_POINT('',#1898);
#607=VERTEX_POINT('',#1900);
#608=VERTEX_POINT('',#1904);
#609=VERTEX_POINT('',#1906);
#610=VERTEX_POINT('',#1910);
#611=VERTEX_POINT('',#1912);
#612=VERTEX_POINT('',#1916);
#613=VERTEX_POINT('',#1917);
#614=VERTEX_POINT('',#1922);
#615=VERTEX_POINT('',#1923);
#616=VERTEX_POINT('',#1930);
#617=VERTEX_POINT('',#1932);
#618=VERTEX_POINT('',#1936);
#619=VERTEX_POINT('',#1938);
#620=VERTEX_POINT('',#1942);
#621=VERTEX_POINT('',#1944);
#622=VERTEX_POINT('',#1948);
#623=VERTEX_POINT('',#1949);
#624=VERTEX_POINT('',#1951);
#625=VERTEX_POINT('',#1953);
#626=VERTEX_POINT('',#1956);
#627=VERTEX_POINT('',#1957);
#628=VERTEX_POINT('',#1959);
#629=VERTEX_POINT('',#1961);
#630=VERTEX_POINT('',#1964);
#631=VERTEX_POINT('',#1965);
#632=VERTEX_POINT('',#1967);
#633=VERTEX_POINT('',#1969);
#634=VERTEX_POINT('',#1975);
#635=VERTEX_POINT('',#1977);
#636=VERTEX_POINT('',#1979);
#637=VERTEX_POINT('',#1981);
#638=VERTEX_POINT('',#1983);
#639=VERTEX_POINT('',#1999);
#640=VERTEX_POINT('',#2001);
#641=VERTEX_POINT('',#2004);
#642=VERTEX_POINT('',#2021);
#643=VERTEX_POINT('',#2023);
#644=VERTEX_POINT('',#2027);
#645=VERTEX_POINT('',#2029);
#646=VERTEX_POINT('',#2033);
#647=VERTEX_POINT('',#2037);
#648=VERTEX_POINT('',#2041);
#649=VERTEX_POINT('',#2043);
#650=VERTEX_POINT('',#2045);
#651=VERTEX_POINT('',#2049);
#652=VERTEX_POINT('',#2053);
#653=VERTEX_POINT('',#2055);
#654=VERTEX_POINT('',#2090);
#655=VERTEX_POINT('',#2092);
#656=VERTEX_POINT('',#2096);
#657=VERTEX_POINT('',#2100);
#658=VERTEX_POINT('',#2104);
#659=VERTEX_POINT('',#2108);
#660=VERTEX_POINT('',#2115);
#661=VERTEX_POINT('',#2116);
#662=VERTEX_POINT('',#2118);
#663=VERTEX_POINT('',#2120);
#664=VERTEX_POINT('',#2122);
#665=VERTEX_POINT('',#2124);
#666=VERTEX_POINT('',#2140);
#667=VERTEX_POINT('',#2141);
#668=VERTEX_POINT('',#2143);
#669=VERTEX_POINT('',#2145);
#670=VERTEX_POINT('',#2147);
#671=VERTEX_POINT('',#2149);
#672=VERTEX_POINT('',#2165);
#673=EDGE_CURVE('',#557,#557,#513,.T.);
#674=EDGE_CURVE('',#557,#558,#514,.T.);
#675=EDGE_CURVE('',#558,#558,#515,.T.);
#676=EDGE_CURVE('',#559,#559,#516,.F.);
#677=EDGE_CURVE('',#560,#561,#278,.T.);
#678=EDGE_CURVE('',#561,#562,#517,.T.);
#679=EDGE_CURVE('',#562,#563,#518,.T.);
#680=EDGE_CURVE('',#563,#563,#519,.T.);
#681=EDGE_CURVE('',#562,#564,#520,.T.);
#682=EDGE_CURVE('',#564,#565,#279,.T.);
#683=EDGE_CURVE('',#565,#566,#280,.T.);
#684=EDGE_CURVE('',#566,#567,#521,.T.);
#685=EDGE_CURVE('',#567,#560,#281,.T.);
#686=EDGE_CURVE('',#565,#568,#282,.T.);
#687=EDGE_CURVE('',#569,#568,#283,.T.);
#688=EDGE_CURVE('',#570,#569,#20,.T.);
#689=EDGE_CURVE('',#571,#570,#18,.T.);
#690=EDGE_CURVE('',#566,#571,#21,.T.);
#691=EDGE_CURVE('',#572,#564,#522,.T.);
#692=EDGE_CURVE('',#572,#573,#523,.T.);
#693=EDGE_CURVE('',#568,#573,#524,.T.);
#694=EDGE_CURVE('',#561,#574,#525,.T.);
#695=EDGE_CURVE('',#574,#572,#526,.T.);
#696=EDGE_CURVE('',#575,#576,#527,.T.);
#697=EDGE_CURVE('',#577,#575,#528,.T.);
#698=EDGE_CURVE('',#578,#577,#529,.T.);
#699=EDGE_CURVE('',#576,#578,#530,.T.);
#700=EDGE_CURVE('',#579,#580,#22,.F.);
#701=EDGE_CURVE('',#581,#579,#23,.F.);
#702=EDGE_CURVE('',#582,#581,#24,.F.);
#703=EDGE_CURVE('',#583,#582,#25,.F.);
#704=EDGE_CURVE('',#584,#583,#26,.F.);
#705=EDGE_CURVE('',#580,#584,#27,.F.);
#706=EDGE_CURVE('',#585,#586,#28,.F.);
#707=EDGE_CURVE('',#587,#585,#29,.F.);
#708=EDGE_CURVE('',#588,#587,#30,.F.);
#709=EDGE_CURVE('',#589,#588,#31,.F.);
#710=EDGE_CURVE('',#590,#589,#32,.F.);
#711=EDGE_CURVE('',#586,#590,#33,.F.);
#712=EDGE_CURVE('',#591,#592,#34,.F.);
#713=EDGE_CURVE('',#593,#591,#35,.F.);
#714=EDGE_CURVE('',#594,#593,#36,.F.);
#715=EDGE_CURVE('',#595,#594,#37,.F.);
#716=EDGE_CURVE('',#596,#595,#38,.F.);
#717=EDGE_CURVE('',#592,#596,#39,.F.);
#718=EDGE_CURVE('',#597,#571,#40,.T.);
#719=EDGE_CURVE('',#598,#597,#41,.T.);
#720=EDGE_CURVE('',#599,#598,#42,.T.);
#721=EDGE_CURVE('',#600,#599,#43,.T.);
#722=EDGE_CURVE('',#600,#567,#44,.T.);
#723=EDGE_CURVE('',#563,#601,#45,.T.);
#724=EDGE_CURVE('',#601,#601,#531,.T.);
#725=EDGE_CURVE('',#602,#602,#532,.T.);
#726=EDGE_CURVE('',#602,#603,#46,.T.);
#727=EDGE_CURVE('',#603,#603,#533,.T.);
#728=EDGE_CURVE('',#604,#604,#534,.T.);
#729=EDGE_CURVE('',#604,#605,#47,.T.);
#730=EDGE_CURVE('',#605,#605,#535,.T.);
#731=EDGE_CURVE('',#606,#606,#536,.T.);
#732=EDGE_CURVE('',#606,#607,#48,.T.);
#733=EDGE_CURVE('',#607,#607,#537,.T.);
#734=EDGE_CURVE('',#608,#608,#538,.T.);
#735=EDGE_CURVE('',#608,#609,#49,.T.);
#736=EDGE_CURVE('',#609,#609,#539,.T.);
#737=EDGE_CURVE('',#610,#610,#540,.T.);
#738=EDGE_CURVE('',#610,#611,#50,.T.);
#739=EDGE_CURVE('',#611,#611,#541,.T.);
#740=EDGE_CURVE('',#612,#613,#542,.T.);
#741=EDGE_CURVE('',#612,#576,#51,.T.);
#742=EDGE_CURVE('',#613,#578,#52,.T.);
#743=EDGE_CURVE('',#614,#615,#543,.T.);
#744=EDGE_CURVE('',#614,#577,#53,.T.);
#745=EDGE_CURVE('',#615,#575,#54,.T.);
#746=EDGE_CURVE('',#559,#602,#55,.T.);
#747=EDGE_CURVE('',#616,#616,#544,.T.);
#748=EDGE_CURVE('',#616,#617,#56,.T.);
#749=EDGE_CURVE('',#617,#617,#545,.T.);
#750=EDGE_CURVE('',#618,#618,#546,.T.);
#751=EDGE_CURVE('',#618,#619,#57,.T.);
#752=EDGE_CURVE('',#619,#619,#547,.T.);
#753=EDGE_CURVE('',#620,#620,#548,.T.);
#754=EDGE_CURVE('',#620,#621,#58,.T.);
#755=EDGE_CURVE('',#621,#621,#549,.T.);
#756=EDGE_CURVE('',#622,#623,#550,.T.);
#757=EDGE_CURVE('',#624,#622,#59,.T.);
#758=EDGE_CURVE('',#624,#625,#60,.T.);
#759=EDGE_CURVE('',#625,#623,#61,.T.);
#760=EDGE_CURVE('',#626,#627,#62,.T.);
#761=EDGE_CURVE('',#628,#626,#63,.T.);
#762=EDGE_CURVE('',#629,#628,#64,.T.);
#763=EDGE_CURVE('',#627,#629,#65,.T.);
#764=EDGE_CURVE('',#630,#631,#66,.T.);
#765=EDGE_CURVE('',#632,#630,#67,.T.);
#766=EDGE_CURVE('',#633,#632,#68,.T.);
#767=EDGE_CURVE('',#631,#633,#69,.T.);
#768=EDGE_CURVE('',#615,#612,#551,.T.);
#769=EDGE_CURVE('',#613,#614,#552,.T.);
#770=EDGE_CURVE('',#634,#573,#70,.T.);
#771=EDGE_CURVE('',#635,#634,#553,.T.);
#772=EDGE_CURVE('',#635,#636,#71,.T.);
#773=EDGE_CURVE('',#636,#637,#554,.T.);
#774=EDGE_CURVE('',#637,#638,#284,.T.);
#775=EDGE_CURVE('',#638,#622,#72,.T.);
#776=EDGE_CURVE('',#569,#623,#73,.T.);
#777=EDGE_CURVE('',#570,#625,#74,.T.);
#778=EDGE_CURVE('',#639,#597,#75,.T.);
#779=EDGE_CURVE('',#640,#624,#76,.T.);
#780=EDGE_CURVE('',#640,#600,#19,.T.);
#781=EDGE_CURVE('',#641,#599,#77,.T.);
#782=EDGE_CURVE('',#639,#641,#78,.T.);
#783=EDGE_CURVE('',#638,#640,#79,.T.);
#784=EDGE_CURVE('',#637,#560,#285,.T.);
#785=EDGE_CURVE('',#642,#632,#80,.F.);
#786=EDGE_CURVE('',#643,#630,#81,.T.);
#787=EDGE_CURVE('',#643,#642,#82,.T.);
#788=EDGE_CURVE('',#644,#633,#83,.T.);
#789=EDGE_CURVE('',#642,#645,#84,.T.);
#790=EDGE_CURVE('',#645,#644,#85,.T.);
#791=EDGE_CURVE('',#646,#631,#86,.F.);
#792=EDGE_CURVE('',#646,#644,#87,.F.);
#793=EDGE_CURVE('',#647,#646,#88,.T.);
#794=EDGE_CURVE('',#643,#647,#89,.T.);
#795=EDGE_CURVE('',#648,#626,#90,.F.);
#796=EDGE_CURVE('',#649,#648,#91,.T.);
#797=EDGE_CURVE('',#650,#649,#92,.T.);
#798=EDGE_CURVE('',#650,#628,#93,.T.);
#799=EDGE_CURVE('',#651,#629,#94,.F.);
#800=EDGE_CURVE('',#650,#651,#95,.T.);
#801=EDGE_CURVE('',#652,#627,#96,.T.);
#802=EDGE_CURVE('',#651,#653,#97,.T.);
#803=EDGE_CURVE('',#653,#652,#98,.T.);
#804=EDGE_CURVE('',#648,#652,#99,.F.);
#805=EDGE_CURVE('',#647,#645,#100,.T.);
#806=EDGE_CURVE('',#649,#653,#101,.T.);
#807=EDGE_CURVE('',#573,#636,#555,.T.);
#808=EDGE_CURVE('',#574,#636,#556,.T.);
#809=EDGE_CURVE('',#654,#580,#102,.T.);
#810=EDGE_CURVE('',#655,#654,#103,.F.);
#811=EDGE_CURVE('',#655,#579,#104,.T.);
#812=EDGE_CURVE('',#656,#655,#105,.F.);
#813=EDGE_CURVE('',#656,#581,#106,.T.);
#814=EDGE_CURVE('',#657,#656,#107,.F.);
#815=EDGE_CURVE('',#657,#582,#108,.F.);
#816=EDGE_CURVE('',#658,#657,#109,.F.);
#817=EDGE_CURVE('',#658,#583,#110,.F.);
#818=EDGE_CURVE('',#659,#658,#111,.F.);
#819=EDGE_CURVE('',#659,#584,#112,.T.);
#820=EDGE_CURVE('',#654,#659,#113,.F.);
#821=EDGE_CURVE('',#660,#661,#114,.F.);
#822=EDGE_CURVE('',#661,#662,#115,.F.);
#823=EDGE_CURVE('',#662,#663,#116,.F.);
#824=EDGE_CURVE('',#663,#664,#117,.F.);
#825=EDGE_CURVE('',#664,#665,#118,.F.);
#826=EDGE_CURVE('',#665,#660,#119,.F.);
#827=EDGE_CURVE('',#661,#586,#120,.F.);
#828=EDGE_CURVE('',#660,#585,#121,.F.);
#829=EDGE_CURVE('',#665,#587,#122,.T.);
#830=EDGE_CURVE('',#664,#588,#123,.F.);
#831=EDGE_CURVE('',#663,#589,#124,.F.);
#832=EDGE_CURVE('',#662,#590,#125,.F.);
#833=EDGE_CURVE('',#666,#667,#126,.F.);
#834=EDGE_CURVE('',#667,#668,#127,.F.);
#835=EDGE_CURVE('',#668,#669,#128,.F.);
#836=EDGE_CURVE('',#669,#670,#129,.F.);
#837=EDGE_CURVE('',#670,#671,#130,.F.);
#838=EDGE_CURVE('',#671,#666,#131,.F.);
#839=EDGE_CURVE('',#667,#592,#132,.F.);
#840=EDGE_CURVE('',#666,#591,#133,.F.);
#841=EDGE_CURVE('',#671,#593,#134,.T.);
#842=EDGE_CURVE('',#670,#594,#135,.T.);
#843=EDGE_CURVE('',#669,#595,#136,.F.);
#844=EDGE_CURVE('',#668,#596,#137,.F.);
#845=EDGE_CURVE('',#672,#639,#138,.T.);
#846=EDGE_CURVE('',#672,#598,#139,.T.);
#847=EDGE_CURVE('',#641,#672,#140,.T.);
#848=ORIENTED_EDGE('',*,*,#673,.T.);
#849=ORIENTED_EDGE('',*,*,#674,.T.);
#850=ORIENTED_EDGE('',*,*,#675,.F.);
#851=ORIENTED_EDGE('',*,*,#674,.F.);
#852=ORIENTED_EDGE('',*,*,#673,.F.);
#853=ORIENTED_EDGE('',*,*,#676,.T.);
#854=ORIENTED_EDGE('',*,*,#677,.T.);
#855=ORIENTED_EDGE('',*,*,#678,.T.);
#856=ORIENTED_EDGE('',*,*,#679,.T.);
#857=ORIENTED_EDGE('',*,*,#680,.T.);
#858=ORIENTED_EDGE('',*,*,#679,.F.);
#859=ORIENTED_EDGE('',*,*,#681,.T.);
#860=ORIENTED_EDGE('',*,*,#682,.T.);
#861=ORIENTED_EDGE('',*,*,#683,.T.);
#862=ORIENTED_EDGE('',*,*,#684,.T.);
#863=ORIENTED_EDGE('',*,*,#685,.T.);
#864=ORIENTED_EDGE('',*,*,#683,.F.);
#865=ORIENTED_EDGE('',*,*,#686,.T.);
#866=ORIENTED_EDGE('',*,*,#687,.F.);
#867=ORIENTED_EDGE('',*,*,#688,.F.);
#868=ORIENTED_EDGE('',*,*,#689,.F.);
#869=ORIENTED_EDGE('',*,*,#690,.F.);
#870=ORIENTED_EDGE('',*,*,#682,.F.);
#871=ORIENTED_EDGE('',*,*,#691,.F.);
#872=ORIENTED_EDGE('',*,*,#692,.T.);
#873=ORIENTED_EDGE('',*,*,#693,.F.);
#874=ORIENTED_EDGE('',*,*,#686,.F.);
#875=ORIENTED_EDGE('',*,*,#678,.F.);
#876=ORIENTED_EDGE('',*,*,#694,.T.);
#877=ORIENTED_EDGE('',*,*,#695,.T.);
#878=ORIENTED_EDGE('',*,*,#691,.T.);
#879=ORIENTED_EDGE('',*,*,#681,.F.);
#880=ORIENTED_EDGE('',*,*,#675,.T.);
#881=ORIENTED_EDGE('',*,*,#696,.F.);
#882=ORIENTED_EDGE('',*,*,#697,.F.);
#883=ORIENTED_EDGE('',*,*,#698,.F.);
#884=ORIENTED_EDGE('',*,*,#699,.F.);
#885=ORIENTED_EDGE('',*,*,#700,.F.);
#886=ORIENTED_EDGE('',*,*,#701,.F.);
#887=ORIENTED_EDGE('',*,*,#702,.F.);
#888=ORIENTED_EDGE('',*,*,#703,.F.);
#889=ORIENTED_EDGE('',*,*,#704,.F.);
#890=ORIENTED_EDGE('',*,*,#705,.F.);
#891=ORIENTED_EDGE('',*,*,#706,.F.);
#892=ORIENTED_EDGE('',*,*,#707,.F.);
#893=ORIENTED_EDGE('',*,*,#708,.F.);
#894=ORIENTED_EDGE('',*,*,#709,.F.);
#895=ORIENTED_EDGE('',*,*,#710,.F.);
#896=ORIENTED_EDGE('',*,*,#711,.F.);
#897=ORIENTED_EDGE('',*,*,#712,.F.);
#898=ORIENTED_EDGE('',*,*,#713,.F.);
#899=ORIENTED_EDGE('',*,*,#714,.F.);
#900=ORIENTED_EDGE('',*,*,#715,.F.);
#901=ORIENTED_EDGE('',*,*,#716,.F.);
#902=ORIENTED_EDGE('',*,*,#717,.F.);
#903=ORIENTED_EDGE('',*,*,#684,.F.);
#904=ORIENTED_EDGE('',*,*,#690,.T.);
#905=ORIENTED_EDGE('',*,*,#718,.F.);
#906=ORIENTED_EDGE('',*,*,#719,.F.);
#907=ORIENTED_EDGE('',*,*,#720,.F.);
#908=ORIENTED_EDGE('',*,*,#721,.F.);
#909=ORIENTED_EDGE('',*,*,#722,.T.);
#910=ORIENTED_EDGE('',*,*,#680,.F.);
#911=ORIENTED_EDGE('',*,*,#723,.T.);
#912=ORIENTED_EDGE('',*,*,#724,.F.);
#913=ORIENTED_EDGE('',*,*,#723,.F.);
#914=ORIENTED_EDGE('',*,*,#725,.F.);
#915=ORIENTED_EDGE('',*,*,#726,.T.);
#916=ORIENTED_EDGE('',*,*,#727,.F.);
#917=ORIENTED_EDGE('',*,*,#726,.F.);
#918=ORIENTED_EDGE('',*,*,#728,.F.);
#919=ORIENTED_EDGE('',*,*,#729,.T.);
#920=ORIENTED_EDGE('',*,*,#730,.T.);
#921=ORIENTED_EDGE('',*,*,#729,.F.);
#922=ORIENTED_EDGE('',*,*,#731,.F.);
#923=ORIENTED_EDGE('',*,*,#732,.T.);
#924=ORIENTED_EDGE('',*,*,#733,.F.);
#925=ORIENTED_EDGE('',*,*,#732,.F.);
#926=ORIENTED_EDGE('',*,*,#734,.F.);
#927=ORIENTED_EDGE('',*,*,#735,.T.);
#928=ORIENTED_EDGE('',*,*,#736,.F.);
#929=ORIENTED_EDGE('',*,*,#735,.F.);
#930=ORIENTED_EDGE('',*,*,#737,.F.);
#931=ORIENTED_EDGE('',*,*,#738,.T.);
#932=ORIENTED_EDGE('',*,*,#739,.T.);
#933=ORIENTED_EDGE('',*,*,#738,.F.);
#934=ORIENTED_EDGE('',*,*,#740,.F.);
#935=ORIENTED_EDGE('',*,*,#741,.T.);
#936=ORIENTED_EDGE('',*,*,#699,.T.);
#937=ORIENTED_EDGE('',*,*,#742,.F.);
#938=ORIENTED_EDGE('',*,*,#743,.F.);
#939=ORIENTED_EDGE('',*,*,#744,.T.);
#940=ORIENTED_EDGE('',*,*,#697,.T.);
#941=ORIENTED_EDGE('',*,*,#745,.F.);
#942=ORIENTED_EDGE('',*,*,#676,.F.);
#943=ORIENTED_EDGE('',*,*,#746,.T.);
#944=ORIENTED_EDGE('',*,*,#725,.T.);
#945=ORIENTED_EDGE('',*,*,#746,.F.);
#946=ORIENTED_EDGE('',*,*,#747,.T.);
#947=ORIENTED_EDGE('',*,*,#748,.T.);
#948=ORIENTED_EDGE('',*,*,#749,.T.);
#949=ORIENTED_EDGE('',*,*,#748,.F.);
#950=ORIENTED_EDGE('',*,*,#750,.F.);
#951=ORIENTED_EDGE('',*,*,#751,.T.);
#952=ORIENTED_EDGE('',*,*,#752,.F.);
#953=ORIENTED_EDGE('',*,*,#751,.F.);
#954=ORIENTED_EDGE('',*,*,#753,.F.);
#955=ORIENTED_EDGE('',*,*,#754,.T.);
#956=ORIENTED_EDGE('',*,*,#755,.F.);
#957=ORIENTED_EDGE('',*,*,#754,.F.);
#958=ORIENTED_EDGE('',*,*,#756,.F.);
#959=ORIENTED_EDGE('',*,*,#757,.F.);
#960=ORIENTED_EDGE('',*,*,#758,.T.);
#961=ORIENTED_EDGE('',*,*,#759,.T.);
#962=ORIENTED_EDGE('',*,*,#753,.T.);
#963=ORIENTED_EDGE('',*,*,#747,.F.);
#964=ORIENTED_EDGE('',*,*,#750,.T.);
#965=ORIENTED_EDGE('',*,*,#727,.T.);
#966=ORIENTED_EDGE('',*,*,#760,.F.);
#967=ORIENTED_EDGE('',*,*,#761,.F.);
#968=ORIENTED_EDGE('',*,*,#762,.F.);
#969=ORIENTED_EDGE('',*,*,#763,.F.);
#970=ORIENTED_EDGE('',*,*,#764,.F.);
#971=ORIENTED_EDGE('',*,*,#765,.F.);
#972=ORIENTED_EDGE('',*,*,#766,.F.);
#973=ORIENTED_EDGE('',*,*,#767,.F.);
#974=ORIENTED_EDGE('',*,*,#743,.T.);
#975=ORIENTED_EDGE('',*,*,#768,.T.);
#976=ORIENTED_EDGE('',*,*,#740,.T.);
#977=ORIENTED_EDGE('',*,*,#769,.T.);
#978=ORIENTED_EDGE('',*,*,#724,.T.);
#979=ORIENTED_EDGE('',*,*,#687,.T.);
#980=ORIENTED_EDGE('',*,*,#693,.T.);
#981=ORIENTED_EDGE('',*,*,#770,.F.);
#982=ORIENTED_EDGE('',*,*,#771,.F.);
#983=ORIENTED_EDGE('',*,*,#772,.T.);
#984=ORIENTED_EDGE('',*,*,#773,.T.);
#985=ORIENTED_EDGE('',*,*,#774,.T.);
#986=ORIENTED_EDGE('',*,*,#775,.T.);
#987=ORIENTED_EDGE('',*,*,#756,.T.);
#988=ORIENTED_EDGE('',*,*,#776,.F.);
#989=ORIENTED_EDGE('',*,*,#777,.F.);
#990=ORIENTED_EDGE('',*,*,#688,.T.);
#991=ORIENTED_EDGE('',*,*,#776,.T.);
#992=ORIENTED_EDGE('',*,*,#759,.F.);
#993=ORIENTED_EDGE('',*,*,#778,.T.);
#994=ORIENTED_EDGE('',*,*,#718,.T.);
#995=ORIENTED_EDGE('',*,*,#689,.T.);
#996=ORIENTED_EDGE('',*,*,#777,.T.);
#997=ORIENTED_EDGE('',*,*,#758,.F.);
#998=ORIENTED_EDGE('',*,*,#779,.F.);
#999=ORIENTED_EDGE('',*,*,#780,.T.);
#1000=ORIENTED_EDGE('',*,*,#721,.T.);
#1001=ORIENTED_EDGE('',*,*,#781,.F.);
#1002=ORIENTED_EDGE('',*,*,#782,.F.);
#1003=ORIENTED_EDGE('',*,*,#730,.F.);
#1004=ORIENTED_EDGE('',*,*,#739,.F.);
#1005=ORIENTED_EDGE('',*,*,#775,.F.);
#1006=ORIENTED_EDGE('',*,*,#783,.T.);
#1007=ORIENTED_EDGE('',*,*,#779,.T.);
#1008=ORIENTED_EDGE('',*,*,#757,.T.);
#1009=ORIENTED_EDGE('',*,*,#685,.F.);
#1010=ORIENTED_EDGE('',*,*,#722,.F.);
#1011=ORIENTED_EDGE('',*,*,#780,.F.);
#1012=ORIENTED_EDGE('',*,*,#783,.F.);
#1013=ORIENTED_EDGE('',*,*,#774,.F.);
#1014=ORIENTED_EDGE('',*,*,#784,.T.);
#1015=ORIENTED_EDGE('',*,*,#745,.T.);
#1016=ORIENTED_EDGE('',*,*,#696,.T.);
#1017=ORIENTED_EDGE('',*,*,#741,.F.);
#1018=ORIENTED_EDGE('',*,*,#768,.F.);
#1019=ORIENTED_EDGE('',*,*,#742,.T.);
#1020=ORIENTED_EDGE('',*,*,#698,.T.);
#1021=ORIENTED_EDGE('',*,*,#744,.F.);
#1022=ORIENTED_EDGE('',*,*,#769,.F.);
#1023=ORIENTED_EDGE('',*,*,#785,.T.);
#1024=ORIENTED_EDGE('',*,*,#765,.T.);
#1025=ORIENTED_EDGE('',*,*,#786,.F.);
#1026=ORIENTED_EDGE('',*,*,#787,.T.);
#1027=ORIENTED_EDGE('',*,*,#788,.T.);
#1028=ORIENTED_EDGE('',*,*,#766,.T.);
#1029=ORIENTED_EDGE('',*,*,#785,.F.);
#1030=ORIENTED_EDGE('',*,*,#789,.T.);
#1031=ORIENTED_EDGE('',*,*,#790,.T.);
#1032=ORIENTED_EDGE('',*,*,#736,.T.);
#1033=ORIENTED_EDGE('',*,*,#791,.T.);
#1034=ORIENTED_EDGE('',*,*,#767,.T.);
#1035=ORIENTED_EDGE('',*,*,#788,.F.);
#1036=ORIENTED_EDGE('',*,*,#792,.F.);
#1037=ORIENTED_EDGE('',*,*,#764,.T.);
#1038=ORIENTED_EDGE('',*,*,#791,.F.);
#1039=ORIENTED_EDGE('',*,*,#793,.F.);
#1040=ORIENTED_EDGE('',*,*,#794,.F.);
#1041=ORIENTED_EDGE('',*,*,#786,.T.);
#1042=ORIENTED_EDGE('',*,*,#737,.T.);
#1043=ORIENTED_EDGE('',*,*,#761,.T.);
#1044=ORIENTED_EDGE('',*,*,#795,.F.);
#1045=ORIENTED_EDGE('',*,*,#796,.F.);
#1046=ORIENTED_EDGE('',*,*,#797,.F.);
#1047=ORIENTED_EDGE('',*,*,#798,.T.);
#1048=ORIENTED_EDGE('',*,*,#728,.T.);
#1049=ORIENTED_EDGE('',*,*,#799,.T.);
#1050=ORIENTED_EDGE('',*,*,#762,.T.);
#1051=ORIENTED_EDGE('',*,*,#798,.F.);
#1052=ORIENTED_EDGE('',*,*,#800,.T.);
#1053=ORIENTED_EDGE('',*,*,#801,.T.);
#1054=ORIENTED_EDGE('',*,*,#763,.T.);
#1055=ORIENTED_EDGE('',*,*,#799,.F.);
#1056=ORIENTED_EDGE('',*,*,#802,.T.);
#1057=ORIENTED_EDGE('',*,*,#803,.T.);
#1058=ORIENTED_EDGE('',*,*,#733,.T.);
#1059=ORIENTED_EDGE('',*,*,#795,.T.);
#1060=ORIENTED_EDGE('',*,*,#760,.T.);
#1061=ORIENTED_EDGE('',*,*,#801,.F.);
#1062=ORIENTED_EDGE('',*,*,#804,.F.);
#1063=ORIENTED_EDGE('',*,*,#789,.F.);
#1064=ORIENTED_EDGE('',*,*,#787,.F.);
#1065=ORIENTED_EDGE('',*,*,#794,.T.);
#1066=ORIENTED_EDGE('',*,*,#805,.T.);
#1067=ORIENTED_EDGE('',*,*,#790,.F.);
#1068=ORIENTED_EDGE('',*,*,#805,.F.);
#1069=ORIENTED_EDGE('',*,*,#793,.T.);
#1070=ORIENTED_EDGE('',*,*,#792,.T.);
#1071=ORIENTED_EDGE('',*,*,#802,.F.);
#1072=ORIENTED_EDGE('',*,*,#800,.F.);
#1073=ORIENTED_EDGE('',*,*,#797,.T.);
#1074=ORIENTED_EDGE('',*,*,#806,.T.);
#1075=ORIENTED_EDGE('',*,*,#803,.F.);
#1076=ORIENTED_EDGE('',*,*,#806,.F.);
#1077=ORIENTED_EDGE('',*,*,#796,.T.);
#1078=ORIENTED_EDGE('',*,*,#804,.T.);
#1079=ORIENTED_EDGE('',*,*,#734,.T.);
#1080=ORIENTED_EDGE('',*,*,#731,.T.);
#1081=ORIENTED_EDGE('',*,*,#770,.T.);
#1082=ORIENTED_EDGE('',*,*,#807,.T.);
#1083=ORIENTED_EDGE('',*,*,#772,.F.);
#1084=ORIENTED_EDGE('',*,*,#771,.T.);
#1085=ORIENTED_EDGE('',*,*,#677,.F.);
#1086=ORIENTED_EDGE('',*,*,#784,.F.);
#1087=ORIENTED_EDGE('',*,*,#773,.F.);
#1088=ORIENTED_EDGE('',*,*,#808,.F.);
#1089=ORIENTED_EDGE('',*,*,#694,.F.);
#1090=ORIENTED_EDGE('',*,*,#808,.T.);
#1091=ORIENTED_EDGE('',*,*,#807,.F.);
#1092=ORIENTED_EDGE('',*,*,#692,.F.);
#1093=ORIENTED_EDGE('',*,*,#695,.F.);
#1094=ORIENTED_EDGE('',*,*,#700,.T.);
#1095=ORIENTED_EDGE('',*,*,#809,.F.);
#1096=ORIENTED_EDGE('',*,*,#810,.F.);
#1097=ORIENTED_EDGE('',*,*,#811,.T.);
#1098=ORIENTED_EDGE('',*,*,#701,.T.);
#1099=ORIENTED_EDGE('',*,*,#811,.F.);
#1100=ORIENTED_EDGE('',*,*,#812,.F.);
#1101=ORIENTED_EDGE('',*,*,#813,.T.);
#1102=ORIENTED_EDGE('',*,*,#702,.T.);
#1103=ORIENTED_EDGE('',*,*,#813,.F.);
#1104=ORIENTED_EDGE('',*,*,#814,.F.);
#1105=ORIENTED_EDGE('',*,*,#815,.T.);
#1106=ORIENTED_EDGE('',*,*,#703,.T.);
#1107=ORIENTED_EDGE('',*,*,#815,.F.);
#1108=ORIENTED_EDGE('',*,*,#816,.F.);
#1109=ORIENTED_EDGE('',*,*,#817,.T.);
#1110=ORIENTED_EDGE('',*,*,#704,.T.);
#1111=ORIENTED_EDGE('',*,*,#817,.F.);
#1112=ORIENTED_EDGE('',*,*,#818,.F.);
#1113=ORIENTED_EDGE('',*,*,#819,.T.);
#1114=ORIENTED_EDGE('',*,*,#705,.T.);
#1115=ORIENTED_EDGE('',*,*,#819,.F.);
#1116=ORIENTED_EDGE('',*,*,#820,.F.);
#1117=ORIENTED_EDGE('',*,*,#809,.T.);
#1118=ORIENTED_EDGE('',*,*,#810,.T.);
#1119=ORIENTED_EDGE('',*,*,#820,.T.);
#1120=ORIENTED_EDGE('',*,*,#818,.T.);
#1121=ORIENTED_EDGE('',*,*,#816,.T.);
#1122=ORIENTED_EDGE('',*,*,#814,.T.);
#1123=ORIENTED_EDGE('',*,*,#812,.T.);
#1124=ORIENTED_EDGE('',*,*,#749,.F.);
#1125=ORIENTED_EDGE('',*,*,#821,.T.);
#1126=ORIENTED_EDGE('',*,*,#822,.T.);
#1127=ORIENTED_EDGE('',*,*,#823,.T.);
#1128=ORIENTED_EDGE('',*,*,#824,.T.);
#1129=ORIENTED_EDGE('',*,*,#825,.T.);
#1130=ORIENTED_EDGE('',*,*,#826,.T.);
#1131=ORIENTED_EDGE('',*,*,#752,.T.);
#1132=ORIENTED_EDGE('',*,*,#706,.T.);
#1133=ORIENTED_EDGE('',*,*,#827,.F.);
#1134=ORIENTED_EDGE('',*,*,#821,.F.);
#1135=ORIENTED_EDGE('',*,*,#828,.T.);
#1136=ORIENTED_EDGE('',*,*,#707,.T.);
#1137=ORIENTED_EDGE('',*,*,#828,.F.);
#1138=ORIENTED_EDGE('',*,*,#826,.F.);
#1139=ORIENTED_EDGE('',*,*,#829,.T.);
#1140=ORIENTED_EDGE('',*,*,#708,.T.);
#1141=ORIENTED_EDGE('',*,*,#829,.F.);
#1142=ORIENTED_EDGE('',*,*,#825,.F.);
#1143=ORIENTED_EDGE('',*,*,#830,.T.);
#1144=ORIENTED_EDGE('',*,*,#709,.T.);
#1145=ORIENTED_EDGE('',*,*,#830,.F.);
#1146=ORIENTED_EDGE('',*,*,#824,.F.);
#1147=ORIENTED_EDGE('',*,*,#831,.T.);
#1148=ORIENTED_EDGE('',*,*,#710,.T.);
#1149=ORIENTED_EDGE('',*,*,#831,.F.);
#1150=ORIENTED_EDGE('',*,*,#823,.F.);
#1151=ORIENTED_EDGE('',*,*,#832,.T.);
#1152=ORIENTED_EDGE('',*,*,#711,.T.);
#1153=ORIENTED_EDGE('',*,*,#832,.F.);
#1154=ORIENTED_EDGE('',*,*,#822,.F.);
#1155=ORIENTED_EDGE('',*,*,#827,.T.);
#1156=ORIENTED_EDGE('',*,*,#833,.T.);
#1157=ORIENTED_EDGE('',*,*,#834,.T.);
#1158=ORIENTED_EDGE('',*,*,#835,.T.);
#1159=ORIENTED_EDGE('',*,*,#836,.T.);
#1160=ORIENTED_EDGE('',*,*,#837,.T.);
#1161=ORIENTED_EDGE('',*,*,#838,.T.);
#1162=ORIENTED_EDGE('',*,*,#755,.T.);
#1163=ORIENTED_EDGE('',*,*,#712,.T.);
#1164=ORIENTED_EDGE('',*,*,#839,.F.);
#1165=ORIENTED_EDGE('',*,*,#833,.F.);
#1166=ORIENTED_EDGE('',*,*,#840,.T.);
#1167=ORIENTED_EDGE('',*,*,#713,.T.);
#1168=ORIENTED_EDGE('',*,*,#840,.F.);
#1169=ORIENTED_EDGE('',*,*,#838,.F.);
#1170=ORIENTED_EDGE('',*,*,#841,.T.);
#1171=ORIENTED_EDGE('',*,*,#714,.T.);
#1172=ORIENTED_EDGE('',*,*,#841,.F.);
#1173=ORIENTED_EDGE('',*,*,#837,.F.);
#1174=ORIENTED_EDGE('',*,*,#842,.T.);
#1175=ORIENTED_EDGE('',*,*,#715,.T.);
#1176=ORIENTED_EDGE('',*,*,#842,.F.);
#1177=ORIENTED_EDGE('',*,*,#836,.F.);
#1178=ORIENTED_EDGE('',*,*,#843,.T.);
#1179=ORIENTED_EDGE('',*,*,#716,.T.);
#1180=ORIENTED_EDGE('',*,*,#843,.F.);
#1181=ORIENTED_EDGE('',*,*,#835,.F.);
#1182=ORIENTED_EDGE('',*,*,#844,.T.);
#1183=ORIENTED_EDGE('',*,*,#717,.T.);
#1184=ORIENTED_EDGE('',*,*,#844,.F.);
#1185=ORIENTED_EDGE('',*,*,#834,.F.);
#1186=ORIENTED_EDGE('',*,*,#839,.T.);
#1187=ORIENTED_EDGE('',*,*,#719,.T.);
#1188=ORIENTED_EDGE('',*,*,#778,.F.);
#1189=ORIENTED_EDGE('',*,*,#845,.F.);
#1190=ORIENTED_EDGE('',*,*,#846,.T.);
#1191=ORIENTED_EDGE('',*,*,#720,.T.);
#1192=ORIENTED_EDGE('',*,*,#846,.F.);
#1193=ORIENTED_EDGE('',*,*,#847,.F.);
#1194=ORIENTED_EDGE('',*,*,#781,.T.);
#1195=ORIENTED_EDGE('',*,*,#845,.T.);
#1196=ORIENTED_EDGE('',*,*,#782,.T.);
#1197=ORIENTED_EDGE('',*,*,#847,.T.);
#1198=TOROIDAL_SURFACE('',#1284,5.50000000000002,0.9);
#1199=TOROIDAL_SURFACE('',#1290,3.74999999999997,1.);
#1200=TOROIDAL_SURFACE('',#1298,30.,5.);
#1201=TOROIDAL_SURFACE('',#1370,30.,5.);
#1202=ADVANCED_FACE('',(#354),#1198,.T.);
#1203=ADVANCED_FACE('',(#355,#286),#309,.T.);
#1204=ADVANCED_FACE('',(#356),#1199,.T.);
#1205=ADVANCED_FACE('',(#357),#262,.T.);
#1206=ADVANCED_FACE('',(#358),#1200,.T.);
#1207=ADVANCED_FACE('',(#359,#287,#288,#289,#290,#291),#310,.T.);
#1208=ADVANCED_FACE('',(#360),#311,.T.);
#1209=ADVANCED_FACE('',(#361),#263,.F.);
#1210=ADVANCED_FACE('',(#362),#17,.F.);
#1211=ADVANCED_FACE('',(#363),#264,.F.);
#1212=ADVANCED_FACE('',(#364),#265,.F.);
#1213=ADVANCED_FACE('',(#365),#266,.F.);
#1214=ADVANCED_FACE('',(#366),#267,.F.);
#1215=ADVANCED_FACE('',(#367),#268,.T.);
#1216=ADVANCED_FACE('',(#368),#269,.F.);
#1217=ADVANCED_FACE('',(#369),#270,.F.);
#1218=ADVANCED_FACE('',(#370),#271,.F.);
#1219=ADVANCED_FACE('',(#371),#272,.F.);
#1220=ADVANCED_FACE('',(#372),#273,.F.);
#1221=ADVANCED_FACE('',(#373,#292,#293,#294,#295,#296,#297,#298,#299),#312,
 .F.);
#1222=ADVANCED_FACE('',(#374),#274,.T.);
#1223=ADVANCED_FACE('',(#375),#313,.T.);
#1224=ADVANCED_FACE('',(#376,#300,#301),#314,.T.);
#1225=ADVANCED_FACE('',(#377),#315,.F.);
#1226=ADVANCED_FACE('',(#378),#275,.T.);
#1227=ADVANCED_FACE('',(#379),#276,.F.);
#1228=ADVANCED_FACE('',(#380),#277,.F.);
#1229=ADVANCED_FACE('',(#381),#316,.F.);
#1230=ADVANCED_FACE('',(#382,#302),#317,.F.);
#1231=ADVANCED_FACE('',(#383),#318,.F.);
#1232=ADVANCED_FACE('',(#384,#303),#319,.F.);
#1233=ADVANCED_FACE('',(#385,#304),#320,.F.);
#1234=ADVANCED_FACE('',(#386),#321,.F.);
#1235=ADVANCED_FACE('',(#387,#305),#322,.F.);
#1236=ADVANCED_FACE('',(#388),#323,.F.);
#1237=ADVANCED_FACE('',(#389),#324,.T.);
#1238=ADVANCED_FACE('',(#390),#325,.T.);
#1239=ADVANCED_FACE('',(#391),#326,.T.);
#1240=ADVANCED_FACE('',(#392),#327,.T.);
#1241=ADVANCED_FACE('',(#393),#328,.T.);
#1242=ADVANCED_FACE('',(#394),#329,.T.);
#1243=ADVANCED_FACE('',(#395),#16,.F.);
#1244=ADVANCED_FACE('',(#396),#1201,.T.);
#1245=ADVANCED_FACE('',(#397),#15,.T.);
#1246=ADVANCED_FACE('',(#398),#330,.F.);
#1247=ADVANCED_FACE('',(#399),#331,.F.);
#1248=ADVANCED_FACE('',(#400),#332,.F.);
#1249=ADVANCED_FACE('',(#401),#333,.F.);
#1250=ADVANCED_FACE('',(#402),#334,.F.);
#1251=ADVANCED_FACE('',(#403),#335,.F.);
#1252=ADVANCED_FACE('',(#404,#306),#336,.T.);
#1253=ADVANCED_FACE('',(#405,#307),#337,.T.);
#1254=ADVANCED_FACE('',(#406),#338,.F.);
#1255=ADVANCED_FACE('',(#407),#339,.F.);
#1256=ADVANCED_FACE('',(#408),#340,.F.);
#1257=ADVANCED_FACE('',(#409),#341,.F.);
#1258=ADVANCED_FACE('',(#410),#342,.F.);
#1259=ADVANCED_FACE('',(#411),#343,.F.);
#1260=ADVANCED_FACE('',(#412,#308),#344,.T.);
#1261=ADVANCED_FACE('',(#413),#345,.F.);
#1262=ADVANCED_FACE('',(#414),#346,.F.);
#1263=ADVANCED_FACE('',(#415),#347,.F.);
#1264=ADVANCED_FACE('',(#416),#348,.F.);
#1265=ADVANCED_FACE('',(#417),#349,.F.);
#1266=ADVANCED_FACE('',(#418),#350,.F.);
#1267=ADVANCED_FACE('',(#419),#351,.F.);
#1268=ADVANCED_FACE('',(#420),#352,.F.);
#1269=ADVANCED_FACE('',(#421),#353,.F.);
#1270=CLOSED_SHELL('',(#1202,#1203,#1204,#1205,#1206,#1207,#1208,#1209,
#1210,#1211,#1212,#1213,#1214,#1215,#1216,#1217,#1218,#1219,#1220,#1221,
#1222,#1223,#1224,#1225,#1226,#1227,#1228,#1229,#1230,#1231,#1232,#1233,
#1234,#1235,#1236,#1237,#1238,#1239,#1240,#1241,#1242,#1243,#1244,#1245,
#1246,#1247,#1248,#1249,#1250,#1251,#1252,#1253,#1254,#1255,#1256,#1257,
#1258,#1259,#1260,#1261,#1262,#1263,#1264,#1265,#1266,#1267,#1268,#1269));
#1271=DERIVED_UNIT_ELEMENT(#1273,1.);
#1272=DERIVED_UNIT_ELEMENT(#2176,-3.);
#1273=(
MASS_UNIT()
NAMED_UNIT(*)
SI_UNIT(.KILO.,.GRAM.)
);
#1274=DERIVED_UNIT((#1271,#1272));
#1275=MEASURE_REPRESENTATION_ITEM('density measure',
POSITIVE_RATIO_MEASURE(7850.),#1274);
#1276=PROPERTY_DEFINITION_REPRESENTATION(#1281,#1278);
#1277=PROPERTY_DEFINITION_REPRESENTATION(#1282,#1279);
#1278=REPRESENTATION('material name',(#1280),#2173);
#1279=REPRESENTATION('density',(#1275),#2173);
#1280=DESCRIPTIVE_REPRESENTATION_ITEM('Steel','Steel');
#1281=PROPERTY_DEFINITION('material property','material name',#2183);
#1282=PROPERTY_DEFINITION('material property','density of part',#2183);
#1283=AXIS2_PLACEMENT_3D('',#1743,#1396,#1397);
#1284=AXIS2_PLACEMENT_3D('',#1744,#1398,#1399);
#1285=AXIS2_PLACEMENT_3D('',#1746,#1400,#1401);
#1286=AXIS2_PLACEMENT_3D('',#1748,#1402,#1403);
#1287=AXIS2_PLACEMENT_3D('',#1749,#1404,#1405);
#1288=AXIS2_PLACEMENT_3D('',#1750,#1406,#1407);
#1289=AXIS2_PLACEMENT_3D('',#1752,#1408,#1409);
#1290=AXIS2_PLACEMENT_3D('',#1753,#1410,#1411);
#1291=AXIS2_PLACEMENT_3D('',#1763,#1412,#1413);
#1292=AXIS2_PLACEMENT_3D('',#1765,#1414,#1415);
#1293=AXIS2_PLACEMENT_3D('',#1766,#1416,#1417);
#1294=AXIS2_PLACEMENT_3D('',#1768,#1418,#1419);
#1295=AXIS2_PLACEMENT_3D('',#1784,#1420,#1421);
#1296=AXIS2_PLACEMENT_3D('',#1791,#1422,#1423);
#1297=AXIS2_PLACEMENT_3D('',#1815,#1425,#1426);
#1298=AXIS2_PLACEMENT_3D('',#1817,#1428,#1429);
#1299=AXIS2_PLACEMENT_3D('',#1819,#1430,#1431);
#1300=AXIS2_PLACEMENT_3D('',#1821,#1432,#1433);
#1301=AXIS2_PLACEMENT_3D('',#1822,#1434,#1435);
#1302=AXIS2_PLACEMENT_3D('',#1823,#1436,#1437);
#1303=AXIS2_PLACEMENT_3D('',#1825,#1438,#1439);
#1304=AXIS2_PLACEMENT_3D('',#1826,#1440,#1441);
#1305=AXIS2_PLACEMENT_3D('',#1829,#1442,#1443);
#1306=AXIS2_PLACEMENT_3D('',#1831,#1444,#1445);
#1307=AXIS2_PLACEMENT_3D('',#1833,#1446,#1447);
#1308=AXIS2_PLACEMENT_3D('',#1834,#1448,#1449);
#1309=AXIS2_PLACEMENT_3D('',#1871,#1468,#1469);
#1310=AXIS2_PLACEMENT_3D('',#1881,#1475,#1476);
#1311=AXIS2_PLACEMENT_3D('',#1884,#1478,#1479);
#1312=AXIS2_PLACEMENT_3D('',#1885,#1480,#1481);
#1313=AXIS2_PLACEMENT_3D('',#1887,#1482,#1483);
#1314=AXIS2_PLACEMENT_3D('',#1890,#1485,#1486);
#1315=AXIS2_PLACEMENT_3D('',#1891,#1487,#1488);
#1316=AXIS2_PLACEMENT_3D('',#1893,#1489,#1490);
#1317=AXIS2_PLACEMENT_3D('',#1896,#1492,#1493);
#1318=AXIS2_PLACEMENT_3D('',#1897,#1494,#1495);
#1319=AXIS2_PLACEMENT_3D('',#1899,#1496,#1497);
#1320=AXIS2_PLACEMENT_3D('',#1902,#1499,#1500);
#1321=AXIS2_PLACEMENT_3D('',#1903,#1501,#1502);
#1322=AXIS2_PLACEMENT_3D('',#1905,#1503,#1504);
#1323=AXIS2_PLACEMENT_3D('',#1908,#1506,#1507);
#1324=AXIS2_PLACEMENT_3D('',#1909,#1508,#1509);
#1325=AXIS2_PLACEMENT_3D('',#1911,#1510,#1511);
#1326=AXIS2_PLACEMENT_3D('',#1914,#1513,#1514);
#1327=AXIS2_PLACEMENT_3D('',#1915,#1515,#1516);
#1328=AXIS2_PLACEMENT_3D('',#1918,#1517,#1518);
#1329=AXIS2_PLACEMENT_3D('',#1921,#1521,#1522);
#1330=AXIS2_PLACEMENT_3D('',#1924,#1523,#1524);
#1331=AXIS2_PLACEMENT_3D('',#1927,#1527,#1528);
#1332=AXIS2_PLACEMENT_3D('',#1929,#1530,#1531);
#1333=AXIS2_PLACEMENT_3D('',#1931,#1532,#1533);
#1334=AXIS2_PLACEMENT_3D('',#1934,#1535,#1536);
#1335=AXIS2_PLACEMENT_3D('',#1935,#1537,#1538);
#1336=AXIS2_PLACEMENT_3D('',#1937,#1539,#1540);
#1337=AXIS2_PLACEMENT_3D('',#1940,#1542,#1543);
#1338=AXIS2_PLACEMENT_3D('',#1941,#1544,#1545);
#1339=AXIS2_PLACEMENT_3D('',#1943,#1546,#1547);
#1340=AXIS2_PLACEMENT_3D('',#1946,#1549,#1550);
#1341=AXIS2_PLACEMENT_3D('',#1947,#1551,#1552);
#1342=AXIS2_PLACEMENT_3D('',#1950,#1553,#1554);
#1343=AXIS2_PLACEMENT_3D('',#1972,#1566,#1567);
#1344=AXIS2_PLACEMENT_3D('',#1973,#1568,#1569);
#1345=AXIS2_PLACEMENT_3D('',#1974,#1570,#1571);
#1346=AXIS2_PLACEMENT_3D('',#1978,#1573,#1574);
#1347=AXIS2_PLACEMENT_3D('',#1982,#1576,#1577);
#1348=AXIS2_PLACEMENT_3D('',#1996,#1580,#1581);
#1349=AXIS2_PLACEMENT_3D('',#1998,#1583,#1584);
#1350=AXIS2_PLACEMENT_3D('',#2003,#1587,#1588);
#1351=AXIS2_PLACEMENT_3D('',#2007,#1591,#1592);
#1352=AXIS2_PLACEMENT_3D('',#2009,#1594,#1595);
#1353=AXIS2_PLACEMENT_3D('',#2018,#1596,#1597);
#1354=AXIS2_PLACEMENT_3D('',#2019,#1598,#1599);
#1355=AXIS2_PLACEMENT_3D('',#2020,#1600,#1601);
#1356=AXIS2_PLACEMENT_3D('',#2026,#1605,#1606);
#1357=AXIS2_PLACEMENT_3D('',#2032,#1610,#1611);
#1358=AXIS2_PLACEMENT_3D('',#2036,#1614,#1615);
#1359=AXIS2_PLACEMENT_3D('',#2040,#1618,#1619);
#1360=AXIS2_PLACEMENT_3D('',#2048,#1624,#1625);
#1361=AXIS2_PLACEMENT_3D('',#2052,#1628,#1629);
#1362=AXIS2_PLACEMENT_3D('',#2058,#1633,#1634);
#1363=AXIS2_PLACEMENT_3D('',#2060,#1636,#1637);
#1364=AXIS2_PLACEMENT_3D('',#2062,#1639,#1640);
#1365=AXIS2_PLACEMENT_3D('',#2063,#1641,#1642);
#1366=AXIS2_PLACEMENT_3D('',#2065,#1644,#1645);
#1367=AXIS2_PLACEMENT_3D('',#2066,#1646,#1647);
#1368=AXIS2_PLACEMENT_3D('',#2067,#1648,#1649);
#1369=AXIS2_PLACEMENT_3D('',#2074,#1650,#1651);
#1370=AXIS2_PLACEMENT_3D('',#2075,#1652,#1653);
#1371=AXIS2_PLACEMENT_3D('',#2076,#1654,#1655);
#1372=AXIS2_PLACEMENT_3D('',#2089,#1656,#1657);
#1373=AXIS2_PLACEMENT_3D('',#2095,#1661,#1662);
#1374=AXIS2_PLACEMENT_3D('',#2099,#1665,#1666);
#1375=AXIS2_PLACEMENT_3D('',#2103,#1669,#1670);
#1376=AXIS2_PLACEMENT_3D('',#2107,#1673,#1674);
#1377=AXIS2_PLACEMENT_3D('',#2111,#1677,#1678);
#1378=AXIS2_PLACEMENT_3D('',#2113,#1680,#1681);
#1379=AXIS2_PLACEMENT_3D('',#2114,#1682,#1683);
#1380=AXIS2_PLACEMENT_3D('',#2127,#1690,#1691);
#1381=AXIS2_PLACEMENT_3D('',#2130,#1694,#1695);
#1382=AXIS2_PLACEMENT_3D('',#2132,#1697,#1698);
#1383=AXIS2_PLACEMENT_3D('',#2134,#1700,#1701);
#1384=AXIS2_PLACEMENT_3D('',#2136,#1703,#1704);
#1385=AXIS2_PLACEMENT_3D('',#2138,#1706,#1707);
#1386=AXIS2_PLACEMENT_3D('',#2139,#1708,#1709);
#1387=AXIS2_PLACEMENT_3D('',#2152,#1716,#1717);
#1388=AXIS2_PLACEMENT_3D('',#2155,#1720,#1721);
#1389=AXIS2_PLACEMENT_3D('',#2157,#1723,#1724);
#1390=AXIS2_PLACEMENT_3D('',#2159,#1726,#1727);
#1391=AXIS2_PLACEMENT_3D('',#2161,#1729,#1730);
#1392=AXIS2_PLACEMENT_3D('',#2163,#1732,#1733);
#1393=AXIS2_PLACEMENT_3D('',#2164,#1734,#1735);
#1394=AXIS2_PLACEMENT_3D('',#2168,#1738,#1739);
#1395=AXIS2_PLACEMENT_3D('',#2170,#1741,#1742);
#1396=DIRECTION('axis',(0.,0.,1.));
#1397=DIRECTION('refdir',(1.,0.,0.));
#1398=DIRECTION('center_axis',(-1.,0.,0.));
#1399=DIRECTION('ref_axis',(0.,0.,1.));
#1400=DIRECTION('center_axis',(1.,0.,0.));
#1401=DIRECTION('ref_axis',(0.,0.,1.));
#1402=DIRECTION('center_axis',(0.,-1.,0.));
#1403=DIRECTION('ref_axis',(0.,0.,-1.));
#1404=DIRECTION('center_axis',(1.,-1.11022302462516E-16,-6.12323399573676E-17));
#1405=DIRECTION('ref_axis',(6.12323399573676E-17,0.,1.));
#1406=DIRECTION('center_axis',(-1.,0.,0.));
#1407=DIRECTION('ref_axis',(0.,0.,1.));
#1408=DIRECTION('center_axis',(-1.,0.,0.));
#1409=DIRECTION('ref_axis',(2.22044604925031E-16,1.,2.22044604925031E-16));
#1410=DIRECTION('center_axis',(1.,-2.22044604925031E-16,-1.22464679914735E-16));
#1411=DIRECTION('ref_axis',(0.,0.,-1.));
#1412=DIRECTION('center_axis',(-1.,2.22044604925031E-16,1.22464679914735E-16));
#1413=DIRECTION('ref_axis',(-1.22464679914735E-16,-8.0743492700012E-17,
-1.));
#1414=DIRECTION('center_axis',(-2.22044604925031E-16,-1.,0.));
#1415=DIRECTION('ref_axis',(0.,0.,1.));
#1416=DIRECTION('center_axis',(1.,-2.22044604925031E-16,-1.22464679914735E-16));
#1417=DIRECTION('ref_axis',(-1.00929365875015E-16,-8.0743492700012E-17,
-1.));
#1418=DIRECTION('center_axis',(-1.,2.22044604925031E-16,1.22464679914735E-16));
#1419=DIRECTION('ref_axis',(-1.22464679914735E-16,-8.0743492700012E-17,
-1.));
#1420=DIRECTION('center_axis',(-1.,2.22044604925031E-16,1.22464679914735E-16));
#1421=DIRECTION('ref_axis',(-1.22464679914735E-16,-8.0743492700012E-17,
-1.));
#1422=DIRECTION('center_axis',(-2.53336856114495E-16,-0.853796175794036,
-0.520607424264656));
#1423=DIRECTION('ref_axis',(-1.1038194460842E-17,-0.520607424264656,0.853796175794036));
#1424=DIRECTION('',(-2.53336856114495E-16,-0.853796175794036,-0.520607424264656));
#1425=DIRECTION('center_axis',(2.22044604925031E-16,1.,2.22044604925031E-16));
#1426=DIRECTION('ref_axis',(3.02063648221723E-14,-2.22044604925038E-16,
1.));
#1427=DIRECTION('',(2.53336856114495E-16,0.853796175794036,0.520607424264656));
#1428=DIRECTION('center_axis',(-1.,2.22044604925031E-16,1.22464679914735E-16));
#1429=DIRECTION('ref_axis',(-2.03012210217171E-16,-1.,0.));
#1430=DIRECTION('center_axis',(-1.,2.22044604925031E-16,1.22464679914735E-16));
#1431=DIRECTION('ref_axis',(-2.22044604925031E-16,-1.,-2.22044604925031E-16));
#1432=DIRECTION('center_axis',(1.32522599893302E-16,0.045877569140459,0.998947069994083));
#1433=DIRECTION('ref_axis',(2.16192425677801E-16,0.998947069994083,-0.045877569140459));
#1434=DIRECTION('center_axis',(1.,-2.22044604925031E-16,-1.22464679914735E-16));
#1435=DIRECTION('ref_axis',(-2.22044604925031E-16,-1.,-1.11022302462516E-15));
#1436=DIRECTION('center_axis',(-1.,2.22044604925031E-16,1.22464679914735E-16));
#1437=DIRECTION('ref_axis',(-2.22044604925031E-16,-1.,-2.22044604925031E-16));
#1438=DIRECTION('center_axis',(-1.,2.22044604925031E-16,1.22464679914735E-16));
#1439=DIRECTION('ref_axis',(-2.22044604925031E-16,-1.,-2.22044604925031E-16));
#1440=DIRECTION('center_axis',(-1.,2.22044604925031E-16,1.22464679914735E-16));
#1441=DIRECTION('ref_axis',(-2.16196747732432E-16,-0.99894856574067,0.0458449888718219));
#1442=DIRECTION('center_axis',(-1.,2.22044604925031E-16,1.22464679914735E-16));
#1443=DIRECTION('ref_axis',(2.22044604925031E-16,1.,2.22044604925031E-16));
#1444=DIRECTION('center_axis',(-1.,2.22044604925031E-16,1.22464679914735E-16));
#1445=DIRECTION('ref_axis',(-2.22044604925031E-16,-1.,-2.22044604925031E-16));
#1446=DIRECTION('center_axis',(-1.,2.22044604925031E-16,1.22464679914735E-16));
#1447=DIRECTION('ref_axis',(-2.22044604925031E-16,-1.,-2.22044604925031E-16));
#1448=DIRECTION('center_axis',(1.,-2.22044604925031E-16,-1.22464679914735E-16));
#1449=DIRECTION('ref_axis',(-2.22044604925031E-16,-1.,-2.22044604925031E-16));
#1450=DIRECTION('',(-4.96477859002496E-18,-0.5,0.866025403784439));
#1451=DIRECTION('',(-2.22044604925031E-16,-1.,-2.22044604925031E-16));
#1452=DIRECTION('',(-2.17079826335006E-16,-0.5,-0.866025403784439));
#1453=DIRECTION('',(4.96477859002496E-18,0.5,-0.866025403784439));
#1454=DIRECTION('',(2.22044604925031E-16,1.,2.22044604925031E-16));
#1455=DIRECTION('',(2.17079826335006E-16,0.5,0.866025403784438));
#1456=DIRECTION('',(-2.53528608595724E-16,-0.866025403784439,-0.5));
#1457=DIRECTION('',(-1.22464679914735E-16,2.22044604925031E-16,-1.));
#1458=DIRECTION('',(1.31063928680989E-16,0.866025403784439,-0.5));
#1459=DIRECTION('',(2.53528608595724E-16,0.866025403784439,0.499999999999999));
#1460=DIRECTION('',(1.22464679914735E-16,2.87128280598491E-16,1.));
#1461=DIRECTION('',(-1.31063928680989E-16,-0.866025403784439,0.5));
#1462=DIRECTION('',(-4.96477859002494E-18,-0.5,0.866025403784439));
#1463=DIRECTION('',(-2.22044604925031E-16,-1.,-2.22044604925031E-16));
#1464=DIRECTION('',(-2.17079826335006E-16,-0.5,-0.866025403784439));
#1465=DIRECTION('',(4.96477859002516E-18,0.500000000000001,-0.866025403784438));
#1466=DIRECTION('',(2.22044604925031E-16,1.,-3.85133847926316E-15));
#1467=DIRECTION('',(2.17079826335006E-16,0.500000000000001,0.866025403784438));
#1468=DIRECTION('center_axis',(-1.,2.22044604925031E-16,1.22464679914735E-16));
#1469=DIRECTION('ref_axis',(-2.22044604925031E-16,-1.,-2.22044604925031E-16));
#1470=DIRECTION('',(1.22464679914735E-16,-2.22044604925031E-16,1.));
#1471=DIRECTION('',(2.52996564663229E-16,0.906307787036652,0.422618261740694));
#1472=DIRECTION('',(-1.49484944362837E-16,-0.906307787036653,0.422618261740694));
#1473=DIRECTION('',(1.22464679914735E-16,-2.22044604925031E-16,1.));
#1474=DIRECTION('',(-1.25824812966883E-16,-0.853796175794036,0.520607424264656));
#1475=DIRECTION('center_axis',(1.,0.,0.));
#1476=DIRECTION('ref_axis',(0.,0.,-1.));
#1477=DIRECTION('',(1.,0.,0.));
#1478=DIRECTION('center_axis',(-1.,2.22044604925031E-16,1.22464679914735E-16));
#1479=DIRECTION('ref_axis',(0.,0.,-1.));
#1480=DIRECTION('center_axis',(1.,-2.22044604925031E-16,-1.22464679914735E-16));
#1481=DIRECTION('ref_axis',(2.22044604925031E-16,1.,2.22044604925031E-16));
#1482=DIRECTION('center_axis',(1.,-2.22044604925031E-16,-1.22464679914735E-16));
#1483=DIRECTION('ref_axis',(-2.22044604925031E-16,-1.,-2.22044604925031E-16));
#1484=DIRECTION('',(0.707106781186547,-0.707106781186548,-3.30200457115476E-16));
#1485=DIRECTION('center_axis',(-1.,2.22044604925031E-16,1.22464679914735E-16));
#1486=DIRECTION('ref_axis',(-2.22044604925031E-16,-1.,-2.22044604925031E-16));
#1487=DIRECTION('center_axis',(2.22044604925031E-16,1.,2.22044604925031E-16));
#1488=DIRECTION('ref_axis',(-1.22464679914735E-16,2.22044604925031E-16,
-1.));
#1489=DIRECTION('center_axis',(2.22044604925031E-16,1.,2.22044604925031E-16));
#1490=DIRECTION('ref_axis',(-1.22464679914735E-16,2.22044604925031E-16,
-1.));
#1491=DIRECTION('',(2.22044604925031E-16,1.,2.22044604925031E-16));
#1492=DIRECTION('center_axis',(2.22044604925031E-16,1.,2.22044604925031E-16));
#1493=DIRECTION('ref_axis',(-1.22464679914735E-16,2.22044604925031E-16,
-1.));
#1494=DIRECTION('center_axis',(2.22044604925031E-16,1.,2.22044604925031E-16));
#1495=DIRECTION('ref_axis',(-1.22464679914735E-16,2.22044604925031E-16,
-1.));
#1496=DIRECTION('center_axis',(2.22044604925031E-16,1.,2.22044604925031E-16));
#1497=DIRECTION('ref_axis',(-1.22464679914735E-16,2.22044604925031E-16,
-1.));
#1498=DIRECTION('',(2.22044604925031E-16,1.,2.22044604925031E-16));
#1499=DIRECTION('center_axis',(-2.22044604925031E-16,-1.,-2.22044604925031E-16));
#1500=DIRECTION('ref_axis',(1.22464679914735E-16,-2.22044604925031E-16,
1.));
#1501=DIRECTION('center_axis',(2.22044604925031E-16,1.,2.22044604925031E-16));
#1502=DIRECTION('ref_axis',(-1.22464679914735E-16,2.22044604925031E-16,
-1.));
#1503=DIRECTION('center_axis',(2.22044604925031E-16,1.,2.22044604925031E-16));
#1504=DIRECTION('ref_axis',(-1.22464679914735E-16,2.22044604925031E-16,
-1.));
#1505=DIRECTION('',(2.22044604925031E-16,1.,2.22044604925031E-16));
#1506=DIRECTION('center_axis',(-2.22044604925031E-16,-1.,-2.22044604925031E-16));
#1507=DIRECTION('ref_axis',(1.22464679914735E-16,-2.22044604925031E-16,
1.));
#1508=DIRECTION('center_axis',(2.22044604925031E-16,1.,2.22044604925031E-16));
#1509=DIRECTION('ref_axis',(-1.22464679914735E-16,2.22044604925031E-16,
-1.));
#1510=DIRECTION('center_axis',(2.22044604925031E-16,1.,2.22044604925031E-16));
#1511=DIRECTION('ref_axis',(-1.22464679914735E-16,2.22044604925031E-16,
-1.));
#1512=DIRECTION('',(2.22044604925031E-16,1.,2.22044604925031E-16));
#1513=DIRECTION('center_axis',(2.22044604925031E-16,1.,2.22044604925031E-16));
#1514=DIRECTION('ref_axis',(-1.22464679914735E-16,2.22044604925031E-16,
-1.));
#1515=DIRECTION('center_axis',(-1.,2.22044604925031E-16,1.22464679914735E-16));
#1516=DIRECTION('ref_axis',(-2.22044604925031E-16,-1.,-2.22044604925031E-16));
#1517=DIRECTION('center_axis',(1.,-2.22044604925031E-16,-1.22464679914735E-16));
#1518=DIRECTION('ref_axis',(-2.22044604925031E-16,-1.,-2.22044604925031E-16));
#1519=DIRECTION('',(-1.,2.22044604925031E-16,1.22464679914735E-16));
#1520=DIRECTION('',(-1.,2.22044604925031E-16,1.22464679914735E-16));
#1521=DIRECTION('center_axis',(-1.,2.22044604925031E-16,1.22464679914735E-16));
#1522=DIRECTION('ref_axis',(-2.22044604925031E-16,-1.,-2.22044604925031E-16));
#1523=DIRECTION('center_axis',(-1.,2.22044604925031E-16,1.22464679914735E-16));
#1524=DIRECTION('ref_axis',(-2.22044604925031E-16,-1.,-2.22044604925031E-16));
#1525=DIRECTION('',(-1.,2.22044604925031E-16,1.22464679914735E-16));
#1526=DIRECTION('',(-1.,2.22044604925031E-16,1.22464679914735E-16));
#1527=DIRECTION('center_axis',(1.,-2.22044604925031E-16,-1.22464679914735E-16));
#1528=DIRECTION('ref_axis',(2.22044604925031E-16,1.,2.22044604925031E-16));
#1529=DIRECTION('',(1.,-2.22044604925031E-16,-1.22464679914735E-16));
#1530=DIRECTION('center_axis',(-1.,2.22044604925031E-16,1.22464679914735E-16));
#1531=DIRECTION('ref_axis',(-2.22044604925031E-16,-1.,-2.22044604925031E-16));
#1532=DIRECTION('center_axis',(1.,-2.22044604925031E-16,-1.22464679914735E-16));
#1533=DIRECTION('ref_axis',(-2.22044604925031E-16,-1.,-2.22044604925031E-16));
#1534=DIRECTION('',(-1.,2.22044604925031E-16,1.22464679914735E-16));
#1535=DIRECTION('center_axis',(-1.,2.22044604925031E-16,1.22464679914735E-16));
#1536=DIRECTION('ref_axis',(-2.22044604925031E-16,-1.,-2.22044604925031E-16));
#1537=DIRECTION('center_axis',(-1.,2.22044604925031E-16,1.22464679914735E-16));
#1538=DIRECTION('ref_axis',(-2.22044604925031E-16,-1.,-2.22044604925031E-16));
#1539=DIRECTION('center_axis',(-1.,2.22044604925031E-16,1.22464679914735E-16));
#1540=DIRECTION('ref_axis',(-2.22044604925031E-16,-1.,-2.22044604925031E-16));
#1541=DIRECTION('',(-1.,2.22044604925031E-16,1.22464679914735E-16));
#1542=DIRECTION('center_axis',(1.,-2.22044604925031E-16,-1.22464679914735E-16));
#1543=DIRECTION('ref_axis',(-2.22044604925031E-16,-1.,-2.22044604925031E-16));
#1544=DIRECTION('center_axis',(-1.,2.22044604925031E-16,1.22464679914735E-16));
#1545=DIRECTION('ref_axis',(-2.22044604925031E-16,-1.,-2.22044604925031E-16));
#1546=DIRECTION('center_axis',(-1.,2.22044604925031E-16,1.22464679914735E-16));
#1547=DIRECTION('ref_axis',(-2.22044604925031E-16,-1.,-2.22044604925031E-16));
#1548=DIRECTION('',(-1.,2.22044604925031E-16,1.22464679914735E-16));
#1549=DIRECTION('center_axis',(1.,-2.22044604925031E-16,-1.22464679914735E-16));
#1550=DIRECTION('ref_axis',(-2.22044604925031E-16,-1.,-2.22044604925031E-16));
#1551=DIRECTION('center_axis',(-1.,2.22044604925031E-16,1.22464679914735E-16));
#1552=DIRECTION('ref_axis',(-2.22044604925031E-16,-1.,-2.22044604925031E-16));
#1553=DIRECTION('center_axis',(-1.,2.22044604925031E-16,1.22464679914735E-16));
#1554=DIRECTION('ref_axis',(-2.22044604925031E-16,-1.,-2.22044604925031E-16));
#1555=DIRECTION('',(-1.25824812966883E-16,-0.853796175794036,0.520607424264656));
#1556=DIRECTION('',(1.22464679914735E-16,-2.22044604925031E-16,1.));
#1557=DIRECTION('',(-2.53336856114495E-16,-0.853796175794036,-0.520607424264656));
#1558=DIRECTION('',(-2.22044604925031E-16,-1.,-2.22044604925031E-16));
#1559=DIRECTION('',(1.22464679914735E-16,-2.22044604925031E-16,1.));
#1560=DIRECTION('',(2.22044604925031E-16,1.,2.22044604925031E-16));
#1561=DIRECTION('',(-1.22464679914735E-16,2.22044604925031E-16,-1.));
#1562=DIRECTION('',(1.22464679914735E-16,-2.22044604925031E-16,1.));
#1563=DIRECTION('',(2.22044604925031E-16,1.,2.22044604925031E-16));
#1564=DIRECTION('',(-1.22464679914735E-16,2.22044604925031E-16,-1.));
#1565=DIRECTION('',(-2.22044604925031E-16,-1.,-2.22044604925031E-16));
#1566=DIRECTION('center_axis',(-1.,2.22044604925031E-16,1.22464679914735E-16));
#1567=DIRECTION('ref_axis',(-2.22044604925031E-16,-1.,-2.22044604925031E-16));
#1568=DIRECTION('center_axis',(-1.,2.22044604925031E-16,1.22464679914735E-16));
#1569=DIRECTION('ref_axis',(-2.22044604925031E-16,-1.,-2.22044604925031E-16));
#1570=DIRECTION('center_axis',(1.,-2.22044604925031E-16,-1.22464679914735E-16));
#1571=DIRECTION('ref_axis',(-2.22044604925032E-16,-1.,-4.09638281366086E-15));
#1572=DIRECTION('',(-1.,2.22044604925031E-16,1.22464679914735E-16));
#1573=DIRECTION('center_axis',(-1.,2.22044604925031E-16,1.22464679914735E-16));
#1574=DIRECTION('ref_axis',(-2.22044604925031E-16,-1.,-2.22044604925031E-16));
#1575=DIRECTION('',(-1.,2.22044604925031E-16,1.22464679914735E-16));
#1576=DIRECTION('center_axis',(1.,-2.22044604925031E-16,-1.22464679914735E-16));
#1577=DIRECTION('ref_axis',(-2.22044604925031E-16,-1.,-2.22044604925031E-16));
#1578=DIRECTION('',(1.,-2.22044604925031E-16,-1.22464679914735E-16));
#1579=DIRECTION('',(1.,-2.22044604925031E-16,-1.22464679914735E-16));
#1580=DIRECTION('center_axis',(-1.10381944608421E-17,-0.520607424264656,
0.853796175794036));
#1581=DIRECTION('ref_axis',(2.53336856114495E-16,0.853796175794036,0.520607424264656));
#1582=DIRECTION('',(1.,-2.22044604925031E-16,-1.22464679914735E-16));
#1583=DIRECTION('center_axis',(2.22044604925031E-16,1.,2.22044604925031E-16));
#1584=DIRECTION('ref_axis',(-1.22464679914735E-16,2.22044604925031E-16,
-1.));
#1585=DIRECTION('',(-1.,2.22044604925031E-16,1.22464679914735E-16));
#1586=DIRECTION('',(1.,-2.22044604925031E-16,-1.22464679914735E-16));
#1587=DIRECTION('center_axis',(2.22044604925031E-16,1.,2.22044604925031E-16));
#1588=DIRECTION('ref_axis',(4.62395754968481E-16,-2.22044604925031E-16,
1.));
#1589=DIRECTION('',(-1.,2.22044604925031E-16,1.22464679914735E-16));
#1590=DIRECTION('',(-1.22464679914735E-16,2.22044604925031E-16,-1.));
#1591=DIRECTION('center_axis',(2.20157945222925E-16,0.520607424264656,0.853796175794036));
#1592=DIRECTION('ref_axis',(1.25824812966883E-16,0.853796175794036,-0.520607424264656));
#1593=DIRECTION('',(1.25824812966883E-16,0.853796175794036,-0.520607424264656));
#1594=DIRECTION('center_axis',(1.25824812966883E-16,0.853796175794036,-0.520607424264656));
#1595=DIRECTION('ref_axis',(-2.20157945222925E-16,-0.520607424264656,-0.853796175794036));
#1596=DIRECTION('center_axis',(-1.,2.22044604925031E-16,1.22464679914735E-16));
#1597=DIRECTION('ref_axis',(2.04974971239516E-16,0.992139988735099,-0.125132900360849));
#1598=DIRECTION('center_axis',(-1.,2.22044604925031E-16,1.22464679914735E-16));
#1599=DIRECTION('ref_axis',(2.35623692418505E-16,0.992139988735097,0.125132900360862));
#1600=DIRECTION('center_axis',(-1.22464679914735E-16,2.22044604925031E-16,
-1.));
#1601=DIRECTION('ref_axis',(-2.22044604925031E-16,-1.,-2.22044604925031E-16));
#1602=DIRECTION('',(-1.,2.22044604925031E-16,1.22464679914735E-16));
#1603=DIRECTION('',(1.,-2.22044604925031E-16,-1.22464679914735E-16));
#1604=DIRECTION('',(-2.22044604925031E-16,-1.,-2.22044604925031E-16));
#1605=DIRECTION('center_axis',(-2.22044604925031E-16,-1.,-2.22044604925031E-16));
#1606=DIRECTION('ref_axis',(1.22464679914735E-16,-2.22044604925031E-16,
1.));
#1607=DIRECTION('',(1.,-2.22044604925031E-16,-1.22464679914735E-16));
#1608=DIRECTION('',(-0.5,-8.12739661758408E-17,0.866025403784439));
#1609=DIRECTION('',(0.5,-3.03318571100872E-16,0.866025403784439));
#1610=DIRECTION('center_axis',(1.22464679914735E-16,-2.22044604925031E-16,
1.));
#1611=DIRECTION('ref_axis',(2.22044604925031E-16,1.,2.22044604925031E-16));
#1612=DIRECTION('',(-1.,2.22044604925031E-16,1.22464679914735E-16));
#1613=DIRECTION('',(2.22044604925031E-16,1.,2.22044604925031E-16));
#1614=DIRECTION('center_axis',(2.22044604925031E-16,1.,2.22044604925031E-16));
#1615=DIRECTION('ref_axis',(-1.22464679914735E-16,2.22044604925031E-16,
-1.));
#1616=DIRECTION('',(0.5,-3.03318571100872E-16,0.866025403784439));
#1617=DIRECTION('',(-0.5,-8.12739661758408E-17,0.866025403784439));
#1618=DIRECTION('center_axis',(2.22044604925031E-16,1.,2.22044604925031E-16));
#1619=DIRECTION('ref_axis',(-1.22464679914735E-16,2.22044604925031E-16,
-1.));
#1620=DIRECTION('',(-1.,2.22044604925031E-16,1.22464679914735E-16));
#1621=DIRECTION('',(0.5,-3.03318571100872E-16,0.866025403784439));
#1622=DIRECTION('',(-0.5,-8.12739661758407E-17,0.866025403784438));
#1623=DIRECTION('',(1.,-2.22044604925031E-16,-1.22464679914735E-16));
#1624=DIRECTION('center_axis',(-1.22464679914735E-16,2.22044604925031E-16,
-1.));
#1625=DIRECTION('ref_axis',(-2.22044604925031E-16,-1.,-2.22044604925031E-16));
#1626=DIRECTION('',(-1.,2.22044604925031E-16,1.22464679914735E-16));
#1627=DIRECTION('',(-2.22044604925031E-16,-1.,-2.22044604925031E-16));
#1628=DIRECTION('center_axis',(-2.22044604925031E-16,-1.,-2.22044604925031E-16));
#1629=DIRECTION('ref_axis',(1.22464679914735E-16,-2.22044604925031E-16,
1.));
#1630=DIRECTION('',(1.,-2.22044604925031E-16,-1.22464679914735E-16));
#1631=DIRECTION('',(-0.5,-8.12739661758407E-17,0.866025403784438));
#1632=DIRECTION('',(0.5,-3.03318571100872E-16,0.866025403784439));
#1633=DIRECTION('center_axis',(1.22464679914735E-16,-2.22044604925031E-16,
1.));
#1634=DIRECTION('ref_axis',(2.22044604925031E-16,1.,2.22044604925031E-16));
#1635=DIRECTION('',(2.22044604925031E-16,1.,2.22044604925031E-16));
#1636=DIRECTION('center_axis',(0.866025403784439,-3.03318571100872E-16,
0.5));
#1637=DIRECTION('ref_axis',(-0.5,-8.12739661758409E-17,0.866025403784439));
#1638=DIRECTION('',(-2.22044604925031E-16,-1.,-2.22044604925031E-16));
#1639=DIRECTION('center_axis',(0.866025403784439,-8.12739661758407E-17,
-0.5));
#1640=DIRECTION('ref_axis',(0.5,-3.03318571100872E-16,0.866025403784439));
#1641=DIRECTION('center_axis',(0.866025403784439,-3.03318571100872E-16,
0.5));
#1642=DIRECTION('ref_axis',(-0.5,-8.12739661758408E-17,0.866025403784439));
#1643=DIRECTION('',(-2.22044604925031E-16,-1.,-2.22044604925031E-16));
#1644=DIRECTION('center_axis',(0.866025403784439,-8.12739661758407E-17,
-0.5));
#1645=DIRECTION('ref_axis',(0.5,-3.03318571100872E-16,0.866025403784439));
#1646=DIRECTION('center_axis',(2.22044604925031E-16,1.,2.22044604925031E-16));
#1647=DIRECTION('ref_axis',(-1.22464679914735E-16,2.22044604925031E-16,
-1.));
#1648=DIRECTION('center_axis',(2.22044604925031E-16,1.,2.22044604925031E-16));
#1649=DIRECTION('ref_axis',(-1.22464679914735E-16,2.22044604925031E-16,
-1.));
#1650=DIRECTION('center_axis',(1.,-3.03680834208079E-14,5.68955080127691E-16));
#1651=DIRECTION('ref_axis',(-3.03412465432939E-14,-0.998948524079916,-0.0458458966381687));
#1652=DIRECTION('center_axis',(-1.,2.22044604925031E-16,1.22464679914735E-16));
#1653=DIRECTION('ref_axis',(-2.03012210217171E-16,-1.,0.));
#1654=DIRECTION('center_axis',(1.12154356626167E-16,-0.0458534543061395,
0.998948177198495));
#1655=DIRECTION('ref_axis',(2.27426481951206E-16,0.998948177198494,0.0458534543061395));
#1656=DIRECTION('center_axis',(2.53528608595724E-16,0.866025403784439,0.5));
#1657=DIRECTION('ref_axis',(4.96477859002492E-18,0.5,-0.866025403784439));
#1658=DIRECTION('',(-1.,2.22044604925031E-16,1.22464679914735E-16));
#1659=DIRECTION('',(-4.96477859002496E-18,-0.5,0.866025403784439));
#1660=DIRECTION('',(-1.,2.22044604925031E-16,1.22464679914735E-16));
#1661=DIRECTION('center_axis',(1.22464679914735E-16,-2.22044604925031E-16,
1.));
#1662=DIRECTION('ref_axis',(2.22044604925031E-16,1.,2.22044604925031E-16));
#1663=DIRECTION('',(-2.22044604925031E-16,-1.,-2.22044604925031E-16));
#1664=DIRECTION('',(-1.,2.22044604925031E-16,1.22464679914735E-16));
#1665=DIRECTION('center_axis',(-1.31063928680989E-16,-0.866025403784439,
0.5));
#1666=DIRECTION('ref_axis',(2.17079826335006E-16,0.5,0.866025403784439));
#1667=DIRECTION('',(-2.17079826335006E-16,-0.5,-0.866025403784439));
#1668=DIRECTION('',(1.,-2.22044604925031E-16,-1.22464679914735E-16));
#1669=DIRECTION('center_axis',(-2.53528608595724E-16,-0.866025403784439,
-0.5));
#1670=DIRECTION('ref_axis',(-4.96477859002492E-18,-0.5,0.866025403784439));
#1671=DIRECTION('',(4.96477859002496E-18,0.5,-0.866025403784439));
#1672=DIRECTION('',(1.,-2.22044604925031E-16,-1.22464679914735E-16));
#1673=DIRECTION('center_axis',(-1.22464679914735E-16,2.22044604925031E-16,
-1.));
#1674=DIRECTION('ref_axis',(-2.22044604925031E-16,-1.,-2.22044604925031E-16));
#1675=DIRECTION('',(2.22044604925031E-16,1.,2.22044604925031E-16));
#1676=DIRECTION('',(-1.,2.22044604925031E-16,1.22464679914735E-16));
#1677=DIRECTION('center_axis',(1.31063928680989E-16,0.866025403784439,-0.5));
#1678=DIRECTION('ref_axis',(-2.17079826335006E-16,-0.5,-0.866025403784439));
#1679=DIRECTION('',(2.17079826335006E-16,0.5,0.866025403784438));
#1680=DIRECTION('center_axis',(-1.,2.22044604925031E-16,1.22464679914735E-16));
#1681=DIRECTION('ref_axis',(-2.22044604925031E-16,-1.,-2.22044604925031E-16));
#1682=DIRECTION('center_axis',(-1.,2.22044604925031E-16,1.22464679914735E-16));
#1683=DIRECTION('ref_axis',(-2.22044604925031E-16,-1.,-2.22044604925031E-16));
#1684=DIRECTION('',(-2.53528608595724E-16,-0.866025403784439,-0.5));
#1685=DIRECTION('',(-1.31063928680989E-16,-0.866025403784439,0.5));
#1686=DIRECTION('',(1.22464679914735E-16,2.87128280598491E-16,1.));
#1687=DIRECTION('',(2.53528608595724E-16,0.866025403784439,0.499999999999999));
#1688=DIRECTION('',(1.31063928680989E-16,0.866025403784439,-0.5));
#1689=DIRECTION('',(-1.22464679914735E-16,2.22044604925031E-16,-1.));
#1690=DIRECTION('center_axis',(-4.9647785900249E-18,-0.5,0.866025403784439));
#1691=DIRECTION('ref_axis',(2.53528608595724E-16,0.866025403784439,0.5));
#1692=DIRECTION('',(1.,-2.22044604925031E-16,-1.22464679914735E-16));
#1693=DIRECTION('',(1.,-2.22044604925031E-16,-1.22464679914735E-16));
#1694=DIRECTION('center_axis',(-2.22044604925031E-16,-1.,-2.22044604925031E-16));
#1695=DIRECTION('ref_axis',(1.22464679914735E-16,-2.22044604925031E-16,
1.));
#1696=DIRECTION('',(-1.,2.22044604925031E-16,1.22464679914735E-16));
#1697=DIRECTION('center_axis',(-2.17079826335006E-16,-0.5,-0.866025403784439));
#1698=DIRECTION('ref_axis',(-1.31063928680989E-16,-0.866025403784439,0.5));
#1699=DIRECTION('',(1.,-2.22044604925031E-16,-1.22464679914735E-16));
#1700=DIRECTION('center_axis',(4.96477859002481E-18,0.499999999999999,-0.866025403784439));
#1701=DIRECTION('ref_axis',(-2.53528608595724E-16,-0.866025403784439,-0.499999999999999));
#1702=DIRECTION('',(1.,-2.22044604925031E-16,-1.22464679914735E-16));
#1703=DIRECTION('center_axis',(2.22044604925031E-16,1.,-2.87128280598491E-16));
#1704=DIRECTION('ref_axis',(-1.22464679914735E-16,-2.87128280598491E-16,
-1.));
#1705=DIRECTION('',(1.,-2.22044604925031E-16,-1.22464679914735E-16));
#1706=DIRECTION('center_axis',(2.17079826335006E-16,0.5,0.866025403784439));
#1707=DIRECTION('ref_axis',(1.31063928680989E-16,0.866025403784439,-0.5));
#1708=DIRECTION('center_axis',(-1.,2.22044604925031E-16,1.22464679914735E-16));
#1709=DIRECTION('ref_axis',(-2.22044604925031E-16,-1.,-2.22044604925031E-16));
#1710=DIRECTION('',(-4.96477859002494E-18,-0.5,0.866025403784439));
#1711=DIRECTION('',(2.17079826335006E-16,0.500000000000001,0.866025403784438));
#1712=DIRECTION('',(2.22044604925031E-16,1.,-3.85133847926316E-15));
#1713=DIRECTION('',(4.96477859002516E-18,0.500000000000001,-0.866025403784438));
#1714=DIRECTION('',(-2.17079826335006E-16,-0.5,-0.866025403784439));
#1715=DIRECTION('',(-2.22044604925031E-16,-1.,-2.22044604925031E-16));
#1716=DIRECTION('center_axis',(2.53528608595724E-16,0.866025403784439,0.5));
#1717=DIRECTION('ref_axis',(4.96477859002489E-18,0.5,-0.866025403784439));
#1718=DIRECTION('',(1.,-2.22044604925031E-16,-1.22464679914735E-16));
#1719=DIRECTION('',(1.,-2.22044604925031E-16,-1.22464679914735E-16));
#1720=DIRECTION('center_axis',(1.22464679914735E-16,-2.22044604925031E-16,
1.));
#1721=DIRECTION('ref_axis',(2.22044604925031E-16,1.,2.22044604925031E-16));
#1722=DIRECTION('',(-1.,2.22044604925031E-16,1.22464679914735E-16));
#1723=DIRECTION('center_axis',(-1.31063928680989E-16,-0.866025403784439,
0.5));
#1724=DIRECTION('ref_axis',(2.17079826335006E-16,0.5,0.866025403784439));
#1725=DIRECTION('',(-1.,2.22044604925031E-16,1.22464679914735E-16));
#1726=DIRECTION('center_axis',(-2.53528608595724E-16,-0.866025403784438,
-0.500000000000001));
#1727=DIRECTION('ref_axis',(-4.9647785900251E-18,-0.500000000000001,0.866025403784438));
#1728=DIRECTION('',(1.,-2.22044604925031E-16,-1.22464679914735E-16));
#1729=DIRECTION('center_axis',(-1.22464679914736E-16,-3.85133847926316E-15,
-1.));
#1730=DIRECTION('ref_axis',(-2.22044604925031E-16,-1.,3.85133847926316E-15));
#1731=DIRECTION('',(1.,-2.22044604925031E-16,-1.22464679914735E-16));
#1732=DIRECTION('center_axis',(1.31063928680989E-16,0.866025403784438,-0.500000000000001));
#1733=DIRECTION('ref_axis',(-2.17079826335006E-16,-0.500000000000001,-0.866025403784438));
#1734=DIRECTION('center_axis',(1.71505880813598E-17,-0.422618261740694,
0.906307787036652));
#1735=DIRECTION('ref_axis',(2.52996564663229E-16,0.906307787036652,0.422618261740694));
#1736=DIRECTION('',(2.52996564663229E-16,0.906307787036652,0.422618261740694));
#1737=DIRECTION('',(-1.,2.22044604925031E-16,1.22464679914735E-16));
#1738=DIRECTION('center_axis',(-2.04830798005992E-16,-0.422618261740694,
-0.906307787036653));
#1739=DIRECTION('ref_axis',(-1.49484944362837E-16,-0.906307787036653,0.422618261740694));
#1740=DIRECTION('',(-1.49484944362837E-16,-0.906307787036653,0.422618261740694));
#1741=DIRECTION('center_axis',(1.,-2.22044604925031E-16,-1.22464679914735E-16));
#1742=DIRECTION('ref_axis',(2.22044604925031E-16,1.,2.22044604925031E-16));
#1743=CARTESIAN_POINT('',(0.,0.,0.));
#1744=CARTESIAN_POINT('Origin',(-52.4999992189461,703.623792668446,-80.0802638441916));
#1745=CARTESIAN_POINT('',(-53.3999992189461,703.623792668446,-85.5802638441916));
#1746=CARTESIAN_POINT('Origin',(-53.3999992189461,703.623792668446,-80.0802638441916));
#1747=CARTESIAN_POINT('',(-52.4999992189461,703.623792668446,-86.4802638441916));
#1748=CARTESIAN_POINT('Origin',(-52.4999992189461,703.623792668446,-85.5802638441916));
#1749=CARTESIAN_POINT('Origin',(-52.4999992189461,703.623792668446,-80.0802638441916));
#1750=CARTESIAN_POINT('Origin',(-53.3999992189461,703.576928897566,-80.0802638450412));
#1751=CARTESIAN_POINT('',(-53.3999992189461,699.523792668446,-80.0802638441916));
#1752=CARTESIAN_POINT('Origin',(-53.3999992189461,703.623792668446,-80.0802638441916));
#1753=CARTESIAN_POINT('Origin',(-51.4999992189461,730.623792668446,-80.0802638441916));
#1754=CARTESIAN_POINT('',(-52.4902637719963,733.897334538796,-81.6040137850156));
#1755=CARTESIAN_POINT('',(-52.4999992189461,733.530042668446,-82.4501184678976));
#1756=CARTESIAN_POINT('Ctrl Pts',(-52.4902637719965,733.897334538803,-81.6040137850178));
#1757=CARTESIAN_POINT('Ctrl Pts',(-52.495260714348,733.802814819599,-81.8913136337008));
#1758=CARTESIAN_POINT('Ctrl Pts',(-52.4998342802198,733.682168970389,-82.1697849390193));
#1759=CARTESIAN_POINT('Ctrl Pts',(-52.4999977912366,733.535154229392,-82.4407494892042));
#1760=CARTESIAN_POINT('Ctrl Pts',(-52.4999992189461,733.532602087515,-82.4454359687592));
#1761=CARTESIAN_POINT('Ctrl Pts',(-52.4999992189461,733.530042668446,-82.4501184678976));
#1762=CARTESIAN_POINT('',(-52.4999992189461,730.623792668446,-76.3302638441916));
#1763=CARTESIAN_POINT('Origin',(-52.4999992189461,730.623792668446,-80.0802638441916));
#1764=CARTESIAN_POINT('',(-51.4999992189461,730.623792668446,-77.3302638441916));
#1765=CARTESIAN_POINT('Origin',(-51.4999992189461,730.623792668446,-76.3302638441916));
#1766=CARTESIAN_POINT('Origin',(-51.4999992189461,730.623792668446,-80.0802638441916));
#1767=CARTESIAN_POINT('',(-52.4999992189461,733.530042668446,-77.7104092204856));
#1768=CARTESIAN_POINT('Origin',(-52.4999992189461,730.623792668446,-80.0802638441916));
#1769=CARTESIAN_POINT('',(-52.4902637719963,733.897334538796,-78.5565139033677));
#1770=CARTESIAN_POINT('Ctrl Pts',(-52.4999992189461,733.530042668446,-77.7104092204856));
#1771=CARTESIAN_POINT('Ctrl Pts',(-52.4999992189461,733.532602087596,-77.7150917197719));
#1772=CARTESIAN_POINT('Ctrl Pts',(-52.4999977912369,733.535154228988,-77.7197781984327));
#1773=CARTESIAN_POINT('Ctrl Pts',(-52.4998342802235,733.682168973244,-77.9907427545878));
#1774=CARTESIAN_POINT('Ctrl Pts',(-52.495260714279,733.802814820904,-78.2692140586507));
#1775=CARTESIAN_POINT('Ctrl Pts',(-52.4902637719965,733.897334538803,-78.5565139033655));
#1776=CARTESIAN_POINT('',(-52.4999992189461,734.213755511003,-78.9964433844024));
#1777=CARTESIAN_POINT('Ctrl Pts',(-52.4902637719969,733.897334538804,-78.5565139033613));
#1778=CARTESIAN_POINT('Ctrl Pts',(-52.4964891619763,734.008725759414,-78.6908727133093));
#1779=CARTESIAN_POINT('Ctrl Pts',(-52.4997779473749,734.111367620257,-78.832685307263));
#1780=CARTESIAN_POINT('Ctrl Pts',(-52.4999956075505,734.20741683292,-78.9862314869239));
#1781=CARTESIAN_POINT('Ctrl Pts',(-52.4999992189461,734.210592092404,-78.9913337659212));
#1782=CARTESIAN_POINT('Ctrl Pts',(-52.4999992189461,734.213755511003,-78.9964433844024));
#1783=CARTESIAN_POINT('',(-52.4999992189461,734.213755511003,-81.1640843039808));
#1784=CARTESIAN_POINT('Origin',(-52.4999992189461,730.623792668446,-80.0802638441916));
#1785=CARTESIAN_POINT('Ctrl Pts',(-52.4999992189461,734.213755511003,-81.1640843039808));
#1786=CARTESIAN_POINT('Ctrl Pts',(-52.4999992189461,734.210592092392,-81.1691939224819));
#1787=CARTESIAN_POINT('Ctrl Pts',(-52.4999956075505,734.207416832933,-81.1742962014388));
#1788=CARTESIAN_POINT('Ctrl Pts',(-52.4997779473749,734.111367620221,-81.3278423811771));
#1789=CARTESIAN_POINT('Ctrl Pts',(-52.4964891619739,734.008725759372,-81.4696549751245));
#1790=CARTESIAN_POINT('Ctrl Pts',(-52.4902637719969,733.897334538804,-81.6040137850219));
#1791=CARTESIAN_POINT('Origin',(-37.4999992189461,711.432904032416,-92.8872064811022));
#1792=CARTESIAN_POINT('',(-47.4999992189461,735.316716078666,-65.2290482133437));
#1793=CARTESIAN_POINT('Ctrl Pts',(-52.490263771997,733.897334538796,-78.5565139033677));
#1794=CARTESIAN_POINT('Ctrl Pts',(-52.4244252102496,734.816295972624,-75.8568930401936));
#1795=CARTESIAN_POINT('Ctrl Pts',(-52.0206930505237,735.380994832044,-73.4072337395204));
#1796=CARTESIAN_POINT('Ctrl Pts',(-50.8218463570209,735.864940075878,-69.7710599976185));
#1797=CARTESIAN_POINT('Ctrl Pts',(-50.1720534602417,735.910971603484,-68.4534527595887));
#1798=CARTESIAN_POINT('Ctrl Pts',(-48.8285654063858,735.742028395592,-66.489787731069));
#1799=CARTESIAN_POINT('Ctrl Pts',(-48.1711515631056,735.572964867842,-65.7758905359645));
#1800=CARTESIAN_POINT('Ctrl Pts',(-47.499999218946,735.316716078666,-65.2290482133437));
#1801=CARTESIAN_POINT('',(-37.4999992189461,733.506658821237,-61.8590039949287));
#1802=CARTESIAN_POINT('Ctrl Pts',(-37.4999992189461,733.506658821237,-61.8590039949287));
#1803=CARTESIAN_POINT('Ctrl Pts',(-38.4428851784858,733.506658821237,-61.8590039949287));
#1804=CARTESIAN_POINT('Ctrl Pts',(-39.4178694628361,733.554033765685,-61.9359303708283));
#1805=CARTESIAN_POINT('Ctrl Pts',(-41.356864413496,733.749445256788,-62.262260997091));
#1806=CARTESIAN_POINT('Ctrl Pts',(-42.3208905398442,733.897381541287,-62.5116334165924));
#1807=CARTESIAN_POINT('Ctrl Pts',(-44.1691019864538,734.274928768812,-63.1789379773736));
#1808=CARTESIAN_POINT('Ctrl Pts',(-45.0547760595062,734.504615260797,-63.5975587463701));
#1809=CARTESIAN_POINT('Ctrl Pts',(-46.451310863742,734.935055700206,-64.4355547439569));
#1810=CARTESIAN_POINT('Ctrl Pts',(-46.9961013162482,735.124325739038,-64.8184816678003));
#1811=CARTESIAN_POINT('Ctrl Pts',(-47.499999218946,735.316716078666,-65.2290482133437));
#1812=CARTESIAN_POINT('',(-37.4999992189461,744.623792668446,-55.0802638441916));
#1813=CARTESIAN_POINT('',(-37.4999992189461,703.623792668446,-80.0802638441916));
#1814=CARTESIAN_POINT('',(-52.4999992189461,744.623792668446,-72.6488597518155));
#1815=CARTESIAN_POINT('Origin',(-37.4999992189462,744.623792668446,-72.6488597518153));
#1816=CARTESIAN_POINT('',(-52.4999992189461,711.432904032416,-92.8872064811022));
#1817=CARTESIAN_POINT('Origin',(-47.4999992189461,703.623792668446,-80.0802638441916));
#1818=CARTESIAN_POINT('',(-52.4999992189461,673.655380569755,-78.7039367700294));
#1819=CARTESIAN_POINT('Origin',(-52.4999992189461,703.623792668446,-80.0802638441916));
#1820=CARTESIAN_POINT('',(-47.4999992189461,668.660645219079,-78.4745489242501));
#1821=CARTESIAN_POINT('Origin',(-47.4999992189461,673.655380570321,-78.7039367700554));
#1822=CARTESIAN_POINT('Origin',(-47.4999992189461,703.623792668446,-80.0802638441916));
#1823=CARTESIAN_POINT('Origin',(-52.4999992189461,703.623792668446,-80.0802638441916));
#1824=CARTESIAN_POINT('',(-52.4999992189461,673.655386105777,-81.4567114925254));
#1825=CARTESIAN_POINT('Origin',(-52.4999992189461,703.623792668446,-80.0802638441916));
#1826=CARTESIAN_POINT('Origin',(-52.4999992189461,703.645134437721,-80.0802638197871));
#1827=CARTESIAN_POINT('',(-52.4999992189461,705.851024371998,-52.6706042523855));
#1828=CARTESIAN_POINT('',(-52.4999992189461,705.224605820801,-57.6372828200218));
#1829=CARTESIAN_POINT('Origin',(-52.4999992189461,707.964997110119,-55.4600700188865));
#1830=CARTESIAN_POINT('',(-52.4999992189461,705.851024371998,-107.489923435998));
#1831=CARTESIAN_POINT('Origin',(-52.4999992189461,703.623792668446,-80.0802638441916));
#1832=CARTESIAN_POINT('',(-52.4999992189461,705.224605820801,-102.523244868362));
#1833=CARTESIAN_POINT('Origin',(-52.4999992189461,707.964997110119,-104.700457669497));
#1834=CARTESIAN_POINT('Origin',(-52.4999992189461,703.623792668446,-80.0802638441916));
#1835=CARTESIAN_POINT('',(-52.4999992189461,718.673152305982,-98.3645499895137));
#1836=CARTESIAN_POINT('',(-52.4999992189461,720.290021734848,-101.165049989514));
#1837=CARTESIAN_POINT('',(-52.4999992189461,712.811667643217,-88.2121607458193));
#1838=CARTESIAN_POINT('',(-52.4999992189461,715.439413448251,-98.3645499895137));
#1839=CARTESIAN_POINT('',(-52.4999992189461,709.488301788159,-98.3645499895137));
#1840=CARTESIAN_POINT('',(-52.4999992189461,713.822544019385,-101.165049989514));
#1841=CARTESIAN_POINT('',(-52.4999992189461,717.091039574226,-95.5038496242165));
#1842=CARTESIAN_POINT('',(-52.4999992189461,715.439413448251,-103.965549989514));
#1843=CARTESIAN_POINT('',(-52.4999992189461,708.812795341243,-92.4879107458192));
#1844=CARTESIAN_POINT('',(-52.4999992189461,718.673152305982,-103.965549989514));
#1845=CARTESIAN_POINT('',(-52.4999992189461,711.191773757403,-103.965549989514));
#1846=CARTESIAN_POINT('',(-52.4999992189461,722.793383845445,-96.8290996242165));
#1847=CARTESIAN_POINT('',(-52.4999992189461,686.323292668446,-78.463394415326));
#1848=CARTESIAN_POINT('',(-52.4999992189461,689.123792668446,-76.8465249864605));
#1849=CARTESIAN_POINT('',(-52.4999992189461,692.423417668446,-74.9414856044857));
#1850=CARTESIAN_POINT('',(-52.4999992189461,686.323292668446,-81.6971332730571));
#1851=CARTESIAN_POINT('',(-52.4999992189461,686.323292668446,-80.9319998288136));
#1852=CARTESIAN_POINT('',(-52.4999992189461,689.123792668446,-83.3140027019227));
#1853=CARTESIAN_POINT('',(-52.4999992189461,693.898667668446,-86.0707780685195));
#1854=CARTESIAN_POINT('',(-52.4999992189461,691.924292668446,-81.6971332730571));
#1855=CARTESIAN_POINT('',(-52.4999992189461,696.699167668446,-78.9403579064603));
#1856=CARTESIAN_POINT('',(-52.4999992189461,691.924292668446,-78.4633944153261));
#1857=CARTESIAN_POINT('',(-52.4999992189461,691.924292668446,-79.2285278595696));
#1858=CARTESIAN_POINT('',(-52.4999992189461,695.223917668446,-80.3684337973009));
#1859=CARTESIAN_POINT('',(-52.4999992189461,718.673152305982,-56.1949776988695));
#1860=CARTESIAN_POINT('',(-52.4999992189461,720.290021734848,-58.9954776988695));
#1861=CARTESIAN_POINT('',(-52.4999992189461,721.941647860823,-61.8561780641667));
#1862=CARTESIAN_POINT('',(-52.4999992189461,715.439413448251,-56.1949776988695));
#1863=CARTESIAN_POINT('',(-52.4999992189461,709.488301788159,-56.1949776988695));
#1864=CARTESIAN_POINT('',(-52.4999992189461,713.822544019386,-58.9954776988695));
#1865=CARTESIAN_POINT('',(-52.4999992189461,707.961059356621,-69.147866942564));
#1866=CARTESIAN_POINT('',(-52.4999992189461,715.439413448251,-61.7959776988696));
#1867=CARTESIAN_POINT('',(-52.4999992189461,717.942775558848,-66.1319280641666));
#1868=CARTESIAN_POINT('',(-52.4999992189461,718.673152305982,-61.7959776988696));
#1869=CARTESIAN_POINT('',(-52.4999992189461,711.191773757403,-61.7959776988696));
#1870=CARTESIAN_POINT('',(-52.4999992189461,713.663403627839,-70.473116942564));
#1871=CARTESIAN_POINT('Origin',(-52.4999992189461,703.623792668446,-80.0802638441916));
#1872=CARTESIAN_POINT('',(-52.4999992189461,744.623792668446,-77.2824178952617));
#1873=CARTESIAN_POINT('',(-52.4999992189461,744.623792668446,-80.0802638441916));
#1874=CARTESIAN_POINT('',(-52.4999992189461,738.623792668446,-80.0802638441916));
#1875=CARTESIAN_POINT('',(-52.4999992189461,738.623792668446,-80.0802638441916));
#1876=CARTESIAN_POINT('',(-52.4999992189461,744.623792668446,-82.8781097931216));
#1877=CARTESIAN_POINT('',(-52.4999992189461,738.623792668446,-80.0802638441916));
#1878=CARTESIAN_POINT('',(-52.4999992189461,744.623792668446,-87.5116679365677));
#1879=CARTESIAN_POINT('',(-52.4999992189461,744.623792668446,-80.0802638441916));
#1880=CARTESIAN_POINT('',(-52.4999992189461,741.315770185207,-85.494581056544));
#1881=CARTESIAN_POINT('Origin',(-52.4999992189461,730.623792668446,-80.0802638441916));
#1882=CARTESIAN_POINT('',(-28.4999992189461,730.623792668446,-77.3302638441916));
#1883=CARTESIAN_POINT('',(-52.4999992189461,730.623792668446,-77.3302638441916));
#1884=CARTESIAN_POINT('Origin',(-28.4999992189461,730.623792668446,-80.0802638441916));
#1885=CARTESIAN_POINT('Origin',(-28.4999992189461,703.623792668446,-80.0802638441916));
#1886=CARTESIAN_POINT('',(-29.4999992189461,699.523792668446,-80.0802638441916));
#1887=CARTESIAN_POINT('Origin',(-29.499999218946,703.623792668446,-80.0802638441916));
#1888=CARTESIAN_POINT('',(-28.499999218946,698.523792668446,-80.0802638441916));
#1889=CARTESIAN_POINT('',(-28.4999992189461,698.523792668446,-80.0802638441916));
#1890=CARTESIAN_POINT('Origin',(-28.4999992189461,703.623792668446,-80.0802638441916));
#1891=CARTESIAN_POINT('Origin',(-40.4999992189461,729.623792668446,-95.0802638441916));
#1892=CARTESIAN_POINT('',(-40.4999992189461,738.623792668446,-93.4302638441916));
#1893=CARTESIAN_POINT('Origin',(-40.4999992189461,738.623792668446,-95.0802638441916));
#1894=CARTESIAN_POINT('',(-40.4999992189461,744.623792668446,-93.4302638441916));
#1895=CARTESIAN_POINT('',(-40.4999992189461,729.623792668446,-93.4302638441916));
#1896=CARTESIAN_POINT('Origin',(-40.4999992189461,744.623792668446,-95.0802638441916));
#1897=CARTESIAN_POINT('Origin',(-40.4999992189461,729.623792668446,-95.0802638441916));
#1898=CARTESIAN_POINT('',(-40.4999992189461,729.623792668446,-93.4302638441916));
#1899=CARTESIAN_POINT('Origin',(-40.4999992189461,729.623792668446,-95.0802638441916));
#1900=CARTESIAN_POINT('',(-40.4999992189461,735.923792668446,-93.4302638441916));
#1901=CARTESIAN_POINT('',(-40.4999992189461,729.623792668446,-93.4302638441916));
#1902=CARTESIAN_POINT('Origin',(-40.4999992189461,735.923792668446,-95.0802638441916));
#1903=CARTESIAN_POINT('Origin',(-40.4999992189461,729.623792668446,-65.0802638441916));
#1904=CARTESIAN_POINT('',(-40.4999992189461,729.623792668446,-63.4302638441916));
#1905=CARTESIAN_POINT('Origin',(-40.4999992189461,729.623792668446,-65.0802638441916));
#1906=CARTESIAN_POINT('',(-40.4999992189461,735.923792668446,-63.4302638441916));
#1907=CARTESIAN_POINT('',(-40.4999992189461,729.623792668446,-63.4302638441916));
#1908=CARTESIAN_POINT('Origin',(-40.4999992189461,735.923792668446,-65.0802638441916));
#1909=CARTESIAN_POINT('Origin',(-40.4999992189461,729.623792668446,-65.0802638441916));
#1910=CARTESIAN_POINT('',(-40.4999992189461,738.623792668446,-63.4302638441916));
#1911=CARTESIAN_POINT('Origin',(-40.4999992189461,738.623792668446,-65.0802638441916));
#1912=CARTESIAN_POINT('',(-40.4999992189461,744.623792668446,-63.4302638441916));
#1913=CARTESIAN_POINT('',(-40.4999992189461,729.623792668446,-63.4302638441916));
#1914=CARTESIAN_POINT('Origin',(-40.4999992189461,744.623792668446,-65.0802638441916));
#1915=CARTESIAN_POINT('Origin',(-23.4999992189461,703.623792668446,-80.0802638441916));
#1916=CARTESIAN_POINT('',(-28.4999992189461,705.224605820801,-57.6372828200218));
#1917=CARTESIAN_POINT('',(-28.4999992189461,705.224605820801,-102.523244868362));
#1918=CARTESIAN_POINT('Origin',(-28.4999992189461,703.623792668446,-80.0802638441916));
#1919=CARTESIAN_POINT('',(-23.4999992189461,705.224605820801,-57.6372828200218));
#1920=CARTESIAN_POINT('',(-23.4999992189461,705.224605820801,-102.523244868362));
#1921=CARTESIAN_POINT('Origin',(-23.4999992189461,703.623792668446,-80.0802638441916));
#1922=CARTESIAN_POINT('',(-28.4999992189461,705.851024371998,-107.489923435998));
#1923=CARTESIAN_POINT('',(-28.4999992189461,705.851024371998,-52.6706042523855));
#1924=CARTESIAN_POINT('Origin',(-28.4999992189461,703.623792668446,-80.0802638441916));
#1925=CARTESIAN_POINT('',(-23.4999992189461,705.851024371998,-107.489923435998));
#1926=CARTESIAN_POINT('',(-23.4999992189461,705.851024371998,-52.6706042523855));
#1927=CARTESIAN_POINT('Origin',(-52.4999992189461,703.623792668446,-80.0802638441916));
#1928=CARTESIAN_POINT('',(-52.4999992189461,699.523792668446,-80.0802638441916));
#1929=CARTESIAN_POINT('Origin',(-12.4999992189461,717.056282877117,-101.165049989514));
#1930=CARTESIAN_POINT('',(-28.4999992189461,718.656282877117,-101.165049989514));
#1931=CARTESIAN_POINT('Origin',(-28.4999992189461,717.056282877117,-101.165049989514));
#1932=CARTESIAN_POINT('',(-38.4999992189461,718.656282877117,-101.165049989514));
#1933=CARTESIAN_POINT('',(-12.4999992189461,718.656282877117,-101.165049989514));
#1934=CARTESIAN_POINT('Origin',(-38.4999992189461,717.056282877117,-101.165049989514));
#1935=CARTESIAN_POINT('Origin',(-12.4999992189461,689.123792668446,-80.0802638441916));
#1936=CARTESIAN_POINT('',(-28.4999992189461,690.723792668446,-80.0802638441916));
#1937=CARTESIAN_POINT('Origin',(-28.4999992189461,689.123792668446,-80.0802638441916));
#1938=CARTESIAN_POINT('',(-38.4999992189461,690.723792668446,-80.0802638441916));
#1939=CARTESIAN_POINT('',(-12.4999992189461,690.723792668446,-80.0802638441916));
#1940=CARTESIAN_POINT('Origin',(-38.4999992189461,689.123792668446,-80.0802638441916));
#1941=CARTESIAN_POINT('Origin',(-12.4999992189461,717.056282877116,-58.9954776988696));
#1942=CARTESIAN_POINT('',(-28.4999992189461,718.656282877116,-58.9954776988696));
#1943=CARTESIAN_POINT('Origin',(-28.4999992189461,717.056282877116,-58.9954776988696));
#1944=CARTESIAN_POINT('',(-38.4999992189461,718.656282877116,-58.9954776988696));
#1945=CARTESIAN_POINT('',(-12.4999992189461,718.656282877116,-58.9954776988696));
#1946=CARTESIAN_POINT('Origin',(-38.4999992189461,717.056282877116,-58.9954776988696));
#1947=CARTESIAN_POINT('Origin',(-28.4999992189461,703.623792668446,-80.0802638441916));
#1948=CARTESIAN_POINT('',(-28.4999992189461,733.506658821237,-98.3015236934546));
#1949=CARTESIAN_POINT('',(-28.4999992189461,733.506658821237,-61.8590039949287));
#1950=CARTESIAN_POINT('Origin',(-28.4999992189461,703.623792668446,-80.0802638441916));
#1951=CARTESIAN_POINT('',(-28.499999218946,744.623792668446,-105.080263844192));
#1952=CARTESIAN_POINT('',(-28.4999992189461,703.623792668446,-80.0802638441916));
#1953=CARTESIAN_POINT('',(-28.499999218946,744.623792668446,-55.0802638441916));
#1954=CARTESIAN_POINT('',(-28.499999218946,744.623792668446,-80.0802638441916));
#1955=CARTESIAN_POINT('',(-28.4999992189461,703.623792668446,-80.0802638441916));
#1956=CARTESIAN_POINT('',(-28.4999992189461,738.623792668446,-92.4802638441916));
#1957=CARTESIAN_POINT('',(-28.4999992189461,735.923792668446,-92.4802638441916));
#1958=CARTESIAN_POINT('',(-28.4999992189461,719.773792668446,-92.4802638441916));
#1959=CARTESIAN_POINT('',(-28.4999992189461,738.623792668446,-97.6802638441916));
#1960=CARTESIAN_POINT('',(-28.4999992189461,738.623792668446,-98.0802638441916));
#1961=CARTESIAN_POINT('',(-28.4999992189461,735.923792668446,-97.6802638441916));
#1962=CARTESIAN_POINT('',(-28.4999992189461,721.123792668446,-97.6802638441916));
#1963=CARTESIAN_POINT('',(-28.4999992189461,735.923792668446,-98.0802638441916));
#1964=CARTESIAN_POINT('',(-28.4999992189461,738.623792668446,-67.6802638441916));
#1965=CARTESIAN_POINT('',(-28.4999992189461,738.623792668446,-62.4802638441916));
#1966=CARTESIAN_POINT('',(-28.4999992189461,738.623792668446,-62.0802638441916));
#1967=CARTESIAN_POINT('',(-28.4999992189461,735.923792668446,-67.6802638441916));
#1968=CARTESIAN_POINT('',(-28.4999992189461,719.773792668446,-67.6802638441916));
#1969=CARTESIAN_POINT('',(-28.4999992189461,735.923792668446,-62.4802638441916));
#1970=CARTESIAN_POINT('',(-28.4999992189461,735.923792668446,-62.0802638441916));
#1971=CARTESIAN_POINT('',(-28.4999992189461,721.123792668446,-62.4802638441916));
#1972=CARTESIAN_POINT('Origin',(-28.4999992189461,707.964997110119,-55.4600700188865));
#1973=CARTESIAN_POINT('Origin',(-28.4999992189461,707.964997110119,-104.700457669497));
#1974=CARTESIAN_POINT('Origin',(-52.4999992189461,703.623792668446,-80.0802638441916));
#1975=CARTESIAN_POINT('',(-33.4999992189461,668.660645218653,-78.4745489242751));
#1976=CARTESIAN_POINT('',(-33.4999992189461,668.660645218653,-78.4745489242751));
#1977=CARTESIAN_POINT('',(-33.4999992189461,668.660645218653,-81.6859787641081));
#1978=CARTESIAN_POINT('Origin',(-33.4999992189461,703.623792668446,-80.0802638441916));
#1979=CARTESIAN_POINT('',(-47.4999992189461,668.660645219077,-81.6859787640884));
#1980=CARTESIAN_POINT('',(-33.4999992189461,668.660645218653,-81.6859787641081));
#1981=CARTESIAN_POINT('',(-47.4999992189463,735.316716078666,-94.9314794750392));
#1982=CARTESIAN_POINT('Origin',(-47.4999992189461,703.623792668446,-80.0802638441916));
#1983=CARTESIAN_POINT('',(-37.4999992189461,733.506658821237,-98.3015236934546));
#1984=CARTESIAN_POINT('Ctrl Pts',(-47.4999992189463,735.316716078666,-94.9314794750393));
#1985=CARTESIAN_POINT('Ctrl Pts',(-46.9961013162484,735.124325739038,-95.3420460205827));
#1986=CARTESIAN_POINT('Ctrl Pts',(-46.4513108637421,734.935055700206,-95.7249729444262));
#1987=CARTESIAN_POINT('Ctrl Pts',(-45.0547760595062,734.504615260797,-96.5629689420131));
#1988=CARTESIAN_POINT('Ctrl Pts',(-44.1691019864538,734.274928768812,-96.9815897110096));
#1989=CARTESIAN_POINT('Ctrl Pts',(-42.3208905398442,733.897381541287,-97.6488942717908));
#1990=CARTESIAN_POINT('Ctrl Pts',(-41.356864413496,733.749445256788,-97.8982666912923));
#1991=CARTESIAN_POINT('Ctrl Pts',(-39.4178694628361,733.554033765685,-98.2245973175549));
#1992=CARTESIAN_POINT('Ctrl Pts',(-38.4428851784858,733.506658821237,-98.3015236934546));
#1993=CARTESIAN_POINT('Ctrl Pts',(-37.4999992189461,733.506658821237,-98.3015236934546));
#1994=CARTESIAN_POINT('',(-52.4999992189461,733.506658821237,-98.3015236934546));
#1995=CARTESIAN_POINT('',(-52.4999992189461,733.506658821237,-61.8590039949287));
#1996=CARTESIAN_POINT('Origin',(-52.4999992189461,703.623792668446,-80.0802638441916));
#1997=CARTESIAN_POINT('',(-52.4999992189461,744.623792668446,-55.0802638441916));
#1998=CARTESIAN_POINT('Origin',(-52.4999992189461,744.623792668446,-80.0802638441916));
#1999=CARTESIAN_POINT('',(-50.4999992189461,744.623792668446,-77.2824178952617));
#2000=CARTESIAN_POINT('',(-50.4999992189461,744.623792668446,-77.2824178952617));
#2001=CARTESIAN_POINT('',(-37.4999992189461,744.623792668446,-105.080263844192));
#2002=CARTESIAN_POINT('',(-52.4999992189461,744.623792668446,-105.080263844192));
#2003=CARTESIAN_POINT('Origin',(-37.4999992189461,744.623792668446,-87.5116679365677));
#2004=CARTESIAN_POINT('',(-50.4999992189461,744.623792668446,-82.8781097931216));
#2005=CARTESIAN_POINT('',(-50.4999992189461,744.623792668446,-82.8781097931216));
#2006=CARTESIAN_POINT('',(-50.4999992189461,744.623792668446,-82.8781097931216));
#2007=CARTESIAN_POINT('Origin',(-52.4999992189461,703.623792668446,-80.0802638441916));
#2008=CARTESIAN_POINT('',(-37.4999992189461,744.623792668446,-105.080263844192));
#2009=CARTESIAN_POINT('Origin',(-37.4999992189461,711.432904032416,-67.273321207281));
#2010=CARTESIAN_POINT('Ctrl Pts',(-47.499999218946,735.316716078666,-94.9314794750394));
#2011=CARTESIAN_POINT('Ctrl Pts',(-48.1711515631056,735.572964867842,-94.3846371524187));
#2012=CARTESIAN_POINT('Ctrl Pts',(-48.8285654063858,735.742028395592,-93.6707399573144));
#2013=CARTESIAN_POINT('Ctrl Pts',(-50.1720534602421,735.910971603484,-91.7070749287939));
#2014=CARTESIAN_POINT('Ctrl Pts',(-50.8218463570212,735.864940075878,-90.389467690764));
#2015=CARTESIAN_POINT('Ctrl Pts',(-52.0206925366682,735.380995039475,-86.7532955074169));
#2016=CARTESIAN_POINT('Ctrl Pts',(-52.4244251646252,734.816296609441,-84.3036365189578));
#2017=CARTESIAN_POINT('Ctrl Pts',(-52.490263771997,733.897334538796,-81.6040137850156));
#2018=CARTESIAN_POINT('Origin',(-23.4999992189461,707.964997110119,-55.4600700188865));
#2019=CARTESIAN_POINT('Origin',(-23.4999992189461,707.964997110119,-104.700457669497));
#2020=CARTESIAN_POINT('Origin',(-40.4999992189461,735.923792668446,-67.6802638441916));
#2021=CARTESIAN_POINT('',(-42.4629901341908,735.923792668446,-67.6802638441916));
#2022=CARTESIAN_POINT('',(-40.4999992189461,735.923792668446,-67.6802638441916));
#2023=CARTESIAN_POINT('',(-42.4629901341908,738.623792668446,-67.6802638441916));
#2024=CARTESIAN_POINT('',(-40.4999992189461,738.623792668446,-67.6802638441916));
#2025=CARTESIAN_POINT('',(-42.4629901341908,737.273792668446,-67.6802638441916));
#2026=CARTESIAN_POINT('Origin',(-40.4999992189461,735.923792668446,-62.0802638441916));
#2027=CARTESIAN_POINT('',(-42.4629901341908,735.923792668446,-62.4802638441916));
#2028=CARTESIAN_POINT('',(-40.4999992189461,735.923792668446,-62.4802638441916));
#2029=CARTESIAN_POINT('',(-43.9641008340838,735.923792668446,-65.0802638441916));
#2030=CARTESIAN_POINT('',(-42.232050026515,735.923792668446,-68.0802638441916));
#2031=CARTESIAN_POINT('',(-43.9641008340838,735.923792668446,-65.0802638441916));
#2032=CARTESIAN_POINT('Origin',(-40.4999992189461,738.623792668446,-62.4802638441916));
#2033=CARTESIAN_POINT('',(-42.4629901341908,738.623792668446,-62.4802638441916));
#2034=CARTESIAN_POINT('',(-40.4999992189461,738.623792668446,-62.4802638441916));
#2035=CARTESIAN_POINT('',(-42.4629901341908,738.623792668446,-62.4802638441916));
#2036=CARTESIAN_POINT('Origin',(-40.4999992189461,738.623792668446,-62.0802638441916));
#2037=CARTESIAN_POINT('',(-43.9641008340838,738.623792668446,-65.0802638441916));
#2038=CARTESIAN_POINT('',(-43.9641008340838,738.623792668446,-65.0802638441916));
#2039=CARTESIAN_POINT('',(-42.232050026515,738.623792668446,-68.0802638441916));
#2040=CARTESIAN_POINT('Origin',(-40.4999992189461,738.623792668446,-98.0802638441916));
#2041=CARTESIAN_POINT('',(-42.4629901341908,738.623792668446,-92.4802638441916));
#2042=CARTESIAN_POINT('',(-40.4999992189461,738.623792668446,-92.4802638441916));
#2043=CARTESIAN_POINT('',(-43.9641008340838,738.623792668446,-95.0802638441916));
#2044=CARTESIAN_POINT('',(-42.232050026515,738.623792668446,-92.0802638441916));
#2045=CARTESIAN_POINT('',(-42.4629901341908,738.623792668446,-97.6802638441916));
#2046=CARTESIAN_POINT('',(-43.9641008340838,738.623792668446,-95.0802638441916));
#2047=CARTESIAN_POINT('',(-40.4999992189461,738.623792668446,-97.6802638441916));
#2048=CARTESIAN_POINT('Origin',(-40.4999992189461,738.623792668446,-97.6802638441916));
#2049=CARTESIAN_POINT('',(-42.4629901341908,735.923792668446,-97.6802638441916));
#2050=CARTESIAN_POINT('',(-40.4999992189461,735.923792668446,-97.6802638441916));
#2051=CARTESIAN_POINT('',(-42.4629901341908,738.623792668446,-97.6802638441916));
#2052=CARTESIAN_POINT('Origin',(-40.4999992189461,735.923792668446,-98.0802638441916));
#2053=CARTESIAN_POINT('',(-42.4629901341908,735.923792668446,-92.4802638441916));
#2054=CARTESIAN_POINT('',(-40.4999992189461,735.923792668446,-92.4802638441916));
#2055=CARTESIAN_POINT('',(-43.9641008340838,735.923792668446,-95.0802638441916));
#2056=CARTESIAN_POINT('',(-43.9641008340838,735.923792668446,-95.0802638441916));
#2057=CARTESIAN_POINT('',(-42.232050026515,735.923792668446,-92.0802638441916));
#2058=CARTESIAN_POINT('Origin',(-40.4999992189461,735.923792668446,-92.4802638441916));
#2059=CARTESIAN_POINT('',(-42.4629901341908,737.273792668446,-92.4802638441916));
#2060=CARTESIAN_POINT('Origin',(-42.232050026515,738.623792668446,-68.0802638441916));
#2061=CARTESIAN_POINT('',(-43.9641008340838,738.623792668446,-65.0802638441916));
#2062=CARTESIAN_POINT('Origin',(-43.9641008340838,738.623792668446,-65.0802638441916));
#2063=CARTESIAN_POINT('Origin',(-43.9641008340838,738.623792668446,-95.0802638441916));
#2064=CARTESIAN_POINT('',(-43.9641008340838,738.623792668446,-95.0802638441916));
#2065=CARTESIAN_POINT('Origin',(-42.232050026515,738.623792668446,-92.0802638441916));
#2066=CARTESIAN_POINT('Origin',(-28.4999992189461,729.623792668446,-80.0802638441916));
#2067=CARTESIAN_POINT('Origin',(-28.4999992189461,729.623792668446,-80.0802638441916));
#2068=CARTESIAN_POINT('Ctrl Pts',(-47.4999992189461,668.660645218653,-81.6859787641081));
#2069=CARTESIAN_POINT('Ctrl Pts',(-30.6999992189461,668.660645218653,-81.6859787641081));
#2070=CARTESIAN_POINT('Ctrl Pts',(-47.4999992189461,668.586940118239,-80.0802638441916));
#2071=CARTESIAN_POINT('Ctrl Pts',(-30.6999992189461,668.586940118239,-80.0802638441916));
#2072=CARTESIAN_POINT('Ctrl Pts',(-47.4999992189461,668.660645218653,-78.4745489242751));
#2073=CARTESIAN_POINT('Ctrl Pts',(-30.6999992189461,668.660645218653,-78.4745489242751));
#2074=CARTESIAN_POINT('Origin',(-47.499999218945,703.647997783773,-80.0802638441916));
#2075=CARTESIAN_POINT('Origin',(-47.4999992189461,703.623792668446,-80.0802638441916));
#2076=CARTESIAN_POINT('Origin',(-47.4999992189461,673.655386106343,-81.4567114924994));
#2077=CARTESIAN_POINT('Ctrl Pts',(-52.4999992189461,673.656143808027,-78.6873091207473));
#2078=CARTESIAN_POINT('Ctrl Pts',(-52.4999992189461,668.661398760805,-78.458041658209));
#2079=CARTESIAN_POINT('Ctrl Pts',(-47.4999950533368,668.661402922036,-78.4580418492167));
#2080=CARTESIAN_POINT('Ctrl Pts',(-52.4999992189461,673.613796646743,-79.6098703589286));
#2081=CARTESIAN_POINT('Ctrl Pts',(-52.4999992189461,668.612296271513,-79.5277722362514));
#2082=CARTESIAN_POINT('Ctrl Pts',(-47.4999950533368,668.612300438366,-79.5277723046578));
#2083=CARTESIAN_POINT('Ctrl Pts',(-52.4999992189461,673.613038127924,-80.534132490499));
#2084=CARTESIAN_POINT('Ctrl Pts',(-52.4999992189444,668.611330354189,-80.6117122985321));
#2085=CARTESIAN_POINT('Ctrl Pts',(-47.4999950533319,668.611334521283,-80.6117122338894));
#2086=CARTESIAN_POINT('Ctrl Pts',(-52.4999992189461,673.655386104645,-81.4567114925773));
#2087=CARTESIAN_POINT('Ctrl Pts',(-52.4999992189461,668.660641057423,-81.6859789551156));
#2088=CARTESIAN_POINT('Ctrl Pts',(-47.4999950533368,668.660645218655,-81.6859787641079));
#2089=CARTESIAN_POINT('Origin',(-38.4999992189461,718.629851035793,-98.2895499895137));
#2090=CARTESIAN_POINT('',(-38.4999992189461,720.290021734848,-101.165049989514));
#2091=CARTESIAN_POINT('',(-38.4999992189461,720.290021734848,-101.165049989514));
#2092=CARTESIAN_POINT('',(-38.4999992189461,718.673152305982,-98.3645499895137));
#2093=CARTESIAN_POINT('',(-38.4999992189461,712.811667643217,-88.2121607458193));
#2094=CARTESIAN_POINT('',(-38.4999992189461,718.673152305982,-98.3645499895137));
#2095=CARTESIAN_POINT('Origin',(-38.4999992189461,715.352810907872,-98.3645499895137));
#2096=CARTESIAN_POINT('',(-38.4999992189461,715.439413448251,-98.3645499895137));
#2097=CARTESIAN_POINT('',(-38.4999992189461,709.488301788159,-98.3645499895137));
#2098=CARTESIAN_POINT('',(-38.4999992189461,715.439413448251,-98.3645499895137));
#2099=CARTESIAN_POINT('Origin',(-38.4999992189461,713.779242749196,-101.240049989514));
#2100=CARTESIAN_POINT('',(-38.4999992189461,713.822544019385,-101.165049989514));
#2101=CARTESIAN_POINT('',(-38.4999992189461,717.091039574226,-95.5038496242165));
#2102=CARTESIAN_POINT('',(-38.4999992189461,713.822544019385,-101.165049989514));
#2103=CARTESIAN_POINT('Origin',(-38.4999992189461,715.48271471844,-104.040549989514));
#2104=CARTESIAN_POINT('',(-38.4999992189461,715.439413448251,-103.965549989514));
#2105=CARTESIAN_POINT('',(-38.4999992189461,708.812795341243,-92.4879107458192));
#2106=CARTESIAN_POINT('',(-38.4999992189461,715.439413448251,-103.965549989514));
#2107=CARTESIAN_POINT('Origin',(-38.4999992189461,718.759754846361,-103.965549989514));
#2108=CARTESIAN_POINT('',(-38.4999992189461,718.673152305982,-103.965549989514));
#2109=CARTESIAN_POINT('',(-38.4999992189461,711.191773757403,-103.965549989514));
#2110=CARTESIAN_POINT('',(-38.4999992189461,718.673152305982,-103.965549989514));
#2111=CARTESIAN_POINT('Origin',(-38.4999992189461,720.333323005037,-101.090049989514));
#2112=CARTESIAN_POINT('',(-38.4999992189461,722.793383845445,-96.8290996242165));
#2113=CARTESIAN_POINT('Origin',(-38.4999992189461,703.623792668446,-80.0802638441916));
#2114=CARTESIAN_POINT('Origin',(-38.4999992189461,703.623792668446,-80.0802638441916));
#2115=CARTESIAN_POINT('',(-38.4999992189461,686.323292668446,-78.463394415326));
#2116=CARTESIAN_POINT('',(-38.4999992189461,689.123792668446,-76.8465249864605));
#2117=CARTESIAN_POINT('',(-38.4999992189461,692.423417668446,-74.9414856044857));
#2118=CARTESIAN_POINT('',(-38.4999992189461,691.924292668446,-78.4633944153261));
#2119=CARTESIAN_POINT('',(-38.4999992189461,695.223917668446,-80.3684337973009));
#2120=CARTESIAN_POINT('',(-38.4999992189461,691.924292668446,-81.6971332730571));
#2121=CARTESIAN_POINT('',(-38.4999992189461,691.924292668446,-79.2285278595696));
#2122=CARTESIAN_POINT('',(-38.4999992189461,689.123792668446,-83.3140027019227));
#2123=CARTESIAN_POINT('',(-38.4999992189461,696.699167668446,-78.9403579064603));
#2124=CARTESIAN_POINT('',(-38.4999992189461,686.323292668446,-81.6971332730571));
#2125=CARTESIAN_POINT('',(-38.4999992189461,693.898667668446,-86.0707780685195));
#2126=CARTESIAN_POINT('',(-38.4999992189461,686.323292668446,-80.9319998288136));
#2127=CARTESIAN_POINT('Origin',(-38.4999992189461,686.248292668446,-78.5066956855153));
#2128=CARTESIAN_POINT('',(-38.4999992189461,689.123792668446,-76.8465249864605));
#2129=CARTESIAN_POINT('',(-38.4999992189461,686.323292668446,-78.4633944153261));
#2130=CARTESIAN_POINT('Origin',(-38.4999992189461,686.323292668446,-81.7837358134356));
#2131=CARTESIAN_POINT('',(-38.4999992189461,686.323292668446,-81.6971332730571));
#2132=CARTESIAN_POINT('Origin',(-38.4999992189461,689.198792668446,-83.3573039721119));
#2133=CARTESIAN_POINT('',(-38.4999992189461,689.123792668446,-83.3140027019227));
#2134=CARTESIAN_POINT('Origin',(-38.4999992189461,691.999292668446,-81.6538320028679));
#2135=CARTESIAN_POINT('',(-38.4999992189461,691.924292668446,-81.6971332730571));
#2136=CARTESIAN_POINT('Origin',(-38.4999992189461,691.924292668446,-78.3767918749476));
#2137=CARTESIAN_POINT('',(-38.4999992189461,691.924292668446,-78.4633944153261));
#2138=CARTESIAN_POINT('Origin',(-38.4999992189461,689.048792668446,-76.8032237162713));
#2139=CARTESIAN_POINT('Origin',(-38.4999992189461,703.623792668446,-80.0802638441916));
#2140=CARTESIAN_POINT('',(-38.4999992189461,718.673152305982,-56.1949776988695));
#2141=CARTESIAN_POINT('',(-38.4999992189461,720.290021734848,-58.9954776988695));
#2142=CARTESIAN_POINT('',(-38.4999992189461,721.941647860823,-61.8561780641667));
#2143=CARTESIAN_POINT('',(-38.4999992189461,718.673152305982,-61.7959776988696));
#2144=CARTESIAN_POINT('',(-38.4999992189461,713.663403627839,-70.473116942564));
#2145=CARTESIAN_POINT('',(-38.4999992189461,715.439413448251,-61.7959776988696));
#2146=CARTESIAN_POINT('',(-38.4999992189461,711.191773757403,-61.7959776988696));
#2147=CARTESIAN_POINT('',(-38.4999992189461,713.822544019386,-58.9954776988695));
#2148=CARTESIAN_POINT('',(-38.4999992189461,717.942775558848,-66.1319280641666));
#2149=CARTESIAN_POINT('',(-38.4999992189461,715.439413448251,-56.1949776988695));
#2150=CARTESIAN_POINT('',(-38.4999992189461,707.961059356621,-69.147866942564));
#2151=CARTESIAN_POINT('',(-38.4999992189461,709.488301788159,-56.1949776988695));
#2152=CARTESIAN_POINT('Origin',(-38.4999992189461,718.629851035793,-56.1199776988695));
#2153=CARTESIAN_POINT('',(-38.4999992189461,720.290021734848,-58.9954776988696));
#2154=CARTESIAN_POINT('',(-38.4999992189461,718.673152305982,-56.1949776988695));
#2155=CARTESIAN_POINT('Origin',(-38.4999992189461,715.352810907872,-56.1949776988695));
#2156=CARTESIAN_POINT('',(-38.4999992189461,715.439413448251,-56.1949776988695));
#2157=CARTESIAN_POINT('Origin',(-38.4999992189461,713.779242749196,-59.0704776988696));
#2158=CARTESIAN_POINT('',(-38.4999992189461,713.822544019386,-58.9954776988694));
#2159=CARTESIAN_POINT('Origin',(-38.4999992189461,715.48271471844,-61.8709776988695));
#2160=CARTESIAN_POINT('',(-38.4999992189461,715.439413448251,-61.7959776988696));
#2161=CARTESIAN_POINT('Origin',(-38.4999992189461,718.759754846361,-61.7959776988696));
#2162=CARTESIAN_POINT('',(-38.4999992189461,718.673152305982,-61.7959776988696));
#2163=CARTESIAN_POINT('Origin',(-38.4999992189461,720.333323005037,-58.9204776988696));
#2164=CARTESIAN_POINT('Origin',(-50.4999992189461,738.623792668446,-80.0802638441916));
#2165=CARTESIAN_POINT('',(-50.4999992189461,738.623792668446,-80.0802638441916));
#2166=CARTESIAN_POINT('',(-50.4999992189461,738.623792668446,-80.0802638441916));
#2167=CARTESIAN_POINT('',(-50.4999992189461,738.623792668446,-80.0802638441916));
#2168=CARTESIAN_POINT('Origin',(-50.4999992189461,738.623792668446,-80.0802638441916));
#2169=CARTESIAN_POINT('',(-50.4999992189461,738.623792668446,-80.0802638441916));
#2170=CARTESIAN_POINT('Origin',(-50.4999992189461,703.623792668446,-80.0802638441916));
#2171=UNCERTAINTY_MEASURE_WITH_UNIT(LENGTH_MEASURE(0.01),#2175,
'DISTANCE_ACCURACY_VALUE',
'Maximum model space distance between geometric entities at asserted c
onnectivities');
#2172=UNCERTAINTY_MEASURE_WITH_UNIT(LENGTH_MEASURE(0.01),#2175,
'DISTANCE_ACCURACY_VALUE',
'Maximum model space distance between geometric entities at asserted c
onnectivities');
#2173=(
GEOMETRIC_REPRESENTATION_CONTEXT(3)
GLOBAL_UNCERTAINTY_ASSIGNED_CONTEXT((#2171))
GLOBAL_UNIT_ASSIGNED_CONTEXT((#2175,#2177,#2178))
REPRESENTATION_CONTEXT('','3D')
);
#2174=(
GEOMETRIC_REPRESENTATION_CONTEXT(3)
GLOBAL_UNCERTAINTY_ASSIGNED_CONTEXT((#2172))
GLOBAL_UNIT_ASSIGNED_CONTEXT((#2175,#2177,#2178))
REPRESENTATION_CONTEXT('','3D')
);
#2175=(
LENGTH_UNIT()
NAMED_UNIT(*)
SI_UNIT(.MILLI.,.METRE.)
);
#2176=(
LENGTH_UNIT()
NAMED_UNIT(*)
SI_UNIT($,.METRE.)
);
#2177=(
NAMED_UNIT(*)
PLANE_ANGLE_UNIT()
SI_UNIT($,.RADIAN.)
);
#2178=(
NAMED_UNIT(*)
SI_UNIT($,.STERADIAN.)
SOLID_ANGLE_UNIT()
);
#2179=SHAPE_DEFINITION_REPRESENTATION(#2180,#2181);
#2180=PRODUCT_DEFINITION_SHAPE('',$,#2183);
#2181=SHAPE_REPRESENTATION('',(#1283),#2173);
#2182=PRODUCT_DEFINITION_CONTEXT('part definition',#2187,'design');
#2183=PRODUCT_DEFINITION('1M2A','moveo v65',#2184,#2182);
#2184=PRODUCT_DEFINITION_FORMATION('',$,#2189);
#2185=PRODUCT_RELATED_PRODUCT_CATEGORY('moveo v65','moveo v65',(#2189));
#2186=APPLICATION_PROTOCOL_DEFINITION('international standard',
'automotive_design',2009,#2187);
#2187=APPLICATION_CONTEXT(
'Core Data for Automotive Mechanical Design Process');
#2188=PRODUCT_CONTEXT('part definition',#2187,'mechanical');
#2189=PRODUCT('1M2A','moveo v65','STEP AP214',(#2188));
#2190=PRESENTATION_STYLE_ASSIGNMENT((#2192));
#2191=PRESENTATION_STYLE_ASSIGNMENT((#2193));
#2192=SURFACE_STYLE_USAGE(.BOTH.,#2194);
#2193=SURFACE_STYLE_USAGE(.BOTH.,#2195);
#2194=SURFACE_SIDE_STYLE('',(#2196));
#2195=SURFACE_SIDE_STYLE('',(#2197));
#2196=SURFACE_STYLE_FILL_AREA(#2198);
#2197=SURFACE_STYLE_FILL_AREA(#2199);
#2198=FILL_AREA_STYLE('Steel - Satin',(#2200));
#2199=FILL_AREA_STYLE('Opaque(202,209,238)',(#2201));
#2200=FILL_AREA_STYLE_COLOUR('Steel - Satin',#2202);
#2201=FILL_AREA_STYLE_COLOUR('Opaque(202,209,238)',#2203);
#2202=COLOUR_RGB('Steel - Satin',0.627450980392157,0.627450980392157,0.627450980392157);
#2203=COLOUR_RGB('Opaque(202,209,238)',0.792156862745098,0.819607843137255,
0.933333333333333);
ENDSEC;
END-ISO-10303-21;
