ISO-10303-21;
HEADER;
/* Generated by software containing ST-Developer
 * from STEP Tools, Inc. (www.steptools.com) 
 */

FILE_DESCRIPTION(
/* description */ ('STEP AP214'),
/* implementation_level */ '2;1');

FILE_NAME(
/* name */ 'Bottom Plate C.step',
/* time_stamp */ '2026-07-02T21:01:03-04:00',
/* author */ (''),
/* organization */ (''),
/* preprocessor_version */ 'ST-DEVELOPER v20.1',
/* originating_system */ 'Autodesk Translation Framework v15.8.0.0',
/* authorisation */ '');

FILE_SCHEMA (('AUTOMOTIVE_DESIGN { 1 0 10303 214 3 1 1 }'));
ENDSEC;

DATA;
#10=MECHANICAL_DESIGN_GEOMETRIC_PRESENTATION_REPRESENTATION('',(#13),#7268);
#11=SHAPE_REPRESENTATION_RELATIONSHIP('SRR','None',#7275,#12);
#12=ADVANCED_BREP_SHAPE_REPRESENTATION('',(#14),#7267);
#13=STYLED_ITEM('',(#7285),#14);
#14=MANIFOLD_SOLID_BREP('Bottom Plate C',#2601);
#15=(
BOUNDED_CURVE()
B_SPLINE_CURVE(3,(#6312,#6313,#6314,#6315),.UNSPECIFIED.,.F.,.F.)
B_SPLINE_CURVE_WITH_KNOTS((4,4),(0.,0.016),.UNSPECIFIED.)
CURVE()
GEOMETRIC_REPRESENTATION_ITEM()
RATIONAL_B_SPLINE_CURVE((1.,1.,1.,1.))
REPRESENTATION_ITEM('')
);
#16=(
BOUNDED_SURFACE()
B_SPLINE_SURFACE(3,2,((#5437,#5438,#5439),(#5440,#5441,#5442),(#5443,#5444,
#5445),(#5446,#5447,#5448),(#5449,#5450,#5451),(#5452,#5453,#5454)),
 .UNSPECIFIED.,.F.,.F.,.F.)
B_SPLINE_SURFACE_WITH_KNOTS((4,2,4),(3,3),(0.00393851917285225,0.00480556256013384,
0.00567260594741545),(0.,0.753765229242164),.UNSPECIFIED.)
GEOMETRIC_REPRESENTATION_ITEM()
RATIONAL_B_SPLINE_SURFACE(((1.,0.858671377819333,0.930399958231646),(1.,
0.864816109326728,0.933426051339829),(1.,0.858463367425632,0.930297519448429),
(1.,0.828051735085244,0.915320716813015),(1.,0.804245489533857,0.903596865981114),
(1.,0.779227275777609,0.891276157723033)))
REPRESENTATION_ITEM('')
SURFACE()
);
#17=(
BOUNDED_SURFACE()
B_SPLINE_SURFACE(3,2,((#5556,#5557,#5558),(#5559,#5560,#5561),(#5562,#5563,
#5564),(#5565,#5566,#5567),(#5568,#5569,#5570),(#5571,#5572,#5573),(#5574,
#5575,#5576),(#5577,#5578,#5579),(#5580,#5581,#5582),(#5583,#5584,#5585),
(#5586,#5587,#5588),(#5589,#5590,#5591),(#5592,#5593,#5594),(#5595,#5596,
#5597)),.UNSPECIFIED.,.F.,.F.,.F.)
B_SPLINE_SURFACE_WITH_KNOTS((4,2,2,2,2,2,4),(3,3),(0.00602041522768199,
0.00750608810194952,0.00824892453908328,0.00899176097621704,0.0097345974133508,
0.0104774338504846,0.0119631067247521),(0.,0.751042699539607),
 .UNSPECIFIED.)
GEOMETRIC_REPRESENTATION_ITEM()
RATIONAL_B_SPLINE_SURFACE(((1.,0.868275960924824,0.93441267765221),(1.,
0.859262413073055,0.929924700570716),(1.,0.851827889107835,0.926222942537537),
(1.,0.843694500716789,0.922173209702676),(1.,0.841472537260208,0.921066861654932),
(1.,0.838218249551078,0.919446504288959),(1.,0.837185124911101,0.918932096446143),
(1.,0.836313486102649,0.918498094756686),(1.,0.836475008114596,0.918578518924804),
(1.,0.838021175693705,0.919348378337913),(1.,0.839409900263214,0.920039844577729),
(1.,0.845207897771816,0.922926752193364),(1.,0.85127902389626,0.925949654534756),
(1.,0.859181843620596,0.929884583863948)))
REPRESENTATION_ITEM('')
SURFACE()
);
#18=(
BOUNDED_SURFACE()
B_SPLINE_SURFACE(3,2,((#5671,#5672,#5673),(#5674,#5675,#5676),(#5677,#5678,
#5679),(#5680,#5681,#5682),(#5683,#5684,#5685),(#5686,#5687,#5688),(#5689,
#5690,#5691),(#5692,#5693,#5694),(#5695,#5696,#5697),(#5698,#5699,#5700),
(#5701,#5702,#5703),(#5704,#5705,#5706),(#5707,#5708,#5709),(#5710,#5711,
#5712),(#5713,#5714,#5715),(#5716,#5717,#5718),(#5719,#5720,#5721),(#5722,
#5723,#5724),(#5725,#5726,#5727),(#5728,#5729,#5730),(#5731,#5732,#5733),
(#5734,#5735,#5736),(#5737,#5738,#5739),(#5740,#5741,#5742),(#5743,#5744,
#5745),(#5746,#5747,#5748),(#5749,#5750,#5751),(#5752,#5753,#5754),(#5755,
#5756,#5757),(#5758,#5759,#5760)),.UNSPECIFIED.,.F.,.F.,.F.)
B_SPLINE_SURFACE_WITH_KNOTS((4,2,2,2,2,2,2,2,2,2,2,2,2,2,4),(3,3),(0.00175753051420126,
0.00344227648534843,0.00437824646931908,0.00531421645328973,0.00578220144527505,
0.00601619394126771,0.00613319018926404,0.00625018643726038,0.00636718268525671,
0.00648417893325304,0.0067181714292457,0.00718615642123102,0.00812212640520167,
0.00905809638917232,0.0107428423603195),(0.,1.00084781409665),
 .UNSPECIFIED.)
GEOMETRIC_REPRESENTATION_ITEM()
RATIONAL_B_SPLINE_SURFACE(((1.,0.63206379505822,1.00062388300243),(1.,0.677255966327122,
1.00054725388271),(1.,0.75301131919881,1.00041880097059),(1.,0.855085261287046,
1.00024572151658),(1.,0.887814507323086,1.00019022488426),(1.,0.941905900818615,
1.00009850599244),(1.,0.963167514232089,1.0000624542013),(1.,0.984600021459744,
1.00002611263779),(1.,0.990056056169671,1.00001686123151),(1.,0.995639487576145,
1.0000073938078),(1.,0.997069362687539,1.00000496927125),(1.,0.998543830031689,
1.00000246912285),(1.,0.998923930623004,1.00000182461357),(1.,0.99944438753975,
1.00000094211215),(1.,0.999580230990827,1.00000071177217),(1.,0.999528091416915,
1.0000008001815),(1.,0.999345403362191,1.00000110995251),(1.,0.998749699776279,
1.00000212004431),(1.,0.998336376013682,1.00000282088773),(1.,0.996768413050909,
1.00000547956994),(1.,0.995282254715759,1.00000799954191),(1.,0.989539166484161,
1.00001773768423),(1.,0.983996517176161,1.00002713595667),(1.,0.962369669042039,
1.0000638070501),(1.,0.941083171333988,1.00009990103575),(1.,0.887067389487285,
1.00019149171833),(1.,0.854422155917822,1.00024684589674),(1.,0.752515534668865,
1.00041964163682),(1.,0.678735486482405,1.00054474516662),(1.,0.629773767121456,
1.00062776603836)))
REPRESENTATION_ITEM('')
SURFACE()
);
#19=(
BOUNDED_SURFACE()
B_SPLINE_SURFACE(3,2,((#5761,#5762,#5763),(#5764,#5765,#5766),(#5767,#5768,
#5769),(#5770,#5771,#5772),(#5773,#5774,#5775),(#5776,#5777,#5778),(#5779,
#5780,#5781),(#5782,#5783,#5784),(#5785,#5786,#5787),(#5788,#5789,#5790)),
 .UNSPECIFIED.,.F.,.F.,.F.)
B_SPLINE_SURFACE_WITH_KNOTS((4,2,2,2,4),(3,3),(0.00311516135231067,0.00391621714430126,
0.00471727293629185,0.00551832872828244,0.00631938452027303),(0.,0.753274416889615),
 .UNSPECIFIED.)
GEOMETRIC_REPRESENTATION_ITEM()
RATIONAL_B_SPLINE_SURFACE(((1.,0.779371031387374,0.891130378136014),(1.,
0.798532600508055,0.900585676765234),(1.,0.815133188048834,0.908777256047181),
(1.,0.842646545141991,0.922353754191448),(1.,0.853606373023869,0.92776189404134),
(1.,0.868888804450748,0.935303027651622),(1.,0.873294204353463,0.937476877371286),
(1.,0.875563650745723,0.938596738340222),(1.,0.873398593599899,0.937528388366681),
(1.,0.867884544000597,0.934807474161306)))
REPRESENTATION_ITEM('')
SURFACE()
);
#20=(
BOUNDED_SURFACE()
B_SPLINE_SURFACE(3,2,((#5799,#5800,#5801),(#5802,#5803,#5804),(#5805,#5806,
#5807),(#5808,#5809,#5810),(#5811,#5812,#5813),(#5814,#5815,#5816),(#5817,
#5818,#5819),(#5820,#5821,#5822),(#5823,#5824,#5825),(#5826,#5827,#5828)),
 .UNSPECIFIED.,.F.,.F.,.F.)
B_SPLINE_SURFACE_WITH_KNOTS((4,2,2,2,4),(3,3),(0.00250577867168629,0.00345077526148365,
0.00439577185128101,0.00534076844107836,0.00628576503087572),(0.,1.00023600185548),
 .UNSPECIFIED.)
GEOMETRIC_REPRESENTATION_ITEM()
RATIONAL_B_SPLINE_SURFACE(((1.,0.707037657843452,1.00013827931267),(1.,
0.743069830095167,1.00012127199365),(1.,0.783071509153648,1.00010239105269),
(1.,0.856527733222373,1.00006771944234),(1.,0.88944152518444,1.00005218401039),
(1.,0.943642557054571,1.00002660092221),(1.,0.96477960087678,1.00001662415909),
(1.,0.992841699021344,1.00000337874463),(1.,1.00000011931831,0.999999999943681),
(1.,1.,1.)))
REPRESENTATION_ITEM('')
SURFACE()
);
#21=(
BOUNDED_SURFACE()
B_SPLINE_SURFACE(3,2,((#5861,#5862,#5863),(#5864,#5865,#5866),(#5867,#5868,
#5869),(#5870,#5871,#5872),(#5873,#5874,#5875),(#5876,#5877,#5878),(#5879,
#5880,#5881),(#5882,#5883,#5884)),.UNSPECIFIED.,.F.,.F.,.F.)
B_SPLINE_SURFACE_WITH_KNOTS((4,2,2,4),(3,3),(0.00581733224229983,0.00700489931400346,
0.00759868284985527,0.00819246638570709),(0.,0.75208010583008),
 .UNSPECIFIED.)
GEOMETRIC_REPRESENTATION_ITEM()
RATIONAL_B_SPLINE_SURFACE(((1.,0.874520873356092,0.937782456403817),(1.,
0.872535663912136,0.936798110573315),(1.,0.863157503485356,0.932148045492284),
(1.,0.839134329736944,0.92023640010562),(1.,0.829457964636598,0.915438473282365),
(1.,0.806849658681424,0.904228375642829),(1.,0.793863252737684,0.89778919886839),
(1.,0.779720836997866,0.890776826441345)))
REPRESENTATION_ITEM('')
SURFACE()
);
#22=(
BOUNDED_SURFACE()
B_SPLINE_SURFACE(3,2,((#5932,#5933,#5934),(#5935,#5936,#5937),(#5938,#5939,
#5940),(#5941,#5942,#5943),(#5944,#5945,#5946),(#5947,#5948,#5949),(#5950,
#5951,#5952),(#5953,#5954,#5955),(#5956,#5957,#5958),(#5959,#5960,#5961),
(#5962,#5963,#5964),(#5965,#5966,#5967),(#5968,#5969,#5970),(#5971,#5972,
#5973)),.UNSPECIFIED.,.F.,.F.,.F.)
B_SPLINE_SURFACE_WITH_KNOTS((4,2,2,2,2,2,4),(3,3),(0.00213446377611976,
0.00379508195232357,0.00459932028173258,0.00540355861114159,0.0062077969405506,
0.00701203526995961,0.00867265344616341),(-5.21415173857921E-5,0.768247328013133),
 .UNSPECIFIED.)
GEOMETRIC_REPRESENTATION_ITEM()
RATIONAL_B_SPLINE_SURFACE(((1.00000490317167,0.963879174644115,0.98325841401831),
(1.00000629950223,0.953592646678526,0.978490726937734),(1.00000769258363,
0.943330054768666,0.973734133942942),(1.00000970480724,0.928506348327847,
0.966863516965031),(1.00001035536299,0.92371381560894,0.964642233320675),
(1.00001159494923,0.914581996231537,0.960409740353813),(1.00001218926985,
0.910203738030993,0.958380468171013),(1.0000133202237,0.90187219489947,
0.954518894014767),(1.00001386091227,0.897889034863342,0.952672745274625),
(1.00001484728759,0.890622576898205,0.949304825809688),(1.00001529396703,
0.88733196600678,0.947779665611151),(1.00001650975084,0.878375495050693,
0.943628444615327),(1.00001712026664,0.873877929807167,0.941543874994039),
(1.00001742982389,0.871597474569409,0.940486910291152)))
REPRESENTATION_ITEM('')
SURFACE()
);
#23=(
BOUNDED_SURFACE()
B_SPLINE_SURFACE(3,2,((#6051,#6052,#6053),(#6054,#6055,#6056),(#6057,#6058,
#6059),(#6060,#6061,#6062),(#6063,#6064,#6065),(#6066,#6067,#6068),(#6069,
#6070,#6071),(#6072,#6073,#6074),(#6075,#6076,#6077),(#6078,#6079,#6080),
(#6081,#6082,#6083),(#6084,#6085,#6086)),.UNSPECIFIED.,.F.,.F.,.F.)
B_SPLINE_SURFACE_WITH_KNOTS((4,2,2,2,2,4),(3,3),(0.00241834272082299,0.00310490957478137,
0.00379147642873974,0.00447804328269812,0.00482132670967731,0.0051646101366565),
(0.,0.774561473183418),.UNSPECIFIED.)
GEOMETRIC_REPRESENTATION_ITEM()
RATIONAL_B_SPLINE_SURFACE(((1.,0.77313619695042,0.897712316904991),(1.,
0.791264288205411,0.905885857278035),(1.,0.813817532891792,0.916054597792098),
(1.,0.860847872313732,0.93725949866203),(1.,0.885115650282481,0.948201282890803),
(1.,0.927128752081201,0.9671440264438),(1.,0.945250857429129,0.975314867908704),
(1.,0.96173444281233,0.982746938319592),(1.,0.965324896884918,0.984365791673046),
(1.,0.967628744019167,0.985404543480957),(1.,0.966245727140327,0.984780972905501),
(1.,0.962606822629331,0.98314027436113)))
REPRESENTATION_ITEM('')
SURFACE()
);
#24=(
BOUNDED_SURFACE()
B_SPLINE_SURFACE(3,2,((#6224,#6225,#6226),(#6227,#6228,#6229),(#6230,#6231,
#6232),(#6233,#6234,#6235),(#6236,#6237,#6238),(#6239,#6240,#6241),(#6242,
#6243,#6244),(#6245,#6246,#6247),(#6248,#6249,#6250),(#6251,#6252,#6253)),
 .UNSPECIFIED.,.F.,.F.,.F.)
B_SPLINE_SURFACE_WITH_KNOTS((4,2,2,2,4),(3,3),(0.00250577867168639,0.00345077526148375,
0.00439577185128111,0.00534076844107847,0.00628576503087583),(-7.24684450299983E-5,
1.),.UNSPECIFIED.)
GEOMETRIC_REPRESENTATION_ITEM()
RATIONAL_B_SPLINE_SURFACE(((1.00004245410861,0.707085555670419,1.),(1.00003723257146,
0.743111836848428,1.),(1.0000314358004,0.783106975839376,1.),(1.00002079102438,
0.856551190195574,1.),(1.00001602138167,0.889459600923095,1.),(1.00000816693704,
0.943651771204742,1.),(1.00000510390052,0.964785359229906,1.),(1.00000103733226,
0.992842869366391,1.),(0.999999999982709,1.00000011929889,1.),(1.,1.,1.)))
REPRESENTATION_ITEM('')
SURFACE()
);
#25=(
BOUNDED_SURFACE()
B_SPLINE_SURFACE(3,2,((#6391,#6392,#6393),(#6394,#6395,#6396),(#6397,#6398,
#6399),(#6400,#6401,#6402),(#6403,#6404,#6405),(#6406,#6407,#6408)),
 .UNSPECIFIED.,.F.,.F.,.F.)
B_SPLINE_SURFACE_WITH_KNOTS((4,2,4),(3,3),(0.,0.000992589912386382,0.00198517982477276),
(0.,1.),.UNSPECIFIED.)
GEOMETRIC_REPRESENTATION_ITEM()
RATIONAL_B_SPLINE_SURFACE(((1.,0.707106781186547,1.),(1.,0.71723413266565,
1.),(1.,0.738389078764818,1.),(1.,0.79313717332115,1.),(1.,0.825541137629934,
1.),(1.,0.857103081530474,1.)))
REPRESENTATION_ITEM('')
SURFACE()
);
#26=(
BOUNDED_SURFACE()
B_SPLINE_SURFACE(3,2,((#6777,#6778,#6779),(#6780,#6781,#6782),(#6783,#6784,
#6785),(#6786,#6787,#6788),(#6789,#6790,#6791),(#6792,#6793,#6794),(#6795,
#6796,#6797),(#6798,#6799,#6800),(#6801,#6802,#6803),(#6804,#6805,#6806),
(#6807,#6808,#6809),(#6810,#6811,#6812),(#6813,#6814,#6815),(#6816,#6817,
#6818)),.UNSPECIFIED.,.F.,.F.,.F.)
B_SPLINE_SURFACE_WITH_KNOTS((4,2,2,2,2,2,4),(3,3),(-0.000105409154547466,
6.94599045210608E-5,0.000136264986030109,0.000269875149048205,0.000537095475084398,
0.00107153612715678,0.00226123211191733),(-0.000120814680615781,1.),
 .UNSPECIFIED.)
GEOMETRIC_REPRESENTATION_ITEM()
RATIONAL_B_SPLINE_SURFACE(((1.00004194895663,0.826391310974741,1.),(1.00002481533687,
0.897299993904639,0.999999999999999),(1.00002201344509,0.908895818870115,
1.),(1.00001901427058,0.921308112208875,1.),(1.00001835662811,0.924029811556592,
1.),(1.00001659091305,0.931337346743866,1.),(1.00001570133992,0.935018907291605,
1.),(1.00001335833846,0.944715582599012,1.),(1.00001225688523,0.949274023776465,
1.),(1.00000947577026,0.960783862495267,1.),(1.000008365615,0.965378317617348,
1.),(1.00000581938392,0.975916072910856,1.),(1.00000578310983,0.976066195747815,
1.),(1.00000690988575,0.971402954840943,1.)))
REPRESENTATION_ITEM('')
SURFACE()
);
#27=(
BOUNDED_SURFACE()
B_SPLINE_SURFACE(3,2,((#6820,#6821,#6822),(#6823,#6824,#6825),(#6826,#6827,
#6828),(#6829,#6830,#6831)),.UNSPECIFIED.,.F.,.F.,.F.)
B_SPLINE_SURFACE_WITH_KNOTS((4,4),(3,3),(-7.58941520739853E-18,8.86846997467721E-5),
(0.,1.),.UNSPECIFIED.)
GEOMETRIC_REPRESENTATION_ITEM()
RATIONAL_B_SPLINE_SURFACE(((1.,0.970044739617104,1.),(1.,0.971069502839205,
1.),(1.,0.971949990831928,1.),(1.,0.972675593261417,1.)))
REPRESENTATION_ITEM('')
SURFACE()
);
#28=(
BOUNDED_SURFACE()
B_SPLINE_SURFACE(3,2,((#6833,#6834,#6835),(#6836,#6837,#6838),(#6839,#6840,
#6841),(#6842,#6843,#6844),(#6845,#6846,#6847),(#6848,#6849,#6850),(#6851,
#6852,#6853),(#6854,#6855,#6856),(#6857,#6858,#6859),(#6860,#6861,#6862)),
 .UNSPECIFIED.,.F.,.F.,.F.)
B_SPLINE_SURFACE_WITH_KNOTS((4,2,2,2,4),(3,3),(0.000639511998737126,0.0016028201554332,
0.00256612831212927,0.00352943646882534,0.00449274462552141),(0.,1.),
 .UNSPECIFIED.)
GEOMETRIC_REPRESENTATION_ITEM()
RATIONAL_B_SPLINE_SURFACE(((1.,0.903612769156597,1.),(1.,0.9051781185971,
1.),(1.,0.907917906376483,1.),(1.,0.915500121723083,1.),(1.,0.92042780508592,
1.),(1.,0.932187499247398,1.),(1.,0.938826192772978,1.),(1.,0.953752806652173,
1.),(1.,0.961724049795413,1.),(1.,0.970044739617104,1.)))
REPRESENTATION_ITEM('')
SURFACE()
);
#29=(
BOUNDED_SURFACE()
B_SPLINE_SURFACE(3,2,((#6864,#6865,#6866),(#6867,#6868,#6869),(#6870,#6871,
#6872),(#6873,#6874,#6875)),.UNSPECIFIED.,.F.,.F.,.F.)
B_SPLINE_SURFACE_WITH_KNOTS((4,4),(3,3),(-2.39608680119296E-17,2.26698019344295E-5),
(0.,1.),.UNSPECIFIED.)
GEOMETRIC_REPRESENTATION_ITEM()
RATIONAL_B_SPLINE_SURFACE(((1.,0.903612769156559,1.),(1.,0.903585334726967,
1.),(1.,0.903558039928656,1.),(1.,0.90353088459217,1.)))
REPRESENTATION_ITEM('')
SURFACE()
);
#30=(
BOUNDED_SURFACE()
B_SPLINE_SURFACE(3,2,((#6877,#6878,#6879),(#6880,#6881,#6882),(#6883,#6884,
#6885),(#6886,#6887,#6888),(#6889,#6890,#6891),(#6892,#6893,#6894),(#6895,
#6896,#6897),(#6898,#6899,#6900)),.UNSPECIFIED.,.F.,.F.,.F.)
B_SPLINE_SURFACE_WITH_KNOTS((4,2,2,4),(3,3),(0.,0.000441449464861678,0.000882898929723356,
0.00176579785944671),(0.,1.),.UNSPECIFIED.)
GEOMETRIC_REPRESENTATION_ITEM()
RATIONAL_B_SPLINE_SURFACE(((1.,0.836660026534075,1.),(1.,0.851065611061138,
1.),(1.,0.860840452612463,1.),(1.,0.876813167634773,1.),(1.,0.882858042859516,
1.),(1.,0.897355137693547,1.),(1.,0.902110147677535,1.),(1.,0.903530884592255,
1.)))
REPRESENTATION_ITEM('')
SURFACE()
);
#31=(
BOUNDED_SURFACE()
B_SPLINE_SURFACE(3,2,((#6902,#6903,#6904),(#6905,#6906,#6907),(#6908,#6909,
#6910),(#6911,#6912,#6913),(#6914,#6915,#6916),(#6917,#6918,#6919)),
 .UNSPECIFIED.,.F.,.F.,.F.)
B_SPLINE_SURFACE_WITH_KNOTS((4,2,4),(3,3),(2.16840434497101E-19,0.00094795244004751,
0.00189590488009502),(0.,1.),.UNSPECIFIED.)
GEOMETRIC_REPRESENTATION_ITEM()
RATIONAL_B_SPLINE_SURFACE(((1.,0.707106781186548,1.),(1.,0.729650765204036,
1.),(1.,0.752378860421409,1.),(1.,0.796382277956438,1.),(1.,0.817662910736645,
1.),(1.,0.836660026534075,1.)))
REPRESENTATION_ITEM('')
SURFACE()
);
#32=(
BOUNDED_SURFACE()
B_SPLINE_SURFACE(3,2,((#6923,#6924,#6925),(#6926,#6927,#6928),(#6929,#6930,
#6931),(#6932,#6933,#6934),(#6935,#6936,#6937),(#6938,#6939,#6940)),
 .UNSPECIFIED.,.F.,.F.,.F.)
B_SPLINE_SURFACE_WITH_KNOTS((4,2,4),(3,3),(0.,0.000947952440047513,0.00189590488009503),
(0.,1.),.UNSPECIFIED.)
GEOMETRIC_REPRESENTATION_ITEM()
RATIONAL_B_SPLINE_SURFACE(((1.,0.836660026534075,1.),(1.,0.817662910736629,
1.),(1.,0.796382277956455,1.),(1.,0.752378860421392,1.),(1.,0.729650765204047,
1.),(1.,0.707106781186548,1.)))
REPRESENTATION_ITEM('')
SURFACE()
);
#33=(
BOUNDED_SURFACE()
B_SPLINE_SURFACE(3,2,((#6942,#6943,#6944),(#6945,#6946,#6947),(#6948,#6949,
#6950),(#6951,#6952,#6953),(#6954,#6955,#6956),(#6957,#6958,#6959),(#6960,
#6961,#6962),(#6963,#6964,#6965)),.UNSPECIFIED.,.F.,.F.,.F.)
B_SPLINE_SURFACE_WITH_KNOTS((4,2,2,4),(3,3),(-4.29699187198244E-5,0.000621556071834474,
0.00124311214366895,0.00252919420605701),(0.,1.00004296991872),
 .UNSPECIFIED.)
GEOMETRIC_REPRESENTATION_ITEM()
RATIONAL_B_SPLINE_SURFACE(((1.,0.832385066837095,1.00001440480011),(1.,
0.855009318409989,1.00001246047561),(1.,0.867851178933335,1.0000113568482),
(1.,0.886842088065147,1.00000972477256),(1.,0.892979076266491,1.00000919736079),
(1.,0.905794134657979,1.00000809603675),(1.,0.905984745926368,1.00000807965565),
(1.,0.89863189306793,1.00000871155863)))
REPRESENTATION_ITEM('')
SURFACE()
);
#34=(
BOUNDED_SURFACE()
B_SPLINE_SURFACE(3,2,((#6967,#6968,#6969),(#6970,#6971,#6972),(#6973,#6974,
#6975),(#6976,#6977,#6978)),.UNSPECIFIED.,.F.,.F.,.F.)
B_SPLINE_SURFACE_WITH_KNOTS((4,4),(3,3),(1.0842021724855E-19,9.68581730053545E-5),
(0.,1.),.UNSPECIFIED.)
GEOMETRIC_REPRESENTATION_ITEM()
RATIONAL_B_SPLINE_SURFACE(((1.,0.899347930693246,1.),(1.,0.898682845849248,
1.),(1.,0.897949426666785,1.),(1.,0.897150887214141,1.)))
REPRESENTATION_ITEM('')
SURFACE()
);
#35=(
BOUNDED_SURFACE()
B_SPLINE_SURFACE(3,2,((#6980,#6981,#6982),(#6983,#6984,#6985),(#6986,#6987,
#6988),(#6989,#6990,#6991),(#6992,#6993,#6994),(#6995,#6996,#6997),(#6998,
#6999,#7000),(#7001,#7002,#7003),(#7004,#7005,#7006),(#7007,#7008,#7009)),
 .UNSPECIFIED.,.F.,.F.,.F.)
B_SPLINE_SURFACE_WITH_KNOTS((4,2,2,2,4),(3,3),(0.00109430756743309,0.00208608982619857,
0.00307787208496404,0.00406965434372951,0.00506143660249499),(0.,1.),
 .UNSPECIFIED.)
GEOMETRIC_REPRESENTATION_ITEM()
RATIONAL_B_SPLINE_SURFACE(((1.,0.89715088721417,1.),(1.,0.8907262680468,
1.),(1.,0.885716434902855,1.),(1.,0.878599539893668,1.),(1.,0.876586883346156,
1.),(1.,0.875509301308215,1.),(1.,0.876474722891684,1.),(1.,0.881495205401847,
1.),(1.,0.885444622054976,1.),(1.,0.890906262507932,1.)))
REPRESENTATION_ITEM('')
SURFACE()
);
#36=(
BOUNDED_SURFACE()
B_SPLINE_SURFACE(3,2,((#7011,#7012,#7013),(#7014,#7015,#7016),(#7017,#7018,
#7019),(#7020,#7021,#7022)),.UNSPECIFIED.,.F.,.F.,.F.)
B_SPLINE_SURFACE_WITH_KNOTS((4,4),(3,3),(0.,8.50399243020322E-5),(0.,1.),
 .UNSPECIFIED.)
GEOMETRIC_REPRESENTATION_ITEM()
RATIONAL_B_SPLINE_SURFACE(((1.,0.89090626250793,1.),(1.,0.891585230237794,
1.),(1.,0.892153510681668,1.),(1.,0.892608578821759,1.)))
REPRESENTATION_ITEM('')
SURFACE()
);
#37=(
BOUNDED_SURFACE()
B_SPLINE_SURFACE(3,2,((#7024,#7025,#7026),(#7027,#7028,#7029),(#7030,#7031,
#7032),(#7033,#7034,#7035),(#7036,#7037,#7038),(#7039,#7040,#7041),(#7042,
#7043,#7044),(#7045,#7046,#7047),(#7048,#7049,#7050),(#7051,#7052,#7053),
(#7054,#7055,#7056),(#7057,#7058,#7059)),.UNSPECIFIED.,.F.,.F.,.F.)
B_SPLINE_SURFACE_WITH_KNOTS((4,2,2,2,2,4),(3,3),(0.,8.72523862368854E-5,
0.000174504772473771,0.000349009544947541,0.000698019089895083,0.00139603817979017),
(0.,1.),.UNSPECIFIED.)
GEOMETRIC_REPRESENTATION_ITEM()
RATIONAL_B_SPLINE_SURFACE(((1.,0.841853022028167,1.),(1.,0.848507244513486,
1.),(1.,0.852474257513959,1.),(1.,0.85938205323391,1.),(1.,0.86213906791397,
1.),(1.,0.869463203516227,1.),(1.,0.873056800219001,1.),(1.,0.882183782866222,
1.),(1.,0.885977219256628,1.),(1.,0.89413812397667,1.),(1.,0.895060732106393,
1.),(1.,0.892608578821739,1.)))
REPRESENTATION_ITEM('')
SURFACE()
);
#38=(
BOUNDED_SURFACE()
B_SPLINE_SURFACE(3,2,((#7061,#7062,#7063),(#7064,#7065,#7066),(#7067,#7068,
#7069),(#7070,#7071,#7072),(#7073,#7074,#7075),(#7076,#7077,#7078)),
 .UNSPECIFIED.,.F.,.F.,.F.)
B_SPLINE_SURFACE_WITH_KNOTS((4,2,4),(3,3),(0.,0.000843633380451685,0.00168726676090337),
(0.,1.),.UNSPECIFIED.)
GEOMETRIC_REPRESENTATION_ITEM()
RATIONAL_B_SPLINE_SURFACE(((1.,0.841853022028167,1.),(1.,0.820036289537335,
1.),(1.,0.794584488781739,1.),(1.,0.746420499175679,1.),(1.,0.723544700418866,
1.),(1.,0.707106781186549,1.)))
REPRESENTATION_ITEM('')
SURFACE()
);
#39=(
BOUNDED_SURFACE()
B_SPLINE_SURFACE(3,2,((#7083,#7084,#7085),(#7086,#7087,#7088),(#7089,#7090,
#7091),(#7092,#7093,#7094),(#7095,#7096,#7097),(#7098,#7099,#7100),(#7101,
#7102,#7103),(#7104,#7105,#7106),(#7107,#7108,#7109),(#7110,#7111,#7112),
(#7113,#7114,#7115),(#7116,#7117,#7118),(#7119,#7120,#7121),(#7122,#7123,
#7124),(#7125,#7126,#7127),(#7128,#7129,#7130),(#7131,#7132,#7133),(#7134,
#7135,#7136),(#7137,#7138,#7139),(#7140,#7141,#7142),(#7143,#7144,#7145),
(#7146,#7147,#7148),(#7149,#7150,#7151),(#7152,#7153,#7154),(#7155,#7156,
#7157),(#7158,#7159,#7160),(#7161,#7162,#7163),(#7164,#7165,#7166)),
 .UNSPECIFIED.,.F.,.F.,.F.)
B_SPLINE_SURFACE_WITH_KNOTS((4,2,2,2,2,2,2,2,2,2,2,2,2,4),(3,3),(-0.000383041868305693,
0.00299237331011871,0.00448855996517806,0.00598474662023742,0.00897711993035613,
0.0104733065854155,0.0119694932404748,0.0134656798955342,0.0142137732230639,
0.0149618665505935,0.0164580532056529,0.0179542398607123,0.020946613170831,
0.024322028349255),(-0.000383041868305702,1.0000000974656),
 .UNSPECIFIED.)
GEOMETRIC_REPRESENTATION_ITEM()
RATIONAL_B_SPLINE_SURFACE(((1.00022343918591,0.708335790185097,1.00000005683269),
(1.00022631448878,0.704582541004437,1.00000005756403),(1.00023045415768,
0.699178863696776,1.00000005861697),(1.00023803529152,0.689282902961539,
1.00000006054527),(1.00024058259793,0.685957800842329,1.00000006119318),
(1.00024609219539,0.67876590035714,1.00000006259457),(1.00024906619442,
0.674883819092706,1.00000006335102),(1.00025837157832,0.662737124987301,
1.00000006571789),(1.00026513454655,0.6539091489157,1.00000006743807),(1.00027580993087,
0.639974137837028,1.0000000701534),(1.00027946699429,0.635200424985374,
1.00000007108359),(1.00028685887019,0.625551510291459,1.00000007296375),
(1.00029055667614,0.620724614572688,1.0000000739043),(1.00029788926193,
0.611153093671364,1.00000007576937),(1.00030152419463,0.606408268937407,
1.00000007669393),(1.00030687527558,0.599423286474391,1.000000078055),(1.00030864202519,
0.597117076717866,1.00000007850438),(1.00031213168153,0.592561887110035,
1.00000007939199),(1.00031426130148,0.589782008020235,1.00000007993367),
(1.00031758943433,0.585437661559444,1.00000008078019),(1.00031969295518,
0.582691850681481,1.00000008131523),(1.00032353847798,0.577672134178395,
1.00000008229336),(1.0003252927466,0.575382216361986,1.00000008273956),
(1.00033003514411,0.569191773017324,1.00000008394581),(1.00033250795373,
0.565963914571652,1.00000008457478),(1.000336101804,0.561272716402425,1.00000008548889),
(1.00033692261356,0.560201280474016,1.00000008569767),(1.00033668369142,
0.560513155215093,1.0000000856369)))
REPRESENTATION_ITEM('')
SURFACE()
);
#40=(
BOUNDED_SURFACE()
B_SPLINE_SURFACE(3,2,((#7168,#7169,#7170),(#7171,#7172,#7173),(#7174,#7175,
#7176),(#7177,#7178,#7179)),.UNSPECIFIED.,.F.,.F.,.F.)
B_SPLINE_SURFACE_WITH_KNOTS((4,4),(3,3),(0.,0.016),(0.,1.),
 .UNSPECIFIED.)
GEOMETRIC_REPRESENTATION_ITEM()
RATIONAL_B_SPLINE_SURFACE(((1.,0.707106781186548,1.),(1.,0.707106781186548,
1.),(1.,0.707106781186548,1.),(1.,0.707106781186548,1.)))
REPRESENTATION_ITEM('')
SURFACE()
);
#41=(
BOUNDED_SURFACE()
B_SPLINE_SURFACE(3,2,((#7181,#7182,#7183),(#7184,#7185,#7186),(#7187,#7188,
#7189),(#7190,#7191,#7192),(#7193,#7194,#7195),(#7196,#7197,#7198),(#7199,
#7200,#7201),(#7202,#7203,#7204),(#7205,#7206,#7207),(#7208,#7209,#7210),
(#7211,#7212,#7213),(#7214,#7215,#7216),(#7217,#7218,#7219),(#7220,#7221,
#7222),(#7223,#7224,#7225),(#7226,#7227,#7228),(#7229,#7230,#7231),(#7232,
#7233,#7234),(#7235,#7236,#7237),(#7238,#7239,#7240),(#7241,#7242,#7243),
(#7244,#7245,#7246),(#7247,#7248,#7249),(#7250,#7251,#7252),(#7253,#7254,
#7255),(#7256,#7257,#7258),(#7259,#7260,#7261),(#7262,#7263,#7264)),
 .UNSPECIFIED.,.F.,.F.,.F.)
B_SPLINE_SURFACE_WITH_KNOTS((4,2,2,2,2,2,2,2,2,2,2,2,2,4),(3,3),(-0.000140640357974541,
0.00299237331011782,0.00448855996517672,0.00598474662023563,0.00897711993035345,
0.0104733065854124,0.0119694932404713,0.0134656798955302,0.0142137732230596,
0.0149618665505891,0.016458053205648,0.0179542398607069,0.0209466131708247,
0.0240796268389171),(-1.00579352847867E-7,1.00014064035797),
 .UNSPECIFIED.)
GEOMETRIC_REPRESENTATION_ITEM()
RATIONAL_B_SPLINE_SURFACE(((1.00000005881605,0.7075725967238,1.00008225418108),
(1.00000005956061,0.703870701175507,1.00008329545281),(1.00000006058863,
0.698759469737761,1.0000847331435),(1.00000006247952,0.689358191456928,
1.00008737754152),(1.00000006314813,0.686033895030029,1.00008831260191),
(1.00000006459429,0.678843737178574,1.00009033505445),(1.00000006537491,
0.674962596565797,1.00009142674435),(1.00000006781739,0.662818845673979,
1.00009484254695),(1.00000006959253,0.653993008671441,1.00009732508445),
(1.00000007239461,0.640061374121327,1.0001012437842),(1.00000007335451,
0.635288817967672,1.00010258621208),(1.00000007529473,0.625642241260613,
1.00010529960781),(1.00000007626533,0.620816515124322,1.00010665699137),
(1.00000007818999,0.611247313458394,1.000109348623),(1.00000007914409,0.606503638422598,
1.00011068292717),(1.00000008054864,0.599520348457625,1.00011264719178),
(1.00000008101238,0.597214697509898,1.00011329572686),(1.00000008192834,
0.592660611649186,1.00011457670326),(1.00000008248732,0.589881406139647,
1.0001153584401),(1.00000008336089,0.585538112337649,1.00011658012477),
(1.00000008391303,0.582792966784947,1.0001173522812),(1.0000000849224,0.577774466588483,
1.00011876388838),(1.00000008538286,0.575485103631748,1.00011940784197),
(1.00000008662764,0.569296160265219,1.00012114867222),(1.00000008727671,
0.56606908394695,1.00012205638646),(1.00000008818411,0.561557558248335,
1.00012332539151),(1.00000008840306,0.560468993765707,1.00012363158368),
(1.00000008838196,0.560573879642831,1.00012360208131)))
REPRESENTATION_ITEM('')
SURFACE()
);
#42=B_SPLINE_SURFACE_WITH_KNOTS('',2,1,((#5053,#5054),(#5055,#5056),(#5057,
#5058)),.UNSPECIFIED.,.F.,.F.,.F.,(3,3),(2,2),(0.,1.),(0.,1.8),
 .UNSPECIFIED.);
#43=B_SPLINE_SURFACE_WITH_KNOTS('',3,3,((#6419,#6420,#6421,#6422,#6423,
#6424,#6425,#6426,#6427,#6428,#6429,#6430,#6431,#6432,#6433,#6434,#6435,
#6436),(#6437,#6438,#6439,#6440,#6441,#6442,#6443,#6444,#6445,#6446,#6447,
#6448,#6449,#6450,#6451,#6452,#6453,#6454),(#6455,#6456,#6457,#6458,#6459,
#6460,#6461,#6462,#6463,#6464,#6465,#6466,#6467,#6468,#6469,#6470,#6471,
#6472),(#6473,#6474,#6475,#6476,#6477,#6478,#6479,#6480,#6481,#6482,#6483,
#6484,#6485,#6486,#6487,#6488,#6489,#6490),(#6491,#6492,#6493,#6494,#6495,
#6496,#6497,#6498,#6499,#6500,#6501,#6502,#6503,#6504,#6505,#6506,#6507,
#6508),(#6509,#6510,#6511,#6512,#6513,#6514,#6515,#6516,#6517,#6518,#6519,
#6520,#6521,#6522,#6523,#6524,#6525,#6526),(#6527,#6528,#6529,#6530,#6531,
#6532,#6533,#6534,#6535,#6536,#6537,#6538,#6539,#6540,#6541,#6542,#6543,
#6544),(#6545,#6546,#6547,#6548,#6549,#6550,#6551,#6552,#6553,#6554,#6555,
#6556,#6557,#6558,#6559,#6560,#6561,#6562),(#6563,#6564,#6565,#6566,#6567,
#6568,#6569,#6570,#6571,#6572,#6573,#6574,#6575,#6576,#6577,#6578,#6579,
#6580),(#6581,#6582,#6583,#6584,#6585,#6586,#6587,#6588,#6589,#6590,#6591,
#6592,#6593,#6594,#6595,#6596,#6597,#6598),(#6599,#6600,#6601,#6602,#6603,
#6604,#6605,#6606,#6607,#6608,#6609,#6610,#6611,#6612,#6613,#6614,#6615,
#6616),(#6617,#6618,#6619,#6620,#6621,#6622,#6623,#6624,#6625,#6626,#6627,
#6628,#6629,#6630,#6631,#6632,#6633,#6634),(#6635,#6636,#6637,#6638,#6639,
#6640,#6641,#6642,#6643,#6644,#6645,#6646,#6647,#6648,#6649,#6650,#6651,
#6652),(#6653,#6654,#6655,#6656,#6657,#6658,#6659,#6660,#6661,#6662,#6663,
#6664,#6665,#6666,#6667,#6668,#6669,#6670),(#6671,#6672,#6673,#6674,#6675,
#6676,#6677,#6678,#6679,#6680,#6681,#6682,#6683,#6684,#6685,#6686,#6687,
#6688),(#6689,#6690,#6691,#6692,#6693,#6694,#6695,#6696,#6697,#6698,#6699,
#6700,#6701,#6702,#6703,#6704,#6705,#6706),(#6707,#6708,#6709,#6710,#6711,
#6712,#6713,#6714,#6715,#6716,#6717,#6718,#6719,#6720,#6721,#6722,#6723,
#6724),(#6725,#6726,#6727,#6728,#6729,#6730,#6731,#6732,#6733,#6734,#6735,
#6736,#6737,#6738,#6739,#6740,#6741,#6742)),.UNSPECIFIED.,.F.,.F.,.F.,(4,
2,2,1,1,2,2,2,2,4),(4,2,2,2,2,2,2,2,4),(0.,0.00390625,0.0078125,0.0625,
0.125,0.25,0.5,0.75,0.875,1.),(0.,0.00390625,0.125,0.25,0.5,0.75,0.875,
0.984375,1.),.UNSPECIFIED.);
#44=FACE_BOUND('',#347,.T.);
#45=FACE_BOUND('',#348,.T.);
#46=FACE_BOUND('',#352,.T.);
#47=FACE_BOUND('',#353,.T.);
#48=FACE_BOUND('',#354,.T.);
#49=FACE_BOUND('',#355,.T.);
#50=FACE_BOUND('',#356,.T.);
#51=FACE_BOUND('',#357,.T.);
#52=FACE_BOUND('',#381,.T.);
#53=FACE_BOUND('',#382,.T.);
#54=FACE_BOUND('',#384,.T.);
#55=FACE_BOUND('',#385,.T.);
#56=FACE_BOUND('',#386,.T.);
#57=FACE_BOUND('',#387,.T.);
#58=FACE_BOUND('',#388,.T.);
#59=FACE_BOUND('',#393,.T.);
#60=FACE_BOUND('',#401,.T.);
#61=FACE_BOUND('',#409,.T.);
#62=FACE_BOUND('',#417,.T.);
#63=FACE_BOUND('',#431,.T.);
#64=FACE_BOUND('',#433,.T.);
#65=FACE_BOUND('',#436,.T.);
#66=FACE_BOUND('',#451,.T.);
#67=FACE_BOUND('',#454,.T.);
#68=FACE_BOUND('',#462,.T.);
#69=FACE_BOUND('',#464,.T.);
#70=ELLIPSE('',#2686,3.6881959699165,3.60213345541193);
#71=ELLIPSE('',#2835,9.95700142353033,5.61590622061902);
#72=ELLIPSE('',#2837,19.2440914779547,8.29019552865516);
#73=ELLIPSE('',#2841,2.37890126078513,1.68282700596445);
#74=ELLIPSE('',#2844,4.04227843510889,2.2726967405665);
#75=PLANE('',#2668);
#76=PLANE('',#2671);
#77=PLANE('',#2674);
#78=PLANE('',#2677);
#79=PLANE('',#2680);
#80=PLANE('',#2687);
#81=PLANE('',#2689);
#82=PLANE('',#2698);
#83=PLANE('',#2705);
#84=PLANE('',#2774);
#85=PLANE('',#2787);
#86=PLANE('',#2788);
#87=PLANE('',#2790);
#88=PLANE('',#2792);
#89=PLANE('',#2793);
#90=PLANE('',#2794);
#91=PLANE('',#2795);
#92=PLANE('',#2796);
#93=PLANE('',#2797);
#94=PLANE('',#2798);
#95=PLANE('',#2799);
#96=PLANE('',#2800);
#97=PLANE('',#2801);
#98=PLANE('',#2802);
#99=PLANE('',#2803);
#100=PLANE('',#2804);
#101=PLANE('',#2805);
#102=PLANE('',#2806);
#103=PLANE('',#2807);
#104=PLANE('',#2808);
#105=PLANE('',#2809);
#106=PLANE('',#2810);
#107=PLANE('',#2811);
#108=PLANE('',#2812);
#109=PLANE('',#2813);
#110=PLANE('',#2814);
#111=PLANE('',#2815);
#112=PLANE('',#2816);
#113=PLANE('',#2817);
#114=PLANE('',#2818);
#115=PLANE('',#2819);
#116=PLANE('',#2820);
#117=PLANE('',#2821);
#118=PLANE('',#2822);
#119=PLANE('',#2823);
#120=PLANE('',#2824);
#121=PLANE('',#2825);
#122=PLANE('',#2826);
#123=PLANE('',#2827);
#124=PLANE('',#2828);
#125=PLANE('',#2829);
#126=PLANE('',#2830);
#127=PLANE('',#2848);
#128=PLANE('',#2849);
#129=PLANE('',#2850);
#130=PLANE('',#2851);
#131=PLANE('',#2852);
#132=PLANE('',#2853);
#133=PLANE('',#2854);
#134=PLANE('',#2857);
#135=PLANE('',#2858);
#136=TOROIDAL_SURFACE('',#2617,9.00000000000001,1.);
#137=TOROIDAL_SURFACE('',#2621,5.,1.);
#138=TOROIDAL_SURFACE('',#2625,3.,1.);
#139=TOROIDAL_SURFACE('',#2631,3.,1.);
#140=TOROIDAL_SURFACE('',#2635,5.,1.);
#141=TOROIDAL_SURFACE('',#2639,19.,1.);
#142=TOROIDAL_SURFACE('',#2645,19.,1.);
#143=TOROIDAL_SURFACE('',#2651,19.,1.);
#144=TOROIDAL_SURFACE('',#2657,19.,1.);
#145=TOROIDAL_SURFACE('',#2663,9.,1.);
#146=TOROIDAL_SURFACE('',#2714,5.33511476345486,1.5);
#147=TOROIDAL_SURFACE('',#2721,5.33511476345486,1.5);
#148=TOROIDAL_SURFACE('',#2739,5.33511476345486,1.5);
#149=TOROIDAL_SURFACE('',#2833,5.33511476345486,1.5);
#150=TOROIDAL_SURFACE('',#2839,5.33511476345486,1.5);
#151=TOROIDAL_SURFACE('',#2846,5.33511476345486,1.5);
#152=TOROIDAL_SURFACE('',#2859,9.,1.);
#153=TOROIDAL_SURFACE('',#2863,19.,1.);
#154=TOROIDAL_SURFACE('',#2867,19.,1.);
#155=TOROIDAL_SURFACE('',#2871,19.,1.);
#156=TOROIDAL_SURFACE('',#2875,19.,1.);
#157=TOROIDAL_SURFACE('',#2877,5.,1.);
#158=TOROIDAL_SURFACE('',#2894,5.,1.);
#159=TOROIDAL_SURFACE('',#2896,9.00000000000001,1.);
#160=FACE_OUTER_BOUND('',#315,.T.);
#161=FACE_OUTER_BOUND('',#316,.T.);
#162=FACE_OUTER_BOUND('',#317,.T.);
#163=FACE_OUTER_BOUND('',#318,.T.);
#164=FACE_OUTER_BOUND('',#319,.T.);
#165=FACE_OUTER_BOUND('',#320,.T.);
#166=FACE_OUTER_BOUND('',#321,.T.);
#167=FACE_OUTER_BOUND('',#322,.T.);
#168=FACE_OUTER_BOUND('',#323,.T.);
#169=FACE_OUTER_BOUND('',#324,.T.);
#170=FACE_OUTER_BOUND('',#325,.T.);
#171=FACE_OUTER_BOUND('',#326,.T.);
#172=FACE_OUTER_BOUND('',#327,.T.);
#173=FACE_OUTER_BOUND('',#328,.T.);
#174=FACE_OUTER_BOUND('',#329,.T.);
#175=FACE_OUTER_BOUND('',#330,.T.);
#176=FACE_OUTER_BOUND('',#331,.T.);
#177=FACE_OUTER_BOUND('',#332,.T.);
#178=FACE_OUTER_BOUND('',#333,.T.);
#179=FACE_OUTER_BOUND('',#334,.T.);
#180=FACE_OUTER_BOUND('',#335,.T.);
#181=FACE_OUTER_BOUND('',#336,.T.);
#182=FACE_OUTER_BOUND('',#337,.T.);
#183=FACE_OUTER_BOUND('',#338,.T.);
#184=FACE_OUTER_BOUND('',#339,.T.);
#185=FACE_OUTER_BOUND('',#340,.T.);
#186=FACE_OUTER_BOUND('',#341,.T.);
#187=FACE_OUTER_BOUND('',#342,.T.);
#188=FACE_OUTER_BOUND('',#343,.T.);
#189=FACE_OUTER_BOUND('',#344,.T.);
#190=FACE_OUTER_BOUND('',#345,.T.);
#191=FACE_OUTER_BOUND('',#346,.T.);
#192=FACE_OUTER_BOUND('',#349,.T.);
#193=FACE_OUTER_BOUND('',#350,.T.);
#194=FACE_OUTER_BOUND('',#351,.T.);
#195=FACE_OUTER_BOUND('',#358,.T.);
#196=FACE_OUTER_BOUND('',#359,.T.);
#197=FACE_OUTER_BOUND('',#360,.T.);
#198=FACE_OUTER_BOUND('',#361,.T.);
#199=FACE_OUTER_BOUND('',#362,.T.);
#200=FACE_OUTER_BOUND('',#363,.T.);
#201=FACE_OUTER_BOUND('',#364,.T.);
#202=FACE_OUTER_BOUND('',#365,.T.);
#203=FACE_OUTER_BOUND('',#366,.T.);
#204=FACE_OUTER_BOUND('',#367,.T.);
#205=FACE_OUTER_BOUND('',#368,.T.);
#206=FACE_OUTER_BOUND('',#369,.T.);
#207=FACE_OUTER_BOUND('',#370,.T.);
#208=FACE_OUTER_BOUND('',#371,.T.);
#209=FACE_OUTER_BOUND('',#372,.T.);
#210=FACE_OUTER_BOUND('',#373,.T.);
#211=FACE_OUTER_BOUND('',#374,.T.);
#212=FACE_OUTER_BOUND('',#375,.T.);
#213=FACE_OUTER_BOUND('',#376,.T.);
#214=FACE_OUTER_BOUND('',#377,.T.);
#215=FACE_OUTER_BOUND('',#378,.T.);
#216=FACE_OUTER_BOUND('',#379,.T.);
#217=FACE_OUTER_BOUND('',#380,.T.);
#218=FACE_OUTER_BOUND('',#383,.T.);
#219=FACE_OUTER_BOUND('',#389,.T.);
#220=FACE_OUTER_BOUND('',#390,.T.);
#221=FACE_OUTER_BOUND('',#391,.T.);
#222=FACE_OUTER_BOUND('',#392,.T.);
#223=FACE_OUTER_BOUND('',#394,.T.);
#224=FACE_OUTER_BOUND('',#395,.T.);
#225=FACE_OUTER_BOUND('',#396,.T.);
#226=FACE_OUTER_BOUND('',#397,.T.);
#227=FACE_OUTER_BOUND('',#398,.T.);
#228=FACE_OUTER_BOUND('',#399,.T.);
#229=FACE_OUTER_BOUND('',#400,.T.);
#230=FACE_OUTER_BOUND('',#402,.T.);
#231=FACE_OUTER_BOUND('',#403,.T.);
#232=FACE_OUTER_BOUND('',#404,.T.);
#233=FACE_OUTER_BOUND('',#405,.T.);
#234=FACE_OUTER_BOUND('',#406,.T.);
#235=FACE_OUTER_BOUND('',#407,.T.);
#236=FACE_OUTER_BOUND('',#408,.T.);
#237=FACE_OUTER_BOUND('',#410,.T.);
#238=FACE_OUTER_BOUND('',#411,.T.);
#239=FACE_OUTER_BOUND('',#412,.T.);
#240=FACE_OUTER_BOUND('',#413,.T.);
#241=FACE_OUTER_BOUND('',#414,.T.);
#242=FACE_OUTER_BOUND('',#415,.T.);
#243=FACE_OUTER_BOUND('',#416,.T.);
#244=FACE_OUTER_BOUND('',#418,.T.);
#245=FACE_OUTER_BOUND('',#419,.T.);
#246=FACE_OUTER_BOUND('',#420,.T.);
#247=FACE_OUTER_BOUND('',#421,.T.);
#248=FACE_OUTER_BOUND('',#422,.T.);
#249=FACE_OUTER_BOUND('',#423,.T.);
#250=FACE_OUTER_BOUND('',#424,.T.);
#251=FACE_OUTER_BOUND('',#425,.T.);
#252=FACE_OUTER_BOUND('',#426,.T.);
#253=FACE_OUTER_BOUND('',#427,.T.);
#254=FACE_OUTER_BOUND('',#428,.T.);
#255=FACE_OUTER_BOUND('',#429,.T.);
#256=FACE_OUTER_BOUND('',#430,.T.);
#257=FACE_OUTER_BOUND('',#432,.T.);
#258=FACE_OUTER_BOUND('',#434,.T.);
#259=FACE_OUTER_BOUND('',#435,.T.);
#260=FACE_OUTER_BOUND('',#437,.T.);
#261=FACE_OUTER_BOUND('',#438,.T.);
#262=FACE_OUTER_BOUND('',#439,.T.);
#263=FACE_OUTER_BOUND('',#440,.T.);
#264=FACE_OUTER_BOUND('',#441,.T.);
#265=FACE_OUTER_BOUND('',#442,.T.);
#266=FACE_OUTER_BOUND('',#443,.T.);
#267=FACE_OUTER_BOUND('',#444,.T.);
#268=FACE_OUTER_BOUND('',#445,.T.);
#269=FACE_OUTER_BOUND('',#446,.T.);
#270=FACE_OUTER_BOUND('',#447,.T.);
#271=FACE_OUTER_BOUND('',#448,.T.);
#272=FACE_OUTER_BOUND('',#449,.T.);
#273=FACE_OUTER_BOUND('',#450,.T.);
#274=FACE_OUTER_BOUND('',#452,.T.);
#275=FACE_OUTER_BOUND('',#453,.T.);
#276=FACE_OUTER_BOUND('',#455,.T.);
#277=FACE_OUTER_BOUND('',#456,.T.);
#278=FACE_OUTER_BOUND('',#457,.T.);
#279=FACE_OUTER_BOUND('',#458,.T.);
#280=FACE_OUTER_BOUND('',#459,.T.);
#281=FACE_OUTER_BOUND('',#460,.T.);
#282=FACE_OUTER_BOUND('',#461,.T.);
#283=FACE_OUTER_BOUND('',#463,.T.);
#284=FACE_OUTER_BOUND('',#465,.T.);
#285=FACE_OUTER_BOUND('',#466,.T.);
#286=FACE_OUTER_BOUND('',#467,.T.);
#287=FACE_OUTER_BOUND('',#468,.T.);
#288=FACE_OUTER_BOUND('',#469,.T.);
#289=FACE_OUTER_BOUND('',#470,.T.);
#290=FACE_OUTER_BOUND('',#471,.T.);
#291=FACE_OUTER_BOUND('',#472,.T.);
#292=FACE_OUTER_BOUND('',#473,.T.);
#293=FACE_OUTER_BOUND('',#474,.T.);
#294=FACE_OUTER_BOUND('',#475,.T.);
#295=FACE_OUTER_BOUND('',#476,.T.);
#296=FACE_OUTER_BOUND('',#477,.T.);
#297=FACE_OUTER_BOUND('',#478,.T.);
#298=FACE_OUTER_BOUND('',#479,.T.);
#299=FACE_OUTER_BOUND('',#480,.T.);
#300=FACE_OUTER_BOUND('',#481,.T.);
#301=FACE_OUTER_BOUND('',#482,.T.);
#302=FACE_OUTER_BOUND('',#483,.T.);
#303=FACE_OUTER_BOUND('',#484,.T.);
#304=FACE_OUTER_BOUND('',#485,.T.);
#305=FACE_OUTER_BOUND('',#486,.T.);
#306=FACE_OUTER_BOUND('',#487,.T.);
#307=FACE_OUTER_BOUND('',#488,.T.);
#308=FACE_OUTER_BOUND('',#489,.T.);
#309=FACE_OUTER_BOUND('',#490,.T.);
#310=FACE_OUTER_BOUND('',#491,.T.);
#311=FACE_OUTER_BOUND('',#492,.T.);
#312=FACE_OUTER_BOUND('',#493,.T.);
#313=FACE_OUTER_BOUND('',#494,.T.);
#314=FACE_OUTER_BOUND('',#495,.T.);
#315=EDGE_LOOP('',(#1646,#1647,#1648,#1649));
#316=EDGE_LOOP('',(#1650,#1651,#1652,#1653));
#317=EDGE_LOOP('',(#1654,#1655,#1656,#1657));
#318=EDGE_LOOP('',(#1658,#1659,#1660,#1661));
#319=EDGE_LOOP('',(#1662,#1663,#1664,#1665));
#320=EDGE_LOOP('',(#1666,#1667,#1668,#1669));
#321=EDGE_LOOP('',(#1670,#1671,#1672,#1673));
#322=EDGE_LOOP('',(#1674,#1675,#1676,#1677));
#323=EDGE_LOOP('',(#1678,#1679,#1680,#1681));
#324=EDGE_LOOP('',(#1682,#1683,#1684,#1685));
#325=EDGE_LOOP('',(#1686,#1687,#1688,#1689));
#326=EDGE_LOOP('',(#1690,#1691,#1692,#1693));
#327=EDGE_LOOP('',(#1694,#1695,#1696,#1697));
#328=EDGE_LOOP('',(#1698,#1699,#1700,#1701));
#329=EDGE_LOOP('',(#1702,#1703,#1704,#1705));
#330=EDGE_LOOP('',(#1706,#1707,#1708,#1709));
#331=EDGE_LOOP('',(#1710,#1711,#1712,#1713));
#332=EDGE_LOOP('',(#1714,#1715,#1716,#1717,#1718,#1719));
#333=EDGE_LOOP('',(#1720,#1721,#1722,#1723));
#334=EDGE_LOOP('',(#1724,#1725,#1726,#1727));
#335=EDGE_LOOP('',(#1728,#1729,#1730,#1731));
#336=EDGE_LOOP('',(#1732,#1733,#1734,#1735));
#337=EDGE_LOOP('',(#1736,#1737,#1738,#1739));
#338=EDGE_LOOP('',(#1740,#1741,#1742,#1743));
#339=EDGE_LOOP('',(#1744,#1745,#1746,#1747));
#340=EDGE_LOOP('',(#1748,#1749,#1750,#1751));
#341=EDGE_LOOP('',(#1752,#1753,#1754,#1755));
#342=EDGE_LOOP('',(#1756,#1757,#1758,#1759,#1760,#1761,#1762));
#343=EDGE_LOOP('',(#1763,#1764,#1765,#1766,#1767));
#344=EDGE_LOOP('',(#1768,#1769,#1770,#1771,#1772,#1773,#1774,#1775,#1776));
#345=EDGE_LOOP('',(#1777,#1778,#1779,#1780));
#346=EDGE_LOOP('',(#1781,#1782,#1783,#1784,#1785,#1786,#1787,#1788));
#347=EDGE_LOOP('',(#1789));
#348=EDGE_LOOP('',(#1790));
#349=EDGE_LOOP('',(#1791,#1792,#1793,#1794,#1795,#1796,#1797));
#350=EDGE_LOOP('',(#1798,#1799,#1800,#1801));
#351=EDGE_LOOP('',(#1802,#1803,#1804,#1805,#1806,#1807,#1808,#1809,#1810,
#1811,#1812,#1813,#1814,#1815,#1816,#1817,#1818,#1819));
#352=EDGE_LOOP('',(#1820));
#353=EDGE_LOOP('',(#1821));
#354=EDGE_LOOP('',(#1822));
#355=EDGE_LOOP('',(#1823));
#356=EDGE_LOOP('',(#1824));
#357=EDGE_LOOP('',(#1825));
#358=EDGE_LOOP('',(#1826,#1827,#1828,#1829,#1830,#1831));
#359=EDGE_LOOP('',(#1832,#1833,#1834,#1835,#1836));
#360=EDGE_LOOP('',(#1837,#1838,#1839,#1840,#1841));
#361=EDGE_LOOP('',(#1842,#1843,#1844,#1845));
#362=EDGE_LOOP('',(#1846,#1847,#1848,#1849));
#363=EDGE_LOOP('',(#1850,#1851,#1852,#1853,#1854,#1855,#1856,#1857,#1858,
#1859));
#364=EDGE_LOOP('',(#1860,#1861,#1862,#1863,#1864,#1865,#1866,#1867,#1868,
#1869,#1870));
#365=EDGE_LOOP('',(#1871,#1872,#1873,#1874));
#366=EDGE_LOOP('',(#1875,#1876,#1877,#1878,#1879));
#367=EDGE_LOOP('',(#1880,#1881,#1882,#1883));
#368=EDGE_LOOP('',(#1884,#1885,#1886,#1887,#1888));
#369=EDGE_LOOP('',(#1889,#1890,#1891,#1892,#1893,#1894,#1895,#1896));
#370=EDGE_LOOP('',(#1897,#1898,#1899,#1900));
#371=EDGE_LOOP('',(#1901,#1902,#1903,#1904,#1905,#1906,#1907,#1908,#1909,
#1910));
#372=EDGE_LOOP('',(#1911,#1912,#1913,#1914));
#373=EDGE_LOOP('',(#1915,#1916,#1917,#1918,#1919,#1920,#1921,#1922,#1923,
#1924,#1925));
#374=EDGE_LOOP('',(#1926,#1927,#1928,#1929,#1930,#1931,#1932,#1933,#1934));
#375=EDGE_LOOP('',(#1935,#1936,#1937,#1938));
#376=EDGE_LOOP('',(#1939,#1940,#1941,#1942));
#377=EDGE_LOOP('',(#1943,#1944,#1945,#1946));
#378=EDGE_LOOP('',(#1947,#1948,#1949,#1950));
#379=EDGE_LOOP('',(#1951,#1952,#1953,#1954));
#380=EDGE_LOOP('',(#1955,#1956,#1957,#1958,#1959,#1960));
#381=EDGE_LOOP('',(#1961,#1962));
#382=EDGE_LOOP('',(#1963,#1964));
#383=EDGE_LOOP('',(#1965,#1966,#1967,#1968,#1969,#1970,#1971,#1972,#1973,
#1974,#1975,#1976,#1977,#1978,#1979,#1980,#1981,#1982,#1983,#1984,#1985,
#1986,#1987));
#384=EDGE_LOOP('',(#1988,#1989,#1990,#1991,#1992,#1993));
#385=EDGE_LOOP('',(#1994,#1995,#1996,#1997,#1998,#1999));
#386=EDGE_LOOP('',(#2000,#2001,#2002,#2003,#2004,#2005));
#387=EDGE_LOOP('',(#2006,#2007,#2008,#2009,#2010,#2011));
#388=EDGE_LOOP('',(#2012,#2013,#2014,#2015,#2016,#2017,#2018));
#389=EDGE_LOOP('',(#2019,#2020,#2021,#2022));
#390=EDGE_LOOP('',(#2023,#2024,#2025));
#391=EDGE_LOOP('',(#2026,#2027,#2028));
#392=EDGE_LOOP('',(#2029,#2030,#2031,#2032,#2033,#2034));
#393=EDGE_LOOP('',(#2035));
#394=EDGE_LOOP('',(#2036,#2037,#2038,#2039));
#395=EDGE_LOOP('',(#2040,#2041,#2042,#2043));
#396=EDGE_LOOP('',(#2044,#2045,#2046,#2047));
#397=EDGE_LOOP('',(#2048,#2049,#2050,#2051));
#398=EDGE_LOOP('',(#2052,#2053,#2054,#2055));
#399=EDGE_LOOP('',(#2056,#2057,#2058,#2059));
#400=EDGE_LOOP('',(#2060,#2061,#2062,#2063,#2064,#2065));
#401=EDGE_LOOP('',(#2066));
#402=EDGE_LOOP('',(#2067,#2068,#2069,#2070));
#403=EDGE_LOOP('',(#2071,#2072,#2073,#2074));
#404=EDGE_LOOP('',(#2075,#2076,#2077,#2078));
#405=EDGE_LOOP('',(#2079,#2080,#2081,#2082));
#406=EDGE_LOOP('',(#2083,#2084,#2085,#2086));
#407=EDGE_LOOP('',(#2087,#2088,#2089,#2090));
#408=EDGE_LOOP('',(#2091,#2092,#2093,#2094,#2095,#2096));
#409=EDGE_LOOP('',(#2097));
#410=EDGE_LOOP('',(#2098,#2099,#2100,#2101));
#411=EDGE_LOOP('',(#2102,#2103,#2104,#2105,#2106));
#412=EDGE_LOOP('',(#2107,#2108,#2109,#2110,#2111));
#413=EDGE_LOOP('',(#2112,#2113,#2114,#2115,#2116));
#414=EDGE_LOOP('',(#2117,#2118,#2119,#2120,#2121));
#415=EDGE_LOOP('',(#2122,#2123,#2124,#2125));
#416=EDGE_LOOP('',(#2126,#2127,#2128,#2129,#2130,#2131));
#417=EDGE_LOOP('',(#2132));
#418=EDGE_LOOP('',(#2133,#2134,#2135,#2136));
#419=EDGE_LOOP('',(#2137,#2138,#2139,#2140));
#420=EDGE_LOOP('',(#2141,#2142,#2143,#2144));
#421=EDGE_LOOP('',(#2145,#2146,#2147,#2148));
#422=EDGE_LOOP('',(#2149,#2150,#2151,#2152));
#423=EDGE_LOOP('',(#2153,#2154,#2155,#2156));
#424=EDGE_LOOP('',(#2157,#2158,#2159,#2160));
#425=EDGE_LOOP('',(#2161,#2162,#2163,#2164));
#426=EDGE_LOOP('',(#2165,#2166,#2167,#2168));
#427=EDGE_LOOP('',(#2169,#2170,#2171,#2172));
#428=EDGE_LOOP('',(#2173,#2174,#2175,#2176));
#429=EDGE_LOOP('',(#2177,#2178,#2179,#2180));
#430=EDGE_LOOP('',(#2181,#2182,#2183,#2184,#2185,#2186));
#431=EDGE_LOOP('',(#2187));
#432=EDGE_LOOP('',(#2188));
#433=EDGE_LOOP('',(#2189));
#434=EDGE_LOOP('',(#2190));
#435=EDGE_LOOP('',(#2191));
#436=EDGE_LOOP('',(#2192));
#437=EDGE_LOOP('',(#2193));
#438=EDGE_LOOP('',(#2194,#2195,#2196,#2197));
#439=EDGE_LOOP('',(#2198,#2199,#2200,#2201,#2202));
#440=EDGE_LOOP('',(#2203,#2204,#2205,#2206,#2207,#2208));
#441=EDGE_LOOP('',(#2209,#2210,#2211,#2212));
#442=EDGE_LOOP('',(#2213,#2214,#2215,#2216));
#443=EDGE_LOOP('',(#2217,#2218,#2219));
#444=EDGE_LOOP('',(#2220,#2221,#2222,#2223,#2224,#2225,#2226));
#445=EDGE_LOOP('',(#2227,#2228,#2229,#2230,#2231));
#446=EDGE_LOOP('',(#2232,#2233,#2234,#2235,#2236));
#447=EDGE_LOOP('',(#2237,#2238,#2239,#2240,#2241,#2242));
#448=EDGE_LOOP('',(#2243,#2244,#2245,#2246,#2247));
#449=EDGE_LOOP('',(#2248,#2249,#2250));
#450=EDGE_LOOP('',(#2251));
#451=EDGE_LOOP('',(#2252));
#452=EDGE_LOOP('',(#2253));
#453=EDGE_LOOP('',(#2254));
#454=EDGE_LOOP('',(#2255));
#455=EDGE_LOOP('',(#2256));
#456=EDGE_LOOP('',(#2257,#2258,#2259));
#457=EDGE_LOOP('',(#2260,#2261,#2262));
#458=EDGE_LOOP('',(#2263,#2264,#2265,#2266));
#459=EDGE_LOOP('',(#2267,#2268,#2269,#2270));
#460=EDGE_LOOP('',(#2271,#2272,#2273,#2274));
#461=EDGE_LOOP('',(#2275));
#462=EDGE_LOOP('',(#2276));
#463=EDGE_LOOP('',(#2277));
#464=EDGE_LOOP('',(#2278));
#465=EDGE_LOOP('',(#2279,#2280,#2281,#2282));
#466=EDGE_LOOP('',(#2283,#2284,#2285,#2286));
#467=EDGE_LOOP('',(#2287,#2288,#2289,#2290));
#468=EDGE_LOOP('',(#2291,#2292,#2293,#2294));
#469=EDGE_LOOP('',(#2295,#2296,#2297,#2298));
#470=EDGE_LOOP('',(#2299,#2300,#2301,#2302));
#471=EDGE_LOOP('',(#2303,#2304,#2305,#2306));
#472=EDGE_LOOP('',(#2307,#2308,#2309,#2310));
#473=EDGE_LOOP('',(#2311,#2312,#2313,#2314));
#474=EDGE_LOOP('',(#2315,#2316,#2317,#2318));
#475=EDGE_LOOP('',(#2319,#2320,#2321,#2322));
#476=EDGE_LOOP('',(#2323,#2324,#2325));
#477=EDGE_LOOP('',(#2326,#2327,#2328,#2329));
#478=EDGE_LOOP('',(#2330,#2331,#2332,#2333));
#479=EDGE_LOOP('',(#2334,#2335,#2336,#2337));
#480=EDGE_LOOP('',(#2338,#2339,#2340,#2341));
#481=EDGE_LOOP('',(#2342,#2343,#2344,#2345));
#482=EDGE_LOOP('',(#2346,#2347,#2348,#2349));
#483=EDGE_LOOP('',(#2350,#2351,#2352,#2353));
#484=EDGE_LOOP('',(#2354,#2355,#2356,#2357));
#485=EDGE_LOOP('',(#2358,#2359,#2360,#2361));
#486=EDGE_LOOP('',(#2362,#2363,#2364,#2365));
#487=EDGE_LOOP('',(#2366,#2367,#2368,#2369));
#488=EDGE_LOOP('',(#2370,#2371,#2372,#2373));
#489=EDGE_LOOP('',(#2374,#2375,#2376,#2377));
#490=EDGE_LOOP('',(#2378,#2379,#2380,#2381));
#491=EDGE_LOOP('',(#2382,#2383,#2384,#2385));
#492=EDGE_LOOP('',(#2386,#2387,#2388,#2389));
#493=EDGE_LOOP('',(#2390,#2391,#2392,#2393,#2394));
#494=EDGE_LOOP('',(#2395,#2396,#2397,#2398));
#495=EDGE_LOOP('',(#2399,#2400,#2401,#2402,#2403));
#496=B_SPLINE_CURVE_WITH_KNOTS('',3,(#3640,#3641,#3642,#3643,#3644,#3645,
#3646,#3647,#3648,#3649,#3650,#3651,#3652,#3653),.UNSPECIFIED.,.F.,.F.,
(4,2,2,2,2,2,4),(-0.000546422187948744,0.,0.0319189179870387,0.0630010094810021,
0.105296365563136,0.141158099319463,0.174346773625556),.UNSPECIFIED.);
#497=B_SPLINE_CURVE_WITH_KNOTS('',3,(#3662,#3663,#3664,#3665,#3666,#3667,
#3668,#3669,#3670,#3671,#3672,#3673,#3674,#3675),.UNSPECIFIED.,.F.,.F.,
(4,2,2,2,2,2,4),(-0.349239969439041,-0.348693547252922,-0.316774629265424,
-0.28569253777103,-0.243397181688795,-0.207535447932526,-0.174346773626514),
 .UNSPECIFIED.);
#498=B_SPLINE_CURVE_WITH_KNOTS('',3,(#3767,#3768,#3769,#3770,#3771,#3772,
#3773,#3774,#3775,#3776),.UNSPECIFIED.,.F.,.F.,(4,2,2,2,4),(-0.627821355255721,
-0.591903343798232,-0.554328348140665,-0.514401119999666,-0.471884891080726),
 .UNSPECIFIED.);
#499=B_SPLINE_CURVE_WITH_KNOTS('',3,(#3822,#3823,#3824,#3825,#3826,#3827,
#3828),.UNSPECIFIED.,.F.,.F.,(4,3,4),(0.,6.51894343229766E-5,7.15214967918738E-5),
 .UNSPECIFIED.);
#500=B_SPLINE_CURVE_WITH_KNOTS('',3,(#3830,#3831,#3832,#3833,#3834,#3835,
#3836,#3837,#3838,#3839),.UNSPECIFIED.,.F.,.F.,(4,2,2,2,4),(0.,0.000843126026104883,
0.00126468903915733,0.00147547054568355,0.00168625205220977),
 .UNSPECIFIED.);
#501=B_SPLINE_CURVE_WITH_KNOTS('',3,(#3841,#3842,#3843,#3844,#3845,#3846,
#3847,#3848,#3849,#3850,#3851,#3852,#3853,#3854,#3855,#3856,#3857,#3858,
#3859,#3860,#3861,#3862,#3863,#3864,#3865,#3866,#3867,#3868),
 .UNSPECIFIED.,.F.,.F.,(4,3,3,3,3,3,3,3,3,4),(6.73603451072174E-5,0.000292110082995579,
0.000506128269729067,0.000707537510223411,0.000824860131257639,0.000846169400181812,
0.00109206960766772,0.00132809177161607,0.00154920612041473,0.00162497904339254),
 .UNSPECIFIED.);
#502=B_SPLINE_CURVE_WITH_KNOTS('',3,(#3875,#3876,#3877,#3878,#3879,#3880,
#3881,#3882,#3883,#3884,#3885,#3886),.UNSPECIFIED.,.F.,.F.,(4,2,2,2,2,4),
(0.,0.000648616330075484,0.00129723266015097,0.00259446532030195,0.00389169798045293,
0.00518893064060391),.UNSPECIFIED.);
#503=B_SPLINE_CURVE_WITH_KNOTS('',3,(#3891,#3892,#3893,#3894),
 .UNSPECIFIED.,.F.,.F.,(4,4),(0.,9.73843329112179E-5),.UNSPECIFIED.);
#504=B_SPLINE_CURVE_WITH_KNOTS('',3,(#3896,#3897,#3898,#3899,#3900,#3901,
#3902,#3903,#3904,#3905,#3906,#3907,#3908,#3909,#3910,#3911,#3912,#3913,
#3914),.UNSPECIFIED.,.F.,.F.,(4,3,3,3,3,3,4),(0.,0.0012429468843395,0.00124311508040369,
0.00186453599407436,0.00186467262060553,0.00239168512556711,0.00248623016080738),
 .UNSPECIFIED.);
#505=B_SPLINE_CURVE_WITH_KNOTS('',3,(#3916,#3917,#3918,#3919,#3920,#3921,
#3922),.UNSPECIFIED.,.F.,.F.,(4,3,4),(0.,0.000947966428010353,0.00189590488009503),
 .UNSPECIFIED.);
#506=B_SPLINE_CURVE_WITH_KNOTS('',3,(#3926,#3927,#3928,#3929,#3930,#3931,
#3932),.UNSPECIFIED.,.F.,.F.,(4,3,4),(0.,0.000947938452084652,0.00189590488009502),
 .UNSPECIFIED.);
#507=B_SPLINE_CURVE_WITH_KNOTS('',3,(#3933,#3934,#3935,#3936,#3937,#3938,
#3939,#3940,#3941,#3942,#3943,#3944,#3945,#3946,#3947,#3948),
 .UNSPECIFIED.,.F.,.F.,(4,3,3,3,3,4),(0.,0.00040001116482325,0.000443058599623123,
0.000883501527952092,0.000885091567724488,0.00176700305590418),
 .UNSPECIFIED.);
#508=B_SPLINE_CURVE_WITH_KNOTS('',3,(#3952,#3953,#3954,#3955,#3956,#3957,
#3958,#3959,#3960,#3961,#3962,#3963),.UNSPECIFIED.,.F.,.F.,(4,2,2,2,2,4),
(0.,0.00132204861557718,0.00264409723115436,0.00396614584673154,0.00462717015452013,
0.00528819446230872),.UNSPECIFIED.);
#509=B_SPLINE_CURVE_WITH_KNOTS('',3,(#3983,#3984,#3985,#3986,#3987,#3988,
#3989,#3990,#3991,#3992,#3993,#3994,#3995,#3996,#3997,#3998,#3999,#4000,
#4001,#4002,#4003,#4004),.UNSPECIFIED.,.F.,.F.,(4,3,3,3,3,3,3,4),(0.,0.000296641922324138,
0.000587167739968194,0.000684964464262326,0.000689633251197209,0.000939682297398279,
0.00123529211005007,0.00137926650239442),.UNSPECIFIED.);
#510=B_SPLINE_CURVE_WITH_KNOTS('',3,(#4006,#4007,#4008,#4009,#4010,#4011,
#4012,#4013,#4014,#4015,#4016,#4017,#4018,#4019,#4020,#4021,#4022,#4023,
#4024,#4025,#4026,#4027,#4028,#4029,#4030,#4031,#4032,#4033,#4034,#4035,
#4036),.UNSPECIFIED.,.F.,.F.,(4,3,3,3,3,3,3,3,3,3,4),(0.,7.13267080218128E-5,
0.000142236231888515,0.000280315802160702,0.000283174333835544,0.000509149767195301,
0.000560631604321405,0.000562754688251581,0.000799072329802509,0.00103603486098179,
0.00112126320864283),.UNSPECIFIED.);
#511=B_SPLINE_CURVE_WITH_KNOTS('',3,(#4037,#4038,#4039,#4040),
 .UNSPECIFIED.,.F.,.F.,(4,4),(0.,6.85432779377357E-5),.UNSPECIFIED.);
#512=B_SPLINE_CURVE_WITH_KNOTS('',3,(#4063,#4064,#4065,#4066,#4067,#4068,
#4069,#4070,#4071,#4072),.UNSPECIFIED.,.F.,.F.,(4,2,2,2,4),(0.471884891078525,
0.514401119997037,0.554328348137818,0.591903343795346,0.627821355252914),
 .UNSPECIFIED.);
#513=B_SPLINE_CURVE_WITH_KNOTS('',3,(#4079,#4080,#4081,#4082,#4083,#4084,
#4085,#4086,#4087,#4088,#4089,#4090,#4091,#4092,#4093,#4094,#4095,#4096,
#4097,#4098,#4099,#4100,#4101,#4102,#4103,#4104,#4105,#4106,#4107,#4108,
#4109,#4110,#4111,#4112,#4113,#4114,#4115,#4116,#4117,#4118,#4119,#4120,
#4121,#4122,#4123,#4124,#4125,#4126,#4127,#4128,#4129,#4130,#4131,#4132,
#4133,#4134,#4135,#4136,#4137,#4138,#4139,#4140,#4141,#4142,#4143,#4144,
#4145,#4146,#4147,#4148),.UNSPECIFIED.,.F.,.F.,(4,3,3,3,3,3,3,3,3,3,3,3,
3,3,3,3,3,3,3,3,3,3,3,4),(9.71391964803975E-5,0.0471485543058878,0.0952357652282526,
0.106241029492112,0.163662554966897,0.213669372931841,0.277528263401893,
0.33469465769634,0.384734096624776,0.413363317682462,0.461374971370139,
0.472099602184777,0.520212848538409,0.529441034320613,0.579441518268034,
0.602432055984553,0.658203207197543,0.719041001873117,0.783656934417774,
0.837927800673514,0.88702483416077,0.934554447820506,0.95317577844403,0.958218787243028),
 .UNSPECIFIED.);
#514=B_SPLINE_CURVE_WITH_KNOTS('',3,(#4149,#4150,#4151,#4152,#4153,#4154,
#4155,#4156,#4157,#4158,#4159,#4160,#4161,#4162,#4163,#4164,#4165,#4166,
#4167,#4168,#4169,#4170,#4171,#4172,#4173,#4174,#4175,#4176,#4177,#4178,
#4179,#4180,#4181,#4182,#4183,#4184,#4185,#4186,#4187,#4188,#4189,#4190,
#4191,#4192,#4193,#4194,#4195,#4196,#4197,#4198,#4199,#4200,#4201,#4202,
#4203,#4204,#4205,#4206,#4207,#4208,#4209,#4210,#4211,#4212,#4213,#4214,
#4215,#4216,#4217,#4218),.UNSPECIFIED.,.F.,.F.,(4,3,3,3,3,3,3,3,3,3,3,3,
3,3,3,3,3,3,3,3,3,3,3,4),(-0.958107624117361,-0.910941618082236,-0.862643817029539,
-0.85272379653079,-0.79707833415089,-0.743988520633321,-0.680046656893862,
-0.620178138074669,-0.569422349390926,-0.541341349945361,-0.49304850642291,
-0.48254958486126,-0.434630157942112,-0.425246376832344,-0.375904758474076,
-0.352402885842939,-0.297007396240225,-0.235879298063217,-0.174295351502998,
-0.117979341892021,-0.0694205229488142,-0.0221307219229754,0.,9.71391964803975E-5),
 .UNSPECIFIED.);
#515=B_SPLINE_CURVE_WITH_KNOTS('',3,(#4225,#4226,#4227,#4228,#4229,#4230,
#4231,#4232,#4233,#4234,#4235,#4236,#4237,#4238,#4239,#4240,#4241,#4242,
#4243,#4244,#4245,#4246,#4247,#4248,#4249,#4250,#4251,#4252,#4253,#4254,
#4255,#4256,#4257,#4258,#4259,#4260,#4261,#4262,#4263,#4264,#4265,#4266,
#4267,#4268,#4269,#4270,#4271,#4272,#4273,#4274,#4275,#4276,#4277,#4278,
#4279,#4280,#4281,#4282,#4283,#4284,#4285,#4286,#4287,#4288,#4289,#4290,
#4291,#4292,#4293,#4294,#4295,#4296,#4297),.UNSPECIFIED.,.F.,.F.,(4,3,3,
3,3,3,3,3,3,3,3,3,3,3,3,3,3,3,3,3,3,3,3,3,4),(-9.69143929230681E-5,0.,0.0471259938654017,
0.0954198961262404,0.103858308077058,0.159258524010476,0.212588138422392,
0.276914660346403,0.336343520306514,0.387152258965746,0.415634655674947,
0.463933032980286,0.474542250051166,0.522447673310271,0.531753076460597,
0.581042826110112,0.604208002543478,0.659379032299681,0.71967273589692,
0.781923089506897,0.8375553745504,0.886219529525348,0.933557652920921,0.955649192646503,
0.957838682830097),.UNSPECIFIED.);
#516=B_SPLINE_CURVE_WITH_KNOTS('',3,(#4298,#4299,#4300,#4301,#4302,#4303,
#4304,#4305,#4306,#4307,#4308,#4309,#4310,#4311,#4312,#4313,#4314,#4315,
#4316,#4317,#4318,#4319,#4320,#4321,#4322,#4323,#4324,#4325,#4326,#4327,
#4328,#4329,#4330,#4331,#4332,#4333,#4334,#4335,#4336,#4337,#4338,#4339,
#4340,#4341,#4342,#4343,#4344,#4345,#4346,#4347,#4348,#4349,#4350,#4351,
#4352,#4353,#4354,#4355,#4356,#4357,#4358,#4359,#4360,#4361,#4362,#4363,
#4364),.UNSPECIFIED.,.F.,.F.,(4,3,3,3,3,3,3,3,3,3,3,3,3,3,3,3,3,3,3,3,3,
3,4),(-0.958071920798118,-0.910990834124616,-0.862840406395228,-0.848496426478236,
-0.79336653663317,-0.741209024880279,-0.678403260964726,-0.6201806385344,
-0.570294862436834,-0.542666516247554,-0.494686558555513,-0.484244179493273,
-0.436113890984649,-0.426698501420298,-0.376589137487843,-0.352763858430258,
-0.296508038740519,-0.233549820468206,-0.170826073952076,-0.114878118412878,
-0.0661168258251291,-0.01875994766954,-9.69143929230681E-5),
 .UNSPECIFIED.);
#517=B_SPLINE_CURVE_WITH_KNOTS('',3,(#4381,#4382,#4383,#4384,#4385,#4386,
#4387,#4388,#4389,#4390),.UNSPECIFIED.,.F.,.F.,(4,2,2,2,4),(0.177238780048603,
0.234706188232491,0.317366888521016,0.354477560097228,0.355788097653665),
 .UNSPECIFIED.);
#518=B_SPLINE_CURVE_WITH_KNOTS('',3,(#4396,#4397,#4398,#4399,#4400,#4401,
#4402,#4403,#4404),.UNSPECIFIED.,.F.,.F.,(4,2,3,4),(1.82196804977817,1.8575031158094,
1.94201916642462,2.00000880951633),.UNSPECIFIED.);
#519=B_SPLINE_CURVE_WITH_KNOTS('',3,(#4407,#4408,#4409,#4410,#4411,#4412,
#4413,#4414,#4415,#4416),.UNSPECIFIED.,.F.,.F.,(4,2,2,2,4),(-0.00131053755643641,
0.,0.0371106715761966,0.119771371864714,0.177238780048603),
 .UNSPECIFIED.);
#520=B_SPLINE_CURVE_WITH_KNOTS('',3,(#4428,#4429,#4430,#4431,#4432,#4433,
#4434,#4435,#4436),.UNSPECIFIED.,.F.,.F.,(4,3,2,4),(1.88181871686073,1.93980835995245,
2.02432441056766,2.0598594765989),.UNSPECIFIED.);
#521=B_SPLINE_CURVE_WITH_KNOTS('',3,(#4469,#4470,#4471,#4472,#4473,#4474,
#4475,#4476,#4477,#4478,#4479,#4480,#4481,#4482,#4483,#4484,#4485,#4486),
 .UNSPECIFIED.,.F.,.F.,(4,2,2,2,2,2,2,2,4),(-0.3557880976533,-0.354477560096865,
-0.317366888520668,-0.234706188232235,-0.17723878004842,-0.119771371864605,
-0.0371106715761945,0.,0.00131053755643421),.UNSPECIFIED.);
#522=B_SPLINE_CURVE_WITH_KNOTS('',3,(#4490,#4491,#4492,#4493,#4494,#4495,
#4496,#4497,#4498,#4499,#4500,#4501,#4502,#4503,#4504,#4505,#4506,#4507,
#4508,#4509,#4510,#4511,#4512,#4513,#4514,#4515,#4516,#4517),
 .UNSPECIFIED.,.F.,.F.,(4,3,3,3,3,3,3,3,3,4),(0.,0.000252011943615284,0.000506883353348293,
0.000766143712394117,0.000820206880820379,0.000863550845642231,0.00111814702732142,
0.00138003749379234,0.00165352624257702,0.00172710169128446),
 .UNSPECIFIED.);
#523=B_SPLINE_CURVE_WITH_KNOTS('',3,(#4531,#4532,#4533,#4534,#4535,#4536,
#4537,#4538,#4539,#4540,#4541,#4542,#4543,#4544,#4545,#4546,#4547,#4548,
#4549,#4550,#4551,#4552,#4553,#4554,#4555,#4556,#4557,#4558,#4559,#4560,
#4561,#4562,#4563,#4564,#4565,#4566,#4567,#4568,#4569,#4570,#4571,#4572,
#4573,#4574,#4575,#4576,#4577,#4578,#4579,#4580,#4581,#4582,#4583,#4584,
#4585,#4586,#4587,#4588,#4589,#4590,#4591,#4592,#4593,#4594,#4595,#4596,
#4597,#4598,#4599,#4600,#4601,#4602,#4603,#4604,#4605,#4606,#4607,#4608,
#4609,#4610,#4611,#4612,#4613,#4614,#4615,#4616,#4617,#4618,#4619,#4620,
#4621,#4622,#4623,#4624,#4625,#4626,#4627,#4628,#4629,#4630,#4631,#4632,
#4633,#4634,#4635,#4636,#4637,#4638,#4639,#4640,#4641,#4642,#4643,#4644,
#4645,#4646,#4647,#4648,#4649,#4650,#4651,#4652,#4653,#4654,#4655,#4656,
#4657,#4658,#4659,#4660,#4661,#4662,#4663,#4664,#4665,#4666,#4667,#4668,
#4669,#4670,#4671,#4672,#4673,#4674,#4675,#4676,#4677,#4678,#4679,#4680,
#4681,#4682,#4683,#4684,#4685,#4686,#4687,#4688,#4689,#4690,#4691,#4692,
#4693,#4694,#4695,#4696,#4697,#4698,#4699),.UNSPECIFIED.,.F.,.F.,(4,3,3,
3,3,3,3,3,3,3,3,3,3,3,3,3,3,3,3,3,3,3,3,3,3,3,3,3,3,3,3,3,3,3,3,3,3,3,3,
3,3,3,3,3,3,3,3,3,3,3,3,3,3,3,3,3,4),(0.,0.000126468458064832,0.000259566981979282,
0.000360975349207951,0.000495970715934192,0.000642943116836759,0.000679840248949722,
0.000721950698415902,0.000915705208544743,0.00111706073678551,0.00133169870612066,
0.00139742685707387,0.0014439013968318,0.00168131416431556,0.00193827467807997,
0.00214147136173578,0.0021658520952477,0.00235029204858892,0.00251808104962915,
0.00252682744445565,0.00264616522937292,0.00270531105577589,0.00270731511905962,
0.00274864848453076,0.00278245740467241,0.00279604344314261,0.00279755895636161,
0.00284033062674965,0.00288214500645106,0.0028878027936636,0.00292857339411436,
0.00296041850766983,0.00296934399456511,0.00297804663096559,0.00304166283026495,
0.00306126149239606,0.00306829046826758,0.00317305899661907,0.00324877814287157,
0.00324927257235084,0.0035116452074779,0.00360975349207954,0.00362702034812654,
0.0038950574740949,0.0041407312440069,0.00433170419049548,0.00437292803702512,
0.00458517802083188,0.00478789300743056,0.00497924687144917,0.00505365488891143,
0.00509207313342863,0.00531417555861268,0.0054146302381194,0.00555204757498507,
0.00567505489463688,0.00577560558732738),.UNSPECIFIED.);
#524=B_SPLINE_CURVE_WITH_KNOTS('',3,(#4704,#4705,#4706,#4707,#4708,#4709,
#4710,#4711,#4712,#4713),.UNSPECIFIED.,.F.,.F.,(4,2,2,2,4),(0.,0.000572768418966964,
0.00114553683793393,0.00171830525690089,0.00229107367586786),
 .UNSPECIFIED.);
#525=B_SPLINE_CURVE_WITH_KNOTS('',3,(#4715,#4716,#4717,#4718,#4719,#4720,
#4721,#4722,#4723,#4724,#4725,#4726,#4727),.UNSPECIFIED.,.F.,.F.,(4,2,2,
1,2,2,4),(0.,0.00106062918723161,0.00159094378084743,0.00212125837446325,
0.00265157296807906,0.00318188756169488,0.0042425167489265),
 .UNSPECIFIED.);
#526=B_SPLINE_CURVE_WITH_KNOTS('',3,(#4728,#4729,#4730,#4731,#4732,#4733,
#4734,#4735,#4736,#4737,#4738,#4739,#4740,#4741,#4742,#4743,#4744,#4745,
#4746,#4747,#4748,#4749),.UNSPECIFIED.,.F.,.F.,(4,3,3,3,3,3,3,4),(0.,0.000273329003175561,
0.000578016811525828,0.000628071657729874,0.000628074794150274,0.000901585752704552,
0.0011117570407394,0.00125614958830055),.UNSPECIFIED.);
#527=B_SPLINE_CURVE_WITH_KNOTS('',3,(#4761,#4762,#4763,#4764,#4765,#4766,
#4767,#4768,#4769,#4770,#4771,#4772,#4773,#4774,#4775,#4776,#4777,#4778,
#4779,#4780,#4781,#4782,#4783,#4784,#4785,#4786,#4787,#4788,#4789,#4790,
#4791,#4792,#4793,#4794,#4795,#4796,#4797,#4798,#4799,#4800,#4801,#4802,
#4803,#4804,#4805,#4806,#4807,#4808,#4809,#4810,#4811,#4812,#4813,#4814,
#4815),.UNSPECIFIED.,.F.,.F.,(4,3,3,3,3,3,3,3,3,3,3,3,3,3,3,3,3,3,4),(0.,
0.000125656436706045,0.000258095019933378,0.000366247488069209,0.000503165550604037,
0.000652293560025561,0.000686621616786807,0.000732494976138417,0.000927068750740537,
0.00112942008364046,0.00134534958629537,0.00141185526674732,0.00146498995227683,
0.00171734673791648,0.00199220049882369,0.00216432474167306,0.00219748492841525,
0.00267993496836689,0.00292997990455367),.UNSPECIFIED.);
#528=B_SPLINE_CURVE_WITH_KNOTS('',3,(#4817,#4818,#4819,#4820,#4821,#4822,
#4823,#4824,#4825,#4826,#4827,#4828,#4829,#4830,#4831,#4832,#4833,#4834,
#4835,#4836,#4837,#4838,#4839,#4840,#4841,#4842,#4843,#4844,#4845,#4846,
#4847,#4848,#4849,#4850,#4851,#4852,#4853,#4854,#4855,#4856,#4857,#4858,
#4859,#4860,#4861,#4862,#4863,#4864,#4865,#4866,#4867,#4868,#4869,#4870,
#4871),.UNSPECIFIED.,.F.,.F.,(4,3,3,3,3,3,3,3,3,3,3,3,3,3,3,3,3,3,4),(-9.39546547031435E-6,
0.000356319661202433,0.000721339353002068,0.00075443659002627,0.00103294067188445,
0.00128698187325309,0.00145207417147445,0.00150509208632304,0.00171857830439441,
0.00192232386588068,0.00211451750736371,0.00218280898994683,0.0022285774116004,
0.00237837897934467,0.00251533189547703,0.00254817639918302,0.00268168972280907,
0.00280804932144616,0.00291354380841921),.UNSPECIFIED.);
#529=B_SPLINE_CURVE_WITH_KNOTS('',3,(#4875,#4876,#4877,#4878,#4879,#4880,
#4881,#4882,#4883,#4884),.UNSPECIFIED.,.F.,.F.,(4,3,3,4),(0.,0.000114072375553362,
0.000240719726603222,0.000296955452141878),.UNSPECIFIED.);
#530=B_SPLINE_CURVE_WITH_KNOTS('',3,(#4889,#4890,#4891,#4892,#4893,#4894,
#4895,#4896,#4897,#4898,#4899,#4900,#4901,#4902,#4903,#4904,#4905,#4906,
#4907,#4908,#4909,#4910,#4911,#4912,#4913,#4914,#4915,#4916,#4917,#4918,
#4919,#4920,#4921,#4922,#4923,#4924,#4925,#4926,#4927,#4928,#4929,#4930,
#4931,#4932,#4933,#4934,#4935,#4936,#4937,#4938,#4939,#4940,#4941,#4942,
#4943,#4944,#4945,#4946,#4947,#4948,#4949,#4950,#4951,#4952),
 .UNSPECIFIED.,.F.,.F.,(4,3,3,3,3,3,3,3,3,3,3,3,3,3,3,3,3,3,3,3,3,4),(0.000296955452141878,
0.000507424083826319,0.000694592939171625,0.000740925714750664,0.000887658850233721,
0.000962910846055056,0.00103634991625403,0.00107390341170725,0.00118489597735945,
0.00124039226018555,0.00136968935155296,0.00148083986589109,0.00156859829279401,
0.00162886623996823,0.00172627684029211,0.00173985880562043,0.00182219174767432,
0.00185085137127262,0.00190634765409871,0.00198124325119866,0.00198959207833786,
0.002072836502577),.UNSPECIFIED.);
#531=B_SPLINE_CURVE_WITH_KNOTS('',3,(#4954,#4955,#4956,#4957,#4958,#4959,
#4960,#4961,#4962,#4963,#4964,#4965,#4966,#4967),.UNSPECIFIED.,.F.,.F.,
(4,2,2,2,2,2,4),(0.,0.00115205751459628,0.00172808627189443,0.00230411502919257,
0.00288014378649071,0.00345617254378885,0.00460823005838514),
 .UNSPECIFIED.);
#532=B_SPLINE_CURVE_WITH_KNOTS('',3,(#4968,#4969,#4970,#4971,#4972,#4973,
#4974,#4975,#4976,#4977,#4978,#4979,#4980,#4981,#4982,#4983,#4984,#4985,
#4986,#4987,#4988,#4989,#4990,#4991,#4992),.UNSPECIFIED.,.F.,.F.,(4,3,3,
3,3,3,3,3,4),(0.,0.000391957162548878,0.000795229835219252,0.000856838494046659,
0.000856913234544854,0.00111666175174906,0.00128663273196994,0.00150231855577985,
0.00171367698809332),.UNSPECIFIED.);
#533=B_SPLINE_CURVE_WITH_KNOTS('',3,(#4998,#4999,#5000,#5001,#5002,#5003,
#5004,#5005,#5006,#5007,#5008,#5009,#5010,#5011,#5012,#5013,#5014,#5015),
 .UNSPECIFIED.,.F.,.F.,(4,2,2,2,2,2,2,2,4),(-0.320640319877742,-0.286394331160295,
-0.247270990805276,-0.159451433534533,-0.120213725134824,-0.0598328500956851,
-0.0291772058376312,0.,0.00168853787813695),.UNSPECIFIED.);
#534=B_SPLINE_CURVE_WITH_KNOTS('',3,(#5017,#5018,#5019,#5020,#5021,#5022,
#5023,#5024,#5025,#5026,#5027,#5028),.UNSPECIFIED.,.F.,.F.,(4,2,2,2,2,4),
(-0.322351440920557,-0.320662113196989,-0.161125391318478,-0.0733404276544306,
-0.0342324986439987,0.),.UNSPECIFIED.);
#535=B_SPLINE_CURVE_WITH_KNOTS('',3,(#5063,#5064,#5065,#5066,#5067,#5068,
#5069,#5070,#5071,#5072,#5073,#5074,#5075,#5076,#5077,#5078,#5079,#5080,
#5081,#5082,#5083,#5084,#5085,#5086,#5087,#5088,#5089,#5090,#5091,#5092,
#5093,#5094,#5095,#5096,#5097,#5098,#5099,#5100,#5101,#5102,#5103,#5104,
#5105,#5106,#5107,#5108,#5109,#5110,#5111,#5112,#5113,#5114,#5115,#5116,
#5117,#5118,#5119,#5120,#5121,#5122,#5123,#5124,#5125,#5126,#5127,#5128,
#5129),.UNSPECIFIED.,.F.,.F.,(4,3,3,3,3,3,3,3,3,3,3,3,3,3,3,3,3,3,3,3,3,
3,4),(1.75940349147367E-7,0.000230060612183808,0.000460181224367628,0.000665641552904967,
0.000920422448735268,0.00140731546155934,0.00289154933566974,0.00368186979494112,
0.00437669216064872,0.00552283469241169,0.00586188060779062,0.00690412899471593,
0.00736379958988226,0.00844352038837316,0.00882472314578799,0.00920476448735283,
0.00973982628273129,0.0101252469360881,0.0103025621662209,0.0110457293848234,
0.0117789136385621,0.0139176938940028,0.0147276591797646),.UNSPECIFIED.);
#536=B_SPLINE_CURVE_WITH_KNOTS('',2,(#5131,#5132,#5133),.UNSPECIFIED.,.F.,
 .F.,(3,3),(0.30387509049445,0.696124909508777),.UNSPECIFIED.);
#537=B_SPLINE_CURVE_WITH_KNOTS('',3,(#5135,#5136,#5137,#5138,#5139,#5140,
#5141,#5142,#5143,#5144,#5145,#5146,#5147,#5148,#5149,#5150,#5151,#5152,
#5153,#5154,#5155,#5156,#5157,#5158,#5159,#5160,#5161,#5162,#5163,#5164,
#5165,#5166,#5167,#5168,#5169,#5170,#5171,#5172,#5173,#5174,#5175,#5176,
#5177,#5178,#5179,#5180,#5181,#5182,#5183,#5184,#5185,#5186,#5187,#5188,
#5189,#5190,#5191,#5192,#5193,#5194,#5195,#5196,#5197,#5198,#5199,#5200,
#5201,#5202,#5203,#5204),.UNSPECIFIED.,.F.,.F.,(4,3,3,3,3,3,3,3,3,3,3,3,
3,3,3,3,3,3,3,3,3,3,3,4),(0.,0.0021301438667709,0.00293683845561096,0.00366706215914212,
0.00440722839513712,0.00458382769892766,0.0051167289018689,0.0055005932387132,
0.005879099876063,0.00695446060986905,0.00733412431828427,0.00837216408642555,
0.00882997840449525,0.00916765539785534,0.010309169635038,0.0110011864774264,
0.0117883154274505,0.0132665559394584,0.013751483096783,0.0140052349551791,
0.0142098658666758,0.0144390572516222,0.0146136080284001,0.0146680127010405),
 .UNSPECIFIED.);
#538=B_SPLINE_CURVE_WITH_KNOTS('',2,(#5207,#5208,#5209),.UNSPECIFIED.,.F.,
 .F.,(3,3),(0.,1.),.UNSPECIFIED.);
#539=B_SPLINE_CURVE_WITH_KNOTS('',3,(#5458,#5459,#5460,#5461,#5462,#5463,
#5464,#5465,#5466,#5467,#5468,#5469,#5470,#5471,#5472,#5473,#5474,#5475,
#5476,#5477,#5478,#5479,#5480,#5481,#5482,#5483,#5484,#5485,#5486,#5487,
#5488,#5489,#5490,#5491,#5492,#5493,#5494,#5495,#5496,#5497,#5498,#5499,
#5500,#5501,#5502,#5503,#5504,#5505,#5506,#5507,#5508,#5509,#5510,#5511,
#5512,#5513,#5514,#5515,#5516,#5517,#5518),.UNSPECIFIED.,.F.,.F.,(4,3,3,
3,3,3,3,3,3,3,3,3,3,3,3,3,3,3,3,3,4),(0.,0.000197193298036836,0.000445061812924904,
0.000639964083788829,0.000692930327812971,0.000757807471582679,0.000873393847528629,
0.000979444074488502,0.00105659976879273,0.00113086633695568,0.00113671120737402,
0.00119775618989179,0.00125758434300811,0.00130202762795292,0.00134551805594684,
0.00137200023376171,0.0014012219469265,0.00143072762404051,0.00146061266514788,
0.00149162399721022,0.00151561494316535),.UNSPECIFIED.);
#540=B_SPLINE_CURVE_WITH_KNOTS('',3,(#5521,#5522,#5523,#5524,#5525,#5526,
#5527,#5528,#5529,#5530,#5531,#5532,#5533,#5534,#5535,#5536,#5537,#5538,
#5539,#5540,#5541,#5542,#5543,#5544,#5545,#5546,#5547,#5548,#5549,#5550,
#5551,#5552,#5553,#5554),.UNSPECIFIED.,.F.,.F.,(4,3,3,3,3,3,3,3,3,3,3,4),
(0.,0.000182727743422295,0.000358634690739029,0.000534084214153565,0.000696095590208424,
0.0007095337375681,0.000770644008062713,0.000932749874831084,0.00108026919131221,
0.00122383285288874,0.00136203852394174,0.0014190674751362),
 .UNSPECIFIED.);
#541=B_SPLINE_CURVE_WITH_KNOTS('',3,(#5600,#5601,#5602,#5603,#5604,#5605,
#5606,#5607,#5608,#5609,#5610,#5611,#5612,#5613,#5614,#5615,#5616,#5617,
#5618,#5619,#5620,#5621,#5622,#5623,#5624,#5625,#5626,#5627,#5628,#5629,
#5630,#5631,#5632,#5633,#5634,#5635,#5636,#5637,#5638,#5639,#5640,#5641,
#5642,#5643,#5644,#5645,#5646,#5647,#5648,#5649,#5650,#5651,#5652,#5653,
#5654,#5655,#5656,#5657,#5658,#5659,#5660,#5661,#5662,#5663,#5664,#5665,
#5666),.UNSPECIFIED.,.F.,.F.,(4,3,3,3,3,3,3,3,3,3,3,3,3,3,3,3,3,3,3,3,3,
3,4),(0.,0.000317265514245195,0.000635634687409028,0.000954256451930783,
0.00114753958460372,0.00116087302619459,0.00135770684542468,0.00155437204166045,
0.00172130937690558,0.00204901682732078,0.00229507916920744,0.00230272478228849,
0.0024910632204572,0.00267995609098325,0.0028688489615093,0.00320566448332292,
0.00344261875381116,0.00344305829294399,0.00368059441372055,0.00391544492364742,
0.00414937603914731,0.0043828017547032,0.00459015833841487),
 .UNSPECIFIED.);
#542=B_SPLINE_CURVE_WITH_KNOTS('',3,(#5791,#5792,#5793,#5794,#5795,#5796,
#5797,#5798),.UNSPECIFIED.,.F.,.F.,(4,2,2,4),(2.08347439118328E-17,0.000683783538384733,
0.00136756707676945,0.00273513415353888),.UNSPECIFIED.);
#543=B_SPLINE_CURVE_WITH_KNOTS('',3,(#5833,#5834,#5835,#5836,#5837,#5838,
#5839,#5840,#5841,#5842,#5843,#5844,#5845,#5846,#5847,#5848,#5849,#5850,
#5851,#5852,#5853,#5854,#5855,#5856,#5857,#5858,#5859,#5860),
 .UNSPECIFIED.,.F.,.F.,(4,3,3,3,3,3,3,3,3,4),(0.,0.000271653088119579,0.000535006222274065,
0.000787741329606764,0.000863550845642238,0.000906894810464119,0.00116533877315702,
0.00142063709880618,0.00167189361738989,0.00172710169128448),
 .UNSPECIFIED.);
#544=B_SPLINE_CURVE_WITH_KNOTS('',3,(#5888,#5889,#5890,#5891,#5892,#5893,
#5894,#5895,#5896,#5897,#5898,#5899,#5900,#5901,#5902,#5903,#5904,#5905,
#5906,#5907,#5908,#5909,#5910,#5911,#5912,#5913,#5914,#5915,#5916,#5917,
#5918,#5919,#5920,#5921,#5922,#5923,#5924,#5925,#5926,#5927,#5928,#5929,
#5930),.UNSPECIFIED.,.F.,.F.,(4,3,3,3,3,3,3,3,3,3,3,3,3,3,4),(0.,0.000245795866017836,
0.000481721721437162,0.000707649715105327,0.000919205547362089,0.000983183464071342,
0.00102933237714993,0.00118856254218164,0.00134211134690368,0.00148679692933654,
0.00152310974030126,0.00164467889007581,0.00176040306125412,0.00186765610626846,
0.00196636692814268),.UNSPECIFIED.);
#545=B_SPLINE_CURVE_WITH_KNOTS('',3,(#5978,#5979,#5980,#5981,#5982,#5983,
#5984,#5985,#5986,#5987,#5988,#5989,#5990,#5991,#5992,#5993,#5994,#5995,
#5996,#5997,#5998,#5999,#6000,#6001,#6002,#6003,#6004,#6005,#6006,#6007,
#6008,#6009,#6010,#6011,#6012,#6013,#6014,#6015,#6016,#6017,#6018,#6019,
#6020,#6021,#6022,#6023,#6024,#6025,#6026,#6027,#6028,#6029,#6030,#6031,
#6032,#6033,#6034,#6035,#6036,#6037,#6038,#6039,#6040,#6041,#6042,#6043,
#6044,#6045,#6046,#6047,#6048,#6049,#6050),.UNSPECIFIED.,.F.,.F.,(4,3,3,
3,3,3,3,3,3,3,3,3,3,3,3,3,3,3,3,3,3,3,3,3,4),(0.,0.000340543137840877,0.000682970305293179,
0.00102682692168946,0.0011847753821803,0.00122549525351103,0.00145051150590029,
0.00167668971366481,0.00177716307327044,0.00217478709221883,0.00236955076436059,
0.00241952388425368,0.00264683282238969,0.00287671451546223,0.00296193845545073,
0.00321111887091935,0.00345769740945366,0.00355432614654087,0.00359333655015638,
0.00382674141692947,0.00406101910194641,0.00414671383763101,0.00440046909994909,
0.00465168949828963,0.00473910152872115),.UNSPECIFIED.);
#546=B_SPLINE_CURVE_WITH_KNOTS('',3,(#6090,#6091,#6092,#6093,#6094,#6095,
#6096,#6097,#6098,#6099,#6100,#6101,#6102,#6103,#6104,#6105,#6106,#6107,
#6108,#6109,#6110,#6111,#6112,#6113,#6114,#6115,#6116,#6117,#6118,#6119,
#6120),.UNSPECIFIED.,.F.,.F.,(4,3,3,3,3,3,3,3,3,3,4),(0.,0.00521597549279224,
0.156763349510061,0.297894967173066,0.446525627520561,0.551616640232723,
0.730348106247206,0.782387003864991,0.892417694520253,0.986663055660086,
1.),.UNSPECIFIED.);
#547=B_SPLINE_CURVE_WITH_KNOTS('',3,(#6121,#6122,#6123,#6124,#6125,#6126,
#6127,#6128,#6129,#6130,#6131,#6132,#6133,#6134,#6135,#6136,#6137,#6138,
#6139,#6140,#6141,#6142,#6143,#6144,#6145,#6146,#6147,#6148,#6149,#6150,
#6151,#6152,#6153,#6154,#6155,#6156,#6157,#6158,#6159,#6160,#6161,#6162,
#6163,#6164,#6165,#6166,#6167,#6168,#6169,#6170,#6171,#6172,#6173,#6174,
#6175,#6176,#6177,#6178,#6179,#6180,#6181,#6182,#6183,#6184,#6185,#6186,
#6187),.UNSPECIFIED.,.F.,.F.,(4,3,3,3,3,3,3,3,3,3,3,3,3,3,3,3,3,3,3,3,3,
3,4),(0.,2.07155379085886E-5,4.11043023654028E-5,5.10102020127157E-5,8.3352256531765E-5,
0.000115829366825736,0.000138943536740322,0.000183737167599053,0.000230787174546135,
0.000244544535406317,0.000288866509025099,0.000366816803109476,0.000447228522716398,
0.000489089070812634,0.000553273347620913,0.000687479243756328,0.00073363360621896,
0.00088561605181293,0.000978178141625287,0.0010351936561897,0.00135744512856808,
0.00168375200651569,0.00195635628325059),.UNSPECIFIED.);
#548=B_SPLINE_CURVE_WITH_KNOTS('',3,(#6189,#6190,#6191,#6192,#6193,#6194,
#6195,#6196,#6197,#6198,#6199,#6200,#6201,#6202,#6203,#6204,#6205,#6206,
#6207,#6208,#6209,#6210,#6211,#6212,#6213,#6214,#6215,#6216,#6217,#6218,
#6219,#6220,#6221,#6222),.UNSPECIFIED.,.F.,.F.,(4,3,3,3,3,3,3,3,3,3,3,4),
(0.,0.000132740372158142,0.000270284554991878,0.000358816682076918,0.000517736671918994,
0.000662719727065093,0.000717633364153836,0.000871835345335561,0.00103308331462552,
0.00119877656905255,0.00137155125555791,0.00143526672830769),
 .UNSPECIFIED.);
#549=B_SPLINE_CURVE_WITH_KNOTS('',3,(#6259,#6260,#6261,#6262,#6263,#6264,
#6265,#6266,#6267,#6268,#6269,#6270,#6271,#6272,#6273,#6274,#6275,#6276,
#6277,#6278,#6279,#6280,#6281,#6282),.UNSPECIFIED.,.F.,.F.,(4,2,2,2,2,2,
2,2,2,2,2,4),(-1.24488944564557,-1.23862411027052,-1.22305053274788,-1.21341895083705,
-1.20466531038151,-1.19410123591462,-1.17641635460497,-1.12644367274428,
-0.811957407361937,-0.491486428780797,-0.241238713646707,0.),
 .UNSPECIFIED.);
#550=B_SPLINE_CURVE_WITH_KNOTS('',3,(#6284,#6285,#6286,#6287,#6288,#6289,
#6290,#6291,#6292,#6293,#6294,#6295,#6296,#6297,#6298,#6299,#6300,#6301,
#6302,#6303,#6304,#6305,#6306,#6307),.UNSPECIFIED.,.F.,.F.,(4,2,2,2,2,2,
2,2,2,2,2,4),(-0.424511116955794,-0.342297616198234,-0.257014734839825,
-0.147653644401639,-0.0403086387119087,-0.023243627455441,-0.0172361504514245,
-0.0136498529624734,-0.0106802253464767,-0.0074164833759323,-0.00214413724805849,
0.),.UNSPECIFIED.);
#551=B_SPLINE_CURVE_WITH_KNOTS('',3,(#6318,#6319,#6320,#6321,#6322,#6323,
#6324,#6325,#6326,#6327,#6328,#6329,#6330,#6331,#6332,#6333,#6334,#6335,
#6336,#6337,#6338,#6339,#6340,#6341),.UNSPECIFIED.,.F.,.F.,(4,2,2,2,2,2,
2,2,2,2,2,4),(0.,0.00318129285252457,0.00477193927878686,0.00636258570504914,
0.00954387855757371,0.011134524983836,0.0127251714100983,0.0159064642626228,
0.0174971106888851,0.0190877571151474,0.022269049967672,0.0254503428201966),
 .UNSPECIFIED.);
#552=B_SPLINE_CURVE_WITH_KNOTS('',3,(#6343,#6344,#6345,#6346,#6347,#6348,
#6349,#6350,#6351,#6352,#6353,#6354,#6355,#6356,#6357,#6358,#6359,#6360,
#6361,#6362,#6363,#6364,#6365,#6366,#6367,#6368),.UNSPECIFIED.,.F.,.F.,
(4,2,2,2,2,2,2,2,2,2,2,2,4),(0.,0.00320760700430172,0.00641521400860345,
0.0080190175107543,0.00962282101290517,0.0128304280172069,0.0144342315193577,
0.0160380350215086,0.0192456420258103,0.0208494455279612,0.022453249030112,
0.0240570525322629,0.0256608560344137),.UNSPECIFIED.);
#553=B_SPLINE_CURVE_WITH_KNOTS('',3,(#6409,#6410,#6411,#6412,#6413,#6414,
#6415,#6416,#6417,#6418),.UNSPECIFIED.,.F.,.F.,(4,2,2,2,4),(0.,0.25,0.5,
0.75,0.999994823259156),.UNSPECIFIED.);
#554=B_SPLINE_CURVE_WITH_KNOTS('',3,(#6743,#6744,#6745,#6746,#6747,#6748,
#6749,#6750,#6751,#6752,#6753,#6754,#6755,#6756,#6757,#6758,#6759,#6760,
#6761,#6762,#6763,#6764,#6765,#6766,#6767,#6768,#6769,#6770,#6771,#6772,
#6773,#6774,#6775,#6776),.UNSPECIFIED.,.F.,.F.,(4,3,3,3,3,3,3,3,3,3,3,4),
(0.,0.0869648327479962,0.175869713484283,0.268262882591702,0.362809674779127,
0.460960099778861,0.5,0.603748214078693,0.711955215186393,0.822884381351341,
0.938497398164926,1.),.UNSPECIFIED.);
#555=CIRCLE('',#2616,1.);
#556=CIRCLE('',#2618,10.);
#557=CIRCLE('',#2619,1.00000000000001);
#558=CIRCLE('',#2620,9.00000000000001);
#559=CIRCLE('',#2622,1.00000000000001);
#560=CIRCLE('',#2623,5.);
#561=CIRCLE('',#2624,4.);
#562=CIRCLE('',#2626,0.999999999999996);
#563=CIRCLE('',#2627,3.);
#564=CIRCLE('',#2628,4.);
#565=CIRCLE('',#2630,1.00000000000001);
#566=CIRCLE('',#2632,0.999999999999995);
#567=CIRCLE('',#2633,3.);
#568=CIRCLE('',#2634,4.);
#569=CIRCLE('',#2636,0.999999999999987);
#570=CIRCLE('',#2637,5.);
#571=CIRCLE('',#2638,4.);
#572=CIRCLE('',#2640,0.999999999999998);
#573=CIRCLE('',#2641,19.);
#574=CIRCLE('',#2642,20.);
#575=CIRCLE('',#2644,0.999999999999995);
#576=CIRCLE('',#2646,0.999999999999996);
#577=CIRCLE('',#2647,19.);
#578=CIRCLE('',#2648,20.);
#579=CIRCLE('',#2650,0.999999999999996);
#580=CIRCLE('',#2652,0.999999999999998);
#581=CIRCLE('',#2653,19.);
#582=CIRCLE('',#2654,20.);
#583=CIRCLE('',#2656,1.);
#584=CIRCLE('',#2658,1.);
#585=CIRCLE('',#2659,19.);
#586=CIRCLE('',#2660,20.);
#587=CIRCLE('',#2662,1.);
#588=CIRCLE('',#2664,9.);
#589=CIRCLE('',#2665,10.);
#590=CIRCLE('',#2667,1.);
#591=CIRCLE('',#2670,10.);
#592=CIRCLE('',#2673,20.);
#593=CIRCLE('',#2676,20.);
#594=CIRCLE('',#2679,20.);
#595=CIRCLE('',#2682,20.);
#596=CIRCLE('',#2684,4.);
#597=CIRCLE('',#2690,16.);
#598=CIRCLE('',#2691,16.);
#599=CIRCLE('',#2692,1.6);
#600=CIRCLE('',#2693,1.6);
#601=CIRCLE('',#2695,4.);
#602=CIRCLE('',#2697,10.);
#603=CIRCLE('',#2699,1.6);
#604=CIRCLE('',#2700,1.6);
#605=CIRCLE('',#2701,1.55);
#606=CIRCLE('',#2702,1.55);
#607=CIRCLE('',#2703,1.6);
#608=CIRCLE('',#2704,11.5);
#609=CIRCLE('',#2707,3.);
#610=CIRCLE('',#2709,3.);
#611=CIRCLE('',#2711,1.6);
#612=CIRCLE('',#2713,1.6);
#613=CIRCLE('',#2715,3.83511476345486);
#614=CIRCLE('',#2716,3.83511476345486);
#615=CIRCLE('',#2717,1.5);
#616=CIRCLE('',#2718,5.33511476345486);
#617=CIRCLE('',#2719,1.7695956894366);
#618=CIRCLE('',#2720,5.33511476345486);
#619=CIRCLE('',#2722,3.83511476345486);
#620=CIRCLE('',#2723,3.83511476345486);
#621=CIRCLE('',#2724,1.5);
#622=CIRCLE('',#2725,5.33511476345486);
#623=CIRCLE('',#2726,5.33511476345486);
#624=CIRCLE('',#2727,1.76959568943635);
#625=CIRCLE('',#2728,5.33511476345486);
#626=CIRCLE('',#2730,1.5);
#627=CIRCLE('',#2731,1.5);
#628=CIRCLE('',#2733,3.83511476345486);
#629=CIRCLE('',#2735,1.5);
#630=CIRCLE('',#2736,1.5);
#631=CIRCLE('',#2738,3.83511476345486);
#632=CIRCLE('',#2740,3.83511476345486);
#633=CIRCLE('',#2741,1.5);
#634=CIRCLE('',#2742,5.33511476345486);
#635=CIRCLE('',#2743,5.33511476345486);
#636=CIRCLE('',#2744,1.5);
#637=CIRCLE('',#2745,3.83511476345486);
#638=CIRCLE('',#2747,1.5);
#639=CIRCLE('',#2748,1.5);
#640=CIRCLE('',#2750,3.83511476345486);
#641=CIRCLE('',#2751,3.83511476345486);
#642=CIRCLE('',#2753,1.5);
#643=CIRCLE('',#2754,1.5);
#644=CIRCLE('',#2756,3.83511476345486);
#645=CIRCLE('',#2757,3.83511476345486);
#646=CIRCLE('',#2758,3.83511476345486);
#647=CIRCLE('',#2760,11.5);
#648=CIRCLE('',#2761,11.5);
#649=CIRCLE('',#2762,11.5);
#650=CIRCLE('',#2763,11.5);
#651=CIRCLE('',#2765,1.55);
#652=CIRCLE('',#2767,1.55);
#653=CIRCLE('',#2769,1.6);
#654=CIRCLE('',#2771,1.6);
#655=CIRCLE('',#2773,1.6);
#656=CIRCLE('',#2775,9.00000000000001);
#657=CIRCLE('',#2776,1.);
#658=CIRCLE('',#2777,1.);
#659=CIRCLE('',#2778,9.);
#660=CIRCLE('',#2779,19.);
#661=CIRCLE('',#2780,19.);
#662=CIRCLE('',#2781,19.);
#663=CIRCLE('',#2782,19.);
#664=CIRCLE('',#2783,5.);
#665=CIRCLE('',#2784,5.33511476345486);
#666=CIRCLE('',#2785,5.33511476345486);
#667=CIRCLE('',#2786,5.);
#668=CIRCLE('',#2789,5.33511476345486);
#669=CIRCLE('',#2791,5.33511476345486);
#670=CIRCLE('',#2831,1.5);
#671=CIRCLE('',#2832,1.5);
#672=CIRCLE('',#2834,1.5);
#673=CIRCLE('',#2836,1.49999999999999);
#674=CIRCLE('',#2838,1.5);
#675=CIRCLE('',#2840,1.5);
#676=CIRCLE('',#2842,1.5);
#677=CIRCLE('',#2843,1.5);
#678=CIRCLE('',#2845,1.5);
#679=CIRCLE('',#2847,1.5);
#680=CIRCLE('',#2860,1.);
#681=CIRCLE('',#2862,1.);
#682=CIRCLE('',#2864,1.);
#683=CIRCLE('',#2866,1.);
#684=CIRCLE('',#2868,1.);
#685=CIRCLE('',#2870,1.);
#686=CIRCLE('',#2872,0.999999999999999);
#687=CIRCLE('',#2874,0.999999999999998);
#688=CIRCLE('',#2876,0.999999999999997);
#689=CIRCLE('',#2878,1.);
#690=CIRCLE('',#2879,1.);
#691=CIRCLE('',#2880,0.999999999999999);
#692=CIRCLE('',#2881,1.);
#693=CIRCLE('',#2882,1.);
#694=CIRCLE('',#2883,1.);
#695=CIRCLE('',#2884,1.);
#696=CIRCLE('',#2886,1.);
#697=CIRCLE('',#2887,1.);
#698=CIRCLE('',#2888,1.);
#699=CIRCLE('',#2889,1.);
#700=CIRCLE('',#2890,0.999999999999998);
#701=CIRCLE('',#2891,1.);
#702=CIRCLE('',#2892,0.999999999999999);
#703=CIRCLE('',#2893,1.);
#704=CIRCLE('',#2895,1.);
#705=CIRCLE('',#2897,1.);
#706=CIRCLE('',#2898,1.);
#707=LINE('',#3635,#869);
#708=LINE('',#3639,#870);
#709=LINE('',#3692,#871);
#710=LINE('',#3693,#872);
#711=LINE('',#3716,#873);
#712=LINE('',#3717,#874);
#713=LINE('',#3728,#875);
#714=LINE('',#3729,#876);
#715=LINE('',#3740,#877);
#716=LINE('',#3741,#878);
#717=LINE('',#3752,#879);
#718=LINE('',#3753,#880);
#719=LINE('',#3759,#881);
#720=LINE('',#3762,#882);
#721=LINE('',#3765,#883);
#722=LINE('',#3778,#884);
#723=LINE('',#3780,#885);
#724=LINE('',#3781,#886);
#725=LINE('',#3784,#887);
#726=LINE('',#3788,#888);
#727=LINE('',#3789,#889);
#728=LINE('',#3792,#890);
#729=LINE('',#3796,#891);
#730=LINE('',#3797,#892);
#731=LINE('',#3800,#893);
#732=LINE('',#3804,#894);
#733=LINE('',#3805,#895);
#734=LINE('',#3808,#896);
#735=LINE('',#3812,#897);
#736=LINE('',#3813,#898);
#737=LINE('',#3816,#899);
#738=LINE('',#3820,#900);
#739=LINE('',#3872,#901);
#740=LINE('',#3889,#902);
#741=LINE('',#3924,#903);
#742=LINE('',#3951,#904);
#743=LINE('',#3968,#905);
#744=LINE('',#3971,#906);
#745=LINE('',#3972,#907);
#746=LINE('',#3979,#908);
#747=LINE('',#4043,#909);
#748=LINE('',#4060,#910);
#749=LINE('',#4062,#911);
#750=LINE('',#4077,#912);
#751=LINE('',#4223,#913);
#752=LINE('',#4368,#914);
#753=LINE('',#4372,#915);
#754=LINE('',#4444,#916);
#755=LINE('',#4448,#917);
#756=LINE('',#4454,#918);
#757=LINE('',#4458,#919);
#758=LINE('',#4525,#920);
#759=LINE('',#4701,#921);
#760=LINE('',#4754,#922);
#761=LINE('',#4886,#923);
#762=LINE('',#4995,#924);
#763=LINE('',#5035,#925);
#764=LINE('',#5039,#926);
#765=LINE('',#5044,#927);
#766=LINE('',#5048,#928);
#767=LINE('',#5052,#929);
#768=LINE('',#5061,#930);
#769=LINE('',#5206,#931);
#770=LINE('',#5215,#932);
#771=LINE('',#5217,#933);
#772=LINE('',#5222,#934);
#773=LINE('',#5226,#935);
#774=LINE('',#5230,#936);
#775=LINE('',#5234,#937);
#776=LINE('',#5245,#938);
#777=LINE('',#5247,#939);
#778=LINE('',#5249,#940);
#779=LINE('',#5251,#941);
#780=LINE('',#5253,#942);
#781=LINE('',#5254,#943);
#782=LINE('',#5257,#944);
#783=LINE('',#5259,#945);
#784=LINE('',#5261,#946);
#785=LINE('',#5263,#947);
#786=LINE('',#5265,#948);
#787=LINE('',#5266,#949);
#788=LINE('',#5269,#950);
#789=LINE('',#5271,#951);
#790=LINE('',#5273,#952);
#791=LINE('',#5275,#953);
#792=LINE('',#5277,#954);
#793=LINE('',#5278,#955);
#794=LINE('',#5281,#956);
#795=LINE('',#5283,#957);
#796=LINE('',#5285,#958);
#797=LINE('',#5287,#959);
#798=LINE('',#5289,#960);
#799=LINE('',#5290,#961);
#800=LINE('',#5292,#962);
#801=LINE('',#5294,#963);
#802=LINE('',#5296,#964);
#803=LINE('',#5297,#965);
#804=LINE('',#5300,#966);
#805=LINE('',#5301,#967);
#806=LINE('',#5305,#968);
#807=LINE('',#5311,#969);
#808=LINE('',#5313,#970);
#809=LINE('',#5315,#971);
#810=LINE('',#5317,#972);
#811=LINE('',#5319,#973);
#812=LINE('',#5320,#974);
#813=LINE('',#5322,#975);
#814=LINE('',#5323,#976);
#815=LINE('',#5325,#977);
#816=LINE('',#5327,#978);
#817=LINE('',#5329,#979);
#818=LINE('',#5331,#980);
#819=LINE('',#5336,#981);
#820=LINE('',#5338,#982);
#821=LINE('',#5340,#983);
#822=LINE('',#5342,#984);
#823=LINE('',#5344,#985);
#824=LINE('',#5345,#986);
#825=LINE('',#5347,#987);
#826=LINE('',#5348,#988);
#827=LINE('',#5350,#989);
#828=LINE('',#5352,#990);
#829=LINE('',#5354,#991);
#830=LINE('',#5356,#992);
#831=LINE('',#5361,#993);
#832=LINE('',#5363,#994);
#833=LINE('',#5365,#995);
#834=LINE('',#5367,#996);
#835=LINE('',#5369,#997);
#836=LINE('',#5370,#998);
#837=LINE('',#5372,#999);
#838=LINE('',#5373,#1000);
#839=LINE('',#5375,#1001);
#840=LINE('',#5377,#1002);
#841=LINE('',#5379,#1003);
#842=LINE('',#5381,#1004);
#843=LINE('',#5386,#1005);
#844=LINE('',#5388,#1006);
#845=LINE('',#5390,#1007);
#846=LINE('',#5392,#1008);
#847=LINE('',#5394,#1009);
#848=LINE('',#5395,#1010);
#849=LINE('',#5397,#1011);
#850=LINE('',#5398,#1012);
#851=LINE('',#5400,#1013);
#852=LINE('',#5402,#1014);
#853=LINE('',#5404,#1015);
#854=LINE('',#5406,#1016);
#855=LINE('',#5410,#1017);
#856=LINE('',#5412,#1018);
#857=LINE('',#5413,#1019);
#858=LINE('',#5416,#1020);
#859=LINE('',#5417,#1021);
#860=LINE('',#5420,#1022);
#861=LINE('',#5421,#1023);
#862=LINE('',#5424,#1024);
#863=LINE('',#5425,#1025);
#864=LINE('',#5428,#1026);
#865=LINE('',#5429,#1027);
#866=LINE('',#5431,#1028);
#867=LINE('',#6310,#1029);
#868=LINE('',#6316,#1030);
#869=VECTOR('',#2903,10.);
#870=VECTOR('',#2906,10.);
#871=VECTOR('',#2935,10.);
#872=VECTOR('',#2936,10.);
#873=VECTOR('',#2965,10.);
#874=VECTOR('',#2966,10.);
#875=VECTOR('',#2979,10.);
#876=VECTOR('',#2980,10.);
#877=VECTOR('',#2993,10.);
#878=VECTOR('',#2994,10.);
#879=VECTOR('',#3007,10.);
#880=VECTOR('',#3008,10.);
#881=VECTOR('',#3017,10.);
#882=VECTOR('',#3020,10.);
#883=VECTOR('',#3023,1000.);
#884=VECTOR('',#3024,1000.);
#885=VECTOR('',#3025,1000.);
#886=VECTOR('',#3026,1000.);
#887=VECTOR('',#3029,1000.);
#888=VECTOR('',#3034,1000.);
#889=VECTOR('',#3035,1000.);
#890=VECTOR('',#3038,1000.);
#891=VECTOR('',#3043,1000.);
#892=VECTOR('',#3044,1000.);
#893=VECTOR('',#3047,1000.);
#894=VECTOR('',#3052,1000.);
#895=VECTOR('',#3053,1000.);
#896=VECTOR('',#3056,1000.);
#897=VECTOR('',#3061,1000.);
#898=VECTOR('',#3062,1000.);
#899=VECTOR('',#3065,1000.);
#900=VECTOR('',#3070,1000.);
#901=VECTOR('',#3075,1000.);
#902=VECTOR('',#3080,1000.);
#903=VECTOR('',#3081,1000.);
#904=VECTOR('',#3084,1000.);
#905=VECTOR('',#3089,1000.);
#906=VECTOR('',#3092,1000.);
#907=VECTOR('',#3093,10.);
#908=VECTOR('',#3100,1000.);
#909=VECTOR('',#3105,1000.);
#910=VECTOR('',#3124,1000.);
#911=VECTOR('',#3125,1000.);
#912=VECTOR('',#3130,3.);
#913=VECTOR('',#3135,3.);
#914=VECTOR('',#3140,1.6);
#915=VECTOR('',#3145,1.6);
#916=VECTOR('',#3180,1.5);
#917=VECTOR('',#3185,3.83511476345486);
#918=VECTOR('',#3192,1.5);
#919=VECTOR('',#3197,3.83511476345486);
#920=VECTOR('',#3218,1.5);
#921=VECTOR('',#3225,3.83511476345486);
#922=VECTOR('',#3232,1.5);
#923=VECTOR('',#3241,3.83511476345486);
#924=VECTOR('',#3246,11.5);
#925=VECTOR('',#3257,1.55);
#926=VECTOR('',#3262,1.55);
#927=VECTOR('',#3269,1.6);
#928=VECTOR('',#3274,1.6);
#929=VECTOR('',#3279,1.6);
#930=VECTOR('',#3280,1000.);
#931=VECTOR('',#3281,1000.);
#932=VECTOR('',#3288,1000.);
#933=VECTOR('',#3289,1000.);
#934=VECTOR('',#3294,1000.);
#935=VECTOR('',#3297,1000.);
#936=VECTOR('',#3300,1000.);
#937=VECTOR('',#3303,1000.);
#938=VECTOR('',#3314,1000.);
#939=VECTOR('',#3315,1000.);
#940=VECTOR('',#3316,1000.);
#941=VECTOR('',#3317,1000.);
#942=VECTOR('',#3318,1000.);
#943=VECTOR('',#3319,1000.);
#944=VECTOR('',#3320,1000.);
#945=VECTOR('',#3321,1000.);
#946=VECTOR('',#3322,1000.);
#947=VECTOR('',#3323,1000.);
#948=VECTOR('',#3324,1000.);
#949=VECTOR('',#3325,1000.);
#950=VECTOR('',#3326,1000.);
#951=VECTOR('',#3327,1000.);
#952=VECTOR('',#3328,1000.);
#953=VECTOR('',#3329,1000.);
#954=VECTOR('',#3330,1000.);
#955=VECTOR('',#3331,1000.);
#956=VECTOR('',#3332,1000.);
#957=VECTOR('',#3333,1000.);
#958=VECTOR('',#3334,1000.);
#959=VECTOR('',#3335,1000.);
#960=VECTOR('',#3336,1000.);
#961=VECTOR('',#3337,1000.);
#962=VECTOR('',#3338,1000.);
#963=VECTOR('',#3339,1000.);
#964=VECTOR('',#3340,1000.);
#965=VECTOR('',#3341,1000.);
#966=VECTOR('',#3344,1000.);
#967=VECTOR('',#3345,1000.);
#968=VECTOR('',#3350,1000.);
#969=VECTOR('',#3357,1000.);
#970=VECTOR('',#3358,1000.);
#971=VECTOR('',#3359,1000.);
#972=VECTOR('',#3360,1000.);
#973=VECTOR('',#3361,1000.);
#974=VECTOR('',#3362,1000.);
#975=VECTOR('',#3365,1000.);
#976=VECTOR('',#3366,1000.);
#977=VECTOR('',#3369,1000.);
#978=VECTOR('',#3372,1000.);
#979=VECTOR('',#3375,1000.);
#980=VECTOR('',#3378,1000.);
#981=VECTOR('',#3383,1000.);
#982=VECTOR('',#3384,1000.);
#983=VECTOR('',#3385,1000.);
#984=VECTOR('',#3386,1000.);
#985=VECTOR('',#3387,1000.);
#986=VECTOR('',#3388,1000.);
#987=VECTOR('',#3391,1000.);
#988=VECTOR('',#3392,1000.);
#989=VECTOR('',#3395,1000.);
#990=VECTOR('',#3398,1000.);
#991=VECTOR('',#3401,1000.);
#992=VECTOR('',#3404,1000.);
#993=VECTOR('',#3409,1000.);
#994=VECTOR('',#3410,1000.);
#995=VECTOR('',#3411,1000.);
#996=VECTOR('',#3412,1000.);
#997=VECTOR('',#3413,1000.);
#998=VECTOR('',#3414,1000.);
#999=VECTOR('',#3417,1000.);
#1000=VECTOR('',#3418,1000.);
#1001=VECTOR('',#3421,1000.);
#1002=VECTOR('',#3424,1000.);
#1003=VECTOR('',#3427,1000.);
#1004=VECTOR('',#3430,1000.);
#1005=VECTOR('',#3435,1000.);
#1006=VECTOR('',#3436,1000.);
#1007=VECTOR('',#3437,1000.);
#1008=VECTOR('',#3438,1000.);
#1009=VECTOR('',#3439,1000.);
#1010=VECTOR('',#3440,1000.);
#1011=VECTOR('',#3443,1000.);
#1012=VECTOR('',#3444,1000.);
#1013=VECTOR('',#3447,1000.);
#1014=VECTOR('',#3450,1000.);
#1015=VECTOR('',#3453,1000.);
#1016=VECTOR('',#3456,1000.);
#1017=VECTOR('',#3461,1000.);
#1018=VECTOR('',#3462,1000.);
#1019=VECTOR('',#3463,1000.);
#1020=VECTOR('',#3466,1000.);
#1021=VECTOR('',#3467,1000.);
#1022=VECTOR('',#3470,1000.);
#1023=VECTOR('',#3471,1000.);
#1024=VECTOR('',#3474,1000.);
#1025=VECTOR('',#3475,1000.);
#1026=VECTOR('',#3478,1000.);
#1027=VECTOR('',#3479,1000.);
#1028=VECTOR('',#3482,1000.);
#1029=VECTOR('',#3541,1000.);
#1030=VECTOR('',#3542,1000.);
#1031=VERTEX_POINT('',#3633);
#1032=VERTEX_POINT('',#3634);
#1033=VERTEX_POINT('',#3636);
#1034=VERTEX_POINT('',#3638);
#1035=VERTEX_POINT('',#3655);
#1036=VERTEX_POINT('',#3656);
#1037=VERTEX_POINT('',#3658);
#1038=VERTEX_POINT('',#3660);
#1039=VERTEX_POINT('',#3677);
#1040=VERTEX_POINT('',#3678);
#1041=VERTEX_POINT('',#3683);
#1042=VERTEX_POINT('',#3684);
#1043=VERTEX_POINT('',#3689);
#1044=VERTEX_POINT('',#3690);
#1045=VERTEX_POINT('',#3695);
#1046=VERTEX_POINT('',#3696);
#1047=VERTEX_POINT('',#3701);
#1048=VERTEX_POINT('',#3702);
#1049=VERTEX_POINT('',#3707);
#1050=VERTEX_POINT('',#3708);
#1051=VERTEX_POINT('',#3713);
#1052=VERTEX_POINT('',#3714);
#1053=VERTEX_POINT('',#3719);
#1054=VERTEX_POINT('',#3720);
#1055=VERTEX_POINT('',#3725);
#1056=VERTEX_POINT('',#3726);
#1057=VERTEX_POINT('',#3731);
#1058=VERTEX_POINT('',#3732);
#1059=VERTEX_POINT('',#3737);
#1060=VERTEX_POINT('',#3738);
#1061=VERTEX_POINT('',#3743);
#1062=VERTEX_POINT('',#3744);
#1063=VERTEX_POINT('',#3749);
#1064=VERTEX_POINT('',#3750);
#1065=VERTEX_POINT('',#3758);
#1066=VERTEX_POINT('',#3760);
#1067=VERTEX_POINT('',#3764);
#1068=VERTEX_POINT('',#3766);
#1069=VERTEX_POINT('',#3777);
#1070=VERTEX_POINT('',#3779);
#1071=VERTEX_POINT('',#3783);
#1072=VERTEX_POINT('',#3787);
#1073=VERTEX_POINT('',#3791);
#1074=VERTEX_POINT('',#3795);
#1075=VERTEX_POINT('',#3799);
#1076=VERTEX_POINT('',#3803);
#1077=VERTEX_POINT('',#3807);
#1078=VERTEX_POINT('',#3811);
#1079=VERTEX_POINT('',#3815);
#1080=VERTEX_POINT('',#3819);
#1081=VERTEX_POINT('',#3821);
#1082=VERTEX_POINT('',#3829);
#1083=VERTEX_POINT('',#3840);
#1084=VERTEX_POINT('',#3871);
#1085=VERTEX_POINT('',#3873);
#1086=VERTEX_POINT('',#3888);
#1087=VERTEX_POINT('',#3890);
#1088=VERTEX_POINT('',#3895);
#1089=VERTEX_POINT('',#3915);
#1090=VERTEX_POINT('',#3923);
#1091=VERTEX_POINT('',#3925);
#1092=VERTEX_POINT('',#3950);
#1093=VERTEX_POINT('',#3965);
#1094=VERTEX_POINT('',#3967);
#1095=VERTEX_POINT('',#3969);
#1096=VERTEX_POINT('',#3973);
#1097=VERTEX_POINT('',#3975);
#1098=VERTEX_POINT('',#3978);
#1099=VERTEX_POINT('',#3980);
#1100=VERTEX_POINT('',#3982);
#1101=VERTEX_POINT('',#4005);
#1102=VERTEX_POINT('',#4042);
#1103=VERTEX_POINT('',#4046);
#1104=VERTEX_POINT('',#4048);
#1105=VERTEX_POINT('',#4050);
#1106=VERTEX_POINT('',#4052);
#1107=VERTEX_POINT('',#4054);
#1108=VERTEX_POINT('',#4056);
#1109=VERTEX_POINT('',#4059);
#1110=VERTEX_POINT('',#4061);
#1111=VERTEX_POINT('',#4074);
#1112=VERTEX_POINT('',#4076);
#1113=VERTEX_POINT('',#4078);
#1114=VERTEX_POINT('',#4220);
#1115=VERTEX_POINT('',#4222);
#1116=VERTEX_POINT('',#4224);
#1117=VERTEX_POINT('',#4366);
#1118=VERTEX_POINT('',#4370);
#1119=VERTEX_POINT('',#4374);
#1120=VERTEX_POINT('',#4375);
#1121=VERTEX_POINT('',#4378);
#1122=VERTEX_POINT('',#4380);
#1123=VERTEX_POINT('',#4391);
#1124=VERTEX_POINT('',#4393);
#1125=VERTEX_POINT('',#4395);
#1126=VERTEX_POINT('',#4405);
#1127=VERTEX_POINT('',#4418);
#1128=VERTEX_POINT('',#4419);
#1129=VERTEX_POINT('',#4422);
#1130=VERTEX_POINT('',#4425);
#1131=VERTEX_POINT('',#4427);
#1132=VERTEX_POINT('',#4437);
#1133=VERTEX_POINT('',#4441);
#1134=VERTEX_POINT('',#4443);
#1135=VERTEX_POINT('',#4447);
#1136=VERTEX_POINT('',#4451);
#1137=VERTEX_POINT('',#4453);
#1138=VERTEX_POINT('',#4457);
#1139=VERTEX_POINT('',#4461);
#1140=VERTEX_POINT('',#4462);
#1141=VERTEX_POINT('',#4464);
#1142=VERTEX_POINT('',#4466);
#1143=VERTEX_POINT('',#4468);
#1144=VERTEX_POINT('',#4487);
#1145=VERTEX_POINT('',#4489);
#1146=VERTEX_POINT('',#4518);
#1147=VERTEX_POINT('',#4522);
#1148=VERTEX_POINT('',#4524);
#1149=VERTEX_POINT('',#4528);
#1150=VERTEX_POINT('',#4529);
#1151=VERTEX_POINT('',#4700);
#1152=VERTEX_POINT('',#4703);
#1153=VERTEX_POINT('',#4714);
#1154=VERTEX_POINT('',#4751);
#1155=VERTEX_POINT('',#4753);
#1156=VERTEX_POINT('',#4757);
#1157=VERTEX_POINT('',#4758);
#1158=VERTEX_POINT('',#4760);
#1159=VERTEX_POINT('',#4816);
#1160=VERTEX_POINT('',#4872);
#1161=VERTEX_POINT('',#4874);
#1162=VERTEX_POINT('',#4885);
#1163=VERTEX_POINT('',#4888);
#1164=VERTEX_POINT('',#4953);
#1165=VERTEX_POINT('',#4994);
#1166=VERTEX_POINT('',#4996);
#1167=VERTEX_POINT('',#5016);
#1168=VERTEX_POINT('',#5030);
#1169=VERTEX_POINT('',#5034);
#1170=VERTEX_POINT('',#5038);
#1171=VERTEX_POINT('',#5042);
#1172=VERTEX_POINT('',#5046);
#1173=VERTEX_POINT('',#5050);
#1174=VERTEX_POINT('',#5059);
#1175=VERTEX_POINT('',#5060);
#1176=VERTEX_POINT('',#5062);
#1177=VERTEX_POINT('',#5130);
#1178=VERTEX_POINT('',#5134);
#1179=VERTEX_POINT('',#5205);
#1180=VERTEX_POINT('',#5211);
#1181=VERTEX_POINT('',#5213);
#1182=VERTEX_POINT('',#5216);
#1183=VERTEX_POINT('',#5219);
#1184=VERTEX_POINT('',#5221);
#1185=VERTEX_POINT('',#5223);
#1186=VERTEX_POINT('',#5225);
#1187=VERTEX_POINT('',#5227);
#1188=VERTEX_POINT('',#5229);
#1189=VERTEX_POINT('',#5231);
#1190=VERTEX_POINT('',#5233);
#1191=VERTEX_POINT('',#5235);
#1192=VERTEX_POINT('',#5237);
#1193=VERTEX_POINT('',#5240);
#1194=VERTEX_POINT('',#5243);
#1195=VERTEX_POINT('',#5244);
#1196=VERTEX_POINT('',#5246);
#1197=VERTEX_POINT('',#5248);
#1198=VERTEX_POINT('',#5250);
#1199=VERTEX_POINT('',#5252);
#1200=VERTEX_POINT('',#5255);
#1201=VERTEX_POINT('',#5256);
#1202=VERTEX_POINT('',#5258);
#1203=VERTEX_POINT('',#5260);
#1204=VERTEX_POINT('',#5262);
#1205=VERTEX_POINT('',#5264);
#1206=VERTEX_POINT('',#5267);
#1207=VERTEX_POINT('',#5268);
#1208=VERTEX_POINT('',#5270);
#1209=VERTEX_POINT('',#5272);
#1210=VERTEX_POINT('',#5274);
#1211=VERTEX_POINT('',#5276);
#1212=VERTEX_POINT('',#5279);
#1213=VERTEX_POINT('',#5280);
#1214=VERTEX_POINT('',#5282);
#1215=VERTEX_POINT('',#5284);
#1216=VERTEX_POINT('',#5286);
#1217=VERTEX_POINT('',#5288);
#1218=VERTEX_POINT('',#5291);
#1219=VERTEX_POINT('',#5293);
#1220=VERTEX_POINT('',#5295);
#1221=VERTEX_POINT('',#5299);
#1222=VERTEX_POINT('',#5303);
#1223=VERTEX_POINT('',#5309);
#1224=VERTEX_POINT('',#5310);
#1225=VERTEX_POINT('',#5312);
#1226=VERTEX_POINT('',#5314);
#1227=VERTEX_POINT('',#5316);
#1228=VERTEX_POINT('',#5318);
#1229=VERTEX_POINT('',#5334);
#1230=VERTEX_POINT('',#5335);
#1231=VERTEX_POINT('',#5337);
#1232=VERTEX_POINT('',#5339);
#1233=VERTEX_POINT('',#5341);
#1234=VERTEX_POINT('',#5343);
#1235=VERTEX_POINT('',#5359);
#1236=VERTEX_POINT('',#5360);
#1237=VERTEX_POINT('',#5362);
#1238=VERTEX_POINT('',#5364);
#1239=VERTEX_POINT('',#5366);
#1240=VERTEX_POINT('',#5368);
#1241=VERTEX_POINT('',#5384);
#1242=VERTEX_POINT('',#5385);
#1243=VERTEX_POINT('',#5387);
#1244=VERTEX_POINT('',#5389);
#1245=VERTEX_POINT('',#5391);
#1246=VERTEX_POINT('',#5393);
#1247=VERTEX_POINT('',#5409);
#1248=VERTEX_POINT('',#5411);
#1249=VERTEX_POINT('',#5415);
#1250=VERTEX_POINT('',#5419);
#1251=VERTEX_POINT('',#5423);
#1252=VERTEX_POINT('',#5427);
#1253=VERTEX_POINT('',#5455);
#1254=VERTEX_POINT('',#5457);
#1255=VERTEX_POINT('',#5598);
#1256=VERTEX_POINT('',#5599);
#1257=VERTEX_POINT('',#5668);
#1258=VERTEX_POINT('',#5831);
#1259=VERTEX_POINT('',#5885);
#1260=VERTEX_POINT('',#5886);
#1261=VERTEX_POINT('',#5974);
#1262=VERTEX_POINT('',#5976);
#1263=VERTEX_POINT('',#6087);
#1264=VERTEX_POINT('',#6089);
#1265=VERTEX_POINT('',#6309);
#1266=VERTEX_POINT('',#6311);
#1267=EDGE_CURVE('',#1031,#1032,#707,.T.);
#1268=EDGE_CURVE('',#1032,#1033,#555,.T.);
#1269=EDGE_CURVE('',#1033,#1034,#708,.T.);
#1270=EDGE_CURVE('',#1034,#1031,#496,.T.);
#1271=EDGE_CURVE('',#1035,#1036,#556,.T.);
#1272=EDGE_CURVE('',#1036,#1037,#557,.T.);
#1273=EDGE_CURVE('',#1037,#1038,#558,.T.);
#1274=EDGE_CURVE('',#1038,#1035,#497,.T.);
#1275=EDGE_CURVE('',#1039,#1040,#559,.T.);
#1276=EDGE_CURVE('',#1040,#1037,#560,.T.);
#1277=EDGE_CURVE('',#1036,#1039,#561,.T.);
#1278=EDGE_CURVE('',#1041,#1042,#562,.T.);
#1279=EDGE_CURVE('',#1042,#1040,#563,.T.);
#1280=EDGE_CURVE('',#1039,#1041,#564,.T.);
#1281=EDGE_CURVE('',#1043,#1044,#565,.T.);
#1282=EDGE_CURVE('',#1044,#1042,#709,.T.);
#1283=EDGE_CURVE('',#1041,#1043,#710,.T.);
#1284=EDGE_CURVE('',#1045,#1046,#566,.T.);
#1285=EDGE_CURVE('',#1046,#1044,#567,.T.);
#1286=EDGE_CURVE('',#1043,#1045,#568,.T.);
#1287=EDGE_CURVE('',#1047,#1048,#569,.T.);
#1288=EDGE_CURVE('',#1048,#1046,#570,.T.);
#1289=EDGE_CURVE('',#1045,#1047,#571,.T.);
#1290=EDGE_CURVE('',#1049,#1050,#572,.T.);
#1291=EDGE_CURVE('',#1050,#1048,#573,.T.);
#1292=EDGE_CURVE('',#1047,#1049,#574,.T.);
#1293=EDGE_CURVE('',#1051,#1052,#575,.T.);
#1294=EDGE_CURVE('',#1052,#1050,#711,.T.);
#1295=EDGE_CURVE('',#1049,#1051,#712,.T.);
#1296=EDGE_CURVE('',#1053,#1054,#576,.T.);
#1297=EDGE_CURVE('',#1054,#1052,#577,.T.);
#1298=EDGE_CURVE('',#1051,#1053,#578,.T.);
#1299=EDGE_CURVE('',#1055,#1056,#579,.T.);
#1300=EDGE_CURVE('',#1056,#1054,#713,.T.);
#1301=EDGE_CURVE('',#1053,#1055,#714,.T.);
#1302=EDGE_CURVE('',#1057,#1058,#580,.T.);
#1303=EDGE_CURVE('',#1058,#1056,#581,.T.);
#1304=EDGE_CURVE('',#1055,#1057,#582,.T.);
#1305=EDGE_CURVE('',#1059,#1060,#583,.T.);
#1306=EDGE_CURVE('',#1060,#1058,#715,.T.);
#1307=EDGE_CURVE('',#1057,#1059,#716,.T.);
#1308=EDGE_CURVE('',#1061,#1062,#584,.T.);
#1309=EDGE_CURVE('',#1062,#1060,#585,.T.);
#1310=EDGE_CURVE('',#1059,#1061,#586,.T.);
#1311=EDGE_CURVE('',#1063,#1064,#587,.T.);
#1312=EDGE_CURVE('',#1064,#1062,#717,.T.);
#1313=EDGE_CURVE('',#1061,#1063,#718,.T.);
#1314=EDGE_CURVE('',#1034,#1064,#588,.T.);
#1315=EDGE_CURVE('',#1063,#1031,#589,.T.);
#1316=EDGE_CURVE('',#1038,#1065,#719,.T.);
#1317=EDGE_CURVE('',#1065,#1066,#590,.T.);
#1318=EDGE_CURVE('',#1066,#1035,#720,.T.);
#1319=EDGE_CURVE('',#1067,#1031,#721,.T.);
#1320=EDGE_CURVE('',#1067,#1068,#498,.T.);
#1321=EDGE_CURVE('',#1069,#1068,#722,.T.);
#1322=EDGE_CURVE('',#1070,#1069,#723,.T.);
#1323=EDGE_CURVE('',#1032,#1070,#724,.T.);
#1324=EDGE_CURVE('',#1071,#1063,#725,.T.);
#1325=EDGE_CURVE('',#1071,#1067,#591,.T.);
#1326=EDGE_CURVE('',#1072,#1061,#726,.T.);
#1327=EDGE_CURVE('',#1072,#1071,#727,.T.);
#1328=EDGE_CURVE('',#1073,#1059,#728,.T.);
#1329=EDGE_CURVE('',#1073,#1072,#592,.T.);
#1330=EDGE_CURVE('',#1074,#1057,#729,.T.);
#1331=EDGE_CURVE('',#1074,#1073,#730,.T.);
#1332=EDGE_CURVE('',#1075,#1055,#731,.T.);
#1333=EDGE_CURVE('',#1075,#1074,#593,.T.);
#1334=EDGE_CURVE('',#1076,#1053,#732,.T.);
#1335=EDGE_CURVE('',#1076,#1075,#733,.T.);
#1336=EDGE_CURVE('',#1077,#1051,#734,.T.);
#1337=EDGE_CURVE('',#1077,#1076,#594,.T.);
#1338=EDGE_CURVE('',#1078,#1049,#735,.T.);
#1339=EDGE_CURVE('',#1078,#1077,#736,.T.);
#1340=EDGE_CURVE('',#1047,#1079,#737,.T.);
#1341=EDGE_CURVE('',#1079,#1078,#595,.T.);
#1342=EDGE_CURVE('',#1080,#1045,#738,.T.);
#1343=EDGE_CURVE('',#1080,#1081,#499,.T.);
#1344=EDGE_CURVE('',#1081,#1082,#500,.T.);
#1345=EDGE_CURVE('',#1082,#1083,#501,.T.);
#1346=EDGE_CURVE('',#1083,#1079,#596,.T.);
#1347=EDGE_CURVE('',#1084,#1043,#739,.T.);
#1348=EDGE_CURVE('',#1084,#1085,#70,.T.);
#1349=EDGE_CURVE('',#1085,#1080,#502,.T.);
#1350=EDGE_CURVE('',#1041,#1086,#740,.T.);
#1351=EDGE_CURVE('',#1086,#1087,#503,.T.);
#1352=EDGE_CURVE('',#1087,#1088,#504,.T.);
#1353=EDGE_CURVE('',#1088,#1089,#505,.T.);
#1354=EDGE_CURVE('',#1089,#1090,#741,.T.);
#1355=EDGE_CURVE('',#1090,#1091,#506,.T.);
#1356=EDGE_CURVE('',#1091,#1084,#507,.T.);
#1357=EDGE_CURVE('',#1039,#1092,#742,.T.);
#1358=EDGE_CURVE('',#1092,#1086,#508,.T.);
#1359=EDGE_CURVE('',#1070,#1093,#597,.T.);
#1360=EDGE_CURVE('',#1093,#1094,#743,.T.);
#1361=EDGE_CURVE('',#1094,#1095,#598,.T.);
#1362=EDGE_CURVE('',#1066,#1095,#744,.T.);
#1363=EDGE_CURVE('',#1065,#1033,#745,.F.);
#1364=EDGE_CURVE('',#1096,#1096,#599,.T.);
#1365=EDGE_CURVE('',#1097,#1097,#600,.T.);
#1366=EDGE_CURVE('',#1098,#1036,#746,.T.);
#1367=EDGE_CURVE('',#1098,#1099,#601,.T.);
#1368=EDGE_CURVE('',#1099,#1100,#509,.T.);
#1369=EDGE_CURVE('',#1100,#1101,#510,.T.);
#1370=EDGE_CURVE('',#1101,#1092,#511,.T.);
#1371=EDGE_CURVE('',#1102,#1035,#747,.T.);
#1372=EDGE_CURVE('',#1102,#1098,#602,.T.);
#1373=EDGE_CURVE('',#1103,#1103,#603,.T.);
#1374=EDGE_CURVE('',#1104,#1104,#604,.F.);
#1375=EDGE_CURVE('',#1105,#1105,#605,.T.);
#1376=EDGE_CURVE('',#1106,#1106,#606,.T.);
#1377=EDGE_CURVE('',#1107,#1107,#607,.F.);
#1378=EDGE_CURVE('',#1108,#1108,#608,.T.);
#1379=EDGE_CURVE('',#1095,#1109,#748,.T.);
#1380=EDGE_CURVE('',#1110,#1109,#749,.T.);
#1381=EDGE_CURVE('',#1110,#1102,#512,.T.);
#1382=EDGE_CURVE('',#1111,#1111,#609,.T.);
#1383=EDGE_CURVE('',#1111,#1112,#750,.T.);
#1384=EDGE_CURVE('',#1112,#1113,#513,.T.);
#1385=EDGE_CURVE('',#1113,#1112,#514,.T.);
#1386=EDGE_CURVE('',#1114,#1114,#610,.T.);
#1387=EDGE_CURVE('',#1114,#1115,#751,.T.);
#1388=EDGE_CURVE('',#1115,#1116,#515,.T.);
#1389=EDGE_CURVE('',#1116,#1115,#516,.T.);
#1390=EDGE_CURVE('',#1117,#1117,#611,.T.);
#1391=EDGE_CURVE('',#1117,#1097,#752,.T.);
#1392=EDGE_CURVE('',#1118,#1118,#612,.T.);
#1393=EDGE_CURVE('',#1118,#1096,#753,.T.);
#1394=EDGE_CURVE('',#1119,#1120,#613,.T.);
#1395=EDGE_CURVE('',#1120,#1119,#614,.T.);
#1396=EDGE_CURVE('',#1120,#1121,#615,.T.);
#1397=EDGE_CURVE('',#1121,#1122,#517,.T.);
#1398=EDGE_CURVE('',#1123,#1122,#616,.T.);
#1399=EDGE_CURVE('',#1124,#1123,#617,.T.);
#1400=EDGE_CURVE('',#1125,#1124,#518,.T.);
#1401=EDGE_CURVE('',#1126,#1125,#618,.T.);
#1402=EDGE_CURVE('',#1126,#1121,#519,.T.);
#1403=EDGE_CURVE('',#1127,#1128,#619,.T.);
#1404=EDGE_CURVE('',#1128,#1127,#620,.T.);
#1405=EDGE_CURVE('',#1128,#1129,#621,.T.);
#1406=EDGE_CURVE('',#1122,#1129,#622,.T.);
#1407=EDGE_CURVE('',#1130,#1126,#623,.T.);
#1408=EDGE_CURVE('',#1131,#1130,#520,.T.);
#1409=EDGE_CURVE('',#1132,#1131,#624,.T.);
#1410=EDGE_CURVE('',#1129,#1132,#625,.T.);
#1411=EDGE_CURVE('',#1133,#1133,#626,.T.);
#1412=EDGE_CURVE('',#1133,#1134,#754,.T.);
#1413=EDGE_CURVE('',#1134,#1134,#627,.T.);
#1414=EDGE_CURVE('',#1119,#1135,#755,.T.);
#1415=EDGE_CURVE('',#1135,#1135,#628,.T.);
#1416=EDGE_CURVE('',#1136,#1136,#629,.T.);
#1417=EDGE_CURVE('',#1136,#1137,#756,.T.);
#1418=EDGE_CURVE('',#1137,#1137,#630,.T.);
#1419=EDGE_CURVE('',#1127,#1138,#757,.T.);
#1420=EDGE_CURVE('',#1138,#1138,#631,.T.);
#1421=EDGE_CURVE('',#1139,#1140,#632,.T.);
#1422=EDGE_CURVE('',#1139,#1141,#633,.T.);
#1423=EDGE_CURVE('',#1142,#1141,#634,.T.);
#1424=EDGE_CURVE('',#1143,#1142,#521,.F.);
#1425=EDGE_CURVE('',#1144,#1143,#635,.T.);
#1426=EDGE_CURVE('',#1144,#1145,#522,.T.);
#1427=EDGE_CURVE('',#1145,#1146,#636,.T.);
#1428=EDGE_CURVE('',#1140,#1146,#637,.T.);
#1429=EDGE_CURVE('',#1147,#1147,#638,.T.);
#1430=EDGE_CURVE('',#1147,#1148,#758,.T.);
#1431=EDGE_CURVE('',#1148,#1148,#639,.T.);
#1432=EDGE_CURVE('',#1149,#1150,#640,.T.);
#1433=EDGE_CURVE('',#1150,#1139,#523,.T.);
#1434=EDGE_CURVE('',#1140,#1151,#759,.T.);
#1435=EDGE_CURVE('',#1151,#1151,#641,.T.);
#1436=EDGE_CURVE('',#1146,#1152,#524,.T.);
#1437=EDGE_CURVE('',#1152,#1153,#525,.T.);
#1438=EDGE_CURVE('',#1153,#1149,#526,.T.);
#1439=EDGE_CURVE('',#1154,#1154,#642,.T.);
#1440=EDGE_CURVE('',#1154,#1155,#760,.T.);
#1441=EDGE_CURVE('',#1155,#1155,#643,.T.);
#1442=EDGE_CURVE('',#1156,#1157,#644,.T.);
#1443=EDGE_CURVE('',#1157,#1158,#527,.T.);
#1444=EDGE_CURVE('',#1158,#1159,#528,.T.);
#1445=EDGE_CURVE('',#1159,#1160,#645,.T.);
#1446=EDGE_CURVE('',#1160,#1161,#529,.T.);
#1447=EDGE_CURVE('',#1161,#1162,#761,.T.);
#1448=EDGE_CURVE('',#1162,#1162,#646,.T.);
#1449=EDGE_CURVE('',#1161,#1163,#530,.T.);
#1450=EDGE_CURVE('',#1163,#1164,#531,.T.);
#1451=EDGE_CURVE('',#1164,#1156,#532,.T.);
#1452=EDGE_CURVE('',#1108,#1165,#762,.T.);
#1453=EDGE_CURVE('',#1165,#1166,#647,.T.);
#1454=EDGE_CURVE('',#1166,#1158,#533,.T.);
#1455=EDGE_CURVE('',#1158,#1167,#534,.T.);
#1456=EDGE_CURVE('',#1167,#1141,#648,.T.);
#1457=EDGE_CURVE('',#1141,#1168,#649,.T.);
#1458=EDGE_CURVE('',#1168,#1165,#650,.T.);
#1459=EDGE_CURVE('',#1106,#1169,#763,.T.);
#1460=EDGE_CURVE('',#1169,#1169,#651,.T.);
#1461=EDGE_CURVE('',#1105,#1170,#764,.T.);
#1462=EDGE_CURVE('',#1170,#1170,#652,.T.);
#1463=EDGE_CURVE('',#1171,#1171,#653,.T.);
#1464=EDGE_CURVE('',#1171,#1107,#765,.T.);
#1465=EDGE_CURVE('',#1172,#1172,#654,.T.);
#1466=EDGE_CURVE('',#1172,#1104,#766,.T.);
#1467=EDGE_CURVE('',#1173,#1173,#655,.T.);
#1468=EDGE_CURVE('',#1173,#1103,#767,.T.);
#1469=EDGE_CURVE('',#1174,#1175,#768,.T.);
#1470=EDGE_CURVE('',#1175,#1176,#535,.T.);
#1471=EDGE_CURVE('',#1176,#1177,#536,.T.);
#1472=EDGE_CURVE('',#1177,#1178,#537,.T.);
#1473=EDGE_CURVE('',#1179,#1178,#769,.T.);
#1474=EDGE_CURVE('',#1179,#1174,#538,.T.);
#1475=EDGE_CURVE('',#1180,#1110,#656,.T.);
#1476=EDGE_CURVE('',#1109,#1181,#657,.T.);
#1477=EDGE_CURVE('',#1174,#1181,#770,.T.);
#1478=EDGE_CURVE('',#1182,#1179,#771,.T.);
#1479=EDGE_CURVE('',#1182,#1069,#658,.T.);
#1480=EDGE_CURVE('',#1068,#1183,#659,.T.);
#1481=EDGE_CURVE('',#1183,#1184,#772,.T.);
#1482=EDGE_CURVE('',#1184,#1185,#660,.T.);
#1483=EDGE_CURVE('',#1185,#1186,#773,.T.);
#1484=EDGE_CURVE('',#1186,#1187,#661,.T.);
#1485=EDGE_CURVE('',#1187,#1188,#774,.T.);
#1486=EDGE_CURVE('',#1188,#1189,#662,.T.);
#1487=EDGE_CURVE('',#1189,#1190,#775,.T.);
#1488=EDGE_CURVE('',#1190,#1191,#663,.T.);
#1489=EDGE_CURVE('',#1191,#1192,#664,.T.);
#1490=EDGE_CURVE('',#1192,#1166,#665,.T.);
#1491=EDGE_CURVE('',#1168,#1193,#666,.T.);
#1492=EDGE_CURVE('',#1193,#1180,#667,.T.);
#1493=EDGE_CURVE('',#1194,#1195,#776,.T.);
#1494=EDGE_CURVE('',#1196,#1194,#777,.T.);
#1495=EDGE_CURVE('',#1197,#1196,#778,.T.);
#1496=EDGE_CURVE('',#1198,#1197,#779,.T.);
#1497=EDGE_CURVE('',#1199,#1198,#780,.T.);
#1498=EDGE_CURVE('',#1195,#1199,#781,.T.);
#1499=EDGE_CURVE('',#1200,#1201,#782,.T.);
#1500=EDGE_CURVE('',#1202,#1200,#783,.T.);
#1501=EDGE_CURVE('',#1203,#1202,#784,.T.);
#1502=EDGE_CURVE('',#1204,#1203,#785,.T.);
#1503=EDGE_CURVE('',#1205,#1204,#786,.T.);
#1504=EDGE_CURVE('',#1201,#1205,#787,.T.);
#1505=EDGE_CURVE('',#1206,#1207,#788,.T.);
#1506=EDGE_CURVE('',#1208,#1206,#789,.T.);
#1507=EDGE_CURVE('',#1209,#1208,#790,.T.);
#1508=EDGE_CURVE('',#1210,#1209,#791,.T.);
#1509=EDGE_CURVE('',#1211,#1210,#792,.T.);
#1510=EDGE_CURVE('',#1207,#1211,#793,.T.);
#1511=EDGE_CURVE('',#1212,#1213,#794,.T.);
#1512=EDGE_CURVE('',#1214,#1212,#795,.T.);
#1513=EDGE_CURVE('',#1215,#1214,#796,.T.);
#1514=EDGE_CURVE('',#1216,#1215,#797,.T.);
#1515=EDGE_CURVE('',#1217,#1216,#798,.T.);
#1516=EDGE_CURVE('',#1213,#1217,#799,.T.);
#1517=EDGE_CURVE('',#1123,#1218,#800,.T.);
#1518=EDGE_CURVE('',#1219,#1132,#801,.T.);
#1519=EDGE_CURVE('',#1220,#1219,#802,.T.);
#1520=EDGE_CURVE('',#1218,#1220,#803,.T.);
#1521=EDGE_CURVE('',#1221,#1125,#804,.T.);
#1522=EDGE_CURVE('',#1130,#1221,#805,.T.);
#1523=EDGE_CURVE('',#1143,#1222,#668,.T.);
#1524=EDGE_CURVE('',#1222,#1144,#806,.T.);
#1525=EDGE_CURVE('',#1167,#1142,#669,.T.);
#1526=EDGE_CURVE('',#1223,#1224,#807,.T.);
#1527=EDGE_CURVE('',#1224,#1225,#808,.T.);
#1528=EDGE_CURVE('',#1225,#1226,#809,.T.);
#1529=EDGE_CURVE('',#1226,#1227,#810,.T.);
#1530=EDGE_CURVE('',#1227,#1228,#811,.T.);
#1531=EDGE_CURVE('',#1228,#1223,#812,.T.);
#1532=EDGE_CURVE('',#1224,#1195,#813,.T.);
#1533=EDGE_CURVE('',#1223,#1194,#814,.T.);
#1534=EDGE_CURVE('',#1228,#1196,#815,.T.);
#1535=EDGE_CURVE('',#1227,#1197,#816,.T.);
#1536=EDGE_CURVE('',#1226,#1198,#817,.T.);
#1537=EDGE_CURVE('',#1225,#1199,#818,.T.);
#1538=EDGE_CURVE('',#1229,#1230,#819,.T.);
#1539=EDGE_CURVE('',#1230,#1231,#820,.T.);
#1540=EDGE_CURVE('',#1231,#1232,#821,.T.);
#1541=EDGE_CURVE('',#1232,#1233,#822,.T.);
#1542=EDGE_CURVE('',#1233,#1234,#823,.T.);
#1543=EDGE_CURVE('',#1234,#1229,#824,.T.);
#1544=EDGE_CURVE('',#1230,#1201,#825,.T.);
#1545=EDGE_CURVE('',#1229,#1200,#826,.T.);
#1546=EDGE_CURVE('',#1234,#1202,#827,.T.);
#1547=EDGE_CURVE('',#1233,#1203,#828,.T.);
#1548=EDGE_CURVE('',#1232,#1204,#829,.T.);
#1549=EDGE_CURVE('',#1231,#1205,#830,.T.);
#1550=EDGE_CURVE('',#1235,#1236,#831,.T.);
#1551=EDGE_CURVE('',#1236,#1237,#832,.T.);
#1552=EDGE_CURVE('',#1237,#1238,#833,.T.);
#1553=EDGE_CURVE('',#1238,#1239,#834,.T.);
#1554=EDGE_CURVE('',#1239,#1240,#835,.T.);
#1555=EDGE_CURVE('',#1240,#1235,#836,.T.);
#1556=EDGE_CURVE('',#1236,#1220,#837,.T.);
#1557=EDGE_CURVE('',#1235,#1218,#838,.T.);
#1558=EDGE_CURVE('',#1240,#1124,#839,.T.);
#1559=EDGE_CURVE('',#1239,#1221,#840,.T.);
#1560=EDGE_CURVE('',#1238,#1131,#841,.T.);
#1561=EDGE_CURVE('',#1237,#1219,#842,.T.);
#1562=EDGE_CURVE('',#1241,#1242,#843,.T.);
#1563=EDGE_CURVE('',#1242,#1243,#844,.T.);
#1564=EDGE_CURVE('',#1243,#1244,#845,.T.);
#1565=EDGE_CURVE('',#1244,#1245,#846,.T.);
#1566=EDGE_CURVE('',#1245,#1246,#847,.T.);
#1567=EDGE_CURVE('',#1246,#1241,#848,.T.);
#1568=EDGE_CURVE('',#1242,#1207,#849,.T.);
#1569=EDGE_CURVE('',#1241,#1206,#850,.T.);
#1570=EDGE_CURVE('',#1246,#1208,#851,.T.);
#1571=EDGE_CURVE('',#1245,#1209,#852,.T.);
#1572=EDGE_CURVE('',#1244,#1210,#853,.T.);
#1573=EDGE_CURVE('',#1243,#1211,#854,.T.);
#1574=EDGE_CURVE('',#1247,#1213,#855,.T.);
#1575=EDGE_CURVE('',#1248,#1247,#856,.T.);
#1576=EDGE_CURVE('',#1248,#1212,#857,.T.);
#1577=EDGE_CURVE('',#1249,#1248,#858,.T.);
#1578=EDGE_CURVE('',#1249,#1214,#859,.T.);
#1579=EDGE_CURVE('',#1250,#1249,#860,.T.);
#1580=EDGE_CURVE('',#1250,#1215,#861,.T.);
#1581=EDGE_CURVE('',#1251,#1250,#862,.T.);
#1582=EDGE_CURVE('',#1251,#1216,#863,.T.);
#1583=EDGE_CURVE('',#1252,#1251,#864,.T.);
#1584=EDGE_CURVE('',#1252,#1217,#865,.T.);
#1585=EDGE_CURVE('',#1247,#1252,#866,.T.);
#1586=EDGE_CURVE('',#1253,#1153,#670,.T.);
#1587=EDGE_CURVE('',#1253,#1254,#539,.T.);
#1588=EDGE_CURVE('',#1149,#1254,#671,.T.);
#1589=EDGE_CURVE('',#1254,#1193,#540,.T.);
#1590=EDGE_CURVE('',#1150,#1168,#672,.T.);
#1591=EDGE_CURVE('',#1255,#1256,#541,.T.);
#1592=EDGE_CURVE('',#1256,#1253,#71,.T.);
#1593=EDGE_CURVE('',#1257,#1152,#673,.T.);
#1594=EDGE_CURVE('',#1257,#1255,#72,.T.);
#1595=EDGE_CURVE('',#1145,#1257,#542,.T.);
#1596=EDGE_CURVE('',#1167,#1157,#674,.T.);
#1597=EDGE_CURVE('',#1258,#1156,#675,.T.);
#1598=EDGE_CURVE('',#1258,#1222,#543,.T.);
#1599=EDGE_CURVE('',#1259,#1260,#73,.T.);
#1600=EDGE_CURVE('',#1260,#1258,#544,.T.);
#1601=EDGE_CURVE('',#1259,#1164,#676,.T.);
#1602=EDGE_CURVE('',#1261,#1163,#677,.T.);
#1603=EDGE_CURVE('',#1261,#1262,#74,.T.);
#1604=EDGE_CURVE('',#1262,#1259,#545,.T.);
#1605=EDGE_CURVE('',#1263,#1160,#678,.T.);
#1606=EDGE_CURVE('',#1263,#1264,#546,.T.);
#1607=EDGE_CURVE('',#1264,#1261,#547,.T.);
#1608=EDGE_CURVE('',#1192,#1263,#548,.T.);
#1609=EDGE_CURVE('',#1166,#1159,#679,.T.);
#1610=EDGE_CURVE('',#1178,#1182,#549,.T.);
#1611=EDGE_CURVE('',#1181,#1175,#550,.T.);
#1612=EDGE_CURVE('',#1093,#1265,#867,.T.);
#1613=EDGE_CURVE('',#1265,#1266,#15,.T.);
#1614=EDGE_CURVE('',#1266,#1094,#868,.T.);
#1615=EDGE_CURVE('',#1266,#1109,#551,.T.);
#1616=EDGE_CURVE('',#1069,#1265,#552,.T.);
#1617=EDGE_CURVE('',#1183,#1071,#680,.T.);
#1618=EDGE_CURVE('',#1184,#1072,#681,.T.);
#1619=EDGE_CURVE('',#1185,#1073,#682,.T.);
#1620=EDGE_CURVE('',#1186,#1074,#683,.T.);
#1621=EDGE_CURVE('',#1187,#1075,#684,.T.);
#1622=EDGE_CURVE('',#1188,#1076,#685,.T.);
#1623=EDGE_CURVE('',#1189,#1077,#686,.T.);
#1624=EDGE_CURVE('',#1190,#1078,#687,.T.);
#1625=EDGE_CURVE('',#1191,#1079,#688,.T.);
#1626=EDGE_CURVE('',#1192,#1083,#689,.T.);
#1627=EDGE_CURVE('',#1263,#1082,#553,.T.);
#1628=EDGE_CURVE('',#1264,#1082,#554,.T.);
#1629=EDGE_CURVE('',#1261,#1081,#690,.T.);
#1630=EDGE_CURVE('',#1262,#1080,#691,.T.);
#1631=EDGE_CURVE('',#1259,#1085,#692,.T.);
#1632=EDGE_CURVE('',#1260,#1084,#693,.T.);
#1633=EDGE_CURVE('',#1258,#1091,#694,.T.);
#1634=EDGE_CURVE('',#1222,#1090,#695,.T.);
#1635=EDGE_CURVE('',#1144,#1089,#696,.T.);
#1636=EDGE_CURVE('',#1145,#1088,#697,.T.);
#1637=EDGE_CURVE('',#1257,#1087,#698,.T.);
#1638=EDGE_CURVE('',#1255,#1086,#699,.T.);
#1639=EDGE_CURVE('',#1256,#1092,#700,.T.);
#1640=EDGE_CURVE('',#1253,#1101,#701,.T.);
#1641=EDGE_CURVE('',#1254,#1100,#702,.T.);
#1642=EDGE_CURVE('',#1193,#1099,#703,.T.);
#1643=EDGE_CURVE('',#1180,#1098,#704,.T.);
#1644=EDGE_CURVE('',#1265,#1177,#705,.T.);
#1645=EDGE_CURVE('',#1266,#1176,#706,.T.);
#1646=ORIENTED_EDGE('',*,*,#1267,.T.);
#1647=ORIENTED_EDGE('',*,*,#1268,.T.);
#1648=ORIENTED_EDGE('',*,*,#1269,.T.);
#1649=ORIENTED_EDGE('',*,*,#1270,.T.);
#1650=ORIENTED_EDGE('',*,*,#1271,.T.);
#1651=ORIENTED_EDGE('',*,*,#1272,.T.);
#1652=ORIENTED_EDGE('',*,*,#1273,.T.);
#1653=ORIENTED_EDGE('',*,*,#1274,.T.);
#1654=ORIENTED_EDGE('',*,*,#1275,.T.);
#1655=ORIENTED_EDGE('',*,*,#1276,.T.);
#1656=ORIENTED_EDGE('',*,*,#1272,.F.);
#1657=ORIENTED_EDGE('',*,*,#1277,.T.);
#1658=ORIENTED_EDGE('',*,*,#1278,.T.);
#1659=ORIENTED_EDGE('',*,*,#1279,.T.);
#1660=ORIENTED_EDGE('',*,*,#1275,.F.);
#1661=ORIENTED_EDGE('',*,*,#1280,.T.);
#1662=ORIENTED_EDGE('',*,*,#1281,.T.);
#1663=ORIENTED_EDGE('',*,*,#1282,.T.);
#1664=ORIENTED_EDGE('',*,*,#1278,.F.);
#1665=ORIENTED_EDGE('',*,*,#1283,.T.);
#1666=ORIENTED_EDGE('',*,*,#1284,.T.);
#1667=ORIENTED_EDGE('',*,*,#1285,.T.);
#1668=ORIENTED_EDGE('',*,*,#1281,.F.);
#1669=ORIENTED_EDGE('',*,*,#1286,.T.);
#1670=ORIENTED_EDGE('',*,*,#1287,.T.);
#1671=ORIENTED_EDGE('',*,*,#1288,.T.);
#1672=ORIENTED_EDGE('',*,*,#1284,.F.);
#1673=ORIENTED_EDGE('',*,*,#1289,.T.);
#1674=ORIENTED_EDGE('',*,*,#1290,.T.);
#1675=ORIENTED_EDGE('',*,*,#1291,.T.);
#1676=ORIENTED_EDGE('',*,*,#1287,.F.);
#1677=ORIENTED_EDGE('',*,*,#1292,.T.);
#1678=ORIENTED_EDGE('',*,*,#1293,.T.);
#1679=ORIENTED_EDGE('',*,*,#1294,.T.);
#1680=ORIENTED_EDGE('',*,*,#1290,.F.);
#1681=ORIENTED_EDGE('',*,*,#1295,.T.);
#1682=ORIENTED_EDGE('',*,*,#1296,.T.);
#1683=ORIENTED_EDGE('',*,*,#1297,.T.);
#1684=ORIENTED_EDGE('',*,*,#1293,.F.);
#1685=ORIENTED_EDGE('',*,*,#1298,.T.);
#1686=ORIENTED_EDGE('',*,*,#1299,.T.);
#1687=ORIENTED_EDGE('',*,*,#1300,.T.);
#1688=ORIENTED_EDGE('',*,*,#1296,.F.);
#1689=ORIENTED_EDGE('',*,*,#1301,.T.);
#1690=ORIENTED_EDGE('',*,*,#1302,.T.);
#1691=ORIENTED_EDGE('',*,*,#1303,.T.);
#1692=ORIENTED_EDGE('',*,*,#1299,.F.);
#1693=ORIENTED_EDGE('',*,*,#1304,.T.);
#1694=ORIENTED_EDGE('',*,*,#1305,.T.);
#1695=ORIENTED_EDGE('',*,*,#1306,.T.);
#1696=ORIENTED_EDGE('',*,*,#1302,.F.);
#1697=ORIENTED_EDGE('',*,*,#1307,.T.);
#1698=ORIENTED_EDGE('',*,*,#1308,.T.);
#1699=ORIENTED_EDGE('',*,*,#1309,.T.);
#1700=ORIENTED_EDGE('',*,*,#1305,.F.);
#1701=ORIENTED_EDGE('',*,*,#1310,.T.);
#1702=ORIENTED_EDGE('',*,*,#1311,.T.);
#1703=ORIENTED_EDGE('',*,*,#1312,.T.);
#1704=ORIENTED_EDGE('',*,*,#1308,.F.);
#1705=ORIENTED_EDGE('',*,*,#1313,.T.);
#1706=ORIENTED_EDGE('',*,*,#1314,.T.);
#1707=ORIENTED_EDGE('',*,*,#1311,.F.);
#1708=ORIENTED_EDGE('',*,*,#1315,.T.);
#1709=ORIENTED_EDGE('',*,*,#1270,.F.);
#1710=ORIENTED_EDGE('',*,*,#1316,.T.);
#1711=ORIENTED_EDGE('',*,*,#1317,.T.);
#1712=ORIENTED_EDGE('',*,*,#1318,.T.);
#1713=ORIENTED_EDGE('',*,*,#1274,.F.);
#1714=ORIENTED_EDGE('',*,*,#1267,.F.);
#1715=ORIENTED_EDGE('',*,*,#1319,.F.);
#1716=ORIENTED_EDGE('',*,*,#1320,.T.);
#1717=ORIENTED_EDGE('',*,*,#1321,.F.);
#1718=ORIENTED_EDGE('',*,*,#1322,.F.);
#1719=ORIENTED_EDGE('',*,*,#1323,.F.);
#1720=ORIENTED_EDGE('',*,*,#1315,.F.);
#1721=ORIENTED_EDGE('',*,*,#1324,.F.);
#1722=ORIENTED_EDGE('',*,*,#1325,.T.);
#1723=ORIENTED_EDGE('',*,*,#1319,.T.);
#1724=ORIENTED_EDGE('',*,*,#1313,.F.);
#1725=ORIENTED_EDGE('',*,*,#1326,.F.);
#1726=ORIENTED_EDGE('',*,*,#1327,.T.);
#1727=ORIENTED_EDGE('',*,*,#1324,.T.);
#1728=ORIENTED_EDGE('',*,*,#1310,.F.);
#1729=ORIENTED_EDGE('',*,*,#1328,.F.);
#1730=ORIENTED_EDGE('',*,*,#1329,.T.);
#1731=ORIENTED_EDGE('',*,*,#1326,.T.);
#1732=ORIENTED_EDGE('',*,*,#1307,.F.);
#1733=ORIENTED_EDGE('',*,*,#1330,.F.);
#1734=ORIENTED_EDGE('',*,*,#1331,.T.);
#1735=ORIENTED_EDGE('',*,*,#1328,.T.);
#1736=ORIENTED_EDGE('',*,*,#1304,.F.);
#1737=ORIENTED_EDGE('',*,*,#1332,.F.);
#1738=ORIENTED_EDGE('',*,*,#1333,.T.);
#1739=ORIENTED_EDGE('',*,*,#1330,.T.);
#1740=ORIENTED_EDGE('',*,*,#1301,.F.);
#1741=ORIENTED_EDGE('',*,*,#1334,.F.);
#1742=ORIENTED_EDGE('',*,*,#1335,.T.);
#1743=ORIENTED_EDGE('',*,*,#1332,.T.);
#1744=ORIENTED_EDGE('',*,*,#1298,.F.);
#1745=ORIENTED_EDGE('',*,*,#1336,.F.);
#1746=ORIENTED_EDGE('',*,*,#1337,.T.);
#1747=ORIENTED_EDGE('',*,*,#1334,.T.);
#1748=ORIENTED_EDGE('',*,*,#1295,.F.);
#1749=ORIENTED_EDGE('',*,*,#1338,.F.);
#1750=ORIENTED_EDGE('',*,*,#1339,.T.);
#1751=ORIENTED_EDGE('',*,*,#1336,.T.);
#1752=ORIENTED_EDGE('',*,*,#1292,.F.);
#1753=ORIENTED_EDGE('',*,*,#1340,.T.);
#1754=ORIENTED_EDGE('',*,*,#1341,.T.);
#1755=ORIENTED_EDGE('',*,*,#1338,.T.);
#1756=ORIENTED_EDGE('',*,*,#1289,.F.);
#1757=ORIENTED_EDGE('',*,*,#1342,.F.);
#1758=ORIENTED_EDGE('',*,*,#1343,.T.);
#1759=ORIENTED_EDGE('',*,*,#1344,.T.);
#1760=ORIENTED_EDGE('',*,*,#1345,.T.);
#1761=ORIENTED_EDGE('',*,*,#1346,.T.);
#1762=ORIENTED_EDGE('',*,*,#1340,.F.);
#1763=ORIENTED_EDGE('',*,*,#1286,.F.);
#1764=ORIENTED_EDGE('',*,*,#1347,.F.);
#1765=ORIENTED_EDGE('',*,*,#1348,.T.);
#1766=ORIENTED_EDGE('',*,*,#1349,.T.);
#1767=ORIENTED_EDGE('',*,*,#1342,.T.);
#1768=ORIENTED_EDGE('',*,*,#1283,.F.);
#1769=ORIENTED_EDGE('',*,*,#1350,.T.);
#1770=ORIENTED_EDGE('',*,*,#1351,.T.);
#1771=ORIENTED_EDGE('',*,*,#1352,.T.);
#1772=ORIENTED_EDGE('',*,*,#1353,.T.);
#1773=ORIENTED_EDGE('',*,*,#1354,.T.);
#1774=ORIENTED_EDGE('',*,*,#1355,.T.);
#1775=ORIENTED_EDGE('',*,*,#1356,.T.);
#1776=ORIENTED_EDGE('',*,*,#1347,.T.);
#1777=ORIENTED_EDGE('',*,*,#1280,.F.);
#1778=ORIENTED_EDGE('',*,*,#1357,.T.);
#1779=ORIENTED_EDGE('',*,*,#1358,.T.);
#1780=ORIENTED_EDGE('',*,*,#1350,.F.);
#1781=ORIENTED_EDGE('',*,*,#1268,.F.);
#1782=ORIENTED_EDGE('',*,*,#1323,.T.);
#1783=ORIENTED_EDGE('',*,*,#1359,.T.);
#1784=ORIENTED_EDGE('',*,*,#1360,.T.);
#1785=ORIENTED_EDGE('',*,*,#1361,.T.);
#1786=ORIENTED_EDGE('',*,*,#1362,.F.);
#1787=ORIENTED_EDGE('',*,*,#1317,.F.);
#1788=ORIENTED_EDGE('',*,*,#1363,.T.);
#1789=ORIENTED_EDGE('',*,*,#1364,.F.);
#1790=ORIENTED_EDGE('',*,*,#1365,.F.);
#1791=ORIENTED_EDGE('',*,*,#1277,.F.);
#1792=ORIENTED_EDGE('',*,*,#1366,.F.);
#1793=ORIENTED_EDGE('',*,*,#1367,.T.);
#1794=ORIENTED_EDGE('',*,*,#1368,.T.);
#1795=ORIENTED_EDGE('',*,*,#1369,.T.);
#1796=ORIENTED_EDGE('',*,*,#1370,.T.);
#1797=ORIENTED_EDGE('',*,*,#1357,.F.);
#1798=ORIENTED_EDGE('',*,*,#1271,.F.);
#1799=ORIENTED_EDGE('',*,*,#1371,.F.);
#1800=ORIENTED_EDGE('',*,*,#1372,.T.);
#1801=ORIENTED_EDGE('',*,*,#1366,.T.);
#1802=ORIENTED_EDGE('',*,*,#1269,.F.);
#1803=ORIENTED_EDGE('',*,*,#1363,.F.);
#1804=ORIENTED_EDGE('',*,*,#1316,.F.);
#1805=ORIENTED_EDGE('',*,*,#1273,.F.);
#1806=ORIENTED_EDGE('',*,*,#1276,.F.);
#1807=ORIENTED_EDGE('',*,*,#1279,.F.);
#1808=ORIENTED_EDGE('',*,*,#1282,.F.);
#1809=ORIENTED_EDGE('',*,*,#1285,.F.);
#1810=ORIENTED_EDGE('',*,*,#1288,.F.);
#1811=ORIENTED_EDGE('',*,*,#1291,.F.);
#1812=ORIENTED_EDGE('',*,*,#1294,.F.);
#1813=ORIENTED_EDGE('',*,*,#1297,.F.);
#1814=ORIENTED_EDGE('',*,*,#1300,.F.);
#1815=ORIENTED_EDGE('',*,*,#1303,.F.);
#1816=ORIENTED_EDGE('',*,*,#1306,.F.);
#1817=ORIENTED_EDGE('',*,*,#1309,.F.);
#1818=ORIENTED_EDGE('',*,*,#1312,.F.);
#1819=ORIENTED_EDGE('',*,*,#1314,.F.);
#1820=ORIENTED_EDGE('',*,*,#1373,.T.);
#1821=ORIENTED_EDGE('',*,*,#1374,.F.);
#1822=ORIENTED_EDGE('',*,*,#1375,.T.);
#1823=ORIENTED_EDGE('',*,*,#1376,.T.);
#1824=ORIENTED_EDGE('',*,*,#1377,.F.);
#1825=ORIENTED_EDGE('',*,*,#1378,.T.);
#1826=ORIENTED_EDGE('',*,*,#1318,.F.);
#1827=ORIENTED_EDGE('',*,*,#1362,.T.);
#1828=ORIENTED_EDGE('',*,*,#1379,.T.);
#1829=ORIENTED_EDGE('',*,*,#1380,.F.);
#1830=ORIENTED_EDGE('',*,*,#1381,.T.);
#1831=ORIENTED_EDGE('',*,*,#1371,.T.);
#1832=ORIENTED_EDGE('',*,*,#1382,.T.);
#1833=ORIENTED_EDGE('',*,*,#1383,.T.);
#1834=ORIENTED_EDGE('',*,*,#1384,.T.);
#1835=ORIENTED_EDGE('',*,*,#1385,.T.);
#1836=ORIENTED_EDGE('',*,*,#1383,.F.);
#1837=ORIENTED_EDGE('',*,*,#1386,.T.);
#1838=ORIENTED_EDGE('',*,*,#1387,.T.);
#1839=ORIENTED_EDGE('',*,*,#1388,.T.);
#1840=ORIENTED_EDGE('',*,*,#1389,.T.);
#1841=ORIENTED_EDGE('',*,*,#1387,.F.);
#1842=ORIENTED_EDGE('',*,*,#1390,.T.);
#1843=ORIENTED_EDGE('',*,*,#1391,.T.);
#1844=ORIENTED_EDGE('',*,*,#1365,.T.);
#1845=ORIENTED_EDGE('',*,*,#1391,.F.);
#1846=ORIENTED_EDGE('',*,*,#1392,.T.);
#1847=ORIENTED_EDGE('',*,*,#1393,.T.);
#1848=ORIENTED_EDGE('',*,*,#1364,.T.);
#1849=ORIENTED_EDGE('',*,*,#1393,.F.);
#1850=ORIENTED_EDGE('',*,*,#1394,.F.);
#1851=ORIENTED_EDGE('',*,*,#1395,.F.);
#1852=ORIENTED_EDGE('',*,*,#1396,.T.);
#1853=ORIENTED_EDGE('',*,*,#1397,.T.);
#1854=ORIENTED_EDGE('',*,*,#1398,.F.);
#1855=ORIENTED_EDGE('',*,*,#1399,.F.);
#1856=ORIENTED_EDGE('',*,*,#1400,.F.);
#1857=ORIENTED_EDGE('',*,*,#1401,.F.);
#1858=ORIENTED_EDGE('',*,*,#1402,.T.);
#1859=ORIENTED_EDGE('',*,*,#1396,.F.);
#1860=ORIENTED_EDGE('',*,*,#1403,.F.);
#1861=ORIENTED_EDGE('',*,*,#1404,.F.);
#1862=ORIENTED_EDGE('',*,*,#1405,.T.);
#1863=ORIENTED_EDGE('',*,*,#1406,.F.);
#1864=ORIENTED_EDGE('',*,*,#1397,.F.);
#1865=ORIENTED_EDGE('',*,*,#1402,.F.);
#1866=ORIENTED_EDGE('',*,*,#1407,.F.);
#1867=ORIENTED_EDGE('',*,*,#1408,.F.);
#1868=ORIENTED_EDGE('',*,*,#1409,.F.);
#1869=ORIENTED_EDGE('',*,*,#1410,.F.);
#1870=ORIENTED_EDGE('',*,*,#1405,.F.);
#1871=ORIENTED_EDGE('',*,*,#1411,.T.);
#1872=ORIENTED_EDGE('',*,*,#1412,.T.);
#1873=ORIENTED_EDGE('',*,*,#1413,.T.);
#1874=ORIENTED_EDGE('',*,*,#1412,.F.);
#1875=ORIENTED_EDGE('',*,*,#1394,.T.);
#1876=ORIENTED_EDGE('',*,*,#1395,.T.);
#1877=ORIENTED_EDGE('',*,*,#1414,.T.);
#1878=ORIENTED_EDGE('',*,*,#1415,.F.);
#1879=ORIENTED_EDGE('',*,*,#1414,.F.);
#1880=ORIENTED_EDGE('',*,*,#1416,.T.);
#1881=ORIENTED_EDGE('',*,*,#1417,.T.);
#1882=ORIENTED_EDGE('',*,*,#1418,.T.);
#1883=ORIENTED_EDGE('',*,*,#1417,.F.);
#1884=ORIENTED_EDGE('',*,*,#1403,.T.);
#1885=ORIENTED_EDGE('',*,*,#1404,.T.);
#1886=ORIENTED_EDGE('',*,*,#1419,.T.);
#1887=ORIENTED_EDGE('',*,*,#1420,.F.);
#1888=ORIENTED_EDGE('',*,*,#1419,.F.);
#1889=ORIENTED_EDGE('',*,*,#1421,.F.);
#1890=ORIENTED_EDGE('',*,*,#1422,.T.);
#1891=ORIENTED_EDGE('',*,*,#1423,.F.);
#1892=ORIENTED_EDGE('',*,*,#1424,.F.);
#1893=ORIENTED_EDGE('',*,*,#1425,.F.);
#1894=ORIENTED_EDGE('',*,*,#1426,.T.);
#1895=ORIENTED_EDGE('',*,*,#1427,.T.);
#1896=ORIENTED_EDGE('',*,*,#1428,.F.);
#1897=ORIENTED_EDGE('',*,*,#1429,.T.);
#1898=ORIENTED_EDGE('',*,*,#1430,.T.);
#1899=ORIENTED_EDGE('',*,*,#1431,.T.);
#1900=ORIENTED_EDGE('',*,*,#1430,.F.);
#1901=ORIENTED_EDGE('',*,*,#1432,.T.);
#1902=ORIENTED_EDGE('',*,*,#1433,.T.);
#1903=ORIENTED_EDGE('',*,*,#1421,.T.);
#1904=ORIENTED_EDGE('',*,*,#1434,.T.);
#1905=ORIENTED_EDGE('',*,*,#1435,.F.);
#1906=ORIENTED_EDGE('',*,*,#1434,.F.);
#1907=ORIENTED_EDGE('',*,*,#1428,.T.);
#1908=ORIENTED_EDGE('',*,*,#1436,.T.);
#1909=ORIENTED_EDGE('',*,*,#1437,.T.);
#1910=ORIENTED_EDGE('',*,*,#1438,.T.);
#1911=ORIENTED_EDGE('',*,*,#1439,.T.);
#1912=ORIENTED_EDGE('',*,*,#1440,.T.);
#1913=ORIENTED_EDGE('',*,*,#1441,.T.);
#1914=ORIENTED_EDGE('',*,*,#1440,.F.);
#1915=ORIENTED_EDGE('',*,*,#1442,.T.);
#1916=ORIENTED_EDGE('',*,*,#1443,.T.);
#1917=ORIENTED_EDGE('',*,*,#1444,.T.);
#1918=ORIENTED_EDGE('',*,*,#1445,.T.);
#1919=ORIENTED_EDGE('',*,*,#1446,.T.);
#1920=ORIENTED_EDGE('',*,*,#1447,.T.);
#1921=ORIENTED_EDGE('',*,*,#1448,.F.);
#1922=ORIENTED_EDGE('',*,*,#1447,.F.);
#1923=ORIENTED_EDGE('',*,*,#1449,.T.);
#1924=ORIENTED_EDGE('',*,*,#1450,.T.);
#1925=ORIENTED_EDGE('',*,*,#1451,.T.);
#1926=ORIENTED_EDGE('',*,*,#1378,.F.);
#1927=ORIENTED_EDGE('',*,*,#1452,.T.);
#1928=ORIENTED_EDGE('',*,*,#1453,.T.);
#1929=ORIENTED_EDGE('',*,*,#1454,.T.);
#1930=ORIENTED_EDGE('',*,*,#1455,.T.);
#1931=ORIENTED_EDGE('',*,*,#1456,.T.);
#1932=ORIENTED_EDGE('',*,*,#1457,.T.);
#1933=ORIENTED_EDGE('',*,*,#1458,.T.);
#1934=ORIENTED_EDGE('',*,*,#1452,.F.);
#1935=ORIENTED_EDGE('',*,*,#1376,.F.);
#1936=ORIENTED_EDGE('',*,*,#1459,.T.);
#1937=ORIENTED_EDGE('',*,*,#1460,.F.);
#1938=ORIENTED_EDGE('',*,*,#1459,.F.);
#1939=ORIENTED_EDGE('',*,*,#1375,.F.);
#1940=ORIENTED_EDGE('',*,*,#1461,.T.);
#1941=ORIENTED_EDGE('',*,*,#1462,.F.);
#1942=ORIENTED_EDGE('',*,*,#1461,.F.);
#1943=ORIENTED_EDGE('',*,*,#1463,.F.);
#1944=ORIENTED_EDGE('',*,*,#1464,.T.);
#1945=ORIENTED_EDGE('',*,*,#1377,.T.);
#1946=ORIENTED_EDGE('',*,*,#1464,.F.);
#1947=ORIENTED_EDGE('',*,*,#1465,.F.);
#1948=ORIENTED_EDGE('',*,*,#1466,.T.);
#1949=ORIENTED_EDGE('',*,*,#1374,.T.);
#1950=ORIENTED_EDGE('',*,*,#1466,.F.);
#1951=ORIENTED_EDGE('',*,*,#1467,.T.);
#1952=ORIENTED_EDGE('',*,*,#1468,.T.);
#1953=ORIENTED_EDGE('',*,*,#1373,.F.);
#1954=ORIENTED_EDGE('',*,*,#1468,.F.);
#1955=ORIENTED_EDGE('',*,*,#1469,.T.);
#1956=ORIENTED_EDGE('',*,*,#1470,.T.);
#1957=ORIENTED_EDGE('',*,*,#1471,.T.);
#1958=ORIENTED_EDGE('',*,*,#1472,.T.);
#1959=ORIENTED_EDGE('',*,*,#1473,.F.);
#1960=ORIENTED_EDGE('',*,*,#1474,.T.);
#1961=ORIENTED_EDGE('',*,*,#1389,.F.);
#1962=ORIENTED_EDGE('',*,*,#1388,.F.);
#1963=ORIENTED_EDGE('',*,*,#1385,.F.);
#1964=ORIENTED_EDGE('',*,*,#1384,.F.);
#1965=ORIENTED_EDGE('',*,*,#1475,.T.);
#1966=ORIENTED_EDGE('',*,*,#1380,.T.);
#1967=ORIENTED_EDGE('',*,*,#1476,.T.);
#1968=ORIENTED_EDGE('',*,*,#1477,.F.);
#1969=ORIENTED_EDGE('',*,*,#1474,.F.);
#1970=ORIENTED_EDGE('',*,*,#1478,.F.);
#1971=ORIENTED_EDGE('',*,*,#1479,.T.);
#1972=ORIENTED_EDGE('',*,*,#1321,.T.);
#1973=ORIENTED_EDGE('',*,*,#1480,.T.);
#1974=ORIENTED_EDGE('',*,*,#1481,.T.);
#1975=ORIENTED_EDGE('',*,*,#1482,.T.);
#1976=ORIENTED_EDGE('',*,*,#1483,.T.);
#1977=ORIENTED_EDGE('',*,*,#1484,.T.);
#1978=ORIENTED_EDGE('',*,*,#1485,.T.);
#1979=ORIENTED_EDGE('',*,*,#1486,.T.);
#1980=ORIENTED_EDGE('',*,*,#1487,.T.);
#1981=ORIENTED_EDGE('',*,*,#1488,.T.);
#1982=ORIENTED_EDGE('',*,*,#1489,.T.);
#1983=ORIENTED_EDGE('',*,*,#1490,.T.);
#1984=ORIENTED_EDGE('',*,*,#1453,.F.);
#1985=ORIENTED_EDGE('',*,*,#1458,.F.);
#1986=ORIENTED_EDGE('',*,*,#1491,.T.);
#1987=ORIENTED_EDGE('',*,*,#1492,.T.);
#1988=ORIENTED_EDGE('',*,*,#1493,.F.);
#1989=ORIENTED_EDGE('',*,*,#1494,.F.);
#1990=ORIENTED_EDGE('',*,*,#1495,.F.);
#1991=ORIENTED_EDGE('',*,*,#1496,.F.);
#1992=ORIENTED_EDGE('',*,*,#1497,.F.);
#1993=ORIENTED_EDGE('',*,*,#1498,.F.);
#1994=ORIENTED_EDGE('',*,*,#1499,.F.);
#1995=ORIENTED_EDGE('',*,*,#1500,.F.);
#1996=ORIENTED_EDGE('',*,*,#1501,.F.);
#1997=ORIENTED_EDGE('',*,*,#1502,.F.);
#1998=ORIENTED_EDGE('',*,*,#1503,.F.);
#1999=ORIENTED_EDGE('',*,*,#1504,.F.);
#2000=ORIENTED_EDGE('',*,*,#1505,.F.);
#2001=ORIENTED_EDGE('',*,*,#1506,.F.);
#2002=ORIENTED_EDGE('',*,*,#1507,.F.);
#2003=ORIENTED_EDGE('',*,*,#1508,.F.);
#2004=ORIENTED_EDGE('',*,*,#1509,.F.);
#2005=ORIENTED_EDGE('',*,*,#1510,.F.);
#2006=ORIENTED_EDGE('',*,*,#1511,.F.);
#2007=ORIENTED_EDGE('',*,*,#1512,.F.);
#2008=ORIENTED_EDGE('',*,*,#1513,.F.);
#2009=ORIENTED_EDGE('',*,*,#1514,.F.);
#2010=ORIENTED_EDGE('',*,*,#1515,.F.);
#2011=ORIENTED_EDGE('',*,*,#1516,.F.);
#2012=ORIENTED_EDGE('',*,*,#1517,.F.);
#2013=ORIENTED_EDGE('',*,*,#1398,.T.);
#2014=ORIENTED_EDGE('',*,*,#1406,.T.);
#2015=ORIENTED_EDGE('',*,*,#1410,.T.);
#2016=ORIENTED_EDGE('',*,*,#1518,.F.);
#2017=ORIENTED_EDGE('',*,*,#1519,.F.);
#2018=ORIENTED_EDGE('',*,*,#1520,.F.);
#2019=ORIENTED_EDGE('',*,*,#1407,.T.);
#2020=ORIENTED_EDGE('',*,*,#1401,.T.);
#2021=ORIENTED_EDGE('',*,*,#1521,.F.);
#2022=ORIENTED_EDGE('',*,*,#1522,.F.);
#2023=ORIENTED_EDGE('',*,*,#1523,.T.);
#2024=ORIENTED_EDGE('',*,*,#1524,.T.);
#2025=ORIENTED_EDGE('',*,*,#1425,.T.);
#2026=ORIENTED_EDGE('',*,*,#1456,.F.);
#2027=ORIENTED_EDGE('',*,*,#1525,.T.);
#2028=ORIENTED_EDGE('',*,*,#1423,.T.);
#2029=ORIENTED_EDGE('',*,*,#1526,.T.);
#2030=ORIENTED_EDGE('',*,*,#1527,.T.);
#2031=ORIENTED_EDGE('',*,*,#1528,.T.);
#2032=ORIENTED_EDGE('',*,*,#1529,.T.);
#2033=ORIENTED_EDGE('',*,*,#1530,.T.);
#2034=ORIENTED_EDGE('',*,*,#1531,.T.);
#2035=ORIENTED_EDGE('',*,*,#1460,.T.);
#2036=ORIENTED_EDGE('',*,*,#1493,.T.);
#2037=ORIENTED_EDGE('',*,*,#1532,.F.);
#2038=ORIENTED_EDGE('',*,*,#1526,.F.);
#2039=ORIENTED_EDGE('',*,*,#1533,.T.);
#2040=ORIENTED_EDGE('',*,*,#1494,.T.);
#2041=ORIENTED_EDGE('',*,*,#1533,.F.);
#2042=ORIENTED_EDGE('',*,*,#1531,.F.);
#2043=ORIENTED_EDGE('',*,*,#1534,.T.);
#2044=ORIENTED_EDGE('',*,*,#1495,.T.);
#2045=ORIENTED_EDGE('',*,*,#1534,.F.);
#2046=ORIENTED_EDGE('',*,*,#1530,.F.);
#2047=ORIENTED_EDGE('',*,*,#1535,.T.);
#2048=ORIENTED_EDGE('',*,*,#1496,.T.);
#2049=ORIENTED_EDGE('',*,*,#1535,.F.);
#2050=ORIENTED_EDGE('',*,*,#1529,.F.);
#2051=ORIENTED_EDGE('',*,*,#1536,.T.);
#2052=ORIENTED_EDGE('',*,*,#1497,.T.);
#2053=ORIENTED_EDGE('',*,*,#1536,.F.);
#2054=ORIENTED_EDGE('',*,*,#1528,.F.);
#2055=ORIENTED_EDGE('',*,*,#1537,.T.);
#2056=ORIENTED_EDGE('',*,*,#1498,.T.);
#2057=ORIENTED_EDGE('',*,*,#1537,.F.);
#2058=ORIENTED_EDGE('',*,*,#1527,.F.);
#2059=ORIENTED_EDGE('',*,*,#1532,.T.);
#2060=ORIENTED_EDGE('',*,*,#1538,.T.);
#2061=ORIENTED_EDGE('',*,*,#1539,.T.);
#2062=ORIENTED_EDGE('',*,*,#1540,.T.);
#2063=ORIENTED_EDGE('',*,*,#1541,.T.);
#2064=ORIENTED_EDGE('',*,*,#1542,.T.);
#2065=ORIENTED_EDGE('',*,*,#1543,.T.);
#2066=ORIENTED_EDGE('',*,*,#1462,.T.);
#2067=ORIENTED_EDGE('',*,*,#1499,.T.);
#2068=ORIENTED_EDGE('',*,*,#1544,.F.);
#2069=ORIENTED_EDGE('',*,*,#1538,.F.);
#2070=ORIENTED_EDGE('',*,*,#1545,.T.);
#2071=ORIENTED_EDGE('',*,*,#1500,.T.);
#2072=ORIENTED_EDGE('',*,*,#1545,.F.);
#2073=ORIENTED_EDGE('',*,*,#1543,.F.);
#2074=ORIENTED_EDGE('',*,*,#1546,.T.);
#2075=ORIENTED_EDGE('',*,*,#1501,.T.);
#2076=ORIENTED_EDGE('',*,*,#1546,.F.);
#2077=ORIENTED_EDGE('',*,*,#1542,.F.);
#2078=ORIENTED_EDGE('',*,*,#1547,.T.);
#2079=ORIENTED_EDGE('',*,*,#1502,.T.);
#2080=ORIENTED_EDGE('',*,*,#1547,.F.);
#2081=ORIENTED_EDGE('',*,*,#1541,.F.);
#2082=ORIENTED_EDGE('',*,*,#1548,.T.);
#2083=ORIENTED_EDGE('',*,*,#1503,.T.);
#2084=ORIENTED_EDGE('',*,*,#1548,.F.);
#2085=ORIENTED_EDGE('',*,*,#1540,.F.);
#2086=ORIENTED_EDGE('',*,*,#1549,.T.);
#2087=ORIENTED_EDGE('',*,*,#1504,.T.);
#2088=ORIENTED_EDGE('',*,*,#1549,.F.);
#2089=ORIENTED_EDGE('',*,*,#1539,.F.);
#2090=ORIENTED_EDGE('',*,*,#1544,.T.);
#2091=ORIENTED_EDGE('',*,*,#1550,.T.);
#2092=ORIENTED_EDGE('',*,*,#1551,.T.);
#2093=ORIENTED_EDGE('',*,*,#1552,.T.);
#2094=ORIENTED_EDGE('',*,*,#1553,.T.);
#2095=ORIENTED_EDGE('',*,*,#1554,.T.);
#2096=ORIENTED_EDGE('',*,*,#1555,.T.);
#2097=ORIENTED_EDGE('',*,*,#1463,.T.);
#2098=ORIENTED_EDGE('',*,*,#1520,.T.);
#2099=ORIENTED_EDGE('',*,*,#1556,.F.);
#2100=ORIENTED_EDGE('',*,*,#1550,.F.);
#2101=ORIENTED_EDGE('',*,*,#1557,.T.);
#2102=ORIENTED_EDGE('',*,*,#1558,.T.);
#2103=ORIENTED_EDGE('',*,*,#1399,.T.);
#2104=ORIENTED_EDGE('',*,*,#1517,.T.);
#2105=ORIENTED_EDGE('',*,*,#1557,.F.);
#2106=ORIENTED_EDGE('',*,*,#1555,.F.);
#2107=ORIENTED_EDGE('',*,*,#1521,.T.);
#2108=ORIENTED_EDGE('',*,*,#1400,.T.);
#2109=ORIENTED_EDGE('',*,*,#1558,.F.);
#2110=ORIENTED_EDGE('',*,*,#1554,.F.);
#2111=ORIENTED_EDGE('',*,*,#1559,.T.);
#2112=ORIENTED_EDGE('',*,*,#1560,.T.);
#2113=ORIENTED_EDGE('',*,*,#1408,.T.);
#2114=ORIENTED_EDGE('',*,*,#1522,.T.);
#2115=ORIENTED_EDGE('',*,*,#1559,.F.);
#2116=ORIENTED_EDGE('',*,*,#1553,.F.);
#2117=ORIENTED_EDGE('',*,*,#1518,.T.);
#2118=ORIENTED_EDGE('',*,*,#1409,.T.);
#2119=ORIENTED_EDGE('',*,*,#1560,.F.);
#2120=ORIENTED_EDGE('',*,*,#1552,.F.);
#2121=ORIENTED_EDGE('',*,*,#1561,.T.);
#2122=ORIENTED_EDGE('',*,*,#1519,.T.);
#2123=ORIENTED_EDGE('',*,*,#1561,.F.);
#2124=ORIENTED_EDGE('',*,*,#1551,.F.);
#2125=ORIENTED_EDGE('',*,*,#1556,.T.);
#2126=ORIENTED_EDGE('',*,*,#1562,.T.);
#2127=ORIENTED_EDGE('',*,*,#1563,.T.);
#2128=ORIENTED_EDGE('',*,*,#1564,.T.);
#2129=ORIENTED_EDGE('',*,*,#1565,.T.);
#2130=ORIENTED_EDGE('',*,*,#1566,.T.);
#2131=ORIENTED_EDGE('',*,*,#1567,.T.);
#2132=ORIENTED_EDGE('',*,*,#1465,.T.);
#2133=ORIENTED_EDGE('',*,*,#1505,.T.);
#2134=ORIENTED_EDGE('',*,*,#1568,.F.);
#2135=ORIENTED_EDGE('',*,*,#1562,.F.);
#2136=ORIENTED_EDGE('',*,*,#1569,.T.);
#2137=ORIENTED_EDGE('',*,*,#1506,.T.);
#2138=ORIENTED_EDGE('',*,*,#1569,.F.);
#2139=ORIENTED_EDGE('',*,*,#1567,.F.);
#2140=ORIENTED_EDGE('',*,*,#1570,.T.);
#2141=ORIENTED_EDGE('',*,*,#1507,.T.);
#2142=ORIENTED_EDGE('',*,*,#1570,.F.);
#2143=ORIENTED_EDGE('',*,*,#1566,.F.);
#2144=ORIENTED_EDGE('',*,*,#1571,.T.);
#2145=ORIENTED_EDGE('',*,*,#1508,.T.);
#2146=ORIENTED_EDGE('',*,*,#1571,.F.);
#2147=ORIENTED_EDGE('',*,*,#1565,.F.);
#2148=ORIENTED_EDGE('',*,*,#1572,.T.);
#2149=ORIENTED_EDGE('',*,*,#1509,.T.);
#2150=ORIENTED_EDGE('',*,*,#1572,.F.);
#2151=ORIENTED_EDGE('',*,*,#1564,.F.);
#2152=ORIENTED_EDGE('',*,*,#1573,.T.);
#2153=ORIENTED_EDGE('',*,*,#1510,.T.);
#2154=ORIENTED_EDGE('',*,*,#1573,.F.);
#2155=ORIENTED_EDGE('',*,*,#1563,.F.);
#2156=ORIENTED_EDGE('',*,*,#1568,.T.);
#2157=ORIENTED_EDGE('',*,*,#1511,.T.);
#2158=ORIENTED_EDGE('',*,*,#1574,.F.);
#2159=ORIENTED_EDGE('',*,*,#1575,.F.);
#2160=ORIENTED_EDGE('',*,*,#1576,.T.);
#2161=ORIENTED_EDGE('',*,*,#1512,.T.);
#2162=ORIENTED_EDGE('',*,*,#1576,.F.);
#2163=ORIENTED_EDGE('',*,*,#1577,.F.);
#2164=ORIENTED_EDGE('',*,*,#1578,.T.);
#2165=ORIENTED_EDGE('',*,*,#1513,.T.);
#2166=ORIENTED_EDGE('',*,*,#1578,.F.);
#2167=ORIENTED_EDGE('',*,*,#1579,.F.);
#2168=ORIENTED_EDGE('',*,*,#1580,.T.);
#2169=ORIENTED_EDGE('',*,*,#1514,.T.);
#2170=ORIENTED_EDGE('',*,*,#1580,.F.);
#2171=ORIENTED_EDGE('',*,*,#1581,.F.);
#2172=ORIENTED_EDGE('',*,*,#1582,.T.);
#2173=ORIENTED_EDGE('',*,*,#1515,.T.);
#2174=ORIENTED_EDGE('',*,*,#1582,.F.);
#2175=ORIENTED_EDGE('',*,*,#1583,.F.);
#2176=ORIENTED_EDGE('',*,*,#1584,.T.);
#2177=ORIENTED_EDGE('',*,*,#1516,.T.);
#2178=ORIENTED_EDGE('',*,*,#1584,.F.);
#2179=ORIENTED_EDGE('',*,*,#1585,.F.);
#2180=ORIENTED_EDGE('',*,*,#1574,.T.);
#2181=ORIENTED_EDGE('',*,*,#1575,.T.);
#2182=ORIENTED_EDGE('',*,*,#1585,.T.);
#2183=ORIENTED_EDGE('',*,*,#1583,.T.);
#2184=ORIENTED_EDGE('',*,*,#1581,.T.);
#2185=ORIENTED_EDGE('',*,*,#1579,.T.);
#2186=ORIENTED_EDGE('',*,*,#1577,.T.);
#2187=ORIENTED_EDGE('',*,*,#1467,.F.);
#2188=ORIENTED_EDGE('',*,*,#1448,.T.);
#2189=ORIENTED_EDGE('',*,*,#1439,.F.);
#2190=ORIENTED_EDGE('',*,*,#1441,.F.);
#2191=ORIENTED_EDGE('',*,*,#1435,.T.);
#2192=ORIENTED_EDGE('',*,*,#1429,.F.);
#2193=ORIENTED_EDGE('',*,*,#1431,.F.);
#2194=ORIENTED_EDGE('',*,*,#1586,.F.);
#2195=ORIENTED_EDGE('',*,*,#1587,.T.);
#2196=ORIENTED_EDGE('',*,*,#1588,.F.);
#2197=ORIENTED_EDGE('',*,*,#1438,.F.);
#2198=ORIENTED_EDGE('',*,*,#1588,.T.);
#2199=ORIENTED_EDGE('',*,*,#1589,.T.);
#2200=ORIENTED_EDGE('',*,*,#1491,.F.);
#2201=ORIENTED_EDGE('',*,*,#1590,.F.);
#2202=ORIENTED_EDGE('',*,*,#1432,.F.);
#2203=ORIENTED_EDGE('',*,*,#1591,.T.);
#2204=ORIENTED_EDGE('',*,*,#1592,.T.);
#2205=ORIENTED_EDGE('',*,*,#1586,.T.);
#2206=ORIENTED_EDGE('',*,*,#1437,.F.);
#2207=ORIENTED_EDGE('',*,*,#1593,.F.);
#2208=ORIENTED_EDGE('',*,*,#1594,.T.);
#2209=ORIENTED_EDGE('',*,*,#1590,.T.);
#2210=ORIENTED_EDGE('',*,*,#1457,.F.);
#2211=ORIENTED_EDGE('',*,*,#1422,.F.);
#2212=ORIENTED_EDGE('',*,*,#1433,.F.);
#2213=ORIENTED_EDGE('',*,*,#1427,.F.);
#2214=ORIENTED_EDGE('',*,*,#1595,.T.);
#2215=ORIENTED_EDGE('',*,*,#1593,.T.);
#2216=ORIENTED_EDGE('',*,*,#1436,.F.);
#2217=ORIENTED_EDGE('',*,*,#1455,.F.);
#2218=ORIENTED_EDGE('',*,*,#1443,.F.);
#2219=ORIENTED_EDGE('',*,*,#1596,.F.);
#2220=ORIENTED_EDGE('',*,*,#1597,.F.);
#2221=ORIENTED_EDGE('',*,*,#1598,.T.);
#2222=ORIENTED_EDGE('',*,*,#1523,.F.);
#2223=ORIENTED_EDGE('',*,*,#1424,.T.);
#2224=ORIENTED_EDGE('',*,*,#1525,.F.);
#2225=ORIENTED_EDGE('',*,*,#1596,.T.);
#2226=ORIENTED_EDGE('',*,*,#1442,.F.);
#2227=ORIENTED_EDGE('',*,*,#1599,.T.);
#2228=ORIENTED_EDGE('',*,*,#1600,.T.);
#2229=ORIENTED_EDGE('',*,*,#1597,.T.);
#2230=ORIENTED_EDGE('',*,*,#1451,.F.);
#2231=ORIENTED_EDGE('',*,*,#1601,.F.);
#2232=ORIENTED_EDGE('',*,*,#1602,.F.);
#2233=ORIENTED_EDGE('',*,*,#1603,.T.);
#2234=ORIENTED_EDGE('',*,*,#1604,.T.);
#2235=ORIENTED_EDGE('',*,*,#1601,.T.);
#2236=ORIENTED_EDGE('',*,*,#1450,.F.);
#2237=ORIENTED_EDGE('',*,*,#1605,.F.);
#2238=ORIENTED_EDGE('',*,*,#1606,.T.);
#2239=ORIENTED_EDGE('',*,*,#1607,.T.);
#2240=ORIENTED_EDGE('',*,*,#1602,.T.);
#2241=ORIENTED_EDGE('',*,*,#1449,.F.);
#2242=ORIENTED_EDGE('',*,*,#1446,.F.);
#2243=ORIENTED_EDGE('',*,*,#1490,.F.);
#2244=ORIENTED_EDGE('',*,*,#1608,.T.);
#2245=ORIENTED_EDGE('',*,*,#1605,.T.);
#2246=ORIENTED_EDGE('',*,*,#1445,.F.);
#2247=ORIENTED_EDGE('',*,*,#1609,.F.);
#2248=ORIENTED_EDGE('',*,*,#1444,.F.);
#2249=ORIENTED_EDGE('',*,*,#1454,.F.);
#2250=ORIENTED_EDGE('',*,*,#1609,.T.);
#2251=ORIENTED_EDGE('',*,*,#1420,.T.);
#2252=ORIENTED_EDGE('',*,*,#1416,.F.);
#2253=ORIENTED_EDGE('',*,*,#1418,.F.);
#2254=ORIENTED_EDGE('',*,*,#1415,.T.);
#2255=ORIENTED_EDGE('',*,*,#1411,.F.);
#2256=ORIENTED_EDGE('',*,*,#1413,.F.);
#2257=ORIENTED_EDGE('',*,*,#1473,.T.);
#2258=ORIENTED_EDGE('',*,*,#1610,.T.);
#2259=ORIENTED_EDGE('',*,*,#1478,.T.);
#2260=ORIENTED_EDGE('',*,*,#1477,.T.);
#2261=ORIENTED_EDGE('',*,*,#1611,.T.);
#2262=ORIENTED_EDGE('',*,*,#1469,.F.);
#2263=ORIENTED_EDGE('',*,*,#1612,.T.);
#2264=ORIENTED_EDGE('',*,*,#1613,.T.);
#2265=ORIENTED_EDGE('',*,*,#1614,.T.);
#2266=ORIENTED_EDGE('',*,*,#1360,.F.);
#2267=ORIENTED_EDGE('',*,*,#1614,.F.);
#2268=ORIENTED_EDGE('',*,*,#1615,.T.);
#2269=ORIENTED_EDGE('',*,*,#1379,.F.);
#2270=ORIENTED_EDGE('',*,*,#1361,.F.);
#2271=ORIENTED_EDGE('',*,*,#1322,.T.);
#2272=ORIENTED_EDGE('',*,*,#1616,.T.);
#2273=ORIENTED_EDGE('',*,*,#1612,.F.);
#2274=ORIENTED_EDGE('',*,*,#1359,.F.);
#2275=ORIENTED_EDGE('',*,*,#1386,.F.);
#2276=ORIENTED_EDGE('',*,*,#1390,.F.);
#2277=ORIENTED_EDGE('',*,*,#1382,.F.);
#2278=ORIENTED_EDGE('',*,*,#1392,.F.);
#2279=ORIENTED_EDGE('',*,*,#1320,.F.);
#2280=ORIENTED_EDGE('',*,*,#1325,.F.);
#2281=ORIENTED_EDGE('',*,*,#1617,.F.);
#2282=ORIENTED_EDGE('',*,*,#1480,.F.);
#2283=ORIENTED_EDGE('',*,*,#1617,.T.);
#2284=ORIENTED_EDGE('',*,*,#1327,.F.);
#2285=ORIENTED_EDGE('',*,*,#1618,.F.);
#2286=ORIENTED_EDGE('',*,*,#1481,.F.);
#2287=ORIENTED_EDGE('',*,*,#1618,.T.);
#2288=ORIENTED_EDGE('',*,*,#1329,.F.);
#2289=ORIENTED_EDGE('',*,*,#1619,.F.);
#2290=ORIENTED_EDGE('',*,*,#1482,.F.);
#2291=ORIENTED_EDGE('',*,*,#1619,.T.);
#2292=ORIENTED_EDGE('',*,*,#1331,.F.);
#2293=ORIENTED_EDGE('',*,*,#1620,.F.);
#2294=ORIENTED_EDGE('',*,*,#1483,.F.);
#2295=ORIENTED_EDGE('',*,*,#1620,.T.);
#2296=ORIENTED_EDGE('',*,*,#1333,.F.);
#2297=ORIENTED_EDGE('',*,*,#1621,.F.);
#2298=ORIENTED_EDGE('',*,*,#1484,.F.);
#2299=ORIENTED_EDGE('',*,*,#1621,.T.);
#2300=ORIENTED_EDGE('',*,*,#1335,.F.);
#2301=ORIENTED_EDGE('',*,*,#1622,.F.);
#2302=ORIENTED_EDGE('',*,*,#1485,.F.);
#2303=ORIENTED_EDGE('',*,*,#1622,.T.);
#2304=ORIENTED_EDGE('',*,*,#1337,.F.);
#2305=ORIENTED_EDGE('',*,*,#1623,.F.);
#2306=ORIENTED_EDGE('',*,*,#1486,.F.);
#2307=ORIENTED_EDGE('',*,*,#1623,.T.);
#2308=ORIENTED_EDGE('',*,*,#1339,.F.);
#2309=ORIENTED_EDGE('',*,*,#1624,.F.);
#2310=ORIENTED_EDGE('',*,*,#1487,.F.);
#2311=ORIENTED_EDGE('',*,*,#1624,.T.);
#2312=ORIENTED_EDGE('',*,*,#1341,.F.);
#2313=ORIENTED_EDGE('',*,*,#1625,.F.);
#2314=ORIENTED_EDGE('',*,*,#1488,.F.);
#2315=ORIENTED_EDGE('',*,*,#1625,.T.);
#2316=ORIENTED_EDGE('',*,*,#1346,.F.);
#2317=ORIENTED_EDGE('',*,*,#1626,.F.);
#2318=ORIENTED_EDGE('',*,*,#1489,.F.);
#2319=ORIENTED_EDGE('',*,*,#1627,.F.);
#2320=ORIENTED_EDGE('',*,*,#1608,.F.);
#2321=ORIENTED_EDGE('',*,*,#1626,.T.);
#2322=ORIENTED_EDGE('',*,*,#1345,.F.);
#2323=ORIENTED_EDGE('',*,*,#1606,.F.);
#2324=ORIENTED_EDGE('',*,*,#1627,.T.);
#2325=ORIENTED_EDGE('',*,*,#1628,.F.);
#2326=ORIENTED_EDGE('',*,*,#1628,.T.);
#2327=ORIENTED_EDGE('',*,*,#1344,.F.);
#2328=ORIENTED_EDGE('',*,*,#1629,.F.);
#2329=ORIENTED_EDGE('',*,*,#1607,.F.);
#2330=ORIENTED_EDGE('',*,*,#1629,.T.);
#2331=ORIENTED_EDGE('',*,*,#1343,.F.);
#2332=ORIENTED_EDGE('',*,*,#1630,.F.);
#2333=ORIENTED_EDGE('',*,*,#1603,.F.);
#2334=ORIENTED_EDGE('',*,*,#1630,.T.);
#2335=ORIENTED_EDGE('',*,*,#1349,.F.);
#2336=ORIENTED_EDGE('',*,*,#1631,.F.);
#2337=ORIENTED_EDGE('',*,*,#1604,.F.);
#2338=ORIENTED_EDGE('',*,*,#1631,.T.);
#2339=ORIENTED_EDGE('',*,*,#1348,.F.);
#2340=ORIENTED_EDGE('',*,*,#1632,.F.);
#2341=ORIENTED_EDGE('',*,*,#1599,.F.);
#2342=ORIENTED_EDGE('',*,*,#1632,.T.);
#2343=ORIENTED_EDGE('',*,*,#1356,.F.);
#2344=ORIENTED_EDGE('',*,*,#1633,.F.);
#2345=ORIENTED_EDGE('',*,*,#1600,.F.);
#2346=ORIENTED_EDGE('',*,*,#1633,.T.);
#2347=ORIENTED_EDGE('',*,*,#1355,.F.);
#2348=ORIENTED_EDGE('',*,*,#1634,.F.);
#2349=ORIENTED_EDGE('',*,*,#1598,.F.);
#2350=ORIENTED_EDGE('',*,*,#1634,.T.);
#2351=ORIENTED_EDGE('',*,*,#1354,.F.);
#2352=ORIENTED_EDGE('',*,*,#1635,.F.);
#2353=ORIENTED_EDGE('',*,*,#1524,.F.);
#2354=ORIENTED_EDGE('',*,*,#1635,.T.);
#2355=ORIENTED_EDGE('',*,*,#1353,.F.);
#2356=ORIENTED_EDGE('',*,*,#1636,.F.);
#2357=ORIENTED_EDGE('',*,*,#1426,.F.);
#2358=ORIENTED_EDGE('',*,*,#1636,.T.);
#2359=ORIENTED_EDGE('',*,*,#1352,.F.);
#2360=ORIENTED_EDGE('',*,*,#1637,.F.);
#2361=ORIENTED_EDGE('',*,*,#1595,.F.);
#2362=ORIENTED_EDGE('',*,*,#1637,.T.);
#2363=ORIENTED_EDGE('',*,*,#1351,.F.);
#2364=ORIENTED_EDGE('',*,*,#1638,.F.);
#2365=ORIENTED_EDGE('',*,*,#1594,.F.);
#2366=ORIENTED_EDGE('',*,*,#1638,.T.);
#2367=ORIENTED_EDGE('',*,*,#1358,.F.);
#2368=ORIENTED_EDGE('',*,*,#1639,.F.);
#2369=ORIENTED_EDGE('',*,*,#1591,.F.);
#2370=ORIENTED_EDGE('',*,*,#1639,.T.);
#2371=ORIENTED_EDGE('',*,*,#1370,.F.);
#2372=ORIENTED_EDGE('',*,*,#1640,.F.);
#2373=ORIENTED_EDGE('',*,*,#1592,.F.);
#2374=ORIENTED_EDGE('',*,*,#1640,.T.);
#2375=ORIENTED_EDGE('',*,*,#1369,.F.);
#2376=ORIENTED_EDGE('',*,*,#1641,.F.);
#2377=ORIENTED_EDGE('',*,*,#1587,.F.);
#2378=ORIENTED_EDGE('',*,*,#1641,.T.);
#2379=ORIENTED_EDGE('',*,*,#1368,.F.);
#2380=ORIENTED_EDGE('',*,*,#1642,.F.);
#2381=ORIENTED_EDGE('',*,*,#1589,.F.);
#2382=ORIENTED_EDGE('',*,*,#1642,.T.);
#2383=ORIENTED_EDGE('',*,*,#1367,.F.);
#2384=ORIENTED_EDGE('',*,*,#1643,.F.);
#2385=ORIENTED_EDGE('',*,*,#1492,.F.);
#2386=ORIENTED_EDGE('',*,*,#1643,.T.);
#2387=ORIENTED_EDGE('',*,*,#1372,.F.);
#2388=ORIENTED_EDGE('',*,*,#1381,.F.);
#2389=ORIENTED_EDGE('',*,*,#1475,.F.);
#2390=ORIENTED_EDGE('',*,*,#1610,.F.);
#2391=ORIENTED_EDGE('',*,*,#1472,.F.);
#2392=ORIENTED_EDGE('',*,*,#1644,.F.);
#2393=ORIENTED_EDGE('',*,*,#1616,.F.);
#2394=ORIENTED_EDGE('',*,*,#1479,.F.);
#2395=ORIENTED_EDGE('',*,*,#1644,.T.);
#2396=ORIENTED_EDGE('',*,*,#1471,.F.);
#2397=ORIENTED_EDGE('',*,*,#1645,.F.);
#2398=ORIENTED_EDGE('',*,*,#1613,.F.);
#2399=ORIENTED_EDGE('',*,*,#1476,.F.);
#2400=ORIENTED_EDGE('',*,*,#1615,.F.);
#2401=ORIENTED_EDGE('',*,*,#1645,.T.);
#2402=ORIENTED_EDGE('',*,*,#1470,.F.);
#2403=ORIENTED_EDGE('',*,*,#1611,.F.);
#2404=CYLINDRICAL_SURFACE('',#2615,1.);
#2405=CYLINDRICAL_SURFACE('',#2629,1.);
#2406=CYLINDRICAL_SURFACE('',#2643,1.);
#2407=CYLINDRICAL_SURFACE('',#2649,1.);
#2408=CYLINDRICAL_SURFACE('',#2655,1.);
#2409=CYLINDRICAL_SURFACE('',#2661,1.);
#2410=CYLINDRICAL_SURFACE('',#2666,1.);
#2411=CYLINDRICAL_SURFACE('',#2669,10.);
#2412=CYLINDRICAL_SURFACE('',#2672,20.);
#2413=CYLINDRICAL_SURFACE('',#2675,20.);
#2414=CYLINDRICAL_SURFACE('',#2678,20.);
#2415=CYLINDRICAL_SURFACE('',#2681,20.);
#2416=CYLINDRICAL_SURFACE('',#2683,4.);
#2417=CYLINDRICAL_SURFACE('',#2685,4.);
#2418=CYLINDRICAL_SURFACE('',#2688,4.);
#2419=CYLINDRICAL_SURFACE('',#2694,4.);
#2420=CYLINDRICAL_SURFACE('',#2696,10.);
#2421=CYLINDRICAL_SURFACE('',#2706,3.);
#2422=CYLINDRICAL_SURFACE('',#2708,3.);
#2423=CYLINDRICAL_SURFACE('',#2710,1.6);
#2424=CYLINDRICAL_SURFACE('',#2712,1.6);
#2425=CYLINDRICAL_SURFACE('',#2729,1.5);
#2426=CYLINDRICAL_SURFACE('',#2732,3.83511476345486);
#2427=CYLINDRICAL_SURFACE('',#2734,1.5);
#2428=CYLINDRICAL_SURFACE('',#2737,3.83511476345486);
#2429=CYLINDRICAL_SURFACE('',#2746,1.5);
#2430=CYLINDRICAL_SURFACE('',#2749,3.83511476345486);
#2431=CYLINDRICAL_SURFACE('',#2752,1.5);
#2432=CYLINDRICAL_SURFACE('',#2755,3.83511476345486);
#2433=CYLINDRICAL_SURFACE('',#2759,11.5);
#2434=CYLINDRICAL_SURFACE('',#2764,1.55);
#2435=CYLINDRICAL_SURFACE('',#2766,1.55);
#2436=CYLINDRICAL_SURFACE('',#2768,1.6);
#2437=CYLINDRICAL_SURFACE('',#2770,1.6);
#2438=CYLINDRICAL_SURFACE('',#2772,1.6);
#2439=CYLINDRICAL_SURFACE('',#2855,16.);
#2440=CYLINDRICAL_SURFACE('',#2856,16.);
#2441=CYLINDRICAL_SURFACE('',#2861,1.);
#2442=CYLINDRICAL_SURFACE('',#2865,1.);
#2443=CYLINDRICAL_SURFACE('',#2869,1.);
#2444=CYLINDRICAL_SURFACE('',#2873,1.);
#2445=CYLINDRICAL_SURFACE('',#2885,1.);
#2446=ADVANCED_FACE('',(#160),#2404,.T.);
#2447=ADVANCED_FACE('',(#161),#136,.T.);
#2448=ADVANCED_FACE('',(#162),#137,.T.);
#2449=ADVANCED_FACE('',(#163),#138,.T.);
#2450=ADVANCED_FACE('',(#164),#2405,.T.);
#2451=ADVANCED_FACE('',(#165),#139,.T.);
#2452=ADVANCED_FACE('',(#166),#140,.T.);
#2453=ADVANCED_FACE('',(#167),#141,.T.);
#2454=ADVANCED_FACE('',(#168),#2406,.T.);
#2455=ADVANCED_FACE('',(#169),#142,.T.);
#2456=ADVANCED_FACE('',(#170),#2407,.T.);
#2457=ADVANCED_FACE('',(#171),#143,.T.);
#2458=ADVANCED_FACE('',(#172),#2408,.T.);
#2459=ADVANCED_FACE('',(#173),#144,.T.);
#2460=ADVANCED_FACE('',(#174),#2409,.T.);
#2461=ADVANCED_FACE('',(#175),#145,.T.);
#2462=ADVANCED_FACE('',(#176),#2410,.T.);
#2463=ADVANCED_FACE('',(#177),#75,.T.);
#2464=ADVANCED_FACE('',(#178),#2411,.T.);
#2465=ADVANCED_FACE('',(#179),#76,.T.);
#2466=ADVANCED_FACE('',(#180),#2412,.T.);
#2467=ADVANCED_FACE('',(#181),#77,.T.);
#2468=ADVANCED_FACE('',(#182),#2413,.T.);
#2469=ADVANCED_FACE('',(#183),#78,.T.);
#2470=ADVANCED_FACE('',(#184),#2414,.T.);
#2471=ADVANCED_FACE('',(#185),#79,.F.);
#2472=ADVANCED_FACE('',(#186),#2415,.T.);
#2473=ADVANCED_FACE('',(#187),#2416,.F.);
#2474=ADVANCED_FACE('',(#188),#2417,.T.);
#2475=ADVANCED_FACE('',(#189),#80,.T.);
#2476=ADVANCED_FACE('',(#190),#2418,.T.);
#2477=ADVANCED_FACE('',(#191,#44,#45),#81,.F.);
#2478=ADVANCED_FACE('',(#192),#2419,.F.);
#2479=ADVANCED_FACE('',(#193),#2420,.T.);
#2480=ADVANCED_FACE('',(#194,#46,#47,#48,#49,#50,#51),#82,.F.);
#2481=ADVANCED_FACE('',(#195),#83,.F.);
#2482=ADVANCED_FACE('',(#196),#2421,.F.);
#2483=ADVANCED_FACE('',(#197),#2422,.F.);
#2484=ADVANCED_FACE('',(#198),#2423,.F.);
#2485=ADVANCED_FACE('',(#199),#2424,.F.);
#2486=ADVANCED_FACE('',(#200),#146,.F.);
#2487=ADVANCED_FACE('',(#201),#147,.F.);
#2488=ADVANCED_FACE('',(#202),#2425,.F.);
#2489=ADVANCED_FACE('',(#203),#2426,.T.);
#2490=ADVANCED_FACE('',(#204),#2427,.F.);
#2491=ADVANCED_FACE('',(#205),#2428,.T.);
#2492=ADVANCED_FACE('',(#206),#148,.F.);
#2493=ADVANCED_FACE('',(#207),#2429,.F.);
#2494=ADVANCED_FACE('',(#208),#2430,.T.);
#2495=ADVANCED_FACE('',(#209),#2431,.F.);
#2496=ADVANCED_FACE('',(#210),#2432,.T.);
#2497=ADVANCED_FACE('',(#211),#2433,.F.);
#2498=ADVANCED_FACE('',(#212),#2434,.F.);
#2499=ADVANCED_FACE('',(#213),#2435,.F.);
#2500=ADVANCED_FACE('',(#214),#2436,.F.);
#2501=ADVANCED_FACE('',(#215),#2437,.F.);
#2502=ADVANCED_FACE('',(#216),#2438,.F.);
#2503=ADVANCED_FACE('',(#217,#52,#53),#42,.F.);
#2504=ADVANCED_FACE('',(#218,#54,#55,#56,#57,#58),#84,.T.);
#2505=ADVANCED_FACE('',(#219),#85,.T.);
#2506=ADVANCED_FACE('',(#220),#86,.T.);
#2507=ADVANCED_FACE('',(#221),#87,.T.);
#2508=ADVANCED_FACE('',(#222,#59),#88,.T.);
#2509=ADVANCED_FACE('',(#223),#89,.F.);
#2510=ADVANCED_FACE('',(#224),#90,.F.);
#2511=ADVANCED_FACE('',(#225),#91,.F.);
#2512=ADVANCED_FACE('',(#226),#92,.F.);
#2513=ADVANCED_FACE('',(#227),#93,.F.);
#2514=ADVANCED_FACE('',(#228),#94,.F.);
#2515=ADVANCED_FACE('',(#229,#60),#95,.T.);
#2516=ADVANCED_FACE('',(#230),#96,.F.);
#2517=ADVANCED_FACE('',(#231),#97,.F.);
#2518=ADVANCED_FACE('',(#232),#98,.F.);
#2519=ADVANCED_FACE('',(#233),#99,.F.);
#2520=ADVANCED_FACE('',(#234),#100,.F.);
#2521=ADVANCED_FACE('',(#235),#101,.F.);
#2522=ADVANCED_FACE('',(#236,#61),#102,.T.);
#2523=ADVANCED_FACE('',(#237),#103,.F.);
#2524=ADVANCED_FACE('',(#238),#104,.F.);
#2525=ADVANCED_FACE('',(#239),#105,.F.);
#2526=ADVANCED_FACE('',(#240),#106,.F.);
#2527=ADVANCED_FACE('',(#241),#107,.F.);
#2528=ADVANCED_FACE('',(#242),#108,.F.);
#2529=ADVANCED_FACE('',(#243,#62),#109,.T.);
#2530=ADVANCED_FACE('',(#244),#110,.F.);
#2531=ADVANCED_FACE('',(#245),#111,.F.);
#2532=ADVANCED_FACE('',(#246),#112,.F.);
#2533=ADVANCED_FACE('',(#247),#113,.F.);
#2534=ADVANCED_FACE('',(#248),#114,.F.);
#2535=ADVANCED_FACE('',(#249),#115,.F.);
#2536=ADVANCED_FACE('',(#250),#116,.F.);
#2537=ADVANCED_FACE('',(#251),#117,.F.);
#2538=ADVANCED_FACE('',(#252),#118,.F.);
#2539=ADVANCED_FACE('',(#253),#119,.F.);
#2540=ADVANCED_FACE('',(#254),#120,.F.);
#2541=ADVANCED_FACE('',(#255),#121,.F.);
#2542=ADVANCED_FACE('',(#256,#63),#122,.T.);
#2543=ADVANCED_FACE('',(#257,#64),#123,.T.);
#2544=ADVANCED_FACE('',(#258),#124,.T.);
#2545=ADVANCED_FACE('',(#259,#65),#125,.T.);
#2546=ADVANCED_FACE('',(#260),#126,.T.);
#2547=ADVANCED_FACE('',(#261),#16,.F.);
#2548=ADVANCED_FACE('',(#262),#149,.F.);
#2549=ADVANCED_FACE('',(#263),#17,.F.);
#2550=ADVANCED_FACE('',(#264),#18,.F.);
#2551=ADVANCED_FACE('',(#265),#19,.F.);
#2552=ADVANCED_FACE('',(#266),#20,.F.);
#2553=ADVANCED_FACE('',(#267),#150,.F.);
#2554=ADVANCED_FACE('',(#268),#21,.F.);
#2555=ADVANCED_FACE('',(#269),#22,.F.);
#2556=ADVANCED_FACE('',(#270),#23,.F.);
#2557=ADVANCED_FACE('',(#271),#151,.F.);
#2558=ADVANCED_FACE('',(#272),#24,.F.);
#2559=ADVANCED_FACE('',(#273,#66),#127,.T.);
#2560=ADVANCED_FACE('',(#274),#128,.T.);
#2561=ADVANCED_FACE('',(#275,#67),#129,.T.);
#2562=ADVANCED_FACE('',(#276),#130,.T.);
#2563=ADVANCED_FACE('',(#277),#131,.T.);
#2564=ADVANCED_FACE('',(#278),#132,.T.);
#2565=ADVANCED_FACE('',(#279),#133,.T.);
#2566=ADVANCED_FACE('',(#280),#2439,.T.);
#2567=ADVANCED_FACE('',(#281),#2440,.T.);
#2568=ADVANCED_FACE('',(#282,#68),#134,.F.);
#2569=ADVANCED_FACE('',(#283,#69),#135,.F.);
#2570=ADVANCED_FACE('',(#284),#152,.T.);
#2571=ADVANCED_FACE('',(#285),#2441,.T.);
#2572=ADVANCED_FACE('',(#286),#153,.T.);
#2573=ADVANCED_FACE('',(#287),#2442,.T.);
#2574=ADVANCED_FACE('',(#288),#154,.T.);
#2575=ADVANCED_FACE('',(#289),#2443,.T.);
#2576=ADVANCED_FACE('',(#290),#155,.T.);
#2577=ADVANCED_FACE('',(#291),#2444,.T.);
#2578=ADVANCED_FACE('',(#292),#156,.T.);
#2579=ADVANCED_FACE('',(#293),#157,.T.);
#2580=ADVANCED_FACE('',(#294),#25,.T.);
#2581=ADVANCED_FACE('',(#295),#43,.T.);
#2582=ADVANCED_FACE('',(#296),#26,.T.);
#2583=ADVANCED_FACE('',(#297),#27,.T.);
#2584=ADVANCED_FACE('',(#298),#28,.T.);
#2585=ADVANCED_FACE('',(#299),#29,.T.);
#2586=ADVANCED_FACE('',(#300),#30,.T.);
#2587=ADVANCED_FACE('',(#301),#31,.T.);
#2588=ADVANCED_FACE('',(#302),#2445,.T.);
#2589=ADVANCED_FACE('',(#303),#32,.T.);
#2590=ADVANCED_FACE('',(#304),#33,.T.);
#2591=ADVANCED_FACE('',(#305),#34,.T.);
#2592=ADVANCED_FACE('',(#306),#35,.T.);
#2593=ADVANCED_FACE('',(#307),#36,.T.);
#2594=ADVANCED_FACE('',(#308),#37,.T.);
#2595=ADVANCED_FACE('',(#309),#38,.T.);
#2596=ADVANCED_FACE('',(#310),#158,.T.);
#2597=ADVANCED_FACE('',(#311),#159,.T.);
#2598=ADVANCED_FACE('',(#312),#39,.T.);
#2599=ADVANCED_FACE('',(#313),#40,.T.);
#2600=ADVANCED_FACE('',(#314),#41,.T.);
#2601=CLOSED_SHELL('',(#2446,#2447,#2448,#2449,#2450,#2451,#2452,#2453,
#2454,#2455,#2456,#2457,#2458,#2459,#2460,#2461,#2462,#2463,#2464,#2465,
#2466,#2467,#2468,#2469,#2470,#2471,#2472,#2473,#2474,#2475,#2476,#2477,
#2478,#2479,#2480,#2481,#2482,#2483,#2484,#2485,#2486,#2487,#2488,#2489,
#2490,#2491,#2492,#2493,#2494,#2495,#2496,#2497,#2498,#2499,#2500,#2501,
#2502,#2503,#2504,#2505,#2506,#2507,#2508,#2509,#2510,#2511,#2512,#2513,
#2514,#2515,#2516,#2517,#2518,#2519,#2520,#2521,#2522,#2523,#2524,#2525,
#2526,#2527,#2528,#2529,#2530,#2531,#2532,#2533,#2534,#2535,#2536,#2537,
#2538,#2539,#2540,#2541,#2542,#2543,#2544,#2545,#2546,#2547,#2548,#2549,
#2550,#2551,#2552,#2553,#2554,#2555,#2556,#2557,#2558,#2559,#2560,#2561,
#2562,#2563,#2564,#2565,#2566,#2567,#2568,#2569,#2570,#2571,#2572,#2573,
#2574,#2575,#2576,#2577,#2578,#2579,#2580,#2581,#2582,#2583,#2584,#2585,
#2586,#2587,#2588,#2589,#2590,#2591,#2592,#2593,#2594,#2595,#2596,#2597,
#2598,#2599,#2600));
#2602=DERIVED_UNIT_ELEMENT(#2604,1.);
#2603=DERIVED_UNIT_ELEMENT(#7270,-3.);
#2604=(
MASS_UNIT()
NAMED_UNIT(*)
SI_UNIT(.KILO.,.GRAM.)
);
#2605=DERIVED_UNIT((#2602,#2603));
#2606=MEASURE_REPRESENTATION_ITEM('density measure',
POSITIVE_RATIO_MEASURE(7850.),#2605);
#2607=PROPERTY_DEFINITION_REPRESENTATION(#2612,#2609);
#2608=PROPERTY_DEFINITION_REPRESENTATION(#2613,#2610);
#2609=REPRESENTATION('material name',(#2611),#7267);
#2610=REPRESENTATION('density',(#2606),#7267);
#2611=DESCRIPTIVE_REPRESENTATION_ITEM('Steel','Steel');
#2612=PROPERTY_DEFINITION('material property','material name',#7277);
#2613=PROPERTY_DEFINITION('material property','density of part',#7277);
#2614=AXIS2_PLACEMENT_3D('',#3631,#2899,#2900);
#2615=AXIS2_PLACEMENT_3D('',#3632,#2901,#2902);
#2616=AXIS2_PLACEMENT_3D('',#3637,#2904,#2905);
#2617=AXIS2_PLACEMENT_3D('',#3654,#2907,#2908);
#2618=AXIS2_PLACEMENT_3D('',#3657,#2909,#2910);
#2619=AXIS2_PLACEMENT_3D('',#3659,#2911,#2912);
#2620=AXIS2_PLACEMENT_3D('',#3661,#2913,#2914);
#2621=AXIS2_PLACEMENT_3D('',#3676,#2915,#2916);
#2622=AXIS2_PLACEMENT_3D('',#3679,#2917,#2918);
#2623=AXIS2_PLACEMENT_3D('',#3680,#2919,#2920);
#2624=AXIS2_PLACEMENT_3D('',#3681,#2921,#2922);
#2625=AXIS2_PLACEMENT_3D('',#3682,#2923,#2924);
#2626=AXIS2_PLACEMENT_3D('',#3685,#2925,#2926);
#2627=AXIS2_PLACEMENT_3D('',#3686,#2927,#2928);
#2628=AXIS2_PLACEMENT_3D('',#3687,#2929,#2930);
#2629=AXIS2_PLACEMENT_3D('',#3688,#2931,#2932);
#2630=AXIS2_PLACEMENT_3D('',#3691,#2933,#2934);
#2631=AXIS2_PLACEMENT_3D('',#3694,#2937,#2938);
#2632=AXIS2_PLACEMENT_3D('',#3697,#2939,#2940);
#2633=AXIS2_PLACEMENT_3D('',#3698,#2941,#2942);
#2634=AXIS2_PLACEMENT_3D('',#3699,#2943,#2944);
#2635=AXIS2_PLACEMENT_3D('',#3700,#2945,#2946);
#2636=AXIS2_PLACEMENT_3D('',#3703,#2947,#2948);
#2637=AXIS2_PLACEMENT_3D('',#3704,#2949,#2950);
#2638=AXIS2_PLACEMENT_3D('',#3705,#2951,#2952);
#2639=AXIS2_PLACEMENT_3D('',#3706,#2953,#2954);
#2640=AXIS2_PLACEMENT_3D('',#3709,#2955,#2956);
#2641=AXIS2_PLACEMENT_3D('',#3710,#2957,#2958);
#2642=AXIS2_PLACEMENT_3D('',#3711,#2959,#2960);
#2643=AXIS2_PLACEMENT_3D('',#3712,#2961,#2962);
#2644=AXIS2_PLACEMENT_3D('',#3715,#2963,#2964);
#2645=AXIS2_PLACEMENT_3D('',#3718,#2967,#2968);
#2646=AXIS2_PLACEMENT_3D('',#3721,#2969,#2970);
#2647=AXIS2_PLACEMENT_3D('',#3722,#2971,#2972);
#2648=AXIS2_PLACEMENT_3D('',#3723,#2973,#2974);
#2649=AXIS2_PLACEMENT_3D('',#3724,#2975,#2976);
#2650=AXIS2_PLACEMENT_3D('',#3727,#2977,#2978);
#2651=AXIS2_PLACEMENT_3D('',#3730,#2981,#2982);
#2652=AXIS2_PLACEMENT_3D('',#3733,#2983,#2984);
#2653=AXIS2_PLACEMENT_3D('',#3734,#2985,#2986);
#2654=AXIS2_PLACEMENT_3D('',#3735,#2987,#2988);
#2655=AXIS2_PLACEMENT_3D('',#3736,#2989,#2990);
#2656=AXIS2_PLACEMENT_3D('',#3739,#2991,#2992);
#2657=AXIS2_PLACEMENT_3D('',#3742,#2995,#2996);
#2658=AXIS2_PLACEMENT_3D('',#3745,#2997,#2998);
#2659=AXIS2_PLACEMENT_3D('',#3746,#2999,#3000);
#2660=AXIS2_PLACEMENT_3D('',#3747,#3001,#3002);
#2661=AXIS2_PLACEMENT_3D('',#3748,#3003,#3004);
#2662=AXIS2_PLACEMENT_3D('',#3751,#3005,#3006);
#2663=AXIS2_PLACEMENT_3D('',#3754,#3009,#3010);
#2664=AXIS2_PLACEMENT_3D('',#3755,#3011,#3012);
#2665=AXIS2_PLACEMENT_3D('',#3756,#3013,#3014);
#2666=AXIS2_PLACEMENT_3D('',#3757,#3015,#3016);
#2667=AXIS2_PLACEMENT_3D('',#3761,#3018,#3019);
#2668=AXIS2_PLACEMENT_3D('',#3763,#3021,#3022);
#2669=AXIS2_PLACEMENT_3D('',#3782,#3027,#3028);
#2670=AXIS2_PLACEMENT_3D('',#3785,#3030,#3031);
#2671=AXIS2_PLACEMENT_3D('',#3786,#3032,#3033);
#2672=AXIS2_PLACEMENT_3D('',#3790,#3036,#3037);
#2673=AXIS2_PLACEMENT_3D('',#3793,#3039,#3040);
#2674=AXIS2_PLACEMENT_3D('',#3794,#3041,#3042);
#2675=AXIS2_PLACEMENT_3D('',#3798,#3045,#3046);
#2676=AXIS2_PLACEMENT_3D('',#3801,#3048,#3049);
#2677=AXIS2_PLACEMENT_3D('',#3802,#3050,#3051);
#2678=AXIS2_PLACEMENT_3D('',#3806,#3054,#3055);
#2679=AXIS2_PLACEMENT_3D('',#3809,#3057,#3058);
#2680=AXIS2_PLACEMENT_3D('',#3810,#3059,#3060);
#2681=AXIS2_PLACEMENT_3D('',#3814,#3063,#3064);
#2682=AXIS2_PLACEMENT_3D('',#3817,#3066,#3067);
#2683=AXIS2_PLACEMENT_3D('',#3818,#3068,#3069);
#2684=AXIS2_PLACEMENT_3D('',#3869,#3071,#3072);
#2685=AXIS2_PLACEMENT_3D('',#3870,#3073,#3074);
#2686=AXIS2_PLACEMENT_3D('',#3874,#3076,#3077);
#2687=AXIS2_PLACEMENT_3D('',#3887,#3078,#3079);
#2688=AXIS2_PLACEMENT_3D('',#3949,#3082,#3083);
#2689=AXIS2_PLACEMENT_3D('',#3964,#3085,#3086);
#2690=AXIS2_PLACEMENT_3D('',#3966,#3087,#3088);
#2691=AXIS2_PLACEMENT_3D('',#3970,#3090,#3091);
#2692=AXIS2_PLACEMENT_3D('',#3974,#3094,#3095);
#2693=AXIS2_PLACEMENT_3D('',#3976,#3096,#3097);
#2694=AXIS2_PLACEMENT_3D('',#3977,#3098,#3099);
#2695=AXIS2_PLACEMENT_3D('',#3981,#3101,#3102);
#2696=AXIS2_PLACEMENT_3D('',#4041,#3103,#3104);
#2697=AXIS2_PLACEMENT_3D('',#4044,#3106,#3107);
#2698=AXIS2_PLACEMENT_3D('',#4045,#3108,#3109);
#2699=AXIS2_PLACEMENT_3D('',#4047,#3110,#3111);
#2700=AXIS2_PLACEMENT_3D('',#4049,#3112,#3113);
#2701=AXIS2_PLACEMENT_3D('',#4051,#3114,#3115);
#2702=AXIS2_PLACEMENT_3D('',#4053,#3116,#3117);
#2703=AXIS2_PLACEMENT_3D('',#4055,#3118,#3119);
#2704=AXIS2_PLACEMENT_3D('',#4057,#3120,#3121);
#2705=AXIS2_PLACEMENT_3D('',#4058,#3122,#3123);
#2706=AXIS2_PLACEMENT_3D('',#4073,#3126,#3127);
#2707=AXIS2_PLACEMENT_3D('',#4075,#3128,#3129);
#2708=AXIS2_PLACEMENT_3D('',#4219,#3131,#3132);
#2709=AXIS2_PLACEMENT_3D('',#4221,#3133,#3134);
#2710=AXIS2_PLACEMENT_3D('',#4365,#3136,#3137);
#2711=AXIS2_PLACEMENT_3D('',#4367,#3138,#3139);
#2712=AXIS2_PLACEMENT_3D('',#4369,#3141,#3142);
#2713=AXIS2_PLACEMENT_3D('',#4371,#3143,#3144);
#2714=AXIS2_PLACEMENT_3D('',#4373,#3146,#3147);
#2715=AXIS2_PLACEMENT_3D('',#4376,#3148,#3149);
#2716=AXIS2_PLACEMENT_3D('',#4377,#3150,#3151);
#2717=AXIS2_PLACEMENT_3D('',#4379,#3152,#3153);
#2718=AXIS2_PLACEMENT_3D('',#4392,#3154,#3155);
#2719=AXIS2_PLACEMENT_3D('',#4394,#3156,#3157);
#2720=AXIS2_PLACEMENT_3D('',#4406,#3158,#3159);
#2721=AXIS2_PLACEMENT_3D('',#4417,#3160,#3161);
#2722=AXIS2_PLACEMENT_3D('',#4420,#3162,#3163);
#2723=AXIS2_PLACEMENT_3D('',#4421,#3164,#3165);
#2724=AXIS2_PLACEMENT_3D('',#4423,#3166,#3167);
#2725=AXIS2_PLACEMENT_3D('',#4424,#3168,#3169);
#2726=AXIS2_PLACEMENT_3D('',#4426,#3170,#3171);
#2727=AXIS2_PLACEMENT_3D('',#4438,#3172,#3173);
#2728=AXIS2_PLACEMENT_3D('',#4439,#3174,#3175);
#2729=AXIS2_PLACEMENT_3D('',#4440,#3176,#3177);
#2730=AXIS2_PLACEMENT_3D('',#4442,#3178,#3179);
#2731=AXIS2_PLACEMENT_3D('',#4445,#3181,#3182);
#2732=AXIS2_PLACEMENT_3D('',#4446,#3183,#3184);
#2733=AXIS2_PLACEMENT_3D('',#4449,#3186,#3187);
#2734=AXIS2_PLACEMENT_3D('',#4450,#3188,#3189);
#2735=AXIS2_PLACEMENT_3D('',#4452,#3190,#3191);
#2736=AXIS2_PLACEMENT_3D('',#4455,#3193,#3194);
#2737=AXIS2_PLACEMENT_3D('',#4456,#3195,#3196);
#2738=AXIS2_PLACEMENT_3D('',#4459,#3198,#3199);
#2739=AXIS2_PLACEMENT_3D('',#4460,#3200,#3201);
#2740=AXIS2_PLACEMENT_3D('',#4463,#3202,#3203);
#2741=AXIS2_PLACEMENT_3D('',#4465,#3204,#3205);
#2742=AXIS2_PLACEMENT_3D('',#4467,#3206,#3207);
#2743=AXIS2_PLACEMENT_3D('',#4488,#3208,#3209);
#2744=AXIS2_PLACEMENT_3D('',#4519,#3210,#3211);
#2745=AXIS2_PLACEMENT_3D('',#4520,#3212,#3213);
#2746=AXIS2_PLACEMENT_3D('',#4521,#3214,#3215);
#2747=AXIS2_PLACEMENT_3D('',#4523,#3216,#3217);
#2748=AXIS2_PLACEMENT_3D('',#4526,#3219,#3220);
#2749=AXIS2_PLACEMENT_3D('',#4527,#3221,#3222);
#2750=AXIS2_PLACEMENT_3D('',#4530,#3223,#3224);
#2751=AXIS2_PLACEMENT_3D('',#4702,#3226,#3227);
#2752=AXIS2_PLACEMENT_3D('',#4750,#3228,#3229);
#2753=AXIS2_PLACEMENT_3D('',#4752,#3230,#3231);
#2754=AXIS2_PLACEMENT_3D('',#4755,#3233,#3234);
#2755=AXIS2_PLACEMENT_3D('',#4756,#3235,#3236);
#2756=AXIS2_PLACEMENT_3D('',#4759,#3237,#3238);
#2757=AXIS2_PLACEMENT_3D('',#4873,#3239,#3240);
#2758=AXIS2_PLACEMENT_3D('',#4887,#3242,#3243);
#2759=AXIS2_PLACEMENT_3D('',#4993,#3244,#3245);
#2760=AXIS2_PLACEMENT_3D('',#4997,#3247,#3248);
#2761=AXIS2_PLACEMENT_3D('',#5029,#3249,#3250);
#2762=AXIS2_PLACEMENT_3D('',#5031,#3251,#3252);
#2763=AXIS2_PLACEMENT_3D('',#5032,#3253,#3254);
#2764=AXIS2_PLACEMENT_3D('',#5033,#3255,#3256);
#2765=AXIS2_PLACEMENT_3D('',#5036,#3258,#3259);
#2766=AXIS2_PLACEMENT_3D('',#5037,#3260,#3261);
#2767=AXIS2_PLACEMENT_3D('',#5040,#3263,#3264);
#2768=AXIS2_PLACEMENT_3D('',#5041,#3265,#3266);
#2769=AXIS2_PLACEMENT_3D('',#5043,#3267,#3268);
#2770=AXIS2_PLACEMENT_3D('',#5045,#3270,#3271);
#2771=AXIS2_PLACEMENT_3D('',#5047,#3272,#3273);
#2772=AXIS2_PLACEMENT_3D('',#5049,#3275,#3276);
#2773=AXIS2_PLACEMENT_3D('',#5051,#3277,#3278);
#2774=AXIS2_PLACEMENT_3D('',#5210,#3282,#3283);
#2775=AXIS2_PLACEMENT_3D('',#5212,#3284,#3285);
#2776=AXIS2_PLACEMENT_3D('',#5214,#3286,#3287);
#2777=AXIS2_PLACEMENT_3D('',#5218,#3290,#3291);
#2778=AXIS2_PLACEMENT_3D('',#5220,#3292,#3293);
#2779=AXIS2_PLACEMENT_3D('',#5224,#3295,#3296);
#2780=AXIS2_PLACEMENT_3D('',#5228,#3298,#3299);
#2781=AXIS2_PLACEMENT_3D('',#5232,#3301,#3302);
#2782=AXIS2_PLACEMENT_3D('',#5236,#3304,#3305);
#2783=AXIS2_PLACEMENT_3D('',#5238,#3306,#3307);
#2784=AXIS2_PLACEMENT_3D('',#5239,#3308,#3309);
#2785=AXIS2_PLACEMENT_3D('',#5241,#3310,#3311);
#2786=AXIS2_PLACEMENT_3D('',#5242,#3312,#3313);
#2787=AXIS2_PLACEMENT_3D('',#5298,#3342,#3343);
#2788=AXIS2_PLACEMENT_3D('',#5302,#3346,#3347);
#2789=AXIS2_PLACEMENT_3D('',#5304,#3348,#3349);
#2790=AXIS2_PLACEMENT_3D('',#5306,#3351,#3352);
#2791=AXIS2_PLACEMENT_3D('',#5307,#3353,#3354);
#2792=AXIS2_PLACEMENT_3D('',#5308,#3355,#3356);
#2793=AXIS2_PLACEMENT_3D('',#5321,#3363,#3364);
#2794=AXIS2_PLACEMENT_3D('',#5324,#3367,#3368);
#2795=AXIS2_PLACEMENT_3D('',#5326,#3370,#3371);
#2796=AXIS2_PLACEMENT_3D('',#5328,#3373,#3374);
#2797=AXIS2_PLACEMENT_3D('',#5330,#3376,#3377);
#2798=AXIS2_PLACEMENT_3D('',#5332,#3379,#3380);
#2799=AXIS2_PLACEMENT_3D('',#5333,#3381,#3382);
#2800=AXIS2_PLACEMENT_3D('',#5346,#3389,#3390);
#2801=AXIS2_PLACEMENT_3D('',#5349,#3393,#3394);
#2802=AXIS2_PLACEMENT_3D('',#5351,#3396,#3397);
#2803=AXIS2_PLACEMENT_3D('',#5353,#3399,#3400);
#2804=AXIS2_PLACEMENT_3D('',#5355,#3402,#3403);
#2805=AXIS2_PLACEMENT_3D('',#5357,#3405,#3406);
#2806=AXIS2_PLACEMENT_3D('',#5358,#3407,#3408);
#2807=AXIS2_PLACEMENT_3D('',#5371,#3415,#3416);
#2808=AXIS2_PLACEMENT_3D('',#5374,#3419,#3420);
#2809=AXIS2_PLACEMENT_3D('',#5376,#3422,#3423);
#2810=AXIS2_PLACEMENT_3D('',#5378,#3425,#3426);
#2811=AXIS2_PLACEMENT_3D('',#5380,#3428,#3429);
#2812=AXIS2_PLACEMENT_3D('',#5382,#3431,#3432);
#2813=AXIS2_PLACEMENT_3D('',#5383,#3433,#3434);
#2814=AXIS2_PLACEMENT_3D('',#5396,#3441,#3442);
#2815=AXIS2_PLACEMENT_3D('',#5399,#3445,#3446);
#2816=AXIS2_PLACEMENT_3D('',#5401,#3448,#3449);
#2817=AXIS2_PLACEMENT_3D('',#5403,#3451,#3452);
#2818=AXIS2_PLACEMENT_3D('',#5405,#3454,#3455);
#2819=AXIS2_PLACEMENT_3D('',#5407,#3457,#3458);
#2820=AXIS2_PLACEMENT_3D('',#5408,#3459,#3460);
#2821=AXIS2_PLACEMENT_3D('',#5414,#3464,#3465);
#2822=AXIS2_PLACEMENT_3D('',#5418,#3468,#3469);
#2823=AXIS2_PLACEMENT_3D('',#5422,#3472,#3473);
#2824=AXIS2_PLACEMENT_3D('',#5426,#3476,#3477);
#2825=AXIS2_PLACEMENT_3D('',#5430,#3480,#3481);
#2826=AXIS2_PLACEMENT_3D('',#5432,#3483,#3484);
#2827=AXIS2_PLACEMENT_3D('',#5433,#3485,#3486);
#2828=AXIS2_PLACEMENT_3D('',#5434,#3487,#3488);
#2829=AXIS2_PLACEMENT_3D('',#5435,#3489,#3490);
#2830=AXIS2_PLACEMENT_3D('',#5436,#3491,#3492);
#2831=AXIS2_PLACEMENT_3D('',#5456,#3493,#3494);
#2832=AXIS2_PLACEMENT_3D('',#5519,#3495,#3496);
#2833=AXIS2_PLACEMENT_3D('',#5520,#3497,#3498);
#2834=AXIS2_PLACEMENT_3D('',#5555,#3499,#3500);
#2835=AXIS2_PLACEMENT_3D('',#5667,#3501,#3502);
#2836=AXIS2_PLACEMENT_3D('',#5669,#3503,#3504);
#2837=AXIS2_PLACEMENT_3D('',#5670,#3505,#3506);
#2838=AXIS2_PLACEMENT_3D('',#5829,#3507,#3508);
#2839=AXIS2_PLACEMENT_3D('',#5830,#3509,#3510);
#2840=AXIS2_PLACEMENT_3D('',#5832,#3511,#3512);
#2841=AXIS2_PLACEMENT_3D('',#5887,#3513,#3514);
#2842=AXIS2_PLACEMENT_3D('',#5931,#3515,#3516);
#2843=AXIS2_PLACEMENT_3D('',#5975,#3517,#3518);
#2844=AXIS2_PLACEMENT_3D('',#5977,#3519,#3520);
#2845=AXIS2_PLACEMENT_3D('',#6088,#3521,#3522);
#2846=AXIS2_PLACEMENT_3D('',#6188,#3523,#3524);
#2847=AXIS2_PLACEMENT_3D('',#6223,#3525,#3526);
#2848=AXIS2_PLACEMENT_3D('',#6254,#3527,#3528);
#2849=AXIS2_PLACEMENT_3D('',#6255,#3529,#3530);
#2850=AXIS2_PLACEMENT_3D('',#6256,#3531,#3532);
#2851=AXIS2_PLACEMENT_3D('',#6257,#3533,#3534);
#2852=AXIS2_PLACEMENT_3D('',#6258,#3535,#3536);
#2853=AXIS2_PLACEMENT_3D('',#6283,#3537,#3538);
#2854=AXIS2_PLACEMENT_3D('',#6308,#3539,#3540);
#2855=AXIS2_PLACEMENT_3D('',#6317,#3543,#3544);
#2856=AXIS2_PLACEMENT_3D('',#6342,#3545,#3546);
#2857=AXIS2_PLACEMENT_3D('',#6369,#3547,#3548);
#2858=AXIS2_PLACEMENT_3D('',#6370,#3549,#3550);
#2859=AXIS2_PLACEMENT_3D('',#6371,#3551,#3552);
#2860=AXIS2_PLACEMENT_3D('',#6372,#3553,#3554);
#2861=AXIS2_PLACEMENT_3D('',#6373,#3555,#3556);
#2862=AXIS2_PLACEMENT_3D('',#6374,#3557,#3558);
#2863=AXIS2_PLACEMENT_3D('',#6375,#3559,#3560);
#2864=AXIS2_PLACEMENT_3D('',#6376,#3561,#3562);
#2865=AXIS2_PLACEMENT_3D('',#6377,#3563,#3564);
#2866=AXIS2_PLACEMENT_3D('',#6378,#3565,#3566);
#2867=AXIS2_PLACEMENT_3D('',#6379,#3567,#3568);
#2868=AXIS2_PLACEMENT_3D('',#6380,#3569,#3570);
#2869=AXIS2_PLACEMENT_3D('',#6381,#3571,#3572);
#2870=AXIS2_PLACEMENT_3D('',#6382,#3573,#3574);
#2871=AXIS2_PLACEMENT_3D('',#6383,#3575,#3576);
#2872=AXIS2_PLACEMENT_3D('',#6384,#3577,#3578);
#2873=AXIS2_PLACEMENT_3D('',#6385,#3579,#3580);
#2874=AXIS2_PLACEMENT_3D('',#6386,#3581,#3582);
#2875=AXIS2_PLACEMENT_3D('',#6387,#3583,#3584);
#2876=AXIS2_PLACEMENT_3D('',#6388,#3585,#3586);
#2877=AXIS2_PLACEMENT_3D('',#6389,#3587,#3588);
#2878=AXIS2_PLACEMENT_3D('',#6390,#3589,#3590);
#2879=AXIS2_PLACEMENT_3D('',#6819,#3591,#3592);
#2880=AXIS2_PLACEMENT_3D('',#6832,#3593,#3594);
#2881=AXIS2_PLACEMENT_3D('',#6863,#3595,#3596);
#2882=AXIS2_PLACEMENT_3D('',#6876,#3597,#3598);
#2883=AXIS2_PLACEMENT_3D('',#6901,#3599,#3600);
#2884=AXIS2_PLACEMENT_3D('',#6920,#3601,#3602);
#2885=AXIS2_PLACEMENT_3D('',#6921,#3603,#3604);
#2886=AXIS2_PLACEMENT_3D('',#6922,#3605,#3606);
#2887=AXIS2_PLACEMENT_3D('',#6941,#3607,#3608);
#2888=AXIS2_PLACEMENT_3D('',#6966,#3609,#3610);
#2889=AXIS2_PLACEMENT_3D('',#6979,#3611,#3612);
#2890=AXIS2_PLACEMENT_3D('',#7010,#3613,#3614);
#2891=AXIS2_PLACEMENT_3D('',#7023,#3615,#3616);
#2892=AXIS2_PLACEMENT_3D('',#7060,#3617,#3618);
#2893=AXIS2_PLACEMENT_3D('',#7079,#3619,#3620);
#2894=AXIS2_PLACEMENT_3D('',#7080,#3621,#3622);
#2895=AXIS2_PLACEMENT_3D('',#7081,#3623,#3624);
#2896=AXIS2_PLACEMENT_3D('',#7082,#3625,#3626);
#2897=AXIS2_PLACEMENT_3D('',#7167,#3627,#3628);
#2898=AXIS2_PLACEMENT_3D('',#7180,#3629,#3630);
#2899=DIRECTION('axis',(0.,0.,1.));
#2900=DIRECTION('refdir',(1.,0.,0.));
#2901=DIRECTION('center_axis',(-3.57784559303953E-16,0.,-1.));
#2902=DIRECTION('ref_axis',(0.707106781186549,0.707106781186546,0.));
#2903=DIRECTION('',(-3.57784559303953E-16,0.,-1.));
#2904=DIRECTION('center_axis',(2.99528920185329E-16,0.,1.));
#2905=DIRECTION('ref_axis',(0.707106781186549,0.707106781186546,0.));
#2906=DIRECTION('',(3.57784559303953E-16,0.,1.));
#2907=DIRECTION('center_axis',(0.,1.,0.));
#2908=DIRECTION('ref_axis',(0.,0.,1.));
#2909=DIRECTION('center_axis',(0.,1.,0.));
#2910=DIRECTION('ref_axis',(-0.619553322603185,0.,-0.784954572221446));
#2911=DIRECTION('center_axis',(0.601970183810577,0.,-0.798518564469894));
#2912=DIRECTION('ref_axis',(-0.798518564469894,0.,-0.601970183810577));
#2913=DIRECTION('center_axis',(0.,-1.,0.));
#2914=DIRECTION('ref_axis',(-0.619553322603185,0.,-0.784954572221446));
#2915=DIRECTION('center_axis',(0.,-1.,0.));
#2916=DIRECTION('ref_axis',(0.,0.,-1.));
#2917=DIRECTION('center_axis',(0.970439285715551,0.,-0.241345380606075));
#2918=DIRECTION('ref_axis',(-0.241345380606075,0.,-0.970439285715551));
#2919=DIRECTION('center_axis',(0.,1.,0.));
#2920=DIRECTION('ref_axis',(0.551608217697947,0.,0.83410333542559));
#2921=DIRECTION('center_axis',(0.,-1.,0.));
#2922=DIRECTION('ref_axis',(0.551608217697947,0.,0.83410333542559));
#2923=DIRECTION('center_axis',(0.,1.,0.));
#2924=DIRECTION('ref_axis',(0.,0.,1.));
#2925=DIRECTION('center_axis',(0.,0.,-1.));
#2926=DIRECTION('ref_axis',(-1.,0.,0.));
#2927=DIRECTION('center_axis',(0.,-1.,0.));
#2928=DIRECTION('ref_axis',(-0.78782783036844,0.,-0.615895534727243));
#2929=DIRECTION('center_axis',(0.,1.,0.));
#2930=DIRECTION('ref_axis',(-0.78782783036844,0.,-0.615895534727243));
#2931=DIRECTION('center_axis',(4.44089209850063E-16,0.,1.));
#2932=DIRECTION('ref_axis',(-0.707106781186548,0.707106781186548,0.));
#2933=DIRECTION('center_axis',(0.,0.,-1.));
#2934=DIRECTION('ref_axis',(-1.,0.,0.));
#2935=DIRECTION('',(-4.44089209850063E-16,0.,-1.));
#2936=DIRECTION('',(4.44089209850063E-16,0.,1.));
#2937=DIRECTION('center_axis',(0.,1.,0.));
#2938=DIRECTION('ref_axis',(0.,0.,1.));
#2939=DIRECTION('center_axis',(-0.962346057704431,0.,-0.271827270929058));
#2940=DIRECTION('ref_axis',(-0.271827270929058,0.,0.962346057704431));
#2941=DIRECTION('center_axis',(0.,-1.,0.));
#2942=DIRECTION('ref_axis',(-0.797441932346507,0.,0.603395694826761));
#2943=DIRECTION('center_axis',(0.,1.,0.));
#2944=DIRECTION('ref_axis',(-0.797441932346507,0.,0.603395694826761));
#2945=DIRECTION('center_axis',(0.,-1.,0.));
#2946=DIRECTION('ref_axis',(0.,0.,-1.));
#2947=DIRECTION('center_axis',(-0.450790475894737,0.,-0.892629792715097));
#2948=DIRECTION('ref_axis',(-0.892629792715097,0.,0.450790475894737));
#2949=DIRECTION('center_axis',(0.,1.,0.));
#2950=DIRECTION('ref_axis',(0.63593422740709,0.,-0.771743259388864));
#2951=DIRECTION('center_axis',(0.,-1.,0.));
#2952=DIRECTION('ref_axis',(0.63593422740709,0.,-0.771743259388864));
#2953=DIRECTION('center_axis',(0.,1.,0.));
#2954=DIRECTION('ref_axis',(0.,0.,1.));
#2955=DIRECTION('center_axis',(-0.707106781186548,0.,-0.707106781186548));
#2956=DIRECTION('ref_axis',(-0.707106781186548,0.,0.707106781186548));
#2957=DIRECTION('center_axis',(0.,-1.,0.));
#2958=DIRECTION('ref_axis',(-0.810070236806199,0.,0.586332850385127));
#2959=DIRECTION('center_axis',(0.,1.,0.));
#2960=DIRECTION('ref_axis',(-0.810070236806199,0.,0.586332850385127));
#2961=DIRECTION('center_axis',(0.707106781186547,0.,0.707106781186548));
#2962=DIRECTION('ref_axis',(-0.500000000000001,0.707106781186547,0.5));
#2963=DIRECTION('center_axis',(-0.70710678118655,0.,-0.707106781186545));
#2964=DIRECTION('ref_axis',(-0.707106781186545,0.,0.70710678118655));
#2965=DIRECTION('',(-0.707106781186547,0.,-0.707106781186548));
#2966=DIRECTION('',(0.707106781186547,0.,0.707106781186548));
#2967=DIRECTION('center_axis',(0.,1.,0.));
#2968=DIRECTION('ref_axis',(0.,0.,1.));
#2969=DIRECTION('center_axis',(-1.,0.,-2.22044604925032E-15));
#2970=DIRECTION('ref_axis',(-2.22044604925032E-15,0.,1.));
#2971=DIRECTION('center_axis',(0.,-1.,0.));
#2972=DIRECTION('ref_axis',(-0.38268343236509,0.,0.923879532511287));
#2973=DIRECTION('center_axis',(0.,1.,0.));
#2974=DIRECTION('ref_axis',(-0.38268343236509,0.,0.923879532511287));
#2975=DIRECTION('center_axis',(1.,0.,-4.44089209850063E-16));
#2976=DIRECTION('ref_axis',(0.,0.707106781186554,0.707106781186541));
#2977=DIRECTION('center_axis',(-1.,0.,0.));
#2978=DIRECTION('ref_axis',(0.,0.,1.));
#2979=DIRECTION('',(-1.,0.,4.44089209850063E-16));
#2980=DIRECTION('',(1.,0.,-4.44089209850063E-16));
#2981=DIRECTION('center_axis',(0.,1.,0.));
#2982=DIRECTION('ref_axis',(0.,0.,1.));
#2983=DIRECTION('center_axis',(-0.707106781186548,0.,0.707106781186548));
#2984=DIRECTION('ref_axis',(0.707106781186548,0.,0.707106781186548));
#2985=DIRECTION('center_axis',(0.,-1.,0.));
#2986=DIRECTION('ref_axis',(0.382683432365091,0.,0.923879532511286));
#2987=DIRECTION('center_axis',(0.,1.,0.));
#2988=DIRECTION('ref_axis',(0.382683432365091,0.,0.923879532511286));
#2989=DIRECTION('center_axis',(0.707106781186547,0.,-0.707106781186548));
#2990=DIRECTION('ref_axis',(0.500000000000003,0.707106781186546,0.5));
#2991=DIRECTION('center_axis',(-0.707106781186546,0.,0.707106781186549));
#2992=DIRECTION('ref_axis',(0.707106781186549,0.,0.707106781186546));
#2993=DIRECTION('',(-0.707106781186547,0.,0.707106781186548));
#2994=DIRECTION('',(0.707106781186547,0.,-0.707106781186548));
#2995=DIRECTION('center_axis',(0.,1.,0.));
#2996=DIRECTION('ref_axis',(0.,0.,1.));
#2997=DIRECTION('center_axis',(0.,0.,1.));
#2998=DIRECTION('ref_axis',(1.,0.,0.));
#2999=DIRECTION('center_axis',(0.,-1.,0.));
#3000=DIRECTION('ref_axis',(0.923879532511286,0.,0.38268343236509));
#3001=DIRECTION('center_axis',(0.,1.,0.));
#3002=DIRECTION('ref_axis',(0.923879532511286,0.,0.38268343236509));
#3003=DIRECTION('center_axis',(-4.44089209850063E-16,0.,-1.));
#3004=DIRECTION('ref_axis',(0.707106781186549,0.707106781186546,0.));
#3005=DIRECTION('center_axis',(0.,0.,1.));
#3006=DIRECTION('ref_axis',(1.,0.,0.));
#3007=DIRECTION('',(4.44089209850063E-16,0.,1.));
#3008=DIRECTION('',(-4.44089209850063E-16,0.,-1.));
#3009=DIRECTION('center_axis',(0.,1.,0.));
#3010=DIRECTION('ref_axis',(0.,0.,1.));
#3011=DIRECTION('center_axis',(0.,-1.,0.));
#3012=DIRECTION('ref_axis',(0.836660026536043,0.,-0.54772255750216));
#3013=DIRECTION('center_axis',(0.,1.,0.));
#3014=DIRECTION('ref_axis',(0.836660026536043,0.,-0.54772255750216));
#3015=DIRECTION('center_axis',(-4.44089209850063E-16,0.,-1.));
#3016=DIRECTION('ref_axis',(-0.707106781186548,0.707106781186548,0.));
#3017=DIRECTION('',(-4.44089209850063E-16,0.,-1.));
#3018=DIRECTION('center_axis',(2.99528920185329E-16,0.,1.));
#3019=DIRECTION('ref_axis',(-0.707106781186548,0.707106781186548,0.));
#3020=DIRECTION('',(4.44089209850063E-16,0.,1.));
#3021=DIRECTION('center_axis',(1.,0.,-3.57784559303953E-16));
#3022=DIRECTION('ref_axis',(3.57784559303953E-16,0.,1.));
#3023=DIRECTION('',(0.,1.,0.));
#3024=DIRECTION('',(3.57784559303953E-16,0.,1.));
#3025=DIRECTION('',(3.57784559303953E-16,0.,1.));
#3026=DIRECTION('',(0.,-1.,0.));
#3027=DIRECTION('center_axis',(0.,1.,0.));
#3028=DIRECTION('ref_axis',(-4.44089209850063E-16,0.,-1.));
#3029=DIRECTION('',(0.,1.,0.));
#3030=DIRECTION('center_axis',(0.,1.,0.));
#3031=DIRECTION('ref_axis',(4.44089209850063E-16,0.,1.));
#3032=DIRECTION('center_axis',(1.,0.,-4.44089209850063E-16));
#3033=DIRECTION('ref_axis',(4.44089209850063E-16,0.,1.));
#3034=DIRECTION('',(0.,1.,0.));
#3035=DIRECTION('',(-4.44089209850063E-16,0.,-1.));
#3036=DIRECTION('center_axis',(0.,1.,0.));
#3037=DIRECTION('ref_axis',(-4.44089209850063E-16,0.,-1.));
#3038=DIRECTION('',(0.,1.,0.));
#3039=DIRECTION('center_axis',(0.,1.,0.));
#3040=DIRECTION('ref_axis',(4.44089209850063E-16,0.,1.));
#3041=DIRECTION('center_axis',(0.707106781186548,0.,0.707106781186547));
#3042=DIRECTION('ref_axis',(-0.707106781186547,0.,0.707106781186548));
#3043=DIRECTION('',(0.,1.,0.));
#3044=DIRECTION('',(0.707106781186547,0.,-0.707106781186548));
#3045=DIRECTION('center_axis',(0.,1.,0.));
#3046=DIRECTION('ref_axis',(-4.44089209850063E-16,0.,-1.));
#3047=DIRECTION('',(0.,1.,0.));
#3048=DIRECTION('center_axis',(0.,1.,0.));
#3049=DIRECTION('ref_axis',(4.44089209850063E-16,0.,1.));
#3050=DIRECTION('center_axis',(4.44089209850063E-16,0.,1.));
#3051=DIRECTION('ref_axis',(-1.,0.,4.44089209850063E-16));
#3052=DIRECTION('',(0.,1.,0.));
#3053=DIRECTION('',(1.,0.,-4.44089209850063E-16));
#3054=DIRECTION('center_axis',(0.,1.,0.));
#3055=DIRECTION('ref_axis',(-4.44089209850063E-16,0.,-1.));
#3056=DIRECTION('',(0.,1.,0.));
#3057=DIRECTION('center_axis',(0.,1.,0.));
#3058=DIRECTION('ref_axis',(3.91353616180368E-15,0.,1.));
#3059=DIRECTION('center_axis',(0.707106781186548,0.,-0.707106781186547));
#3060=DIRECTION('ref_axis',(0.707106781186547,0.,0.707106781186548));
#3061=DIRECTION('',(0.,1.,0.));
#3062=DIRECTION('',(0.707106781186547,0.,0.707106781186548));
#3063=DIRECTION('center_axis',(0.,1.,0.));
#3064=DIRECTION('ref_axis',(-4.44089209850063E-16,0.,-1.));
#3065=DIRECTION('',(0.,-1.,0.));
#3066=DIRECTION('center_axis',(0.,1.,0.));
#3067=DIRECTION('ref_axis',(-3.02535774210355E-15,0.,1.));
#3068=DIRECTION('center_axis',(0.,1.,0.));
#3069=DIRECTION('ref_axis',(-4.44089209850063E-16,0.,-1.));
#3070=DIRECTION('',(0.,1.,0.));
#3071=DIRECTION('center_axis',(0.,-1.,0.));
#3072=DIRECTION('ref_axis',(4.44089209850063E-16,0.,1.));
#3073=DIRECTION('center_axis',(0.,-1.,0.));
#3074=DIRECTION('ref_axis',(4.44089209850063E-16,0.,1.));
#3075=DIRECTION('',(0.,1.,0.));
#3076=DIRECTION('center_axis',(0.385689226697864,0.922578690076953,0.0096115048299925));
#3077=DIRECTION('ref_axis',(0.516302590349445,-0.207186128482748,-0.830966631918986));
#3078=DIRECTION('center_axis',(-1.,0.,4.44089209850063E-16));
#3079=DIRECTION('ref_axis',(-4.44089209850063E-16,0.,-1.));
#3080=DIRECTION('',(0.,-1.,0.));
#3081=DIRECTION('',(4.44089209850063E-16,0.,1.));
#3082=DIRECTION('center_axis',(0.,1.,0.));
#3083=DIRECTION('ref_axis',(-4.44089209850063E-16,0.,-1.));
#3084=DIRECTION('',(0.,-1.,0.));
#3085=DIRECTION('center_axis',(2.99528920185329E-16,0.,1.));
#3086=DIRECTION('ref_axis',(-1.,0.,2.99528920185329E-16));
#3087=DIRECTION('center_axis',(-2.99528920185329E-16,0.,-1.));
#3088=DIRECTION('ref_axis',(-1.,0.,2.99528920185329E-16));
#3089=DIRECTION('',(-1.,0.,2.99528920185329E-16));
#3090=DIRECTION('center_axis',(-2.99528920185329E-16,0.,-1.));
#3091=DIRECTION('ref_axis',(-1.,0.,2.99528920185329E-16));
#3092=DIRECTION('',(0.,-1.,0.));
#3093=DIRECTION('',(-1.,0.,2.99528920185329E-16));
#3094=DIRECTION('center_axis',(-2.74406783605189E-16,2.46519032881566E-32,
-1.));
#3095=DIRECTION('ref_axis',(1.,-4.18299476148838E-48,-2.74406783605189E-16));
#3096=DIRECTION('center_axis',(-2.74406783605189E-16,2.46519032881566E-32,
-1.));
#3097=DIRECTION('ref_axis',(1.,-4.18299476148838E-48,-2.74406783605189E-16));
#3098=DIRECTION('center_axis',(0.,1.,0.));
#3099=DIRECTION('ref_axis',(-4.44089209850063E-16,0.,-1.));
#3100=DIRECTION('',(0.,1.,0.));
#3101=DIRECTION('center_axis',(0.,-1.,0.));
#3102=DIRECTION('ref_axis',(4.44089209850063E-16,0.,1.));
#3103=DIRECTION('center_axis',(0.,1.,0.));
#3104=DIRECTION('ref_axis',(-4.44089209850062E-16,0.,-1.));
#3105=DIRECTION('',(0.,1.,0.));
#3106=DIRECTION('center_axis',(0.,1.,0.));
#3107=DIRECTION('ref_axis',(-5.80091530366644E-15,0.,1.));
#3108=DIRECTION('center_axis',(0.,-1.,0.));
#3109=DIRECTION('ref_axis',(4.44089209850063E-16,0.,1.));
#3110=DIRECTION('center_axis',(0.,-1.,0.));
#3111=DIRECTION('ref_axis',(-4.44089209850063E-16,0.,-1.));
#3112=DIRECTION('center_axis',(0.,-1.,0.));
#3113=DIRECTION('ref_axis',(-4.44089209850063E-16,0.,-1.));
#3114=DIRECTION('center_axis',(0.,-1.,0.));
#3115=DIRECTION('ref_axis',(4.44089209850063E-16,0.,1.));
#3116=DIRECTION('center_axis',(0.,-1.,0.));
#3117=DIRECTION('ref_axis',(4.44089209850063E-16,0.,1.));
#3118=DIRECTION('center_axis',(0.,-1.,0.));
#3119=DIRECTION('ref_axis',(-4.44089209850063E-16,0.,-1.));
#3120=DIRECTION('center_axis',(0.,-1.,0.));
#3121=DIRECTION('ref_axis',(4.44089209850063E-16,0.,1.));
#3122=DIRECTION('center_axis',(1.,0.,-4.44089209850063E-16));
#3123=DIRECTION('ref_axis',(4.44089209850063E-16,0.,1.));
#3124=DIRECTION('',(4.44089209850063E-16,0.,1.));
#3125=DIRECTION('',(-4.44089209850063E-16,0.,-1.));
#3126=DIRECTION('center_axis',(9.71445146547006E-17,0.,1.));
#3127=DIRECTION('ref_axis',(-1.,0.,9.71445146547006E-17));
#3128=DIRECTION('center_axis',(-9.71445146547006E-17,0.,-1.));
#3129=DIRECTION('ref_axis',(1.,0.,-9.71445146547006E-17));
#3130=DIRECTION('',(9.71445146547006E-17,0.,1.));
#3131=DIRECTION('center_axis',(9.71445146547006E-17,0.,1.));
#3132=DIRECTION('ref_axis',(-1.,0.,9.71445146547006E-17));
#3133=DIRECTION('center_axis',(-9.71445146547006E-17,0.,-1.));
#3134=DIRECTION('ref_axis',(1.,0.,-9.71445146547006E-17));
#3135=DIRECTION('',(9.71445146547006E-17,0.,1.));
#3136=DIRECTION('center_axis',(-2.99528920185329E-16,0.,-1.));
#3137=DIRECTION('ref_axis',(1.,0.,-2.99528920185329E-16));
#3138=DIRECTION('center_axis',(9.71445146547006E-17,0.,1.));
#3139=DIRECTION('ref_axis',(1.,0.,-9.71445146547006E-17));
#3140=DIRECTION('',(-2.99528920185329E-16,0.,-1.));
#3141=DIRECTION('center_axis',(-2.99528920185329E-16,0.,-1.));
#3142=DIRECTION('ref_axis',(1.,0.,-2.99528920185329E-16));
#3143=DIRECTION('center_axis',(9.71445146547006E-17,0.,1.));
#3144=DIRECTION('ref_axis',(1.,0.,-9.71445146547006E-17));
#3145=DIRECTION('',(-2.99528920185329E-16,0.,-1.));
#3146=DIRECTION('center_axis',(0.,-1.,0.));
#3147=DIRECTION('ref_axis',(2.59886907663621E-16,0.,1.));
#3148=DIRECTION('center_axis',(0.,-1.,0.));
#3149=DIRECTION('ref_axis',(4.44089209850062E-16,0.,1.));
#3150=DIRECTION('center_axis',(0.,-1.,0.));
#3151=DIRECTION('ref_axis',(4.44089209850062E-16,0.,1.));
#3152=DIRECTION('center_axis',(-1.,0.,3.24858634579527E-16));
#3153=DIRECTION('ref_axis',(-3.24858634579527E-16,0.,-1.));
#3154=DIRECTION('center_axis',(0.,1.,0.));
#3155=DIRECTION('ref_axis',(4.44089209850062E-16,0.,1.));
#3156=DIRECTION('center_axis',(4.39429983960989E-6,0.000120438930073378,
0.999999992737577));
#3157=DIRECTION('ref_axis',(6.63211191642683E-5,0.999999990547952,-0.000120439221243444));
#3158=DIRECTION('center_axis',(0.,1.,0.));
#3159=DIRECTION('ref_axis',(4.44089209850062E-16,0.,1.));
#3160=DIRECTION('center_axis',(0.,-1.,0.));
#3161=DIRECTION('ref_axis',(2.59886907663621E-16,0.,1.));
#3162=DIRECTION('center_axis',(0.,-1.,0.));
#3163=DIRECTION('ref_axis',(4.44089209850062E-16,0.,1.));
#3164=DIRECTION('center_axis',(0.,-1.,0.));
#3165=DIRECTION('ref_axis',(4.44089209850062E-16,0.,1.));
#3166=DIRECTION('center_axis',(-1.,0.,3.24858634579527E-16));
#3167=DIRECTION('ref_axis',(-3.24858634579527E-16,0.,-1.));
#3168=DIRECTION('center_axis',(0.,1.,0.));
#3169=DIRECTION('ref_axis',(4.44089209850063E-16,0.,1.));
#3170=DIRECTION('center_axis',(0.,1.,0.));
#3171=DIRECTION('ref_axis',(4.44089209850063E-16,0.,1.));
#3172=DIRECTION('center_axis',(4.39429997683336E-6,0.00012043893385873,
-0.999999992737577));
#3173=DIRECTION('ref_axis',(0.0728082630067951,0.997345949173268,0.000120439225030342));
#3174=DIRECTION('center_axis',(0.,1.,0.));
#3175=DIRECTION('ref_axis',(4.44089209850063E-16,0.,1.));
#3176=DIRECTION('center_axis',(0.,1.,0.));
#3177=DIRECTION('ref_axis',(-4.44089209850063E-16,0.,-1.));
#3178=DIRECTION('center_axis',(0.,-1.,0.));
#3179=DIRECTION('ref_axis',(4.44089209850063E-16,0.,1.));
#3180=DIRECTION('',(0.,1.,0.));
#3181=DIRECTION('center_axis',(0.,1.,0.));
#3182=DIRECTION('ref_axis',(4.44089209850063E-16,0.,1.));
#3183=DIRECTION('center_axis',(0.,1.,0.));
#3184=DIRECTION('ref_axis',(-4.44089209850062E-16,0.,-1.));
#3185=DIRECTION('',(0.,-1.,0.));
#3186=DIRECTION('center_axis',(0.,-1.,0.));
#3187=DIRECTION('ref_axis',(4.44089209850062E-16,0.,1.));
#3188=DIRECTION('center_axis',(0.,1.,0.));
#3189=DIRECTION('ref_axis',(-4.44089209850063E-16,0.,-1.));
#3190=DIRECTION('center_axis',(0.,-1.,0.));
#3191=DIRECTION('ref_axis',(4.44089209850063E-16,0.,1.));
#3192=DIRECTION('',(0.,1.,0.));
#3193=DIRECTION('center_axis',(0.,1.,0.));
#3194=DIRECTION('ref_axis',(4.44089209850063E-16,0.,1.));
#3195=DIRECTION('center_axis',(0.,1.,0.));
#3196=DIRECTION('ref_axis',(-4.44089209850062E-16,0.,-1.));
#3197=DIRECTION('',(0.,-1.,0.));
#3198=DIRECTION('center_axis',(0.,-1.,0.));
#3199=DIRECTION('ref_axis',(4.44089209850062E-16,0.,1.));
#3200=DIRECTION('center_axis',(0.,-1.,0.));
#3201=DIRECTION('ref_axis',(0.,0.,1.));
#3202=DIRECTION('center_axis',(0.,-1.,0.));
#3203=DIRECTION('ref_axis',(4.44089209850062E-16,0.,1.));
#3204=DIRECTION('center_axis',(0.82510015948423,-1.82675287917191E-15,-0.564986483749035));
#3205=DIRECTION('ref_axis',(0.564986483749035,1.18329135783152E-30,0.82510015948423));
#3206=DIRECTION('center_axis',(0.,1.,0.));
#3207=DIRECTION('ref_axis',(1.74469739009731E-15,0.,1.));
#3208=DIRECTION('center_axis',(0.,1.,0.));
#3209=DIRECTION('ref_axis',(-6.05895169138615E-15,0.,1.));
#3210=DIRECTION('center_axis',(-0.45532047944544,0.,-0.890327614419307));
#3211=DIRECTION('ref_axis',(-0.890327614419307,1.73472347597681E-15,0.45532047944544));
#3212=DIRECTION('center_axis',(0.,-1.,0.));
#3213=DIRECTION('ref_axis',(4.44089209850062E-16,0.,1.));
#3214=DIRECTION('center_axis',(0.,1.,0.));
#3215=DIRECTION('ref_axis',(-4.44089209850063E-16,0.,-1.));
#3216=DIRECTION('center_axis',(0.,-1.,0.));
#3217=DIRECTION('ref_axis',(4.44089209850063E-16,0.,1.));
#3218=DIRECTION('',(0.,1.,0.));
#3219=DIRECTION('center_axis',(0.,1.,0.));
#3220=DIRECTION('ref_axis',(4.44089209850063E-16,0.,1.));
#3221=DIRECTION('center_axis',(0.,1.,0.));
#3222=DIRECTION('ref_axis',(-4.44089209850062E-16,0.,-1.));
#3223=DIRECTION('center_axis',(0.,-1.,0.));
#3224=DIRECTION('ref_axis',(4.44089209850062E-16,0.,1.));
#3225=DIRECTION('',(0.,-1.,0.));
#3226=DIRECTION('center_axis',(0.,-1.,0.));
#3227=DIRECTION('ref_axis',(4.44089209850062E-16,0.,1.));
#3228=DIRECTION('center_axis',(0.,1.,0.));
#3229=DIRECTION('ref_axis',(-4.44089209850063E-16,0.,-1.));
#3230=DIRECTION('center_axis',(0.,-1.,0.));
#3231=DIRECTION('ref_axis',(4.44089209850063E-16,0.,1.));
#3232=DIRECTION('',(0.,1.,0.));
#3233=DIRECTION('center_axis',(0.,1.,0.));
#3234=DIRECTION('ref_axis',(4.44089209850063E-16,0.,1.));
#3235=DIRECTION('center_axis',(0.,1.,0.));
#3236=DIRECTION('ref_axis',(-4.44089209850062E-16,0.,-1.));
#3237=DIRECTION('center_axis',(0.,-1.,0.));
#3238=DIRECTION('ref_axis',(4.44089209850062E-16,0.,1.));
#3239=DIRECTION('center_axis',(0.,-1.,0.));
#3240=DIRECTION('ref_axis',(4.44089209850062E-16,0.,1.));
#3241=DIRECTION('',(0.,-1.,0.));
#3242=DIRECTION('center_axis',(0.,-1.,0.));
#3243=DIRECTION('ref_axis',(4.44089209850062E-16,0.,1.));
#3244=DIRECTION('center_axis',(0.,-1.,0.));
#3245=DIRECTION('ref_axis',(4.44089209850063E-16,0.,1.));
#3246=DIRECTION('',(0.,-1.,0.));
#3247=DIRECTION('center_axis',(0.,-1.,0.));
#3248=DIRECTION('ref_axis',(4.44089209850063E-16,0.,1.));
#3249=DIRECTION('center_axis',(0.,-1.,0.));
#3250=DIRECTION('ref_axis',(4.44089209850063E-16,0.,1.));
#3251=DIRECTION('center_axis',(0.,-1.,0.));
#3252=DIRECTION('ref_axis',(4.44089209850063E-16,0.,1.));
#3253=DIRECTION('center_axis',(0.,-1.,0.));
#3254=DIRECTION('ref_axis',(4.44089209850063E-16,0.,1.));
#3255=DIRECTION('center_axis',(0.,-1.,0.));
#3256=DIRECTION('ref_axis',(4.44089209850063E-16,0.,1.));
#3257=DIRECTION('',(0.,-1.,0.));
#3258=DIRECTION('center_axis',(0.,1.,0.));
#3259=DIRECTION('ref_axis',(4.44089209850063E-16,0.,1.));
#3260=DIRECTION('center_axis',(0.,-1.,0.));
#3261=DIRECTION('ref_axis',(4.44089209850063E-16,0.,1.));
#3262=DIRECTION('',(0.,-1.,0.));
#3263=DIRECTION('center_axis',(0.,1.,0.));
#3264=DIRECTION('ref_axis',(4.44089209850063E-16,0.,1.));
#3265=DIRECTION('center_axis',(0.,1.,0.));
#3266=DIRECTION('ref_axis',(-4.44089209850063E-16,0.,-1.));
#3267=DIRECTION('center_axis',(0.,1.,0.));
#3268=DIRECTION('ref_axis',(4.44089209850063E-16,0.,1.));
#3269=DIRECTION('',(0.,1.,0.));
#3270=DIRECTION('center_axis',(0.,1.,0.));
#3271=DIRECTION('ref_axis',(-4.44089209850063E-16,0.,-1.));
#3272=DIRECTION('center_axis',(0.,1.,0.));
#3273=DIRECTION('ref_axis',(4.44089209850063E-16,0.,1.));
#3274=DIRECTION('',(0.,1.,0.));
#3275=DIRECTION('center_axis',(0.,1.,0.));
#3276=DIRECTION('ref_axis',(-4.44089209850063E-16,0.,-1.));
#3277=DIRECTION('center_axis',(0.,-1.,0.));
#3278=DIRECTION('ref_axis',(4.44089209850063E-16,0.,1.));
#3279=DIRECTION('',(0.,1.,0.));
#3280=DIRECTION('',(0.,-1.,0.));
#3281=DIRECTION('',(0.,-1.,0.));
#3282=DIRECTION('center_axis',(0.,-1.,0.));
#3283=DIRECTION('ref_axis',(4.44089209850063E-16,0.,1.));
#3284=DIRECTION('center_axis',(0.,-1.,0.));
#3285=DIRECTION('ref_axis',(4.44089209850063E-16,0.,1.));
#3286=DIRECTION('center_axis',(0.,1.,0.));
#3287=DIRECTION('ref_axis',(-1.34336985979644E-14,0.,1.));
#3288=DIRECTION('',(-0.967230965379069,0.,0.253898128413493));
#3289=DIRECTION('',(-0.967230965381122,0.,-0.253898128405672));
#3290=DIRECTION('center_axis',(0.,1.,0.));
#3291=DIRECTION('ref_axis',(-3.02535774210355E-15,0.,1.));
#3292=DIRECTION('center_axis',(0.,-1.,0.));
#3293=DIRECTION('ref_axis',(4.44089209850063E-16,0.,1.));
#3294=DIRECTION('',(4.44089209850063E-16,0.,1.));
#3295=DIRECTION('center_axis',(0.,-1.,0.));
#3296=DIRECTION('ref_axis',(4.44089209850063E-16,0.,1.));
#3297=DIRECTION('',(-0.707106781186547,0.,0.707106781186548));
#3298=DIRECTION('center_axis',(0.,-1.,0.));
#3299=DIRECTION('ref_axis',(4.44089209850063E-16,0.,1.));
#3300=DIRECTION('',(-1.,0.,4.44089209850063E-16));
#3301=DIRECTION('center_axis',(0.,-1.,0.));
#3302=DIRECTION('ref_axis',(4.44089209850063E-16,0.,1.));
#3303=DIRECTION('',(-0.707106781186547,0.,-0.707106781186548));
#3304=DIRECTION('center_axis',(0.,-1.,0.));
#3305=DIRECTION('ref_axis',(4.44089209850063E-16,0.,1.));
#3306=DIRECTION('center_axis',(0.,1.,0.));
#3307=DIRECTION('ref_axis',(4.44089209850063E-16,0.,1.));
#3308=DIRECTION('center_axis',(0.,1.,0.));
#3309=DIRECTION('ref_axis',(4.44089209850063E-16,0.,1.));
#3310=DIRECTION('center_axis',(0.,1.,0.));
#3311=DIRECTION('ref_axis',(1.74469739009731E-15,0.,1.));
#3312=DIRECTION('center_axis',(0.,1.,0.));
#3313=DIRECTION('ref_axis',(-2.33146835171283E-15,0.,1.));
#3314=DIRECTION('',(-0.500000000000005,0.,-0.866025403784436));
#3315=DIRECTION('',(-1.,0.,2.48112595390046E-15));
#3316=DIRECTION('',(-0.500000000000004,0.,0.866025403784436));
#3317=DIRECTION('',(0.5,0.,0.866025403784439));
#3318=DIRECTION('',(1.,0.,1.59294753420031E-15));
#3319=DIRECTION('',(0.499999999999998,0.,-0.86602540378444));
#3320=DIRECTION('',(-0.499999999999998,0.,-0.86602540378444));
#3321=DIRECTION('',(-1.,0.,9.53348395862659E-16));
#3322=DIRECTION('',(-0.499999999999999,0.,0.866025403784439));
#3323=DIRECTION('',(0.5,0.,0.866025403784439));
#3324=DIRECTION('',(1.,0.,6.5169976162533E-17));
#3325=DIRECTION('',(0.499999999999998,0.,-0.86602540378444));
#3326=DIRECTION('',(-0.498033955309793,0.,-0.867157528571645));
#3327=DIRECTION('',(-0.999997426480871,0.,-0.00226870704029934));
#3328=DIRECTION('',(-0.501963471171079,0.,0.864888821531346));
#3329=DIRECTION('',(0.498033955309792,0.,0.867157528571645));
#3330=DIRECTION('',(0.999997426480871,0.,0.00226870704029972));
#3331=DIRECTION('',(0.501963471171079,0.,-0.864888821531346));
#3332=DIRECTION('',(-0.5,0.,-0.866025403784438));
#3333=DIRECTION('',(-1.,0.,4.44089209850063E-16));
#3334=DIRECTION('',(-0.499999999999998,0.,0.86602540378444));
#3335=DIRECTION('',(0.5,0.,0.866025403784439));
#3336=DIRECTION('',(1.,0.,-4.44089209850063E-16));
#3337=DIRECTION('',(0.499999999999999,0.,-0.866025403784439));
#3338=DIRECTION('',(-1.,0.,-1.59294753420032E-15));
#3339=DIRECTION('',(1.,0.,1.59294753420031E-15));
#3340=DIRECTION('',(0.499999999999998,0.,-0.86602540378444));
#3341=DIRECTION('',(-0.500000000000001,0.,-0.866025403784438));
#3342=DIRECTION('center_axis',(0.,-1.,0.));
#3343=DIRECTION('ref_axis',(4.44089209850063E-16,0.,1.));
#3344=DIRECTION('',(-0.499999999999998,0.,0.86602540378444));
#3345=DIRECTION('',(0.499999999999999,0.,0.866025403784439));
#3346=DIRECTION('center_axis',(0.,-1.,0.));
#3347=DIRECTION('ref_axis',(4.44089209850063E-16,0.,1.));
#3348=DIRECTION('center_axis',(0.,1.,0.));
#3349=DIRECTION('ref_axis',(4.44089209850063E-16,0.,1.));
#3350=DIRECTION('',(-4.44089209850063E-16,0.,-1.));
#3351=DIRECTION('center_axis',(0.,-1.,0.));
#3352=DIRECTION('ref_axis',(4.44089209850063E-16,0.,1.));
#3353=DIRECTION('center_axis',(0.,1.,0.));
#3354=DIRECTION('ref_axis',(-4.75834351113891E-15,0.,1.));
#3355=DIRECTION('center_axis',(0.,-1.,0.));
#3356=DIRECTION('ref_axis',(4.44089209850063E-16,0.,1.));
#3357=DIRECTION('',(-0.500000000000005,0.,-0.866025403784436));
#3358=DIRECTION('',(0.499999999999998,0.,-0.86602540378444));
#3359=DIRECTION('',(1.,0.,1.59294753420031E-15));
#3360=DIRECTION('',(0.5,0.,0.866025403784439));
#3361=DIRECTION('',(-0.500000000000004,0.,0.866025403784436));
#3362=DIRECTION('',(-1.,0.,2.48112595390046E-15));
#3363=DIRECTION('center_axis',(-0.866025403784436,0.,0.500000000000005));
#3364=DIRECTION('ref_axis',(-0.500000000000005,0.,-0.866025403784436));
#3365=DIRECTION('',(0.,-1.,0.));
#3366=DIRECTION('',(0.,-1.,0.));
#3367=DIRECTION('center_axis',(2.48112595390046E-15,0.,1.));
#3368=DIRECTION('ref_axis',(-1.,0.,2.48112595390046E-15));
#3369=DIRECTION('',(0.,-1.,0.));
#3370=DIRECTION('center_axis',(0.866025403784436,0.,0.500000000000004));
#3371=DIRECTION('ref_axis',(-0.500000000000004,0.,0.866025403784437));
#3372=DIRECTION('',(0.,-1.,0.));
#3373=DIRECTION('center_axis',(0.866025403784439,0.,-0.5));
#3374=DIRECTION('ref_axis',(0.5,0.,0.866025403784439));
#3375=DIRECTION('',(0.,-1.,0.));
#3376=DIRECTION('center_axis',(1.59294753420031E-15,0.,-1.));
#3377=DIRECTION('ref_axis',(1.,0.,1.59294753420031E-15));
#3378=DIRECTION('',(0.,-1.,0.));
#3379=DIRECTION('center_axis',(-0.86602540378444,0.,-0.499999999999998));
#3380=DIRECTION('ref_axis',(0.499999999999998,0.,-0.86602540378444));
#3381=DIRECTION('center_axis',(0.,-1.,0.));
#3382=DIRECTION('ref_axis',(4.44089209850063E-16,0.,1.));
#3383=DIRECTION('',(-0.499999999999998,0.,-0.86602540378444));
#3384=DIRECTION('',(0.499999999999998,0.,-0.86602540378444));
#3385=DIRECTION('',(1.,0.,6.5169976162533E-17));
#3386=DIRECTION('',(0.5,0.,0.866025403784439));
#3387=DIRECTION('',(-0.499999999999999,0.,0.866025403784439));
#3388=DIRECTION('',(-1.,0.,9.53348395862659E-16));
#3389=DIRECTION('center_axis',(-0.86602540378444,0.,0.499999999999998));
#3390=DIRECTION('ref_axis',(-0.499999999999998,0.,-0.86602540378444));
#3391=DIRECTION('',(0.,-1.,0.));
#3392=DIRECTION('',(0.,-1.,0.));
#3393=DIRECTION('center_axis',(9.53348395862659E-16,0.,1.));
#3394=DIRECTION('ref_axis',(-1.,0.,9.53348395862659E-16));
#3395=DIRECTION('',(0.,-1.,0.));
#3396=DIRECTION('center_axis',(0.866025403784439,0.,0.499999999999999));
#3397=DIRECTION('ref_axis',(-0.499999999999999,0.,0.866025403784439));
#3398=DIRECTION('',(0.,-1.,0.));
#3399=DIRECTION('center_axis',(0.866025403784439,0.,-0.5));
#3400=DIRECTION('ref_axis',(0.5,0.,0.866025403784439));
#3401=DIRECTION('',(0.,-1.,0.));
#3402=DIRECTION('center_axis',(6.5169976162533E-17,0.,-1.));
#3403=DIRECTION('ref_axis',(1.,0.,6.5169976162533E-17));
#3404=DIRECTION('',(0.,-1.,0.));
#3405=DIRECTION('center_axis',(-0.86602540378444,0.,-0.499999999999998));
#3406=DIRECTION('ref_axis',(0.499999999999998,0.,-0.86602540378444));
#3407=DIRECTION('center_axis',(0.,-1.,0.));
#3408=DIRECTION('ref_axis',(4.44089209850063E-16,0.,1.));
#3409=DIRECTION('',(-0.500000000000001,0.,-0.866025403784438));
#3410=DIRECTION('',(0.499999999999998,0.,-0.86602540378444));
#3411=DIRECTION('',(1.,0.,1.59294753420031E-15));
#3412=DIRECTION('',(0.499999999999999,0.,0.866025403784439));
#3413=DIRECTION('',(-0.499999999999998,0.,0.86602540378444));
#3414=DIRECTION('',(-1.,0.,-1.59294753420032E-15));
#3415=DIRECTION('center_axis',(-0.866025403784438,0.,0.500000000000001));
#3416=DIRECTION('ref_axis',(-0.500000000000001,0.,-0.866025403784438));
#3417=DIRECTION('',(0.,-1.,0.));
#3418=DIRECTION('',(0.,-1.,0.));
#3419=DIRECTION('center_axis',(-1.59294753420032E-15,0.,1.));
#3420=DIRECTION('ref_axis',(-1.,0.,-1.59294753420032E-15));
#3421=DIRECTION('',(0.,-1.,0.));
#3422=DIRECTION('center_axis',(0.86602540378444,0.,0.499999999999998));
#3423=DIRECTION('ref_axis',(-0.499999999999998,0.,0.86602540378444));
#3424=DIRECTION('',(0.,-1.,0.));
#3425=DIRECTION('center_axis',(0.866025403784439,0.,-0.499999999999999));
#3426=DIRECTION('ref_axis',(0.499999999999999,0.,0.866025403784439));
#3427=DIRECTION('',(0.,-1.,0.));
#3428=DIRECTION('center_axis',(1.59294753420031E-15,0.,-1.));
#3429=DIRECTION('ref_axis',(1.,0.,1.59294753420031E-15));
#3430=DIRECTION('',(0.,-1.,0.));
#3431=DIRECTION('center_axis',(-0.86602540378444,0.,-0.499999999999998));
#3432=DIRECTION('ref_axis',(0.499999999999998,0.,-0.86602540378444));
#3433=DIRECTION('center_axis',(0.,-1.,0.));
#3434=DIRECTION('ref_axis',(4.44089209850063E-16,0.,1.));
#3435=DIRECTION('',(-0.498033955309793,0.,-0.867157528571645));
#3436=DIRECTION('',(0.501963471171079,0.,-0.864888821531346));
#3437=DIRECTION('',(0.999997426480871,0.,0.00226870704029972));
#3438=DIRECTION('',(0.498033955309792,0.,0.867157528571645));
#3439=DIRECTION('',(-0.501963471171079,0.,0.864888821531346));
#3440=DIRECTION('',(-0.999997426480871,0.,-0.00226870704029934));
#3441=DIRECTION('center_axis',(-0.867157528571645,0.,0.498033955309793));
#3442=DIRECTION('ref_axis',(-0.498033955309793,0.,-0.867157528571645));
#3443=DIRECTION('',(0.,-1.,0.));
#3444=DIRECTION('',(0.,-1.,0.));
#3445=DIRECTION('center_axis',(-0.00226870704029934,0.,0.999997426480871));
#3446=DIRECTION('ref_axis',(-0.999997426480871,0.,-0.00226870704029934));
#3447=DIRECTION('',(0.,-1.,0.));
#3448=DIRECTION('center_axis',(0.864888821531346,0.,0.50196347117108));
#3449=DIRECTION('ref_axis',(-0.501963471171079,0.,0.864888821531346));
#3450=DIRECTION('',(0.,-1.,0.));
#3451=DIRECTION('center_axis',(0.867157528571645,0.,-0.498033955309792));
#3452=DIRECTION('ref_axis',(0.498033955309792,0.,0.867157528571645));
#3453=DIRECTION('',(0.,-1.,0.));
#3454=DIRECTION('center_axis',(0.00226870704029972,0.,-0.999997426480871));
#3455=DIRECTION('ref_axis',(0.999997426480871,0.,0.00226870704029972));
#3456=DIRECTION('',(0.,-1.,0.));
#3457=DIRECTION('center_axis',(-0.864888821531346,0.,-0.50196347117108));
#3458=DIRECTION('ref_axis',(0.501963471171079,0.,-0.864888821531346));
#3459=DIRECTION('center_axis',(-0.866025403784438,0.,0.5));
#3460=DIRECTION('ref_axis',(-0.5,0.,-0.866025403784438));
#3461=DIRECTION('',(0.,-1.,0.));
#3462=DIRECTION('',(-0.5,0.,-0.866025403784438));
#3463=DIRECTION('',(0.,-1.,0.));
#3464=DIRECTION('center_axis',(4.44089209850063E-16,0.,1.));
#3465=DIRECTION('ref_axis',(-1.,0.,4.44089209850063E-16));
#3466=DIRECTION('',(-1.,0.,4.44089209850063E-16));
#3467=DIRECTION('',(0.,-1.,0.));
#3468=DIRECTION('center_axis',(0.86602540378444,0.,0.499999999999998));
#3469=DIRECTION('ref_axis',(-0.499999999999998,0.,0.86602540378444));
#3470=DIRECTION('',(-0.499999999999998,0.,0.86602540378444));
#3471=DIRECTION('',(0.,-1.,0.));
#3472=DIRECTION('center_axis',(0.866025403784439,0.,-0.5));
#3473=DIRECTION('ref_axis',(0.5,0.,0.866025403784439));
#3474=DIRECTION('',(0.5,0.,0.866025403784439));
#3475=DIRECTION('',(0.,-1.,0.));
#3476=DIRECTION('center_axis',(-4.44089209850063E-16,0.,-1.));
#3477=DIRECTION('ref_axis',(1.,0.,-4.44089209850063E-16));
#3478=DIRECTION('',(1.,0.,-4.44089209850063E-16));
#3479=DIRECTION('',(0.,-1.,0.));
#3480=DIRECTION('center_axis',(-0.866025403784439,0.,-0.499999999999999));
#3481=DIRECTION('ref_axis',(0.499999999999999,0.,-0.866025403784439));
#3482=DIRECTION('',(0.499999999999999,0.,-0.866025403784439));
#3483=DIRECTION('center_axis',(0.,-1.,0.));
#3484=DIRECTION('ref_axis',(4.44089209850063E-16,0.,1.));
#3485=DIRECTION('center_axis',(0.,-1.,0.));
#3486=DIRECTION('ref_axis',(4.44089209850063E-16,0.,1.));
#3487=DIRECTION('center_axis',(0.,-1.,0.));
#3488=DIRECTION('ref_axis',(4.44089209850063E-16,0.,1.));
#3489=DIRECTION('center_axis',(0.,-1.,0.));
#3490=DIRECTION('ref_axis',(4.44089209850063E-16,0.,1.));
#3491=DIRECTION('center_axis',(0.,-1.,0.));
#3492=DIRECTION('ref_axis',(4.44089209850063E-16,0.,1.));
#3493=DIRECTION('center_axis',(0.938577094838534,0.0362405478273863,-0.343161273656613));
#3494=DIRECTION('ref_axis',(-0.34338684599184,1.66706926041371E-15,-0.939194055560286));
#3495=DIRECTION('center_axis',(-0.999650578484886,5.55111849708488E-16,
0.0264333299989252));
#3496=DIRECTION('ref_axis',(-0.0264333299989252,7.88860905221012E-31,-0.999650578484886));
#3497=DIRECTION('center_axis',(0.,-1.,0.));
#3498=DIRECTION('ref_axis',(0.580491688891791,0.,-0.814266172162123));
#3499=DIRECTION('center_axis',(-0.300956131236641,0.,-0.953637985333572));
#3500=DIRECTION('ref_axis',(0.953637985333572,0.,-0.300956131236641));
#3501=DIRECTION('center_axis',(0.297762665260679,-0.140587223935283,0.944231236320334));
#3502=DIRECTION('ref_axis',(-0.628457353191414,0.715664238294887,0.304739320149928));
#3503=DIRECTION('center_axis',(0.123565486514768,-0.0481004790214232,-0.991169972537646));
#3504=DIRECTION('ref_axis',(-0.992318579250727,-2.25514051876985E-17,-0.123708679056157));
#3505=DIRECTION('center_axis',(0.717733228925768,-0.694939175078746,0.0438013131842303));
#3506=DIRECTION('ref_axis',(-0.589368433451977,-0.572792385930091,0.569696175404818));
#3507=DIRECTION('center_axis',(0.825156526292879,1.86772650903665E-15,0.564904157460599));
#3508=DIRECTION('ref_axis',(0.564904157460599,-2.66240555512092E-30,-0.825156526292879));
#3509=DIRECTION('center_axis',(0.,-1.,0.));
#3510=DIRECTION('ref_axis',(-0.24631236666411,0.,-0.969190496253613));
#3511=DIRECTION('center_axis',(0.455320479445439,0.,-0.890327614419308));
#3512=DIRECTION('ref_axis',(0.890327614419308,0.,0.455320479445439));
#3513=DIRECTION('center_axis',(-0.454211284784092,-0.890856512919965,-0.00817203541749226));
#3514=DIRECTION('ref_axis',(-0.0512137717166019,0.0169519302843589,0.998543830608448));
#3515=DIRECTION('center_axis',(0.0299875860395916,-0.0126424329340663,-0.99947031650421));
#3516=DIRECTION('ref_axis',(-0.999550199305451,-5.21338614639655E-15,-0.0299899828014921));
#3517=DIRECTION('center_axis',(-0.894704438449436,-0.201314318677507,-0.39871858862397));
#3518=DIRECTION('ref_axis',(-0.40705229463618,-8.88178419700125E-16,0.913404855160854));
#3519=DIRECTION('center_axis',(0.362884318727802,-0.136356777210576,-0.92180355853631));
#3520=DIRECTION('ref_axis',(0.656518694390049,-0.664608380882613,0.356761690736234));
#3521=DIRECTION('center_axis',(-0.997135954968479,9.30476088159658E-16,
0.0756299365932471));
#3522=DIRECTION('ref_axis',(0.075629936593247,1.73472347597681E-15,0.997135954968479));
#3523=DIRECTION('center_axis',(0.,-1.,0.));
#3524=DIRECTION('ref_axis',(0.,0.,1.));
#3525=DIRECTION('center_axis',(-0.302007693158313,0.,0.953305487906786));
#3526=DIRECTION('ref_axis',(-0.953305487906786,0.,-0.302007693158313));
#3527=DIRECTION('center_axis',(0.,-1.,0.));
#3528=DIRECTION('ref_axis',(4.44089209850063E-16,0.,1.));
#3529=DIRECTION('center_axis',(0.,-1.,0.));
#3530=DIRECTION('ref_axis',(4.44089209850063E-16,0.,1.));
#3531=DIRECTION('center_axis',(0.,-1.,0.));
#3532=DIRECTION('ref_axis',(4.44089209850063E-16,0.,1.));
#3533=DIRECTION('center_axis',(0.,-1.,0.));
#3534=DIRECTION('ref_axis',(4.44089209850063E-16,0.,1.));
#3535=DIRECTION('center_axis',(-0.253898128405672,0.,0.967230965381122));
#3536=DIRECTION('ref_axis',(-0.967230965381122,0.,-0.253898128405672));
#3537=DIRECTION('center_axis',(0.253898128413493,0.,0.967230965379069));
#3538=DIRECTION('ref_axis',(-0.967230965379069,0.,0.253898128413493));
#3539=DIRECTION('center_axis',(0.,-1.,0.));
#3540=DIRECTION('ref_axis',(4.44089209850063E-16,0.,1.));
#3541=DIRECTION('',(3.57784559303953E-16,0.,1.));
#3542=DIRECTION('',(-4.44089209850063E-16,0.,-1.));
#3543=DIRECTION('center_axis',(-4.44089209850063E-16,0.,-1.));
#3544=DIRECTION('ref_axis',(1.,0.,-4.44089209850063E-16));
#3545=DIRECTION('center_axis',(3.57784559303953E-16,0.,1.));
#3546=DIRECTION('ref_axis',(-1.,0.,3.57784559303953E-16));
#3547=DIRECTION('center_axis',(-9.71445146547006E-17,0.,-1.));
#3548=DIRECTION('ref_axis',(1.,0.,-9.71445146547005E-17));
#3549=DIRECTION('center_axis',(-9.71445146547006E-17,0.,-1.));
#3550=DIRECTION('ref_axis',(1.,0.,-9.71445146547005E-17));
#3551=DIRECTION('center_axis',(0.,-1.,0.));
#3552=DIRECTION('ref_axis',(3.5527136788005E-16,0.,1.));
#3553=DIRECTION('center_axis',(-6.49480469405717E-15,0.,1.));
#3554=DIRECTION('ref_axis',(-1.,0.,-6.49480469405717E-15));
#3555=DIRECTION('center_axis',(-4.44089209850063E-16,0.,-1.));
#3556=DIRECTION('ref_axis',(1.,0.,-4.44089209850063E-16));
#3557=DIRECTION('center_axis',(4.44089209850063E-16,0.,1.));
#3558=DIRECTION('ref_axis',(-1.,0.,4.44089209850063E-16));
#3559=DIRECTION('center_axis',(0.,-1.,0.));
#3560=DIRECTION('ref_axis',(4.44089209850063E-16,0.,1.));
#3561=DIRECTION('center_axis',(-0.70710678118655,0.,0.707106781186545));
#3562=DIRECTION('ref_axis',(-0.707106781186545,0.,-0.70710678118655));
#3563=DIRECTION('center_axis',(0.707106781186547,0.,-0.707106781186548));
#3564=DIRECTION('ref_axis',(0.707106781186548,0.,0.707106781186547));
#3565=DIRECTION('center_axis',(-0.707106781186547,0.,0.707106781186548));
#3566=DIRECTION('ref_axis',(-0.707106781186548,0.,-0.707106781186547));
#3567=DIRECTION('center_axis',(0.,-1.,0.));
#3568=DIRECTION('ref_axis',(4.44089209850063E-16,0.,1.));
#3569=DIRECTION('center_axis',(-1.,0.,-3.02535774210355E-15));
#3570=DIRECTION('ref_axis',(3.02535774210355E-15,0.,-1.));
#3571=DIRECTION('center_axis',(1.,0.,-4.44089209850063E-16));
#3572=DIRECTION('ref_axis',(4.44089209850063E-16,0.,1.));
#3573=DIRECTION('center_axis',(-1.,0.,4.44089209850063E-16));
#3574=DIRECTION('ref_axis',(-4.44089209850063E-16,0.,-1.));
#3575=DIRECTION('center_axis',(0.,-1.,0.));
#3576=DIRECTION('ref_axis',(3.5527136788005E-16,0.,1.));
#3577=DIRECTION('center_axis',(-0.70710678118655,0.,-0.707106781186545));
#3578=DIRECTION('ref_axis',(0.707106781186546,0.,-0.707106781186549));
#3579=DIRECTION('center_axis',(0.707106781186547,0.,0.707106781186548));
#3580=DIRECTION('ref_axis',(-0.707106781186548,0.,0.707106781186547));
#3581=DIRECTION('center_axis',(-0.707106781186547,0.,-0.707106781186548));
#3582=DIRECTION('ref_axis',(0.707106781186548,0.,-0.707106781186547));
#3583=DIRECTION('center_axis',(0.,-1.,0.));
#3584=DIRECTION('ref_axis',(3.5527136788005E-16,0.,1.));
#3585=DIRECTION('center_axis',(-0.450790475894737,0.,-0.892629792715097));
#3586=DIRECTION('ref_axis',(0.892629792715097,0.,-0.450790475894737));
#3587=DIRECTION('center_axis',(0.,-1.,0.));
#3588=DIRECTION('ref_axis',(0.,0.,1.));
#3589=DIRECTION('center_axis',(-0.481349976814512,0.,-0.876528493444833));
#3590=DIRECTION('ref_axis',(0.876528493444833,0.,-0.481349976814512));
#3591=DIRECTION('center_axis',(-0.956454583187937,0.0435871536569425,-0.288608368442214));
#3592=DIRECTION('ref_axis',(0.288882914555608,0.,-0.957364435143617));
#3593=DIRECTION('center_axis',(-0.953783944522002,0.133098051056791,-0.269408789717288));
#3594=DIRECTION('ref_axis',(0.271827270929045,5.55111512312578E-17,-0.962346057704435));
#3595=DIRECTION('center_axis',(-0.00766993446053852,0.0181649726168028,
-0.999805584038818));
#3596=DIRECTION('ref_axis',(-1.23225991522593E-17,-0.999834993565173,-0.0181655069439254));
#3597=DIRECTION('center_axis',(-4.07900711832635E-16,0.0138910324134834,
-0.999903514954562));
#3598=DIRECTION('ref_axis',(-6.16885760850547E-18,-0.999903514954562,-0.0138910324134834));
#3599=DIRECTION('center_axis',(-4.57018811151095E-17,0.223196658840306,
-0.974773435975009));
#3600=DIRECTION('ref_axis',(-9.91192278655659E-17,-0.974773435975009,-0.223196658840306));
#3601=DIRECTION('center_axis',(-4.44089209850063E-16,0.,-1.));
#3602=DIRECTION('ref_axis',(1.,0.,-4.44089209850063E-16));
#3603=DIRECTION('center_axis',(-4.44089209850063E-16,0.,-1.));
#3604=DIRECTION('ref_axis',(1.,0.,-4.44089209850063E-16));
#3605=DIRECTION('center_axis',(-4.44089209850063E-16,0.,-1.));
#3606=DIRECTION('ref_axis',(1.,0.,-4.44089209850063E-16));
#3607=DIRECTION('center_axis',(-2.39294123040041E-16,-0.223196658840306,
-0.974773435975009));
#3608=DIRECTION('ref_axis',(9.91192278655658E-17,-0.974773435975009,0.223196658840306));
#3609=DIRECTION('center_axis',(-1.42982724612299E-15,0.049439334355925,
-0.998777128401749));
#3610=DIRECTION('ref_axis',(-2.19554749296341E-17,-0.998777128401749,-0.049439334355925));
#3611=DIRECTION('center_axis',(-5.67781701577797E-16,0.0719676839710423,
-0.99740696431489));
#3612=DIRECTION('ref_axis',(-3.19600719094392E-17,-0.99740696431489,-0.0719676839710423));
#3613=DIRECTION('center_axis',(0.968635949711226,-0.0609350661959372,-0.240896896274585));
#3614=DIRECTION('ref_axis',(0.241345380606093,2.08166817117217E-17,0.970439285715547));
#3615=DIRECTION('center_axis',(0.965736469806914,-0.0299007295619725,-0.257796464786742));
#3616=DIRECTION('ref_axis',(0.257911784051069,-6.2450045135165E-17,0.966168469599166));
#3617=DIRECTION('center_axis',(0.828308361234668,0.259209493035097,-0.496704839345489));
#3618=DIRECTION('ref_axis',(0.51428243625286,5.13478148889135E-16,0.857620881136777));
#3619=DIRECTION('center_axis',(0.642746979668759,0.,-0.76607853391587));
#3620=DIRECTION('ref_axis',(0.76607853391587,0.,0.642746979668759));
#3621=DIRECTION('center_axis',(0.,-1.,0.));
#3622=DIRECTION('ref_axis',(0.,0.,1.));
#3623=DIRECTION('center_axis',(0.60197018381057,0.,-0.798518564469899));
#3624=DIRECTION('ref_axis',(0.798518564469899,0.,0.60197018381057));
#3625=DIRECTION('center_axis',(0.,-1.,0.));
#3626=DIRECTION('ref_axis',(3.5527136788005E-16,0.,1.));
#3627=DIRECTION('center_axis',(-0.987913902055913,0.,-0.1550036197147));
#3628=DIRECTION('ref_axis',(0.1550036197147,0.,-0.987913902055913));
#3629=DIRECTION('center_axis',(-0.987913902056305,0.,0.155003619712206));
#3630=DIRECTION('ref_axis',(-0.155003619712206,0.,-0.987913902056305));
#3631=CARTESIAN_POINT('',(0.,0.,0.));
#3632=CARTESIAN_POINT('Origin',(13.0342704997189,-32.201007194045,113.698834950185));
#3633=CARTESIAN_POINT('',(14.0342704997189,-32.201007194045,74.5336835603022));
#3634=CARTESIAN_POINT('',(14.0342704997189,-32.201007194045,64.6988349501741));
#3635=CARTESIAN_POINT('',(14.0342704997189,-32.201007194045,113.698834950185));
#3636=CARTESIAN_POINT('',(13.0342704997189,-31.201007194045,64.6988349501741));
#3637=CARTESIAN_POINT('Origin',(13.0342704997189,-32.201007194045,64.6988349501741));
#3638=CARTESIAN_POINT('',(13.0342704997189,-31.201007194045,75.2135535759699));
#3639=CARTESIAN_POINT('',(13.0342704997189,-31.201007194045,113.698834950185));
#3640=CARTESIAN_POINT('Ctrl Pts',(13.0342704997189,-31.201007194045,75.2135535759699));
#3641=CARTESIAN_POINT('Ctrl Pts',(13.0357576725463,-31.201007194045,75.2125019859789));
#3642=CARTESIAN_POINT('Ctrl Pts',(13.0372449381078,-31.2010105115695,75.2114505259038));
#3643=CARTESIAN_POINT('Ctrl Pts',(13.1256147607443,-31.2014048026927,75.1489868456984));
#3644=CARTESIAN_POINT('Ctrl Pts',(13.2128746332739,-31.2131168795388,75.0879849956622));
#3645=CARTESIAN_POINT('Ctrl Pts',(13.3813007091814,-31.2592048083817,74.9714258621253));
#3646=CARTESIAN_POINT('Ctrl Pts',(13.4626505315341,-31.2930056007248,74.9157091406494));
#3647=CARTESIAN_POINT('Ctrl Pts',(13.6445765606743,-31.3995734066606,74.7921664518823));
#3648=CARTESIAN_POINT('Ctrl Pts',(13.7411084489558,-31.4817880256968,74.7274973814638));
#3649=CARTESIAN_POINT('Ctrl Pts',(13.8892906001934,-31.6708303588264,74.6289791280353));
#3650=CARTESIAN_POINT('Ctrl Pts',(13.9444241979757,-31.7707038225111,74.5926588401561));
#3651=CARTESIAN_POINT('Ctrl Pts',(14.0161354536431,-31.9829737311535,74.5455354111688));
#3652=CARTESIAN_POINT('Ctrl Pts',(14.0342704997189,-32.0910332774212,74.5336835603022));
#3653=CARTESIAN_POINT('Ctrl Pts',(14.0342704997189,-32.201007194045,74.5336835603022));
#3654=CARTESIAN_POINT('Origin',(-29.9657295003468,-32.201007194045,83.6988349501852));
#3655=CARTESIAN_POINT('',(-33.9657295002811,-32.201007194045,74.5336835602448));
#3656=CARTESIAN_POINT('',(-37.9509151450458,-32.201007194045,77.6791331120795));
#3657=CARTESIAN_POINT('Origin',(-29.9657295003468,-32.201007194045,83.6988349501852));
#3658=CARTESIAN_POINT('',(-37.1523965805759,-31.201007194045,78.2811032958901));
#3659=CARTESIAN_POINT('Origin',(-37.1523965805759,-32.201007194045,78.2811032958901));
#3660=CARTESIAN_POINT('',(-32.9657295002811,-31.201007194045,75.213553575923));
#3661=CARTESIAN_POINT('Origin',(-29.9657295003468,-31.201007194045,83.6988349501852));
#3662=CARTESIAN_POINT('Ctrl Pts',(-32.96572950028,-31.201007194045,75.213553575923));
#3663=CARTESIAN_POINT('Ctrl Pts',(-32.9672166731024,-31.201007194045,75.2125019859355));
#3664=CARTESIAN_POINT('Ctrl Pts',(-32.968703938674,-31.2010105115696,75.2114505258544));
#3665=CARTESIAN_POINT('Ctrl Pts',(-33.0570737613062,-31.2014048026927,75.1489868456508));
#3666=CARTESIAN_POINT('Ctrl Pts',(-33.1443336338366,-31.2131168795388,75.0879849956134));
#3667=CARTESIAN_POINT('Ctrl Pts',(-33.3127597097453,-31.2592048083823,74.9714258620737));
#3668=CARTESIAN_POINT('Ctrl Pts',(-33.3941095320987,-31.2930056007259,74.9157091405964));
#3669=CARTESIAN_POINT('Ctrl Pts',(-33.5760355612389,-31.3995734066626,74.7921664518273));
#3670=CARTESIAN_POINT('Ctrl Pts',(-33.67256744952,-31.4817880256989,74.7274973814081));
#3671=CARTESIAN_POINT('Ctrl Pts',(-33.8207496007568,-31.6708303588284,74.6289791279786));
#3672=CARTESIAN_POINT('Ctrl Pts',(-33.8758831985386,-31.7707038225128,74.5926588400991));
#3673=CARTESIAN_POINT('Ctrl Pts',(-33.9475944542054,-31.9829737311546,74.5455354111114));
#3674=CARTESIAN_POINT('Ctrl Pts',(-33.9657295002811,-32.0910332774218,74.5336835602448));
#3675=CARTESIAN_POINT('Ctrl Pts',(-33.9657295002811,-32.201007194045,74.5336835602448));
#3676=CARTESIAN_POINT('Origin',(-41.1449894029254,-32.201007194045,75.2712523768372));
#3677=CARTESIAN_POINT('',(-40.1796078805011,-32.201007194045,79.1530095196994));
#3678=CARTESIAN_POINT('',(-39.938262499895,-31.201007194045,80.1234488054149));
#3679=CARTESIAN_POINT('Origin',(-39.938262499895,-32.201007194045,80.1234488054149));
#3680=CARTESIAN_POINT('Origin',(-41.1449894029254,-31.201007194045,75.2712523768372));
#3681=CARTESIAN_POINT('Origin',(-41.1449894029254,-32.201007194045,75.2712523768372));
#3682=CARTESIAN_POINT('Origin',(-39.2142263580768,-32.201007194045,83.0347666625616));
#3683=CARTESIAN_POINT('',(-43.2142263580768,-32.201007194045,83.0347666625616));
#3684=CARTESIAN_POINT('',(-42.2142263580768,-31.201007194045,83.0347666625616));
#3685=CARTESIAN_POINT('Origin',(-42.2142263580768,-32.201007194045,83.0347666625616));
#3686=CARTESIAN_POINT('Origin',(-39.2142263580768,-31.201007194045,83.0347666625616));
#3687=CARTESIAN_POINT('Origin',(-39.2142263580768,-32.201007194045,83.0347666625616));
#3688=CARTESIAN_POINT('Origin',(-42.2142263580767,-32.201007194045,113.698834950185));
#3689=CARTESIAN_POINT('',(-43.2142263580768,-32.201007194045,93.5347666625616));
#3690=CARTESIAN_POINT('',(-42.2142263580767,-31.201007194045,93.5347666625616));
#3691=CARTESIAN_POINT('Origin',(-42.2142263580767,-32.201007194045,93.5347666625616));
#3692=CARTESIAN_POINT('',(-42.2142263580767,-31.201007194045,113.698834950185));
#3693=CARTESIAN_POINT('',(-43.2142263580767,-32.201007194045,113.698834950185));
#3694=CARTESIAN_POINT('Origin',(-39.2142263580767,-32.201007194045,93.5347666625616));
#3695=CARTESIAN_POINT('',(-40.301535441793,-32.201007194045,97.3841508933793));
#3696=CARTESIAN_POINT('',(-40.0297081708639,-31.201007194045,96.4218048356749));
#3697=CARTESIAN_POINT('Origin',(-40.0297081708639,-32.201007194045,96.4218048356749));
#3698=CARTESIAN_POINT('Origin',(-39.2142263580767,-31.201007194045,93.5347666625616));
#3699=CARTESIAN_POINT('Origin',(-39.2142263580767,-32.201007194045,93.5347666625616));
#3700=CARTESIAN_POINT('Origin',(-41.3888445255092,-32.201007194045,101.233535124197));
#3701=CARTESIAN_POINT('',(-37.8183253546488,-32.201007194045,99.4303732206181));
#3702=CARTESIAN_POINT('',(-36.9256955619337,-31.201007194045,98.9795827447234));
#3703=CARTESIAN_POINT('Origin',(-36.9256955619337,-32.201007194045,98.9795827447234));
#3704=CARTESIAN_POINT('Origin',(-41.3888445255092,-31.201007194045,101.233535124197));
#3705=CARTESIAN_POINT('Origin',(-41.3888445255092,-32.201007194045,101.233535124197));
#3706=CARTESIAN_POINT('Origin',(-19.9657295003468,-32.201007194045,90.4145637027233));
#3707=CARTESIAN_POINT('',(-34.1078651240778,-32.201007194045,104.556699326454));
#3708=CARTESIAN_POINT('',(-33.4007583428912,-31.201007194045,103.849592545268));
#3709=CARTESIAN_POINT('Origin',(-33.4007583428912,-32.201007194045,103.849592545268));
#3710=CARTESIAN_POINT('Origin',(-19.9657295003468,-31.201007194045,90.4145637027233));
#3711=CARTESIAN_POINT('Origin',(-19.9657295003468,-32.201007194045,90.4145637027233));
#3712=CARTESIAN_POINT('Origin',(-1.75862271916031,-32.201007194045,135.491728168999));
#3713=CARTESIAN_POINT('',(-30.8235938766159,-32.201007194045,107.840970573916));
#3714=CARTESIAN_POINT('',(-30.1164870954294,-31.201007194045,107.13386379273));
#3715=CARTESIAN_POINT('Origin',(-30.1164870954294,-32.201007194045,107.13386379273));
#3716=CARTESIAN_POINT('',(-1.75862271916031,-31.201007194045,135.491728168999));
#3717=CARTESIAN_POINT('',(-2.46572950034686,-32.201007194045,136.198834950185));
#3718=CARTESIAN_POINT('Origin',(-16.6814582528849,-32.201007194045,93.6988349501852));
#3719=CARTESIAN_POINT('',(-16.6814582528849,-32.201007194045,113.698834950185));
#3720=CARTESIAN_POINT('',(-16.6814582528849,-31.201007194045,112.698834950185));
#3721=CARTESIAN_POINT('Origin',(-16.6814582528849,-32.201007194045,112.698834950185));
#3722=CARTESIAN_POINT('Origin',(-16.6814582528849,-31.201007194045,93.6988349501852));
#3723=CARTESIAN_POINT('Origin',(-16.6814582528849,-32.201007194045,93.6988349501852));
#3724=CARTESIAN_POINT('Origin',(20.0342704996532,-32.201007194045,112.698834950185));
#3725=CARTESIAN_POINT('',(-3.25000074780881,-32.201007194045,113.698834950185));
#3726=CARTESIAN_POINT('',(-3.25000074780881,-31.201007194045,112.698834950185));
#3727=CARTESIAN_POINT('Origin',(-3.25000074780881,-32.201007194045,112.698834950185));
#3728=CARTESIAN_POINT('',(20.0342704996532,-31.201007194045,112.698834950185));
#3729=CARTESIAN_POINT('',(20.0342704996532,-32.201007194045,113.698834950185));
#3730=CARTESIAN_POINT('Origin',(-3.25000074780875,-32.201007194045,93.6988349501852));
#3731=CARTESIAN_POINT('',(10.8921348759223,-32.201007194045,107.840970573916));
#3732=CARTESIAN_POINT('',(10.1850280947357,-31.201007194045,107.13386379273));
#3733=CARTESIAN_POINT('Origin',(10.1850280947357,-32.201007194045,107.13386379273));
#3734=CARTESIAN_POINT('Origin',(-3.25000074780875,-31.201007194045,93.6988349501852));
#3735=CARTESIAN_POINT('Origin',(-3.25000074780875,-32.201007194045,93.6988349501852));
#3736=CARTESIAN_POINT('Origin',(11.8271637184666,-32.201007194045,105.491728168999));
#3737=CARTESIAN_POINT('',(14.1764061233841,-32.201007194045,104.556699326454));
#3738=CARTESIAN_POINT('',(13.4692993421975,-31.201007194045,103.849592545268));
#3739=CARTESIAN_POINT('Origin',(13.4692993421975,-32.201007194045,103.849592545268));
#3740=CARTESIAN_POINT('',(11.8271637184666,-31.201007194045,105.491728168999));
#3741=CARTESIAN_POINT('',(12.5342704996532,-32.201007194045,106.198834950185));
#3742=CARTESIAN_POINT('Origin',(0.0342704996531618,-32.201007194045,90.4145637027233));
#3743=CARTESIAN_POINT('',(20.0342704996532,-32.201007194045,90.4145637027232));
#3744=CARTESIAN_POINT('',(19.0342704996532,-31.201007194045,90.4145637027232));
#3745=CARTESIAN_POINT('Origin',(19.0342704996532,-32.201007194045,90.4145637027232));
#3746=CARTESIAN_POINT('Origin',(0.0342704996531618,-31.201007194045,90.4145637027233));
#3747=CARTESIAN_POINT('Origin',(0.0342704996531618,-32.201007194045,90.4145637027233));
#3748=CARTESIAN_POINT('Origin',(19.0342704996532,-32.201007194045,113.698834950185));
#3749=CARTESIAN_POINT('',(20.0342704996532,-32.201007194045,83.6988349501853));
#3750=CARTESIAN_POINT('',(19.0342704996532,-31.201007194045,83.6988349501853));
#3751=CARTESIAN_POINT('Origin',(19.0342704996532,-32.201007194045,83.6988349501853));
#3752=CARTESIAN_POINT('',(19.0342704996532,-31.201007194045,113.698834950185));
#3753=CARTESIAN_POINT('',(20.0342704996532,-32.201007194045,113.698834950185));
#3754=CARTESIAN_POINT('Origin',(10.0342704996532,-32.201007194045,83.6988349501852));
#3755=CARTESIAN_POINT('Origin',(10.0342704996532,-31.201007194045,83.6988349501852));
#3756=CARTESIAN_POINT('Origin',(10.0342704996532,-32.201007194045,83.6988349501852));
#3757=CARTESIAN_POINT('Origin',(-32.9657295002811,-32.201007194045,113.698834950185));
#3758=CARTESIAN_POINT('',(-32.9657295002811,-31.201007194045,64.6988349501741));
#3759=CARTESIAN_POINT('',(-32.9657295002811,-31.201007194045,113.698834950185));
#3760=CARTESIAN_POINT('',(-33.9657295002811,-32.201007194045,64.6988349501741));
#3761=CARTESIAN_POINT('Origin',(-32.9657295002811,-32.201007194045,64.6988349501741));
#3762=CARTESIAN_POINT('',(-33.9657295002811,-32.201007194045,113.698834950185));
#3763=CARTESIAN_POINT('Origin',(14.0342704997189,17.3398176358862,113.698834950185));
#3764=CARTESIAN_POINT('',(14.0342704997189,-35.701007194045,74.5336835603022));
#3765=CARTESIAN_POINT('',(14.0342704997189,-36.701007194045,74.5336835603022));
#3766=CARTESIAN_POINT('',(14.0342704997189,-36.701007194045,75.6365772019193));
#3767=CARTESIAN_POINT('Ctrl Pts',(14.0342704997189,-35.701007194045,74.5336835603022));
#3768=CARTESIAN_POINT('Ctrl Pts',(14.0342704997189,-35.8207338989033,74.5336835603022));
#3769=CARTESIAN_POINT('Ctrl Pts',(14.0342704997189,-35.9612951042298,74.5634191334451));
#3770=CARTESIAN_POINT('Ctrl Pts',(14.0342704997189,-36.1859191905688,74.6611821053087));
#3771=CARTESIAN_POINT('Ctrl Pts',(14.0342704997189,-36.3082691428049,74.7484780042186));
#3772=CARTESIAN_POINT('Ctrl Pts',(14.0342704997189,-36.4859176129307,74.9360438915844));
#3773=CARTESIAN_POINT('Ctrl Pts',(14.0342704997189,-36.5702707248985,75.0716591165915));
#3774=CARTESIAN_POINT('Ctrl Pts',(14.0342704997189,-36.6704554598486,75.3275583005479));
#3775=CARTESIAN_POINT('Ctrl Pts',(14.0342704997189,-36.701007194045,75.4948564388562));
#3776=CARTESIAN_POINT('Ctrl Pts',(14.0342704997189,-36.701007194045,75.6365772019193));
#3777=CARTESIAN_POINT('',(14.0342704997189,-36.701007194045,73.8218019887846));
#3778=CARTESIAN_POINT('',(14.0342704997189,-36.701007194045,113.698834950185));
#3779=CARTESIAN_POINT('',(14.0342704997189,-36.701007194045,64.6988349501741));
#3780=CARTESIAN_POINT('',(14.0342704997189,-36.701007194045,113.698834950185));
#3781=CARTESIAN_POINT('',(14.0342704997189,17.3398176358862,64.6988349501741));
#3782=CARTESIAN_POINT('Origin',(10.0342704996532,-36.701007194045,83.6988349501852));
#3783=CARTESIAN_POINT('',(20.0342704996532,-35.701007194045,83.6988349501853));
#3784=CARTESIAN_POINT('',(20.0342704996532,-36.701007194045,83.6988349501853));
#3785=CARTESIAN_POINT('Origin',(10.0342704996532,-35.701007194045,83.6988349501852));
#3786=CARTESIAN_POINT('Origin',(20.0342704996532,-36.701007194045,113.698834950185));
#3787=CARTESIAN_POINT('',(20.0342704996532,-35.701007194045,90.4145637027232));
#3788=CARTESIAN_POINT('',(20.0342704996532,-36.701007194045,90.4145637027232));
#3789=CARTESIAN_POINT('',(20.0342704996532,-35.701007194045,113.698834950185));
#3790=CARTESIAN_POINT('Origin',(0.0342704996531618,-36.701007194045,90.4145637027233));
#3791=CARTESIAN_POINT('',(14.1764061233841,-35.701007194045,104.556699326454));
#3792=CARTESIAN_POINT('',(14.1764061233841,-36.701007194045,104.556699326454));
#3793=CARTESIAN_POINT('Origin',(0.0342704996531618,-35.701007194045,90.4145637027233));
#3794=CARTESIAN_POINT('Origin',(12.5342704996532,-36.701007194045,106.198834950185));
#3795=CARTESIAN_POINT('',(10.8921348759223,-35.701007194045,107.840970573916));
#3796=CARTESIAN_POINT('',(10.8921348759223,-36.701007194045,107.840970573916));
#3797=CARTESIAN_POINT('',(12.5342704996532,-35.701007194045,106.198834950185));
#3798=CARTESIAN_POINT('Origin',(-3.25000074780875,-36.701007194045,93.6988349501852));
#3799=CARTESIAN_POINT('',(-3.25000074780881,-35.701007194045,113.698834950185));
#3800=CARTESIAN_POINT('',(-3.25000074780881,-36.701007194045,113.698834950185));
#3801=CARTESIAN_POINT('Origin',(-3.25000074780875,-35.701007194045,93.6988349501852));
#3802=CARTESIAN_POINT('Origin',(20.0342704996532,-36.701007194045,113.698834950185));
#3803=CARTESIAN_POINT('',(-16.6814582528849,-35.701007194045,113.698834950185));
#3804=CARTESIAN_POINT('',(-16.6814582528849,-36.701007194045,113.698834950185));
#3805=CARTESIAN_POINT('',(20.0342704996532,-35.701007194045,113.698834950185));
#3806=CARTESIAN_POINT('Origin',(-16.6814582528849,-36.701007194045,93.6988349501852));
#3807=CARTESIAN_POINT('',(-30.8235938766159,-35.701007194045,107.840970573916));
#3808=CARTESIAN_POINT('',(-30.8235938766159,-36.701007194045,107.840970573916));
#3809=CARTESIAN_POINT('Origin',(-16.6814582528849,-35.701007194045,93.6988349501852));
#3810=CARTESIAN_POINT('Origin',(-2.46572950034686,-36.701007194045,136.198834950185));
#3811=CARTESIAN_POINT('',(-34.1078651240778,-35.701007194045,104.556699326454));
#3812=CARTESIAN_POINT('',(-34.1078651240778,-36.701007194045,104.556699326454));
#3813=CARTESIAN_POINT('',(-30.8235938766159,-35.701007194045,107.840970573916));
#3814=CARTESIAN_POINT('Origin',(-19.9657295003468,-36.701007194045,90.4145637027233));
#3815=CARTESIAN_POINT('',(-37.8183253546488,-35.701007194045,99.4303732206181));
#3816=CARTESIAN_POINT('',(-37.8183253546488,-36.701007194045,99.4303732206181));
#3817=CARTESIAN_POINT('Origin',(-19.9657295003468,-35.701007194045,90.4145637027233));
#3818=CARTESIAN_POINT('Origin',(-41.3888445255092,-12.6475781159783,101.233535124197));
#3819=CARTESIAN_POINT('',(-40.301535441793,-36.4234321771725,97.3841508933793));
#3820=CARTESIAN_POINT('',(-40.301535441793,-12.6475781159783,97.3841508933793));
#3821=CARTESIAN_POINT('',(-40.2333128672867,-36.4314284148928,97.4040773836226));
#3822=CARTESIAN_POINT('Ctrl Pts',(-40.301535441793,-36.4234321771725,97.3841508933793));
#3823=CARTESIAN_POINT('Ctrl Pts',(-40.2809123951308,-36.4270295555517,97.3899761435038));
#3824=CARTESIAN_POINT('Ctrl Pts',(-40.2601398049452,-36.4296345616735,97.3960234245379));
#3825=CARTESIAN_POINT('Ctrl Pts',(-40.2393661954915,-36.4310497409722,97.4022560206526));
#3826=CARTESIAN_POINT('Ctrl Pts',(-40.237348387021,-36.4311872019552,97.4028614130502));
#3827=CARTESIAN_POINT('Ctrl Pts',(-40.2353305661807,-36.431313477716,97.4034685467828));
#3828=CARTESIAN_POINT('Ctrl Pts',(-40.2333128672868,-36.4314284148932,97.4040773836226));
#3829=CARTESIAN_POINT('',(-38.7827940932201,-36.2593461550623,98.1989651861721));
#3830=CARTESIAN_POINT('Ctrl Pts',(-40.2333128672867,-36.4314284148928,97.4040773836226));
#3831=CARTESIAN_POINT('Ctrl Pts',(-39.9633682417116,-36.4468056712736,97.4855326657932));
#3832=CARTESIAN_POINT('Ctrl Pts',(-39.7016952214114,-36.4408668978363,97.596059267734));
#3833=CARTESIAN_POINT('Ctrl Pts',(-39.3355295072937,-36.4013133522673,97.7979386285157));
#3834=CARTESIAN_POINT('Ctrl Pts',(-39.2181823484795,-36.3833112698267,97.8709398785332));
#3835=CARTESIAN_POINT('Ctrl Pts',(-39.0492183748469,-36.3471428450636,97.9884072771971));
#3836=CARTESIAN_POINT('Ctrl Pts',(-38.9940763703366,-36.3335531619702,98.0288937078316));
#3837=CARTESIAN_POINT('Ctrl Pts',(-38.8863375455327,-36.3016246890509,98.1123014034253));
#3838=CARTESIAN_POINT('Ctrl Pts',(-38.8336125313817,-36.2843214335049,98.1553417387379));
#3839=CARTESIAN_POINT('Ctrl Pts',(-38.7828059274191,-36.259341451358,98.1989737349243));
#3840=CARTESIAN_POINT('',(-37.8827305517298,-35.701007194045,99.308135216939));
#3841=CARTESIAN_POINT('Ctrl Pts',(-38.7827940932201,-36.2593461550623,98.1989651861721));
#3842=CARTESIAN_POINT('Ctrl Pts',(-38.7364515727516,-36.2150236731021,98.2387308450187));
#3843=CARTESIAN_POINT('Ctrl Pts',(-38.690489813554,-36.1721322255599,98.2799774350915));
#3844=CARTESIAN_POINT('Ctrl Pts',(-38.6448257406365,-36.1310369830544,98.3229941523818));
#3845=CARTESIAN_POINT('Ctrl Pts',(-38.6013420766443,-36.0919039928803,98.3639568690469));
#3846=CARTESIAN_POINT('Ctrl Pts',(-38.5581284280825,-36.0543993348163,98.4065245299875));
#3847=CARTESIAN_POINT('Ctrl Pts',(-38.5151172677114,-36.0188761855986,98.4509721125389));
#3848=CARTESIAN_POINT('Ctrl Pts',(-38.4746401228698,-35.9854458934673,98.4928010523133));
#3849=CARTESIAN_POINT('Ctrl Pts',(-38.4343423710616,-35.9537703034556,98.5362948669928));
#3850=CARTESIAN_POINT('Ctrl Pts',(-38.3941705699088,-35.9241823767249,98.5817071899614));
#3851=CARTESIAN_POINT('Ctrl Pts',(-38.3707701489979,-35.9069471540187,98.6081602600631));
#3852=CARTESIAN_POINT('Ctrl Pts',(-38.3474125142806,-35.8904210521783,98.6352647766059));
#3853=CARTESIAN_POINT('Ctrl Pts',(-38.3240874724594,-35.8746769288501,98.663075203024));
#3854=CARTESIAN_POINT('Ctrl Pts',(-38.3198509528142,-35.871817328928,98.6681264015926));
#3855=CARTESIAN_POINT('Ctrl Pts',(-38.3156197164229,-35.8689866073102,98.6731970245894));
#3856=CARTESIAN_POINT('Ctrl Pts',(-38.3113939009944,-35.8661851921033,98.6782871194233));
#3857=CARTESIAN_POINT('Ctrl Pts',(-38.2626297273208,-35.8338580117068,98.7370247223067));
#3858=CARTESIAN_POINT('Ctrl Pts',(-38.2145962717905,-35.805445976196,98.7983479990948));
#3859=CARTESIAN_POINT('Ctrl Pts',(-38.1676938873387,-35.7817226247846,98.8620816423832));
#3860=CARTESIAN_POINT('Ctrl Pts',(-38.1226756159602,-35.7589522628013,98.9232550450373));
#3861=CARTESIAN_POINT('Ctrl Pts',(-38.0786999410214,-35.7405025239016,98.9866485357171));
#3862=CARTESIAN_POINT('Ctrl Pts',(-38.0361185258402,-35.7270278452358,99.0520708070799));
#3863=CARTESIAN_POINT('Ctrl Pts',(-37.9962266710619,-35.7144042646846,99.1133608261498));
#3864=CARTESIAN_POINT('Ctrl Pts',(-37.9575588682852,-35.7061476721744,99.176430926739));
#3865=CARTESIAN_POINT('Ctrl Pts',(-37.9203957396787,-35.7027586767155,99.2410986308865));
#3866=CARTESIAN_POINT('Ctrl Pts',(-37.9076604337304,-35.7015973134061,99.2632593861344));
#3867=CARTESIAN_POINT('Ctrl Pts',(-37.8951017271537,-35.7010071957058,99.2856075587303));
#3868=CARTESIAN_POINT('Ctrl Pts',(-37.8827305517298,-35.701007194045,99.308135216939));
#3869=CARTESIAN_POINT('Origin',(-41.3888445255092,-35.701007194045,101.233535124197));
#3870=CARTESIAN_POINT('Origin',(-39.2142263580767,-12.6475781159783,93.5347666625616));
#3871=CARTESIAN_POINT('',(-43.2142263580768,-36.1478315458317,93.5347666625616));
#3872=CARTESIAN_POINT('',(-43.2142263580768,-12.6475781159783,93.5347666625616));
#3873=CARTESIAN_POINT('',(-43.2141086617207,-36.1482004263735,93.5654514632954));
#3874=CARTESIAN_POINT('Origin',(-39.8657265369782,-37.5467036140136,93.4400108085026));
#3875=CARTESIAN_POINT('Ctrl Pts',(-43.2141086617207,-36.1482004263735,93.5654514632954));
#3876=CARTESIAN_POINT('Ctrl Pts',(-43.2124471411527,-36.1511517040971,93.7820370873917));
#3877=CARTESIAN_POINT('Ctrl Pts',(-43.193066265737,-36.1552057257621,93.9986330032533));
#3878=CARTESIAN_POINT('Ctrl Pts',(-43.1203029933973,-36.165385592332,94.4229695176682));
#3879=CARTESIAN_POINT('Ctrl Pts',(-43.0672870487317,-36.1714784480406,94.6299947462166));
#3880=CARTESIAN_POINT('Ctrl Pts',(-42.859524695703,-36.1928699025949,95.2360029759786));
#3881=CARTESIAN_POINT('Ctrl Pts',(-42.653459077192,-36.2114437706161,95.6224830633885));
#3882=CARTESIAN_POINT('Ctrl Pts',(-42.1279977088736,-36.2568897956942,96.3090806285341));
#3883=CARTESIAN_POINT('Ctrl Pts',(-41.8180396228712,-36.2829167028439,96.6017041995894));
#3884=CARTESIAN_POINT('Ctrl Pts',(-41.1045494426481,-36.3453616817506,97.0861928563443));
#3885=CARTESIAN_POINT('Ctrl Pts',(-40.7163334890979,-36.3800191914574,97.2669857423581));
#3886=CARTESIAN_POINT('Ctrl Pts',(-40.301535441793,-36.4234321771725,97.3841508933793));
#3887=CARTESIAN_POINT('Origin',(-43.2142263580767,-12.6475781159783,113.698834950185));
#3888=CARTESIAN_POINT('',(-43.2142263580768,-36.129187547978,83.0347666625616));
#3889=CARTESIAN_POINT('',(-43.2142263580768,-36.701007194045,83.0347666625616));
#3890=CARTESIAN_POINT('',(-43.2142263580768,-36.1351118739075,83.1319706267752));
#3891=CARTESIAN_POINT('Ctrl Pts',(-43.2142263580768,-36.129187547978,83.0347666625616));
#3892=CARTESIAN_POINT('Ctrl Pts',(-43.2142263580768,-36.1315237249118,83.0671439330398));
#3893=CARTESIAN_POINT('Ctrl Pts',(-43.2142263580768,-36.1335070017089,83.0995488786498));
#3894=CARTESIAN_POINT('Ctrl Pts',(-43.2142263580768,-36.1351118739075,83.1319706267752));
#3895=CARTESIAN_POINT('',(-43.2142263580768,-35.9675206661512,85.6125458825558));
#3896=CARTESIAN_POINT('Ctrl Pts',(-43.2142263580768,-36.1351118739075,83.1319706267752));
#3897=CARTESIAN_POINT('Ctrl Pts',(-43.2142263580768,-36.1557361684378,83.5486241666062));
#3898=CARTESIAN_POINT('Ctrl Pts',(-43.2142263580767,-36.153536973228,83.9637357261849));
#3899=CARTESIAN_POINT('Ctrl Pts',(-43.2142263580768,-36.1285307085434,84.3773063925193));
#3900=CARTESIAN_POINT('Ctrl Pts',(-43.2142263580767,-36.1285273246858,84.3773623570655));
#3901=CARTESIAN_POINT('Ctrl Pts',(-43.2142263580768,-36.1285239404066,84.3774183215839));
#3902=CARTESIAN_POINT('Ctrl Pts',(-43.2142263580768,-36.1285205557057,84.3774742860744));
#3903=CARTESIAN_POINT('Ctrl Pts',(-43.2142263580768,-36.1160153647095,84.5842419355192));
#3904=CARTESIAN_POINT('Ctrl Pts',(-43.2142263580767,-36.0977556778426,84.7906208304914));
#3905=CARTESIAN_POINT('Ctrl Pts',(-43.2142263580767,-36.0721403321442,84.9965027221672));
#3906=CARTESIAN_POINT('Ctrl Pts',(-43.2142263580767,-36.072134700316,84.9965479876678));
#3907=CARTESIAN_POINT('Ctrl Pts',(-43.2142263580767,-36.0721290681715,84.9965932531507));
#3908=CARTESIAN_POINT('Ctrl Pts',(-43.2142263580767,-36.0721234357105,84.9966385186161));
#3909=CARTESIAN_POINT('Ctrl Pts',(-43.2142263580768,-36.0503972208569,85.171241987822));
#3910=CARTESIAN_POINT('Ctrl Pts',(-43.2142263580768,-36.0239736620995,85.3455280482092));
#3911=CARTESIAN_POINT('Ctrl Pts',(-43.2142263580768,-35.9878977134488,85.5191620161161));
#3912=CARTESIAN_POINT('Ctrl Pts',(-43.2142263580768,-35.9814257572724,85.5503116178051));
#3913=CARTESIAN_POINT('Ctrl Pts',(-43.2142263580768,-35.9746430178776,85.5814402230862));
#3914=CARTESIAN_POINT('Ctrl Pts',(-43.2142263580768,-35.9675206661512,85.6125458825558));
#3915=CARTESIAN_POINT('',(-43.2142263580768,-35.701007194045,87.4896249654807));
#3916=CARTESIAN_POINT('Ctrl Pts',(-43.2142263580768,-35.9675206661512,85.6125458825558));
#3917=CARTESIAN_POINT('Ctrl Pts',(-43.2142263580768,-35.8967431529506,85.9216546303784));
#3918=CARTESIAN_POINT('Ctrl Pts',(-43.2142263580768,-35.8294335978484,86.2312394448073));
#3919=CARTESIAN_POINT('Ctrl Pts',(-43.2142263580768,-35.7806008686262,86.5434661773606));
#3920=CARTESIAN_POINT('Ctrl Pts',(-43.2142263580768,-35.731769580532,86.8556836956299));
#3921=CARTESIAN_POINT('Ctrl Pts',(-43.2142263580768,-35.7010072043063,87.1704764270794));
#3922=CARTESIAN_POINT('Ctrl Pts',(-43.2142263580768,-35.701007194045,87.4896249654807));
#3923=CARTESIAN_POINT('',(-43.2142263580768,-35.701007194045,89.8999083596425));
#3924=CARTESIAN_POINT('',(-43.2142263580767,-35.701007194045,113.698834950185));
#3925=CARTESIAN_POINT('',(-43.2142263580768,-35.9675206661512,91.7769874425673));
#3926=CARTESIAN_POINT('Ctrl Pts',(-43.2142263580768,-35.701007194045,89.8999083596425));
#3927=CARTESIAN_POINT('Ctrl Pts',(-43.2142263580768,-35.7010072043063,90.2190568980437));
#3928=CARTESIAN_POINT('Ctrl Pts',(-43.2142263580768,-35.7317695805308,90.5338496294934));
#3929=CARTESIAN_POINT('Ctrl Pts',(-43.2142263580768,-35.7806008686246,90.8460671477628));
#3930=CARTESIAN_POINT('Ctrl Pts',(-43.2142263580768,-35.8294335978463,91.1582938803162));
#3931=CARTESIAN_POINT('Ctrl Pts',(-43.2142263580768,-35.8967431529506,91.4678786947447));
#3932=CARTESIAN_POINT('Ctrl Pts',(-43.2142263580768,-35.9675206661512,91.7769874425673));
#3933=CARTESIAN_POINT('Ctrl Pts',(-43.2142263580768,-35.9675206661512,91.7769874425673));
#3934=CARTESIAN_POINT('Ctrl Pts',(-43.2142263580768,-35.9975071250653,91.9079482004045));
#3935=CARTESIAN_POINT('Ctrl Pts',(-43.2142263580768,-36.021266119011,92.0395494617568));
#3936=CARTESIAN_POINT('Ctrl Pts',(-43.2142263580767,-36.041468485079,92.1715107750828));
#3937=CARTESIAN_POINT('Ctrl Pts',(-43.2142263580767,-36.043642574486,92.1857118687798));
#3938=CARTESIAN_POINT('Ctrl Pts',(-43.2142263580768,-36.0457755230754,92.1999171281973));
#3939=CARTESIAN_POINT('Ctrl Pts',(-43.2142263580768,-36.0478706933009,92.2141262009934));
#3940=CARTESIAN_POINT('Ctrl Pts',(-43.2142263580767,-36.0693075783034,92.3595073522804));
#3941=CARTESIAN_POINT('Ctrl Pts',(-43.2142263580768,-36.0865110078487,92.5053344919507));
#3942=CARTESIAN_POINT('Ctrl Pts',(-43.2142263580766,-36.1004919554247,92.6514850582174));
#3943=CARTESIAN_POINT('Ctrl Pts',(-43.2142263580766,-36.1005424279406,92.6520126753005));
#3944=CARTESIAN_POINT('Ctrl Pts',(-43.2142263580766,-36.1005928584811,92.6525402966552));
#3945=CARTESIAN_POINT('Ctrl Pts',(-43.2142263580766,-36.1006432470944,92.653067922278));
#3946=CARTESIAN_POINT('Ctrl Pts',(-43.2142263580763,-36.1285911624367,92.9457141228744));
#3947=CARTESIAN_POINT('Ctrl Pts',(-43.2142263580768,-36.1437320099395,93.239674100276));
#3948=CARTESIAN_POINT('Ctrl Pts',(-43.2142263580768,-36.1478315458333,93.5347666625615));
#3949=CARTESIAN_POINT('Origin',(-39.2142263580768,-12.6475781159783,83.0347666625616));
#3950=CARTESIAN_POINT('',(-40.1796078805011,-36.1059512766292,79.1530095196994));
#3951=CARTESIAN_POINT('',(-40.1796078805011,-12.6475781159783,79.1530095196994));
#3952=CARTESIAN_POINT('Ctrl Pts',(-40.1796078805011,-36.1059512766292,79.1530095196994));
#3953=CARTESIAN_POINT('Ctrl Pts',(-40.6126379665447,-36.0855204452892,79.260702821556));
#3954=CARTESIAN_POINT('Ctrl Pts',(-41.0171861470553,-36.0708291476782,79.4363631452874));
#3955=CARTESIAN_POINT('Ctrl Pts',(-41.7659380686882,-36.0519973775919,79.9222212059083));
#3956=CARTESIAN_POINT('Ctrl Pts',(-42.0907595010985,-36.0483464927535,80.2196152297113));
#3957=CARTESIAN_POINT('Ctrl Pts',(-42.6408903970801,-36.052381892599,80.9234888322933));
#3958=CARTESIAN_POINT('Ctrl Pts',(-42.8505401176832,-36.0599506408795,81.3099242400617));
#3959=CARTESIAN_POINT('Ctrl Pts',(-43.0681110524036,-36.0798833016993,81.9406745512551));
#3960=CARTESIAN_POINT('Ctrl Pts',(-43.1228754229803,-36.0879145015535,82.1566585625465));
#3961=CARTESIAN_POINT('Ctrl Pts',(-43.1957061154521,-36.1065138565914,82.5915620941124));
#3962=CARTESIAN_POINT('Ctrl Pts',(-43.2142263580767,-36.1171187936387,82.8117506464368));
#3963=CARTESIAN_POINT('Ctrl Pts',(-43.2142263580768,-36.129187547978,83.0347666625616));
#3964=CARTESIAN_POINT('Origin',(20.0342704996532,17.3398176358862,64.6988349501741));
#3965=CARTESIAN_POINT('',(-1.96572950028107,-52.701007194045,64.6988349501741));
#3966=CARTESIAN_POINT('Origin',(-1.96572950028107,-36.701007194045,64.6988349501741));
#3967=CARTESIAN_POINT('',(-17.9657295002811,-52.701007194045,64.6988349501741));
#3968=CARTESIAN_POINT('',(20.0342704996532,-52.701007194045,64.6988349501741));
#3969=CARTESIAN_POINT('',(-33.9657295002811,-36.701007194045,64.6988349501741));
#3970=CARTESIAN_POINT('Origin',(-17.9657295002811,-36.701007194045,64.6988349501741));
#3971=CARTESIAN_POINT('',(-33.9657295002811,17.3398176358862,64.6988349501741));
#3972=CARTESIAN_POINT('',(20.0342704996532,-31.201007194045,64.6988349501741));
#3973=CARTESIAN_POINT('',(-23.5657295002811,-42.701007194045,64.6988349501741));
#3974=CARTESIAN_POINT('Origin',(-21.9657295002811,-42.701007194045,64.6988349501741));
#3975=CARTESIAN_POINT('',(0.43427049971893,-42.701007194045,64.6988349501741));
#3976=CARTESIAN_POINT('Origin',(2.03427049971893,-42.701007194045,64.6988349501741));
#3977=CARTESIAN_POINT('Origin',(-41.1449894029254,-36.701007194045,75.2712523768372));
#3978=CARTESIAN_POINT('',(-37.9509151450458,-35.701007194045,77.6791331120795));
#3979=CARTESIAN_POINT('',(-37.9509151450458,-36.701007194045,77.6791331120795));
#3980=CARTESIAN_POINT('',(-38.0806752672619,-35.701007194045,77.8422402955122));
#3981=CARTESIAN_POINT('Origin',(-41.1449894029254,-35.701007194045,75.2712523768372));
#3982=CARTESIAN_POINT('',(-39.087859657914,-36.0068844843722,78.7017359013843));
#3983=CARTESIAN_POINT('Ctrl Pts',(-38.080675267262,-35.701007194045,77.8422402955122));
#3984=CARTESIAN_POINT('Ctrl Pts',(-38.1444884520802,-35.7010072009931,77.9182980797048));
#3985=CARTESIAN_POINT('Ctrl Pts',(-38.2109087274309,-35.7084054775022,77.9916172375019));
#3986=CARTESIAN_POINT('Ctrl Pts',(-38.2792380908669,-35.7214677430922,78.0617763121049));
#3987=CARTESIAN_POINT('Ctrl Pts',(-38.3461586529567,-35.7342606934651,78.1304888607375));
#3988=CARTESIAN_POINT('Ctrl Pts',(-38.4149093810019,-35.7524835336376,78.1961698957758));
#3989=CARTESIAN_POINT('Ctrl Pts',(-38.4848308542337,-35.7744989715136,78.2584663198451));
#3990=CARTESIAN_POINT('Ctrl Pts',(-38.5083678021557,-35.7819098024189,78.2794365257243));
#3991=CARTESIAN_POINT('Ctrl Pts',(-38.5320374448188,-35.7897505067552,78.3000236019782));
#3992=CARTESIAN_POINT('Ctrl Pts',(-38.5558148297246,-35.7979592910443,78.3202153201293));
#3993=CARTESIAN_POINT('Ctrl Pts',(-38.5569499551063,-35.7983511759987,78.3211792668318));
#3994=CARTESIAN_POINT('Ctrl Pts',(-38.558085373151,-35.7987439201425,78.322142392504));
#3995=CARTESIAN_POINT('Ctrl Pts',(-38.559221084307,-35.79913751569,78.323104697999));
#3996=CARTESIAN_POINT('Ctrl Pts',(-38.6200470537258,-35.8202175505271,78.3746434755336));
#3997=CARTESIAN_POINT('Ctrl Pts',(-38.6817810559694,-35.8437611614885,78.4238892366902));
#3998=CARTESIAN_POINT('Ctrl Pts',(-38.7446418995386,-35.8686667403952,78.4710642156109));
#3999=CARTESIAN_POINT('Ctrl Pts',(-38.8189564489159,-35.8981102980751,78.526834820988));
#4000=CARTESIAN_POINT('Ctrl Pts',(-38.8948449731412,-35.9294591432933,78.5797119102403));
#4001=CARTESIAN_POINT('Ctrl Pts',(-38.9726865091695,-35.9609565512147,78.6300216102946));
#4002=CARTESIAN_POINT('Ctrl Pts',(-39.0105986060255,-35.9762971115474,78.6545245468831));
#4003=CARTESIAN_POINT('Ctrl Pts',(-39.0489743118052,-35.9916735868926,78.6784178467856));
#4004=CARTESIAN_POINT('Ctrl Pts',(-39.087859657914,-36.0068844843722,78.7017359013843));
#4005=CARTESIAN_POINT('',(-40.1133422667211,-36.1098514632934,79.1359262552339));
#4006=CARTESIAN_POINT('Ctrl Pts',(-39.087859657914,-36.0068844843722,78.7017359013843));
#4007=CARTESIAN_POINT('Ctrl Pts',(-39.1075300578949,-36.0145790137369,78.7135314878104));
#4008=CARTESIAN_POINT('Ctrl Pts',(-39.1274399676783,-36.0210630131604,78.7252400803087));
#4009=CARTESIAN_POINT('Ctrl Pts',(-39.1475129090881,-36.0270134993531,78.7368097139141));
#4010=CARTESIAN_POINT('Ctrl Pts',(-39.1674684454846,-36.0329291816326,78.7483116776668));
#4011=CARTESIAN_POINT('Ctrl Pts',(-39.1875976169969,-36.0382543613645,78.7596839357786));
#4012=CARTESIAN_POINT('Ctrl Pts',(-39.2078787479001,-36.0431715428635,78.7709098329589));
#4013=CARTESIAN_POINT('Ctrl Pts',(-39.2473714660434,-36.0527465938765,78.7927696195439));
#4014=CARTESIAN_POINT('Ctrl Pts',(-39.287440208732,-36.0607835749453,78.8140733526109));
#4015=CARTESIAN_POINT('Ctrl Pts',(-39.3279679180196,-36.0677912056253,78.8347384398629));
#4016=CARTESIAN_POINT('Ctrl Pts',(-39.328806925126,-36.0679362780225,78.835166249758));
#4017=CARTESIAN_POINT('Ctrl Pts',(-39.3296461408094,-36.0680809121573,78.8355937925686));
#4018=CARTESIAN_POINT('Ctrl Pts',(-39.330485564736,-36.0682251128227,78.8360210679598));
#4019=CARTESIAN_POINT('Ctrl Pts',(-39.3968445235202,-36.079624604437,78.869798458824));
#4020=CARTESIAN_POINT('Ctrl Pts',(-39.4645041702011,-36.0883213421805,78.9019049698773));
#4021=CARTESIAN_POINT('Ctrl Pts',(-39.5333962239579,-36.0950154943248,78.9322315353977));
#4022=CARTESIAN_POINT('Ctrl Pts',(-39.5490912463683,-36.0965405594404,78.93914054884));
#4023=CARTESIAN_POINT('Ctrl Pts',(-39.5648502046483,-36.0979618954738,78.9459572208538));
#4024=CARTESIAN_POINT('Ctrl Pts',(-39.5806722402904,-36.0992881378301,78.9526803357969));
#4025=CARTESIAN_POINT('Ctrl Pts',(-39.5813247327321,-36.0993428313685,78.9529575935268));
#4026=CARTESIAN_POINT('Ctrl Pts',(-39.5819773117448,-36.0993973610999,78.9532346833521));
#4027=CARTESIAN_POINT('Ctrl Pts',(-39.5826299771837,-36.0994517276569,78.953511605192));
#4028=CARTESIAN_POINT('Ctrl Pts',(-39.6552772969912,-36.1055031966266,78.9843354059686));
#4029=CARTESIAN_POINT('Ctrl Pts',(-39.7290360279883,-36.1095621745391,79.0130932591117));
#4030=CARTESIAN_POINT('Ctrl Pts',(-39.8036828171899,-36.1116892041699,79.039663200262));
#4031=CARTESIAN_POINT('Ctrl Pts',(-39.8785333107779,-36.1138220382735,79.0663056483964));
#4032=CARTESIAN_POINT('Ctrl Pts',(-39.9542765432363,-36.1140125279852,79.0907480328213));
#4033=CARTESIAN_POINT('Ctrl Pts',(-40.0306710862806,-36.1123533970652,79.1129058613586));
#4034=CARTESIAN_POINT('Ctrl Pts',(-40.0581479225618,-36.1117566572087,79.1208753707346));
#4035=CARTESIAN_POINT('Ctrl Pts',(-40.0857088747965,-36.1109209302296,79.1285497182893));
#4036=CARTESIAN_POINT('Ctrl Pts',(-40.1133422667211,-36.1098514632934,79.1359262552339));
#4037=CARTESIAN_POINT('Ctrl Pts',(-40.1133422667211,-36.1098514632934,79.1359262552339));
#4038=CARTESIAN_POINT('Ctrl Pts',(-40.1354016349548,-36.1089977221015,79.1418148462976));
#4039=CARTESIAN_POINT('Ctrl Pts',(-40.1574997950838,-36.1076897508433,79.1475113042334));
#4040=CARTESIAN_POINT('Ctrl Pts',(-40.1796078805011,-36.1059512766292,79.1530095196994));
#4041=CARTESIAN_POINT('Origin',(-29.9657295003468,-36.701007194045,83.6988349501852));
#4042=CARTESIAN_POINT('',(-33.9657295002811,-35.701007194045,74.5336835602448));
#4043=CARTESIAN_POINT('',(-33.9657295002811,-36.701007194045,74.5336835602448));
#4044=CARTESIAN_POINT('Origin',(-29.9657295003468,-35.701007194045,83.6988349501852));
#4045=CARTESIAN_POINT('Origin',(20.0342704996532,-31.201007194045,113.698834950185));
#4046=CARTESIAN_POINT('',(-16.9657295003468,-31.201007194045,110.298834950185));
#4047=CARTESIAN_POINT('Origin',(-16.9657295003468,-31.201007194045,108.698834950185));
#4048=CARTESIAN_POINT('',(-2.96572950034683,-31.201007194045,110.298834950185));
#4049=CARTESIAN_POINT('Origin',(-2.96572950034683,-31.201007194045,108.698834950185));
#4050=CARTESIAN_POINT('',(-9.96572950034688,-31.201007194045,100.482168283519));
#4051=CARTESIAN_POINT('Origin',(-9.96572950034688,-31.201007194045,102.032168283519));
#4052=CARTESIAN_POINT('',(-9.96572950034689,-31.201007194045,74.1488349501741));
#4053=CARTESIAN_POINT('Origin',(-9.96572950034689,-31.201007194045,75.6988349501741));
#4054=CARTESIAN_POINT('',(4.03427049965316,-31.201007194045,90.2988349501852));
#4055=CARTESIAN_POINT('Origin',(4.03427049965316,-31.201007194045,88.6988349501852));
#4056=CARTESIAN_POINT('',(-23.9657295003469,-31.201007194045,77.1988349501852));
#4057=CARTESIAN_POINT('Origin',(-23.9657295003468,-31.201007194045,88.6988349501852));
#4058=CARTESIAN_POINT('Origin',(-33.9657295002811,17.3398176358862,113.698834950185));
#4059=CARTESIAN_POINT('',(-33.9657295002811,-36.701007194045,73.821801988732));
#4060=CARTESIAN_POINT('',(-33.9657295002811,-36.701007194045,113.698834950185));
#4061=CARTESIAN_POINT('',(-33.9657295002811,-36.701007194045,75.636577201854));
#4062=CARTESIAN_POINT('',(-33.9657295002811,-36.701007194045,113.698834950185));
#4063=CARTESIAN_POINT('Ctrl Pts',(-33.9657295002811,-36.701007194045,75.636577201854));
#4064=CARTESIAN_POINT('Ctrl Pts',(-33.9657295002811,-36.701007194045,75.4948564387923));
#4065=CARTESIAN_POINT('Ctrl Pts',(-33.9657295002811,-36.6704554598488,75.3275583004858));
#4066=CARTESIAN_POINT('Ctrl Pts',(-33.9657295002811,-36.570270724899,75.0716591165315));
#4067=CARTESIAN_POINT('Ctrl Pts',(-33.9657295002811,-36.4859176129314,74.9360438915253));
#4068=CARTESIAN_POINT('Ctrl Pts',(-33.9657295002811,-36.3082691428059,74.7484780041605));
#4069=CARTESIAN_POINT('Ctrl Pts',(-33.9657295002811,-36.1859191905697,74.661182105251));
#4070=CARTESIAN_POINT('Ctrl Pts',(-33.9657295002811,-35.9612951042304,74.5634191333876));
#4071=CARTESIAN_POINT('Ctrl Pts',(-33.9657295002811,-35.8207338989036,74.5336835602448));
#4072=CARTESIAN_POINT('Ctrl Pts',(-33.9657295002811,-35.701007194045,74.5336835602448));
#4073=CARTESIAN_POINT('Origin',(-21.9657295002811,-42.701007194045,67.6988349501852));
#4074=CARTESIAN_POINT('',(-18.9657295002811,-42.701007194045,67.6988349501852));
#4075=CARTESIAN_POINT('Origin',(-21.9657295002811,-42.701007194045,67.6988349501852));
#4076=CARTESIAN_POINT('',(-18.9657295002811,-42.701007194045,70.5088349501734));
#4077=CARTESIAN_POINT('',(-18.9657295002811,-42.701007194045,67.6988349501852));
#4078=CARTESIAN_POINT('',(-24.9657295002811,-42.701007194045,71.9488349501655));
#4079=CARTESIAN_POINT('Ctrl Pts',(-18.9657295003132,-42.701007194045,70.5088349501791));
#4080=CARTESIAN_POINT('Ctrl Pts',(-18.9657295106732,-42.5441716283777,70.508834952044));
#4081=CARTESIAN_POINT('Ctrl Pts',(-18.9780307261393,-42.3879372286214,70.5110447702214));
#4082=CARTESIAN_POINT('Ctrl Pts',(-19.0023490484372,-42.2337220811207,70.5154398787545));
#4083=CARTESIAN_POINT('Ctrl Pts',(-19.0272027173629,-42.076112021826,70.5199317417636));
#4084=CARTESIAN_POINT('Ctrl Pts',(-19.0646084090965,-41.9206110975105,70.5267062685143));
#4085=CARTESIAN_POINT('Ctrl Pts',(-19.1142628467659,-41.7687331251516,70.5357915740906));
#4086=CARTESIAN_POINT('Ctrl Pts',(-19.1256267873635,-41.7339742528942,70.5378708418807));
#4087=CARTESIAN_POINT('Ctrl Pts',(-19.137632282232,-41.6994051404956,70.5400713580296));
#4088=CARTESIAN_POINT('Ctrl Pts',(-19.1502756959736,-41.6650439341702,70.5423938383812));
#4089=CARTESIAN_POINT('Ctrl Pts',(-19.2162444984341,-41.4857594720208,70.5545117086546));
#4090=CARTESIAN_POINT('Ctrl Pts',(-19.2989498990546,-41.3138241021508,70.5698289463277));
#4091=CARTESIAN_POINT('Ctrl Pts',(-19.3969468204685,-41.1513778718354,70.5883135515788));
#4092=CARTESIAN_POINT('Ctrl Pts',(-19.4822896282353,-41.0099079439415,70.604411282914));
#4093=CARTESIAN_POINT('Ctrl Pts',(-19.579229810157,-40.875634756209,70.6229130910119));
#4094=CARTESIAN_POINT('Ctrl Pts',(-19.6868129131563,-40.7499717794695,70.6438295773732));
#4095=CARTESIAN_POINT('Ctrl Pts',(-19.8241969313852,-40.5894996959754,70.670540007389));
#4096=CARTESIAN_POINT('Ctrl Pts',(-19.9774155451539,-40.4448185066217,70.7008974554615));
#4097=CARTESIAN_POINT('Ctrl Pts',(-20.1435688844535,-40.3177834545646,70.7347190954719));
#4098=CARTESIAN_POINT('Ctrl Pts',(-20.2923091340542,-40.2040618439688,70.7649961828797));
#4099=CARTESIAN_POINT('Ctrl Pts',(-20.4514150226953,-40.104481506741,70.7980507608641));
#4100=CARTESIAN_POINT('Ctrl Pts',(-20.6188061983698,-40.0203733848929,70.8337153815248));
#4101=CARTESIAN_POINT('Ctrl Pts',(-20.7653286547134,-39.9467510534769,70.864933680833));
#4102=CARTESIAN_POINT('Ctrl Pts',(-20.9171905914799,-39.8854885862591,70.8979377689091));
#4103=CARTESIAN_POINT('Ctrl Pts',(-21.0728124351036,-39.8369710536145,70.9325078633809));
#4104=CARTESIAN_POINT('Ctrl Pts',(-21.1618488483391,-39.8092125655698,70.9522865599013));
#4105=CARTESIAN_POINT('Ctrl Pts',(-21.2521160156636,-39.7856259575571,70.972576977688));
#4106=CARTESIAN_POINT('Ctrl Pts',(-21.3433181146074,-39.7662833455397,70.9933301769387));
#4107=CARTESIAN_POINT('Ctrl Pts',(-21.4962654679864,-39.7338454811729,71.0281336182665));
#4108=CARTESIAN_POINT('Ctrl Pts',(-21.6512341807439,-39.7134723257426,71.0641031186836));
#4109=CARTESIAN_POINT('Ctrl Pts',(-21.8068066260602,-39.7052195178985,71.1009460251561));
#4110=CARTESIAN_POINT('Ctrl Pts',(-21.841557710699,-39.7033760421898,71.1091758306243));
#4111=CARTESIAN_POINT('Ctrl Pts',(-21.8763389195688,-39.7021373311996,71.1174490102669));
#4112=CARTESIAN_POINT('Ctrl Pts',(-21.911134452237,-39.7015040050592,71.1257619448316));
#4113=CARTESIAN_POINT('Ctrl Pts',(-22.0672354933083,-39.6986627532584,71.1630557478118));
#4114=CARTESIAN_POINT('Ctrl Pts',(-22.2231575055379,-39.7080142114547,71.2010421768621));
#4115=CARTESIAN_POINT('Ctrl Pts',(-22.3774903755141,-39.7293993745187,71.2393530304085));
#4116=CARTESIAN_POINT('Ctrl Pts',(-22.4070916288981,-39.7335010777438,71.2467011039807));
#4117=CARTESIAN_POINT('Ctrl Pts',(-22.4366344212994,-39.7380454740069,71.2540609582678));
#4118=CARTESIAN_POINT('Ctrl Pts',(-22.4661088030395,-39.743031441377,71.2614297772971));
#4119=CARTESIAN_POINT('Ctrl Pts',(-22.625807944977,-39.7700465868601,71.3013557742678));
#4120=CARTESIAN_POINT('Ctrl Pts',(-22.7829856751229,-39.8099382228647,71.341421036588));
#4121=CARTESIAN_POINT('Ctrl Pts',(-22.9361104920385,-39.8622819426242,71.3811427808816));
#4122=CARTESIAN_POINT('Ctrl Pts',(-23.0065182481382,-39.8863499149387,71.3994070893092));
#4123=CARTESIAN_POINT('Ctrl Pts',(-23.0760691298771,-39.9130505296762,71.4175980178594));
#4124=CARTESIAN_POINT('Ctrl Pts',(-23.1446142552627,-39.9423425289423,71.4356649840188));
#4125=CARTESIAN_POINT('Ctrl Pts',(-23.3108931218092,-40.0133999587659,71.4794923844066));
#4126=CARTESIAN_POINT('Ctrl Pts',(-23.4703794927122,-40.0993347530966,71.5223634349598));
#4127=CARTESIAN_POINT('Ctrl Pts',(-23.6211207904349,-40.1990706212574,71.5635320630393));
#4128=CARTESIAN_POINT('Ctrl Pts',(-23.7855564873952,-40.3078671968522,71.6084407387204));
#4129=CARTESIAN_POINT('Ctrl Pts',(-23.9395860086309,-40.4330863222078,71.6513225468275));
#4130=CARTESIAN_POINT('Ctrl Pts',(-24.0806748100568,-40.573330917762,71.6911517611462));
#4131=CARTESIAN_POINT('Ctrl Pts',(-24.2305254830531,-40.7222849581642,71.7334544422256));
#4132=CARTESIAN_POINT('Ctrl Pts',(-24.364389134422,-40.8868177056003,71.7719155095482));
#4133=CARTESIAN_POINT('Ctrl Pts',(-24.4799024308336,-41.064252152096,71.805447108746));
#4134=CARTESIAN_POINT('Ctrl Pts',(-24.5769219492933,-41.2132791913369,71.8336102701171));
#4135=CARTESIAN_POINT('Ctrl Pts',(-24.6609965664419,-41.3714074834669,71.8582950696434));
#4136=CARTESIAN_POINT('Ctrl Pts',(-24.7307260296672,-41.537050926618,71.8788861752936));
#4137=CARTESIAN_POINT('Ctrl Pts',(-24.793807937645,-41.6869029971011,71.8975142583407));
#4138=CARTESIAN_POINT('Ctrl Pts',(-24.8445448401199,-41.8414806439909,71.9126119994078));
#4139=CARTESIAN_POINT('Ctrl Pts',(-24.8825052511154,-41.9992518688116,71.9239369381724));
#4140=CARTESIAN_POINT('Ctrl Pts',(-24.9192537782835,-42.1519862568128,71.9349003289511));
#4141=CARTESIAN_POINT('Ctrl Pts',(-24.9440285695865,-42.3077135680802,71.9423278402819));
#4142=CARTESIAN_POINT('Ctrl Pts',(-24.9564381592651,-42.4650438966158,71.9460484111509));
#4143=CARTESIAN_POINT('Ctrl Pts',(-24.9613000349362,-42.5266833638697,71.9475060703853));
#4144=CARTESIAN_POINT('Ctrl Pts',(-24.964263920012,-42.5885688854777,71.948395286699));
#4145=CARTESIAN_POINT('Ctrl Pts',(-24.9653062730504,-42.6506168771398,71.9487079837875));
#4146=CARTESIAN_POINT('Ctrl Pts',(-24.9655885619816,-42.6674206476465,71.9487926680774));
#4147=CARTESIAN_POINT('Ctrl Pts',(-24.9657294246013,-42.6842179819777,71.9488349274615));
#4148=CARTESIAN_POINT('Ctrl Pts',(-24.9657295002811,-42.7010071940457,71.9488349501655));
#4149=CARTESIAN_POINT('Ctrl Pts',(-24.9657295002811,-42.7010071940457,71.9488349501655));
#4150=CARTESIAN_POINT('Ctrl Pts',(-24.9657310593634,-42.8580325154333,71.9488354178902));
#4151=CARTESIAN_POINT('Ctrl Pts',(-24.9534098475649,-43.0143473587253,71.945134650601));
#4152=CARTESIAN_POINT('Ctrl Pts',(-24.9290757396406,-43.1685725216702,71.9378522569551));
#4153=CARTESIAN_POINT('Ctrl Pts',(-24.9041577107015,-43.3264984701105,71.9303951150627));
#4154=CARTESIAN_POINT('Ctrl Pts',(-24.8666433458454,-43.4822332470519,71.9191825060228));
#4155=CARTESIAN_POINT('Ctrl Pts',(-24.8168653666483,-43.6342959627502,71.9043973153787));
#4156=CARTESIAN_POINT('Ctrl Pts',(-24.8066413282189,-43.6655285494093,71.9013605437023));
#4157=CARTESIAN_POINT('Ctrl Pts',(-24.7958999344837,-43.6966062257529,71.8981732342955));
#4158=CARTESIAN_POINT('Ctrl Pts',(-24.7846440683895,-43.7275161602534,71.8948372399347));
#4159=CARTESIAN_POINT('Ctrl Pts',(-24.7215052999634,-43.9009026575833,71.8761242796299));
#4160=CARTESIAN_POINT('Ctrl Pts',(-24.6428427861898,-44.067197027128,71.8529254010229));
#4161=CARTESIAN_POINT('Ctrl Pts',(-24.550056355609,-44.2245813927374,71.8258608483964));
#4162=CARTESIAN_POINT('Ctrl Pts',(-24.4615313602937,-44.3747375108362,71.8000392990656));
#4163=CARTESIAN_POINT('Ctrl Pts',(-24.3601500045456,-44.5167832567476,71.770700626895));
#4164=CARTESIAN_POINT('Ctrl Pts',(-24.247127968099,-44.6491398976969,71.7384183721324));
#4165=CARTESIAN_POINT('Ctrl Pts',(-24.1110031792705,-44.8085514634917,71.6995373251204));
#4166=CARTESIAN_POINT('Ctrl Pts',(-23.9592943420095,-44.952397897187,71.6567631285591));
#4167=CARTESIAN_POINT('Ctrl Pts',(-23.7948585173532,-45.0788843612565,71.6112830438753));
#4168=CARTESIAN_POINT('Ctrl Pts',(-23.6408978930101,-45.1973131465882,71.5687002171237));
#4169=CARTESIAN_POINT('Ctrl Pts',(-23.4757801498058,-45.3005233072349,71.5237471200324));
#4170=CARTESIAN_POINT('Ctrl Pts',(-23.3018503759723,-45.3870416326817,71.4773561502781));
#4171=CARTESIAN_POINT('Ctrl Pts',(-23.1543948681258,-45.4603907973221,71.4380264607498));
#4172=CARTESIAN_POINT('Ctrl Pts',(-23.0013764765708,-45.5213610391353,71.3978693968176));
#4173=CARTESIAN_POINT('Ctrl Pts',(-22.844381490978,-45.5694511666986,71.3574317211431));
#4174=CARTESIAN_POINT('Ctrl Pts',(-22.7575229036579,-45.5960573702561,71.3350592907732));
#4175=CARTESIAN_POINT('Ctrl Pts',(-22.6694471071615,-45.6187210558932,71.3126001071373));
#4176=CARTESIAN_POINT('Ctrl Pts',(-22.5804227370094,-45.6373573476749,71.2901398047362));
#4177=CARTESIAN_POINT('Ctrl Pts',(-22.4273213495118,-45.6694074719805,71.2515132639884));
#4178=CARTESIAN_POINT('Ctrl Pts',(-22.2719108662321,-45.6894422109618,71.2130116538471));
#4179=CARTESIAN_POINT('Ctrl Pts',(-22.1156116535971,-45.697260762784,71.1750313135639));
#4180=CARTESIAN_POINT('Ctrl Pts',(-22.081632019061,-45.6989605252399,71.1667743424594));
#4181=CARTESIAN_POINT('Ctrl Pts',(-22.0476103802635,-45.7000829106628,71.158541812773));
#4182=CARTESIAN_POINT('Ctrl Pts',(-22.0135613316011,-45.7006258557955,71.150337468527));
#4183=CARTESIAN_POINT('Ctrl Pts',(-21.8581538557508,-45.7031039788534,71.1128910058398));
#4184=CARTESIAN_POINT('Ctrl Pts',(-21.7026297728971,-45.6935039439847,71.0761453539192));
#4185=CARTESIAN_POINT('Ctrl Pts',(-21.5483973690785,-45.6718377578125,71.0404168997587));
#4186=CARTESIAN_POINT('Ctrl Pts',(-21.5181949394896,-45.6675949952922,71.0334204055436));
#4187=CARTESIAN_POINT('Ctrl Pts',(-21.4880420420435,-45.6628895308824,71.0264627575105));
#4188=CARTESIAN_POINT('Ctrl Pts',(-21.4579492519657,-45.6577214547442,71.0195460983802));
#4189=CARTESIAN_POINT('Ctrl Pts',(-21.29971591873,-45.6305467756384,70.9831770536287));
#4190=CARTESIAN_POINT('Ctrl Pts',(-21.14374234716,-45.5906842785259,70.9480830494789));
#4191=CARTESIAN_POINT('Ctrl Pts',(-20.9915540619544,-45.5384330647317,70.9145230228187));
#4192=CARTESIAN_POINT('Ctrl Pts',(-20.9190653634912,-45.5135453246804,70.8985380693796));
#4193=CARTESIAN_POINT('Ctrl Pts',(-20.8474354350927,-45.4858469494484,70.882900338179));
#4194=CARTESIAN_POINT('Ctrl Pts',(-20.7768291258202,-45.4553702600939,70.8676337013043));
#4195=CARTESIAN_POINT('Ctrl Pts',(-20.61040532068,-45.3835346598096,70.8316492145559));
#4196=CARTESIAN_POINT('Ctrl Pts',(-20.4508440978802,-45.2967698871621,70.7979840206203));
#4197=CARTESIAN_POINT('Ctrl Pts',(-20.300108966281,-45.1961489211082,70.7668289396444));
#4198=CARTESIAN_POINT('Ctrl Pts',(-20.1337749923563,-45.0851151828793,70.7324497715521));
#4199=CARTESIAN_POINT('Ctrl Pts',(-19.9781883678471,-44.9572090434114,70.7011260648863));
#4200=CARTESIAN_POINT('Ctrl Pts',(-19.8359874421125,-44.8138722549677,70.6730548685551));
#4201=CARTESIAN_POINT('Ctrl Pts',(-19.6927260864934,-44.6694665662111,70.6447743378941));
#4202=CARTESIAN_POINT('Ctrl Pts',(-19.5646022968551,-44.5109412918982,70.6200952083577));
#4203=CARTESIAN_POINT('Ctrl Pts',(-19.453547597292,-44.3408066770884,70.5990218725924));
#4204=CARTESIAN_POINT('Ctrl Pts',(-19.3519925999709,-44.1852255047545,70.5797511657641));
#4205=CARTESIAN_POINT('Ctrl Pts',(-19.264711385491,-44.0199361872029,70.5634944252229));
#4206=CARTESIAN_POINT('Ctrl Pts',(-19.1931809970687,-43.8468583175924,70.5502935614288));
#4207=CARTESIAN_POINT('Ctrl Pts',(-19.1315034882337,-43.6976208806442,70.5389110370045));
#4208=CARTESIAN_POINT('Ctrl Pts',(-19.0820877078509,-43.5439051409517,70.5299012715379));
#4209=CARTESIAN_POINT('Ctrl Pts',(-19.0452796616785,-43.3872587483795,70.5232172615066));
#4210=CARTESIAN_POINT('Ctrl Pts',(-19.0094335431458,-43.2347060937356,70.5167079288805));
#4211=CARTESIAN_POINT('Ctrl Pts',(-18.9855447979097,-43.0793739618357,70.5124042818699));
#4212=CARTESIAN_POINT('Ctrl Pts',(-18.9739330073302,-42.9226918088004,70.5103122544175));
#4213=CARTESIAN_POINT('Ctrl Pts',(-18.9684989115471,-42.8493675595141,70.5093332256037));
#4214=CARTESIAN_POINT('Ctrl Pts',(-18.9657535435842,-42.7757476473794,70.508839277968));
#4215=CARTESIAN_POINT('Ctrl Pts',(-18.9657296575456,-42.7019785782951,70.508834978481));
#4216=CARTESIAN_POINT('Ctrl Pts',(-18.9657295527018,-42.7016547809911,70.5088349596091));
#4217=CARTESIAN_POINT('Ctrl Pts',(-18.9657295002918,-42.7013309862369,70.5088349501753));
#4218=CARTESIAN_POINT('Ctrl Pts',(-18.9657295003132,-42.701007194045,70.5088349501791));
#4219=CARTESIAN_POINT('Origin',(2.03427049971894,-42.701007194045,67.6988349501852));
#4220=CARTESIAN_POINT('',(5.03427049971893,-42.701007194045,67.6988349501852));
#4221=CARTESIAN_POINT('Origin',(2.03427049971894,-42.701007194045,67.6988349501852));
#4222=CARTESIAN_POINT('',(5.03427049971893,-42.701007194045,71.9488349502049));
#4223=CARTESIAN_POINT('',(5.03427049971893,-42.701007194045,67.6988349501852));
#4224=CARTESIAN_POINT('',(-0.965729500281065,-42.701007194045,70.5088349501971));
#4225=CARTESIAN_POINT('Ctrl Pts',(5.03427049984054,-42.701007194045,71.9488349502414));
#4226=CARTESIAN_POINT('Ctrl Pts',(5.03427049975956,-42.7006841529689,71.9488349502171));
#4227=CARTESIAN_POINT('Ctrl Pts',(5.03427044754116,-42.7003611084459,71.9488349345516));
#4228=CARTESIAN_POINT('Ctrl Pts',(5.03427034318229,-42.7000380604878,71.9488349032439));
#4229=CARTESIAN_POINT('Ctrl Pts',(5.03421959720245,-42.5429514232041,71.9488196794502));
#4230=CARTESIAN_POINT('Ctrl Pts',(5.02183856551459,-42.3866096682121,71.9451009669803));
#4231=CARTESIAN_POINT('Ctrl Pts',(4.99744903250355,-42.2323882150764,71.9378020682447));
#4232=CARTESIAN_POINT('Ctrl Pts',(4.97245506151619,-42.0743447411174,71.9303222832422));
#4233=CARTESIAN_POINT('Ctrl Pts',(4.93485000813417,-41.9185279647864,71.9190827770718));
#4234=CARTESIAN_POINT('Ctrl Pts',(4.88498017857966,-41.7664181206,71.9042707298628));
#4235=CARTESIAN_POINT('Ctrl Pts',(4.8762664042521,-41.7398399095438,71.9016826152079));
#4236=CARTESIAN_POINT('Ctrl Pts',(4.86717817764775,-41.7133748737434,71.898985556951));
#4237=CARTESIAN_POINT('Ctrl Pts',(4.85771734618627,-41.6870309097199,71.8961807143051));
#4238=CARTESIAN_POINT('Ctrl Pts',(4.79560469881491,-41.5140764126006,71.877766243769));
#4239=CARTESIAN_POINT('Ctrl Pts',(4.71806369812519,-41.3480866131005,71.8548888801553));
#4240=CARTESIAN_POINT('Ctrl Pts',(4.6264684008184,-41.1908634886981,71.8281573460529));
#4241=CARTESIAN_POINT('Ctrl Pts',(4.53829650825417,-41.0395166309332,71.8024249119406));
#4242=CARTESIAN_POINT('Ctrl Pts',(4.43710125444146,-40.8962933797674,71.7731226136527));
#4243=CARTESIAN_POINT('Ctrl Pts',(4.32410831518465,-40.7628011217031,71.7408295981271));
#4244=CARTESIAN_POINT('Ctrl Pts',(4.18781550931097,-40.6017819063993,71.7018775563));
#4245=CARTESIAN_POINT('Ctrl Pts',(4.03567436855615,-40.4564611502039,71.6589555246496));
#4246=CARTESIAN_POINT('Ctrl Pts',(3.87058998499307,-40.3286784764205,71.6132723191892));
#4247=CARTESIAN_POINT('Ctrl Pts',(3.71807471727876,-40.2106248587451,71.5710673197794));
#4248=CARTESIAN_POINT('Ctrl Pts',(3.55451210864668,-40.1075403781181,71.5265073428517));
#4249=CARTESIAN_POINT('Ctrl Pts',(3.38219293121421,-40.0208756452824,71.4805052825749));
#4250=CARTESIAN_POINT('Ctrl Pts',(3.23486854945732,-39.9467815811429,71.4411757941755));
#4251=CARTESIAN_POINT('Ctrl Pts',(3.08191747018666,-39.8850769228624,71.4009994162967));
#4252=CARTESIAN_POINT('Ctrl Pts',(2.92493066652123,-39.8362690535533,71.360526145562));
#4253=CARTESIAN_POINT('Ctrl Pts',(2.83692689909656,-39.808908305523,71.3378376123765));
#4254=CARTESIAN_POINT('Ctrl Pts',(2.74765490251045,-39.7856003822801,71.3150549113379));
#4255=CARTESIAN_POINT('Ctrl Pts',(2.6573949471378,-39.766434665885,71.292267658352));
#4256=CARTESIAN_POINT('Ctrl Pts',(2.50433867786875,-39.7339348376146,71.253626691663));
#4257=CARTESIAN_POINT('Ctrl Pts',(2.34893980159196,-39.7134517052136,71.2151013902694));
#4258=CARTESIAN_POINT('Ctrl Pts',(2.19261959275507,-39.7051891639116,71.1770894768825));
#4259=CARTESIAN_POINT('Ctrl Pts',(2.15828231020763,-39.703374214857,71.1687397835201));
#4260=CARTESIAN_POINT('Ctrl Pts',(2.12390057292674,-39.7021489151249,71.1604146620137));
#4261=CARTESIAN_POINT('Ctrl Pts',(2.0894894445665,-39.7015154257388,71.1521179882832));
#4262=CARTESIAN_POINT('Ctrl Pts',(1.93410760461479,-39.6986549340577,71.1146547462696));
#4263=CARTESIAN_POINT('Ctrl Pts',(1.77858033171422,-39.7078693343686,71.0778851077978));
#4264=CARTESIAN_POINT('Ctrl Pts',(1.62431539664583,-39.7291496686451,71.0421263573283));
#4265=CARTESIAN_POINT('Ctrl Pts',(1.59435015857652,-39.7332832734886,71.0351803882368));
#4266=CARTESIAN_POINT('Ctrl Pts',(1.56443255007292,-39.7378721409252,71.0282724032809));
#4267=CARTESIAN_POINT('Ctrl Pts',(1.53457288884897,-39.7429162053004,71.0214045006146));
#4268=CARTESIAN_POINT('Ctrl Pts',(1.37640937862037,-39.769634088046,70.9850259367233));
#4269=CARTESIAN_POINT('Ctrl Pts',(1.22046572585227,-39.8090231264003,70.9499129335226));
#4270=CARTESIAN_POINT('Ctrl Pts',(1.06826419858833,-39.8607897595245,70.9163251196666));
#4271=CARTESIAN_POINT('Ctrl Pts',(0.996732586892843,-39.8851190206429,70.9005395326122));
#4272=CARTESIAN_POINT('Ctrl Pts',(0.926027538935872,-39.912182255006,70.8850900547897));
#4273=CARTESIAN_POINT('Ctrl Pts',(0.856307080565752,-39.9419489882171,70.8699997077713));
#4274=CARTESIAN_POINT('Ctrl Pts',(0.690258292013744,-40.0128425265613,70.8340599864928));
#4275=CARTESIAN_POINT('Ctrl Pts',(0.530951715531279,-40.098577562717,70.8004112589132));
#4276=CARTESIAN_POINT('Ctrl Pts',(0.380334070568196,-40.1981053322499,70.7692452643194));
#4277=CARTESIAN_POINT('Ctrl Pts',(0.215731457891797,-40.3068743340689,70.7351854824256));
#4278=CARTESIAN_POINT('Ctrl Pts',(0.0615062347134047,-40.4321163125916,
70.7040898385285));
#4279=CARTESIAN_POINT('Ctrl Pts',(-0.0798007082725647,-40.5724624029867,
70.6761508310048));
#4280=CARTESIAN_POINT('Ctrl Pts',(-0.22569334122776,-40.7173630017828,70.6473051473912));
#4281=CARTESIAN_POINT('Ctrl Pts',(-0.356227525150015,-40.8768082136009,
70.6221321816401));
#4282=CARTESIAN_POINT('Ctrl Pts',(-0.46938699592765,-41.0482215847522,70.6006401597976));
#4283=CARTESIAN_POINT('Ctrl Pts',(-0.570516058954601,-41.2014113575189,
70.5814330354045));
#4284=CARTESIAN_POINT('Ctrl Pts',(-0.657768371007447,-41.3641598012864,
70.5651646055495));
#4285=CARTESIAN_POINT('Ctrl Pts',(-0.729704793401599,-41.5346279336759,
70.5518764740582));
#4286=CARTESIAN_POINT('Ctrl Pts',(-0.792630937905545,-41.6837443614193,
70.5402527255512));
#4287=CARTESIAN_POINT('Ctrl Pts',(-0.843273708231211,-41.8374527499987,
70.5310125081573));
#4288=CARTESIAN_POINT('Ctrl Pts',(-0.881272154187023,-41.9941976624018,
70.5241086029272));
#4289=CARTESIAN_POINT('Ctrl Pts',(-0.918235194527953,-42.146671490598,70.51739281966));
#4290=CARTESIAN_POINT('Ctrl Pts',(-0.943233603287935,-42.3020186149684,
70.5128876590194));
#4291=CARTESIAN_POINT('Ctrl Pts',(-0.955935139769917,-42.458807315876,70.510598894384));
#4292=CARTESIAN_POINT('Ctrl Pts',(-0.961862634939568,-42.5319767523929,
70.509530784133));
#4293=CARTESIAN_POINT('Ctrl Pts',(-0.96511204385863,-42.6054601440536,70.508946093276));
#4294=CARTESIAN_POINT('Ctrl Pts',(-0.965649599122941,-42.6791119775117,
70.5088493324694));
#4295=CARTESIAN_POINT('Ctrl Pts',(-0.965702876168787,-42.6864116029989,
70.508839742516));
#4296=CARTESIAN_POINT('Ctrl Pts',(-0.965729506043099,-42.6937100561041,
70.5088349491599));
#4297=CARTESIAN_POINT('Ctrl Pts',(-0.965729500281064,-42.701007194045,70.5088349501971));
#4298=CARTESIAN_POINT('Ctrl Pts',(-0.965729500281064,-42.701007194045,70.5088349501971));
#4299=CARTESIAN_POINT('Ctrl Pts',(-0.965729249097406,-42.8579191484382,
70.5088349954101));
#4300=CARTESIAN_POINT('Ctrl Pts',(-0.953415670303893,-43.0142229848149,
70.5110470319734));
#4301=CARTESIAN_POINT('Ctrl Pts',(-0.929076558419833,-43.168498962266,70.5154459141136));
#4302=CARTESIAN_POINT('Ctrl Pts',(-0.904184638318285,-43.3262789717666,
70.5199447069739));
#4303=CARTESIAN_POINT('Ctrl Pts',(-0.866714715618287,-43.4819379597172,
70.5267309099645));
#4304=CARTESIAN_POINT('Ctrl Pts',(-0.816974643420917,-43.633957232702,70.5358321045065));
#4305=CARTESIAN_POINT('Ctrl Pts',(-0.802157109489991,-43.6792436715046,
70.5385433442168));
#4306=CARTESIAN_POINT('Ctrl Pts',(-0.786250673316249,-43.724207107414,70.5414603798947));
#4307=CARTESIAN_POINT('Ctrl Pts',(-0.769263473544385,-43.7688073910662,
70.5445848240065));
#4308=CARTESIAN_POINT('Ctrl Pts',(-0.703974588782698,-43.9402248594432,
70.5565933642193));
#4309=CARTESIAN_POINT('Ctrl Pts',(-0.623335008226754,-44.1046878215969,
70.5715486400963));
#4310=CARTESIAN_POINT('Ctrl Pts',(-0.528646807887817,-44.26031838692,70.5894202476283));
#4311=CARTESIAN_POINT('Ctrl Pts',(-0.439063807886954,-44.4075579889357,
70.6063282912052));
#4312=CARTESIAN_POINT('Ctrl Pts',(-0.336906238011817,-44.5468919324014,
70.6258482076787));
#4313=CARTESIAN_POINT('Ctrl Pts',(-0.223276717479617,-44.6767299889024,
70.6479888124492));
#4314=CARTESIAN_POINT('Ctrl Pts',(-0.0864490851685867,-44.8330752218286,
70.6746495473928));
#4315=CARTESIAN_POINT('Ctrl Pts',(0.0655256037231835,-44.9739780091586,
70.7048256515131));
#4316=CARTESIAN_POINT('Ctrl Pts',(0.229869238052935,-45.0977053182015,70.7383372865298));
#4317=CARTESIAN_POINT('Ctrl Pts',(0.382220181244618,-45.2124038418659,70.7694034682138));
#4318=CARTESIAN_POINT('Ctrl Pts',(0.545200731108637,-45.3123421275201,70.8033377244236));
#4319=CARTESIAN_POINT('Ctrl Pts',(0.716597658413065,-45.3961395253578,70.839956085453));
#4320=CARTESIAN_POINT('Ctrl Pts',(0.863452409752229,-45.4679380471625,70.8713310954255));
#4321=CARTESIAN_POINT('Ctrl Pts',(1.01548708096144,-45.527400418421,70.9044638692073));
#4322=CARTESIAN_POINT('Ctrl Pts',(1.17113316470716,-45.5741583381006,70.9391320503879));
#4323=CARTESIAN_POINT('Ctrl Pts',(1.2573349685304,-45.6000543768727,70.9583324034011));
#4324=CARTESIAN_POINT('Ctrl Pts',(1.3446445010675,-45.6220535786965,70.9780028450544));
#4325=CARTESIAN_POINT('Ctrl Pts',(1.43279530906853,-45.6400933777139,70.9980986284938));
#4326=CARTESIAN_POINT('Ctrl Pts',(1.58587982630431,-45.6714216659763,71.0329973818468));
#4327=CARTESIAN_POINT('Ctrl Pts',(1.74090221946048,-45.6906863239748,71.0690452710932));
#4328=CARTESIAN_POINT('Ctrl Pts',(1.89644685098675,-45.6978396720099,71.1059472280866));
#4329=CARTESIAN_POINT('Ctrl Pts',(1.93029965289873,-45.6993965298177,71.1139785862119));
#4330=CARTESIAN_POINT('Ctrl Pts',(1.96417719186399,-45.7003797068372,71.1220502032838));
#4331=CARTESIAN_POINT('Ctrl Pts',(1.9980648739997,-45.7007887115359,71.1301587085017));
#4332=CARTESIAN_POINT('Ctrl Pts',(2.15425762551343,-45.7026738675943,71.1675318677391));
#4333=CARTESIAN_POINT('Ctrl Pts',(2.31020000681563,-45.692355601542,71.2055813785178));
#4334=CARTESIAN_POINT('Ctrl Pts',(2.4644803735537,-45.6700002071605,71.2439361252774));
#4335=CARTESIAN_POINT('Ctrl Pts',(2.49466115575926,-45.6656269787115,71.2514391944168));
#4336=CARTESIAN_POINT('Ctrl Pts',(2.52477833542147,-45.6607931093072,71.258953784315));
#4337=CARTESIAN_POINT('Ctrl Pts',(2.55482134473554,-45.6554998438505,71.2664768848281));
#4338=CARTESIAN_POINT('Ctrl Pts',(2.71471234840094,-45.6273287136654,71.3065153536494));
#4339=CARTESIAN_POINT('Ctrl Pts',(2.87198399722988,-45.5862368503957,71.3466693951646));
#4340=CARTESIAN_POINT('Ctrl Pts',(3.02509620420435,-45.5326612644736,71.3864504750455));
#4341=CARTESIAN_POINT('Ctrl Pts',(3.09789579238524,-45.5071879160794,71.4053650102739));
#4342=CARTESIAN_POINT('Ctrl Pts',(3.1697550657704,-45.4788924031913,71.4241944375896));
#4343=CARTESIAN_POINT('Ctrl Pts',(3.24050848450185,-45.4478216988986,71.4428821673098));
#4344=CARTESIAN_POINT('Ctrl Pts',(3.4075701821621,-45.3744581116728,71.4870072980589));
#4345=CARTESIAN_POINT('Ctrl Pts',(3.56755995163956,-45.2860188812537,71.5301064030475));
#4346=CARTESIAN_POINT('Ctrl Pts',(3.71848412139249,-45.1836333122457,71.5714119746392));
#4347=CARTESIAN_POINT('Ctrl Pts',(3.88738961195822,-45.069049380537,71.6176387509349));
#4348=CARTESIAN_POINT('Ctrl Pts',(4.04494064255899,-44.9369979730983,71.6616180872611));
#4349=CARTESIAN_POINT('Ctrl Pts',(4.18834268480999,-44.7890620356182,71.7022125444115));
#4350=CARTESIAN_POINT('Ctrl Pts',(4.33121066288939,-44.6416770476409,71.7426558179052));
#4351=CARTESIAN_POINT('Ctrl Pts',(4.45871777958914,-44.4798740298124,71.7793606838172));
#4352=CARTESIAN_POINT('Ctrl Pts',(4.56874490558992,-44.3061465888711,71.8113444127535));
#4353=CARTESIAN_POINT('Ctrl Pts',(4.66688624910827,-44.1511862161003,71.8398730696642));
#4354=CARTESIAN_POINT('Ctrl Pts',(4.75112020186776,-43.9867385607182,71.86464423615));
#4355=CARTESIAN_POINT('Ctrl Pts',(4.81994288052122,-43.8145732616114,71.8849960277288));
#4356=CARTESIAN_POINT('Ctrl Pts',(4.87992510396713,-43.6645230507986,71.9027335778198));
#4357=CARTESIAN_POINT('Ctrl Pts',(4.92762415777934,-43.5100419822832,71.916942513104));
#4358=CARTESIAN_POINT('Ctrl Pts',(4.96265120653402,-43.3526416853762,71.9274004554809));
#4359=CARTESIAN_POINT('Ctrl Pts',(4.99666941220484,-43.1997748049738,71.9375571899853));
#4360=CARTESIAN_POINT('Ctrl Pts',(5.01873505467144,-43.0441544327838,71.9441757782235));
#4361=CARTESIAN_POINT('Ctrl Pts',(5.02849193764499,-42.887165310827,71.9471017155005));
#4362=CARTESIAN_POINT('Ctrl Pts',(5.03233706086052,-42.8252969334918,71.9482548080795));
#4363=CARTESIAN_POINT('Ctrl Pts',(5.03427051543424,-42.7632159761636,71.9488349549195));
#4364=CARTESIAN_POINT('Ctrl Pts',(5.03427049984054,-42.701007194045,71.9488349502414));
#4365=CARTESIAN_POINT('Origin',(2.03427049971893,-42.701007194045,72.6988349501741));
#4366=CARTESIAN_POINT('',(0.434270499718931,-42.701007194045,67.6988349501852));
#4367=CARTESIAN_POINT('Origin',(2.03427049971893,-42.701007194045,67.6988349501852));
#4368=CARTESIAN_POINT('',(0.434270499718932,-42.701007194045,72.6988349501741));
#4369=CARTESIAN_POINT('Origin',(-21.9657295002811,-42.701007194045,72.6988349501741));
#4370=CARTESIAN_POINT('',(-23.5657295002811,-42.701007194045,67.6988349501852));
#4371=CARTESIAN_POINT('Origin',(-21.9657295002811,-42.701007194045,67.6988349501852));
#4372=CARTESIAN_POINT('',(-23.5657295002811,-42.701007194045,72.6988349501741));
#4373=CARTESIAN_POINT('Origin',(10.5342704996532,-38.201007194045,93.6988349501852));
#4374=CARTESIAN_POINT('',(10.5342704996532,-38.201007194045,97.5339497136401));
#4375=CARTESIAN_POINT('',(10.5342704996532,-38.201007194045,89.8637201867303));
#4376=CARTESIAN_POINT('Origin',(10.5342704996532,-38.201007194045,93.6988349501852));
#4377=CARTESIAN_POINT('Origin',(10.5342704996532,-38.201007194045,93.6988349501852));
#4378=CARTESIAN_POINT('',(10.5342704996532,-36.7389202967251,88.6988349501852));
#4379=CARTESIAN_POINT('Origin',(10.5342704996532,-38.201007194045,88.3637201867303));
#4380=CARTESIAN_POINT('',(12.3953050343231,-36.701007194045,88.6988349501852));
#4381=CARTESIAN_POINT('Ctrl Pts',(10.5342704996532,-36.7389202967251,88.6988349501852));
#4382=CARTESIAN_POINT('Ctrl Pts',(10.743094545698,-36.7389202967251,88.6988349501852));
#4383=CARTESIAN_POINT('Ctrl Pts',(10.9404425473644,-36.7359612727402,88.6988349501848));
#4384=CARTESIAN_POINT('Ctrl Pts',(11.4543745112946,-36.7232395407712,88.6988349501846));
#4385=CARTESIAN_POINT('Ctrl Pts',(11.7356818889173,-36.7122911368048,88.6988349501852));
#4386=CARTESIAN_POINT('Ctrl Pts',(12.1340584793157,-36.7031073452004,88.6988349501852));
#4387=CARTESIAN_POINT('Ctrl Pts',(12.2584974706056,-36.7011444085005,88.6988349501874));
#4388=CARTESIAN_POINT('Ctrl Pts',(12.3865680966756,-36.7010095161283,88.6988349501849));
#4389=CARTESIAN_POINT('Ctrl Pts',(12.3909365758016,-36.701007194045,88.6988349501852));
#4390=CARTESIAN_POINT('Ctrl Pts',(12.3953050343231,-36.701007194045,88.6988349501852));
#4391=CARTESIAN_POINT('',(5.60872996695687,-36.701007194045,91.6488349501852));
#4392=CARTESIAN_POINT('Origin',(10.5342704996532,-36.701007194045,93.6988349501852));
#4393=CARTESIAN_POINT('',(5.73745379376257,-36.7057037742212,91.6488349501852));
#4394=CARTESIAN_POINT('Origin',(5.60861260539027,-38.4706028667553,91.649048078912));
#4395=CARTESIAN_POINT('',(6.68923542634333,-36.701007194045,90.0003008048445));
#4396=CARTESIAN_POINT('Ctrl Pts',(6.68923542634333,-36.701007194045,90.0003008048445));
#4397=CARTESIAN_POINT('Ctrl Pts',(6.63001031629126,-36.701007194045,90.1028817045385));
#4398=CARTESIAN_POINT('Ctrl Pts',(6.558941855809,-36.7019820705686,90.2259758889095));
#4399=CARTESIAN_POINT('Ctrl Pts',(6.35886465361152,-36.7055587635773,90.5725197685517));
#4400=CARTESIAN_POINT('Ctrl Pts',(6.18984201571485,-36.7091359830684,90.8652755650181));
#4401=CARTESIAN_POINT('Ctrl Pts',(6.04898193135616,-36.7091359830684,91.1092523878858));
#4402=CARTESIAN_POINT('Ctrl Pts',(5.95233252620331,-36.7091359830684,91.2766540681318));
#4403=CARTESIAN_POINT('Ctrl Pts',(5.84242352777125,-36.7076927224807,91.4670220376252));
#4404=CARTESIAN_POINT('Ctrl Pts',(5.73745379376256,-36.7057037742212,91.6488349501852));
#4405=CARTESIAN_POINT('',(8.67323596498325,-36.701007194045,88.6988349501852));
#4406=CARTESIAN_POINT('Origin',(10.5342704996532,-36.701007194045,93.6988349501852));
#4407=CARTESIAN_POINT('Ctrl Pts',(8.67323596498325,-36.701007194045,88.6988349501852));
#4408=CARTESIAN_POINT('Ctrl Pts',(8.67760442350471,-36.701007194045,88.6988349501852));
#4409=CARTESIAN_POINT('Ctrl Pts',(8.68197290263075,-36.7010095161283,88.6988349501849));
#4410=CARTESIAN_POINT('Ctrl Pts',(8.81004352870081,-36.7011444085005,88.6988349501874));
#4411=CARTESIAN_POINT('Ctrl Pts',(8.93448251999081,-36.7031073452004,88.6988349501852));
#4412=CARTESIAN_POINT('Ctrl Pts',(9.332859110389,-36.7122911368048,88.6988349501852));
#4413=CARTESIAN_POINT('Ctrl Pts',(9.61416648801181,-36.7232395407712,88.6988349501846));
#4414=CARTESIAN_POINT('Ctrl Pts',(10.1280984519419,-36.7359612727402,88.6988349501848));
#4415=CARTESIAN_POINT('Ctrl Pts',(10.3254464536083,-36.7389202967251,88.6988349501852));
#4416=CARTESIAN_POINT('Ctrl Pts',(10.5342704996532,-36.7389202967251,88.6988349501852));
#4417=CARTESIAN_POINT('Origin',(10.5342704996532,-38.201007194045,83.6988349501852));
#4418=CARTESIAN_POINT('',(10.5342704996532,-38.201007194045,87.5339497136401));
#4419=CARTESIAN_POINT('',(10.5342704996532,-38.201007194045,79.8637201867303));
#4420=CARTESIAN_POINT('Origin',(10.5342704996532,-38.201007194045,83.6988349501852));
#4421=CARTESIAN_POINT('Origin',(10.5342704996532,-38.201007194045,83.6988349501852));
#4422=CARTESIAN_POINT('',(10.5342704996532,-36.701007194045,78.3637201867303));
#4423=CARTESIAN_POINT('Origin',(10.5342704996532,-38.201007194045,78.3637201867303));
#4424=CARTESIAN_POINT('Origin',(10.5342704996532,-36.701007194045,83.6988349501852));
#4425=CARTESIAN_POINT('',(6.68923542634331,-36.701007194045,87.3973690955259));
#4426=CARTESIAN_POINT('Origin',(10.5342704996532,-36.701007194045,83.6988349501852));
#4427=CARTESIAN_POINT('',(5.73745379376257,-36.7057037742212,85.7488349501852));
#4428=CARTESIAN_POINT('Ctrl Pts',(5.73745379376257,-36.7057037742212,85.7488349501852));
#4429=CARTESIAN_POINT('Ctrl Pts',(5.84242352777125,-36.7076927224807,85.9306478627452));
#4430=CARTESIAN_POINT('Ctrl Pts',(5.9523325262033,-36.7091359830684,86.1210158322386));
#4431=CARTESIAN_POINT('Ctrl Pts',(6.04898193135616,-36.7091359830684,86.2884175124846));
#4432=CARTESIAN_POINT('Ctrl Pts',(6.18984201571484,-36.7091359830684,86.5323943353523));
#4433=CARTESIAN_POINT('Ctrl Pts',(6.35886465361152,-36.7055587635773,86.8251501318187));
#4434=CARTESIAN_POINT('Ctrl Pts',(6.55894185580899,-36.7019820705686,87.1716940114609));
#4435=CARTESIAN_POINT('Ctrl Pts',(6.63001031629125,-36.701007194045,87.2947881958319));
#4436=CARTESIAN_POINT('Ctrl Pts',(6.68923542634331,-36.701007194045,87.3973690955259));
#4437=CARTESIAN_POINT('',(5.60872996695687,-36.701007194045,85.7488349501852));
#4438=CARTESIAN_POINT('Origin',(5.60861260539039,-38.4706028667551,85.7486218214517));
#4439=CARTESIAN_POINT('Origin',(10.5342704996532,-36.701007194045,83.6988349501852));
#4440=CARTESIAN_POINT('Origin',(10.5342704996532,-47.851007194045,93.6988349501852));
#4441=CARTESIAN_POINT('',(10.5342704996532,-47.851007194045,95.1988349501852));
#4442=CARTESIAN_POINT('Origin',(10.5342704996532,-47.851007194045,93.6988349501852));
#4443=CARTESIAN_POINT('',(10.5342704996532,-36.701007194045,95.1988349501852));
#4444=CARTESIAN_POINT('',(10.5342704996532,-47.851007194045,95.1988349501852));
#4445=CARTESIAN_POINT('Origin',(10.5342704996532,-36.701007194045,93.6988349501852));
#4446=CARTESIAN_POINT('Origin',(10.5342704996532,-47.851007194045,93.6988349501852));
#4447=CARTESIAN_POINT('',(10.5342704996532,-47.851007194045,97.5339497136401));
#4448=CARTESIAN_POINT('',(10.5342704996532,-47.851007194045,97.5339497136401));
#4449=CARTESIAN_POINT('Origin',(10.5342704996532,-47.851007194045,93.6988349501852));
#4450=CARTESIAN_POINT('Origin',(10.5342704996532,-47.851007194045,83.6988349501852));
#4451=CARTESIAN_POINT('',(10.5342704996532,-47.851007194045,85.1988349501852));
#4452=CARTESIAN_POINT('Origin',(10.5342704996532,-47.851007194045,83.6988349501852));
#4453=CARTESIAN_POINT('',(10.5342704996532,-36.701007194045,85.1988349501852));
#4454=CARTESIAN_POINT('',(10.5342704996532,-47.851007194045,85.1988349501852));
#4455=CARTESIAN_POINT('Origin',(10.5342704996532,-36.701007194045,83.6988349501852));
#4456=CARTESIAN_POINT('Origin',(10.5342704996532,-47.851007194045,83.6988349501852));
#4457=CARTESIAN_POINT('',(10.5342704996532,-47.851007194045,87.5339497136401));
#4458=CARTESIAN_POINT('',(10.5342704996532,-47.851007194045,87.5339497136401));
#4459=CARTESIAN_POINT('Origin',(10.5342704996532,-47.851007194045,83.6988349501852));
#4460=CARTESIAN_POINT('Origin',(-38.4642263580768,-38.201007194045,83.6947666625616));
#4461=CARTESIAN_POINT('',(-36.2974383530984,-38.201007194045,86.8591204655285));
#4462=CARTESIAN_POINT('',(-38.4642263580768,-38.201007194045,87.5298814260164));
#4463=CARTESIAN_POINT('Origin',(-38.4642263580768,-38.201007194045,83.6947666625616));
#4464=CARTESIAN_POINT('',(-35.4499586274748,-36.701007194045,88.0967707047549));
#4465=CARTESIAN_POINT('Origin',(-35.4499586274748,-38.201007194045,88.0967707047549));
#4466=CARTESIAN_POINT('',(-36.6031918234068,-36.701007194045,88.6947666625616));
#4467=CARTESIAN_POINT('Origin',(-38.4642263580768,-36.701007194045,83.6947666625616));
#4468=CARTESIAN_POINT('',(-40.3252608927467,-36.701007194045,88.6947666625616));
#4469=CARTESIAN_POINT('Ctrl Pts',(-36.6031918234068,-36.701007194045,88.6947666625616));
#4470=CARTESIAN_POINT('Ctrl Pts',(-36.6075602819283,-36.701007194045,88.6947666625616));
#4471=CARTESIAN_POINT('Ctrl Pts',(-36.6119287610543,-36.7010095161283,88.6947666625612));
#4472=CARTESIAN_POINT('Ctrl Pts',(-36.7399993871243,-36.7011444085005,88.6947666625638));
#4473=CARTESIAN_POINT('Ctrl Pts',(-36.8644383784142,-36.7031073452004,88.6947666625616));
#4474=CARTESIAN_POINT('Ctrl Pts',(-37.2628149688126,-36.7122911368048,88.6947666625616));
#4475=CARTESIAN_POINT('Ctrl Pts',(-37.5441223464353,-36.7232395407712,88.694766662561));
#4476=CARTESIAN_POINT('Ctrl Pts',(-38.0580543103655,-36.7359612727402,88.6947666625611));
#4477=CARTESIAN_POINT('Ctrl Pts',(-38.2554023120319,-36.7389202967251,88.6947666625616));
#4478=CARTESIAN_POINT('Ctrl Pts',(-38.6730504041216,-36.7389202967251,88.6947666625616));
#4479=CARTESIAN_POINT('Ctrl Pts',(-38.870398405788,-36.7359612727402,88.6947666625611));
#4480=CARTESIAN_POINT('Ctrl Pts',(-39.3843303697181,-36.7232395407712,88.694766662561));
#4481=CARTESIAN_POINT('Ctrl Pts',(-39.6656377473408,-36.7122911368048,88.6947666625616));
#4482=CARTESIAN_POINT('Ctrl Pts',(-40.0640143377392,-36.7031073452004,88.6947666625616));
#4483=CARTESIAN_POINT('Ctrl Pts',(-40.1884533290291,-36.7011444085005,88.6947666625638));
#4484=CARTESIAN_POINT('Ctrl Pts',(-40.3165239550992,-36.7010095161283,88.6947666625612));
#4485=CARTESIAN_POINT('Ctrl Pts',(-40.3208924342252,-36.701007194045,88.6947666625616));
#4486=CARTESIAN_POINT('Ctrl Pts',(-40.3252608927467,-36.701007194045,88.6947666625616));
#4487=CARTESIAN_POINT('',(-42.2142263580768,-36.701007194045,87.4896249654807));
#4488=CARTESIAN_POINT('Origin',(-38.4642263580768,-36.701007194045,83.6947666625616));
#4489=CARTESIAN_POINT('',(-42.6142263580768,-36.8609152773087,85.8171089993552));
#4490=CARTESIAN_POINT('Ctrl Pts',(-42.2142263580768,-36.701007194045,87.4896249654807));
#4491=CARTESIAN_POINT('Ctrl Pts',(-42.2347454703393,-36.701007194045,87.4077867193087));
#4492=CARTESIAN_POINT('Ctrl Pts',(-42.2553526495776,-36.7029114337757,87.326166395608));
#4493=CARTESIAN_POINT('Ctrl Pts',(-42.2759318052255,-36.7063333247311,87.2446786699756));
#4494=CARTESIAN_POINT('Ctrl Pts',(-42.296744463292,-36.7097940423432,87.1622663397903));
#4495=CARTESIAN_POINT('Ctrl Pts',(-42.317528485731,-36.7148071345381,87.0799896994274));
#4496=CARTESIAN_POINT('Ctrl Pts',(-42.3381791564994,-36.7210167888433,86.9977868646214));
#4497=CARTESIAN_POINT('Ctrl Pts',(-42.3591854369746,-36.7273333749461,86.9141684764754));
#4498=CARTESIAN_POINT('Ctrl Pts',(-42.3800537511576,-36.7348881462103,86.8306265103178));
#4499=CARTESIAN_POINT('Ctrl Pts',(-42.4006893730225,-36.7433509000295,86.7471221039054));
#4500=CARTESIAN_POINT('Ctrl Pts',(-42.4049924878703,-36.7451156252145,86.7297090570177));
#4501=CARTESIAN_POINT('Ctrl Pts',(-42.4092855365777,-36.7469199825327,86.7122977313453));
#4502=CARTESIAN_POINT('Ctrl Pts',(-42.4135677418853,-36.7487612109986,86.6948879115627));
#4503=CARTESIAN_POINT('Ctrl Pts',(-42.4170009064891,-36.7502373757181,86.6809299686937));
#4504=CARTESIAN_POINT('Ctrl Pts',(-42.4204272645874,-36.7517378272847,86.6669728059998));
#4505=CARTESIAN_POINT('Ctrl Pts',(-42.4238459716341,-36.7532610003524,86.6530164073316));
#4506=CARTESIAN_POINT('Ctrl Pts',(-42.4439269624698,-36.7622078986963,86.5710385396976));
#4507=CARTESIAN_POINT('Ctrl Pts',(-42.4637482977254,-36.7719357149079,86.4890726626028));
#4508=CARTESIAN_POINT('Ctrl Pts',(-42.4831712992545,-36.7821615776225,86.4070597901846));
#4509=CARTESIAN_POINT('Ctrl Pts',(-42.5031507777257,-36.7926804154886,86.3226972154101));
#4510=CARTESIAN_POINT('Ctrl Pts',(-42.5227089338935,-36.8037264707746,86.238285049292));
#4511=CARTESIAN_POINT('Ctrl Pts',(-42.5417232020316,-36.8150392790736,86.1537692734167));
#4512=CARTESIAN_POINT('Ctrl Pts',(-42.5615795506502,-36.8268530950884,86.0655105669881));
#4513=CARTESIAN_POINT('Ctrl Pts',(-42.5808428907727,-36.8389579570767,85.9771390047885));
#4514=CARTESIAN_POINT('Ctrl Pts',(-42.5994020274378,-36.8511055256694,85.8886019388325));
#4515=CARTESIAN_POINT('Ctrl Pts',(-42.6043949085484,-36.8543735314425,85.8647832099674));
#4516=CARTESIAN_POINT('Ctrl Pts',(-42.6093369699664,-36.8576448808435,85.8409525440706));
#4517=CARTESIAN_POINT('Ctrl Pts',(-42.6142263580768,-36.8609152773087,85.8171089993552));
#4518=CARTESIAN_POINT('',(-41.8787349364478,-38.201007194045,85.4409729553861));
#4519=CARTESIAN_POINT('Origin',(-43.2142263580768,-38.201007194045,86.1239536745543));
#4520=CARTESIAN_POINT('Origin',(-38.4642263580768,-38.201007194045,83.6947666625616));
#4521=CARTESIAN_POINT('Origin',(-38.4642263580768,-47.851007194045,83.6947666625616));
#4522=CARTESIAN_POINT('',(-38.4642263580768,-47.851007194045,85.1947666625616));
#4523=CARTESIAN_POINT('Origin',(-38.4642263580768,-47.851007194045,83.6947666625616));
#4524=CARTESIAN_POINT('',(-38.4642263580768,-36.701007194045,85.1947666625616));
#4525=CARTESIAN_POINT('',(-38.4642263580768,-47.851007194045,85.1947666625616));
#4526=CARTESIAN_POINT('Origin',(-38.4642263580768,-36.701007194045,83.6947666625616));
#4527=CARTESIAN_POINT('Origin',(-38.4642263580768,-47.851007194045,83.6947666625616));
#4528=CARTESIAN_POINT('',(-38.5656012122029,-38.201007194045,79.860991970718));
#4529=CARTESIAN_POINT('',(-34.8069152415326,-38.201007194045,82.5405653605037));
#4530=CARTESIAN_POINT('Origin',(-38.4642263580768,-38.201007194045,83.6947666625616));
#4531=CARTESIAN_POINT('Ctrl Pts',(-34.8069152415326,-38.201007194045,82.5405653605037));
#4532=CARTESIAN_POINT('Ctrl Pts',(-34.7940155155144,-38.201007187549,82.5814406491406));
#4533=CARTESIAN_POINT('Ctrl Pts',(-34.7819370928852,-38.1987849585296,82.6221328569035));
#4534=CARTESIAN_POINT('Ctrl Pts',(-34.770622252798,-38.1946253540744,82.6626650263964));
#4535=CARTESIAN_POINT('Ctrl Pts',(-34.7587142360721,-38.1902476837721,82.7053220810732));
#4536=CARTESIAN_POINT('Ctrl Pts',(-34.7476517813889,-38.1837240265494,82.7478021414364));
#4537=CARTESIAN_POINT('Ctrl Pts',(-34.7373807480324,-38.175329616053,82.7901433122072));
#4538=CARTESIAN_POINT('Ctrl Pts',(-34.7295552012735,-38.1689338767371,82.8224032416801));
#4539=CARTESIAN_POINT('Ctrl Pts',(-34.7221893460926,-38.1614509128514,82.8545828159235));
#4540=CARTESIAN_POINT('Ctrl Pts',(-34.7152648093352,-38.152983283385,82.8867014348587));
#4541=CARTESIAN_POINT('Ctrl Pts',(-34.7060468285658,-38.1417111292585,82.9294579140369));
#4542=CARTESIAN_POINT('Ctrl Pts',(-34.6976031011214,-38.1286601115763,82.9721549166216));
#4543=CARTESIAN_POINT('Ctrl Pts',(-34.6899489481058,-38.1141031517737,83.0145656462478));
#4544=CARTESIAN_POINT('Ctrl Pts',(-34.6816157047297,-38.0982546720524,83.0607391328522));
#4545=CARTESIAN_POINT('Ctrl Pts',(-34.6742187400369,-38.0806219626159,83.1065726414866));
#4546=CARTESIAN_POINT('Ctrl Pts',(-34.6677473990571,-38.0616106552403,83.1517791351222));
#4547=CARTESIAN_POINT('Ctrl Pts',(-34.6661227816349,-38.0568379039239,83.1631281364163));
#4548=CARTESIAN_POINT('Ctrl Pts',(-34.6645563476846,-38.0519784713591,83.1744376748238));
#4549=CARTESIAN_POINT('Ctrl Pts',(-34.6630476219811,-38.0470391336332,83.1857033381139));
#4550=CARTESIAN_POINT('Ctrl Pts',(-34.6613257234525,-38.0414019006075,83.1985607640847));
#4551=CARTESIAN_POINT('Ctrl Pts',(-34.6596782695055,-38.0356679753843,83.2113479475239));
#4552=CARTESIAN_POINT('Ctrl Pts',(-34.6581037497141,-38.0298443546607,83.224061361299));
#4553=CARTESIAN_POINT('Ctrl Pts',(-34.6508592221743,-38.0030492766035,83.2825570859775));
#4554=CARTESIAN_POINT('Ctrl Pts',(-34.6451041149461,-37.9742348153214,83.3399155730619));
#4555=CARTESIAN_POINT('Ctrl Pts',(-34.6406868427631,-37.9437413210643,83.3963234634219));
#4556=CARTESIAN_POINT('Ctrl Pts',(-34.6360962803384,-37.9120515625138,83.4549442436703));
#4557=CARTESIAN_POINT('Ctrl Pts',(-34.6329506625174,-37.8785480851776,83.5125381763145));
#4558=CARTESIAN_POINT('Ctrl Pts',(-34.6311040447859,-37.8435628779156,83.5692980405371));
#4559=CARTESIAN_POINT('Ctrl Pts',(-34.6291356146986,-37.8062698673433,83.6298020758766));
#4560=CARTESIAN_POINT('Ctrl Pts',(-34.6286431997544,-37.7672928950157,83.6893581969769));
#4561=CARTESIAN_POINT('Ctrl Pts',(-34.6294765647352,-37.7269833122396,83.7481842427054));
#4562=CARTESIAN_POINT('Ctrl Pts',(-34.6297317644066,-37.7146393902868,83.7661984236334));
#4563=CARTESIAN_POINT('Ctrl Pts',(-34.6301114683656,-37.7021701809377,83.7841440471219));
#4564=CARTESIAN_POINT('Ctrl Pts',(-34.6306118184359,-37.6895849817155,83.8020271416711));
#4565=CARTESIAN_POINT('Ctrl Pts',(-34.6309656019958,-37.6806863388488,83.8146717783536));
#4566=CARTESIAN_POINT('Ctrl Pts',(-34.6313808810622,-37.6717276727464,83.8272821466932));
#4567=CARTESIAN_POINT('Ctrl Pts',(-34.6318567982889,-37.6627118534549,83.8398590821819));
#4568=CARTESIAN_POINT('Ctrl Pts',(-34.6342879966716,-37.6166550098523,83.9041077025313));
#4569=CARTESIAN_POINT('Ctrl Pts',(-34.6382974722204,-37.569147775581,83.9674216450275));
#4570=CARTESIAN_POINT('Ctrl Pts',(-34.6437746066523,-37.5206058013798,84.0298768374733));
#4571=CARTESIAN_POINT('Ctrl Pts',(-34.649702709393,-37.4680670488852,84.0974743744897));
#4572=CARTESIAN_POINT('Ctrl Pts',(-34.6573500311257,-37.4143158047306,84.1640663024124));
#4573=CARTESIAN_POINT('Ctrl Pts',(-34.666603518742,-37.3598216721293,84.2297390646206));
#4574=CARTESIAN_POINT('Ctrl Pts',(-34.6739208997992,-37.3167293430353,84.28167111944));
#4575=CARTESIAN_POINT('Ctrl Pts',(-34.6822432583435,-37.2731711045447,84.3330282194742));
#4576=CARTESIAN_POINT('Ctrl Pts',(-34.6915253064249,-37.2293598863203,84.3838472283564));
#4577=CARTESIAN_POINT('Ctrl Pts',(-34.69263902116,-37.2241031586162,84.3899447920106));
#4578=CARTESIAN_POINT('Ctrl Pts',(-34.6937666065378,-37.2188404828675,84.3960354959187));
#4579=CARTESIAN_POINT('Ctrl Pts',(-34.6949081359798,-37.2135725690889,84.402119756968));
#4580=CARTESIAN_POINT('Ctrl Pts',(-34.7035437923649,-37.1737208652401,84.4481471180193));
#4581=CARTESIAN_POINT('Ctrl Pts',(-34.7129689862436,-37.1335447124774,84.493767528167));
#4582=CARTESIAN_POINT('Ctrl Pts',(-34.7232315368292,-37.0933650021797,84.5392268068397));
#4583=CARTESIAN_POINT('Ctrl Pts',(-34.7325676002996,-37.0568126536739,84.5805820924941));
#4584=CARTESIAN_POINT('Ctrl Pts',(-34.7425969606716,-37.02025620995,84.621803615477));
#4585=CARTESIAN_POINT('Ctrl Pts',(-34.7533611028394,-36.9839064620768,84.6630560348798));
#4586=CARTESIAN_POINT('Ctrl Pts',(-34.7539222089714,-36.9820116462976,84.6652064138999));
#4587=CARTESIAN_POINT('Ctrl Pts',(-34.7544852737544,-36.9801166442483,84.6673567724833));
#4588=CARTESIAN_POINT('Ctrl Pts',(-34.7550503381719,-36.9782217837977,84.6695072233725));
#4589=CARTESIAN_POINT('Ctrl Pts',(-34.762760204609,-36.9523678801738,84.6988484606232));
#4590=CARTESIAN_POINT('Ctrl Pts',(-34.770833223855,-36.9265092927176,84.7281789460146));
#4591=CARTESIAN_POINT('Ctrl Pts',(-34.7794303350965,-36.9014024349508,84.7579690848639));
#4592=CARTESIAN_POINT('Ctrl Pts',(-34.7836912089631,-36.8889590512227,84.772733581977));
#4593=CARTESIAN_POINT('Ctrl Pts',(-34.7880811007529,-36.8767004611199,84.787610813397));
#4594=CARTESIAN_POINT('Ctrl Pts',(-34.7926216033098,-36.8647240773188,84.8026582519624));
#4595=CARTESIAN_POINT('Ctrl Pts',(-34.7927754510961,-36.8643182763941,84.8031681107466));
#4596=CARTESIAN_POINT('Ctrl Pts',(-34.7929294619045,-36.8639127572215,84.80367813669));
#4597=CARTESIAN_POINT('Ctrl Pts',(-34.7930836395681,-36.863507547759,84.8041883402077));
#4598=CARTESIAN_POINT('Ctrl Pts',(-34.7962635200476,-36.8551501915104,84.8147111758053));
#4599=CARTESIAN_POINT('Ctrl Pts',(-34.7995114535063,-36.8469220612508,84.8253011428162));
#4600=CARTESIAN_POINT('Ctrl Pts',(-34.8028954731134,-36.8390079163744,84.8361566659449));
#4601=CARTESIAN_POINT('Ctrl Pts',(-34.8056634560093,-36.8325344853081,84.8450360182641));
#4602=CARTESIAN_POINT('Ctrl Pts',(-34.8085224742468,-36.8262705422693,84.8540928246456));
#4603=CARTESIAN_POINT('Ctrl Pts',(-34.8115158512548,-36.8203529063039,84.8634470731241));
#4604=CARTESIAN_POINT('Ctrl Pts',(-34.8127187330686,-36.8179749176091,84.8672060568229));
#4605=CARTESIAN_POINT('Ctrl Pts',(-34.8139433899584,-36.8156533470034,84.8710132323445));
#4606=CARTESIAN_POINT('Ctrl Pts',(-34.8151929955378,-36.8133994307483,84.8748771522818));
#4607=CARTESIAN_POINT('Ctrl Pts',(-34.8153323881781,-36.8131480079449,84.8753081698853));
#4608=CARTESIAN_POINT('Ctrl Pts',(-34.8154721298535,-36.8128976303171,84.875739997065));
#4609=CARTESIAN_POINT('Ctrl Pts',(-34.8156122216294,-36.8126483426598,84.8761726349177));
#4610=CARTESIAN_POINT('Ctrl Pts',(-34.8195659708859,-36.80561280554,84.8883827848541));
#4611=CARTESIAN_POINT('Ctrl Pts',(-34.8237396770068,-36.7995466425027,84.9010564319353));
#4612=CARTESIAN_POINT('Ctrl Pts',(-34.8280831580812,-36.7954946899087,84.9140101022216));
#4613=CARTESIAN_POINT('Ctrl Pts',(-34.8323294258847,-36.7915334257645,84.9266738509826));
#4614=CARTESIAN_POINT('Ctrl Pts',(-34.836737765237,-36.789501106625,84.9396045919254));
#4615=CARTESIAN_POINT('Ctrl Pts',(-34.8412552691309,-36.7903948054108,84.9526163108733));
#4616=CARTESIAN_POINT('Ctrl Pts',(-34.8418665199959,-36.7905157293035,84.9543768903104));
#4617=CARTESIAN_POINT('Ctrl Pts',(-34.8424777593258,-36.7906857414332,84.9561332742754));
#4618=CARTESIAN_POINT('Ctrl Pts',(-34.8430889042572,-36.790902446335,84.9578852862356));
#4619=CARTESIAN_POINT('Ctrl Pts',(-34.8474928779095,-36.7924640442942,84.9705104658213));
#4620=CARTESIAN_POINT('Ctrl Pts',(-34.8518414674325,-36.7964327798701,84.9827634244969));
#4621=CARTESIAN_POINT('Ctrl Pts',(-34.8560921213855,-36.8017491641744,84.9945629993831));
#4622=CARTESIAN_POINT('Ctrl Pts',(-34.8594122235259,-36.8059016873162,85.0037794150847));
#4623=CARTESIAN_POINT('Ctrl Pts',(-34.8626726092176,-36.8108753063643,85.0127194937126));
#4624=CARTESIAN_POINT('Ctrl Pts',(-34.8658548292082,-36.8162017427225,85.0213514995905));
#4625=CARTESIAN_POINT('Ctrl Pts',(-34.8667467356785,-36.8176946260131,85.023770861519));
#4626=CARTESIAN_POINT('Ctrl Pts',(-34.8676325134373,-36.8192155249674,85.0261660613692));
#4627=CARTESIAN_POINT('Ctrl Pts',(-34.8685117849638,-36.8207549090561,85.0285364923959));
#4628=CARTESIAN_POINT('Ctrl Pts',(-34.8693691029435,-36.822255857986,85.0308477387829));
#4629=CARTESIAN_POINT('Ctrl Pts',(-34.8702212313349,-36.8237753559618,85.0331383051242));
#4630=CARTESIAN_POINT('Ctrl Pts',(-34.8710681723143,-36.8253104555675,85.0354084651602));
#4631=CARTESIAN_POINT('Ctrl Pts',(-34.8772593037903,-36.8365320208455,85.0520033160358));
#4632=CARTESIAN_POINT('Ctrl Pts',(-34.8833773979923,-36.8489245850166,85.0680540142064));
#4633=CARTESIAN_POINT('Ctrl Pts',(-34.8894740386253,-36.8616996537827,85.0837427326542));
#4634=CARTESIAN_POINT('Ctrl Pts',(-34.8913522709186,-36.865635353482,85.0885760596293));
#4635=CARTESIAN_POINT('Ctrl Pts',(-34.8932283839997,-36.8696076277507,85.0933748922239));
#4636=CARTESIAN_POINT('Ctrl Pts',(-34.8951036250485,-36.8735944964431,85.0981440764651));
#4637=CARTESIAN_POINT('Ctrl Pts',(-34.8957761721845,-36.8750243697505,85.0998545238789));
#4638=CARTESIAN_POINT('Ctrl Pts',(-34.8964485759906,-36.8764565989714,85.101561040726));
#4639=CARTESIAN_POINT('Ctrl Pts',(-34.8971207962792,-36.8778909451442,85.1032635589856));
#4640=CARTESIAN_POINT('Ctrl Pts',(-34.9071403968089,-36.8992702101195,85.1286399916011));
#4641=CARTESIAN_POINT('Ctrl Pts',(-34.9172462431651,-36.9213480657513,85.1534519369217));
#4642=CARTESIAN_POINT('Ctrl Pts',(-34.9275207947528,-36.943703382203,85.1779504546229));
#4643=CARTESIAN_POINT('Ctrl Pts',(-34.9349465006073,-36.9598601947741,85.1956562186914));
#4644=CARTESIAN_POINT('Ctrl Pts',(-34.942460319645,-36.9761634717894,85.2131976868805));
#4645=CARTESIAN_POINT('Ctrl Pts',(-34.9500944920355,-36.9924652100907,85.2306646014631));
#4646=CARTESIAN_POINT('Ctrl Pts',(-34.950144341513,-36.9925716568797,85.2307786565985));
#4647=CARTESIAN_POINT('Ctrl Pts',(-34.9501941960052,-36.9926781033831,85.2308927082667));
#4648=CARTESIAN_POINT('Ctrl Pts',(-34.9502440555175,-36.9927845495519,85.2310067564838));
#4649=CARTESIAN_POINT('Ctrl Pts',(-34.9767023719644,-37.0492709909506,85.291527280668));
#4650=CARTESIAN_POINT('Ctrl Pts',(-35.004528279672,-37.1061197935549,85.3509649597117));
#4651=CARTESIAN_POINT('Ctrl Pts',(-35.0339774354008,-37.1626215614023,85.4098560591942));
#4652=CARTESIAN_POINT('Ctrl Pts',(-35.0449892779663,-37.1837491135107,85.431877047571));
#4653=CARTESIAN_POINT('Ctrl Pts',(-35.0562285157705,-37.2048279984375,85.4538214809396));
#4654=CARTESIAN_POINT('Ctrl Pts',(-35.0677101819528,-37.2258199890051,85.4757171275799));
#4655=CARTESIAN_POINT('Ctrl Pts',(-35.0697309315557,-37.2295145361144,85.479570716297));
#4656=CARTESIAN_POINT('Ctrl Pts',(-35.0717591011141,-37.2332063453912,85.4834226186236));
#4657=CARTESIAN_POINT('Ctrl Pts',(-35.0737947576369,-37.2368951868305,85.4872729561475));
#4658=CARTESIAN_POINT('Ctrl Pts',(-35.1053946923531,-37.2941578671267,85.547042574954));
#4659=CARTESIAN_POINT('Ctrl Pts',(-35.1388522408524,-37.3509556438406,85.6065181819939));
#4660=CARTESIAN_POINT('Ctrl Pts',(-35.1743103043246,-37.406815138227,85.665709832422));
#4661=CARTESIAN_POINT('Ctrl Pts',(-35.2068099668081,-37.4580140627106,85.7199628985053));
#4662=CARTESIAN_POINT('Ctrl Pts',(-35.2409904565212,-37.5084251486071,85.7739775637352));
#4663=CARTESIAN_POINT('Ctrl Pts',(-35.2769837882577,-37.5576476451985,85.8277562929309));
#4664=CARTESIAN_POINT('Ctrl Pts',(-35.3049629763416,-37.5959104406566,85.8695608468992));
#4665=CARTESIAN_POINT('Ctrl Pts',(-35.3340380133511,-37.6334544519646,85.9112227730407));
#4666=CARTESIAN_POINT('Ctrl Pts',(-35.364280231084,-37.6700718205868,85.9527397947644));
#4667=CARTESIAN_POINT('Ctrl Pts',(-35.3708083837122,-37.677976127517,85.9617017517503));
#4668=CARTESIAN_POINT('Ctrl Pts',(-35.3773900115117,-37.6858360828845,85.9706556504411));
#4669=CARTESIAN_POINT('Ctrl Pts',(-35.3840259778648,-37.6936497828817,85.9796016383589));
#4670=CARTESIAN_POINT('Ctrl Pts',(-35.4181927010012,-37.7338803250917,86.0256620124031));
#4671=CARTESIAN_POINT('Ctrl Pts',(-35.4537437452425,-37.7729326499872,86.0714827162372));
#4672=CARTESIAN_POINT('Ctrl Pts',(-35.4909195211073,-37.8104821201133,86.1171431208137));
#4673=CARTESIAN_POINT('Ctrl Pts',(-35.5264252336216,-37.846344739261,86.160752303419));
#4674=CARTESIAN_POINT('Ctrl Pts',(-35.5634128194772,-37.8808369007445,86.2042151476311));
#4675=CARTESIAN_POINT('Ctrl Pts',(-35.6021162102898,-37.9136363781108,86.247597209239));
#4676=CARTESIAN_POINT('Ctrl Pts',(-35.6386504769806,-37.944597615053,86.2885479315168));
#4677=CARTESIAN_POINT('Ctrl Pts',(-35.6767135284009,-37.9740507828158,86.3294265739055));
#4678=CARTESIAN_POINT('Ctrl Pts',(-35.7165260950323,-38.0016848789048,86.3702865186223));
#4679=CARTESIAN_POINT('Ctrl Pts',(-35.732007225598,-38.0124304069081,86.3861749225257));
#4680=CARTESIAN_POINT('Ctrl Pts',(-35.7477531649023,-38.0229004219437,86.4020604872859));
#4681=CARTESIAN_POINT('Ctrl Pts',(-35.763778002781,-38.0330747656403,86.4179463227093));
#4682=CARTESIAN_POINT('Ctrl Pts',(-35.7720519248794,-38.0383279686857,86.4261484752524));
#4683=CARTESIAN_POINT('Ctrl Pts',(-35.7803968942371,-38.0434957818585,86.434347411808));
#4684=CARTESIAN_POINT('Ctrl Pts',(-35.7888142315267,-38.0485757706387,86.4425430737249));
#4685=CARTESIAN_POINT('Ctrl Pts',(-35.8374762942812,-38.0779440523541,86.489923593335));
#4686=CARTESIAN_POINT('Ctrl Pts',(-35.8880764332571,-38.1041199186095,86.5366884917408));
#4687=CARTESIAN_POINT('Ctrl Pts',(-35.9407165177447,-38.1261929749241,86.5826937291821));
#4688=CARTESIAN_POINT('Ctrl Pts',(-35.9645250953054,-38.136176394943,86.6035014325602));
#4689=CARTESIAN_POINT('Ctrl Pts',(-35.9887512113047,-38.1453200469266,86.6241538672595));
#4690=CARTESIAN_POINT('Ctrl Pts',(-36.0134064749339,-38.1535368359752,86.644638898857));
#4691=CARTESIAN_POINT('Ctrl Pts',(-36.0471337306902,-38.1647770218401,86.6726614708423));
#4692=CARTESIAN_POINT('Ctrl Pts',(-36.0818406370595,-38.1743658691083,86.7005148890147));
#4693=CARTESIAN_POINT('Ctrl Pts',(-36.117422443621,-38.1819089187382,86.7280398724336));
#4694=CARTESIAN_POINT('Ctrl Pts',(-36.1492730292409,-38.1886609802912,86.7526784989057));
#4695=CARTESIAN_POINT('Ctrl Pts',(-36.1818246017737,-38.1937733743859,86.7770540778315));
#4696=CARTESIAN_POINT('Ctrl Pts',(-36.214981116171,-38.1969975070366,86.8010578234626));
#4697=CARTESIAN_POINT('Ctrl Pts',(-36.2420844666,-38.1996330312662,86.8206793651497));
#4698=CARTESIAN_POINT('Ctrl Pts',(-36.2695917592327,-38.2010071912722,86.8400525390814));
#4699=CARTESIAN_POINT('Ctrl Pts',(-36.2974383530984,-38.201007194045,86.8591204655285));
#4700=CARTESIAN_POINT('',(-38.4642263580768,-47.851007194045,87.5298814260164));
#4701=CARTESIAN_POINT('',(-38.4642263580768,-47.851007194045,87.5298814260164));
#4702=CARTESIAN_POINT('Origin',(-38.4642263580768,-47.851007194045,83.6947666625616));
#4703=CARTESIAN_POINT('',(-42.2698819914118,-38.0988336252486,83.2203296811458));
#4704=CARTESIAN_POINT('Ctrl Pts',(-41.8787349364478,-38.201007194045,85.4409729553861));
#4705=CARTESIAN_POINT('Ctrl Pts',(-41.9665353414911,-38.201007194045,85.2692892102085));
#4706=CARTESIAN_POINT('Ctrl Pts',(-42.0402194797646,-38.1865760613968,85.0935382114382));
#4707=CARTESIAN_POINT('Ctrl Pts',(-42.1610839762897,-38.1512148843689,84.7328092450054));
#4708=CARTESIAN_POINT('Ctrl Pts',(-42.2083979625813,-38.1300114079564,84.5464990821072));
#4709=CARTESIAN_POINT('Ctrl Pts',(-42.2742918287981,-38.0972784907949,84.171914676599));
#4710=CARTESIAN_POINT('Ctrl Pts',(-42.2931829904337,-38.0857984544115,83.9833724342705));
#4711=CARTESIAN_POINT('Ctrl Pts',(-42.302959899525,-38.0800571316247,83.6035143656351));
#4712=CARTESIAN_POINT('Ctrl Pts',(-42.2936676716226,-38.0859531112153,83.4111244788386));
#4713=CARTESIAN_POINT('Ctrl Pts',(-42.2698819914118,-38.0988336252486,83.2203296811458));
#4714=CARTESIAN_POINT('',(-39.7811543207163,-38.1210365026037,80.0928496743333));
#4715=CARTESIAN_POINT('Ctrl Pts',(-42.2698819914118,-38.0988336252486,83.2203296811458));
#4716=CARTESIAN_POINT('Ctrl Pts',(-42.2262326343345,-38.1224707948142,82.8702000998541));
#4717=CARTESIAN_POINT('Ctrl Pts',(-42.1350582223278,-38.1371400069622,82.5307110028638));
#4718=CARTESIAN_POINT('Ctrl Pts',(-41.9321172181411,-38.1516844045928,82.0478544129401));
#4719=CARTESIAN_POINT('Ctrl Pts',(-41.8525476398412,-38.1552847133305,81.8896842809793));
#4720=CARTESIAN_POINT('Ctrl Pts',(-41.6730948459467,-38.1603826682653,81.5871123881817));
#4721=CARTESIAN_POINT('Ctrl Pts',(-41.4745926766847,-38.1633948507307,81.2996382730747));
#4722=CARTESIAN_POINT('Ctrl Pts',(-41.2390225714275,-38.1629395060839,81.0415457273425));
#4723=CARTESIAN_POINT('Ctrl Pts',(-40.9843747118318,-38.1606501835977,80.7985747435451));
#4724=CARTESIAN_POINT('Ctrl Pts',(-40.8482085323963,-38.1585795747192,80.6855787439738));
#4725=CARTESIAN_POINT('Ctrl Pts',(-40.4233243837521,-38.1492144820231,80.379355537742));
#4726=CARTESIAN_POINT('Ctrl Pts',(-40.1128521033329,-38.1388534284466,80.2141245639271));
#4727=CARTESIAN_POINT('Ctrl Pts',(-39.7811543207163,-38.1210365026037,80.0928496743333));
#4728=CARTESIAN_POINT('Ctrl Pts',(-39.7811543207163,-38.1210365026037,80.0928496743333));
#4729=CARTESIAN_POINT('Ctrl Pts',(-39.6956475761836,-38.1164435586462,80.0615868153509));
#4730=CARTESIAN_POINT('Ctrl Pts',(-39.6091868569041,-38.1163056358834,80.0334413310325));
#4731=CARTESIAN_POINT('Ctrl Pts',(-39.5221454156108,-38.1195425929575,80.0084633349416));
#4732=CARTESIAN_POINT('Ctrl Pts',(-39.4251177834341,-38.1231509233769,79.9806196345018));
#4733=CARTESIAN_POINT('Ctrl Pts',(-39.3273690689072,-38.1309509838761,79.9567127357703));
#4734=CARTESIAN_POINT('Ctrl Pts',(-39.2294232512332,-38.1414053279441,79.9367656338719));
#4735=CARTESIAN_POINT('Ctrl Pts',(-39.2133324766579,-38.1431227927397,79.9334886759813));
#4736=CARTESIAN_POINT('Ctrl Pts',(-39.1972363845739,-38.1449118552737,79.9303184805093));
#4737=CARTESIAN_POINT('Ctrl Pts',(-39.1811372958072,-38.1467656737332,79.9272550227346));
#4738=CARTESIAN_POINT('Ctrl Pts',(-39.1811362870435,-38.1467657898929,79.9272548307793));
#4739=CARTESIAN_POINT('Ctrl Pts',(-39.1811352782798,-38.1467659060527,79.9272546388245));
#4740=CARTESIAN_POINT('Ctrl Pts',(-39.1811342695161,-38.1467660222127,79.92725444687));
#4741=CARTESIAN_POINT('Ctrl Pts',(-39.0931652152071,-38.1568957364702,79.9105150946514));
#4742=CARTESIAN_POINT('Ctrl Pts',(-39.0047920141451,-38.1684606575037,79.8968536109283));
#4743=CARTESIAN_POINT('Ctrl Pts',(-38.9157586547167,-38.178313482589,79.8862926794858));
#4744=CARTESIAN_POINT('Ctrl Pts',(-38.8473436415558,-38.1858845903425,79.8781774486525));
#4745=CARTESIAN_POINT('Ctrl Pts',(-38.7785387523441,-38.192446167329,79.8718937839916));
#4746=CARTESIAN_POINT('Ctrl Pts',(-38.7092243939681,-38.1965425963086,79.8674683414106));
#4747=CARTESIAN_POINT('Ctrl Pts',(-38.6616038227565,-38.1993569379905,79.8644279597565));
#4748=CARTESIAN_POINT('Ctrl Pts',(-38.6137427182009,-38.2010071851161,79.8622649558411));
#4749=CARTESIAN_POINT('Ctrl Pts',(-38.565601212203,-38.201007194045,79.860991970718));
#4750=CARTESIAN_POINT('Origin',(-38.4642263580768,-47.851007194045,93.6947666625616));
#4751=CARTESIAN_POINT('',(-38.4642263580768,-47.851007194045,95.1947666625616));
#4752=CARTESIAN_POINT('Origin',(-38.4642263580768,-47.851007194045,93.6947666625616));
#4753=CARTESIAN_POINT('',(-38.4642263580768,-36.701007194045,95.1947666625616));
#4754=CARTESIAN_POINT('',(-38.4642263580768,-47.851007194045,95.1947666625616));
#4755=CARTESIAN_POINT('Origin',(-38.4642263580768,-36.701007194045,93.6947666625616));
#4756=CARTESIAN_POINT('Origin',(-38.4642263580768,-47.851007194045,93.6947666625616));
#4757=CARTESIAN_POINT('',(-41.8787349364478,-38.201007194045,91.948560369737));
#4758=CARTESIAN_POINT('',(-36.2977540838626,-38.201007194045,90.5301966864146));
#4759=CARTESIAN_POINT('Origin',(-38.4642263580768,-38.201007194045,93.6947666625616));
#4760=CARTESIAN_POINT('',(-34.8383389614273,-36.701007194045,92.4453484636833));
#4761=CARTESIAN_POINT('Ctrl Pts',(-36.2977540838626,-38.201007194045,90.5301966864146));
#4762=CARTESIAN_POINT('Ctrl Pts',(-36.2626118087243,-38.2010071875862,90.5542551731328));
#4763=CARTESIAN_POINT('Ctrl Pts',(-36.2282204496802,-38.1988100903307,90.5786721199817));
#4764=CARTESIAN_POINT('Ctrl Pts',(-36.1945209677996,-38.194696326033,90.6034294020008));
#4765=CARTESIAN_POINT('Ctrl Pts',(-36.1590025992005,-38.190360526534,90.629522926862));
#4766=CARTESIAN_POINT('Ctrl Pts',(-36.1242525110843,-38.1838954242718,90.6559946122177));
#4767=CARTESIAN_POINT('Ctrl Pts',(-36.0902052611971,-38.1755721503329,90.682840242167));
#4768=CARTESIAN_POINT('Ctrl Pts',(-36.0624014745754,-38.1687751686865,90.7047630162327));
#4769=CARTESIAN_POINT('Ctrl Pts',(-36.0350664095915,-38.1607377790193,90.7269355457189));
#4770=CARTESIAN_POINT('Ctrl Pts',(-36.0081681213605,-38.1515832556858,90.7493624204878));
#4771=CARTESIAN_POINT('Ctrl Pts',(-35.9741156251618,-38.1399938798735,90.7777542297085));
#4772=CARTESIAN_POINT('Ctrl Pts',(-35.9407367857473,-38.1265824347339,90.8065792514862));
#4773=CARTESIAN_POINT('Ctrl Pts',(-35.9081865236304,-38.1116349779272,90.8356628130158));
#4774=CARTESIAN_POINT('Ctrl Pts',(-35.8727335256419,-38.0953545512383,90.8673399603366));
#4775=CARTESIAN_POINT('Ctrl Pts',(-35.8382642171501,-38.0772527862896,90.899323501245));
#4776=CARTESIAN_POINT('Ctrl Pts',(-35.8049502092697,-38.0577520859831,90.9313740160655));
#4777=CARTESIAN_POINT('Ctrl Pts',(-35.7972815951851,-38.0532631831298,90.9387517843081));
#4778=CARTESIAN_POINT('Ctrl Pts',(-35.7896740609148,-38.048700321907,90.9461330612157));
#4779=CARTESIAN_POINT('Ctrl Pts',(-35.7821294457359,-38.0440689175453,90.9535148672325));
#4780=CARTESIAN_POINT('Ctrl Pts',(-35.7720474056811,-38.0378798670532,90.9633793417185));
#4781=CARTESIAN_POINT('Ctrl Pts',(-35.762085379139,-38.0315768267832,90.9732330115637));
#4782=CARTESIAN_POINT('Ctrl Pts',(-35.7522444892722,-38.0251686466181,90.9830712637555));
#4783=CARTESIAN_POINT('Ctrl Pts',(-35.7105039428222,-37.9979880821102,91.0248006223965));
#4784=CARTESIAN_POINT('Ctrl Pts',(-35.6706401825104,-37.9687947435696,91.0665521135145));
#4785=CARTESIAN_POINT('Ctrl Pts',(-35.6324181809169,-37.9379224920992,91.1083797037694));
#4786=CARTESIAN_POINT('Ctrl Pts',(-35.5926683585969,-37.9058162062062,91.1518792383669));
#4787=CARTESIAN_POINT('Ctrl Pts',(-35.5546943725699,-37.8718937374806,91.1954609561097));
#4788=CARTESIAN_POINT('Ctrl Pts',(-35.5182617054262,-37.8364807411652,91.2391873734914));
#4789=CARTESIAN_POINT('Ctrl Pts',(-35.4793843351417,-37.7986914636136,91.2858479189041));
#4790=CARTESIAN_POINT('Ctrl Pts',(-35.4422621802994,-37.7592046079219,91.3326730694155));
#4791=CARTESIAN_POINT('Ctrl Pts',(-35.4066412659373,-37.7183652502931,91.3797431125849));
#4792=CARTESIAN_POINT('Ctrl Pts',(-35.3956701243431,-37.7057868428271,91.3942405537007));
#4793=CARTESIAN_POINT('Ctrl Pts',(-35.3848415969223,-37.6930798110459,91.4087612650849));
#4794=CARTESIAN_POINT('Ctrl Pts',(-35.3741487772055,-37.6802534352943,91.4233077055543));
#4795=CARTESIAN_POINT('Ctrl Pts',(-35.3656057533733,-37.6700058077621,91.4349295780719));
#4796=CARTESIAN_POINT('Ctrl Pts',(-35.3571538457581,-37.6596814894421,91.4465647904095));
#4797=CARTESIAN_POINT('Ctrl Pts',(-35.3487913220872,-37.6492842554511,91.4582133451998));
#4798=CARTESIAN_POINT('Ctrl Pts',(-35.3090745236833,-37.5999038455858,91.5135367524041));
#4799=CARTESIAN_POINT('Ctrl Pts',(-35.2714208854179,-37.5489636781473,91.5690921561535));
#4800=CARTESIAN_POINT('Ctrl Pts',(-35.2356815367144,-37.4968961558807,91.6248359422741));
#4801=CARTESIAN_POINT('Ctrl Pts',(-35.1967561146037,-37.4401869444371,91.6855491472851));
#4802=CARTESIAN_POINT('Ctrl Pts',(-35.160101254192,-37.3821399383554,91.7464858458532));
#4803=CARTESIAN_POINT('Ctrl Pts',(-35.1255542844734,-37.3232588747175,91.8076054532159));
#4804=CARTESIAN_POINT('Ctrl Pts',(-35.1039196123266,-37.2863852352105,91.8458809569086));
#4805=CARTESIAN_POINT('Ctrl Pts',(-35.0831122065731,-37.2491834313558,91.8842285067544));
#4806=CARTESIAN_POINT('Ctrl Pts',(-35.0630978898642,-37.2117692526191,91.9226407100348));
#4807=CARTESIAN_POINT('Ctrl Pts',(-35.0592420792672,-37.2045613129752,91.9300409217241));
#4808=CARTESIAN_POINT('Ctrl Pts',(-35.0554141349141,-37.1973430175551,91.9374457826007));
#4809=CARTESIAN_POINT('Ctrl Pts',(-35.051613802353,-37.1901146702445,91.9448556295183));
#4810=CARTESIAN_POINT('Ctrl Pts',(-34.9963224793514,-37.0849489039626,92.0526620471721));
#4811=CARTESIAN_POINT('Ctrl Pts',(-34.9468221166079,-36.9775690035447,92.1616330175914));
#4812=CARTESIAN_POINT('Ctrl Pts',(-34.9026906069833,-36.8694678665156,92.2721689955668));
#4813=CARTESIAN_POINT('Ctrl Pts',(-34.8798180614467,-36.8134410457637,92.3294577493659));
#4814=CARTESIAN_POINT('Ctrl Pts',(-34.8583874590177,-36.7572198434747,92.3871665076337));
#4815=CARTESIAN_POINT('Ctrl Pts',(-34.8383389614273,-36.701007194045,92.4453484636833));
#4816=CARTESIAN_POINT('',(-34.8081904073229,-38.201007194045,94.85300082527));
#4817=CARTESIAN_POINT('Ctrl Pts',(-34.8383389614273,-36.701007194045,92.4453484636833));
#4818=CARTESIAN_POINT('Ctrl Pts',(-34.809016076719,-36.783223680893,92.5304452536873));
#4819=CARTESIAN_POINT('Ctrl Pts',(-34.7825796700513,-36.8656559245053,92.6167694906421));
#4820=CARTESIAN_POINT('Ctrl Pts',(-34.7591475701317,-36.9475134974544,92.7044254529062));
#4821=CARTESIAN_POINT('Ctrl Pts',(-34.7357600281159,-37.02921541206,92.7919147307525));
#4822=CARTESIAN_POINT('Ctrl Pts',(-34.7153654296254,-37.1103431654617,92.8807313759992));
#4823=CARTESIAN_POINT('Ctrl Pts',(-34.698030322587,-37.1901035332836,92.9709707597106));
#4824=CARTESIAN_POINT('Ctrl Pts',(-34.6964585056155,-37.1973356028356,92.9791529875156));
#4825=CARTESIAN_POINT('Ctrl Pts',(-34.6949115362924,-37.2045576102922,92.9873483102963));
#4826=CARTESIAN_POINT('Ctrl Pts',(-34.6933894075341,-37.2117692513072,92.9955571508077));
#4827=CARTESIAN_POINT('Ctrl Pts',(-34.6805811156519,-37.272453212875,93.06463226992));
#4828=CARTESIAN_POINT('Ctrl Pts',(-34.6695194834295,-37.3325803972504,93.1348582244184));
#4829=CARTESIAN_POINT('Ctrl Pts',(-34.6603448806772,-37.3916496393581,93.2063016681685));
#4830=CARTESIAN_POINT('Ctrl Pts',(-34.6519761447875,-37.4455304339549,93.2714697553257));
#4831=CARTESIAN_POINT('Ctrl Pts',(-34.6451776672817,-37.4985314756803,93.3376510321456));
#4832=CARTESIAN_POINT('Ctrl Pts',(-34.6400805279762,-37.5502378645818,93.4049016303565));
#4833=CARTESIAN_POINT('Ctrl Pts',(-34.6367680792956,-37.5838399989226,93.4486053908315));
#4834=CARTESIAN_POINT('Ctrl Pts',(-34.6341746282705,-37.6168946654572,93.4927608528078));
#4835=CARTESIAN_POINT('Ctrl Pts',(-34.6323420929634,-37.6492775899155,93.5373843763403));
#4836=CARTESIAN_POINT('Ctrl Pts',(-34.6317535906413,-37.6596770764451,93.5517148217722));
#4837=CARTESIAN_POINT('Ctrl Pts',(-34.6312437512739,-37.6700036167808,93.5660898379909));
#4838=CARTESIAN_POINT('Ctrl Pts',(-34.6308139386625,-37.6802534334199,93.5805104948807));
#4839=CARTESIAN_POINT('Ctrl Pts',(-34.6290832204866,-37.7215261729548,93.6385778766381));
#4840=CARTESIAN_POINT('Ctrl Pts',(-34.6286217141483,-37.7615661563717,93.6973001720822));
#4841=CARTESIAN_POINT('Ctrl Pts',(-34.6295683201841,-37.8000507687874,93.756887412547));
#4842=CARTESIAN_POINT('Ctrl Pts',(-34.630471735777,-37.8367794580491,93.8137558880654));
#4843=CARTESIAN_POINT('Ctrl Pts',(-34.6326576540119,-37.8720918817567,93.8714119725639));
#4844=CARTESIAN_POINT('Ctrl Pts',(-34.6362686477,-37.9056682282716,93.9300500418183));
#4845=CARTESIAN_POINT('Ctrl Pts',(-34.6396749060804,-37.9373408706464,93.9853634630155));
#4846=CARTESIAN_POINT('Ctrl Pts',(-34.6443492187291,-37.9674689219002,94.0415505255477));
#4847=CARTESIAN_POINT('Ctrl Pts',(-34.6504314398142,-37.9957439569916,94.0987875704165));
#4848=CARTESIAN_POINT('Ctrl Pts',(-34.6525926137848,-38.0057908245757,94.1191254058548));
#4849=CARTESIAN_POINT('Ctrl Pts',(-34.654931740489,-38.0156033376429,94.1395959460154));
#4850=CARTESIAN_POINT('Ctrl Pts',(-34.6574557662545,-38.0251662648605,94.1602075946586));
#4851=CARTESIAN_POINT('Ctrl Pts',(-34.6591473487349,-38.0315752644689,94.1740213616234));
#4852=CARTESIAN_POINT('Ctrl Pts',(-34.6609248774629,-38.0378790987113,94.1879219169696));
#4853=CARTESIAN_POINT('Ctrl Pts',(-34.6627903101308,-38.0440689145565,94.2019049336089));
#4854=CARTESIAN_POINT('Ctrl Pts',(-34.6688959333549,-38.0643283878824,94.2476718125766));
#4855=CARTESIAN_POINT('Ctrl Pts',(-34.6759587453596,-38.0832735210048,94.2941735927882));
#4856=CARTESIAN_POINT('Ctrl Pts',(-34.6839986607614,-38.1004639747544,94.3411128292305));
#4857=CARTESIAN_POINT('Ctrl Pts',(-34.6913489834337,-38.1161799836459,94.3840260337357));
#4858=CARTESIAN_POINT('Ctrl Pts',(-34.699515648897,-38.130428627448,94.4273042418251));
#4859=CARTESIAN_POINT('Ctrl Pts',(-34.7084897245148,-38.142910311282,94.4707131080392));
#4860=CARTESIAN_POINT('Ctrl Pts',(-34.7106419171677,-38.1459037101998,94.4811235666662));
#4861=CARTESIAN_POINT('Ctrl Pts',(-34.7128404429627,-38.148795688675,94.4915415282034));
#4862=CARTESIAN_POINT('Ctrl Pts',(-34.7150849797298,-38.1515825350094,94.5019637498483));
#4863=CARTESIAN_POINT('Ctrl Pts',(-34.7242090501212,-38.1629111006615,94.5443302128595));
#4864=CARTESIAN_POINT('Ctrl Pts',(-34.7340994898969,-38.172530345252,94.5868020332056));
#4865=CARTESIAN_POINT('Ctrl Pts',(-34.7448000911079,-38.1802020522518,94.6294228830279));
#4866=CARTESIAN_POINT('Ctrl Pts',(-34.7549273476055,-38.1874627045299,94.6697600818246));
#4867=CARTESIAN_POINT('Ctrl Pts',(-34.7657804264547,-38.192979094593,94.7102310138412));
#4868=CARTESIAN_POINT('Ctrl Pts',(-34.7774088236008,-38.1965058285191,94.7508666720467));
#4869=CARTESIAN_POINT('Ctrl Pts',(-34.7871170832383,-38.1994502109818,94.7847923726776));
#4870=CARTESIAN_POINT('Ctrl Pts',(-34.797365983697,-38.2010071886094,94.8188328796191));
#4871=CARTESIAN_POINT('Ctrl Pts',(-34.8081904073229,-38.201007194045,94.85300082527));
#4872=CARTESIAN_POINT('',(-38.1741768716888,-38.201007194045,97.5188974846329));
#4873=CARTESIAN_POINT('Origin',(-38.4642263580768,-38.201007194045,93.6947666625616));
#4874=CARTESIAN_POINT('',(-38.4642263591537,-38.1624056918815,97.5298987625106));
#4875=CARTESIAN_POINT('Ctrl Pts',(-38.1741768716888,-38.201007194045,97.5188974846329));
#4876=CARTESIAN_POINT('Ctrl Pts',(-38.2121059215858,-38.201007190875,97.5217742955877));
#4877=CARTESIAN_POINT('Ctrl Pts',(-38.2498280512969,-38.1988964236499,97.5240719260455));
#4878=CARTESIAN_POINT('Ctrl Pts',(-38.2872294170963,-38.194908399584,97.5258042513619));
#4879=CARTESIAN_POINT('Ctrl Pts',(-38.3287537903828,-38.1904807484421,97.5277275427059));
#4880=CARTESIAN_POINT('Ctrl Pts',(-38.3698828299589,-38.1837396132401,97.5289539094962));
#4881=CARTESIAN_POINT('Ctrl Pts',(-38.4104773225767,-38.1750655586291,97.5295233250601));
#4882=CARTESIAN_POINT('Ctrl Pts',(-38.4285026561215,-38.171213983761,97.5297761649111));
#4883=CARTESIAN_POINT('Ctrl Pts',(-38.4464227932666,-38.166982002613,97.5298997444866));
#4884=CARTESIAN_POINT('Ctrl Pts',(-38.4642263591537,-38.1624056918815,97.5298987625106));
#4885=CARTESIAN_POINT('',(-38.4642263580768,-47.851007194045,97.5298814260164));
#4886=CARTESIAN_POINT('',(-38.4642263580768,-47.851007194045,97.5298814260164));
#4887=CARTESIAN_POINT('Origin',(-38.4642263580768,-47.851007194045,93.6947666625616));
#4888=CARTESIAN_POINT('',(-40.0253186227341,-37.5594782642426,97.1977791076003));
#4889=CARTESIAN_POINT('Ctrl Pts',(-38.4642263591537,-38.1624056918815,97.5298987625106));
#4890=CARTESIAN_POINT('Ctrl Pts',(-38.530858239786,-38.1452783258061,97.5298950873529));
#4891=CARTESIAN_POINT('Ctrl Pts',(-38.5964745238394,-38.123067055944,97.5281438541898));
#4892=CARTESIAN_POINT('Ctrl Pts',(-38.6609265251994,-38.0972058820931,97.5248338023575));
#4893=CARTESIAN_POINT('Ctrl Pts',(-38.718243414765,-38.0742076506283,97.5218901873986));
#4894=CARTESIAN_POINT('Ctrl Pts',(-38.7744592609486,-38.0482523235994,97.517720606948));
#4895=CARTESIAN_POINT('Ctrl Pts',(-38.8294760504068,-38.02048508548,97.5124601831707));
#4896=CARTESIAN_POINT('Ctrl Pts',(-38.8430951995667,-38.0136114354283,97.5111579898444));
#4897=CARTESIAN_POINT('Ctrl Pts',(-38.8566409253421,-38.0066265468994,97.5097890563736));
#4898=CARTESIAN_POINT('Ctrl Pts',(-38.8701118402902,-37.9995472773233,97.5083556310263));
#4899=CARTESIAN_POINT('Ctrl Pts',(-38.9127734240922,-37.977127653011,97.503816058487));
#4900=CARTESIAN_POINT('Ctrl Pts',(-38.9547556576973,-37.9537336160679,97.4986242865433));
#4901=CARTESIAN_POINT('Ctrl Pts',(-38.9962602715325,-37.9297025084059,97.4928068145816));
#4902=CARTESIAN_POINT('Ctrl Pts',(-39.0175458865138,-37.9173781700252,97.4898233277618));
#4903=CARTESIAN_POINT('Ctrl Pts',(-39.0387056747312,-37.904885330235,97.4866748864684));
#4904=CARTESIAN_POINT('Ctrl Pts',(-39.059765753609,-37.8922652229791,97.4833627201505));
#4905=CARTESIAN_POINT('Ctrl Pts',(-39.0803184657891,-37.8799491517231,97.4801303485426));
#4906=CARTESIAN_POINT('Ctrl Pts',(-39.1007903619969,-37.8675057512513,97.4767396569221));
#4907=CARTESIAN_POINT('Ctrl Pts',(-39.1211773621217,-37.8550190143588,97.4731949923104));
#4908=CARTESIAN_POINT('Ctrl Pts',(-39.1316023731467,-37.8486338488624,97.4713824074558));
#4909=CARTESIAN_POINT('Ctrl Pts',(-39.1420126379539,-37.842221624171,97.4695297687257));
#4910=CARTESIAN_POINT('Ctrl Pts',(-39.1524098389201,-37.8357997840201,97.4676362286979));
#4911=CARTESIAN_POINT('Ctrl Pts',(-39.1831396550641,-37.8168194865553,97.4620397092977));
#4912=CARTESIAN_POINT('Ctrl Pts',(-39.2137073957329,-37.7976380544444,97.4560954803138));
#4913=CARTESIAN_POINT('Ctrl Pts',(-39.2442803481284,-37.7785994852634,97.4497584171014));
#4914=CARTESIAN_POINT('Ctrl Pts',(-39.2595668243262,-37.7690802006729,97.4465898854952));
#4915=CARTESIAN_POINT('Ctrl Pts',(-39.2748782316803,-37.7595814764205,97.4433180492061));
#4916=CARTESIAN_POINT('Ctrl Pts',(-39.2902238577781,-37.7501469301629,97.4399381100258));
#4917=CARTESIAN_POINT('Ctrl Pts',(-39.325976609469,-37.7281660095074,97.4320634149516));
#4918=CARTESIAN_POINT('Ctrl Pts',(-39.3618253310066,-37.706585511106,97.4236229175043));
#4919=CARTESIAN_POINT('Ctrl Pts',(-39.3979977249742,-37.6859084245234,97.4145319436013));
#4920=CARTESIAN_POINT('Ctrl Pts',(-39.4290933989125,-37.6681333239054,97.4067168689197));
#4921=CARTESIAN_POINT('Ctrl Pts',(-39.4604281386127,-37.6510253495736,97.3984209325248));
#4922=CARTESIAN_POINT('Ctrl Pts',(-39.4921529095178,-37.6349397227622,97.3895795112442));
#4923=CARTESIAN_POINT('Ctrl Pts',(-39.5172010706088,-37.6222393829291,97.3825988037973));
#4924=CARTESIAN_POINT('Ctrl Pts',(-39.5424924419246,-37.6101767932892,97.3752778757921));
#4925=CARTESIAN_POINT('Ctrl Pts',(-39.5681054907911,-37.5989491177766,97.3675797683155));
#4926=CARTESIAN_POINT('Ctrl Pts',(-39.5856952075913,-37.5912385311291,97.3622931063833));
#4927=CARTESIAN_POINT('Ctrl Pts',(-39.6033871006084,-37.5840020097913,97.3568392491087));
#4928=CARTESIAN_POINT('Ctrl Pts',(-39.6212029078517,-37.5773357479657,97.3512029496673));
#4929=CARTESIAN_POINT('Ctrl Pts',(-39.6499984544098,-37.5665611223681,97.3420930440221));
#4930=CARTESIAN_POINT('Ctrl Pts',(-39.6793097833817,-37.5572403477054,97.3324438728245));
#4931=CARTESIAN_POINT('Ctrl Pts',(-39.7089655856059,-37.5498925621096,97.3222668227279));
#4932=CARTESIAN_POINT('Ctrl Pts',(-39.7131004957312,-37.5488680599623,97.3208478360766));
#4933=CARTESIAN_POINT('Ctrl Pts',(-39.7172421269454,-37.5478818368901,97.319418611586));
#4934=CARTESIAN_POINT('Ctrl Pts',(-39.7213900377236,-37.5469352100379,97.3179792045741));
#4935=CARTESIAN_POINT('Ctrl Pts',(-39.7465343883016,-37.5411968230014,97.3092536180164));
#4936=CARTESIAN_POINT('Ctrl Pts',(-39.7718742715269,-37.5369381905684,97.3001657861761));
#4937=CARTESIAN_POINT('Ctrl Pts',(-39.7973920611106,-37.5344097677257,97.2907052686674));
#4938=CARTESIAN_POINT('Ctrl Pts',(-39.8062746569014,-37.5335296382762,97.2874121169339));
#4939=CARTESIAN_POINT('Ctrl Pts',(-39.8151707595563,-37.5328755454466,97.2840747532817));
#4940=CARTESIAN_POINT('Ctrl Pts',(-39.8240704542243,-37.5324407075715,97.2806974299605));
#4941=CARTESIAN_POINT('Ctrl Pts',(-39.841303757051,-37.5315986907314,97.2741576061003));
#4942=CARTESIAN_POINT('Ctrl Pts',(-39.8584440617051,-37.5315885481427,97.2675086298002));
#4943=CARTESIAN_POINT('Ctrl Pts',(-39.8754757528269,-37.5323746531194,97.2607639960199));
#4944=CARTESIAN_POINT('Ctrl Pts',(-39.8984610522239,-37.5334355494284,97.2516617039659));
#4945=CARTESIAN_POINT('Ctrl Pts',(-39.9212480544951,-37.5359476071097,97.2423856436468));
#4946=CARTESIAN_POINT('Ctrl Pts',(-39.943791430711,-37.5397742580202,97.2329637519799));
#4947=CARTESIAN_POINT('Ctrl Pts',(-39.9463044055513,-37.5402008257787,97.2319134666775));
#4948=CARTESIAN_POINT('Ctrl Pts',(-39.9488143544723,-37.5406437807752,97.2308613598227));
#4949=CARTESIAN_POINT('Ctrl Pts',(-39.9513212143337,-37.5411029714277,97.2298074635895));
#4950=CARTESIAN_POINT('Ctrl Pts',(-39.9763165942037,-37.5456814662084,97.2192992827779));
#4951=CARTESIAN_POINT('Ctrl Pts',(-40.0010049127346,-37.5518677767619,97.208614337335));
#4952=CARTESIAN_POINT('Ctrl Pts',(-40.0253186227341,-37.5594782642426,97.1977791076003));
#4953=CARTESIAN_POINT('',(-42.2976160842473,-38.0831950248007,93.5797516367638));
#4954=CARTESIAN_POINT('Ctrl Pts',(-40.0253186227341,-37.5594782642426,97.1977791076003));
#4955=CARTESIAN_POINT('Ctrl Pts',(-40.3627046324995,-37.6650840093798,97.04742546247));
#4956=CARTESIAN_POINT('Ctrl Pts',(-40.6799261625399,-37.7432365683062,96.8475226946851));
#4957=CARTESIAN_POINT('Ctrl Pts',(-41.107129458515,-37.8395589546869,96.4801645145287));
#4958=CARTESIAN_POINT('Ctrl Pts',(-41.242400166144,-37.8680698303641,96.3452985813524));
#4959=CARTESIAN_POINT('Ctrl Pts',(-41.4887111917628,-37.9179145996561,96.0603660900139));
#4960=CARTESIAN_POINT('Ctrl Pts',(-41.6009425831393,-37.939510420871,95.9094350127549));
#4961=CARTESIAN_POINT('Ctrl Pts',(-41.8032855149627,-37.9775795209019,95.5906644775124));
#4962=CARTESIAN_POINT('Ctrl Pts',(-41.8940084550633,-37.9941536737785,95.4212853683157));
#4963=CARTESIAN_POINT('Ctrl Pts',(-42.0479916479973,-38.0224387597997,95.0734973907639));
#4964=CARTESIAN_POINT('Ctrl Pts',(-42.1114882804518,-38.0341955506472,94.8953313122632));
#4965=CARTESIAN_POINT('Ctrl Pts',(-42.2621295497968,-38.0639106933113,94.3483075058106));
#4966=CARTESIAN_POINT('Ctrl Pts',(-42.3091334297957,-38.0764403110427,93.9636186471106));
#4967=CARTESIAN_POINT('Ctrl Pts',(-42.2976160842473,-38.0831950248007,93.5797516367638));
#4968=CARTESIAN_POINT('Ctrl Pts',(-42.2976160842473,-38.0831950248007,93.5797516367638));
#4969=CARTESIAN_POINT('Ctrl Pts',(-42.293696836318,-38.0854935924523,93.4491251847644));
#4970=CARTESIAN_POINT('Ctrl Pts',(-42.2831342724627,-38.0920457043457,93.3194040116311));
#4971=CARTESIAN_POINT('Ctrl Pts',(-42.2661357444122,-38.101174380229,93.1910861215246));
#4972=CARTESIAN_POINT('Ctrl Pts',(-42.2486464815708,-38.1105665941574,93.0590637899051));
#4973=CARTESIAN_POINT('Ctrl Pts',(-42.2243443219734,-38.1226841264533,92.9285274980123));
#4974=CARTESIAN_POINT('Ctrl Pts',(-42.1935046365114,-38.1356916098191,92.8000064572147));
#4975=CARTESIAN_POINT('Ctrl Pts',(-42.188793204796,-38.1376787853933,92.7803720770763));
#4976=CARTESIAN_POINT('Ctrl Pts',(-42.1839292832682,-38.1396867524917,92.7607846972452));
#4977=CARTESIAN_POINT('Ctrl Pts',(-42.1789139506263,-38.1417090005117,92.7412461653305));
#4978=CARTESIAN_POINT('Ctrl Pts',(-42.1789078662793,-38.1417114538003,92.7412224621752));
#4979=CARTESIAN_POINT('Ctrl Pts',(-42.1789017817108,-38.1417139071095,92.741198759097));
#4980=CARTESIAN_POINT('Ctrl Pts',(-42.1788956969208,-38.1417163604391,92.7411750560959));
#4981=CARTESIAN_POINT('Ctrl Pts',(-42.1577489930426,-38.1502425108189,92.6587991081733));
#4982=CARTESIAN_POINT('Ctrl Pts',(-42.1339083241961,-38.158914155306,92.5772454823735));
#4983=CARTESIAN_POINT('Ctrl Pts',(-42.1072791987991,-38.1669427599134,92.496304750792));
#4984=CARTESIAN_POINT('Ctrl Pts',(-42.0898539653662,-38.1721964176036,92.4433397689904));
#4985=CARTESIAN_POINT('Ctrl Pts',(-42.0712337416867,-38.1771750672846,92.390637481269));
#4986=CARTESIAN_POINT('Ctrl Pts',(-42.051380456611,-38.1816549565077,92.3381419089033));
#4987=CARTESIAN_POINT('Ctrl Pts',(-42.0261874963696,-38.1873397422071,92.2715272976482));
#4988=CARTESIAN_POINT('Ctrl Pts',(-41.9989334739647,-38.1922091321435,92.2051617481851));
#4989=CARTESIAN_POINT('Ctrl Pts',(-41.969779340021,-38.1956459739319,92.1394501737631));
#4990=CARTESIAN_POINT('Ctrl Pts',(-41.941210137201,-38.1990138609803,92.0750569971074));
#4991=CARTESIAN_POINT('Ctrl Pts',(-41.910815829052,-38.2010071892206,92.0112909207888));
#4992=CARTESIAN_POINT('Ctrl Pts',(-41.8787349364478,-38.201007194045,91.9485603697371));
#4993=CARTESIAN_POINT('Origin',(-23.9657295003468,-26.701007194045,88.6988349501852));
#4994=CARTESIAN_POINT('',(-23.9657295003469,-36.701007194045,77.1988349501852));
#4995=CARTESIAN_POINT('',(-23.9657295003469,-26.701007194045,77.1988349501852));
#4996=CARTESIAN_POINT('',(-33.3782321754627,-36.701007194045,95.3060123650074));
#4997=CARTESIAN_POINT('Origin',(-23.9657295003468,-36.701007194045,88.6988349501852));
#4998=CARTESIAN_POINT('Ctrl Pts',(-33.3782321754627,-36.701007194045,95.3060123650074));
#4999=CARTESIAN_POINT('Ctrl Pts',(-33.4437916513734,-36.701007194045,95.2126171519466));
#5000=CARTESIAN_POINT('Ctrl Pts',(-33.5079573564936,-36.7010128418485,95.1182514496169));
#5001=CARTESIAN_POINT('Ctrl Pts',(-33.6423956188418,-36.7010161443228,94.914068366735));
#5002=CARTESIAN_POINT('Ctrl Pts',(-33.712226515163,-36.7010064907873,94.8039794590387));
#5003=CARTESIAN_POINT('Ctrl Pts',(-33.9326842827473,-36.7010096712721,94.4430003492834));
#5004=CARTESIAN_POINT('Ctrl Pts',(-34.0756133200982,-36.7009575332718,94.1875394500178));
#5005=CARTESIAN_POINT('Ctrl Pts',(-34.2680817004133,-36.7010630972241,93.8104524088463));
#5006=CARTESIAN_POINT('Ctrl Pts',(-34.3255340041432,-36.7011043812229,93.692986361163));
#5007=CARTESIAN_POINT('Ctrl Pts',(-34.4662834826028,-36.7010590480051,93.3923255778052));
#5008=CARTESIAN_POINT('Ctrl Pts',(-34.5468066282888,-36.7010026027757,93.2078609801));
#5009=CARTESIAN_POINT('Ctrl Pts',(-34.6608658513668,-36.7010896303861,92.9266594701632));
#5010=CARTESIAN_POINT('Ctrl Pts',(-34.6980103981742,-36.7011203378507,92.831459843279));
#5011=CARTESIAN_POINT('Ctrl Pts',(-34.7680221921893,-36.7011228687633,92.6447102023732));
#5012=CARTESIAN_POINT('Ctrl Pts',(-34.8010064275828,-36.7010972905611,92.553213356226));
#5013=CARTESIAN_POINT('Ctrl Pts',(-34.8346677352733,-36.7010165397951,92.4559899010612));
#5014=CARTESIAN_POINT('Ctrl Pts',(-34.836505301713,-36.7010119534323,92.450669855395));
#5015=CARTESIAN_POINT('Ctrl Pts',(-34.8383389614273,-36.701007194045,92.4453484636833));
#5016=CARTESIAN_POINT('',(-35.4503978476717,-36.701007194045,89.2924618969753));
#5017=CARTESIAN_POINT('Ctrl Pts',(-34.8383389614273,-36.701007194045,92.4453484636833));
#5018=CARTESIAN_POINT('Ctrl Pts',(-34.8401723216202,-36.7010119526539,92.4400279412012));
#5019=CARTESIAN_POINT('Ctrl Pts',(-34.8420017764579,-36.7010165382962,92.4347060728402));
#5020=CARTESIAN_POINT('Ctrl Pts',(-35.016228415435,-36.701438076079,91.9266695949039));
#5021=CARTESIAN_POINT('Ctrl Pts',(-35.1536339056594,-36.7011630984003,91.4124314754656));
#5022=CARTESIAN_POINT('Ctrl Pts',(-35.3107431653715,-36.7009575332718,90.6031177221905));
#5023=CARTESIAN_POINT('Ctrl Pts',(-35.3555229345017,-36.7010096712721,90.3138362795637));
#5024=CARTESIAN_POINT('Ctrl Pts',(-35.4042324254295,-36.7010064907873,89.8936756787673));
#5025=CARTESIAN_POINT('Ctrl Pts',(-35.4170416055473,-36.7010161443228,89.7639380721011));
#5026=CARTESIAN_POINT('Ctrl Pts',(-35.4369216079187,-36.7010128418486,89.5202801905871));
#5027=CARTESIAN_POINT('Ctrl Pts',(-35.4445076060337,-36.701007194045,89.4064180980265));
#5028=CARTESIAN_POINT('Ctrl Pts',(-35.4503978476717,-36.701007194045,89.2924618969753));
#5029=CARTESIAN_POINT('Origin',(-23.9657295003468,-36.701007194045,88.6988349501852));
#5030=CARTESIAN_POINT('',(-33.3764582635323,-36.701007194045,82.0891311636487));
#5031=CARTESIAN_POINT('Origin',(-23.9657295003468,-36.701007194045,88.6988349501852));
#5032=CARTESIAN_POINT('Origin',(-23.9657295003468,-36.701007194045,88.6988349501852));
#5033=CARTESIAN_POINT('Origin',(-9.96572950034689,-28.701007194045,75.6988349501741));
#5034=CARTESIAN_POINT('',(-9.96572950034689,-34.101007194045,74.1488349501741));
#5035=CARTESIAN_POINT('',(-9.96572950034689,-28.701007194045,74.1488349501741));
#5036=CARTESIAN_POINT('Origin',(-9.96572950034689,-34.101007194045,75.6988349501741));
#5037=CARTESIAN_POINT('Origin',(-9.96572950034688,-28.701007194045,102.032168283519));
#5038=CARTESIAN_POINT('',(-9.96572950034688,-34.101007194045,100.482168283519));
#5039=CARTESIAN_POINT('',(-9.96572950034688,-28.701007194045,100.482168283519));
#5040=CARTESIAN_POINT('Origin',(-9.96572950034688,-34.101007194045,102.032168283519));
#5041=CARTESIAN_POINT('Origin',(4.03427049965316,-36.701007194045,88.6988349501852));
#5042=CARTESIAN_POINT('',(4.03427049965316,-34.101007194045,90.2988349501852));
#5043=CARTESIAN_POINT('Origin',(4.03427049965316,-34.101007194045,88.6988349501852));
#5044=CARTESIAN_POINT('',(4.03427049965316,-36.701007194045,90.2988349501852));
#5045=CARTESIAN_POINT('Origin',(-2.96572950034683,-36.701007194045,108.698834950185));
#5046=CARTESIAN_POINT('',(-2.96572950034683,-34.101007194045,110.298834950185));
#5047=CARTESIAN_POINT('Origin',(-2.96572950034683,-34.101007194045,108.698834950185));
#5048=CARTESIAN_POINT('',(-2.96572950034683,-36.701007194045,110.298834950185));
#5049=CARTESIAN_POINT('Origin',(-16.9657295003468,-36.701007194045,108.698834950185));
#5050=CARTESIAN_POINT('',(-16.9657295003468,-34.101007194045,110.298834950185));
#5051=CARTESIAN_POINT('Origin',(-16.9657295003468,-34.101007194045,108.698834950185));
#5052=CARTESIAN_POINT('',(-16.9657295003468,-36.701007194045,110.298834950185));
#5053=CARTESIAN_POINT('Ctrl Pts',(-29.9657295003468,-36.701007194045,73.6988349501852));
#5054=CARTESIAN_POINT('Ctrl Pts',(-29.9657295003468,-54.701007194045,73.6988349501852));
#5055=CARTESIAN_POINT('Ctrl Pts',(-9.96572950034685,-36.701007194045,65.6988349501852));
#5056=CARTESIAN_POINT('Ctrl Pts',(-9.96572950034685,-54.701007194045,65.6988349501852));
#5057=CARTESIAN_POINT('Ctrl Pts',(10.0342704996532,-36.701007194045,73.6988349501852));
#5058=CARTESIAN_POINT('Ctrl Pts',(10.0342704996532,-54.701007194045,73.6988349501852));
#5059=CARTESIAN_POINT('',(-29.9657295003468,-36.701007194045,73.6988349501852));
#5060=CARTESIAN_POINT('',(-29.9656846324228,-45.1835242377709,73.6988244142057));
#5061=CARTESIAN_POINT('',(-29.9657295003468,17.3398176358862,73.6988349501852));
#5062=CARTESIAN_POINT('',(-17.8107258805689,-51.701007194045,70.3142746322422));
#5063=CARTESIAN_POINT('Ctrl Pts',(-29.9656716153077,-45.1835150201129,73.6988229080517));
#5064=CARTESIAN_POINT('Ctrl Pts',(-29.9237573174726,-45.2454419344793,73.6820796833196));
#5065=CARTESIAN_POINT('Ctrl Pts',(-29.8810697452542,-45.3076756189506,73.6650627638514));
#5066=CARTESIAN_POINT('Ctrl Pts',(-29.8378659123902,-45.3696667199901,73.647889031589));
#5067=CARTESIAN_POINT('Ctrl Pts',(-29.7946177376077,-45.431721445115,73.6306976731997));
#5068=CARTESIAN_POINT('Ctrl Pts',(-29.7508524857043,-45.4935326565354,73.6133495572887));
#5069=CARTESIAN_POINT('Ctrl Pts',(-29.7069122021967,-45.5546139592691,73.595992189103));
#5070=CARTESIAN_POINT('Ctrl Pts',(-29.6676806661781,-45.6091496412667,73.5804948786443));
#5071=CARTESIAN_POINT('Ctrl Pts',(-29.6281730992353,-45.663354843965,73.5649358975033));
#5072=CARTESIAN_POINT('Ctrl Pts',(-29.5882559881021,-45.7172391529882,73.5492704071542));
#5073=CARTESIAN_POINT('Ctrl Pts',(-29.5387568103003,-45.7840583419864,73.5298444299198));
#5074=CARTESIAN_POINT('Ctrl Pts',(-29.4888066131379,-45.8503819019139,73.5103148595298));
#5075=CARTESIAN_POINT('Ctrl Pts',(-29.4383603460221,-45.9162211905927,73.4906684093642));
#5076=CARTESIAN_POINT('Ctrl Pts',(-29.3419561988363,-46.0420418080395,73.4531235248418));
#5077=CARTESIAN_POINT('Ctrl Pts',(-29.2437540306456,-46.1660749584739,73.4151572739137));
#5078=CARTESIAN_POINT('Ctrl Pts',(-29.1437669417152,-46.2883449549414,73.3768061512105));
#5079=CARTESIAN_POINT('Ctrl Pts',(-28.8389685148423,-46.661070103515,73.2598974383577));
#5080=CARTESIAN_POINT('Ctrl Pts',(-28.5176160350224,-47.0174437557583,73.1394178404043));
#5081=CARTESIAN_POINT('Ctrl Pts',(-28.1796737713608,-47.3577519624765,73.0163126092613));
#5082=CARTESIAN_POINT('Ctrl Pts',(-27.9997272752709,-47.5389582689209,72.9507619002303));
#5083=CARTESIAN_POINT('Ctrl Pts',(-27.8150778569145,-47.7156096493715,72.8844657947933));
#5084=CARTESIAN_POINT('Ctrl Pts',(-27.6256374966346,-47.8876708696599,72.8175560240769));
#5085=CARTESIAN_POINT('Ctrl Pts',(-27.4590880953809,-48.0389411331649,72.7587312718732));
#5086=CARTESIAN_POINT('Ctrl Pts',(-27.2887898249094,-48.1867087349225,72.699416047894));
#5087=CARTESIAN_POINT('Ctrl Pts',(-27.1146943407571,-48.3309264556972,72.6397049011398));
#5088=CARTESIAN_POINT('Ctrl Pts',(-26.8275155612262,-48.5688204438181,72.5412085252416));
#5089=CARTESIAN_POINT('Ctrl Pts',(-26.5321426659713,-48.7951788112612,72.4423892180457));
#5090=CARTESIAN_POINT('Ctrl Pts',(-26.2302307657336,-49.0091122933017,72.3441770303677));
#5091=CARTESIAN_POINT('Ctrl Pts',(-26.1409207595667,-49.072396981932,72.3151244124342));
#5092=CARTESIAN_POINT('Ctrl Pts',(-26.0509945829874,-49.1346275559008,72.2861105799327));
#5093=CARTESIAN_POINT('Ctrl Pts',(-25.9604970611226,-49.1957763035872,72.2571608433998));
#5094=CARTESIAN_POINT('Ctrl Pts',(-25.6823020087538,-49.3837513852732,72.1681675394408));
#5095=CARTESIAN_POINT('Ctrl Pts',(-25.3982536709234,-49.5619920447947,72.0796116060148));
#5096=CARTESIAN_POINT('Ctrl Pts',(-25.1083844140256,-49.7303001562401,71.9918188479036));
#5097=CARTESIAN_POINT('Ctrl Pts',(-24.9805412093633,-49.8045303404552,71.9530989516883));
#5098=CARTESIAN_POINT('Ctrl Pts',(-24.8515660826807,-49.8768290955317,71.9145275027757));
#5099=CARTESIAN_POINT('Ctrl Pts',(-24.7214633956417,-49.9471822398364,71.8761323738401));
#5100=CARTESIAN_POINT('Ctrl Pts',(-24.4158650419234,-50.1124348227596,71.785946010587));
#5101=CARTESIAN_POINT('Ctrl Pts',(-24.1038849444795,-50.267035812611,71.6966857472657));
#5102=CARTESIAN_POINT('Ctrl Pts',(-23.7855574708216,-50.4108267070275,71.6087074600793));
#5103=CARTESIAN_POINT('Ctrl Pts',(-23.6731697953328,-50.4615930584022,71.577646128562));
#5104=CARTESIAN_POINT('Ctrl Pts',(-23.5599911367736,-50.5110123623233,71.5467445586982));
#5105=CARTESIAN_POINT('Ctrl Pts',(-23.4460237095633,-50.5590790245589,71.5160182695675));
#5106=CARTESIAN_POINT('Ctrl Pts',(-23.3324035085306,-50.6069992414126,71.485385594658));
#5107=CARTESIAN_POINT('Ctrl Pts',(-23.2178444985494,-50.6535996622346,71.4548932313372));
#5108=CARTESIAN_POINT('Ctrl Pts',(-23.1025340139902,-50.6988062181805,71.4246014712716));
#5109=CARTESIAN_POINT('Ctrl Pts',(-22.9401879001697,-50.7624527175,71.3819535754949));
#5110=CARTESIAN_POINT('Ctrl Pts',(-22.7759893365705,-50.8234511748225,71.3396090309177));
#5111=CARTESIAN_POINT('Ctrl Pts',(-22.6107765863261,-50.8814677152901,71.2978227844491));
#5112=CARTESIAN_POINT('Ctrl Pts',(-22.4917690124495,-50.9232587254606,71.267722929527));
#5113=CARTESIAN_POINT('Ctrl Pts',(-22.3722360178377,-50.9635033242635,71.2379127194204));
#5114=CARTESIAN_POINT('Ctrl Pts',(-22.2524964211705,-51.0020923150547,71.2084845219965));
#5115=CARTESIAN_POINT('Ctrl Pts',(-22.1974094559181,-51.0198454264231,71.1949458920524));
#5116=CARTESIAN_POINT('Ctrl Pts',(-22.1422427444875,-51.0372605288612,71.181479198476));
#5117=CARTESIAN_POINT('Ctrl Pts',(-22.0870164243026,-51.0543292414409,71.1680909170515));
#5118=CARTESIAN_POINT('Ctrl Pts',(-21.8555507417739,-51.1258679786579,71.1119776781569));
#5119=CARTESIAN_POINT('Ctrl Pts',(-21.6226960107554,-51.1915258816421,71.0571353218128));
#5120=CARTESIAN_POINT('Ctrl Pts',(-21.3885832366869,-51.2512697365502,71.0036506040855));
#5121=CARTESIAN_POINT('Ctrl Pts',(-21.1576152993915,-51.3102110522862,70.9508843465439));
#5122=CARTESIAN_POINT('Ctrl Pts',(-20.9253791678362,-51.3634098352825,70.8994288727831));
#5123=CARTESIAN_POINT('Ctrl Pts',(-20.6918656258058,-51.4108871687749,70.849334912004));
#5124=CARTESIAN_POINT('Ctrl Pts',(-20.0106805750823,-51.5493838467067,70.7032052403902));
#5125=CARTESIAN_POINT('Ctrl Pts',(-19.3186619978347,-51.6395968785305,70.5686469695809));
#5126=CARTESIAN_POINT('Ctrl Pts',(-18.6150838278588,-51.6787108724328,70.4469428816316));
#5127=CARTESIAN_POINT('Ctrl Pts',(-18.3486357474398,-51.6935235102285,70.4008530198407));
#5128=CARTESIAN_POINT('Ctrl Pts',(-18.0805297148195,-51.7010071940452,70.3566068343035));
#5129=CARTESIAN_POINT('Ctrl Pts',(-17.810725880569,-51.7010071940452,70.3142746322422));
#5130=CARTESIAN_POINT('',(-2.12073311999577,-51.701007194045,70.3142746322624));
#5131=CARTESIAN_POINT('Ctrl Pts',(-17.8107258805689,-51.701007194045,70.3142746322422));
#5132=CARTESIAN_POINT('Ctrl Pts',(-9.96572950028232,-51.701007194045,69.0833952681181));
#5133=CARTESIAN_POINT('Ctrl Pts',(-2.12073311999577,-51.701007194045,70.3142746322624));
#5134=CARTESIAN_POINT('',(10.034225631462,-45.1835242375728,73.6988244140989));
#5135=CARTESIAN_POINT('Ctrl Pts',(-2.12073311999563,-51.701007194045,70.3142746322624));
#5136=CARTESIAN_POINT('Ctrl Pts',(-1.40829379037716,-51.701007194045,70.426056311504));
#5137=CARTESIAN_POINT('Ctrl Pts',(-0.707691884140971,-51.6488293843086,
70.5511823515163));
#5138=CARTESIAN_POINT('Ctrl Pts',(-0.0181971801121108,-51.5473073800567,
70.6883636174596));
#5139=CARTESIAN_POINT('Ctrl Pts',(0.242917411935194,-51.5088605630338,70.7403147493305));
#5140=CARTESIAN_POINT('Ctrl Pts',(0.502438929210155,-51.4633364538534,70.793994979559));
#5141=CARTESIAN_POINT('Ctrl Pts',(0.760406625241437,-51.4108871687784,70.8493349120317));
#5142=CARTESIAN_POINT('Ctrl Pts',(0.99392018662311,-51.3634098313512,70.8994288769627));
#5143=CARTESIAN_POINT('Ctrl Pts',(1.2261563373172,-51.3102110434727,70.9508843551009));
#5144=CARTESIAN_POINT('Ctrl Pts',(1.45712429354208,-51.251269721901,71.003650617233));
#5145=CARTESIAN_POINT('Ctrl Pts',(1.69123704826057,-51.1915258709123,71.0571353308091));
#5146=CARTESIAN_POINT('Ctrl Pts',(1.9240917601201,-51.1258679728157,71.1119776827721));
#5147=CARTESIAN_POINT('Ctrl Pts',(2.15555742373786,-51.054329241443,71.1680909170828));
#5148=CARTESIAN_POINT('Ctrl Pts',(2.21078376757582,-51.0372605215527,71.1814792042415));
#5149=CARTESIAN_POINT('Ctrl Pts',(2.26595050260958,-51.0198454115074,71.1949459036196));
#5150=CARTESIAN_POINT('Ctrl Pts',(2.32103749138968,-51.0020922922458,71.2084845394246));
#5151=CARTESIAN_POINT('Ctrl Pts',(2.48726647393508,-50.9485209677424,71.2493383545407));
#5152=CARTESIAN_POINT('Ctrl Pts',(2.6530968323159,-50.891756836112,71.2909288437049));
#5153=CARTESIAN_POINT('Ctrl Pts',(2.81767712104254,-50.8320991661262,71.3330073354809));
#5154=CARTESIAN_POINT('Ctrl Pts',(2.93622912100239,-50.7891259999926,71.3633177049299));
#5155=CARTESIAN_POINT('Ctrl Pts',(3.05413243921044,-50.7446526226853,71.3938809653994));
#5156=CARTESIAN_POINT('Ctrl Pts',(3.17107509638209,-50.6988061856613,71.424601493098));
#5157=CARTESIAN_POINT('Ctrl Pts',(3.28638555291649,-50.6535996398929,71.4548932459927));
#5158=CARTESIAN_POINT('Ctrl Pts',(3.40094453520203,-50.6069992299294,71.4853856020354));
#5159=CARTESIAN_POINT('Ctrl Pts',(3.51456470899886,-50.5590790245622,71.5160182696024));
#5160=CARTESIAN_POINT('Ctrl Pts',(3.83736664009528,-50.4229347614956,71.603047570076));
#5161=CARTESIAN_POINT('Ctrl Pts',(4.15383893112203,-50.2759355185962,71.6914834374054));
#5162=CARTESIAN_POINT('Ctrl Pts',(4.46393893931343,-50.1182234312606,71.7809715425023));
#5163=CARTESIAN_POINT('Ctrl Pts',(4.57342193919278,-50.0625420640158,71.8125659505666));
#5164=CARTESIAN_POINT('Ctrl Pts',(4.68211085319229,-50.0055257701673,71.8442914751594));
#5165=CARTESIAN_POINT('Ctrl Pts',(4.7900044982542,-49.9471821840422,71.8761324043272));
#5166=CARTESIAN_POINT('Ctrl Pts',(5.08499686076227,-49.7876647972826,71.9631887913301));
#5167=CARTESIAN_POINT('Ctrl Pts',(5.37419068197175,-49.6181419281472,72.0511517592067));
#5168=CARTESIAN_POINT('Ctrl Pts',(5.65754234985657,-49.4387916524787,72.1396958999506));
#5169=CARTESIAN_POINT('Ctrl Pts',(5.78251102118106,-49.3596914805288,72.1787471739555));
#5170=CARTESIAN_POINT('Ctrl Pts',(5.90634364952133,-49.278680337071,72.217911471741));
#5171=CARTESIAN_POINT('Ctrl Pts',(6.02903806055605,-49.1957763035872,72.2571608434404));
#5172=CARTESIAN_POINT('Ctrl Pts',(6.11953562296297,-49.1346275285068,72.2861105929428));
#5173=CARTESIAN_POINT('Ctrl Pts',(6.20946183957345,-49.0723969261739,72.3151244384715));
#5174=CARTESIAN_POINT('Ctrl Pts',(6.29877188520038,-49.0091122082466,72.344177069456));
#5175=CARTESIAN_POINT('Ctrl Pts',(6.60068374360719,-48.795178751332,72.4423892442518));
#5176=CARTESIAN_POINT('Ctrl Pts',(6.89605659866127,-48.5688204123451,72.5412085383183));
#5177=CARTESIAN_POINT('Ctrl Pts',(7.18323534019273,-48.330926455701,72.6397049011842));
#5178=CARTESIAN_POINT('Ctrl Pts',(7.35733087000949,-48.1867086970977,72.6994160636008));
#5179=CARTESIAN_POINT('Ctrl Pts',(7.52762918416345,-48.0389410556399,72.7587313030382));
#5180=CARTESIAN_POINT('Ctrl Pts',(7.69417862714068,-47.8876707506131,72.8175560704163));
#5181=CARTESIAN_POINT('Ctrl Pts',(7.88361894151988,-47.7156095678902,72.8844658254186));
#5182=CARTESIAN_POINT('Ctrl Pts',(8.06826831620446,-47.5389582271318,72.9507619153938));
#5183=CARTESIAN_POINT('Ctrl Pts',(8.24821477079483,-47.3577519624782,73.0163126093078));
#5184=CARTESIAN_POINT('Ctrl Pts',(8.58615703446017,-47.0174437557577,73.139417840453));
#5185=CARTESIAN_POINT('Ctrl Pts',(8.90750951428097,-46.6610701035248,73.2598974384077));
#5186=CARTESIAN_POINT('Ctrl Pts',(9.21230794114932,-46.2883449549434,73.3768061512595));
#5187=CARTESIAN_POINT('Ctrl Pts',(9.31229507686753,-46.1660749012568,73.4151572919089));
#5188=CARTESIAN_POINT('Ctrl Pts',(9.41049729017737,-46.042041691957,73.4531235604239));
#5189=CARTESIAN_POINT('Ctrl Pts',(9.50690148079385,-45.9162210139596,73.4906684621216));
#5190=CARTESIAN_POINT('Ctrl Pts',(9.55734770175014,-45.8503817835015,73.510314894447));
#5191=CARTESIAN_POINT('Ctrl Pts',(9.6072978536299,-45.7840582826931,73.5298444472028));
#5192=CARTESIAN_POINT('Ctrl Pts',(9.65679698098757,-45.7172391473066,73.5492704046347));
#5193=CARTESIAN_POINT('Ctrl Pts',(9.69671413317521,-45.6633547711843,73.564935911091));
#5194=CARTESIAN_POINT('Ctrl Pts',(9.73622173633651,-45.609149496496,73.5804949065565));
#5195=CARTESIAN_POINT('Ctrl Pts',(9.77545330089334,-45.5546137343779,73.5959922283719));
#5196=CARTESIAN_POINT('Ctrl Pts',(9.81939356655813,-45.4935324111431,73.6133495896027));
#5197=CARTESIAN_POINT('Ctrl Pts',(9.86293523348882,-45.4320520371246,73.6306090788673));
#5198=CARTESIAN_POINT('Ctrl Pts',(9.90607180282636,-45.3701626817924,73.6477558250112));
#5199=CARTESIAN_POINT('Ctrl Pts',(9.93892435392537,-45.323028121957,73.6608146834816));
#5200=CARTESIAN_POINT('Ctrl Pts',(9.97189968355171,-45.2751307127067,73.6739507062082));
#5201=CARTESIAN_POINT('Ctrl Pts',(10.0042134471383,-45.2276955157854,73.6868454832546));
#5202=CARTESIAN_POINT('Ctrl Pts',(10.0142851280678,-45.2129107270393,73.6908645780815));
#5203=CARTESIAN_POINT('Ctrl Pts',(10.0242926893625,-45.1981712040325,73.6948602617101));
#5204=CARTESIAN_POINT('Ctrl Pts',(10.0342126138144,-45.1835150193975,73.698822907732));
#5205=CARTESIAN_POINT('',(10.0342704996531,-36.701007194045,73.6988349501852));
#5206=CARTESIAN_POINT('',(10.0342704996531,17.3398176358862,73.6988349501852));
#5207=CARTESIAN_POINT('Ctrl Pts',(10.0342704996531,-36.701007194045,73.6988349501852));
#5208=CARTESIAN_POINT('Ctrl Pts',(-9.96572950034685,-36.701007194045,65.6988349501852));
#5209=CARTESIAN_POINT('Ctrl Pts',(-29.9657295003468,-36.701007194045,73.6988349501852));
#5210=CARTESIAN_POINT('Origin',(20.0342704996532,-36.701007194045,113.698834950185));
#5211=CARTESIAN_POINT('',(-37.1523965805759,-36.701007194045,78.2811032958901));
#5212=CARTESIAN_POINT('Origin',(-29.9657295003468,-36.701007194045,83.6988349501852));
#5213=CARTESIAN_POINT('',(-33.5435016005908,-36.701007194045,74.6380001265047));
#5214=CARTESIAN_POINT('Origin',(-32.9657295002811,-36.701007194045,73.821801988732));
#5215=CARTESIAN_POINT('',(6.98793224492658,-36.701007194045,63.9984987419941));
#5216=CARTESIAN_POINT('',(13.6120426000791,-36.701007194045,74.6380001265216));
#5217=CARTESIAN_POINT('',(29.2127531774252,-36.701007194045,78.7331866529641));
#5218=CARTESIAN_POINT('Origin',(13.0342704997189,-36.7010071940446,73.8218019887846));
#5219=CARTESIAN_POINT('',(19.0342704996532,-36.701007194045,83.6988349501853));
#5220=CARTESIAN_POINT('Origin',(10.0342704996532,-36.701007194045,83.6988349501852));
#5221=CARTESIAN_POINT('',(19.0342704996532,-36.701007194045,90.4145637027232));
#5222=CARTESIAN_POINT('',(19.0342704996532,-36.701007194045,113.698834950185));
#5223=CARTESIAN_POINT('',(13.4692993421975,-36.701007194045,103.849592545268));
#5224=CARTESIAN_POINT('Origin',(0.0342704996531618,-36.701007194045,90.4145637027233));
#5225=CARTESIAN_POINT('',(10.1850280947357,-36.701007194045,107.13386379273));
#5226=CARTESIAN_POINT('',(11.8271637184666,-36.701007194045,105.491728168999));
#5227=CARTESIAN_POINT('',(-3.25000074780881,-36.701007194045,112.698834950185));
#5228=CARTESIAN_POINT('Origin',(-3.25000074780875,-36.701007194045,93.6988349501852));
#5229=CARTESIAN_POINT('',(-16.6814582528849,-36.701007194045,112.698834950185));
#5230=CARTESIAN_POINT('',(20.0342704996532,-36.701007194045,112.698834950185));
#5231=CARTESIAN_POINT('',(-30.1164870954294,-36.701007194045,107.13386379273));
#5232=CARTESIAN_POINT('Origin',(-16.6814582528849,-36.701007194045,93.6988349501852));
#5233=CARTESIAN_POINT('',(-33.4007583428912,-36.701007194045,103.849592545268));
#5234=CARTESIAN_POINT('',(-33.4007583428912,-36.701007194045,103.849592545268));
#5235=CARTESIAN_POINT('',(-36.9256955619337,-36.701007194045,98.9795827447234));
#5236=CARTESIAN_POINT('Origin',(-19.9657295003468,-36.701007194045,90.4145637027233));
#5237=CARTESIAN_POINT('',(-37.006202058285,-36.701007194045,98.8267852401245));
#5238=CARTESIAN_POINT('Origin',(-41.3888445255092,-36.701007194045,101.233535124197));
#5239=CARTESIAN_POINT('Origin',(-38.4642263580768,-36.701007194045,93.6947666625616));
#5240=CARTESIAN_POINT('',(-37.3145967333461,-36.701007194045,78.484987275181));
#5241=CARTESIAN_POINT('Origin',(-38.4642263580768,-36.701007194045,83.6947666625616));
#5242=CARTESIAN_POINT('Origin',(-41.1449894029254,-36.701007194045,75.2712523768372));
#5243=CARTESIAN_POINT('',(-11.6689127944563,-36.701007194045,78.6488349501741));
#5244=CARTESIAN_POINT('',(-13.3720960885657,-36.701007194045,75.6988349501741));
#5245=CARTESIAN_POINT('',(-11.6689127944563,-36.701007194045,78.6488349501741));
#5246=CARTESIAN_POINT('',(-8.26254620623751,-36.701007194045,78.6488349501741));
#5247=CARTESIAN_POINT('',(-8.26254620623751,-36.701007194045,78.6488349501741));
#5248=CARTESIAN_POINT('',(-6.5593629121281,-36.701007194045,75.6988349501741));
#5249=CARTESIAN_POINT('',(-6.5593629121281,-36.701007194045,75.6988349501741));
#5250=CARTESIAN_POINT('',(-8.26254620623749,-36.701007194045,72.7488349501741));
#5251=CARTESIAN_POINT('',(-8.26254620623749,-36.701007194045,72.7488349501741));
#5252=CARTESIAN_POINT('',(-11.6689127944563,-36.701007194045,72.7488349501741));
#5253=CARTESIAN_POINT('',(-11.6689127944563,-36.701007194045,72.7488349501741));
#5254=CARTESIAN_POINT('',(-13.3720960885657,-36.701007194045,75.6988349501741));
#5255=CARTESIAN_POINT('',(-11.6689127944563,-36.701007194045,104.982168283519));
#5256=CARTESIAN_POINT('',(-13.3720960885657,-36.701007194045,102.032168283519));
#5257=CARTESIAN_POINT('',(-11.6689127944563,-36.701007194045,104.982168283519));
#5258=CARTESIAN_POINT('',(-8.26254620623748,-36.701007194045,104.982168283519));
#5259=CARTESIAN_POINT('',(-8.26254620623748,-36.701007194045,104.982168283519));
#5260=CARTESIAN_POINT('',(-6.55936291212809,-36.701007194045,102.032168283519));
#5261=CARTESIAN_POINT('',(-6.55936291212809,-36.701007194045,102.032168283519));
#5262=CARTESIAN_POINT('',(-8.26254620623748,-36.701007194045,99.0821682835185));
#5263=CARTESIAN_POINT('',(-8.26254620623748,-36.701007194045,99.0821682835185));
#5264=CARTESIAN_POINT('',(-11.6689127944563,-36.701007194045,99.0821682835185));
#5265=CARTESIAN_POINT('',(-11.6689127944563,-36.701007194045,99.0821682835185));
#5266=CARTESIAN_POINT('',(-13.3720960885657,-36.701007194045,102.032168283519));
#5267=CARTESIAN_POINT('',(-4.67560109705032,-36.701007194045,111.644963334374));
#5268=CARTESIAN_POINT('',(-6.37208732221605,-36.701007194045,108.691106902325));
#5269=CARTESIAN_POINT('',(-4.67560109705032,-36.701007194045,111.644963334374));
#5270=CARTESIAN_POINT('',(-1.26924327518111,-36.701007194045,111.652691382234));
#5271=CARTESIAN_POINT('',(-1.26924327518111,-36.701007194045,111.652691382234));
#5272=CARTESIAN_POINT('',(0.440628321522383,-36.701007194045,108.706562998046));
#5273=CARTESIAN_POINT('',(0.440628321522383,-36.701007194045,108.706562998046));
#5274=CARTESIAN_POINT('',(-1.25585790364334,-36.701007194045,105.752706565997));
#5275=CARTESIAN_POINT('',(-1.25585790364334,-36.701007194045,105.752706565997));
#5276=CARTESIAN_POINT('',(-4.66221572551256,-36.701007194045,105.744978518136));
#5277=CARTESIAN_POINT('',(-4.66221572551256,-36.701007194045,105.744978518136));
#5278=CARTESIAN_POINT('',(-6.37208732221605,-36.701007194045,108.691106902325));
#5279=CARTESIAN_POINT('',(-18.6689127944562,-36.701007194045,111.648834950185));
#5280=CARTESIAN_POINT('',(-20.3720960885656,-36.701007194045,108.698834950185));
#5281=CARTESIAN_POINT('',(-18.6689127944562,-36.701007194045,111.648834950185));
#5282=CARTESIAN_POINT('',(-15.2625462062374,-36.701007194045,111.648834950185));
#5283=CARTESIAN_POINT('',(-15.2625462062374,-36.701007194045,111.648834950185));
#5284=CARTESIAN_POINT('',(-13.5593629121281,-36.701007194045,108.698834950185));
#5285=CARTESIAN_POINT('',(-13.5593629121281,-36.701007194045,108.698834950185));
#5286=CARTESIAN_POINT('',(-15.2625462062375,-36.701007194045,105.748834950185));
#5287=CARTESIAN_POINT('',(-15.2625462062375,-36.701007194045,105.748834950185));
#5288=CARTESIAN_POINT('',(-18.6689127944562,-36.701007194045,105.748834950185));
#5289=CARTESIAN_POINT('',(-18.6689127944562,-36.701007194045,105.748834950185));
#5290=CARTESIAN_POINT('',(-20.3720960885656,-36.701007194045,108.698834950185));
#5291=CARTESIAN_POINT('',(2.33108720554377,-36.701007194045,91.6488349501852));
#5292=CARTESIAN_POINT('',(5.73745379376257,-36.701007194045,91.6488349501852));
#5293=CARTESIAN_POINT('',(2.33108720554376,-36.701007194045,85.7488349501852));
#5294=CARTESIAN_POINT('',(2.33108720554376,-36.701007194045,85.7488349501852));
#5295=CARTESIAN_POINT('',(0.62790391143436,-36.701007194045,88.6988349501852));
#5296=CARTESIAN_POINT('',(0.627903911434367,-36.701007194045,88.6988349501852));
#5297=CARTESIAN_POINT('',(2.33108720554377,-36.701007194045,91.6488349501852));
#5298=CARTESIAN_POINT('Origin',(20.0342704996532,-36.701007194045,113.698834950185));
#5299=CARTESIAN_POINT('',(7.44063708787196,-36.701007194045,88.6988349501852));
#5300=CARTESIAN_POINT('',(7.44063708787196,-36.701007194045,88.6988349501852));
#5301=CARTESIAN_POINT('',(5.73745379376257,-36.701007194045,85.7488349501852));
#5302=CARTESIAN_POINT('Origin',(20.0342704996532,-36.701007194045,113.698834950185));
#5303=CARTESIAN_POINT('',(-42.2142263580768,-36.701007194045,89.8999083596425));
#5304=CARTESIAN_POINT('Origin',(-38.4642263580768,-36.701007194045,93.6947666625616));
#5305=CARTESIAN_POINT('',(-42.2142263580767,-36.701007194045,113.698834950185));
#5306=CARTESIAN_POINT('Origin',(20.0342704996532,-36.701007194045,113.698834950185));
#5307=CARTESIAN_POINT('Origin',(-38.4642263580768,-36.701007194045,93.6947666625616));
#5308=CARTESIAN_POINT('Origin',(20.0342704996532,-34.101007194045,113.698834950185));
#5309=CARTESIAN_POINT('',(-11.6689127944563,-34.101007194045,78.6488349501741));
#5310=CARTESIAN_POINT('',(-13.3720960885657,-34.101007194045,75.6988349501741));
#5311=CARTESIAN_POINT('',(-11.6689127944563,-34.101007194045,78.6488349501741));
#5312=CARTESIAN_POINT('',(-11.6689127944563,-34.101007194045,72.7488349501741));
#5313=CARTESIAN_POINT('',(-13.3720960885657,-34.101007194045,75.6988349501741));
#5314=CARTESIAN_POINT('',(-8.26254620623749,-34.101007194045,72.7488349501741));
#5315=CARTESIAN_POINT('',(-11.6689127944563,-34.101007194045,72.7488349501741));
#5316=CARTESIAN_POINT('',(-6.5593629121281,-34.101007194045,75.6988349501741));
#5317=CARTESIAN_POINT('',(-8.26254620623749,-34.101007194045,72.7488349501741));
#5318=CARTESIAN_POINT('',(-8.26254620623751,-34.101007194045,78.6488349501741));
#5319=CARTESIAN_POINT('',(-6.5593629121281,-34.101007194045,75.6988349501741));
#5320=CARTESIAN_POINT('',(-8.26254620623751,-34.101007194045,78.6488349501741));
#5321=CARTESIAN_POINT('Origin',(-11.6689127944563,-34.101007194045,78.6488349501741));
#5322=CARTESIAN_POINT('',(-13.3720960885657,-34.101007194045,75.6988349501741));
#5323=CARTESIAN_POINT('',(-11.6689127944563,-34.101007194045,78.6488349501741));
#5324=CARTESIAN_POINT('Origin',(-8.26254620623751,-34.101007194045,78.6488349501741));
#5325=CARTESIAN_POINT('',(-8.26254620623751,-34.101007194045,78.6488349501741));
#5326=CARTESIAN_POINT('Origin',(-6.5593629121281,-34.101007194045,75.6988349501741));
#5327=CARTESIAN_POINT('',(-6.5593629121281,-34.101007194045,75.6988349501741));
#5328=CARTESIAN_POINT('Origin',(-8.26254620623749,-34.101007194045,72.7488349501741));
#5329=CARTESIAN_POINT('',(-8.26254620623749,-34.101007194045,72.7488349501741));
#5330=CARTESIAN_POINT('Origin',(-11.6689127944563,-34.101007194045,72.7488349501741));
#5331=CARTESIAN_POINT('',(-11.6689127944563,-34.101007194045,72.7488349501741));
#5332=CARTESIAN_POINT('Origin',(-13.3720960885657,-34.101007194045,75.6988349501741));
#5333=CARTESIAN_POINT('Origin',(20.0342704996532,-34.101007194045,113.698834950185));
#5334=CARTESIAN_POINT('',(-11.6689127944563,-34.101007194045,104.982168283519));
#5335=CARTESIAN_POINT('',(-13.3720960885657,-34.101007194045,102.032168283519));
#5336=CARTESIAN_POINT('',(-11.6689127944563,-34.101007194045,104.982168283519));
#5337=CARTESIAN_POINT('',(-11.6689127944563,-34.101007194045,99.0821682835185));
#5338=CARTESIAN_POINT('',(-13.3720960885657,-34.101007194045,102.032168283519));
#5339=CARTESIAN_POINT('',(-8.26254620623748,-34.101007194045,99.0821682835185));
#5340=CARTESIAN_POINT('',(-11.6689127944563,-34.101007194045,99.0821682835185));
#5341=CARTESIAN_POINT('',(-6.55936291212809,-34.101007194045,102.032168283519));
#5342=CARTESIAN_POINT('',(-8.26254620623748,-34.101007194045,99.0821682835185));
#5343=CARTESIAN_POINT('',(-8.26254620623748,-34.101007194045,104.982168283519));
#5344=CARTESIAN_POINT('',(-6.55936291212809,-34.101007194045,102.032168283519));
#5345=CARTESIAN_POINT('',(-8.26254620623748,-34.101007194045,104.982168283519));
#5346=CARTESIAN_POINT('Origin',(-11.6689127944563,-34.101007194045,104.982168283519));
#5347=CARTESIAN_POINT('',(-13.3720960885657,-34.101007194045,102.032168283519));
#5348=CARTESIAN_POINT('',(-11.6689127944563,-34.101007194045,104.982168283519));
#5349=CARTESIAN_POINT('Origin',(-8.26254620623748,-34.101007194045,104.982168283519));
#5350=CARTESIAN_POINT('',(-8.26254620623748,-34.101007194045,104.982168283519));
#5351=CARTESIAN_POINT('Origin',(-6.55936291212809,-34.101007194045,102.032168283519));
#5352=CARTESIAN_POINT('',(-6.55936291212809,-34.101007194045,102.032168283519));
#5353=CARTESIAN_POINT('Origin',(-8.26254620623748,-34.101007194045,99.0821682835185));
#5354=CARTESIAN_POINT('',(-8.26254620623748,-34.101007194045,99.0821682835185));
#5355=CARTESIAN_POINT('Origin',(-11.6689127944563,-34.101007194045,99.0821682835185));
#5356=CARTESIAN_POINT('',(-11.6689127944563,-34.101007194045,99.0821682835185));
#5357=CARTESIAN_POINT('Origin',(-13.3720960885657,-34.101007194045,102.032168283519));
#5358=CARTESIAN_POINT('Origin',(20.0342704996532,-34.101007194045,113.698834950185));
#5359=CARTESIAN_POINT('',(2.33108720554377,-34.101007194045,91.6488349501852));
#5360=CARTESIAN_POINT('',(0.627903911434367,-34.101007194045,88.6988349501852));
#5361=CARTESIAN_POINT('',(2.33108720554377,-34.101007194045,91.6488349501852));
#5362=CARTESIAN_POINT('',(2.33108720554376,-34.101007194045,85.7488349501852));
#5363=CARTESIAN_POINT('',(0.627903911434367,-34.101007194045,88.6988349501852));
#5364=CARTESIAN_POINT('',(5.73745379376257,-34.101007194045,85.7488349501852));
#5365=CARTESIAN_POINT('',(2.33108720554376,-34.101007194045,85.7488349501852));
#5366=CARTESIAN_POINT('',(7.44063708787196,-34.101007194045,88.6988349501852));
#5367=CARTESIAN_POINT('',(5.73745379376257,-34.101007194045,85.7488349501852));
#5368=CARTESIAN_POINT('',(5.73745379376257,-34.101007194045,91.6488349501852));
#5369=CARTESIAN_POINT('',(7.44063708787196,-34.101007194045,88.6988349501852));
#5370=CARTESIAN_POINT('',(5.73745379376257,-34.101007194045,91.6488349501852));
#5371=CARTESIAN_POINT('Origin',(2.33108720554377,-34.101007194045,91.6488349501852));
#5372=CARTESIAN_POINT('',(0.627903911434367,-34.101007194045,88.6988349501852));
#5373=CARTESIAN_POINT('',(2.33108720554377,-34.101007194045,91.6488349501852));
#5374=CARTESIAN_POINT('Origin',(5.73745379376257,-34.101007194045,91.6488349501852));
#5375=CARTESIAN_POINT('',(5.73745379376257,-34.101007194045,91.6488349501852));
#5376=CARTESIAN_POINT('Origin',(7.44063708787196,-34.101007194045,88.6988349501852));
#5377=CARTESIAN_POINT('',(7.44063708787196,-34.101007194045,88.6988349501852));
#5378=CARTESIAN_POINT('Origin',(5.73745379376257,-34.101007194045,85.7488349501852));
#5379=CARTESIAN_POINT('',(5.73745379376257,-34.101007194045,85.7488349501852));
#5380=CARTESIAN_POINT('Origin',(2.33108720554376,-34.101007194045,85.7488349501852));
#5381=CARTESIAN_POINT('',(2.33108720554376,-34.101007194045,85.7488349501852));
#5382=CARTESIAN_POINT('Origin',(0.627903911434367,-34.101007194045,88.6988349501852));
#5383=CARTESIAN_POINT('Origin',(20.0342704996532,-34.101007194045,113.698834950185));
#5384=CARTESIAN_POINT('',(-4.67560109705032,-34.101007194045,111.644963334374));
#5385=CARTESIAN_POINT('',(-6.37208732221605,-34.101007194045,108.691106902325));
#5386=CARTESIAN_POINT('',(-4.67560109705032,-34.101007194045,111.644963334374));
#5387=CARTESIAN_POINT('',(-4.66221572551256,-34.101007194045,105.744978518136));
#5388=CARTESIAN_POINT('',(-6.37208732221605,-34.101007194045,108.691106902325));
#5389=CARTESIAN_POINT('',(-1.25585790364334,-34.101007194045,105.752706565997));
#5390=CARTESIAN_POINT('',(-4.66221572551256,-34.101007194045,105.744978518136));
#5391=CARTESIAN_POINT('',(0.440628321522383,-34.101007194045,108.706562998046));
#5392=CARTESIAN_POINT('',(-1.25585790364334,-34.101007194045,105.752706565997));
#5393=CARTESIAN_POINT('',(-1.26924327518111,-34.101007194045,111.652691382234));
#5394=CARTESIAN_POINT('',(0.440628321522383,-34.101007194045,108.706562998046));
#5395=CARTESIAN_POINT('',(-1.26924327518111,-34.101007194045,111.652691382234));
#5396=CARTESIAN_POINT('Origin',(-4.67560109705032,-34.101007194045,111.644963334374));
#5397=CARTESIAN_POINT('',(-6.37208732221605,-34.101007194045,108.691106902325));
#5398=CARTESIAN_POINT('',(-4.67560109705032,-34.101007194045,111.644963334374));
#5399=CARTESIAN_POINT('Origin',(-1.26924327518111,-34.101007194045,111.652691382234));
#5400=CARTESIAN_POINT('',(-1.26924327518111,-34.101007194045,111.652691382234));
#5401=CARTESIAN_POINT('Origin',(0.440628321522383,-34.101007194045,108.706562998046));
#5402=CARTESIAN_POINT('',(0.440628321522383,-34.101007194045,108.706562998046));
#5403=CARTESIAN_POINT('Origin',(-1.25585790364334,-34.101007194045,105.752706565997));
#5404=CARTESIAN_POINT('',(-1.25585790364334,-34.101007194045,105.752706565997));
#5405=CARTESIAN_POINT('Origin',(-4.66221572551256,-34.101007194045,105.744978518136));
#5406=CARTESIAN_POINT('',(-4.66221572551256,-34.101007194045,105.744978518136));
#5407=CARTESIAN_POINT('Origin',(-6.37208732221605,-34.101007194045,108.691106902325));
#5408=CARTESIAN_POINT('Origin',(-18.6689127944562,-34.101007194045,111.648834950185));
#5409=CARTESIAN_POINT('',(-20.3720960885656,-34.101007194045,108.698834950185));
#5410=CARTESIAN_POINT('',(-20.3720960885656,-34.101007194045,108.698834950185));
#5411=CARTESIAN_POINT('',(-18.6689127944562,-34.101007194045,111.648834950185));
#5412=CARTESIAN_POINT('',(-18.6689127944562,-34.101007194045,111.648834950185));
#5413=CARTESIAN_POINT('',(-18.6689127944562,-34.101007194045,111.648834950185));
#5414=CARTESIAN_POINT('Origin',(-15.2625462062374,-34.101007194045,111.648834950185));
#5415=CARTESIAN_POINT('',(-15.2625462062374,-34.101007194045,111.648834950185));
#5416=CARTESIAN_POINT('',(-15.2625462062374,-34.101007194045,111.648834950185));
#5417=CARTESIAN_POINT('',(-15.2625462062374,-34.101007194045,111.648834950185));
#5418=CARTESIAN_POINT('Origin',(-13.5593629121281,-34.101007194045,108.698834950185));
#5419=CARTESIAN_POINT('',(-13.5593629121281,-34.101007194045,108.698834950185));
#5420=CARTESIAN_POINT('',(-13.5593629121281,-34.101007194045,108.698834950185));
#5421=CARTESIAN_POINT('',(-13.5593629121281,-34.101007194045,108.698834950185));
#5422=CARTESIAN_POINT('Origin',(-15.2625462062375,-34.101007194045,105.748834950185));
#5423=CARTESIAN_POINT('',(-15.2625462062375,-34.101007194045,105.748834950185));
#5424=CARTESIAN_POINT('',(-15.2625462062375,-34.101007194045,105.748834950185));
#5425=CARTESIAN_POINT('',(-15.2625462062375,-34.101007194045,105.748834950185));
#5426=CARTESIAN_POINT('Origin',(-18.6689127944562,-34.101007194045,105.748834950185));
#5427=CARTESIAN_POINT('',(-18.6689127944562,-34.101007194045,105.748834950185));
#5428=CARTESIAN_POINT('',(-18.6689127944562,-34.101007194045,105.748834950185));
#5429=CARTESIAN_POINT('',(-18.6689127944562,-34.101007194045,105.748834950185));
#5430=CARTESIAN_POINT('Origin',(-20.3720960885656,-34.101007194045,108.698834950185));
#5431=CARTESIAN_POINT('',(-20.3720960885656,-34.101007194045,108.698834950185));
#5432=CARTESIAN_POINT('Origin',(20.0342704996532,-34.101007194045,113.698834950185));
#5433=CARTESIAN_POINT('Origin',(-38.4642263580768,-47.851007194045,93.6947666625616));
#5434=CARTESIAN_POINT('Origin',(20.0342704996532,-36.701007194045,113.698834950185));
#5435=CARTESIAN_POINT('Origin',(-38.4642263580768,-47.851007194045,83.6947666625616));
#5436=CARTESIAN_POINT('Origin',(20.0342704996532,-36.701007194045,113.698834950185));
#5437=CARTESIAN_POINT('Ctrl Pts',(-39.7811543207163,-38.1210365026037,80.0928496743333));
#5438=CARTESIAN_POINT('Ctrl Pts',(-39.8072811589516,-37.3539375611177,80.1024021331934));
#5439=CARTESIAN_POINT('Ctrl Pts',(-40.0363504013286,-36.9052266165421,79.5232644832429));
#5440=CARTESIAN_POINT('Ctrl Pts',(-39.5847028525206,-38.1104842287601,80.0210233572322));
#5441=CARTESIAN_POINT('Ctrl Pts',(-39.5809476038353,-37.3614898246073,80.0180470879446));
#5442=CARTESIAN_POINT('Ctrl Pts',(-39.7503463771037,-36.9108126181413,79.4428843727508));
#5443=CARTESIAN_POINT('Ctrl Pts',(-39.3836226166933,-38.1234493890168,79.9657854786952));
#5444=CARTESIAN_POINT('Ctrl Pts',(-39.331817114065,-37.3558405983532,79.952362492525));
#5445=CARTESIAN_POINT('Ctrl Pts',(-39.4578894319841,-36.9058847690354,79.3389508562684));
#5446=CARTESIAN_POINT('Ctrl Pts',(-38.9786519753643,-38.1700819639969,79.8887245668583));
#5447=CARTESIAN_POINT('Ctrl Pts',(-38.8921923758272,-37.3051652801582,79.8759683438157));
#5448=CARTESIAN_POINT('Ctrl Pts',(-38.9567875182474,-36.8728567785535,79.1232351621211));
#5449=CARTESIAN_POINT('Ctrl Pts',(-38.7739261945672,-38.2010071554066,79.8665006185639));
#5450=CARTESIAN_POINT('Ctrl Pts',(-38.6957526682143,-37.2544996440843,79.8644334803457));
#5451=CARTESIAN_POINT('Ctrl Pts',(-38.7442411704016,-36.8429647748428,79.0102221854093));
#5452=CARTESIAN_POINT('Ctrl Pts',(-38.565601212203,-38.201007194045,79.860991970718));
#5453=CARTESIAN_POINT('Ctrl Pts',(-38.5656012122029,-37.1750051759152,79.860991970718));
#5454=CARTESIAN_POINT('Ctrl Pts',(-38.5908769037923,-36.803048904358,78.9051207384537));
#5455=CARTESIAN_POINT('',(-40.0317521254836,-36.9143254790175,79.534880271297));
#5456=CARTESIAN_POINT('Origin',(-40.296234589704,-38.1210365026037,78.6840585909929));
#5457=CARTESIAN_POINT('',(-38.5862468158772,-36.8845335682413,79.0802205107089));
#5458=CARTESIAN_POINT('Ctrl Pts',(-40.0317521254836,-36.9143254790175,79.534880271297));
#5459=CARTESIAN_POINT('Ctrl Pts',(-39.9688616323114,-36.9145834476455,79.515696299613));
#5460=CARTESIAN_POINT('Ctrl Pts',(-39.9060778950678,-36.9147538217874,79.4961622170473));
#5461=CARTESIAN_POINT('Ctrl Pts',(-39.8434083431266,-36.9148122861078,79.4763056733575));
#5462=CARTESIAN_POINT('Ctrl Pts',(-39.7646338161877,-36.9148857747324,79.451346346422));
#5463=CARTESIAN_POINT('Ctrl Pts',(-39.6860354630823,-36.9147817434273,79.4258754614989));
#5464=CARTESIAN_POINT('Ctrl Pts',(-39.6075625961143,-36.9144615926752,79.3999664829704));
#5465=CARTESIAN_POINT('Ctrl Pts',(-39.5458583494891,-36.9142098539313,79.3795939126452));
#5466=CARTESIAN_POINT('Ctrl Pts',(-39.484228631028,-36.9138246233258,79.3589505495051));
#5467=CARTESIAN_POINT('Ctrl Pts',(-39.4226684354409,-36.9132946456587,79.3380921940731));
#5468=CARTESIAN_POINT('Ctrl Pts',(-39.4059389621147,-36.9131506200077,79.332423769899));
#5469=CARTESIAN_POINT('Ctrl Pts',(-39.389214867917,-36.9129959496895,79.3267395993879));
#5470=CARTESIAN_POINT('Ctrl Pts',(-39.372496708095,-36.912830515382,79.321041118353));
#5471=CARTESIAN_POINT('Ctrl Pts',(-39.3520190155888,-36.9126278786735,79.314061178956));
#5472=CARTESIAN_POINT('Ctrl Pts',(-39.3315636050376,-36.9124085117315,79.3070624403529));
#5473=CARTESIAN_POINT('Ctrl Pts',(-39.3111001820632,-36.9121655160153,79.3000506345665));
#5474=CARTESIAN_POINT('Ctrl Pts',(-39.2746421513359,-36.9117325901409,79.2875582655657));
#5475=CARTESIAN_POINT('Ctrl Pts',(-39.238186224164,-36.9112218164464,79.2750306985725));
#5476=CARTESIAN_POINT('Ctrl Pts',(-39.2016997727801,-36.9106016346347,79.2625412824542));
#5477=CARTESIAN_POINT('Ctrl Pts',(-39.1682235398023,-36.9100326192871,79.2510822726609));
#5478=CARTESIAN_POINT('Ctrl Pts',(-39.1347212699064,-36.9093714620029,79.2396554536156));
#5479=CARTESIAN_POINT('Ctrl Pts',(-39.1012104410934,-36.9086018077757,79.2283210669777));
#5480=CARTESIAN_POINT('Ctrl Pts',(-39.0768300004485,-36.9080418541766,79.2200748567089));
#5481=CARTESIAN_POINT('Ctrl Pts',(-39.0524458748814,-36.9074246310865,79.2118776451726));
#5482=CARTESIAN_POINT('Ctrl Pts',(-39.0280820314232,-36.9067469919229,79.2037536761303));
#5483=CARTESIAN_POINT('Ctrl Pts',(-39.0046305019255,-36.9060947272314,79.1959339123905));
#5484=CARTESIAN_POINT('Ctrl Pts',(-38.9812157880699,-36.9053873789441,79.1881818646947));
#5485=CARTESIAN_POINT('Ctrl Pts',(-38.9576969790422,-36.9046012090177,79.1805253181782));
#5486=CARTESIAN_POINT('Ctrl Pts',(-38.9558460197942,-36.9045393364758,79.1799227385337));
#5487=CARTESIAN_POINT('Ctrl Pts',(-38.9539944424392,-36.9044769796453,79.1793207501462));
#5488=CARTESIAN_POINT('Ctrl Pts',(-38.952142192142,-36.9044141289923,79.178719366416));
#5489=CARTESIAN_POINT('Ctrl Pts',(-38.9327969237412,-36.9037577043427,79.1724383958093));
#5490=CARTESIAN_POINT('Ctrl Pts',(-38.9133085291279,-36.9030444546355,79.1662016218346));
#5491=CARTESIAN_POINT('Ctrl Pts',(-38.8937468111854,-36.9022697018853,79.1600622282273));
#5492=CARTESIAN_POINT('Ctrl Pts',(-38.8745750233003,-36.9015103925324,79.1540452131405));
#5493=CARTESIAN_POINT('Ctrl Pts',(-38.8553322076668,-36.9006919298811,79.1481217685281));
#5494=CARTESIAN_POINT('Ctrl Pts',(-38.8361322786635,-36.8998174042841,79.1423425151518));
#5495=CARTESIAN_POINT('Ctrl Pts',(-38.8218696302086,-36.8991677638009,79.1380494024416));
#5496=CARTESIAN_POINT('Ctrl Pts',(-38.8076362177736,-36.8984874268974,79.1338357991882));
#5497=CARTESIAN_POINT('Ctrl Pts',(-38.7933930514541,-36.8977690354068,79.1297253698517));
#5498=CARTESIAN_POINT('Ctrl Pts',(-38.779455256352,-36.8970660461153,79.1257030674655));
#5499=CARTESIAN_POINT('Ctrl Pts',(-38.7655079880408,-36.8963266053223,79.1217795716718));
#5500=CARTESIAN_POINT('Ctrl Pts',(-38.7515644397003,-36.8955499992376,79.1179761128515));
#5501=CARTESIAN_POINT('Ctrl Pts',(-38.7430739386049,-36.8950771085033,79.1156601118959));
#5502=CARTESIAN_POINT('Ctrl Pts',(-38.7345858082866,-36.8945905603422,79.1133885992949));
#5503=CARTESIAN_POINT('Ctrl Pts',(-38.7261124578883,-36.894091354131,79.1111661745278));
#5504=CARTESIAN_POINT('Ctrl Pts',(-38.716762554092,-36.8935405059034,79.1087138437744));
#5505=CARTESIAN_POINT('Ctrl Pts',(-38.7074914850559,-36.8929812688318,79.1063013983045));
#5506=CARTESIAN_POINT('Ctrl Pts',(-38.698194799584,-36.8924024313112,79.103952252562));
#5507=CARTESIAN_POINT('Ctrl Pts',(-38.6888077729501,-36.8918179688983,79.1015802788389));
#5508=CARTESIAN_POINT('Ctrl Pts',(-38.6793945993041,-36.8912135208898,79.099272849216));
#5509=CARTESIAN_POINT('Ctrl Pts',(-38.6699008908466,-36.8905832634079,79.0970488891631));
#5510=CARTESIAN_POINT('Ctrl Pts',(-38.660285118722,-36.8899449025026,79.0947963349396));
#5511=CARTESIAN_POINT('Ctrl Pts',(-38.6505868134826,-36.8892800743576,79.0926294075002));
#5512=CARTESIAN_POINT('Ctrl Pts',(-38.6408033572175,-36.8885885127602,79.0905624390848));
#5513=CARTESIAN_POINT('Ctrl Pts',(-38.6306511874459,-36.8878708879706,79.0884175719033));
#5514=CARTESIAN_POINT('Ctrl Pts',(-38.6204073774511,-36.8871244832894,79.0863803421019));
#5515=CARTESIAN_POINT('Ctrl Pts',(-38.6101259992655,-36.886355102818,79.0844610282311));
#5516=CARTESIAN_POINT('Ctrl Pts',(-38.6021721329853,-36.8857598957089,79.0829762111567));
#5517=CARTESIAN_POINT('Ctrl Pts',(-38.5941970466082,-36.8851510734077,79.0815618390087));
#5518=CARTESIAN_POINT('Ctrl Pts',(-38.5862468158772,-36.8845335682413,79.0802205107089));
#5519=CARTESIAN_POINT('Origin',(-38.6052512072013,-38.201007194045,78.3615161029907));
#5520=CARTESIAN_POINT('Origin',(-38.4642263580768,-38.201007194045,83.6947666625616));
#5521=CARTESIAN_POINT('Ctrl Pts',(-38.5862468158772,-36.8845335682413,79.0802205107089));
#5522=CARTESIAN_POINT('Ctrl Pts',(-38.5289978143093,-36.8749674199728,79.061184083246));
#5523=CARTESIAN_POINT('Ctrl Pts',(-38.4719508754141,-36.865097377231,79.0418026974434));
#5524=CARTESIAN_POINT('Ctrl Pts',(-38.4151359785691,-36.8550554608926,79.0219320205095));
#5525=CARTESIAN_POINT('Ctrl Pts',(-38.3604418479519,-36.8453883856296,79.0028030691248));
#5526=CARTESIAN_POINT('Ctrl Pts',(-38.3059628827632,-36.8355617205283,78.9832208937027));
#5527=CARTESIAN_POINT('Ctrl Pts',(-38.2517372686985,-36.8257287554838,78.9630302169704));
#5528=CARTESIAN_POINT('Ctrl Pts',(-38.1976526615262,-36.8159213598288,78.9428920435546));
#5529=CARTESIAN_POINT('Ctrl Pts',(-38.1438201560345,-36.8061071319592,78.92214894062));
#5530=CARTESIAN_POINT('Ctrl Pts',(-38.0902879450955,-36.796480909015,78.9006150744763));
#5531=CARTESIAN_POINT('Ctrl Pts',(-38.0408559090962,-36.7875919841833,78.8807305446251));
#5532=CARTESIAN_POINT('Ctrl Pts',(-37.9916800860608,-36.7788634026897,78.8601717132802));
#5533=CARTESIAN_POINT('Ctrl Pts',(-37.9428054306932,-36.7704878277757,78.8387631928691));
#5534=CARTESIAN_POINT('Ctrl Pts',(-37.9387514880814,-36.7697931098327,78.8369874481094));
#5535=CARTESIAN_POINT('Ctrl Pts',(-37.9346996210316,-36.7691008444919,78.8352058398177));
#5536=CARTESIAN_POINT('Ctrl Pts',(-37.930649857077,-36.7684111549735,78.8334182580988));
#5537=CARTESIAN_POINT('Ctrl Pts',(-37.9122334664777,-36.765274776729,78.8252891909402));
#5538=CARTESIAN_POINT('Ctrl Pts',(-37.8938625111483,-36.7621919732367,78.8170376826936));
#5539=CARTESIAN_POINT('Ctrl Pts',(-37.8755383206715,-36.7591746446223,78.8086524417702));
#5540=CARTESIAN_POINT('Ctrl Pts',(-37.8269301447293,-36.7511706435534,78.7864090981074));
#5541=CARTESIAN_POINT('Ctrl Pts',(-37.7785776977928,-36.743609944424,78.7631612752196));
#5542=CARTESIAN_POINT('Ctrl Pts',(-37.7306169532113,-36.7367203734924,78.7387844068821));
#5543=CARTESIAN_POINT('Ctrl Pts',(-37.6869717946514,-36.7304507373901,78.7166010089165));
#5544=CARTESIAN_POINT('Ctrl Pts',(-37.6436512277435,-36.7247370447194,78.6934825145566));
#5545=CARTESIAN_POINT('Ctrl Pts',(-37.6007844493387,-36.7197896199345,78.6693241994085));
#5546=CARTESIAN_POINT('Ctrl Pts',(-37.5590671216384,-36.7149748578108,78.645813677106));
#5547=CARTESIAN_POINT('Ctrl Pts',(-37.5177794889148,-36.7108855741674,78.6213183751866));
#5548=CARTESIAN_POINT('Ctrl Pts',(-37.4770667327454,-36.707755240976,78.595731317894));
#5549=CARTESIAN_POINT('Ctrl Pts',(-37.4378734318431,-36.7047417360641,78.5710992042759));
#5550=CARTESIAN_POINT('Ctrl Pts',(-37.3992128705365,-36.7026167897305,78.5454553086167));
#5551=CARTESIAN_POINT('Ctrl Pts',(-37.361239815476,-36.7016286364483,78.5186942108189));
#5552=CARTESIAN_POINT('Ctrl Pts',(-37.3455706791283,-36.7012208865718,78.5076515572969));
#5553=CARTESIAN_POINT('Ctrl Pts',(-37.3300189120864,-36.701007194045,78.4964185565357));
#5554=CARTESIAN_POINT('Ctrl Pts',(-37.3145967333461,-36.701007194045,78.484987275181));
#5555=CARTESIAN_POINT('Origin',(-33.3764582635323,-38.201007194045,82.0891311636487));
#5556=CARTESIAN_POINT('Ctrl Pts',(-42.2698819914118,-38.0988336252486,83.2203296811458));
#5557=CARTESIAN_POINT('Ctrl Pts',(-42.2655144892916,-37.3657043411025,83.1852961367591));
#5558=CARTESIAN_POINT('Ctrl Pts',(-42.8379217414115,-36.915826404286,83.0921041238712));
#5559=CARTESIAN_POINT('Ctrl Pts',(-42.22609774901,-38.1225438371464,82.8691181287698));
#5560=CARTESIAN_POINT('Ctrl Pts',(-42.2189315579372,-37.3586138087383,82.8382451975351));
#5561=CARTESIAN_POINT('Ctrl Pts',(-42.8221706598726,-36.9088127138428,82.6945918274835));
#5562=CARTESIAN_POINT('Ctrl Pts',(-42.1350719989013,-38.1371401260171,82.5307274783249));
#5563=CARTESIAN_POINT('Ctrl Pts',(-42.1272357597845,-37.3486045025628,82.508324811472));
#5564=CARTESIAN_POINT('Ctrl Pts',(-42.746532073665,-36.9014548192987,82.3024676826303));
#5565=CARTESIAN_POINT('Ctrl Pts',(-41.9320700129075,-38.1516872343397,82.0477502517137));
#5566=CARTESIAN_POINT('Ctrl Pts',(-41.9259887046483,-37.3363509406501,82.0351793158207));
#5567=CARTESIAN_POINT('Ctrl Pts',(-42.5419106487198,-36.8929314374854,81.7354680953626));
#5568=CARTESIAN_POINT('Ctrl Pts',(-41.8524852456117,-38.1552872203534,81.8895660211254));
#5569=CARTESIAN_POINT('Ctrl Pts',(-41.8470871026109,-37.3326661381876,81.879691324862));
#5570=CARTESIAN_POINT('Ctrl Pts',(-42.4574294869328,-36.8904804031734,81.5484084705728));
#5571=CARTESIAN_POINT('Ctrl Pts',(-41.6730090051801,-38.160384371744,81.5869807226593));
#5572=CARTESIAN_POINT('Ctrl Pts',(-41.6692645416374,-37.3270983721941,81.5814445814886));
#5573=CARTESIAN_POINT('Ctrl Pts',(-42.2595859411776,-36.8868301765814,81.1902402287182));
#5574=CARTESIAN_POINT('Ctrl Pts',(-41.573746103763,-38.1618898303291,81.4432395909033));
#5575=CARTESIAN_POINT('Ctrl Pts',(-41.5711253778686,-37.3252337525828,81.4397849684808));
#5576=CARTESIAN_POINT('Ctrl Pts',(-42.1470429211113,-36.8856363497078,81.0201807209731));
#5577=CARTESIAN_POINT('Ctrl Pts',(-41.3566863124626,-38.163167259816,81.1704523763648));
#5578=CARTESIAN_POINT('Ctrl Pts',(-41.3564461227892,-37.3236628493035,81.1703117463069));
#5579=CARTESIAN_POINT('Ctrl Pts',(-41.8961024776279,-36.8846302454904,80.6993902503302));
#5580=CARTESIAN_POINT('Ctrl Pts',(-41.238889562829,-38.1629389520789,81.0414061817623));
#5581=CARTESIAN_POINT('Ctrl Pts',(-41.2401966351012,-37.3239607299825,81.0429016133176));
#5582=CARTESIAN_POINT('Ctrl Pts',(-41.7578558871279,-36.8848191509103,80.5488773117705));
#5583=CARTESIAN_POINT('Ctrl Pts',(-40.9842192726887,-38.1606481436864,80.7984390824734));
#5584=CARTESIAN_POINT('Ctrl Pts',(-40.9888071761041,-37.3267247263184,80.8025681855679));
#5585=CARTESIAN_POINT('Ctrl Pts',(-41.456438515162,-36.8865958163174,80.2695860754567));
#5586=CARTESIAN_POINT('Ctrl Pts',(-40.848043719296,-38.158576774679,80.6854468625778));
#5587=CARTESIAN_POINT('Ctrl Pts',(-40.8547408037211,-37.3291882580906,80.6908682001481));
#5588=CARTESIAN_POINT('Ctrl Pts',(-41.2943077217671,-36.8881852705931,80.1420813924974));
#5589=CARTESIAN_POINT('Ctrl Pts',(-40.4230856265609,-38.1492075523978,80.3792096806104));
#5590=CARTESIAN_POINT('Ctrl Pts',(-40.4373655387141,-37.3388262025891,80.3883179207564));
#5591=CARTESIAN_POINT('Ctrl Pts',(-40.7889207579257,-36.8945886846791,79.8053801480262));
#5592=CARTESIAN_POINT('Ctrl Pts',(-40.1137012576731,-38.1388990390697,80.2144350305755));
#5593=CARTESIAN_POINT('Ctrl Pts',(-40.1354711204016,-37.3484101538524,80.2251425015406));
#5594=CARTESIAN_POINT('Ctrl Pts',(-40.4220858144234,-36.901116144602,79.6369740011606));
#5595=CARTESIAN_POINT('Ctrl Pts',(-39.7811543207162,-38.1210365026037,80.0928496743333));
#5596=CARTESIAN_POINT('Ctrl Pts',(-39.8071713245743,-37.3571623613717,80.1023619756986));
#5597=CARTESIAN_POINT('Ctrl Pts',(-40.034824312386,-36.9082260309835,79.5271217124973));
#5598=CARTESIAN_POINT('',(-42.8239857869593,-36.9197188925488,82.9777260442275));
#5599=CARTESIAN_POINT('',(-40.1278910979177,-36.9137239027598,79.5652871986323));
#5600=CARTESIAN_POINT('Ctrl Pts',(-42.823985786935,-36.9197188925674,82.9777260442261));
#5601=CARTESIAN_POINT('Ctrl Pts',(-42.8159691130242,-36.9181841057075,82.8707577152836));
#5602=CARTESIAN_POINT('Ctrl Pts',(-42.8036598058219,-36.916624365865,82.7648589139932));
#5603=CARTESIAN_POINT('Ctrl Pts',(-42.7871345580157,-36.9150740352797,82.6600079123839));
#5604=CARTESIAN_POINT('Ctrl Pts',(-42.7705518244876,-36.913518311621,82.5547921697679));
#5605=CARTESIAN_POINT('Ctrl Pts',(-42.7497236462028,-36.9119719888772,82.4506312383301));
#5606=CARTESIAN_POINT('Ctrl Pts',(-42.7246763980846,-36.9104698870961,82.3475157238514));
#5607=CARTESIAN_POINT('Ctrl Pts',(-42.6996092776957,-36.9089665935603,82.2443183984122));
#5608=CARTESIAN_POINT('Ctrl Pts',(-42.6703162685297,-36.907507515788,82.1421678517602));
#5609=CARTESIAN_POINT('Ctrl Pts',(-42.6367745535594,-36.9061287754325,82.0410716374621));
#5610=CARTESIAN_POINT('Ctrl Pts',(-42.6164273944304,-36.9052924005055,81.9797443987839));
#5611=CARTESIAN_POINT('Ctrl Pts',(-42.5945158050262,-36.9044856174304,81.9188054922451));
#5612=CARTESIAN_POINT('Ctrl Pts',(-42.5710261385228,-36.9037168889875,81.8582603639802));
#5613=CARTESIAN_POINT('Ctrl Pts',(-42.5694057276158,-36.9036638590326,81.854083719489));
#5614=CARTESIAN_POINT('Ctrl Pts',(-42.5677772206828,-36.9036109932059,81.849907453541));
#5615=CARTESIAN_POINT('Ctrl Pts',(-42.5661406302289,-36.9035582957656,81.8457316588648));
#5616=CARTESIAN_POINT('Ctrl Pts',(-42.5419806001753,-36.9027803541983,81.7840868382971));
#5617=CARTESIAN_POINT('Ctrl Pts',(-42.5162499591056,-36.9020429929877,81.7229324153348));
#5618=CARTESIAN_POINT('Ctrl Pts',(-42.488986941712,-36.9013536066145,81.6625019201027));
#5619=CARTESIAN_POINT('Ctrl Pts',(-42.4617472799168,-36.9006648108228,81.6021231942825));
#5620=CARTESIAN_POINT('Ctrl Pts',(-42.4329777468634,-36.9000239257959,81.5424670234252));
#5621=CARTESIAN_POINT('Ctrl Pts',(-42.4027592938366,-36.8994369466619,81.4837366427049));
#5622=CARTESIAN_POINT('Ctrl Pts',(-42.3771086544755,-36.8989386951443,81.4338839313811));
#5623=CARTESIAN_POINT('Ctrl Pts',(-42.3504147253783,-36.8984792665651,81.3846977223397));
#5624=CARTESIAN_POINT('Ctrl Pts',(-42.3227520251054,-36.8980614054084,81.3362867289415));
#5625=CARTESIAN_POINT('Ctrl Pts',(-42.2684485766603,-36.8972411202751,81.2412532051627));
#5626=CARTESIAN_POINT('Ctrl Pts',(-42.2101970588229,-36.8965783836764,81.1488248233051));
#5627=CARTESIAN_POINT('Ctrl Pts',(-42.1480759840593,-36.8960860290703,81.0589471132894));
#5628=CARTESIAN_POINT('Ctrl Pts',(-42.1014317679529,-36.8957163398025,80.9914615563336));
#5629=CARTESIAN_POINT('Ctrl Pts',(-42.0526068922616,-36.8954426696387,80.9254135225281));
#5630=CARTESIAN_POINT('Ctrl Pts',(-42.0016524223727,-36.8952695380869,80.8607725978386));
#5631=CARTESIAN_POINT('Ctrl Pts',(-42.0000691725404,-36.8952641585687,80.8587640844855));
#5632=CARTESIAN_POINT('Ctrl Pts',(-41.9984831160948,-36.8952588754466,80.8567559804134));
#5633=CARTESIAN_POINT('Ctrl Pts',(-41.9968942585578,-36.895253689124,80.8547483004832));
#5634=CARTESIAN_POINT('Ctrl Pts',(-41.9577550889696,-36.8951259316926,80.8052920569642));
#5635=CARTESIAN_POINT('Ctrl Pts',(-41.9172774716559,-36.8950582363039,80.7565568775769));
#5636=CARTESIAN_POINT('Ctrl Pts',(-41.8755696990368,-36.8950515129378,80.7087771766474));
#5637=CARTESIAN_POINT('Ctrl Pts',(-41.8337391467084,-36.8950447697793,80.6608568214124));
#5638=CARTESIAN_POINT('Ctrl Pts',(-41.7906709833051,-36.8950993549534,80.6138975484776));
#5639=CARTESIAN_POINT('Ctrl Pts',(-41.7465081364767,-36.8952140660884,80.5680949975988));
#5640=CARTESIAN_POINT('Ctrl Pts',(-41.7023452896483,-36.8953287772235,80.5222924467199));
#5641=CARTESIAN_POINT('Ctrl Pts',(-41.6570876189359,-36.8955036069367,80.4776465075683));
#5642=CARTESIAN_POINT('Ctrl Pts',(-41.6109142370561,-36.8957353169552,80.4343131181439));
#5643=CARTESIAN_POINT('Ctrl Pts',(-41.5285823223128,-36.8961484798797,80.3570452036361));
#5644=CARTESIAN_POINT('Ctrl Pts',(-41.4431975244851,-36.8967446789348,80.2838080632845));
#5645=CARTESIAN_POINT('Ctrl Pts',(-41.3548590325655,-36.8975091097405,80.2144614892786));
#5646=CARTESIAN_POINT('Ctrl Pts',(-41.2927117099121,-36.8980468971409,80.1656752374874));
#5647=CARTESIAN_POINT('Ctrl Pts',(-41.2291034150445,-36.8986679190285,80.1188139349098));
#5648=CARTESIAN_POINT('Ctrl Pts',(-41.1640821129575,-36.8993666809537,80.0738211082945));
#5649=CARTESIAN_POINT('Ctrl Pts',(-41.1639615014712,-36.8993679771246,80.0737376486972));
#5650=CARTESIAN_POINT('Ctrl Pts',(-41.1638408824568,-36.8993692735918,80.0736541936807));
#5651=CARTESIAN_POINT('Ctrl Pts',(-41.1637202559147,-36.8993705703554,80.073570743246));
#5652=CARTESIAN_POINT('Ctrl Pts',(-41.098531155032,-36.9000713684662,80.0284723867083));
#5653=CARTESIAN_POINT('Ctrl Pts',(-41.0318226903976,-36.9008524204911,79.9852014998968));
#5654=CARTESIAN_POINT('Ctrl Pts',(-40.9637086996809,-36.9017024809033,79.9439471853295));
#5655=CARTESIAN_POINT('Ctrl Pts',(-40.8963648136198,-36.9025429304341,79.9031592968133));
#5656=CARTESIAN_POINT('Ctrl Pts',(-40.8276468869247,-36.90345079513,79.8643426183767));
#5657=CARTESIAN_POINT('Ctrl Pts',(-40.7576874542276,-36.9044133258494,79.8276343216583));
#5658=CARTESIAN_POINT('Ctrl Pts',(-40.6880018992092,-36.9053720884468,79.7910697308378));
#5659=CARTESIAN_POINT('Ctrl Pts',(-40.6170844187642,-36.9063850499229,79.7565970400224));
#5660=CARTESIAN_POINT('Ctrl Pts',(-40.5450902771102,-36.9074383384636,79.7243064446496));
#5661=CARTESIAN_POINT('Ctrl Pts',(-40.4732516762661,-36.9084893514114,79.6920856119719));
#5662=CARTESIAN_POINT('Ctrl Pts',(-40.4003409583297,-36.9095804777463,79.6620374230681));
#5663=CARTESIAN_POINT('Ctrl Pts',(-40.3265382939995,-36.9106972622184,79.6342065015905));
#5664=CARTESIAN_POINT('Ctrl Pts',(-40.2609779579933,-36.9116893234929,79.609483755061));
#5665=CARTESIAN_POINT('Ctrl Pts',(-40.1947140988535,-36.9127016047719,79.5865100264101));
#5666=CARTESIAN_POINT('Ctrl Pts',(-40.1278910979153,-36.9137239027684,79.5652871986439));
#5667=CARTESIAN_POINT('Origin',(-43.6394211348055,-28.8186761371006,81.8779228666142));
#5668=CARTESIAN_POINT('',(-42.8318797589612,-36.9206005744439,83.0930890410898));
#5669=CARTESIAN_POINT('Origin',(-43.7583598602879,-38.0988336252486,83.0347666625616));
#5670=CARTESIAN_POINT('Origin',(-31.0966955903226,-25.3235807841809,74.7940625381771));
#5671=CARTESIAN_POINT('Ctrl Pts',(-35.0085695454751,-38.0700964980406,82.0356152849499));
#5672=CARTESIAN_POINT('Ctrl Pts',(-34.6965283133895,-36.3000252042919,82.7194382421781));
#5673=CARTESIAN_POINT('Ctrl Pts',(-33.1476682570714,-36.7014356948003,81.776932946474));
#5674=CARTESIAN_POINT('Ctrl Pts',(-34.8276589940469,-38.2772600848063,82.4035203290479));
#5675=CARTESIAN_POINT('Ctrl Pts',(-34.8947297606562,-36.5755786823465,82.3978546260954));
#5676=CARTESIAN_POINT('Ctrl Pts',(-33.2877521806183,-36.7011500203902,81.9617723762535));
#5677=CARTESIAN_POINT('Ctrl Pts',(-34.7143223315419,-38.2149230678058,82.8028269574459));
#5678=CARTESIAN_POINT('Ctrl Pts',(-34.7860785669753,-36.9133011757956,82.5259691210432));
#5679=CARTESIAN_POINT('Ctrl Pts',(-33.505070114434,-36.7007351579159,82.2631463841663));
#5680=CARTESIAN_POINT('Ctrl Pts',(-34.6345595406761,-37.9538217103136,83.3984283597857));
#5681=CARTESIAN_POINT('Ctrl Pts',(-34.6649016730864,-37.1051375723871,83.0451672489398));
#5682=CARTESIAN_POINT('Ctrl Pts',(-33.8666211811878,-36.7004204858897,82.8453995818784));
#5683=CARTESIAN_POINT('Ctrl Pts',(-34.6250289109757,-37.8300297340044,83.6024912775811));
#5684=CARTESIAN_POINT('Ctrl Pts',(-34.6316300162799,-37.1207683433611,83.2652007642513));
#5685=CARTESIAN_POINT('Ctrl Pts',(-33.9979773334223,-36.7003745936247,83.0717271261049));
#5686=CARTESIAN_POINT('Ctrl Pts',(-34.6361948388004,-37.5491482104249,84.0015670405401));
#5687=CARTESIAN_POINT('Ctrl Pts',(-34.6134121964592,-37.07763186221,83.72760295502));
#5688=CARTESIAN_POINT('Ctrl Pts',(-34.2567471287737,-36.7004051275038,83.5595565377404));
#5689=CARTESIAN_POINT('Ctrl Pts',(-34.6571836853075,-37.3915539923202,84.1958318273799));
#5690=CARTESIAN_POINT('Ctrl Pts',(-34.6253348173712,-37.0228091318695,83.9739524327117));
#5691=CARTESIAN_POINT('Ctrl Pts',(-34.3836594739819,-36.7004811721871,83.8205295917501));
#5692=CARTESIAN_POINT('Ctrl Pts',(-34.7087002242778,-37.1483003100546,84.477877413302));
#5693=CARTESIAN_POINT('Ctrl Pts',(-34.6787438159861,-36.9183190102209,84.3371090392834));
#5694=CARTESIAN_POINT('Ctrl Pts',(-34.5610357848391,-36.7006440764589,84.2257250249322));
#5695=CARTESIAN_POINT('Ctrl Pts',(-34.7292218796865,-37.0655273812142,84.5705464883499));
#5696=CARTESIAN_POINT('Ctrl Pts',(-34.7019694481921,-36.8798963648486,84.4573893787723));
#5697=CARTESIAN_POINT('Ctrl Pts',(-34.6181724232498,-36.7007066239722,84.3633087776283));
#5698=CARTESIAN_POINT('Ctrl Pts',(-34.7654362397257,-36.9431316755974,84.7093319814317));
#5699=CARTESIAN_POINT('Ctrl Pts',(-34.7456761261478,-36.8210189206254,84.6379385578812));
#5700=CARTESIAN_POINT('Ctrl Pts',(-34.7011216749059,-36.7008044135335,84.5749586167816));
#5701=CARTESIAN_POINT('Ctrl Pts',(-34.7783950794647,-36.9022831876232,84.7555110748427));
#5702=CARTESIAN_POINT('Ctrl Pts',(-34.7616692962188,-36.8010228483885,84.6980752596828));
#5703=CARTESIAN_POINT('Ctrl Pts',(-34.7282903905655,-36.7008379579564,84.6463106817997));
#5704=CARTESIAN_POINT('Ctrl Pts',(-34.7997367280268,-36.8459562871585,84.8262380137472));
#5705=CARTESIAN_POINT('Ctrl Pts',(-34.7885519569405,-36.7732225721909,84.7901728306363));
#5706=CARTESIAN_POINT('Ctrl Pts',(-34.7690930132028,-36.700884817985,84.7569302489935));
#5707=CARTESIAN_POINT('Ctrl Pts',(-34.807146368627,-36.8279132496899,84.8499960876797));
#5708=CARTESIAN_POINT('Ctrl Pts',(-34.7979642494692,-36.7642752652206,84.8211057896152));
#5709=CARTESIAN_POINT('Ctrl Pts',(-34.7826691677619,-36.7008999394726,84.7943045517299));
#5710=CARTESIAN_POINT('Ctrl Pts',(-34.8232397335622,-36.7988865168863,84.8997585604591));
#5711=CARTESIAN_POINT('Ctrl Pts',(-34.8185841785604,-36.7498565877017,84.8858609728718));
#5712=CARTESIAN_POINT('Ctrl Pts',(-34.8107783424444,-36.700924339245,84.8730615773307));
#5713=CARTESIAN_POINT('Ctrl Pts',(-34.8320512250356,-36.7885749578708,84.9261059897342));
#5714=CARTESIAN_POINT('Ctrl Pts',(-34.8299654197339,-36.7447172301294,84.9201450643789));
#5715=CARTESIAN_POINT('Ctrl Pts',(-34.8254955468999,-36.7009330461868,84.9150012702909));
#5716=CARTESIAN_POINT('Ctrl Pts',(-34.850459024603,-36.7922334353692,84.9791258005141));
#5717=CARTESIAN_POINT('Ctrl Pts',(-34.8539218452566,-36.7465386155652,84.9890529277065));
#5718=CARTESIAN_POINT('Ctrl Pts',(-34.8547077510425,-36.7009299607161,84.9999080723552));
#5719=CARTESIAN_POINT('Ctrl Pts',(-34.8596010867344,-36.8051911807146,85.0045139356029));
#5720=CARTESIAN_POINT('Ctrl Pts',(-34.865909280855,-36.7529937056903,85.0220245684683));
#5721=CARTESIAN_POINT('Ctrl Pts',(-34.8684994729114,-36.7009190270458,85.0408101794991));
#5722=CARTESIAN_POINT('Ctrl Pts',(-34.8774161489439,-36.8363602804481,85.0525419715504));
#5723=CARTESIAN_POINT('Ctrl Pts',(-34.8893838733706,-36.7684637198631,85.0843015070866));
#5724=CARTESIAN_POINT('Ctrl Pts',(-34.8942660665323,-36.7008928589394,85.118537519687));
#5725=CARTESIAN_POINT('Ctrl Pts',(-34.8861964029526,-36.8546740705858,85.0754907890983));
#5726=CARTESIAN_POINT('Ctrl Pts',(-34.9010167464394,-36.7775340098601,85.1140233925572));
#5727=CARTESIAN_POINT('Ctrl Pts',(-34.9064114372066,-36.7008775387557,85.1558583039527));
#5728=CARTESIAN_POINT('Ctrl Pts',(-34.9129116298642,-36.9114668180097,85.1434342738642));
#5729=CARTESIAN_POINT('Ctrl Pts',(-34.9365622687284,-36.8055238331975,85.2018995541608));
#5730=CARTESIAN_POINT('Ctrl Pts',(-34.9419095734562,-36.7008303951802,85.2667885162908));
#5731=CARTESIAN_POINT('Ctrl Pts',(-34.9312002816164,-36.9521272829232,85.1874461728967));
#5732=CARTESIAN_POINT('Ctrl Pts',(-34.9610954391104,-36.8253854276461,85.2586378116743));
#5733=CARTESIAN_POINT('Ctrl Pts',(-34.964275464742,-36.7007971109026,85.3392430483403));
#5734=CARTESIAN_POINT('Ctrl Pts',(-34.988330830932,-37.0741022192574,85.3181261569005));
#5735=CARTESIAN_POINT('Ctrl Pts',(-35.0381545382182,-36.8839067801483,85.4264405465566));
#5736=CARTESIAN_POINT('Ctrl Pts',(-35.0288105960388,-36.700700045937,85.5557166969525));
#5737=CARTESIAN_POINT('Ctrl Pts',(-35.0293490762247,-37.1563550091669,85.4032057793684));
#5738=CARTESIAN_POINT('Ctrl Pts',(-35.094088149187,-36.9219313273625,85.5346705936446));
#5739=CARTESIAN_POINT('Ctrl Pts',(-35.0682825331505,-36.7006382664517,85.6984716713414));
#5740=CARTESIAN_POINT('Ctrl Pts',(-35.1626728459863,-37.398022178197,85.6553822008738));
#5741=CARTESIAN_POINT('Ctrl Pts',(-35.2758953881845,-37.0251812532563,85.8511058190942));
#5742=CARTESIAN_POINT('Ctrl Pts',(-35.1774034725601,-36.7004777329466,86.1242864513846));
#5743=CARTESIAN_POINT('Ctrl Pts',(-35.2656890410009,-37.5543007915841,85.8200707797409));
#5744=CARTESIAN_POINT('Ctrl Pts',(-35.4179168706844,-37.0789903312795,86.050605162721));
#5745=CARTESIAN_POINT('Ctrl Pts',(-35.2377723890826,-36.700403482481,86.405978183743));
#5746=CARTESIAN_POINT('Ctrl Pts',(-35.5023616696199,-37.8330029182661,86.1391308184308));
#5747=CARTESIAN_POINT('Ctrl Pts',(-35.7161721074772,-37.1205932777626,86.4005137108623));
#5748=CARTESIAN_POINT('Ctrl Pts',(-35.3339943648945,-36.7003753872125,86.9461685031045));
#5749=CARTESIAN_POINT('Ctrl Pts',(-35.6353690335089,-37.9559641658548,86.2931380698265));
#5750=CARTESIAN_POINT('Ctrl Pts',(-35.8773631319782,-37.1044370413122,86.5521417153206));
#5751=CARTESIAN_POINT('Ctrl Pts',(-35.3699141097989,-36.7004219539759,87.204025121546));
#5752=CARTESIAN_POINT('Ctrl Pts',(-36.0649931070903,-38.2153775587441,86.7114501899369));
#5753=CARTESIAN_POINT('Ctrl Pts',(-36.2911554050363,-36.9114188483064,86.8838720883174));
#5754=CARTESIAN_POINT('Ctrl Pts',(-35.4439763498413,-36.7007377370005,87.8829913722625));
#5755=CARTESIAN_POINT('Ctrl Pts',(-36.3919332610958,-38.2755475987271,86.9491434854243));
#5756=CARTESIAN_POINT('Ctrl Pts',(-36.450241993714,-36.5807000137816,86.9148635478739));
#5757=CARTESIAN_POINT('Ctrl Pts',(-35.4580960354953,-36.7011444456724,88.2427781167331));
#5758=CARTESIAN_POINT('Ctrl Pts',(-36.7773651072721,-38.0725455611764,87.139883774408));
#5759=CARTESIAN_POINT('Ctrl Pts',(-36.1055710524145,-36.2915616030877,86.789824758556));
#5760=CARTESIAN_POINT('Ctrl Pts',(-35.4634200151468,-36.7014431675628,88.4982158561728));
#5761=CARTESIAN_POINT('Ctrl Pts',(-41.8787349364478,-38.201007194045,85.4409729553861));
#5762=CARTESIAN_POINT('Ctrl Pts',(-41.8787349364478,-37.1758623782399,85.4409729553861));
#5763=CARTESIAN_POINT('Ctrl Pts',(-42.7291017241132,-36.8034728626857,85.8758571566549));
#5764=CARTESIAN_POINT('Ctrl Pts',(-41.9658605504852,-38.2010071797002,85.2706086875737));
#5765=CARTESIAN_POINT('Ctrl Pts',(-41.9471120987741,-37.2366259183503,85.3072691852428));
#5766=CARTESIAN_POINT('Ctrl Pts',(-42.7442019054444,-36.8339687157417,85.6749702569649));
#5767=CARTESIAN_POINT('Ctrl Pts',(-42.0395153009432,-38.1867310973807,85.0953393778366));
#5768=CARTESIAN_POINT('Ctrl Pts',(-42.0190085157536,-37.2780281132914,85.1473119204902));
#5769=CARTESIAN_POINT('Ctrl Pts',(-42.7639050114222,-36.8568792508563,85.4603752638079));
#5770=CARTESIAN_POINT('Ctrl Pts',(-42.1605704515492,-38.1514156001422,84.7346393943933));
#5771=CARTESIAN_POINT('Ctrl Pts',(-42.1423818677042,-37.3329335637779,84.7976667599967));
#5772=CARTESIAN_POINT('Ctrl Pts',(-42.8005689360998,-36.8901609082166,85.0132611332787));
#5773=CARTESIAN_POINT('Ctrl Pts',(-42.2081345141548,-38.1301350155035,84.5477615063122));
#5774=CARTESIAN_POINT('Ctrl Pts',(-42.1956474346083,-37.3478294027925,84.6051011486647));
#5775=CARTESIAN_POINT('Ctrl Pts',(-42.8177944691068,-36.9009010802337,84.7778407962918));
#5776=CARTESIAN_POINT('Ctrl Pts',(-42.2742716778252,-38.0972957307919,84.1722634123681));
#5777=CARTESIAN_POINT('Ctrl Pts',(-42.2698344374868,-37.3648659379741,84.2107742691252));
#5778=CARTESIAN_POINT('Ctrl Pts',(-42.8424819687766,-36.914451634829,84.3032192105413));
#5779=CARTESIAN_POINT('Ctrl Pts',(-42.293195919813,-38.0857909123331,83.9833463499592));
#5780=CARTESIAN_POINT('Ctrl Pts',(-42.2922242453647,-37.3677918537487,84.0062185951658));
#5781=CARTESIAN_POINT('Ctrl Pts',(-42.850217158313,-36.9175880651328,84.062176316745));
#5782=CARTESIAN_POINT('Ctrl Pts',(-42.3029596764582,-38.0800572120716,83.6030461576058));
#5783=CARTESIAN_POINT('Ctrl Pts',(-42.3035194499494,-37.3694582228993,83.59617871954));
#5784=CARTESIAN_POINT('Ctrl Pts',(-42.8541174923627,-36.9192641283088,83.5781976274266));
#5785=CARTESIAN_POINT('Ctrl Pts',(-42.2936323915026,-38.0859722109091,83.4108414823759));
#5786=CARTESIAN_POINT('Ctrl Pts',(-42.2924000936369,-37.3682516607546,83.3867111221239));
#5787=CARTESIAN_POINT('Ctrl Pts',(-42.8502389973045,-36.9178124013611,83.3325236153673));
#5788=CARTESIAN_POINT('Ctrl Pts',(-42.2698819914118,-38.0988336252486,83.2203296811458));
#5789=CARTESIAN_POINT('Ctrl Pts',(-42.2654995356926,-37.3631942286744,83.1851761877445));
#5790=CARTESIAN_POINT('Ctrl Pts',(-42.8410854608674,-36.913346866843,83.0915893852424));
#5791=CARTESIAN_POINT('Ctrl Pts',(-42.6142263580768,-36.8609152773087,85.8171089993552));
#5792=CARTESIAN_POINT('Ctrl Pts',(-42.6736023010817,-36.8851013848982,85.5953773592775));
#5793=CARTESIAN_POINT('Ctrl Pts',(-42.7152754713457,-36.8972978450231,85.3711110649534));
#5794=CARTESIAN_POINT('Ctrl Pts',(-42.7813734160269,-36.9135259538391,84.9202214909651));
#5795=CARTESIAN_POINT('Ctrl Pts',(-42.8049686586071,-36.9171375271683,84.6934839787617));
#5796=CARTESIAN_POINT('Ctrl Pts',(-42.8536541904487,-36.9235772196087,84.0104456992111));
#5797=CARTESIAN_POINT('Ctrl Pts',(-42.8570427462494,-36.9234724391211,83.5508332820862));
#5798=CARTESIAN_POINT('Ctrl Pts',(-42.8318797589612,-36.9206005744439,83.0930890410898));
#5799=CARTESIAN_POINT('Ctrl Pts',(-36.2977540838626,-38.201007194045,90.5301966864146));
#5800=CARTESIAN_POINT('Ctrl Pts',(-36.2977540838626,-36.7005065095634,90.5301966864146));
#5801=CARTESIAN_POINT('Ctrl Pts',(-35.4501150561307,-36.7010072775788,89.2920488228591));
#5802=CARTESIAN_POINT('Ctrl Pts',(-36.1102807842215,-38.2010071595892,90.6585413616436));
#5803=CARTESIAN_POINT('Ctrl Pts',(-36.2757567265438,-36.848743402494,90.545256075076));
#5804=CARTESIAN_POINT('Ctrl Pts',(-35.4402281264222,-36.7009553010188,89.4831716797803));
#5805=CARTESIAN_POINT('Ctrl Pts',(-35.9368114935982,-38.1390464623712,90.8021698942521));
#5806=CARTESIAN_POINT('Ctrl Pts',(-36.1584814916996,-36.9763969065185,90.6113312503398));
#5807=CARTESIAN_POINT('Ctrl Pts',(-35.4237050184349,-36.7009053373421,89.7082797877179));
#5808=CARTESIAN_POINT('Ctrl Pts',(-35.6274312952884,-37.94916281329,91.1048755967132));
#5809=CARTESIAN_POINT('Ctrl Pts',(-35.8692658359668,-37.1071423104886,90.8444432230237));
#5810=CARTESIAN_POINT('Ctrl Pts',(-35.3698153311604,-36.7008429411254,90.1996738491467));
#5811=CARTESIAN_POINT('Ctrl Pts',(-35.4933212231284,-37.8232237536288,91.2611858852251));
#5812=CARTESIAN_POINT('Ctrl Pts',(-35.7057513909961,-37.1213750415885,90.9993757975687));
#5813=CARTESIAN_POINT('Ctrl Pts',(-35.3330732110357,-36.7008306626407,90.461483149433));
#5814=CARTESIAN_POINT('Ctrl Pts',(-35.2549706935093,-37.5373017547525,91.5854371956156));
#5815=CARTESIAN_POINT('Ctrl Pts',(-35.4041554290699,-37.0745722866827,91.3568686307106));
#5816=CARTESIAN_POINT('Ctrl Pts',(-35.2343345406959,-36.7008407643677,91.010524081809));
#5817=CARTESIAN_POINT('Ctrl Pts',(-35.1516030672363,-37.377220916798,91.7527781594332));
#5818=CARTESIAN_POINT('Ctrl Pts',(-35.2612046716618,-37.0176314011594,91.560580365578));
#5819=CARTESIAN_POINT('Ctrl Pts',(-35.1722984843969,-36.7008629747394,91.2966898597265));
#5820=CARTESIAN_POINT('Ctrl Pts',(-34.9745909950341,-37.0463235743666,92.092506556866));
#5821=CARTESIAN_POINT('Ctrl Pts',(-35.0214228335835,-36.874720042672,91.9849843599807));
#5822=CARTESIAN_POINT('Ctrl Pts',(-35.0238935218075,-36.7009257687599,91.8696804609911));
#5823=CARTESIAN_POINT('Ctrl Pts',(-34.9001129641394,-36.8742112130825,92.2660765609085));
#5824=CARTESIAN_POINT('Ctrl Pts',(-34.9186223002655,-36.7875663527417,92.2123613447861));
#5825=CARTESIAN_POINT('Ctrl Pts',(-34.9371832584225,-36.7009663281492,92.158496318399));
#5826=CARTESIAN_POINT('Ctrl Pts',(-34.8383389614273,-36.701007194045,92.4453484636833));
#5827=CARTESIAN_POINT('Ctrl Pts',(-34.8383389614273,-36.701007194045,92.4453484636833));
#5828=CARTESIAN_POINT('Ctrl Pts',(-34.8383389614273,-36.701007194045,92.4453484636833));
#5829=CARTESIAN_POINT('Origin',(-35.4503978476717,-38.201007194045,89.2924618969753));
#5830=CARTESIAN_POINT('Origin',(-38.4642263580768,-38.201007194045,93.6947666625616));
#5831=CARTESIAN_POINT('',(-42.6142263580767,-36.8609152773087,91.5724243257679));
#5832=CARTESIAN_POINT('Origin',(-43.2142263580768,-38.201007194045,91.2655796505689));
#5833=CARTESIAN_POINT('Ctrl Pts',(-42.6142263580767,-36.8609152773087,91.5724243257679));
#5834=CARTESIAN_POINT('Ctrl Pts',(-42.5961739044046,-36.8488404165398,91.484389897607));
#5835=CARTESIAN_POINT('Ctrl Pts',(-42.5774015314383,-36.8367493241039,91.3965315270277));
#5836=CARTESIAN_POINT('Ctrl Pts',(-42.5580112972535,-36.8248734535955,91.3087995309912));
#5837=CARTESIAN_POINT('Ctrl Pts',(-42.5392135026843,-36.8133604325552,91.2237480549274));
#5838=CARTESIAN_POINT('Ctrl Pts',(-42.5198348646058,-36.8020494654349,91.1388154874144));
#5839=CARTESIAN_POINT('Ctrl Pts',(-42.4999924958878,-36.7911927038932,91.0539493837987));
#5840=CARTESIAN_POINT('Ctrl Pts',(-42.4809501434822,-36.7807736716599,90.9725049617488));
#5841=CARTESIAN_POINT('Ctrl Pts',(-42.4614806052573,-36.7707728437162,90.8911218572759));
#5842=CARTESIAN_POINT('Ctrl Pts',(-42.4417117241067,-36.7614539411499,90.8097452836833));
#5843=CARTESIAN_POINT('Ctrl Pts',(-42.4357819214434,-36.7586586765703,90.7853358586303));
#5844=CARTESIAN_POINT('Ctrl Pts',(-42.4298253629459,-36.755925062433,90.7609269557974));
#5845=CARTESIAN_POINT('Ctrl Pts',(-42.4238459716341,-36.7532610003524,90.7365169177915));
#5846=CARTESIAN_POINT('Ctrl Pts',(-42.4204272645874,-36.7517378272847,90.7225605191233));
#5847=CARTESIAN_POINT('Ctrl Pts',(-42.4170009064891,-36.7502373757181,90.7086033564295));
#5848=CARTESIAN_POINT('Ctrl Pts',(-42.4135677418852,-36.7487612109986,90.6946454135605));
#5849=CARTESIAN_POINT('Ctrl Pts',(-42.393097056556,-36.7399593890782,90.6114193847249));
#5850=CARTESIAN_POINT('Ctrl Pts',(-42.3723774040333,-36.731996815927,90.5281609061706));
#5851=CARTESIAN_POINT('Ctrl Pts',(-42.351499484224,-36.7251916348234,90.4448367526237));
#5852=CARTESIAN_POINT('Ctrl Pts',(-42.3308756789131,-36.7184692826223,90.3625267746114));
#5853=CARTESIAN_POINT('Ctrl Pts',(-42.3100974060461,-36.7128762284019,90.2801527829177));
#5854=CARTESIAN_POINT('Ctrl Pts',(-42.2892666885889,-36.7087608566805,90.1976580701363));
#5855=CARTESIAN_POINT('Ctrl Pts',(-42.2687657568473,-36.7047106382986,90.1164693890812));
#5856=CARTESIAN_POINT('Ctrl Pts',(-42.2482140122663,-36.7020916311206,90.0351638245066));
#5857=CARTESIAN_POINT('Ctrl Pts',(-42.227723249525,-36.7012776108932,89.9536624251219));
#5858=CARTESIAN_POINT('Ctrl Pts',(-42.2232208567117,-36.7010987479164,89.9357542916131));
#5859=CARTESIAN_POINT('Ctrl Pts',(-42.2187214651335,-36.701007194045,89.9178366049362));
#5860=CARTESIAN_POINT('Ctrl Pts',(-42.2142263580768,-36.701007194045,89.8999083596425));
#5861=CARTESIAN_POINT('Ctrl Pts',(-42.2976160842473,-38.0831950248007,93.5797516367638));
#5862=CARTESIAN_POINT('Ctrl Pts',(-42.2973455977396,-37.3698427970604,93.570736465116));
#5863=CARTESIAN_POINT('Ctrl Pts',(-42.8503454748547,-36.9196792567371,93.5484503667748));
#5864=CARTESIAN_POINT('Ctrl Pts',(-42.2890525731137,-38.0882173696027,93.2943343587007));
#5865=CARTESIAN_POINT('Ctrl Pts',(-42.2874264286096,-37.3683882879889,93.2625628305588));
#5866=CARTESIAN_POINT('Ctrl Pts',(-42.8469074711501,-36.9182049933784,93.1850898296669));
#5867=CARTESIAN_POINT('Ctrl Pts',(-42.248798702237,-38.1135324026391,93.0134787881847));
#5868=CARTESIAN_POINT('Ctrl Pts',(-42.2385374514155,-37.362755820634,92.956769774845));
#5869=CARTESIAN_POINT('Ctrl Pts',(-42.8299057842207,-36.9117039024034,92.8257499498324));
#5870=CARTESIAN_POINT('Ctrl Pts',(-42.143944197961,-38.1558085457384,92.6050232044586));
#5871=CARTESIAN_POINT('Ctrl Pts',(-42.1264411129498,-37.326870849658,92.5454487762889));
#5872=CARTESIAN_POINT('Ctrl Pts',(-42.7938806482911,-36.8868166833318,92.3161085043857));
#5873=CARTESIAN_POINT('Ctrl Pts',(-42.1015179235924,-38.1703414851532,92.470714176833));
#5874=CARTESIAN_POINT('Ctrl Pts',(-42.081514996024,-37.309486160588,92.4125156231502));
#5875=CARTESIAN_POINT('Ctrl Pts',(-42.7800434441081,-36.8757241312342,92.1487579586828));
#5876=CARTESIAN_POINT('Ctrl Pts',(-42.0012429903766,-38.1929684646661,92.2055696429488));
#5877=CARTESIAN_POINT('Ctrl Pts',(-41.9834556555629,-37.257998718636,92.1639928191429));
#5878=CARTESIAN_POINT('Ctrl Pts',(-42.7521339879249,-36.846028367795,91.8228273933968));
#5879=CARTESIAN_POINT('Ctrl Pts',(-41.9430942673055,-38.2010071843665,92.0744077499778));
#5880=CARTESIAN_POINT('Ctrl Pts',(-41.9295444321265,-37.2229026320674,92.0479125637351));
#5881=CARTESIAN_POINT('Ctrl Pts',(-42.7379911405969,-36.827135646634,91.6634896440819));
#5882=CARTESIAN_POINT('Ctrl Pts',(-41.8787349364478,-38.201007194045,91.948560369737));
#5883=CARTESIAN_POINT('Ctrl Pts',(-41.8787349364478,-37.1779469186351,91.948560369737));
#5884=CARTESIAN_POINT('Ctrl Pts',(-42.7267438045953,-36.8045083271584,91.5148820268826));
#5885=CARTESIAN_POINT('',(-42.847259404768,-36.9221982657444,93.5485748228918));
#5886=CARTESIAN_POINT('',(-42.8469624798265,-36.9221243208929,93.5240098986588));
#5887=CARTESIAN_POINT('Origin',(-41.3457141998071,-37.6871315410108,93.4784593061215));
#5888=CARTESIAN_POINT('Ctrl Pts',(-42.8469624856775,-36.922124328053,93.5240098985593));
#5889=CARTESIAN_POINT('Ctrl Pts',(-42.8456973774986,-36.9220130937261,93.4416117236283));
#5890=CARTESIAN_POINT('Ctrl Pts',(-42.8435031048541,-36.9218276394955,93.3593802215369));
#5891=CARTESIAN_POINT('Ctrl Pts',(-42.840386408301,-36.9215233858308,93.2772555664838));
#5892=CARTESIAN_POINT('Ctrl Pts',(-42.8373948636821,-36.9212313495681,93.1984286528814));
#5893=CARTESIAN_POINT('Ctrl Pts',(-42.8335531975898,-36.9208301877173,93.1196997339634));
#5894=CARTESIAN_POINT('Ctrl Pts',(-42.8288392042792,-36.9202658165691,93.0410483974821));
#5895=CARTESIAN_POINT('Ctrl Pts',(-42.824324976498,-36.9197253618531,92.9657300792801));
#5896=CARTESIAN_POINT('Ctrl Pts',(-42.8190105954492,-36.9190355356234,92.8904824643174));
#5897=CARTESIAN_POINT('Ctrl Pts',(-42.8128535937884,-36.9181307139987,92.8153243246805));
#5898=CARTESIAN_POINT('Ctrl Pts',(-42.8070882630323,-36.9172834516088,92.7449472876272));
#5899=CARTESIAN_POINT('Ctrl Pts',(-42.8005839238247,-36.9162478675188,92.6746484272552));
#5900=CARTESIAN_POINT('Ctrl Pts',(-42.7932878365584,-36.9149505591272,92.6044808302239));
#5901=CARTESIAN_POINT('Ctrl Pts',(-42.7910813813714,-36.9145582320175,92.5832610102328));
#5902=CARTESIAN_POINT('Ctrl Pts',(-42.7888023953446,-36.9141418151361,92.5620534866144));
#5903=CARTESIAN_POINT('Ctrl Pts',(-42.7864491019842,-36.913698848975,92.5408605379663));
#5904=CARTESIAN_POINT('Ctrl Pts',(-42.7847516110948,-36.9133793261159,92.5255735202679));
#5905=CARTESIAN_POINT('Ctrl Pts',(-42.7830231165663,-36.9130433444876,92.5103216331359));
#5906=CARTESIAN_POINT('Ctrl Pts',(-42.7812611199162,-36.9126910745116,92.4950999512865));
#5907=CARTESIAN_POINT('Ctrl Pts',(-42.7751816047409,-36.911475617794,92.4425797346389));
#5908=CARTESIAN_POINT('Ctrl Pts',(-42.7687156501808,-36.9100559158975,92.3903715004213));
#5909=CARTESIAN_POINT('Ctrl Pts',(-42.7617762514839,-36.9084168204675,92.3382688746699));
#5910=CARTESIAN_POINT('Ctrl Pts',(-42.7550844517538,-36.906836208251,92.2880252797743));
#5911=CARTESIAN_POINT('Ctrl Pts',(-42.7479521862599,-36.9050519356735,92.2378796495958));
#5912=CARTESIAN_POINT('Ctrl Pts',(-42.7402864664655,-36.9030270446821,92.187685799407));
#5913=CARTESIAN_POINT('Ctrl Pts',(-42.7330632312522,-36.9011190354794,92.1403892641962));
#5914=CARTESIAN_POINT('Ctrl Pts',(-42.7253661463962,-36.8989976496069,92.0930497617888));
#5915=CARTESIAN_POINT('Ctrl Pts',(-42.7171068073756,-36.896606610868,92.0455827178221));
#5916=CARTESIAN_POINT('Ctrl Pts',(-42.7150338999615,-36.8960065141875,92.0336695626505));
#5917=CARTESIAN_POINT('Ctrl Pts',(-42.7129255295458,-36.8953892892416,92.0217485763847));
#5918=CARTESIAN_POINT('Ctrl Pts',(-42.7107802074433,-36.8947537401958,92.009818849144));
#5919=CARTESIAN_POINT('Ctrl Pts',(-42.7035980318678,-36.8926260294764,91.9698801399346));
#5920=CARTESIAN_POINT('Ctrl Pts',(-42.6959998101365,-36.8902839459253,91.9298238291591));
#5921=CARTESIAN_POINT('Ctrl Pts',(-42.6879531790957,-36.8876935375932,91.8897104689604));
#5922=CARTESIAN_POINT('Ctrl Pts',(-42.6802934256985,-36.8852276746847,91.8515257373013));
#5923=CARTESIAN_POINT('Ctrl Pts',(-42.672227104032,-36.8825368389115,91.8132889156699));
#5924=CARTESIAN_POINT('Ctrl Pts',(-42.6637316640175,-36.8795787964831,91.7750946838759));
#5925=CARTESIAN_POINT('Ctrl Pts',(-42.655858098789,-36.8768372857469,91.7396963084096));
#5926=CARTESIAN_POINT('Ctrl Pts',(-42.6476157635711,-36.8738662493461,91.704334378582));
#5927=CARTESIAN_POINT('Ctrl Pts',(-42.6389942591466,-36.8706204818074,91.669124965593));
#5928=CARTESIAN_POINT('Ctrl Pts',(-42.6310594188124,-36.8676332250698,91.6367198241502));
#5929=CARTESIAN_POINT('Ctrl Pts',(-42.6228032835903,-36.8644132388274,91.6044438457787));
#5930=CARTESIAN_POINT('Ctrl Pts',(-42.6142263580767,-36.8609152773087,91.572424325768));
#5931=CARTESIAN_POINT('Origin',(-43.7969413832055,-38.0831950248007,93.5347666625616));
#5932=CARTESIAN_POINT('Ctrl Pts',(-39.9918561918788,-37.5489847385349,97.212502259223));
#5933=CARTESIAN_POINT('Ctrl Pts',(-40.0599587624902,-37.1943724553452,97.1829159254774));
#5934=CARTESIAN_POINT('Ctrl Pts',(-40.1864405092566,-36.8788507471297,97.3082661488656));
#5935=CARTESIAN_POINT('Ctrl Pts',(-40.3478524126921,-37.6618848442606,97.0578700977413));
#5936=CARTESIAN_POINT('Ctrl Pts',(-40.4139286661548,-37.2519095734739,97.0208627418241));
#5937=CARTESIAN_POINT('Ctrl Pts',(-40.5649742864612,-36.8971056781868,97.17949672133));
#5938=CARTESIAN_POINT('Ctrl Pts',(-40.6768542821786,-37.7427320765875,96.8513401313809));
#5939=CARTESIAN_POINT('Ctrl Pts',(-40.7342644064328,-37.2859711723952,96.8098295515331));
#5940=CARTESIAN_POINT('Ctrl Pts',(-40.9232595640141,-36.9062074952158,96.9949658996798));
#5941=CARTESIAN_POINT('Ctrl Pts',(-41.1141339396235,-37.8411408148692,96.4735516411286));
#5942=CARTESIAN_POINT('Ctrl Pts',(-41.1571531980141,-37.3213573060279,96.4323626458173));
#5943=CARTESIAN_POINT('Ctrl Pts',(-41.4136567572583,-36.9137928775122,96.6371750925399));
#5944=CARTESIAN_POINT('Ctrl Pts',(-41.2492546576462,-37.8695647598324,96.3381049693099));
#5945=CARTESIAN_POINT('Ctrl Pts',(-41.2880960259184,-37.3302702401732,96.2968547682395));
#5946=CARTESIAN_POINT('Ctrl Pts',(-41.5681467725795,-36.9152276261597,96.5056424160737));
#5947=CARTESIAN_POINT('Ctrl Pts',(-41.4949933623643,-37.9192167305208,96.0523228787146));
#5948=CARTESIAN_POINT('Ctrl Pts',(-41.5261182756584,-37.3437897381576,96.0120859172819));
#5949=CARTESIAN_POINT('Ctrl Pts',(-41.8537976073632,-36.9165891020274,96.2219660537809));
#5950=CARTESIAN_POINT('Ctrl Pts',(-41.606804381522,-37.9407041166778,95.901098869187));
#5951=CARTESIAN_POINT('Ctrl Pts',(-41.6340702609751,-37.3484461263804,95.8618623217502));
#5952=CARTESIAN_POINT('Ctrl Pts',(-41.9861527476566,-36.9165301101802,96.0689434289229));
#5953=CARTESIAN_POINT('Ctrl Pts',(-41.8081801052119,-37.9785592249586,95.5820058358329));
#5954=CARTESIAN_POINT('Ctrl Pts',(-41.8285534910517,-37.3549138751684,95.545603276708));
#5955=CARTESIAN_POINT('Ctrl Pts',(-42.228697851047,-36.9154852135143,95.7399887377604));
#5956=CARTESIAN_POINT('Ctrl Pts',(-41.8983362844522,-37.9950240884798,95.4126120496063));
#5957=CARTESIAN_POINT('Ctrl Pts',(-41.9153493648074,-37.3566878282776,95.3780919871326));
#5958=CARTESIAN_POINT('Ctrl Pts',(-42.3394965254565,-36.9144803915345,95.5624020554389));
#5959=CARTESIAN_POINT('Ctrl Pts',(-42.0511242917472,-38.0230976794701,95.065265441711));
#5960=CARTESIAN_POINT('Ctrl Pts',(-42.0625470665075,-37.3583378624348,95.0349338169956));
#5961=CARTESIAN_POINT('Ctrl Pts',(-42.5309488734349,-36.9120407972565,95.1924668094576));
#5962=CARTESIAN_POINT('Ctrl Pts',(-42.114063351578,-38.0347645990647,94.8874018652269));
#5963=CARTESIAN_POINT('Ctrl Pts',(-42.1229498844892,-37.3582238575751,94.8595182237004));
#5964=CARTESIAN_POINT('Ctrl Pts',(-42.6117720520722,-36.9106120445348,95.0003244468336));
#5965=CARTESIAN_POINT('Ctrl Pts',(-42.2664198290728,-38.0648853785666,94.3297008696639));
#5966=CARTESIAN_POINT('Ctrl Pts',(-42.2697364403219,-37.3565575889822,94.3074273478936));
#5967=CARTESIAN_POINT('Ctrl Pts',(-42.8128313818794,-36.90620971986,94.3894994070016));
#5968=CARTESIAN_POINT('Ctrl Pts',(-42.3118103086055,-38.0774580718739,93.9309382053788));
#5969=CARTESIAN_POINT('Ctrl Pts',(-42.3120319865549,-37.3536830199313,93.9158856058842));
#5970=CARTESIAN_POINT('Ctrl Pts',(-42.8808624947082,-36.9032589368003,93.9438012342228));
#5971=CARTESIAN_POINT('Ctrl Pts',(-42.296338639741,-38.0839071692478,93.543197332881));
#5972=CARTESIAN_POINT('Ctrl Pts',(-42.2959519959382,-37.3521366307309,93.534461157852));
#5973=CARTESIAN_POINT('Ctrl Pts',(-42.8720512011471,-36.901720229276,93.5062714062313));
#5974=CARTESIAN_POINT('',(-40.221016797514,-36.8826483546327,97.295182325224));
#5975=CARTESIAN_POINT('Origin',(-40.6358970646884,-37.5594782642426,98.5678863903416));
#5976=CARTESIAN_POINT('',(-40.3298196081637,-36.8905377947726,97.2535172061542));
#5977=CARTESIAN_POINT('Origin',(-41.891908415855,-33.7297709273233,96.1710202823231));
#5978=CARTESIAN_POINT('Ctrl Pts',(-40.3298196081594,-36.8905377950191,97.2535172060172));
#5979=CARTESIAN_POINT('Ctrl Pts',(-40.437115773312,-36.8954953604963,97.2120166653781));
#5980=CARTESIAN_POINT('Ctrl Pts',(-40.5418523075104,-36.8997943732785,97.1661931905874));
#5981=CARTESIAN_POINT('Ctrl Pts',(-40.6440719889467,-36.9035431423026,97.1161119405928));
#5982=CARTESIAN_POINT('Ctrl Pts',(-40.7468571931767,-36.9073126511129,97.0657536198031));
#5983=CARTESIAN_POINT('Ctrl Pts',(-40.847097815516,-36.9105256258511,97.0110900808748));
#5984=CARTESIAN_POINT('Ctrl Pts',(-40.9448070493617,-36.9132878932645,96.9521444098513));
#5985=CARTESIAN_POINT('Ctrl Pts',(-41.0429241666186,-36.9160616916562,96.8929526724079));
#5986=CARTESIAN_POINT('Ctrl Pts',(-41.1384889301669,-36.918380817449,96.82944277283));
#5987=CARTESIAN_POINT('Ctrl Pts',(-41.2314811547522,-36.9203509755629,96.7615977529674));
#5988=CARTESIAN_POINT('Ctrl Pts',(-41.2741965716164,-36.9212559557964,96.7304335527505));
#5989=CARTESIAN_POINT('Ctrl Pts',(-41.3163687068796,-36.9220873028362,96.6983541164552));
#5990=CARTESIAN_POINT('Ctrl Pts',(-41.3579930505002,-36.9228553349656,96.665355146));
#5991=CARTESIAN_POINT('Ctrl Pts',(-41.3687240060991,-36.9230533373355,96.6568478530083));
#5992=CARTESIAN_POINT('Ctrl Pts',(-41.3794261195276,-36.9232472948135,96.6482734022328));
#5993=CARTESIAN_POINT('Ctrl Pts',(-41.3900979115265,-36.9234373450933,96.6396324605318));
#5994=CARTESIAN_POINT('Ctrl Pts',(-41.4490697737501,-36.9244875547412,96.5918829894475));
#5995=CARTESIAN_POINT('Ctrl Pts',(-41.5066562431549,-36.9254022476534,96.5425121018708));
#5996=CARTESIAN_POINT('Ctrl Pts',(-41.5626722869744,-36.9261909257529,96.4916263349605));
#5997=CARTESIAN_POINT('Ctrl Pts',(-41.6189775905363,-36.926983676486,96.4404778004068));
#5998=CARTESIAN_POINT('Ctrl Pts',(-41.6736962511447,-36.9276491646098,96.387798652524));
#5999=CARTESIAN_POINT('Ctrl Pts',(-41.7266827801462,-36.9282007033543,96.3337282863393));
#6000=CARTESIAN_POINT('Ctrl Pts',(-41.750220567607,-36.9284457090565,96.3097090344432));
#6001=CARTESIAN_POINT('Ctrl Pts',(-41.7734171018954,-36.9286682717269,96.285415663643));
#6002=CARTESIAN_POINT('Ctrl Pts',(-41.7962622450646,-36.9288697414859,96.2608623812111));
#6003=CARTESIAN_POINT('Ctrl Pts',(-41.8866720579349,-36.9296670594576,96.1636925953367));
#6004=CARTESIAN_POINT('Ctrl Pts',(-41.9718642521386,-36.9301379089717,96.0621403530212));
#6005=CARTESIAN_POINT('Ctrl Pts',(-42.0519042368584,-36.9303697669389,95.9562796588789));
#6006=CARTESIAN_POINT('Ctrl Pts',(-42.09110931653,-36.9304833353023,95.9044271133986));
#6007=CARTESIAN_POINT('Ctrl Pts',(-42.1290789320884,-36.9305396203573,95.8515413314123));
#6008=CARTESIAN_POINT('Ctrl Pts',(-42.1658244805585,-36.9305491670643,95.7976336011027));
#6009=CARTESIAN_POINT('Ctrl Pts',(-42.1752527773196,-36.9305516165906,95.7838017738409));
#6010=CARTESIAN_POINT('Ctrl Pts',(-42.1846115249734,-36.930550865017,95.7698867022795));
#6011=CARTESIAN_POINT('Ctrl Pts',(-42.1938992221225,-36.9305471190823,95.7558898447324));
#6012=CARTESIAN_POINT('Ctrl Pts',(-42.2361454653274,-36.9305300802334,95.6922234009906));
#6013=CARTESIAN_POINT('Ctrl Pts',(-42.2766251903482,-36.930447348331,95.6271408086586));
#6014=CARTESIAN_POINT('Ctrl Pts',(-42.3151495581785,-36.9303131768349,95.5609537977536));
#6015=CARTESIAN_POINT('Ctrl Pts',(-42.35410995707,-36.9301774867431,95.4940176611854));
#6016=CARTESIAN_POINT('Ctrl Pts',(-42.3910702433803,-36.9299892312729,95.4259524737587));
#6017=CARTESIAN_POINT('Ctrl Pts',(-42.4258808971293,-36.9297647049734,95.3571077470975));
#6018=CARTESIAN_POINT('Ctrl Pts',(-42.438786235638,-36.9296814664361,95.3315849715555));
#6019=CARTESIAN_POINT('Ctrl Pts',(-42.4513965945421,-36.9295932545277,95.3059552814531));
#6020=CARTESIAN_POINT('Ctrl Pts',(-42.4637060254853,-36.9295009331547,95.2802371900005));
#6021=CARTESIAN_POINT('Ctrl Pts',(-42.4996967238384,-36.929231001043,95.2050418315827));
#6022=CARTESIAN_POINT('Ctrl Pts',(-42.5331954876385,-36.9289334154258,95.1289142607778));
#6023=CARTESIAN_POINT('Ctrl Pts',(-42.5642339283427,-36.9286118975058,95.0518591257994));
#6024=CARTESIAN_POINT('Ctrl Pts',(-42.5949482737412,-36.9282937367922,94.9756085804513));
#6025=CARTESIAN_POINT('Ctrl Pts',(-42.6232535435838,-36.9279520816162,94.8984491070507));
#6026=CARTESIAN_POINT('Ctrl Pts',(-42.6491305726167,-36.9275904772589,94.8203757619939));
#6027=CARTESIAN_POINT('Ctrl Pts',(-42.6592712144174,-36.9274487724188,94.7897805253693));
#6028=CARTESIAN_POINT('Ctrl Pts',(-42.6690384000478,-36.9273040080882,94.7590448947024));
#6029=CARTESIAN_POINT('Ctrl Pts',(-42.6784287767866,-36.9271564246374,94.7281684967254));
#6030=CARTESIAN_POINT('Ctrl Pts',(-42.6822198062228,-36.9270968430869,94.715703253118));
#6031=CARTESIAN_POINT('Ctrl Pts',(-42.6859492292492,-36.9270368096591,94.7032156121141));
#6032=CARTESIAN_POINT('Ctrl Pts',(-42.6896162099574,-36.9269764239793,94.6907072763685));
#6033=CARTESIAN_POINT('Ctrl Pts',(-42.7115562839975,-36.9266151277546,94.6158681009769));
#6034=CARTESIAN_POINT('Ctrl Pts',(-42.7313559109118,-36.9262393774087,94.5399806186958));
#6035=CARTESIAN_POINT('Ctrl Pts',(-42.7488845453435,-36.9258645048037,94.463388799212));
#6036=CARTESIAN_POINT('Ctrl Pts',(-42.7664787281595,-36.9254882303614,94.386510564375));
#6037=CARTESIAN_POINT('Ctrl Pts',(-42.7817847348417,-36.9251128686008,94.3089232323616));
#6038=CARTESIAN_POINT('Ctrl Pts',(-42.7947197902502,-36.9247540638415,94.2309926268758));
#6039=CARTESIAN_POINT('Ctrl Pts',(-42.7994512103777,-36.9246228192502,94.2024869557601));
#6040=CARTESIAN_POINT('Ctrl Pts',(-42.8038658906555,-36.9244937891552,94.1739354896482));
#6041=CARTESIAN_POINT('Ctrl Pts',(-42.80796147883,-36.9243677323222,94.1453565136397));
#6042=CARTESIAN_POINT('Ctrl Pts',(-42.8200891438874,-36.9239944586963,94.0607297802018));
#6043=CARTESIAN_POINT('Ctrl Pts',(-42.8294227458602,-36.9236493122318,93.97585233929));
#6044=CARTESIAN_POINT('Ctrl Pts',(-42.8359756816567,-36.9233309915143,93.8907248672873));
#6045=CARTESIAN_POINT('Ctrl Pts',(-42.8424631575265,-36.9230158506313,93.8064477680426));
#6046=CARTESIAN_POINT('Ctrl Pts',(-42.8462253078349,-36.9227269734331,93.7219250121346));
#6047=CARTESIAN_POINT('Ctrl Pts',(-42.847224447552,-36.9224637250381,93.6371536269288));
#6048=CARTESIAN_POINT('Ctrl Pts',(-42.8475720977904,-36.9223721278713,93.6076574596101));
#6049=CARTESIAN_POINT('Ctrl Pts',(-42.8475847754065,-36.9222836411447,93.5781312000057));
#6050=CARTESIAN_POINT('Ctrl Pts',(-42.8472594047684,-36.9221982657448,93.5485748228918));
#6051=CARTESIAN_POINT('Ctrl Pts',(-38.1741768716888,-38.201007194045,97.5188974846329));
#6052=CARTESIAN_POINT('Ctrl Pts',(-38.1741768716888,-37.1383916957133,97.5188974846329));
#6053=CARTESIAN_POINT('Ctrl Pts',(-38.098361094014,-36.7859272654579,98.5184836442785));
#6054=CARTESIAN_POINT('Ctrl Pts',(-38.3408875989369,-38.2010071801118,97.5315420208853));
#6055=CARTESIAN_POINT('Ctrl Pts',(-38.2150230955767,-37.1981532276187,97.5219955790957));
#6056=CARTESIAN_POINT('Ctrl Pts',(-38.1476354907007,-36.8126431931298,98.4471955247314));
#6057=CARTESIAN_POINT('Ctrl Pts',(-38.5027536212128,-38.1607486523293,97.5329573961243));
#6058=CARTESIAN_POINT('Ctrl Pts',(-38.2987237465206,-37.2509263051039,97.5334099272556));
#6059=CARTESIAN_POINT('Ctrl Pts',(-38.2265449943888,-36.84029471749,98.3661629450673));
#6060=CARTESIAN_POINT('Ctrl Pts',(-38.8191154953897,-38.0337189205924,97.5167093828844));
#6061=CARTESIAN_POINT('Ctrl Pts',(-38.5455557674385,-37.3070569412902,97.5402375928818));
#6062=CARTESIAN_POINT('Ctrl Pts',(-38.455389044211,-36.8797178680356,98.1805716536209));
#6063=CARTESIAN_POINT('Ctrl Pts',(-38.9722386555761,-37.9463706342924,97.4990920111993));
#6064=CARTESIAN_POINT('Ctrl Pts',(-38.70253283537,-37.3107456781658,97.5360088342616));
#6065=CARTESIAN_POINT('Ctrl Pts',(-38.6028675344388,-36.8908834436766,98.0769935693249));
#6066=CARTESIAN_POINT('Ctrl Pts',(-39.2701760843567,-37.7638077672754,97.4472875341101));
#6067=CARTESIAN_POINT('Ctrl Pts',(-39.0518266645186,-37.2776230672529,97.4947801163819));
#6068=CARTESIAN_POINT('Ctrl Pts',(-38.9596633123367,-36.8943841555806,97.8579176311486));
#6069=CARTESIAN_POINT('Ctrl Pts',(-39.416514531254,-37.6653930708165,97.4131412395887));
#6070=CARTESIAN_POINT('Ctrl Pts',(-39.2462485436026,-37.2415216748649,97.4592458036041));
#6071=CARTESIAN_POINT('Ctrl Pts',(-39.170351894382,-36.8869475356784,97.7408978194339));
#6072=CARTESIAN_POINT('Ctrl Pts',(-39.6439070704103,-37.5657482551057,97.3447971992234));
#6073=CARTESIAN_POINT('Ctrl Pts',(-39.560197888841,-37.1997455857604,97.3724478868535));
#6074=CARTESIAN_POINT('Ctrl Pts',(-39.5414666622758,-36.8763489790126,97.5646307264485));
#6075=CARTESIAN_POINT('Ctrl Pts',(-39.7200967877636,-37.5420156791849,97.3193619172648));
#6076=CARTESIAN_POINT('Ctrl Pts',(-39.6673085254171,-37.1888118640813,97.3384032160634));
#6077=CARTESIAN_POINT('Ctrl Pts',(-39.672731139387,-36.8732717293639,97.506610885546));
#6078=CARTESIAN_POINT('Ctrl Pts',(-39.8746905749458,-37.5268561482391,97.2620474181948));
#6079=CARTESIAN_POINT('Ctrl Pts',(-39.8839548061008,-37.1819191291887,97.2591410700532));
#6080=CARTESIAN_POINT('Ctrl Pts',(-39.9474410493276,-36.8713344915275,97.395504282151));
#6081=CARTESIAN_POINT('Ctrl Pts',(-39.9524788931903,-37.5366785413783,97.2302396084221));
#6082=CARTESIAN_POINT('Ctrl Pts',(-39.9936751153978,-37.1865666148823,97.2135689139577));
#6083=CARTESIAN_POINT('Ctrl Pts',(-40.0906213130808,-36.8726869237318,97.3428238778041));
#6084=CARTESIAN_POINT('Ctrl Pts',(-40.0253186227355,-37.559478264243,97.1977791075997));
#6085=CARTESIAN_POINT('Ctrl Pts',(-40.0934447297425,-37.1965741707039,97.1674191987103));
#6086=CARTESIAN_POINT('Ctrl Pts',(-40.2239504425694,-36.8754024338107,97.298106787913));
#6087=CARTESIAN_POINT('',(-38.1343859376803,-37.0601431296085,98.0435174006274));
#6088=CARTESIAN_POINT('Origin',(-38.060731966799,-38.201007194045,99.0146014170856));
#6089=CARTESIAN_POINT('',(-38.4247084376166,-36.9853346741033,98.0630281649869));
#6090=CARTESIAN_POINT('Ctrl Pts',(-38.1343859395134,-37.0601431012053,98.0435173764524));
#6091=CARTESIAN_POINT('Ctrl Pts',(-38.1347685132803,-37.0601029047935,98.0435936177637));
#6092=CARTESIAN_POINT('Ctrl Pts',(-38.1351519771749,-37.0600622818605,98.0436697462756));
#6093=CARTESIAN_POINT('Ctrl Pts',(-38.135536327547,-37.0600212295863,98.0437457584761));
#6094=CARTESIAN_POINT('Ctrl Pts',(-38.1467034217321,-37.0588284777516,98.0459542522446));
#6095=CARTESIAN_POINT('Ctrl Pts',(-38.1586194189559,-37.0572704558458,98.0480622579407));
#6096=CARTESIAN_POINT('Ctrl Pts',(-38.1711912844674,-37.0552951279245,98.0499975201433));
#6097=CARTESIAN_POINT('Ctrl Pts',(-38.1828990935151,-37.0534555630574,98.0517997729835));
#6098=CARTESIAN_POINT('Ctrl Pts',(-38.1951756622669,-37.0512541218957,98.0534522312666));
#6099=CARTESIAN_POINT('Ctrl Pts',(-38.2079402704703,-37.0486785692911,98.054920835733));
#6100=CARTESIAN_POINT('Ctrl Pts',(-38.2213831274132,-37.0459661644402,98.0564674746453));
#6101=CARTESIAN_POINT('Ctrl Pts',(-38.2353672979536,-37.0428383753144,98.0578098111841));
#6102=CARTESIAN_POINT('Ctrl Pts',(-38.2497920764768,-37.0393191942145,98.058939496987));
#6103=CARTESIAN_POINT('Ctrl Pts',(-38.2599912815373,-37.0368309168641,98.0597382542877));
#6104=CARTESIAN_POINT('Ctrl Pts',(-38.2704106175908,-37.0341478176111,98.0604313962994));
#6105=CARTESIAN_POINT('Ctrl Pts',(-38.2810126741419,-37.0312904340745,98.0610259325905));
#6106=CARTESIAN_POINT('Ctrl Pts',(-38.2990439126012,-37.0264307954118,98.0620370784551));
#6107=CARTESIAN_POINT('Ctrl Pts',(-38.3176128839985,-37.0210394564416,98.0627416893673));
#6108=CARTESIAN_POINT('Ctrl Pts',(-38.3365682894945,-37.0151560376734,98.0631303264813));
#6109=CARTESIAN_POINT('Ctrl Pts',(-38.3420872863892,-37.013443039768,98.0632434808544));
#6110=CARTESIAN_POINT('Ctrl Pts',(-38.3476390615807,-37.0116885807749,98.0633300756209));
#6111=CARTESIAN_POINT('Ctrl Pts',(-38.353219932343,-37.0098942497307,98.0633904242737));
#6112=CARTESIAN_POINT('Ctrl Pts',(-38.3650200874681,-37.0061003283932,98.0635180250543));
#6113=CARTESIAN_POINT('Ctrl Pts',(-38.3769502804871,-37.0021278360663,98.0635280024144));
#6114=CARTESIAN_POINT('Ctrl Pts',(-38.3889761079425,-36.9979955473976,98.0634267020789));
#6115=CARTESIAN_POINT('Ctrl Pts',(-38.3992766744916,-36.9944560891283,98.0633399345903));
#6116=CARTESIAN_POINT('Ctrl Pts',(-38.4096474106331,-36.9907994963493,98.0631716168535));
#6117=CARTESIAN_POINT('Ctrl Pts',(-38.4200670616312,-36.9870402647834,98.0629281899734));
#6118=CARTESIAN_POINT('Ctrl Pts',(-38.4215415777636,-36.9865082846249,98.0628937419039));
#6119=CARTESIAN_POINT('Ctrl Pts',(-38.4230170740527,-36.9859742527697,98.0628577931355));
#6120=CARTESIAN_POINT('Ctrl Pts',(-38.4244934908584,-36.9854382139123,98.0628203652453));
#6121=CARTESIAN_POINT('Ctrl Pts',(-38.4247312777413,-36.98532367202,98.0630502456735));
#6122=CARTESIAN_POINT('Ctrl Pts',(-38.4313819839241,-36.9844269761179,98.0611537382647));
#6123=CARTESIAN_POINT('Ctrl Pts',(-38.4379257105476,-36.9835684713971,98.0591834417951));
#6124=CARTESIAN_POINT('Ctrl Pts',(-38.4444025198539,-36.9827350610448,98.0571548883707));
#6125=CARTESIAN_POINT('Ctrl Pts',(-38.4507771619201,-36.9819147971711,98.05515833399));
#6126=CARTESIAN_POINT('Ctrl Pts',(-38.4570869029972,-36.9811188584427,98.0531053441084));
#6127=CARTESIAN_POINT('Ctrl Pts',(-38.4634190565251,-36.9803233926157,98.0510150920858));
#6128=CARTESIAN_POINT('Ctrl Pts',(-38.4664955390423,-36.9799369148243,98.0499995412506));
#6129=CARTESIAN_POINT('Ctrl Pts',(-38.469578064323,-36.979550374761,98.0489752610355));
#6130=CARTESIAN_POINT('Ctrl Pts',(-38.4726809760346,-36.9791600369278,98.0479448298871));
#6131=CARTESIAN_POINT('Ctrl Pts',(-38.4828117610532,-36.977885611794,98.0445805458172));
#6132=CARTESIAN_POINT('Ctrl Pts',(-38.4929505594614,-36.9766326273788,98.0410877075034));
#6133=CARTESIAN_POINT('Ctrl Pts',(-38.503057065422,-36.9754046704594,98.0374837942911));
#6134=CARTESIAN_POINT('Ctrl Pts',(-38.5132057747001,-36.9741715857683,98.0338648316548));
#6135=CARTESIAN_POINT('Ctrl Pts',(-38.523321862889,-36.9729637471168,98.0301338684312));
#6136=CARTESIAN_POINT('Ctrl Pts',(-38.533416715975,-36.9717749759966,98.0263078113725));
#6137=CARTESIAN_POINT('Ctrl Pts',(-38.5406012883517,-36.9709289198848,98.0235847817632));
#6138=CARTESIAN_POINT('Ctrl Pts',(-38.5477762326507,-36.9700923098683,98.0208135676736));
#6139=CARTESIAN_POINT('Ctrl Pts',(-38.5549614345381,-36.9692599611036,98.0180000108292));
#6140=CARTESIAN_POINT('Ctrl Pts',(-38.5688858489635,-36.96764692791,98.0125475361283));
#6141=CARTESIAN_POINT('Ctrl Pts',(-38.5828286713641,-36.9660542709465,98.0069363989318));
#6142=CARTESIAN_POINT('Ctrl Pts',(-38.5967032863707,-36.9644907050318,98.001211331179));
#6143=CARTESIAN_POINT('Ctrl Pts',(-38.611276803184,-36.9628483780818,97.9951978763109));
#6144=CARTESIAN_POINT('Ctrl Pts',(-38.6257752330429,-36.9612381172306,97.9890587431077));
#6145=CARTESIAN_POINT('Ctrl Pts',(-38.6401555924968,-36.9596603927816,97.9828438952599));
#6146=CARTESIAN_POINT('Ctrl Pts',(-38.6443603909048,-36.9591990682039,97.9810266818293));
#6147=CARTESIAN_POINT('Ctrl Pts',(-38.6485554389123,-36.9587404677397,97.9792029823419));
#6148=CARTESIAN_POINT('Ctrl Pts',(-38.6527404605162,-36.9582844695648,97.9773740144926));
#6149=CARTESIAN_POINT('Ctrl Pts',(-38.6662233093711,-36.9568153840854,97.971481644176));
#6150=CARTESIAN_POINT('Ctrl Pts',(-38.6796435627376,-36.9553679481045,97.9655166376856));
#6151=CARTESIAN_POINT('Ctrl Pts',(-38.6930699829874,-36.9539298036009,97.9594899711138));
#6152=CARTESIAN_POINT('Ctrl Pts',(-38.7166834036346,-36.9514004986573,97.9488907041303));
#6153=CARTESIAN_POINT('Ctrl Pts',(-38.7402712381392,-36.9489095176275,97.9381015117023));
#6154=CARTESIAN_POINT('Ctrl Pts',(-38.7637669125113,-36.9464716866224,97.9271854645136));
#6155=CARTESIAN_POINT('Ctrl Pts',(-38.7880045065033,-36.943956876569,97.9159247228312));
#6156=CARTESIAN_POINT('Ctrl Pts',(-38.8121866820509,-36.9414868143317,97.9045160547865));
#6157=CARTESIAN_POINT('Ctrl Pts',(-38.8363213070343,-36.9390619355676,97.8930177990967));
#6158=CARTESIAN_POINT('Ctrl Pts',(-38.8488852546136,-36.9377995977563,97.8870320635886));
#6159=CARTESIAN_POINT('Ctrl Pts',(-38.8614372346773,-36.936549377689,97.8810219949709));
#6160=CARTESIAN_POINT('Ctrl Pts',(-38.8739837780966,-36.9353105721574,97.8749954596171));
#6161=CARTESIAN_POINT('Ctrl Pts',(-38.8932212427842,-36.9334111264796,97.8657550451711));
#6162=CARTESIAN_POINT('Ctrl Pts',(-38.9124140187226,-36.9315429318722,97.8564900258339));
#6163=CARTESIAN_POINT('Ctrl Pts',(-38.9316329027802,-36.92969861669,97.8472111831327));
#6164=CARTESIAN_POINT('Ctrl Pts',(-38.9718185632868,-36.9258422521084,97.8278096184234));
#6165=CARTESIAN_POINT('Ctrl Pts',(-39.0120396768084,-36.9221052359705,97.8083496052303));
#6166=CARTESIAN_POINT('Ctrl Pts',(-39.0522680302459,-36.9185302235858,97.7889287087178));
#6167=CARTESIAN_POINT('Ctrl Pts',(-39.0661028471898,-36.917300751393,97.7822497242409));
#6168=CARTESIAN_POINT('Ctrl Pts',(-39.0799389805132,-36.9160903919789,97.7755752878133));
#6169=CARTESIAN_POINT('Ctrl Pts',(-39.0937766321541,-36.9149007245101,97.7689091172147));
#6170=CARTESIAN_POINT('Ctrl Pts',(-39.139342858735,-36.9109832492879,97.7469579763851));
#6171=CARTESIAN_POINT('Ctrl Pts',(-39.1849636761777,-36.9072720746845,97.7250880092735));
#6172=CARTESIAN_POINT('Ctrl Pts',(-39.2306775587027,-36.9038134043218,97.7034288767018));
#6173=CARTESIAN_POINT('Ctrl Pts',(-39.2585187510419,-36.9017069652822,97.6902377837008));
#6174=CARTESIAN_POINT('Ctrl Pts',(-39.2863957537221,-36.8996939994964,97.677124571477));
#6175=CARTESIAN_POINT('Ctrl Pts',(-39.3143256302066,-36.8977830189516,97.6641155556352));
#6176=CARTESIAN_POINT('Ctrl Pts',(-39.3315296095324,-36.8966059113548,97.6561023859488));
#6177=CARTESIAN_POINT('Ctrl Pts',(-39.3487496033908,-36.8954690480124,97.6481297943998));
#6178=CARTESIAN_POINT('Ctrl Pts',(-39.3660014434458,-36.8943733526038,97.6401984529564));
#6179=CARTESIAN_POINT('Ctrl Pts',(-39.4635087780976,-36.8881804863044,97.5953705411569));
#6180=CARTESIAN_POINT('Ctrl Pts',(-39.56172105992,-36.8835355561163,97.5520122939694));
#6181=CARTESIAN_POINT('Ctrl Pts',(-39.6606998887813,-36.8805931542735,97.5102811252862));
#6182=CARTESIAN_POINT('Ctrl Pts',(-39.760924326517,-36.8776137234834,97.4680247865777));
#6183=CARTESIAN_POINT('Ctrl Pts',(-39.8619354810761,-36.8763805274938,97.427436554569));
#6184=CARTESIAN_POINT('Ctrl Pts',(-39.9638141180687,-36.8770281018148,97.3886363034333));
#6185=CARTESIAN_POINT('Ctrl Pts',(-40.0489258764442,-36.8775691003083,97.3562216805345));
#6186=CARTESIAN_POINT('Ctrl Pts',(-40.1346437037189,-36.879422463286,97.3250540550479));
#6187=CARTESIAN_POINT('Ctrl Pts',(-40.221016797514,-36.8826483546327,97.295182325224));
#6188=CARTESIAN_POINT('Origin',(-38.4642263580768,-38.201007194045,93.6947666625616));
#6189=CARTESIAN_POINT('Ctrl Pts',(-37.006202058285,-36.701007194045,98.8267852401245));
#6190=CARTESIAN_POINT('Ctrl Pts',(-37.0332312076766,-36.701007194045,98.7906198388016));
#6191=CARTESIAN_POINT('Ctrl Pts',(-37.0613646783889,-36.702785917464,98.7558970525483));
#6192=CARTESIAN_POINT('Ctrl Pts',(-37.0905049721209,-36.7060816444916,98.7224895840287));
#6193=CARTESIAN_POINT('Ctrl Pts',(-37.1206998391665,-36.7094966423064,98.6878731151778));
#6194=CARTESIAN_POINT('Ctrl Pts',(-37.1519756783811,-36.7145406138482,98.6546688505054));
#6195=CARTESIAN_POINT('Ctrl Pts',(-37.1842498113793,-36.7209711580012,98.6227482210714));
#6196=CARTESIAN_POINT('Ctrl Pts',(-37.2050234826846,-36.7251102625453,98.6022020869968));
#6197=CARTESIAN_POINT('Ctrl Pts',(-37.2262112748501,-36.7298248071286,98.5821880327558));
#6198=CARTESIAN_POINT('Ctrl Pts',(-37.2477965785947,-36.7350596750289,98.5626745721134));
#6199=CARTESIAN_POINT('Ctrl Pts',(-37.2865433744166,-36.7444565480165,98.5276468474988));
#6200=CARTESIAN_POINT('Ctrl Pts',(-37.3266516775401,-36.755551610059,98.4941665975694));
#6201=CARTESIAN_POINT('Ctrl Pts',(-37.3678099218879,-36.7680034127956,98.4622615825252));
#6202=CARTESIAN_POINT('Ctrl Pts',(-37.4053586784409,-36.7793632197313,98.4331545673523));
#6203=CARTESIAN_POINT('Ctrl Pts',(-37.4437805738894,-36.7918515824222,98.4053582059666));
#6204=CARTESIAN_POINT('Ctrl Pts',(-37.4828073669177,-36.8052019194608,98.3788743240486));
#6205=CARTESIAN_POINT('Ctrl Pts',(-37.4975891160465,-36.8102584797769,98.3688433153981));
#6206=CARTESIAN_POINT('Ctrl Pts',(-37.5124145097021,-36.8154229748847,98.3590227357695));
#6207=CARTESIAN_POINT('Ctrl Pts',(-37.5272723148285,-36.8206809101837,98.3494036821443));
#6208=CARTESIAN_POINT('Ctrl Pts',(-37.5689942459912,-36.8354456222483,98.3223925933742));
#6209=CARTESIAN_POINT('Ctrl Pts',(-37.6111653967216,-36.851013761807,98.296840015449));
#6210=CARTESIAN_POINT('Ctrl Pts',(-37.6537393926135,-36.8671759492985,98.2724867097263));
#6211=CARTESIAN_POINT('Ctrl Pts',(-37.69825873231,-36.8840766394992,98.2470206225646));
#6212=CARTESIAN_POINT('Ctrl Pts',(-37.7432184856804,-36.9016269574893,98.2228659925509));
#6213=CARTESIAN_POINT('Ctrl Pts',(-37.7885668589591,-36.9196249272596,98.1997701305935));
#6214=CARTESIAN_POINT('Ctrl Pts',(-37.8351653965073,-36.9381190651854,98.1760375617533));
#6215=CARTESIAN_POINT('Ctrl Pts',(-37.8821741871286,-36.957086053633,98.1534231731766));
#6216=CARTESIAN_POINT('Ctrl Pts',(-37.9295396806402,-36.976343463163,98.1316953108708));
#6217=CARTESIAN_POINT('Ctrl Pts',(-37.9789294902672,-36.9964238997864,98.1090388387573));
#6218=CARTESIAN_POINT('Ctrl Pts',(-38.0287070368116,-37.0168202231692,98.0873464477769));
#6219=CARTESIAN_POINT('Ctrl Pts',(-38.0788159938246,-37.037362849607,98.0663981857607));
#6220=CARTESIAN_POINT('Ctrl Pts',(-38.097295065902,-37.0449385146623,98.0586729312998));
#6221=CARTESIAN_POINT('Ctrl Pts',(-38.1158192586071,-37.0525344206367,98.0510492682069));
#6222=CARTESIAN_POINT('Ctrl Pts',(-38.1343859321811,-37.0601432148182,98.0435174731521));
#6223=CARTESIAN_POINT('Origin',(-33.3782321754627,-38.201007194045,95.3060123650074));
#6224=CARTESIAN_POINT('Ctrl Pts',(-33.3780856280776,-36.7010072019222,95.3060587912982));
#6225=CARTESIAN_POINT('Ctrl Pts',(-34.8081904073229,-36.7008534606436,94.85300082527));
#6226=CARTESIAN_POINT('Ctrl Pts',(-34.8081904073229,-38.201007194045,94.85300082527));
#6227=CARTESIAN_POINT('Ctrl Pts',(-33.4880212440244,-36.7009912428899,95.149441595732));
#6228=CARTESIAN_POINT('Ctrl Pts',(-34.8001260046264,-36.8490409191202,94.8275452035627));
#6229=CARTESIAN_POINT('Ctrl Pts',(-34.7395750877449,-38.2010071595892,94.6364124330203));
#6230=CARTESIAN_POINT('Ctrl Pts',(-33.6136485474405,-36.7009759033791,94.9619506107949));
#6231=CARTESIAN_POINT('Ctrl Pts',(-34.7484498994699,-36.9766396411547,94.7032339929738));
#6232=CARTESIAN_POINT('Ctrl Pts',(-34.6914063188385,-38.139046462372,94.4164112515001));
#6233=CARTESIAN_POINT('Ctrl Pts',(-33.8738378075252,-36.7009567481048,94.5416778333476));
#6234=CARTESIAN_POINT('Ctrl Pts',(-34.6642341002128,-37.1073030317576,94.3414341615245));
#6235=CARTESIAN_POINT('Ctrl Pts',(-34.6341713230195,-37.9491628132891,93.9873762824555));
#6236=CARTESIAN_POINT('Ctrl Pts',(-34.0061352500282,-36.7009529810456,94.312808538292));
#6237=CARTESIAN_POINT('Ctrl Pts',(-34.6308752118253,-37.1215040509708,94.1186664720456));
#6238=CARTESIAN_POINT('Ctrl Pts',(-34.6248192114336,-37.8232237536283,93.781631402183));
#6239=CARTESIAN_POINT('Ctrl Pts',(-34.2665018766702,-36.7009560860336,93.8194920862457));
#6240=CARTESIAN_POINT('Ctrl Pts',(-34.6135272536403,-37.0746524580709,93.6512841419327));
#6241=CARTESIAN_POINT('Ctrl Pts',(-34.6368089496212,-37.537301754753,93.3793800710018));
#6242=CARTESIAN_POINT('Ctrl Pts',(-34.3938845776209,-36.7009629078386,93.5558588605919));
#6243=CARTESIAN_POINT('Ctrl Pts',(-34.6264127481058,-37.0176923380545,93.4027637003733));
#6244=CARTESIAN_POINT('Ctrl Pts',(-34.6584687063034,-37.3772209167969,93.1838839859421));
#6245=CARTESIAN_POINT('Ctrl Pts',(-34.629904766118,-36.7009821908397,93.0130948292891));
#6246=CARTESIAN_POINT('Ctrl Pts',(-34.6989705419253,-36.8747483012123,92.9207557942043));
#6247=CARTESIAN_POINT('Ctrl Pts',(-34.7283107867151,-37.0463235743677,92.8072266595428));
#6248=CARTESIAN_POINT('Ctrl Pts',(-34.7395007336728,-36.7009946454656,92.7321829956629));
#6249=CARTESIAN_POINT('Ctrl Pts',(-34.7580586487702,-36.7875805187308,92.6783268004195));
#6250=CARTESIAN_POINT('Ctrl Pts',(-34.776564958717,-36.8742112130872,92.6246203664529));
#6251=CARTESIAN_POINT('Ctrl Pts',(-34.8383389614273,-36.701007194045,92.4453484636833));
#6252=CARTESIAN_POINT('Ctrl Pts',(-34.8383389614273,-36.701007194045,92.4453484636833));
#6253=CARTESIAN_POINT('Ctrl Pts',(-34.8383389614273,-36.701007194045,92.4453484636833));
#6254=CARTESIAN_POINT('Origin',(10.5342704996532,-47.851007194045,83.6988349501852));
#6255=CARTESIAN_POINT('Origin',(20.0342704996532,-36.701007194045,113.698834950185));
#6256=CARTESIAN_POINT('Origin',(10.5342704996532,-47.851007194045,93.6988349501852));
#6257=CARTESIAN_POINT('Origin',(20.0342704996532,-36.701007194045,113.698834950185));
#6258=CARTESIAN_POINT('Origin',(29.2127531774252,17.3398176358862,78.7331866529641));
#6259=CARTESIAN_POINT('Ctrl Pts',(10.0341895983242,-45.1835472819302,73.6988137135864));
#6260=CARTESIAN_POINT('Ctrl Pts',(10.0341805475235,-45.1906296096072,73.6988113377512));
#6261=CARTESIAN_POINT('Ctrl Pts',(10.0343775793337,-45.1977567982972,73.6988630586014));
#6262=CARTESIAN_POINT('Ctrl Pts',(10.0359904743648,-45.222388967751,73.699286443547));
#6263=CARTESIAN_POINT('Ctrl Pts',(10.0388609373494,-45.2407851450506,73.7000399400805));
#6264=CARTESIAN_POINT('Ctrl Pts',(10.0487847764505,-45.267423457071,73.7026449478444));
#6265=CARTESIAN_POINT('Ctrl Pts',(10.0538872573191,-45.2770394357197,73.7039843490724));
#6266=CARTESIAN_POINT('Ctrl Pts',(10.0670078509059,-45.2928425974468,73.7074285048888));
#6267=CARTESIAN_POINT('Ctrl Pts',(10.074392453738,-45.29887137631,73.7093669631336));
#6268=CARTESIAN_POINT('Ctrl Pts',(10.0932750525512,-45.3087551880805,73.7143236453219));
#6269=CARTESIAN_POINT('Ctrl Pts',(10.1045692632837,-45.3115149979343,73.7172883756378));
#6270=CARTESIAN_POINT('Ctrl Pts',(10.135411469873,-45.3140947853413,73.7253844548672));
#6271=CARTESIAN_POINT('Ctrl Pts',(10.1558967064598,-45.3107124943814,73.7307618294711));
#6272=CARTESIAN_POINT('Ctrl Pts',(10.2274731006559,-45.2913081952002,73.7495506329471));
#6273=CARTESIAN_POINT('Ctrl Pts',(10.2847770264449,-45.2584627686424,73.7645929134654));
#6274=CARTESIAN_POINT('Ctrl Pts',(10.5847404353572,-45.0661259402617,73.8433333083027));
#6275=CARTESIAN_POINT('Ctrl Pts',(11.0017498575466,-44.6433080173378,73.9527982816253));
#6276=CARTESIAN_POINT('Ctrl Pts',(11.9037341896924,-43.3530374071155,74.1895691688072));
#6277=CARTESIAN_POINT('Ctrl Pts',(12.365966891791,-42.5114628181591,74.3109052523183));
#6278=CARTESIAN_POINT('Ctrl Pts',(13.0395352708116,-40.7320420342233,74.4877169518064));
#6279=CARTESIAN_POINT('Ctrl Pts',(13.2599555239861,-39.9168959264235,74.5455772690497));
#6280=CARTESIAN_POINT('Ctrl Pts',(13.5431259708479,-38.3053961395822,74.6199095113489));
#6281=CARTESIAN_POINT('Ctrl Pts',(13.6120436630417,-37.5051362395333,74.6380004055493));
#6282=CARTESIAN_POINT('Ctrl Pts',(13.6120426000791,-36.701007194045,74.6380001265216));
#6283=CARTESIAN_POINT('Origin',(6.98793224492658,17.3398176358862,63.9984987419941));
#6284=CARTESIAN_POINT('Ctrl Pts',(-33.5435016005908,-36.701007194045,74.6380001265047));
#6285=CARTESIAN_POINT('Ctrl Pts',(-33.5435026626531,-37.5044533877446,74.6380004052961));
#6286=CARTESIAN_POINT('Ctrl Pts',(-33.4747019689694,-38.304040291965,74.619940223204));
#6287=CARTESIAN_POINT('Ctrl Pts',(-33.1920120374098,-39.9142095339147,74.5457341161692));
#6288=CARTESIAN_POINT('Ctrl Pts',(-32.9719690108756,-40.728686675189,74.4879728209173));
#6289=CARTESIAN_POINT('Ctrl Pts',(-32.299070697325,-42.5081137299757,74.3113370136092));
#6290=CARTESIAN_POINT('Ctrl Pts',(-31.8368884762555,-43.3501585215058,74.190014181364));
#6291=CARTESIAN_POINT('Ctrl Pts',(-30.9348325370343,-44.6414291336741,73.9532244973171));
#6292=CARTESIAN_POINT('Ctrl Pts',(-30.5176114748862,-45.0648004587177,73.8437039685018));
#6293=CARTESIAN_POINT('Ctrl Pts',(-30.2172064797712,-45.2579063130317,73.7648476572836));
#6294=CARTESIAN_POINT('Ctrl Pts',(-30.1595059589824,-45.2911048379317,73.7497012705773));
#6295=CARTESIAN_POINT('Ctrl Pts',(-30.0875450882856,-45.3106778435816,73.7308115420193));
#6296=CARTESIAN_POINT('Ctrl Pts',(-30.0670244410497,-45.3140865533557,73.7254248721199));
#6297=CARTESIAN_POINT('Ctrl Pts',(-30.0361348783898,-45.3115364138438,73.7173163619216));
#6298=CARTESIAN_POINT('Ctrl Pts',(-30.0248240127944,-45.30878731387,73.7143472597042));
#6299=CARTESIAN_POINT('Ctrl Pts',(-30.005916807469,-45.2989178768725,73.7093841183062));
#6300=CARTESIAN_POINT('Ctrl Pts',(-29.9985230361872,-45.2928958238247,73.7074432533434));
#6301=CARTESIAN_POINT('Ctrl Pts',(-29.9853911044087,-45.2771092132236,73.7039961212515));
#6302=CARTESIAN_POINT('Ctrl Pts',(-29.9802842181639,-45.2675066677816,73.7026555636122));
#6303=CARTESIAN_POINT('Ctrl Pts',(-29.9703523647469,-45.2409128222665,73.7000484520902));
#6304=CARTESIAN_POINT('Ctrl Pts',(-29.9674726548332,-45.2225535172532,73.6992925282379));
#6305=CARTESIAN_POINT('Ctrl Pts',(-29.9658402016226,-45.1978876785293,73.6988640092701));
#6306=CARTESIAN_POINT('Ctrl Pts',(-29.9656394654193,-45.1906943996591,73.6988113160167));
#6307=CARTESIAN_POINT('Ctrl Pts',(-29.9656485990181,-45.1835472817372,73.6988137135864));
#6308=CARTESIAN_POINT('Origin',(20.0342704996532,-52.701007194045,113.698834950185));
#6309=CARTESIAN_POINT('',(-1.96572950028107,-52.701007194045,69.3263607302065));
#6310=CARTESIAN_POINT('',(-1.96572950028106,-52.701007194045,113.698834950185));
#6311=CARTESIAN_POINT('',(-17.9657295002811,-52.701007194045,69.3263607301859));
#6312=CARTESIAN_POINT('Ctrl Pts',(-1.96572950028107,-52.701007194045,69.3263607302065));
#6313=CARTESIAN_POINT('Ctrl Pts',(-7.29898339105962,-52.701007194045,68.4895735808241));
#6314=CARTESIAN_POINT('Ctrl Pts',(-12.6324756094978,-52.701007194045,68.4895735809339));
#6315=CARTESIAN_POINT('Ctrl Pts',(-17.9657295002811,-52.701007194045,69.3263607301859));
#6316=CARTESIAN_POINT('',(-17.9657295002811,-52.701007194045,64.6988349501741));
#6317=CARTESIAN_POINT('Origin',(-17.965729500281,-36.701007194045,113.698834950185));
#6318=CARTESIAN_POINT('Ctrl Pts',(-17.9657295002811,-52.701007194045,69.3263607301859));
#6319=CARTESIAN_POINT('Ctrl Pts',(-19.0306655669949,-52.701007194045,69.4830060974711));
#6320=CARTESIAN_POINT('Ctrl Pts',(-20.0725809362293,-52.5957996174399,69.6655565243715));
#6321=CARTESIAN_POINT('Ctrl Pts',(-21.6036530500837,-52.2906295286233,69.9733712696016));
#6322=CARTESIAN_POINT('Ctrl Pts',(-22.1086753975102,-52.1641464751531,70.0816442833158));
#6323=CARTESIAN_POINT('Ctrl Pts',(-23.1081125246442,-51.8611052796465,70.3087096964048));
#6324=CARTESIAN_POINT('Ctrl Pts',(-23.6040320693744,-51.68366366203,70.4279420274136));
#6325=CARTESIAN_POINT('Ctrl Pts',(-25.0455853675761,-51.0870227540088,70.7921907607691));
#6326=CARTESIAN_POINT('Ctrl Pts',(-25.9551580320252,-50.6019393171775,71.0458379795048));
#6327=CARTESIAN_POINT('Ctrl Pts',(-27.2459226572403,-49.7449611769627,71.4328780264827));
#6328=CARTESIAN_POINT('Ctrl Pts',(-27.6649046991955,-49.4366835187932,71.5633320987567));
#6329=CARTESIAN_POINT('Ctrl Pts',(-28.4729049657935,-48.77870212002,71.8231141867763));
#6330=CARTESIAN_POINT('Ctrl Pts',(-28.8579571473748,-48.4324123992163,71.9511315839518));
#6331=CARTESIAN_POINT('Ctrl Pts',(-29.958310549815,-47.3426219487001,72.3268966785244));
#6332=CARTESIAN_POINT('Ctrl Pts',(-30.619331079007,-46.5488296481089,72.5669025807542));
#6333=CARTESIAN_POINT('Ctrl Pts',(-31.4998311348775,-45.2509430385054,72.8970901017057));
#6334=CARTESIAN_POINT('Ctrl Pts',(-31.7757801850803,-44.7978269040587,73.0005709955317));
#6335=CARTESIAN_POINT('Ctrl Pts',(-32.2771677374261,-43.8744808935559,73.1885913276614));
#6336=CARTESIAN_POINT('Ctrl Pts',(-32.5042328079182,-43.4022325874441,73.2737407290959));
#6337=CARTESIAN_POINT('Ctrl Pts',(-33.1151148425015,-41.9540181925268,73.5028214920647));
#6338=CARTESIAN_POINT('Ctrl Pts',(-33.4293798625489,-40.9469233257162,73.6206708745825));
#6339=CARTESIAN_POINT('Ctrl Pts',(-33.8579635259037,-38.8432452757004,73.7813897483405));
#6340=CARTESIAN_POINT('Ctrl Pts',(-33.9657295002811,-37.7779234369727,73.821801988732));
#6341=CARTESIAN_POINT('Ctrl Pts',(-33.9657295002811,-36.701007194045,73.821801988732));
#6342=CARTESIAN_POINT('Origin',(-1.96572950028106,-36.701007194045,113.698834950185));
#6343=CARTESIAN_POINT('Ctrl Pts',(14.0342704997189,-36.701007194045,73.8218019887846));
#6344=CARTESIAN_POINT('Ctrl Pts',(14.0342704997189,-37.7762658003003,73.8218019887846));
#6345=CARTESIAN_POINT('Ctrl Pts',(13.9268529180133,-38.8398678754087,73.781520395645));
#6346=CARTESIAN_POINT('Ctrl Pts',(13.4995501172273,-40.9405858628332,73.6212818453503));
#6347=CARTESIAN_POINT('Ctrl Pts',(13.1862097468157,-41.9463279035628,73.5037792064459));
#6348=CARTESIAN_POINT('Ctrl Pts',(12.5771346253536,-43.3927010077726,73.2753760358976));
#6349=CARTESIAN_POINT('Ctrl Pts',(12.3507428383441,-43.8643673178373,73.190479115769));
#6350=CARTESIAN_POINT('Ctrl Pts',(11.8508550310886,-44.7866178928898,73.0030211880482));
#6351=CARTESIAN_POINT('Ctrl Pts',(11.5757069393916,-45.2392776739374,72.8998406536619));
#6352=CARTESIAN_POINT('Ctrl Pts',(10.6975837723554,-46.5361864760436,72.5705444660233));
#6353=CARTESIAN_POINT('Ctrl Pts',(10.0383629720393,-47.329475852499,72.3310006443833));
#6354=CARTESIAN_POINT('Ctrl Pts',(8.94105448279582,-48.4188443952284,71.9560184400477));
#6355=CARTESIAN_POINT('Ctrl Pts',(8.55707781796979,-48.7650460660561,71.8282592964699));
#6356=CARTESIAN_POINT('Ctrl Pts',(7.75137212707615,-49.4229741695579,71.5689812585407));
#6357=CARTESIAN_POINT('Ctrl Pts',(7.33327974846459,-49.7315245495531,71.4386707889588));
#6358=CARTESIAN_POINT('Ctrl Pts',(6.04564447195581,-50.589193156178,71.0521272248036));
#6359=CARTESIAN_POINT('Ctrl Pts',(5.1383026139084,-51.0749648996284,70.7987461986958));
#6360=CARTESIAN_POINT('Ctrl Pts',(3.70040524020516,-51.6731279590866,70.4347604593602));
#6361=CARTESIAN_POINT('Ctrl Pts',(3.20625783033201,-51.8510679648855,70.3156921725003));
#6362=CARTESIAN_POINT('Ctrl Pts',(2.20534989573286,-52.1566175339937,70.0877938351687));
#6363=CARTESIAN_POINT('Ctrl Pts',(1.69762678026258,-52.2848424395201,69.978671276745));
#6364=CARTESIAN_POINT('Ctrl Pts',(0.667265660717962,-52.4916194899145,69.7711556620344));
#6365=CARTESIAN_POINT('Ctrl Pts',(0.143994728082493,-52.5700797439442,69.672694083893));
#6366=CARTESIAN_POINT('Ctrl Pts',(-0.906089011025291,-52.6745967075901,
69.4895320945421));
#6367=CARTESIAN_POINT('Ctrl Pts',(-1.43428774980231,-52.701007194045,69.4045324541229));
#6368=CARTESIAN_POINT('Ctrl Pts',(-1.96572950028107,-52.701007194045,69.3263607302065));
#6369=CARTESIAN_POINT('Origin',(2.03427049971894,-42.701007194045,67.6988349501852));
#6370=CARTESIAN_POINT('Origin',(-21.9657295002811,-42.701007194045,67.6988349501852));
#6371=CARTESIAN_POINT('Origin',(10.0342704996532,-35.701007194045,83.6988349501852));
#6372=CARTESIAN_POINT('Origin',(19.0342704996532,-35.701007194045,83.6988349501853));
#6373=CARTESIAN_POINT('Origin',(19.0342704996532,-35.701007194045,113.698834950185));
#6374=CARTESIAN_POINT('Origin',(19.0342704996532,-35.701007194045,90.4145637027232));
#6375=CARTESIAN_POINT('Origin',(0.0342704996531618,-35.701007194045,90.4145637027233));
#6376=CARTESIAN_POINT('Origin',(13.4692993421975,-35.701007194045,103.849592545268));
#6377=CARTESIAN_POINT('Origin',(11.8271637184666,-35.701007194045,105.491728168999));
#6378=CARTESIAN_POINT('Origin',(10.1850280947357,-35.701007194045,107.13386379273));
#6379=CARTESIAN_POINT('Origin',(-3.25000074780875,-35.701007194045,93.6988349501852));
#6380=CARTESIAN_POINT('Origin',(-3.25000074780881,-35.701007194045,112.698834950185));
#6381=CARTESIAN_POINT('Origin',(20.0342704996532,-35.701007194045,112.698834950185));
#6382=CARTESIAN_POINT('Origin',(-16.6814582528849,-35.701007194045,112.698834950185));
#6383=CARTESIAN_POINT('Origin',(-16.6814582528849,-35.701007194045,93.6988349501852));
#6384=CARTESIAN_POINT('Origin',(-30.1164870954294,-35.701007194045,107.13386379273));
#6385=CARTESIAN_POINT('Origin',(-1.75862271916031,-35.701007194045,135.491728168999));
#6386=CARTESIAN_POINT('Origin',(-33.4007583428912,-35.701007194045,103.849592545268));
#6387=CARTESIAN_POINT('Origin',(-19.9657295003468,-35.701007194045,90.4145637027233));
#6388=CARTESIAN_POINT('Origin',(-36.9256955619337,-35.701007194045,98.9795827447234));
#6389=CARTESIAN_POINT('Origin',(-41.3888445255092,-35.701007194045,101.233535124197));
#6390=CARTESIAN_POINT('Origin',(-37.006202058285,-35.701007194045,98.8267852401245));
#6391=CARTESIAN_POINT('Ctrl Pts',(-37.8827305517298,-35.701007194045,99.308135216939));
#6392=CARTESIAN_POINT('Ctrl Pts',(-37.8827305517298,-36.701007194045,99.308135216939));
#6393=CARTESIAN_POINT('Ctrl Pts',(-37.006202058285,-36.701007194045,98.8267852401245));
#6394=CARTESIAN_POINT('Ctrl Pts',(-38.0116308037233,-35.7010072113496,99.0734104862302));
#6395=CARTESIAN_POINT('Ctrl Pts',(-37.948450828616,-36.6726810143285,99.1884599156287));
#6396=CARTESIAN_POINT('Ctrl Pts',(-37.1317084834844,-36.701007194045,98.658855788473));
#6397=CARTESIAN_POINT('Ctrl Pts',(-38.1617021131807,-35.7650659931424,98.8566867396359));
#6398=CARTESIAN_POINT('Ctrl Pts',(-38.0257696449842,-36.6520403969221,99.0468266055545));
#6399=CARTESIAN_POINT('Ctrl Pts',(-37.290578573927,-36.7394424674235,98.5093258944962));
#6400=CARTESIAN_POINT('Ctrl Pts',(-38.4864778177787,-35.9842655032243,98.4694577217899));
#6401=CARTESIAN_POINT('Ctrl Pts',(-38.2602010600151,-36.6830637859625,98.7131161988718));
#6402=CARTESIAN_POINT('Ctrl Pts',(-37.6750322146161,-36.8709621856325,98.2484198133027));
#6403=CARTESIAN_POINT('Ctrl Pts',(-38.6550005389341,-36.1349012379075,98.3046417590319));
#6404=CARTESIAN_POINT('Ctrl Pts',(-38.405891305871,-36.7319640071757,98.5356897246972));
#6405=CARTESIAN_POINT('Ctrl Pts',(-37.8933691471402,-36.9613948142206,98.1408280951148));
#6406=CARTESIAN_POINT('Ctrl Pts',(-38.8308495139713,-36.3056698176875,98.1583665888242));
#6407=CARTESIAN_POINT('Ctrl Pts',(-38.5939160898463,-36.8216706589446,98.3554531907475));
#6408=CARTESIAN_POINT('Ctrl Pts',(-38.1433216749298,-37.0638047682305,98.0399009911518));
#6409=CARTESIAN_POINT('Ctrl Pts',(-38.1343859395134,-37.0601431012053,98.0435173764524));
#6410=CARTESIAN_POINT('Ctrl Pts',(-38.2021093334368,-37.0218170185895,98.0936808498959));
#6411=CARTESIAN_POINT('Ctrl Pts',(-38.2685132193501,-36.9739820553253,98.1351882339362));
#6412=CARTESIAN_POINT('Ctrl Pts',(-38.396197927757,-36.8622913606074,98.200242258976));
#6413=CARTESIAN_POINT('Ctrl Pts',(-38.4584751069667,-36.7972253051169,98.2240428831213));
#6414=CARTESIAN_POINT('Ctrl Pts',(-38.5715060088266,-36.6574640848238,98.2510161926324));
#6415=CARTESIAN_POINT('Ctrl Pts',(-38.623698689498,-36.5811359213554,98.2546417711445));
#6416=CARTESIAN_POINT('Ctrl Pts',(-38.7141362939037,-36.4230395929333,98.2415785717469));
#6417=CARTESIAN_POINT('Ctrl Pts',(-38.7521682063985,-36.3421296040475,98.2252843005656));
#6418=CARTESIAN_POINT('Ctrl Pts',(-38.782804024265,-36.2593465940212,98.1989753693052));
#6419=CARTESIAN_POINT('Ctrl Pts',(-38.1343859395134,-37.0601431012053,98.0435173764524));
#6420=CARTESIAN_POINT('Ctrl Pts',(-38.1347693462868,-37.0601028425505,98.0435937540703));
#6421=CARTESIAN_POINT('Ctrl Pts',(-38.1351527547879,-37.0600622490225,98.0436698408701));
#6422=CARTESIAN_POINT('Ctrl Pts',(-38.1474218715526,-37.0587525870398,98.0460953499858));
#6423=CARTESIAN_POINT('Ctrl Pts',(-38.1593089217134,-37.0571634459555,98.0481667178833));
#6424=CARTESIAN_POINT('Ctrl Pts',(-38.1834492371034,-37.0533713989828,98.0518819196549));
#6425=CARTESIAN_POINT('Ctrl Pts',(-38.195701946263,-37.0511503478627,98.0535098066791));
#6426=CARTESIAN_POINT('Ctrl Pts',(-38.2324005364336,-37.0437463327259,98.0577316629113));
#6427=CARTESIAN_POINT('Ctrl Pts',(-38.2567868801364,-37.037822506933,98.0596638272785));
#6428=CARTESIAN_POINT('Ctrl Pts',(-38.3052278825194,-37.0247668735044,98.0623809107256));
#6429=CARTESIAN_POINT('Ctrl Pts',(-38.329300195175,-37.0175870007375,98.0631291454047));
#6430=CARTESIAN_POINT('Ctrl Pts',(-38.3651753872568,-37.0060519381227,98.0635179925633));
#6431=CARTESIAN_POINT('Ctrl Pts',(-38.3770949051339,-37.002079375007,98.0635253574728));
#6432=CARTESIAN_POINT('Ctrl Pts',(-38.3993693842938,-36.994424932241,98.0633383769886));
#6433=CARTESIAN_POINT('Ctrl Pts',(-38.4097336726842,-36.9907687884563,98.063169130306));
#6434=CARTESIAN_POINT('Ctrl Pts',(-38.4215430510543,-36.9865078368885,98.062893612824));
#6435=CARTESIAN_POINT('Ctrl Pts',(-38.4230185890176,-36.985973744701,98.0628577071976));
#6436=CARTESIAN_POINT('Ctrl Pts',(-38.4244934908584,-36.9854382139123,98.0628203652453));
#6437=CARTESIAN_POINT('Ctrl Pts',(-38.1354441175434,-37.0595442561644,98.044301180725));
#6438=CARTESIAN_POINT('Ctrl Pts',(-38.135826987973,-37.0595040253953,98.0443774849016));
#6439=CARTESIAN_POINT('Ctrl Pts',(-38.1362100968426,-37.0594624340018,98.0444522185144));
#6440=CARTESIAN_POINT('Ctrl Pts',(-38.1484657991584,-37.058137344884,98.0468549558761));
#6441=CARTESIAN_POINT('Ctrl Pts',(-38.160339074912,-37.0565351285334,98.0489053744548));
#6442=CARTESIAN_POINT('Ctrl Pts',(-38.1844502010404,-37.0527199206827,98.0525812896085));
#6443=CARTESIAN_POINT('Ctrl Pts',(-38.1966874432957,-37.0504888330581,98.0541910064514));
#6444=CARTESIAN_POINT('Ctrl Pts',(-38.2333385818402,-37.043059587569,98.0583638860913));
#6445=CARTESIAN_POINT('Ctrl Pts',(-38.2576921547003,-37.0371262664352,98.0602710593297));
#6446=CARTESIAN_POINT('Ctrl Pts',(-38.3060678323444,-37.0240598996248,98.0629488967184));
#6447=CARTESIAN_POINT('Ctrl Pts',(-38.330106912647,-37.0168760149736,98.0636802423942));
#6448=CARTESIAN_POINT('Ctrl Pts',(-38.3659325523253,-37.0053388636812,98.0640499794415));
#6449=CARTESIAN_POINT('Ctrl Pts',(-38.3778355495923,-37.001366044623,98.0640519588908));
#6450=CARTESIAN_POINT('Ctrl Pts',(-38.4000791276686,-36.9937118629983,98.0638565991624));
#6451=CARTESIAN_POINT('Ctrl Pts',(-38.4104290422914,-36.9900561922274,98.0636840821074));
#6452=CARTESIAN_POINT('Ctrl Pts',(-38.4222221494032,-36.9857963884852,98.0634051924499));
#6453=CARTESIAN_POINT('Ctrl Pts',(-38.4236950616348,-36.9852617570298,98.063368809802));
#6454=CARTESIAN_POINT('Ctrl Pts',(-38.4251685299432,-36.9847270855121,98.0633311204438));
#6455=CARTESIAN_POINT('Ctrl Pts',(-38.136501973428,-37.0589430896195,98.0450828716945));
#6456=CARTESIAN_POINT('Ctrl Pts',(-38.136884343059,-37.05890207536,98.045158527133));
#6457=CARTESIAN_POINT('Ctrl Pts',(-38.1372671860989,-37.0588586900473,98.0452313475703));
#6458=CARTESIAN_POINT('Ctrl Pts',(-38.1495105888077,-37.0574928034519,98.0475934019419));
#6459=CARTESIAN_POINT('Ctrl Pts',(-38.1613712751157,-37.0558598965883,98.0496105798286));
#6460=CARTESIAN_POINT('Ctrl Pts',(-38.1854556572036,-37.0519969439554,98.0532303287127));
#6461=CARTESIAN_POINT('Ctrl Pts',(-38.1976786941158,-37.0497492134136,98.054817547896));
#6462=CARTESIAN_POINT('Ctrl Pts',(-38.2342859363165,-37.0422877932752,98.0589376730868));
#6463=CARTESIAN_POINT('Ctrl Pts',(-38.2586088005854,-37.0363575074562,98.0608296071977));
#6464=CARTESIAN_POINT('Ctrl Pts',(-38.3069211427825,-37.0233144021779,98.0634934370251));
#6465=CARTESIAN_POINT('Ctrl Pts',(-38.3309269228037,-37.0161479923049,98.0642234013321));
#6466=CARTESIAN_POINT('Ctrl Pts',(-38.3667001786053,-37.00462862932,98.064587478163));
#6467=CARTESIAN_POINT('Ctrl Pts',(-38.3785852569179,-37.0006601228224,98.0645869206023));
#6468=CARTESIAN_POINT('Ctrl Pts',(-38.4007942831068,-36.9930079317711,98.0643832507));
#6469=CARTESIAN_POINT('Ctrl Pts',(-38.4111276999903,-36.9893507491276,98.0642053433471));
#6470=CARTESIAN_POINT('Ctrl Pts',(-38.4229015554587,-36.9850854155218,98.0639173006243));
#6471=CARTESIAN_POINT('Ctrl Pts',(-38.424371464181,-36.9845493367694,98.0638796588619));
#6472=CARTESIAN_POINT('Ctrl Pts',(-38.4258431018289,-36.9840145238116,98.0638407767772));
#6473=CARTESIAN_POINT('Ctrl Pts',(-38.1386170314301,-37.0577361249541,98.0466420245532));
#6474=CARTESIAN_POINT('Ctrl Pts',(-38.1389983608928,-37.0576943607955,98.0467169596189));
#6475=CARTESIAN_POINT('Ctrl Pts',(-38.1393806305104,-37.0576482147413,98.0467865465699));
#6476=CARTESIAN_POINT('Ctrl Pts',(-38.1515981724354,-37.0562267555693,98.0490857566643));
#6477=CARTESIAN_POINT('Ctrl Pts',(-38.163432932497,-37.054551991316,98.0510504428028));
#6478=CARTESIAN_POINT('Ctrl Pts',(-38.1874630297448,-37.050623610633,98.0545795564931));
#6479=CARTESIAN_POINT('Ctrl Pts',(-38.1996576300675,-37.048352822902,98.0561292699176));
#6480=CARTESIAN_POINT('Ctrl Pts',(-38.2361777402129,-37.0408457605023,98.0601578963494));
#6481=CARTESIAN_POINT('Ctrl Pts',(-38.2604406080635,-37.0349180320794,98.0620174098712));
#6482=CARTESIAN_POINT('Ctrl Pts',(-38.3086289920773,-37.0218992919905,98.0646382498782));
#6483=CARTESIAN_POINT('Ctrl Pts',(-38.3325694734863,-37.0147492315747,98.0653524611107));
#6484=CARTESIAN_POINT('Ctrl Pts',(-38.3682382732586,-37.0032387986941,98.065686005788));
#6485=CARTESIAN_POINT('Ctrl Pts',(-38.3800873448523,-36.9992702474203,98.0656740167488));
#6486=CARTESIAN_POINT('Ctrl Pts',(-38.4022261972503,-36.9916081440393,98.0654432330305));
#6487=CARTESIAN_POINT('Ctrl Pts',(-38.4125258113867,-36.9879424179946,98.0652502316853));
#6488=CARTESIAN_POINT('Ctrl Pts',(-38.4242597891011,-36.9836616166236,98.0649401720662));
#6489=CARTESIAN_POINT('Ctrl Pts',(-38.4257235201636,-36.9831221369775,98.0648995709572));
#6490=CARTESIAN_POINT('Ctrl Pts',(-38.4271912990536,-36.9825865492601,98.0648578835486));
#6491=CARTESIAN_POINT('Ctrl Pts',(-38.1396742335478,-37.0571303268336,98.0474194864424));
#6492=CARTESIAN_POINT('Ctrl Pts',(-38.140055041928,-37.0570881896317,98.047494061921));
#6493=CARTESIAN_POINT('Ctrl Pts',(-38.1404370220975,-37.0570406732976,98.0475620428586));
#6494=CARTESIAN_POINT('Ctrl Pts',(-38.1526415789244,-37.0555916294419,98.0498300207446));
#6495=CARTESIAN_POINT('Ctrl Pts',(-38.1644634237681,-37.0538963240749,98.0517688175969));
#6496=CARTESIAN_POINT('Ctrl Pts',(-38.188466610273,-37.0499362502923,98.0552535415041));
#6497=CARTESIAN_POINT('Ctrl Pts',(-38.2006471805105,-37.0476545753091,98.0567850793537));
#6498=CARTESIAN_POINT('Ctrl Pts',(-38.2371243841171,-37.0401267258751,98.0607697783331));
#6499=CARTESIAN_POINT('Ctrl Pts',(-38.2613578178415,-37.0342017726101,98.0626144140121));
#6500=CARTESIAN_POINT('Ctrl Pts',(-38.3094849939232,-37.0211971484845,98.0652154862355));
#6501=CARTESIAN_POINT('Ctrl Pts',(-38.3333930381047,-37.0140557219774,98.0659222366191));
#6502=CARTESIAN_POINT('Ctrl Pts',(-38.3690092171034,-37.0025486299306,98.06623954793));
#6503=CARTESIAN_POINT('Ctrl Pts',(-38.3808400363462,-36.9985793810312,98.0662212559938));
#6504=CARTESIAN_POINT('Ctrl Pts',(-38.4029430439635,-36.9909103306059,98.0659751780526));
#6505=CARTESIAN_POINT('Ctrl Pts',(-38.4132252840857,-36.9872391074427,98.0657735595834));
#6506=CARTESIAN_POINT('Ctrl Pts',(-38.4249386178311,-36.9829487652742,98.0654509173368));
#6507=CARTESIAN_POINT('Ctrl Pts',(-38.4263991736001,-36.982407357446,98.0654086339927));
#6508=CARTESIAN_POINT('Ctrl Pts',(-38.4278649243925,-36.9818711364092,98.0653653339864));
#6509=CARTESIAN_POINT('Ctrl Pts',(-38.1555272909913,-37.0480087039551,98.0590496781238));
#6510=CARTESIAN_POINT('Ctrl Pts',(-38.1559002686269,-37.0479609998745,98.0591188686414));
#6511=CARTESIAN_POINT('Ctrl Pts',(-38.1562778622751,-37.0478930691216,98.0591629099933));
#6512=CARTESIAN_POINT('Ctrl Pts',(-38.1682865611731,-37.0460325701915,98.0609646430404));
#6513=CARTESIAN_POINT('Ctrl Pts',(-38.1799109879649,-37.0440237767269,98.0625110215575));
#6514=CARTESIAN_POINT('Ctrl Pts',(-38.2034996870263,-37.0395673972222,98.0653133015711));
#6515=CARTESIAN_POINT('Ctrl Pts',(-38.2154625636829,-37.0371065603143,98.0665594126376));
#6516=CARTESIAN_POINT('Ctrl Pts',(-38.2512724998123,-37.0292125097307,98.0698410309221));
#6517=CARTESIAN_POINT('Ctrl Pts',(-38.2750460213984,-37.0232837102349,98.0714253011931));
#6518=CARTESIAN_POINT('Ctrl Pts',(-38.3222308180371,-37.010429272657,98.0736795278038));
#6519=CARTESIAN_POINT('Ctrl Pts',(-38.3456465181886,-37.0034016075592,98.0742615476901));
#6520=CARTESIAN_POINT('Ctrl Pts',(-38.3804876162875,-36.9919787183387,98.074363749025));
#6521=CARTESIAN_POINT('Ctrl Pts',(-38.392053218104,-36.9880200118692,98.0742683194315));
#6522=CARTESIAN_POINT('Ctrl Pts',(-38.4136438931925,-36.980309763892,98.0738449554328));
#6523=CARTESIAN_POINT('Ctrl Pts',(-38.4236811332749,-36.9765951270833,98.0735463723186));
#6524=CARTESIAN_POINT('Ctrl Pts',(-38.4351078247325,-36.9722195439856,98.0730829147435));
#6525=CARTESIAN_POINT('Ctrl Pts',(-38.4365237895669,-36.9716567642455,98.0730215923308));
#6526=CARTESIAN_POINT('Ctrl Pts',(-38.4379621142614,-36.9711186758933,98.0729604850993));
#6527=CARTESIAN_POINT('Ctrl Pts',(-38.1870941248911,-37.0287952281907,98.0814214350821));
#6528=CARTESIAN_POINT('Ctrl Pts',(-38.1874510272168,-37.0287371803089,98.0814801012952));
#6529=CARTESIAN_POINT('Ctrl Pts',(-38.1878186674787,-37.0286325254386,98.081480652428));
#6530=CARTESIAN_POINT('Ctrl Pts',(-38.1994103223215,-37.0260265802265,98.0824235565194));
#6531=CARTESIAN_POINT('Ctrl Pts',(-38.210618956163,-37.023448792002,98.0832465378665));
#6532=CARTESIAN_POINT('Ctrl Pts',(-38.2333426170341,-37.018089948353,98.0847882586279));
#6533=CARTESIAN_POINT('Ctrl Pts',(-38.2448552542662,-37.0153022579785,98.0855055448239));
#6534=CARTESIAN_POINT('Ctrl Pts',(-38.2792944949726,-37.0067375471656,98.0874784342548));
#6535=CARTESIAN_POINT('Ctrl Pts',(-38.302134421727,-37.0007960008437,98.0885678117033));
#6536=CARTESIAN_POINT('Ctrl Pts',(-38.3474239105514,-36.9882097309042,98.0901423499876));
#6537=CARTESIAN_POINT('Ctrl Pts',(-38.3698602329974,-36.9813917357671,98.0904718469783));
#6538=CARTESIAN_POINT('Ctrl Pts',(-38.4031738254056,-36.9701411896563,98.0901383050139));
#6539=CARTESIAN_POINT('Ctrl Pts',(-38.4142191630708,-36.966210695813,98.0898867746583));
#6540=CARTESIAN_POINT('Ctrl Pts',(-38.4348092884881,-36.9584487657848,98.0891091475271));
#6541=CARTESIAN_POINT('Ctrl Pts',(-38.4443697903383,-36.9546685609425,98.0886185034205));
#6542=CARTESIAN_POINT('Ctrl Pts',(-38.4552404785717,-36.9501565602595,98.087880050391));
#6543=CARTESIAN_POINT('Ctrl Pts',(-38.4565713878464,-36.9495577183285,98.0877817607314));
#6544=CARTESIAN_POINT('Ctrl Pts',(-38.4579551679813,-36.9490182578193,98.0876858345642));
#6545=CARTESIAN_POINT('Ctrl Pts',(-38.2515920564095,-36.9849394981218,98.1236888414849));
#6546=CARTESIAN_POINT('Ctrl Pts',(-38.251914806434,-36.9848640997014,98.1237266378374));
#6547=CARTESIAN_POINT('Ctrl Pts',(-38.2522578290264,-36.9847010332333,98.123655014799));
#6548=CARTESIAN_POINT('Ctrl Pts',(-38.2629084642055,-36.9808950875374,98.1231183458308));
#6549=CARTESIAN_POINT('Ctrl Pts',(-38.2731913567842,-36.9773992188346,98.1226914201595));
#6550=CARTESIAN_POINT('Ctrl Pts',(-38.2940108943338,-36.9705816384507,98.1220424513628));
#6551=CARTESIAN_POINT('Ctrl Pts',(-38.3045438733789,-36.9672639721957,98.121832682191));
#6552=CARTESIAN_POINT('Ctrl Pts',(-38.3360260511025,-36.9576097512001,98.1214834941402));
#6553=CARTESIAN_POINT('Ctrl Pts',(-38.3568811301238,-36.951642028298,98.1216482484413));
#6554=CARTESIAN_POINT('Ctrl Pts',(-38.3981906149779,-36.9395053136466,98.1218753611908));
#6555=CARTESIAN_POINT('Ctrl Pts',(-38.4186037702394,-36.9330535339631,98.1216776848301));
#6556=CARTESIAN_POINT('Ctrl Pts',(-38.4488116051546,-36.9221747714722,98.1204496543893));
#6557=CARTESIAN_POINT('Ctrl Pts',(-38.4588077453461,-36.9183299889939,98.1198805562212));
#6558=CARTESIAN_POINT('Ctrl Pts',(-38.4773971805644,-36.9105809086423,98.11840209084));
#6559=CARTESIAN_POINT('Ctrl Pts',(-38.4860110171155,-36.9067482767378,98.1175388675011));
#6560=CARTESIAN_POINT('Ctrl Pts',(-38.49578474514,-36.9020881393224,98.1162817858105));
#6561=CARTESIAN_POINT('Ctrl Pts',(-38.4969543603956,-36.9014413204708,98.1161145164224));
#6562=CARTESIAN_POINT('Ctrl Pts',(-38.4982243848558,-36.9009080215336,98.1159528350442));
#6563=CARTESIAN_POINT('Ctrl Pts',(-38.3004343964537,-36.9460593816355,98.1514517401945));
#6564=CARTESIAN_POINT('Ctrl Pts',(-38.3007301653621,-36.9459757075629,98.1514748056801));
#6565=CARTESIAN_POINT('Ctrl Pts',(-38.3010501225597,-36.9457875218316,98.1513674139162));
#6566=CARTESIAN_POINT('Ctrl Pts',(-38.3108998494351,-36.9414526694541,98.1500273712591));
#6567=CARTESIAN_POINT('Ctrl Pts',(-38.3204035350767,-36.937552889712,98.1489148835236));
#6568=CARTESIAN_POINT('Ctrl Pts',(-38.3396360719951,-36.9300972116904,98.1470446540328));
#6569=CARTESIAN_POINT('Ctrl Pts',(-38.3493609238437,-36.9265502486287,98.1463057414014));
#6570=CARTESIAN_POINT('Ctrl Pts',(-38.3784219929646,-36.916436793952,98.1445913450918));
#6571=CARTESIAN_POINT('Ctrl Pts',(-38.397671732642,-36.9104813101209,98.1441468986596));
#6572=CARTESIAN_POINT('Ctrl Pts',(-38.4358024073607,-36.8986295895389,98.1433924021036));
#6573=CARTESIAN_POINT('Ctrl Pts',(-38.4546298628811,-36.8924076127539,98.1427810044338));
#6574=CARTESIAN_POINT('Ctrl Pts',(-38.4824567351423,-36.8818539786488,98.1408824234601));
#6575=CARTESIAN_POINT('Ctrl Pts',(-38.4916579527497,-36.8781107691531,98.1400806115384));
#6576=CARTESIAN_POINT('Ctrl Pts',(-38.5087516524856,-36.8705095764344,98.1381151127724));
#6577=CARTESIAN_POINT('Ctrl Pts',(-38.5166655985536,-36.8667293806221,98.1370028873724));
#6578=CARTESIAN_POINT('Ctrl Pts',(-38.5256372731999,-36.862102020106,98.1354175712772));
#6579=CARTESIAN_POINT('Ctrl Pts',(-38.5266967818412,-36.8614473693156,98.135207469531));
#6580=CARTESIAN_POINT('Ctrl Pts',(-38.5278762817484,-36.8609286209955,98.1350041744859));
#6581=CARTESIAN_POINT('Ctrl Pts',(-38.396197927757,-36.8622913606074,98.200242258976));
#6582=CARTESIAN_POINT('Ctrl Pts',(-38.3964382006314,-36.8621960267448,98.2002396386806));
#6583=CARTESIAN_POINT('Ctrl Pts',(-38.3967069488081,-36.861977839663,98.2000836219354));
#6584=CARTESIAN_POINT('Ctrl Pts',(-38.4048499489057,-36.8569839058824,98.1975601833796));
#6585=CARTESIAN_POINT('Ctrl Pts',(-38.4127112710302,-36.8525958103384,98.1954131503992));
#6586=CARTESIAN_POINT('Ctrl Pts',(-38.4286282085844,-36.8444024725722,98.191648708707));
#6587=CARTESIAN_POINT('Ctrl Pts',(-38.4366802953434,-36.8406132855688,98.190057945955));
#6588=CARTESIAN_POINT('Ctrl Pts',(-38.4607609769928,-36.8300944885221,98.1860609713578));
#6589=CARTESIAN_POINT('Ctrl Pts',(-38.4767457683498,-36.8243119639434,98.1844638327726));
#6590=CARTESIAN_POINT('Ctrl Pts',(-38.5084389669693,-36.8132010560636,98.1817335191555));
#6591=CARTESIAN_POINT('Ctrl Pts',(-38.5240791998985,-36.8075037627064,98.1802567419978));
#6592=CARTESIAN_POINT('Ctrl Pts',(-38.5471292779424,-36.7977714359779,98.1770771491692));
#6593=CARTESIAN_POINT('Ctrl Pts',(-38.5547379591519,-36.7943038469653,98.1758502283946));
#6594=CARTESIAN_POINT('Ctrl Pts',(-38.5688366082051,-36.787185255762,98.1730568856073));
#6595=CARTESIAN_POINT('Ctrl Pts',(-38.575349460199,-36.7836171884101,98.1715446586721));
#6596=CARTESIAN_POINT('Ctrl Pts',(-38.5827137589256,-36.7792062561076,98.1694669072206));
#6597=CARTESIAN_POINT('Ctrl Pts',(-38.5835615332401,-36.7785657098679,98.1691935044225));
#6598=CARTESIAN_POINT('Ctrl Pts',(-38.5845505885019,-36.7780855426098,98.1689284604111));
#6599=CARTESIAN_POINT('Ctrl Pts',(-38.4584751069667,-36.7972253051169,98.2240428831213));
#6600=CARTESIAN_POINT('Ctrl Pts',(-38.4586755158441,-36.7971283273937,98.2240286843541));
#6601=CARTESIAN_POINT('Ctrl Pts',(-38.4589025248363,-36.7969167574487,98.2238713024857));
#6602=CARTESIAN_POINT('Ctrl Pts',(-38.465741071882,-36.7920042864262,98.2211391599623));
#6603=CARTESIAN_POINT('Ctrl Pts',(-38.4723626845631,-36.7877327301292,98.2187576893678));
#6604=CARTESIAN_POINT('Ctrl Pts',(-38.4858030937778,-36.779839191067,98.2144612248155));
#6605=CARTESIAN_POINT('Ctrl Pts',(-38.4926198526271,-36.7762357820286,98.2125705952731));
#6606=CARTESIAN_POINT('Ctrl Pts',(-38.5130508876027,-36.7663502885721,98.2076132546712));
#6607=CARTESIAN_POINT('Ctrl Pts',(-38.5266755789111,-36.7610847045468,98.2052926005983));
#6608=CARTESIAN_POINT('Ctrl Pts',(-38.553750818311,-36.7511045029716,98.2011430710399));
#6609=CARTESIAN_POINT('Ctrl Pts',(-38.5671364129764,-36.7460491742542,98.198996251567));
#6610=CARTESIAN_POINT('Ctrl Pts',(-38.586844122793,-36.737317056256,98.1950073839193));
#6611=CARTESIAN_POINT('Ctrl Pts',(-38.5933456994268,-36.7341907970479,98.1935437575574));
#6612=CARTESIAN_POINT('Ctrl Pts',(-38.6053759272796,-36.7277179756426,98.1903935580016));
#6613=CARTESIAN_POINT('Ctrl Pts',(-38.6109264089557,-36.7244532377583,98.1887508033237));
#6614=CARTESIAN_POINT('Ctrl Pts',(-38.6171912549312,-36.7203855856334,98.1865777425576));
#6615=CARTESIAN_POINT('Ctrl Pts',(-38.6179063616451,-36.7197934377387,98.1862938841704));
#6616=CARTESIAN_POINT('Ctrl Pts',(-38.6187532357852,-36.7193504966992,98.186018386694));
#6617=CARTESIAN_POINT('Ctrl Pts',(-38.5715060088266,-36.6574640848238,98.2510161926324));
#6618=CARTESIAN_POINT('Ctrl Pts',(-38.5716383187928,-36.6573811414891,98.2509849043412));
#6619=CARTESIAN_POINT('Ctrl Pts',(-38.5717896496982,-36.657216377385,98.2508513521675));
#6620=CARTESIAN_POINT('Ctrl Pts',(-38.5763288025221,-36.6532718838169,98.2482237637247));
#6621=CARTESIAN_POINT('Ctrl Pts',(-38.5807437513153,-36.6498282646015,98.2458771410292));
#6622=CARTESIAN_POINT('Ctrl Pts',(-38.5897390814319,-36.6434428048205,98.2415139378575));
#6623=CARTESIAN_POINT('Ctrl Pts',(-38.5943191279417,-36.640515858915,98.23951533052));
#6624=CARTESIAN_POINT('Ctrl Pts',(-38.6080907431708,-36.6324596145162,98.2340555009586));
#6625=CARTESIAN_POINT('Ctrl Pts',(-38.6173349709851,-36.6281204570077,98.2311527775863));
#6626=CARTESIAN_POINT('Ctrl Pts',(-38.6357693492666,-36.6199249350606,98.2257551770174));
#6627=CARTESIAN_POINT('Ctrl Pts',(-38.6449118434312,-36.6158286387259,98.2230358172869));
#6628=CARTESIAN_POINT('Ctrl Pts',(-38.6583654686145,-36.6089001922698,98.218465429476));
#6629=CARTESIAN_POINT('Ctrl Pts',(-38.6628024579449,-36.6064428771338,98.21685586307));
#6630=CARTESIAN_POINT('Ctrl Pts',(-38.6710016030764,-36.6014049092923,98.2135677904331));
#6631=CARTESIAN_POINT('Ctrl Pts',(-38.6747800721927,-36.5988819540743,98.2119181090125));
#6632=CARTESIAN_POINT('Ctrl Pts',(-38.6790365719808,-36.5957587461494,98.2098315555785));
#6633=CARTESIAN_POINT('Ctrl Pts',(-38.6795199630885,-36.5953085753008,98.2095621815266));
#6634=CARTESIAN_POINT('Ctrl Pts',(-38.6800973656414,-36.5949649847334,98.2092989592316));
#6635=CARTESIAN_POINT('Ctrl Pts',(-38.623698689498,-36.5811359213554,98.2546417711445));
#6636=CARTESIAN_POINT('Ctrl Pts',(-38.6238008287992,-36.5810670969971,98.254605993222));
#6637=CARTESIAN_POINT('Ctrl Pts',(-38.6239162838975,-36.5809409955117,98.2544986353904));
#6638=CARTESIAN_POINT('Ctrl Pts',(-38.6273984782115,-36.5778352361567,98.2522155946664));
#6639=CARTESIAN_POINT('Ctrl Pts',(-38.6307853004233,-36.575088387769,98.250147694449));
#6640=CARTESIAN_POINT('Ctrl Pts',(-38.6376865392002,-36.5699311517125,98.2462370901404));
#6641=CARTESIAN_POINT('Ctrl Pts',(-38.6412007933844,-36.5675310633553,98.2444072215939));
#6642=CARTESIAN_POINT('Ctrl Pts',(-38.6517691084231,-36.5608335845606,98.2393028434112));
#6643=CARTESIAN_POINT('Ctrl Pts',(-38.6588635501408,-36.5570848637672,98.236429315712));
#6644=CARTESIAN_POINT('Ctrl Pts',(-38.6730240138128,-36.549922960169,98.2309818680289));
#6645=CARTESIAN_POINT('Ctrl Pts',(-38.6800564556807,-36.5463424258512,98.2282512688263));
#6646=CARTESIAN_POINT('Ctrl Pts',(-38.6904283351145,-36.5404334929104,98.2238167369609));
#6647=CARTESIAN_POINT('Ctrl Pts',(-38.6938532245603,-36.5383621438252,98.2222791721257));
#6648=CARTESIAN_POINT('Ctrl Pts',(-38.7001921748761,-36.5341821568802,98.2192078708857));
#6649=CARTESIAN_POINT('Ctrl Pts',(-38.7031174763779,-36.5321132642661,98.2176942208778));
#6650=CARTESIAN_POINT('Ctrl Pts',(-38.7064180274421,-36.5295840736342,98.2158234520146));
#6651=CARTESIAN_POINT('Ctrl Pts',(-38.7067965366331,-36.5292261419662,98.2155836167661));
#6652=CARTESIAN_POINT('Ctrl Pts',(-38.7072408638644,-36.5289428744414,98.2153480860467));
#6653=CARTESIAN_POINT('Ctrl Pts',(-38.6915275950676,-36.4625624473905,98.244844270158));
#6654=CARTESIAN_POINT('Ctrl Pts',(-38.6915883892321,-36.4625182848173,98.244813132176));
#6655=CARTESIAN_POINT('Ctrl Pts',(-38.6916553671807,-36.4624475362191,98.2447487602504));
#6656=CARTESIAN_POINT('Ctrl Pts',(-38.6937001077233,-36.4606153486464,98.2432238933405));
#6657=CARTESIAN_POINT('Ctrl Pts',(-38.6956885745837,-36.4589685844205,98.2418130581631));
#6658=CARTESIAN_POINT('Ctrl Pts',(-38.6997402340823,-36.4558285784239,98.2390816079839));
#6659=CARTESIAN_POINT('Ctrl Pts',(-38.7018034179663,-36.4543404181714,98.2377669589483));
#6660=CARTESIAN_POINT('Ctrl Pts',(-38.7080068782678,-36.4501173221726,98.2340037844114));
#6661=CARTESIAN_POINT('Ctrl Pts',(-38.7121679479384,-36.447645074177,98.2317433460601));
#6662=CARTESIAN_POINT('Ctrl Pts',(-38.7204759225112,-36.442842010158,98.2273751906654));
#6663=CARTESIAN_POINT('Ctrl Pts',(-38.7246071184404,-36.4404338170827,98.2251949753533));
#6664=CARTESIAN_POINT('Ctrl Pts',(-38.730715317373,-36.4365371668641,98.2217862742022));
#6665=CARTESIAN_POINT('Ctrl Pts',(-38.732735252948,-36.4351853110763,98.2206256084139));
#6666=CARTESIAN_POINT('Ctrl Pts',(-38.7364813141821,-36.4324984848522,98.2183690837407));
#6667=CARTESIAN_POINT('Ctrl Pts',(-38.738213022889,-36.4311837890348,98.2172816531994));
#6668=CARTESIAN_POINT('Ctrl Pts',(-38.7401705987769,-36.4295964460323,98.2159773431805));
#6669=CARTESIAN_POINT('Ctrl Pts',(-38.7403994516615,-36.429378479943,98.2158115930016));
#6670=CARTESIAN_POINT('Ctrl Pts',(-38.7406588313354,-36.429195026366,98.2156479119449));
#6671=CARTESIAN_POINT('Ctrl Pts',(-38.7123405504679,-36.4225722760067,98.2391376506374));
#6672=CARTESIAN_POINT('Ctrl Pts',(-38.712388529784,-36.4225371069451,98.2391096897255));
#6673=CARTESIAN_POINT('Ctrl Pts',(-38.7124405517969,-36.4224845533068,98.2390599994531));
#6674=CARTESIAN_POINT('Ctrl Pts',(-38.7140407997065,-36.4210851014414,98.2378197579811));
#6675=CARTESIAN_POINT('Ctrl Pts',(-38.7155955003164,-36.4198118326656,98.2366621824072));
#6676=CARTESIAN_POINT('Ctrl Pts',(-38.7187609329738,-36.4173565870474,98.2343995374654));
#6677=CARTESIAN_POINT('Ctrl Pts',(-38.7203716257818,-36.416177844085,98.2332984044107));
#6678=CARTESIAN_POINT('Ctrl Pts',(-38.7252112086679,-36.4127951186334,98.2301150489613));
#6679=CARTESIAN_POINT('Ctrl Pts',(-38.7284521046801,-36.4107585684593,98.2281576528911));
#6680=CARTESIAN_POINT('Ctrl Pts',(-38.7349206341182,-36.4067663973238,98.2243482576316));
#6681=CARTESIAN_POINT('Ctrl Pts',(-38.7381379750738,-36.404760241445,98.2224488998202));
#6682=CARTESIAN_POINT('Ctrl Pts',(-38.7429030623411,-36.401556934193,98.2195144076347));
#6683=CARTESIAN_POINT('Ctrl Pts',(-38.7444803782953,-36.4004531717634,98.2185211058529));
#6684=CARTESIAN_POINT('Ctrl Pts',(-38.7474098992563,-36.3982816907387,98.2166078713526));
#6685=CARTESIAN_POINT('Ctrl Pts',(-38.7487658710748,-36.39722753846,98.2156932376363));
#6686=CARTESIAN_POINT('Ctrl Pts',(-38.750301050419,-36.3959661954798,98.2146085512951));
#6687=CARTESIAN_POINT('Ctrl Pts',(-38.750482580516,-36.3957957259137,98.2144712076817));
#6688=CARTESIAN_POINT('Ctrl Pts',(-38.7506840627264,-36.3956478021216,98.2143352321214));
#6689=CARTESIAN_POINT('Ctrl Pts',(-38.750320680159,-36.3416579784441,98.2227798557236));
#6690=CARTESIAN_POINT('Ctrl Pts',(-38.7503442792457,-36.3416409097882,98.2227622997333));
#6691=CARTESIAN_POINT('Ctrl Pts',(-38.750368826864,-36.34161974597,98.2227396332821));
#6692=CARTESIAN_POINT('Ctrl Pts',(-38.7511390986594,-36.3410087699884,98.2220966981282));
#6693=CARTESIAN_POINT('Ctrl Pts',(-38.7518837737489,-36.3404318126909,98.2214864168889));
#6694=CARTESIAN_POINT('Ctrl Pts',(-38.7533939975923,-36.3392824090408,98.2202713204584));
#6695=CARTESIAN_POINT('Ctrl Pts',(-38.7541593909327,-36.3387104648184,98.2196675608775));
#6696=CARTESIAN_POINT('Ctrl Pts',(-38.7564513484031,-36.3370198705401,98.2178899914953));
#6697=CARTESIAN_POINT('Ctrl Pts',(-38.7579747491519,-36.3359297362566,98.2167510163745));
#6698=CARTESIAN_POINT('Ctrl Pts',(-38.7610085398057,-36.3337487692571,98.2145079185134));
#6699=CARTESIAN_POINT('Ctrl Pts',(-38.7625164917269,-36.3326460901498,98.213392686285));
#6700=CARTESIAN_POINT('Ctrl Pts',(-38.7647610923373,-36.3309389562043,98.2117041919337));
#6701=CARTESIAN_POINT('Ctrl Pts',(-38.7655061946762,-36.3303602007088,98.2111385421935));
#6702=CARTESIAN_POINT('Ctrl Pts',(-38.7668964461594,-36.3292498618219,98.2100669026484));
#6703=CARTESIAN_POINT('Ctrl Pts',(-38.767542511583,-36.3287216192093,98.2095620465216));
#6704=CARTESIAN_POINT('Ctrl Pts',(-38.7682776316774,-36.3281045061452,98.2089760224576));
#6705=CARTESIAN_POINT('Ctrl Pts',(-38.7683670853913,-36.328024353239,98.2089023598226));
#6706=CARTESIAN_POINT('Ctrl Pts',(-38.7684612375161,-36.3279495047971,98.2088290225509));
#6707=CARTESIAN_POINT('Ctrl Pts',(-38.7674878544497,-36.3007338522654,98.2121286803304));
#6708=CARTESIAN_POINT('Ctrl Pts',(-38.7674989375201,-36.3007251123642,98.2121191623456));
#6709=CARTESIAN_POINT('Ctrl Pts',(-38.7675100234706,-36.3007163713461,98.2121096418874));
#6710=CARTESIAN_POINT('Ctrl Pts',(-38.7678648653741,-36.3004366230121,98.2118049086564));
#6711=CARTESIAN_POINT('Ctrl Pts',(-38.7682113659822,-36.3001645431237,98.2115073388125));
#6712=CARTESIAN_POINT('Ctrl Pts',(-38.768919855489,-36.2996094117317,98.2108988979987));
#6713=CARTESIAN_POINT('Ctrl Pts',(-38.7692819834475,-36.2993262894265,98.2105879076062));
#6714=CARTESIAN_POINT('Ctrl Pts',(-38.7703730814785,-36.2984734492664,98.2096508879786));
#6715=CARTESIAN_POINT('Ctrl Pts',(-38.7711067657064,-36.2979002581666,98.209020810293));
#6716=CARTESIAN_POINT('Ctrl Pts',(-38.7725756830466,-36.2967445028783,98.2077593247617));
#6717=CARTESIAN_POINT('Ctrl Pts',(-38.7733109161588,-36.2961619386899,98.2071279169161));
#6718=CARTESIAN_POINT('Ctrl Pts',(-38.7744066608427,-36.2952809792642,98.2061869068084));
#6719=CARTESIAN_POINT('Ctrl Pts',(-38.7747707249065,-36.2949861405984,98.2058742537159));
#6720=CARTESIAN_POINT('Ctrl Pts',(-38.7754498330549,-36.294431082223,98.2052910451991));
#6721=CARTESIAN_POINT('Ctrl Pts',(-38.7757653161358,-36.294171141998,98.2050201127708));
#6722=CARTESIAN_POINT('Ctrl Pts',(-38.776123701879,-36.2938730187295,98.2047123361402));
#6723=CARTESIAN_POINT('Ctrl Pts',(-38.776168461412,-36.2938357345937,98.2046738972834));
#6724=CARTESIAN_POINT('Ctrl Pts',(-38.7762131809148,-36.2937984317171,98.2046354928039));
#6725=CARTESIAN_POINT('Ctrl Pts',(-38.7828059274205,-36.2593414513538,98.1989737349231));
#6726=CARTESIAN_POINT('Ctrl Pts',(-38.7828059274205,-36.2593414513538,98.1989737349231));
#6727=CARTESIAN_POINT('Ctrl Pts',(-38.7828059274205,-36.2593414513538,98.1989737349231));
#6728=CARTESIAN_POINT('Ctrl Pts',(-38.7828059274205,-36.2593414513538,98.1989737349231));
#6729=CARTESIAN_POINT('Ctrl Pts',(-38.7828059274205,-36.2593414513538,98.1989737349231));
#6730=CARTESIAN_POINT('Ctrl Pts',(-38.7828059274205,-36.2593414513538,98.1989737349231));
#6731=CARTESIAN_POINT('Ctrl Pts',(-38.7828059274205,-36.2593414513538,98.1989737349231));
#6732=CARTESIAN_POINT('Ctrl Pts',(-38.7828059274205,-36.2593414513538,98.1989737349231));
#6733=CARTESIAN_POINT('Ctrl Pts',(-38.7828059274205,-36.2593414513538,98.1989737349231));
#6734=CARTESIAN_POINT('Ctrl Pts',(-38.7828059274205,-36.2593414513538,98.1989737349231));
#6735=CARTESIAN_POINT('Ctrl Pts',(-38.7828059274205,-36.2593414513538,98.1989737349231));
#6736=CARTESIAN_POINT('Ctrl Pts',(-38.7828059274205,-36.2593414513538,98.1989737349231));
#6737=CARTESIAN_POINT('Ctrl Pts',(-38.7828059274205,-36.2593414513538,98.1989737349231));
#6738=CARTESIAN_POINT('Ctrl Pts',(-38.7828059274205,-36.2593414513538,98.1989737349231));
#6739=CARTESIAN_POINT('Ctrl Pts',(-38.7828059274205,-36.2593414513538,98.1989737349231));
#6740=CARTESIAN_POINT('Ctrl Pts',(-38.7828059274205,-36.2593414513538,98.1989737349231));
#6741=CARTESIAN_POINT('Ctrl Pts',(-38.7828059274205,-36.2593414513538,98.1989737349231));
#6742=CARTESIAN_POINT('Ctrl Pts',(-38.7828059274205,-36.2593414513538,98.1989737349231));
#6743=CARTESIAN_POINT('Ctrl Pts',(-38.4247312777413,-36.98532367202,98.0630502456735));
#6744=CARTESIAN_POINT('Ctrl Pts',(-38.4438960379578,-36.9651117137906,98.0775425308909));
#6745=CARTESIAN_POINT('Ctrl Pts',(-38.4622782066614,-36.9441956057849,98.0908479998165));
#6746=CARTESIAN_POINT('Ctrl Pts',(-38.4798295077227,-36.9228018647417,98.1029996771604));
#6747=CARTESIAN_POINT('Ctrl Pts',(-38.4977723505744,-36.9009308631443,98.1154224392226));
#6748=CARTESIAN_POINT('Ctrl Pts',(-38.5148471028341,-36.8785613812752,98.1266399559111));
#6749=CARTESIAN_POINT('Ctrl Pts',(-38.5310381210438,-36.855908596498,98.1367187680062));
#6750=CARTESIAN_POINT('Ctrl Pts',(-38.5478644130436,-36.8323670028606,98.1471930342399));
#6751=CARTESIAN_POINT('Ctrl Pts',(-38.5637366096103,-36.808520041334,98.1564381510319));
#6752=CARTESIAN_POINT('Ctrl Pts',(-38.578670916867,-36.7845701590278,98.1645523903008));
#6753=CARTESIAN_POINT('Ctrl Pts',(-38.5939533328541,-36.7600620209566,98.1728557670692));
#6754=CARTESIAN_POINT('Ctrl Pts',(-38.6082541776472,-36.7354463457036,98.1799756903393));
#6755=CARTESIAN_POINT('Ctrl Pts',(-38.6216183431979,-36.7108934972051,98.1860304647746));
#6756=CARTESIAN_POINT('Ctrl Pts',(-38.6354918813501,-36.6854048216051,98.1923160157737));
#6757=CARTESIAN_POINT('Ctrl Pts',(-38.6483565516348,-36.6599839404619,98.1974544064851));
#6758=CARTESIAN_POINT('Ctrl Pts',(-38.6602831545761,-36.6347690946802,98.201580170247));
#6759=CARTESIAN_POINT('Ctrl Pts',(-38.6650270299981,-36.6247397436773,98.2032212166878));
#6760=CARTESIAN_POINT('Ctrl Pts',(-38.6696226677272,-36.6147424195395,98.2047020185734));
#6761=CARTESIAN_POINT('Ctrl Pts',(-38.6740750742415,-36.6047836523323,98.2060307660207));
#6762=CARTESIAN_POINT('Ctrl Pts',(-38.6859073079713,-36.578318310302,98.2095619014448));
#6763=CARTESIAN_POINT('Ctrl Pts',(-38.6967128007686,-36.5521556570272,98.2120156295904));
#6764=CARTESIAN_POINT('Ctrl Pts',(-38.7065623711246,-36.5264734420532,98.2135441312129));
#6765=CARTESIAN_POINT('Ctrl Pts',(-38.7168352464688,-36.4996874825181,98.2151383232501));
#6766=CARTESIAN_POINT('Ctrl Pts',(-38.7260688055536,-36.4734243029559,98.2157267718525));
#6767=CARTESIAN_POINT('Ctrl Pts',(-38.7343639653714,-36.4478319937277,98.2154842454741));
#6768=CARTESIAN_POINT('Ctrl Pts',(-38.742867806642,-36.4215958584143,98.2152356178562));
#6769=CARTESIAN_POINT('Ctrl Pts',(-38.7503860494957,-36.3960645263778,98.2141143212293));
#6770=CARTESIAN_POINT('Ctrl Pts',(-38.757039501435,-36.3713433094067,98.2123001283452));
#6771=CARTESIAN_POINT('Ctrl Pts',(-38.7639738873815,-36.3455782687762,98.2104093333481));
#6772=CARTESIAN_POINT('Ctrl Pts',(-38.7699694848958,-36.3206928715097,98.2077664650836));
#6773=CARTESIAN_POINT('Ctrl Pts',(-38.7751667280675,-36.2967524452483,98.2045562832743));
#6774=CARTESIAN_POINT('Ctrl Pts',(-38.7779315030578,-36.2840168680209,98.2028485643766));
#6775=CARTESIAN_POINT('Ctrl Pts',(-38.7804703537748,-36.2715478445051,98.2009799303691));
#6776=CARTESIAN_POINT('Ctrl Pts',(-38.7828040421029,-36.2593499682197,98.1989754493967));
#6777=CARTESIAN_POINT('Ctrl Pts',(-38.7156771455683,-36.2146609098042,98.2580107456211));
#6778=CARTESIAN_POINT('Ctrl Pts',(-38.4385696931501,-36.8528720648729,98.503010360151));
#6779=CARTESIAN_POINT('Ctrl Pts',(-37.8851209969917,-37.0838877813069,98.1122226420803));
#6780=CARTESIAN_POINT('Ctrl Pts',(-38.7460718779873,-36.2423389684687,98.2305793697331));
#6781=CARTESIAN_POINT('Ctrl Pts',(-38.6283091153609,-36.7089972610482,98.3337517440265));
#6782=CARTESIAN_POINT('Ctrl Pts',(-38.3014379121641,-36.999877799333,98.1052832045019));
#6783=CARTESIAN_POINT('Ctrl Pts',(-38.7801107528411,-36.2591020229426,98.2009564054829));
#6784=CARTESIAN_POINT('Ctrl Pts',(-38.6829674717802,-36.7006309534409,98.2843025609276));
#6785=CARTESIAN_POINT('Ctrl Pts',(-38.3932646944606,-36.9891503575388,98.0743178373088));
#6786=CARTESIAN_POINT('Ctrl Pts',(-38.827717493374,-36.2791469199454,98.1609264633131));
#6787=CARTESIAN_POINT('Ctrl Pts',(-38.7504680774848,-36.6891935984934,98.2253301005762));
#6788=CARTESIAN_POINT('Ctrl Pts',(-38.5030203011887,-36.9753434551887,98.0378695635497));
#6789=CARTESIAN_POINT('Ctrl Pts',(-38.8409692692053,-36.2843083850534,98.1499286694964));
#6790=CARTESIAN_POINT('Ctrl Pts',(-38.7677011897102,-36.6870920901492,98.2104921014662));
#6791=CARTESIAN_POINT('Ctrl Pts',(-38.5296862982412,-36.9721879520333,98.0278970885764));
#6792=CARTESIAN_POINT('Ctrl Pts',(-38.8809705796825,-36.2990353546752,98.1171659988187));
#6793=CARTESIAN_POINT('Ctrl Pts',(-38.8178924019057,-36.6818894412206,98.1678746216605));
#6794=CARTESIAN_POINT('Ctrl Pts',(-38.6055112764768,-36.9634045118666,97.9982055210068));
#6795=CARTESIAN_POINT('Ctrl Pts',(-38.9079656872499,-36.3078482060916,98.0956322374755));
#6796=CARTESIAN_POINT('Ctrl Pts',(-38.8496606659721,-36.6799097045032,98.1417106132207));
#6797=CARTESIAN_POINT('Ctrl Pts',(-38.6502376035173,-36.9585173484553,97.9787161986061));
#6798=CARTESIAN_POINT('Ctrl Pts',(-38.9898467462278,-36.332389989826,98.0320375167403));
#6799=CARTESIAN_POINT('Ctrl Pts',(-38.9433494543779,-36.6752300269782,98.0666952513637));
#6800=CARTESIAN_POINT('Ctrl Pts',(-38.7787273604702,-36.9447655324324,97.9210313513045));
#6801=CARTESIAN_POINT('Ctrl Pts',(-39.0456274993941,-36.3462278203868,97.990983143533));
#6802=CARTESIAN_POINT('Ctrl Pts',(-39.0044884976375,-36.6738912694769,98.0206130834371));
#6803=CARTESIAN_POINT('Ctrl Pts',(-38.8561973242552,-36.9369412830461,97.8836279359956));
#6804=CARTESIAN_POINT('Ctrl Pts',(-39.2163415690783,-36.382982019046,97.8720669253963));
#6805=CARTESIAN_POINT('Ctrl Pts',(-39.1878274300933,-36.6708990142222,97.890090710845));
#6806=CARTESIAN_POINT('Ctrl Pts',(-39.0824823379055,-36.9152547723249,97.7743567498648));
#6807=CARTESIAN_POINT('Ctrl Pts',(-39.3346362136725,-36.401148218836,97.7984387966128));
#6808=CARTESIAN_POINT('Ctrl Pts',(-39.3122145713168,-36.6705144082947,97.8115991873044));
#6809=CARTESIAN_POINT('Ctrl Pts',(-39.2240672078432,-36.9033912858612,97.7054481702167));
#6810=CARTESIAN_POINT('Ctrl Pts',(-39.7307351944574,-36.4439621173197,97.580031509043));
#6811=CARTESIAN_POINT('Ctrl Pts',(-39.7228846237809,-36.6694932469899,97.5826612276918));
#6812=CARTESIAN_POINT('Ctrl Pts',(-39.6819283144896,-36.8743801779285,97.4949125705449));
#6813=CARTESIAN_POINT('Ctrl Pts',(-40.02652066313,-36.447563500145,97.4598008394977));
#6814=CARTESIAN_POINT('Ctrl Pts',(-40.0297003357105,-36.6696554745353,97.4578190063151));
#6815=CARTESIAN_POINT('Ctrl Pts',(-39.9962839504984,-36.8710144902241,97.3692712135233));
#6816=CARTESIAN_POINT('Ctrl Pts',(-40.3238127021384,-36.4254241265889,97.377967822353));
#6817=CARTESIAN_POINT('Ctrl Pts',(-40.3372378400329,-36.669951156639,97.3742752224491));
#6818=CARTESIAN_POINT('Ctrl Pts',(-40.3191170051219,-36.8868931746645,97.2619065291388));
#6819=CARTESIAN_POINT('Origin',(-39.9444299527311,-36.4314284148928,96.446712948479));
#6820=CARTESIAN_POINT('Ctrl Pts',(-40.3298196081594,-36.8905377950191,97.2535172060172));
#6821=CARTESIAN_POINT('Ctrl Pts',(-40.3336118548124,-36.6716320559625,97.3750904896478));
#6822=CARTESIAN_POINT('Ctrl Pts',(-40.301535441793,-36.4234321771725,97.3841508933793));
#6823=CARTESIAN_POINT('Ctrl Pts',(-40.2939160083996,-36.8888788946165,97.2674041734803));
#6824=CARTESIAN_POINT('Ctrl Pts',(-40.3035871244397,-36.6720911872619,97.3833662554325));
#6825=CARTESIAN_POINT('Ctrl Pts',(-40.2787153953294,-36.4274127889175,97.3905967149245));
#6826=CARTESIAN_POINT('Ctrl Pts',(-40.2576589713974,-36.8862944242151,97.2812985919034));
#6827=CARTESIAN_POINT('Ctrl Pts',(-40.2734685789259,-36.6715673482618,97.3920248287607));
#6828=CARTESIAN_POINT('Ctrl Pts',(-40.25597388725,-36.4301375265342,97.3972394635438));
#6829=CARTESIAN_POINT('Ctrl Pts',(-40.2210167975139,-36.8826483546329,97.2951823252242));
#6830=CARTESIAN_POINT('Ctrl Pts',(-40.2432731344429,-36.6698920996734,97.4010718917741));
#6831=CARTESIAN_POINT('Ctrl Pts',(-40.2333128672867,-36.4314284148932,97.4040773836226));
#6832=CARTESIAN_POINT('Origin',(-40.0297081708639,-36.4234321771725,96.4218048356749));
#6833=CARTESIAN_POINT('Ctrl Pts',(-42.8472594047681,-36.922198265745,93.5485748228918));
#6834=CARTESIAN_POINT('Ctrl Pts',(-43.2141747180992,-36.6221640747858,93.5568407591905));
#6835=CARTESIAN_POINT('Ctrl Pts',(-43.2141086617207,-36.1482004263742,93.5654514632954));
#6836=CARTESIAN_POINT('Ctrl Pts',(-42.8514925587924,-36.9233090212194,93.9331107398905));
#6837=CARTESIAN_POINT('Ctrl Pts',(-43.2118326873496,-36.6234727729206,93.9828472145382));
#6838=CARTESIAN_POINT('Ctrl Pts',(-43.2108030096069,-36.1540720939358,93.9963559852645));
#6839=CARTESIAN_POINT('Ctrl Pts',(-42.7982992432789,-36.9251942433777,94.3199495281936));
#6840=CARTESIAN_POINT('Ctrl Pts',(-43.1408432699951,-36.6257361127761,94.4086853874117));
#6841=CARTESIAN_POINT('Ctrl Pts',(-43.1368981188433,-36.1643098266591,94.4268361845344));
#6842=CARTESIAN_POINT('Ctrl Pts',(-42.5809192803388,-36.9287717588704,95.0614596427252));
#6843=CARTESIAN_POINT('Ctrl Pts',(-42.869570465129,-36.631786702526,95.2133924804528));
#6844=CARTESIAN_POINT('Ctrl Pts',(-42.8593930345142,-36.192884841752,95.2365015642834));
#6845=CARTESIAN_POINT('Ctrl Pts',(-42.4143103815739,-36.930508569271,95.4236325905794));
#6846=CARTESIAN_POINT('Ctrl Pts',(-42.6680069049915,-36.6356039961492,95.5987363135125));
#6847=CARTESIAN_POINT('Ctrl Pts',(-42.6528127436382,-36.2115016284358,95.6236656396811));
#6848=CARTESIAN_POINT('Ctrl Pts',(-41.9734644500054,-36.9306178814622,96.0881261645797));
#6849=CARTESIAN_POINT('Ctrl Pts',(-42.1490354211099,-36.6443649235603,96.2863123051505));
#6850=CARTESIAN_POINT('Ctrl Pts',(-42.1263306563365,-36.2570320090391,96.3109193643481));
#6851=CARTESIAN_POINT('Ctrl Pts',(-41.7072081535302,-36.9290881804856,96.3828648159641));
#6852=CARTESIAN_POINT('Ctrl Pts',(-41.8432074130518,-36.6491242849487,96.5807364035719));
#6853=CARTESIAN_POINT('Ctrl Pts',(-41.8158362122848,-36.2831033882546,96.6036068836073));
#6854=CARTESIAN_POINT('Ctrl Pts',(-41.0729859975683,-36.9177912039847,96.8963968304816));
#6855=CARTESIAN_POINT('Ctrl Pts',(-41.134187516737,-36.6597009222024,97.0699432785365));
#6856=CARTESIAN_POINT('Ctrl Pts',(-41.1015743263331,-36.3456282680938,97.0878036427433));
#6857=CARTESIAN_POINT('Ctrl Pts',(-40.7182069724426,-36.9084830383204,97.1032948232112));
#6858=CARTESIAN_POINT('Ctrl Pts',(-40.7479420984831,-36.6651914478956,97.2543241918071));
#6859=CARTESIAN_POINT('Ctrl Pts',(-40.7128493013426,-36.3803838577464,97.2679698969056));
#6860=CARTESIAN_POINT('Ctrl Pts',(-40.3298196081594,-36.8905377950191,97.2535172060172));
#6861=CARTESIAN_POINT('Ctrl Pts',(-40.3336118548124,-36.6716320559625,97.3750904896478));
#6862=CARTESIAN_POINT('Ctrl Pts',(-40.301535441793,-36.4234321771725,97.3841508933793));
#6863=CARTESIAN_POINT('Origin',(-42.2141380858097,-36.1482004263738,93.557780263112));
#6864=CARTESIAN_POINT('Ctrl Pts',(-43.2141086617207,-36.1482004263735,93.5654514632954));
#6865=CARTESIAN_POINT('Ctrl Pts',(-43.2141747180992,-36.6221640747852,93.5568407591905));
#6866=CARTESIAN_POINT('Ctrl Pts',(-42.847259404768,-36.9221982657444,93.5485748228918));
#6867=CARTESIAN_POINT('Ctrl Pts',(-43.2141871837299,-36.1480609517512,93.5552158160792));
#6868=CARTESIAN_POINT('Ctrl Pts',(-43.2142260228944,-36.6221153279334,93.5472803973521));
#6869=CARTESIAN_POINT('Ctrl Pts',(-42.8471871099283,-36.9221599564204,93.5403815440841));
#6870=CARTESIAN_POINT('Ctrl Pts',(-43.2142263580768,-36.1479380400556,93.544987562012));
#6871=CARTESIAN_POINT('Ctrl Pts',(-43.2142431920128,-36.6220812599013,93.5377263895181));
#6872=CARTESIAN_POINT('Ctrl Pts',(-42.8470881056721,-36.9221353438103,93.532193363565));
#6873=CARTESIAN_POINT('Ctrl Pts',(-43.2142263580768,-36.1478315458317,93.5347666625616));
#6874=CARTESIAN_POINT('Ctrl Pts',(-43.2142263580767,-36.6220617429553,93.5281784798608));
#6875=CARTESIAN_POINT('Ctrl Pts',(-42.8469624769006,-36.9221243173123,93.5240098987086));
#6876=CARTESIAN_POINT('Origin',(-42.2142263580768,-36.1478315458317,93.5347666625616));
#6877=CARTESIAN_POINT('Ctrl Pts',(-42.6142263580767,-36.8609152773087,91.5724243257679));
#6878=CARTESIAN_POINT('Ctrl Pts',(-43.2142263580768,-36.6056596741208,91.6308709305678));
#6879=CARTESIAN_POINT('Ctrl Pts',(-43.2142263580768,-35.9675206661512,91.7769874425673));
#6880=CARTESIAN_POINT('Ctrl Pts',(-42.6629565459817,-36.8807649942471,91.7544009493652));
#6881=CARTESIAN_POINT('Ctrl Pts',(-43.2142263580767,-36.6070550075806,91.8043148344334));
#6882=CARTESIAN_POINT('Ctrl Pts',(-43.2142263580768,-36.0007813740156,91.9222480501363));
#6883=CARTESIAN_POINT('Ctrl Pts',(-42.6961913685007,-36.8912485974987,91.923276361165));
#6884=CARTESIAN_POINT('Ctrl Pts',(-43.2142263580768,-36.6095769542311,91.9691464569309));
#6885=CARTESIAN_POINT('Ctrl Pts',(-43.2142263580768,-36.0263342792391,92.0680702522654));
#6886=CARTESIAN_POINT('Ctrl Pts',(-42.7517014516111,-36.9067671220242,92.2539714625057));
#6887=CARTESIAN_POINT('Ctrl Pts',(-43.2142263580767,-36.6136697827563,92.2898985427088));
#6888=CARTESIAN_POINT('Ctrl Pts',(-43.2142263580768,-36.0694069142997,92.360182178189));
#6889=CARTESIAN_POINT('Ctrl Pts',(-42.7730563041924,-36.911265386855,92.415375819653));
#6890=CARTESIAN_POINT('Ctrl Pts',(-43.2142263580767,-36.615499590194,92.4472980148297));
#6891=CARTESIAN_POINT('Ctrl Pts',(-43.2142263580768,-36.0866474122946,92.506518993941));
#6892=CARTESIAN_POINT('Ctrl Pts',(-42.824532026491,-36.9206636327153,92.8953142895059));
#6893=CARTESIAN_POINT('Ctrl Pts',(-43.2142263580768,-36.6199188936087,92.9116213002396));
#6894=CARTESIAN_POINT('Ctrl Pts',(-43.2142263580768,-36.1286331703313,92.9461659457274));
#6895=CARTESIAN_POINT('Ctrl Pts',(-42.8421303935369,-36.9217001984154,93.209247399782));
#6896=CARTESIAN_POINT('Ctrl Pts',(-43.2142263580768,-36.6216174045462,93.2206374601407));
#6897=CARTESIAN_POINT('Ctrl Pts',(-43.2142263580768,-36.1437381091394,93.2401131405299));
#6898=CARTESIAN_POINT('Ctrl Pts',(-42.8469624769009,-36.9221243173137,93.5240098987084));
#6899=CARTESIAN_POINT('Ctrl Pts',(-43.2142263580767,-36.6220617429566,93.5281784798607));
#6900=CARTESIAN_POINT('Ctrl Pts',(-43.2142263580768,-36.1478315458333,93.5347666625615));
#6901=CARTESIAN_POINT('Origin',(-42.2142263580767,-35.9675206661512,91.7769874425673));
#6902=CARTESIAN_POINT('Ctrl Pts',(-42.2142263580768,-36.701007194045,89.8999083596425));
#6903=CARTESIAN_POINT('Ctrl Pts',(-43.2142263580768,-36.701007194045,89.8999083596425));
#6904=CARTESIAN_POINT('Ctrl Pts',(-43.2142263580768,-35.701007194045,89.8999083596425));
#6905=CARTESIAN_POINT('Ctrl Pts',(-42.2780474449237,-36.701007194045,90.1544518188876));
#6906=CARTESIAN_POINT('Ctrl Pts',(-43.2142263580767,-36.63912619065,90.1467140290444));
#6907=CARTESIAN_POINT('Ctrl Pts',(-43.2142263580768,-35.7010072043063,90.2190565826531));
#6908=CARTESIAN_POINT('Ctrl Pts',(-42.3454061064635,-36.7194643871228,90.4176000634186));
#6909=CARTESIAN_POINT('Ctrl Pts',(-43.2142263580767,-36.6015689886744,90.4212638208967));
#6910=CARTESIAN_POINT('Ctrl Pts',(-43.2142263580768,-35.7317691880018,90.5338471725894));
#6911=CARTESIAN_POINT('Ctrl Pts',(-42.4817076734394,-36.7780623968113,90.9716900814888));
#6912=CARTESIAN_POINT('Ctrl Pts',(-43.2142263580767,-36.5748955137305,91.0018634729779));
#6913=CARTESIAN_POINT('Ctrl Pts',(-43.2142263580768,-35.8294325264951,91.1582871264948));
#6914=CARTESIAN_POINT('Ctrl Pts',(-42.550715167168,-36.8184341411674,91.262706252152));
#6915=CARTESIAN_POINT('Ctrl Pts',(-43.2142263580768,-36.5835448956021,91.307484364454));
#6916=CARTESIAN_POINT('Ctrl Pts',(-43.2142263580768,-35.8967411210415,91.4678698802757));
#6917=CARTESIAN_POINT('Ctrl Pts',(-42.6142263580767,-36.8609152773087,91.5724243257679));
#6918=CARTESIAN_POINT('Ctrl Pts',(-43.2142263580768,-36.6056596741208,91.6308709305678));
#6919=CARTESIAN_POINT('Ctrl Pts',(-43.2142263580768,-35.9675206661512,91.7769874425673));
#6920=CARTESIAN_POINT('Origin',(-42.2142263580768,-35.701007194045,89.8999083596425));
#6921=CARTESIAN_POINT('Origin',(-42.2142263580767,-35.701007194045,113.698834950185));
#6922=CARTESIAN_POINT('Origin',(-42.2142263580768,-35.701007194045,87.4896249654807));
#6923=CARTESIAN_POINT('Ctrl Pts',(-42.6142263580767,-36.8609152773087,85.8171089993552));
#6924=CARTESIAN_POINT('Ctrl Pts',(-43.2142263580768,-36.6056596741208,85.7586623945554));
#6925=CARTESIAN_POINT('Ctrl Pts',(-43.2142263580768,-35.9675206661512,85.6125458825558));
#6926=CARTESIAN_POINT('Ctrl Pts',(-42.5507151671687,-36.8184341411671,86.1268270729712));
#6927=CARTESIAN_POINT('Ctrl Pts',(-43.2142263580768,-36.5835448956015,86.0820489606691));
#6928=CARTESIAN_POINT('Ctrl Pts',(-43.2142263580768,-35.8967411210396,85.921663444847));
#6929=CARTESIAN_POINT('Ctrl Pts',(-42.4817076734394,-36.7780623968113,86.4178432436344));
#6930=CARTESIAN_POINT('Ctrl Pts',(-43.2142263580768,-36.5748955137302,86.3876698521453));
#6931=CARTESIAN_POINT('Ctrl Pts',(-43.2142263580768,-35.8294325264951,86.2312461986284));
#6932=CARTESIAN_POINT('Ctrl Pts',(-42.3454061064635,-36.7194643871228,86.9719332617046));
#6933=CARTESIAN_POINT('Ctrl Pts',(-43.2142263580768,-36.6015689886747,86.9682695042265));
#6934=CARTESIAN_POINT('Ctrl Pts',(-43.2142263580768,-35.7317691880018,86.8556861525337));
#6935=CARTESIAN_POINT('Ctrl Pts',(-42.2780474449192,-36.701007194045,87.2350815062344));
#6936=CARTESIAN_POINT('Ctrl Pts',(-43.2142263580767,-36.6391261906544,87.2428192960776));
#6937=CARTESIAN_POINT('Ctrl Pts',(-43.2142263580768,-35.7010072043063,87.17047674247));
#6938=CARTESIAN_POINT('Ctrl Pts',(-42.2142263580768,-36.701007194045,87.4896249654807));
#6939=CARTESIAN_POINT('Ctrl Pts',(-43.2142263580768,-36.701007194045,87.4896249654807));
#6940=CARTESIAN_POINT('Ctrl Pts',(-43.2142263580768,-35.701007194045,87.4896249654807));
#6941=CARTESIAN_POINT('Origin',(-42.2142263580767,-35.9675206661512,85.6125458825558));
#6942=CARTESIAN_POINT('Ctrl Pts',(-43.2142263580768,-35.9575972578225,85.6549395016554));
#6943=CARTESIAN_POINT('Ctrl Pts',(-43.2142263580768,-36.6053079036498,85.8103369800857));
#6944=CARTESIAN_POINT('Ctrl Pts',(-42.5996073161481,-36.8549125611764,85.8703308745214));
#6945=CARTESIAN_POINT('Ctrl Pts',(-43.2142263580768,-36.0098623515299,85.4364870700904));
#6946=CARTESIAN_POINT('Ctrl Pts',(-43.2142263580768,-36.6070938034722,85.5491689192351));
#6947=CARTESIAN_POINT('Ctrl Pts',(-42.6768995778529,-36.8872692438471,85.5942941137183));
#6948=CARTESIAN_POINT('Ctrl Pts',(-43.2142263580768,-36.044744753165,85.2166931926719));
#6949=CARTESIAN_POINT('Ctrl Pts',(-43.2142263580768,-36.6112508668146,85.3041970185343));
#6950=CARTESIAN_POINT('Ctrl Pts',(-42.7203480168671,-36.8988673094648,85.3450376497983));
#6951=CARTESIAN_POINT('Ctrl Pts',(-43.2142263580768,-36.0977640079695,84.790550265957));
#6952=CARTESIAN_POINT('Ctrl Pts',(-43.2142263580767,-36.616624758994,84.8440041805118));
#6953=CARTESIAN_POINT('Ctrl Pts',(-42.7870203583699,-36.9146093625624,84.8715291437998));
#6954=CARTESIAN_POINT('Ctrl Pts',(-43.2142263580768,-36.1160260749247,84.5841165345904));
#6955=CARTESIAN_POINT('Ctrl Pts',(-43.2142263580768,-36.6186421683786,84.6249402288632));
#6956=CARTESIAN_POINT('Ctrl Pts',(-42.8090000840957,-36.9177622351446,84.647754810171));
#6957=CARTESIAN_POINT('Ctrl Pts',(-43.2142263580768,-36.1544042755271,83.9493887308918));
#6958=CARTESIAN_POINT('Ctrl Pts',(-43.2142263580768,-36.6227616330006,83.9625008876274));
#6959=CARTESIAN_POINT('Ctrl Pts',(-42.8549898150199,-36.9236272644425,83.9645261868006));
#6960=CARTESIAN_POINT('Ctrl Pts',(-43.2142263580768,-36.1558562489461,83.5198371201623));
#6961=CARTESIAN_POINT('Ctrl Pts',(-43.2142263580768,-36.6229352562236,83.5104102626197));
#6962=CARTESIAN_POINT('Ctrl Pts',(-42.8565676046821,-36.9234197857424,83.5097875093822));
#6963=CARTESIAN_POINT('Ctrl Pts',(-43.2142263580768,-36.1328918164763,83.088767698455));
#6964=CARTESIAN_POINT('Ctrl Pts',(-43.2142263580768,-36.6204677587479,83.0627144935348));
#6965=CARTESIAN_POINT('Ctrl Pts',(-42.82920441477,-36.9203230812825,83.046697804944));
#6966=CARTESIAN_POINT('Origin',(-42.2142263580768,-36.1351118739075,83.1319706267752));
#6967=CARTESIAN_POINT('Ctrl Pts',(-43.2142263580768,-36.1351118739075,83.1319706267752));
#6968=CARTESIAN_POINT('Ctrl Pts',(-43.2142263580768,-36.620684803255,83.1079348316758));
#6969=CARTESIAN_POINT('Ctrl Pts',(-42.8318797589612,-36.9206005744439,83.0930890410898));
#6970=CARTESIAN_POINT('Ctrl Pts',(-43.2142263580768,-36.1335049809325,83.0995080926688));
#6971=CARTESIAN_POINT('Ctrl Pts',(-43.2142263580768,-36.6207692408601,83.0715729361246));
#6972=CARTESIAN_POINT('Ctrl Pts',(-42.8294871842299,-36.9205677994939,83.0544196749605));
#6973=CARTESIAN_POINT('Ctrl Pts',(-43.2142263580768,-36.1315211524836,83.0671082815441));
#6974=CARTESIAN_POINT('Ctrl Pts',(-43.2142263580768,-36.6206244142103,83.0353672386275));
#6975=CARTESIAN_POINT('Ctrl Pts',(-42.8268514242794,-36.9202675170082,83.0159629054474));
#6976=CARTESIAN_POINT('Ctrl Pts',(-43.2142263580768,-36.129187547978,83.0347666625616));
#6977=CARTESIAN_POINT('Ctrl Pts',(-43.2142263580768,-36.6202741851597,82.9993324123793));
#6978=CARTESIAN_POINT('Ctrl Pts',(-42.823985786935,-36.9197188925675,82.9777260442261));
#6979=CARTESIAN_POINT('Origin',(-42.2142263580768,-36.129187547978,83.0347666625616));
#6980=CARTESIAN_POINT('Ctrl Pts',(-43.2142263580768,-36.129187547978,83.0347666625642));
#6981=CARTESIAN_POINT('Ctrl Pts',(-43.2142263580768,-36.6202741851596,82.9993324123818));
#6982=CARTESIAN_POINT('Ctrl Pts',(-42.8239857869351,-36.9197188925674,82.9777260442284));
#6983=CARTESIAN_POINT('Ctrl Pts',(-43.214226358077,-36.1052779068008,82.5929453234846));
#6984=CARTESIAN_POINT('Ctrl Pts',(-43.2102840243852,-36.6147205211302,82.5581394761676));
#6985=CARTESIAN_POINT('Ctrl Pts',(-42.7946217138563,-36.9140971646923,82.5859145039989));
#6986=CARTESIAN_POINT('Ctrl Pts',(-43.1412651756894,-36.0866276392592,82.1535559034698));
#6987=CARTESIAN_POINT('Ctrl Pts',(-43.1341885747527,-36.6101169425512,82.1257556955206));
#6988=CARTESIAN_POINT('Ctrl Pts',(-42.7074422420608,-36.9081084981949,82.2062667990036));
#6989=CARTESIAN_POINT('Ctrl Pts',(-42.8514396237766,-36.0599909152301,81.3117327288295));
#6990=CARTESIAN_POINT('Ctrl Pts',(-42.8434893554699,-36.6033565395615,81.2959447976048));
#6991=CARTESIAN_POINT('Ctrl Pts',(-42.4248344432727,-36.8990113014311,81.4851979585183));
#6992=CARTESIAN_POINT('Ctrl Pts',(-42.6417944919977,-36.0523996643299,80.9248627968153));
#6993=CARTESIAN_POINT('Ctrl Pts',(-42.6359613320704,-36.6013484437912,80.9167901407608));
#6994=CARTESIAN_POINT('Ctrl Pts',(-42.236058456773,-36.8960321667095,81.1569504950059));
#6995=CARTESIAN_POINT('Ctrl Pts',(-42.0913268984972,-36.0483395446603,80.2201245688534));
#6996=CARTESIAN_POINT('Ctrl Pts',(-42.0927235257499,-36.6002769479162,80.222518081402));
#6997=CARTESIAN_POINT('Ctrl Pts',(-41.7577230256689,-36.8944808459789,80.5525515574286));
#6998=CARTESIAN_POINT('Ctrl Pts',(-41.7661933364143,-36.051990288641,79.9223741157643));
#6999=CARTESIAN_POINT('Ctrl Pts',(-41.7741192571745,-36.6012528332234,79.9295536065544));
#7000=CARTESIAN_POINT('Ctrl Pts',(-41.4817515757298,-36.8959514411159,80.2935870291));
#7001=CARTESIAN_POINT('Ctrl Pts',(-41.0167704097344,-36.0708402727238,79.436106110951));
#7002=CARTESIAN_POINT('Ctrl Pts',(-41.0365474702728,-36.6061349818499,79.4469134820272));
#7003=CARTESIAN_POINT('Ctrl Pts',(-40.8456885849666,-36.902790131169,79.8535550208552));
#7004=CARTESIAN_POINT('Ctrl Pts',(-40.6116467414569,-36.0855672134745,79.2604563068079));
#7005=CARTESIAN_POINT('Ctrl Pts',(-40.6392237225971,-36.6098852368158,79.2708995640168));
#7006=CARTESIAN_POINT('Ctrl Pts',(-40.5018045152328,-36.9080035566566,79.6840412249003));
#7007=CARTESIAN_POINT('Ctrl Pts',(-40.1796078805011,-36.1059512766292,79.1530095196994));
#7008=CARTESIAN_POINT('Ctrl Pts',(-40.2097544955567,-36.6148075259331,79.1605068937151));
#7009=CARTESIAN_POINT('Ctrl Pts',(-40.1278910979153,-36.9137239027684,79.5652871986439));
#7010=CARTESIAN_POINT('Origin',(-39.938262499895,-36.1059512766294,80.1234488054149));
#7011=CARTESIAN_POINT('Ctrl Pts',(-40.1796078805011,-36.1059512766292,79.1530095196994));
#7012=CARTESIAN_POINT('Ctrl Pts',(-40.2097544955567,-36.6148075259331,79.1605068937151));
#7013=CARTESIAN_POINT('Ctrl Pts',(-40.1278910979153,-36.9137239027684,79.5652871986439));
#7014=CARTESIAN_POINT('Ctrl Pts',(-40.1574401185945,-36.1076944435173,79.147496462867));
#7015=CARTESIAN_POINT('Ctrl Pts',(-40.1824564283763,-36.6149850040458,79.1539006139859));
#7016=CARTESIAN_POINT('Ctrl Pts',(-40.09591677526,-36.9142130649945,79.5551322290921));
#7017=CARTESIAN_POINT('Ctrl Pts',(-40.1353515325336,-36.1089996599813,79.1418014718136));
#7018=CARTESIAN_POINT('Ctrl Pts',(-40.1551709885457,-36.614953675071,79.1470030712681));
#7019=CARTESIAN_POINT('Ctrl Pts',(-40.0638645460726,-36.9144169594376,79.5449923344471));
#7020=CARTESIAN_POINT('Ctrl Pts',(-40.1133422667201,-36.1098514632934,79.1359262552336));
#7021=CARTESIAN_POINT('Ctrl Pts',(-40.1279333919859,-36.6146986173637,79.1398212520866));
#7022=CARTESIAN_POINT('Ctrl Pts',(-40.0317521254822,-36.9143254790175,79.5348802712965));
#7023=CARTESIAN_POINT('Origin',(-39.8554304826701,-36.1098514632934,80.102094724833));
#7024=CARTESIAN_POINT('Ctrl Pts',(-38.5862468158772,-36.8845335682413,79.0802205107089));
#7025=CARTESIAN_POINT('Ctrl Pts',(-38.9453422521879,-36.6260665343323,78.6162736648211));
#7026=CARTESIAN_POINT('Ctrl Pts',(-39.087859657914,-36.0068844843722,78.7017359013843));
#7027=CARTESIAN_POINT('Ctrl Pts',(-38.6441819170912,-36.8890340621666,79.0899961609139));
#7028=CARTESIAN_POINT('Ctrl Pts',(-38.9836969863012,-36.6215497194516,78.6403499572507));
#7029=CARTESIAN_POINT('Ctrl Pts',(-39.1075965880274,-36.014604861692,78.7135713833859));
#7030=CARTESIAN_POINT('Ctrl Pts',(-38.6864376591458,-36.8917545459913,79.1007612445966));
#7031=CARTESIAN_POINT('Ctrl Pts',(-39.0136299192012,-36.620087053898,78.6588286996461));
#7032=CARTESIAN_POINT('Ctrl Pts',(-39.127503224326,-36.0210815148013,78.7252765405474));
#7033=CARTESIAN_POINT('Ctrl Pts',(-38.7657858740079,-36.8964293666284,79.1215730077316));
#7034=CARTESIAN_POINT('Ctrl Pts',(-39.0704802133112,-36.6174924935627,78.6932166976123));
#7035=CARTESIAN_POINT('Ctrl Pts',(-39.1675226974291,-36.0329449020442,78.7483429469816));
#7036=CARTESIAN_POINT('Ctrl Pts',(-38.8017186477214,-36.8982505076667,79.131984899514));
#7037=CARTESIAN_POINT('Ctrl Pts',(-39.0969771599061,-36.6167447423452,78.7088799266486));
#7038=CARTESIAN_POINT('Ctrl Pts',(-39.1876482955621,-36.038266255799,78.7597119875939));
#7039=CARTESIAN_POINT('Ctrl Pts',(-38.90495782827,-36.9029528916759,79.1630602462416));
#7040=CARTESIAN_POINT('Ctrl Pts',(-39.1740235067788,-36.6150586488479,78.7534481923152));
#7041=CARTESIAN_POINT('Ctrl Pts',(-39.2483398519293,-36.0529807742749,78.7933056340334));
#7042=CARTESIAN_POINT('Ctrl Pts',(-38.9675357456589,-36.9050641215424,79.1835667529987));
#7043=CARTESIAN_POINT('Ctrl Pts',(-39.2227402608422,-36.6146849611959,78.7803056861706));
#7044=CARTESIAN_POINT('Ctrl Pts',(-39.2892199263015,-36.061135318671,78.8150164373298));
#7045=CARTESIAN_POINT('Ctrl Pts',(-39.1491712705679,-36.9101167444743,79.2441329861571));
#7046=CARTESIAN_POINT('Ctrl Pts',(-39.3661379484185,-36.6140098303624,78.8558943005123));
#7047=CARTESIAN_POINT('Ctrl Pts',(-39.413017401246,-36.082399573255,78.8780306140777));
#7048=CARTESIAN_POINT('Ctrl Pts',(-39.2615701832121,-36.9117425781679,79.2832460193847));
#7049=CARTESIAN_POINT('Ctrl Pts',(-39.4595668390827,-36.6142385046159,78.900497227352));
#7050=CARTESIAN_POINT('Ctrl Pts',(-39.4970900815398,-36.0923262316028,78.9172175678029));
#7051=CARTESIAN_POINT('Ctrl Pts',(-39.5943203319466,-36.9150548926892,79.3966930525915));
#7052=CARTESIAN_POINT('Ctrl Pts',(-39.739815368947,-36.6147182567654,79.0217887117816));
#7053=CARTESIAN_POINT('Ctrl Pts',(-39.7537100100974,-36.1136984403572,79.0260997824873));
#7054=CARTESIAN_POINT('Ctrl Pts',(-39.8086366982489,-36.9152406706545,79.4668216551333));
#7055=CARTESIAN_POINT('Ctrl Pts',(-39.9305397321118,-36.6149428663474,79.0878648852278));
#7056=CARTESIAN_POINT('Ctrl Pts',(-39.9308762650077,-36.1169132554413,79.0872182570831));
#7057=CARTESIAN_POINT('Ctrl Pts',(-40.0317521254836,-36.9143254790175,79.534880271297));
#7058=CARTESIAN_POINT('Ctrl Pts',(-40.1279333919871,-36.6146986173637,79.139821252087));
#7059=CARTESIAN_POINT('Ctrl Pts',(-40.1133422667211,-36.1098514632934,79.1359262552339));
#7060=CARTESIAN_POINT('Origin',(-38.5735772216611,-36.0068844843722,79.5593567825211));
#7061=CARTESIAN_POINT('Ctrl Pts',(-39.087859657914,-36.0068844843722,78.7017359013843));
#7062=CARTESIAN_POINT('Ctrl Pts',(-38.9453422521879,-36.6260665343323,78.6162736648211));
#7063=CARTESIAN_POINT('Ctrl Pts',(-38.5862468158772,-36.8845335682413,79.0802205107089));
#7064=CARTESIAN_POINT('Ctrl Pts',(-38.9000089919806,-35.933402347431,78.5890890427865));
#7065=CARTESIAN_POINT('Ctrl Pts',(-38.7369986788485,-36.604810168515,78.4804445283796));
#7066=CARTESIAN_POINT('Ctrl Pts',(-38.32238739428,-36.8404433959734,78.9924820246593));
#7067=CARTESIAN_POINT('Ctrl Pts',(-38.7237699258938,-35.8559431846245,78.4628424600131));
#7068=CARTESIAN_POINT('Ctrl Pts',(-38.564933783595,-36.5957237759267,78.3399032973391));
#7069=CARTESIAN_POINT('Ctrl Pts',(-38.086833839335,-36.7939687947919,78.9053458661402));
#7070=CARTESIAN_POINT('Ctrl Pts',(-38.3878611186029,-35.7399667669258,78.1775893563998));
#7071=CARTESIAN_POINT('Ctrl Pts',(-38.277890575314,-36.6200518762621,78.0714876887706));
#7072=CARTESIAN_POINT('Ctrl Pts',(-37.664233959214,-36.7243829313742,78.7119686378812));
#7073=CARTESIAN_POINT('Ctrl Pts',(-38.2271607351411,-35.7010072099946,78.0168336829921));
#7074=CARTESIAN_POINT('Ctrl Pts',(-38.1670587349945,-36.6556047541591,77.9451992135113));
#7075=CARTESIAN_POINT('Ctrl Pts',(-37.4758537006863,-36.701007194045,78.6045147294475));
#7076=CARTESIAN_POINT('Ctrl Pts',(-38.080675267262,-35.701007194045,77.8422402955122));
#7077=CARTESIAN_POINT('Ctrl Pts',(-38.080675267262,-36.701007194045,77.8422402955122));
#7078=CARTESIAN_POINT('Ctrl Pts',(-37.3145967333461,-36.701007194045,78.484987275181));
#7079=CARTESIAN_POINT('Origin',(-37.3145967333461,-35.701007194045,78.484987275181));
#7080=CARTESIAN_POINT('Origin',(-41.1449894029254,-35.701007194045,75.2712523768372));
#7081=CARTESIAN_POINT('Origin',(-37.1523965805759,-35.701007194045,78.2811032958901));
#7082=CARTESIAN_POINT('Origin',(-29.9657295003468,-35.701007194045,83.6988349501852));
#7083=CARTESIAN_POINT('Ctrl Pts',(-2.37653008716559,-52.6958027685841,69.2668409475133));
#7084=CARTESIAN_POINT('Ctrl Pts',(-2.52368906817229,-52.6925350977952,70.252671740669));
#7085=CARTESIAN_POINT('Ctrl Pts',(-2.49863337369367,-51.6961261096303,70.2564073592853));
#7086=CARTESIAN_POINT('Ctrl Pts',(-1.16617562144123,-52.7264280648503,69.4363163135794));
#7087=CARTESIAN_POINT('Ctrl Pts',(-1.33043848437244,-52.7341015770167,70.4302919562621));
#7088=CARTESIAN_POINT('Ctrl Pts',(-1.38547473423577,-51.7248428630596,70.4226671821497));
#7089=CARTESIAN_POINT('Ctrl Pts',(0.0138122449082934,-52.621491456903,69.6393226613337));
#7090=CARTESIAN_POINT('Ctrl Pts',(-0.167567870028464,-52.6423506280855,
70.6461637917843));
#7091=CARTESIAN_POINT('Ctrl Pts',(-0.29992812283814,-51.6264713817261,70.6218690156589));
#7092=CARTESIAN_POINT('Ctrl Pts',(1.67670711715907,-52.2895885461724,69.9737490926949));
#7093=CARTESIAN_POINT('Ctrl Pts',(1.46066095266373,-52.3404579719717,71.0013988295369));
#7094=CARTESIAN_POINT('Ctrl Pts',(1.2304106053858,-51.3153271034848,70.9501614451958));
#7095=CARTESIAN_POINT('Ctrl Pts',(2.18193750755602,-52.1628851349945,70.0821061361066));
#7096=CARTESIAN_POINT('Ctrl Pts',(1.95913465933845,-52.2229164708612,71.1177758954367));
#7097=CARTESIAN_POINT('Ctrl Pts',(1.69544394000145,-51.1965470459906,71.0565475942556));
#7098=CARTESIAN_POINT('Ctrl Pts',(3.1815312863967,-51.8594541582657,70.3092832707481));
#7099=CARTESIAN_POINT('Ctrl Pts',(2.94648556691765,-51.9397417759442,71.3625582014889));
#7100=CARTESIAN_POINT('Ctrl Pts',(2.61566477989675,-50.9120900663924,71.2796327545522));
#7101=CARTESIAN_POINT('Ctrl Pts',(3.67735821774165,-51.6818576004603,70.4285333633676));
#7102=CARTESIAN_POINT('Ctrl Pts',(3.43741228116303,-51.7725787498054,71.4917310848649));
#7103=CARTESIAN_POINT('Ctrl Pts',(3.07220114866931,-50.7455981254108,71.396754526257));
#7104=CARTESIAN_POINT('Ctrl Pts',(5.1183760932325,-51.0849118975577,70.7927511288463));
#7105=CARTESIAN_POINT('Ctrl Pts',(4.87563080961513,-51.20519889859,71.8900706710044));
#7106=CARTESIAN_POINT('Ctrl Pts',(4.39926633426409,-50.1859748090623,71.7545388834511));
#7107=CARTESIAN_POINT('Ctrl Pts',(6.02731078266541,-50.5998134258337,71.046280477305));
#7108=CARTESIAN_POINT('Ctrl Pts',(5.78244276103019,-50.7399479931135,72.1688391776702));
#7109=CARTESIAN_POINT('Ctrl Pts',(5.23663856359432,-49.7312035509187,72.0036759762768));
#7110=CARTESIAN_POINT('Ctrl Pts',(7.31705376424185,-49.7431044911069,71.4330699424508));
#7111=CARTESIAN_POINT('Ctrl Pts',(7.06768949594657,-49.9215031519882,72.5942420652836));
#7112=CARTESIAN_POINT('Ctrl Pts',(6.42523324547083,-48.9280551089591,72.3839018171856));
#7113=CARTESIAN_POINT('Ctrl Pts',(7.73568477152779,-49.4349620550894,71.5634291241281));
#7114=CARTESIAN_POINT('Ctrl Pts',(7.489302431121,-49.6234016841255,72.7394272846075));
#7115=CARTESIAN_POINT('Ctrl Pts',(6.81110518695532,-48.6391755458913,72.5120719909941));
#7116=CARTESIAN_POINT('Ctrl Pts',(8.54298607078887,-48.7773451407344,71.8230070407702));
#7117=CARTESIAN_POINT('Ctrl Pts',(8.30568419279039,-48.9849931416927,73.0300152178676));
#7118=CARTESIAN_POINT('Ctrl Pts',(7.55535795024475,-48.0226670174143,72.7673352242614));
#7119=CARTESIAN_POINT('Ctrl Pts',(8.92776157088857,-48.431228714072,71.9509380610298));
#7120=CARTESIAN_POINT('Ctrl Pts',(8.69616188316414,-48.6472738352466,73.1739959445673));
#7121=CARTESIAN_POINT('Ctrl Pts',(7.91014744726247,-47.6981858940832,72.8931618221581));
#7122=CARTESIAN_POINT('Ctrl Pts',(9.66092831124726,-47.7049641525856,72.2013192911843));
#7123=CARTESIAN_POINT('Ctrl Pts',(9.44398806654591,-47.9356271017479,73.4574883827744));
#7124=CARTESIAN_POINT('Ctrl Pts',(8.58628189711515,-47.01731780672,73.1394633246172));
#7125=CARTESIAN_POINT('Ctrl Pts',(10.0093170069292,-47.3248148527716,72.3237728347807));
#7126=CARTESIAN_POINT('Ctrl Pts',(9.80070897451768,-47.5612260103978,73.5968952453121));
#7127=CARTESIAN_POINT('Ctrl Pts',(8.90762425170606,-46.6609295605353,73.2599414478419));
#7128=CARTESIAN_POINT('Ctrl Pts',(10.5047394990446,-46.7286766497872,72.5019186651298));
#7129=CARTESIAN_POINT('Ctrl Pts',(10.308888990457,-46.9736362768526,73.8002437753402));
#7130=CARTESIAN_POINT('Ctrl Pts',(9.36464962281771,-46.1020524971545,73.4352384404274));
#7131=CARTESIAN_POINT('Ctrl Pts',(10.6653442067551,-46.525637014667,72.5603766603915));
#7132=CARTESIAN_POINT('Ctrl Pts',(10.4746403515328,-46.7722231884815,73.8674262202781));
#7133=CARTESIAN_POINT('Ctrl Pts',(9.51281844551183,-45.9117031343031,73.4927660256901));
#7134=CARTESIAN_POINT('Ctrl Pts',(10.9773932087575,-46.1107334452031,72.6751849727472));
#7135=CARTESIAN_POINT('Ctrl Pts',(10.7975883086852,-46.3596034763173,73.9998028612884));
#7136=CARTESIAN_POINT('Ctrl Pts',(9.80072487894631,-45.5227312100313,73.6057549121861));
#7137=CARTESIAN_POINT('Ctrl Pts',(11.1288245384475,-45.8988893528032,72.7316271927317));
#7138=CARTESIAN_POINT('Ctrl Pts',(10.9535098257186,-46.1501117582889,74.0665309127868));
#7139=CARTESIAN_POINT('Ctrl Pts',(9.93894975106339,-45.3241278761977,73.6607066507493));
#7140=CARTESIAN_POINT('Ctrl Pts',(11.5692135878523,-45.2496245531131,72.8967725492187));
#7141=CARTESIAN_POINT('Ctrl Pts',(11.4170278365413,-45.4931455344238,74.2519381206711));
#7142=CARTESIAN_POINT('Ctrl Pts',(10.3518247399421,-44.7154381191643,73.8258566463008));
#7143=CARTESIAN_POINT('Ctrl Pts',(11.8453599633003,-44.7960932670425,73.0003271675185));
#7144=CARTESIAN_POINT('Ctrl Pts',(11.7075660478006,-45.0337086823433,74.3681534074414));
#7145=CARTESIAN_POINT('Ctrl Pts',(10.6107182797705,-44.2902495973502,73.9294140622321));
#7146=CARTESIAN_POINT('Ctrl Pts',(12.3471651049047,-43.8716178051873,73.188503687965));
#7147=CARTESIAN_POINT('Ctrl Pts',(12.2376658287236,-44.0934116837548,74.580193323997));
#7148=CARTESIAN_POINT('Ctrl Pts',(11.0811728166633,-43.423546453785,74.1175958769893));
#7149=CARTESIAN_POINT('Ctrl Pts',(12.5744639813673,-43.3986369079827,73.2737406289877));
#7150=CARTESIAN_POINT('Ctrl Pts',(12.4781726277418,-43.6109309417293,74.6763960455307));
#7151=CARTESIAN_POINT('Ctrl Pts',(11.2942711426304,-42.9801225841587,74.2028352073761));
#7152=CARTESIAN_POINT('Ctrl Pts',(13.185985098965,-41.9476665178929,73.5030607627642));
#7153=CARTESIAN_POINT('Ctrl Pts',(13.1300698291804,-42.1200158703965,74.93715493138));
#7154=CARTESIAN_POINT('Ctrl Pts',(11.8675890984621,-41.6198206112839,74.4321623897088));
#7155=CARTESIAN_POINT('Ctrl Pts',(13.5006101462606,-40.9379956584366,73.6210451316319));
#7156=CARTESIAN_POINT('Ctrl Pts',(13.4641391654532,-41.0831907605564,75.0707826686658));
#7157=CARTESIAN_POINT('Ctrl Pts',(12.1625581017781,-40.6732427712308,74.5501499910352));
#7158=CARTESIAN_POINT('Ctrl Pts',(13.9563063883347,-38.6920888501993,73.7919312314942));
#7159=CARTESIAN_POINT('Ctrl Pts',(13.9523652936752,-38.7607738986011,75.2660731240428));
#7160=CARTESIAN_POINT('Ctrl Pts',(12.5897865440597,-38.5676738746482,74.7210413679478));
#7161=CARTESIAN_POINT('Ctrl Pts',(14.0594654384499,-37.4938456967977,73.8306159088951));
#7162=CARTESIAN_POINT('Ctrl Pts',(14.062107193387,-37.5238405508912,75.3099698848708));
#7163=CARTESIAN_POINT('Ctrl Pts',(12.6865008015288,-37.4443053338562,74.7597270709355));
#7164=CARTESIAN_POINT('Ctrl Pts',(14.0290975172763,-36.2919947413208,73.8192279334607));
#7165=CARTESIAN_POINT('Ctrl Pts',(14.0296842771829,-36.2768591920435,75.2970007181069));
#7166=CARTESIAN_POINT('Ctrl Pts',(12.6580300501568,-36.3175519391909,74.7483387703866));
#7167=CARTESIAN_POINT('Origin',(-1.96572950028107,-51.701007194045,69.3263607302065));
#7168=CARTESIAN_POINT('Ctrl Pts',(-2.12073311999562,-51.701007194045,70.3142746322625));
#7169=CARTESIAN_POINT('Ctrl Pts',(-2.12073311999562,-52.701007194045,70.3142746322625));
#7170=CARTESIAN_POINT('Ctrl Pts',(-1.96572950028107,-52.701007194045,69.3263607302065));
#7171=CARTESIAN_POINT('Ctrl Pts',(-7.35288325395693,-51.7010071939888,69.4933506550149));
#7172=CARTESIAN_POINT('Ctrl Pts',(-7.35288325401664,-52.7010071939701,69.4933506550052));
#7173=CARTESIAN_POINT('Ctrl Pts',(-7.29898339105962,-52.701007194045,68.4895735808241));
#7174=CARTESIAN_POINT('Ctrl Pts',(-12.5785757466057,-51.701007194045,69.4933506550078));
#7175=CARTESIAN_POINT('Ctrl Pts',(-12.5785757465431,-52.7010071940637,69.4933506551282));
#7176=CARTESIAN_POINT('Ctrl Pts',(-12.6324756094978,-52.701007194045,68.4895735809339));
#7177=CARTESIAN_POINT('Ctrl Pts',(-17.810725880569,-51.701007194045,70.3142746322422));
#7178=CARTESIAN_POINT('Ctrl Pts',(-17.810725880569,-52.701007194045,70.3142746322422));
#7179=CARTESIAN_POINT('Ctrl Pts',(-17.9657295002811,-52.701007194045,69.3263607301859));
#7180=CARTESIAN_POINT('Origin',(-17.9657295002811,-51.701007194045,69.3263607301859));
#7181=CARTESIAN_POINT('Ctrl Pts',(-17.6722198857348,-51.7003502746745,70.2927345617503));
#7182=CARTESIAN_POINT('Ctrl Pts',(-17.6630358085861,-52.6990703937258,70.2913198786863));
#7183=CARTESIAN_POINT('Ctrl Pts',(-17.8151691933627,-52.7003068973036,69.304208590478));
#7184=CARTESIAN_POINT('Ctrl Pts',(-18.7017687742945,-51.7101094985203,70.4514238416724));
#7185=CARTESIAN_POINT('Ctrl Pts',(-18.7666041175172,-52.7200804798428,70.461216573477));
#7186=CARTESIAN_POINT('Ctrl Pts',(-18.9345622582096,-52.7107146384381,69.4659613419909));
#7187=CARTESIAN_POINT('Ctrl Pts',(-19.7076775804997,-51.6109894381688,70.6382042135993));
#7188=CARTESIAN_POINT('Ctrl Pts',(-19.8437710383235,-52.6271787002472,70.6635929023166));
#7189=CARTESIAN_POINT('Ctrl Pts',(-20.0279519162922,-52.6049840654073,69.6563043233356));
#7190=CARTESIAN_POINT('Ctrl Pts',(-21.1618696049621,-51.3153270990825,70.950161444947));
#7191=CARTESIAN_POINT('Ctrl Pts',(-21.3920390194924,-52.3400976397592,71.0013808242613));
#7192=CARTESIAN_POINT('Ctrl Pts',(-21.6080939475841,-52.2896054757177,69.9740923113527));
#7193=CARTESIAN_POINT('Ctrl Pts',(-21.6269029394414,-51.1965470416006,71.0565475939644));
#7194=CARTESIAN_POINT('Ctrl Pts',(-21.8905005227507,-52.222553955169,71.1177542741293));
#7195=CARTESIAN_POINT('Ctrl Pts',(-22.1133224383527,-52.1629050277039,70.0824503641058));
#7196=CARTESIAN_POINT('Ctrl Pts',(-22.5471237790635,-50.912090062057,71.2796327541693));
#7197=CARTESIAN_POINT('Ctrl Pts',(-22.8778264821597,-51.9393749629862,71.3625286066119));
#7198=CARTESIAN_POINT('Ctrl Pts',(-23.1129129631074,-51.8594805038116,70.3096296785205));
#7199=CARTESIAN_POINT('Ctrl Pts',(-23.0036601477036,-50.745598121094,71.3967545258254));
#7200=CARTESIAN_POINT('Ctrl Pts',(-23.3687401713902,-51.7722100685677,71.4916969935535));
#7201=CARTESIAN_POINT('Ctrl Pts',(-23.6087387321531,-51.6818872068871,70.4288810340108));
#7202=CARTESIAN_POINT('Ctrl Pts',(-24.3307253328581,-50.1859748048606,71.7545388828535));
#7203=CARTESIAN_POINT('Ctrl Pts',(-24.8069156630291,-51.2048262983192,71.8900211293562));
#7204=CARTESIAN_POINT('Ctrl Pts',(-25.0497571144051,-51.0849504648066,70.7931034968712));
#7205=CARTESIAN_POINT('Ctrl Pts',(-25.1680975619383,-49.7312035468147,72.0036759755656));
#7206=CARTESIAN_POINT('Ctrl Pts',(-25.7136995364109,-50.7395742473557,72.1687779889211));
#7207=CARTESIAN_POINT('Ctrl Pts',(-25.9586921655319,-50.5998577678042,71.046636146705));
#7208=CARTESIAN_POINT('Ctrl Pts',(-26.3566922434773,-48.9280551049986,72.3839018163058));
#7209=CARTESIAN_POINT('Ctrl Pts',(-26.9989052799774,-49.9211270622112,72.5941624421668));
#7210=CARTESIAN_POINT('Ctrl Pts',(-27.2484354005439,-49.743159753267,71.4334300034228));
#7211=CARTESIAN_POINT('Ctrl Pts',(-26.7425641848407,-48.6391755419962,72.5120719900526));
#7212=CARTESIAN_POINT('Ctrl Pts',(-27.4205027558722,-49.6230262864224,72.7393405736042));
#7213=CARTESIAN_POINT('Ctrl Pts',(-27.6670679003051,-49.4350199955726,71.563791061441));
#7214=CARTESIAN_POINT('Ctrl Pts',(-27.486816947888,-48.0226670136673,72.7673352231935));
#7215=CARTESIAN_POINT('Ctrl Pts',(-28.2368525938787,-48.9846204377378,73.029913488934));
#7216=CARTESIAN_POINT('Ctrl Pts',(-28.4743730995707,-48.7774080236879,71.8233728772702));
#7217=CARTESIAN_POINT('Ctrl Pts',(-27.8416064447962,-47.6981858904105,72.8931618210291));
#7218=CARTESIAN_POINT('Ctrl Pts',(-28.6273140960639,-48.646903401182,73.1738863392896));
#7219=CARTESIAN_POINT('Ctrl Pts',(-28.8591508676156,-48.4312936377337,71.9513059007574));
#7220=CARTESIAN_POINT('Ctrl Pts',(-28.5177408944131,-47.0173178032282,73.1394633233581));
#7221=CARTESIAN_POINT('Ctrl Pts',(-29.375107056888,-47.9352630697046,73.4573623186443));
#7222=CARTESIAN_POINT('Ctrl Pts',(-29.5923230189491,-47.7050324048849,72.2016912617589));
#7223=CARTESIAN_POINT('Ctrl Pts',(-28.8390832488955,-46.6609295571276,73.2599414465197));
#7224=CARTESIAN_POINT('Ctrl Pts',(-29.731811171217,-47.5608663275935,73.5967606329192));
#7225=CARTESIAN_POINT('Ctrl Pts',(-29.9407146595686,-47.3248842648283,72.324146897714));
#7226=CARTESIAN_POINT('Ctrl Pts',(-29.2961086198628,-46.1020524939036,73.435238439017));
#7227=CARTESIAN_POINT('Ctrl Pts',(-30.2399663559131,-46.9732840093063,73.8000962574906));
#7228=CARTESIAN_POINT('Ctrl Pts',(-30.436141560074,-46.7287477462913,72.5022957376728));
#7229=CARTESIAN_POINT('Ctrl Pts',(-29.4442774425029,-45.9117031311004,73.4927660242479));
#7230=CARTESIAN_POINT('Ctrl Pts',(-30.4057091098592,-46.7718740498439,73.8672742156705));
#7231=CARTESIAN_POINT('Ctrl Pts',(-30.5967479746782,-46.5257083087027,72.5607548058283));
#7232=CARTESIAN_POINT('Ctrl Pts',(-29.7321838758345,-45.5227312069439,73.6057549106819));
#7233=CARTESIAN_POINT('Ctrl Pts',(-30.7286397416986,-46.3592613232425,73.9996417620887));
#7234=CARTESIAN_POINT('Ctrl Pts',(-30.9088005248549,-46.1108048521336,72.6755652765032));
#7235=CARTESIAN_POINT('Ctrl Pts',(-29.8704087479017,-45.3241278731628,73.6607066492071));
#7236=CARTESIAN_POINT('Ctrl Pts',(-30.8845520691719,-46.1497724658609,74.0663642172084));
#7237=CARTESIAN_POINT('Ctrl Pts',(-31.0602333788737,-45.8989610974132,72.7320086510742));
#7238=CARTESIAN_POINT('Ctrl Pts',(-30.2832837366248,-44.7154381163278,73.8258566446964));
#7239=CARTESIAN_POINT('Ctrl Pts',(-31.3480460315646,-45.4928237030935,74.2517618058355));
#7240=CARTESIAN_POINT('Ctrl Pts',(-31.5006293553277,-45.2496935870854,72.8971569441631));
#7241=CARTESIAN_POINT('Ctrl Pts',(-30.542177276356,-44.2902495946512,73.9294140605888));
#7242=CARTESIAN_POINT('Ctrl Pts',(-31.6385690096108,-45.0333995745292,74.3679709993928));
#7243=CARTESIAN_POINT('Ctrl Pts',(-31.7767799947746,-44.7961603116665,73.0007133334062));
#7244=CARTESIAN_POINT('Ctrl Pts',(-31.0126318130669,-43.4235464513742,74.1175958752732));
#7245=CARTESIAN_POINT('Ctrl Pts',(-32.1686398153802,-44.0931307549689,74.5799993260108));
#7246=CARTESIAN_POINT('Ctrl Pts',(-32.2785933878971,-43.8716798476467,73.1888932052224));
#7247=CARTESIAN_POINT('Ctrl Pts',(-31.2257301389526,-42.9801225818992,74.2028352056275));
#7248=CARTESIAN_POINT('Ctrl Pts',(-32.4091331446463,-43.6106653402603,74.6761966597048));
#7249=CARTESIAN_POINT('Ctrl Pts',(-32.5058960665845,-43.3986960581143,73.2741316587423));
#7250=CARTESIAN_POINT('Ctrl Pts',(-31.7990480945519,-41.6198206095068,74.4321623878672));
#7251=CARTESIAN_POINT('Ctrl Pts',(-33.0609914816027,-42.1198029739577,74.9369399999345));
#7252=CARTESIAN_POINT('Ctrl Pts',(-33.1174286040561,-41.9477140222461,73.5034562543271));
#7253=CARTESIAN_POINT('Ctrl Pts',(-32.0940170977597,-40.6732427697854,74.5501499891503));
#7254=CARTESIAN_POINT('Ctrl Pts',(-33.3950410175562,-41.0830152810776,75.0705598171789));
#7255=CARTESIAN_POINT('Ctrl Pts',(-33.4320590688032,-40.9380354519051,73.6214426693736));
#7256=CARTESIAN_POINT('Ctrl Pts',(-32.5049823081679,-38.6478262032952,74.7145360733136));
#7257=CARTESIAN_POINT('Ctrl Pts',(-33.8645028187468,-38.8498043171352,75.2583445416993));
#7258=CARTESIAN_POINT('Ctrl Pts',(-33.8704170087438,-38.7776027628493,73.7858268989346));
#7259=CARTESIAN_POINT('Ctrl Pts',(-32.6033998060838,-37.6056147203144,74.75390307248));
#7260=CARTESIAN_POINT('Ctrl Pts',(-33.9764011218509,-37.7017965057189,75.3031038639283));
#7261=CARTESIAN_POINT('Ctrl Pts',(-33.9753945816693,-37.6659162464885,73.8251934994242));
#7262=CARTESIAN_POINT('Ctrl Pts',(-32.5936843144773,-36.5602475849507,74.7500168758374));
#7263=CARTESIAN_POINT('Ctrl Pts',(-33.9653277273564,-36.5453145200035,75.2986745060358));
#7264=CARTESIAN_POINT('Ctrl Pts',(-33.9650315022235,-36.5508644839076,73.8213073447623));
#7265=UNCERTAINTY_MEASURE_WITH_UNIT(LENGTH_MEASURE(0.01),#7269,
'DISTANCE_ACCURACY_VALUE',
'Maximum model space distance between geometric entities at asserted c
onnectivities');
#7266=UNCERTAINTY_MEASURE_WITH_UNIT(LENGTH_MEASURE(0.01),#7269,
'DISTANCE_ACCURACY_VALUE',
'Maximum model space distance between geometric entities at asserted c
onnectivities');
#7267=(
GEOMETRIC_REPRESENTATION_CONTEXT(3)
GLOBAL_UNCERTAINTY_ASSIGNED_CONTEXT((#7265))
GLOBAL_UNIT_ASSIGNED_CONTEXT((#7269,#7271,#7272))
REPRESENTATION_CONTEXT('','3D')
);
#7268=(
GEOMETRIC_REPRESENTATION_CONTEXT(3)
GLOBAL_UNCERTAINTY_ASSIGNED_CONTEXT((#7266))
GLOBAL_UNIT_ASSIGNED_CONTEXT((#7269,#7271,#7272))
REPRESENTATION_CONTEXT('','3D')
);
#7269=(
LENGTH_UNIT()
NAMED_UNIT(*)
SI_UNIT(.MILLI.,.METRE.)
);
#7270=(
LENGTH_UNIT()
NAMED_UNIT(*)
SI_UNIT($,.METRE.)
);
#7271=(
NAMED_UNIT(*)
PLANE_ANGLE_UNIT()
SI_UNIT($,.RADIAN.)
);
#7272=(
NAMED_UNIT(*)
SI_UNIT($,.STERADIAN.)
SOLID_ANGLE_UNIT()
);
#7273=SHAPE_DEFINITION_REPRESENTATION(#7274,#7275);
#7274=PRODUCT_DEFINITION_SHAPE('',$,#7277);
#7275=SHAPE_REPRESENTATION('',(#2614),#7267);
#7276=PRODUCT_DEFINITION_CONTEXT('part definition',#7281,'design');
#7277=PRODUCT_DEFINITION('1M2A','moveo v72',#7278,#7276);
#7278=PRODUCT_DEFINITION_FORMATION('',$,#7283);
#7279=PRODUCT_RELATED_PRODUCT_CATEGORY('moveo v72','moveo v72',(#7283));
#7280=APPLICATION_PROTOCOL_DEFINITION('international standard',
'automotive_design',2009,#7281);
#7281=APPLICATION_CONTEXT(
'Core Data for Automotive Mechanical Design Process');
#7282=PRODUCT_CONTEXT('part definition',#7281,'mechanical');
#7283=PRODUCT('1M2A','moveo v72','STEP AP214',(#7282));
#7284=PRESENTATION_STYLE_ASSIGNMENT((#7286));
#7285=PRESENTATION_STYLE_ASSIGNMENT((#7287));
#7286=SURFACE_STYLE_USAGE(.BOTH.,#7288);
#7287=SURFACE_STYLE_USAGE(.BOTH.,#7289);
#7288=SURFACE_SIDE_STYLE('',(#7290));
#7289=SURFACE_SIDE_STYLE('',(#7291));
#7290=SURFACE_STYLE_FILL_AREA(#7292);
#7291=SURFACE_STYLE_FILL_AREA(#7293);
#7292=FILL_AREA_STYLE('Steel - Satin',(#7294));
#7293=FILL_AREA_STYLE('Opaque(202,209,238)',(#7295));
#7294=FILL_AREA_STYLE_COLOUR('Steel - Satin',#7296);
#7295=FILL_AREA_STYLE_COLOUR('Opaque(202,209,238)',#7297);
#7296=COLOUR_RGB('Steel - Satin',0.627450980392157,0.627450980392157,0.627450980392157);
#7297=COLOUR_RGB('Opaque(202,209,238)',0.792156862745098,0.819607843137255,
0.933333333333333);
ENDSEC;
END-ISO-10303-21;
