ISO-10303-21;
HEADER;
FILE_DESCRIPTION (( 'STEP AP214' ),
    '1' );
FILE_NAME ('Gripper Left B.STEP',
    '2026-07-03T01:16:55',
    ( '' ),
    ( '' ),
    'SwSTEP 2.0',
    'SolidWorks 2026',
    '' );
FILE_SCHEMA (( 'AUTOMOTIVE_DESIGN' ));
ENDSEC;

DATA;
#1 = EDGE_CURVE ( 'NONE', #3153, #4024, #2070, .T. ) ;
#2 = VECTOR ( 'NONE', #1389, 1000.000000000000000 ) ;
#3 = CARTESIAN_POINT ( 'NONE',  ( 64.55847388458619207, 5.000000000000000000, -7.696991114152397451 ) ) ;
#4 = CARTESIAN_POINT ( 'NONE',  ( 20.80500494573882619, 5.749999999999987566, -0.7412927768256961647 ) ) ;
#5 = CARTESIAN_POINT ( 'NONE',  ( 23.58077522819226246, 14.99727230820843893, -15.79389978576111631 ) ) ;
#6 = VECTOR ( 'NONE', #347, 1000.000000000000000 ) ;
#7 = ORIENTED_EDGE ( 'NONE', *, *, #2815, .F. ) ;
#8 = CARTESIAN_POINT ( 'NONE',  ( 74.00746584343696099, 3.571332841067984987, -0.6803834268177869626 ) ) ;
#9 = FACE_OUTER_BOUND ( 'NONE', #2273, .T. ) ;
#10 = SURFACE_SIDE_STYLE ('',( #985 ) ) ;
#11 = CARTESIAN_POINT ( 'NONE',  ( 4.024957788359743383, 12.24999999999998757, -12.98939904555686020 ) ) ;
#12 = EDGE_CURVE ( 'NONE', #3776, #686, #1326, .T. ) ;
#13 = ORIENTED_EDGE ( 'NONE', *, *, #1354, .T. ) ;
#14 = CARTESIAN_POINT ( 'NONE',  ( 20.57305553001226173, 5.749999999999991118, -15.45303727277421402 ) ) ;
#15 = EDGE_CURVE ( 'NONE', #2671, #1953, #3115, .T. ) ;
#16 = CARTESIAN_POINT ( 'NONE',  ( 22.50475596487300578, 12.24999999999999289, 0.2533676599805509966 ) ) ;
#17 = VERTEX_POINT ( 'NONE', #4037 ) ;
#18 = DIRECTION ( 'NONE',  ( -0.000000000000000000, 0.000000000000000000, -1.000000000000000000 ) ) ;
#19 = CARTESIAN_POINT ( 'NONE',  ( 22.36326809537858296, 8.673617379884035472E-16, -11.30858924420373235 ) ) ;
#20 = CARTESIAN_POINT ( 'NONE',  ( 24.26335881057864796, 2.850748967062922024, -15.47117865798407799 ) ) ;
#21 = CARTESIAN_POINT ( 'NONE',  ( 24.83804701343825272, 12.24999999999999289, -14.45875902514366196 ) ) ;
#22 = CARTESIAN_POINT ( 'NONE',  ( 18.09392132255008789, 4.749999999998721023, -2.672916650713654363 ) ) ;
#23 = CARTESIAN_POINT ( 'NONE',  ( 18.26000480705216233, 17.22109938603530566, -17.34654719286331570 ) ) ;
#24 = VERTEX_POINT ( 'NONE', #260 ) ;
#25 = CARTESIAN_POINT ( 'NONE',  ( 69.82085533677742717, 1.266899151034024618, 1.000003369765737560 ) ) ;
#26 = CARTESIAN_POINT ( 'NONE',  ( 34.31061973095763307, 11.79568320729565833, -9.423645474810404821 ) ) ;
#27 = SURFACE_STYLE_USAGE ( .BOTH. , #10 ) ;
#28 = CARTESIAN_POINT ( 'NONE',  ( 24.68726383111354039, 18.00000000000000000, -15.76562825779434185 ) ) ;
#29 = CARTESIAN_POINT ( 'NONE',  ( 69.73561128987626034, 17.99999999999999645, -4.582296865251221263 ) ) ;
#30 = ORIENTED_EDGE ( 'NONE', *, *, #2953, .F. ) ;
#31 = FACE_OUTER_BOUND ( 'NONE', #4054, .T. ) ;
#32 = CARTESIAN_POINT ( 'NONE',  ( 20.16005661791250603, 12.24999999999999112, -2.407080437017587560 ) ) ;
#33 = ORIENTED_EDGE ( 'NONE', *, *, #3499, .T. ) ;
#34 = DIRECTION ( 'NONE',  ( 1.000000000000000000, 0.000000000000000000, 0.000000000000000000 ) ) ;
#35 = ORIENTED_EDGE ( 'NONE', *, *, #4015, .T. ) ;
#36 = CARTESIAN_POINT ( 'NONE',  ( 12.76829667391157308, 17.85062324869436523, -19.42946984057405047 ) ) ;
#37 = CARTESIAN_POINT ( 'NONE',  ( 10.02495778835974249, 1.000000000000000888, -5.989399045556861090 ) ) ;
#38 = CARTESIAN_POINT ( 'NONE',  ( 18.93640506751547292, 0.6752284773823321595, -16.59154920403856792 ) ) ;
#39 = CARTESIAN_POINT ( 'NONE',  ( 10.02495778835974249, 5.749999999999991118, -12.98939904555686020 ) ) ;
#40 = CARTESIAN_POINT ( 'NONE',  ( 21.05642266185483180, 5.749999999999992006, -1.778349532764085694 ) ) ;
#41 = CARTESIAN_POINT ( 'NONE',  ( 25.30805498237414852, 13.67589090643285488, -15.30446177896823023 ) ) ;
#42 = CARTESIAN_POINT ( 'NONE',  ( 71.12027665095112638, 0.7199034555140698677, -0.3881970211696901818 ) ) ;
#43 = CARTESIAN_POINT ( 'NONE',  ( 37.14687516852674776, 8.775004564735558787, -9.736153206781084535 ) ) ;
#44 = EDGE_CURVE ( 'NONE', #288, #2959, #1204, .T. ) ;
#45 = CARTESIAN_POINT ( 'NONE',  ( 10.54557788005108421, 18.00000000000000000, -19.10963438522960089 ) ) ;
#46 = CARTESIAN_POINT ( 'NONE',  ( 69.01918050906719770, 18.00000000000000000, -5.083096904610100886 ) ) ;
#47 = VERTEX_POINT ( 'NONE', #1684 ) ;
#48 = CARTESIAN_POINT ( 'NONE',  ( 25.14105542508980307, 16.99036333920452790, -15.41497509896151108 ) ) ;
#49 = EDGE_CURVE ( 'NONE', #1151, #2834, #997, .T. ) ;
#50 = EDGE_CURVE ( 'NONE', #1580, #1977, #1984, .T. ) ;
#51 = CARTESIAN_POINT ( 'NONE',  ( 12.91348861658415537, 12.24999999999999467, -6.586748705993083597 ) ) ;
#52 = EDGE_LOOP ( 'NONE', ( #1156, #2381, #2455, #3017, #1761, #964, #2804, #1620, #1605, #2816 ) ) ;
#53 = DIRECTION ( 'NONE',  ( 0.5000000000000000000, 0.000000000000000000, 0.8660254037844385966 ) ) ;
#54 = DIRECTION ( 'NONE',  ( 0.000000000000000000, -1.000000000000000000, 0.000000000000000000 ) ) ;
#55 = AXIS2_PLACEMENT_3D ( 'NONE', #2322, #3585, #749 ) ;
#56 = CARTESIAN_POINT ( 'NONE',  ( 14.47955687543802661, 17.00000000000001066, -5.989399045556872636 ) ) ;
#57 = B_SPLINE_CURVE_WITH_KNOTS ( 'NONE', 3,
 ( #1844, #870, #1550, #2774, #2506, #1566, #261, #2135, #2467, #937, #4039, #299, #3138 ),
 .UNSPECIFIED., .F., .F.,
 ( 4, 2, 2, 1, 2, 2, 4 ),
 ( 0.01031801584154768553, 0.01597793904498906112, 0.01880790064670975065, 0.02163786224843043671, 0.02729778545187179148, 0.03012774705359246713, 0.03295770865531314625 ),
 .UNSPECIFIED. ) ;
#58 = DIRECTION ( 'NONE',  ( 0.1299781280489111512, 0.000000000000000000, -0.9915168612932918624 ) ) ;
#59 = AXIS2_PLACEMENT_3D ( 'NONE', #2599, #1358, #1025 ) ;
#60 = AXIS2_PLACEMENT_3D ( 'NONE', #1585, #3558, #3889 ) ;
#61 =( GEOMETRIC_REPRESENTATION_CONTEXT ( 3 ) GLOBAL_UNCERTAINTY_ASSIGNED_CONTEXT ( ( #2136 ) ) GLOBAL_UNIT_ASSIGNED_CONTEXT ( ( #69, #2871, #1315 ) ) REPRESENTATION_CONTEXT ( 'NONE', 'WORKASPACE' ) );
#62 = CARTESIAN_POINT ( 'NONE',  ( 34.29610439327019122, 6.195903776317647882, -9.430322837126080771 ) ) ;
#63 = CARTESIAN_POINT ( 'NONE',  ( 13.02136514601051331, 1.038890832715266610, -19.32254218171470228 ) ) ;
#64 = CARTESIAN_POINT ( 'NONE',  ( 20.41304918097561227, 16.17504830031165142, -16.67117049663571748 ) ) ;
#65 = B_SPLINE_SURFACE_WITH_KNOTS ( 'NONE', 2, 1, ( 
 ( #2210, #2895 ),
 ( #651, #3208 ),
 ( #48, #1035 ) ),
 .UNSPECIFIED., .F., .F., .F.,
 ( 3, 3 ),
 ( 2, 2 ),
 ( 0.000000000000000000, 0.9907375420816815215 ),
 ( 0.000000000000000000, 1.000000000000000000 ),
 .UNSPECIFIED. ) ;
#66 = EDGE_LOOP ( 'NONE', ( #1889, #481, #4058, #3265 ) ) ;
#67 = CARTESIAN_POINT ( 'NONE',  ( 36.82264547341186045, 10.70768593816302250, -9.830534720247184666 ) ) ;
#68 = CARTESIAN_POINT ( 'NONE',  ( 35.76480622913814500, 8.157049826842690976, -8.815049708680575691 ) ) ;
#69 =( LENGTH_UNIT ( ) NAMED_UNIT ( * ) SI_UNIT ( .MILLI., .METRE. ) );
#70 = PRODUCT_CONTEXT ( 'NONE', #3997, 'mechanical' ) ;
#71 = CARTESIAN_POINT ( 'NONE',  ( 25.99085389911447308, 13.00000000000189004, -14.91055122876952943 ) ) ;
#72 = ORIENTED_EDGE ( 'NONE', *, *, #3260, .T. ) ;
#73 = FACE_OUTER_BOUND ( 'NONE', #3193, .T. ) ;
#74 = CARTESIAN_POINT ( 'NONE',  ( 20.80958616952568718, 12.24999999999999467, -0.7382084007302847084 ) ) ;
#75 = ORIENTED_EDGE ( 'NONE', *, *, #1656, .F. ) ;
#76 = CARTESIAN_POINT ( 'NONE',  ( 56.46170738294489411, 4.999999999999997335, -10.48504062499555012 ) ) ;
#77 = ORIENTED_EDGE ( 'NONE', *, *, #3261, .F. ) ;
#78 = CARTESIAN_POINT ( 'NONE',  ( 10.02495778835974249, 4.749999999999993783, -5.989399045556861090 ) ) ;
#79 =( BOUNDED_SURFACE ( )  B_SPLINE_SURFACE ( 3, 2, ( 
 ( #3669, #1836, #3718 ),
 ( #273, #1542, #855 ),
 ( #584, #2807, #832 ),
 ( #3740, #3080, #518 ),
 ( #1791, #1499, #3692 ),
 ( #539, #1811, #1860 ),
 ( #3101, #230, #250 ),
 ( #1523, #984, #1662 ),
 ( #3223, #2541, #2852 ),
 ( #627, #333, #644 ),
 ( #2911, #1635, #949 ),
 ( #68, #688, #2266 ),
 ( #1314, #2558, #1341 ),
 ( #1596, #3793, #2604 ),
 ( #3857, #1295, #43 ),
 ( #1911, #966, #394 ),
 ( #2577, #1951, #1973 ),
 ( #3465, #1930, #3183 ),
 ( #1891, #85, #2205 ),
 ( #2870, #1030, #1279 ),
 ( #352, #2285, #3202 ),
 ( #372, #2223, #3241 ),
 ( #3525, #3834, #2242 ),
 ( #3545, #2522, #1011 ),
 ( #3778, #707, #2932 ),
 ( #26, #3165, #310 ),
 ( #3505, #3812, #668 ),
 ( #1616, #2889, #1576 ) ),
 .UNSPECIFIED., .F., .F., .T. ) 
 B_SPLINE_SURFACE_WITH_KNOTS ( ( 4, 2, 2, 2, 2, 2, 2, 2, 2, 2, 2, 2, 2, 4 ),
 ( 3, 3 ),
 ( 0.001565368592122796682, 0.002887985703127199724, 0.003549294258629401028, 0.004210602814131602332, 0.004871911369633804070, 0.005533219925136004941, 0.006194528480638206679, 0.006855837036140408416, 0.008178454147144811892, 0.008839762702647012763, 0.009501071258149213633, 0.01016237981365141624, 0.01082368836915361711, 0.01214630548015802058 ),
 ( 0.000000000000000000, 1.000000000000000000 ),
 .UNSPECIFIED. ) 
 GEOMETRIC_REPRESENTATION_ITEM ( )  RATIONAL_B_SPLINE_SURFACE ( (
 ( 1.000000000000000000, 0.6638458525083017481, 1.000000000000000000),
 ( 1.000000000000000000, 0.6527830047043432504, 1.000000000000000000),
 ( 1.000000000000000000, 0.6432913622412858023, 1.000000000000000000),
 ( 1.000000000000000000, 0.6311996239952043508, 1.000000000000000000),
 ( 1.000000000000000000, 0.6275131887585108093, 1.000000000000000000),
 ( 1.000000000000000000, 0.6210437664717061157, 1.000000000000000000),
 ( 1.000000000000000000, 0.6182240515641531653, 1.000000000000000000),
 ( 1.000000000000000000, 0.6132989095055257911, 1.000000000000000000),
 ( 1.000000000000000000, 0.6111785604906797564, 1.000000000000000000),
 ( 1.000000000000000000, 0.6076508967018400265, 1.000000000000000000),
 ( 1.000000000000000000, 0.6062447132954591478, 1.000000000000000000),
 ( 1.000000000000000000, 0.6040210816633686530, 1.000000000000000000),
 ( 1.000000000000000000, 0.6032012123422259009, 1.000000000000000000),
 ( 1.000000000000000000, 0.6021122783103143306, 1.000000000000000000),
 ( 1.000000000000000000, 0.6018501815121727327, 1.000000000000000000),
 ( 1.000000000000000000, 0.6018398861774233444, 1.000000000000000000),
 ( 1.000000000000000000, 0.6028807969182207183, 1.000000000000000000),
 ( 1.000000000000000000, 0.6061962903965213423, 1.000000000000000000),
 ( 1.000000000000000000, 0.6075976179888658013, 1.000000000000000000),
 ( 1.000000000000000000, 0.6111267644666782406, 1.000000000000000000),
 ( 1.000000000000000000, 0.6132242315777821640, 1.000000000000000000),
 ( 1.000000000000000000, 0.6181378092229549148, 1.000000000000000000),
 ( 1.000000000000000000, 0.6209601221706265717, 1.000000000000000000),
 ( 1.000000000000000000, 0.6274691387870184878, 1.000000000000000000),
 ( 1.000000000000000000, 0.6311258126322616402, 1.000000000000000000),
 ( 1.000000000000000000, 0.6431754495276851280, 1.000000000000000000),
 ( 1.000000000000000000, 0.6528343715218104526, 1.000000000000000000),
 ( 1.000000000000000000, 0.6638458525083117401, 1.000000000000000000) ) ) 
 REPRESENTATION_ITEM ( '' )  SURFACE ( )  );
#80 = CARTESIAN_POINT ( 'NONE',  ( 71.75914870358568010, 13.00000000000000355, -3.056945218209196735 ) ) ;
#81 = CARTESIAN_POINT ( 'NONE',  ( 56.55114765101605201, -2.645375985735623540E-13, -10.46427374862902404 ) ) ;
#82 = DIRECTION ( 'NONE',  ( 0.000000000000000000, 0.000000000000000000, 1.000000000000000000 ) ) ;
#83 = CARTESIAN_POINT ( 'NONE',  ( 23.09714882122166557, 2.740912079599428175, -15.91859410162102506 ) ) ;
#84 = CARTESIAN_POINT ( 'NONE',  ( 25.17200895719593134, 14.01518893779930863, -15.32444963493645318 ) ) ;
#85 = CARTESIAN_POINT ( 'NONE',  ( 35.66190114080961138, 10.16857025829811256, -10.17650612060588777 ) ) ;
#86 = CARTESIAN_POINT ( 'NONE',  ( 67.50608998600402799, 18.00000000000000000, 3.369765727741225181E-06 ) ) ;
#87 = CARTESIAN_POINT ( 'NONE',  ( 32.94429634701543108, 17.99999999999999645, -11.21279223327395158 ) ) ;
#88 = CARTESIAN_POINT ( 'NONE',  ( 33.38497320124135115, 0.002913553486695029913, -5.902823201072438408 ) ) ;
#89 = ORIENTED_EDGE ( 'NONE', *, *, #1764, .F. ) ;
#90 = CARTESIAN_POINT ( 'NONE',  ( 69.80614994299163811, 16.73664298008800344, 1.000003369765737560 ) ) ;
#91 = CARTESIAN_POINT ( 'NONE',  ( 24.29919694877362701, 12.24999999999999289, 0.8588651935435717144 ) ) ;
#92 = ORIENTED_EDGE ( 'NONE', *, *, #2713, .T. ) ;
#93 = DIRECTION ( 'NONE',  ( -1.000000000000000000, -2.478176394252581634E-16, 0.000000000000000000 ) ) ;
#94 = EDGE_LOOP ( 'NONE', ( #3716, #476 ) ) ;
#95 = CARTESIAN_POINT ( 'NONE',  ( 20.99538460200232848, 4.749999999999986677, -0.6173855782632943212 ) ) ;
#96 = DIRECTION ( 'NONE',  ( -1.000000000000000000, 0.000000000000000000, 0.000000000000000000 ) ) ;
#97 = CARTESIAN_POINT ( 'NONE',  ( 67.54804836426629322, 5.000000000000000888, -6.031563529662742340 ) ) ;
#98 = LINE ( 'NONE', #2659, #2973 ) ;
#99 = CARTESIAN_POINT ( 'NONE',  ( 25.42206742122998264, 12.24999999999998757, -15.34884525502035935 ) ) ;
#100 = ORIENTED_EDGE ( 'NONE', *, *, #1355, .T. ) ;
#101 = CARTESIAN_POINT ( 'NONE',  ( 56.70225786689616854, 18.00000000000000000, -5.269154549005597765 ) ) ;
#102 = DIRECTION ( 'NONE',  ( -0.000000000000000000, -1.000000000000000000, -0.000000000000000000 ) ) ;
#103 = CARTESIAN_POINT ( 'NONE',  ( 44.86675879710008275, 18.00000000000000000, -8.490406371277014586 ) ) ;
#104 = ORIENTED_EDGE ( 'NONE', *, *, #1366, .F. ) ;
#105 = CARTESIAN_POINT ( 'NONE',  ( 71.94837052700937363, 16.82676837547970550, -0.4736316398383157988 ) ) ;
#106 = DIRECTION ( 'NONE',  ( 1.000000000000000000, 0.000000000000000000, 0.000000000000000000 ) ) ;
#107 = CARTESIAN_POINT ( 'NONE',  ( 74.03901314972515024, 3.657901951272211516, -0.6834846982858019393 ) ) ;
#108 = ORIENTED_EDGE ( 'NONE', *, *, #1643, .F. ) ;
#109 = CARTESIAN_POINT ( 'NONE',  ( 10.02495778835974249, 18.00000000000000000, -12.98939904555686020 ) ) ;
#110 = DIRECTION ( 'NONE',  ( 0.000000000000000000, 0.000000000000000000, 1.000000000000000000 ) ) ;
#111 = AXIS2_PLACEMENT_3D ( 'NONE', #685, #2165, #1196 ) ;
#112 = CARTESIAN_POINT ( 'NONE',  ( 58.00140827443983937, 1.636364819924744308E-13, -10.09979132415116077 ) ) ;
#113 = AXIS2_PLACEMENT_3D ( 'NONE', #727, #2905, #3874 ) ;
#114 = CARTESIAN_POINT ( 'NONE',  ( 16.81503287154037807, 13.24999999999999112, -3.582722505276456637 ) ) ;
#115 = CARTESIAN_POINT ( 'NONE',  ( 27.83997042330717875, 12.25000000000510347, -13.76236447309103461 ) ) ;
#116 = EDGE_CURVE ( 'NONE', #1008, #1977, #2500, .T. ) ;
#117 = B_SPLINE_CURVE_WITH_KNOTS ( 'NONE', 3,
 ( #4017, #533, #1208, #2138, #1780, #1804, #3094, #1511, #3732, #2697, #201, #3072, #1186, #2470, #1146, #3947, #2426, #3659 ),
 .UNSPECIFIED., .F., .F.,
 ( 4, 2, 1, 2, 2, 2, 1, 2, 2, 4 ),
 ( -5.999999999938041651E-08, 0.0007048090905690363546, 0.001409678181138072136, 0.002819416362276145217, 0.005638892724552291812, 0.008458369086828437106, 0.01127784544910458327, 0.01409732181138072943, 0.01691679817365687385, 0.02255575089820916618 ),
 .UNSPECIFIED. ) ;
#118 = EDGE_LOOP ( 'NONE', ( #186, #899 ) ) ;
#119 = CARTESIAN_POINT ( 'NONE',  ( 55.73515558792546898, 18.00000000000000355, -4.951116081549637116 ) ) ;
#120 = AXIS2_PLACEMENT_3D ( 'NONE', #3598, #440, #3334 ) ;
#121 = FACE_OUTER_BOUND ( 'NONE', #3754, .T. ) ;
#122 = B_SPLINE_CURVE_WITH_KNOTS ( 'NONE', 3,
 ( #2360, #3622, #788, #2055, #1741, #3009, #157, #3644, #1149, #492, #2073, #4064, #4045, #3686, #2452, #896, #3425, #1537, #1758, #2119, #3712, #243 ),
 .UNSPECIFIED., .F., .F.,
 ( 4, 2, 2, 2, 2, 2, 2, 2, 2, 2, 4 ),
 ( 0.000000000000000000, 0.002180479955821627933, 0.003270719933732444719, 0.004360959911643261938, 0.008721919823286534285, 0.01090239977910816872, 0.01308287973492980143, 0.01417311971284062298, 0.01526335969075144627, 0.01635359966866226783, 0.01744383964657308939 ),
 .UNSPECIFIED. ) ;
#123 = CARTESIAN_POINT ( 'NONE',  ( 33.84100036050669758, 18.00000000000188649, -10.84714479865295544 ) ) ;
#124 = CARTESIAN_POINT ( 'NONE',  ( 56.44905913934358210, 12.99999999999999822, -10.48796770026343239 ) ) ;
#125 = EDGE_LOOP ( 'NONE', ( #1674, #3333, #3586, #1218, #2647 ) ) ;
#126 = CARTESIAN_POINT ( 'NONE',  ( 74.18550423555528539, 13.83623165631291485, -0.6978617281962916641 ) ) ;
#127 = FACE_OUTER_BOUND ( 'NONE', #2058, .T. ) ;
#128 = FACE_OUTER_BOUND ( 'NONE', #3089, .T. ) ;
#129 = CARTESIAN_POINT ( 'NONE',  ( 13.60434704615673418, 1.000000000000001554, -5.299783899453191616 ) ) ;
#130 = EDGE_CURVE ( 'NONE', #2729, #1008, #809, .T. ) ;
#131 = EDGE_CURVE ( 'NONE', #376, #2729, #1163, .T. ) ;
#132 = VERTEX_POINT ( 'NONE', #3483 ) ;
#133 = CARTESIAN_POINT ( 'NONE',  ( 20.68759756817460982, 17.99999999999999645, -12.41472599225024176 ) ) ;
#134 = DIRECTION ( 'NONE',  ( 3.469446951953614189E-15, 0.000000000000000000, 1.000000000000000000 ) ) ;
#135 = CARTESIAN_POINT ( 'NONE',  ( 37.13040349962042797, 8.559019482566911918, -9.740861495919620694 ) ) ;
#136 = CARTESIAN_POINT ( 'NONE',  ( 58.41456021981372970, 2.280544632649618618E-12, -9.984924309415392329 ) ) ;
#137 = DIRECTION ( 'NONE',  ( -1.000000000000000000, 0.000000000000000000, -1.017433123740057668E-15 ) ) ;
#138 = CARTESIAN_POINT ( 'NONE',  ( 22.83970627829899769, 2.620749455239890668, -15.98630768246413503 ) ) ;
#139 = CARTESIAN_POINT ( 'NONE',  ( 32.90972264783820833, 17.95035736603911403, -6.637615895564298540 ) ) ;
#140 = DIRECTION ( 'NONE',  ( 0.5000000000000003331, 0.000000000000000000, 0.8660254037844383745 ) ) ;
#141 = CARTESIAN_POINT ( 'NONE',  ( 42.55453942303715564, 18.00000000000000000, -8.661922937768894215 ) ) ;
#142 = CARTESIAN_POINT ( 'NONE',  ( 56.75866766363917293, 12.99999999999999822, -10.41531574025501783 ) ) ;
#143 = ORIENTED_EDGE ( 'NONE', *, *, #2944, .F. ) ;
#144 = CARTESIAN_POINT ( 'NONE',  ( 70.52628618434562213, 17.97321457603366568, 1.000003369765737338 ) ) ;
#145 = CARTESIAN_POINT ( 'NONE',  ( 30.02495778835974249, 2.600000000000000089, -4.339399045556858958 ) ) ;
#146 = CARTESIAN_POINT ( 'NONE',  ( 25.38663866221170551, 4.749999999999984901, -15.29484945260711726 ) ) ;
#147 = LINE ( 'NONE', #2882, #3361 ) ;
#148 = ORIENTED_EDGE ( 'NONE', *, *, #2685, .F. ) ;
#149 = CARTESIAN_POINT ( 'NONE',  ( 13.62847541708790366, 18.00000000000000000, -17.07456472158336069 ) ) ;
#150 = CARTESIAN_POINT ( 'NONE',  ( 71.06935016877579869, 16.29719144611304316, 1.000003369765737560 ) ) ;
#151 = CARTESIAN_POINT ( 'NONE',  ( 56.46170738294489411, 4.999999999999997335, -10.48504062499555012 ) ) ;
#152 = CARTESIAN_POINT ( 'NONE',  ( 56.60303582260252853, -5.150220873746407545E-14, -10.45211105590534117 ) ) ;
#153 = CARTESIAN_POINT ( 'NONE',  ( 10.02495778835973894, 1.301042606982605321E-15, -6.989399045556861090 ) ) ;
#154 = CARTESIAN_POINT ( 'NONE',  ( 25.77135769114199704, 18.00000000000000000, 1.000003369765737560 ) ) ;
#155 = ORIENTED_EDGE ( 'NONE', *, *, #1099, .T. ) ;
#156 = CARTESIAN_POINT ( 'NONE',  ( 22.28941449933747521, -3.903127820947814385E-15, -0.9794489671409934983 ) ) ;
#157 = CARTESIAN_POINT ( 'NONE',  ( 13.95255093549972969, 5.749999999999993783, -6.236423580076054130 ) ) ;
#158 = CARTESIAN_POINT ( 'NONE',  ( 53.12124793761110908, 18.00000000000189360, -9.413482014076208770 ) ) ;
#159 = CARTESIAN_POINT ( 'NONE',  ( 56.60303582260048216, 12.99999999999999822, -10.45211105589630840 ) ) ;
#160 = ORIENTED_EDGE ( 'NONE', *, *, #617, .T. ) ;
#161 = CARTESIAN_POINT ( 'NONE',  ( 73.92523538767855484, 14.62626286172061896, -0.6722922474796629855 ) ) ;
#162 = CARTESIAN_POINT ( 'NONE',  ( 14.77880623598206888, 17.86045651647616239, -17.78908380575017389 ) ) ;
#163 = EDGE_CURVE ( 'NONE', #2041, #3282, #3390, .T. ) ;
#164 = CARTESIAN_POINT ( 'NONE',  ( 73.96759084926920025, 3.473614448114861641, -0.6764621090345059873 ) ) ;
#165 = CARTESIAN_POINT ( 'NONE',  ( 19.19119922875439244, 1.000000000000001110, -1.868650270812105330 ) ) ;
#166 = EDGE_CURVE ( 'NONE', #3253, #569, #725, .T. ) ;
#167 = ADVANCED_FACE ( 'NONE', ( #2608 ), #3758, .T. ) ;
#168 = EDGE_LOOP ( 'NONE', ( #2760, #881, #3211, #2747 ) ) ;
#169 = LINE ( 'NONE', #3276, #2449 ) ;
#170 = DIRECTION ( 'NONE',  ( 0.5485916487734525671, 0.000000000000000000, -0.8360904274634561872 ) ) ;
#171 = CARTESIAN_POINT ( 'NONE',  ( 54.47682587644933960, 5.000000000000000888, -9.805008133658382974 ) ) ;
#172 = CARTESIAN_POINT ( 'NONE',  ( 37.06380812045044593, 8.122631244559787689, -9.760059757455973539 ) ) ;
#173 = CARTESIAN_POINT ( 'NONE',  ( 56.44905913934360342, 1.104206526587181677E-14, -10.48796770026343594 ) ) ;
#174 = EDGE_CURVE ( 'NONE', #4024, #677, #2347, .T. ) ;
#175 = CARTESIAN_POINT ( 'NONE',  ( 11.34729199116642384, -4.732369958513856955E-13, -5.918492955937814770 ) ) ;
#176 = DIRECTION ( 'NONE',  ( -0.3867502363368438556, 0.000000000000000000, 0.9221845014385110506 ) ) ;
#177 = EDGE_CURVE ( 'NONE', #3007, #4067, #3625, .T. ) ;
#178 = EDGE_CURVE ( 'NONE', #4074, #1299, #449, .T. ) ;
#179 = DIRECTION ( 'NONE',  ( 0.000000000000000000, 1.000000000000000000, 0.000000000000000000 ) ) ;
#180 = DIRECTION ( 'NONE',  ( 0.000000000000000000, 0.000000000000000000, 1.000000000000000000 ) ) ;
#181 = AXIS2_PLACEMENT_3D ( 'NONE', #3931, #3281, #1697 ) ;
#182 = CARTESIAN_POINT ( 'NONE',  ( 57.87624248203023569, 18.00000000000000000, -5.676560162446794067 ) ) ;
#183 = CARTESIAN_POINT ( 'NONE',  ( 55.96048188353984187, 18.00000000000000000, -5.463587704740262119 ) ) ;
#184 = AXIS2_PLACEMENT_3D ( 'NONE', #1642, #2918, #2529 ) ;
#185 = VECTOR ( 'NONE', #1548, 1000.000000000000000 ) ;
#186 = ORIENTED_EDGE ( 'NONE', *, *, #3555, .F. ) ;
#187 = CARTESIAN_POINT ( 'NONE',  ( 20.45560280812090426, 18.00000000000000000, -2.193739833563646435 ) ) ;
#188 = CARTESIAN_POINT ( 'NONE',  ( 25.08887394330294285, 3.831881397289901958, -15.33760416411670668 ) ) ;
#189 = ADVANCED_FACE ( 'NONE', ( #768, #3344 ), #790, .T. ) ;
#190 = VECTOR ( 'NONE', #2605, 1000.000000000000000 ) ;
#191 = CARTESIAN_POINT ( 'NONE',  ( 22.32001114606731207, 16.99999999999999645, 0.1560979453412789930 ) ) ;
#192 = ORIENTED_EDGE ( 'NONE', *, *, #1846, .T. ) ;
#193 = DIRECTION ( 'NONE',  ( 0.000000000000000000, 0.000000000000000000, 1.000000000000000000 ) ) ;
#194 = CARTESIAN_POINT ( 'NONE',  ( 22.09942199839196775, 18.00000000000000000, -11.48275824638362153 ) ) ;
#195 = DIRECTION ( 'NONE',  ( 0.9738859815732522351, 0.000000000000000000, 0.2270376508315373465 ) ) ;
#196 = ORIENTED_EDGE ( 'NONE', *, *, #3847, .T. ) ;
#197 = CARTESIAN_POINT ( 'NONE',  ( 50.37853973656456930, -2.362106317014185430E-13, -8.854135648342582599 ) ) ;
#198 = CARTESIAN_POINT ( 'NONE',  ( 36.12200067395583147, 6.189997779658992449, -10.04661974970545835 ) ) ;
#199 = DIRECTION ( 'NONE',  ( -1.000000000000000000, 0.000000000000000000, 0.000000000000000000 ) ) ;
#200 = CARTESIAN_POINT ( 'NONE',  ( 13.61465265951587789, 6.505213034913026604E-15, -6.362388040727449123 ) ) ;
#201 = CARTESIAN_POINT ( 'NONE',  ( 47.28048619864786417, 5.000000000000000000, -8.515334258200807582 ) ) ;
#202 = DIRECTION ( 'NONE',  ( 0.000000000000000000, 0.000000000000000000, 1.000000000000000000 ) ) ;
#203 = DIRECTION ( 'NONE',  ( 0.9846839444530492980, 0.1743488730573964918, -3.469446951953609456E-15 ) ) ;
#204 =( BOUNDED_SURFACE ( )  B_SPLINE_SURFACE ( 3, 2, ( 
 ( #3621, #3283, #1740 ),
 ( #429, #3898, #1418 ),
 ( #1699, #3643, #805 ),
 ( #2072, #2344, #491 ) ),
 .UNSPECIFIED., .F., .F., .T. ) 
 B_SPLINE_SURFACE_WITH_KNOTS ( ( 4, 4 ),
 ( 3, 3 ),
 ( 0.000000000000000000, 0.01313598001449144473 ),
 ( 0.000000000000000000, 1.000000000000000000 ),
 .UNSPECIFIED. ) 
 GEOMETRIC_REPRESENTATION_ITEM ( )  RATIONAL_B_SPLINE_SURFACE ( (
 ( 1.000000000000000000, 0.7071067811865475727, 1.000000000000000000),
 ( 1.000000000000000000, 0.7071067811865475727, 1.000000000000000000),
 ( 1.000000000000000000, 0.7071067811865472397, 1.000000000000000000),
 ( 1.000000000000000000, 0.7071067811865472397, 1.000000000000000000) ) ) 
 REPRESENTATION_ITEM ( '' )  SURFACE ( )  );
#205 = CARTESIAN_POINT ( 'NONE',  ( 56.43690208394325225, 12.99999999999999822, -10.47570429138259840 ) ) ;
#206 = CARTESIAN_POINT ( 'NONE',  ( 57.38052873035669421, 13.00000000000064837, -10.26195139917809129 ) ) ;
#207 = VERTEX_POINT ( 'NONE', #2142 ) ;
#208 = CARTESIAN_POINT ( 'NONE',  ( 23.26874136505492174, 17.99999999999999645, -0.4971944640228395107 ) ) ;
#209 = CARTESIAN_POINT ( 'NONE',  ( 19.95201874601682235, 1.172827188890815497, -16.81136926435474521 ) ) ;
#210 =( LENGTH_UNIT ( ) NAMED_UNIT ( * ) SI_UNIT ( .MILLI., .METRE. ) );
#211 = CARTESIAN_POINT ( 'NONE',  ( 15.65238796442956826, 18.00000000000000000, -5.521512079971808262 ) ) ;
#212 = ORIENTED_EDGE ( 'NONE', *, *, #116, .F. ) ;
#213 = CARTESIAN_POINT ( 'NONE',  ( 21.45778234310460064, 1.000000000000000888, -0.3240963273949681311 ) ) ;
#214 = EDGE_CURVE ( 'NONE', #3031, #3918, #919, .T. ) ;
#215 = DIRECTION ( 'NONE',  ( 3.469446951953614189E-15, 0.000000000000000000, 1.000000000000000000 ) ) ;
#216 = SPHERICAL_SURFACE ( 'NONE', #2909, 1.000000000000000000 ) ;
#217 = CARTESIAN_POINT ( 'NONE',  ( 53.12304551526505492, 5.000000000000000888, -9.414036260682998147 ) ) ;
#218 = DIRECTION ( 'NONE',  ( 0.000000000000000000, 0.000000000000000000, 1.000000000000000000 ) ) ;
#219 = UNCERTAINTY_MEASURE_WITH_UNIT (LENGTH_MEASURE( 1.000000000000000082E-05 ), #210, 'distance_accuracy_value', 'NONE');
#220 = CARTESIAN_POINT ( 'NONE',  ( 55.23031645769404463, 1.734723475976807094E-15, -5.637867374062373926 ) ) ;
#221 = EDGE_CURVE ( 'NONE', #3181, #1102, #4066, .T. ) ;
#222 = CARTESIAN_POINT ( 'NONE',  ( 29.25489889823315792, 17.82831666572007023, -8.843707438032273771 ) ) ;
#223 = CARTESIAN_POINT ( 'NONE',  ( 71.25868416185670640, 17.21659053824591723, -0.4025918070951486905 ) ) ;
#224 = CARTESIAN_POINT ( 'NONE',  ( 20.63474159688743370, 8.673617379884035472E-16, -12.44961705898758453 ) ) ;
#225 = LINE ( 'NONE', #3974, #3633 ) ;
#226 = CARTESIAN_POINT ( 'NONE',  ( 25.34822474548797899, 4.749999999999992006, 1.000003369765737560 ) ) ;
#227 = CARTESIAN_POINT ( 'NONE',  ( 12.76829667391157308, 17.85062324869436523, -19.42946984057405047 ) ) ;
#228 = ORIENTED_EDGE ( 'NONE', *, *, #131, .T. ) ;
#229 = CARTESIAN_POINT ( 'NONE',  ( 10.02495778835974249, 18.00000000000000000, -6.989399045556861090 ) ) ;
#230 = CARTESIAN_POINT ( 'NONE',  ( 35.31653266578793193, 7.160980661486048504, -10.30104395086958746 ) ) ;
#231 = CARTESIAN_POINT ( 'NONE',  ( 23.83561268819221723, 3.160629766268250762, -15.72963219607640539 ) ) ;
#232 = CARTESIAN_POINT ( 'NONE',  ( 23.07774218420250634, 18.00000000000031619, 0.4968838697644456515 ) ) ;
#233 = EDGE_LOOP ( 'NONE', ( #3429, #3416, #3737, #3447 ) ) ;
#234 = CARTESIAN_POINT ( 'NONE',  ( 23.26958066706691142, 6.505213034913026604E-15, -0.4970017506650283301 ) ) ;
#235 = DIRECTION ( 'NONE',  ( 1.000000000000000000, 0.000000000000000000, 0.000000000000000000 ) ) ;
#236 = CARTESIAN_POINT ( 'NONE',  ( 72.69946275148316772, 15.13859879528126484, 1.000003369765737560 ) ) ;
#237 = ORIENTED_EDGE ( 'NONE', *, *, #485, .F. ) ;
#238 = CARTESIAN_POINT ( 'NONE',  ( 10.02495778835974249, 12.24999999999998934, -11.33939904555685985 ) ) ;
#239 = DIRECTION ( 'NONE',  ( 0.000000000000000000, 0.000000000000000000, 1.000000000000000000 ) ) ;
#240 = DIRECTION ( 'NONE',  ( -0.000000000000000000, -1.000000000000000000, 0.000000000000000000 ) ) ;
#241 = CARTESIAN_POINT ( 'NONE',  ( 67.89508966024891379, 18.00000000000000355, -0.04292727765180608807 ) ) ;
#242 = CARTESIAN_POINT ( 'NONE',  ( 10.02495778835974249, 4.749999999999992006, -12.98939904555686020 ) ) ;
#243 = CARTESIAN_POINT ( 'NONE',  ( 25.77135769114199704, 5.749999999999992895, 3.369765737499044733E-06 ) ) ;
#244 = EDGE_CURVE ( 'NONE', #1558, #2406, #2117, .T. ) ;
#245 = CARTESIAN_POINT ( 'NONE',  ( 56.49701438417868360, 12.99999999999999822, -10.49834056546222882 ) ) ;
#246 = FACE_BOUND ( 'NONE', #118, .T. ) ;
#247 = AXIS2_PLACEMENT_3D ( 'NONE', #242, #3095, #3750 ) ;
#248 = EDGE_LOOP ( 'NONE', ( #3002, #2227, #228, #2899, #1063 ) ) ;
#249 = CARTESIAN_POINT ( 'NONE',  ( 24.31684190673510670, 18.00000000000000000, -0.1527958692055239043 ) ) ;
#250 = CARTESIAN_POINT ( 'NONE',  ( 36.24595574146152899, 6.341859435197362949, -10.00732412056869158 ) ) ;
#251 = CARTESIAN_POINT ( 'NONE',  ( 25.16293647683216150, 4.388276710470006670, -15.40966153014217532 ) ) ;
#252 = CARTESIAN_POINT ( 'NONE',  ( 26.61495778835973169, 0.000000000000000000, -5.989399045556861090 ) ) ;
#253 = AXIS2_PLACEMENT_3D ( 'NONE', #3727, #3109, #3415 ) ;
#254 = CARTESIAN_POINT ( 'NONE',  ( 20.80500494743257534, 16.99999999999999645, -0.7412927794723650488 ) ) ;
#255 = AXIS2_PLACEMENT_3D ( 'NONE', #1221, #1487, #2749 ) ;
#256 = ORIENTED_EDGE ( 'NONE', *, *, #3122, .F. ) ;
#257 = CARTESIAN_POINT ( 'NONE',  ( 24.29919694877362346, 1.301042606982605518E-15, 0.8588651935435712703 ) ) ;
#258 = CARTESIAN_POINT ( 'NONE',  ( 25.77135769114199704, 12.24999999999999289, 3.369765737282204299E-06 ) ) ;
#259 = DIRECTION ( 'NONE',  ( 0.000000000000000000, -0.000000000000000000, 1.000000000000000000 ) ) ;
#260 = CARTESIAN_POINT ( 'NONE',  ( 10.02495778835974249, 14.79999999999999893, -10.03939904555685914 ) ) ;
#261 = CARTESIAN_POINT ( 'NONE',  ( 46.36252878751788842, 12.99999999999999289, -8.393731302088273338 ) ) ;
#262 = CARTESIAN_POINT ( 'NONE',  ( 56.58317412177115102, 17.00495152883464200, -8.411131420605054032 ) ) ;
#263 = CARTESIAN_POINT ( 'NONE',  ( 41.08782785792404013, 8.673617379884035472E-16, -8.856790767356599758 ) ) ;
#264 = DIRECTION ( 'NONE',  ( -0.8875511825917914432, 0.3186620856506454658, -0.3327271756990901608 ) ) ;
#265 = AXIS2_PLACEMENT_3D ( 'NONE', #2797, #34, #3554 ) ;
#266 = CARTESIAN_POINT ( 'NONE',  ( 13.43495778835974619, 2.600000000000000089, -12.98939904555685487 ) ) ;
#267 = CYLINDRICAL_SURFACE ( 'NONE', #1530, 1.000000000000000888 ) ;
#268 = CARTESIAN_POINT ( 'NONE',  ( -2.587832860388688299E-15, 12.24999999999998757, -26.99999663023426066 ) ) ;
#269 = CARTESIAN_POINT ( 'NONE',  ( 25.38556614574351045, 4.687499999999938716, -15.29321486565272892 ) ) ;
#270 = ORIENTED_EDGE ( 'NONE', *, *, #779, .T. ) ;
#271 = EDGE_LOOP ( 'NONE', ( #2615, #2897 ) ) ;
#272 = CARTESIAN_POINT ( 'NONE',  ( 56.46406744112638165, 4.330900575220897331, -10.44976589760255159 ) ) ;
#273 = CARTESIAN_POINT ( 'NONE',  ( 34.02352130727371815, 6.050237598935814809, -9.556901054273074791 ) ) ;
#274 = CARTESIAN_POINT ( 'NONE',  ( 21.61352977097751094, 1.680596111958308825, -16.32050673293541365 ) ) ;
#275 =( NAMED_UNIT ( * ) PLANE_ANGLE_UNIT ( ) SI_UNIT ( $, .RADIAN. ) );
#276 = CARTESIAN_POINT ( 'NONE',  ( 15.16274507718222964, 18.00000000000256151, -4.642601251989150413 ) ) ;
#277 = ORIENTED_EDGE ( 'NONE', *, *, #3964, .T. ) ;
#278 = CARTESIAN_POINT ( 'NONE',  ( 25.77135769114199704, 8.673617379884035472E-16, 3.369765737499044733E-06 ) ) ;
#279 = CARTESIAN_POINT ( 'NONE',  ( 20.45702310163479254, 12.24999999999998934, -2.192719210341969482 ) ) ;
#280 = ORIENTED_EDGE ( 'NONE', *, *, #1374, .T. ) ;
#281 = CARTESIAN_POINT ( 'NONE',  ( 0.000000000000000000, 18.00000000000000000, 1.000003369765737560 ) ) ;
#282 = CARTESIAN_POINT ( 'NONE',  ( 33.79756981408489480, 5.000000000001875833, -10.86440591764167429 ) ) ;
#283 = CARTESIAN_POINT ( 'NONE',  ( 23.50884403985944715, 2.302347725251721489, -15.60259998475137344 ) ) ;
#284 = CARTESIAN_POINT ( 'NONE',  ( 56.49715657471171681, -2.795340592668184348E-14, -10.49839412780279524 ) ) ;
#285 = CARTESIAN_POINT ( 'NONE',  ( 73.56244054220279338, 5.000000000000000888, 1.000003369765737560 ) ) ;
#286 = CARTESIAN_POINT ( 'NONE',  ( 13.60631031386296463, 5.749999999999992006, -6.365266192878531903 ) ) ;
#287 = CARTESIAN_POINT ( 'NONE',  ( 11.56210964119080309, 16.99999999999999645, -19.84778355227337698 ) ) ;
#288 = VERTEX_POINT ( 'NONE', #1192 ) ;
#289 = EDGE_LOOP ( 'NONE', ( #1928, #2444, #1625, #270 ) ) ;
#290 = FACE_OUTER_BOUND ( 'NONE', #558, .T. ) ;
#291 = DIRECTION ( 'NONE',  ( 0.000000000000000000, 0.000000000000000000, 1.000000000000000000 ) ) ;
#292 = DIRECTION ( 'NONE',  ( 0.000000000000000000, 0.000000000000000000, -1.000000000000000000 ) ) ;
#293 = CARTESIAN_POINT ( 'NONE',  ( 20.58789413234677568, 12.99999999999999822, -18.47168735116560967 ) ) ;
#294 = ORIENTED_EDGE ( 'NONE', *, *, #2376, .T. ) ;
#295 = CARTESIAN_POINT ( 'NONE',  ( 16.82615880147581322, 16.99999999999999645, -3.574983797143118647 ) ) ;
#296 = EDGE_CURVE ( 'NONE', #1980, #635, #602, .T. ) ;
#297 = CARTESIAN_POINT ( 'NONE',  ( 12.74941679387679372, 1.031944990850370392, -19.43744705462573208 ) ) ;
#298 = EDGE_CURVE ( 'NONE', #3962, #1485, #1716, .T. ) ;
#299 = CARTESIAN_POINT ( 'NONE',  ( 55.57406365325928022, 13.00000000000000000, -10.15067043359170640 ) ) ;
#300 = CARTESIAN_POINT ( 'NONE',  ( 28.51793764956227406, 1.422036408859237050E-12, -13.38748707951559069 ) ) ;
#301 = CARTESIAN_POINT ( 'NONE',  ( 25.32263553856114058, 4.377199636612712830, -15.30234557820149988 ) ) ;
#302 = EDGE_CURVE ( 'NONE', #2099, #3722, #2494, .T. ) ;
#303 = CARTESIAN_POINT ( 'NONE',  ( 25.06508466426978288, 13.24999999999998757, -15.43264500671691941 ) ) ;
#304 = EDGE_CURVE ( 'NONE', #582, #759, #2521, .T. ) ;
#305 = CARTESIAN_POINT ( 'NONE',  ( 22.88159760928679987, 5.749999999999515055, 0.4167944476930721120 ) ) ;
#306 = CARTESIAN_POINT ( 'NONE',  ( 25.21167640854285708, 13.45075295434803309, -15.39840697120503776 ) ) ;
#307 = EDGE_CURVE ( 'NONE', #2477, #3776, #323, .T. ) ;
#308 = ORIENTED_EDGE ( 'NONE', *, *, #174, .F. ) ;
#309 = CARTESIAN_POINT ( 'NONE',  ( 72.88166707505325803, 1.903974895455735394, -0.5683947852795845357 ) ) ;
#310 = CARTESIAN_POINT ( 'NONE',  ( 35.16138678779682181, 12.65589342586789456, -10.36730779288245508 ) ) ;
#311 = CARTESIAN_POINT ( 'NONE',  ( 30.02495778835974249, 18.00000000000000000, -5.989399045556861090 ) ) ;
#312 = CARTESIAN_POINT ( 'NONE',  ( 24.45952107006974074, 18.00000000000094147, -15.91596487409297112 ) ) ;
#313 = VECTOR ( 'NONE', #4102, 1000.000000000000000 ) ;
#314 = ORIENTED_EDGE ( 'NONE', *, *, #3847, .F. ) ;
#315 = CARTESIAN_POINT ( 'NONE',  ( 19.19633917033524284, 17.00000000000000355, -1.864938003306930270 ) ) ;
#316 = CARTESIAN_POINT ( 'NONE',  ( 20.45796731801935309, 12.24999999999999112, -2.194056646530658572 ) ) ;
#317 = VECTOR ( 'NONE', #1988, 1000.000000000000000 ) ;
#318 = AXIS2_PLACEMENT_3D ( 'NONE', #2955, #1619, #1667 ) ;
#319 = AXIS2_PLACEMENT_3D ( 'NONE', #1883, #3157, #4098 ) ;
#320 = CARTESIAN_POINT ( 'NONE',  ( 20.08963681456588546, 4.749999999999985789, -1.230995938804025913 ) ) ;
#321 = B_SPLINE_CURVE_WITH_KNOTS ( 'NONE', 3,
 ( #1038, #2293, #1981, #3254, #1373, #2631, #3887, #1411, #3631, #3650, #2351, #1747 ),
 .UNSPECIFIED., .F., .F.,
 ( 4, 2, 2, 2, 2, 4 ),
 ( 0.001262946221217010239, 0.001781642327747871325, 0.002300338434278732629, 0.003337730647340455235, 0.004375122860402176975, 0.005412515073463899581 ),
 .UNSPECIFIED. ) ;
#322 = B_SPLINE_SURFACE_WITH_KNOTS ( 'NONE', 2, 1, ( 
 ( #2674, #1143 ),
 ( #2090, #2066 ),
 ( #3046, #151 ) ),
 .UNSPECIFIED., .F., .F., .F.,
 ( 3, 3 ),
 ( 2, 2 ),
 ( 0.2828458641154443787, 1.000000000000000000 ),
 ( 0.000000000000000000, 1.000000000000000000 ),
 .UNSPECIFIED. ) ;
#323 = CIRCLE ( 'NONE', #3376, 1.000000000000000000 ) ;
#324 = CARTESIAN_POINT ( 'NONE',  ( 25.49502968585687057, 5.000000000000006217, -15.23320627792883997 ) ) ;
#325 = CARTESIAN_POINT ( 'NONE',  ( 24.89627592678566970, 3.538035537009447840, -15.36790551127777960 ) ) ;
#326 = AXIS2_PLACEMENT_3D ( 'NONE', #2650, #2960, #772 ) ;
#327 = DIRECTION ( 'NONE',  ( 0.3892084293595792777, 0.000000000000000000, -0.9211497155812672366 ) ) ;
#328 = CARTESIAN_POINT ( 'NONE',  ( 11.49172822376683278, 5.749999999999990230, -6.910175368064601642 ) ) ;
#329 = CARTESIAN_POINT ( 'NONE',  ( 22.15747193119273817, 16.11345521432885164, -16.16882267556961139 ) ) ;
#330 = AXIS2_PLACEMENT_3D ( 'NONE', #2067, #3945, #199 ) ;
#331 = EDGE_LOOP ( 'NONE', ( #1708, #77, #1028, #3784 ) ) ;
#332 = CARTESIAN_POINT ( 'NONE',  ( 71.74954119654981355, 0.2842462451144023294, 1.000003369765807726 ) ) ;
#333 = CARTESIAN_POINT ( 'NONE',  ( 35.66005751847308858, 7.826639677611069601, -10.17716650909379439 ) ) ;
#334 = LINE ( 'NONE', #1560, #2916 ) ;
#335 = CARTESIAN_POINT ( 'NONE',  ( 25.99085389913337707, 18.00000000000189360, -14.91055122879713224 ) ) ;
#336 = CARTESIAN_POINT ( 'NONE',  ( 33.28481374179834518, 0.000000000000000000, -5.729341928458536515 ) ) ;
#337 = EDGE_LOOP ( 'NONE', ( #1080, #75, #565, #2939, #2999 ) ) ;
#338 = CARTESIAN_POINT ( 'NONE',  ( 10.39530942667921387, 17.00000000000000355, -5.989399045556863754 ) ) ;
#339 = CARTESIAN_POINT ( 'NONE',  ( 15.64565140744767646, 12.24999999999999467, -5.523701949543510459 ) ) ;
#340 = CARTESIAN_POINT ( 'NONE',  ( 56.47312595889268749, 14.32052105055926283, -10.31189239875205566 ) ) ;
#341 = ADVANCED_FACE ( 'NONE', ( #246, #1888, #3714 ), #946, .T. ) ;
#342 = VERTEX_POINT ( 'NONE', #3736 ) ;
#343 = CARTESIAN_POINT ( 'NONE',  ( 6.614957788359743240, 2.600000000000000089, -12.98939904555686020 ) ) ;
#344 = CARTESIAN_POINT ( 'NONE',  ( 25.49502968585422735, -4.863034729637252800E-14, -15.23320627792496396 ) ) ;
#345 = CARTESIAN_POINT ( 'NONE',  ( 18.89573012178934519, 0.9999999999999974465, -1.524766354248106026 ) ) ;
#346 = EDGE_CURVE ( 'NONE', #419, #998, #858, .T. ) ;
#347 = DIRECTION ( 'NONE',  ( -1.000000000000000000, -0.000000000000000000, -0.000000000000000000 ) ) ;
#348 = CARTESIAN_POINT ( 'NONE',  ( 20.49340743876221538, 5.749999999999992006, -0.9518523596455420455 ) ) ;
#349 = CARTESIAN_POINT ( 'NONE',  ( 24.78162514695016938, 13.93733237899977873, -15.49923907020204972 ) ) ;
#350 = EDGE_LOOP ( 'NONE', ( #642, #1391, #3579, #3923, #4092 ) ) ;
#351 = CARTESIAN_POINT ( 'NONE',  ( 71.95128110959322498, 2.207366844192037547, 1.000003369765737560 ) ) ;
#352 = CARTESIAN_POINT ( 'NONE',  ( 35.35975925269750064, 10.75847582518423984, -8.973459069190001358 ) ) ;
#353 = LINE ( 'NONE', #689, #190 ) ;
#354 = CARTESIAN_POINT ( 'NONE',  ( 11.34886745135808361, 18.00000000000251887, -5.918105056137381581 ) ) ;
#355 = CARTESIAN_POINT ( 'NONE',  ( 66.79180661962853094, 12.99999999999869615, -6.479935454555739049 ) ) ;
#356 = ORIENTED_EDGE ( 'NONE', *, *, #2387, .F. ) ;
#357 = CARTESIAN_POINT ( 'NONE',  ( 25.77135769114199704, 16.99999999999999645, 1.000003369765737560 ) ) ;
#358 = CARTESIAN_POINT ( 'NONE',  ( 24.09081283687855191, 12.24999999999999289, 0.8134306456629101234 ) ) ;
#359 = VERTEX_POINT ( 'NONE', #4084 ) ;
#360 = CARTESIAN_POINT ( 'NONE',  ( 74.27046860749628365, 4.999999999999995559, -0.7061809254127477953 ) ) ;
#361 = B_SPLINE_CURVE_WITH_KNOTS ( 'NONE', 3,
 ( #2945, #2022, #3910, #1332 ),
 .UNSPECIFIED., .F., .F.,
 ( 4, 4 ),
 ( 0.000000000000000000, 0.001655971248707266376 ),
 .UNSPECIFIED. ) ;
#362 = VERTEX_POINT ( 'NONE', #579 ) ;
#363 = CARTESIAN_POINT ( 'NONE',  ( 25.03713562392292147, 4.749999999999991118, 0.9675638132065312869 ) ) ;
#364 = CARTESIAN_POINT ( 'NONE',  ( 11.84476484521336026, 1.000000000000001110, -5.817724772612153927 ) ) ;
#365 = CARTESIAN_POINT ( 'NONE',  ( 31.72995778835974789, 2.600000000000000089, -8.942545672461799100 ) ) ;
#366 = CARTESIAN_POINT ( 'NONE',  ( 34.40870183585955999, 12.99999999999999822, -10.64217976089403628 ) ) ;
#367 = DIRECTION ( 'NONE',  ( 0.000000000000000000, 1.000000000000000000, 0.000000000000000000 ) ) ;
#368 = CARTESIAN_POINT ( 'NONE',  ( 21.97356759613056454, 5.749999999999986677, -1.181086280357683593 ) ) ;
#369 = CARTESIAN_POINT ( 'NONE',  ( 17.14557458863532702, 17.39896185403971529, -17.72898192873971368 ) ) ;
#370 = PRODUCT_RELATED_PRODUCT_CATEGORY ( 'part', '', ( #1917 ) ) ;
#371 = CARTESIAN_POINT ( 'NONE',  ( 71.66681951380263627, 2.022109558839725985, 1.000003369765737560 ) ) ;
#372 = CARTESIAN_POINT ( 'NONE',  ( 35.16612962223610594, 11.02858268854599366, -9.052390748755682282 ) ) ;
#373 = CARTESIAN_POINT ( 'NONE',  ( 25.77135769114199704, 16.99999999999999645, 1.000003369765737560 ) ) ;
#374 = CARTESIAN_POINT ( 'NONE',  ( 10.02495778835974249, 16.99999999999999645, -5.989399045556861090 ) ) ;
#375 = CARTESIAN_POINT ( 'NONE',  ( 60.95387479252696750, 18.00000000000000000, -3.836899782254748370 ) ) ;
#376 = VERTEX_POINT ( 'NONE', #2476 ) ;
#377 = FACE_OUTER_BOUND ( 'NONE', #1546, .T. ) ;
#378 = CARTESIAN_POINT ( 'NONE',  ( 13.59764914498519595, 13.25000000000062705, -5.300991235589672890 ) ) ;
#379 = ORIENTED_EDGE ( 'NONE', *, *, #2338, .T. ) ;
#380 = CARTESIAN_POINT ( 'NONE',  ( 56.52454591970692377, 15.95365230249612409, -9.481762219006743209 ) ) ;
#381 = VERTEX_POINT ( 'NONE', #1539 ) ;
#382 = CARTESIAN_POINT ( 'NONE',  ( 19.19633917033522508, 4.749999999999986677, -1.864938003306936265 ) ) ;
#383 = VECTOR ( 'NONE', #493, 1000.000000000000227 ) ;
#384 = CARTESIAN_POINT ( 'NONE',  ( 25.77135769114199704, 17.00000000000001066, 1.000003369765737560 ) ) ;
#385 = LINE ( 'NONE', #3925, #921 ) ;
#386 = AXIS2_PLACEMENT_3D ( 'NONE', #1378, #2638, #3896 ) ;
#387 = CARTESIAN_POINT ( 'NONE',  ( 49.53924648792627039, 1.734723475976807094E-15, -3.695833843332231083 ) ) ;
#388 = CARTESIAN_POINT ( 'NONE',  ( 58.12939891559714312, 1.734723475976807094E-15, -4.855227734999421507 ) ) ;
#389 = VECTOR ( 'NONE', #1851, 1000.000000000000227 ) ;
#390 = CARTESIAN_POINT ( 'NONE',  ( 35.15080863405894007, 6.952325170050223768, -9.058716228601303655 ) ) ;
#391 = CARTESIAN_POINT ( 'NONE',  ( 11.34886745144415343, 4.750000000001251443, -5.918105056538914610 ) ) ;
#392 = CARTESIAN_POINT ( 'NONE',  ( 25.08671036836086188, 14.17166547479911998, -15.33794289646874276 ) ) ;
#393 = CARTESIAN_POINT ( 'NONE',  ( 11.72995778835974257, 2.600000000000000089, -15.94254567246179732 ) ) ;
#394 = CARTESIAN_POINT ( 'NONE',  ( 37.14752965282877284, 9.437022460128812185, -9.735965592597628060 ) ) ;
#395 = CARTESIAN_POINT ( 'NONE',  ( 34.40870183585874287, 12.99999999999995381, -10.64217976089434181 ) ) ;
#396 = CARTESIAN_POINT ( 'NONE',  ( 40.69146440924325248, 12.99999999999999822, -8.921793088661322813 ) ) ;
#397 = ORIENTED_EDGE ( 'NONE', *, *, #1637, .T. ) ;
#398 = CARTESIAN_POINT ( 'NONE',  ( 72.34293192028863473, 17.51405027133279546, 1.000003369765719352 ) ) ;
#399 = CARTESIAN_POINT ( 'NONE',  ( 23.67805829011495788, 13.24999999999999289, 0.7038094918983894832 ) ) ;
#400 = B_SPLINE_CURVE_WITH_KNOTS ( 'NONE', 3,
 ( #2691, #2370, #3942, #3615, #3314, #1086 ),
 .UNSPECIFIED., .F., .F.,
 ( 4, 2, 4 ),
 ( 0.000000000000000000, 0.001732793692740451858, 0.003465587385480901547 ),
 .UNSPECIFIED. ) ;
#401 = VERTEX_POINT ( 'NONE', #3162 ) ;
#402 = LINE ( 'NONE', #974, #1077 ) ;
#403 = ORIENTED_EDGE ( 'NONE', *, *, #3069, .F. ) ;
#404 = CARTESIAN_POINT ( 'NONE',  ( 10.02495778835974249, 14.79999999999999893, -14.63939904555686056 ) ) ;
#405 = DIRECTION ( 'NONE',  ( 0.000000000000000000, 0.000000000000000000, -1.000000000000000000 ) ) ;
#406 = CARTESIAN_POINT ( 'NONE',  ( 48.98733301509652449, 5.000000000000000888, -8.665920647561916823 ) ) ;
#407 = CARTESIAN_POINT ( 'NONE',  ( 66.20528312618999678, 8.673617379884035472E-16, -0.9481889974699269086 ) ) ;
#408 = CARTESIAN_POINT ( 'NONE',  ( 10.11610047069512142, 13.24999999997627675, -5.989399045556862866 ) ) ;
#409 = CARTESIAN_POINT ( 'NONE',  ( 15.46950062531351300, 1.151766235985752784, -18.34682939604497065 ) ) ;
#410 = ORIENTED_EDGE ( 'NONE', *, *, #49, .T. ) ;
#411 = ORIENTED_EDGE ( 'NONE', *, *, #3261, .T. ) ;
#412 = CARTESIAN_POINT ( 'NONE',  ( 43.80372993431302575, 18.00000000000000355, -3.532369383890778369 ) ) ;
#413 = CARTESIAN_POINT ( 'NONE',  ( 8.319957788359744200, 2.600000000000000089, -10.03625241865192486 ) ) ;
#414 = CARTESIAN_POINT ( 'NONE',  ( 43.94449696914519876, 12.99999999999999822, -8.532858907425126205 ) ) ;
#415 = CARTESIAN_POINT ( 'NONE',  ( 70.80560195852514482, 18.00000000000000000, 2.900456301893495681 ) ) ;
#416 = ORIENTED_EDGE ( 'NONE', *, *, #968, .T. ) ;
#417 = DIRECTION ( 'NONE',  ( 1.000000000000000000, 1.320322887953414123E-16, 0.000000000000000000 ) ) ;
#418 = CARTESIAN_POINT ( 'NONE',  ( 25.35025852620726994, 12.24999999999999289, 1.000003373494942949 ) ) ;
#419 = VERTEX_POINT ( 'NONE', #623 ) ;
#420 = CARTESIAN_POINT ( 'NONE',  ( 33.41310981272896896, 5.798224445932463667, -11.09348794475313227 ) ) ;
#421 = ORIENTED_EDGE ( 'NONE', *, *, #2461, .T. ) ;
#422 = CARTESIAN_POINT ( 'NONE',  ( 27.91658477181745113, 18.00000000000000000, -8.052712696729747321 ) ) ;
#423 = ADVANCED_FACE ( 'NONE', ( #1808 ), #4099, .T. ) ;
#424 = CARTESIAN_POINT ( 'NONE',  ( 0.000000000000000000, 1.000000000000000888, 1.000003369765737560 ) ) ;
#425 = CARTESIAN_POINT ( 'NONE',  ( 69.73561128990519364, 5.000000000000000888, -4.582296865286978438 ) ) ;
#426 = FACE_OUTER_BOUND ( 'NONE', #3557, .T. ) ;
#427 = CARTESIAN_POINT ( 'NONE',  ( 21.51150866634517200, 2.119376534159575609, -16.34957312129826690 ) ) ;
#428 = ORIENTED_EDGE ( 'NONE', *, *, #3981, .F. ) ;
#429 = CARTESIAN_POINT ( 'NONE',  ( 16.73141677205138578, 13.24999999999999112, -17.75495404507490704 ) ) ;
#430 = CARTESIAN_POINT ( 'NONE',  ( 56.70225786689616854, 18.00000000000000000, -5.269154549005597765 ) ) ;
#431 = EDGE_CURVE ( 'NONE', #2270, #359, #1583, .T. ) ;
#432 = ADVANCED_FACE ( 'NONE', ( #1252 ), #2454, .T. ) ;
#433 = CARTESIAN_POINT ( 'NONE',  ( 53.12124793762595232, 13.00000000000000178, -9.413482014010750021 ) ) ;
#434 = CARTESIAN_POINT ( 'NONE',  ( 56.55114765101568253, 18.00000000000008527, -10.46427374862911464 ) ) ;
#435 = ORIENTED_EDGE ( 'NONE', *, *, #2387, .T. ) ;
#436 = CARTESIAN_POINT ( 'NONE',  ( 74.21185340459651059, 16.50202238739347393, 1.000003369765382288 ) ) ;
#437 = CARTESIAN_POINT ( 'NONE',  ( 25.38556614574323689, 13.31250000000188827, -15.29321486565276800 ) ) ;
#438 = DIRECTION ( 'NONE',  ( -1.320322887953414123E-16, 1.000000000000000000, 0.000000000000000000 ) ) ;
#439 = EDGE_LOOP ( 'NONE', ( #1401, #2894 ) ) ;
#440 = DIRECTION ( 'NONE',  ( 1.000000000000000000, 0.000000000000000000, -0.000000000000000000 ) ) ;
#441 = DIRECTION ( 'NONE',  ( 0.000000000000000000, 0.000000000000000000, -1.000000000000000000 ) ) ;
#442 = CIRCLE ( 'NONE', #989, 1.000000000000000000 ) ;
#443 = ORIENTED_EDGE ( 'NONE', *, *, #2685, .T. ) ;
#444 = CARTESIAN_POINT ( 'NONE',  ( 69.75061090921795426, 8.673617379884035472E-16, 1.835819846950501599 ) ) ;
#445 = AXIS2_PLACEMENT_3D ( 'NONE', #2425, #3071, #1828 ) ;
#446 = CARTESIAN_POINT ( 'NONE',  ( 35.04365526020946220, 6.826774294681592359, -9.103247870833618194 ) ) ;
#447 = CARTESIAN_POINT ( 'NONE',  ( 29.90792060792199436, 12.24999999999999467, -11.40582405998345195 ) ) ;
#448 = VERTEX_POINT ( 'NONE', #3774 ) ;
#449 = CIRCLE ( 'NONE', #1267, 2.950000000000003730 ) ;
#450 = CARTESIAN_POINT ( 'NONE',  ( 13.96045607473040207, 1.301042606982605321E-15, -6.233258224505729750 ) ) ;
#451 = VECTOR ( 'NONE', #2037, 1000.000000000000000 ) ;
#452 = DIRECTION ( 'NONE',  ( 0.000000000000000000, 0.000000000000000000, -1.000000000000000000 ) ) ;
#453 = CARTESIAN_POINT ( 'NONE',  ( 47.94332769852664455, 18.00000000000000000, -3.492950362578267409 ) ) ;
#454 = CARTESIAN_POINT ( 'NONE',  ( 58.00140827443758695, 17.99999999999804245, -10.09979132415108083 ) ) ;
#455 = ORIENTED_EDGE ( 'NONE', *, *, #861, .F. ) ;
#456 = CARTESIAN_POINT ( 'NONE',  ( 71.06935016970253116, 16.29719144777974904, 1.000003369765737560 ) ) ;
#457 = CARTESIAN_POINT ( 'NONE',  ( 10.02495778835974249, 12.24999999999998934, -14.63939904555686056 ) ) ;
#458 = CARTESIAN_POINT ( 'NONE',  ( 72.99769271424200667, 2.020011361882672052, -0.5800534093872649066 ) ) ;
#459 = CARTESIAN_POINT ( 'NONE',  ( 13.30068381498043806, 5.000000000000000888, -23.28209070428394867 ) ) ;
#460 = AXIS2_PLACEMENT_3D ( 'NONE', #3092, #531, #239 ) ;
#461 = ORIENTED_EDGE ( 'NONE', *, *, #875, .F. ) ;
#462 = FACE_OUTER_BOUND ( 'NONE', #168, .T. ) ;
#463 = FACE_OUTER_BOUND ( 'NONE', #501, .T. ) ;
#464 = CARTESIAN_POINT ( 'NONE',  ( 33.43495778835974619, 0.008731720852697948815, -5.989399045556862866 ) ) ;
#465 = CARTESIAN_POINT ( 'NONE',  ( 57.38052873035731949, 5.000000000000000888, -10.26195139917793142 ) ) ;
#466 = CARTESIAN_POINT ( 'NONE',  ( 12.76829667391157130, 0.1493767513056308560, -19.42946984057405402 ) ) ;
#467 = CARTESIAN_POINT ( 'NONE',  ( 24.99172292638197135, 4.461539947288722274, -15.44975732382494016 ) ) ;
#468 = EDGE_LOOP ( 'NONE', ( #1698, #2539, #2301, #2655 ) ) ;
#469 = ADVANCED_FACE ( 'NONE', ( #2740 ), #2036, .T. ) ;
#470 = CARTESIAN_POINT ( 'NONE',  ( 32.97130622729912375, 18.00000000000000000, -5.842665012832947369 ) ) ;
#471 = CARTESIAN_POINT ( 'NONE',  ( 33.95259142709607403, 13.21007247658722861, -10.81316745274937041 ) ) ;
#472 = ADVANCED_FACE ( 'NONE', ( #1290 ), #3809, .F. ) ;
#473 = EDGE_CURVE ( 'NONE', #840, #1151, #2441, .T. ) ;
#474 = CARTESIAN_POINT ( 'NONE',  ( 55.60135787453372558, 18.00000000000000000, -10.17347443597700085 ) ) ;
#475 = DIRECTION ( 'NONE',  ( 0.000000000000000000, 0.000000000000000000, -1.000000000000000000 ) ) ;
#476 = ORIENTED_EDGE ( 'NONE', *, *, #746, .T. ) ;
#477 = CARTESIAN_POINT ( 'NONE',  ( 72.69946275489749610, 15.13859879851496082, 1.000003369765737560 ) ) ;
#478 = CARTESIAN_POINT ( 'NONE',  ( 25.77135769114199704, 13.24999999999999467, 3.369765737282204299E-06 ) ) ;
#479 = CARTESIAN_POINT ( 'NONE',  ( 66.70383944839856838, 8.673617379884035472E-16, -0.6105612611706625614 ) ) ;
#480 = CARTESIAN_POINT ( 'NONE',  ( 10.02495778835974249, 17.00000000000001066, -5.989399045556861090 ) ) ;
#481 = ORIENTED_EDGE ( 'NONE', *, *, #3964, .F. ) ;
#482 = EDGE_CURVE ( 'NONE', #359, #47, #2786, .T. ) ;
#483 = CARTESIAN_POINT ( 'NONE',  ( 33.00752853184702218, 13.31249999999999467, -11.18815705979110753 ) ) ;
#484 = EDGE_CURVE ( 'NONE', #1327, #24, #1570, .T. ) ;
#485 = EDGE_CURVE ( 'NONE', #2729, #3918, #4005, .T. ) ;
#486 = CARTESIAN_POINT ( 'NONE',  ( 56.45577544152051530, -4.336808689942017736E-15, -5.184866158843683515 ) ) ;
#487 = CARTESIAN_POINT ( 'NONE',  ( 36.50195200311168975, 6.709345730938641061, -9.927531697796103671 ) ) ;
#488 = FACE_OUTER_BOUND ( 'NONE', #2027, .T. ) ;
#489 = DIRECTION ( 'NONE',  ( 0.000000000000000000, 0.000000000000000000, 1.000000000000000000 ) ) ;
#490 = DIRECTION ( 'NONE',  ( -0.9221845014385120498, -1.430488187488982009E-13, -0.3867502363368420792 ) ) ;
#491 = CARTESIAN_POINT ( 'NONE',  ( 24.83804701343825982, 12.24999999999999289, -14.45875902514366196 ) ) ;
#492 = CARTESIAN_POINT ( 'NONE',  ( 18.67991697002201334, 5.749999999999999112, -3.483375706936307825 ) ) ;
#493 = DIRECTION ( 'NONE',  ( -0.4999999999999993894, 0.000000000000000000, -0.8660254037844389297 ) ) ;
#494 = CARTESIAN_POINT ( 'NONE',  ( 58.12939891559287275, 17.99999999999999645, -4.855227734998940115 ) ) ;
#495 = ADVANCED_FACE ( 'NONE', ( #2434 ), #79, .T. ) ;
#496 = EDGE_LOOP ( 'NONE', ( #3706, #1549, #461, #2528 ) ) ;
#497 = CARTESIAN_POINT ( 'NONE',  ( 75.97220960838990322, 13.00000000000001066, 1.000003369765737338 ) ) ;
#498 = CARTESIAN_POINT ( 'NONE',  ( 25.32289167458461421, 13.62199883595881822, -15.30230817693466605 ) ) ;
#499 = CARTESIAN_POINT ( 'NONE',  ( 33.71975961801565091, 5.941176470588235503, -9.705814336439413381 ) ) ;
#500 = CARTESIAN_POINT ( 'NONE',  ( 20.57276515610563550, -3.781532176466150561E-12, -18.48167422884563038 ) ) ;
#501 = EDGE_LOOP ( 'NONE', ( #3642, #868, #3738, #666, #1386 ) ) ;
#502 = CARTESIAN_POINT ( 'NONE',  ( 73.56244054220279338, 5.000000000000000888, 3.369765737282204299E-06 ) ) ;
#503 = CARTESIAN_POINT ( 'NONE',  ( 73.32872387435064354, 14.14902224747106096, 1.000003369765737560 ) ) ;
#504 = ORIENTED_EDGE ( 'NONE', *, *, #298, .T. ) ;
#505 = CARTESIAN_POINT ( 'NONE',  ( 36.25682332410148234, 6.355889433595020677, -10.00389651411837377 ) ) ;
#506 = CARTESIAN_POINT ( 'NONE',  ( 10.80482655665319314, 8.673617379884035472E-16, -18.93850021331661537 ) ) ;
#507 = CARTESIAN_POINT ( 'NONE',  ( 12.63880628850317045, -1.531295165988603469E-13, -5.624695178747061597 ) ) ;
#508 = CARTESIAN_POINT ( 'NONE',  ( 74.15203151600674403, 13.97386329032933183, -0.6945820675648678444 ) ) ;
#509 = AXIS2_PLACEMENT_3D ( 'NONE', #3402, #3972, #4042 ) ;
#510 = CARTESIAN_POINT ( 'NONE',  ( 67.50608998600402799, 16.99999999999999645, 1.000003369765737560 ) ) ;
#511 = CARTESIAN_POINT ( 'NONE',  ( 28.15865097488159918, 0.03206050972622699613, -8.663154075910641794 ) ) ;
#512 = CARTESIAN_POINT ( 'NONE',  ( 31.72995778835974789, 0.6269516868877273996, -8.942545672461799100 ) ) ;
#513 = CARTESIAN_POINT ( 'NONE',  ( 56.43763054780385602, 12.99999999999999822, -10.49061252184476700 ) ) ;
#514 = ADVANCED_FACE ( 'NONE', ( #9 ), #3480, .F. ) ;
#515 = AXIS2_PLACEMENT_3D ( 'NONE', #658, #18, #2316 ) ;
#516 = ORIENTED_EDGE ( 'NONE', *, *, #2431, .T. ) ;
#517 = CARTESIAN_POINT ( 'NONE',  ( 75.97220960180139571, 13.31410451829962938, 1.000003369765737338 ) ) ;
#518 = CARTESIAN_POINT ( 'NONE',  ( 35.65638653100035782, 5.725194171644491625, -10.19894149875282174 ) ) ;
#519 = CARTESIAN_POINT ( 'NONE',  ( 25.03952978175508903, 4.603785663423090035, -15.43860250133455203 ) ) ;
#520 = CARTESIAN_POINT ( 'NONE',  ( 20.85523503934950540, 4.749999999999991118, -16.41406828139215790 ) ) ;
#521 = AXIS2_PLACEMENT_3D ( 'NONE', #3445, #1872, #3146 ) ;
#522 = AXIS2_PLACEMENT_3D ( 'NONE', #2409, #1167, #180 ) ;
#523 = CARTESIAN_POINT ( 'NONE',  ( 23.07774218454742154, 17.00000000000031619, 0.4968838688055747244 ) ) ;
#524 = ORIENTED_EDGE ( 'NONE', *, *, #3969, .F. ) ;
#525 = CARTESIAN_POINT ( 'NONE',  ( 20.45796731801935309, 1.301042606982605321E-15, -2.194056646530658572 ) ) ;
#526 = DIRECTION ( 'NONE',  ( -0.000000000000000000, -1.000000000000000000, -0.000000000000000000 ) ) ;
#527 = VECTOR ( 'NONE', #1123, 1000.000000000000000 ) ;
#528 = DIRECTION ( 'NONE',  ( 0.000000000000000000, 1.000000000000000000, 0.000000000000000000 ) ) ;
#529 = ORIENTED_EDGE ( 'NONE', *, *, #2952, .F. ) ;
#530 = DIRECTION ( 'NONE',  ( 0.000000000000000000, 1.000000000000000000, -0.000000000000000000 ) ) ;
#531 = DIRECTION ( 'NONE',  ( 0.000000000000000000, 1.000000000000000000, 0.000000000000000000 ) ) ;
#532 = DIRECTION ( 'NONE',  ( -0.000000000000000000, -1.000000000000000000, -0.000000000000000000 ) ) ;
#533 = CARTESIAN_POINT ( 'NONE',  ( 56.24183351746393811, 5.000000000000000888, -10.40221565268397441 ) ) ;
#534 = DIRECTION ( 'NONE',  ( -1.000000000000000000, 0.000000000000000000, 0.000000000000000000 ) ) ;
#535 = DIRECTION ( 'NONE',  ( 0.000000000000000000, 0.000000000000000000, -1.000000000000000000 ) ) ;
#536 = CARTESIAN_POINT ( 'NONE',  ( 25.77135769114199704, 5.749999999999992006, 1.000003369765737560 ) ) ;
#537 = ORIENTED_EDGE ( 'NONE', *, *, #1306, .F. ) ;
#538 = CARTESIAN_POINT ( 'NONE',  ( 75.97220958949569081, 4.371670337665884531, 1.000003369765296357 ) ) ;
#539 = CARTESIAN_POINT ( 'NONE',  ( 35.05647416006073058, 6.841115643666928925, -9.097878132171135945 ) ) ;
#540 = CARTESIAN_POINT ( 'NONE',  ( 25.21218472543441180, 4.552509530591856368, -15.39828970427379140 ) ) ;
#541 = CARTESIAN_POINT ( 'NONE',  ( 19.87841776361568336, 18.00000000000000000, -1.379077183005757545 ) ) ;
#542 = ORIENTED_EDGE ( 'NONE', *, *, #221, .T. ) ;
#543 = CARTESIAN_POINT ( 'NONE',  ( 23.78684245363235661, 6.505213034913026604E-15, -0.3105830045176115051 ) ) ;
#544 = CARTESIAN_POINT ( 'NONE',  ( 18.67892065788001688, 12.24999999999998401, -3.484130838924219375 ) ) ;
#545 = CARTESIAN_POINT ( 'NONE',  ( 10.02495778835974249, 12.24999999999998934, -12.98939904555686020 ) ) ;
#546 = EDGE_CURVE ( 'NONE', #3722, #3549, #2317, .T. ) ;
#547 = CARTESIAN_POINT ( 'NONE',  ( 57.87497274271601100, 8.673617379884035472E-16, -5.676094381103069075 ) ) ;
#548 = FACE_OUTER_BOUND ( 'NONE', #955, .T. ) ;
#549 = ORIENTED_EDGE ( 'NONE', *, *, #2823, .T. ) ;
#550 = CARTESIAN_POINT ( 'NONE',  ( 67.50608998600402799, 18.00000000000000000, 3.369765727741225181E-06 ) ) ;
#551 = CARTESIAN_POINT ( 'NONE',  ( 12.16712703312780519, 1.019362025450988751, -19.68347881187408532 ) ) ;
#552 = CARTESIAN_POINT ( 'NONE',  ( 69.42779304401422280, 17.81998066829418548, -0.2093242917213933019 ) ) ;
#553 = CARTESIAN_POINT ( 'NONE',  ( 25.77135769114199704, 1.000000000000000888, 1.000003369765737560 ) ) ;
#554 = DIRECTION ( 'NONE',  ( -1.000000000000000000, 0.000000000000000000, 0.000000000000000000 ) ) ;
#555 = CARTESIAN_POINT ( 'NONE',  ( 58.14789382853669508, 18.00000000000000000, -5.777322912514331499 ) ) ;
#556 = DIRECTION ( 'NONE',  ( 1.000000000000000000, 1.320322887953414123E-16, -0.000000000000000000 ) ) ;
#557 = B_SPLINE_CURVE_WITH_KNOTS ( 'NONE', 3,
 ( #2262, #1945, #1696, #2965, #2947, #1990, #1968, #390, #446, #3564, #2927, #62, #1630, #2676 ),
 .UNSPECIFIED., .F., .F.,
 ( 4, 2, 2, 2, 2, 2, 4 ),
 ( 0.005412515073463899581, 0.006451676143170297605, 0.006971256678023497050, 0.007490837212876695628, 0.008010417747729894206, 0.008529998282583094518, 0.009569159352289493409 ),
 .UNSPECIFIED. ) ;
#558 = EDGE_LOOP ( 'NONE', ( #4003, #2311, #524, #2412, #3485 ) ) ;
#559 = CARTESIAN_POINT ( 'NONE',  ( 12.36020836451721472, 5.749999999999991118, -18.51629733904446340 ) ) ;
#560 = EDGE_CURVE ( 'NONE', #569, #3628, #3108, .T. ) ;
#561 = CARTESIAN_POINT ( 'NONE',  ( 18.14385065557106103, 0.5104253189258610712, -16.79011922152016467 ) ) ;
#562 = EDGE_CURVE ( 'NONE', #401, #1213, #1967, .T. ) ;
#563 = CARTESIAN_POINT ( 'NONE',  ( 22.04718162866647901, 15.70863964965827186, -16.19947435877884345 ) ) ;
#564 = CARTESIAN_POINT ( 'NONE',  ( 18.67991697082889502, 17.99999999999999645, -3.483375708254286884 ) ) ;
#565 = ORIENTED_EDGE ( 'NONE', *, *, #3872, .F. ) ;
#566 = CARTESIAN_POINT ( 'NONE',  ( 18.67893694929080439, 8.673617379884433847E-16, -2.242898885929645036 ) ) ;
#567 = CARTESIAN_POINT ( 'NONE',  ( 10.02495778835973894, 12.24999999999998934, -6.989399045556861090 ) ) ;
#568 = CARTESIAN_POINT ( 'NONE',  ( 31.72995778835974079, 2.600000000000000089, -3.036252418651918195 ) ) ;
#569 = VERTEX_POINT ( 'NONE', #1092 ) ;
#570 = CARTESIAN_POINT ( 'NONE',  ( 56.40891919564824519, 5.000000000000000888, -10.46520272785865657 ) ) ;
#571 = DIRECTION ( 'NONE',  ( -0.000000000000000000, 1.000000000000000000, -0.000000000000000000 ) ) ;
#572 = PLANE ( 'NONE',  #2458 ) ;
#573 = B_SPLINE_CURVE_WITH_KNOTS ( 'NONE', 3,
 ( #1944, #3828, #3751, #2177, #1004, #3443, #2199, #1902, #3144, #3788, #2552, #3160, #3496, #979, #3772, #2536, #4082, #285 ),
 .UNSPECIFIED., .F., .F.,
 ( 4, 2, 2, 2, 2, 2, 2, 2, 4 ),
 ( 0.000000000000000000, 0.001997212603023159998, 0.002995818904534739563, 0.003994425206046319995, 0.004993031507557898693, 0.005492334658313674164, 0.005991637809069447901, 0.006990244110581019660, 0.007988850412092593153 ),
 .UNSPECIFIED. ) ;
#574 = CARTESIAN_POINT ( 'NONE',  ( 27.65936502866865609, 8.026905651019173037E-12, -13.88054825270584836 ) ) ;
#575 = CARTESIAN_POINT ( 'NONE',  ( 30.02495778835974249, 18.00000000000000000, -4.339399045556858958 ) ) ;
#576 = CARTESIAN_POINT ( 'NONE',  ( 13.61337371100583127, 8.673617379884037444E-16, -17.08453359779404224 ) ) ;
#577 = CARTESIAN_POINT ( 'NONE',  ( 33.43495778835974619, 0.000000000000000000, -5.989399045556862866 ) ) ;
#578 = CARTESIAN_POINT ( 'NONE',  ( 58.45099368893259140, 18.00000000000000000, -5.891410630249664493 ) ) ;
#579 = CARTESIAN_POINT ( 'NONE',  ( 10.02495778835974249, 13.24999999999999112, -5.989399045556861090 ) ) ;
#580 = ORIENTED_EDGE ( 'NONE', *, *, #15, .F. ) ;
#581 = VECTOR ( 'NONE', #845, 1000.000000000000000 ) ;
#582 = VERTEX_POINT ( 'NONE', #1381 ) ;
#583 = CARTESIAN_POINT ( 'NONE',  ( 16.88422367171061467, 18.00000000000000000, -4.740296896582856689 ) ) ;
#584 = CARTESIAN_POINT ( 'NONE',  ( 34.30703246513208171, 6.202076695128540429, -9.425281045461018081 ) ) ;
#585 = CARTESIAN_POINT ( 'NONE',  ( 22.96651964100685461, 2.276395722947397893, -15.95265826087853966 ) ) ;
#586 = CARTESIAN_POINT ( 'NONE',  ( 25.06508466426978288, 4.749999999999993783, -15.43264500671691764 ) ) ;
#587 = AXIS2_PLACEMENT_3D ( 'NONE', #568, #259, #1531 ) ;
#588 = CARTESIAN_POINT ( 'NONE',  ( 23.96363624530202685, 18.00000000000000000, -0.2469776710439468559 ) ) ;
#589 = AXIS2_PLACEMENT_3D ( 'NONE', #1285, #2880, #3257 ) ;
#590 = ORIENTED_EDGE ( 'NONE', *, *, #1590, .T. ) ;
#591 = CARTESIAN_POINT ( 'NONE',  ( 23.47352689561224892, 1.059660394678675609E-12, 0.6394599234342300820 ) ) ;
#592 = CARTESIAN_POINT ( 'NONE',  ( 12.42969445522754768, 17.96006876143703934, -18.62156081072601665 ) ) ;
#593 = AXIS2_PLACEMENT_3D ( 'NONE', #1831, #4019, #2096 ) ;
#594 = DIRECTION ( 'NONE',  ( -1.320322887953414123E-16, 1.000000000000000000, 0.000000000000000000 ) ) ;
#595 = ORIENTED_EDGE ( 'NONE', *, *, #776, .T. ) ;
#596 = FACE_OUTER_BOUND ( 'NONE', #2609, .T. ) ;
#597 = CARTESIAN_POINT ( 'NONE',  ( 22.59054525070051156, -9.540979117872439019E-15, -11.15861542397536432 ) ) ;
#598 = CARTESIAN_POINT ( 'NONE',  ( 34.05767506781295140, 13.00000000000326850, -9.705814336439203771 ) ) ;
#599 = CARTESIAN_POINT ( 'NONE',  ( 31.54943468082323221, 17.59672595246729543, -8.522927808941483718 ) ) ;
#600 = DIRECTION ( 'NONE',  ( -1.000000000000000000, 0.000000000000000000, 0.000000000000000000 ) ) ;
#601 = CARTESIAN_POINT ( 'NONE',  ( 22.88159760842985690, 4.749999999999673150, 0.4167944495978424535 ) ) ;
#602 = LINE ( 'NONE', #2783, #2848 ) ;
#603 = ADVANCED_FACE ( 'NONE', ( #2359 ), #204, .T. ) ;
#604 = EDGE_LOOP ( 'NONE', ( #379, #1019, #3791, #2666 ) ) ;
#605 = ORIENTED_EDGE ( 'NONE', *, *, #1904, .T. ) ;
#606 = CARTESIAN_POINT ( 'NONE',  ( 71.34664149926823029, 0.1810241280349369764, 1.000003369765811723 ) ) ;
#607 = CARTESIAN_POINT ( 'NONE',  ( 21.49898354012810842, 2.115582793296918673, -16.35314202423055718 ) ) ;
#608 = EDGE_CURVE ( 'NONE', #1213, #4067, #827, .T. ) ;
#609 =( NAMED_UNIT ( * ) SI_UNIT ( $, .STERADIAN. ) SOLID_ANGLE_UNIT ( ) );
#610 = CARTESIAN_POINT ( 'NONE',  ( 26.41281836758926360, 13.00000000000001066, -14.64404351894402012 ) ) ;
#611 = VERTEX_POINT ( 'NONE', #1869 ) ;
#612 = CARTESIAN_POINT ( 'NONE',  ( 13.60725807098846651, 17.00000000000000355, -5.298597991242835370 ) ) ;
#613 = CARTESIAN_POINT ( 'NONE',  ( 10.02495778835974249, 12.24999999999998934, -5.989399045556861090 ) ) ;
#614 = EDGE_CURVE ( 'NONE', #998, #419, #2840, .T. ) ;
#615 = FACE_BOUND ( 'NONE', #439, .T. ) ;
#616 = ADVANCED_FACE ( 'NONE', ( #895 ), #2507, .T. ) ;
#617 = EDGE_CURVE ( 'NONE', #3066, #381, #3560, .T. ) ;
#618 = CARTESIAN_POINT ( 'NONE',  ( 25.28825540073117040, 6.338259136575674488E-14, -15.36890417055391644 ) ) ;
#619 = CYLINDRICAL_SURFACE ( 'NONE', #2643, 1.650000000000000355 ) ;
#620 = CARTESIAN_POINT ( 'NONE',  ( 56.43680280062682186, -9.155681348626959452E-15, -10.47566695413567395 ) ) ;
#621 = CARTESIAN_POINT ( 'NONE',  ( 57.29963795178066022, 5.000000000000001776, -10.29112549167296642 ) ) ;
#622 = CARTESIAN_POINT ( 'NONE',  ( 12.55791210830333426, 5.749999999999990230, -6.681998528483314104 ) ) ;
#623 = CARTESIAN_POINT ( 'NONE',  ( 30.02495778835974249, 12.24999999999999289, -7.639399045556864110 ) ) ;
#624 = EDGE_CURVE ( 'NONE', #3413, #376, #2304, .T. ) ;
#625 = ORIENTED_EDGE ( 'NONE', *, *, #3502, .T. ) ;
#626 = CARTESIAN_POINT ( 'NONE',  ( 74.78530316570292769, 2.056589968892176934, 1.000003369765811723 ) ) ;
#627 = CARTESIAN_POINT ( 'NONE',  ( 35.59720518062400885, 7.682311404148499001, -8.879515390982547274 ) ) ;
#628 = CARTESIAN_POINT ( 'NONE',  ( 33.71975961801538801, 12.05882352941184799, -9.705814336439543055 ) ) ;
#629 = APPLICATION_PROTOCOL_DEFINITION ( 'draft international standard', 'automotive_design', 1998, #1020 ) ;
#630 = CARTESIAN_POINT ( 'NONE',  ( 11.34886745144341980, 17.00000000000251887, -5.918105056539071818 ) ) ;
#631 = ORIENTED_EDGE ( 'NONE', *, *, #1971, .T. ) ;
#632 = CARTESIAN_POINT ( 'NONE',  ( 22.91350274588663183, 17.00000000000000000, 0.4357151770477316610 ) ) ;
#633 = CARTESIAN_POINT ( 'NONE',  ( 19.87994689817769256, 13.25000000000062528, -1.377982585794028436 ) ) ;
#634 =( BOUNDED_SURFACE ( )  B_SPLINE_SURFACE ( 3, 2, ( 
 ( #2410, #536, #850 ),
 ( #1807, #3075, #226 ),
 ( #1495, #3444, #945 ),
 ( #918, #2885, #3500 ),
 ( #2180, #1612, #3808 ),
 ( #2518, #3161, #2237 ),
 ( #3521, #305, #601 ),
 ( #3773, #2824, #663 ),
 ( #1275, #980, #2846 ),
 ( #1631, #1926, #1571 ),
 ( #368, #2219, #3198 ),
 ( #2200, #4, #3461 ),
 ( #40, #348, #3752 ),
 ( #1311, #2572, #3831 ),
 ( #1005, #2263, #640 ),
 ( #2537, #684, #2866 ),
 ( #1946, #3789, #22 ),
 ( #3220, #2906, #1871 ),
 ( #1289, #1231, #2493 ),
 ( #3145, #1905, #1887 ),
 ( #286, #1555, #4083 ),
 ( #1251, #3179, #2553 ),
 ( #622, #961, #3476 ),
 ( #328, #1592, #391 ),
 ( #3875, #2009, #1337 ),
 ( #1659, #1991, #2928 ) ),
 .UNSPECIFIED., .F., .F., .T. ) 
 B_SPLINE_SURFACE_WITH_KNOTS ( ( 4, 2, 2, 2, 2, 2, 2, 2, 2, 2, 2, 2, 4 ),
 ( 3, 3 ),
 ( 0.000000000000000000, 0.001093432720357729497, 0.002186865440715458995, 0.002733581800894323635, 0.003280298161073188709, 0.004373730881430917990, 0.005467163601788647270, 0.006560596322146377418, 0.008747461762861835979, 0.01312119264429275484, 0.01421462536465048498, 0.01530805808500821340, 0.01749492352572367196 ),
 ( 0.000000000000000000, 1.000000000000000000 ),
 .UNSPECIFIED. ) 
 GEOMETRIC_REPRESENTATION_ITEM ( )  RATIONAL_B_SPLINE_SURFACE ( (
 ( 1.000000000000000000, 0.7071067811865475727, 1.000000000000000000),
 ( 1.000000000000000000, 0.7071067811865475727, 1.000000000000000000),
 ( 1.000000000000000000, 0.7071067811865482389, 1.000000000000000000),
 ( 1.000000000000000000, 0.7071067811865482389, 1.000000000000000000),
 ( 1.000000000000000000, 0.7071067811865474617, 1.000000000000000000),
 ( 1.000000000000000000, 0.7071067811865474617, 1.000000000000000000),
 ( 1.000000000000000000, 0.7071067811865470176, 1.000000000000000000),
 ( 1.000000000000000000, 0.7071067811865470176, 1.000000000000000000),
 ( 1.000000000000000000, 0.7071067811865474617, 1.000000000000000000),
 ( 1.000000000000000000, 0.7071067811865474617, 1.000000000000000000),
 ( 1.000000000000000000, 0.7071067811865482389, 1.000000000000000000),
 ( 1.000000000000000000, 0.7071067811865482389, 1.000000000000000000),
 ( 1.000000000000000000, 0.7071067811865475727, 1.000000000000000000),
 ( 1.000000000000000000, 0.7071067811865475727, 1.000000000000000000),
 ( 1.000000000000000000, 0.7071067811865475727, 1.000000000000000000),
 ( 1.000000000000000000, 0.7071067811865475727, 1.000000000000000000),
 ( 1.000000000000000000, 0.7071067811865482389, 1.000000000000000000),
 ( 1.000000000000000000, 0.7071067811865482389, 1.000000000000000000),
 ( 1.000000000000000000, 0.7071067811865469066, 1.000000000000000000),
 ( 1.000000000000000000, 0.7071067811865469066, 1.000000000000000000),
 ( 1.000000000000000000, 0.7071067811865475727, 1.000000000000000000),
 ( 1.000000000000000000, 0.7071067811865475727, 1.000000000000000000),
 ( 1.000000000000000000, 0.7071067811865475727, 1.000000000000000000),
 ( 1.000000000000000000, 0.7071067811865475727, 1.000000000000000000),
 ( 1.000000000000000000, 0.7071067811865477948, 1.000000000000000000),
 ( 1.000000000000000000, 0.7071067811865477948, 1.000000000000000000) ) ) 
 REPRESENTATION_ITEM ( '' )  SURFACE ( )  );
#635 = VERTEX_POINT ( 'NONE', #3711 ) ;
#636 = DIRECTION ( 'NONE',  ( 0.000000000000000000, 1.000000000000000000, 0.000000000000000000 ) ) ;
#637 = CARTESIAN_POINT ( 'NONE',  ( 42.02030976098133408, 8.673617379884035472E-16, -8.724577681830055553 ) ) ;
#638 = CARTESIAN_POINT ( 'NONE',  ( 8.319957788359744200, 2.600000000000000089, -10.03625241865192486 ) ) ;
#639 = LINE ( 'NONE', #960, #3511 ) ;
#640 = CARTESIAN_POINT ( 'NONE',  ( 19.57626971119313808, 4.749999999999992006, -1.595169097036234662 ) ) ;
#641 = CARTESIAN_POINT ( 'NONE',  ( 22.03469142312833995, 15.71300498376687571, -16.20292804406270193 ) ) ;
#642 = ORIENTED_EDGE ( 'NONE', *, *, #944, .T. ) ;
#643 = DIRECTION ( 'NONE',  ( -0.000000000000000000, -1.000000000000000000, -0.000000000000000000 ) ) ;
#644 = CARTESIAN_POINT ( 'NONE',  ( 36.79836309540593930, 7.276868759002766751, -9.837878478976374907 ) ) ;
#645 = FACE_OUTER_BOUND ( 'NONE', #125, .T. ) ;
#646 = EDGE_CURVE ( 'NONE', #3567, #677, #3992, .T. ) ;
#647 = CARTESIAN_POINT ( 'NONE',  ( 22.78719124410399388, 18.00000000000000000, -11.02981264023067354 ) ) ;
#648 = CARTESIAN_POINT ( 'NONE',  ( 32.62153440617748146, 5.749999999999993783, -10.26777546232808191 ) ) ;
#649 = VECTOR ( 'NONE', #2719, 1000.000000000000000 ) ;
#650 = ORIENTED_EDGE ( 'NONE', *, *, #1665, .F. ) ;
#651 = CARTESIAN_POINT ( 'NONE',  ( 18.77113493285407841, 16.99036333920452790, -16.89312291352940321 ) ) ;
#652 = CARTESIAN_POINT ( 'NONE',  ( 19.57723929434636290, 12.24999999999999112, -1.594471533995542645 ) ) ;
#653 = CARTESIAN_POINT ( 'NONE',  ( 56.54323660432143583, 16.33861174866549604, -9.156373869878589034 ) ) ;
#654 = AXIS2_PLACEMENT_3D ( 'NONE', #2278, #3295, #441 ) ;
#655 = EDGE_CURVE ( 'NONE', #1485, #3413, #1385, .T. ) ;
#656 = ORIENTED_EDGE ( 'NONE', *, *, #3861, .T. ) ;
#657 = VECTOR ( 'NONE', #3785, 1000.000000000000000 ) ;
#658 = CARTESIAN_POINT ( 'NONE',  ( 4.024957788359743383, 13.24999999999998757, -12.98939904555686020 ) ) ;
#659 = CARTESIAN_POINT ( 'NONE',  ( 40.62095872583709877, -1.655971536734221533E-12, -8.933902765770996623 ) ) ;
#660 = DIRECTION ( 'NONE',  ( -0.000000000000000000, -1.000000000000000000, -0.000000000000000000 ) ) ;
#661 = AXIS2_PLACEMENT_3D ( 'NONE', #1323, #2613, #93 ) ;
#662 = CARTESIAN_POINT ( 'NONE',  ( 66.81715496371279528, 5.000000000000001776, -6.464867084975909783 ) ) ;
#663 = CARTESIAN_POINT ( 'NONE',  ( 22.50325005102416043, 4.750000000000310862, 0.2465668867553717503 ) ) ;
#664 = CARTESIAN_POINT ( 'NONE',  ( 22.95701079195707450, 15.72850156492098073, -15.95516510158597967 ) ) ;
#665 = VECTOR ( 'NONE', #2402, 1000.000000000000000 ) ;
#666 = ORIENTED_EDGE ( 'NONE', *, *, #3595, .F. ) ;
#667 = CARTESIAN_POINT ( 'NONE',  ( 73.59743019572060518, 1.090083820703899642, 1.000003369765737782 ) ) ;
#668 = CARTESIAN_POINT ( 'NONE',  ( 34.79353723034169121, 12.85820393750628909, -10.49791180606896646 ) ) ;
#669 = CYLINDRICAL_SURFACE ( 'NONE', #784, 2.950000000000003730 ) ;
#670 = CARTESIAN_POINT ( 'NONE',  ( 25.14274935319867055, 18.00000000000023093, -15.46495502519743503 ) ) ;
#671 = CARTESIAN_POINT ( 'NONE',  ( 27.30671081912561604, 5.749999999999992895, -12.83897209427532538 ) ) ;
#672 = ORIENTED_EDGE ( 'NONE', *, *, #296, .T. ) ;
#673 = CARTESIAN_POINT ( 'NONE',  ( 15.61789890510348222, 17.00000000000000355, -4.392274907629031055 ) ) ;
#674 = CARTESIAN_POINT ( 'NONE',  ( 20.49664611080989118, 12.24999999999903721, -0.9496350796683279416 ) ) ;
#675 = ORIENTED_EDGE ( 'NONE', *, *, #2257, .T. ) ;
#676 = CARTESIAN_POINT ( 'NONE',  ( 56.54969726491140136, 16.45848601929547428, -9.040533731118683747 ) ) ;
#677 = VERTEX_POINT ( 'NONE', #3118 ) ;
#678 = CARTESIAN_POINT ( 'NONE',  ( 15.61789890510348577, 4.749999999999992006, -4.392274907629031944 ) ) ;
#679 = CARTESIAN_POINT ( 'NONE',  ( 24.43605836856860591, 5.000000000000000888, -15.93145297626950452 ) ) ;
#680 = CARTESIAN_POINT ( 'NONE',  ( 67.55835096131616524, 13.00000000000000178, -6.024786409240087792 ) ) ;
#681 = EDGE_CURVE ( 'NONE', #4085, #1980, #3685, .T. ) ;
#682 = FACE_OUTER_BOUND ( 'NONE', #1054, .T. ) ;
#683 = CARTESIAN_POINT ( 'NONE',  ( 11.84476484521336026, 13.24999999999998757, -5.817724772612155704 ) ) ;
#684 = CARTESIAN_POINT ( 'NONE',  ( 18.67937058359344604, 5.749999999999675815, -2.242590511319252133 ) ) ;
#685 = CARTESIAN_POINT ( 'NONE',  ( 10.02495778835974249, 12.24999999999998934, -12.98939904555686020 ) ) ;
#686 = VERTEX_POINT ( 'NONE', #3051 ) ;
#687 = CARTESIAN_POINT ( 'NONE',  ( 73.64078852284711729, 2.838133004960053274, -0.6441896023714268615 ) ) ;
#688 = CARTESIAN_POINT ( 'NONE',  ( 35.78968419862382433, 8.253642345721500462, -10.13086282534503013 ) ) ;
#689 = CARTESIAN_POINT ( 'NONE',  ( 11.72995778835974612, 0.000000000000000000, -10.03625241865192486 ) ) ;
#690 = CARTESIAN_POINT ( 'NONE',  ( 25.36157785093619665, 18.00000000000012079, -15.32064874558273182 ) ) ;
#691 = CARTESIAN_POINT ( 'NONE',  ( 62.31761082407248153, 18.00000000000000000, -3.221617727738717019 ) ) ;
#692 = ORIENTED_EDGE ( 'NONE', *, *, #1233, .F. ) ;
#693 = CARTESIAN_POINT ( 'NONE',  ( 22.24897738611403142, 17.00000000000000000, 0.1257571142485928439 ) ) ;
#694 = CARTESIAN_POINT ( 'NONE',  ( 18.67892065862228890, 12.24999999999999112, -3.484130840282177122 ) ) ;
#695 = VERTEX_POINT ( 'NONE', #510 ) ;
#696 = CYLINDRICAL_SURFACE ( 'NONE', #265, 1.000000000000000000 ) ;
#697 = CARTESIAN_POINT ( 'NONE',  ( 21.30164339598201906, 4.749999999999991118, -0.4199409059967194602 ) ) ;
#698 = CARTESIAN_POINT ( 'NONE',  ( 12.55574777385008822, 1.000000000000001332, -5.649346381761785274 ) ) ;
#699 = CARTESIAN_POINT ( 'NONE',  ( 10.02495778835974249, 14.79999999999999893, -15.93939904555685949 ) ) ;
#700 = CARTESIAN_POINT ( 'NONE',  ( 49.45312478559239366, 2.379453551773953501E-13, -8.721426755480511162 ) ) ;
#701 = CARTESIAN_POINT ( 'NONE',  ( 59.65137883182980971, -4.561089265299224312E-12, -9.619193956169816317 ) ) ;
#702 = CARTESIAN_POINT ( 'NONE',  ( 22.24745967368908595, 13.24999999999999822, 0.1407352212778915368 ) ) ;
#703 = CARTESIAN_POINT ( 'NONE',  ( 13.29060453942471298, 1.047094998593377291, -19.21061579695852473 ) ) ;
#704 = CARTESIAN_POINT ( 'NONE',  ( 23.27701111148791213, 15.83690307192917679, -15.64474013514387529 ) ) ;
#705 = ORIENTED_EDGE ( 'NONE', *, *, #473, .T. ) ;
#706 = CARTESIAN_POINT ( 'NONE',  ( 32.62153440617748146, 4.749999999999993783, 3.369765737499044733E-06 ) ) ;
#707 = CARTESIAN_POINT ( 'NONE',  ( 34.93849846889991539, 11.30463066526571581, -10.43952817593899596 ) ) ;
#708 = DIRECTION ( 'NONE',  ( 0.000000000000000000, 1.000000000000000000, 0.000000000000000000 ) ) ;
#709 = CARTESIAN_POINT ( 'NONE',  ( 28.54433840201091499, 17.99999999999621991, -13.37274431144831155 ) ) ;
#710 = DIRECTION ( 'NONE',  ( 0.8360904274608008668, 0.000000000000000000, 0.5485916487774994410 ) ) ;
#711 = ORIENTED_EDGE ( 'NONE', *, *, #1180, .T. ) ;
#712 = CARTESIAN_POINT ( 'NONE',  ( 72.11035409010095520, 16.72075279244160129, -0.4902014105398510568 ) ) ;
#713 = CARTESIAN_POINT ( 'NONE',  ( 22.87906562381444431, 13.24999999999872458, 0.4252188386347248161 ) ) ;
#714 = ORIENTED_EDGE ( 'NONE', *, *, #1769, .T. ) ;
#715 = CARTESIAN_POINT ( 'NONE',  ( 74.27046860749628365, 13.00000000000000533, -0.7061809254127477953 ) ) ;
#716 = CIRCLE ( 'NONE', #1250, 1.650000000000002132 ) ;
#717 = ORIENTED_EDGE ( 'NONE', *, *, #1781, .T. ) ;
#718 = DIRECTION ( 'NONE',  ( -0.4999999999999996114, 0.000000000000000000, 0.8660254037844389297 ) ) ;
#719 = CIRCLE ( 'NONE', #2904, 0.9999999999999996669 ) ;
#720 = CARTESIAN_POINT ( 'NONE',  ( 8.319957788359744200, 0.000000000000000000, -10.03625241865192486 ) ) ;
#721 = CIRCLE ( 'NONE', #3040, 1.000000000000000000 ) ;
#722 = AXIS2_PLACEMENT_3D ( 'NONE', #343, #2295, #718 ) ;
#723 = CARTESIAN_POINT ( 'NONE',  ( 50.37853973656042683, 5.000000000000000888, -8.854135648371045164 ) ) ;
#724 = CARTESIAN_POINT ( 'NONE',  ( 55.34460237309182418, 8.673617379884035472E-16, -5.611419158248924788 ) ) ;
#725 = CIRCLE ( 'NONE', #3043, 0.9999999999999988898 ) ;
#726 = AXIS2_PLACEMENT_3D ( 'NONE', #1093, #452, #2384 ) ;
#727 = CARTESIAN_POINT ( 'NONE',  ( 30.02495778835974249, 2.600000000000000089, -5.989399045556861090 ) ) ;
#728 = CARTESIAN_POINT ( 'NONE',  ( 25.38556614574297043, 13.31249999999999112, -15.29321486565308597 ) ) ;
#729 = CARTESIAN_POINT ( 'NONE',  ( 21.49882656456607322, 15.88437945076720936, -16.35320594880176159 ) ) ;
#730 = ORIENTED_EDGE ( 'NONE', *, *, #1960, .F. ) ;
#731 = CARTESIAN_POINT ( 'NONE',  ( 23.95926304807942131, 1.301042606982605321E-15, -0.2484434203065729596 ) ) ;
#732 = CARTESIAN_POINT ( 'NONE',  ( 57.67738756962434366, 18.00000000000000000, -5.002963787397656681 ) ) ;
#733 = CARTESIAN_POINT ( 'NONE',  ( 41.47492567688085074, 18.00000000000000000, -3.753260626823445634 ) ) ;
#734 = CARTESIAN_POINT ( 'NONE',  ( 24.83804701343825272, 13.24999999999999467, -14.45875902514366729 ) ) ;
#735 = VERTEX_POINT ( 'NONE', #4063 ) ;
#736 = CARTESIAN_POINT ( 'NONE',  ( 75.44088415545103032, 15.04644429280173412, 1.000003369765735561 ) ) ;
#737 = EDGE_CURVE ( 'NONE', #1299, #1213, #1390, .T. ) ;
#738 = DIRECTION ( 'NONE',  ( 0.4999999999999994449, 0.000000000000000000, 0.8660254037844389297 ) ) ;
#739 = ORIENTED_EDGE ( 'NONE', *, *, #3079, .F. ) ;
#740 = LINE ( 'NONE', #3868, #2982 ) ;
#741 = VERTEX_POINT ( 'NONE', #553 ) ;
#742 = CARTESIAN_POINT ( 'NONE',  ( 10.02495778835974249, 18.00000000000000000, -12.98939904555686020 ) ) ;
#743 = DIRECTION ( 'NONE',  ( 0.4999999999999995559, 0.000000000000000000, -0.8660254037844389297 ) ) ;
#744 =( BOUNDED_SURFACE ( )  B_SPLINE_SURFACE ( 3, 2, ( 
 ( #3668, #1172, #811 ),
 ( #2433, #538, #1294 ),
 ( #3524, #1575, #3756 ),
 ( #1950, #965, #8 ),
 ( #1929, #2204, #2829 ),
 ( #2497, #3201, #1236 ),
 ( #1595, #626, #687 ),
 ( #923, #3164, #2185 ),
 ( #3777, #4087, #3504 ),
 ( #1278, #3811, #2851 ),
 ( #1634, #667, #309 ),
 ( #351, #3182, #3222 ),
 ( #371, #2869, #3448 ),
 ( #1313, #332, #983 ),
 ( #2557, #606, #42 ),
 ( #2540, #1615, #1890 ),
 ( #25, #1257, #1910 ),
 ( #2888, #3792, #2241 ),
 ( #3833, #2910, #1875 ),
 ( #2576, #1010, #3149 ) ),
 .UNSPECIFIED., .F., .F., .T. ) 
 B_SPLINE_SURFACE_WITH_KNOTS ( ( 4, 2, 2, 2, 2, 2, 2, 2, 2, 4 ),
 ( 3, 3 ),
 ( 0.000000000000000000, 0.0009993692756079639201, 0.001499053913411945880, 0.001998738551215927840, 0.002498423189019909584, 0.002998107826823891760, 0.003997477102431855681, 0.004996846378039819167, 0.005996215653647783521, 0.007994954204863711361 ),
 ( 0.000000000000000000, 1.000000000000000000 ),
 .UNSPECIFIED. ) 
 GEOMETRIC_REPRESENTATION_ITEM ( )  RATIONAL_B_SPLINE_SURFACE ( (
 ( 1.000000000000000000, 0.3832856333277654404, 1.000000000000000000),
 ( 1.000000000000000000, 0.3832951777065178312, 1.000000000000000000),
 ( 1.000000000000000000, 0.3876803109029927641, 1.000000000000000000),
 ( 1.000000000000000000, 0.3997785194335798931, 1.000000000000000000),
 ( 1.000000000000000000, 0.4046722771915058359, 1.000000000000000000),
 ( 1.000000000000000000, 0.4156912342224121093, 1.000000000000000000),
 ( 1.000000000000000000, 0.4218386962741320079, 1.000000000000000000),
 ( 1.000000000000000000, 0.4351610632482103003, 1.000000000000000000),
 ( 1.000000000000000000, 0.4422972574278514202, 1.000000000000000000),
 ( 1.000000000000000000, 0.4569998098251949470, 1.000000000000000000),
 ( 1.000000000000000000, 0.4646091669340296493, 1.000000000000000000),
 ( 1.000000000000000000, 0.4879928402370207197, 1.000000000000000000),
 ( 1.000000000000000000, 0.5044541682184551235, 1.000000000000000000),
 ( 1.000000000000000000, 0.5370608382030408468, 1.000000000000000000),
 ( 1.000000000000000000, 0.5533173863785956215, 1.000000000000000000),
 ( 1.000000000000000000, 0.5855865848690846587, 1.000000000000000000),
 ( 1.000000000000000000, 0.6016924794498131890, 1.000000000000000000),
 ( 1.000000000000000000, 0.6487458595650740234, 1.000000000000000000),
 ( 1.000000000000000000, 0.6785395640256609573, 1.000000000000000000),
 ( 1.000000000000000000, 0.7071067811859280683, 1.000000000000000000) ) ) 
 REPRESENTATION_ITEM ( '' )  SURFACE ( )  );
#745 = ADVANCED_FACE ( 'NONE', ( #1456 ), #4020, .T. ) ;
#746 = EDGE_CURVE ( 'NONE', #3007, #886, #2175, .T. ) ;
#747 = CARTESIAN_POINT ( 'NONE',  ( 60.47321245987169647, 3.234417349357070587E-13, -9.346789014577565169 ) ) ;
#748 = CARTESIAN_POINT ( 'NONE',  ( 29.89803061447878108, 12.24999999999999467, -11.40997177278463859 ) ) ;
#749 = DIRECTION ( 'NONE',  ( 0.000000000000000000, 0.000000000000000000, 1.000000000000000000 ) ) ;
#750 = ORIENTED_EDGE ( 'NONE', *, *, #560, .T. ) ;
#751 = CARTESIAN_POINT ( 'NONE',  ( 11.48999363524439410, 1.301042606982606899E-15, -6.910602552245862285 ) ) ;
#752 = DIRECTION ( 'NONE',  ( -0.000000000000000000, 1.000000000000000000, -0.000000000000000000 ) ) ;
#753 = CARTESIAN_POINT ( 'NONE',  ( 49.45408146332096777, 12.99999999999999822, -8.666377452340990217 ) ) ;
#754 = CARTESIAN_POINT ( 'NONE',  ( 58.41456021978937230, 13.00000000000130029, -9.984924309338605752 ) ) ;
#755 = EDGE_LOOP ( 'NONE', ( #3941, #35, #2353, #435 ) ) ;
#756 = CARTESIAN_POINT ( 'NONE',  ( 70.04044110040192095, 17.67080372638345409, -0.2746838588855600727 ) ) ;
#757 = FACE_OUTER_BOUND ( 'NONE', #94, .T. ) ;
#758 = CARTESIAN_POINT ( 'NONE',  ( 34.07255092056594492, 6.067840954254108077, -10.76819676909372703 ) ) ;
#759 = VERTEX_POINT ( 'NONE', #3651 ) ;
#760 = LINE ( 'NONE', #2672, #3374 ) ;
#761 = FACE_OUTER_BOUND ( 'NONE', #468, .T. ) ;
#762 = CARTESIAN_POINT ( 'NONE',  ( 57.17337666334849899, 5.000000000000494715, -10.31431456560871140 ) ) ;
#763 = DIRECTION ( 'NONE',  ( -0.000000000000000000, -0.000000000000000000, 1.000000000000000000 ) ) ;
#764 = CARTESIAN_POINT ( 'NONE',  ( 13.83338460740237252, 1.066746414874820026, -18.98861376429012537 ) ) ;
#765 = CARTESIAN_POINT ( 'NONE',  ( 25.03763947264741674, 1.301042606982605518E-15, -0.02911293595130778553 ) ) ;
#766 = CARTESIAN_POINT ( 'NONE',  ( 33.71975961801570065, 12.05882352941173430, -9.705814336439386736 ) ) ;
#767 = CARTESIAN_POINT ( 'NONE',  ( 36.54641158098247899, 12.99999999999999822, -9.861859086764887650 ) ) ;
#768 = FACE_BOUND ( 'NONE', #1444, .T. ) ;
#769 = ORIENTED_EDGE ( 'NONE', *, *, #1519, .F. ) ;
#770 = CARTESIAN_POINT ( 'NONE',  ( 68.17620910183562444, 17.00000000112527232, 1.000003369765737560 ) ) ;
#771 = CARTESIAN_POINT ( 'NONE',  ( 6.614957788359743240, 2.600000000000000089, -12.98939904555686020 ) ) ;
#772 = DIRECTION ( 'NONE',  ( -1.000000000000000000, -1.239088197126290817E-16, -9.912705577010326536E-16 ) ) ;
#773 = CARTESIAN_POINT ( 'NONE',  ( 10.66887746073084564, 1.000000000000008660, -5.970442369953373074 ) ) ;
#774 = ORIENTED_EDGE ( 'NONE', *, *, #3969, .T. ) ;
#775 = CARTESIAN_POINT ( 'NONE',  ( 10.02495778835974249, 18.00000000000000000, -15.93939904555685949 ) ) ;
#776 = EDGE_CURVE ( 'NONE', #4085, #3181, #147, .T. ) ;
#777 = VECTOR ( 'NONE', #1969, 1000.000000000000000 ) ;
#778 = CARTESIAN_POINT ( 'NONE',  ( 35.16150150874185698, 12.63716078375614948, -10.36849932650860318 ) ) ;
#779 = EDGE_CURVE ( 'NONE', #1953, #741, #2401, .T. ) ;
#780 = ADVANCED_FACE ( 'NONE', ( #2687 ), #2881, .F. ) ;
#781 = CARTESIAN_POINT ( 'NONE',  ( 71.82556010142621972, -1.300419317026715644E-12, -3.003561888761271170 ) ) ;
#782 = AXIS2_PLACEMENT_3D ( 'NONE', #2006, #2336, #58 ) ;
#783 = CARTESIAN_POINT ( 'NONE',  ( 11.56185772767340403, 1.000000009497553410, -19.84781657566279733 ) ) ;
#784 = AXIS2_PLACEMENT_3D ( 'NONE', #3224, #1636, #1031 ) ;
#785 = CARTESIAN_POINT ( 'NONE',  ( 22.05441384574182706, 2.293775254748069869, -16.19746209306355311 ) ) ;
#786 = CARTESIAN_POINT ( 'NONE',  ( 16.87863763768851655, -3.903127820947816751E-15, -4.744091057485760210 ) ) ;
#787 = CIRCLE ( 'NONE', #1857, 1.000000000000001332 ) ;
#788 = CARTESIAN_POINT ( 'NONE',  ( 11.49172822388089443, 5.749999999999990230, -6.910175368635358417 ) ) ;
#789 = CARTESIAN_POINT ( 'NONE',  ( 54.92953320592755517, 18.00000000000000000, -9.946791424399684445 ) ) ;
#790 = PLANE ( 'NONE',  #3571 ) ;
#791 = EDGE_LOOP ( 'NONE', ( #1302, #2438, #1633, #1263 ) ) ;
#792 = CARTESIAN_POINT ( 'NONE',  ( 72.54908592844344639, 17.43482046684623299, 1.000003369765772421 ) ) ;
#793 = CARTESIAN_POINT ( 'NONE',  ( 18.34627180355998988, 17.45807062861499759, -16.73576621170459688 ) ) ;
#794 = CARTESIAN_POINT ( 'NONE',  ( 70.55283064966748441, 0.4906498391747185495, -0.3288261889604152111 ) ) ;
#795 = CARTESIAN_POINT ( 'NONE',  ( 24.31017957146140418, 1.000000000000001332, 0.8961360103283095846 ) ) ;
#796 = CIRCLE ( 'NONE', #2858, 1.650000000000002132 ) ;
#797 = ORIENTED_EDGE ( 'NONE', *, *, #1545, .T. ) ;
#798 = DIRECTION ( 'NONE',  ( 1.000000000000000000, 0.000000000000000000, 0.000000000000000000 ) ) ;
#799 = LINE ( 'NONE', #3654, #3695 ) ;
#800 = DIRECTION ( 'NONE',  ( -0.000000000000000000, 1.000000000000000000, 0.000000000000000000 ) ) ;
#801 = CYLINDRICAL_SURFACE ( 'NONE', #2319, 7.000000000000000888 ) ;
#802 = ADVANCED_FACE ( 'NONE', ( #2924 ), #1361, .T. ) ;
#803 = CARTESIAN_POINT ( 'NONE',  ( 11.48999363516489325, 1.301042606982605321E-15, -6.910602551763722623 ) ) ;
#804 = CARTESIAN_POINT ( 'NONE',  ( 74.25548777232927478, 13.39295310958184437, -0.7047157577855475141 ) ) ;
#805 = CARTESIAN_POINT ( 'NONE',  ( 20.57305553001245002, 12.24999999999999112, -15.45303727278407457 ) ) ;
#806 = DIRECTION ( 'NONE',  ( 2.112516620725458850E-16, -1.000000000000000000, 0.000000000000000000 ) ) ;
#807 = DIRECTION ( 'NONE',  ( 0.000000000000000000, 1.000000000000000000, -0.000000000000000000 ) ) ;
#808 = CARTESIAN_POINT ( 'NONE',  ( 59.65137883182789125, 17.99999999999608846, -9.619193956167123361 ) ) ;
#809 = B_SPLINE_CURVE_WITH_KNOTS ( 'NONE', 3,
 ( #648, #1599, #671, #1913 ),
 .UNSPECIFIED., .F., .F.,
 ( 4, 4 ),
 ( 7.757919228897728493E-18, 0.008847927316302725553 ),
 .UNSPECIFIED. ) ;
#810 = VERTEX_POINT ( 'NONE', #2892 ) ;
#811 = CARTESIAN_POINT ( 'NONE',  ( 74.27046865597911562, 5.000000000000000888, -0.7061808768033274175 ) ) ;
#812 = CARTESIAN_POINT ( 'NONE',  ( 12.74941679387679372, 13.24999999999998934, -19.43744705462573208 ) ) ;
#813 = CARTESIAN_POINT ( 'NONE',  ( 32.62153440617737488, 5.749999999999993783, -10.26777546232812455 ) ) ;
#814 = CARTESIAN_POINT ( 'NONE',  ( 24.66331091047842961, 5.000000000000000888, -15.78143996141215943 ) ) ;
#815 = VERTEX_POINT ( 'NONE', #374 ) ;
#816 = DIRECTION ( 'NONE',  ( -0.000000000000000000, -1.000000000000000000, -0.000000000000000000 ) ) ;
#817 = CARTESIAN_POINT ( 'NONE',  ( 8.319957788359740647, 0.000000000000000000, -15.94254567246179732 ) ) ;
#818 = CARTESIAN_POINT ( 'NONE',  ( 10.02495778835974249, 1.000000000000000888, -12.98939904555686020 ) ) ;
#819 = ORIENTED_EDGE ( 'NONE', *, *, #1948, .F. ) ;
#820 = DIRECTION ( 'NONE',  ( 0.000000000000000000, 0.000000000000000000, -1.000000000000000000 ) ) ;
#821 = CARTESIAN_POINT ( 'NONE',  ( 56.43763054780375654, 5.000000000000000888, -10.49061252184479009 ) ) ;
#822 = CARTESIAN_POINT ( 'NONE',  ( 12.31728771256796762, 2.385700618361666547E-13, -5.710825460958473876 ) ) ;
#823 = CARTESIAN_POINT ( 'NONE',  ( 13.59917881114360583, 0.07580638566502063969, -18.18765666506853762 ) ) ;
#824 = ORIENTED_EDGE ( 'NONE', *, *, #49, .F. ) ;
#825 = CARTESIAN_POINT ( 'NONE',  ( 34.40870183585867181, 5.000000000000000888, -10.64217976089437379 ) ) ;
#826 = CARTESIAN_POINT ( 'NONE',  ( 28.31995778835972999, 0.09618147159626408427, -8.942545672461802653 ) ) ;
#827 = B_SPLINE_CURVE_WITH_KNOTS ( 'NONE', 3,
 ( #3603, #1720, #2989, #139, #1364, #2624, #3878, #1050, #2780, #1805, #2473, #599, #3733, #2118, #1513, #3442, #3386, #2159 ),
 .UNSPECIFIED., .F., .F.,
 ( 4, 2, 2, 2, 2, 2, 2, 2, 4 ),
 ( 9.666317549002928582E-17, 0.0005987593463742433382, 0.001197518692748389965, 0.001796278039122536484, 0.002395037385496683220, 0.002993796731870829956, 0.003592556078244976258, 0.004191315424619122994, 0.004790074770993269296 ),
 .UNSPECIFIED. ) ;
#828 = CARTESIAN_POINT ( 'NONE',  ( 56.15894402110271244, 18.00000000000046896, -10.37243121520701017 ) ) ;
#829 = CARTESIAN_POINT ( 'NONE',  ( 55.68705291119484713, 18.00000000000000000, -5.530460699633533039 ) ) ;
#830 = ORIENTED_EDGE ( 'NONE', *, *, #3384, .F. ) ;
#831 = CARTESIAN_POINT ( 'NONE',  ( 56.54969726491143689, 1.541513980704534159, -9.040533731118699734 ) ) ;
#832 = CARTESIAN_POINT ( 'NONE',  ( 35.15681925793452223, 5.341177215085440189, -10.36890029139665614 ) ) ;
#833 = CARTESIAN_POINT ( 'NONE',  ( 13.55325464272863378, 0.07439761409486231325, -18.20469553080420866 ) ) ;
#834 = CARTESIAN_POINT ( 'NONE',  ( 68.28440711343162661, 9.511671777897436189E-13, -0.08589299567956736048 ) ) ;
#835 = CARTESIAN_POINT ( 'NONE',  ( 23.27043543767437583, 18.00000000000000000, -0.5048125003171121117 ) ) ;
#836 = VERTEX_POINT ( 'NONE', #3204 ) ;
#837 = CARTESIAN_POINT ( 'NONE',  ( 15.15659331466554605, 0.9999999999974669151, -4.644593367857887678 ) ) ;
#838 = CARTESIAN_POINT ( 'NONE',  ( 28.31995778835972999, 0.09618147159626408427, -8.942545672461802653 ) ) ;
#839 = CARTESIAN_POINT ( 'NONE',  ( 25.38556614574318004, 4.687499999999991118, -15.29321486565295096 ) ) ;
#840 = VERTEX_POINT ( 'NONE', #11 ) ;
#841 = CARTESIAN_POINT ( 'NONE',  ( 58.00335840083269545, 8.673617379884035472E-16, -5.723300785699898086 ) ) ;
#842 = CARTESIAN_POINT ( 'NONE',  ( 34.60242953644978314, 12.92861928480074596, -10.56955468649118934 ) ) ;
#843 = CARTESIAN_POINT ( 'NONE',  ( 35.87153440617748146, 8.999999999999994671, -26.99999663023426066 ) ) ;
#844 = CARTESIAN_POINT ( 'NONE',  ( 10.80482655665319314, 1.000000000000000888, -18.93850021331661537 ) ) ;
#845 = DIRECTION ( 'NONE',  ( -0.000000000000000000, -1.000000000000000000, -0.000000000000000000 ) ) ;
#846 = AXIS2_PLACEMENT_3D ( 'NONE', #2201, #3462, #1478 ) ;
#847 = CARTESIAN_POINT ( 'NONE',  ( 58.51596850897733759, 8.673617379884035472E-16, -5.915886264209706979 ) ) ;
#848 = CARTESIAN_POINT ( 'NONE',  ( 24.83804701343821009, 13.25000000000022382, -14.45875902514367084 ) ) ;
#849 = VECTOR ( 'NONE', #1859, 1000.000000000000000 ) ;
#850 = CARTESIAN_POINT ( 'NONE',  ( 25.77135769114199704, 4.749999999999992006, 1.000003369765737560 ) ) ;
#851 = DIRECTION ( 'NONE',  ( -1.000000000000000000, 0.000000000000000000, 0.000000000000000000 ) ) ;
#852 = AXIS2_PLACEMENT_3D ( 'NONE', #2276, #2980, #1692 ) ;
#853 = EDGE_LOOP ( 'NONE', ( #2369, #920, #2203, #2828 ) ) ;
#854 = CARTESIAN_POINT ( 'NONE',  ( 56.52454591970690956, 2.046347697503878127, -9.481762219006755643 ) ) ;
#855 = CARTESIAN_POINT ( 'NONE',  ( 34.79578629917640598, 5.142624749860456923, -10.49706867010565148 ) ) ;
#856 = CARTESIAN_POINT ( 'NONE',  ( 13.83173790256522473, 0.2229275518618704377, -18.98047289627468714 ) ) ;
#857 = CARTESIAN_POINT ( 'NONE',  ( 22.83013625799302915, 15.38352595841217507, -15.98884796655789664 ) ) ;
#858 = CIRCLE ( 'NONE', #2313, 1.650000000000002132 ) ;
#859 = CARTESIAN_POINT ( 'NONE',  ( 21.45015906316672272, 16.99999999999999645, -0.3288119790644152829 ) ) ;
#860 = ADVANCED_FACE ( 'NONE', ( #1618 ), #3047, .T. ) ;
#861 = EDGE_CURVE ( 'NONE', #1362, #3781, #716, .T. ) ;
#862 = VERTEX_POINT ( 'NONE', #3735 ) ;
#863 = CARTESIAN_POINT ( 'NONE',  ( 19.57723929434636290, 8.673617379883837271E-16, -1.594471533995582613 ) ) ;
#864 = AXIS2_PLACEMENT_3D ( 'NONE', #2146, #903, #1198 ) ;
#865 = LINE ( 'NONE', #3064, #3438 ) ;
#866 = AXIS2_PLACEMENT_3D ( 'NONE', #1611, #2884, #3519 ) ;
#867 = CARTESIAN_POINT ( 'NONE',  ( 73.00353444411274495, 14.73700567426552333, 1.000003369765737782 ) ) ;
#868 = ORIENTED_EDGE ( 'NONE', *, *, #2952, .T. ) ;
#869 = CARTESIAN_POINT ( 'NONE',  ( 56.39497611622934414, 1.830907317120206718E-14, -10.45998073002472495 ) ) ;
#870 = CARTESIAN_POINT ( 'NONE',  ( 36.17123342110739515, 13.00000000000000355, -9.981437971640337636 ) ) ;
#871 = ORIENTED_EDGE ( 'NONE', *, *, #614, .F. ) ;
#872 = DIRECTION ( 'NONE',  ( -0.000000000000000000, -1.000000000000000000, -0.000000000000000000 ) ) ;
#873 = DIRECTION ( 'NONE',  ( 0.4999999999999989453, 0.000000000000000000, -0.8660254037844393737 ) ) ;
#874 = CARTESIAN_POINT ( 'NONE',  ( 24.83804701343825272, 5.749999999999992895, -14.45875902514366018 ) ) ;
#875 = EDGE_CURVE ( 'NONE', #207, #3153, #2739, .T. ) ;
#876 = ADVANCED_FACE ( 'NONE', ( #3426, #2722, #1458 ), #2120, .F. ) ;
#877 = CARTESIAN_POINT ( 'NONE',  ( 58.29175237105199159, 0.000000000000000000, -5.831425358953850058 ) ) ;
#878 = DIRECTION ( 'NONE',  ( -0.1742050364985395228, 0.9838715873230721165, -0.04061163524066589009 ) ) ;
#879 = CARTESIAN_POINT ( 'NONE',  ( 56.27021269894693489, 12.99999999999999822, -10.41334755937319656 ) ) ;
#880 = CARTESIAN_POINT ( 'NONE',  ( -7.591856605732115861E-16, 5.749999999999989342, -26.99999663023426066 ) ) ;
#881 = ORIENTED_EDGE ( 'NONE', *, *, #244, .T. ) ;
#882 = CARTESIAN_POINT ( 'NONE',  ( 56.54323660432144294, 1.661388251334512844, -9.156373869878603244 ) ) ;
#883 = CARTESIAN_POINT ( 'NONE',  ( 12.74941679387679372, 1.031944990850366839, -19.43744705462573208 ) ) ;
#884 = CARTESIAN_POINT ( 'NONE',  ( 31.72995778835974079, 0.000000000000000000, -3.036252418651918195 ) ) ;
#885 = CARTESIAN_POINT ( 'NONE',  ( 12.63532182214216171, 17.99999999999872813, -5.625615963605128833 ) ) ;
#886 = VERTEX_POINT ( 'NONE', #3645 ) ;
#887 = CARTESIAN_POINT ( 'NONE',  ( 13.59764914474836495, 9.580794031978331436E-13, -5.300991235027357362 ) ) ;
#888 = CARTESIAN_POINT ( 'NONE',  ( 10.76415430049726929, 12.24999999999998757, -6.989399045556861978 ) ) ;
#889 = FACE_OUTER_BOUND ( 'NONE', #3085, .T. ) ;
#890 = CARTESIAN_POINT ( 'NONE',  ( 51.70470953389350655, 0.000000000000000000, -4.006287488522709772 ) ) ;
#891 = FACE_OUTER_BOUND ( 'NONE', #1856, .T. ) ;
#892 = CARTESIAN_POINT ( 'NONE',  ( 56.38048759010494848, -1.398437641784361380E-13, -10.50383662975163546 ) ) ;
#893 = CARTESIAN_POINT ( 'NONE',  ( 41.08782785792385539, 5.000000000000000888, -8.856790767355738225 ) ) ;
#894 = CARTESIAN_POINT ( 'NONE',  ( 69.05000937678777007, 17.88797162026343557, -0.1686795176655017381 ) ) ;
#895 = FACE_OUTER_BOUND ( 'NONE', #3125, .T. ) ;
#896 = CARTESIAN_POINT ( 'NONE',  ( 22.93233587489775260, 5.749999999999991118, -0.6513565433648923486 ) ) ;
#897 = CARTESIAN_POINT ( 'NONE',  ( 56.75223356452571721, 18.00000000000000000, -10.59448013512132292 ) ) ;
#898 = DIRECTION ( 'NONE',  ( -1.000000000000000000, -1.320322887953414123E-16, 0.000000000000000000 ) ) ;
#899 = ORIENTED_EDGE ( 'NONE', *, *, #4015, .F. ) ;
#900 = ORIENTED_EDGE ( 'NONE', *, *, #484, .T. ) ;
#901 = CARTESIAN_POINT ( 'NONE',  ( 56.61056196676491936, 0.6377331600778095577, -7.841654654374074163 ) ) ;
#902 = CARTESIAN_POINT ( 'NONE',  ( 23.82002322862015831, 2.508995396655419263, -15.54722701730044498 ) ) ;
#903 = DIRECTION ( 'NONE',  ( -1.320322887953414123E-16, 1.000000000000000000, 0.000000000000000000 ) ) ;
#904 = CARTESIAN_POINT ( 'NONE',  ( 16.88422367009799530, 17.99999999999999645, -4.740296893946091217 ) ) ;
#905 = VERTEX_POINT ( 'NONE', #512 ) ;
#906 = CARTESIAN_POINT ( 'NONE',  ( 25.35025852620725573, 2.408033743439956136E-13, 1.000003373494703141 ) ) ;
#907 = CARTESIAN_POINT ( 'NONE',  ( 11.90547095498912711, 17.97614986170167484, -18.81605913714984624 ) ) ;
#908 = B_SPLINE_CURVE_WITH_KNOTS ( 'NONE', 3,
 ( #229, #2078, #1835, #3100, #1498, #2124, #2100, #1790, #583, #3691, #3056, #187, #1762, #4070, #3346, #3392, #208, #4049, #249, #2456, #1461, #1810 ),
 .UNSPECIFIED., .F., .F.,
 ( 4, 2, 2, 2, 2, 2, 2, 2, 2, 2, 4 ),
 ( 0.000000000000000000, 0.002180479955821627500, 0.003270719933732443852, 0.004360959911643261071, 0.008721919823286529080, 0.01090239977910816525, 0.01308287973492979969, 0.01417311971284062125, 0.01526335969075144280, 0.01635359966866226436, 0.01744383964657308592 ),
 .UNSPECIFIED. ) ;
#909 = ORIENTED_EDGE ( 'NONE', *, *, #933, .F. ) ;
#910 = CARTESIAN_POINT ( 'NONE',  ( 10.93480468470209921, 1.000000000000000888, -19.93001707460990701 ) ) ;
#911 = ADVANCED_FACE ( 'NONE', ( #1759, #1854 ), #4001, .T. ) ;
#912 = CARTESIAN_POINT ( 'NONE',  ( 31.13916302233290168, 5.000000000000000888, -12.02540936381767978 ) ) ;
#913 = CARTESIAN_POINT ( 'NONE',  ( 12.36020836451721472, 12.24999999999999112, -18.51629733904446340 ) ) ;
#914 = ADVANCED_FACE ( 'NONE', ( #3687 ), #634, .T. ) ;
#915 = EDGE_CURVE ( 'NONE', #1322, #1497, #1976, .T. ) ;
#916 = CARTESIAN_POINT ( 'NONE',  ( 30.02495778835974249, 12.24999999999999289, -5.989399045556861090 ) ) ;
#917 = CYLINDRICAL_SURFACE ( 'NONE', #4043, 1.000000000000000000 ) ;
#918 = CARTESIAN_POINT ( 'NONE',  ( 24.31684190679582613, 5.749999999999986677, -0.1527958695220889840 ) ) ;
#919 = LINE ( 'NONE', #1496, #2776 ) ;
#920 = ORIENTED_EDGE ( 'NONE', *, *, #1057, .F. ) ;
#921 = VECTOR ( 'NONE', #2925, 1000.000000000000227 ) ;
#922 = EDGE_LOOP ( 'NONE', ( #3673, #1118, #1834, #3062, #2432 ) ) ;
#923 = CARTESIAN_POINT ( 'NONE',  ( 72.80611236301106715, 3.001621096151018353, 1.000003369765737560 ) ) ;
#924 = CARTESIAN_POINT ( 'NONE',  ( 19.87856860164340489, 0.8826205128933920507, -16.35943620915632479 ) ) ;
#925 = CARTESIAN_POINT ( 'NONE',  ( 25.06508466426978288, 4.749999999999993783, -15.43264500671691764 ) ) ;
#926 = EDGE_CURVE ( 'NONE', #3181, #635, #2948, .T. ) ;
#927 = AXIS2_PLACEMENT_3D ( 'NONE', #3453, #1771, #193 ) ;
#928 = CARTESIAN_POINT ( 'NONE',  ( 22.77075679022490462, 18.00000000000000000, -0.7367497055074011536 ) ) ;
#929 = CIRCLE ( 'NONE', #60, 2.950000000000003730 ) ;
#930 = EDGE_CURVE ( 'NONE', #4069, #2612, #3342, .T. ) ;
#931 = ORIENTED_EDGE ( 'NONE', *, *, #2953, .T. ) ;
#932 = CARTESIAN_POINT ( 'NONE',  ( 25.77135769114199704, 1.000000000000000888, 1.000003369765737560 ) ) ;
#933 = EDGE_CURVE ( 'NONE', #207, #2967, #3565, .T. ) ;
#934 = FACE_OUTER_BOUND ( 'NONE', #1479, .T. ) ;
#935 = AXIS2_PLACEMENT_3D ( 'NONE', #2152, #594, #2109 ) ;
#936 = CARTESIAN_POINT ( 'NONE',  ( 46.66539147966206258, 5.000000000000000888, -8.490386031630068331 ) ) ;
#937 = CARTESIAN_POINT ( 'NONE',  ( 52.85069101650685042, 13.00000000000000178, -9.345197297148880367 ) ) ;
#938 = VECTOR ( 'NONE', #2274, 1000.000000000000000 ) ;
#939 = ADVANCED_FACE ( 'NONE', ( #2299 ), #1767, .T. ) ;
#940 = CARTESIAN_POINT ( 'NONE',  ( 32.90767106459323088, 5.000000000000000888, -11.22845126649511016 ) ) ;
#941 = CARTESIAN_POINT ( 'NONE',  ( 33.28481374179834518, 0.000000000000000000, -5.729341928458536515 ) ) ;
#942 = CARTESIAN_POINT ( 'NONE',  ( 58.25972149420545776, 8.673617379884035472E-16, -5.819359515345859712 ) ) ;
#943 = CARTESIAN_POINT ( 'NONE',  ( 20.57276272500448044, 12.24999999999999112, -15.45310553315054847 ) ) ;
#944 = EDGE_CURVE ( 'NONE', #815, #3163, #1448, .T. ) ;
#945 = CARTESIAN_POINT ( 'NONE',  ( 24.92480774630843499, 4.749999999999988454, 0.9662419769313259632 ) ) ;
#946 = PLANE ( 'NONE',  #3901 ) ;
#947 = EDGE_LOOP ( 'NONE', ( #3845, #3544, #3816, #2020 ) ) ;
#948 = DIRECTION ( 'NONE',  ( -1.320322887953414123E-16, 1.000000000000000000, 0.000000000000000000 ) ) ;
#949 = CARTESIAN_POINT ( 'NONE',  ( 36.87964605604707202, 7.479741965646874213, -9.813847096216166577 ) ) ;
#950 = CARTESIAN_POINT ( 'NONE',  ( 25.77135769114199704, 5.749999999999992895, 3.369765737499044733E-06 ) ) ;
#951 = CARTESIAN_POINT ( 'NONE',  ( 25.38776039113811223, 12.99999999999987921, -15.30345638520906348 ) ) ;
#952 = ORIENTED_EDGE ( 'NONE', *, *, #2689, .T. ) ;
#953 = CARTESIAN_POINT ( 'NONE',  ( 25.06508466426987880, 5.749999999999995559, -15.43264500671689277 ) ) ;
#954 = CARTESIAN_POINT ( 'NONE',  ( 24.92746556777793288, 12.24999999999999289, 0.9665895729948672521 ) ) ;
#955 = EDGE_LOOP ( 'NONE', ( #931, #900 ) ) ;
#956 = LINE ( 'NONE', #2533, #657 ) ;
#957 = CARTESIAN_POINT ( 'NONE',  ( 26.07255084668339151, 1.734723475976807094E-15, -9.025012385447961805 ) ) ;
#958 = CARTESIAN_POINT ( 'NONE',  ( 59.79059178629859872, 12.99999999999999822, -9.605197781040706317 ) ) ;
#959 = EDGE_CURVE ( 'NONE', #2477, #3838, #2367, .T. ) ;
#960 = CARTESIAN_POINT ( 'NONE',  ( 33.43495778835974619, 2.600000000000000089, -5.989399045556862866 ) ) ;
#961 = CARTESIAN_POINT ( 'NONE',  ( 12.31543181221729633, 5.749999999998888001, -5.711248054730599932 ) ) ;
#962 = CARTESIAN_POINT ( 'NONE',  ( 13.55305229195158034, 17.92560859322470179, -18.20477060735215602 ) ) ;
#963 = B_SPLINE_SURFACE_WITH_KNOTS ( 'NONE', 3, 1, ( 
 ( #2819, #4080 ),
 ( #3175, #2510 ),
 ( #3159, #345 ),
 ( #3825, #1568 ),
 ( #2883, #2842 ) ),
 .UNSPECIFIED., .F., .F., .F.,
 ( 4, 1, 4 ),
 ( 2, 2 ),
 ( 0.000000000000000000, 0.7062533388736060846, 1.000000000000000000 ),
 ( 0.000000000000000000, 1.000000000000000000 ),
 .UNSPECIFIED. ) ;
#964 = ORIENTED_EDGE ( 'NONE', *, *, #1781, .F. ) ;
#965 = CARTESIAN_POINT ( 'NONE',  ( 75.44661875351643232, 2.963575791403934012, 1.000003369765664507 ) ) ;
#966 = CARTESIAN_POINT ( 'NONE',  ( 35.87179604755339568, 9.295083214086245604, -10.10164876042405346 ) ) ;
#967 = CARTESIAN_POINT ( 'NONE',  ( 32.62153440617748146, 8.999999999999994671, 3.369765737282204299E-06 ) ) ;
#968 = EDGE_CURVE ( 'NONE', #132, #2003, #2768, .T. ) ;
#969 = CARTESIAN_POINT ( 'NONE',  ( 13.30012577897149129, 17.99999999999999645, -23.28245907272285820 ) ) ;
#970 = CARTESIAN_POINT ( 'NONE',  ( 33.71975961801565091, 5.941176470588234615, -9.705814336439422263 ) ) ;
#971 = ORIENTED_EDGE ( 'NONE', *, *, #346, .T. ) ;
#972 = CYLINDRICAL_SURFACE ( 'NONE', #1515, 1.000000000000000000 ) ;
#973 = CARTESIAN_POINT ( 'NONE',  ( 24.09081283681075192, 13.24999999999999289, 0.8134306459181678273 ) ) ;
#974 = CARTESIAN_POINT ( 'NONE',  ( 10.02495778835974249, 14.79999999999999893, -15.93939904555685949 ) ) ;
#975 = EDGE_LOOP ( 'NONE', ( #3434, #2590, #3761, #2805 ) ) ;
#976 = CARTESIAN_POINT ( 'NONE',  ( 12.56400676345051792, 4.749999999999990230, -5.647043670362325685 ) ) ;
#977 = CARTESIAN_POINT ( 'NONE',  ( 22.24964182442363736, 8.673617379884035472E-16, -11.38359575163249460 ) ) ;
#978 = CARTESIAN_POINT ( 'NONE',  ( 52.86324144442294681, 8.673617379884035472E-16, -4.175866249931129204 ) ) ;
#979 = CARTESIAN_POINT ( 'NONE',  ( 73.11001881871324315, 3.404949057460287420, 1.000003369765737782 ) ) ;
#980 = CARTESIAN_POINT ( 'NONE',  ( 22.32001114700956990, 5.749999999999833022, 0.1560979435576214658 ) ) ;
#981 = CARTESIAN_POINT ( 'NONE',  ( 24.67886464371632371, 14.45779576172248149, -15.52330900253353541 ) ) ;
#982 = ORIENTED_EDGE ( 'NONE', *, *, #560, .F. ) ;
#983 = CARTESIAN_POINT ( 'NONE',  ( 71.46217046215720359, 0.8840750174261874372, -0.4236595385857506169 ) ) ;
#984 = CARTESIAN_POINT ( 'NONE',  ( 35.47141615961323424, 7.416382995159287006, -10.24496579817562925 ) ) ;
#985 = SURFACE_STYLE_FILL_AREA ( #2890 ) ;
#986 = EDGE_CURVE ( 'NONE', #3066, #2077, #2052, .T. ) ;
#987 = CARTESIAN_POINT ( 'NONE',  ( 10.69528831580720052, 16.99999999999999645, -5.989399045556862866 ) ) ;
#988 = CARTESIAN_POINT ( 'NONE',  ( 66.79180661958963583, 17.99999999999869971, -6.479935454483578994 ) ) ;
#989 = AXIS2_PLACEMENT_3D ( 'NONE', #3582, #2963, #134 ) ;
#990 = ORIENTED_EDGE ( 'NONE', *, *, #2661, .F. ) ;
#991 = CARTESIAN_POINT ( 'NONE',  ( 21.30164339598202972, 17.00000000000000355, -0.4199409059967192381 ) ) ;
#992 = CARTESIAN_POINT ( 'NONE',  ( 23.78684245363235661, 12.24999999999999822, -0.3105830045176115051 ) ) ;
#993 = ORIENTED_EDGE ( 'NONE', *, *, #2530, .F. ) ;
#994 = CARTESIAN_POINT ( 'NONE',  ( 56.46170738294489411, 13.00000000000000711, -10.48504062499555012 ) ) ;
#995 = CIRCLE ( 'NONE', #3176, 0.9999999999999991118 ) ;
#996 = PRODUCT_DEFINITION ( 'UNKNOWN', '', #2191, #2752 ) ;
#997 = CIRCLE ( 'NONE', #3768, 1.000000000000000222 ) ;
#998 = VERTEX_POINT ( 'NONE', #2093 ) ;
#999 = CIRCLE ( 'NONE', #3311, 2.950000000000001066 ) ;
#1000 = CARTESIAN_POINT ( 'NONE',  ( 12.91448358327429879, 4.749999999999990230, -5.542847597714562369 ) ) ;
#1001 = PRODUCT_DEFINITION_SHAPE ( 'NONE', 'NONE',  #996 ) ;
#1002 = CARTESIAN_POINT ( 'NONE',  ( 15.60151041496702007, 1.000000000000001110, -4.400999433526282978 ) ) ;
#1003 = CARTESIAN_POINT ( 'NONE',  ( 25.36274839960343286, 4.531777972546380262, -15.29652304053491463 ) ) ;
#1004 = CARTESIAN_POINT ( 'NONE',  ( 70.14584144377134578, 1.355842299432093556, 1.000003369765737560 ) ) ;
#1005 = CARTESIAN_POINT ( 'NONE',  ( 20.15909761603787942, 5.749999999999992006, -2.407770382279250221 ) ) ;
#1006 = DIRECTION ( 'NONE',  ( -0.000000000000000000, -1.000000000000000000, -0.000000000000000000 ) ) ;
#1007 = AXIS2_PLACEMENT_3D ( 'NONE', #1350, #3514, #1938 ) ;
#1008 = VERTEX_POINT ( 'NONE', #874 ) ;
#1009 = B_SPLINE_CURVE_WITH_KNOTS ( 'NONE', 3,
 ( #592, #907, #2440, #2464 ),
 .UNSPECIFIED., .F., .F.,
 ( 4, 4 ),
 ( 0.000000000000000000, 0.001655971248707252064 ),
 .UNSPECIFIED. ) ;
#1010 = CARTESIAN_POINT ( 'NONE',  ( 67.50608998601992994, -1.751203348998586560E-12, 1.000003369765737560 ) ) ;
#1011 = CARTESIAN_POINT ( 'NONE',  ( 35.81849438882845504, 12.12937033213786364, -10.14517512660746590 ) ) ;
#1012 = CARTESIAN_POINT ( 'NONE',  ( 21.93271593219313331, 18.00000000000000000, -11.59280357030085185 ) ) ;
#1013 = CARTESIAN_POINT ( 'NONE',  ( 64.48974714906816530, 13.00000000000260059, -7.731901410635901861 ) ) ;
#1014 = ORIENTED_EDGE ( 'NONE', *, *, #1655, .F. ) ;
#1015 = CARTESIAN_POINT ( 'NONE',  ( 11.49452638105205970, 17.00000000000000355, -5.880500895766519243 ) ) ;
#1016 = CARTESIAN_POINT ( 'NONE',  ( 11.34729199123397336, 13.24999999999998934, -5.918492956256605098 ) ) ;
#1017 = ORIENTED_EDGE ( 'NONE', *, *, #646, .T. ) ;
#1018 = CARTESIAN_POINT ( 'NONE',  ( 35.87153440617748146, 8.999999999999994671, 3.369765737282204299E-06 ) ) ;
#1019 = ORIENTED_EDGE ( 'NONE', *, *, #1062, .T. ) ;
#1020 = APPLICATION_CONTEXT ( 'automotive_design' ) ;
#1021 = CARTESIAN_POINT ( 'NONE',  ( 10.80482655665320557, 18.00000000000000000, -18.93850021331661182 ) ) ;
#1022 = CARTESIAN_POINT ( 'NONE',  ( 18.89573012178934519, 13.24999999999998579, -1.524766354248106026 ) ) ;
#1023 = CYLINDRICAL_SURFACE ( 'NONE', #654, 1.650000000000000355 ) ;
#1024 = CARTESIAN_POINT ( 'NONE',  ( 55.35602978631009563, 8.673617379884035472E-16, -5.608769666847636337 ) ) ;
#1025 = DIRECTION ( 'NONE',  ( 0.9846839444530247620, -0.1743488730575352141, 0.000000000000000000 ) ) ;
#1026 = CARTESIAN_POINT ( 'NONE',  ( 14.92258916846245498, 1.117914392955181357, -18.55590669589377484 ) ) ;
#1027 = CARTESIAN_POINT ( 'NONE',  ( 14.92732102048944753, 17.68039799866225792, -18.54611988970698278 ) ) ;
#1028 = ORIENTED_EDGE ( 'NONE', *, *, #617, .F. ) ;
#1029 = CARTESIAN_POINT ( 'NONE',  ( 36.12587134007356582, 11.80559722887884710, -10.04537744950612321 ) ) ;
#1030 = CARTESIAN_POINT ( 'NONE',  ( 35.54251646225965544, 10.44570736912729458, -10.21936505042727283 ) ) ;
#1031 = DIRECTION ( 'NONE',  ( 0.000000000000000000, 0.000000000000000000, 1.000000000000000000 ) ) ;
#1032 = CARTESIAN_POINT ( 'NONE',  ( 22.55902031611544345, 18.00000000000000000, -11.17939854880901329 ) ) ;
#1033 = CARTESIAN_POINT ( 'NONE',  ( 73.14211062387404638, 18.00000000000259703, -1.845138648864272923 ) ) ;
#1034 = ORIENTED_EDGE ( 'NONE', *, *, #131, .F. ) ;
#1035 = CARTESIAN_POINT ( 'NONE',  ( 25.14105542508980307, 13.24999999999998401, -15.41497509896151108 ) ) ;
#1036 = CARTESIAN_POINT ( 'NONE',  ( 23.26958066706691142, 12.24999999999999822, -0.4970017506650283301 ) ) ;
#1037 = ORIENTED_EDGE ( 'NONE', *, *, #1481, .T. ) ;
#1038 = CARTESIAN_POINT ( 'NONE',  ( 33.71975961801538801, 12.05882352941184799, -9.705814336439543055 ) ) ;
#1039 = PLANE ( 'NONE',  #722 ) ;
#1040 = DIRECTION ( 'NONE',  ( -0.4999999999999996114, 0.000000000000000000, -0.8660254037844389297 ) ) ;
#1041 =( BOUNDED_SURFACE ( )  B_SPLINE_SURFACE ( 3, 2, ( 
 ( #813, #2686, #3939 ),
 ( #1116, #420, #3906 ),
 ( #1083, #1706, #2366 ),
 ( #499, #758, #2019 ) ),
 .UNSPECIFIED., .F., .F., .T. ) 
 B_SPLINE_SURFACE_WITH_KNOTS ( ( 4, 4 ),
 ( 3, 3 ),
 ( 0.000000000000000000, 0.001562306086210549401 ),
 ( 0.000000000000000000, 1.000000000000000000 ),
 .UNSPECIFIED. ) 
 GEOMETRIC_REPRESENTATION_ITEM ( )  RATIONAL_B_SPLINE_SURFACE ( (
 ( 1.000000000000000000, 0.6846531968814615343, 1.000000000000000000),
 ( 1.000000000000000000, 0.6684276203491129609, 1.000000000000000000),
 ( 1.000000000000000000, 0.6618965825735405595, 1.000000000000000000),
 ( 1.000000000000000000, 0.6638458525083016371, 1.000000000000000000) ) ) 
 REPRESENTATION_ITEM ( '' )  SURFACE ( )  );
#1042 = CARTESIAN_POINT ( 'NONE',  ( 46.81941150212723102, 8.673617379884035472E-16, -3.490254534764415606 ) ) ;
#1043 = EDGE_CURVE ( 'NONE', #836, #3413, #117, .T. ) ;
#1044 = CARTESIAN_POINT ( 'NONE',  ( 56.48627403994125729, 5.000000000000041744, -10.47934976118433958 ) ) ;
#1045 = CARTESIAN_POINT ( 'NONE',  ( 20.08711642614728277, 13.24999999999999112, -1.232752529557910037 ) ) ;
#1046 = CARTESIAN_POINT ( 'NONE',  ( 17.11595850185377188, 1.283360419037901545, -17.73913758360856008 ) ) ;
#1047 = CARTESIAN_POINT ( 'NONE',  ( 24.07657380998075780, 15.30389154784307770, -15.50283166794587864 ) ) ;
#1048 = EDGE_CURVE ( 'NONE', #1558, #2374, #1829, .T. ) ;
#1049 = ORIENTED_EDGE ( 'NONE', *, *, #2202, .T. ) ;
#1050 = CARTESIAN_POINT ( 'NONE',  ( 32.42370830406015614, 17.75297097667360546, -7.717940960175567078 ) ) ;
#1051 = DIRECTION ( 'NONE',  ( 0.000000000000000000, 0.000000000000000000, 1.000000000000000000 ) ) ;
#1052 = CARTESIAN_POINT ( 'NONE',  ( 40.39286933084693487, 18.00000000000000000, -3.904146306118882581 ) ) ;
#1053 = CARTESIAN_POINT ( 'NONE',  ( 20.57276272500447689, 5.749999999999992006, -15.45310553315054669 ) ) ;
#1054 = EDGE_LOOP ( 'NONE', ( #1957, #2562, #2088, #2265 ) ) ;
#1055 = CARTESIAN_POINT ( 'NONE',  ( 73.02331710498310713, 15.96931966607547437, -0.5826924117972218653 ) ) ;
#1056 = CARTESIAN_POINT ( 'NONE',  ( 17.15470015748048382, 17.62631677817097398, -17.06232466661125002 ) ) ;
#1057 = EDGE_CURVE ( 'NONE', #3652, #2053, #2949, .T. ) ;
#1058 = ORIENTED_EDGE ( 'NONE', *, *, #1179, .F. ) ;
#1059 = CARTESIAN_POINT ( 'NONE',  ( 56.61056196676487673, 17.36226683992220288, -7.841654654374052846 ) ) ;
#1060 = AXIS2_PLACEMENT_3D ( 'NONE', #1729, #2368, #2394 ) ;
#1061 = EDGE_CURVE ( 'NONE', #741, #3722, #1773, .T. ) ;
#1062 = EDGE_CURVE ( 'NONE', #1362, #998, #3421, .T. ) ;
#1063 = ORIENTED_EDGE ( 'NONE', *, *, #1394, .T. ) ;
#1064 = B_SPLINE_CURVE_WITH_KNOTS ( 'NONE', 3,
 ( #1214, #2479, #272, #2785, #3363, #1480, #1152, #854, #3717, #882, #831, #2144, #3739, #901, #2761, #4025, #2164, #2742, #4004, #3408, #2725, #2413 ),
 .UNSPECIFIED., .F., .F.,
 ( 4, 2, 2, 2, 2, 2, 2, 2, 2, 2, 4 ),
 ( 0.000000000000000000, 0.0009981213871122875721, 0.001996242774224575144, 0.002994364161336862933, 0.003493424854893005527, 0.003992485548449147686, 0.004990606935561433741, 0.005988728322673718928, 0.006986849709786005849, 0.007485910403342148876, 0.007984971096898291903 ),
 .UNSPECIFIED. ) ;
#1065 = DIRECTION ( 'NONE',  ( 0.000000000000000000, 0.000000000000000000, -1.000000000000000000 ) ) ;
#1066 = CIRCLE ( 'NONE', #3895, 1.000000000000000000 ) ;
#1067 = CARTESIAN_POINT ( 'NONE',  ( 69.70416622547273278, 13.00000000000000533, -4.604364856092155733 ) ) ;
#1068 = AXIS2_PLACEMENT_3D ( 'NONE', #3870, #54, #1065 ) ;
#1069 = B_SPLINE_CURVE_WITH_KNOTS ( 'NONE', 3,
 ( #357, #2228, #1320, #2290, #2585, #2544, #1935, #3865, #1602, #1621, #632, #693, #1347, #991, #3154, #3782, #2835, #315, #3798, #295, #673, #2875, #612, #1300, #1564, #3839, #1015, #2563, #338, #1581 ),
 .UNSPECIFIED., .F., .F.,
 ( 4, 2, 2, 2, 2, 2, 2, 2, 2, 2, 2, 2, 2, 2, 4 ),
 ( -5.999999999312067097E-08, 0.0002728437312560627452, 0.0005457474625121186288, 0.001091554925024240588, 0.002183169850048494696, 0.003274784775072748805, 0.004366399700097003782, 0.005458014625121258324, 0.006549629550145512867, 0.008732859400194029759, 0.01309931910029106181, 0.01419093402531531808, 0.01528254895033957263, 0.01637416387536383064, 0.01746577880038808692 ),
 .UNSPECIFIED. ) ;
#1070 = CARTESIAN_POINT ( 'NONE',  ( 64.29465431435089329, 8.673617379884035472E-16, -2.146410429383244889 ) ) ;
#1071 = VECTOR ( 'NONE', #1170, 1000.000000000000000 ) ;
#1072 = CARTESIAN_POINT ( 'NONE',  ( 12.90879878847862727, 13.24999999999998401, -5.544690309825887731 ) ) ;
#1073 = CARTESIAN_POINT ( 'NONE',  ( 23.84583353800590189, 3.167506374757418808, -15.72707484213336393 ) ) ;
#1074 =( BOUNDED_SURFACE ( )  B_SPLINE_SURFACE ( 3, 2, ( 
 ( #567, #613, #1841 ),
 ( #1881, #3155, #4094 ),
 ( #1266, #2291, #1016 ),
 ( #3171, #1604, #1582 ),
 ( #51, #3229, #1955 ),
 ( #1897, #1321, #1301 ),
 ( #2272, #2229, #378 ),
 ( #339, #3471, #1918 ),
 ( #3487, #3866, #2586 ),
 ( #694, #2876, #3841 ),
 ( #3512, #3531, #2545 ),
 ( #32, #652, #2896 ),
 ( #316, #1644, #633 ),
 ( #2919, #674, #1670 ),
 ( #2211, #74, #1348 ),
 ( #1936, #2611, #2564 ),
 ( #3818, #3191, #2859 ),
 ( #2938, #16, #3210 ),
 ( #1036, #3551, #713 ),
 ( #992, #1283, #3799 ),
 ( #3252, #1979, #399 ),
 ( #2251, #358, #973 ),
 ( #1622, #91, #2531 ),
 ( #3783, #954, #1424 ),
 ( #3289, #418, #2310 ),
 ( #2079, #3649, #2996 ) ),
 .UNSPECIFIED., .F., .F., .T. ) 
 B_SPLINE_SURFACE_WITH_KNOTS ( ( 4, 2, 2, 2, 2, 2, 2, 2, 2, 2, 2, 2, 4 ),
 ( 3, 3 ),
 ( 2.602085213965210642E-18, 0.002186398618709950881, 0.003279597928064924804, 0.004372797237419899161, 0.008745594474839796587, 0.01093199309354974530, 0.01202519240290471879, 0.01311839171225969228, 0.01421159102161466750, 0.01530479033096964099, 0.01585138998564712687, 0.01639798964032461448, 0.01749118894967958970 ),
 ( 0.000000000000000000, 1.000000000000000000 ),
 .UNSPECIFIED. ) 
 GEOMETRIC_REPRESENTATION_ITEM ( )  RATIONAL_B_SPLINE_SURFACE ( (
 ( 1.000000000000000000, 0.7071067811865475727, 1.000000000000000000),
 ( 1.000000000000000000, 0.7071067811865475727, 1.000000000000000000),
 ( 1.000000000000000000, 0.7071067811865475727, 1.000000000000000000),
 ( 1.000000000000000000, 0.7071067811865475727, 1.000000000000000000),
 ( 1.000000000000000000, 0.7071067811865475727, 1.000000000000000000),
 ( 1.000000000000000000, 0.7071067811865475727, 1.000000000000000000),
 ( 1.000000000000000000, 0.7071067811865475727, 1.000000000000000000),
 ( 1.000000000000000000, 0.7071067811865475727, 1.000000000000000000),
 ( 1.000000000000000000, 0.7071067811865475727, 1.000000000000000000),
 ( 1.000000000000000000, 0.7071067811865475727, 1.000000000000000000),
 ( 1.000000000000000000, 0.7071067811865473507, 1.000000000000000000),
 ( 1.000000000000000000, 0.7071067811865473507, 1.000000000000000000),
 ( 1.000000000000000000, 0.7071067811865475727, 1.000000000000000000),
 ( 1.000000000000000000, 0.7071067811865475727, 1.000000000000000000),
 ( 1.000000000000000000, 0.7071067811865474617, 1.000000000000000000),
 ( 1.000000000000000000, 0.7071067811865474617, 1.000000000000000000),
 ( 1.000000000000000000, 0.7071067811865475727, 1.000000000000000000),
 ( 1.000000000000000000, 0.7071067811865475727, 1.000000000000000000),
 ( 1.000000000000000000, 0.7071067811865482389, 1.000000000000000000),
 ( 1.000000000000000000, 0.7071067811865482389, 1.000000000000000000),
 ( 1.000000000000000000, 0.7071067811865472397, 1.000000000000000000),
 ( 1.000000000000000000, 0.7071067811865472397, 1.000000000000000000),
 ( 1.000000000000000000, 0.7071067811865475727, 1.000000000000000000),
 ( 1.000000000000000000, 0.7071067811865475727, 1.000000000000000000),
 ( 1.000000000000000000, 0.7071067811865475727, 1.000000000000000000),
 ( 1.000000000000000000, 0.7071067811865475727, 1.000000000000000000) ) ) 
 REPRESENTATION_ITEM ( '' )  SURFACE ( )  );
#1075 = CARTESIAN_POINT ( 'NONE',  ( 24.83804701343825272, 13.24999999999999467, -14.45875902514366729 ) ) ;
#1076 = DIRECTION ( 'NONE',  ( -1.000000000000000000, 0.000000000000000000, 0.000000000000000000 ) ) ;
#1077 = VECTOR ( 'NONE', #3580, 1000.000000000000000 ) ;
#1078 = CARTESIAN_POINT ( 'NONE',  ( 42.09012847210230035, 12.99999999999999822, -8.715851781719919700 ) ) ;
#1079 = CARTESIAN_POINT ( 'NONE',  ( 56.38048759010504796, 18.00000000000000000, -10.50383662975150934 ) ) ;
#1080 = ORIENTED_EDGE ( 'NONE', *, *, #624, .T. ) ;
#1081 = CARTESIAN_POINT ( 'NONE',  ( 70.13588316836420233, 18.02175202600550818, 1.000003369765774197 ) ) ;
#1082 = DIRECTION ( 'NONE',  ( 0.000000000000000000, 1.000000000000000000, -0.000000000000000000 ) ) ;
#1083 = CARTESIAN_POINT ( 'NONE',  ( 33.36172393660054070, 5.812629070489169436, -9.881334382033220010 ) ) ;
#1084 = B_SPLINE_CURVE_WITH_KNOTS ( 'NONE', 3,
 ( #2745, #2499, #2524, #2187, #3759, #4089, #4072, #3083, #563, #857, #2127, #3694, #3720, #3432, #4051, #1561, #3450, #3742 ),
 .UNSPECIFIED., .F., .F.,
 ( 4, 2, 2, 2, 2, 2, 2, 2, 4 ),
 ( -5.999999999943309137E-08, 0.003519415861495006539, 0.007038891722990012721, 0.008798629653737507356, 0.01055836758448500286, 0.01143823654985875495, 0.01231810551523250703, 0.01319797448060625912, 0.01407784344598001294 ),
 .UNSPECIFIED. ) ;
#1085 = ORIENTED_EDGE ( 'NONE', *, *, #1525, .F. ) ;
#1086 = CARTESIAN_POINT ( 'NONE',  ( 33.43495778835974619, 0.008731720852697948815, -5.989399045556862866 ) ) ;
#1087 = DIRECTION ( 'NONE',  ( 0.000000000000000000, 0.000000000000000000, 1.000000000000000000 ) ) ;
#1088 = DIRECTION ( 'NONE',  ( 0.000000000000000000, 1.000000000000000000, -0.000000000000000000 ) ) ;
#1089 = CARTESIAN_POINT ( 'NONE',  ( 10.02495778835974249, 2.600000000000000089, -11.33939904555685985 ) ) ;
#1090 = DIRECTION ( 'NONE',  ( -1.000000000000000000, -2.478176394252581634E-16, 0.000000000000000000 ) ) ;
#1091 = EDGE_CURVE ( 'NONE', #2478, #3592, #3893, .T. ) ;
#1092 = CARTESIAN_POINT ( 'NONE',  ( 25.38663866221575205, 13.24999999999999112, -15.29484945260446693 ) ) ;
#1093 = CARTESIAN_POINT ( 'NONE',  ( 8.319957788359740647, 2.600000000000000089, -15.94254567246179732 ) ) ;
#1094 = CARTESIAN_POINT ( 'NONE',  ( 33.84100036052726068, 12.99999999999999822, -10.84714479870848791 ) ) ;
#1095 = CARTESIAN_POINT ( 'NONE',  ( 26.61495778835973169, 0.000000000000000000, -5.989399045556861090 ) ) ;
#1096 = EDGE_LOOP ( 'NONE', ( #4048, #1408 ) ) ;
#1097 = CARTESIAN_POINT ( 'NONE',  ( 10.02495778835974249, 1.000000000000000888, -5.989399045556861090 ) ) ;
#1098 = CARTESIAN_POINT ( 'NONE',  ( 32.62153440617748146, 8.999999999999994671, -26.99999663023426066 ) ) ;
#1099 = EDGE_CURVE ( 'NONE', #3510, #3962, #3681, .T. ) ;
#1100 = CARTESIAN_POINT ( 'NONE',  ( 72.71793298398905847, 1.751792682800204393, -0.5518924283148008980 ) ) ;
#1101 = CARTESIAN_POINT ( 'NONE',  ( 25.77135769114199704, 16.99999999999999645, 1.000003369765737560 ) ) ;
#1102 = VERTEX_POINT ( 'NONE', #638 ) ;
#1103 = CARTESIAN_POINT ( 'NONE',  ( 3.024957788359742938, 4.749999999999992895, -12.98939904555686020 ) ) ;
#1104 = DIRECTION ( 'NONE',  ( -0.5000000000000003331, 0.000000000000000000, -0.8660254037844383745 ) ) ;
#1105 = CARTESIAN_POINT ( 'NONE',  ( 37.01408857665813912, 7.908230281200855138, -9.774436679911229220 ) ) ;
#1106 = CARTESIAN_POINT ( 'NONE',  ( 56.14241272605131883, 8.673617379884035472E-16, -5.417598252387664459 ) ) ;
#1107 = FACE_OUTER_BOUND ( 'NONE', #1671, .T. ) ;
#1108 = CARTESIAN_POINT ( 'NONE',  ( 30.02495778835974249, 5.749999999999992895, -5.989399045556861090 ) ) ;
#1109 = CARTESIAN_POINT ( 'NONE',  ( 36.80582373620337222, 17.99999999999999645, -4.591613496318377230 ) ) ;
#1110 = CARTESIAN_POINT ( 'NONE',  ( 30.02495778835974249, 14.79999999999999893, -5.989399045556861090 ) ) ;
#1111 = CARTESIAN_POINT ( 'NONE',  ( 54.47934957506781473, 13.00000000000000178, -9.805754562591095791 ) ) ;
#1112 = CARTESIAN_POINT ( 'NONE',  ( 55.34460237309179576, 18.00000000000000000, -5.611419158248930117 ) ) ;
#1113 = ORIENTED_EDGE ( 'NONE', *, *, #1846, .F. ) ;
#1114 = CARTESIAN_POINT ( 'NONE',  ( 73.00353444240559497, 14.73700567264867622, 1.000003369765737560 ) ) ;
#1115 = FACE_BOUND ( 'NONE', #3986, .T. ) ;
#1116 = CARTESIAN_POINT ( 'NONE',  ( 32.99361609680708796, 5.749999999999982236, -10.06371604760599681 ) ) ;
#1117 = CARTESIAN_POINT ( 'NONE',  ( 24.66331091047778301, -4.714988996685374916E-13, -15.78143996141189298 ) ) ;
#1118 = ORIENTED_EDGE ( 'NONE', *, *, #3419, .T. ) ;
#1119 = CARTESIAN_POINT ( 'NONE',  ( 10.02495778835974249, 18.00000000000000000, -12.98939904555686020 ) ) ;
#1120 = CARTESIAN_POINT ( 'NONE',  ( 33.00752853184702218, 4.687499999999992895, -11.18815705979110398 ) ) ;
#1121 = VECTOR ( 'NONE', #1901, 1000.000000000000000 ) ;
#1122 = DIRECTION ( 'NONE',  ( -0.000000000000000000, -1.000000000000000000, -0.000000000000000000 ) ) ;
#1123 = DIRECTION ( 'NONE',  ( -0.000000000000000000, -1.000000000000000000, -0.000000000000000000 ) ) ;
#1124 = CIRCLE ( 'NONE', #2772, 1.000000000000000222 ) ;
#1125 = CARTESIAN_POINT ( 'NONE',  ( 10.69335591978220990, 1.301042606982605518E-15, -5.989399045022777202 ) ) ;
#1126 = VECTOR ( 'NONE', #235, 1000.000000000000000 ) ;
#1127 = CARTESIAN_POINT ( 'NONE',  ( 68.28433991420226334, 17.97804381363774340, -0.08555714451555265776 ) ) ;
#1128 = ORIENTED_EDGE ( 'NONE', *, *, #915, .F. ) ;
#1129 = DIRECTION ( 'NONE',  ( 0.5485916487774985528, 0.000000000000000000, -0.8360904274608014219 ) ) ;
#1130 = VECTOR ( 'NONE', #1476, 1000.000000000000000 ) ;
#1131 = CYLINDRICAL_SURFACE ( 'NONE', #1650, 2.950000000000003730 ) ;
#1132 = CARTESIAN_POINT ( 'NONE',  ( 50.08866754879377936, 17.99999999999999645, -3.697049947230536038 ) ) ;
#1133 = CARTESIAN_POINT ( 'NONE',  ( 55.59582113301884476, 17.99999999999999645, -5.552399823563511028 ) ) ;
#1134 = ORIENTED_EDGE ( 'NONE', *, *, #431, .F. ) ;
#1135 = CARTESIAN_POINT ( 'NONE',  ( 73.17306391977895430, 17.14976110941230658, 1.000003369765809058 ) ) ;
#1136 = PLANE ( 'NONE',  #1396 ) ;
#1137 = CARTESIAN_POINT ( 'NONE',  ( 72.10158509789373227, 1.273474919630926516, -0.4893075682827263684 ) ) ;
#1138 = CARTESIAN_POINT ( 'NONE',  ( 21.30516353172160393, 0.9999999999999958922, -0.4177072335088254929 ) ) ;
#1139 = ORIENTED_EDGE ( 'NONE', *, *, #1590, .F. ) ;
#1140 = DIRECTION ( 'NONE',  ( -0.000000000000000000, -1.000000000000000000, -0.000000000000000000 ) ) ;
#1141 = DIRECTION ( 'NONE',  ( 2.112516620725462547E-16, -1.000000000000000000, -0.000000000000000000 ) ) ;
#1142 = CARTESIAN_POINT ( 'NONE',  ( 54.36703140271944079, 8.673617379884035472E-16, -4.568961183572764817 ) ) ;
#1143 = CARTESIAN_POINT ( 'NONE',  ( 34.27353889088337979, 5.000000000000000888, -10.69314191358198052 ) ) ;
#1144 = CARTESIAN_POINT ( 'NONE',  ( 56.44905913934359631, 5.000000000000000888, -10.48796770026343061 ) ) ;
#1145 = CARTESIAN_POINT ( 'NONE',  ( 28.70681699564650557, 17.92494906793346132, -8.635698919060665446 ) ) ;
#1146 = CARTESIAN_POINT ( 'NONE',  ( 40.71697369586416926, 5.000000000000001776, -8.906968099838591613 ) ) ;
#1147 = ORIENTED_EDGE ( 'NONE', *, *, #3542, .T. ) ;
#1148 = CARTESIAN_POINT ( 'NONE',  ( 22.03901517406375987, 8.673617379884037444E-16, -11.52263375122629618 ) ) ;
#1149 = CARTESIAN_POINT ( 'NONE',  ( 16.88422367171061111, 5.749999999999997335, -4.740296896582858466 ) ) ;
#1150 = CARTESIAN_POINT ( 'NONE',  ( 55.32174519001227964, 18.00000000000000000, -5.616708801411612662 ) ) ;
#1151 = VERTEX_POINT ( 'NONE', #913 ) ;
#1152 = CARTESIAN_POINT ( 'NONE',  ( 56.50724639418076833, 2.455632900160734877, -9.772822918900796907 ) ) ;
#1153 = CARTESIAN_POINT ( 'NONE',  ( 14.68926031915197150, 0.1346864206153002008, -17.81928739192010624 ) ) ;
#1154 = CARTESIAN_POINT ( 'NONE',  ( 69.05146118426378621, 0.08513480264869552339, -0.1692218336663293965 ) ) ;
#1155 = CARTESIAN_POINT ( 'NONE',  ( 24.08889741048457367, 16.99999999999936406, 0.8226981737947706153 ) ) ;
#1156 = ORIENTED_EDGE ( 'NONE', *, *, #2944, .T. ) ;
#1157 = CARTESIAN_POINT ( 'NONE',  ( 20.16005661791250603, 1.301042606982605321E-15, -2.407080437017587560 ) ) ;
#1158 = FACE_OUTER_BOUND ( 'NONE', #2704, .T. ) ;
#1159 = CARTESIAN_POINT ( 'NONE',  ( 72.46416922386013937, 15.37545573309795444, 1.000003369765737782 ) ) ;
#1160 = CARTESIAN_POINT ( 'NONE',  ( 55.93578968069890323, 8.673617379884035472E-16, -5.022018695437273195 ) ) ;
#1161 = CARTESIAN_POINT ( 'NONE',  ( 35.67063680155566630, 12.26267757017403426, -10.19417096929502087 ) ) ;
#1162 = CARTESIAN_POINT ( 'NONE',  ( 56.46170738294489411, 18.00000000000000000, -10.48504062499555012 ) ) ;
#1163 = B_SPLINE_CURVE_WITH_KNOTS ( 'NONE', 3,
 ( #970, #2307, #3573, #2226 ),
 .UNSPECIFIED., .F., .F.,
 ( 4, 4 ),
 ( 0.000000000000000000, 0.001248377893842091222 ),
 .UNSPECIFIED. ) ;
#1164 = DIRECTION ( 'NONE',  ( -0.000000000000000000, -1.000000000000000000, -0.000000000000000000 ) ) ;
#1165 = CARTESIAN_POINT ( 'NONE',  ( 16.55858584046844939, 0.3149132934449260790, -17.24465248142081819 ) ) ;
#1166 = CARTESIAN_POINT ( 'NONE',  ( 56.68934183579068531, 5.000000000000000888, -10.57078918945070178 ) ) ;
#1167 = DIRECTION ( 'NONE',  ( -0.000000000000000000, 1.000000000000000000, -0.000000000000000000 ) ) ;
#1168 = EDGE_CURVE ( 'NONE', #3532, #342, #719, .T. ) ;
#1169 = CARTESIAN_POINT ( 'NONE',  ( 56.68842876943887887, 12.99999999999999822, -10.57044524270652275 ) ) ;
#1170 = DIRECTION ( 'NONE',  ( -1.000000000000000000, -0.000000000000000000, -0.000000000000000000 ) ) ;
#1171 = ORIENTED_EDGE ( 'NONE', *, *, #178, .T. ) ;
#1172 = CARTESIAN_POINT ( 'NONE',  ( 75.97220960838993165, 5.000000000000000888, 1.000003369765738226 ) ) ;
#1173 = CARTESIAN_POINT ( 'NONE',  ( 23.01390995041160181, 2.019115419009253287, -15.69360041543903606 ) ) ;
#1174 = CARTESIAN_POINT ( 'NONE',  ( 8.319957788359744200, 2.600000000000000089, -10.03625241865192486 ) ) ;
#1175 = CARTESIAN_POINT ( 'NONE',  ( 22.88159760928774134, 18.00000000000031619, 0.4167944476935550591 ) ) ;
#1176 = ORIENTED_EDGE ( 'NONE', *, *, #1355, .F. ) ;
#1177 = CARTESIAN_POINT ( 'NONE',  ( 24.31876909034344791, 1.301042606982605321E-15, -0.1606943768676678541 ) ) ;
#1178 = CARTESIAN_POINT ( 'NONE',  ( 22.92473947816959523, 12.24999999999999822, -0.6212809190882574439 ) ) ;
#1179 = EDGE_CURVE ( 'NONE', #3282, #3607, #2005, .T. ) ;
#1180 = EDGE_CURVE ( 'NONE', #3781, #419, #1868, .T. ) ;
#1181 = CARTESIAN_POINT ( 'NONE',  ( 68.83603784614821564, 16.93958616216389146, 1.000003369765737782 ) ) ;
#1182 = CARTESIAN_POINT ( 'NONE',  ( 56.15784002673536435, 5.000000000000000888, -10.37202623755506892 ) ) ;
#1183 = CARTESIAN_POINT ( 'NONE',  ( 11.72995778835974257, 2.600000000000000089, -15.94254567246179732 ) ) ;
#1184 = CARTESIAN_POINT ( 'NONE',  ( 56.38048759010486322, 5.000000000000000888, -10.50383662975151644 ) ) ;
#1185 = CARTESIAN_POINT ( 'NONE',  ( 10.93480468470209921, 8.673617379884035472E-16, -19.93001707460990701 ) ) ;
#1186 = CARTESIAN_POINT ( 'NONE',  ( 43.52825040145805247, 5.000000000000000000, -8.561183714059737326 ) ) ;
#1187 = AXIS2_PLACEMENT_3D ( 'NONE', #2069, #490, #176 ) ;
#1188 = CARTESIAN_POINT ( 'NONE',  ( 56.62528008209758212, -6.111098228129611510E-14, -10.54665750223469622 ) ) ;
#1189 = FACE_OUTER_BOUND ( 'NONE', #3523, .T. ) ;
#1190 = CIRCLE ( 'NONE', #3110, 3.249999999999999556 ) ;
#1191 = CARTESIAN_POINT ( 'NONE',  ( 56.52891678172196777, 12.99999999999999822, -10.51035801166958095 ) ) ;
#1192 = CARTESIAN_POINT ( 'NONE',  ( 31.72995778835974789, 2.600000000000000089, -8.942545672461799100 ) ) ;
#1193 = CIRCLE ( 'NONE', #120, 1.000000000000000888 ) ;
#1194 = ORIENTED_EDGE ( 'NONE', *, *, #2071, .F. ) ;
#1195 = CARTESIAN_POINT ( 'NONE',  ( 74.25318087245987897, 13.42172392484699728, -0.7044902459828638053 ) ) ;
#1196 = DIRECTION ( 'NONE',  ( -1.000000000000000000, -2.891205793294678326E-16, 0.000000000000000000 ) ) ;
#1197 = CARTESIAN_POINT ( 'NONE',  ( 22.04171287644703270, 2.289327930804162303, -16.20097265976132661 ) ) ;
#1198 = DIRECTION ( 'NONE',  ( -1.000000000000000000, 0.000000000000000000, 0.000000000000000000 ) ) ;
#1199 = CARTESIAN_POINT ( 'NONE',  ( 24.31684190679392543, 17.99999999999999645, -0.1527958695222471353 ) ) ;
#1200 = ORIENTED_EDGE ( 'NONE', *, *, #2826, .F. ) ;
#1201 = CARTESIAN_POINT ( 'NONE',  ( 20.49664611019717597, 0.9999999999993655075, -0.9496350787864635823 ) ) ;
#1202 = CARTESIAN_POINT ( 'NONE',  ( 12.55995766173114525, 12.24999999999998757, -6.681532727780765235 ) ) ;
#1203 = CARTESIAN_POINT ( 'NONE',  ( 25.42206742123018870, 5.749999999999991118, -15.34884525502022434 ) ) ;
#1204 = LINE ( 'NONE', #3881, #4033 ) ;
#1205 = CARTESIAN_POINT ( 'NONE',  ( 30.02495778835974249, 18.00000000000000000, -5.989399045556861090 ) ) ;
#1206 = CARTESIAN_POINT ( 'NONE',  ( 55.32174519001229385, 8.673617379884035472E-16, -5.616708801411610885 ) ) ;
#1207 = CARTESIAN_POINT ( 'NONE',  ( 43.88114749689264471, 4.722959997920650806E-13, -8.536728086716593111 ) ) ;
#1208 = CARTESIAN_POINT ( 'NONE',  ( 56.01824368911663754, 5.000000000000000000, -10.32066352436248557 ) ) ;
#1209 = CARTESIAN_POINT ( 'NONE',  ( 27.83130450854735116, 8.673617379884035472E-16, -8.096173364540954154 ) ) ;
#1210 = DIRECTION ( 'NONE',  ( 0.000000000000000000, 0.000000000000000000, 1.000000000000000000 ) ) ;
#1211 = DIRECTION ( 'NONE',  ( -1.000000000000000000, 0.000000000000000000, 0.000000000000000000 ) ) ;
#1212 = EDGE_LOOP ( 'NONE', ( #2547, #990, #3077, #1521 ) ) ;
#1213 = VERTEX_POINT ( 'NONE', #1924 ) ;
#1214 = CARTESIAN_POINT ( 'NONE',  ( 56.46170738294489411, 5.000000000000000888, -10.48504062499555012 ) ) ;
#1215 = CARTESIAN_POINT ( 'NONE',  ( 25.30759604545400165, 4.323193372286972647, -15.30452961092387909 ) ) ;
#1216 = APPLICATION_PROTOCOL_DEFINITION ( 'draft international standard', 'automotive_design', 1998, #3997 ) ;
#1217 = CARTESIAN_POINT ( 'NONE',  ( 19.57626971119253412, 16.99999999999999645, -1.595169097036673422 ) ) ;
#1218 = ORIENTED_EDGE ( 'NONE', *, *, #737, .T. ) ;
#1219 = CARTESIAN_POINT ( 'NONE',  ( 18.67893695034256751, 1.000000000000000888, -2.242898887386713724 ) ) ;
#1220 = ADVANCED_FACE ( 'NONE', ( #1226 ), #619, .F. ) ;
#1221 = CARTESIAN_POINT ( 'NONE',  ( 32.62153440617748146, 8.999999999999994671, -26.99999663023426066 ) ) ;
#1222 = ADVANCED_FACE ( 'NONE', ( #3196 ), #963, .F. ) ;
#1223 = EDGE_CURVE ( 'NONE', #24, #448, #2569, .T. ) ;
#1224 = CARTESIAN_POINT ( 'NONE',  ( 25.06508466426978288, 13.24999999999998757, -15.43264500671691941 ) ) ;
#1225 = CARTESIAN_POINT ( 'NONE',  ( 26.38744718072522843, 4.999999999997638334, -14.65991494753722968 ) ) ;
#1226 = FACE_OUTER_BOUND ( 'NONE', #3248, .T. ) ;
#1227 = CARTESIAN_POINT ( 'NONE',  ( 30.02495778835974249, 18.00000000000000000, -5.989399045556861090 ) ) ;
#1228 = EDGE_CURVE ( 'NONE', #4086, #2053, #3884, .T. ) ;
#1229 = CARTESIAN_POINT ( 'NONE',  ( -2.799084522461234677E-15, 13.24999999999998757, 3.369765737282204299E-06 ) ) ;
#1230 = ADVANCED_FACE ( 'NONE', ( #2673 ), #2708, .T. ) ;
#1231 = CARTESIAN_POINT ( 'NONE',  ( 15.16274507718478759, 5.750000000007035261, -4.642601251988507371 ) ) ;
#1232 = CARTESIAN_POINT ( 'NONE',  ( 11.72995778835974612, 2.600000000000000089, -10.03625241865192486 ) ) ;
#1233 = EDGE_CURVE ( 'NONE', #4069, #3936, #3173, .T. ) ;
#1234 = EDGE_LOOP ( 'NONE', ( #3169, #294, #2602, #2462, #3156, #13, #33, #2574, #1037, #2104 ) ) ;
#1235 = ORIENTED_EDGE ( 'NONE', *, *, #1394, .F. ) ;
#1236 = CARTESIAN_POINT ( 'NONE',  ( 73.74457371824928487, 3.013363257232662740, -0.6544589332240666746 ) ) ;
#1237 = CARTESIAN_POINT ( 'NONE',  ( 24.57323990173012263, 3.142266772956248566, -15.41961404289537896 ) ) ;
#1238 = CARTESIAN_POINT ( 'NONE',  ( 0.000000000000000000, 0.000000000000000000, 0.000000000000000000 ) ) ;
#1239 = CARTESIAN_POINT ( 'NONE',  ( 24.92480774622591611, 18.00000000000062528, 0.9662419774268562467 ) ) ;
#1240 = ORIENTED_EDGE ( 'NONE', *, *, #4053, .F. ) ;
#1241 = CARTESIAN_POINT ( 'NONE',  ( 25.03763947257071365, 1.301042606982605321E-15, -0.02911293543618855353 ) ) ;
#1242 = LINE ( 'NONE', #3746, #185 ) ;
#1243 = CARTESIAN_POINT ( 'NONE',  ( 46.66539147966207679, 8.673617379884035472E-16, -8.490386031648837317 ) ) ;
#1244 = EDGE_CURVE ( 'NONE', #2959, #3327, #385, .T. ) ;
#1245 = CARTESIAN_POINT ( 'NONE',  ( 30.02495778835974249, 14.79999999999999893, -5.989399045556861090 ) ) ;
#1246 = CARTESIAN_POINT ( 'NONE',  ( 25.33819280799618667, 4.999999999999993783, -15.33599065245975623 ) ) ;
#1247 = CARTESIAN_POINT ( 'NONE',  ( 30.02495778835974249, 18.00000000000000000, -7.639399045556864110 ) ) ;
#1248 = CARTESIAN_POINT ( 'NONE',  ( 58.16361658646270882, 8.673617379884035472E-16, -5.783211485179716504 ) ) ;
#1249 = CARTESIAN_POINT ( 'NONE',  ( 12.36020836451721472, 12.24999999999999112, -18.51629733904446340 ) ) ;
#1250 = AXIS2_PLACEMENT_3D ( 'NONE', #2141, #3359, #1210 ) ;
#1251 = CARTESIAN_POINT ( 'NONE',  ( 12.90965604047579340, 5.749999999999992006, -6.587762643305343779 ) ) ;
#1252 = FACE_OUTER_BOUND ( 'NONE', #1584, .T. ) ;
#1253 = EDGE_LOOP ( 'NONE', ( #2148, #3869, #2212, #143 ) ) ;
#1254 = B_SPLINE_CURVE_WITH_KNOTS ( 'NONE', 3,
 ( #1597, #3779, #2224, #628 ),
 .UNSPECIFIED., .F., .F.,
 ( 4, 4 ),
 ( 7.949501638480626889E-18, 0.001248377893841788730 ),
 .UNSPECIFIED. ) ;
#1255 = CIRCLE ( 'NONE', #1775, 6.000000000000000000 ) ;
#1256 = ORIENTED_EDGE ( 'NONE', *, *, #3675, .F. ) ;
#1257 = CARTESIAN_POINT ( 'NONE',  ( 70.15378413448128470, -0.01999619063761699789, 1.000003369765774641 ) ) ;
#1258 = CARTESIAN_POINT ( 'NONE',  ( 25.77135769114199704, 4.749999999999993783, 1.000003369765737560 ) ) ;
#1259 = CARTESIAN_POINT ( 'NONE',  ( 30.60397141334744120, 0.3814114048594073325, -8.942545672461800876 ) ) ;
#1260 = AXIS2_PLACEMENT_3D ( 'NONE', #3912, #3263, #137 ) ;
#1261 = CARTESIAN_POINT ( 'NONE',  ( 25.28508857885044137, 12.99999999999999822, -15.37099464001078530 ) ) ;
#1262 = CIRCLE ( 'NONE', #3701, 1.000000000000000000 ) ;
#1263 = ORIENTED_EDGE ( 'NONE', *, *, #3250, .F. ) ;
#1264 = FACE_BOUND ( 'NONE', #1689, .T. ) ;
#1265 = B_SPLINE_CURVE_WITH_KNOTS ( 'NONE', 3,
 ( #4036, #3065, #1446, #3375, #2771, #503, #1488, #3637, #867, #236, #1159, #3001, #2692, #150, #3335, #2714, #3943, #1181, #2750, #4011 ),
 .UNSPECIFIED., .F., .F.,
 ( 4, 2, 2, 2, 2, 2, 2, 2, 2, 4 ),
 ( 0.000000000000000000, 0.0005047628751373011303, 0.001009525750274602261, 0.001514288625411903608, 0.002019051500549204521, 0.003028577250823831935, 0.004038103001098459349, 0.005047628751373086330, 0.006057154501647714177, 0.008076206002196967271 ),
 .UNSPECIFIED. ) ;
#1266 = CARTESIAN_POINT ( 'NONE',  ( 11.48999363516489325, 12.24999999999998934, -6.910602551763722623 ) ) ;
#1267 = AXIS2_PLACEMENT_3D ( 'NONE', #3606, #3360, #3903 ) ;
#1268 = AXIS2_PLACEMENT_3D ( 'NONE', #1700, #1076, #1051 ) ;
#1269 = ADVANCED_FACE ( 'NONE', ( #761 ), #2595, .F. ) ;
#1270 = EDGE_LOOP ( 'NONE', ( #410, #3313, #1139, #3350 ) ) ;
#1271 = CARTESIAN_POINT ( 'NONE',  ( 10.02495778835974249, 18.00000000000000000, -12.98939904555686020 ) ) ;
#1272 = CARTESIAN_POINT ( 'NONE',  ( 22.70437175570053157, -9.540979117872439019E-15, -11.08392777112569583 ) ) ;
#1273 = CARTESIAN_POINT ( 'NONE',  ( 46.91687524916684993, 8.673617379884035472E-16, -3.496121703374691858 ) ) ;
#1274 = CARTESIAN_POINT ( 'NONE',  ( 58.13048122252770611, 4.999999999999990230, -10.07169966571338193 ) ) ;
#1275 = CARTESIAN_POINT ( 'NONE',  ( 22.77075679022490462, 5.749999999999992006, -0.7367497055074011536 ) ) ;
#1276 = CARTESIAN_POINT ( 'NONE',  ( 19.95341578141448835, 16.82683714921782681, -16.81093098543004061 ) ) ;
#1277 = ORIENTED_EDGE ( 'NONE', *, *, #3804, .F. ) ;
#1278 = CARTESIAN_POINT ( 'NONE',  ( 72.46210221471864088, 2.635087542647240433, 1.000003369765737560 ) ) ;
#1279 = CARTESIAN_POINT ( 'NONE',  ( 36.60746449949948556, 11.11162857457822106, -9.895350386922245889 ) ) ;
#1280 = CARTESIAN_POINT ( 'NONE',  ( 25.28508857885043426, 17.99999999999993605, -15.37099464001077642 ) ) ;
#1281 = EDGE_LOOP ( 'NONE', ( #1821, #1879, #1998, #3490, #3270, #280 ) ) ;
#1282 = CARTESIAN_POINT ( 'NONE',  ( 25.38556614574323689, 13.31250000000188827, -15.29321486565276800 ) ) ;
#1283 = CARTESIAN_POINT ( 'NONE',  ( 23.47352689561224892, 12.25000000000110845, 0.6394599234343695260 ) ) ;
#1284 = CARTESIAN_POINT ( 'NONE',  ( 4.024957788359743383, 5.749999999999989342, -12.98939904555686020 ) ) ;
#1285 = CARTESIAN_POINT ( 'NONE',  ( 11.72995778835974612, 2.600000000000000089, -10.03625241865192486 ) ) ;
#1286 = CARTESIAN_POINT ( 'NONE',  ( 25.11781599429899003, -1.137547566616874366E-13, -15.48141393169698610 ) ) ;
#1287 = CARTESIAN_POINT ( 'NONE',  ( 25.14629265842737382, 3.939504700355469069, -15.32870058865367469 ) ) ;
#1288 = CARTESIAN_POINT ( 'NONE',  ( 25.77135769114199704, 16.99999999999999645, 1.000003369765737560 ) ) ;
#1289 = CARTESIAN_POINT ( 'NONE',  ( 15.65238796443468594, 5.749999999999997335, -5.521512079973086351 ) ) ;
#1290 = FACE_OUTER_BOUND ( 'NONE', #3635, .T. ) ;
#1291 = B_SPLINE_SURFACE_WITH_KNOTS ( 'NONE', 2, 1, ( 
 ( #4027, #1877 ),
 ( #2809, #2102 ),
 ( #2482, #1501 ) ),
 .UNSPECIFIED., .F., .F., .F.,
 ( 3, 3 ),
 ( 2, 2 ),
 ( 0.000000000000000000, 0.9907375420817049472 ),
 ( 0.000000000000000000, 1.000000000000000000 ),
 .UNSPECIFIED. ) ;
#1292 = VECTOR ( 'NONE', #2839, 1000.000000000000000 ) ;
#1293 = ORIENTED_EDGE ( 'NONE', *, *, #2472, .F. ) ;
#1294 = CARTESIAN_POINT ( 'NONE',  ( 74.27046865193848646, 4.576483022604067585, -0.7061808808545047000 ) ) ;
#1295 = CARTESIAN_POINT ( 'NONE',  ( 35.87140165629588751, 8.848082773534015288, -10.10178891962955738 ) ) ;
#1296 = CARTESIAN_POINT ( 'NONE',  ( 34.18536727554425170, 13.10286203648128733, -10.72590392119860248 ) ) ;
#1297 = CARTESIAN_POINT ( 'NONE',  ( 25.02887797267710113, 12.99999999999999822, -15.54012333334677542 ) ) ;
#1298 = CARTESIAN_POINT ( 'NONE',  ( 69.01918050905132418, 12.99999999999999822, -5.083096904585481468 ) ) ;
#1299 = VERTEX_POINT ( 'NONE', #3559 ) ;
#1300 = CARTESIAN_POINT ( 'NONE',  ( 12.91448358327430590, 17.00000000000000000, -5.542847597714561481 ) ) ;
#1301 = CARTESIAN_POINT ( 'NONE',  ( 13.27981268124990244, 13.24999999999999289, -5.419583946279702857 ) ) ;
#1302 = ORIENTED_EDGE ( 'NONE', *, *, #2689, .F. ) ;
#1303 = CARTESIAN_POINT ( 'NONE',  ( 10.02495778835974249, 4.749999999999993783, -19.98939904555686198 ) ) ;
#1304 = ORIENTED_EDGE ( 'NONE', *, *, #4053, .T. ) ;
#1305 = ADVANCED_FACE ( 'NONE', ( #2296, #2657 ), #2617, .F. ) ;
#1306 = EDGE_CURVE ( 'NONE', #815, #3307, #442, .T. ) ;
#1307 = CARTESIAN_POINT ( 'NONE',  ( 21.68151046964808870, 8.673617379884035472E-16, -11.75862828877607846 ) ) ;
#1308 = CARTESIAN_POINT ( 'NONE',  ( 56.70225786689616854, 0.000000000000000000, -5.269154549005597765 ) ) ;
#1309 = B_SPLINE_CURVE_WITH_KNOTS ( 'NONE', 3,
 ( #3236, #3852, #748, #3520 ),
 .UNSPECIFIED., .F., .F.,
 ( 4, 4 ),
 ( 3.904424407761921585E-15, 0.008850817195665910964 ),
 .UNSPECIFIED. ) ;
#1310 = DIRECTION ( 'NONE',  ( -0.000000000000000000, -1.000000000000000000, -0.000000000000000000 ) ) ;
#1311 = CARTESIAN_POINT ( 'NONE',  ( 20.45646201881282877, 5.749999999999992006, -2.195133895457272555 ) ) ;
#1312 = CARTESIAN_POINT ( 'NONE',  ( 25.38556614574352466, 13.31249999999999112, -15.29321486565273069 ) ) ;
#1313 = CARTESIAN_POINT ( 'NONE',  ( 71.07888426278871918, 1.707260012218256406, 1.000003369765737560 ) ) ;
#1314 = CARTESIAN_POINT ( 'NONE',  ( 35.80466043901942896, 8.322266623491184845, -8.799976390094208512 ) ) ;
#1315 =( NAMED_UNIT ( * ) SI_UNIT ( $, .STERADIAN. ) SOLID_ANGLE_UNIT ( ) );
#1316 = CARTESIAN_POINT ( 'NONE',  ( 13.30012577897148773, 12.99999999999999822, -23.28245907272285820 ) ) ;
#1317 = CARTESIAN_POINT ( 'NONE',  ( 67.54804836426568215, 12.99999999999999822, -6.031563529662903100 ) ) ;
#1318 = VECTOR ( 'NONE', #3684, 1000.000000000000000 ) ;
#1319 = ORIENTED_EDGE ( 'NONE', *, *, #2472, .T. ) ;
#1320 = CARTESIAN_POINT ( 'NONE',  ( 25.58658897244120922, 16.99999999999998224, 0.9984090719922036339 ) ) ;
#1321 = CARTESIAN_POINT ( 'NONE',  ( 13.27981268131537718, 12.25000000000031442, -5.419583946484324066 ) ) ;
#1322 = VERTEX_POINT ( 'NONE', #3216 ) ;
#1323 = CARTESIAN_POINT ( 'NONE',  ( 10.02495778835974249, 13.24999999999998934, -12.98939904555686020 ) ) ;
#1324 = CIRCLE ( 'NONE', #3626, 7.000000000000000000 ) ;
#1325 = AXIS2_PLACEMENT_3D ( 'NONE', #1245, #3767, #3456 ) ;
#1326 = CIRCLE ( 'NONE', #935, 6.000000000000000000 ) ;
#1327 = VERTEX_POINT ( 'NONE', #699 ) ;
#1328 = AXIS2_PLACEMENT_3D ( 'NONE', #2140, #4000, #535 ) ;
#1329 = FACE_OUTER_BOUND ( 'NONE', #3133, .T. ) ;
#1330 = B_SPLINE_SURFACE_WITH_KNOTS ( 'NONE', 2, 1, ( 
 ( #994, #76 ),
 ( #2566, #1533 ),
 ( #715, #360 ) ),
 .UNSPECIFIED., .F., .F., .F.,
 ( 3, 3 ),
 ( 2, 2 ),
 ( 0.000000000000000000, 0.8994471823286913637 ),
 ( 0.000000000000000000, 1.000000000000000000 ),
 .UNSPECIFIED. ) ;
#1331 = CARTESIAN_POINT ( 'NONE',  ( 25.03389975631052877, 1.000000000000001110, 1.000003369765738892 ) ) ;
#1332 = CARTESIAN_POINT ( 'NONE',  ( 12.42969445522754768, 0.03993123856296065810, -18.62156081072601665 ) ) ;
#1333 =( BOUNDED_SURFACE ( )  B_SPLINE_SURFACE ( 3, 2, ( 
 ( #2735, #1185, #3708 ),
 ( #783, #2404, #3996 ),
 ( #551, #3338, #2051 ),
 ( #1755, #466, #1510 ) ),
 .UNSPECIFIED., .F., .F., .F. ) 
 B_SPLINE_SURFACE_WITH_KNOTS ( ( 4, 4 ),
 ( 3, 3 ),
 ( 2.168404344971008868E-19, 0.001611982728728334488 ),
 ( 0.000000000000000000, 1.000000000000000000 ),
 .UNSPECIFIED. ) 
 GEOMETRIC_REPRESENTATION_ITEM ( )  RATIONAL_B_SPLINE_SURFACE ( (
 ( 1.000000000000000000, 0.7071067811865475727, 1.000000000000000000),
 ( 1.000000000000000000, 0.7259950664594218006, 1.000000000000000000),
 ( 1.000000000000000000, 0.7408736949601724131, 1.000000000000000000),
 ( 1.000000000000000000, 0.7496692568153845437, 1.000000000000000000) ) ) 
 REPRESENTATION_ITEM ( '' )  SURFACE ( )  );
#1334 = VECTOR ( 'NONE', #2789, 1000.000000000000227 ) ;
#1335 = CARTESIAN_POINT ( 'NONE',  ( 10.02495778835974249, 16.99999999999999645, -12.98939904555686020 ) ) ;
#1336 = CARTESIAN_POINT ( 'NONE',  ( 22.90127871510095048, 13.24999999999999112, 0.4610348480281337147 ) ) ;
#1337 = CARTESIAN_POINT ( 'NONE',  ( 10.69528831580665162, 4.749999999999990230, -5.989399045556862866 ) ) ;
#1338 = CARTESIAN_POINT ( 'NONE',  ( 24.56978141261076587, 14.86140870739844644, -15.42017591912042462 ) ) ;
#1339 = ORIENTED_EDGE ( 'NONE', *, *, #302, .T. ) ;
#1340 = CARTESIAN_POINT ( 'NONE',  ( 25.77135769114199704, 13.24999999999999289, 1.000003369765737560 ) ) ;
#1341 = CARTESIAN_POINT ( 'NONE',  ( 37.06209346691399276, 8.113733277017940893, -9.760555215570656529 ) ) ;
#1342 = CARTESIAN_POINT ( 'NONE',  ( 10.02495778835974249, 14.79999999999999893, -12.98939904555686020 ) ) ;
#1343 = CARTESIAN_POINT ( 'NONE',  ( 17.83334623342935998, 17.99999999999999645, -14.29886266367687675 ) ) ;
#1344 = CARTESIAN_POINT ( 'NONE',  ( 33.43495778835974619, 0.008731720852697948815, -5.989399045556862866 ) ) ;
#1345 = AXIS2_PLACEMENT_3D ( 'NONE', #281, #3472, #3439 ) ;
#1346 = ORIENTED_EDGE ( 'NONE', *, *, #1643, .T. ) ;
#1347 = CARTESIAN_POINT ( 'NONE',  ( 21.92835607557072208, 17.00000000000000000, -0.04823285311242700435 ) ) ;
#1348 = CARTESIAN_POINT ( 'NONE',  ( 20.80958617120393939, 13.24999999999999289, -0.7382084033572396953 ) ) ;
#1349 = ORIENTED_EDGE ( 'NONE', *, *, #2864, .F. ) ;
#1350 = CARTESIAN_POINT ( 'NONE',  ( 10.02495778835974249, 0.000000000000000000, -12.98939904555686020 ) ) ;
#1351 = EDGE_CURVE ( 'NONE', #2887, #862, #1628, .T. ) ;
#1352 = ORIENTED_EDGE ( 'NONE', *, *, #1525, .T. ) ;
#1353 = CARTESIAN_POINT ( 'NONE',  ( 10.39530942667921032, 4.749999999999990230, -5.989399045556861978 ) ) ;
#1354 = EDGE_CURVE ( 'NONE', #741, #1607, #2635, .T. ) ;
#1355 = EDGE_CURVE ( 'NONE', #862, #1573, #2902, .T. ) ;
#1356 = CARTESIAN_POINT ( 'NONE',  ( 0.000000000000000000, 0.000000000000000000, 0.000000000000000000 ) ) ;
#1357 = CARTESIAN_POINT ( 'NONE',  ( 56.48627403994179730, 6.613439964338734471E-14, -10.47934976118660089 ) ) ;
#1358 = DIRECTION ( 'NONE',  ( -0.1742050364986780508, -0.9838715873230463593, -0.04061163524069827391 ) ) ;
#1359 = CARTESIAN_POINT ( 'NONE',  ( 19.87146336251770506, 1.708329764248747162, -16.83629289028464626 ) ) ;
#1360 = CARTESIAN_POINT ( 'NONE',  ( 25.03272726307399054, 13.91809321342205052, -15.43995716158849163 ) ) ;
#1361 =( BOUNDED_SURFACE ( )  B_SPLINE_SURFACE ( 3, 2, ( 
 ( #2670, #3922, #1101 ),
 ( #2501, #1464, #3084 ),
 ( #4052, #1239, #4007 ),
 ( #1199, #2437, #1155 ),
 ( #588, #3433, #3760 ),
 ( #2746, #232, #523 ),
 ( #835, #1175, #3104 ),
 ( #1838, #2128, #1862 ),
 ( #928, #2103, #191 ),
 ( #3672, #3036, #2416 ),
 ( #2728, #3721, #859 ),
 ( #2483, #2460, #254 ),
 ( #3368, #3985, #3743 ),
 ( #2188, #541, #2790 ),
 ( #1502, #1795, #1217 ),
 ( #1526, #3060, #1766 ),
 ( #564, #4073, #3394 ),
 ( #904, #2168, #3132 ),
 ( #211, #276, #1814 ),
 ( #1544, #1484, #2810 ),
 ( #3696, #2764, #4029 ),
 ( #3451, #885, #2147 ),
 ( #3412, #2542, #1932 ),
 ( #1598, #354, #630 ),
 ( #3795, #2855, #987 ),
 ( #3836, #3151, #1562 ) ),
 .UNSPECIFIED., .F., .F., .T. ) 
 B_SPLINE_SURFACE_WITH_KNOTS ( ( 4, 2, 2, 2, 2, 2, 2, 2, 2, 2, 2, 2, 4 ),
 ( 3, 3 ),
 ( 0.000000000000000000, 0.001093432720357730148, 0.002186865440715460296, 0.002733581800894325370, 0.003280298161073190444, 0.004373730881430920592, 0.005467163601788650740, 0.006560596322146380888, 0.008747461762861841184, 0.01312119264429276178, 0.01421462536465049192, 0.01530805808500822207, 0.01749492352572368237 ),
 ( 0.000000000000000000, 1.000000000000000000 ),
 .UNSPECIFIED. ) 
 GEOMETRIC_REPRESENTATION_ITEM ( )  RATIONAL_B_SPLINE_SURFACE ( (
 ( 1.000000000000000000, 0.7071067811865475727, 1.000000000000000000),
 ( 1.000000000000000000, 0.7071067811865475727, 1.000000000000000000),
 ( 1.000000000000000000, 0.7071067811865475727, 1.000000000000000000),
 ( 1.000000000000000000, 0.7071067811865475727, 1.000000000000000000),
 ( 1.000000000000000000, 0.7071067811865475727, 1.000000000000000000),
 ( 1.000000000000000000, 0.7071067811865475727, 1.000000000000000000),
 ( 1.000000000000000000, 0.7071067811865475727, 1.000000000000000000),
 ( 1.000000000000000000, 0.7071067811865475727, 1.000000000000000000),
 ( 1.000000000000000000, 0.7071067811865474617, 1.000000000000000000),
 ( 1.000000000000000000, 0.7071067811865474617, 1.000000000000000000),
 ( 1.000000000000000000, 0.7071067811865467956, 1.000000000000000000),
 ( 1.000000000000000000, 0.7071067811865467956, 1.000000000000000000),
 ( 1.000000000000000000, 0.7071067811865475727, 1.000000000000000000),
 ( 1.000000000000000000, 0.7071067811865475727, 1.000000000000000000),
 ( 1.000000000000000000, 0.7071067811865475727, 1.000000000000000000),
 ( 1.000000000000000000, 0.7071067811865475727, 1.000000000000000000),
 ( 1.000000000000000000, 0.7071067811865475727, 1.000000000000000000),
 ( 1.000000000000000000, 0.7071067811865475727, 1.000000000000000000),
 ( 1.000000000000000000, 0.7071067811865475727, 1.000000000000000000),
 ( 1.000000000000000000, 0.7071067811865475727, 1.000000000000000000),
 ( 1.000000000000000000, 0.7071067811865475727, 1.000000000000000000),
 ( 1.000000000000000000, 0.7071067811865475727, 1.000000000000000000),
 ( 1.000000000000000000, 0.7071067811865475727, 1.000000000000000000),
 ( 1.000000000000000000, 0.7071067811865475727, 1.000000000000000000),
 ( 1.000000000000000000, 0.7071067811865475727, 1.000000000000000000),
 ( 1.000000000000000000, 0.7071067811865475727, 1.000000000000000000) ) ) 
 REPRESENTATION_ITEM ( '' )  SURFACE ( )  );
#1362 = VERTEX_POINT ( 'NONE', #3259 ) ;
#1363 = EDGE_CURVE ( 'NONE', #3567, #3510, #361, .T. ) ;
#1364 = CARTESIAN_POINT ( 'NONE',  ( 32.85860375211797191, 17.92260763092653164, -6.833298273923817945 ) ) ;
#1365 = CARTESIAN_POINT ( 'NONE',  ( -2.587832860388688299E-15, 12.24999999999998757, 3.369765737282204299E-06 ) ) ;
#1366 = EDGE_CURVE ( 'NONE', #582, #1770, #3035, .T. ) ;
#1367 = ADVANCED_FACE ( 'NONE', ( #3850 ), #1023, .F. ) ;
#1368 = CARTESIAN_POINT ( 'NONE',  ( 26.10167077494358168, 18.00000000000000000, -9.008748534742284875 ) ) ;
#1369 = CARTESIAN_POINT ( 'NONE',  ( 16.39452571610782172, 5.749999999999992006, -16.81169895140902426 ) ) ;
#1370 = ORIENTED_EDGE ( 'NONE', *, *, #2813, .F. ) ;
#1371 = FACE_OUTER_BOUND ( 'NONE', #2974, .T. ) ;
#1372 = ORIENTED_EDGE ( 'NONE', *, *, #2031, .F. ) ;
#1373 = CARTESIAN_POINT ( 'NONE',  ( 34.42818474641502036, 11.70638175535698444, -9.371460789308606820 ) ) ;
#1374 = EDGE_CURVE ( 'NONE', #3327, #207, #1654, .T. ) ;
#1375 = CARTESIAN_POINT ( 'NONE',  ( 23.96022498541629275, 4.749999999999992006, 0.7878171759882551806 ) ) ;
#1376 = CARTESIAN_POINT ( 'NONE',  ( 10.02495778835974249, 2.600000000000000089, -14.63939904555686056 ) ) ;
#1377 = CARTESIAN_POINT ( 'NONE',  ( 58.84447000169048181, 8.673617379884035472E-16, -4.618110972176518558 ) ) ;
#1378 = CARTESIAN_POINT ( 'NONE',  ( 10.02495778835974249, 13.24999999999998934, -12.98939904555686020 ) ) ;
#1379 = CARTESIAN_POINT ( 'NONE',  ( 24.83804701343770560, 12.24999999999999289, -14.45875902514402256 ) ) ;
#1380 = VERTEX_POINT ( 'NONE', #1376 ) ;
#1381 = CARTESIAN_POINT ( 'NONE',  ( 10.93480468470211520, 16.99999999999999645, -19.93001707460990346 ) ) ;
#1382 = CARTESIAN_POINT ( 'NONE',  ( 33.41310981273176139, 12.20177555406441350, -11.09348794475313937 ) ) ;
#1383 = CARTESIAN_POINT ( 'NONE',  ( 44.86675879710008985, 12.99999999999999822, -8.490406371274067610 ) ) ;
#1384 = CARTESIAN_POINT ( 'NONE',  ( 24.83804701343825272, 5.749999999999992895, -14.45875902514366018 ) ) ;
#1385 = B_SPLINE_CURVE_WITH_KNOTS ( 'NONE', 3,
 ( #2139, #4018, #3662, #2095, #2737, #825 ),
 .UNSPECIFIED., .F., .F.,
 ( 4, 2, 4 ),
 ( 0.000000000000000000, 0.0007684214257206649183, 0.001536842851441329837 ),
 .UNSPECIFIED. ) ;
#1386 = ORIENTED_EDGE ( 'NONE', *, *, #298, .F. ) ;
#1387 = CARTESIAN_POINT ( 'NONE',  ( 71.51143414714103130, 16.06141469970567925, 1.000003369765737560 ) ) ;
#1388 = CARTESIAN_POINT ( 'NONE',  ( 24.90865050035814932, 14.46599995979814857, -15.36582461398844046 ) ) ;
#1389 = DIRECTION ( 'NONE',  ( -0.000000000000000000, -1.000000000000000000, -0.000000000000000000 ) ) ;
#1390 = CIRCLE ( 'NONE', #2571, 2.950000000000003730 ) ;
#1391 = ORIENTED_EDGE ( 'NONE', *, *, #1768, .T. ) ;
#1392 = FACE_OUTER_BOUND ( 'NONE', #66, .T. ) ;
#1393 = AXIS2_PLACEMENT_3D ( 'NONE', #1735, #3003, #2284 ) ;
#1394 = EDGE_CURVE ( 'NONE', #3918, #3821, #1190, .T. ) ;
#1395 = CARTESIAN_POINT ( 'NONE',  ( 66.81715503160549474, 13.00000000000000355, -6.464867045820676061 ) ) ;
#1396 = AXIS2_PLACEMENT_3D ( 'NONE', #1410, #3938, #2976 ) ;
#1397 = CARTESIAN_POINT ( 'NONE',  ( 47.59317687424042020, 5.000000000000000888, -8.533594772670605622 ) ) ;
#1398 = CARTESIAN_POINT ( 'NONE',  ( 74.35718760699636221, 5.000000000000000888, -0.6189526515492909109 ) ) ;
#1399 = CARTESIAN_POINT ( 'NONE',  ( 20.99683708718560027, 13.24999999999999645, -0.6164145124584735624 ) ) ;
#1400 = CARTESIAN_POINT ( 'NONE',  ( 24.51960408857828355, 3.718786852298011869, -15.56169350447729904 ) ) ;
#1401 = ORIENTED_EDGE ( 'NONE', *, *, #1637, .F. ) ;
#1402 = ADVANCED_FACE ( 'NONE', ( #1429 ), #216, .T. ) ;
#1403 = CARTESIAN_POINT ( 'NONE',  ( 42.80143971777565781, 18.00000000000000000, -3.603866148134587721 ) ) ;
#1404 = DIRECTION ( 'NONE',  ( 0.000000000000000000, 0.000000000000000000, -1.000000000000000000 ) ) ;
#1405 = AXIS2_PLACEMENT_3D ( 'NONE', #39, #2822, #2570 ) ;
#1406 = CARTESIAN_POINT ( 'NONE',  ( 30.28221908706417054, 18.00000000000378364, -12.44749544696404442 ) ) ;
#1407 = CARTESIAN_POINT ( 'NONE',  ( 56.40334477318435091, 18.00000000000000000, -10.49854698658884899 ) ) ;
#1408 = ORIENTED_EDGE ( 'NONE', *, *, #2214, .F. ) ;
#1409 = CARTESIAN_POINT ( 'NONE',  ( 73.54726245165346654, 13.33737913984815293, 1.000003369765737560 ) ) ;
#1410 = CARTESIAN_POINT ( 'NONE',  ( 30.02495778835974249, 14.79999999999999893, -5.989399045556861090 ) ) ;
#1411 = CARTESIAN_POINT ( 'NONE',  ( 35.44577963382168662, 10.64220718449448455, -8.938262870858117992 ) ) ;
#1412 = ORIENTED_EDGE ( 'NONE', *, *, #3140, .T. ) ;
#1413 = CARTESIAN_POINT ( 'NONE',  ( 10.80482655665320380, 18.00000000000000000, -18.93850021331660471 ) ) ;
#1414 = DIRECTION ( 'NONE',  ( 0.000000000000000000, -1.000000000000000000, 0.000000000000000000 ) ) ;
#1415 = CARTESIAN_POINT ( 'NONE',  ( 37.14688493978710682, 8.777354710475728794, -9.736150405754889547 ) ) ;
#1416 = CARTESIAN_POINT ( 'NONE',  ( 55.59582113301897266, 9.540979117872439019E-15, -5.552399823563636261 ) ) ;
#1417 = CARTESIAN_POINT ( 'NONE',  ( 18.60179351178078022, 13.24999999999999289, -2.303737433119725786 ) ) ;
#1418 = CARTESIAN_POINT ( 'NONE',  ( 16.39428856916439514, 12.24999999999999112, -16.81179915176777939 ) ) ;
#1419 = CARTESIAN_POINT ( 'NONE',  ( 33.74267640850744243, 12.09726027338430221, -10.94474344699461632 ) ) ;
#1420 = CARTESIAN_POINT ( 'NONE',  ( 53.29525246059901633, 17.99999999999999645, -4.311064624023019931 ) ) ;
#1421 = CARTESIAN_POINT ( 'NONE',  ( 56.14241272605080013, 18.00000000000000000, -5.417598252387961111 ) ) ;
#1422 = EDGE_LOOP ( 'NONE', ( #3478, #2209, #1739, #3137, #3597 ) ) ;
#1423 = CARTESIAN_POINT ( 'NONE',  ( 71.45147285707261631, 17.12148930802947433, -0.4225535669780440817 ) ) ;
#1424 = CARTESIAN_POINT ( 'NONE',  ( 24.92746556790207180, 13.24999999999999289, 0.9665895722708510718 ) ) ;
#1425 = CARTESIAN_POINT ( 'NONE',  ( 25.38556614574351045, 4.687499999999938716, -15.29321486565272892 ) ) ;
#1426 = CARTESIAN_POINT ( 'NONE',  ( 13.30068381498043983, 8.673617379884035472E-16, -23.28209070428395222 ) ) ;
#1427 = VERTEX_POINT ( 'NONE', #2087 ) ;
#1428 = DIRECTION ( 'NONE',  ( -0.000000000000000000, -1.000000000000000000, -0.000000000000000000 ) ) ;
#1429 = FACE_OUTER_BOUND ( 'NONE', #4030, .T. ) ;
#1430 = CARTESIAN_POINT ( 'NONE',  ( 34.40870183585867181, 5.000000000000000888, -10.64217976089437379 ) ) ;
#1431 = CARTESIAN_POINT ( 'NONE',  ( 32.62153440617748856, 4.749999999999994671, -10.26777546232806593 ) ) ;
#1432 = CARTESIAN_POINT ( 'NONE',  ( 10.02495778835974249, 1.000000000000000888, -5.989399045556861090 ) ) ;
#1433 = CARTESIAN_POINT ( 'NONE',  ( 67.50608998600402799, 18.00000000000000000, 3.369765727741225181E-06 ) ) ;
#1434 = ORIENTED_EDGE ( 'NONE', *, *, #1223, .F. ) ;
#1435 = CARTESIAN_POINT ( 'NONE',  ( 18.67892065788001688, -3.903127820947811229E-15, -3.484130838924219375 ) ) ;
#1436 = FACE_OUTER_BOUND ( 'NONE', #1253, .T. ) ;
#1437 = CARTESIAN_POINT ( 'NONE',  ( 39.85103721340424698, 18.00000000000000000, -3.992373948274887230 ) ) ;
#1438 = CARTESIAN_POINT ( 'NONE',  ( 58.41456021981255731, 18.00000000000195044, -9.984924309417365862 ) ) ;
#1439 = VERTEX_POINT ( 'NONE', #3702 ) ;
#1440 = CARTESIAN_POINT ( 'NONE',  ( 73.44305477049233843, 13.83366100702252233, 1.000003369765737560 ) ) ;
#1441 = CARTESIAN_POINT ( 'NONE',  ( 24.70771556376221767, 14.71064033384237035, -15.39781516279113838 ) ) ;
#1442 = CARTESIAN_POINT ( 'NONE',  ( 64.15117764854161919, 8.673617379884035472E-16, -2.237337802407069365 ) ) ;
#1443 = CARTESIAN_POINT ( 'NONE',  ( 16.93672448552738885, 8.673617379884035472E-16, -20.88188246655320413 ) ) ;
#1444 = EDGE_LOOP ( 'NONE', ( #1014, #148 ) ) ;
#1445 = CYLINDRICAL_SURFACE ( 'NONE', #2912, 7.000000000000000888 ) ;
#1446 = CARTESIAN_POINT ( 'NONE',  ( 73.54726245196161472, 13.33737913988836965, 1.000003369765737782 ) ) ;
#1447 = B_SPLINE_CURVE_WITH_KNOTS ( 'NONE', 3,
 ( #3410, #1296, #2286, #3813, #2830, #2579 ),
 .UNSPECIFIED., .F., .F.,
 ( 4, 2, 4 ),
 ( 7.880533913573474395E-16, 0.0007684637582391398150, 0.001536927516477491415 ),
 .UNSPECIFIED. ) ;
#1448 = CIRCLE ( 'NONE', #55, 7.000000000000000000 ) ;
#1449 = LINE ( 'NONE', #393, #2516 ) ;
#1450 = CARTESIAN_POINT ( 'NONE',  ( 55.31031659847245407, 8.673617379884035472E-16, -5.619353622992965924 ) ) ;
#1451 = AXIS2_PLACEMENT_3D ( 'NONE', #2931, #3240, #3617 ) ;
#1452 = CARTESIAN_POINT ( 'NONE',  ( 11.34729199123397336, 1.000000000000000888, -5.918492956256605098 ) ) ;
#1453 = VECTOR ( 'NONE', #526, 1000.000000000000000 ) ;
#1454 = CARTESIAN_POINT ( 'NONE',  ( 12.42969445522754768, 0.03993123856296065810, -18.62156081072601665 ) ) ;
#1455 = B_SPLINE_CURVE_WITH_KNOTS ( 'NONE', 3,
 ( #3005, #3640, #3946, #222, #3401, #1145, #3683, #2718, #1491, #2777 ),
 .UNSPECIFIED., .F., .F.,
 ( 4, 2, 2, 2, 4 ),
 ( 0.004790074770993269296, 0.005378957272090052928, 0.005967839773186836561, 0.006556722274283621060, 0.007145604775380404693 ),
 .UNSPECIFIED. ) ;
#1456 = FACE_OUTER_BOUND ( 'NONE', #2879, .T. ) ;
#1457 = DIRECTION ( 'NONE',  ( -0.000000000000000000, 1.000000000000000000, -0.000000000000000000 ) ) ;
#1458 = FACE_BOUND ( 'NONE', #2193, .T. ) ;
#1459 = CARTESIAN_POINT ( 'NONE',  ( 58.00140827445749636, 12.99999999999869438, -10.09979132422767556 ) ) ;
#1460 = EDGE_LOOP ( 'NONE', ( #2314, #2182, #89, #2162, #3037 ) ) ;
#1461 = CARTESIAN_POINT ( 'NONE',  ( 25.40061632412923132, 18.00000000000000000, 3.369765738003028066E-06 ) ) ;
#1462 = CARTESIAN_POINT ( 'NONE',  ( 23.08533541050412197, 2.735109668286288098, -15.92168038270061459 ) ) ;
#1463 = CARTESIAN_POINT ( 'NONE',  ( 74.27046865597912984, 4.605184907566084007, -0.7061808768033235317 ) ) ;
#1464 = CARTESIAN_POINT ( 'NONE',  ( 25.34822474554856342, 18.00000000000000000, 1.000003373161960196 ) ) ;
#1465 = ORIENTED_EDGE ( 'NONE', *, *, #3555, .T. ) ;
#1466 = CARTESIAN_POINT ( 'NONE',  ( 22.87906562381444431, 0.9999999999987325694, 0.4252188386347248161 ) ) ;
#1467 = FACE_OUTER_BOUND ( 'NONE', #2765, .T. ) ;
#1468 = CARTESIAN_POINT ( 'NONE',  ( 24.83804701343825272, 4.749999999999984901, -14.45875902514366196 ) ) ;
#1469 = VERTEX_POINT ( 'NONE', #2046 ) ;
#1470 = CARTESIAN_POINT ( 'NONE',  ( 36.80432891672768392, 7.290930599014296298, -9.836105171950332959 ) ) ;
#1471 = ADVANCED_FACE ( 'NONE', ( #463 ), #3467, .T. ) ;
#1472 = CARTESIAN_POINT ( 'NONE',  ( 25.77135769114199704, 18.00000000000000000, 1.000003369765737560 ) ) ;
#1473 = CARTESIAN_POINT ( 'NONE',  ( 13.27981268131537718, 1.661399426686864758E-13, -5.419583946484327619 ) ) ;
#1474 = CARTESIAN_POINT ( 'NONE',  ( 73.96630408588191585, 14.52946879747361564, -0.6763354402023057377 ) ) ;
#1475 = CARTESIAN_POINT ( 'NONE',  ( 56.68934183579050057, 3.265694234242876893E-13, -10.57078918945119206 ) ) ;
#1476 = DIRECTION ( 'NONE',  ( -0.000000000000000000, -1.000000000000000000, -0.000000000000000000 ) ) ;
#1477 = CARTESIAN_POINT ( 'NONE',  ( 56.62462397435224659, 18.00000000000000000, -10.54641035029174212 ) ) ;
#1478 = DIRECTION ( 'NONE',  ( 1.000000000000000000, 0.000000000000000000, 0.000000000000000000 ) ) ;
#1479 = EDGE_LOOP ( 'NONE', ( #549, #3148, #1113, #2292 ) ) ;
#1480 = CARTESIAN_POINT ( 'NONE',  ( 56.49702574923653486, 2.744763654376734419, -9.937525135192865733 ) ) ;
#1481 = EDGE_CURVE ( 'NONE', #1427, #695, #1265, .T. ) ;
#1482 = CARTESIAN_POINT ( 'NONE',  ( 25.35878176157738650, 4.504707311136587400, -15.29709813851954436 ) ) ;
#1483 = EDGE_CURVE ( 'NONE', #1863, #2477, #1324, .T. ) ;
#1484 = CARTESIAN_POINT ( 'NONE',  ( 13.59035645166924589, 17.99999999999936051, -5.303910948975539164 ) ) ;
#1485 = VERTEX_POINT ( 'NONE', #1120 ) ;
#1486 = CARTESIAN_POINT ( 'NONE',  ( 21.79429497285203254, 1.301042606982605518E-15, -0.1213799572672338289 ) ) ;
#1487 = DIRECTION ( 'NONE',  ( -0.000000000000000000, -0.000000000000000000, 1.000000000000000000 ) ) ;
#1488 = CARTESIAN_POINT ( 'NONE',  ( 73.25906649614159960, 14.30101028951951392, 1.000003369765737560 ) ) ;
#1489 = CARTESIAN_POINT ( 'NONE',  ( 12.74941679387679372, 1.031944990850370392, -19.43744705462573208 ) ) ;
#1490 = CARTESIAN_POINT ( 'NONE',  ( 56.40334477318439355, -4.913879416343025311E-14, -10.49854698658885610 ) ) ;
#1491 = CARTESIAN_POINT ( 'NONE',  ( 28.05608210119227408, 17.99999999999999645, -8.195256417586916697 ) ) ;
#1492 = CARTESIAN_POINT ( 'NONE',  ( 72.25735905042198226, 16.61783136265720273, -0.5051950460257028652 ) ) ;
#1493 = CARTESIAN_POINT ( 'NONE',  ( 24.86957830217124510, 8.673617379884037444E-16, -9.704026821113641788 ) ) ;
#1494 = PLANE ( 'NONE',  #593 ) ;
#1495 = CARTESIAN_POINT ( 'NONE',  ( 25.03535184844430361, 5.749999999999986677, -0.02941224122818118444 ) ) ;
#1496 = CARTESIAN_POINT ( 'NONE',  ( 32.62153440617748146, 5.749999999999993783, 3.369765737499044733E-06 ) ) ;
#1497 = VERTEX_POINT ( 'NONE', #2372 ) ;
#1498 = CARTESIAN_POINT ( 'NONE',  ( 12.90965604055022808, 18.00000000000000355, -6.587762643673377383 ) ) ;
#1499 = CARTESIAN_POINT ( 'NONE',  ( 35.04108050472176217, 6.805411169599855370, -10.40171903526925412 ) ) ;
#1500 = CARTESIAN_POINT ( 'NONE',  ( 23.22821441655327490, 2.416635514109665817, -15.88429735281915889 ) ) ;
#1501 = CARTESIAN_POINT ( 'NONE',  ( 25.14105542509010505, 1.009636660795471652, -15.41497509896144180 ) ) ;
#1502 = CARTESIAN_POINT ( 'NONE',  ( 20.15909761603724704, 18.00000000000000000, -2.407770382279648569 ) ) ;
#1503 = EDGE_LOOP ( 'NONE', ( #1809, #196, #1017, #308, #7, #4096, #1839, #2827, #3055, #1339 ) ) ;
#1504 = CARTESIAN_POINT ( 'NONE',  ( 24.09081283681075192, 1.000000000000000888, 0.8134306459181678273 ) ) ;
#1505 = LINE ( 'NONE', #3107, #1453 ) ;
#1506 = DIRECTION ( 'NONE',  ( 0.8360904274634565203, -0.000000000000000000, 0.5485916487734522340 ) ) ;
#1507 = CARTESIAN_POINT ( 'NONE',  ( 57.48928242335656336, 8.673617379884035472E-16, -5.536625569808802716 ) ) ;
#1508 = CARTESIAN_POINT ( 'NONE',  ( 10.02495778835974249, 18.00000000000000000, -11.33939904555685985 ) ) ;
#1509 = DIRECTION ( 'NONE',  ( 0.000000000000000000, 0.000000000000000000, -1.000000000000000000 ) ) ;
#1510 = CARTESIAN_POINT ( 'NONE',  ( 12.42969445522754768, 0.03993123856296083157, -18.62156081072601665 ) ) ;
#1511 = CARTESIAN_POINT ( 'NONE',  ( 51.95399105803387130, 5.000000000000000888, -9.137823754662267817 ) ) ;
#1512 = VECTOR ( 'NONE', #2176, 1000.000000000000000 ) ;
#1513 = CARTESIAN_POINT ( 'NONE',  ( 30.81330043834987720, 17.59941644255688331, -8.839098735221954328 ) ) ;
#1514 = CARTESIAN_POINT ( 'NONE',  ( 30.02495778835974249, 18.00000000000000000, -4.339399045556858958 ) ) ;
#1515 = AXIS2_PLACEMENT_3D ( 'NONE', #1916, #417, #2017 ) ;
#1516 = AXIS2_PLACEMENT_3D ( 'NONE', #2486, #4076, #215 ) ;
#1517 = CARTESIAN_POINT ( 'NONE',  ( 56.44916078786356195, 12.99999999999999822, -10.48031439615112781 ) ) ;
#1518 = DIRECTION ( 'NONE',  ( -1.000000000000000000, 0.000000000000000000, 0.000000000000000000 ) ) ;
#1519 = EDGE_CURVE ( 'NONE', #3962, #3936, #1124, .T. ) ;
#1520 = PRESENTATION_LAYER_ASSIGNMENT (  '', '', ( #2715 ) ) ;
#1521 = ORIENTED_EDGE ( 'NONE', *, *, #304, .F. ) ;
#1522 = CARTESIAN_POINT ( 'NONE',  ( 74.27046865456604507, 13.21209500443012352, -0.7061808782200877932 ) ) ;
#1523 = CARTESIAN_POINT ( 'NONE',  ( 35.35671667870465740, 7.236811391389672110, -8.974683105142442940 ) ) ;
#1524 = CARTESIAN_POINT ( 'NONE',  ( 24.95340029064673004, 3.943229259467886827, -15.45850569830205146 ) ) ;
#1525 = EDGE_CURVE ( 'NONE', #3407, #840, #3765, .T. ) ;
#1526 = CARTESIAN_POINT ( 'NONE',  ( 19.26958203702728767, 18.00000000000000000, -3.049862023951647405 ) ) ;
#1527 = ORIENTED_EDGE ( 'NONE', *, *, #3129, .F. ) ;
#1528 = CARTESIAN_POINT ( 'NONE',  ( 25.40237776540924486, 8.673617379884035472E-16, 3.372170111017421964E-06 ) ) ;
#1529 = LINE ( 'NONE', #3436, #1126 ) ;
#1530 = AXIS2_PLACEMENT_3D ( 'NONE', #1229, #2492, #806 ) ;
#1531 = DIRECTION ( 'NONE',  ( 1.000000000000000000, 0.000000000000000000, -0.000000000000000000 ) ) ;
#1532 = DIRECTION ( 'NONE',  ( 0.000000000000000000, 0.000000000000000000, 1.000000000000000000 ) ) ;
#1533 = CARTESIAN_POINT ( 'NONE',  ( 66.93436058351004192, 4.999999999999995559, -8.061443709978597383 ) ) ;
#1534 = CARTESIAN_POINT ( 'NONE',  ( 38.30370119387779226, 5.000000000003786305, -9.369755007841176209 ) ) ;
#1535 = CARTESIAN_POINT ( 'NONE',  ( 35.14388848085241079, 8.673617379884035472E-16, -5.065585947286199264 ) ) ;
#1536 = CARTESIAN_POINT ( 'NONE',  ( 27.83130450854735116, 8.673617379884035472E-16, -8.096173364540954154 ) ) ;
#1537 = CARTESIAN_POINT ( 'NONE',  ( 23.96363624506642154, 5.749999999999992006, -0.2469776697805938503 ) ) ;
#1538 = CARTESIAN_POINT ( 'NONE',  ( 56.40912721004968233, 18.00000000000003197, -10.46528071489681011 ) ) ;
#1539 = CARTESIAN_POINT ( 'NONE',  ( 25.77135769114199704, 18.00000000000000000, 3.369765737499044733E-06 ) ) ;
#1540 = ORIENTED_EDGE ( 'NONE', *, *, #3260, .F. ) ;
#1541 = ORIENTED_EDGE ( 'NONE', *, *, #562, .T. ) ;
#1542 = CARTESIAN_POINT ( 'NONE',  ( 34.35753610242151268, 6.210393704285476879, -10.65712929264125997 ) ) ;
#1543 = CARTESIAN_POINT ( 'NONE',  ( 20.50756806630451123, 1.321429537427098566, -16.64257088052132261 ) ) ;
#1544 = CARTESIAN_POINT ( 'NONE',  ( 13.95255093506314381, 18.00000000000000000, -6.236423579360713454 ) ) ;
#1545 = EDGE_CURVE ( 'NONE', #3838, #2671, #799, .T. ) ;
#1546 = EDGE_LOOP ( 'NONE', ( #1749, #595, #542, #3275, #3287, #2239 ) ) ;
#1547 = CARTESIAN_POINT ( 'NONE',  ( 22.93826526663850984, 1.301042606982605321E-15, -0.6485551779013593032 ) ) ;
#1548 = DIRECTION ( 'NONE',  ( -0.000000000000000000, -1.000000000000000000, -0.000000000000000000 ) ) ;
#1549 = ORIENTED_EDGE ( 'NONE', *, *, #1, .F. ) ;
#1550 = CARTESIAN_POINT ( 'NONE',  ( 37.97419580017752594, 13.00000000000000533, -9.453830217147972448 ) ) ;
#1551 = CARTESIAN_POINT ( 'NONE',  ( 25.33819280799372109, -6.858327874770498380E-14, -15.33599065245600634 ) ) ;
#1552 = DIRECTION ( 'NONE',  ( 0.000000000000000000, 0.000000000000000000, -1.000000000000000000 ) ) ;
#1553 = CARTESIAN_POINT ( 'NONE',  ( 56.43680280062662291, 5.000000000000000888, -10.47566695413599192 ) ) ;
#1554 = DIRECTION ( 'NONE',  ( 0.000000000000000000, 0.000000000000000000, 1.000000000000000000 ) ) ;
#1555 = CARTESIAN_POINT ( 'NONE',  ( 13.27216712983884683, 5.750000000001102229, -5.422221215337684086 ) ) ;
#1556 = CARTESIAN_POINT ( 'NONE',  ( 4.024957788359743383, 4.749999999999991118, -12.98939904555686020 ) ) ;
#1557 = EDGE_LOOP ( 'NONE', ( #2868, #2942 ) ) ;
#1558 = VERTEX_POINT ( 'NONE', #3088 ) ;
#1559 = LINE ( 'NONE', #3479, #2043 ) ;
#1560 = CARTESIAN_POINT ( 'NONE',  ( 11.72995778835974257, 0.000000000000000000, -15.94254567246179732 ) ) ;
#1561 = CARTESIAN_POINT ( 'NONE',  ( 24.87373054094017277, 13.81561003878179328, -15.47729181693468270 ) ) ;
#1562 = CARTESIAN_POINT ( 'NONE',  ( 10.02495778835974249, 16.99999999999999645, -5.989399045556861090 ) ) ;
#1563 = ORIENTED_EDGE ( 'NONE', *, *, #1782, .T. ) ;
#1564 = CARTESIAN_POINT ( 'NONE',  ( 12.56400676345051792, 17.00000000000000000, -5.647043670362325685 ) ) ;
#1565 = CARTESIAN_POINT ( 'NONE',  ( 30.02495778835974249, 2.600000000000000089, -5.989399045556861090 ) ) ;
#1566 = CARTESIAN_POINT ( 'NONE',  ( 43.56209479880434543, 13.00000000000000355, -8.558673220175242236 ) ) ;
#1567 = CARTESIAN_POINT ( 'NONE',  ( 40.31059883769753327, 8.673617379884035472E-16, -3.916982884332167014 ) ) ;
#1568 = CARTESIAN_POINT ( 'NONE',  ( 23.77541428714460636, 0.9999999999999974465, 1.000003369765740002 ) ) ;
#1569 = CARTESIAN_POINT ( 'NONE',  ( 0.000000000000000000, 16.99999999999999645, 3.369765737499044733E-06 ) ) ;
#1570 = CIRCLE ( 'NONE', #4091, 2.950000000000001066 ) ;
#1571 = CARTESIAN_POINT ( 'NONE',  ( 21.78575470977515138, 4.749999999999992006, -0.1262519989186239866 ) ) ;
#1572 = CARTESIAN_POINT ( 'NONE',  ( 25.03902338128924043, 13.39911169210645703, -15.43872055619345929 ) ) ;
#1573 = VERTEX_POINT ( 'NONE', #817 ) ;
#1574 = VECTOR ( 'NONE', #1104, 1000.000000000000227 ) ;
#1575 = CARTESIAN_POINT ( 'NONE',  ( 75.83082967827894549, 3.780530725006329362, 1.000003369765886330 ) ) ;
#1576 = CARTESIAN_POINT ( 'NONE',  ( 34.40870183585835207, 13.00000000000010658, -10.64217976089449458 ) ) ;
#1577 = DIRECTION ( 'NONE',  ( -0.000000000000000000, -1.000000000000000000, -0.000000000000000000 ) ) ;
#1578 = CARTESIAN_POINT ( 'NONE',  ( 22.38820145427826702, 18.00000000000000000, -11.29213033770394148 ) ) ;
#1579 = AXIS2_PLACEMENT_3D ( 'NONE', #502, #1140, #2354 ) ;
#1580 = VERTEX_POINT ( 'NONE', #1774 ) ;
#1581 = CARTESIAN_POINT ( 'NONE',  ( 10.02495778835974249, 16.99999999999999645, -5.989399045556861090 ) ) ;
#1582 = CARTESIAN_POINT ( 'NONE',  ( 12.31728771253419019, 13.24999999999998934, -5.710825460799077824 ) ) ;
#1583 = CIRCLE ( 'NONE', #2970, 4.250000000000000000 ) ;
#1584 = EDGE_LOOP ( 'NONE', ( #1601, #3703, #769 ) ) ;
#1585 = CARTESIAN_POINT ( 'NONE',  ( 30.02495778835974249, 14.79999999999999893, -5.989399045556861090 ) ) ;
#1586 = TOROIDAL_SURFACE ( 'NONE', #3190, 6.000000000000000000, 1.000000000000000000 ) ;
#1587 = CARTESIAN_POINT ( 'NONE',  ( 35.00656911101840763, 8.673617379884035472E-16, -5.098248628368942548 ) ) ;
#1588 = B_SPLINE_CURVE_WITH_KNOTS ( 'NONE', 3,
 ( #422, #2042, #3636, #3018, #194, #133, #2962, #149, #1413 ),
 .UNSPECIFIED., .F., .F.,
 ( 4, 2, 2, 1, 4 ),
 ( 0.02995145351515242013, 0.03504386947079626835, 0.03759007744861819766, 0.04013628542644012004, 0.05032111733772780260 ),
 .UNSPECIFIED. ) ;
#1589 = CARTESIAN_POINT ( 'NONE',  ( 40.97085943536381336, 8.673617379884035472E-16, -3.809499687942840662 ) ) ;
#1590 = EDGE_CURVE ( 'NONE', #3253, #3428, #3495, .T. ) ;
#1591 = CARTESIAN_POINT ( 'NONE',  ( 60.59328434461823321, 5.000000000000001776, -9.305020942180112442 ) ) ;
#1592 = CARTESIAN_POINT ( 'NONE',  ( 11.34886745135871600, 5.750000000002196465, -5.918105056136120368 ) ) ;
#1593 = CARTESIAN_POINT ( 'NONE',  ( 23.98434360211104632, 15.09446084886090489, -15.69231837352171155 ) ) ;
#1594 = ORIENTED_EDGE ( 'NONE', *, *, #3804, .T. ) ;
#1595 = CARTESIAN_POINT ( 'NONE',  ( 73.00871666573065966, 3.270506404317185645, 1.000003369765737560 ) ) ;
#1596 = CARTESIAN_POINT ( 'NONE',  ( 35.85812869149591364, 8.659307612597258341, -8.779817353262719948 ) ) ;
#1597 = CARTESIAN_POINT ( 'NONE',  ( 32.62153440617748146, 12.24999999999999467, -10.26777546232808547 ) ) ;
#1598 = CARTESIAN_POINT ( 'NONE',  ( 11.49172822376620218, 18.00000000000000000, -6.910175368065233137 ) ) ;
#1599 = CARTESIAN_POINT ( 'NONE',  ( 29.89803061447642207, 5.749999999999993783, -11.40997177278574704 ) ) ;
#1600 = ADVANCED_FACE ( 'NONE', ( #889 ), #1842, .F. ) ;
#1601 = ORIENTED_EDGE ( 'NONE', *, *, #1653, .F. ) ;
#1602 = CARTESIAN_POINT ( 'NONE',  ( 23.96022498541630341, 17.00000000000000355, 0.7878171759882554026 ) ) ;
#1603 = ADVANCED_FACE ( 'NONE', ( #2794 ), #2465, .F. ) ;
#1604 = CARTESIAN_POINT ( 'NONE',  ( 12.31728771256796584, 12.25000000000030731, -5.710825460958315780 ) ) ;
#1605 = ORIENTED_EDGE ( 'NONE', *, *, #3794, .F. ) ;
#1606 = CARTESIAN_POINT ( 'NONE',  ( 56.46406744112638876, 13.66909942477910889, -10.44976589760254626 ) ) ;
#1607 = VERTEX_POINT ( 'NONE', #2151 ) ;
#1608 = CARTESIAN_POINT ( 'NONE',  ( 25.58658897244120922, 4.749999999999976907, 0.9984090719922038559 ) ) ;
#1609 = CARTESIAN_POINT ( 'NONE',  ( 25.12762238508675594, -1.734723475976807094E-15, -9.567867815413245935 ) ) ;
#1610 = CARTESIAN_POINT ( 'NONE',  ( 24.59590225550386222, 3.178990687122413394, -15.41627555102473934 ) ) ;
#1611 = CARTESIAN_POINT ( 'NONE',  ( 12.36020836451721472, 1.031944990850371280, -18.51629733904446340 ) ) ;
#1612 = CARTESIAN_POINT ( 'NONE',  ( 23.67672717518054881, 5.750000000000953015, 0.7125655596079444321 ) ) ;
#1613 = CARTESIAN_POINT ( 'NONE',  ( 24.80219284474009100, 14.60875710213593592, -15.38271321067125541 ) ) ;
#1614 = ORIENTED_EDGE ( 'NONE', *, *, #3989, .T. ) ;
#1615 = CARTESIAN_POINT ( 'NONE',  ( 70.55041793769404990, 0.03038392726426681831, 1.000003369765667172 ) ) ;
#1616 = CARTESIAN_POINT ( 'NONE',  ( 33.71975961801539512, 12.05882352941184621, -9.705814336439544832 ) ) ;
#1617 = DIRECTION ( 'NONE',  ( 0.5000000000000000000, 0.000000000000000000, 0.8660254037844385966 ) ) ;
#1618 = FACE_OUTER_BOUND ( 'NONE', #52, .T. ) ;
#1619 = DIRECTION ( 'NONE',  ( 0.9211497155812672366, -0.000000000000000000, 0.3892084293595792777 ) ) ;
#1620 = ORIENTED_EDGE ( 'NONE', *, *, #562, .F. ) ;
#1621 = CARTESIAN_POINT ( 'NONE',  ( 23.26014917904635837, 17.00000000000000355, 0.5721040140534426888 ) ) ;
#1622 = CARTESIAN_POINT ( 'NONE',  ( 24.49760415111400036, 12.24999999999999289, -0.1217086310035326163 ) ) ;
#1623 = ORIENTED_EDGE ( 'NONE', *, *, #3587, .F. ) ;
#1624 = CARTESIAN_POINT ( 'NONE',  ( 56.67821634024863897, 17.93823128696333669, -6.103984062011575062 ) ) ;
#1625 = ORIENTED_EDGE ( 'NONE', *, *, #3587, .T. ) ;
#1626 = CARTESIAN_POINT ( 'NONE',  ( 16.82615880147580967, 4.749999999999992006, -3.574983797143122199 ) ) ;
#1627 = CARTESIAN_POINT ( 'NONE',  ( 16.93672448553655840, 5.000000000000000888, -20.88188246656710945 ) ) ;
#1628 = LINE ( 'NONE', #720, #1574 ) ;
#1629 = CARTESIAN_POINT ( 'NONE',  ( 59.77714387479275615, 4.999999999999991118, -9.578769602594507049 ) ) ;
#1630 = CARTESIAN_POINT ( 'NONE',  ( 34.01595977841476071, 6.047522744171190290, -9.560607947596135858 ) ) ;
#1631 = CARTESIAN_POINT ( 'NONE',  ( 22.28601953129932056, 5.749999999999992006, -0.9929291839825067356 ) ) ;
#1632 = CARTESIAN_POINT ( 'NONE',  ( 19.86185449851941698, 16.29364022139609247, -16.83926155173567452 ) ) ;
#1633 = ORIENTED_EDGE ( 'NONE', *, *, #2431, .F. ) ;
#1634 = CARTESIAN_POINT ( 'NONE',  ( 72.33880409327503003, 2.523179917028510300, 1.000003369765737560 ) ) ;
#1635 = CARTESIAN_POINT ( 'NONE',  ( 35.70955173846883213, 7.966880689079880895, -10.15946890055881369 ) ) ;
#1636 = DIRECTION ( 'NONE',  ( -0.000000000000000000, 1.000000000000000000, -0.000000000000000000 ) ) ;
#1637 = EDGE_CURVE ( 'NONE', #2406, #1558, #3437, .T. ) ;
#1638 = CARTESIAN_POINT ( 'NONE',  ( 22.73008836360853380, 18.00000000000000000, -11.06710365864604206 ) ) ;
#1639 = CARTESIAN_POINT ( 'NONE',  ( 60.47321245983481930, 12.99999999999999822, -9.346789014484054192 ) ) ;
#1640 = VECTOR ( 'NONE', #2743, 1000.000000000000000 ) ;
#1641 = ORIENTED_EDGE ( 'NONE', *, *, #776, .F. ) ;
#1642 = CARTESIAN_POINT ( 'NONE',  ( 0.000000000000000000, 2.600000000000000089, 0.000000000000000000 ) ) ;
#1643 = EDGE_CURVE ( 'NONE', #3592, #2123, #98, .T. ) ;
#1644 = CARTESIAN_POINT ( 'NONE',  ( 19.87994689756497024, 12.25000000000094502, -1.377982584912163855 ) ) ;
#1645 = ORIENTED_EDGE ( 'NONE', *, *, #2254, .T. ) ;
#1646 = CARTESIAN_POINT ( 'NONE',  ( 56.68344828278775793, 17.96131897952019330, -5.938357622366550181 ) ) ;
#1647 = CIRCLE ( 'NONE', #113, 1.650000000000002132 ) ;
#1648 = AXIS2_PLACEMENT_3D ( 'NONE', #1565, #4056, #2106 ) ;
#1649 = EDGE_LOOP ( 'NONE', ( #3200, #1085, #192, #1714 ) ) ;
#1650 = AXIS2_PLACEMENT_3D ( 'NONE', #1110, #752, #3604 ) ;
#1651 = CARTESIAN_POINT ( 'NONE',  ( 23.26014917904635837, 4.749999999999991118, 0.5721040140534426888 ) ) ;
#1652 = CARTESIAN_POINT ( 'NONE',  ( 25.77135769114199704, 13.24999999999998579, 1.000003369765737560 ) ) ;
#1653 = EDGE_CURVE ( 'NONE', #4069, #3962, #3239, .T. ) ;
#1654 = LINE ( 'NONE', #3234, #4095 ) ;
#1655 = EDGE_CURVE ( 'NONE', #2275, #2795, #1647, .T. ) ;
#1656 = EDGE_CURVE ( 'NONE', #3842, #376, #557, .T. ) ;
#1657 = CARTESIAN_POINT ( 'NONE',  ( 56.60303582260040400, 4.999999999999965361, -10.45211105589632439 ) ) ;
#1658 = CARTESIAN_POINT ( 'NONE',  ( 20.38773602739588497, 13.24999999999999467, -1.023593065556723580 ) ) ;
#1659 = CARTESIAN_POINT ( 'NONE',  ( 10.02495778835973894, 5.749999999999989342, -6.989399045556861090 ) ) ;
#1660 = CARTESIAN_POINT ( 'NONE',  ( 20.51226731469002829, 16.67713115820830083, -16.64118385206423767 ) ) ;
#1661 = CARTESIAN_POINT ( 'NONE',  ( 10.02495778835974249, 18.00000000000000000, -12.98939904555686020 ) ) ;
#1662 = CARTESIAN_POINT ( 'NONE',  ( 36.49255931946058951, 6.694291819899535589, -9.930419079246341596 ) ) ;
#1663 = CARTESIAN_POINT ( 'NONE',  ( 64.15117764853467008, 17.99999999999999289, -2.237337802410978238 ) ) ;
#1664 = B_SPLINE_CURVE_WITH_KNOTS ( 'NONE', 3,
 ( #2061, #1463, #2038, #107, #164, #3984, #2997, #3310, #2669, #3959, #458, #1100, #3034, #2333, #1137, #3274, #2707, #794, #1728, #1154, #834, #2393 ),
 .UNSPECIFIED., .F., .F.,
 ( 4, 2, 2, 2, 2, 2, 2, 2, 2, 2, 4 ),
 ( 1.705652302422651495E-16, 0.001167510480386364661, 0.001751265720579461014, 0.002335020960772557150, 0.002918776200965653503, 0.003502531441158749856, 0.004086286681351847076, 0.004670041921544943429, 0.005837552401931135268, 0.007005062882317327107, 0.009340083843089670018 ),
 .UNSPECIFIED. ) ;
#1665 = EDGE_CURVE ( 'NONE', #3253, #3592, #1309, .T. ) ;
#1666 = CARTESIAN_POINT ( 'NONE',  ( 41.15873865217881900, 17.99999999999905143, -8.845727999527129626 ) ) ;
#1667 = DIRECTION ( 'NONE',  ( 0.3892084293595792777, 0.000000000000000000, -0.9211497155812672366 ) ) ;
#1668 = VERTEX_POINT ( 'NONE', #1089 ) ;
#1669 = CARTESIAN_POINT ( 'NONE',  ( 74.13453901518157352, 14.04207625925169367, -0.6928670471908490169 ) ) ;
#1670 = CARTESIAN_POINT ( 'NONE',  ( 20.49664611019717597, 13.24999999999935518, -0.9496350787864635823 ) ) ;
#1671 = EDGE_LOOP ( 'NONE', ( #3728, #2922, #2184, #2495 ) ) ;
#1672 = CARTESIAN_POINT ( 'NONE',  ( 11.72995778835974257, 2.600000000000000089, -15.94254567246179732 ) ) ;
#1673 = ADVANCED_FACE ( 'NONE', ( #426 ), #1717, .F. ) ;
#1674 = ORIENTED_EDGE ( 'NONE', *, *, #177, .F. ) ;
#1675 = CARTESIAN_POINT ( 'NONE',  ( 12.74941679387679372, 16.96805500914963005, -19.43744705462573208 ) ) ;
#1676 = CARTESIAN_POINT ( 'NONE',  ( 6.614957788359743240, 0.000000000000000000, -12.98939904555686020 ) ) ;
#1677 = CARTESIAN_POINT ( 'NONE',  ( 66.81994632150913560, 8.673617379884035472E-16, -0.5185535341307597745 ) ) ;
#1678 = CARTESIAN_POINT ( 'NONE',  ( 19.19119922875439599, 13.24999999999999289, -1.868650270812103331 ) ) ;
#1679 = CARTESIAN_POINT ( 'NONE',  ( 25.06508466426978288, 4.749999999999993783, -15.43264500671691764 ) ) ;
#1680 = EDGE_LOOP ( 'NONE', ( #3819, #3105, #1194, #3613 ) ) ;
#1681 = DIRECTION ( 'NONE',  ( 0.5000000000000005551, 0.000000000000000000, -0.8660254037844382635 ) ) ;
#1682 = CARTESIAN_POINT ( 'NONE',  ( 33.36172393659907698, 12.18737092951135104, -9.881334382028386543 ) ) ;
#1683 = CARTESIAN_POINT ( 'NONE',  ( 32.94429634697411302, 12.99999999999999822, -11.21279223318207663 ) ) ;
#1684 = CARTESIAN_POINT ( 'NONE',  ( 25.77135769114199704, 4.749999999999992006, 1.000003369765737560 ) ) ;
#1685 = ORIENTED_EDGE ( 'NONE', *, *, #2688, .F. ) ;
#1686 = CARTESIAN_POINT ( 'NONE',  ( 71.65533665961832810, 15.97660223483400621, 1.000003369765737560 ) ) ;
#1687 = CARTESIAN_POINT ( 'NONE',  ( 23.24212873025794934, 15.85536756228805189, -15.65114793029438722 ) ) ;
#1688 = EDGE_CURVE ( 'NONE', #362, #2077, #2597, .T. ) ;
#1689 = EDGE_LOOP ( 'NONE', ( #356, #2920 ) ) ;
#1690 = CARTESIAN_POINT ( 'NONE',  ( 58.64177666455784532, 8.673617379884037444E-16, -4.694496050775951446 ) ) ;
#1691 = EDGE_LOOP ( 'NONE', ( #2169, #750, #819, #3991, #650 ) ) ;
#1692 = DIRECTION ( 'NONE',  ( 0.000000000000000000, 0.000000000000000000, -1.000000000000000000 ) ) ;
#1693 = EDGE_CURVE ( 'NONE', #2834, #1322, #2178, .T. ) ;
#1694 = CARTESIAN_POINT ( 'NONE',  ( 69.00109215205732482, 13.00000000000000178, -5.094892925460849931 ) ) ;
#1695 = CARTESIAN_POINT ( 'NONE',  ( 62.90581292749888576, -6.520876402993445387E-13, -8.445883358933627960 ) ) ;
#1696 = CARTESIAN_POINT ( 'NONE',  ( 35.81556150363786628, 8.309921346912489071, -8.795570562229647393 ) ) ;
#1697 = DIRECTION ( 'NONE',  ( -1.000000000000000000, -1.239088197126290817E-16, 0.000000000000000000 ) ) ;
#1698 = ORIENTED_EDGE ( 'NONE', *, *, #2551, .T. ) ;
#1699 = CARTESIAN_POINT ( 'NONE',  ( 20.85511878078766657, 13.24999999999999289, -16.41409538422684733 ) ) ;
#1700 = CARTESIAN_POINT ( 'NONE',  ( 67.50608998600402799, 16.99999999999999645, 3.369765737499044733E-06 ) ) ;
#1701 = CARTESIAN_POINT ( 'NONE',  ( 55.93871237375562089, 18.00000000000000355, -5.022883146306277524 ) ) ;
#1702 = CARTESIAN_POINT ( 'NONE',  ( 56.48627403994186125, 17.99999999999998579, -10.47934976118657779 ) ) ;
#1703 = ORIENTED_EDGE ( 'NONE', *, *, #3129, .T. ) ;
#1704 = CARTESIAN_POINT ( 'NONE',  ( 73.74091938337411989, 14.99320360790612128, -0.6540976464453388539 ) ) ;
#1705 = CARTESIAN_POINT ( 'NONE',  ( 12.42969445522754768, 17.96006876143703934, -18.62156081072601665 ) ) ;
#1706 = CARTESIAN_POINT ( 'NONE',  ( 33.74267640851320493, 5.902739726613986271, -10.94474344699775514 ) ) ;
#1707 = AXIS2_PLACEMENT_3D ( 'NONE', #3277, #1414, #405 ) ;
#1708 = ORIENTED_EDGE ( 'NONE', *, *, #3167, .T. ) ;
#1709 = CARTESIAN_POINT ( 'NONE',  ( 24.83804701343825272, 13.24999999999999112, -14.45875902514366729 ) ) ;
#1710 = VECTOR ( 'NONE', #532, 1000.000000000000000 ) ;
#1711 = B_SPLINE_CURVE_WITH_KNOTS ( 'NONE', 3,
 ( #1249, #2865, #943, #21 ),
 .UNSPECIFIED., .F., .F.,
 ( 4, 4 ),
 ( 0.000000000000000000, 0.01313588168703659978 ),
 .UNSPECIFIED. ) ;
#1712 = DIRECTION ( 'NONE',  ( -0.000000000000000000, -0.000000000000000000, 1.000000000000000000 ) ) ;
#1713 = AXIS2_PLACEMENT_3D ( 'NONE', #3039, #2004, #2731 ) ;
#1714 = ORIENTED_EDGE ( 'NONE', *, *, #3855, .F. ) ;
#1715 = CARTESIAN_POINT ( 'NONE',  ( 55.68705291119540135, 9.540979117872439019E-15, -5.530460699633803934 ) ) ;
#1716 = B_SPLINE_CURVE_WITH_KNOTS ( 'NONE', 3,
 ( #269, #2825, #4047, #3406 ),
 .UNSPECIFIED., .F., .F.,
 ( 4, 4 ),
 ( 0.000000000000000000, 0.008667624756764656657 ),
 .UNSPECIFIED. ) ;
#1717 = PLANE ( 'NONE',  #1260 ) ;
#1718 = CARTESIAN_POINT ( 'NONE',  ( 14.10530140654279840, 1.078151634663331748, -18.87922425304673979 ) ) ;
#1719 = ORIENTED_EDGE ( 'NONE', *, *, #3258, .T. ) ;
#1720 = CARTESIAN_POINT ( 'NONE',  ( 32.98139271441350928, 17.99999999999999645, -6.045196797810064027 ) ) ;
#1721 = CARTESIAN_POINT ( 'NONE',  ( 32.62153440617748146, 13.24999999999999467, 3.369765737784567681E-06 ) ) ;
#1722 = CIRCLE ( 'NONE', #3318, 1.000000000000000222 ) ;
#1723 = CARTESIAN_POINT ( 'NONE',  ( 49.45408146333933530, 18.00000000000376943, -8.666377452286429417 ) ) ;
#1724 = CARTESIAN_POINT ( 'NONE',  ( 57.17337666334853452, 12.99999999999999822, -10.31431456560870608 ) ) ;
#1725 = EDGE_LOOP ( 'NONE', ( #1304, #1645, #1789 ) ) ;
#1726 = FACE_OUTER_BOUND ( 'NONE', #853, .T. ) ;
#1727 = CARTESIAN_POINT ( 'NONE',  ( 24.01620400368145880, 15.34705286128787982, -15.51317068499264273 ) ) ;
#1728 = CARTESIAN_POINT ( 'NONE',  ( 70.18132564690986896, 0.3693182371716843826, -0.2896314832851517584 ) ) ;
#1729 = CARTESIAN_POINT ( 'NONE',  ( 30.02495778835974249, 14.79999999999999893, -5.989399045556861090 ) ) ;
#1730 = ADVANCED_FACE ( 'NONE', ( #3298 ), #1333, .T. ) ;
#1731 = ORIENTED_EDGE ( 'NONE', *, *, #3250, .T. ) ;
#1732 = CYLINDRICAL_SURFACE ( 'NONE', #3242, 1.650000000000000355 ) ;
#1733 = CARTESIAN_POINT ( 'NONE',  ( 30.38958061442813019, 5.749999999999993783, -12.35823561331739739 ) ) ;
#1734 = EDGE_LOOP ( 'NONE', ( #1563, #314, #3575, #580, #1200 ) ) ;
#1735 = CARTESIAN_POINT ( 'NONE',  ( 32.62153440617748146, 8.999999999999994671, 3.369765737282204299E-06 ) ) ;
#1736 = CARTESIAN_POINT ( 'NONE',  ( 62.31761082407638241, 8.673617379884035472E-16, -3.221617727735956116 ) ) ;
#1737 = LINE ( 'NONE', #3381, #1710 ) ;
#1738 = CARTESIAN_POINT ( 'NONE',  ( 30.38981127572017016, 12.24999999999999467, -12.35813887741733552 ) ) ;
#1739 = ORIENTED_EDGE ( 'NONE', *, *, #304, .T. ) ;
#1740 = CARTESIAN_POINT ( 'NONE',  ( 12.36020836451721472, 12.24999999999999112, -18.51629733904446340 ) ) ;
#1741 = CARTESIAN_POINT ( 'NONE',  ( 12.90965604055022276, 5.749999999999992006, -6.587762643673380047 ) ) ;
#1742 = CARTESIAN_POINT ( 'NONE',  ( 52.20203055408867954, 17.99999999999810640, -9.192569996486525952 ) ) ;
#1743 = CARTESIAN_POINT ( 'NONE',  ( 55.31031659847255355, 18.00000000000000000, -5.619353622992949937 ) ) ;
#1744 = ORIENTED_EDGE ( 'NONE', *, *, #12, .F. ) ;
#1745 = CARTESIAN_POINT ( 'NONE',  ( 72.07215199869996525, 15.69371197331156864, 1.000003369765737560 ) ) ;
#1746 = DIRECTION ( 'NONE',  ( -1.000000000000000000, 0.000000000000000000, 0.000000000000000000 ) ) ;
#1747 = CARTESIAN_POINT ( 'NONE',  ( 35.87153440617748146, 8.999999999999996447, -8.774806486217958224 ) ) ;
#1748 = CARTESIAN_POINT ( 'NONE',  ( 21.90876301155785200, 8.673617379884035472E-16, -11.60861527391863923 ) ) ;
#1749 = ORIENTED_EDGE ( 'NONE', *, *, #3848, .T. ) ;
#1750 = DIRECTION ( 'NONE',  ( 1.000000000000000000, 0.000000000000000000, 0.000000000000000000 ) ) ;
#1751 = CARTESIAN_POINT ( 'NONE',  ( 33.00752853184701507, 4.687499999999992006, -11.18815705979110398 ) ) ;
#1752 = CARTESIAN_POINT ( 'NONE',  ( 55.82267736742459618, 5.000000000000000888, -10.25082864625965051 ) ) ;
#1753 = CARTESIAN_POINT ( 'NONE',  ( 36.61308022702672815, 6.898721829876508949, -9.893647003102003623 ) ) ;
#1754 = DIRECTION ( 'NONE',  ( -0.4999999999999989453, 0.000000000000000000, 0.8660254037844392627 ) ) ;
#1755 = CARTESIAN_POINT ( 'NONE',  ( 12.74941679387679194, 1.031944990850368837, -19.43744705462573563 ) ) ;
#1756 = CARTESIAN_POINT ( 'NONE',  ( 10.02495778835974249, 18.00000000000000000, -11.33939904555685985 ) ) ;
#1757 = CARTESIAN_POINT ( 'NONE',  ( 22.92473947816959523, 1.301042606982603349E-15, -0.6212809190882574439 ) ) ;
#1758 = CARTESIAN_POINT ( 'NONE',  ( 24.31684190673510670, 5.749999999999992006, -0.1527958692055238765 ) ) ;
#1759 = FACE_BOUND ( 'NONE', #1096, .T. ) ;
#1760 = CARTESIAN_POINT ( 'NONE',  ( 58.84447000169100761, 18.00000000000000000, -4.618110972175012208 ) ) ;
#1761 = ORIENTED_EDGE ( 'NONE', *, *, #2461, .F. ) ;
#1762 = CARTESIAN_POINT ( 'NONE',  ( 21.05161044332099962, 18.00000000000000711, -1.770541749933758791 ) ) ;
#1763 = DIRECTION ( 'NONE',  ( -0.4999999999999993894, 0.000000000000000000, -0.8660254037844389297 ) ) ;
#1764 = EDGE_CURVE ( 'NONE', #3153, #735, #2696, .T. ) ;
#1765 = LINE ( 'NONE', #3671, #2 ) ;
#1766 = CARTESIAN_POINT ( 'NONE',  ( 18.67937058464333688, 16.99999999999999645, -2.242590512771163169 ) ) ;
#1767 =( BOUNDED_SURFACE ( )  B_SPLINE_SURFACE ( 3, 2, ( 
 ( #728, #99, #1379 ),
 ( #2026, #115, #2639 ),
 ( #3299, #1738, #447 ),
 ( #3897, #2987, #2677 ) ),
 .UNSPECIFIED., .F., .F., .F. ) 
 B_SPLINE_SURFACE_WITH_KNOTS ( ( 4, 4 ),
 ( 3, 3 ),
 ( 0.01969336774693045827, 0.02854395913660535272 ),
 ( 0.000000000000000000, 1.000000000000000000 ),
 .UNSPECIFIED. ) 
 GEOMETRIC_REPRESENTATION_ITEM ( )  RATIONAL_B_SPLINE_SURFACE ( (
 ( 1.000000000000000000, 0.6846531968814575375, 1.000000000000000000),
 ( 1.000000000000000000, 0.6846531968814575375, 1.000000000000000000),
 ( 1.000000000000000000, 0.6846531968814569824, 1.000000000000000000),
 ( 1.000000000000000000, 0.6846531968814569824, 1.000000000000000000) ) ) 
 REPRESENTATION_ITEM ( '' )  SURFACE ( )  );
#1768 = EDGE_CURVE ( 'NONE', #3163, #1322, #1737, .T. ) ;
#1769 = EDGE_CURVE ( 'NONE', #3327, #3667, #2448, .T. ) ;
#1770 = VERTEX_POINT ( 'NONE', #4016 ) ;
#1771 = DIRECTION ( 'NONE',  ( -1.000000000000000000, 0.000000000000000000, 0.000000000000000000 ) ) ;
#1772 = DIRECTION ( 'NONE',  ( 0.000000000000000000, 0.000000000000000000, -1.000000000000000000 ) ) ;
#1773 = CIRCLE ( 'NONE', #509, 1.000000000000000000 ) ;
#1774 = CARTESIAN_POINT ( 'NONE',  ( 12.74941679387679372, 4.749999999999990230, -19.43744705462573208 ) ) ;
#1775 = AXIS2_PLACEMENT_3D ( 'NONE', #1661, #530, #3856 ) ;
#1776 = CARTESIAN_POINT ( 'NONE',  ( 51.16672382214562731, 8.673617379884035472E-16, -3.916014322768428091 ) ) ;
#1777 = CARTESIAN_POINT ( 'NONE',  ( 37.14751054493603277, 9.432769515054120646, -9.735971070059747490 ) ) ;
#1778 = FACE_OUTER_BOUND ( 'NONE', #1422, .T. ) ;
#1779 = ADVANCED_FACE ( 'NONE', ( #1803 ), #4028, .T. ) ;
#1780 = CARTESIAN_POINT ( 'NONE',  ( 54.90319469099497951, 5.000000000000000888, -9.935647236631290014 ) ) ;
#1781 = EDGE_CURVE ( 'NONE', #4067, #4074, #1455, .T. ) ;
#1782 = EDGE_CURVE ( 'NONE', #3395, #3567, #995, .T. ) ;
#1783 = CARTESIAN_POINT ( 'NONE',  ( 58.45190675528437652, 8.673617379884035472E-16, -5.891754576993889714 ) ) ;
#1784 = VECTOR ( 'NONE', #3284, 1000.000000000000000 ) ;
#1785 = DIRECTION ( 'NONE',  ( -2.112516620725462547E-16, 1.000000000000000000, 0.000000000000000000 ) ) ;
#1786 = DIRECTION ( 'NONE',  ( -1.000000000000000000, -2.112516620725462547E-16, 0.000000000000000000 ) ) ;
#1787 = DIRECTION ( 'NONE',  ( -0.000000000000000000, 1.000000000000000000, -0.000000000000000000 ) ) ;
#1788 = AXIS2_PLACEMENT_3D ( 'NONE', #3291, #438, #2977 ) ;
#1789 = ORIENTED_EDGE ( 'NONE', *, *, #3859, .F. ) ;
#1790 = CARTESIAN_POINT ( 'NONE',  ( 15.65238796268217314, 18.00000000000000355, -5.521512077110894978 ) ) ;
#1791 = CARTESIAN_POINT ( 'NONE',  ( 34.82536026139185026, 6.605659825975145338, -9.196087537574650028 ) ) ;
#1792 = CARTESIAN_POINT ( 'NONE',  ( 18.21319714194926576, 1.408340254028469296, -17.36299152793983680 ) ) ;
#1793 = CIRCLE ( 'NONE', #330, 1.650000000000000355 ) ;
#1794 = CARTESIAN_POINT ( 'NONE',  ( 16.73130128833097530, 4.749999999999991118, -17.75500283978946925 ) ) ;
#1795 = CARTESIAN_POINT ( 'NONE',  ( 19.57626971171684716, 18.00000000000000000, -1.595169097763024846 ) ) ;
#1796 = ORIENTED_EDGE ( 'NONE', *, *, #473, .F. ) ;
#1797 = CARTESIAN_POINT ( 'NONE',  ( 20.80958617120393939, 1.000000000000000888, -0.7382084033572396953 ) ) ;
#1798 = DIRECTION ( 'NONE',  ( 0.2270376508314332631, 0.000000000000000000, -0.9738859815732765490 ) ) ;
#1799 = CARTESIAN_POINT ( 'NONE',  ( 24.83804701343791521, 5.749999999999992895, -14.45875902514388578 ) ) ;
#1800 = CARTESIAN_POINT ( 'NONE',  ( 56.40891919564805335, 5.686234396673346841E-15, -10.46520272785898165 ) ) ;
#1801 = CARTESIAN_POINT ( 'NONE',  ( 30.02495778835974249, 18.00000000000000000, -5.989399045556861090 ) ) ;
#1802 = DIRECTION ( 'NONE',  ( 0.000000000000000000, 0.000000000000000000, -1.000000000000000000 ) ) ;
#1803 = FACE_OUTER_BOUND ( 'NONE', #2519, .T. ) ;
#1804 = CARTESIAN_POINT ( 'NONE',  ( 54.22787243413235814, 5.000000000000001776, -9.730175074652352762 ) ) ;
#1805 = CARTESIAN_POINT ( 'NONE',  ( 32.03050713894772628, 17.65741079543368031, -8.161765876097652139 ) ) ;
#1806 = CARTESIAN_POINT ( 'NONE',  ( 24.83804701343825272, 12.24999999999999289, -14.45875902514366196 ) ) ;
#1807 = CARTESIAN_POINT ( 'NONE',  ( 25.40060052808625812, 5.749999999999992006, 3.371874301144685630E-06 ) ) ;
#1808 = FACE_OUTER_BOUND ( 'NONE', #1649, .T. ) ;
#1809 = ORIENTED_EDGE ( 'NONE', *, *, #546, .T. ) ;
#1810 = CARTESIAN_POINT ( 'NONE',  ( 25.77135769114199704, 18.00000000000000000, 3.369765737499044733E-06 ) ) ;
#1811 = CARTESIAN_POINT ( 'NONE',  ( 35.23085236383558794, 7.039000062153010440, -10.33219789482836504 ) ) ;
#1812 = CARTESIAN_POINT ( 'NONE',  ( 24.80137875765800359, 3.389550176707239793, -15.38283790782653782 ) ) ;
#1813 = CARTESIAN_POINT ( 'NONE',  ( 30.02495778835974249, 17.69373531603040561, -8.939399045556866596 ) ) ;
#1814 = CARTESIAN_POINT ( 'NONE',  ( 15.16274507614979505, 17.00000000000255795, -4.642601249534341612 ) ) ;
#1815 = ORIENTED_EDGE ( 'NONE', *, *, #3595, .T. ) ;
#1816 = CARTESIAN_POINT ( 'NONE',  ( 24.09081283687855191, 4.336808689942015271E-16, 0.8134306456629096793 ) ) ;
#1817 = EDGE_CURVE ( 'NONE', #3163, #582, #2712, .T. ) ;
#1818 = CARTESIAN_POINT ( 'NONE',  ( 15.64565140597479243, 12.24999999999998401, -5.523701946831514498 ) ) ;
#1819 = DIRECTION ( 'NONE',  ( -1.000000000000000000, -2.891205793294678326E-16, 0.000000000000000000 ) ) ;
#1820 = DIRECTION ( 'NONE',  ( 0.000000000000000000, 0.000000000000000000, 1.000000000000000000 ) ) ;
#1821 = ORIENTED_EDGE ( 'NONE', *, *, #875, .T. ) ;
#1822 = CARTESIAN_POINT ( 'NONE',  ( 57.23144443077467258, -4.336808689942017736E-15, -5.446513510497292820 ) ) ;
#1823 = DIRECTION ( 'NONE',  ( 0.000000000000000000, 0.000000000000000000, -1.000000000000000000 ) ) ;
#1824 = ORIENTED_EDGE ( 'NONE', *, *, #2202, .F. ) ;
#1825 = CARTESIAN_POINT ( 'NONE',  ( 25.77135769114199704, 0.000000000000000000, 3.369765737499044733E-06 ) ) ;
#1826 = AXIS2_PLACEMENT_3D ( 'NONE', #1205, #2817, #1823 ) ;
#1827 = ADVANCED_FACE ( 'NONE', ( #1107 ), #2305, .T. ) ;
#1828 = DIRECTION ( 'NONE',  ( -1.000000000000000000, -2.112516620725462794E-16, 0.000000000000000000 ) ) ;
#1829 = LINE ( 'NONE', #1756, #581 ) ;
#1830 = DIRECTION ( 'NONE',  ( -1.000000000000000000, 0.000000000000000000, 0.000000000000000000 ) ) ;
#1831 = CARTESIAN_POINT ( 'NONE',  ( 33.43495778835974619, 2.600000000000000089, -5.989399045556862866 ) ) ;
#1832 = CARTESIAN_POINT ( 'NONE',  ( 56.39523766283431883, 12.99999999999999822, -10.46007864675295806 ) ) ;
#1833 = CARTESIAN_POINT ( 'NONE',  ( 10.93480468470211520, 16.99999999999999645, -19.93001707460990346 ) ) ;
#1834 = ORIENTED_EDGE ( 'NONE', *, *, #1769, .F. ) ;
#1835 = CARTESIAN_POINT ( 'NONE',  ( 11.49172822388090154, 18.00000000000000355, -6.910175368635355753 ) ) ;
#1836 = CARTESIAN_POINT ( 'NONE',  ( 34.07255092056593782, 6.067840954254107189, -10.76819676909373591 ) ) ;
#1837 = CARTESIAN_POINT ( 'NONE',  ( 23.58822054299494653, 3.007196318418480896, -15.79201024778432227 ) ) ;
#1838 = CARTESIAN_POINT ( 'NONE',  ( 22.93502596654330716, 18.00000000000000000, -0.6557211937261470114 ) ) ;
#1839 = ORIENTED_EDGE ( 'NONE', *, *, #3419, .F. ) ;
#1840 = CARTESIAN_POINT ( 'NONE',  ( 21.98073789875952500, 1.301042606982605321E-15, -1.176652708060156316 ) ) ;
#1841 = CARTESIAN_POINT ( 'NONE',  ( 10.02495778835974249, 13.24999999999998934, -5.989399045556861090 ) ) ;
#1842 = PLANE ( 'NONE',  #253 ) ;
#1843 = CARTESIAN_POINT ( 'NONE',  ( 56.15784002673652964, 1.220471591926768479E-13, -10.37202623755182174 ) ) ;
#1844 = CARTESIAN_POINT ( 'NONE',  ( 34.40870183585955999, 12.99999999999999822, -10.64217976089403628 ) ) ;
#1845 = CARTESIAN_POINT ( 'NONE',  ( 26.61495778835973169, 2.600000000000000089, -5.989399045556861090 ) ) ;
#1846 = EDGE_CURVE ( 'NONE', #3407, #362, #3306, .T. ) ;
#1847 = CARTESIAN_POINT ( 'NONE',  ( 43.56175641770211371, 0.000000000000000000, -3.544543105846235331 ) ) ;
#1848 = CARTESIAN_POINT ( 'NONE',  ( 10.02495778835974249, 14.79999999999999893, -10.03939904555685914 ) ) ;
#1849 = VECTOR ( 'NONE', #3127, 1000.000000000000000 ) ;
#1850 = CARTESIAN_POINT ( 'NONE',  ( 22.73837197862006221, 8.673617379884035472E-16, -11.05467718646298003 ) ) ;
#1851 = DIRECTION ( 'NONE',  ( -0.4999999999999998890, 0.000000000000000000, 0.8660254037844385966 ) ) ;
#1852 = AXIS2_PLACEMENT_3D ( 'NONE', #3042, #195, #2732 ) ;
#1853 = AXIS2_PLACEMENT_3D ( 'NONE', #3166, #2206, #1931 ) ;
#1854 = FACE_OUTER_BOUND ( 'NONE', #3345, .T. ) ;
#1855 = CARTESIAN_POINT ( 'NONE',  ( 32.62153440617748146, 8.999999999999994671, 1.000003369765737560 ) ) ;
#1856 = EDGE_LOOP ( 'NONE', ( #1915, #1594, #2496, #1434 ) ) ;
#1857 = AXIS2_PLACEMENT_3D ( 'NONE', #848, #878, #203 ) ;
#1858 = ORIENTED_EDGE ( 'NONE', *, *, #1960, .T. ) ;
#1859 = DIRECTION ( 'NONE',  ( -0.000000000000000000, -1.000000000000000000, -0.000000000000000000 ) ) ;
#1860 = CARTESIAN_POINT ( 'NONE',  ( 36.11065361570648236, 6.176843533897485194, -10.05025063723983081 ) ) ;
#1861 = CARTESIAN_POINT ( 'NONE',  ( 22.18191769458583096, 1.611659915332795512, -15.85361761939586778 ) ) ;
#1862 = CARTESIAN_POINT ( 'NONE',  ( 22.50325005102322251, 16.99999999999968026, 0.2465668867549505872 ) ) ;
#1863 = VERTEX_POINT ( 'NONE', #2730 ) ;
#1864 = CARTESIAN_POINT ( 'NONE',  ( 23.67805829004716500, 4.336808689942015271E-16, 0.7038094921536484083 ) ) ;
#1865 = CARTESIAN_POINT ( 'NONE',  ( 22.28941449933747521, 12.24999999999998579, -0.9794489671409934983 ) ) ;
#1866 = CARTESIAN_POINT ( 'NONE',  ( 12.74941679387679372, 13.24999999999998934, -19.43744705462573208 ) ) ;
#1867 = CARTESIAN_POINT ( 'NONE',  ( 27.65936502862847135, 5.000000000004722445, -13.88054825264311276 ) ) ;
#1868 = LINE ( 'NONE', #1247, #1121 ) ;
#1869 = CARTESIAN_POINT ( 'NONE',  ( 74.27046865597802139, 4.999999999999995559, -0.7061808768044174345 ) ) ;
#1870 = CARTESIAN_POINT ( 'NONE',  ( 12.36020836451721472, 16.96805500914963005, -18.51629733904446340 ) ) ;
#1871 = CARTESIAN_POINT ( 'NONE',  ( 16.33588683264678920, 4.750000000002524203, -3.903478019164991153 ) ) ;
#1872 = DIRECTION ( 'NONE',  ( -2.112516620725462547E-16, 1.000000000000000000, 0.000000000000000000 ) ) ;
#1873 = ORIENTED_EDGE ( 'NONE', *, *, #930, .T. ) ;
#1874 = ORIENTED_EDGE ( 'NONE', *, *, #3537, .T. ) ;
#1875 = CARTESIAN_POINT ( 'NONE',  ( 68.23796259927490837, 1.117429103648728923E-12, -0.08076730235367902966 ) ) ;
#1876 = CARTESIAN_POINT ( 'NONE',  ( 17.14489991900191512, 0.6009458454949128114, -17.72922576214840618 ) ) ;
#1877 = CARTESIAN_POINT ( 'NONE',  ( 12.74941679387679372, 1.009636660795471652, -19.43744705462573208 ) ) ;
#1878 = CARTESIAN_POINT ( 'NONE',  ( 25.15683243059240226, 18.00000000000001776, -9.550715255742156629 ) ) ;
#1879 = ORIENTED_EDGE ( 'NONE', *, *, #1764, .T. ) ;
#1880 = PLANE ( 'NONE',  #184 ) ;
#1881 = CARTESIAN_POINT ( 'NONE',  ( 10.76417346937611796, 12.24999999999998934, -6.989399045116698517 ) ) ;
#1882 = ORIENTED_EDGE ( 'NONE', *, *, #3981, .T. ) ;
#1883 = CARTESIAN_POINT ( 'NONE',  ( 10.02495778835974249, 14.79999999999999893, -12.98939904555686020 ) ) ;
#1884 = CARTESIAN_POINT ( 'NONE',  ( 42.48588087237478561, -2.361479998960315810E-13, -8.669417389680171837 ) ) ;
#1885 = CARTESIAN_POINT ( 'NONE',  ( 24.70089287298415215, 3.294022332630152761, -15.39922569486746085 ) ) ;
#1886 = CARTESIAN_POINT ( 'NONE',  ( 10.02495778835974249, 0.000000000000000000, -6.989399045556861090 ) ) ;
#1887 = CARTESIAN_POINT ( 'NONE',  ( 13.59035645192637887, 4.749999999998716582, -5.303910949589649704 ) ) ;
#1888 = FACE_BOUND ( 'NONE', #271, .T. ) ;
#1889 = ORIENTED_EDGE ( 'NONE', *, *, #2153, .T. ) ;
#1890 = CARTESIAN_POINT ( 'NONE',  ( 70.41866647046056471, 0.4448028741684101894, -0.3146939835750964254 ) ) ;
#1891 = CARTESIAN_POINT ( 'NONE',  ( 35.59957199117810944, 10.31242520612591562, -8.878592903631629341 ) ) ;
#1892 = DIRECTION ( 'NONE',  ( -1.000000000000000000, 0.000000000000000000, 0.000000000000000000 ) ) ;
#1893 = SHAPE_DEFINITION_REPRESENTATION ( #1001, #3484 ) ;
#1894 = CARTESIAN_POINT ( 'NONE',  ( 16.94400995565327150, 12.99999999999999822, -20.87707321194810106 ) ) ;
#1895 = EDGE_LOOP ( 'NONE', ( #2417, #2252, #1920, #3503 ) ) ;
#1896 = CARTESIAN_POINT ( 'NONE',  ( 30.34038421362267357, 13.31249999999999645, -12.30671705923614212 ) ) ;
#1897 = CARTESIAN_POINT ( 'NONE',  ( 13.61465265951587789, 12.24999999999999467, -6.362388040727449123 ) ) ;
#1898 = ADVANCED_FACE ( 'NONE', ( #2250 ), #65, .T. ) ;
#1899 = CARTESIAN_POINT ( 'NONE',  ( 22.24897738611403497, 4.749999999999991118, 0.1257571142485927884 ) ) ;
#1900 = CARTESIAN_POINT ( 'NONE',  ( 31.13916302231114130, -1.410988461201059412E-12, -12.02540936377128133 ) ) ;
#1901 = DIRECTION ( 'NONE',  ( -0.000000000000000000, -1.000000000000000000, -0.000000000000000000 ) ) ;
#1902 = CARTESIAN_POINT ( 'NONE',  ( 71.66681951475761991, 2.022109556582063039, 1.000003369765737782 ) ) ;
#1903 = AXIS2_PLACEMENT_3D ( 'NONE', #1075, #2054, #1129 ) ;
#1904 = EDGE_CURVE ( 'NONE', #3066, #815, #1069, .T. ) ;
#1905 = CARTESIAN_POINT ( 'NONE',  ( 13.59035645166860462, 5.749999999998237854, -5.303910948975697259 ) ) ;
#1906 = CARTESIAN_POINT ( 'NONE',  ( 24.99112399171909615, 13.54071272470553566, -15.44989601521988121 ) ) ;
#1907 = ADVANCED_FACE ( 'NONE', ( #31 ), #2891, .T. ) ;
#1908 = ORIENTED_EDGE ( 'NONE', *, *, #1817, .F. ) ;
#1909 = VECTOR ( 'NONE', #743, 1000.000000000000000 ) ;
#1910 = CARTESIAN_POINT ( 'NONE',  ( 70.05678388618234465, 0.3336239373537067121, -0.2764209554402082825 ) ) ;
#1911 = CARTESIAN_POINT ( 'NONE',  ( 35.87187600596385550, 9.334193645980603193, -8.774678433291981605 ) ) ;
#1912 = CARTESIAN_POINT ( 'NONE',  ( 22.53054067993003073, 18.00000000000000000, -11.19816995251757952 ) ) ;
#1913 = CARTESIAN_POINT ( 'NONE',  ( 24.83804701343825272, 5.749999999999992895, -14.45875902514366018 ) ) ;
#1914 = AXIS2_PLACEMENT_3D ( 'NONE', #1098, #2000, #106 ) ;
#1915 = ORIENTED_EDGE ( 'NONE', *, *, #484, .F. ) ;
#1916 = CARTESIAN_POINT ( 'NONE',  ( 1.749427826538274927E-15, 4.749999999999990230, 3.369765737499044733E-06 ) ) ;
#1917 = PRODUCT ( 'Gripper Left B', 'Gripper Left B', '', ( #70 ) ) ;
#1918 = CARTESIAN_POINT ( 'NONE',  ( 15.15659331466554605, 13.24999999999745448, -4.644593367857887678 ) ) ;
#1919 = CARTESIAN_POINT ( 'NONE',  ( 56.62393270891286789, 17.51129023667018103, -7.543884566110182988 ) ) ;
#1920 = ORIENTED_EDGE ( 'NONE', *, *, #1099, .F. ) ;
#1921 = FACE_OUTER_BOUND ( 'NONE', #3111, .T. ) ;
#1922 = AXIS2_PLACEMENT_3D ( 'NONE', #1431, #2753, #4014 ) ;
#1923 = CARTESIAN_POINT ( 'NONE',  ( 36.48635380878445744, 4.999999999996250111, -9.880958559060392332 ) ) ;
#1924 = CARTESIAN_POINT ( 'NONE',  ( 32.97130622729912375, 18.00000000000000000, -5.842665012832947369 ) ) ;
#1925 = DIRECTION ( 'NONE',  ( 0.9209014216921174167, -0.02321686812107730605, 0.3891035190795445464 ) ) ;
#1926 = CARTESIAN_POINT ( 'NONE',  ( 21.78575470789062507, 5.750000000000310862, -0.1262519953513089599 ) ) ;
#1927 = CARTESIAN_POINT ( 'NONE',  ( 23.83010639589470969, 14.84311323972926289, -15.73100884952711986 ) ) ;
#1928 = ORIENTED_EDGE ( 'NONE', *, *, #3677, .F. ) ;
#1929 = CARTESIAN_POINT ( 'NONE',  ( 73.26126131927236429, 3.703550430568519847, 1.000003369765737560 ) ) ;
#1930 = CARTESIAN_POINT ( 'NONE',  ( 35.71126844718558857, 10.02789682198510413, -10.15885527864848292 ) ) ;
#1931 = DIRECTION ( 'NONE',  ( 0.5485916487734525671, 0.000000000000000000, -0.8360904274634561872 ) ) ;
#1932 = CARTESIAN_POINT ( 'NONE',  ( 12.31543181217494443, 16.99999999999873879, -5.711248054529123763 ) ) ;
#1933 = CARTESIAN_POINT ( 'NONE',  ( 74.35718760698766516, 18.00000000000000000, -0.6189526515580621169 ) ) ;
#1934 = ORIENTED_EDGE ( 'NONE', *, *, #3122, .T. ) ;
#1935 = CARTESIAN_POINT ( 'NONE',  ( 24.85573544996192652, 16.99999999999999645, 0.9478844928470331332 ) ) ;
#1936 = CARTESIAN_POINT ( 'NONE',  ( 21.98073789875952500, 12.24999999999999289, -1.176652708060156316 ) ) ;
#1937 = ORIENTED_EDGE ( 'NONE', *, *, #2512, .T. ) ;
#1938 = DIRECTION ( 'NONE',  ( 0.000000000000000000, 0.000000000000000000, 1.000000000000000000 ) ) ;
#1939 = ORIENTED_EDGE ( 'NONE', *, *, #3069, .T. ) ;
#1940 = CARTESIAN_POINT ( 'NONE',  ( 11.56185772767350883, 16.99999999050344357, -19.84781657566277957 ) ) ;
#1941 = CARTESIAN_POINT ( 'NONE',  ( 22.90127871510095403, 1.000000000000001332, 0.4610348480281343808 ) ) ;
#1942 = CARTESIAN_POINT ( 'NONE',  ( 64.55847395108385456, 13.00000000000000000, -7.696991082116237060 ) ) ;
#1943 = ADVANCED_FACE ( 'NONE', ( #1264, #377 ), #1880, .T. ) ;
#1944 = CARTESIAN_POINT ( 'NONE',  ( 67.50608998601860833, 1.000000000000000888, 1.000003369765737560 ) ) ;
#1945 = CARTESIAN_POINT ( 'NONE',  ( 35.87153440617747435, 8.657532276825023132, -8.774806486217963553 ) ) ;
#1946 = CARTESIAN_POINT ( 'NONE',  ( 18.67991697082762670, 5.749999999999986677, -3.483375708254444980 ) ) ;
#1947 = CARTESIAN_POINT ( 'NONE',  ( 24.29488330244501526, 14.48912696446395820, -15.61602213914533266 ) ) ;
#1948 = EDGE_CURVE ( 'NONE', #2478, #3628, #2244, .T. ) ;
#1949 = ADVANCED_FACE ( 'NONE', ( #73 ), #972, .T. ) ;
#1950 = CARTESIAN_POINT ( 'NONE',  ( 73.33136789516589715, 3.857066272864889456, 1.000003369765737560 ) ) ;
#1951 = CARTESIAN_POINT ( 'NONE',  ( 35.83105122914302143, 9.596416497853848426, -10.11609704153796230 ) ) ;
#1952 = CARTESIAN_POINT ( 'NONE',  ( 62.90581292756399279, 12.99999999999999822, -8.445883359123842027 ) ) ;
#1953 = VERTEX_POINT ( 'NONE', #1097 ) ;
#1954 = CARTESIAN_POINT ( 'NONE',  ( 20.85511878080571080, 5.749999999979102938, -16.41409538416696634 ) ) ;
#1955 = CARTESIAN_POINT ( 'NONE',  ( 12.63880628856864874, 13.24999999999999289, -5.624695178951681029 ) ) ;
#1956 = ADVANCED_FACE ( 'NONE', ( #1726 ), #3315, .T. ) ;
#1957 = ORIENTED_EDGE ( 'NONE', *, *, #3502, .F. ) ;
#1958 = CARTESIAN_POINT ( 'NONE',  ( 56.46170738294489411, 13.00000000000000000, -10.48504062499555012 ) ) ;
#1959 = EDGE_CURVE ( 'NONE', #2406, #2874, #3980, .T. ) ;
#1960 = EDGE_CURVE ( 'NONE', #3307, #381, #908, .T. ) ;
#1961 = ORIENTED_EDGE ( 'NONE', *, *, #221, .F. ) ;
#1962 = CARTESIAN_POINT ( 'NONE',  ( 25.31109446943154850, 4.749999999999992895, 0.9871074937740003108 ) ) ;
#1963 = CARTESIAN_POINT ( 'NONE',  ( 14.18217658661042790, 8.673617379884035472E-16, -16.70905777906515866 ) ) ;
#1964 = DIRECTION ( 'NONE',  ( 0.8660254037844389297, 0.000000000000000000, -0.4999999999999996114 ) ) ;
#1965 = CARTESIAN_POINT ( 'NONE',  ( 49.45312478559655034, 5.000000000000000888, -8.721426755452046820 ) ) ;
#1966 = CARTESIAN_POINT ( 'NONE',  ( 56.68712089580488822, 8.673617379884035472E-16, -5.275332464239144592 ) ) ;
#1967 = B_SPLINE_CURVE_WITH_KNOTS ( 'NONE', 3,
 ( #101, #119, #2950, #3266, #2383, #3932, #3914, #412, #1403, #2662, #3568, #1109, #3323, #470 ),
 .UNSPECIFIED., .F., .F.,
 ( 4, 2, 2, 2, 2, 2, 4 ),
 ( 0.000000000000000000, 0.003051359525651848887, 0.006102719051303697774, 0.01220543810260737647, 0.01525679762825922665, 0.01830815715391107337, 0.02441087620521477028 ),
 .UNSPECIFIED. ) ;
#1968 = CARTESIAN_POINT ( 'NONE',  ( 35.34675358481305096, 7.221410458415947531, -8.978691524827107528 ) ) ;
#1969 = DIRECTION ( 'NONE',  ( -0.000000000000000000, -1.000000000000000000, -0.000000000000000000 ) ) ;
#1970 = CARTESIAN_POINT ( 'NONE',  ( 23.21866104257098939, 15.58877759624988890, -15.88677287972385344 ) ) ;
#1971 = EDGE_CURVE ( 'NONE', #836, #3607, #1064, .T. ) ;
#1972 = CARTESIAN_POINT ( 'NONE',  ( 74.27046865597914405, 13.00000000000000178, -0.7061808768033207562 ) ) ;
#1973 = CARTESIAN_POINT ( 'NONE',  ( 37.07912355872625909, 9.884850119777677691, -9.755371058259489914 ) ) ;
#1974 = CARTESIAN_POINT ( 'NONE',  ( 27.68595036530656373, 13.00000000000001066, -13.86493917432852285 ) ) ;
#1975 = CARTESIAN_POINT ( 'NONE',  ( 71.82556010135236590, 12.99999999999999822, -3.003561888705600591 ) ) ;
#1976 = CIRCLE ( 'NONE', #3303, 7.000000000000000000 ) ;
#1977 = VERTEX_POINT ( 'NONE', #559 ) ;
#1978 = CARTESIAN_POINT ( 'NONE',  ( 72.58035750073190684, 16.36713996603164034, -0.5379888971752460058 ) ) ;
#1979 = CARTESIAN_POINT ( 'NONE',  ( 23.67805829004716145, 12.24999999999999289, 0.7038094921536488524 ) ) ;
#1980 = VERTEX_POINT ( 'NONE', #3430 ) ;
#1981 = CARTESIAN_POINT ( 'NONE',  ( 34.01192073007886307, 11.94188937956621466, -9.564335610332715731 ) ) ;
#1982 = AXIS2_PLACEMENT_3D ( 'NONE', #4057, #367, #82 ) ;
#1983 = CIRCLE ( 'NONE', #1516, 1.000000000000000000 ) ;
#1984 = CIRCLE ( 'NONE', #318, 1.000000000000000222 ) ;
#1985 = ORIENTED_EDGE ( 'NONE', *, *, #2551, .F. ) ;
#1986 = AXIS2_PLACEMENT_3D ( 'NONE', #3589, #102, #1404 ) ;
#1987 = PLANE ( 'NONE',  #589 ) ;
#1988 = DIRECTION ( 'NONE',  ( 1.000000000000000000, 0.000000000000000000, 0.000000000000000000 ) ) ;
#1989 = CARTESIAN_POINT ( 'NONE',  ( 57.04881403817184804, 1.734723475976807094E-15, -5.174759382602692526 ) ) ;
#1990 = CARTESIAN_POINT ( 'NONE',  ( 35.43621719323620312, 7.366294169105969125, -8.942936906158513111 ) ) ;
#1991 = CARTESIAN_POINT ( 'NONE',  ( 10.02495778835974249, 5.749999999999990230, -5.989399045556861090 ) ) ;
#1992 = CARTESIAN_POINT ( 'NONE',  ( 25.35825558526635248, 13.49888357801928329, -15.29717442898565594 ) ) ;
#1993 = VERTEX_POINT ( 'NONE', #3126 ) ;
#1994 = ADVANCED_FACE ( 'NONE', ( #2389 ), #744, .T. ) ;
#1995 = CARTESIAN_POINT ( 'NONE',  ( 12.55995766173114170, 1.301042606982605321E-15, -6.681532727780764347 ) ) ;
#1996 = DIRECTION ( 'NONE',  ( -0.8660254037844384856, 0.000000000000000000, 0.5000000000000004441 ) ) ;
#1997 = CARTESIAN_POINT ( 'NONE',  ( 42.01548440118362748, 18.00000000000000000, -3.690468000997729980 ) ) ;
#1998 = ORIENTED_EDGE ( 'NONE', *, *, #2530, .T. ) ;
#1999 = CARTESIAN_POINT ( 'NONE',  ( 73.80738624606188125, 16.79205640360039453, 1.000003369765586125 ) ) ;
#2000 = DIRECTION ( 'NONE',  ( -0.000000000000000000, -0.000000000000000000, 1.000000000000000000 ) ) ;
#2001 = ORIENTED_EDGE ( 'NONE', *, *, #655, .F. ) ;
#2002 = LINE ( 'NONE', #3843, #938 ) ;
#2003 = VERTEX_POINT ( 'NONE', #3464 ) ;
#2004 = DIRECTION ( 'NONE',  ( -0.000000000000000000, 1.000000000000000000, 0.000000000000000000 ) ) ;
#2005 = B_SPLINE_CURVE_WITH_KNOTS ( 'NONE', 3,
 ( #941, #1535, #3494, #2550, #1589, #4062, #2234, #3806, #1273, #3142, #2196, #978, #3474, #1308 ),
 .UNSPECIFIED., .F., .F.,
 ( 4, 2, 2, 2, 2, 2, 4 ),
 ( 0.02799947946257272391, 0.03397053972078185879, 0.03695606984988643318, 0.03994159997899100062, 0.04292713010809556806, 0.04591266023720014244, 0.05188372049540927733 ),
 .UNSPECIFIED. ) ;
#2006 = CARTESIAN_POINT ( 'NONE',  ( 10.80482655665320380, 16.99999999999999645, -18.93850021331661182 ) ) ;
#2007 = CARTESIAN_POINT ( 'NONE',  ( 60.47321245983683013, 5.000000000000000888, -9.346789014483389835 ) ) ;
#2008 = CARTESIAN_POINT ( 'NONE',  ( 12.55574777385008822, 13.24999999999998934, -5.649346381761787939 ) ) ;
#2009 = CARTESIAN_POINT ( 'NONE',  ( 10.69528831587085627, 5.750000000002240874, -5.989399044828971341 ) ) ;
#2010 = DIRECTION ( 'NONE',  ( -0.000000000000000000, -1.000000000000000000, -0.000000000000000000 ) ) ;
#2011 = ORIENTED_EDGE ( 'NONE', *, *, #1688, .T. ) ;
#2012 = CARTESIAN_POINT ( 'NONE',  ( 24.31759237721707123, 1.301042606982605518E-15, -0.1525738623444202191 ) ) ;
#2013 = CARTESIAN_POINT ( 'NONE',  ( 34.07255092056599466, 11.93215904574586084, -10.76819676909369683 ) ) ;
#2014 = CARTESIAN_POINT ( 'NONE',  ( 47.62551017205199599, 18.00000000000000000, -8.492689096537050730 ) ) ;
#2015 = CARTESIAN_POINT ( 'NONE',  ( 56.86237866337719282, 12.99999999999999822, -10.39037588227503583 ) ) ;
#2016 = ORIENTED_EDGE ( 'NONE', *, *, #2083, .T. ) ;
#2017 = DIRECTION ( 'NONE',  ( -1.320322887953413383E-16, 1.000000000000000000, 0.000000000000000000 ) ) ;
#2018 = CARTESIAN_POINT ( 'NONE',  ( 28.31995778835973354, 0.000000000000000000, -3.036252418651918195 ) ) ;
#2019 = CARTESIAN_POINT ( 'NONE',  ( 34.40870183585867892, 5.000000000000001776, -10.64217976089436668 ) ) ;
#2020 = ORIENTED_EDGE ( 'NONE', *, *, #3139, .F. ) ;
#2021 = DIRECTION ( 'NONE',  ( -0.000000000000000000, -1.000000000000000000, -0.000000000000000000 ) ) ;
#2022 = CARTESIAN_POINT ( 'NONE',  ( 11.36338046206678953, 8.673617379884035472E-16, -18.91797910339682076 ) ) ;
#2023 = ORIENTED_EDGE ( 'NONE', *, *, #1363, .T. ) ;
#2024 = CARTESIAN_POINT ( 'NONE',  ( 60.95387479253550822, 8.673617379884035472E-16, -3.836899782248958335 ) ) ;
#2025 = CARTESIAN_POINT ( 'NONE',  ( 25.77135769114199704, 13.24999999999999289, 1.000003369765737560 ) ) ;
#2026 = CARTESIAN_POINT ( 'NONE',  ( 27.80632742136801028, 13.31250000004023626, -13.70485865935899561 ) ) ;
#2027 = EDGE_LOOP ( 'NONE', ( #2348, #2917, #797, #2961, #1623 ) ) ;
#2028 = CARTESIAN_POINT ( 'NONE',  ( 12.91348861664030956, 1.301042606982604729E-15, -6.586748706325732172 ) ) ;
#2029 = CARTESIAN_POINT ( 'NONE',  ( 33.03326147355831921, 12.24999999999999289, -11.24951583295530533 ) ) ;
#2030 = ADVANCED_FACE ( 'NONE', ( #290 ), #3563, .T. ) ;
#2031 = EDGE_CURVE ( 'NONE', #2630, #862, #1559, .T. ) ;
#2032 = CARTESIAN_POINT ( 'NONE',  ( 42.55453942303637405, 12.99999999999999822, -8.661922937759966246 ) ) ;
#2033 = CARTESIAN_POINT ( 'NONE',  ( 56.75866766363487415, 17.99999999999999645, -10.41531574023690965 ) ) ;
#2034 = ORIENTED_EDGE ( 'NONE', *, *, #2527, .T. ) ;
#2035 = CARTESIAN_POINT ( 'NONE',  ( 68.96433618610521421, 17.92448270284836909, -0.1597627452229135880 ) ) ;
#2036 =( BOUNDED_SURFACE ( )  B_SPLINE_SURFACE ( 3, 2, ( 
 ( #3076, #227, #2622 ),
 ( #962, #2929, #3566 ),
 ( #3221, #1027, #3854 ),
 ( #3790, #369, #3199 ),
 ( #2907, #23, #2282 ),
 ( #2238, #1276, #1632 ),
 ( #3501, #1660, #64 ),
 ( #3876, #2886, #729 ),
 ( #3541, #329, #641 ),
 ( #2538, #664, #2554 ),
 ( #704, #1970, #2847 ),
 ( #3238, #3832, #5 ),
 ( #1047, #1593, #1927 ),
 ( #1338, #2300, #1947 ),
 ( #1613, #981, #2220 ),
 ( #392, #3522, #349 ),
 ( #84, #1360, #2601 ),
 ( #41, #3477, #1906 ),
 ( #1992, #306, #1572 ),
 ( #1312, #3180, #2867 ) ),
 .UNSPECIFIED., .F., .F., .T. ) 
 B_SPLINE_SURFACE_WITH_KNOTS ( ( 4, 2, 2, 2, 2, 2, 2, 2, 2, 4 ),
 ( 3, 3 ),
 ( 0.000000000000000000, 0.003559851134382602863, 0.007119702268765205726, 0.008899627835956507374, 0.01067955340314780815, 0.01156951618674345941, 0.01245947897033911067, 0.01334944175393476193, 0.01379442314573258582, 0.01423940453753041145 ),
 ( 0.000000000000000000, 1.000000000000000000 ),
 .UNSPECIFIED. ) 
 GEOMETRIC_REPRESENTATION_ITEM ( )  RATIONAL_B_SPLINE_SURFACE ( (
 ( 1.000000000000000000, 0.7496692568153845437, 1.000000000000000000),
 ( 1.000000000000000000, 0.7673253303540705783, 1.000000000000000000),
 ( 1.000000000000000000, 0.7863579357404698600, 1.000000000000000000),
 ( 1.000000000000000000, 0.8263937360918117703, 1.000000000000000000),
 ( 1.000000000000000000, 0.8473571218006812344, 1.000000000000000000),
 ( 1.000000000000000000, 0.8794843302571886401, 1.000000000000000000),
 ( 1.000000000000000000, 0.8903405712855405607, 1.000000000000000000),
 ( 1.000000000000000000, 0.9118975138459255447, 1.000000000000000000),
 ( 1.000000000000000000, 0.9226229020974927586, 1.000000000000000000),
 ( 1.000000000000000000, 0.9383819003783890889, 1.000000000000000000),
 ( 1.000000000000000000, 0.9435791623640706893, 1.000000000000000000),
 ( 1.000000000000000000, 0.9537781756956155155, 1.000000000000000000),
 ( 1.000000000000000000, 0.9588251115089339027, 1.000000000000000000),
 ( 1.000000000000000000, 0.9682447559556188743, 1.000000000000000000),
 ( 1.000000000000000000, 0.9726871204344302857, 1.000000000000000000),
 ( 1.000000000000000000, 0.9781267986206972909, 1.000000000000000000),
 ( 1.000000000000000000, 0.9796884622942116927, 1.000000000000000000),
 ( 1.000000000000000000, 0.9825130088790798855, 1.000000000000000000),
 ( 1.000000000000000000, 0.9835499962845365429, 1.000000000000000000),
 ( 1.000000000000000000, 0.9841169399257425621, 1.000000000000000000) ) ) 
 REPRESENTATION_ITEM ( '' )  SURFACE ( )  );
#2037 = DIRECTION ( 'NONE',  ( 0.4999999999999995559, 0.000000000000000000, -0.8660254037844389297 ) ) ;
#2038 = CARTESIAN_POINT ( 'NONE',  ( 74.21120008188445638, 4.220549404919825776, -0.7003915451488454957 ) ) ;
#2039 = AXIS2_PLACEMENT_3D ( 'NONE', #4044, #534, #3073 ) ;
#2040 = CARTESIAN_POINT ( 'NONE',  ( 20.38773602739588142, 1.000000000000001332, -1.023593065556724468 ) ) ;
#2041 = VERTEX_POINT ( 'NONE', #464 ) ;
#2042 = CARTESIAN_POINT ( 'NONE',  ( 26.41006978390181104, 18.00000000000000355, -8.818658909620127773 ) ) ;
#2043 = VECTOR ( 'NONE', #643, 1000.000000000000000 ) ;
#2044 = CIRCLE ( 'NONE', #2578, 3.249999999999999556 ) ;
#2045 = CARTESIAN_POINT ( 'NONE',  ( 44.64693966870837727, 8.673617379884035472E-16, -3.492084300068092784 ) ) ;
#2046 = CARTESIAN_POINT ( 'NONE',  ( 8.319957788359740647, 2.600000000000000089, -15.94254567246179732 ) ) ;
#2047 = CIRCLE ( 'NONE', #3574, 1.000000000000000000 ) ;
#2048 = ORIENTED_EDGE ( 'NONE', *, *, #1483, .F. ) ;
#2049 = FACE_OUTER_BOUND ( 'NONE', #604, .T. ) ;
#2050 = CARTESIAN_POINT ( 'NONE',  ( 66.79180661959553333, 1.627535465251013447E-12, -6.479935454480701296 ) ) ;
#2051 = CARTESIAN_POINT ( 'NONE',  ( 11.91702378621619474, 0.02420453297627413528, -18.81177278142612153 ) ) ;
#2052 = LINE ( 'NONE', #154, #649 ) ;
#2053 = VERTEX_POINT ( 'NONE', #1972 ) ;
#2054 = DIRECTION ( 'NONE',  ( 0.8360904274608008668, 0.000000000000000000, 0.5485916487774994410 ) ) ;
#2055 = CARTESIAN_POINT ( 'NONE',  ( 12.55791210824606274, 5.749999999999992006, -6.681998528197989451 ) ) ;
#2056 = CARTESIAN_POINT ( 'NONE',  ( 54.92953320593669275, 12.99999999999999822, -9.946791424372555923 ) ) ;
#2057 = CARTESIAN_POINT ( 'NONE',  ( 0.000000000000000000, 2.600000000000000089, 0.000000000000000000 ) ) ;
#2058 = EDGE_LOOP ( 'NONE', ( #590, #72, #3469 ) ) ;
#2059 = CARTESIAN_POINT ( 'NONE',  ( 75.29181010674737706, 15.29264361740389688, 1.000003369765921857 ) ) ;
#2060 = CARTESIAN_POINT ( 'NONE',  ( 13.59921880626480117, 17.92419238744310306, -18.18764182600822821 ) ) ;
#2061 = CARTESIAN_POINT ( 'NONE',  ( 74.27046865597802139, 4.999999999999995559, -0.7061808768044174345 ) ) ;
#2062 = CARTESIAN_POINT ( 'NONE',  ( 10.02495778835974249, 13.24999999999998579, -5.989399045556861090 ) ) ;
#2063 = ORIENTED_EDGE ( 'NONE', *, *, #2826, .T. ) ;
#2064 = FACE_OUTER_BOUND ( 'NONE', #2532, .T. ) ;
#2065 = DIRECTION ( 'NONE',  ( -0.000000000000000000, -1.000000000000000000, -0.000000000000000000 ) ) ;
#2066 = CARTESIAN_POINT ( 'NONE',  ( 45.60612164614951070, 4.999999999999999112, -6.395805091389356711 ) ) ;
#2067 = CARTESIAN_POINT ( 'NONE',  ( 10.02495778835974249, 12.24999999999998934, -12.98939904555686020 ) ) ;
#2068 = CARTESIAN_POINT ( 'NONE',  ( 31.72995778835974079, 2.600000000000000089, -3.036252418651918195 ) ) ;
#2069 = CARTESIAN_POINT ( 'NONE',  ( 32.62153440617734645, 13.24999999999999467, -10.26777546232812632 ) ) ;
#2070 = LINE ( 'NONE', #2640, #3632 ) ;
#2071 = EDGE_CURVE ( 'NONE', #1607, #2099, #2110, .T. ) ;
#2072 = CARTESIAN_POINT ( 'NONE',  ( 25.06508466426979709, 13.24999999999999289, -15.43264500671691408 ) ) ;
#2073 = CARTESIAN_POINT ( 'NONE',  ( 19.26958203794601232, 5.749999999999992006, -3.049862025444331604 ) ) ;
#2074 = ADVANCED_FACE ( 'NONE', ( #3656 ), #2843, .T. ) ;
#2075 = CARTESIAN_POINT ( 'NONE',  ( 58.29148170121570871, 18.00000000000000000, -5.831323399212642755 ) ) ;
#2076 = CARTESIAN_POINT ( 'NONE',  ( 55.41315954557695278, 18.00000000000001066, -5.595493252081712221 ) ) ;
#2077 = VERTEX_POINT ( 'NONE', #1340 ) ;
#2078 = CARTESIAN_POINT ( 'NONE',  ( 10.76629873415807204, 17.99999999999999289, -6.989399045556862866 ) ) ;
#2079 = CARTESIAN_POINT ( 'NONE',  ( 25.77135769114199704, 12.24999999999999289, 3.369765737499044733E-06 ) ) ;
#2080 = CARTESIAN_POINT ( 'NONE',  ( 60.53005001061197987, 8.673617379884034486E-16, -3.992489072683030660 ) ) ;
#2081 = CARTESIAN_POINT ( 'NONE',  ( 25.77135769114199704, 1.000000000000000888, 1.000003369765737560 ) ) ;
#2082 = ORIENTED_EDGE ( 'NONE', *, *, #2338, .F. ) ;
#2083 = EDGE_CURVE ( 'NONE', #2255, #1993, #1449, .T. ) ;
#2084 = DIRECTION ( 'NONE',  ( 0.000000000000000000, 1.000000000000000000, 0.000000000000000000 ) ) ;
#2085 = EDGE_CURVE ( 'NONE', #3918, #359, #721, .T. ) ;
#2086 = ADVANCED_FACE ( 'NONE', ( #2400 ), #322, .T. ) ;
#2087 = CARTESIAN_POINT ( 'NONE',  ( 73.56244054220279338, 13.00000000000000178, 1.000003369765737560 ) ) ;
#2088 = ORIENTED_EDGE ( 'NONE', *, *, #3891, .F. ) ;
#2089 = CARTESIAN_POINT ( 'NONE',  ( 50.83897199421631541, 5.000000000000000888, -8.931383026451138463 ) ) ;
#2090 = CARTESIAN_POINT ( 'NONE',  ( 45.60612164614951070, 13.00000000000000178, -6.395805091389356711 ) ) ;
#2091 = CARTESIAN_POINT ( 'NONE',  ( 56.35763040702534710, 2.602085213965210642E-15, -10.50912627291419454 ) ) ;
#2092 = CARTESIAN_POINT ( 'NONE',  ( 12.31728771253419019, 1.000000000000000888, -5.710825460799077824 ) ) ;
#2093 = CARTESIAN_POINT ( 'NONE',  ( 30.02495778835974249, 12.24999999999999289, -4.339399045556858958 ) ) ;
#2094 = EDGE_CURVE ( 'NONE', #1770, #3307, #1255, .T. ) ;
#2095 = CARTESIAN_POINT ( 'NONE',  ( 33.95262391953519199, 4.818304362288937881, -10.81235995734072830 ) ) ;
#2096 = DIRECTION ( 'NONE',  ( 0.4999999999999999445, 0.000000000000000000, -0.8660254037844387076 ) ) ;
#2097 = CARTESIAN_POINT ( 'NONE',  ( 56.43690208394347252, 17.99999999999996447, -10.47570429138180970 ) ) ;
#2098 = DIRECTION ( 'NONE',  ( 0.4999999999999989453, 0.000000000000000000, -0.8660254037844393737 ) ) ;
#2099 = VERTEX_POINT ( 'NONE', #3336 ) ;
#2100 = CARTESIAN_POINT ( 'NONE',  ( 13.95255093549973324, 18.00000000000000711, -6.236423580076051465 ) ) ;
#2101 = CARTESIAN_POINT ( 'NONE',  ( 25.17336622353010611, 3.987968737366541561, -15.32424982324784679 ) ) ;
#2102 = CARTESIAN_POINT ( 'NONE',  ( 18.77113493285422052, 1.009636660795471652, -16.89312291352934636 ) ) ;
#2103 = CARTESIAN_POINT ( 'NONE',  ( 22.32001114700956990, 18.00000000000000000, 0.1560979435576214658 ) ) ;
#2104 = ORIENTED_EDGE ( 'NONE', *, *, #3543, .T. ) ;
#2105 = CARTESIAN_POINT ( 'NONE',  ( 18.67892065862228890, 1.301042606982605321E-15, -3.484130840282177122 ) ) ;
#2106 = DIRECTION ( 'NONE',  ( 0.000000000000000000, 0.000000000000000000, -1.000000000000000000 ) ) ;
#2107 = AXIS2_PLACEMENT_3D ( 'NONE', #268, #2453, #1786 ) ;
#2108 = CARTESIAN_POINT ( 'NONE',  ( 30.35946199292816061, 4.687500000050671467, -12.29871612705770367 ) ) ;
#2109 = DIRECTION ( 'NONE',  ( -1.000000000000000000, -1.445602896647339163E-16, 0.000000000000000000 ) ) ;
#2110 = CIRCLE ( 'NONE', #1451, 1.000000000000000000 ) ;
#2111 = CARTESIAN_POINT ( 'NONE',  ( 34.40870183585955999, 12.99999999999999822, -10.64217976089403628 ) ) ;
#2112 = CARTESIAN_POINT ( 'NONE',  ( 30.02495778835974249, 5.749999999999992895, -5.989399045556861090 ) ) ;
#2113 = CLOSED_SHELL ( 'NONE', ( #2821, #1779, #432, #2030, #2215, #3130, #2860, #3206, #3610, #2131, #2589, #1220, #2331, #2981, #1367, #2559, #472, #2086, #3978, #2513, #1222, #2328, #3844, #1898, #3661, #780, #911, #1305, #341, #876, #2652, #3562, #745, #860, #167, #2991, #2770, #3251, #2371, #1600, #3209, #2390, #3152, #2403, #514, #1943, #2837, #1603, #3369, #1269, #1673, #3678, #189, #2941, #1730, #1230, #1827, #3803, #1994, #2525, #1956, #3423, #802, #3556, #2424, #469, #914, #1949, #616, #2074, #1907, #3422, #1402, #2769, #1471, #423, #3968, #603, #495, #2508, #3136, #939 ) ) ;
#2114 = CARTESIAN_POINT ( 'NONE',  ( 13.27981268124990244, 1.000000000000004441, -5.419583946279702857 ) ) ;
#2115 = AXIS2_PLACEMENT_3D ( 'NONE', #742, #2656, #2335 ) ;
#2116 = CARTESIAN_POINT ( 'NONE',  ( 18.34363852885446278, 0.5672248641605879271, -16.74520158122522773 ) ) ;
#2117 = CIRCLE ( 'NONE', #2654, 1.650000000000000355 ) ;
#2118 = CARTESIAN_POINT ( 'NONE',  ( 31.00828530416457696, 17.58900546634223261, -8.777856339472414504 ) ) ;
#2119 = CARTESIAN_POINT ( 'NONE',  ( 25.03535184850428053, 5.749999999999991118, -0.02941224154487259712 ) ) ;
#2120 = PLANE ( 'NONE',  #2107 ) ;
#2121 = DIRECTION ( 'NONE',  ( 0.000000000000000000, 1.000000000000000000, 0.000000000000000000 ) ) ;
#2122 = EDGE_CURVE ( 'NONE', #3413, #3532, #4068, .T. ) ;
#2123 = VERTEX_POINT ( 'NONE', #3379 ) ;
#2124 = CARTESIAN_POINT ( 'NONE',  ( 13.60631031378819777, 18.00000000000000355, -6.365266192510609322 ) ) ;
#2125 = CARTESIAN_POINT ( 'NONE',  ( 20.45648990915443122, 1.029758201258456962, -16.22438225175935500 ) ) ;
#2126 = VECTOR ( 'NONE', #2775, 1000.000000000000000 ) ;
#2127 = CARTESIAN_POINT ( 'NONE',  ( 23.08758022125916298, 15.26382274110820880, -15.92109150015855512 ) ) ;
#2128 = CARTESIAN_POINT ( 'NONE',  ( 22.50325005016625823, 17.99999999999968026, 0.2465668886596506515 ) ) ;
#2129 = ORIENTED_EDGE ( 'NONE', *, *, #130, .T. ) ;
#2130 = CARTESIAN_POINT ( 'NONE',  ( 22.50475596308577053, 1.000000000000000888, 0.2533676633688971003 ) ) ;
#2131 = ADVANCED_FACE ( 'NONE', ( #2049 ), #3317, .F. ) ;
#2132 = CARTESIAN_POINT ( 'NONE',  ( 24.31759237721707123, 12.24999999999999289, -0.1525738623444202191 ) ) ;
#2133 = DIRECTION ( 'NONE',  ( -1.000000000000000000, 0.000000000000000000, 0.000000000000000000 ) ) ;
#2134 = ORIENTED_EDGE ( 'NONE', *, *, #3383, .F. ) ;
#2135 = CARTESIAN_POINT ( 'NONE',  ( 49.14819107534075471, 13.00000000000000533, -8.627978985555376568 ) ) ;
#2136 = UNCERTAINTY_MEASURE_WITH_UNIT (LENGTH_MEASURE( 1.000000000000000082E-05 ), #69, 'distance_accuracy_value', 'NONE');
#2137 = CYLINDRICAL_SURFACE ( 'NONE', #2788, 7.000000000000000888 ) ;
#2138 = CARTESIAN_POINT ( 'NONE',  ( 55.57295639853530389, 5.000000000000000000, -10.16368516187418436 ) ) ;
#2139 = CARTESIAN_POINT ( 'NONE',  ( 33.00752853184702218, 4.687499999999992895, -11.18815705979110398 ) ) ;
#2140 = CARTESIAN_POINT ( 'NONE',  ( 24.83804701343825272, 13.24999999999999112, -14.45875902514366729 ) ) ;
#2141 = CARTESIAN_POINT ( 'NONE',  ( 30.02495778835974249, 14.79999999999999893, -5.989399045556861090 ) ) ;
#2142 = CARTESIAN_POINT ( 'NONE',  ( 28.31995778835973354, 2.600000000000000089, -3.036252418651918195 ) ) ;
#2143 = EDGE_LOOP ( 'NONE', ( #160, #730, #537, #2323 ) ) ;
#2144 = CARTESIAN_POINT ( 'NONE',  ( 56.56944936803143520, 1.199863954476172889, -8.676685775346310692 ) ) ;
#2145 = CARTESIAN_POINT ( 'NONE',  ( 16.98409278066385752, 0.3533297964793849499, -17.11200065867154407 ) ) ;
#2146 = CARTESIAN_POINT ( 'NONE',  ( 10.02495778835974249, 5.749999999999991118, -12.98939904555686020 ) ) ;
#2147 = CARTESIAN_POINT ( 'NONE',  ( 12.63532182221864275, 16.99999999999872813, -5.625615963844598610 ) ) ;
#2148 = ORIENTED_EDGE ( 'NONE', *, *, #1168, .T. ) ;
#2149 = CARTESIAN_POINT ( 'NONE',  ( 21.36338469276007146, 1.301042606982605321E-15, -1.571060180145125607 ) ) ;
#2150 = CARTESIAN_POINT ( 'NONE',  ( 32.62153440617748146, 5.749999999999993783, -10.26777546232808191 ) ) ;
#2151 = CARTESIAN_POINT ( 'NONE',  ( 67.50608998601860833, 1.000000000000000888, 1.000003369765737560 ) ) ;
#2152 = CARTESIAN_POINT ( 'NONE',  ( 10.02495778835974249, 5.749999999999990230, -12.98939904555686020 ) ) ;
#2153 = EDGE_CURVE ( 'NONE', #17, #611, #1066, .T. ) ;
#2154 = CARTESIAN_POINT ( 'NONE',  ( 50.83897199421169688, 0.000000000000000000, -8.931383026475231190 ) ) ;
#2155 = LINE ( 'NONE', #2751, #2646 ) ;
#2156 = CARTESIAN_POINT ( 'NONE',  ( 32.62153440617748146, 12.24999999999999467, -10.26777546232808547 ) ) ;
#2157 = CARTESIAN_POINT ( 'NONE',  ( 30.25857494031049555, -1.418566961907289494E-12, -12.45941608953339852 ) ) ;
#2158 = CARTESIAN_POINT ( 'NONE',  ( 70.53879968516456245, 17.51453322439918736, -0.3273527677631297705 ) ) ;
#2159 = CARTESIAN_POINT ( 'NONE',  ( 30.02495778835974249, 17.69373531603040561, -8.939399045556866596 ) ) ;
#2160 = CARTESIAN_POINT ( 'NONE',  ( 68.75148599492024459, 18.00000000000000000, 3.369765737499044733E-06 ) ) ;
#2161 = CARTESIAN_POINT ( 'NONE',  ( 58.00420423082623245, 18.00000000000000000, -5.723615469331316596 ) ) ;
#2162 = ORIENTED_EDGE ( 'NONE', *, *, #1, .T. ) ;
#2163 = EDGE_LOOP ( 'NONE', ( #3391, #416, #1937, #3513 ) ) ;
#2164 = CARTESIAN_POINT ( 'NONE',  ( 56.66165995176439196, 0.1541112515319154053, -6.597872394628221393 ) ) ;
#2165 = DIRECTION ( 'NONE',  ( 2.112516620725462547E-16, -1.000000000000000000, -0.000000000000000000 ) ) ;
#2166 = FACE_OUTER_BOUND ( 'NONE', #1895, .T. ) ;
#2167 = CARTESIAN_POINT ( 'NONE',  ( 10.02495778835974249, 2.600000000000000089, -12.98939904555686020 ) ) ;
#2168 = CARTESIAN_POINT ( 'NONE',  ( 16.33588683098530581, 17.99999999999999645, -3.903478016800151273 ) ) ;
#2169 = ORIENTED_EDGE ( 'NONE', *, *, #166, .T. ) ;
#2170 = CARTESIAN_POINT ( 'NONE',  ( 25.35025852611549979, 1.000000000000000888, 1.000003369765737560 ) ) ;
#2171 = CARTESIAN_POINT ( 'NONE',  ( 25.40238901488504197, 12.24999999999999645, 3.369765737937270781E-06 ) ) ;
#2172 = PLANE ( 'NONE',  #1345 ) ;
#2173 = CARTESIAN_POINT ( 'NONE',  ( 28.97920940317985838, 1.734723475976807094E-15, -7.514528727985003265 ) ) ;
#2174 = CARTESIAN_POINT ( 'NONE',  ( 25.38556614574351045, 4.687499999999938716, -15.29321486565272892 ) ) ;
#2175 = CIRCLE ( 'NONE', #1060, 2.950000000000003730 ) ;
#2176 = DIRECTION ( 'NONE',  ( -0.000000000000000000, -1.000000000000000000, -0.000000000000000000 ) ) ;
#2177 = CARTESIAN_POINT ( 'NONE',  ( 69.82085533692784907, 1.266899149801779201, 1.000003369765737782 ) ) ;
#2178 = CIRCLE ( 'NONE', #386, 7.000000000000000000 ) ;
#2179 = CIRCLE ( 'NONE', #515, 1.000000000000000000 ) ;
#2180 = CARTESIAN_POINT ( 'NONE',  ( 23.96363624530202685, 5.749999999999992006, -0.2469776710445469869 ) ) ;
#2181 = CARTESIAN_POINT ( 'NONE',  ( 12.74941679387679372, 16.96805500914963005, -19.43744705462573208 ) ) ;
#2182 = ORIENTED_EDGE ( 'NONE', *, *, #2527, .F. ) ;
#2183 = AXIS2_PLACEMENT_3D ( 'NONE', #2428, #1785, #554 ) ;
#2184 = ORIENTED_EDGE ( 'NONE', *, *, #1061, .F. ) ;
#2185 = CARTESIAN_POINT ( 'NONE',  ( 73.41089742459411127, 2.502026370625205498, -0.6213550702757418831 ) ) ;
#2186 = CARTESIAN_POINT ( 'NONE',  ( 19.86045218210927388, 1.706096410870824087, -16.83970347014261648 ) ) ;
#2187 = CARTESIAN_POINT ( 'NONE',  ( 17.11667079982738215, 16.71657581804483428, -17.73887964462373645 ) ) ;
#2188 = CARTESIAN_POINT ( 'NONE',  ( 20.45646201881408643, 18.00000000000000000, -2.195133895457590523 ) ) ;
#2189 = ORIENTED_EDGE ( 'NONE', *, *, #1374, .F. ) ;
#2190 = CARTESIAN_POINT ( 'NONE',  ( 18.09292237140619264, 0.9999999999987302379, -2.673672416539390362 ) ) ;
#2191 = PRODUCT_DEFINITION_FORMATION_WITH_SPECIFIED_SOURCE ( 'ANY', '', #1917, .NOT_KNOWN. ) ;
#2192 = CARTESIAN_POINT ( 'NONE',  ( 10.02495778835974249, 1.000000000000000888, -19.98939904555686198 ) ) ;
#2193 = EDGE_LOOP ( 'NONE', ( #971, #3948 ) ) ;
#2194 = CYLINDRICAL_SURFACE ( 'NONE', #1826, 1.650000000000002132 ) ;
#2195 = CARTESIAN_POINT ( 'NONE',  ( 25.44272430316941325, 4.999999999999993783, -15.26740195227207764 ) ) ;
#2196 = CARTESIAN_POINT ( 'NONE',  ( 49.90120494804342144, 8.673617379884035472E-16, -3.727801835402336117 ) ) ;
#2197 =( BOUNDED_SURFACE ( )  B_SPLINE_SURFACE ( 3, 2, ( 
 ( #4071, #3058, #4006 ),
 ( #1482, #540, #519 ),
 ( #1215, #251, #2762 ),
 ( #2101, #3757, #4050 ),
 ( #188, #1524, #3102 ),
 ( #1812, #2726, #2787 ),
 ( #1237, #2481, #4026 ),
 ( #3081, #3365, #231 ),
 ( #902, #3741, #1837 ),
 ( #3431, #1500, #1462 ),
 ( #1173, #585, #2808 ),
 ( #1861, #2498, #1197 ),
 ( #2457, #274, #607 ),
 ( #2125, #1543, #3449 ),
 ( #924, #209, #2186 ),
 ( #561, #3982, #1792 ),
 ( #2145, #1876, #3719 ),
 ( #1153, #2414, #3670 ),
 ( #833, #856, #2744 ),
 ( #2435, #3693, #883 ) ),
 .UNSPECIFIED., .F., .F., .T. ) 
 B_SPLINE_SURFACE_WITH_KNOTS ( ( 4, 2, 2, 2, 2, 2, 2, 2, 2, 4 ),
 ( 3, 3 ),
 ( 0.0002499069620282134280, 0.0006978296124244931335, 0.001145752262820772839, 0.002041597563613332250, 0.002937442864405891661, 0.003833288165198451506, 0.005624978766783570762, 0.007416669368368689584, 0.01100005057153892810, 0.01458343177470916574 ),
 ( 0.000000000000000000, 1.000000000000000000 ),
 .UNSPECIFIED. ) 
 GEOMETRIC_REPRESENTATION_ITEM ( )  RATIONAL_B_SPLINE_SURFACE ( (
 ( 1.000000000000000000, 0.9841169399257416739, 1.000000000000000000),
 ( 1.000000000000000000, 0.9835703090422015515, 1.000000000000000000),
 ( 1.000000000000000000, 0.9825034652867208340, 1.000000000000000000),
 ( 1.000000000000000000, 0.9797166566298038948, 1.000000000000000000),
 ( 1.000000000000000000, 0.9781681663269475857, 1.000000000000000000),
 ( 1.000000000000000000, 0.9726715511624773880, 1.000000000000000000),
 ( 1.000000000000000000, 0.9683108540288333232, 1.000000000000000000),
 ( 1.000000000000000000, 0.9589366320208999594, 1.000000000000000000),
 ( 1.000000000000000000, 0.9539288058436498074, 1.000000000000000000),
 ( 1.000000000000000000, 0.9437689118466620064, 1.000000000000000000),
 ( 1.000000000000000000, 0.9385708472230915866, 1.000000000000000000),
 ( 1.000000000000000000, 0.9227635494023262996, 1.000000000000000000),
 ( 1.000000000000000000, 0.9119003946388641868, 1.000000000000000000),
 ( 1.000000000000000000, 0.8902499400578698374, 1.000000000000000000),
 ( 1.000000000000000000, 0.8794569650649711745, 1.000000000000000000),
 ( 1.000000000000000000, 0.8473871032389345137, 1.000000000000000000),
 ( 1.000000000000000000, 0.8263810526408947865, 1.000000000000000000),
 ( 1.000000000000000000, 0.7863607912980248305, 1.000000000000000000),
 ( 1.000000000000000000, 0.7673285191855585552, 1.000000000000000000),
 ( 1.000000000000000000, 0.7496692568153846548, 1.000000000000000000) ) ) 
 REPRESENTATION_ITEM ( '' )  SURFACE ( )  );
#2198 = CARTESIAN_POINT ( 'NONE',  ( 56.44911025944205818, 5.000000000000000888, -10.48029536239084436 ) ) ;
#2199 = CARTESIAN_POINT ( 'NONE',  ( 71.07888426183374975, 1.707260014475928900, 1.000003369765737560 ) ) ;
#2200 = CARTESIAN_POINT ( 'NONE',  ( 21.35892949234366256, 5.749999999999986677, -1.574056590304903080 ) ) ;
#2201 = CARTESIAN_POINT ( 'NONE',  ( 24.83804701343825272, 4.749999999999984901, -14.45875902514366196 ) ) ;
#2202 = EDGE_CURVE ( 'NONE', #1102, #2887, #2155, .T. ) ;
#2203 = ORIENTED_EDGE ( 'NONE', *, *, #3167, .F. ) ;
#2204 = CARTESIAN_POINT ( 'NONE',  ( 75.29644864361303291, 2.714643599101918880, 1.000003369765773531 ) ) ;
#2205 = CARTESIAN_POINT ( 'NONE',  ( 36.80137233794578577, 10.71624834680349281, -9.836981570432454802 ) ) ;
#2206 = DIRECTION ( 'NONE',  ( 0.8360904274634565203, -0.000000000000000000, 0.5485916487734522340 ) ) ;
#2207 = EDGE_CURVE ( 'NONE', #2612, #3395, #2832, .T. ) ;
#2208 = CARTESIAN_POINT ( 'NONE',  ( 23.30163002075186540, 18.00000000000000000, -10.69509266136701520 ) ) ;
#2209 = ORIENTED_EDGE ( 'NONE', *, *, #1817, .T. ) ;
#2210 = CARTESIAN_POINT ( 'NONE',  ( 12.74941679387679372, 16.99036333920453146, -19.43744705462573208 ) ) ;
#2211 = CARTESIAN_POINT ( 'NONE',  ( 21.36338469276007146, 12.24999999999999289, -1.571060180145125607 ) ) ;
#2212 = ORIENTED_EDGE ( 'NONE', *, *, #1091, .F. ) ;
#2213 = CARTESIAN_POINT ( 'NONE',  ( 32.62153440617748146, 13.24999999999999467, 1.000003369765737560 ) ) ;
#2214 = EDGE_CURVE ( 'NONE', #2502, #448, #3455, .T. ) ;
#2215 = ADVANCED_FACE ( 'NONE', ( #891 ), #4013, .F. ) ;
#2216 = CARTESIAN_POINT ( 'NONE',  ( 25.96613670345353242, 5.000000000000006217, -14.92633815315201140 ) ) ;
#2217 = CARTESIAN_POINT ( 'NONE',  ( 63.00136227293237567, 12.99999999999999822, -8.404490337512346088 ) ) ;
#2218 = CARTESIAN_POINT ( 'NONE',  ( 56.46170738294489411, 5.000000000000000888, -10.48504062499555012 ) ) ;
#2219 = CARTESIAN_POINT ( 'NONE',  ( 21.45015906486046475, 5.749999999999987566, -0.3288119817110827237 ) ) ;
#2220 = CARTESIAN_POINT ( 'NONE',  ( 24.51376590792408550, 14.28700568338778254, -15.56309982889298027 ) ) ;
#2221 = VERTEX_POINT ( 'NONE', #3091 ) ;
#2222 = DIRECTION ( 'NONE',  ( -1.000000000000000000, -1.320322887953413876E-16, 0.000000000000000000 ) ) ;
#2223 = CARTESIAN_POINT ( 'NONE',  ( 35.31918373264263522, 10.83506834306746391, -10.30008112108924578 ) ) ;
#2224 = CARTESIAN_POINT ( 'NONE',  ( 33.35959688902642029, 12.18813461438841728, -9.882377135061883422 ) ) ;
#2225 = CARTESIAN_POINT ( 'NONE',  ( 24.45952107006992549, 12.99999999999999822, -15.91596487409325356 ) ) ;
#2226 = CARTESIAN_POINT ( 'NONE',  ( 32.62153440617748146, 5.749999999999993783, -10.26777546232808191 ) ) ;
#2227 = ORIENTED_EDGE ( 'NONE', *, *, #1656, .T. ) ;
#2228 = CARTESIAN_POINT ( 'NONE',  ( 25.68038978072394940, 17.00000000000000355, 1.000003031064401915 ) ) ;
#2229 = CARTESIAN_POINT ( 'NONE',  ( 13.59764914474836495, 12.25000000000126299, -5.300991235027196602 ) ) ;
#2230 = CARTESIAN_POINT ( 'NONE',  ( 35.87153440617748146, 8.999999999999996447, -8.774806486217958224 ) ) ;
#2231 = ORIENTED_EDGE ( 'NONE', *, *, #1223, .T. ) ;
#2232 = CARTESIAN_POINT ( 'NONE',  ( 25.68038978072394229, 4.749999999999992895, 1.000003031064401693 ) ) ;
#2233 = CARTESIAN_POINT ( 'NONE',  ( 33.79756981406317351, 1.875926777436984572E-12, -10.86440591758133500 ) ) ;
#2234 = CARTESIAN_POINT ( 'NONE',  ( 43.94125876537281528, 8.673617379884035472E-16, -3.525081365373916142 ) ) ;
#2235 = CARTESIAN_POINT ( 'NONE',  ( 67.55835089319948850, 5.000000000000000888, -6.024786450789774150 ) ) ;
#2236 = AXIS2_PLACEMENT_3D ( 'NONE', #1356, #2318, #1087 ) ;
#2237 = CARTESIAN_POINT ( 'NONE',  ( 23.07774218454719772, 4.749999999999672262, 0.4968838688054961206 ) ) ;
#2238 = CARTESIAN_POINT ( 'NONE',  ( 19.88004578911182918, 17.11705027745406937, -16.35907380115741461 ) ) ;
#2239 = ORIENTED_EDGE ( 'NONE', *, *, #2641, .T. ) ;
#2240 = VECTOR ( 'NONE', #1164, 1000.000000000000000 ) ;
#2241 = CARTESIAN_POINT ( 'NONE',  ( 68.96848920031784758, 0.07537493014176530060, -0.1602222673512230522 ) ) ;
#2242 = CARTESIAN_POINT ( 'NONE',  ( 36.11455116863503889, 11.81876086811550763, -10.04899810829036788 ) ) ;
#2243 = CYLINDRICAL_SURFACE ( 'NONE', #3827, 1.650000000000002132 ) ;
#2244 = B_SPLINE_CURVE_WITH_KNOTS ( 'NONE', 3,
 ( #3170, #1896, #2857, #1282 ),
 .UNSPECIFIED., .F., .F.,
 ( 4, 4 ),
 ( 0.000000000000000000, 0.008664816245879052026 ),
 .UNSPECIFIED. ) ;
#2245 = VECTOR ( 'NONE', #1787, 1000.000000000000000 ) ;
#2246 = CARTESIAN_POINT ( 'NONE',  ( 20.58789413234975996, 17.99999999998484768, -18.47168735117013227 ) ) ;
#2247 = DIRECTION ( 'NONE',  ( 0.3892084293595792777, 0.000000000000000000, -0.9211497155812672366 ) ) ;
#2248 = CIRCLE ( 'NONE', #1068, 1.650000000000000355 ) ;
#2249 = ORIENTED_EDGE ( 'NONE', *, *, #1351, .F. ) ;
#2250 = FACE_OUTER_BOUND ( 'NONE', #1725, .T. ) ;
#2251 = CARTESIAN_POINT ( 'NONE',  ( 24.31876909034344791, 12.24999999999999289, -0.1606943768676678541 ) ) ;
#2252 = ORIENTED_EDGE ( 'NONE', *, *, #1653, .T. ) ;
#2253 = CARTESIAN_POINT ( 'NONE',  ( 56.64943361827388202, 17.75292796910488846, -6.923511845444699553 ) ) ;
#2254 = EDGE_CURVE ( 'NONE', #3428, #2834, #3614, .T. ) ;
#2255 = VERTEX_POINT ( 'NONE', #1183 ) ;
#2256 = CARTESIAN_POINT ( 'NONE',  ( 20.38919883392188837, 4.749999999999985789, -1.022615100029153457 ) ) ;
#2257 = EDGE_CURVE ( 'NONE', #3532, #4086, #57, .T. ) ;
#2258 = CIRCLE ( 'NONE', #866, 1.000000000000000222 ) ;
#2259 = CARTESIAN_POINT ( 'NONE',  ( 17.81821725718523197, 8.673617379884035472E-16, -14.30884954135237663 ) ) ;
#2260 = CARTESIAN_POINT ( 'NONE',  ( 25.21449011928925188, 4.080758293071437670, -15.31819318171580591 ) ) ;
#2261 = CARTESIAN_POINT ( 'NONE',  ( 73.05833169245426006, 5.000000000000000888, -1.921482764508494423 ) ) ;
#2262 = CARTESIAN_POINT ( 'NONE',  ( 35.87153440617748146, 8.999999999999996447, -8.774806486217958224 ) ) ;
#2263 = CARTESIAN_POINT ( 'NONE',  ( 19.57626971171747954, 5.750000000000151879, -1.595169097762626720 ) ) ;
#2264 = DIRECTION ( 'NONE',  ( 0.000000000000000000, 0.000000000000000000, -1.000000000000000000 ) ) ;
#2265 = ORIENTED_EDGE ( 'NONE', *, *, #1971, .F. ) ;
#2266 = CARTESIAN_POINT ( 'NONE',  ( 37.01143375190621754, 7.897680542894910616, -9.775207033941152091 ) ) ;
#2267 = FACE_OUTER_BOUND ( 'NONE', #3452, .T. ) ;
#2268 = CARTESIAN_POINT ( 'NONE',  ( 25.02887797267706560, 18.00000000000000000, -15.54012333334671325 ) ) ;
#2269 = CARTESIAN_POINT ( 'NONE',  ( 64.29465431434580580, 18.00000000000000000, -2.146410429385671836 ) ) ;
#2270 = VERTEX_POINT ( 'NONE', #2213 ) ;
#2271 = CARTESIAN_POINT ( 'NONE',  ( 12.36020836451721472, 5.749999999999990230, -18.51629733904446340 ) ) ;
#2272 = CARTESIAN_POINT ( 'NONE',  ( 13.96045607436255054, 12.24999999999999467, -6.233258223827576217 ) ) ;
#2273 = EDGE_LOOP ( 'NONE', ( #672, #2979, #1641, #4012 ) ) ;
#2274 = DIRECTION ( 'NONE',  ( -0.000000000000000000, -1.000000000000000000, -0.000000000000000000 ) ) ;
#2275 = VERTEX_POINT ( 'NONE', #2796 ) ;
#2276 = CARTESIAN_POINT ( 'NONE',  ( 25.77135769114199704, 4.749999999999992895, 3.369765737499044733E-06 ) ) ;
#2277 = CARTESIAN_POINT ( 'NONE',  ( 23.77541428714460636, 17.00000000000001066, 1.000003369765740002 ) ) ;
#2278 = CARTESIAN_POINT ( 'NONE',  ( 10.02495778835974249, 18.00000000000000000, -12.98939904555686020 ) ) ;
#2279 = CARTESIAN_POINT ( 'NONE',  ( 70.80560195853267658, 8.673617379884035472E-16, 2.900456301901105594 ) ) ;
#2280 = CARTESIAN_POINT ( 'NONE',  ( 10.20962366525752785, 13.24999999999998934, -5.988040843287500969 ) ) ;
#2281 = CARTESIAN_POINT ( 'NONE',  ( 18.22211972697632731, 1.409473896406595594, -17.35998475736666080 ) ) ;
#2282 = CARTESIAN_POINT ( 'NONE',  ( 18.21166372460296756, 16.59195668639532784, -17.36347153833467871 ) ) ;
#2283 = EDGE_LOOP ( 'NONE', ( #1370, #1719, #1240, #1874 ) ) ;
#2284 = DIRECTION ( 'NONE',  ( -1.000000000000000000, 0.000000000000000000, 0.000000000000000000 ) ) ;
#2285 = CARTESIAN_POINT ( 'NONE',  ( 35.47382520628672609, 10.57920642664399402, -10.24409665277879000 ) ) ;
#2286 = CARTESIAN_POINT ( 'NONE',  ( 33.95600375548907124, 13.18068200526015765, -10.81108652262186531 ) ) ;
#2287 = CARTESIAN_POINT ( 'NONE',  ( 23.76255464195024203, 18.00000000000001776, -10.40395583445534200 ) ) ;
#2288 = CARTESIAN_POINT ( 'NONE',  ( 69.75061090921434470, 18.00000000000000000, 1.835819846956280088 ) ) ;
#2289 = ORIENTED_EDGE ( 'NONE', *, *, #1043, .T. ) ;
#2290 = CARTESIAN_POINT ( 'NONE',  ( 25.40272353978841835, 16.99999999999997868, 0.9919611619186414764 ) ) ;
#2291 = CARTESIAN_POINT ( 'NONE',  ( 11.34729199116642562, 12.24999999999935696, -5.918492955938130073 ) ) ;
#2292 = ORIENTED_EDGE ( 'NONE', *, *, #2713, .F. ) ;
#2293 = CARTESIAN_POINT ( 'NONE',  ( 33.86628442557719154, 12.00621597089244474, -9.633983388902787937 ) ) ;
#2294 = EDGE_LOOP ( 'NONE', ( #3697, #2011, #3882, #605 ) ) ;
#2295 = DIRECTION ( 'NONE',  ( -0.8660254037844389297, 0.000000000000000000, -0.4999999999999996114 ) ) ;
#2296 = FACE_BOUND ( 'NONE', #2505, .T. ) ;
#2297 = CARTESIAN_POINT ( 'NONE',  ( 73.14211062387404638, 8.673617379884035472E-16, -1.845138648864304010 ) ) ;
#2298 = CARTESIAN_POINT ( 'NONE',  ( 21.30516353172160748, 13.25000000000000000, -0.4177072335088232169 ) ) ;
#2299 = FACE_OUTER_BOUND ( 'NONE', #1691, .T. ) ;
#2300 = CARTESIAN_POINT ( 'NONE',  ( 24.45617066130593997, 14.68841795334481048, -15.57664604970628908 ) ) ;
#2301 = ORIENTED_EDGE ( 'NONE', *, *, #44, .F. ) ;
#2302 = CARTESIAN_POINT ( 'NONE',  ( 25.40238901488504197, -1.925929944387251618E-31, 3.369765737937270781E-06 ) ) ;
#2303 = CARTESIAN_POINT ( 'NONE',  ( 66.70383944838968659, 18.00000000000000355, -0.6105612611769288822 ) ) ;
#2304 = CIRCLE ( 'NONE', #3951, 1.000000000000000444 ) ;
#2305 =( BOUNDED_SURFACE ( )  B_SPLINE_SURFACE ( 3, 2, ( 
 ( #153, #3619, #1432 ),
 ( #3023, #1125, #2379 ),
 ( #803, #175, #1452 ),
 ( #3658, #822, #2092 ),
 ( #3355, #507, #3049 ),
 ( #200, #1473, #2114 ),
 ( #3698, #887, #2418 ),
 ( #4055, #3762, #837 ),
 ( #2792, #3674, #3038 ),
 ( #2105, #3987, #2190 ),
 ( #3086, #566, #1219 ),
 ( #1157, #863, #3371 ),
 ( #525, #2503, #4075 ),
 ( #3396, #3134, #1201 ),
 ( #2149, #3063, #1797 ),
 ( #1840, #2463, #213 ),
 ( #2439, #1486, #3723 ),
 ( #1547, #2748, #2130 ),
 ( #234, #4009, #1466 ),
 ( #543, #591, #2485 ),
 ( #3414, #1864, #3106 ),
 ( #1177, #1816, #1504 ),
 ( #3745, #257, #2766 ),
 ( #1241, #3435, #4031 ),
 ( #1528, #906, #2170 ),
 ( #278, #2812, #932 ) ),
 .UNSPECIFIED., .F., .F., .F. ) 
 B_SPLINE_SURFACE_WITH_KNOTS ( ( 4, 2, 2, 2, 2, 2, 2, 2, 2, 2, 2, 2, 4 ),
 ( 3, 3 ),
 ( 2.602085213965210642E-18, 0.002186398618709950881, 0.003279597928064924804, 0.004372797237419899161, 0.008745594474839796587, 0.01093199309354974530, 0.01202519240290471879, 0.01311839171225969228, 0.01421159102161466750, 0.01530479033096964099, 0.01585138998564712687, 0.01639798964032461448, 0.01749118894967958970 ),
 ( 0.000000000000000000, 1.000000000000000000 ),
 .UNSPECIFIED. ) 
 GEOMETRIC_REPRESENTATION_ITEM ( )  RATIONAL_B_SPLINE_SURFACE ( (
 ( 1.000000000000000000, 0.7071067811865476838, 1.000000000000000000),
 ( 1.000000000000000000, 0.7071067811865476838, 1.000000000000000000),
 ( 1.000000000000000000, 0.7071067811865476838, 1.000000000000000000),
 ( 1.000000000000000000, 0.7071067811865476838, 1.000000000000000000),
 ( 1.000000000000000000, 0.7071067811865482389, 1.000000000000000000),
 ( 1.000000000000000000, 0.7071067811865482389, 1.000000000000000000),
 ( 1.000000000000000000, 0.7071067811865482389, 1.000000000000000000),
 ( 1.000000000000000000, 0.7071067811865482389, 1.000000000000000000),
 ( 1.000000000000000000, 0.7071067811865476838, 1.000000000000000000),
 ( 1.000000000000000000, 0.7071067811865476838, 1.000000000000000000),
 ( 1.000000000000000000, 0.7071067811865475727, 1.000000000000000000),
 ( 1.000000000000000000, 0.7071067811865475727, 1.000000000000000000),
 ( 1.000000000000000000, 0.7071067811865476838, 1.000000000000000000),
 ( 1.000000000000000000, 0.7071067811865476838, 1.000000000000000000),
 ( 1.000000000000000000, 0.7071067811865476838, 1.000000000000000000),
 ( 1.000000000000000000, 0.7071067811865476838, 1.000000000000000000),
 ( 1.000000000000000000, 0.7071067811865476838, 1.000000000000000000),
 ( 1.000000000000000000, 0.7071067811865476838, 1.000000000000000000),
 ( 1.000000000000000000, 0.7071067811865483499, 1.000000000000000000),
 ( 1.000000000000000000, 0.7071067811865483499, 1.000000000000000000),
 ( 1.000000000000000000, 0.7071067811865473507, 1.000000000000000000),
 ( 1.000000000000000000, 0.7071067811865473507, 1.000000000000000000),
 ( 1.000000000000000000, 0.7071067811865476838, 1.000000000000000000),
 ( 1.000000000000000000, 0.7071067811865476838, 1.000000000000000000),
 ( 1.000000000000000000, 0.7071067811865475727, 1.000000000000000000),
 ( 1.000000000000000000, 0.7071067811865475727, 1.000000000000000000) ) ) 
 REPRESENTATION_ITEM ( '' )  SURFACE ( )  );
#2306 = CARTESIAN_POINT ( 'NONE',  ( 32.01016993611409589, 18.00000000000000000, -6.192650235327954888 ) ) ;
#2307 = CARTESIAN_POINT ( 'NONE',  ( 33.35959688902656239, 5.811865385611614698, -9.882377135061753748 ) ) ;
#2308 = EDGE_LOOP ( 'NONE', ( #1815, #1034, #2623, #2001 ) ) ;
#2309 = CARTESIAN_POINT ( 'NONE',  ( 68.26888622132554474, 18.08418345741263167, 1.000003369765737560 ) ) ;
#2310 = CARTESIAN_POINT ( 'NONE',  ( 25.35025852611549979, 13.24999999999999289, 1.000003369765737560 ) ) ;
#2311 = ORIENTED_EDGE ( 'NONE', *, *, #307, .T. ) ;
#2312 = CARTESIAN_POINT ( 'NONE',  ( 56.70225786689616854, 18.00000000000000000, -5.269154549005597765 ) ) ;
#2313 = AXIS2_PLACEMENT_3D ( 'NONE', #3688, #3427, #1518 ) ;
#2314 = ORIENTED_EDGE ( 'NONE', *, *, #3383, .T. ) ;
#2315 = CIRCLE ( 'NONE', #1328, 1.000000000000000888 ) ;
#2316 = DIRECTION ( 'NONE',  ( -1.000000000000000000, 0.000000000000000000, 0.000000000000000000 ) ) ;
#2317 = B_SPLINE_CURVE_WITH_KNOTS ( 'NONE', 3,
 ( #3588, #2302, #765, #2012, #731, #1757, #156, #3008, #3340, #3949, #1435, #786, #3301, #450, #2700, #2028, #1995, #751, #2678, #2324 ),
 .UNSPECIFIED., .F., .F.,
 ( 4, 2, 2, 2, 2, 2, 2, 2, 2, 4 ),
 ( 0.000000000000000000, 0.001095464596678944738, 0.002190929193357889476, 0.004381858386715769410, 0.006572787580073648911, 0.008763716773431528412, 0.01314557516014728741, 0.01424103975682622890, 0.01533650435350516691, 0.01752743354686304295 ),
 .UNSPECIFIED. ) ;
#2318 = DIRECTION ( 'NONE',  ( 0.000000000000000000, 1.000000000000000000, -0.000000000000000000 ) ) ;
#2319 = AXIS2_PLACEMENT_3D ( 'NONE', #2423, #3048, #1509 ) ;
#2320 = CARTESIAN_POINT ( 'NONE',  ( 69.73561128987810775, 6.515107011203412349E-13, -4.582296865251436202 ) ) ;
#2321 = CARTESIAN_POINT ( 'NONE',  ( 10.02495778835974249, 13.24999999999999112, -5.989399045556861090 ) ) ;
#2322 = CARTESIAN_POINT ( 'NONE',  ( 10.02495778835974249, 16.99999999999999645, -12.98939904555686020 ) ) ;
#2323 = ORIENTED_EDGE ( 'NONE', *, *, #1904, .F. ) ;
#2324 = CARTESIAN_POINT ( 'NONE',  ( 10.02495778835974249, 0.000000000000000000, -6.989399045556861090 ) ) ;
#2325 = CARTESIAN_POINT ( 'NONE',  ( 65.87261013761506945, 18.00000000000000000, -1.180427887613914706 ) ) ;
#2326 = CARTESIAN_POINT ( 'NONE',  ( 44.71405589706996864, 18.00000000000000000, -3.490278305772721801 ) ) ;
#2327 = CARTESIAN_POINT ( 'NONE',  ( 57.17337666333963853, 18.00000000000000000, -10.31431456557235116 ) ) ;
#2328 = ADVANCED_FACE ( 'NONE', ( #3747 ), #2172, .F. ) ;
#2329 = ORIENTED_EDGE ( 'NONE', *, *, #12, .T. ) ;
#2330 = CARTESIAN_POINT ( 'NONE',  ( 68.23765390568647149, 18.00000000000000000, -0.08073323592436720819 ) ) ;
#2331 = ADVANCED_FACE ( 'NONE', ( #596 ), #2194, .F. ) ;
#2332 = FACE_OUTER_BOUND ( 'NONE', #496, .T. ) ;
#2333 = CARTESIAN_POINT ( 'NONE',  ( 72.26281151964649041, 1.386110688024721371, -0.5057503503067435346 ) ) ;
#2334 = EDGE_LOOP ( 'NONE', ( #2289, #2388, #675, #2791 ) ) ;
#2335 = DIRECTION ( 'NONE',  ( 0.000000000000000000, 0.000000000000000000, -1.000000000000000000 ) ) ;
#2336 = DIRECTION ( 'NONE',  ( 0.9915168612932919734, -0.000000000000000000, 0.1299781280489111790 ) ) ;
#2337 = EDGE_CURVE ( 'NONE', #810, #1668, #4078, .T. ) ;
#2338 = EDGE_CURVE ( 'NONE', #3781, #1362, #3217, .T. ) ;
#2339 = DIRECTION ( 'NONE',  ( 0.000000000000000000, 0.000000000000000000, 1.000000000000000000 ) ) ;
#2340 = CARTESIAN_POINT ( 'NONE',  ( 24.31017957146140418, 13.24999999999999112, 0.8961360103283093625 ) ) ;
#2341 = CARTESIAN_POINT ( 'NONE',  ( 25.03968355468296636, 4.604665421209221954, -15.43856665294473274 ) ) ;
#2342 = ORIENTED_EDGE ( 'NONE', *, *, #3258, .F. ) ;
#2343 = ORIENTED_EDGE ( 'NONE', *, *, #50, .T. ) ;
#2344 = CARTESIAN_POINT ( 'NONE',  ( 25.06508466426979354, 12.24999999999999289, -15.43264500671691408 ) ) ;
#2345 = CARTESIAN_POINT ( 'NONE',  ( 10.02495778835974249, 16.99999999999999645, -19.98939904555686198 ) ) ;
#2346 = CARTESIAN_POINT ( 'NONE',  ( 42.09012847210079400, 18.00000000000094502, -8.715851781709147872 ) ) ;
#2347 = LINE ( 'NONE', #1095, #3700 ) ;
#2348 = ORIENTED_EDGE ( 'NONE', *, *, #1483, .T. ) ;
#2349 = CARTESIAN_POINT ( 'NONE',  ( 67.50608998600404220, 17.99999999999999645, 1.000003369765737560 ) ) ;
#2350 = CARTESIAN_POINT ( 'NONE',  ( 25.21460176283195409, 13.91903476342168489, -15.31817668910458252 ) ) ;
#2351 = CARTESIAN_POINT ( 'NONE',  ( 35.87153440617748146, 9.341884775713424460, -8.774806486217960000 ) ) ;
#2352 = CARTESIAN_POINT ( 'NONE',  ( 10.54613591606003276, 8.673617379884035472E-16, -19.10926601679069492 ) ) ;
#2353 = ORIENTED_EDGE ( 'NONE', *, *, #3079, .T. ) ;
#2354 = DIRECTION ( 'NONE',  ( 0.000000000000000000, 0.000000000000000000, -1.000000000000000000 ) ) ;
#2355 = CARTESIAN_POINT ( 'NONE',  ( 74.27046865597914405, 13.00000000000000178, -0.7061808768033207562 ) ) ;
#2356 = CARTESIAN_POINT ( 'NONE',  ( 35.33684189182253732, 12.52152004800491092, -10.30758303554878097 ) ) ;
#2357 = CARTESIAN_POINT ( 'NONE',  ( 57.17337666334007906, 9.861480847903813849E-13, -10.31431456557110415 ) ) ;
#2358 = DIRECTION ( 'NONE',  ( -1.320322887953414123E-16, 1.000000000000000000, 0.000000000000000000 ) ) ;
#2359 = FACE_OUTER_BOUND ( 'NONE', #1270, .T. ) ;
#2360 = CARTESIAN_POINT ( 'NONE',  ( 10.02495778835973894, 5.749999999999991118, -6.989399045556861090 ) ) ;
#2361 = CARTESIAN_POINT ( 'NONE',  ( 38.37105269773808658, 12.99999999999999822, -9.352883170375013933 ) ) ;
#2362 = CARTESIAN_POINT ( 'NONE',  ( 56.35763040702540394, 18.00000000000000000, -10.50912627291418033 ) ) ;
#2363 = ORIENTED_EDGE ( 'NONE', *, *, #1959, .F. ) ;
#2364 = CARTESIAN_POINT ( 'NONE',  ( 73.63490497435496707, 15.17125709188375460, -0.6436065340820708025 ) ) ;
#2365 = CARTESIAN_POINT ( 'NONE',  ( 25.14550733585140918, 14.06188491941141905, -15.32882298419194278 ) ) ;
#2366 = CARTESIAN_POINT ( 'NONE',  ( 33.95259142709613798, 4.789927523412468524, -10.81316745274934554 ) ) ;
#2367 = CIRCLE ( 'NONE', #181, 7.000000000000000000 ) ;
#2368 = DIRECTION ( 'NONE',  ( 0.000000000000000000, 1.000000000000000000, 0.000000000000000000 ) ) ;
#2369 = ORIENTED_EDGE ( 'NONE', *, *, #2581, .T. ) ;
#2370 = CARTESIAN_POINT ( 'NONE',  ( 32.00678561701487013, 0.4429553707615510594, -8.463065808282150826 ) ) ;
#2371 = ADVANCED_FACE ( 'NONE', ( #615, #548 ), #3399, .T. ) ;
#2372 = CARTESIAN_POINT ( 'NONE',  ( 3.024957788359742938, 13.24999999999998757, -12.98939904555686020 ) ) ;
#2373 = VECTOR ( 'NONE', #3358, 1000.000000000000000 ) ;
#2374 = VERTEX_POINT ( 'NONE', #238 ) ;
#2375 = DIRECTION ( 'NONE',  ( 0.000000000000000000, 0.000000000000000000, -1.000000000000000000 ) ) ;
#2376 = EDGE_CURVE ( 'NONE', #2077, #2270, #956, .T. ) ;
#2377 = EDGE_CURVE ( 'NONE', #47, #1863, #3954, .T. ) ;
#2378 = CARTESIAN_POINT ( 'NONE',  ( 56.70225786689616854, 0.000000000000000000, -5.269154549005597765 ) ) ;
#2379 = CARTESIAN_POINT ( 'NONE',  ( 10.69335591973145050, 1.000000000000000888, -5.989399045556862866 ) ) ;
#2380 = CARTESIAN_POINT ( 'NONE',  ( 73.38699449728029833, 15.54943477457068823, -0.6190064835474952121 ) ) ;
#2381 = ORIENTED_EDGE ( 'NONE', *, *, #1948, .T. ) ;
#2382 = VECTOR ( 'NONE', #3366, 1000.000000000000000 ) ;
#2383 = CARTESIAN_POINT ( 'NONE',  ( 51.78311344636843927, 18.00000000000000000, -4.009661782294029031 ) ) ;
#2384 = DIRECTION ( 'NONE',  ( -1.000000000000000000, 0.000000000000000000, -0.000000000000000000 ) ) ;
#2385 = CARTESIAN_POINT ( 'NONE',  ( 56.52891678172198198, 18.00000000000000000, -10.51035801166960937 ) ) ;
#2386 = CARTESIAN_POINT ( 'NONE',  ( 55.25317364077377391, 18.00000000000000000, -5.632577730899684276 ) ) ;
#2387 = EDGE_CURVE ( 'NONE', #1380, #1668, #2248, .T. ) ;
#2388 = ORIENTED_EDGE ( 'NONE', *, *, #2122, .T. ) ;
#2389 = FACE_OUTER_BOUND ( 'NONE', #233, .T. ) ;
#2390 = ADVANCED_FACE ( 'NONE', ( #1329 ), #1039, .F. ) ;
#2391 = DIRECTION ( 'NONE',  ( 0.000000000000000000, 0.000000000000000000, 1.000000000000000000 ) ) ;
#2392 = EDGE_CURVE ( 'NONE', #886, #3007, #929, .T. ) ;
#2393 = CARTESIAN_POINT ( 'NONE',  ( 67.50608998601347821, 8.673617379884035472E-16, 3.369772912098500939E-06 ) ) ;
#2394 = DIRECTION ( 'NONE',  ( 0.000000000000000000, 0.000000000000000000, 1.000000000000000000 ) ) ;
#2395 = ORIENTED_EDGE ( 'NONE', *, *, #4023, .T. ) ;
#2396 = DIRECTION ( 'NONE',  ( 1.000000000000000000, 0.000000000000000000, 1.017433123740057668E-15 ) ) ;
#2397 = EDGE_CURVE ( 'NONE', #840, #1497, #2179, .T. ) ;
#2398 = CARTESIAN_POINT ( 'NONE',  ( 33.03326147355831921, 5.749999999999993783, -11.24951583295530710 ) ) ;
#2399 = CARTESIAN_POINT ( 'NONE',  ( 52.21422880417406986, 5.000000000000000888, -9.195274488398144541 ) ) ;
#2400 = FACE_OUTER_BOUND ( 'NONE', #2334, .T. ) ;
#2401 = B_SPLINE_CURVE_WITH_KNOTS ( 'NONE', 3,
 ( #37, #3215, #2709, #2594, #773, #3824, #3961, #364, #698, #2901, #129, #3517, #1002, #3332, #3233, #165, #3634, #2040, #3312, #1138, #3612, #1941, #795, #1331, #2081 ),
 .UNSPECIFIED., .F., .F.,
 ( 4, 2, 1, 2, 2, 2, 2, 2, 2, 2, 2, 2, 4 ),
 ( -5.999999999821194779E-08, 0.0002733680470047535126, 0.0005467960940095052593, 0.001093652188019008861, 0.002187364376038015631, 0.003281076564057022402, 0.004374788752076030039, 0.008749637504152044110, 0.01093706188019004724, 0.01203077406820904707, 0.01312448625622804864, 0.01531191063226605177, 0.01749933500830404970 ),
 .UNSPECIFIED. ) ;
#2402 = DIRECTION ( 'NONE',  ( -0.000000000000000000, -0.000000000000000000, 1.000000000000000000 ) ) ;
#2403 = ADVANCED_FACE ( 'NONE', ( #1921 ), #1987, .F. ) ;
#2404 = CARTESIAN_POINT ( 'NONE',  ( 11.57031528865742942, 0.05192532295836096295, -19.84670786460288028 ) ) ;
#2405 = CARTESIAN_POINT ( 'NONE',  ( 71.60669209539700830, 17.03907145032163584, -0.4385844319386195123 ) ) ;
#2406 = VERTEX_POINT ( 'NONE', #404 ) ;
#2407 = B_SPLINE_CURVE_WITH_KNOTS ( 'NONE', 3,
 ( #2436, #1794, #520, #925 ),
 .UNSPECIFIED., .F., .F.,
 ( 4, 4 ),
 ( 0.000000000000000000, 0.01296515853466298843 ),
 .UNSPECIFIED. ) ;
#2408 = CARTESIAN_POINT ( 'NONE',  ( 34.05767506781200638, 4.999999999999996447, -9.705814336439413381 ) ) ;
#2409 = CARTESIAN_POINT ( 'NONE',  ( 10.02495778835974249, 14.79999999999999893, -12.98939904555686020 ) ) ;
#2410 = CARTESIAN_POINT ( 'NONE',  ( 25.77135769114199704, 5.749999999999992006, 3.369765737499044733E-06 ) ) ;
#2411 = CARTESIAN_POINT ( 'NONE',  ( 56.43763054780385602, 18.00000000000000000, -10.49061252184476167 ) ) ;
#2412 = ORIENTED_EDGE ( 'NONE', *, *, #50, .F. ) ;
#2413 = CARTESIAN_POINT ( 'NONE',  ( 56.70225786689616854, 0.000000000000000000, -5.269154549005597765 ) ) ;
#2414 = CARTESIAN_POINT ( 'NONE',  ( 14.92749355324726501, 0.3196309371450655745, -18.54606126856983650 ) ) ;
#2415 = FACE_OUTER_BOUND ( 'NONE', #2308, .T. ) ;
#2416 = CARTESIAN_POINT ( 'NONE',  ( 21.78575470977515138, 16.99999999999999645, -0.1262519989186240976 ) ) ;
#2417 = ORIENTED_EDGE ( 'NONE', *, *, #930, .F. ) ;
#2418 = CARTESIAN_POINT ( 'NONE',  ( 13.59764914498519595, 1.000000000000638822, -5.300991235589672890 ) ) ;
#2419 = CYLINDRICAL_SURFACE ( 'NONE', #2115, 1.650000000000000355 ) ;
#2420 = CARTESIAN_POINT ( 'NONE',  ( 27.80537352010809116, 4.687499999962284392, -13.70548455130552057 ) ) ;
#2421 = CARTESIAN_POINT ( 'NONE',  ( 52.21422880418330692, 0.000000000000000000, -9.195274488349962638 ) ) ;
#2422 = CARTESIAN_POINT ( 'NONE',  ( 34.79422832002855159, 12.84093596925250935, -10.49948976185243055 ) ) ;
#2423 = CARTESIAN_POINT ( 'NONE',  ( 10.02495778835974249, 18.00000000000000000, -12.98939904555686020 ) ) ;
#2424 = ADVANCED_FACE ( 'NONE', ( #2592 ), #3890, .T. ) ;
#2425 = CARTESIAN_POINT ( 'NONE',  ( 10.02495778835974249, 13.24999999999998934, -12.98939904555686020 ) ) ;
#2426 = CARTESIAN_POINT ( 'NONE',  ( 36.15714677959896761, 5.000000000000000888, -9.986718803367075736 ) ) ;
#2427 = CARTESIAN_POINT ( 'NONE',  ( 58.38784500159130886, 0.000000000000000000, -5.867622889777756257 ) ) ;
#2428 = CARTESIAN_POINT ( 'NONE',  ( 10.02495778835974249, 12.24999999999998934, -12.98939904555686020 ) ) ;
#2429 = CARTESIAN_POINT ( 'NONE',  ( 56.27021269894451905, 18.00000000000000000, -10.41334755937968382 ) ) ;
#2430 = DIRECTION ( 'NONE',  ( -1.320322887953414123E-16, 1.000000000000000000, 0.000000000000000000 ) ) ;
#2431 = EDGE_CURVE ( 'NONE', #3031, #47, #2651, .T. ) ;
#2432 = ORIENTED_EDGE ( 'NONE', *, *, #3489, .T. ) ;
#2433 = CARTESIAN_POINT ( 'NONE',  ( 73.56244053431285579, 4.661186418092862382, 1.000003369765737560 ) ) ;
#2434 = FACE_OUTER_BOUND ( 'NONE', #337, .T. ) ;
#2435 = CARTESIAN_POINT ( 'NONE',  ( 12.42969445522754768, 0.03993123856295888174, -18.62156081072601310 ) ) ;
#2436 = CARTESIAN_POINT ( 'NONE',  ( 12.74941679387679372, 4.749999999999990230, -19.43744705462573208 ) ) ;
#2437 = CARTESIAN_POINT ( 'NONE',  ( 24.08889741056959011, 17.99999999999936406, 0.8226981732996702101 ) ) ;
#2438 = ORIENTED_EDGE ( 'NONE', *, *, #2377, .F. ) ;
#2439 = CARTESIAN_POINT ( 'NONE',  ( 22.29387853643972761, 1.301042606982605321E-15, -0.9884505350392313039 ) ) ;
#2440 = CARTESIAN_POINT ( 'NONE',  ( 11.36338046206679664, 18.00000000000000000, -18.91797910339682076 ) ) ;
#2441 = CIRCLE ( 'NONE', #111, 6.000000000000000000 ) ;
#2442 = DIRECTION ( 'NONE',  ( 1.320322887953414123E-16, -1.000000000000000000, -0.000000000000000000 ) ) ;
#2443 = VECTOR ( 'NONE', #873, 999.9999999999998863 ) ;
#2444 = ORIENTED_EDGE ( 'NONE', *, *, #2377, .T. ) ;
#2445 = CARTESIAN_POINT ( 'NONE',  ( 53.12304551526332119, -1.415421388733806763E-12, -9.414036260717018934 ) ) ;
#2446 = DIRECTION ( 'NONE',  ( 0.000000000000000000, 0.000000000000000000, 1.000000000000000000 ) ) ;
#2447 = CARTESIAN_POINT ( 'NONE',  ( 55.27603082385317634, 8.673617379884035472E-16, -5.627288087736994626 ) ) ;
#2448 = LINE ( 'NONE', #2068, #2240 ) ;
#2449 = VECTOR ( 'NONE', #3988, 1000.000000000000000 ) ;
#2450 = CARTESIAN_POINT ( 'NONE',  ( 73.80069306688116626, 14.88238081354404052, -0.6600039512670475839 ) ) ;
#2451 = CARTESIAN_POINT ( 'NONE',  ( 56.62528008209757502, 5.000000000000000888, -10.54665750223468734 ) ) ;
#2452 = CARTESIAN_POINT ( 'NONE',  ( 22.28601953293367899, 5.749999999999990230, -0.9929291866340161921 ) ) ;
#2453 = DIRECTION ( 'NONE',  ( -2.112516620725462547E-16, 1.000000000000000000, 0.000000000000000000 ) ) ;
#2454 = SPHERICAL_SURFACE ( 'NONE', #846, 1.000000000000000000 ) ;
#2455 = ORIENTED_EDGE ( 'NONE', *, *, #2813, .T. ) ;
#2456 = CARTESIAN_POINT ( 'NONE',  ( 25.03535184850428053, 18.00000000000000355, -0.02941224154487261447 ) ) ;
#2457 = CARTESIAN_POINT ( 'NONE',  ( 21.60803219759121063, 1.394478490501293910, -15.97143360998019546 ) ) ;
#2458 = AXIS2_PLACEMENT_3D ( 'NONE', #1845, #3114, #1754 ) ;
#2459 = DIRECTION ( 'NONE',  ( 0.000000000000000000, -1.000000000000000000, 0.000000000000000000 ) ) ;
#2460 = CARTESIAN_POINT ( 'NONE',  ( 20.80500494574009807, 18.00000000000000000, -0.7412927768251618144 ) ) ;
#2461 = EDGE_CURVE ( 'NONE', #4074, #1770, #1588, .T. ) ;
#2462 = ORIENTED_EDGE ( 'NONE', *, *, #482, .T. ) ;
#2463 = CARTESIAN_POINT ( 'NONE',  ( 21.45778234478285640, -7.834293024652430876E-14, -0.3240963300219233956 ) ) ;
#2464 = CARTESIAN_POINT ( 'NONE',  ( 10.80482655665320380, 18.00000000000000000, -18.93850021331660471 ) ) ;
#2465 = PLANE ( 'NONE',  #587 ) ;
#2466 = CARTESIAN_POINT ( 'NONE',  ( 53.30946286805272649, 0.000000000000000000, -4.314215942462467090 ) ) ;
#2467 = CARTESIAN_POINT ( 'NONE',  ( 51.92389265505234164, 13.00000000000000000, -9.131404276363074501 ) ) ;
#2468 = CARTESIAN_POINT ( 'NONE',  ( 10.02495778835974249, 18.00000000000000000, -5.989399045556861090 ) ) ;
#2469 = CARTESIAN_POINT ( 'NONE',  ( 44.80938219262145594, 5.000000000000000888, -8.491949256275276525 ) ) ;
#2470 = CARTESIAN_POINT ( 'NONE',  ( 41.65579796362285236, 5.000000000000000000, -8.761783121508637251 ) ) ;
#2471 = EDGE_CURVE ( 'NONE', #1953, #3549, #1193, .T. ) ;
#2472 = EDGE_CURVE ( 'NONE', #1573, #1993, #760, .T. ) ;
#2473 = CARTESIAN_POINT ( 'NONE',  ( 31.87859767558450130, 17.63162869748686035, -8.293052005323533038 ) ) ;
#2474 = CARTESIAN_POINT ( 'NONE',  ( 27.99576654920525343, 1.408781124637399081E-15, -8.381029974914792291 ) ) ;
#2475 = CARTESIAN_POINT ( 'NONE',  ( 58.51479848401945105, 18.00000000000000000, -5.915445522664387390 ) ) ;
#2476 = CARTESIAN_POINT ( 'NONE',  ( 33.71975961801565091, 5.941176470588234615, -9.705814336439422263 ) ) ;
#2477 = VERTEX_POINT ( 'NONE', #1103 ) ;
#2478 = VERTEX_POINT ( 'NONE', #483 ) ;
#2479 = CARTESIAN_POINT ( 'NONE',  ( 56.46170738294490832, 4.662411044331095766, -10.48504062499555189 ) ) ;
#2480 = CARTESIAN_POINT ( 'NONE',  ( 32.62153440617748146, 5.749999999999993783, -26.99999663023426066 ) ) ;
#2481 = CARTESIAN_POINT ( 'NONE',  ( 24.45948898746487998, 3.314946781688206112, -15.57584753655568477 ) ) ;
#2482 = CARTESIAN_POINT ( 'NONE',  ( 25.14105542509010505, 4.749999999999993783, -15.41497509896144180 ) ) ;
#2483 = CARTESIAN_POINT ( 'NONE',  ( 21.35892949234430205, 18.00000000000000000, -1.574056590304666381 ) ) ;
#2484 = ORIENTED_EDGE ( 'NONE', *, *, #2094, .T. ) ;
#2485 = CARTESIAN_POINT ( 'NONE',  ( 23.47352689504759127, 1.000000000000640155, 0.6394599250022666714 ) ) ;
#2486 = CARTESIAN_POINT ( 'NONE',  ( 10.02495778835973894, 4.749999999999990230, -6.989399045556861090 ) ) ;
#2487 = EDGE_LOOP ( 'NONE', ( #2543, #1134, #3273, #403, #1235 ) ) ;
#2488 = CARTESIAN_POINT ( 'NONE',  ( 10.02495778835974249, 14.79999999999999893, -12.98939904555686020 ) ) ;
#2489 = CARTESIAN_POINT ( 'NONE',  ( 39.76935233141893633, 0.000000000000000000, -4.006405521641958067 ) ) ;
#2490 = CARTESIAN_POINT ( 'NONE',  ( 10.02495778835974249, 18.00000000000000000, -12.98939904555686020 ) ) ;
#2491 = DIRECTION ( 'NONE',  ( -2.112516620725462547E-16, 1.000000000000000000, 0.000000000000000000 ) ) ;
#2492 = DIRECTION ( 'NONE',  ( -1.000000000000000000, -2.112516620725462547E-16, 0.000000000000000000 ) ) ;
#2493 = CARTESIAN_POINT ( 'NONE',  ( 15.16274507615368528, 4.750000000005114131, -4.642601249532703811 ) ) ;
#2494 = LINE ( 'NONE', #3753, #1071 ) ;
#2495 = ORIENTED_EDGE ( 'NONE', *, *, #779, .F. ) ;
#2496 = ORIENTED_EDGE ( 'NONE', *, *, #2214, .T. ) ;
#2497 = CARTESIAN_POINT ( 'NONE',  ( 73.10009502010431959, 3.410690605294599997, 1.000003369765737560 ) ) ;
#2498 = CARTESIAN_POINT ( 'NONE',  ( 22.16455889274292801, 1.889323576223014500, -16.16686102494871236 ) ) ;
#2499 = CARTESIAN_POINT ( 'NONE',  ( 13.82977256279545308, 16.94046160663906164, -18.98097014880043787 ) ) ;
#2500 = B_SPLINE_CURVE_WITH_KNOTS ( 'NONE', 3,
 ( #1384, #1053, #1369, #3796 ),
 .UNSPECIFIED., .F., .F.,
 ( 4, 4 ),
 ( 1.097135458930219133E-17, 0.01313632003816049901 ),
 .UNSPECIFIED. ) ;
#2501 = CARTESIAN_POINT ( 'NONE',  ( 25.40060052808482993, 18.00000000000000000, 3.371874301144693254E-06 ) ) ;
#2502 = VERTEX_POINT ( 'NONE', #775 ) ;
#2503 = CARTESIAN_POINT ( 'NONE',  ( 19.87994689756497380, 9.542928911598186319E-13, -1.377982584912124775 ) ) ;
#2504 = CYLINDRICAL_SURFACE ( 'NONE', #255, 3.250000000000002665 ) ;
#2505 = EDGE_LOOP ( 'NONE', ( #3647, #256, #1293, #1176, #2249, #2632 ) ) ;
#2506 = CARTESIAN_POINT ( 'NONE',  ( 41.69187469107330202, 13.00000000000000178, -8.756843763211337617 ) ) ;
#2507 = TOROIDAL_SURFACE ( 'NONE', #247, 6.000000000000000000, 1.000000000000000000 ) ;
#2508 = ADVANCED_FACE ( 'NONE', ( #2064 ), #2711, .T. ) ;
#2509 = CARTESIAN_POINT ( 'NONE',  ( 38.30370119384025429, 6.623886146936913598E-12, -9.369755007639705369 ) ) ;
#2510 = CARTESIAN_POINT ( 'NONE',  ( 14.47955687543802661, 0.9999999999999974465, -5.989399045556872636 ) ) ;
#2511 = AXIS2_PLACEMENT_3D ( 'NONE', #916, #2491, #1830 ) ;
#2512 = EDGE_CURVE ( 'NONE', #2003, #2275, #169, .T. ) ;
#2513 = ADVANCED_FACE ( 'NONE', ( #1467 ), #1445, .T. ) ;
#2514 = CARTESIAN_POINT ( 'NONE',  ( 56.52918745155825775, 2.795340592668184348E-14, -10.51045997141079091 ) ) ;
#2515 = FACE_OUTER_BOUND ( 'NONE', #331, .T. ) ;
#2516 = VECTOR ( 'NONE', #1122, 1000.000000000000000 ) ;
#2517 = AXIS2_PLACEMENT_3D ( 'NONE', #2814, #3676, #1798 ) ;
#2518 = CARTESIAN_POINT ( 'NONE',  ( 23.44246508494106962, 5.749999999999992006, -0.4346402648299148019 ) ) ;
#2519 = EDGE_LOOP ( 'NONE', ( #1796, #2627, #1128, #3352, #824 ) ) ;
#2520 = CARTESIAN_POINT ( 'NONE',  ( 10.02495778835974249, 4.749999999999992006, -12.98939904555686020 ) ) ;
#2521 = B_SPLINE_CURVE_WITH_KNOTS ( 'NONE', 3,
 ( #1833, #287, #3098, #2181 ),
 .UNSPECIFIED., .F., .F.,
 ( 4, 4 ),
 ( 0.000000000000000000, 0.001880548540663338434 ),
 .UNSPECIFIED. ) ;
#2522 = CARTESIAN_POINT ( 'NONE',  ( 35.04233763681915548, 11.19325726805270982, -10.40125538545638406 ) ) ;
#2523 = PRESENTATION_STYLE_ASSIGNMENT (( #27 ) ) ;
#2524 = CARTESIAN_POINT ( 'NONE',  ( 14.92053496027472015, 16.89211702093375678, -18.54944239625482183 ) ) ;
#2525 = ADVANCED_FACE ( 'NONE', ( #1392 ), #3924, .T. ) ;
#2526 = CARTESIAN_POINT ( 'NONE',  ( 25.30923078111238667, 17.99999999999988276, -15.35508413545990791 ) ) ;
#2527 = EDGE_CURVE ( 'NONE', #735, #2698, #3000, .T. ) ;
#2528 = ORIENTED_EDGE ( 'NONE', *, *, #933, .T. ) ;
#2529 = DIRECTION ( 'NONE',  ( 0.000000000000000000, -0.000000000000000000, -1.000000000000000000 ) ) ;
#2530 = EDGE_CURVE ( 'NONE', #735, #288, #3909, .T. ) ;
#2531 = CARTESIAN_POINT ( 'NONE',  ( 24.29919694871155755, 13.24999999999999289, 0.8588651939055796936 ) ) ;
#2532 = EDGE_LOOP ( 'NONE', ( #1540, #2342, #982 ) ) ;
#2533 = CARTESIAN_POINT ( 'NONE',  ( 1.003445394844596972E-15, 13.24999999999998757, 1.000003369765737560 ) ) ;
#2534 = CARTESIAN_POINT ( 'NONE',  ( 30.95913632621804013, 1.734723475976807094E-15, -6.622297109367141665 ) ) ;
#2535 = CARTESIAN_POINT ( 'NONE',  ( 56.46170738294489411, 13.00000000000000000, -10.48504062499555012 ) ) ;
#2536 = CARTESIAN_POINT ( 'NONE',  ( 73.50271188661871236, 4.333385124802388688, 1.000003369765738004 ) ) ;
#2537 = CARTESIAN_POINT ( 'NONE',  ( 19.26958203702601935, 5.749999999999992006, -3.049862023952438328 ) ) ;
#2538 = CARTESIAN_POINT ( 'NONE',  ( 23.00397639458940446, 15.98610088724660194, -15.69547183471829754 ) ) ;
#2539 = ORIENTED_EDGE ( 'NONE', *, *, #3489, .F. ) ;
#2540 = CARTESIAN_POINT ( 'NONE',  ( 70.14584144424651413, 1.355842298309423599, 1.000003369765737560 ) ) ;
#2541 = CARTESIAN_POINT ( 'NONE',  ( 35.54080630500431681, 7.550845449551543354, -10.21998049945263887 ) ) ;
#2542 = CARTESIAN_POINT ( 'NONE',  ( 12.31543181221761074, 17.99999999999873879, -5.711248054729969326 ) ) ;
#2543 = ORIENTED_EDGE ( 'NONE', *, *, #2085, .T. ) ;
#2544 = CARTESIAN_POINT ( 'NONE',  ( 25.03713562392292857, 17.00000000000000000, 0.9675638132065315089 ) ) ;
#2545 = CARTESIAN_POINT ( 'NONE',  ( 18.67893695034256751, 13.24999999999999112, -2.242898887386713724 ) ) ;
#2546 = CARTESIAN_POINT ( 'NONE',  ( 30.02495778835974249, 14.79999999999999893, -7.639399045556864110 ) ) ;
#2547 = ORIENTED_EDGE ( 'NONE', *, *, #1366, .T. ) ;
#2548 = CARTESIAN_POINT ( 'NONE',  ( 13.60725807098846474, 4.749999999999990230, -5.298597991242834482 ) ) ;
#2549 = CARTESIAN_POINT ( 'NONE',  ( 25.11781599429892964, 5.000000000000000888, -15.48141393169690261 ) ) ;
#2550 = CARTESIAN_POINT ( 'NONE',  ( 39.97829375602164959, 8.673617379884035472E-16, -3.961400641755291829 ) ) ;
#2551 = EDGE_CURVE ( 'NONE', #905, #2041, #400, .T. ) ;
#2552 = CARTESIAN_POINT ( 'NONE',  ( 72.46210221346250080, 2.635087544065259468, 1.000003369765737560 ) ) ;
#2553 = CARTESIAN_POINT ( 'NONE',  ( 12.63532182221869071, 4.749999999999357847, -5.625615963844581735 ) ) ;
#2554 = CARTESIAN_POINT ( 'NONE',  ( 22.81819531945651747, 15.38888070904025795, -15.99201504968474730 ) ) ;
#2555 = B_SPLINE_CURVE_WITH_KNOTS ( 'NONE', 3,
 ( #1958, #3533, #1606, #340, #3488, #3231, #2940, #380, #3800, #653, #676, #4060, #262, #1059, #1919, #2253, #3192, #1624, #1646, #2921, #2878, #2312 ),
 .UNSPECIFIED., .F., .F.,
 ( 4, 2, 2, 2, 2, 2, 2, 2, 2, 2, 4 ),
 ( 0.000000000000000000, 0.0009981213871122947279, 0.001996242774224589456, 0.002994364161336884617, 0.003493424854893027211, 0.003992485548449170238, 0.004990606935561458027, 0.005988728322673745816, 0.006986849709786035340, 0.007485910403342181836, 0.007984971096898326598 ),
 .UNSPECIFIED. ) ;
#2556 = ORIENTED_EDGE ( 'NONE', *, *, #163, .F. ) ;
#2557 = CARTESIAN_POINT ( 'NONE',  ( 70.77387781501093400, 1.575922765436560846, 1.000003369765737560 ) ) ;
#2558 = CARTESIAN_POINT ( 'NONE',  ( 35.82025448062171336, 8.400560044480720023, -10.11998006056277966 ) ) ;
#2559 = ADVANCED_FACE ( 'NONE', ( #462 ), #1732, .F. ) ;
#2560 = CARTESIAN_POINT ( 'NONE',  ( 25.30923078111340274, 12.99999999999999822, -15.35508413546168605 ) ) ;
#2561 = CARTESIAN_POINT ( 'NONE',  ( 66.20528312618398559, 18.00000000000000000, -0.9481889974744452942 ) ) ;
#2562 = ORIENTED_EDGE ( 'NONE', *, *, #3928, .T. ) ;
#2563 = CARTESIAN_POINT ( 'NONE',  ( 10.76584061567863770, 16.99999999999999645, -5.967315201492369603 ) ) ;
#2564 = CARTESIAN_POINT ( 'NONE',  ( 21.45778234310460064, 13.24999999999999289, -0.3240963273949681311 ) ) ;
#2565 = ORIENTED_EDGE ( 'NONE', *, *, #3552, .T. ) ;
#2566 = CARTESIAN_POINT ( 'NONE',  ( 66.93436058351004192, 13.00000000000000533, -8.061443709978597383 ) ) ;
#2567 = CARTESIAN_POINT ( 'NONE',  ( 11.91702378621606329, 17.97579546702374031, -18.81177278142608245 ) ) ;
#2568 = CARTESIAN_POINT ( 'NONE',  ( 20.57276515610383782, 5.000000000000000888, -18.48167422884290900 ) ) ;
#2569 = LINE ( 'NONE', #1848, #313 ) ;
#2570 = DIRECTION ( 'NONE',  ( -1.000000000000000000, 0.000000000000000000, 0.000000000000000000 ) ) ;
#2571 = AXIS2_PLACEMENT_3D ( 'NONE', #1227, #179, #202 ) ;
#2572 = CARTESIAN_POINT ( 'NONE',  ( 19.87841776361442214, 5.749999999999992006, -1.379077183005479323 ) ) ;
#2573 = CARTESIAN_POINT ( 'NONE',  ( 30.02495778835974249, 18.00000000000000000, -5.989399045556861090 ) ) ;
#2574 = ORIENTED_EDGE ( 'NONE', *, *, #2653, .T. ) ;
#2575 = AXIS2_PLACEMENT_3D ( 'NONE', #3093, #240, #489 ) ;
#2576 = CARTESIAN_POINT ( 'NONE',  ( 67.50608998601860833, 1.000000000000000888, 1.000003369765737560 ) ) ;
#2577 = CARTESIAN_POINT ( 'NONE',  ( 35.81805251514133204, 9.676650091685692345, -8.794645244850276100 ) ) ;
#2578 = AXIS2_PLACEMENT_3D ( 'NONE', #967, #2913, #1892 ) ;
#2579 = CARTESIAN_POINT ( 'NONE',  ( 33.00752853184702218, 13.31249999999999467, -11.18815705979110753 ) ) ;
#2580 = DIRECTION ( 'NONE',  ( 1.000000000000000000, 0.000000000000000000, 0.000000000000000000 ) ) ;
#2581 = EDGE_CURVE ( 'NONE', #1427, #2053, #2845, .T. ) ;
#2582 = CARTESIAN_POINT ( 'NONE',  ( 16.94400995565372980, 17.99999999999999645, -20.87707321194881160 ) ) ;
#2583 = DIRECTION ( 'NONE',  ( 0.5485916487774985528, 0.000000000000000000, -0.8360904274608014219 ) ) ;
#2584 = ORIENTED_EDGE ( 'NONE', *, *, #307, .F. ) ;
#2585 = CARTESIAN_POINT ( 'NONE',  ( 25.31109446943155206, 16.99999999999999645, 0.9871074937740003108 ) ) ;
#2586 = CARTESIAN_POINT ( 'NONE',  ( 16.33046516317918773, 13.25000000000253308, -3.907159565158335290 ) ) ;
#2587 = ORIENTED_EDGE ( 'NONE', *, *, #1363, .F. ) ;
#2588 = DIRECTION ( 'NONE',  ( -0.000000000000000000, -1.000000000000000000, -0.000000000000000000 ) ) ;
#2589 = ADVANCED_FACE ( 'NONE', ( #1158 ), #2419, .F. ) ;
#2590 = ORIENTED_EDGE ( 'NONE', *, *, #1057, .T. ) ;
#2591 = B_SPLINE_CURVE_WITH_KNOTS ( 'NONE', 3,
 ( #258, #2171, #2793, #2132, #3699, #1178, #1865, #3454, #279, #3397, #544, #4032, #1818, #3087, #2836, #2767, #1202, #3725, #888, #3763 ),
 .UNSPECIFIED., .F., .F.,
 ( 4, 2, 2, 2, 2, 2, 2, 2, 2, 4 ),
 ( 4.459330682273372195E-21, 0.001095464596678944738, 0.002190929193357889476, 0.004381858386715769410, 0.006572787580073648911, 0.008763716773431528412, 0.01314557516014728741, 0.01424103975682622890, 0.01533650435350516691, 0.01752743354686304295 ),
 .UNSPECIFIED. ) ;
#2592 = FACE_OUTER_BOUND ( 'NONE', #1212, .T. ) ;
#2593 = CIRCLE ( 'NONE', #661, 7.000000000000000000 ) ;
#2594 = CARTESIAN_POINT ( 'NONE',  ( 10.39360057153503369, 1.000000000000001110, -5.982622362893060597 ) ) ;
#2595 = PLANE ( 'NONE',  #3689 ) ;
#2596 = CARTESIAN_POINT ( 'NONE',  ( 50.08446619324118387, 8.673617379884035472E-16, -3.760813446058604459 ) ) ;
#2597 = B_SPLINE_CURVE_WITH_KNOTS ( 'NONE', 3,
 ( #2321, #408, #2280, #3280, #3930, #3584, #3539, #683, #2008, #1072, #2986, #2620, #3219, #114, #1417, #1678, #1045, #1658, #1399, #2298, #702, #1336, #2340, #3601, #2025 ),
 .UNSPECIFIED., .F., .F.,
 ( 4, 2, 1, 2, 2, 2, 2, 2, 2, 2, 2, 2, 4 ),
 ( -5.999999999821194779E-08, 0.0002733680470047535668, 0.0005467960940095053677, 0.001093652188019009078, 0.002187364376038016065, 0.003281076564057023269, 0.004374788752076030907, 0.008749637504152049314, 0.01093706188019005592, 0.01203077406820905922, 0.01312448625622806252, 0.01531191063226606044, 0.01749933500830405317 ),
 .UNSPECIFIED. ) ;
#2598 = CARTESIAN_POINT ( 'NONE',  ( 55.41315954557715884, 8.673617379884035472E-16, -5.595493252081625180 ) ) ;
#2599 = CARTESIAN_POINT ( 'NONE',  ( 24.83804701343824561, 4.749999999999990230, -14.45875902514366373 ) ) ;
#2600 = DIRECTION ( 'NONE',  ( -2.112516620725462547E-16, 1.000000000000000000, 0.000000000000000000 ) ) ;
#2601 = CARTESIAN_POINT ( 'NONE',  ( 24.86137376121189391, 13.81215115068019550, -15.48039918375962287 ) ) ;
#2602 = ORIENTED_EDGE ( 'NONE', *, *, #431, .T. ) ;
#2603 = CARTESIAN_POINT ( 'NONE',  ( 36.62808087057619844, 11.10754570034059441, -9.888270245175176498 ) ) ;
#2604 = CARTESIAN_POINT ( 'NONE',  ( 37.13005668274549720, 8.554479185559259236, -9.740960357484805598 ) ) ;
#2605 = DIRECTION ( 'NONE',  ( -1.000000000000000000, 0.000000000000000000, 0.000000000000000000 ) ) ;
#2606 =( BOUNDED_SURFACE ( )  B_SPLINE_SURFACE ( 3, 2, ( 
 ( #2279, #3894, #1398 ),
 ( #444, #2297, #3929 ),
 ( #3262, #781, #3600 ),
 ( #1677, #2320, #425 ),
 ( #407, #3561, #2946 ),
 ( #2964, #2985, #97 ),
 ( #1070, #2050, #2658 ),
 ( #1736, #3279, #3538 ),
 ( #2024, #1695, #3583 ),
 ( #1377, #747, #2007 ),
 ( #388, #701, #3004 ),
 ( #1989, #136, #3297 ),
 ( #1966, #112, #2637 ),
 ( #1106, #3319, #465 ),
 ( #3911, #2357, #762 ),
 ( #1715, #3873, #2619 ),
 ( #1416, #3618, #2675 ),
 ( #2926, #152, #1657 ),
 ( #2598, #81, #3851 ),
 ( #1024, #1357, #1044 ),
 ( #724, #3354, #2717 ),
 ( #1206, #173, #1144 ),
 ( #1450, #2734, #821 ),
 ( #2447, #1490, #3995 ),
 ( #3337, #892, #1184 ),
 ( #220, #2091, #3707 ) ),
 .UNSPECIFIED., .F., .F., .T. ) 
 B_SPLINE_SURFACE_WITH_KNOTS ( ( 4, 2, 2, 2, 2, 2, 2, 2, 2, 2, 2, 2, 4 ),
 ( 3, 3 ),
 ( 0.03310879641620344954, 0.03761941195489104661, 0.03987471972423484862, 0.04213002749357865062, 0.04664064303226625463, 0.04889595080161005664, 0.05002360468628196111, 0.05058743162861790987, 0.05086934509978588426, 0.05101030183536987145, 0.05104554101926586651, 0.05108078020316186851, 0.05115125857095385864 ),
 ( 0.000000000000000000, 1.000000000000000000 ),
 .UNSPECIFIED. ) 
 GEOMETRIC_REPRESENTATION_ITEM ( )  RATIONAL_B_SPLINE_SURFACE ( (
 ( 1.000000000000000000, 0.7071067811865475727, 1.000000000000000000),
 ( 1.000000000000000000, 0.7071067811865475727, 1.000000000000000000),
 ( 1.000000000000000000, 0.7071067811865475727, 1.000000000000000000),
 ( 1.000000000000000000, 0.7071067811865475727, 1.000000000000000000),
 ( 1.000000000000000000, 0.7071067811865475727, 1.000000000000000000),
 ( 1.000000000000000000, 0.7071067811865475727, 1.000000000000000000),
 ( 1.000000000000000000, 0.7071067811865475727, 1.000000000000000000),
 ( 1.000000000000000000, 0.7071067811865475727, 1.000000000000000000),
 ( 1.000000000000000000, 0.7071067811865473507, 1.000000000000000000),
 ( 1.000000000000000000, 0.7071067811865473507, 1.000000000000000000),
 ( 1.000000000000000000, 0.7071067811865473507, 1.000000000000000000),
 ( 1.000000000000000000, 0.7071067811865473507, 1.000000000000000000),
 ( 1.000000000000000000, 0.7071067811865475727, 1.000000000000000000),
 ( 1.000000000000000000, 0.7071067811865475727, 1.000000000000000000),
 ( 1.000000000000000000, 0.7071067811865477948, 1.000000000000000000),
 ( 1.000000000000000000, 0.7071067811865477948, 1.000000000000000000),
 ( 1.000000000000000000, 0.7071067811865477948, 1.000000000000000000),
 ( 1.000000000000000000, 0.7071067811865477948, 1.000000000000000000),
 ( 1.000000000000000000, 0.7071067811865474617, 1.000000000000000000),
 ( 1.000000000000000000, 0.7071067811865474617, 1.000000000000000000),
 ( 1.000000000000000000, 0.7071067811865475727, 1.000000000000000000),
 ( 1.000000000000000000, 0.7071067811865475727, 1.000000000000000000),
 ( 1.000000000000000000, 0.7071067811865475727, 1.000000000000000000),
 ( 1.000000000000000000, 0.7071067811865475727, 1.000000000000000000),
 ( 1.000000000000000000, 0.7071067811865475727, 1.000000000000000000),
 ( 1.000000000000000000, 0.7071067811865475727, 1.000000000000000000) ) ) 
 REPRESENTATION_ITEM ( '' )  SURFACE ( )  );
#2607 = CARTESIAN_POINT ( 'NONE',  ( 25.14274935319864923, 12.99999999999999822, -15.46495502519740306 ) ) ;
#2608 = FACE_OUTER_BOUND ( 'NONE', #975, .T. ) ;
#2609 = EDGE_LOOP ( 'NONE', ( #4077, #3292, #443, #2838 ) ) ;
#2610 = CARTESIAN_POINT ( 'NONE',  ( 16.73141677205144262, 4.749999999999990230, -17.75495404507488573 ) ) ;
#2611 = CARTESIAN_POINT ( 'NONE',  ( 21.45778234478285640, 12.24999999999999467, -0.3240963300219228960 ) ) ;
#2612 = VERTEX_POINT ( 'NONE', #297 ) ;
#2613 = DIRECTION ( 'NONE',  ( -2.112516620725462547E-16, 1.000000000000000000, 0.000000000000000000 ) ) ;
#2614 = B_SPLINE_CURVE_WITH_KNOTS ( 'NONE', 3,
 ( #2727, #3330, #1690, #2080, #3015, #3611, #1442, #3921, #479, #3596 ),
 .UNSPECIFIED., .F., .F.,
 ( 4, 2, 2, 2, 4 ),
 ( 0.000000000000000000, 0.003031523257022256720, 0.006063046514044513439, 0.009094569771066769726, 0.01212609302808902688 ),
 .UNSPECIFIED. ) ;
#2615 = ORIENTED_EDGE ( 'NONE', *, *, #3724, .F. ) ;
#2616 = CARTESIAN_POINT ( 'NONE',  ( 10.76584061567863770, 4.749999999999990230, -5.967315201492371379 ) ) ;
#2617 = PLANE ( 'NONE',  #2236 ) ;
#2618 = CARTESIAN_POINT ( 'NONE',  ( 48.98733301509469840, 1.734723475976807094E-15, -8.665920647581204506 ) ) ;
#2619 = CARTESIAN_POINT ( 'NONE',  ( 56.86237866337767599, 4.999999999999762856, -10.39037588227492037 ) ) ;
#2620 = CARTESIAN_POINT ( 'NONE',  ( 13.94321584907801714, 13.24999999999999645, -5.161002671697014321 ) ) ;
#2621 = CARTESIAN_POINT ( 'NONE',  ( 28.31995778835973354, 2.600000000000000089, -3.036252418651918195 ) ) ;
#2622 = CARTESIAN_POINT ( 'NONE',  ( 12.74941679387679372, 16.96805500914963005, -19.43744705462573208 ) ) ;
#2623 = ORIENTED_EDGE ( 'NONE', *, *, #624, .F. ) ;
#2624 = CARTESIAN_POINT ( 'NONE',  ( 32.72038937846524220, 17.85945710708267598, -7.204456204139537689 ) ) ;
#2625 = CARTESIAN_POINT ( 'NONE',  ( 63.26450614837143860, 17.99999999999999645, -2.721907005813020586 ) ) ;
#2626 = CARTESIAN_POINT ( 'NONE',  ( 35.07502604904433952, 18.00000000000000000, -5.076458022640759182 ) ) ;
#2627 = ORIENTED_EDGE ( 'NONE', *, *, #2397, .T. ) ;
#2628 = CARTESIAN_POINT ( 'NONE',  ( 70.75834356141129433, 16.43042140295995068, 1.000003369765737560 ) ) ;
#2629 = CYLINDRICAL_SURFACE ( 'NONE', #1914, 3.250000000000002665 ) ;
#2630 = VERTEX_POINT ( 'NONE', #3135 ) ;
#2631 = CARTESIAN_POINT ( 'NONE',  ( 34.81662075404878465, 11.41827346588991787, -9.198419677108818249 ) ) ;
#2632 = ORIENTED_EDGE ( 'NONE', *, *, #3082, .F. ) ;
#2633 = CARTESIAN_POINT ( 'NONE',  ( 18.60794724253651822, 4.749999999999991118, -2.299218716452422928 ) ) ;
#2634 = B_SPLINE_CURVE_WITH_KNOTS ( 'NONE', 3,
 ( #86, #2303, #2325, #1663, #2625, #3950, #3570, #3900, #732, #430 ),
 .UNSPECIFIED., .F., .F.,
 ( 4, 2, 2, 2, 4 ),
 ( 0.001594523325145058481, 0.004617488651571426475, 0.007640453977997795770, 0.01066341930442416507, 0.01368638463085053263 ),
 .UNSPECIFIED. ) ;
#2635 = LINE ( 'NONE', #424, #317 ) ;
#2636 = CARTESIAN_POINT ( 'NONE',  ( 47.59317687424407239, 1.734723475976807094E-15, -8.533594772632032033 ) ) ;
#2637 = CARTESIAN_POINT ( 'NONE',  ( 58.00140827445837033, 5.000000000000000888, -10.09979132422743930 ) ) ;
#2638 = DIRECTION ( 'NONE',  ( -2.112516620725462547E-16, 1.000000000000000000, 0.000000000000000000 ) ) ;
#2639 = CARTESIAN_POINT ( 'NONE',  ( 27.30168238789578794, 12.24999999999999289, -12.84227144397586606 ) ) ;
#2640 = CARTESIAN_POINT ( 'NONE',  ( 26.61495778835973169, 2.600000000000000089, -5.989399045556861090 ) ) ;
#2641 = EDGE_CURVE ( 'NONE', #1469, #2255, #1529, .T. ) ;
#2642 = CARTESIAN_POINT ( 'NONE',  ( 33.00752853184702218, 13.31249999999999467, -11.18815705979110220 ) ) ;
#2643 = AXIS2_PLACEMENT_3D ( 'NONE', #2490, #660, #1552 ) ;
#2644 = CARTESIAN_POINT ( 'NONE',  ( 30.28221908702629150, 13.00000000000377831, -12.44749544689194209 ) ) ;
#2645 = CARTESIAN_POINT ( 'NONE',  ( 56.86237866338164082, 18.00000000000000000, -10.39037588229321152 ) ) ;
#2646 = VECTOR ( 'NONE', #3729, 1000.000000000000000 ) ;
#2647 = ORIENTED_EDGE ( 'NONE', *, *, #608, .T. ) ;
#2648 = CARTESIAN_POINT ( 'NONE',  ( 73.48782301675180406, 13.66898532507978103, 1.000003369765737560 ) ) ;
#2649 = LINE ( 'NONE', #2018, #3041 ) ;
#2650 = CARTESIAN_POINT ( 'NONE',  ( 10.02495778835974249, 4.749999999999993783, -12.98939904555686020 ) ) ;
#2651 = CIRCLE ( 'NONE', #852, 1.000000000000000000 ) ;
#2652 = ADVANCED_FACE ( 'NONE', ( #3373 ), #2504, .F. ) ;
#2653 = EDGE_CURVE ( 'NONE', #17, #1427, #865, .T. ) ;
#2654 = AXIS2_PLACEMENT_3D ( 'NONE', #2759, #2121, #2803 ) ;
#2655 = ORIENTED_EDGE ( 'NONE', *, *, #2688, .T. ) ;
#2656 = DIRECTION ( 'NONE',  ( -0.000000000000000000, -1.000000000000000000, -0.000000000000000000 ) ) ;
#2657 = FACE_OUTER_BOUND ( 'NONE', #1503, .T. ) ;
#2658 = CARTESIAN_POINT ( 'NONE',  ( 66.79180661963421528, 5.000000000001302070, -6.479935454552476770 ) ) ;
#2659 = CARTESIAN_POINT ( 'NONE',  ( 32.62153440617748146, 12.24999999999999467, -26.99999663023426066 ) ) ;
#2660 = CARTESIAN_POINT ( 'NONE',  ( 11.72995778835974612, 2.600000000000000089, -10.03625241865192486 ) ) ;
#2661 = EDGE_CURVE ( 'NONE', #1439, #1770, #1009, .T. ) ;
#2662 = CARTESIAN_POINT ( 'NONE',  ( 40.79362251400893769, 17.99999999999999289, -3.834080794433416983 ) ) ;
#2663 = FACE_OUTER_BOUND ( 'NONE', #3810, .T. ) ;
#2664 = CARTESIAN_POINT ( 'NONE',  ( 31.16170105005386404, 17.99999999999999645, -12.01443473264955664 ) ) ;
#2665 = CARTESIAN_POINT ( 'NONE',  ( 56.68712089580404978, 18.00000000000000000, -5.275332464239037122 ) ) ;
#2666 = ORIENTED_EDGE ( 'NONE', *, *, #1180, .F. ) ;
#2667 = CARTESIAN_POINT ( 'NONE',  ( 75.93604678147498532, 13.62263501272001953, 1.000003369765773975 ) ) ;
#2668 = PLANE ( 'NONE',  #4097 ) ;
#2669 = CARTESIAN_POINT ( 'NONE',  ( 73.37947723742233563, 2.461426709553396819, -0.6182282854023987140 ) ) ;
#2670 = CARTESIAN_POINT ( 'NONE',  ( 25.77135769114199704, 18.00000000000000000, 3.369765737499044733E-06 ) ) ;
#2671 = VERTEX_POINT ( 'NONE', #2192 ) ;
#2672 = CARTESIAN_POINT ( 'NONE',  ( 8.319957788359740647, 0.000000000000000000, -15.94254567246179732 ) ) ;
#2673 = FACE_OUTER_BOUND ( 'NONE', #1734, .T. ) ;
#2674 = CARTESIAN_POINT ( 'NONE',  ( 34.27353889088337979, 13.00000000000000355, -10.69314191358198052 ) ) ;
#2675 = CARTESIAN_POINT ( 'NONE',  ( 56.75866766363961347, 5.000000000000087930, -10.41531574025490769 ) ) ;
#2676 = CARTESIAN_POINT ( 'NONE',  ( 33.71975961801565091, 5.941176470588234615, -9.705814336439422263 ) ) ;
#2677 = CARTESIAN_POINT ( 'NONE',  ( 32.62153440617747435, 12.24999999999999467, -10.26777546232806770 ) ) ;
#2678 = CARTESIAN_POINT ( 'NONE',  ( 10.76415430049727107, 7.703719777548933778E-31, -6.989399045556861978 ) ) ;
#2679 = DIRECTION ( 'NONE',  ( 0.000000000000000000, 0.000000000000000000, 1.000000000000000000 ) ) ;
#2680 = CARTESIAN_POINT ( 'NONE',  ( 54.36495189545835416, 18.00000000000000355, -4.568319940991330874 ) ) ;
#2681 = CARTESIAN_POINT ( 'NONE',  ( 57.04881403817213226, 17.99999999999999645, -5.174759382603486557 ) ) ;
#2682 = EDGE_LOOP ( 'NONE', ( #4008, #2811, #104, #1908, #3012 ) ) ;
#2683 = CARTESIAN_POINT ( 'NONE',  ( 72.96366941554677510, 17.25331501306423121, 1.000003369765700478 ) ) ;
#2684 = CARTESIAN_POINT ( 'NONE',  ( 25.36255763185166145, 13.46952394136276965, -15.29655069852887905 ) ) ;
#2685 = EDGE_CURVE ( 'NONE', #2795, #2275, #2978, .T. ) ;
#2686 = CARTESIAN_POINT ( 'NONE',  ( 33.03326147355821973, 5.749999999999980460, -11.24951583295535329 ) ) ;
#2687 = FACE_OUTER_BOUND ( 'NONE', #2294, .T. ) ;
#2688 = EDGE_CURVE ( 'NONE', #288, #905, #1505, .T. ) ;
#2689 = EDGE_CURVE ( 'NONE', #1863, #686, #1983, .T. ) ;
#2690 = ORIENTED_EDGE ( 'NONE', *, *, #3082, .T. ) ;
#2691 = CARTESIAN_POINT ( 'NONE',  ( 31.72995778835974789, 0.6269516868877273996, -8.942545672461799100 ) ) ;
#2692 = CARTESIAN_POINT ( 'NONE',  ( 71.65879547388060189, 15.98282245201435714, 1.000003369765737782 ) ) ;
#2693 = CARTESIAN_POINT ( 'NONE',  ( 36.88442533552730396, 7.492886237821641870, -9.812438224019262023 ) ) ;
#2694 = CARTESIAN_POINT ( 'NONE',  ( 10.02495778835974249, 18.00000000000000000, -12.98939904555686020 ) ) ;
#2695 = EDGE_CURVE ( 'NONE', #815, #362, #1242, .T. ) ;
#2696 = LINE ( 'NONE', #3321, #2443 ) ;
#2697 = CARTESIAN_POINT ( 'NONE',  ( 49.16035215237068456, 5.000000000000000888, -8.674087779563487643 ) ) ;
#2698 = VERTEX_POINT ( 'NONE', #838 ) ;
#2699 = EDGE_CURVE ( 'NONE', #4069, #1008, #3178, .T. ) ;
#2700 = CARTESIAN_POINT ( 'NONE',  ( 13.61465265945925651, 1.301042606982605518E-15, -6.362388040394955979 ) ) ;
#2701 = LINE ( 'NONE', #1365, #1784 ) ;
#2702 = CARTESIAN_POINT ( 'NONE',  ( 55.82472368695099618, 17.99999999999905143, -10.25155719339239369 ) ) ;
#2703 = CARTESIAN_POINT ( 'NONE',  ( 56.47191632242309112, 12.99999999999999822, -10.48267805710075429 ) ) ;
#2704 = EDGE_LOOP ( 'NONE', ( #397, #3801, #2856, #2363 ) ) ;
#2705 = CARTESIAN_POINT ( 'NONE',  ( 74.95878524283453714, 15.74612128992780669, 1.000003369765558370 ) ) ;
#2706 = CARTESIAN_POINT ( 'NONE',  ( 22.43207960185075933, 16.28098259175218843, -15.80393554920134491 ) ) ;
#2707 = CARTESIAN_POINT ( 'NONE',  ( 71.26530222724805697, 0.7867908707276537461, -0.4032763233142047654 ) ) ;
#2708 = TOROIDAL_SURFACE ( 'NONE', #3492, 6.000000000000000000, 1.000000000000000000 ) ;
#2709 = CARTESIAN_POINT ( 'NONE',  ( 10.20962366525752785, 1.000000000000001332, -5.988040843287500969 ) ) ;
#2710 = ORIENTED_EDGE ( 'NONE', *, *, #1782, .F. ) ;
#2711 = SPHERICAL_SURFACE ( 'NONE', #3766, 1.000000000000000000 ) ;
#2712 = CIRCLE ( 'NONE', #2575, 7.000000000000000000 ) ;
#2713 = EDGE_CURVE ( 'NONE', #2221, #3407, #2591, .T. ) ;
#2714 = CARTESIAN_POINT ( 'NONE',  ( 70.12623806116793901, 16.65007513766207126, 1.000003369765737560 ) ) ;
#2715 = STYLED_ITEM ( 'NONE', ( #2523 ), #3128 ) ;
#2716 = CARTESIAN_POINT ( 'NONE',  ( 35.16527589219469974, 5.346031593230302192, -10.36591433489329894 ) ) ;
#2717 = CARTESIAN_POINT ( 'NONE',  ( 56.47191632242311954, 5.000000000000000888, -10.48267805710075073 ) ) ;
#2718 = CARTESIAN_POINT ( 'NONE',  ( 28.21029063668178694, 17.98894132828612413, -8.323506071004795004 ) ) ;
#2719 = DIRECTION ( 'NONE',  ( -0.000000000000000000, -1.000000000000000000, -0.000000000000000000 ) ) ;
#2720 =( GEOMETRIC_REPRESENTATION_CONTEXT ( 3 ) GLOBAL_UNCERTAINTY_ASSIGNED_CONTEXT ( ( #219 ) ) GLOBAL_UNIT_ASSIGNED_CONTEXT ( ( #210, #275, #609 ) ) REPRESENTATION_CONTEXT ( 'NONE', 'WORKASPACE' ) );
#2721 = LINE ( 'NONE', #1514, #2373 ) ;
#2722 = FACE_BOUND ( 'NONE', #1557, .T. ) ;
#2723 = CARTESIAN_POINT ( 'NONE',  ( 55.35602978631013826, 18.00000000000001066, -5.608769666847613244 ) ) ;
#2724 = ORIENTED_EDGE ( 'NONE', *, *, #214, .T. ) ;
#2725 = CARTESIAN_POINT ( 'NONE',  ( 56.69798467148209653, -1.742558530738906217E-15, -5.435453474521165340 ) ) ;
#2726 = CARTESIAN_POINT ( 'NONE',  ( 24.67807249502412148, 3.540648683679842978, -15.52349308073054068 ) ) ;
#2727 = CARTESIAN_POINT ( 'NONE',  ( 56.70225786689616854, 0.000000000000000000, -5.269154549005597765 ) ) ;
#2728 = CARTESIAN_POINT ( 'NONE',  ( 21.97356759612993571, 18.00000000000000000, -1.181086280357921181 ) ) ;
#2729 = VERTEX_POINT ( 'NONE', #2150 ) ;
#2730 = CARTESIAN_POINT ( 'NONE',  ( 10.02495778835974249, 4.749999999999993783, -5.989399045556861090 ) ) ;
#2731 = DIRECTION ( 'NONE',  ( 0.000000000000000000, 0.000000000000000000, 1.000000000000000000 ) ) ;
#2732 = DIRECTION ( 'NONE',  ( 0.2270376508315373465, 0.000000000000000000, -0.9738859815732522351 ) ) ;
#2733 = CARTESIAN_POINT ( 'NONE',  ( 37.08063143595998667, 9.875890751167107240, -9.754944434217170723 ) ) ;
#2734 = CARTESIAN_POINT ( 'NONE',  ( 56.43763054780379207, 2.717148229568534804E-14, -10.49061252184476523 ) ) ;
#2735 = CARTESIAN_POINT ( 'NONE',  ( 10.93480468470209921, 1.000000000000000888, -19.93001707460990701 ) ) ;
#2736 = CARTESIAN_POINT ( 'NONE',  ( 70.17217669214197429, 17.63320957909592579, -0.2886596647600002119 ) ) ;
#2737 = CARTESIAN_POINT ( 'NONE',  ( 34.18527856944523080, 4.897097107821497097, -10.72593717553961135 ) ) ;
#2738 = LINE ( 'NONE', #577, #389 ) ;
#2739 = LINE ( 'NONE', #4021, #383 ) ;
#2740 = FACE_OUTER_BOUND ( 'NONE', #2283, .T. ) ;
#2741 = ORIENTED_EDGE ( 'NONE', *, *, #214, .F. ) ;
#2742 = CARTESIAN_POINT ( 'NONE',  ( 56.67821634024858923, 0.06176871303666913587, -6.103984062011609701 ) ) ;
#2743 = DIRECTION ( 'NONE',  ( -1.000000000000000000, -1.320322887953414123E-16, 0.000000000000000000 ) ) ;
#2744 = CARTESIAN_POINT ( 'NONE',  ( 13.82898927231045505, 1.059518020109522896, -18.98130110831139916 ) ) ;
#2745 = CARTESIAN_POINT ( 'NONE',  ( 12.74941679387679372, 16.96805500914963005, -19.43744705462573208 ) ) ;
#2746 = CARTESIAN_POINT ( 'NONE',  ( 23.44246508494106962, 18.00000000000000000, -0.4346402648302156724 ) ) ;
#2747 = ORIENTED_EDGE ( 'NONE', *, *, #3664, .F. ) ;
#2748 = CARTESIAN_POINT ( 'NONE',  ( 22.50475596487300578, 1.301042606982605518E-15, 0.2533676599805703700 ) ) ;
#2749 = DIRECTION ( 'NONE',  ( 1.000000000000000000, 0.000000000000000000, 0.000000000000000000 ) ) ;
#2750 = CARTESIAN_POINT ( 'NONE',  ( 68.17630472200187342, 17.00000000000000355, 1.000003369765737782 ) ) ;
#2751 = CARTESIAN_POINT ( 'NONE',  ( 8.319957788359744200, 2.600000000000000089, -10.03625241865192486 ) ) ;
#2752 = PRODUCT_DEFINITION_CONTEXT ( 'detailed design', #1020, 'design' ) ;
#2753 = DIRECTION ( 'NONE',  ( 0.9221845014385736672, 5.057130986684163619E-15, 0.3867502363366948082 ) ) ;
#2754 = DIRECTION ( 'NONE',  ( -0.1299781280489077373, 0.000000000000000000, 0.9915168612932923065 ) ) ;
#2755 = CARTESIAN_POINT ( 'NONE',  ( 72.09815942129863231, 16.72881817263162674, -0.4889574379402054083 ) ) ;
#2756 = CARTESIAN_POINT ( 'NONE',  ( 26.32901328818109832, 8.673617379884037444E-16, -8.863574793740372826 ) ) ;
#2757 = CARTESIAN_POINT ( 'NONE',  ( 34.40870183585867181, 5.000000000000000888, -10.64217976089437379 ) ) ;
#2758 = CARTESIAN_POINT ( 'NONE',  ( 58.21172570735729579, 18.00000000000000000, -5.801279783694203829 ) ) ;
#2759 = CARTESIAN_POINT ( 'NONE',  ( 10.02495778835974249, 14.79999999999999893, -12.98939904555686020 ) ) ;
#2760 = ORIENTED_EDGE ( 'NONE', *, *, #1048, .F. ) ;
#2761 = CARTESIAN_POINT ( 'NONE',  ( 56.62393270891287500, 0.4887097633298322363, -7.543884566110207857 ) ) ;
#2762 = CARTESIAN_POINT ( 'NONE',  ( 24.99068639564226757, 4.458554698564055840, -15.44999928023450231 ) ) ;
#2763 = LINE ( 'NONE', #1174, #1334 ) ;
#2764 = CARTESIAN_POINT ( 'NONE',  ( 13.27216712983916302, 18.00000000000126832, -5.422221215337843958 ) ) ;
#2765 = EDGE_LOOP ( 'NONE', ( #3744, #3300, #3867, #3534, #2063 ) ) ;
#2766 = CARTESIAN_POINT ( 'NONE',  ( 24.29919694871155755, 1.000000000000000888, 0.8588651939055796936 ) ) ;
#2767 = CARTESIAN_POINT ( 'NONE',  ( 12.91348861664030245, 12.24999999999998579, -6.586748706325730396 ) ) ;
#2768 = CIRCLE ( 'NONE', #3823, 1.650000000000002132 ) ;
#2769 = ADVANCED_FACE ( 'NONE', ( #934 ), #1074, .T. ) ;
#2770 = ADVANCED_FACE ( 'NONE', ( #1115, #757 ), #1136, .T. ) ;
#2771 = CARTESIAN_POINT ( 'NONE',  ( 73.44305477238576429, 13.83366100788536990, 1.000003369765737782 ) ) ;
#2772 = AXIS2_PLACEMENT_3D ( 'NONE', #1468, #1506, #170 ) ;
#2773 = CARTESIAN_POINT ( 'NONE',  ( 55.82267736742224429, -2.336859775294968418E-13, -10.25082864626613244 ) ) ;
#2774 = CARTESIAN_POINT ( 'NONE',  ( 40.75112316970744075, 13.00000000000000355, -8.901099550081040590 ) ) ;
#2775 = DIRECTION ( 'NONE',  ( -0.000000000000000000, -1.000000000000000000, -0.000000000000000000 ) ) ;
#2776 = VECTOR ( 'NONE', #556, 1000.000000000000000 ) ;
#2777 = CARTESIAN_POINT ( 'NONE',  ( 27.91658477181745113, 18.00000000000000000, -8.052712696729747321 ) ) ;
#2778 = CIRCLE ( 'NONE', #1853, 1.000000000000000222 ) ;
#2779 = CARTESIAN_POINT ( 'NONE',  ( 73.70501147239465922, 15.05469977844836649, -0.6505478788275732560 ) ) ;
#2780 = CARTESIAN_POINT ( 'NONE',  ( 32.30186339893639769, 17.71784957719805220, -7.875428389072576252 ) ) ;
#2781 = FACE_OUTER_BOUND ( 'NONE', #922, .T. ) ;
#2782 = CARTESIAN_POINT ( 'NONE',  ( 56.44916078786349800, 17.99999999999996447, -10.48031439615110827 ) ) ;
#2783 = CARTESIAN_POINT ( 'NONE',  ( 13.43495778835974619, 0.000000000000000000, -12.98939904555685487 ) ) ;
#2784 = ORIENTED_EDGE ( 'NONE', *, *, #1043, .F. ) ;
#2785 = CARTESIAN_POINT ( 'NONE',  ( 56.47312595889269460, 3.679478949440741165, -10.31189239875206276 ) ) ;
#2786 = LINE ( 'NONE', #1258, #1640 ) ;
#2787 = CARTESIAN_POINT ( 'NONE',  ( 24.51299978481829100, 3.711640140015549427, -15.56327966228621840 ) ) ;
#2788 = AXIS2_PLACEMENT_3D ( 'NONE', #2694, #872, #1802 ) ;
#2789 = DIRECTION ( 'NONE',  ( -0.5000000000000003331, 0.000000000000000000, -0.8660254037844383745 ) ) ;
#2790 = CARTESIAN_POINT ( 'NONE',  ( 19.87841776422227724, 16.99999999999999645, -1.379077183878913537 ) ) ;
#2791 = ORIENTED_EDGE ( 'NONE', *, *, #3675, .T. ) ;
#2792 = CARTESIAN_POINT ( 'NONE',  ( 16.87863763620555702, 1.301042606982605321E-15, -4.744091054768743376 ) ) ;
#2793 = CARTESIAN_POINT ( 'NONE',  ( 25.03763947264741674, 12.24999999999999289, -0.02911293595130778553 ) ) ;
#2794 = FACE_OUTER_BOUND ( 'NONE', #3908, .T. ) ;
#2795 = VERTEX_POINT ( 'NONE', #145 ) ;
#2796 = CARTESIAN_POINT ( 'NONE',  ( 30.02495778835974249, 2.600000000000000089, -7.639399045556864110 ) ) ;
#2797 = CARTESIAN_POINT ( 'NONE',  ( 0.000000000000000000, 1.000000000000000888, 3.369765737499044733E-06 ) ) ;
#2798 = CARTESIAN_POINT ( 'NONE',  ( 41.39371710038066254, 8.673617379884035472E-16, -3.763411638596550812 ) ) ;
#2799 = CARTESIAN_POINT ( 'NONE',  ( 22.43332969324246662, 1.719468340754993774, -15.80367968528342182 ) ) ;
#2800 = CARTESIAN_POINT ( 'NONE',  ( 17.12405765394662538, 8.673617379884034486E-16, -14.76707532839080272 ) ) ;
#2801 = CARTESIAN_POINT ( 'NONE',  ( 31.72995778835974079, 2.600000000000000089, -3.036252418651918195 ) ) ;
#2802 = CARTESIAN_POINT ( 'NONE',  ( 56.39523766283463146, 18.00000000000000000, -10.46007864675214982 ) ) ;
#2803 = DIRECTION ( 'NONE',  ( 0.000000000000000000, 0.000000000000000000, 1.000000000000000000 ) ) ;
#2804 = ORIENTED_EDGE ( 'NONE', *, *, #608, .F. ) ;
#2805 = ORIENTED_EDGE ( 'NONE', *, *, #3794, .T. ) ;
#2806 = CARTESIAN_POINT ( 'NONE',  ( 74.27046865597912984, 13.00000000000000711, -0.7061808768033246420 ) ) ;
#2807 = CARTESIAN_POINT ( 'NONE',  ( 34.60488559199957592, 6.385329581208912586, -10.56371290210342906 ) ) ;
#2808 = CARTESIAN_POINT ( 'NONE',  ( 22.82757461380766983, 2.615292335938440349, -15.98952366061018360 ) ) ;
#2809 = CARTESIAN_POINT ( 'NONE',  ( 18.77113493285422052, 4.749999999999993783, -16.89312291352934636 ) ) ;
#2810 = CARTESIAN_POINT ( 'NONE',  ( 13.59035645192735231, 16.99999999999936051, -5.303910949589241142 ) ) ;
#2811 = ORIENTED_EDGE ( 'NONE', *, *, #2094, .F. ) ;
#2812 = CARTESIAN_POINT ( 'NONE',  ( 25.77135769114199704, 8.673617379884035472E-16, 1.000003369765737560 ) ) ;
#2813 = EDGE_CURVE ( 'NONE', #3628, #1439, #3331, .T. ) ;
#2814 = CARTESIAN_POINT ( 'NONE',  ( 24.83804701343834509, 4.749999999999992006, -14.45875902514364064 ) ) ;
#2815 = EDGE_CURVE ( 'NONE', #2967, #4024, #2649, .T. ) ;
#2816 = ORIENTED_EDGE ( 'NONE', *, *, #2257, .F. ) ;
#2817 = DIRECTION ( 'NONE',  ( -0.000000000000000000, -1.000000000000000000, -0.000000000000000000 ) ) ;
#2818 = CARTESIAN_POINT ( 'NONE',  ( 40.62095872582771960, 4.999999999999054978, -8.933902765720628025 ) ) ;
#2819 = CARTESIAN_POINT ( 'NONE',  ( 10.02495778835974249, 4.749999999999999112, -5.989399045556861090 ) ) ;
#2820 = CARTESIAN_POINT ( 'NONE',  ( 56.49715657471171681, 5.000000000000000888, -10.49839412780279169 ) ) ;
#2821 = ADVANCED_FACE ( 'NONE', ( #127 ), #3958, .T. ) ;
#2822 = DIRECTION ( 'NONE',  ( -1.320322887953414123E-16, 1.000000000000000000, 0.000000000000000000 ) ) ;
#2823 = EDGE_CURVE ( 'NONE', #2221, #2077, #1262, .T. ) ;
#2824 = CARTESIAN_POINT ( 'NONE',  ( 22.50325005016722812, 5.750000000000472511, 0.2465668886601447007 ) ) ;
#2825 = CARTESIAN_POINT ( 'NONE',  ( 27.80313194452189052, 4.687499999999990230, -13.70695533677162103 ) ) ;
#2826 = EDGE_CURVE ( 'NONE', #3395, #2671, #3569, .T. ) ;
#2827 = ORIENTED_EDGE ( 'NONE', *, *, #1179, .T. ) ;
#2828 = ORIENTED_EDGE ( 'NONE', *, *, #1481, .F. ) ;
#2829 = CARTESIAN_POINT ( 'NONE',  ( 73.92773107777377106, 3.379438037596238065, -0.6725380363850829157 ) ) ;
#2830 = CARTESIAN_POINT ( 'NONE',  ( 33.24721156035194980, 13.31249999999999112, -11.08763762167913214 ) ) ;
#2831 = CARTESIAN_POINT ( 'NONE',  ( 56.46170738294489411, 13.00000000000000000, -10.48504062499555012 ) ) ;
#2832 = B_SPLINE_CURVE_WITH_KNOTS ( 'NONE', 3,
 ( #1489, #3417, #4059, #910 ),
 .UNSPECIFIED., .F., .F.,
 ( 4, 4 ),
 ( 0.000000000000000000, 0.001880548540663354480 ),
 .UNSPECIFIED. ) ;
#2833 = CARTESIAN_POINT ( 'NONE',  ( 21.70497317114933722, 17.99999999999999645, -11.74314018659971737 ) ) ;
#2834 = VERTEX_POINT ( 'NONE', #812 ) ;
#2835 = CARTESIAN_POINT ( 'NONE',  ( 20.08963681456589256, 17.00000000000000000, -1.230995938804021472 ) ) ;
#2836 = CARTESIAN_POINT ( 'NONE',  ( 13.61465265945925296, 12.24999999999998757, -6.362388040394955091 ) ) ;
#2837 = ADVANCED_FACE ( 'NONE', ( #2332 ), #2668, .F. ) ;
#2838 = ORIENTED_EDGE ( 'NONE', *, *, #2512, .F. ) ;
#2839 = DIRECTION ( 'NONE',  ( -0.000000000000000000, -1.000000000000000000, -0.000000000000000000 ) ) ;
#2840 = CIRCLE ( 'NONE', #2511, 1.650000000000002132 ) ;
#2841 = CARTESIAN_POINT ( 'NONE',  ( 31.96118776493193181, 8.673617379884035472E-16, -6.212124732104513214 ) ) ;
#2842 = CARTESIAN_POINT ( 'NONE',  ( 25.77135769114199704, 0.9999999999999974465, 1.000003369765737560 ) ) ;
#2843 = TOROIDAL_SURFACE ( 'NONE', #1393, 4.250000000000000000, 1.000000000000000000 ) ;
#2844 = CARTESIAN_POINT ( 'NONE',  ( 69.70416615732597165, 5.000000000000000000, -4.604364904830603678 ) ) ;
#2845 = CIRCLE ( 'NONE', #1713, 1.000000000000000000 ) ;
#2846 = CARTESIAN_POINT ( 'NONE',  ( 22.32001114606731207, 4.749999999999992006, 0.1560979453412789930 ) ) ;
#2847 = CARTESIAN_POINT ( 'NONE',  ( 23.07593257185670055, 15.26952245868798919, -15.92413620820454945 ) ) ;
#2848 = VECTOR ( 'NONE', #3121, 1000.000000000000227 ) ;
#2849 = EDGE_LOOP ( 'NONE', ( #2565, #2587, #2710, #3227 ) ) ;
#2850 = VECTOR ( 'NONE', #3096, 1000.000000000000000 ) ;
#2851 = CARTESIAN_POINT ( 'NONE',  ( 73.02116588715283285, 2.043859429390576299, -0.5824070591580673417 ) ) ;
#2852 = CARTESIAN_POINT ( 'NONE',  ( 36.60470292003589066, 6.883510181514023607, -9.896190841520816406 ) ) ;
#2853 = CARTESIAN_POINT ( 'NONE',  ( 30.02495778835974249, 14.79999999999999893, -8.939399045556864820 ) ) ;
#2854 = CIRCLE ( 'NONE', #864, 1.650000000000000355 ) ;
#2855 = CARTESIAN_POINT ( 'NONE',  ( 10.69528831587132878, 18.00000000000000000, -5.989399044829615271 ) ) ;
#2856 = ORIENTED_EDGE ( 'NONE', *, *, #3294, .F. ) ;
#2857 = CARTESIAN_POINT ( 'NONE',  ( 27.80313194452623904, 13.31249999999999112, -13.70695533676907907 ) ) ;
#2858 = AXIS2_PLACEMENT_3D ( 'NONE', #2112, #3380, #3070 ) ;
#2859 = CARTESIAN_POINT ( 'NONE',  ( 21.79429497463926424, 13.24999999999999112, -0.1213799606555599486 ) ) ;
#2860 = ADVANCED_FACE ( 'NONE', ( #1371 ), #2629, .F. ) ;
#2861 = CARTESIAN_POINT ( 'NONE',  ( 12.18594700273545151, 17.88715866685201306, -19.67755961225454797 ) ) ;
#2862 = CARTESIAN_POINT ( 'NONE',  ( 22.53370750181076687, 8.673617379884035472E-16, -11.19607948306066270 ) ) ;
#2863 = DIRECTION ( 'NONE',  ( -0.3510267680466515050, 0.000000000000000000, 0.9363654244549626249 ) ) ;
#2864 = EDGE_CURVE ( 'NONE', #2630, #1469, #3272, .T. ) ;
#2865 = CARTESIAN_POINT ( 'NONE',  ( 16.39452571610782528, 12.24999999999999112, -16.81169895140901716 ) ) ;
#2866 = CARTESIAN_POINT ( 'NONE',  ( 18.67937058464212541, 4.749999999999992006, -2.242590512772035360 ) ) ;
#2867 = CARTESIAN_POINT ( 'NONE',  ( 25.06508466426980064, 13.24999999999999289, -15.43264500671691408 ) ) ;
#2868 = ORIENTED_EDGE ( 'NONE', *, *, #3294, .T. ) ;
#2869 = CARTESIAN_POINT ( 'NONE',  ( 72.56966992596038324, 0.5635184148380263380, 1.000003369765663619 ) ) ;
#2870 = CARTESIAN_POINT ( 'NONE',  ( 35.44707331912957926, 10.61477479257774981, -8.938621357990495397 ) ) ;
#2871 =( NAMED_UNIT ( * ) PLANE_ANGLE_UNIT ( ) SI_UNIT ( $, .RADIAN. ) );
#2872 = CARTESIAN_POINT ( 'NONE',  ( 14.18946205673218586, 18.00000000000000000, -16.70424852445380637 ) ) ;
#2873 = CARTESIAN_POINT ( 'NONE',  ( 73.14211062351027692, 12.99999999999999822, -1.845138648517359314 ) ) ;
#2874 = VERTEX_POINT ( 'NONE', #457 ) ;
#2875 = CARTESIAN_POINT ( 'NONE',  ( 13.95042246575272138, 17.00000000000000000, -5.157998127621006290 ) ) ;
#2876 = CARTESIAN_POINT ( 'NONE',  ( 18.09292237223219502, 12.24999999999808509, -2.673672417718980121 ) ) ;
#2877 = ORIENTED_EDGE ( 'NONE', *, *, #3861, .F. ) ;
#2878 = CARTESIAN_POINT ( 'NONE',  ( 56.69798467151220933, 17.99999999999999645, -5.435453474521901640 ) ) ;
#2879 = EDGE_LOOP ( 'NONE', ( #155, #504, #3553, #2784, #631, #1058, #2556, #1985, #1527, #2134, #3207, #2023 ) ) ;
#2880 = DIRECTION ( 'NONE',  ( 0.000000000000000000, -0.000000000000000000, 1.000000000000000000 ) ) ;
#2881 = B_SPLINE_SURFACE_WITH_KNOTS ( 'NONE', 3, 1, ( 
 ( #480, #2062 ),
 ( #56, #3349 ),
 ( #3849, #1022 ),
 ( #2277, #3536 ),
 ( #384, #1652 ) ),
 .UNSPECIFIED., .F., .F., .F.,
 ( 4, 1, 4 ),
 ( 2, 2 ),
 ( 0.000000000000000000, 0.7062533388736060846, 1.000000000000000000 ),
 ( 0.000000000000000000, 1.000000000000000000 ),
 .UNSPECIFIED. ) ;
#2882 = CARTESIAN_POINT ( 'NONE',  ( 13.43495778835974619, 2.600000000000000089, -12.98939904555685487 ) ) ;
#2883 = CARTESIAN_POINT ( 'NONE',  ( 25.77135769114199704, 4.749999999999999112, 1.000003369765737560 ) ) ;
#2884 = DIRECTION ( 'NONE',  ( -0.9209014216921175278, -0.02321686812107855505, -0.3891035190795446574 ) ) ;
#2885 = CARTESIAN_POINT ( 'NONE',  ( 24.08889741057211964, 5.749999999999987566, 0.8226981732999454344 ) ) ;
#2886 = CARTESIAN_POINT ( 'NONE',  ( 21.61342780977936329, 16.31935190678282765, -16.32055463260590500 ) ) ;
#2887 = VERTEX_POINT ( 'NONE', #3393 ) ;
#2888 = CARTESIAN_POINT ( 'NONE',  ( 68.83983578208993492, 1.060299941811292168, 1.000003369765737560 ) ) ;
#2889 = CARTESIAN_POINT ( 'NONE',  ( 34.07255092056571755, 11.93215904574600117, -10.76819676909382295 ) ) ;
#2890 = FILL_AREA_STYLE ('',( #3835 ) ) ;
#2891 =( BOUNDED_SURFACE ( )  B_SPLINE_SURFACE ( 3, 2, ( 
 ( #2271, #3189, #3470 ),
 ( #3530, #3817, #2610 ),
 ( #14, #1954, #3228 ),
 ( #3486, #953, #4093 ) ),
 .UNSPECIFIED., .F., .F., .T. ) 
 B_SPLINE_SURFACE_WITH_KNOTS ( ( 4, 4 ),
 ( 3, 3 ),
 ( 0.000000000000000000, 0.01313598001449153667 ),
 ( 0.000000000000000000, 1.000000000000000000 ),
 .UNSPECIFIED. ) 
 GEOMETRIC_REPRESENTATION_ITEM ( )  RATIONAL_B_SPLINE_SURFACE ( (
 ( 1.000000000000000000, 0.7071067811865475727, 1.000000000000000000),
 ( 1.000000000000000000, 0.7071067811865475727, 1.000000000000000000),
 ( 1.000000000000000000, 0.7071067811865466846, 1.000000000000000000),
 ( 1.000000000000000000, 0.7071067811865466846, 1.000000000000000000) ) ) 
 REPRESENTATION_ITEM ( '' )  SURFACE ( )  );
#2892 = CARTESIAN_POINT ( 'NONE',  ( 10.02495778835974249, 5.749999999999991118, -11.33939904555685985 ) ) ;
#2893 = CARTESIAN_POINT ( 'NONE',  ( 71.82556010140750402, 17.99999999999999645, -3.003561888778589761 ) ) ;
#2894 = ORIENTED_EDGE ( 'NONE', *, *, #244, .F. ) ;
#2895 = CARTESIAN_POINT ( 'NONE',  ( 12.74941679387679372, 13.24999999999998757, -19.43744705462573208 ) ) ;
#2896 = CARTESIAN_POINT ( 'NONE',  ( 19.57723929382048311, 13.24999999999999112, -1.594471533267047381 ) ) ;
#2897 = ORIENTED_EDGE ( 'NONE', *, *, #968, .F. ) ;
#2898 = LINE ( 'NONE', #1672, #3131 ) ;
#2899 = ORIENTED_EDGE ( 'NONE', *, *, #485, .T. ) ;
#2900 = CARTESIAN_POINT ( 'NONE',  ( 13.95042246575272138, 4.749999999999992006, -5.157998127621007178 ) ) ;
#2901 = CARTESIAN_POINT ( 'NONE',  ( 12.90879878847862727, 1.000000000000001110, -5.544690309825886843 ) ) ;
#2902 = LINE ( 'NONE', #1676, #1909 ) ;
#2903 = FACE_OUTER_BOUND ( 'NONE', #2682, .T. ) ;
#2904 = AXIS2_PLACEMENT_3D ( 'NONE', #598, #264, #2863 ) ;
#2905 = DIRECTION ( 'NONE',  ( 0.000000000000000000, -1.000000000000000000, -0.000000000000000000 ) ) ;
#2906 = CARTESIAN_POINT ( 'NONE',  ( 16.33588683099037553, 5.750000000003155698, -3.903478016797617300 ) ) ;
#2907 = CARTESIAN_POINT ( 'NONE',  ( 18.14223499323662736, 17.48994585657626288, -16.79051167680859891 ) ) ;
#2908 = ORIENTED_EDGE ( 'NONE', *, *, #737, .F. ) ;
#2909 = AXIS2_PLACEMENT_3D ( 'NONE', #3616, #528, #3990 ) ;
#2910 = CARTESIAN_POINT ( 'NONE',  ( 68.26928147017000015, -0.08422707646435874385, 1.000003369765737560 ) ) ;
#2911 = CARTESIAN_POINT ( 'NONE',  ( 35.66113958398599948, 7.837449738512789033, -8.854797002852436094 ) ) ;
#2912 = AXIS2_PLACEMENT_3D ( 'NONE', #109, #2021, #3963 ) ;
#2913 = DIRECTION ( 'NONE',  ( -0.000000000000000000, -0.000000000000000000, 1.000000000000000000 ) ) ;
#2914 = CARTESIAN_POINT ( 'NONE',  ( 25.46633508981232552, 18.00000000000046896, -15.25195550064550254 ) ) ;
#2915 = CARTESIAN_POINT ( 'NONE',  ( 60.47321245986929483, 18.00000000000000000, -9.346789014577151278 ) ) ;
#2916 = VECTOR ( 'NONE', #1617, 1000.000000000000227 ) ;
#2917 = ORIENTED_EDGE ( 'NONE', *, *, #959, .T. ) ;
#2918 = DIRECTION ( 'NONE',  ( 0.000000000000000000, -1.000000000000000000, 0.000000000000000000 ) ) ;
#2919 = CARTESIAN_POINT ( 'NONE',  ( 21.05956854863291738, 12.24999999999999112, -1.776195911793960969 ) ) ;
#2920 = ORIENTED_EDGE ( 'NONE', *, *, #4023, .F. ) ;
#2921 = CARTESIAN_POINT ( 'NONE',  ( 56.69331248790572886, 17.99220710998667982, -5.605122667553180449 ) ) ;
#2922 = ORIENTED_EDGE ( 'NONE', *, *, #546, .F. ) ;
#2923 = CARTESIAN_POINT ( 'NONE',  ( 25.40272353978841835, 4.749999999999976019, 0.9919611619186412543 ) ) ;
#2924 = FACE_OUTER_BOUND ( 'NONE', #2143, .T. ) ;
#2925 = DIRECTION ( 'NONE',  ( -0.4999999999999998890, 0.000000000000000000, 0.8660254037844385966 ) ) ;
#2926 = CARTESIAN_POINT ( 'NONE',  ( 55.45884144514067771, 9.540979117872439019E-15, -5.584785297007917926 ) ) ;
#2927 = CARTESIAN_POINT ( 'NONE',  ( 34.68600652725331912, 6.484723687219230648, -9.256594686518486270 ) ) ;
#2928 = CARTESIAN_POINT ( 'NONE',  ( 10.02495778835974249, 4.749999999999990230, -5.989399045556861090 ) ) ;
#2929 = CARTESIAN_POINT ( 'NONE',  ( 13.83155080864668030, 17.77708538812973060, -18.98055188946080207 ) ) ;
#2930 = ORIENTED_EDGE ( 'NONE', *, *, #1665, .T. ) ;
#2931 = CARTESIAN_POINT ( 'NONE',  ( 67.50608998601860833, 1.000000000000000888, 3.369765737499044733E-06 ) ) ;
#2932 = CARTESIAN_POINT ( 'NONE',  ( 35.65954854272277430, 12.27207955037295406, -10.19788534728165885 ) ) ;
#2933 = CARTESIAN_POINT ( 'NONE',  ( 32.99361609680622109, 12.24999999999999289, -10.06371604760614247 ) ) ;
#2934 = CARTESIAN_POINT ( 'NONE',  ( 28.54433840204880468, 12.99999999999621814, -13.37274431152040854 ) ) ;
#2935 = CARTESIAN_POINT ( 'NONE',  ( 33.33488291112593771, -4.707850156354288616E-14, -5.816064273626679437 ) ) ;
#2936 = EDGE_LOOP ( 'NONE', ( #3188, #277, #625, #1256 ) ) ;
#2937 = CARTESIAN_POINT ( 'NONE',  ( 68.83603784651930368, 16.93958616431621778, 1.000003369765737560 ) ) ;
#2938 = CARTESIAN_POINT ( 'NONE',  ( 22.93826526663850984, 12.24999999999999112, -0.6485551779013593032 ) ) ;
#2939 = ORIENTED_EDGE ( 'NONE', *, *, #1168, .F. ) ;
#2940 = CARTESIAN_POINT ( 'NONE',  ( 56.50724639418076123, 15.54436709983927400, -9.772822918900786249 ) ) ;
#2941 = ADVANCED_FACE ( 'NONE', ( #2166 ), #2197, .T. ) ;
#2942 = ORIENTED_EDGE ( 'NONE', *, *, #3664, .T. ) ;
#2943 = CARTESIAN_POINT ( 'NONE',  ( 12.42969445522754768, 17.96006876143703934, -18.62156081072601310 ) ) ;
#2944 = EDGE_CURVE ( 'NONE', #3532, #2478, #1447, .T. ) ;
#2945 = CARTESIAN_POINT ( 'NONE',  ( 10.80482655665319314, 8.673617379884035472E-16, -18.93850021331661537 ) ) ;
#2946 = CARTESIAN_POINT ( 'NONE',  ( 69.01918050906381552, 5.000000000000000888, -5.083096904577196540 ) ) ;
#2947 = CARTESIAN_POINT ( 'NONE',  ( 35.59138265896056197, 7.669047225066542239, -8.881779152204265060 ) ) ;
#2948 = LINE ( 'NONE', #2660, #3764 ) ;
#2949 = B_SPLINE_CURVE_WITH_KNOTS ( 'NONE', 3,
 ( #1433, #241, #1127, #894, #552, #2736, #2158, #223, #2405, #2755, #1492, #3024, #3050, #3339, #2380, #2779, #2450, #1474, #3641, #508, #3998, #804, #3709, #3006 ),
 .UNSPECIFIED., .F., .F.,
 ( 4, 2, 2, 2, 2, 2, 2, 2, 2, 2, 2, 4 ),
 ( 1.289570439067107380E-19, 0.001173744652601342109, 0.002347489305202683785, 0.003521233957804026111, 0.004694978610405367569, 0.005281850936706056730, 0.005868723263006745024, 0.007042467915608115539, 0.007629340241908802098, 0.008216212568209488656, 0.008803084894510178685, 0.009389957220810865243 ),
 .UNSPECIFIED. ) ;
#2950 = CARTESIAN_POINT ( 'NONE',  ( 54.75675255527629304, 18.00000000000000000, -4.673151691645998973 ) ) ;
#2951 = CYLINDRICAL_SURFACE ( 'NONE', #1986, 7.000000000000000888 ) ;
#2952 = EDGE_CURVE ( 'NONE', #3936, #1008, #2778, .T. ) ;
#2953 = EDGE_CURVE ( 'NONE', #24, #1327, #999, .T. ) ;
#2954 = CARTESIAN_POINT ( 'NONE',  ( 36.54641158102361231, 17.99999999999622702, -9.861859086875956137 ) ) ;
#2955 = CARTESIAN_POINT ( 'NONE',  ( 12.36020836451721472, 4.749999999999992895, -18.51629733904446340 ) ) ;
#2956 = ORIENTED_EDGE ( 'NONE', *, *, #482, .F. ) ;
#2957 = CARTESIAN_POINT ( 'NONE',  ( 67.50608998600402799, 18.00000000000000000, 3.369765739938499621E-06 ) ) ;
#2958 = DIRECTION ( 'NONE',  ( 1.000000000000000000, 0.000000000000000000, 0.000000000000000000 ) ) ;
#2959 = VERTEX_POINT ( 'NONE', #3858 ) ;
#2960 = DIRECTION ( 'NONE',  ( 1.320322887953414123E-16, -1.000000000000000000, -0.000000000000000000 ) ) ;
#2961 = ORIENTED_EDGE ( 'NONE', *, *, #15, .T. ) ;
#2962 = CARTESIAN_POINT ( 'NONE',  ( 17.15803649263125763, 18.00000000000000355, -14.74464535691680034 ) ) ;
#2963 = DIRECTION ( 'NONE',  ( -1.000000000000000000, 3.469446951953610639E-15, 3.469446951953613794E-15 ) ) ;
#2964 = CARTESIAN_POINT ( 'NONE',  ( 64.94330298142035929, 8.673617379884035472E-16, -1.761811385494123083 ) ) ;
#2965 = CARTESIAN_POINT ( 'NONE',  ( 35.65665114503776323, 7.825501897328178913, -8.856527808884610664 ) ) ;
#2966 = CARTESIAN_POINT ( 'NONE',  ( 12.74941679387679372, 1.031944990850370392, -19.43744705462573208 ) ) ;
#2967 = VERTEX_POINT ( 'NONE', #4088 ) ;
#2968 = CARTESIAN_POINT ( 'NONE',  ( 13.43495778835974619, 2.600000000000000089, -12.98939904555685487 ) ) ;
#2969 = CARTESIAN_POINT ( 'NONE',  ( 26.61495778835973169, 2.600000000000000089, -5.989399045556861090 ) ) ;
#2970 = AXIS2_PLACEMENT_3D ( 'NONE', #1855, #3389, #851 ) ;
#2971 = CARTESIAN_POINT ( 'NONE',  ( 31.00027135075742279, 18.00000000000000000, -6.604707038465660318 ) ) ;
#2972 = CARTESIAN_POINT ( 'NONE',  ( 56.47191632242312664, 17.99999999999997513, -10.48267805710074363 ) ) ;
#2973 = VECTOR ( 'NONE', #763, 1000.000000000000000 ) ;
#2974 = EDGE_LOOP ( 'NONE', ( #3256, #3529, #1939, #108, #3904 ) ) ;
#2975 = CARTESIAN_POINT ( 'NONE',  ( 75.69435364230002961, 14.51178034081795509, 1.000003369765735561 ) ) ;
#2976 = DIRECTION ( 'NONE',  ( 0.000000000000000000, -0.000000000000000000, 1.000000000000000000 ) ) ;
#2977 = DIRECTION ( 'NONE',  ( -1.000000000000000000, -1.445602896647339163E-16, 0.000000000000000000 ) ) ;
#2978 = CIRCLE ( 'NONE', #1648, 1.650000000000002132 ) ;
#2979 = ORIENTED_EDGE ( 'NONE', *, *, #926, .F. ) ;
#2980 = DIRECTION ( 'NONE',  ( 1.000000000000000000, 0.000000000000000000, -0.000000000000000000 ) ) ;
#2981 = ADVANCED_FACE ( 'NONE', ( #3546 ), #2243, .F. ) ;
#2982 = VECTOR ( 'NONE', #2588, 1000.000000000000000 ) ;
#2983 = CARTESIAN_POINT ( 'NONE',  ( 73.05833176663186634, 13.00000000000000711, -1.921482690137311211 ) ) ;
#2984 = CIRCLE ( 'NONE', #460, 2.950000000000001066 ) ;
#2985 = CARTESIAN_POINT ( 'NONE',  ( 67.54804836425070391, 8.673617379884035472E-16, -6.031563529638577670 ) ) ;
#2986 = CARTESIAN_POINT ( 'NONE',  ( 13.60434704615673240, 13.24999999999998401, -5.299783899453191616 ) ) ;
#2987 = CARTESIAN_POINT ( 'NONE',  ( 33.03326147355831921, 12.24999999999999467, -11.24951583295530888 ) ) ;
#2988 = EDGE_CURVE ( 'NONE', #3592, #342, #1254, .T. ) ;
#2989 = CARTESIAN_POINT ( 'NONE',  ( 32.97062473180252340, 17.98881973107264542, -6.244545351475314199 ) ) ;
#2990 = DIRECTION ( 'NONE',  ( -1.000000000000000000, -0.000000000000000000, 0.000000000000000000 ) ) ;
#2991 = ADVANCED_FACE ( 'NONE', ( #645 ), #669, .F. ) ;
#2992 = CARTESIAN_POINT ( 'NONE',  ( 29.00431474036919610, 18.00000000000000000, -7.502299244849036874 ) ) ;
#2993 = CARTESIAN_POINT ( 'NONE',  ( 56.48627403994130702, 13.00000000000000533, -10.47934976118432537 ) ) ;
#2994 = ORIENTED_EDGE ( 'NONE', *, *, #681, .F. ) ;
#2995 = CARTESIAN_POINT ( 'NONE',  ( 70.39681116123387028, 17.56259392247652684, -0.3123907277422735551 ) ) ;
#2996 = CARTESIAN_POINT ( 'NONE',  ( 25.77135769114199704, 13.24999999999999289, 1.000003369765737560 ) ) ;
#2997 = CARTESIAN_POINT ( 'NONE',  ( 73.70761692060604275, 2.949812674353706310, -0.6508056276228728620 ) ) ;
#2998 = CARTESIAN_POINT ( 'NONE',  ( 25.00418972334395207, 5.000000000000000888, -15.55642043912561689 ) ) ;
#2999 = ORIENTED_EDGE ( 'NONE', *, *, #2122, .F. ) ;
#3000 = LINE ( 'NONE', #3653, #3899 ) ;
#3001 = CARTESIAN_POINT ( 'NONE',  ( 71.94147958946182086, 15.79979738590938254, 1.000003369765737560 ) ) ;
#3002 = ORIENTED_EDGE ( 'NONE', *, *, #3715, .F. ) ;
#3003 = DIRECTION ( 'NONE',  ( 0.000000000000000000, 0.000000000000000000, -1.000000000000000000 ) ) ;
#3004 = CARTESIAN_POINT ( 'NONE',  ( 59.65137883187840373, 4.999999999997394973, -9.619193956323385919 ) ) ;
#3005 = CARTESIAN_POINT ( 'NONE',  ( 30.02495778835974249, 17.69373531603040561, -8.939399045556866596 ) ) ;
#3006 = CARTESIAN_POINT ( 'NONE',  ( 74.27046865597914405, 13.00000000000000178, -0.7061808768033207562 ) ) ;
#3007 = VERTEX_POINT ( 'NONE', #2853 ) ;
#3008 = CARTESIAN_POINT ( 'NONE',  ( 21.05470809218046213, -3.903127820947817540E-15, -1.768263921065340138 ) ) ;
#3009 = CARTESIAN_POINT ( 'NONE',  ( 13.60631031378819777, 5.749999999999994671, -6.365266192510610210 ) ) ;
#3010 = CARTESIAN_POINT ( 'NONE',  ( 55.60135787452914968, 12.99999999999999822, -10.17347443599056156 ) ) ;
#3011 = CARTESIAN_POINT ( 'NONE',  ( 30.02495778835974249, 14.79999999999999893, -8.939399045556864820 ) ) ;
#3012 = ORIENTED_EDGE ( 'NONE', *, *, #944, .F. ) ;
#3013 = CARTESIAN_POINT ( 'NONE',  ( 74.00445851083567561, 14.43627780994384580, -0.6800876040116411447 ) ) ;
#3014 = CARTESIAN_POINT ( 'NONE',  ( 10.02495778835974249, 1.000000000000000888, -12.98939904555686020 ) ) ;
#3015 = CARTESIAN_POINT ( 'NONE',  ( 61.45498096619166262, 8.673617379884035472E-16, -3.598826542331125200 ) ) ;
#3016 = DIRECTION ( 'NONE',  ( -0.5000000000000005551, 0.000000000000000000, 0.8660254037844382635 ) ) ;
#3017 = ORIENTED_EDGE ( 'NONE', *, *, #2661, .T. ) ;
#3018 = CARTESIAN_POINT ( 'NONE',  ( 22.80288945504422315, 18.00000000000001421, -11.01248796352141390 ) ) ;
#3019 = CARTESIAN_POINT ( 'NONE',  ( 10.02495778835974249, 4.749999999999993783, -12.98939904555686020 ) ) ;
#3020 = CARTESIAN_POINT ( 'NONE',  ( 54.92650392187345432, -4.802926717367451149E-13, -9.945812298456800704 ) ) ;
#3021 = CARTESIAN_POINT ( 'NONE',  ( 34.80013037562228106, 5.144225369074463927, -10.49544015299564848 ) ) ;
#3022 = CARTESIAN_POINT ( 'NONE',  ( 31.72995778835974079, 0.000000000000000000, -3.036252418651918195 ) ) ;
#3023 = CARTESIAN_POINT ( 'NONE',  ( 10.76417346937612507, 1.301042606982605321E-15, -6.989399045116698517 ) ) ;
#3024 = CARTESIAN_POINT ( 'NONE',  ( 72.56554482998328126, 16.37914221004753301, -0.5364913176455172739 ) ) ;
#3025 = ORIENTED_EDGE ( 'NONE', *, *, #746, .F. ) ;
#3026 = DIRECTION ( 'NONE',  ( 0.8660254037844383745, -0.000000000000000000, 0.5000000000000006661 ) ) ;
#3027 = CYLINDRICAL_SURFACE ( 'NONE', #522, 2.950000000000001066 ) ;
#3028 = DIRECTION ( 'NONE',  ( 0.000000000000000000, 0.000000000000000000, 1.000000000000000000 ) ) ;
#3029 = CARTESIAN_POINT ( 'NONE',  ( 57.38052873036666313, 18.00000000000096989, -10.26195139921638422 ) ) ;
#3030 = AXIS2_PLACEMENT_3D ( 'NONE', #2968, #3026, #1681 ) ;
#3031 = VERTEX_POINT ( 'NONE', #950 ) ;
#3032 = CARTESIAN_POINT ( 'NONE',  ( 73.56244054220277917, 13.00000000000000533, 1.000003369765737560 ) ) ;
#3033 = DIRECTION ( 'NONE',  ( -0.8660254037844390407, 0.000000000000000000, 0.4999999999999995004 ) ) ;
#3034 = CARTESIAN_POINT ( 'NONE',  ( 72.57077500528980352, 1.625199330813846821, -0.5370207794250047018 ) ) ;
#3035 = CIRCLE ( 'NONE', #782, 0.9999999999999995559 ) ;
#3036 = CARTESIAN_POINT ( 'NONE',  ( 21.78575470789062507, 18.00000000000000000, -0.1262519953513090432 ) ) ;
#3037 = ORIENTED_EDGE ( 'NONE', *, *, #174, .T. ) ;
#3038 = CARTESIAN_POINT ( 'NONE',  ( 16.33046516317918773, 1.000000000002541967, -3.907159565158335290 ) ) ;
#3039 = CARTESIAN_POINT ( 'NONE',  ( 73.56244054220279338, 13.00000000000000178, 3.369765737499044733E-06 ) ) ;
#3040 = AXIS2_PLACEMENT_3D ( 'NONE', #706, #3967, #820 ) ;
#3041 = VECTOR ( 'NONE', #1763, 1000.000000000000227 ) ;
#3042 = CARTESIAN_POINT ( 'NONE',  ( 24.83804701343825272, 13.24999999999999467, -14.45875902514366196 ) ) ;
#3043 = AXIS2_PLACEMENT_3D ( 'NONE', #734, #710, #2583 ) ;
#3044 = MECHANICAL_DESIGN_GEOMETRIC_PRESENTATION_REPRESENTATION (  '', ( #2715 ), #61 ) ;
#3045 = CARTESIAN_POINT ( 'NONE',  ( 54.92650392187616859, 4.999999999999997335, -9.945812298442195498 ) ) ;
#3046 = CARTESIAN_POINT ( 'NONE',  ( 56.46170738294489411, 13.00000000000000000, -10.48504062499555012 ) ) ;
#3047 =( BOUNDED_SURFACE ( )  B_SPLINE_SURFACE ( 3, 2, ( 
 ( #45, #969, #1316 ),
 ( #2872, #2582, #1894 ),
 ( #1343, #2246, #293 ),
 ( #2833, #312, #2225 ),
 ( #1012, #28, #4090 ),
 ( #3508, #2268, #1297 ),
 ( #1578, #670, #2607 ),
 ( #1912, #1280, #1261 ),
 ( #1032, #2526, #2560 ),
 ( #3527, #690, #3225 ),
 ( #3482, #3780, #951 ),
 ( #1638, #2914, #3862 ),
 ( #647, #3186, #3468 ),
 ( #2208, #335, #71 ),
 ( #2287, #3814, #610 ),
 ( #1878, #3168, #1974 ),
 ( #1368, #709, #2934 ),
 ( #3245, #1406, #2644 ),
 ( #2992, #2664, #3916 ),
 ( #2971, #87, #1683 ),
 ( #2306, #123, #1094 ),
 ( #2626, #2954, #767 ),
 ( #3605, #3902, #2361 ),
 ( #1437, #3880, #396 ),
 ( #1052, #1666, #3572 ),
 ( #733, #2346, #1078 ),
 ( #1997, #141, #2032 ),
 ( #3304, #3268, #414 ),
 ( #2326, #103, #1383 ),
 ( #453, #2014, #3590 ),
 ( #1132, #1723, #753 ),
 ( #1420, #1742, #3285 ),
 ( #2680, #158, #433 ),
 ( #1701, #3934, #1111 ),
 ( #3624, #789, #2056 ),
 ( #3325, #474, #3010 ),
 ( #3547, #2702, #3952 ),
 ( #182, #828, #3976 ),
 ( #2161, #2429, #879 ),
 ( #555, #2802, #1832 ),
 ( #3713, #1538, #3388 ),
 ( #3053, #2097, #205 ),
 ( #2758, #2782, #1517 ),
 ( #3343, #3097, #245 ),
 ( #2075, #2385, #1191 ),
 ( #3665, #1477, #3405 ),
 ( #578, #4046, #1169 ),
 ( #2475, #897, #3120 ) ),
 .UNSPECIFIED., .F., .F., .F. ) 
 B_SPLINE_SURFACE_WITH_KNOTS ( ( 4, 2, 2, 2, 2, 2, 2, 2, 2, 2, 2, 2, 2, 2, 2, 2, 2, 2, 2, 2, 2, 2, 2, 4 ),
 ( 3, 3 ),
 ( 0.04887618490003679816, 0.06197480915187768974, 0.06279347316761774156, 0.06320280517548776400, 0.06330513817745526961, 0.06340747117942277522, 0.06361213718335780032, 0.06524946521483791784, 0.06852412127779813900, 0.07179877734075836015, 0.07507343340371858131, 0.08162274552963902363, 0.08326007356111914115, 0.08489740159259924479, 0.08817205765555946595, 0.09472136978147990827, 0.09799602584444014330, 0.09963335387592026082, 0.1004520178916603057, 0.1008613498995303281, 0.1009125164005140740, 0.1009636829014978338, 0.1010660159034653394, 0.1012706819074003645 ),
 ( 0.000000000000000000, 1.000000000000000000 ),
 .UNSPECIFIED. ) 
 GEOMETRIC_REPRESENTATION_ITEM ( )  RATIONAL_B_SPLINE_SURFACE ( (
 ( 1.000000000000000000, 0.7071067811865476838, 1.000000000000000000),
 ( 1.000000000000000000, 0.7071067811865476838, 1.000000000000000000),
 ( 1.000000000000000000, 0.7071067811865475727, 1.000000000000000000),
 ( 1.000000000000000000, 0.7071067811865475727, 1.000000000000000000),
 ( 1.000000000000000000, 0.7071067811865475727, 1.000000000000000000),
 ( 1.000000000000000000, 0.7071067811865475727, 1.000000000000000000),
 ( 1.000000000000000000, 0.7071067811865477948, 1.000000000000000000),
 ( 1.000000000000000000, 0.7071067811865477948, 1.000000000000000000),
 ( 1.000000000000000000, 0.7071067811865473507, 1.000000000000000000),
 ( 1.000000000000000000, 0.7071067811865473507, 1.000000000000000000),
 ( 1.000000000000000000, 0.7071067811865475727, 1.000000000000000000),
 ( 1.000000000000000000, 0.7071067811865475727, 1.000000000000000000),
 ( 1.000000000000000000, 0.7071067811865475727, 1.000000000000000000),
 ( 1.000000000000000000, 0.7071067811865475727, 1.000000000000000000),
 ( 1.000000000000000000, 0.7071067811865470176, 1.000000000000000000),
 ( 1.000000000000000000, 0.7071067811865470176, 1.000000000000000000),
 ( 1.000000000000000000, 0.7071067811865473507, 1.000000000000000000),
 ( 1.000000000000000000, 0.7071067811865473507, 1.000000000000000000),
 ( 1.000000000000000000, 0.7071067811865476838, 1.000000000000000000),
 ( 1.000000000000000000, 0.7071067811865476838, 1.000000000000000000),
 ( 1.000000000000000000, 0.7071067811865475727, 1.000000000000000000),
 ( 1.000000000000000000, 0.7071067811865475727, 1.000000000000000000),
 ( 1.000000000000000000, 0.7071067811865475727, 1.000000000000000000),
 ( 1.000000000000000000, 0.7071067811865475727, 1.000000000000000000),
 ( 1.000000000000000000, 0.7071067811865474617, 1.000000000000000000),
 ( 1.000000000000000000, 0.7071067811865474617, 1.000000000000000000),
 ( 1.000000000000000000, 0.7071067811865475727, 1.000000000000000000),
 ( 1.000000000000000000, 0.7071067811865475727, 1.000000000000000000),
 ( 1.000000000000000000, 0.7071067811865475727, 1.000000000000000000),
 ( 1.000000000000000000, 0.7071067811865475727, 1.000000000000000000),
 ( 1.000000000000000000, 0.7071067811865475727, 1.000000000000000000),
 ( 1.000000000000000000, 0.7071067811865475727, 1.000000000000000000),
 ( 1.000000000000000000, 0.7071067811865473507, 1.000000000000000000),
 ( 1.000000000000000000, 0.7071067811865473507, 1.000000000000000000),
 ( 1.000000000000000000, 0.7071067811865473507, 1.000000000000000000),
 ( 1.000000000000000000, 0.7071067811865473507, 1.000000000000000000),
 ( 1.000000000000000000, 0.7071067811865475727, 1.000000000000000000),
 ( 1.000000000000000000, 0.7071067811865475727, 1.000000000000000000),
 ( 1.000000000000000000, 0.7071067811865473507, 1.000000000000000000),
 ( 1.000000000000000000, 0.7071067811865473507, 1.000000000000000000),
 ( 1.000000000000000000, 0.7071067811865475727, 1.000000000000000000),
 ( 1.000000000000000000, 0.7071067811865475727, 1.000000000000000000),
 ( 1.000000000000000000, 0.7071067811865475727, 1.000000000000000000),
 ( 1.000000000000000000, 0.7071067811865475727, 1.000000000000000000),
 ( 1.000000000000000000, 0.7071067811865473507, 1.000000000000000000),
 ( 1.000000000000000000, 0.7071067811865473507, 1.000000000000000000),
 ( 1.000000000000000000, 0.7071067811865475727, 1.000000000000000000),
 ( 1.000000000000000000, 0.7071067811865475727, 1.000000000000000000) ) ) 
 REPRESENTATION_ITEM ( '' )  SURFACE ( )  );
#3048 = DIRECTION ( 'NONE',  ( -0.000000000000000000, -1.000000000000000000, -0.000000000000000000 ) ) ;
#3049 = CARTESIAN_POINT ( 'NONE',  ( 12.63880628856864874, 1.000000000000004441, -5.624695178951681029 ) ) ;
#3050 = CARTESIAN_POINT ( 'NONE',  ( 72.71501715755519513, 16.25085822664147983, -0.5515983344812328548 ) ) ;
#3051 = CARTESIAN_POINT ( 'NONE',  ( 10.02495778835973894, 5.749999999999991118, -6.989399045556861090 ) ) ;
#3052 = CARTESIAN_POINT ( 'NONE',  ( 12.74941679387679372, 18.00000000000000000, -19.43744705462573208 ) ) ;
#3053 = CARTESIAN_POINT ( 'NONE',  ( 58.19577180084674950, 18.00000000000000000, -5.795278860886252659 ) ) ;
#3054 = CARTESIAN_POINT ( 'NONE',  ( 56.44905913934355368, 18.00000000000001776, -10.48796770026344483 ) ) ;
#3055 = ORIENTED_EDGE ( 'NONE', *, *, #3891, .T. ) ;
#3056 = CARTESIAN_POINT ( 'NONE',  ( 19.26958203794600522, 18.00000000000000000, -3.049862025444334712 ) ) ;
#3057 = DIRECTION ( 'NONE',  ( 0.000000000000000000, 1.000000000000000000, 0.000000000000000000 ) ) ;
#3058 = CARTESIAN_POINT ( 'NONE',  ( 25.23792716762429933, 4.717733147290478435, -15.39235101268893224 ) ) ;
#3059 = CARTESIAN_POINT ( 'NONE',  ( 13.43495778835974619, 2.600000000000000089, -12.98939904555685487 ) ) ;
#3060 = CARTESIAN_POINT ( 'NONE',  ( 18.67937058359471081, 18.00000000000000000, -2.242590511318460766 ) ) ;
#3061 = AXIS2_PLACEMENT_3D ( 'NONE', #1271, #636, #218 ) ;
#3062 = ORIENTED_EDGE ( 'NONE', *, *, #1244, .F. ) ;
#3063 = CARTESIAN_POINT ( 'NONE',  ( 20.80958616952568718, 8.051133459149519141E-14, -0.7382084007302850415 ) ) ;
#3064 = CARTESIAN_POINT ( 'NONE',  ( 73.56244054220279338, 12.99999999999999822, 1.000003369765737560 ) ) ;
#3065 = CARTESIAN_POINT ( 'NONE',  ( 73.56244054220280759, 13.16967940009294225, 1.000003369765738004 ) ) ;
#3066 = VERTEX_POINT ( 'NONE', #373 ) ;
#3067 = CARTESIAN_POINT ( 'NONE',  ( 55.59889955807313555, 4.999999999999997335, -10.17262365733971841 ) ) ;
#3068 = CARTESIAN_POINT ( 'NONE',  ( 25.77135769114199704, 4.749999999999992006, 1.000003369765737560 ) ) ;
#3069 = EDGE_CURVE ( 'NONE', #3821, #2123, #2044, .T. ) ;
#3070 = DIRECTION ( 'NONE',  ( -1.000000000000000000, 0.000000000000000000, 0.000000000000000000 ) ) ;
#3071 = DIRECTION ( 'NONE',  ( -2.112516620725462547E-16, 1.000000000000000000, 0.000000000000000000 ) ) ;
#3072 = CARTESIAN_POINT ( 'NONE',  ( 45.40251530315754280, 5.000000000000000888, -8.448439274196827498 ) ) ;
#3073 = DIRECTION ( 'NONE',  ( 0.000000000000000000, 0.000000000000000000, 1.000000000000000000 ) ) ;
#3074 = CARTESIAN_POINT ( 'NONE',  ( 10.02495778835974249, 12.24999999999998934, -6.989399045556861090 ) ) ;
#3075 = CARTESIAN_POINT ( 'NONE',  ( 25.34822474555046412, 5.749999999999992006, 1.000003373161960196 ) ) ;
#3076 = CARTESIAN_POINT ( 'NONE',  ( 12.42969445522754768, 17.96006876143703934, -18.62156081072601310 ) ) ;
#3077 = ORIENTED_EDGE ( 'NONE', *, *, #3537, .F. ) ;
#3078 = CARTESIAN_POINT ( 'NONE',  ( 73.56244053944656969, 13.16967600356650259, 1.000003369765737560 ) ) ;
#3079 = EDGE_CURVE ( 'NONE', #3660, #1380, #3481, .T. ) ;
#3080 = CARTESIAN_POINT ( 'NONE',  ( 34.93642157988202968, 6.693225844273523961, -10.44029574654535786 ) ) ;
#3081 = CARTESIAN_POINT ( 'NONE',  ( 24.08241529146870263, 2.700787209514026177, -15.50183531190607056 ) ) ;
#3082 = EDGE_CURVE ( 'NONE', #635, #2887, #353, .T. ) ;
#3083 = CARTESIAN_POINT ( 'NONE',  ( 21.51124713106994335, 15.88061290108324819, -16.34966777235987578 ) ) ;
#3084 = CARTESIAN_POINT ( 'NONE',  ( 25.34822474548611027, 16.99999999999999645, 1.000003369765737560 ) ) ;
#3085 = EDGE_LOOP ( 'NONE', ( #1934, #2994, #3230, #2016 ) ) ;
#3086 = CARTESIAN_POINT ( 'NONE',  ( 19.26915716371110321, 1.301042606982605321E-15, -3.050164112747765000 ) ) ;
#3087 = CARTESIAN_POINT ( 'NONE',  ( 13.96045607473040029, 12.24999999999998757, -6.233258224505727974 ) ) ;
#3088 = CARTESIAN_POINT ( 'NONE',  ( 10.02495778835974249, 14.79999999999999893, -11.33939904555685985 ) ) ;
#3089 = EDGE_LOOP ( 'NONE', ( #830, #1882, #1873 ) ) ;
#3090 = CARTESIAN_POINT ( 'NONE',  ( 55.59889955807449979, 2.297379950125136839E-13, -10.17262365733242113 ) ) ;
#3091 = CARTESIAN_POINT ( 'NONE',  ( 25.77135769114199704, 12.24999999999999289, 3.369765737282204299E-06 ) ) ;
#3092 = CARTESIAN_POINT ( 'NONE',  ( 10.02495778835974249, 18.00000000000000000, -12.98939904555686020 ) ) ;
#3093 = CARTESIAN_POINT ( 'NONE',  ( 10.02495778835974249, 16.99999999999999645, -12.98939904555686020 ) ) ;
#3094 = CARTESIAN_POINT ( 'NONE',  ( 52.86962454706785763, 5.000000000000001776, -9.350086681077273809 ) ) ;
#3095 = DIRECTION ( 'NONE',  ( -1.320322887953414123E-16, 1.000000000000000000, 0.000000000000000000 ) ) ;
#3096 = DIRECTION ( 'NONE',  ( 1.000000000000000000, -0.000000000000000000, 0.000000000000000000 ) ) ;
#3097 = CARTESIAN_POINT ( 'NONE',  ( 56.49701438417880439, 18.00000000000006040, -10.49834056546226257 ) ) ;
#3098 = CARTESIAN_POINT ( 'NONE',  ( 12.16682998394084514, 16.98064438934053300, -19.68360432246757696 ) ) ;
#3099 = EDGE_LOOP ( 'NONE', ( #1147, #2930, #1346, #3296, #92, #1352, #705 ) ) ;
#3100 = CARTESIAN_POINT ( 'NONE',  ( 12.55791210824607340, 18.00000000000000711, -6.681998528197985898 ) ) ;
#3101 = CARTESIAN_POINT ( 'NONE',  ( 35.16283411697310157, 6.967304274272652975, -9.053750923623065106 ) ) ;
#3102 = CARTESIAN_POINT ( 'NONE',  ( 24.78366189498072103, 4.065505118507042326, -15.49875490836965675 ) ) ;
#3103 = B_SPLINE_CURVE_WITH_KNOTS ( 'NONE', 3,
 ( #1209, #2474, #511, #826 ),
 .UNSPECIFIED., .F., .F.,
 ( 4, 4 ),
 ( 9.714260083211464370E-16, 0.0009820279970382676023 ),
 .UNSPECIFIED. ) ;
#3104 = CARTESIAN_POINT ( 'NONE',  ( 22.88159760843077351, 17.00000000000031619, 0.4167944495982550124 ) ) ;
#3105 = ORIENTED_EDGE ( 'NONE', *, *, #302, .F. ) ;
#3106 = CARTESIAN_POINT ( 'NONE',  ( 23.67805829011495788, 1.000000000000000888, 0.7038094918983894832 ) ) ;
#3107 = CARTESIAN_POINT ( 'NONE',  ( 31.72995778835974789, 2.600000000000000089, -8.942545672461799100 ) ) ;
#3108 = CIRCLE ( 'NONE', #1903, 0.9999999999999988898 ) ;
#3109 = DIRECTION ( 'NONE',  ( 0.8660254037844387076, 0.000000000000000000, -0.5000000000000001110 ) ) ;
#3110 = AXIS2_PLACEMENT_3D ( 'NONE', #3892, #1712, #2133 ) ;
#3111 = EDGE_LOOP ( 'NONE', ( #2690, #1824, #1961, #3956 ) ) ;
#3112 = VECTOR ( 'NONE', #3203, 1000.000000000000000 ) ;
#3113 = CARTESIAN_POINT ( 'NONE',  ( 16.73130128833097530, 13.24999999999999112, -17.75500283978946925 ) ) ;
#3114 = DIRECTION ( 'NONE',  ( -0.8660254037844392627, 0.000000000000000000, -0.4999999999999989453 ) ) ;
#3115 = CIRCLE ( 'NONE', #3497, 7.000000000000000000 ) ;
#3116 = CARTESIAN_POINT ( 'NONE',  ( 44.80938219262143463, 8.673617379884035472E-16, -8.491949256256509315 ) ) ;
#3117 = CARTESIAN_POINT ( 'NONE',  ( 20.70199191607150269, 1.098736165039579715, -16.16860549298014149 ) ) ;
#3118 = CARTESIAN_POINT ( 'NONE',  ( 27.83130450854735116, 8.673617379884035472E-16, -8.096173364540954154 ) ) ;
#3119 = FACE_OUTER_BOUND ( 'NONE', #947, .T. ) ;
#3120 = CARTESIAN_POINT ( 'NONE',  ( 56.75223356452571011, 12.99999999999999822, -10.59448013512132292 ) ) ;
#3121 = DIRECTION ( 'NONE',  ( -0.5000000000000005551, 0.000000000000000000, 0.8660254037844382635 ) ) ;
#3122 = EDGE_CURVE ( 'NONE', #1993, #1980, #334, .T. ) ;
#3123 = CIRCLE ( 'NONE', #1788, 6.000000000000000000 ) ;
#3124 = EDGE_LOOP ( 'NONE', ( #1731, #2724, #237, #2129, #3755, #774, #2329 ) ) ;
#3125 = EDGE_LOOP ( 'NONE', ( #2584, #2048, #952, #1744 ) ) ;
#3126 = CARTESIAN_POINT ( 'NONE',  ( 11.72995778835974257, 0.000000000000000000, -15.94254567246179732 ) ) ;
#3127 = DIRECTION ( 'NONE',  ( -0.000000000000000000, -0.000000000000000000, 1.000000000000000000 ) ) ;
#3128 = MANIFOLD_SOLID_BREP ( 'Redondeo6', #2113 ) ;
#3129 = EDGE_CURVE ( 'NONE', #2698, #905, #3372, .T. ) ;
#3130 = ADVANCED_FACE ( 'NONE', ( #2267 ), #1131, .F. ) ;
#3131 = VECTOR ( 'NONE', #53, 1000.000000000000227 ) ;
#3132 = CARTESIAN_POINT ( 'NONE',  ( 16.33588683264249042, 16.99999999999999289, -3.903478019167999857 ) ) ;
#3133 = EDGE_LOOP ( 'NONE', ( #100, #2877, #1349, #3515 ) ) ;
#3134 = CARTESIAN_POINT ( 'NONE',  ( 20.49664611080989474, -9.516908059458532193E-13, -0.9496350796683680207 ) ) ;
#3135 = CARTESIAN_POINT ( 'NONE',  ( 6.614957788359743240, 2.600000000000000089, -12.98939904555686020 ) ) ;
#3136 = ADVANCED_FACE ( 'NONE', ( #1436 ), #3185, .T. ) ;
#3137 = ORIENTED_EDGE ( 'NONE', *, *, #3859, .T. ) ;
#3138 = CARTESIAN_POINT ( 'NONE',  ( 56.46170738294489411, 13.00000000000000000, -10.48504062499555012 ) ) ;
#3139 = EDGE_CURVE ( 'NONE', #2123, #2221, #2701, .T. ) ;
#3140 = EDGE_CURVE ( 'NONE', #3652, #401, #2634, .T. ) ;
#3141 = CARTESIAN_POINT ( 'NONE',  ( 42.48588087237498456, 5.000000000000000888, -8.669417389682291031 ) ) ;
#3142 = CARTESIAN_POINT ( 'NONE',  ( 48.90356578937679899, 8.673617379884035472E-16, -3.621077220464349988 ) ) ;
#3143 = CARTESIAN_POINT ( 'NONE',  ( 58.19565772360880374, 8.673617379884035472E-16, -5.795235960117087970 ) ) ;
#3144 = CARTESIAN_POINT ( 'NONE',  ( 71.95128110798923160, 2.207366846001722394, 1.000003369765738004 ) ) ;
#3145 = CARTESIAN_POINT ( 'NONE',  ( 13.95255093506186483, 5.749999999999997335, -6.236423579360392822 ) ) ;
#3146 = DIRECTION ( 'NONE',  ( -1.000000000000000000, -2.112516620725462794E-16, 0.000000000000000000 ) ) ;
#3147 = ORIENTED_EDGE ( 'NONE', *, *, #1062, .F. ) ;
#3148 = ORIENTED_EDGE ( 'NONE', *, *, #1688, .F. ) ;
#3149 = CARTESIAN_POINT ( 'NONE',  ( 67.50608998601994415, 8.673617379884035472E-16, 3.369763985482544105E-06 ) ) ;
#3150 = LINE ( 'NONE', #884, #2382 ) ;
#3151 = CARTESIAN_POINT ( 'NONE',  ( 10.02495778835974249, 18.00000000000000000, -5.989399045556861090 ) ) ;
#3152 = ADVANCED_FACE ( 'NONE', ( #121 ), #3879, .F. ) ;
#3153 = VERTEX_POINT ( 'NONE', #2969 ) ;
#3154 = CARTESIAN_POINT ( 'NONE',  ( 20.99538460200233558, 17.00000000000000000, -0.6173855782632925449 ) ) ;
#3155 = CARTESIAN_POINT ( 'NONE',  ( 10.69335591978220990, 12.24999999999998934, -5.989399045022777202 ) ) ;
#3156 = ORIENTED_EDGE ( 'NONE', *, *, #3677, .T. ) ;
#3157 = DIRECTION ( 'NONE',  ( 0.000000000000000000, 1.000000000000000000, 0.000000000000000000 ) ) ;
#3158 = CARTESIAN_POINT ( 'NONE',  ( 25.28825540073119882, 5.000000000000000888, -15.36890417055395908 ) ) ;
#3159 = CARTESIAN_POINT ( 'NONE',  ( 18.89573012178934519, 4.749999999999999112, -1.524766354248106026 ) ) ;
#3160 = CARTESIAN_POINT ( 'NONE',  ( 72.69543460030908477, 2.873883025398768165, 1.000003369765737338 ) ) ;
#3161 = CARTESIAN_POINT ( 'NONE',  ( 23.07774218420187395, 5.749999999999511502, 0.4968838697643859215 ) ) ;
#3162 = CARTESIAN_POINT ( 'NONE',  ( 56.70225786689616854, 18.00000000000000000, -5.269154549005597765 ) ) ;
#3163 = VERTEX_POINT ( 'NONE', #2345 ) ;
#3164 = CARTESIAN_POINT ( 'NONE',  ( 74.40358372175016655, 1.683466222832040504, 1.000003369765665395 ) ) ;
#3165 = CARTESIAN_POINT ( 'NONE',  ( 34.60797735160420530, 11.61221361857024625, -10.56255121494518079 ) ) ;
#3166 = CARTESIAN_POINT ( 'NONE',  ( 24.83804701343825272, 4.749999999999984901, -14.45875902514366196 ) ) ;
#3167 = EDGE_CURVE ( 'NONE', #695, #3652, #3960, .T. ) ;
#3168 = CARTESIAN_POINT ( 'NONE',  ( 27.68595036534384235, 18.00000000000002132, -13.86493917438944301 ) ) ;
#3169 = ORIENTED_EDGE ( 'NONE', *, *, #986, .T. ) ;
#3170 = CARTESIAN_POINT ( 'NONE',  ( 33.00752853184702218, 13.31249999999999467, -11.18815705979110753 ) ) ;
#3171 = CARTESIAN_POINT ( 'NONE',  ( 12.55995766177114170, 12.24999999999998934, -6.681532728021785772 ) ) ;
#3172 = CARTESIAN_POINT ( 'NONE',  ( 11.37483762623742223, 18.00000000000000000, -18.91755816671662060 ) ) ;
#3173 = CIRCLE ( 'NONE', #1707, 0.9999999999999991118 ) ;
#3174 = CARTESIAN_POINT ( 'NONE',  ( 30.25857494027285810, 5.000000000000000888, -12.45941608945381596 ) ) ;
#3175 = CARTESIAN_POINT ( 'NONE',  ( 14.47955687543802661, 4.749999999999999112, -5.989399045556872636 ) ) ;
#3176 = AXIS2_PLACEMENT_3D ( 'NONE', #844, #3971, #2754 ) ;
#3177 = CARTESIAN_POINT ( 'NONE',  ( 12.42969445522754768, 0.03993123856296065810, -18.62156081072601665 ) ) ;
#3178 = CIRCLE ( 'NONE', #2517, 1.000000000000000000 ) ;
#3179 = CARTESIAN_POINT ( 'NONE',  ( 12.63532182214248145, 5.749999999998881783, -5.625615963605285152 ) ) ;
#3180 = CARTESIAN_POINT ( 'NONE',  ( 25.23792716762430999, 13.28226685270950647, -15.39235101268893047 ) ) ;
#3181 = VERTEX_POINT ( 'NONE', #3302 ) ;
#3182 = CARTESIAN_POINT ( 'NONE',  ( 72.99004450920095621, 0.7460464623342338841, 1.000003369765737782 ) ) ;
#3183 = CARTESIAN_POINT ( 'NONE',  ( 36.88246310828070307, 10.51268732655859672, -9.813015972928200270 ) ) ;
#3184 = CARTESIAN_POINT ( 'NONE',  ( 28.31995778835972999, 0.09618147159626408427, -8.942545672461802653 ) ) ;
#3185 =( BOUNDED_SURFACE ( )  B_SPLINE_SURFACE ( 3, 2, ( 
 ( #766, #2013, #395 ),
 ( #1682, #1419, #471 ),
 ( #2933, #1382, #3933 ),
 ( #3324, #2029, #2642 ) ),
 .UNSPECIFIED., .F., .F., .F. ) 
 B_SPLINE_SURFACE_WITH_KNOTS ( ( 4, 4 ),
 ( 3, 3 ),
 ( 0.000000000000000000, 0.001562306086210635920 ),
 ( 0.000000000000000000, 1.000000000000000000 ),
 .UNSPECIFIED. ) 
 GEOMETRIC_REPRESENTATION_ITEM ( )  RATIONAL_B_SPLINE_SURFACE ( (
 ( 1.000000000000000000, 0.6638458525083037465, 1.000000000000000000),
 ( 1.000000000000000000, 0.6618965825735352304, 1.000000000000000000),
 ( 1.000000000000000000, 0.6684276203491208435, 1.000000000000000000),
 ( 1.000000000000000000, 0.6846531968814576485, 1.000000000000000000) ) ) 
 REPRESENTATION_ITEM ( '' )  SURFACE ( )  );
#3186 = CARTESIAN_POINT ( 'NONE',  ( 25.51875432618361828, 17.99999999999976197, -15.21772317278311171 ) ) ;
#3187 = CARTESIAN_POINT ( 'NONE',  ( 69.73561128990384361, 12.99999999999999822, -4.582296865287716514 ) ) ;
#3188 = ORIENTED_EDGE ( 'NONE', *, *, #1228, .T. ) ;
#3189 = CARTESIAN_POINT ( 'NONE',  ( 12.74941679387679372, 5.749999999999991118, -19.43744705462573208 ) ) ;
#3190 = AXIS2_PLACEMENT_3D ( 'NONE', #1335, #1088, #2339 ) ;
#3191 = CARTESIAN_POINT ( 'NONE',  ( 21.79429497285202899, 12.24999999999999289, -0.1213799572672136506 ) ) ;
#3192 = CARTESIAN_POINT ( 'NONE',  ( 56.66165995176442749, 17.84588874846809858, -6.597872394628194748 ) ) ;
#3193 = EDGE_LOOP ( 'NONE', ( #516, #2956, #3463, #2741 ) ) ;
#3194 = CARTESIAN_POINT ( 'NONE',  ( 22.91350274588662828, 4.749999999999990230, 0.4357151770477316055 ) ) ;
#3195 = CARTESIAN_POINT ( 'NONE',  ( 32.90767106461498059, 1.414457908153013026E-12, -11.22845126654150505 ) ) ;
#3196 = FACE_OUTER_BOUND ( 'NONE', #289, .T. ) ;
#3197 = LINE ( 'NONE', #1288, #6 ) ;
#3198 = CARTESIAN_POINT ( 'NONE',  ( 21.45015906316785959, 4.749999999999988454, -0.3288119790636850892 ) ) ;
#3199 = CARTESIAN_POINT ( 'NONE',  ( 17.10952756296117272, 16.71727484867446378, -17.74142303440229185 ) ) ;
#3200 = ORIENTED_EDGE ( 'NONE', *, *, #2397, .F. ) ;
#3201 = CARTESIAN_POINT ( 'NONE',  ( 74.96521319291971963, 2.261717549735474897, 1.000003369765701144 ) ) ;
#3202 = CARTESIAN_POINT ( 'NONE',  ( 36.49642878000722135, 11.29954530961638604, -9.929228667590400903 ) ) ;
#3203 = DIRECTION ( 'NONE',  ( -0.000000000000000000, -1.000000000000000000, -0.000000000000000000 ) ) ;
#3204 = CARTESIAN_POINT ( 'NONE',  ( 56.46170738294489411, 5.000000000000000888, -10.48504062499555012 ) ) ;
#3205 = CARTESIAN_POINT ( 'NONE',  ( 66.81994632150826874, 17.99999999999999645, -0.5185535341298014300 ) ) ;
#3206 = ADVANCED_FACE ( 'NONE', ( #3267 ), #2951, .T. ) ;
#3207 = ORIENTED_EDGE ( 'NONE', *, *, #646, .F. ) ;
#3208 = CARTESIAN_POINT ( 'NONE',  ( 18.77113493285407841, 13.24999999999998401, -16.89312291352940321 ) ) ;
#3209 = ADVANCED_FACE ( 'NONE', ( #2663 ), #3915, .F. ) ;
#3210 = CARTESIAN_POINT ( 'NONE',  ( 22.50475596308577053, 13.24999999999999112, 0.2533676633688971003 ) ) ;
#3211 = ORIENTED_EDGE ( 'NONE', *, *, #1959, .T. ) ;
#3212 = FACE_OUTER_BOUND ( 'NONE', #2936, .T. ) ;
#3213 = ORIENTED_EDGE ( 'NONE', *, *, #2641, .F. ) ;
#3214 = CARTESIAN_POINT ( 'NONE',  ( 10.93480468470211697, 16.99999999999999645, -19.93001707460990346 ) ) ;
#3215 = CARTESIAN_POINT ( 'NONE',  ( 10.11610047069512142, 0.9999999999802350326, -5.989399045556862866 ) ) ;
#3216 = CARTESIAN_POINT ( 'NONE',  ( 10.02495778835974249, 13.24999999999998934, -19.98939904555686198 ) ) ;
#3217 = CIRCLE ( 'NONE', #1325, 1.650000000000002132 ) ;
#3218 = CARTESIAN_POINT ( 'NONE',  ( 69.00109208388526838, 5.000000000000000000, -5.094892971753669286 ) ) ;
#3219 = CARTESIAN_POINT ( 'NONE',  ( 15.60151041496702362, 13.24999999999999645, -4.400999433526281202 ) ) ;
#3220 = CARTESIAN_POINT ( 'NONE',  ( 16.88422367010053193, 5.749999999999986677, -4.740296893945774137 ) ) ;
#3221 = CARTESIAN_POINT ( 'NONE',  ( 14.68910391691180628, 17.86533652661546867, -17.81932982222606654 ) ) ;
#3222 = CARTESIAN_POINT ( 'NONE',  ( 72.44376756670058626, 1.509208556899850118, -0.5242086454714245392 ) ) ;
#3223 = CARTESIAN_POINT ( 'NONE',  ( 35.44490167694622329, 7.381507785658458332, -8.939485631008327715 ) ) ;
#3224 = CARTESIAN_POINT ( 'NONE',  ( 30.02495778835974249, 14.79999999999999893, -5.989399045556861090 ) ) ;
#3225 = CARTESIAN_POINT ( 'NONE',  ( 25.36157785093518413, 12.99999999999999822, -15.32064874558095191 ) ) ;
#3226 = CARTESIAN_POINT ( 'NONE',  ( 62.90581292749502751, 18.00000000000000000, -8.445883358937656737 ) ) ;
#3227 = ORIENTED_EDGE ( 'NONE', *, *, #2207, .F. ) ;
#3228 = CARTESIAN_POINT ( 'NONE',  ( 20.85511878078769143, 4.749999999999992006, -16.41409538422684022 ) ) ;
#3229 = CARTESIAN_POINT ( 'NONE',  ( 12.63880628850317223, 12.24999999999967670, -5.624695178747058932 ) ) ;
#3230 = ORIENTED_EDGE ( 'NONE', *, *, #3848, .F. ) ;
#3231 = CARTESIAN_POINT ( 'NONE',  ( 56.49702574923649223, 15.25523634562327757, -9.937525135192856851 ) ) ;
#3232 = CARTESIAN_POINT ( 'NONE',  ( 21.92835607557071853, 4.749999999999992006, -0.04823285311242701129 ) ) ;
#3233 = CARTESIAN_POINT ( 'NONE',  ( 18.60179351178077312, 1.000000000000001776, -2.303737433119727562 ) ) ;
#3234 = CARTESIAN_POINT ( 'NONE',  ( 31.72995778835974079, 2.600000000000000089, -3.036252418651918195 ) ) ;
#3235 = AXIS2_PLACEMENT_3D ( 'NONE', #2573, #1006, #2264 ) ;
#3236 = CARTESIAN_POINT ( 'NONE',  ( 24.83804701343825272, 12.24999999999999289, -14.45875902514366196 ) ) ;
#3237 = CARTESIAN_POINT ( 'NONE',  ( 10.02495778835974249, 13.24999999999998934, -12.98939904555686020 ) ) ;
#3238 = CARTESIAN_POINT ( 'NONE',  ( 23.81212788495425414, 15.49659038669135747, -15.54860767684676404 ) ) ;
#3239 = CIRCLE ( 'NONE', #59, 1.000000000000001554 ) ;
#3240 = DIRECTION ( 'NONE',  ( 1.000000000000000000, 0.000000000000000000, -0.000000000000000000 ) ) ;
#3241 = CARTESIAN_POINT ( 'NONE',  ( 36.25014781133389619, 11.65276197756930365, -10.00600101304826417 ) ) ;
#3242 = AXIS2_PLACEMENT_3D ( 'NONE', #1119, #816, #1772 ) ;
#3243 = CARTESIAN_POINT ( 'NONE',  ( 31.72995778835974789, 0.6269516868877273996, -8.942545672461799100 ) ) ;
#3244 = EDGE_CURVE ( 'NONE', #2123, #2270, #2047, .T. ) ;
#3245 = CARTESIAN_POINT ( 'NONE',  ( 28.02541494852556880, 18.00000000000000000, -7.984545821988206171 ) ) ;
#3246 = CARTESIAN_POINT ( 'NONE',  ( 68.61562402270936900, 17.99999999999999645, 0.8378907853673969175 ) ) ;
#3247 = COLOUR_RGB ( '',0.7921568627450980005, 0.8196078431372548767, 0.9333333333333333481 ) ;
#3248 = EDGE_LOOP ( 'NONE', ( #1465, #3362, #2395, #739 ) ) ;
#3249 = CARTESIAN_POINT ( 'NONE',  ( 73.32872387624408361, 14.14902224833391031, 1.000003369765737560 ) ) ;
#3250 = EDGE_CURVE ( 'NONE', #686, #3031, #122, .T. ) ;
#3251 = ADVANCED_FACE ( 'NONE', ( #1189 ), #3027, .F. ) ;
#3252 = CARTESIAN_POINT ( 'NONE',  ( 23.96347388889120467, 12.24999999999999289, -0.2550552269483795098 ) ) ;
#3253 = VERTEX_POINT ( 'NONE', #1806 ) ;
#3254 = CARTESIAN_POINT ( 'NONE',  ( 34.29301826492261540, 11.79177881667781058, -9.433021157675533175 ) ) ;
#3255 = CIRCLE ( 'NONE', #3507, 1.650000000000000355 ) ;
#3256 = ORIENTED_EDGE ( 'NONE', *, *, #3872, .T. ) ;
#3257 = DIRECTION ( 'NONE',  ( 1.000000000000000000, 0.000000000000000000, -0.000000000000000000 ) ) ;
#3258 = EDGE_CURVE ( 'NONE', #3628, #3428, #787, .T. ) ;
#3259 = CARTESIAN_POINT ( 'NONE',  ( 30.02495778835974249, 14.79999999999999893, -4.339399045556858958 ) ) ;
#3260 = EDGE_CURVE ( 'NONE', #3428, #569, #2315, .T. ) ;
#3261 = EDGE_CURVE ( 'NONE', #381, #3652, #3404, .T. ) ;
#3262 = CARTESIAN_POINT ( 'NONE',  ( 68.61562402272691941, 8.673617379884035472E-16, 0.8378907853838407638 ) ) ;
#3263 = DIRECTION ( 'NONE',  ( 1.017433123740057668E-15, 0.000000000000000000, -1.000000000000000000 ) ) ;
#3264 = CARTESIAN_POINT ( 'NONE',  ( 24.78737854294627851, 4.071137723980879919, -15.49787496716992052 ) ) ;
#3265 = ORIENTED_EDGE ( 'NONE', *, *, #2653, .F. ) ;
#3266 = CARTESIAN_POINT ( 'NONE',  ( 52.77623152582372512, 18.00000000000000000, -4.201319542888247938 ) ) ;
#3267 = FACE_OUTER_BOUND ( 'NONE', #350, .T. ) ;
#3268 = CARTESIAN_POINT ( 'NONE',  ( 43.94449696914362846, 18.00000000000000000, -8.532858907407270266 ) ) ;
#3269 = CARTESIAN_POINT ( 'NONE',  ( 12.36020836451721472, 13.24999999999999112, -18.51629733904446340 ) ) ;
#3270 = ORIENTED_EDGE ( 'NONE', *, *, #1244, .T. ) ;
#3271 = CARTESIAN_POINT ( 'NONE',  ( 71.73675072553082543, 17.71939168421245370, 1.000003369765773087 ) ) ;
#3272 = LINE ( 'NONE', #771, #451 ) ;
#3273 = ORIENTED_EDGE ( 'NONE', *, *, #3244, .F. ) ;
#3274 = CARTESIAN_POINT ( 'NONE',  ( 71.60887159564697413, 0.9620469136055724846, -0.4388097628942778661 ) ) ;
#3275 = ORIENTED_EDGE ( 'NONE', *, *, #3983, .T. ) ;
#3276 = CARTESIAN_POINT ( 'NONE',  ( 30.02495778835974249, 18.00000000000000000, -7.639399045556864110 ) ) ;
#3277 = CARTESIAN_POINT ( 'NONE',  ( 24.83804701343825272, 4.749999999999984901, -14.45875902514366196 ) ) ;
#3278 = CARTESIAN_POINT ( 'NONE',  ( 47.90670003667218424, 1.734723475976807094E-15, -3.540881229909223382 ) ) ;
#3279 = CARTESIAN_POINT ( 'NONE',  ( 64.48974714915047457, -3.252468845288060876E-12, -7.731901410777116013 ) ) ;
#3280 = CARTESIAN_POINT ( 'NONE',  ( 10.39360057153503369, 13.24999999999998934, -5.982622362893060597 ) ) ;
#3281 = DIRECTION ( 'NONE',  ( 1.320322887953414123E-16, -1.000000000000000000, -0.000000000000000000 ) ) ;
#3282 = VERTEX_POINT ( 'NONE', #3341 ) ;
#3283 = CARTESIAN_POINT ( 'NONE',  ( 12.74941679387679372, 12.24999999999999289, -19.43744705462573208 ) ) ;
#3284 = DIRECTION ( 'NONE',  ( -1.000000000000000000, -2.112516620725462547E-16, 0.000000000000000000 ) ) ;
#3285 = CARTESIAN_POINT ( 'NONE',  ( 52.20203055409785264, 12.99999999999999822, -9.192569996459244663 ) ) ;
#3286 = CARTESIAN_POINT ( 'NONE',  ( 56.55114765101796337, 13.00000000000000533, -10.46427374863811366 ) ) ;
#3287 = ORIENTED_EDGE ( 'NONE', *, *, #2864, .T. ) ;
#3288 = CARTESIAN_POINT ( 'NONE',  ( 71.10288039737096710, 17.28802675575182590, -0.3863874148083814575 ) ) ;
#3289 = CARTESIAN_POINT ( 'NONE',  ( 25.40237776540924486, 12.24999999999999289, 3.372170111017421964E-06 ) ) ;
#3290 = EDGE_CURVE ( 'NONE', #886, #1299, #225, .T. ) ;
#3291 = CARTESIAN_POINT ( 'NONE',  ( 10.02495778835974249, 5.749999999999990230, -12.98939904555686020 ) ) ;
#3292 = ORIENTED_EDGE ( 'NONE', *, *, #3320, .T. ) ;
#3293 = CARTESIAN_POINT ( 'NONE',  ( 28.31995778835972999, 2.600000000000000089, -8.942545672461802653 ) ) ;
#3294 = EDGE_CURVE ( 'NONE', #2874, #2374, #3830, .T. ) ;
#3295 = DIRECTION ( 'NONE',  ( -0.000000000000000000, -1.000000000000000000, -0.000000000000000000 ) ) ;
#3296 = ORIENTED_EDGE ( 'NONE', *, *, #3139, .T. ) ;
#3297 = CARTESIAN_POINT ( 'NONE',  ( 58.41456021978943625, 5.000000000001303846, -9.984924309338600423 ) ) ;
#3298 = FACE_OUTER_BOUND ( 'NONE', #2849, .T. ) ;
#3299 = CARTESIAN_POINT ( 'NONE',  ( 30.35969310866217796, 13.31249999995441158, -12.29861920061303060 ) ) ;
#3300 = ORIENTED_EDGE ( 'NONE', *, *, #3926, .T. ) ;
#3301 = CARTESIAN_POINT ( 'NONE',  ( 15.64565140597479598, 1.301042606982601574E-15, -5.523701946831516274 ) ) ;
#3302 = CARTESIAN_POINT ( 'NONE',  ( 11.72995778835974612, 2.600000000000000089, -10.03625241865192486 ) ) ;
#3303 = AXIS2_PLACEMENT_3D ( 'NONE', #3237, #2600, #1090 ) ;
#3304 = CARTESIAN_POINT ( 'NONE',  ( 43.63575305376348012, 18.00000000000000000, -3.540018512008832108 ) ) ;
#3305 = CARTESIAN_POINT ( 'NONE',  ( 56.40334477318435091, 12.99999999999999822, -10.49854698658884189 ) ) ;
#3306 = CIRCLE ( 'NONE', #927, 1.000000000000000000 ) ;
#3307 = VERTEX_POINT ( 'NONE', #3663 ) ;
#3308 = CARTESIAN_POINT ( 'NONE',  ( 70.12623806150875794, 16.65007513962272867, 1.000003369765737560 ) ) ;
#3309 = CARTESIAN_POINT ( 'NONE',  ( 21.86816262064525773, 16.50913268998903405, -15.91725760887838881 ) ) ;
#3310 = CARTESIAN_POINT ( 'NONE',  ( 73.49660068239919042, 2.620632289647411017, -0.6298780317514975913 ) ) ;
#3311 = AXIS2_PLACEMENT_3D ( 'NONE', #1342, #708, #291 ) ;
#3312 = CARTESIAN_POINT ( 'NONE',  ( 20.99683708718560027, 1.000000000000001332, -0.6164145124584748947 ) ) ;
#3313 = ORIENTED_EDGE ( 'NONE', *, *, #2254, .F. ) ;
#3314 = CARTESIAN_POINT ( 'NONE',  ( 33.14347884508078579, 0.03110174338726867313, -6.494255384652515950 ) ) ;
#3315 =( BOUNDED_SURFACE ( )  B_SPLINE_SURFACE ( 3, 2, ( 
 ( #3593, #2349, #2957 ),
 ( #770, #2309, #2330 ),
 ( #2937, #3328, #2035 ),
 ( #90, #1081, #756 ),
 ( #3308, #144, #2995 ),
 ( #2628, #3608, #3288 ),
 ( #456, #3271, #1423 ),
 ( #1387, #398, #105 ),
 ( #1686, #792, #712 ),
 ( #3550, #2683, #3919 ),
 ( #1745, #1135, #1978 ),
 ( #3883, #1999, #1055 ),
 ( #477, #436, #3937 ),
 ( #1114, #3957, #2364 ),
 ( #3629, #2705, #1704 ),
 ( #3576, #2059, #161 ),
 ( #3249, #736, #3013 ),
 ( #1440, #2975, #1669 ),
 ( #2648, #3905, #126 ),
 ( #1409, #2667, #1195 ),
 ( #3078, #517, #1522 ),
 ( #3032, #497, #2806 ) ),
 .UNSPECIFIED., .F., .F., .T. ) 
 B_SPLINE_SURFACE_WITH_KNOTS ( ( 4, 2, 2, 2, 2, 2, 2, 2, 2, 2, 4 ),
 ( 3, 3 ),
 ( 0.000000000000000000, 0.001981049321306186869, 0.002971573981959280304, 0.003962098642612373739, 0.004457360972938920890, 0.004952623303265467174, 0.005943147963918560608, 0.006438410294245107759, 0.006933672624571654043, 0.007428934954898200327, 0.007924197285224747478 ),
 ( 0.000000000000000000, 1.000000000000000000 ),
 .UNSPECIFIED. ) 
 GEOMETRIC_REPRESENTATION_ITEM ( )  RATIONAL_B_SPLINE_SURFACE ( (
 ( 1.000000000000000000, 0.7071067811865483499, 1.000000000000000000),
 ( 1.000000000000000000, 0.6785532563056366762, 1.000000000000000000),
 ( 1.000000000000000000, 0.6489050622214440622, 1.000000000000000000),
 ( 1.000000000000000000, 0.6024089932772429545, 1.000000000000000000),
 ( 1.000000000000000000, 0.5865713517536653709, 1.000000000000000000),
 ( 1.000000000000000000, 0.5541368133428553611, 1.000000000000000000),
 ( 1.000000000000000000, 0.5375762909499447462, 1.000000000000000000),
 ( 1.000000000000000000, 0.5130781420179996166, 1.000000000000000000),
 ( 1.000000000000000000, 0.5049386103791871916, 1.000000000000000000),
 ( 1.000000000000000000, 0.4887656945959231725, 1.000000000000000000),
 ( 1.000000000000000000, 0.4806931916723055642, 1.000000000000000000),
 ( 1.000000000000000000, 0.4570562580168977540, 1.000000000000000000),
 ( 1.000000000000000000, 0.4421642378643573790, 1.000000000000000000),
 ( 1.000000000000000000, 0.4221840891429772813, 1.000000000000000000),
 ( 1.000000000000000000, 0.4159088928965007370, 1.000000000000000000),
 ( 1.000000000000000000, 0.4048245391894109146, 1.000000000000000000),
 ( 1.000000000000000000, 0.3999634866949055567, 1.000000000000000000),
 ( 1.000000000000000000, 0.3918942083905370133, 1.000000000000000000),
 ( 1.000000000000000000, 0.3886798756346686590, 1.000000000000000000),
 ( 1.000000000000000000, 0.3843927511536388009, 1.000000000000000000),
 ( 1.000000000000000000, 0.3832860635410006434, 1.000000000000000000),
 ( 1.000000000000000000, 0.3832856333277707694, 1.000000000000000000) ) ) 
 REPRESENTATION_ITEM ( '' )  SURFACE ( )  );
#3316 = CARTESIAN_POINT ( 'NONE',  ( 27.30071051737639110, 5.749999999999992895, -12.84290912630842918 ) ) ;
#3317 = CYLINDRICAL_SURFACE ( 'NONE', #3367, 1.650000000000002132 ) ;
#3318 = AXIS2_PLACEMENT_3D ( 'NONE', #1870, #1925, #327 ) ;
#3319 = CARTESIAN_POINT ( 'NONE',  ( 57.38052873036659207, -8.051719838925411782E-14, -10.26195139921606980 ) ) ;
#3320 = EDGE_CURVE ( 'NONE', #132, #2795, #2721, .T. ) ;
#3321 = CARTESIAN_POINT ( 'NONE',  ( 26.61495778835973169, 2.600000000000000089, -5.989399045556861090 ) ) ;
#3322 = CARTESIAN_POINT ( 'NONE',  ( 24.30607056959691548, 3.520833718599169604, -15.61330006472416088 ) ) ;
#3323 = CARTESIAN_POINT ( 'NONE',  ( 34.86784600660598699, 17.99999999999999289, -5.148719668178899589 ) ) ;
#3324 = CARTESIAN_POINT ( 'NONE',  ( 32.62153440617748146, 12.24999999999999289, -10.26777546232806593 ) ) ;
#3325 = CARTESIAN_POINT ( 'NONE',  ( 57.23427786780587212, 18.00000000000000000, -5.447494132813258005 ) ) ;
#3326 = DIRECTION ( 'NONE',  ( 0.000000000000000000, -1.000000000000000000, 0.000000000000000000 ) ) ;
#3327 = VERTEX_POINT ( 'NONE', #2801 ) ;
#3328 = CARTESIAN_POINT ( 'NONE',  ( 69.01447336506188890, 18.10179086436799167, 1.000003369765669614 ) ) ;
#3329 = CARTESIAN_POINT ( 'NONE',  ( 24.83804701343825272, 13.24999999999999112, -14.45875902514366729 ) ) ;
#3330 = CARTESIAN_POINT ( 'NONE',  ( 57.67738756962531710, 1.218752542932547250E-31, -5.002963787397390227 ) ) ;
#3331 = B_SPLINE_CURVE_WITH_KNOTS ( 'NONE', 3,
 ( #437, #2684, #498, #2350, #2365, #1388, #1441, #3347, #1727, #3885, #1687, #2706, #3309, #3630, #3609, #793, #1056, #162, #2060, #1705 ),
 .UNSPECIFIED., .F., .F.,
 ( 4, 2, 2, 2, 2, 2, 2, 2, 2, 4 ),
 ( 0.0003134544523872684991, 0.0007902241575121059670, 0.001266993862636943543, 0.002220533272886618479, 0.003174072683136294065, 0.004127612093385965748, 0.006034690913885310849, 0.007941769734384653348, 0.01175592737538334182, 0.01557008501638202855 ),
 .UNSPECIFIED. ) ;
#3332 = CARTESIAN_POINT ( 'NONE',  ( 16.81503287154038517, 1.000000000000001554, -3.582722505276459302 ) ) ;
#3333 = ORIENTED_EDGE ( 'NONE', *, *, #2392, .F. ) ;
#3334 = DIRECTION ( 'NONE',  ( 0.000000000000000000, 0.000000000000000000, -1.000000000000000000 ) ) ;
#3335 = CARTESIAN_POINT ( 'NONE',  ( 70.75834356175211326, 16.43042140492061165, 1.000003369765737782 ) ) ;
#3336 = CARTESIAN_POINT ( 'NONE',  ( 67.50608998601347821, 8.673617379884035472E-16, 3.369772912098500939E-06 ) ) ;
#3337 = CARTESIAN_POINT ( 'NONE',  ( 55.25317364077356075, 1.734723475976807094E-15, -5.632577730899694046 ) ) ;
#3338 = CARTESIAN_POINT ( 'NONE',  ( 12.18594700273686904, 0.1128413331403759073, -19.67755961225551786 ) ) ;
#3339 = CARTESIAN_POINT ( 'NONE',  ( 73.13721859611870002, 15.84650478072706292, -0.5940994206353785723 ) ) ;
#3340 = CARTESIAN_POINT ( 'NONE',  ( 20.45702310163479254, 1.301042606982606504E-15, -2.192719210341969482 ) ) ;
#3341 = CARTESIAN_POINT ( 'NONE',  ( 33.28481374179834518, 0.000000000000000000, -5.729341928458536515 ) ) ;
#3342 = B_SPLINE_CURVE_WITH_KNOTS ( 'NONE', 3,
 ( #1679, #2341, #467, #3602, #3264, #1400, #3322, #1073, #3913, #83, #138, #785, #427, #3853, #1359, #2281, #1046, #409, #1026, #1718, #764, #703, #63, #2966 ),
 .UNSPECIFIED., .F., .F.,
 ( 4, 2, 2, 2, 2, 2, 2, 2, 2, 2, 2, 4 ),
 ( 0.0002499084010133429410, 0.0006928715842733330172, 0.001135834767533322985, 0.002021761134053296632, 0.002907687500573271581, 0.003793613867093246095, 0.005565466600133195559, 0.007337319333173145455, 0.01088102479925305392, 0.01265287753229301336, 0.01353880389881299481, 0.01442473026533297453 ),
 .UNSPECIFIED. ) ;
#3343 = CARTESIAN_POINT ( 'NONE',  ( 58.25957930367243165, 18.00000000000000000, -5.819305953005269316 ) ) ;
#3344 = FACE_OUTER_BOUND ( 'NONE', #1281, .T. ) ;
#3345 = EDGE_LOOP ( 'NONE', ( #421, #2484, #1858, #411, #1412, #1541, #2908, #3979 ) ) ;
#3346 = CARTESIAN_POINT ( 'NONE',  ( 22.28601953293367899, 17.99999999999999645, -0.9929291866340159700 ) ) ;
#3347 = CARTESIAN_POINT ( 'NONE',  ( 24.26242310709175243, 15.15017670071220657, -15.47133309225575815 ) ) ;
#3348 = CARTESIAN_POINT ( 'NONE',  ( 32.62153440617748146, 5.749999999999993783, 3.369765730343310395E-06 ) ) ;
#3349 = CARTESIAN_POINT ( 'NONE',  ( 14.47955687543802661, 13.24999999999998579, -5.989399045556872636 ) ) ;
#3350 = ORIENTED_EDGE ( 'NONE', *, *, #3542, .F. ) ;
#3351 = CARTESIAN_POINT ( 'NONE',  ( 32.62153440617748146, 5.749999999999993783, -10.26777546232806593 ) ) ;
#3352 = ORIENTED_EDGE ( 'NONE', *, *, #1693, .F. ) ;
#3353 = CARTESIAN_POINT ( 'NONE',  ( 35.82814237931977885, 5.879862178733231026, -10.14200154890274952 ) ) ;
#3354 = CARTESIAN_POINT ( 'NONE',  ( 56.47191632242312664, -9.307341789893007548E-15, -10.48267805710074896 ) ) ;
#3355 = CARTESIAN_POINT ( 'NONE',  ( 12.91348861658415537, 6.505213034913026604E-15, -6.586748705993083597 ) ) ;
#3356 = CARTESIAN_POINT ( 'NONE',  ( 14.77830556549566410, 0.1395422773517584758, -17.78927067858641919 ) ) ;
#3357 = CARTESIAN_POINT ( 'NONE',  ( 56.75340358948359665, 5.000000000000000888, -10.59492087666664339 ) ) ;
#3358 = DIRECTION ( 'NONE',  ( -0.000000000000000000, -1.000000000000000000, -0.000000000000000000 ) ) ;
#3359 = DIRECTION ( 'NONE',  ( 0.000000000000000000, 1.000000000000000000, 0.000000000000000000 ) ) ;
#3360 = DIRECTION ( 'NONE',  ( 0.000000000000000000, 1.000000000000000000, 0.000000000000000000 ) ) ;
#3361 = VECTOR ( 'NONE', #3016, 1000.000000000000227 ) ;
#3362 = ORIENTED_EDGE ( 'NONE', *, *, #2337, .T. ) ;
#3363 = CARTESIAN_POINT ( 'NONE',  ( 56.47994515802948712, 3.356072432334475941, -10.20739546935151409 ) ) ;
#3364 = DIRECTION ( 'NONE',  ( 0.000000000000000000, 0.000000000000000000, 1.000000000000000000 ) ) ;
#3365 = CARTESIAN_POINT ( 'NONE',  ( 23.98994429052849853, 2.909854564684174694, -15.69093045382834184 ) ) ;
#3366 = DIRECTION ( 'NONE',  ( -1.000000000000000000, 0.000000000000000000, 0.000000000000000000 ) ) ;
#3367 = AXIS2_PLACEMENT_3D ( 'NONE', #1801, #3944, #2375 ) ;
#3368 = CARTESIAN_POINT ( 'NONE',  ( 21.05642266185355993, 18.00000000000000000, -1.778349532763769281 ) ) ;
#3369 = ADVANCED_FACE ( 'NONE', ( #2781 ), #1494, .F. ) ;
#3370 = ORIENTED_EDGE ( 'NONE', *, *, #861, .T. ) ;
#3371 = CARTESIAN_POINT ( 'NONE',  ( 19.57723929382048311, 1.000000000000000888, -1.594471533267047381 ) ) ;
#3372 = B_SPLINE_CURVE_WITH_KNOTS ( 'NONE', 3,
 ( #3184, #3526, #1259, #3243 ),
 .UNSPECIFIED., .F., .F.,
 ( 4, 4 ),
 ( 0.000000000000000000, 0.003451060274964878275 ),
 .UNSPECIFIED. ) ;
#3373 = FACE_OUTER_BOUND ( 'NONE', #248, .T. ) ;
#3374 = VECTOR ( 'NONE', #798, 1000.000000000000000 ) ;
#3375 = CARTESIAN_POINT ( 'NONE',  ( 73.48782301644361326, 13.66898532503955899, 1.000003369765737116 ) ) ;
#3376 = AXIS2_PLACEMENT_3D ( 'NONE', #1556, #4022, #1211 ) ;
#3377 = DIRECTION ( 'NONE',  ( 0.000000000000000000, 1.000000000000000000, -0.000000000000000000 ) ) ;
#3378 = ORIENTED_EDGE ( 'NONE', *, *, #3290, .F. ) ;
#3379 = CARTESIAN_POINT ( 'NONE',  ( 32.62153440617748146, 12.24999999999999467, 3.369765730343310395E-06 ) ) ;
#3380 = DIRECTION ( 'NONE',  ( -1.320322887953414123E-16, 1.000000000000000000, 0.000000000000000000 ) ) ;
#3381 = CARTESIAN_POINT ( 'NONE',  ( 10.02495778835974249, 18.00000000000000000, -19.98939904555686198 ) ) ;
#3382 = CARTESIAN_POINT ( 'NONE',  ( 17.15490463557789269, 0.3870018819932158904, -17.07168730959335079 ) ) ;
#3383 = EDGE_CURVE ( 'NONE', #677, #2698, #3103, .T. ) ;
#3384 = EDGE_CURVE ( 'NONE', #1580, #2612, #3734, .T. ) ;
#3385 = CIRCLE ( 'NONE', #1007, 6.000000000000000000 ) ;
#3386 = CARTESIAN_POINT ( 'NONE',  ( 30.22503296660453387, 17.66251033306019025, -8.939399045556870149 ) ) ;
#3387 = CARTESIAN_POINT ( 'NONE',  ( 10.93480468470209921, 1.000000000000000888, -19.93001707460990701 ) ) ;
#3388 = CARTESIAN_POINT ( 'NONE',  ( 56.40912721004989550, 12.99999999999999822, -10.46528071489602141 ) ) ;
#3389 = DIRECTION ( 'NONE',  ( 0.000000000000000000, 0.000000000000000000, -1.000000000000000000 ) ) ;
#3390 = B_SPLINE_CURVE_WITH_KNOTS ( 'NONE', 3,
 ( #1344, #88, #2935, #336 ),
 .UNSPECIFIED., .F., .F.,
 ( 4, 4 ),
 ( 1.694065894508600678E-21, 0.0003004150159701972811 ),
 .UNSPECIFIED. ) ;
#3391 = ORIENTED_EDGE ( 'NONE', *, *, #3320, .F. ) ;
#3392 = CARTESIAN_POINT ( 'NONE',  ( 22.93233587489774195, 18.00000000000000000, -0.6513565433648922376 ) ) ;
#3393 = CARTESIAN_POINT ( 'NONE',  ( 8.319957788359744200, 0.000000000000000000, -10.03625241865192486 ) ) ;
#3394 = CARTESIAN_POINT ( 'NONE',  ( 18.09392132255223373, 16.99999999999999289, -2.672916650712151121 ) ) ;
#3395 = VERTEX_POINT ( 'NONE', #3387 ) ;
#3396 = CARTESIAN_POINT ( 'NONE',  ( 21.05956854863291738, 1.301042606982605321E-15, -1.776195911793960969 ) ) ;
#3397 = CARTESIAN_POINT ( 'NONE',  ( 19.26915716472129958, 12.24999999999999112, -3.050164114180933250 ) ) ;
#3398 = DIRECTION ( 'NONE',  ( -1.000000000000000000, -1.239088197126290817E-16, 0.000000000000000000 ) ) ;
#3399 = PLANE ( 'NONE',  #319 ) ;
#3400 = CARTESIAN_POINT ( 'NONE',  ( 25.38556614574323689, 13.31250000000188827, -15.29321486565276800 ) ) ;
#3401 = CARTESIAN_POINT ( 'NONE',  ( 29.06599931938692905, 17.86354735697228691, -8.785967804716246832 ) ) ;
#3402 = CARTESIAN_POINT ( 'NONE',  ( 25.77135769114199704, 1.000000000000001332, 3.369765737499044733E-06 ) ) ;
#3403 = DIRECTION ( 'NONE',  ( 0.3510267680466720441, 0.000000000000000000, -0.9363654244549548533 ) ) ;
#3404 = LINE ( 'NONE', #2160, #2850 ) ;
#3405 = CARTESIAN_POINT ( 'NONE',  ( 56.62462397435224659, 12.99999999999999822, -10.54641035029179541 ) ) ;
#3406 = CARTESIAN_POINT ( 'NONE',  ( 33.00752853184702218, 4.687499999999992895, -11.18815705979110398 ) ) ;
#3407 = VERTEX_POINT ( 'NONE', #3074 ) ;
#3408 = CARTESIAN_POINT ( 'NONE',  ( 56.69331248790584254, 0.007792890013318365741, -5.605122667553234628 ) ) ;
#3409 = CARTESIAN_POINT ( 'NONE',  ( 10.02495778835974249, 14.79999999999999893, -12.98939904555686020 ) ) ;
#3410 = CARTESIAN_POINT ( 'NONE',  ( 34.40870183585955999, 12.99999999999999822, -10.64217976089403628 ) ) ;
#3411 = CARTESIAN_POINT ( 'NONE',  ( 27.91658477181745113, 18.00000000000000000, -8.052712696729747321 ) ) ;
#3412 = CARTESIAN_POINT ( 'NONE',  ( 12.55791210830364868, 18.00000000000000000, -6.681998528483000577 ) ) ;
#3413 = VERTEX_POINT ( 'NONE', #2757 ) ;
#3414 = CARTESIAN_POINT ( 'NONE',  ( 23.96347388889120467, 1.301042606982605321E-15, -0.2550552269483795098 ) ) ;
#3415 = DIRECTION ( 'NONE',  ( -0.5000000000000000000, 0.000000000000000000, -0.8660254037844385966 ) ) ;
#3416 = ORIENTED_EDGE ( 'NONE', *, *, #3928, .F. ) ;
#3417 = CARTESIAN_POINT ( 'NONE',  ( 12.16682998394083981, 1.019355610659465450, -19.68360432246757696 ) ) ;
#3418 = CARTESIAN_POINT ( 'NONE',  ( 10.02495778835974249, 5.749999999999991118, -14.63939904555686056 ) ) ;
#3419 = EDGE_CURVE ( 'NONE', #3282, #3667, #2738, .T. ) ;
#3420 = CARTESIAN_POINT ( 'NONE',  ( 43.88114749689224681, 5.000000000000000888, -8.536728086712354724 ) ) ;
#3421 = LINE ( 'NONE', #575, #1318 ) ;
#3422 = ADVANCED_FACE ( 'NONE', ( #3119 ), #267, .T. ) ;
#3423 = ADVANCED_FACE ( 'NONE', ( #2515 ), #917, .T. ) ;
#3424 = DIRECTION ( 'NONE',  ( 0.8875511825918332987, 0.3186620856504894239, 0.3327271756991282969 ) ) ;
#3425 = CARTESIAN_POINT ( 'NONE',  ( 23.26874136505492174, 5.749999999999992006, -0.4971944640228395107 ) ) ;
#3426 = FACE_OUTER_BOUND ( 'NONE', #3099, .T. ) ;
#3427 = DIRECTION ( 'NONE',  ( -2.112516620725462547E-16, 1.000000000000000000, 0.000000000000000000 ) ) ;
#3428 = VERTEX_POINT ( 'NONE', #303 ) ;
#3429 = ORIENTED_EDGE ( 'NONE', *, *, #2071, .T. ) ;
#3430 = CARTESIAN_POINT ( 'NONE',  ( 13.43495778835974441, 0.000000000000000000, -12.98939904555685310 ) ) ;
#3431 = CARTESIAN_POINT ( 'NONE',  ( 23.28697437873213616, 2.168887086725542090, -15.64291378043809821 ) ) ;
#3432 = CARTESIAN_POINT ( 'NONE',  ( 24.30282404789428341, 14.48212036879448306, -15.61408808457241726 ) ) ;
#3433 = CARTESIAN_POINT ( 'NONE',  ( 23.67672717517926273, 17.99999999999935696, 0.7125655596078239729 ) ) ;
#3434 = ORIENTED_EDGE ( 'NONE', *, *, #3140, .F. ) ;
#3435 = CARTESIAN_POINT ( 'NONE',  ( 24.92746556777792932, 1.301042606982605518E-15, 0.9665895729948668080 ) ) ;
#3436 = CARTESIAN_POINT ( 'NONE',  ( 8.319957788359740647, 2.600000000000000089, -15.94254567246179732 ) ) ;
#3437 = CIRCLE ( 'NONE', #1982, 1.650000000000000355 ) ;
#3438 = VECTOR ( 'NONE', #4010, 1000.000000000000000 ) ;
#3439 = DIRECTION ( 'NONE',  ( -1.000000000000000000, 0.000000000000000000, -0.000000000000000000 ) ) ;
#3440 = CARTESIAN_POINT ( 'NONE',  ( 28.51793764959990796, 5.000000000000000888, -13.38748707959517326 ) ) ;
#3441 = CARTESIAN_POINT ( 'NONE',  ( 24.01689403772889975, 2.653544770015457743, -15.51305585244316632 ) ) ;
#3442 = CARTESIAN_POINT ( 'NONE',  ( 30.42258094937623980, 17.63626167964518743, -8.919274175471793242 ) ) ;
#3443 = CARTESIAN_POINT ( 'NONE',  ( 70.77387781548613077, 1.575922764313888225, 1.000003369765737560 ) ) ;
#3444 = CARTESIAN_POINT ( 'NONE',  ( 24.92480774622338657, 5.749999999999987566, 0.9662419774265779138 ) ) ;
#3445 = CARTESIAN_POINT ( 'NONE',  ( 10.02495778835974249, 13.24999999999998934, -12.98939904555686020 ) ) ;
#3446 = ORIENTED_EDGE ( 'NONE', *, *, #177, .T. ) ;
#3447 = ORIENTED_EDGE ( 'NONE', *, *, #3499, .F. ) ;
#3448 = CARTESIAN_POINT ( 'NONE',  ( 72.12304119793436996, 1.277636946396370154, -0.4915802132816067260 ) ) ;
#3449 = CARTESIAN_POINT ( 'NONE',  ( 20.40847235428007522, 1.823806560110913910, -16.67252882571626671 ) ) ;
#3450 = CARTESIAN_POINT ( 'NONE',  ( 25.01352710278954561, 13.54499091193623350, -15.44466438872112768 ) ) ;
#3451 = CARTESIAN_POINT ( 'NONE',  ( 12.90965604047579340, 18.00000000000000000, -6.587762643305503651 ) ) ;
#3452 = EDGE_LOOP ( 'NONE', ( #3025, #3446, #717, #1171, #3378 ) ) ;
#3453 = CARTESIAN_POINT ( 'NONE',  ( 10.02495778835974249, 13.24999999999999112, -6.989399045556861090 ) ) ;
#3454 = CARTESIAN_POINT ( 'NONE',  ( 21.05470809218046213, 12.24999999999998579, -1.768263921065340138 ) ) ;
#3455 = CIRCLE ( 'NONE', #3061, 2.950000000000001066 ) ;
#3456 = DIRECTION ( 'NONE',  ( 0.000000000000000000, 0.000000000000000000, 1.000000000000000000 ) ) ;
#3457 = CARTESIAN_POINT ( 'NONE',  ( 42.02030976098152593, 5.000000000000000888, -8.724577681830918863 ) ) ;
#3458 = CARTESIAN_POINT ( 'NONE',  ( 24.98729189411842100, 3.668125047677660344, -15.35353901739424920 ) ) ;
#3459 = CARTESIAN_POINT ( 'NONE',  ( 56.44911025944205818, 1.657878817730613238E-14, -10.48029536239084436 ) ) ;
#3460 = CARTESIAN_POINT ( 'NONE',  ( 74.27046865597802139, 4.999999999999995559, -0.7061808768044174345 ) ) ;
#3461 = CARTESIAN_POINT ( 'NONE',  ( 20.80500494743143136, 4.749999999999988454, -0.7412927794730909126 ) ) ;
#3462 = DIRECTION ( 'NONE',  ( 0.000000000000000000, 1.000000000000000000, 0.000000000000000000 ) ) ;
#3463 = ORIENTED_EDGE ( 'NONE', *, *, #2085, .F. ) ;
#3464 = CARTESIAN_POINT ( 'NONE',  ( 30.02495778835974249, 5.749999999999992895, -7.639399045556864110 ) ) ;
#3465 = CARTESIAN_POINT ( 'NONE',  ( 35.66335541827924516, 10.15676089673460147, -8.853942106385108701 ) ) ;
#3466 = DIRECTION ( 'NONE',  ( 0.000000000000000000, 0.000000000000000000, -1.000000000000000000 ) ) ;
#3467 =( BOUNDED_SURFACE ( )  B_SPLINE_SURFACE ( 3, 2, ( 
 ( #1799, #1203, #839 ),
 ( #3316, #3679, #2420 ),
 ( #3965, #1733, #2108 ),
 ( #3351, #2398, #1751 ) ),
 .UNSPECIFIED., .F., .F., .F. ) 
 B_SPLINE_SURFACE_WITH_KNOTS ( ( 4, 4 ),
 ( 3, 3 ),
 ( 0.03569336647282321529, 0.04454067021243668378 ),
 ( 0.000000000000000000, 1.000000000000000000 ),
 .UNSPECIFIED. ) 
 GEOMETRIC_REPRESENTATION_ITEM ( )  RATIONAL_B_SPLINE_SURFACE ( (
 ( 1.000000000000000000, 0.6846531968814575375, 1.000000000000000000),
 ( 1.000000000000000000, 0.6846531968814575375, 1.000000000000000000),
 ( 1.000000000000000000, 0.6846531968814569824, 1.000000000000000000),
 ( 1.000000000000000000, 0.6846531968814569824, 1.000000000000000000) ) ) 
 REPRESENTATION_ITEM ( '' )  SURFACE ( )  );
#3468 = CARTESIAN_POINT ( 'NONE',  ( 25.51875432618598083, 12.99999999999976197, -15.21772317278656317 ) ) ;
#3469 = ORIENTED_EDGE ( 'NONE', *, *, #166, .F. ) ;
#3470 = CARTESIAN_POINT ( 'NONE',  ( 12.74941679387679372, 4.749999999999990230, -19.43744705462573208 ) ) ;
#3471 = CARTESIAN_POINT ( 'NONE',  ( 15.15659331561287004, 12.24999999999491784, -4.644593370107788388 ) ) ;
#3472 = DIRECTION ( 'NONE',  ( 0.000000000000000000, 0.000000000000000000, -1.000000000000000000 ) ) ;
#3473 = CARTESIAN_POINT ( 'NONE',  ( 22.76134538855615119, 1.040834085586084257E-14, -11.04668009494690395 ) ) ;
#3474 = CARTESIAN_POINT ( 'NONE',  ( 54.80029483207779606, 8.425943506694153354E-31, -4.643680468440610554 ) ) ;
#3475 = CARTESIAN_POINT ( 'NONE',  ( 63.00136220758052730, 5.000000000000000888, -8.404490365281199971 ) ) ;
#3476 = CARTESIAN_POINT ( 'NONE',  ( 12.31543181217457672, 4.749999999999359623, -5.711248054529202811 ) ) ;
#3477 = CARTESIAN_POINT ( 'NONE',  ( 25.16337464539717672, 13.61089876287838862, -15.40955918662184132 ) ) ;
#3478 = ORIENTED_EDGE ( 'NONE', *, *, #1768, .F. ) ;
#3479 = CARTESIAN_POINT ( 'NONE',  ( 6.614957788359743240, 2.600000000000000089, -12.98939904555686020 ) ) ;
#3480 = PLANE ( 'NONE',  #3030 ) ;
#3481 = LINE ( 'NONE', #3506, #3112 ) ;
#3482 = CARTESIAN_POINT ( 'NONE',  ( 22.64451898918008865, 18.00000000000000000, -11.12318912316091257 ) ) ;
#3483 = CARTESIAN_POINT ( 'NONE',  ( 30.02495778835974249, 5.749999999999992895, -4.339399045556858958 ) ) ;
#3484 = ADVANCED_BREP_SHAPE_REPRESENTATION ( 'Gripper Left B', ( #3128, #3775 ), #2720 ) ;
#3485 = ORIENTED_EDGE ( 'NONE', *, *, #3926, .F. ) ;
#3486 = CARTESIAN_POINT ( 'NONE',  ( 24.83804701343834154, 5.749999999999992006, -14.45875902514364242 ) ) ;
#3487 = CARTESIAN_POINT ( 'NONE',  ( 16.87863763620555702, 12.24999999999999112, -4.744091054768743376 ) ) ;
#3488 = CARTESIAN_POINT ( 'NONE',  ( 56.47994515802947291, 14.64392756766553561, -10.20739546935151232 ) ) ;
#3489 = EDGE_CURVE ( 'NONE', #2959, #2041, #639, .T. ) ;
#3490 = ORIENTED_EDGE ( 'NONE', *, *, #44, .T. ) ;
#3491 = CARTESIAN_POINT ( 'NONE',  ( 24.85573544996193007, 4.749999999999992895, 0.9478844928470332443 ) ) ;
#3492 = AXIS2_PLACEMENT_3D ( 'NONE', #3871, #3599, #110 ) ;
#3493 = CARTESIAN_POINT ( 'NONE',  ( 25.00418972334427536, 2.370504924412473626E-13, -15.55642043912574835 ) ) ;
#3494 = CARTESIAN_POINT ( 'NONE',  ( 37.04680917874155455, 8.673617379884033500E-16, -4.532205314902175708 ) ) ;
#3495 = CIRCLE ( 'NONE', #1852, 1.000000000000000000 ) ;
#3496 = CARTESIAN_POINT ( 'NONE',  ( 72.80611236219971261, 3.001621096621011286, 1.000003369765738004 ) ) ;
#3497 = AXIS2_PLACEMENT_3D ( 'NONE', #818, #3377, #1820 ) ;
#3498 = AXIS2_PLACEMENT_3D ( 'NONE', #3329, #3577, #2958 ) ;
#3499 = EDGE_CURVE ( 'NONE', #1607, #17, #573, .T. ) ;
#3500 = CARTESIAN_POINT ( 'NONE',  ( 24.08889741048707478, 4.749999999999988454, 0.8226981737952004936 ) ) ;
#3501 = CARTESIAN_POINT ( 'NONE',  ( 20.46132081969084027, 16.96881037436808271, -16.22329936635189540 ) ) ;
#3502 = EDGE_CURVE ( 'NONE', #611, #836, #4035, .T. ) ;
#3503 = ORIENTED_EDGE ( 'NONE', *, *, #3552, .F. ) ;
#3504 = CARTESIAN_POINT ( 'NONE',  ( 73.28541580315810222, 2.342353782440398380, -0.6088509861405316803 ) ) ;
#3505 = CARTESIAN_POINT ( 'NONE',  ( 34.02178137149724790, 11.95038709919351305, -9.557754024580297880 ) ) ;
#3506 = CARTESIAN_POINT ( 'NONE',  ( 10.02495778835974249, 18.00000000000000000, -14.63939904555686056 ) ) ;
#3507 = AXIS2_PLACEMENT_3D ( 'NONE', #2167, #2459, #292 ) ;
#3508 = CARTESIAN_POINT ( 'NONE',  ( 22.27433007375665852, 18.00000000000000000, -11.36729864585358030 ) ) ;
#3509 = CARTESIAN_POINT ( 'NONE',  ( 74.35718760698767937, 12.99999999999999822, -0.6189526515580621169 ) ) ;
#3510 = VERTEX_POINT ( 'NONE', #3177 ) ;
#3511 = VECTOR ( 'NONE', #1310, 1000.000000000000000 ) ;
#3512 = CARTESIAN_POINT ( 'NONE',  ( 19.26915716371110321, 12.24999999999999112, -3.050164112747765000 ) ) ;
#3513 = ORIENTED_EDGE ( 'NONE', *, *, #1655, .T. ) ;
#3514 = DIRECTION ( 'NONE',  ( -0.000000000000000000, -1.000000000000000000, 0.000000000000000000 ) ) ;
#3515 = ORIENTED_EDGE ( 'NONE', *, *, #2031, .T. ) ;
#3516 = CARTESIAN_POINT ( 'NONE',  ( 11.85402794455833053, 4.749999999999989342, -5.815869364634572491 ) ) ;
#3517 = CARTESIAN_POINT ( 'NONE',  ( 13.94321584907801714, 1.000000000000001332, -5.161002671697014321 ) ) ;
#3518 = CARTESIAN_POINT ( 'NONE',  ( 20.11554230469409177, 0.9411659085995003338, -16.30325540628739844 ) ) ;
#3519 = DIRECTION ( 'NONE',  ( -0.3892084293595792777, 0.000000000000000000, 0.9211497155812672366 ) ) ;
#3520 = CARTESIAN_POINT ( 'NONE',  ( 32.62153440617748146, 12.24999999999999467, -10.26777546232808547 ) ) ;
#3521 = CARTESIAN_POINT ( 'NONE',  ( 23.27043543767342726, 5.749999999999992006, -0.5048125003174566139 ) ) ;
#3522 = CARTESIAN_POINT ( 'NONE',  ( 24.95133583811880840, 14.05998506793677727, -15.45899155674039172 ) ) ;
#3523 = EDGE_LOOP ( 'NONE', ( #1277, #30, #2231, #3864 ) ) ;
#3524 = CARTESIAN_POINT ( 'NONE',  ( 73.50271188679685963, 4.333385124769269403, 1.000003369765737560 ) ) ;
#3525 = CARTESIAN_POINT ( 'NONE',  ( 35.05953763906749998, 11.15552301655747769, -9.096590722584776856 ) ) ;
#3526 = CARTESIAN_POINT ( 'NONE',  ( 29.46801602279164811, 0.1999183169348757172, -8.942545672461800876 ) ) ;
#3527 = CARTESIAN_POINT ( 'NONE',  ( 22.61601002215054734, 18.00000000000000000, -11.14190910092129627 ) ) ;
#3528 = CARTESIAN_POINT ( 'NONE',  ( 64.48974714914594131, 18.00000000000260059, -7.731901410780221084 ) ) ;
#3529 = ORIENTED_EDGE ( 'NONE', *, *, #3715, .T. ) ;
#3530 = CARTESIAN_POINT ( 'NONE',  ( 16.39428856916193311, 5.749999999999991118, -16.81179915176881678 ) ) ;
#3531 = CARTESIAN_POINT ( 'NONE',  ( 18.67893694929080084, 12.24999999999999112, -2.242898885929723196 ) ) ;
#3532 = VERTEX_POINT ( 'NONE', #366 ) ;
#3533 = CARTESIAN_POINT ( 'NONE',  ( 56.46170738294490121, 13.33758895566890956, -10.48504062499555189 ) ) ;
#3534 = ORIENTED_EDGE ( 'NONE', *, *, #2207, .T. ) ;
#3535 = CARTESIAN_POINT ( 'NONE',  ( 11.49452638105205970, 4.749999999999990230, -5.880500895766517466 ) ) ;
#3536 = CARTESIAN_POINT ( 'NONE',  ( 23.77541428714460636, 13.24999999999998579, 1.000003369765740002 ) ) ;
#3537 = EDGE_CURVE ( 'NONE', #759, #1439, #1722, .T. ) ;
#3538 = CARTESIAN_POINT ( 'NONE',  ( 64.48974714907311068, 4.999999999997397637, -7.731901410633565952 ) ) ;
#3539 = CARTESIAN_POINT ( 'NONE',  ( 11.48585640105792827, 13.24999999999999112, -5.881801939228481046 ) ) ;
#3540 = DIRECTION ( 'NONE',  ( -0.000000000000000000, -1.000000000000000000, -0.000000000000000000 ) ) ;
#3541 = CARTESIAN_POINT ( 'NONE',  ( 22.17449164679951323, 16.39125622781603298, -15.85512604085807098 ) ) ;
#3542 = EDGE_CURVE ( 'NONE', #1151, #3253, #1711, .T. ) ;
#3543 = EDGE_CURVE ( 'NONE', #695, #3066, #3197, .T. ) ;
#3544 = ORIENTED_EDGE ( 'NONE', *, *, #2376, .F. ) ;
#3545 = CARTESIAN_POINT ( 'NONE',  ( 34.82686000133450932, 11.39304790128333345, -9.195436134922465143 ) ) ;
#3546 = FACE_OUTER_BOUND ( 'NONE', #2163, .T. ) ;
#3547 = CARTESIAN_POINT ( 'NONE',  ( 57.49163860087805489, 18.00000000000000000, -5.537464442748687432 ) ) ;
#3548 = DIRECTION ( 'NONE',  ( 0.4999999999999995559, 0.000000000000000000, 0.8660254037844389297 ) ) ;
#3549 = VERTEX_POINT ( 'NONE', #1886 ) ;
#3550 = CARTESIAN_POINT ( 'NONE',  ( 71.93537559718350849, 15.79301103037105491, 1.000003369765737560 ) ) ;
#3551 = CARTESIAN_POINT ( 'NONE',  ( 22.87906562268511124, 12.24999999999777245, 0.4252188417705146106 ) ) ;
#3552 = EDGE_CURVE ( 'NONE', #2612, #3510, #2258, .T. ) ;
#3553 = ORIENTED_EDGE ( 'NONE', *, *, #655, .T. ) ;
#3554 = DIRECTION ( 'NONE',  ( 0.000000000000000000, 0.000000000000000000, -1.000000000000000000 ) ) ;
#3555 = EDGE_CURVE ( 'NONE', #3660, #810, #3710, .T. ) ;
#3556 = ADVANCED_FACE ( 'NONE', ( #2903 ), #1586, .T. ) ;
#3557 = EDGE_LOOP ( 'NONE', ( #1703, #1685, #993, #2034 ) ) ;
#3558 = DIRECTION ( 'NONE',  ( 0.000000000000000000, 1.000000000000000000, 0.000000000000000000 ) ) ;
#3559 = CARTESIAN_POINT ( 'NONE',  ( 30.02495778835974249, 18.00000000000000000, -3.039399045556857804 ) ) ;
#3560 = CIRCLE ( 'NONE', #2039, 1.000000000000000000 ) ;
#3561 = CARTESIAN_POINT ( 'NONE',  ( 69.01918050907940483, 8.673617379884035472E-16, -5.083096904601361210 ) ) ;
#3562 = ADVANCED_FACE ( 'NONE', ( #682 ), #2606, .T. ) ;
#3563 = TOROIDAL_SURFACE ( 'NONE', #3826, 6.000000000000000000, 1.000000000000000000 ) ;
#3564 = CARTESIAN_POINT ( 'NONE',  ( 34.81175533038271652, 6.593236259836292135, -9.201955692589706359 ) ) ;
#3565 = LINE ( 'NONE', #2621, #777 ) ;
#3566 = CARTESIAN_POINT ( 'NONE',  ( 13.82879474817488941, 16.94048694818807377, -18.98138329954698023 ) ) ;
#3567 = VERTEX_POINT ( 'NONE', #506 ) ;
#3568 = CARTESIAN_POINT ( 'NONE',  ( 39.78480648137096409, 17.99999999999999289, -3.993770791475996340 ) ) ;
#3569 = CIRCLE ( 'NONE', #4034, 7.000000000000000000 ) ;
#3570 = CARTESIAN_POINT ( 'NONE',  ( 60.53005001060832768, 18.00000000000000000, -3.992489072684498375 ) ) ;
#3571 = AXIS2_PLACEMENT_3D ( 'NONE', #2057, #3326, #475 ) ;
#3572 = CARTESIAN_POINT ( 'NONE',  ( 41.15873865217731975, 12.99999999999999822, -8.845727999516359574 ) ) ;
#3573 = CARTESIAN_POINT ( 'NONE',  ( 32.99089962645525986, 5.749999999999993783, -10.06520583117672452 ) ) ;
#3574 = AXIS2_PLACEMENT_3D ( 'NONE', #1721, #2990, #2679 ) ;
#3575 = ORIENTED_EDGE ( 'NONE', *, *, #2471, .F. ) ;
#3576 = CARTESIAN_POINT ( 'NONE',  ( 73.25906649517881419, 14.30101028908091365, 1.000003369765737560 ) ) ;
#3577 = DIRECTION ( 'NONE',  ( 0.000000000000000000, 1.000000000000000000, 0.000000000000000000 ) ) ;
#3578 = CIRCLE ( 'NONE', #326, 7.000000000000000000 ) ;
#3579 = ORIENTED_EDGE ( 'NONE', *, *, #915, .T. ) ;
#3580 = DIRECTION ( 'NONE',  ( -0.000000000000000000, 1.000000000000000000, -0.000000000000000000 ) ) ;
#3581 = CARTESIAN_POINT ( 'NONE',  ( 11.57031528865777226, 17.94807467704148252, -19.84670786460236513 ) ) ;
#3582 = CARTESIAN_POINT ( 'NONE',  ( 10.02495778835973894, 16.99999999999999645, -6.989399045556861090 ) ) ;
#3583 = CARTESIAN_POINT ( 'NONE',  ( 62.90581292756863974, 5.000000000000000888, -8.445883359121966194 ) ) ;
#3584 = CARTESIAN_POINT ( 'NONE',  ( 10.94210123735930296, 13.24999999999998934, -5.946177945418940958 ) ) ;
#3585 = DIRECTION ( 'NONE',  ( -0.000000000000000000, -1.000000000000000000, 0.000000000000000000 ) ) ;
#3586 = ORIENTED_EDGE ( 'NONE', *, *, #3290, .T. ) ;
#3587 = EDGE_CURVE ( 'NONE', #1863, #1953, #4040, .T. ) ;
#3588 = CARTESIAN_POINT ( 'NONE',  ( 25.77135769114199704, 0.000000000000000000, 3.369765737499044733E-06 ) ) ;
#3589 = CARTESIAN_POINT ( 'NONE',  ( 10.02495778835974249, 18.00000000000000000, -12.98939904555686020 ) ) ;
#3590 = CARTESIAN_POINT ( 'NONE',  ( 47.62551017205198889, 12.99999999999999822, -8.492689096542944682 ) ) ;
#3591 = CARTESIAN_POINT ( 'NONE',  ( 59.65137883187428258, 12.99999999999739231, -9.619193956324641803 ) ) ;
#3592 = VERTEX_POINT ( 'NONE', #2156 ) ;
#3593 = CARTESIAN_POINT ( 'NONE',  ( 67.50608998600402799, 16.99999999999999645, 1.000003369765737560 ) ) ;
#3594 = CARTESIAN_POINT ( 'NONE',  ( 28.31995778835973354, 2.600000000000000089, -3.036252418651918195 ) ) ;
#3595 = EDGE_CURVE ( 'NONE', #1485, #2729, #3907, .T. ) ;
#3596 = CARTESIAN_POINT ( 'NONE',  ( 67.50608998601347821, 8.673617379884035472E-16, 3.369772912098500939E-06 ) ) ;
#3597 = ORIENTED_EDGE ( 'NONE', *, *, #1693, .T. ) ;
#3598 = CARTESIAN_POINT ( 'NONE',  ( 10.02495778835974249, 1.000000000000000888, -6.989399045556861090 ) ) ;
#3599 = DIRECTION ( 'NONE',  ( 0.000000000000000000, 1.000000000000000000, -0.000000000000000000 ) ) ;
#3600 = CARTESIAN_POINT ( 'NONE',  ( 71.82556010137203373, 5.000000000000000888, -3.003561888690188031 ) ) ;
#3601 = CARTESIAN_POINT ( 'NONE',  ( 25.03389975631052877, 13.24999999999999645, 1.000003369765738670 ) ) ;
#3602 = CARTESIAN_POINT ( 'NONE',  ( 24.86541109629313340, 4.195331191610919497, -15.47944800398469667 ) ) ;
#3603 = CARTESIAN_POINT ( 'NONE',  ( 32.97130622729912375, 18.00000000000000000, -5.842665012832947369 ) ) ;
#3604 = DIRECTION ( 'NONE',  ( 0.000000000000000000, 0.000000000000000000, 1.000000000000000000 ) ) ;
#3605 = CARTESIAN_POINT ( 'NONE',  ( 37.16635438069299369, 18.00000000000000000, -4.491138945551397477 ) ) ;
#3606 = CARTESIAN_POINT ( 'NONE',  ( 30.02495778835974249, 18.00000000000000000, -5.989399045556861090 ) ) ;
#3607 = VERTEX_POINT ( 'NONE', #2378 ) ;
#3608 = CARTESIAN_POINT ( 'NONE',  ( 71.32648737864199973, 17.82375716428105150, 1.000003369765737782 ) ) ;
#3609 = CARTESIAN_POINT ( 'NONE',  ( 20.12098859379604932, 17.05750379422210372, -16.30195793361754752 ) ) ;
#3610 = ADVANCED_FACE ( 'NONE', ( #488 ), #2137, .T. ) ;
#3611 = CARTESIAN_POINT ( 'NONE',  ( 63.26450614837759900, 8.673617379884035472E-16, -2.721907005809830693 ) ) ;
#3612 = CARTESIAN_POINT ( 'NONE',  ( 22.24745967368907884, 0.9999999999999961142, 0.1407352212778917311 ) ) ;
#3613 = ORIENTED_EDGE ( 'NONE', *, *, #1354, .F. ) ;
#3614 = B_SPLINE_CURVE_WITH_KNOTS ( 'NONE', 3,
 ( #1224, #3705, #3113, #1866 ),
 .UNSPECIFIED., .F., .F.,
 ( 4, 4 ),
 ( 7.152448122690996019E-18, 0.01296559118513337765 ),
 .UNSPECIFIED. ) ;
#3615 = CARTESIAN_POINT ( 'NONE',  ( 32.85579263070587075, 0.09531190785636978191, -6.992542524587006980 ) ) ;
#3616 = CARTESIAN_POINT ( 'NONE',  ( 24.83804701343825272, 4.749999999999984901, -14.45875902514366196 ) ) ;
#3617 = DIRECTION ( 'NONE',  ( 0.000000000000000000, 0.000000000000000000, -1.000000000000000000 ) ) ;
#3618 = CARTESIAN_POINT ( 'NONE',  ( 56.75866766363535731, 1.316273548285454553E-13, -10.41531574023686346 ) ) ;
#3619 = CARTESIAN_POINT ( 'NONE',  ( 10.02495778835974249, 1.301042606982605518E-15, -5.989399045556861090 ) ) ;
#3620 = DIRECTION ( 'NONE',  ( -1.000000000000000000, 0.000000000000000000, 0.000000000000000000 ) ) ;
#3621 = CARTESIAN_POINT ( 'NONE',  ( 12.74941679387679372, 13.24999999999999112, -19.43744705462573208 ) ) ;
#3622 = CARTESIAN_POINT ( 'NONE',  ( 10.76629873415806671, 5.749999999999992006, -6.989399045556862866 ) ) ;
#3623 = AXIS2_PLACEMENT_3D ( 'NONE', #4065, #807, #3028 ) ;
#3624 = CARTESIAN_POINT ( 'NONE',  ( 56.45927485583143834, 18.00000000000000000, -5.185997309415713019 ) ) ;
#3625 = LINE ( 'NONE', #3011, #2245 ) ;
#3626 = AXIS2_PLACEMENT_3D ( 'NONE', #3019, #2442, #3398 ) ;
#3627 = VECTOR ( 'NONE', #2396, 1000.000000000000000 ) ;
#3628 = VERTEX_POINT ( 'NONE', #3400 ) ;
#3629 = CARTESIAN_POINT ( 'NONE',  ( 73.09687818975591256, 14.59456288662047818, 1.000003369765737560 ) ) ;
#3630 = CARTESIAN_POINT ( 'NONE',  ( 20.71298475295954589, 16.89794272758155103, -16.16616011023749166 ) ) ;
#3631 = CARTESIAN_POINT ( 'NONE',  ( 35.60436265659345167, 10.33438190568363346, -8.876582834012793910 ) ) ;
#3632 = VECTOR ( 'NONE', #2010, 1000.000000000000000 ) ;
#3633 = VECTOR ( 'NONE', #1457, 1000.000000000000000 ) ;
#3634 = CARTESIAN_POINT ( 'NONE',  ( 20.08711642614727211, 1.000000000000001332, -1.232752529557911592 ) ) ;
#3635 = EDGE_LOOP ( 'NONE', ( #3147, #3370, #711, #871 ) ) ;
#3636 = CARTESIAN_POINT ( 'NONE',  ( 24.94573566890508332, 18.00000000000001066, -9.658561104548200049 ) ) ;
#3637 = CARTESIAN_POINT ( 'NONE',  ( 73.09687818879318399, 14.59456288618189213, 1.000003369765737338 ) ) ;
#3638 = CARTESIAN_POINT ( 'NONE',  ( 73.56244054220279338, 5.000000000000000888, 3.369765737499044733E-06 ) ) ;
#3639 = DIRECTION ( 'NONE',  ( -0.000000000000000000, -1.000000000000000000, -0.000000000000000000 ) ) ;
#3640 = CARTESIAN_POINT ( 'NONE',  ( 29.82818295371932749, 17.72444522674754808, -8.939399045556866596 ) ) ;
#3641 = CARTESIAN_POINT ( 'NONE',  ( 74.03689826223246939, 14.34790166043904946, -0.6832768129645512278 ) ) ;
#3642 = ORIENTED_EDGE ( 'NONE', *, *, #1519, .T. ) ;
#3643 = CARTESIAN_POINT ( 'NONE',  ( 20.85511878080573211, 12.25000000000379430, -16.41409538417078195 ) ) ;
#3644 = CARTESIAN_POINT ( 'NONE',  ( 15.65238796268216603, 5.749999999999991118, -5.521512077110899419 ) ) ;
#3645 = CARTESIAN_POINT ( 'NONE',  ( 30.02495778835974249, 14.79999999999999893, -3.039399045556857804 ) ) ;
#3646 = CARTESIAN_POINT ( 'NONE',  ( 55.23031645769410858, 18.00000000000000000, -5.637867374062358827 ) ) ;
#3647 = ORIENTED_EDGE ( 'NONE', *, *, #296, .F. ) ;
#3648 = CARTESIAN_POINT ( 'NONE',  ( 10.02495778835974249, 18.00000000000000000, -14.63939904555686056 ) ) ;
#3649 = CARTESIAN_POINT ( 'NONE',  ( 25.77135769114199704, 12.24999999999999289, 1.000003369765737560 ) ) ;
#3650 = CARTESIAN_POINT ( 'NONE',  ( 35.81578962233337649, 9.688892630063913103, -8.795485654847174928 ) ) ;
#3651 = CARTESIAN_POINT ( 'NONE',  ( 12.74941679387679372, 16.96805500914963005, -19.43744705462573208 ) ) ;
#3652 = VERTEX_POINT ( 'NONE', #550 ) ;
#3653 = CARTESIAN_POINT ( 'NONE',  ( 28.31995778835972999, 2.600000000000000089, -8.942545672461802653 ) ) ;
#3654 = CARTESIAN_POINT ( 'NONE',  ( 10.02495778835974249, 18.00000000000000000, -19.98939904555686198 ) ) ;
#3655 = CARTESIAN_POINT ( 'NONE',  ( 56.26947687377501950, -1.152475628020340098E-13, -10.41307380231098101 ) ) ;
#3656 = FACE_OUTER_BOUND ( 'NONE', #2487, .T. ) ;
#3657 = LINE ( 'NONE', #1162, #2126 ) ;
#3658 = CARTESIAN_POINT ( 'NONE',  ( 12.55995766177114170, 1.301042606982605321E-15, -6.681532728021785772 ) ) ;
#3659 = CARTESIAN_POINT ( 'NONE',  ( 34.40870183585867181, 5.000000000000000888, -10.64217976089437379 ) ) ;
#3660 = VERTEX_POINT ( 'NONE', #3418 ) ;
#3661 = ADVANCED_FACE ( 'NONE', ( #1778 ), #801, .T. ) ;
#3662 = CARTESIAN_POINT ( 'NONE',  ( 33.48434926300497239, 4.713949795284292144, -10.99293398848178782 ) ) ;
#3663 = CARTESIAN_POINT ( 'NONE',  ( 10.02495778835974249, 18.00000000000000000, -6.989399045556861090 ) ) ;
#3664 = EDGE_CURVE ( 'NONE', #2374, #2874, #1793, .T. ) ;
#3665 = CARTESIAN_POINT ( 'NONE',  ( 58.38718889384598043, 18.00000000000000000, -5.867375737834862548 ) ) ;
#3666 = CARTESIAN_POINT ( 'NONE',  ( 56.35763040702540394, 12.99999999999999822, -10.50912627291418211 ) ) ;
#3667 = VERTEX_POINT ( 'NONE', #3022 ) ;
#3668 = CARTESIAN_POINT ( 'NONE',  ( 73.56244054220277917, 5.000000000000000888, 1.000003369765737560 ) ) ;
#3669 = CARTESIAN_POINT ( 'NONE',  ( 33.71975961801564381, 5.941176470588233727, -9.705814336439420487 ) ) ;
#3670 = CARTESIAN_POINT ( 'NONE',  ( 14.91716976391934679, 1.107749135897550419, -18.55078267281496807 ) ) ;
#3671 = CARTESIAN_POINT ( 'NONE',  ( 74.27046865597914405, 13.00000000000000178, -0.7061808768033223105 ) ) ;
#3672 = CARTESIAN_POINT ( 'NONE',  ( 22.28601953129931701, 18.00000000000000000, -0.9929291839825067356 ) ) ;
#3673 = ORIENTED_EDGE ( 'NONE', *, *, #163, .T. ) ;
#3674 = CARTESIAN_POINT ( 'NONE',  ( 16.33046516152718652, 3.813163440370471263E-12, -3.907159562798839580 ) ) ;
#3675 = EDGE_CURVE ( 'NONE', #4086, #836, #3657, .T. ) ;
#3676 = DIRECTION ( 'NONE',  ( 0.9738859815732765490, 1.068792381091834291E-13, 0.2270376508314332631 ) ) ;
#3677 = EDGE_CURVE ( 'NONE', #47, #741, #3730, .T. ) ;
#3678 = ADVANCED_FACE ( 'NONE', ( #3682 ), #572, .F. ) ;
#3679 = CARTESIAN_POINT ( 'NONE',  ( 27.83901772004459829, 5.750000000005099920, -13.76298957904093179 ) ) ;
#3680 = CARTESIAN_POINT ( 'NONE',  ( 35.83010879616621480, 12.11837615492117592, -10.14134949812972408 ) ) ;
#3681 = B_SPLINE_CURVE_WITH_KNOTS ( 'NONE', 3,
 ( #1454, #823, #3356, #1165, #3382, #2116, #38, #3518, #3117, #3770, #2799, #3749, #283, #3441, #20, #1610, #1885, #325, #3458, #1287, #2260, #301, #1003, #2174 ),
 .UNSPECIFIED., .F., .F.,
 ( 4, 2, 2, 2, 2, 2, 2, 2, 2, 2, 2, 4 ),
 ( 1.736324159142702828E-18, 0.003737986122019175579, 0.005606979183028764670, 0.007475972244038354628, 0.009344965305047943718, 0.01121395836605753281, 0.01214845489656233256, 0.01308295142706713057, 0.01355019969231953218, 0.01401744795757193726, 0.01448469622282433887, 0.01495194448807674048 ),
 .UNSPECIFIED. ) ;
#3682 = FACE_OUTER_BOUND ( 'NONE', #1460, .T. ) ;
#3683 = CARTESIAN_POINT ( 'NONE',  ( 28.53572500055059180, 17.95131724330873979, -8.543466033977209051 ) ) ;
#3684 = DIRECTION ( 'NONE',  ( -0.000000000000000000, -1.000000000000000000, -0.000000000000000000 ) ) ;
#3685 = LINE ( 'NONE', #266, #1512 ) ;
#3686 = CARTESIAN_POINT ( 'NONE',  ( 21.97356759469428766, 5.749999999999995559, -1.181086278030623715 ) ) ;
#3687 = FACE_OUTER_BOUND ( 'NONE', #791, .T. ) ;
#3688 = CARTESIAN_POINT ( 'NONE',  ( 30.02495778835974249, 12.24999999999999289, -5.989399045556861090 ) ) ;
#3689 = AXIS2_PLACEMENT_3D ( 'NONE', #365, #1964, #1040 ) ;
#3690 = ORIENTED_EDGE ( 'NONE', *, *, #3983, .F. ) ;
#3691 = CARTESIAN_POINT ( 'NONE',  ( 18.67991697002201690, 18.00000000000000711, -3.483375706936303384 ) ) ;
#3692 = CARTESIAN_POINT ( 'NONE',  ( 35.81658573829535896, 5.868939772557537182, -10.14580907297205137 ) ) ;
#3693 = CARTESIAN_POINT ( 'NONE',  ( 12.76829667391157130, 0.1493767513056291907, -19.42946984057405402 ) ) ;
#3694 = CARTESIAN_POINT ( 'NONE',  ( 23.59152129404825970, 14.99086921321857702, -15.79116930517918505 ) ) ;
#3695 = VECTOR ( 'NONE', #2065, 1000.000000000000000 ) ;
#3696 = CARTESIAN_POINT ( 'NONE',  ( 13.60631031386296463, 18.00000000000000000, -6.365266192878375584 ) ) ;
#3697 = ORIENTED_EDGE ( 'NONE', *, *, #2695, .T. ) ;
#3698 = CARTESIAN_POINT ( 'NONE',  ( 13.96045607436255054, 6.505213034913026604E-15, -6.233258223827576217 ) ) ;
#3699 = CARTESIAN_POINT ( 'NONE',  ( 23.95926304807942131, 12.24999999999999112, -0.2484434203065729596 ) ) ;
#3700 = VECTOR ( 'NONE', #2098, 999.9999999999998863 ) ;
#3701 = AXIS2_PLACEMENT_3D ( 'NONE', #478, #1746, #3920 ) ;
#3702 = CARTESIAN_POINT ( 'NONE',  ( 12.42969445522754768, 17.96006876143703934, -18.62156081072601665 ) ) ;
#3703 = ORIENTED_EDGE ( 'NONE', *, *, #1233, .T. ) ;
#3704 = CARTESIAN_POINT ( 'NONE',  ( 56.39497611622929441, 5.000000000000000888, -10.45998073002507311 ) ) ;
#3705 = CARTESIAN_POINT ( 'NONE',  ( 20.85523503934952316, 13.24999999999999289, -16.41406828139217211 ) ) ;
#3706 = ORIENTED_EDGE ( 'NONE', *, *, #2815, .T. ) ;
#3707 = CARTESIAN_POINT ( 'NONE',  ( 56.35763040702533999, 5.000000000000000888, -10.50912627291419454 ) ) ;
#3708 = CARTESIAN_POINT ( 'NONE',  ( 10.80482655665319314, 8.673617379884035472E-16, -18.93850021331661537 ) ) ;
#3709 = CARTESIAN_POINT ( 'NONE',  ( 74.27046865597911562, 13.19737495274590344, -0.7061808768033213113 ) ) ;
#3710 = CIRCLE ( 'NONE', #1405, 1.650000000000000355 ) ;
#3711 = CARTESIAN_POINT ( 'NONE',  ( 11.72995778835974612, 0.000000000000000000, -10.03625241865192486 ) ) ;
#3712 = CARTESIAN_POINT ( 'NONE',  ( 25.40061632412922776, 5.749999999999991118, 3.369765738002746004E-06 ) ) ;
#3713 = CARTESIAN_POINT ( 'NONE',  ( 58.16385562588309455, 18.00000000000000000, -5.783301103864348036 ) ) ;
#3714 = FACE_OUTER_BOUND ( 'NONE', #3124, .T. ) ;
#3715 = EDGE_CURVE ( 'NONE', #3842, #3821, #3970, .T. ) ;
#3716 = ORIENTED_EDGE ( 'NONE', *, *, #2392, .T. ) ;
#3717 = CARTESIAN_POINT ( 'NONE',  ( 56.53067143658221738, 1.913508321603723195, -9.376820539045933600 ) ) ;
#3718 = CARTESIAN_POINT ( 'NONE',  ( 34.40870183585867181, 4.999999999999999112, -10.64217976089437379 ) ) ;
#3719 = CARTESIAN_POINT ( 'NONE',  ( 17.10884050863622718, 1.282663837778216021, -17.74167196504621202 ) ) ;
#3720 = CARTESIAN_POINT ( 'NONE',  ( 23.84021596455942316, 14.83633562688512342, -15.72847838865726722 ) ) ;
#3721 = CARTESIAN_POINT ( 'NONE',  ( 21.45015906485920709, 18.00000000000000000, -0.3288119817116157417 ) ) ;
#3722 = VERTEX_POINT ( 'NONE', #1825 ) ;
#3723 = CARTESIAN_POINT ( 'NONE',  ( 21.79429497463926424, 1.000000000000000888, -0.1213799606555599486 ) ) ;
#3724 = EDGE_CURVE ( 'NONE', #2003, #132, #796, .T. ) ;
#3725 = CARTESIAN_POINT ( 'NONE',  ( 11.48999363524439765, 12.24999999999999112, -6.910602552245863173 ) ) ;
#3726 = EDGE_CURVE ( 'NONE', #448, #2502, #2984, .T. ) ;
#3727 = CARTESIAN_POINT ( 'NONE',  ( 11.72995778835974257, 2.600000000000000089, -15.94254567246179732 ) ) ;
#3728 = ORIENTED_EDGE ( 'NONE', *, *, #2471, .T. ) ;
#3729 = DIRECTION ( 'NONE',  ( -0.000000000000000000, -1.000000000000000000, -0.000000000000000000 ) ) ;
#3730 = LINE ( 'NONE', #1472, #527 ) ;
#3731 = CARTESIAN_POINT ( 'NONE',  ( 41.93553295104507583, 0.000000000000000000, -3.699196312925872476 ) ) ;
#3732 = CARTESIAN_POINT ( 'NONE',  ( 50.10137754055021730, 5.000000000000000000, -8.799926205446801930 ) ) ;
#3733 = CARTESIAN_POINT ( 'NONE',  ( 31.37532941729774549, 17.58784034692001441, -8.619783722194306108 ) ) ;
#3734 = LINE ( 'NONE', #3052, #1130 ) ;
#3735 = CARTESIAN_POINT ( 'NONE',  ( 6.614957788359743240, 0.000000000000000000, -12.98939904555686020 ) ) ;
#3736 = CARTESIAN_POINT ( 'NONE',  ( 33.71975961801538801, 12.05882352941184799, -9.705814336439543055 ) ) ;
#3737 = ORIENTED_EDGE ( 'NONE', *, *, #2153, .F. ) ;
#3738 = ORIENTED_EDGE ( 'NONE', *, *, #130, .F. ) ;
#3739 = CARTESIAN_POINT ( 'NONE',  ( 56.58317412177115102, 0.9950484711653728720, -8.411131420605070019 ) ) ;
#3740 = CARTESIAN_POINT ( 'NONE',  ( 34.69948051964378521, 6.495736718873004634, -9.250683792063052024 ) ) ;
#3741 = CARTESIAN_POINT ( 'NONE',  ( 23.73861787209420271, 2.732837544705488675, -15.75376550723525426 ) ) ;
#3742 = CARTESIAN_POINT ( 'NONE',  ( 25.06508466426978288, 13.24999999999998757, -15.43264500671691941 ) ) ;
#3743 = CARTESIAN_POINT ( 'NONE',  ( 20.49340743815434607, 16.99999999999999645, -0.9518523587721094970 ) ) ;
#3744 = ORIENTED_EDGE ( 'NONE', *, *, #1545, .F. ) ;
#3745 = CARTESIAN_POINT ( 'NONE',  ( 24.49760415111400036, 1.301042606982605321E-15, -0.1217086310035326163 ) ) ;
#3746 = CARTESIAN_POINT ( 'NONE',  ( 10.02495778835974249, 18.00000000000000000, -5.989399045556861090 ) ) ;
#3747 = FACE_OUTER_BOUND ( 'NONE', #1234, .T. ) ;
#3748 = CARTESIAN_POINT ( 'NONE',  ( 26.38744718070513784, -4.016054910723586464E-12, -14.65991494750585922 ) ) ;
#3749 = CARTESIAN_POINT ( 'NONE',  ( 23.24504705891952838, 2.146269402309426866, -15.65060759369045051 ) ) ;
#3750 = DIRECTION ( 'NONE',  ( -1.000000000000000000, -1.320322887953413876E-16, 0.000000000000000000 ) ) ;
#3751 = CARTESIAN_POINT ( 'NONE',  ( 68.83983578178913376, 1.060299944275782780, 1.000003369765738004 ) ) ;
#3752 = CARTESIAN_POINT ( 'NONE',  ( 20.49340743815510990, 4.749999999999992006, -0.9518523587715794765 ) ) ;
#3753 = CARTESIAN_POINT ( 'NONE',  ( 0.000000000000000000, 0.000000000000000000, 3.369765737499044733E-06 ) ) ;
#3754 = EDGE_LOOP ( 'NONE', ( #3886, #1372, #3690, #1049 ) ) ;
#3755 = ORIENTED_EDGE ( 'NONE', *, *, #116, .T. ) ;
#3756 = CARTESIAN_POINT ( 'NONE',  ( 74.20241606333203777, 4.166731405987842862, -0.6995346872743819500 ) ) ;
#3757 = CARTESIAN_POINT ( 'NONE',  ( 25.03403310312808117, 4.084772280669136002, -15.43965293681000084 ) ) ;
#3758 =( BOUNDED_SURFACE ( )  B_SPLINE_SURFACE ( 3, 2, ( 
 ( #3509, #1933, #415 ),
 ( #2873, #1033, #2288 ),
 ( #1975, #2893, #3246 ),
 ( #3187, #29, #3205 ),
 ( #1298, #46, #2561 ),
 ( #1317, #3837, #3815 ),
 ( #355, #988, #2269 ),
 ( #1013, #3528, #691 ),
 ( #1952, #3226, #375 ),
 ( #1639, #2915, #1760 ),
 ( #3591, #808, #494 ),
 ( #754, #1438, #2681 ),
 ( #1459, #454, #2665 ),
 ( #206, #3029, #1421 ),
 ( #1724, #2327, #183 ),
 ( #2015, #2645, #829 ),
 ( #142, #2033, #1133 ),
 ( #159, #3977, #3935 ),
 ( #3286, #434, #2076 ),
 ( #2993, #1702, #2723 ),
 ( #2703, #2972, #1112 ),
 ( #124, #3054, #1150 ),
 ( #513, #2411, #1743 ),
 ( #3305, #1407, #3917 ),
 ( #3953, #1079, #2386 ),
 ( #3666, #2362, #3646 ) ),
 .UNSPECIFIED., .F., .F., .T. ) 
 B_SPLINE_SURFACE_WITH_KNOTS ( ( 4, 2, 2, 2, 2, 2, 2, 2, 2, 2, 2, 2, 4 ),
 ( 3, 3 ),
 ( 0.03310879641621417707, 0.03761941195489908185, 0.03987471972424153077, 0.04213002749358398663, 0.04664064303226889141, 0.04889595080161134033, 0.05002360468628257173, 0.05058743162861818743, 0.05086934509978599528, 0.05101030183536989226, 0.05104554101926586651, 0.05108078020316184076, 0.05115125857095379619 ),
 ( 0.000000000000000000, 1.000000000000000000 ),
 .UNSPECIFIED. ) 
 GEOMETRIC_REPRESENTATION_ITEM ( )  RATIONAL_B_SPLINE_SURFACE ( (
 ( 1.000000000000000000, 0.7071067811865475727, 1.000000000000000000),
 ( 1.000000000000000000, 0.7071067811865475727, 1.000000000000000000),
 ( 1.000000000000000000, 0.7071067811865475727, 1.000000000000000000),
 ( 1.000000000000000000, 0.7071067811865475727, 1.000000000000000000),
 ( 1.000000000000000000, 0.7071067811865475727, 1.000000000000000000),
 ( 1.000000000000000000, 0.7071067811865475727, 1.000000000000000000),
 ( 1.000000000000000000, 0.7071067811865475727, 1.000000000000000000),
 ( 1.000000000000000000, 0.7071067811865475727, 1.000000000000000000),
 ( 1.000000000000000000, 0.7071067811865473507, 1.000000000000000000),
 ( 1.000000000000000000, 0.7071067811865473507, 1.000000000000000000),
 ( 1.000000000000000000, 0.7071067811865475727, 1.000000000000000000),
 ( 1.000000000000000000, 0.7071067811865475727, 1.000000000000000000),
 ( 1.000000000000000000, 0.7071067811865476838, 1.000000000000000000),
 ( 1.000000000000000000, 0.7071067811865476838, 1.000000000000000000),
 ( 1.000000000000000000, 0.7071067811865474617, 1.000000000000000000),
 ( 1.000000000000000000, 0.7071067811865474617, 1.000000000000000000),
 ( 1.000000000000000000, 0.7071067811865475727, 1.000000000000000000),
 ( 1.000000000000000000, 0.7071067811865475727, 1.000000000000000000),
 ( 1.000000000000000000, 0.7071067811865473507, 1.000000000000000000),
 ( 1.000000000000000000, 0.7071067811865473507, 1.000000000000000000),
 ( 1.000000000000000000, 0.7071067811865475727, 1.000000000000000000),
 ( 1.000000000000000000, 0.7071067811865475727, 1.000000000000000000),
 ( 1.000000000000000000, 0.7071067811865475727, 1.000000000000000000),
 ( 1.000000000000000000, 0.7071067811865475727, 1.000000000000000000),
 ( 1.000000000000000000, 0.7071067811865475727, 1.000000000000000000),
 ( 1.000000000000000000, 0.7071067811865475727, 1.000000000000000000) ) ) 
 REPRESENTATION_ITEM ( '' )  SURFACE ( )  );
#3759 = CARTESIAN_POINT ( 'NONE',  ( 18.22056080782594378, 16.59083052050971929, -17.36047185746695121 ) ) ;
#3760 = CARTESIAN_POINT ( 'NONE',  ( 23.67672717448945008, 16.99999999999935696, 0.7125655615255660491 ) ) ;
#3761 = ORIENTED_EDGE ( 'NONE', *, *, #1228, .F. ) ;
#3762 = CARTESIAN_POINT ( 'NONE',  ( 15.15659331561287182, -3.799791547616767441E-12, -4.644593370107156005 ) ) ;
#3763 = CARTESIAN_POINT ( 'NONE',  ( 10.02495778835974249, 12.24999999999998934, -6.989399045556861090 ) ) ;
#3764 = VECTOR ( 'NONE', #3540, 1000.000000000000000 ) ;
#3765 = CIRCLE ( 'NONE', #3955, 6.000000000000000000 ) ;
#3766 = AXIS2_PLACEMENT_3D ( 'NONE', #1709, #2084, #1750 ) ;
#3767 = DIRECTION ( 'NONE',  ( 0.000000000000000000, 1.000000000000000000, 0.000000000000000000 ) ) ;
#3768 = AXIS2_PLACEMENT_3D ( 'NONE', #3269, #3863, #2247 ) ;
#3769 = CARTESIAN_POINT ( 'NONE',  ( 36.48635380882790713, -3.749251469660003932E-12, -9.880958559181067358 ) ) ;
#3770 = CARTESIAN_POINT ( 'NONE',  ( 21.86293737312875507, 1.488734988914285795, -15.91830775048937774 ) ) ;
#3771 = CARTESIAN_POINT ( 'NONE',  ( 56.52918745155825064, 5.000000000000000888, -10.51045997141079091 ) ) ;
#3772 = CARTESIAN_POINT ( 'NONE',  ( 73.27425323146700009, 3.698293322196987365, 1.000003369765737560 ) ) ;
#3773 = CARTESIAN_POINT ( 'NONE',  ( 22.93502596654427705, 5.749999999999992006, -0.6557211937257937384 ) ) ;
#3774 = CARTESIAN_POINT ( 'NONE',  ( 10.02495778835974249, 18.00000000000000000, -10.03939904555685914 ) ) ;
#3775 = AXIS2_PLACEMENT_3D ( 'NONE', #1238, #3860, #2580 ) ;
#3776 = VERTEX_POINT ( 'NONE', #1284 ) ;
#3777 = CARTESIAN_POINT ( 'NONE',  ( 72.69543459905224836, 2.873883026817537267, 1.000003369765737560 ) ) ;
#3778 = CARTESIAN_POINT ( 'NONE',  ( 34.70196496532215491, 11.50217848005744692, -9.249598618328805699 ) ) ;
#3779 = CARTESIAN_POINT ( 'NONE',  ( 32.99089962645516039, 12.24999999999999467, -10.06520583117677248 ) ) ;
#3780 = CARTESIAN_POINT ( 'NONE',  ( 25.38776039113697180, 17.99999999999976197, -15.30345638520729246 ) ) ;
#3781 = VERTEX_POINT ( 'NONE', #2546 ) ;
#3782 = CARTESIAN_POINT ( 'NONE',  ( 20.38919883392188837, 16.99999999999999645, -1.022615100029150792 ) ) ;
#3783 = CARTESIAN_POINT ( 'NONE',  ( 25.03763947257071365, 12.24999999999999289, -0.02911293543618855353 ) ) ;
#3784 = ORIENTED_EDGE ( 'NONE', *, *, #3543, .F. ) ;
#3785 = DIRECTION ( 'NONE',  ( 1.000000000000000000, 2.112516620725462547E-16, -0.000000000000000000 ) ) ;
#3786 = CARTESIAN_POINT ( 'NONE',  ( 27.99914071535533466, 1.734723475976807094E-15, -7.997795413759958727 ) ) ;
#3787 = CARTESIAN_POINT ( 'NONE',  ( 58.13597851295575225, 13.00000000029811709, -10.09757832027822566 ) ) ;
#3788 = CARTESIAN_POINT ( 'NONE',  ( 72.33880409407706225, 2.523179916123670985, 1.000003369765737782 ) ) ;
#3789 = CARTESIAN_POINT ( 'NONE',  ( 18.09392132337828940, 5.749999999998403055, -2.672916651897343954 ) ) ;
#3790 = CARTESIAN_POINT ( 'NONE',  ( 16.98481272986215629, 17.64659356158893644, -17.11178453985415970 ) ) ;
#3791 = ORIENTED_EDGE ( 'NONE', *, *, #346, .F. ) ;
#3792 = CARTESIAN_POINT ( 'NONE',  ( 69.01937029516945188, -0.1023062127396334869, 1.000003369765668726 ) ) ;
#3793 = CARTESIAN_POINT ( 'NONE',  ( 35.86129668189514064, 8.699318193719149050, -10.10537796525312970 ) ) ;
#3794 = EDGE_CURVE ( 'NONE', #4086, #401, #2555, .T. ) ;
#3795 = CARTESIAN_POINT ( 'NONE',  ( 10.76631909056157532, 18.00000000000000000, -6.989399044903543690 ) ) ;
#3796 = CARTESIAN_POINT ( 'NONE',  ( 12.36020836451721472, 5.749999999999991118, -18.51629733904446340 ) ) ;
#3797 = ORIENTED_EDGE ( 'NONE', *, *, #2699, .T. ) ;
#3798 = CARTESIAN_POINT ( 'NONE',  ( 18.60794724253652177, 17.00000000000000000, -2.299218716452423816 ) ) ;
#3799 = CARTESIAN_POINT ( 'NONE',  ( 23.47352689504759127, 13.25000000000063238, 0.6394599250022666714 ) ) ;
#3800 = CARTESIAN_POINT ( 'NONE',  ( 56.53067143658221028, 16.08649167839629257, -9.376820539045917613 ) ) ;
#3801 = ORIENTED_EDGE ( 'NONE', *, *, #1048, .T. ) ;
#3802 = CARTESIAN_POINT ( 'NONE',  ( 24.31535411552247794, 4.749999999999992006, 0.8683483843762115351 ) ) ;
#3803 = ADVANCED_FACE ( 'NONE', ( #3820 ), #696, .T. ) ;
#3804 = EDGE_CURVE ( 'NONE', #1327, #2502, #402, .T. ) ;
#3805 = CARTESIAN_POINT ( 'NONE',  ( 23.27465511661995379, 1.040834085586084257E-14, -10.71232210882947555 ) ) ;
#3806 = CARTESIAN_POINT ( 'NONE',  ( 45.92442045653332627, 8.673617379884035472E-16, -3.477246298045742812 ) ) ;
#3807 = CARTESIAN_POINT ( 'NONE',  ( 71.75914863567096802, 5.000000000000000000, -3.056945274502793630 ) ) ;
#3808 = CARTESIAN_POINT ( 'NONE',  ( 23.67672717448988706, 4.750000000000633271, 0.7125655615257245890 ) ) ;
#3809 = CYLINDRICAL_SURFACE ( 'NONE', #3235, 1.650000000000002132 ) ;
#3810 = EDGE_LOOP ( 'NONE', ( #1319, #3877, #3213, #656 ) ) ;
#3811 = CARTESIAN_POINT ( 'NONE',  ( 73.80144721898103910, 1.220753925688931041, 1.000003369765684047 ) ) ;
#3812 = CARTESIAN_POINT ( 'NONE',  ( 34.35592069558034467, 11.79041433839115349, -10.65775886639228176 ) ) ;
#3813 = CARTESIAN_POINT ( 'NONE',  ( 33.48780484217683551, 13.28553679691671974, -10.99157201362978498 ) ) ;
#3814 = CARTESIAN_POINT ( 'NONE',  ( 26.41281836757062962, 18.00000000000002132, -14.64404351891356981 ) ) ;
#3815 = CARTESIAN_POINT ( 'NONE',  ( 64.94330298141512969, 18.00000000000000000, -1.761811385496852012 ) ) ;
#3816 = ORIENTED_EDGE ( 'NONE', *, *, #2823, .F. ) ;
#3817 = CARTESIAN_POINT ( 'NONE',  ( 16.73141677199643595, 5.749999999999991118, -17.75495404502164121 ) ) ;
#3818 = CARTESIAN_POINT ( 'NONE',  ( 22.29387853643972761, 12.24999999999999112, -0.9884505350392313039 ) ) ;
#3819 = ORIENTED_EDGE ( 'NONE', *, *, #1061, .T. ) ;
#3820 = FACE_OUTER_BOUND ( 'NONE', #1680, .T. ) ;
#3821 = VERTEX_POINT ( 'NONE', #1018 ) ;
#3822 = CARTESIAN_POINT ( 'NONE',  ( 12.16712703312768440, 16.98063797454505774, -19.68347881187413506 ) ) ;
#3823 = AXIS2_PLACEMENT_3D ( 'NONE', #1108, #2358, #3620 ) ;
#3824 = CARTESIAN_POINT ( 'NONE',  ( 10.94210123735930296, 1.000000000000001110, -5.946177945418940958 ) ) ;
#3825 = CARTESIAN_POINT ( 'NONE',  ( 23.77541428714460636, 4.749999999999999112, 1.000003369765740002 ) ) ;
#3826 = AXIS2_PLACEMENT_3D ( 'NONE', #2520, #948, #2222 ) ;
#3827 = AXIS2_PLACEMENT_3D ( 'NONE', #311, #1577, #3466 ) ;
#3828 = CARTESIAN_POINT ( 'NONE',  ( 68.17656684607018747, 1.000000000000894396, 1.000003369765737560 ) ) ;
#3829 = VECTOR ( 'NONE', #4002, 1000.000000000000000 ) ;
#3830 = CIRCLE ( 'NONE', #2183, 1.650000000000000355 ) ;
#3831 = CARTESIAN_POINT ( 'NONE',  ( 19.87841776422152407, 4.749999999999992006, -1.379077183879441781 ) ) ;
#3832 = CARTESIAN_POINT ( 'NONE',  ( 23.73105003279481195, 15.27233434035458082, -15.75566999726827788 ) ) ;
#3833 = CARTESIAN_POINT ( 'NONE',  ( 68.17649245918032364, 0.9999999985699200566, 1.000003369765737560 ) ) ;
#3834 = CARTESIAN_POINT ( 'NONE',  ( 35.23335429801919361, 10.95769791075158395, -10.33128454087596815 ) ) ;
#3835 = FILL_AREA_STYLE_COLOUR ( '', #3247 ) ;
#3836 = CARTESIAN_POINT ( 'NONE',  ( 10.02495778835973894, 18.00000000000000000, -6.989399045556861090 ) ) ;
#3837 = CARTESIAN_POINT ( 'NONE',  ( 67.54804836424980863, 18.00000000000000000, -6.031563529638283683 ) ) ;
#3838 = VERTEX_POINT ( 'NONE', #1303 ) ;
#3839 = CARTESIAN_POINT ( 'NONE',  ( 11.85402794455833764, 17.00000000000000711, -5.815869364634572491 ) ) ;
#3840 = VECTOR ( 'NONE', #3639, 1000.000000000000000 ) ;
#3841 = CARTESIAN_POINT ( 'NONE',  ( 18.09292237140619264, 13.24999999999872102, -2.673672416539390362 ) ) ;
#3842 = VERTEX_POINT ( 'NONE', #2230 ) ;
#3843 = CARTESIAN_POINT ( 'NONE',  ( 8.319957788359740647, 2.600000000000000089, -15.94254567246179732 ) ) ;
#3844 = ADVANCED_FACE ( 'NONE', ( #3212 ), #1330, .T. ) ;
#3845 = ORIENTED_EDGE ( 'NONE', *, *, #3244, .T. ) ;
#3846 = CARTESIAN_POINT ( 'NONE',  ( 10.93480468470211697, 18.00000000000000000, -19.93001707460990346 ) ) ;
#3847 = EDGE_CURVE ( 'NONE', #3549, #3567, #3385, .T. ) ;
#3848 = EDGE_CURVE ( 'NONE', #2255, #4085, #2898, .T. ) ;
#3849 = CARTESIAN_POINT ( 'NONE',  ( 18.89573012178934519, 17.00000000000001066, -1.524766354248106026 ) ) ;
#3850 = FACE_OUTER_BOUND ( 'NONE', #755, .T. ) ;
#3851 = CARTESIAN_POINT ( 'NONE',  ( 56.55114765101816943, 4.999999999999838352, -10.46427374863806925 ) ) ;
#3852 = CARTESIAN_POINT ( 'NONE',  ( 27.30671081912727161, 12.24999999999999289, -12.83897209427555097 ) ) ;
#3853 = CARTESIAN_POINT ( 'NONE',  ( 20.42008820534948299, 1.826481633266124449, -16.66902954135060710 ) ) ;
#3854 = CARTESIAN_POINT ( 'NONE',  ( 14.91702092277708402, 16.89226922188905888, -18.55083290960167375 ) ) ;
#3855 = EDGE_CURVE ( 'NONE', #1497, #362, #2593, .T. ) ;
#3856 = DIRECTION ( 'NONE',  ( 0.000000000000000000, 0.000000000000000000, 1.000000000000000000 ) ) ;
#3857 = CARTESIAN_POINT ( 'NONE',  ( 35.87136108455850803, 8.827944667150843472, -8.774871457981280543 ) ) ;
#3858 = CARTESIAN_POINT ( 'NONE',  ( 33.43495778835974619, 2.600000000000000089, -5.989399045556862866 ) ) ;
#3859 = EDGE_CURVE ( 'NONE', #759, #2834, #740, .T. ) ;
#3860 = DIRECTION ( 'NONE',  ( 0.000000000000000000, 0.000000000000000000, 1.000000000000000000 ) ) ;
#3861 = EDGE_CURVE ( 'NONE', #1469, #1573, #2002, .T. ) ;
#3862 = CARTESIAN_POINT ( 'NONE',  ( 25.46633508981004468, 13.00000000000023448, -15.25195550064196404 ) ) ;
#3863 = DIRECTION ( 'NONE',  ( 0.9211497155812672366, 0.000000000000000000, 0.3892084293595793332 ) ) ;
#3864 = ORIENTED_EDGE ( 'NONE', *, *, #3726, .T. ) ;
#3865 = CARTESIAN_POINT ( 'NONE',  ( 24.31535411552247794, 16.99999999999999289, 0.8683483843762117571 ) ) ;
#3866 = CARTESIAN_POINT ( 'NONE',  ( 16.33046516152718652, 12.25000000000380318, -3.907159562799155772 ) ) ;
#3867 = ORIENTED_EDGE ( 'NONE', *, *, #3384, .T. ) ;
#3868 = CARTESIAN_POINT ( 'NONE',  ( 12.74941679387679372, 18.00000000000000000, -19.43744705462573208 ) ) ;
#3869 = ORIENTED_EDGE ( 'NONE', *, *, #2988, .F. ) ;
#3870 = CARTESIAN_POINT ( 'NONE',  ( 10.02495778835974249, 2.600000000000000089, -12.98939904555686020 ) ) ;
#3871 = CARTESIAN_POINT ( 'NONE',  ( 10.02495778835974249, 1.000000000000000888, -12.98939904555686020 ) ) ;
#3872 = EDGE_CURVE ( 'NONE', #342, #3842, #321, .T. ) ;
#3873 = CARTESIAN_POINT ( 'NONE',  ( 56.86237866338189662, -4.787625737183819330E-13, -10.39037588229371600 ) ) ;
#3874 = DIRECTION ( 'NONE',  ( 0.000000000000000000, 0.000000000000000000, -1.000000000000000000 ) ) ;
#3875 = CARTESIAN_POINT ( 'NONE',  ( 10.76631909056110814, 5.749999999999989342, -6.989399044903866098 ) ) ;
#3876 = CARTESIAN_POINT ( 'NONE',  ( 21.60786850617017762, 16.60547431448049593, -15.97149137914571249 ) ) ;
#3877 = ORIENTED_EDGE ( 'NONE', *, *, #2083, .F. ) ;
#3878 = CARTESIAN_POINT ( 'NONE',  ( 32.63355965767228639, 17.82405800353832603, -7.381181167365353346 ) ) ;
#3879 = PLANE ( 'NONE',  #4101 ) ;
#3880 = CARTESIAN_POINT ( 'NONE',  ( 40.69146440925130292, 18.00000000000000000, -8.921793088704648156 ) ) ;
#3881 = CARTESIAN_POINT ( 'NONE',  ( 31.72995778835974789, 2.600000000000000089, -8.942545672461799100 ) ) ;
#3882 = ORIENTED_EDGE ( 'NONE', *, *, #986, .F. ) ;
#3883 = CARTESIAN_POINT ( 'NONE',  ( 72.46416922258299564, 15.37545573188786285, 1.000003369765737560 ) ) ;
#3884 = B_SPLINE_CURVE_WITH_KNOTS ( 'NONE', 3,
 ( #2535, #3787, #958, #2217, #1942, #1395, #680, #1694, #1067, #80, #2983, #2355 ),
 .UNSPECIFIED., .F., .F.,
 ( 4, 2, 2, 2, 2, 4 ),
 ( -5.999999998852512019E-08, 0.005155499881261104908, 0.01031105976252217650, 0.01288883970315271230, 0.01546661964378324636, 0.02062217952504435264 ),
 .UNSPECIFIED. ) ;
#3885 = CARTESIAN_POINT ( 'NONE',  ( 23.50609652699934671, 15.69943008249565963, -15.60309106789743971 ) ) ;
#3886 = ORIENTED_EDGE ( 'NONE', *, *, #1351, .T. ) ;
#3887 = CARTESIAN_POINT ( 'NONE',  ( 35.05443187544263850, 11.18041634710427168, -9.098062996079752551 ) ) ;
#3888 = ORIENTED_EDGE ( 'NONE', *, *, #2699, .F. ) ;
#3889 = DIRECTION ( 'NONE',  ( 0.000000000000000000, 0.000000000000000000, 1.000000000000000000 ) ) ;
#3890 =( BOUNDED_SURFACE ( )  B_SPLINE_SURFACE ( 3, 2, ( 
 ( #1675, #36, #2943 ),
 ( #3822, #2861, #2567 ),
 ( #1940, #3581, #3172 ),
 ( #3214, #3846, #1021 ) ),
 .UNSPECIFIED., .F., .F., .T. ) 
 B_SPLINE_SURFACE_WITH_KNOTS ( ( 4, 4 ),
 ( 3, 3 ),
 ( 0.000000000000000000, 0.001611982728728322345 ),
 ( 0.000000000000000000, 1.000000000000000000 ),
 .UNSPECIFIED. ) 
 GEOMETRIC_REPRESENTATION_ITEM ( )  RATIONAL_B_SPLINE_SURFACE ( (
 ( 1.000000000000000000, 0.7496692568153845437, 1.000000000000000000),
 ( 1.000000000000000000, 0.7408736949601771871, 1.000000000000000000),
 ( 1.000000000000000000, 0.7259950664594282399, 1.000000000000000000),
 ( 1.000000000000000000, 0.7071067811865475727, 1.000000000000000000) ) ) 
 REPRESENTATION_ITEM ( '' )  SURFACE ( )  );
#3891 = EDGE_CURVE ( 'NONE', #3607, #2099, #2614, .T. ) ;
#3892 = CARTESIAN_POINT ( 'NONE',  ( 32.62153440617748146, 8.999999999999994671, 3.369765737282204299E-06 ) ) ;
#3893 = CIRCLE ( 'NONE', #1187, 1.000000000000000666 ) ;
#3894 = CARTESIAN_POINT ( 'NONE',  ( 74.35718760699636221, 8.673617379884035472E-16, -0.6189526515492901337 ) ) ;
#3895 = AXIS2_PLACEMENT_3D ( 'NONE', #3638, #800, #1532 ) ;
#3896 = DIRECTION ( 'NONE',  ( -1.000000000000000000, -2.478176394252581634E-16, 0.000000000000000000 ) ) ;
#3897 = CARTESIAN_POINT ( 'NONE',  ( 33.00752853184701507, 13.31249999999999467, -11.18815705979110575 ) ) ;
#3898 = CARTESIAN_POINT ( 'NONE',  ( 16.73141677199738098, 12.24999999999999289, -17.75495404502124686 ) ) ;
#3899 = VECTOR ( 'NONE', #1428, 1000.000000000000000 ) ;
#3900 = CARTESIAN_POINT ( 'NONE',  ( 58.64177666455594817, 18.00000000000000355, -4.694496050776564289 ) ) ;
#3901 = AXIS2_PLACEMENT_3D ( 'NONE', #880, #2430, #898 ) ;
#3902 = CARTESIAN_POINT ( 'NONE',  ( 38.37105269770588478, 18.00000000000000000, -9.352883170201705454 ) ) ;
#3903 = DIRECTION ( 'NONE',  ( 0.000000000000000000, 0.000000000000000000, 1.000000000000000000 ) ) ;
#3904 = ORIENTED_EDGE ( 'NONE', *, *, #2988, .T. ) ;
#3905 = CARTESIAN_POINT ( 'NONE',  ( 75.79694088435968524, 14.22235059742904717, 1.000003369765700922 ) ) ;
#3906 = CARTESIAN_POINT ( 'NONE',  ( 33.48204096706827926, 4.687500002374088481, -10.98915371931902385 ) ) ;
#3907 = CIRCLE ( 'NONE', #1922, 0.9999999999999992228 ) ;
#3908 = EDGE_LOOP ( 'NONE', ( #1614, #909, #2189, #714 ) ) ;
#3909 = LINE ( 'NONE', #3293, #3627 ) ;
#3910 = CARTESIAN_POINT ( 'NONE',  ( 11.90547095498912178, 0.02385013829832396959, -18.81605913714984268 ) ) ;
#3911 = CARTESIAN_POINT ( 'NONE',  ( 55.96048188353957897, 9.540979117872439019E-15, -5.463587704739517825 ) ) ;
#3912 = CARTESIAN_POINT ( 'NONE',  ( 28.31995778835972999, 2.600000000000000089, -8.942545672461802653 ) ) ;
#3913 = CARTESIAN_POINT ( 'NONE',  ( 23.59904364817160527, 3.013668571103999660, -15.78926150242757487 ) ) ;
#3914 = CARTESIAN_POINT ( 'NONE',  ( 46.80574340762903063, 18.00000000000000000, -3.448765207685415835 ) ) ;
#3915 = PLANE ( 'NONE',  #726 ) ;
#3916 = CARTESIAN_POINT ( 'NONE',  ( 31.16170105009517854, 12.99999999999999822, -12.01443473274143514 ) ) ;
#3917 = CARTESIAN_POINT ( 'NONE',  ( 55.27603082385305555, 18.00000000000000000, -5.627288087737006173 ) ) ;
#3918 = VERTEX_POINT ( 'NONE', #3348 ) ;
#3919 = CARTESIAN_POINT ( 'NONE',  ( 72.42598579850945839, 16.49126378906472468, -0.5223436042026089465 ) ) ;
#3920 = DIRECTION ( 'NONE',  ( 0.000000000000000000, 0.000000000000000000, 1.000000000000000000 ) ) ;
#3921 = CARTESIAN_POINT ( 'NONE',  ( 65.87261013762334017, 8.673617379884035472E-16, -1.180427887608482607 ) ) ;
#3922 = CARTESIAN_POINT ( 'NONE',  ( 25.77135769114199704, 18.00000000000000000, 1.000003369765737560 ) ) ;
#3923 = ORIENTED_EDGE ( 'NONE', *, *, #3855, .T. ) ;
#3924 = CYLINDRICAL_SURFACE ( 'NONE', #1579, 1.000000000000000000 ) ;
#3925 = CARTESIAN_POINT ( 'NONE',  ( 33.43495778835974619, 2.600000000000000089, -5.989399045556862866 ) ) ;
#3926 = EDGE_CURVE ( 'NONE', #3838, #1580, #3578, .T. ) ;
#3927 = CARTESIAN_POINT ( 'NONE',  ( 35.66756145122228361, 5.734645845354377158, -10.19519665429355726 ) ) ;
#3928 = EDGE_CURVE ( 'NONE', #611, #2099, #1664, .T. ) ;
#3929 = CARTESIAN_POINT ( 'NONE',  ( 73.14211062351105852, 5.000000000000000888, -1.845138648517359314 ) ) ;
#3930 = CARTESIAN_POINT ( 'NONE',  ( 10.66887746073084209, 13.24999999999998934, -5.970442369953373074 ) ) ;
#3931 = CARTESIAN_POINT ( 'NONE',  ( 10.02495778835974249, 4.749999999999993783, -12.98939904555686020 ) ) ;
#3932 = CARTESIAN_POINT ( 'NONE',  ( 48.80061515934145433, 18.00000000000000000, -3.567391089866469578 ) ) ;
#3933 = CARTESIAN_POINT ( 'NONE',  ( 33.48204096706827926, 13.31249999762598613, -10.98915371931901852 ) ) ;
#3934 = CARTESIAN_POINT ( 'NONE',  ( 54.47934957507523990, 17.99999999999905143, -9.805754562558369969 ) ) ;
#3935 = CARTESIAN_POINT ( 'NONE',  ( 55.45884144514062797, 17.99999999999999645, -5.584785297008018290 ) ) ;
#3936 = VERTEX_POINT ( 'NONE', #146 ) ;
#3937 = CARTESIAN_POINT ( 'NONE',  ( 73.28989125539142435, 15.67324849599783398, -0.6093330506682772540 ) ) ;
#3938 = DIRECTION ( 'NONE',  ( 0.000000000000000000, 1.000000000000000000, 0.000000000000000000 ) ) ;
#3939 = CARTESIAN_POINT ( 'NONE',  ( 33.00752853184688718, 4.687499999999992006, -11.18815705979115904 ) ) ;
#3940 = CARTESIAN_POINT ( 'NONE',  ( 24.43605836856849578, 2.335810454892976359E-13, -15.93145297626933932 ) ) ;
#3941 = ORIENTED_EDGE ( 'NONE', *, *, #2337, .F. ) ;
#3942 = CARTESIAN_POINT ( 'NONE',  ( 32.28745046777281402, 0.3012878246184552133, -7.976940026870646072 ) ) ;
#3943 = CARTESIAN_POINT ( 'NONE',  ( 69.80614994317720345, 16.73664298116416305, 1.000003369765737560 ) ) ;
#3944 = DIRECTION ( 'NONE',  ( -0.000000000000000000, -1.000000000000000000, -0.000000000000000000 ) ) ;
#3945 = DIRECTION ( 'NONE',  ( -2.112516620725462547E-16, 1.000000000000000000, 0.000000000000000000 ) ) ;
#3946 = CARTESIAN_POINT ( 'NONE',  ( 29.63497687424580818, 17.75895217393093617, -8.919924933558094793 ) ) ;
#3947 = CARTESIAN_POINT ( 'NONE',  ( 37.94929535807501253, 5.000000000000000888, -9.460691609323566453 ) ) ;
#3948 = ORIENTED_EDGE ( 'NONE', *, *, #614, .T. ) ;
#3949 = CARTESIAN_POINT ( 'NONE',  ( 19.26915716472129958, 1.301042606982605912E-15, -3.050164114180933250 ) ) ;
#3950 = CARTESIAN_POINT ( 'NONE',  ( 61.45498096618710093, 18.00000000000000000, -3.598826542333103617 ) ) ;
#3951 = AXIS2_PLACEMENT_3D ( 'NONE', #2408, #3424, #3403 ) ;
#3952 = CARTESIAN_POINT ( 'NONE',  ( 55.82472368695761133, 12.99999999999999822, -10.25155719337981708 ) ) ;
#3953 = CARTESIAN_POINT ( 'NONE',  ( 56.38048759010504085, 12.99999999999999822, -10.50383662975147381 ) ) ;
#3954 = B_SPLINE_CURVE_WITH_KNOTS ( 'NONE', 3,
 ( #3068, #2232, #1608, #2923, #1962, #363, #3491, #3802, #1375, #1651, #3194, #1899, #3232, #697, #95, #2256, #320, #382, #2633, #1626, #678, #2900, #2548, #1000, #976, #3516, #3535, #2616, #1353, #78 ),
 .UNSPECIFIED., .F., .F.,
 ( 4, 2, 2, 2, 2, 2, 2, 2, 2, 2, 2, 2, 2, 2, 4 ),
 ( -5.999999999312067097E-08, 0.0002728437312560638836, 0.0005457474625121209056, 0.001091554925024245141, 0.002183169850048503804, 0.003274784775072762683, 0.004366399700097021996, 0.005458014625121280876, 0.006549629550145539755, 0.008732859400194048841, 0.01309931910029106528, 0.01419093402531532155, 0.01528254895033957783, 0.01637416387536383064, 0.01746577880038808692 ),
 .UNSPECIFIED. ) ;
#3955 = AXIS2_PLACEMENT_3D ( 'NONE', #545, #1141, #1819 ) ;
#3956 = ORIENTED_EDGE ( 'NONE', *, *, #926, .T. ) ;
#3957 = CARTESIAN_POINT ( 'NONE',  ( 74.77525148034872871, 15.95420440116455474, 1.000003369765920080 ) ) ;
#3958 = SPHERICAL_SURFACE ( 'NONE', #3498, 1.000000000000000000 ) ;
#3959 = CARTESIAN_POINT ( 'NONE',  ( 73.13030202024162918, 2.161628897818812955, -0.5933434636932418682 ) ) ;
#3960 = CIRCLE ( 'NONE', #1268, 1.000000000000000000 ) ;
#3961 = CARTESIAN_POINT ( 'NONE',  ( 11.48585640105792827, 1.000000000000001110, -5.881801939228480158 ) ) ;
#3962 = VERTEX_POINT ( 'NONE', #1425 ) ;
#3963 = DIRECTION ( 'NONE',  ( 0.000000000000000000, 0.000000000000000000, -1.000000000000000000 ) ) ;
#3964 = EDGE_CURVE ( 'NONE', #2053, #611, #1765, .T. ) ;
#3965 = CARTESIAN_POINT ( 'NONE',  ( 29.90768267546001269, 5.749999999999993783, -11.40592384528768477 ) ) ;
#3966 = CARTESIAN_POINT ( 'NONE',  ( 56.26947687377554530, 5.000000000000000888, -10.41307380230821522 ) ) ;
#3967 = DIRECTION ( 'NONE',  ( 1.000000000000000000, 0.000000000000000000, 0.000000000000000000 ) ) ;
#3968 = ADVANCED_FACE ( 'NONE', ( #2415 ), #1041, .T. ) ;
#3969 = EDGE_CURVE ( 'NONE', #1977, #3776, #3123, .T. ) ;
#3970 = LINE ( 'NONE', #843, #665 ) ;
#3971 = DIRECTION ( 'NONE',  ( -0.9915168612932924175, -0.000000000000000000, -0.1299781280489077373 ) ) ;
#3972 = DIRECTION ( 'NONE',  ( 1.000000000000000000, 0.000000000000000000, -0.000000000000000000 ) ) ;
#3973 = CARTESIAN_POINT ( 'NONE',  ( 56.75340358948358954, 0.000000000000000000, -10.59492087666664162 ) ) ;
#3974 = CARTESIAN_POINT ( 'NONE',  ( 30.02495778835974249, 14.79999999999999893, -3.039399045556857804 ) ) ;
#3975 = AXIS2_PLACEMENT_3D ( 'NONE', #2488, #571, #2446 ) ;
#3976 = CARTESIAN_POINT ( 'NONE',  ( 56.15894402109940842, 12.99999999999999822, -10.37243121521329847 ) ) ;
#3977 = CARTESIAN_POINT ( 'NONE',  ( 56.60303582260262090, 17.99999999999999645, -10.45211105590536249 ) ) ;
#3978 = ADVANCED_FACE ( 'NONE', ( #128 ), #1291, .T. ) ;
#3979 = ORIENTED_EDGE ( 'NONE', *, *, #178, .F. ) ;
#3980 = LINE ( 'NONE', #3648, #849 ) ;
#3981 = EDGE_CURVE ( 'NONE', #1580, #4069, #2407, .T. ) ;
#3982 = CARTESIAN_POINT ( 'NONE',  ( 18.26166008461213508, 0.7793076022240085221, -17.34603110526186498 ) ) ;
#3983 = EDGE_CURVE ( 'NONE', #1102, #2630, #2763, .T. ) ;
#3984 = CARTESIAN_POINT ( 'NONE',  ( 73.80209119370653070, 3.120262845811824004, -0.6601420453683977119 ) ) ;
#3985 = CARTESIAN_POINT ( 'NONE',  ( 20.49340743876093640, 18.00000000000000000, -0.9518523596452653779 ) ) ;
#3986 = EDGE_LOOP ( 'NONE', ( #2082, #455 ) ) ;
#3987 = CARTESIAN_POINT ( 'NONE',  ( 18.09292237223219502, -1.904630156274761723E-12, -2.673672417719139549 ) ) ;
#3988 = DIRECTION ( 'NONE',  ( -0.000000000000000000, -1.000000000000000000, -0.000000000000000000 ) ) ;
#3989 = EDGE_CURVE ( 'NONE', #3667, #2967, #3150, .T. ) ;
#3990 = DIRECTION ( 'NONE',  ( 1.000000000000000000, 0.000000000000000000, 0.000000000000000000 ) ) ;
#3991 = ORIENTED_EDGE ( 'NONE', *, *, #1091, .T. ) ;
#3992 = B_SPLINE_CURVE_WITH_KNOTS ( 'NONE', 3,
 ( #3999, #576, #2800, #224, #1148, #1850, #1493, #2756, #1536 ),
 .UNSPECIFIED., .F., .F.,
 ( 4, 1, 2, 2, 4 ),
 ( 0.001834246714391519345, 0.01193009556266827823, 0.01445405777473746448, 0.01697801998680664726, 0.02202594441094501976 ),
 .UNSPECIFIED. ) ;
#3993 = CARTESIAN_POINT ( 'NONE',  ( 58.14759325554822311, 8.673617379884035472E-16, -5.777210385240499235 ) ) ;
#3994 = CARTESIAN_POINT ( 'NONE',  ( 36.26094873425586229, 11.63876753810079023, -10.00259599760315332 ) ) ;
#3995 = CARTESIAN_POINT ( 'NONE',  ( 56.40334477318447171, 5.000000000000000888, -10.49854698658881524 ) ) ;
#3996 = CARTESIAN_POINT ( 'NONE',  ( 11.37483762623737960, 8.673617379884035472E-16, -18.91755816671669521 ) ) ;
#3997 = APPLICATION_CONTEXT ( 'automotive_design' ) ;
#3998 = CARTESIAN_POINT ( 'NONE',  ( 74.19650363053543174, 13.78062841126868321, -0.6989393993558177254 ) ) ;
#3999 = CARTESIAN_POINT ( 'NONE',  ( 10.80482655665319314, 8.673617379884035472E-16, -18.93850021331661537 ) ) ;
#4000 = DIRECTION ( 'NONE',  ( 0.000000000000000000, -1.000000000000000000, 0.000000000000000000 ) ) ;
#4001 = PLANE ( 'NONE',  #3623 ) ;
#4002 = DIRECTION ( 'NONE',  ( -1.000000000000000000, 0.000000000000000000, 0.000000000000000000 ) ) ;
#4003 = ORIENTED_EDGE ( 'NONE', *, *, #959, .F. ) ;
#4004 = CARTESIAN_POINT ( 'NONE',  ( 56.68344828278790715, 0.03868102047980748193, -5.938357622366591926 ) ) ;
#4005 = LINE ( 'NONE', #2480, #1849 ) ;
#4006 = CARTESIAN_POINT ( 'NONE',  ( 25.06508466426978288, 4.749999999999990230, -15.43264500671691764 ) ) ;
#4007 = CARTESIAN_POINT ( 'NONE',  ( 24.92480774631093610, 17.00000000000062528, 0.9662419769317558416 ) ) ;
#4008 = ORIENTED_EDGE ( 'NONE', *, *, #1306, .T. ) ;
#4009 = CARTESIAN_POINT ( 'NONE',  ( 22.87906562268511479, -2.099805150252615368E-12, 0.4252188417707923329 ) ) ;
#4010 = DIRECTION ( 'NONE',  ( 0.000000000000000000, 1.000000000000000000, 0.000000000000000000 ) ) ;
#4011 = CARTESIAN_POINT ( 'NONE',  ( 67.50608998600402799, 16.99999999999999645, 1.000003369765737560 ) ) ;
#4012 = ORIENTED_EDGE ( 'NONE', *, *, #681, .T. ) ;
#4013 = CYLINDRICAL_SURFACE ( 'NONE', #3975, 2.950000000000001066 ) ;
#4014 = DIRECTION ( 'NONE',  ( 0.3867502363366917550, 0.000000000000000000, -0.9221845014385748884 ) ) ;
#4015 = EDGE_CURVE ( 'NONE', #810, #3660, #2854, .T. ) ;
#4016 = CARTESIAN_POINT ( 'NONE',  ( 10.80482655665320380, 18.00000000000000000, -18.93850021331660471 ) ) ;
#4017 = CARTESIAN_POINT ( 'NONE',  ( 56.46170738294489411, 5.000000000000000888, -10.48504062499555012 ) ) ;
#4018 = CARTESIAN_POINT ( 'NONE',  ( 33.24722245036155499, 4.687499999999992006, -11.08763305457375381 ) ) ;
#4019 = DIRECTION ( 'NONE',  ( 0.8660254037844387076, -0.000000000000000000, 0.4999999999999999445 ) ) ;
#4020 =( BOUNDED_SURFACE ( )  B_SPLINE_SURFACE ( 3, 2, ( 
 ( #847, #3973, #3357 ),
 ( #1783, #1475, #1166 ),
 ( #2427, #1188, #2451 ),
 ( #877, #2514, #3771 ),
 ( #942, #284, #2820 ),
 ( #4081, #3459, #2198 ),
 ( #3143, #620, #1553 ),
 ( #1248, #1800, #570 ),
 ( #3993, #869, #3704 ),
 ( #841, #3655, #3966 ),
 ( #547, #1843, #1182 ),
 ( #1507, #2773, #1752 ),
 ( #1822, #3090, #3067 ),
 ( #486, #3020, #3045 ),
 ( #1160, #4038, #171 ),
 ( #1142, #2445, #217 ),
 ( #2466, #2421, #2399 ),
 ( #890, #2154, #2089 ),
 ( #1776, #197, #723 ),
 ( #2596, #700, #1965 ),
 ( #387, #2618, #406 ),
 ( #3278, #2636, #1397 ),
 ( #1042, #1243, #936 ),
 ( #2045, #3116, #2469 ),
 ( #1847, #1207, #3420 ),
 ( #3731, #1884, #3141 ),
 ( #2798, #637, #3457 ),
 ( #1567, #263, #893 ),
 ( #2489, #659, #2818 ),
 ( #4100, #2509, #1534 ),
 ( #1587, #3769, #1923 ),
 ( #2841, #2233, #282 ),
 ( #2534, #3195, #940 ),
 ( #2173, #1900, #912 ),
 ( #3786, #2157, #3174 ),
 ( #957, #300, #3440 ),
 ( #1609, #574, #1867 ),
 ( #4061, #3748, #1225 ),
 ( #3805, #4079, #2216 ),
 ( #3473, #344, #324 ),
 ( #1272, #4041, #2195 ),
 ( #597, #1551, #1246 ),
 ( #2862, #618, #3158 ),
 ( #19, #1286, #2549 ),
 ( #977, #3493, #2998 ),
 ( #1748, #1117, #814 ),
 ( #1307, #3940, #679 ),
 ( #2259, #500, #2568 ),
 ( #1963, #1443, #1627 ),
 ( #2352, #1426, #459 ) ),
 .UNSPECIFIED., .F., .F., .T. ) 
 B_SPLINE_SURFACE_WITH_KNOTS ( ( 4, 2, 2, 2, 2, 2, 2, 2, 2, 2, 2, 2, 2, 2, 2, 2, 2, 2, 2, 2, 2, 2, 2, 2, 4 ),
 ( 3, 3 ),
 ( 0.05252055495688384007, 0.05272592345380330836, 0.05282860770226303904, 0.05287994982649290437, 0.05293129195072276971, 0.05334202894456169242, 0.05416350293223955170, 0.05580645090759525639, 0.05909234685830667966, 0.06073529483366239129, 0.06237824280901810292, 0.06566413875972952618, 0.06895003471044094945, 0.07059298268579665414, 0.07223593066115235883, 0.07880772256257520536, 0.08209361851328662862, 0.08537951446399805189, 0.08866541041470946127, 0.09030835839006517984, 0.09051372688698464120, 0.09071909538390410255, 0.09112983237774302525, 0.09195130636542088454, 0.1050948901682665637 ),
 ( 0.000000000000000000, 1.000000000000000000 ),
 .UNSPECIFIED. ) 
 GEOMETRIC_REPRESENTATION_ITEM ( )  RATIONAL_B_SPLINE_SURFACE ( (
 ( 1.000000000000000000, 0.7071067811865474617, 1.000000000000000000),
 ( 1.000000000000000000, 0.7071067811865474617, 1.000000000000000000),
 ( 1.000000000000000000, 0.7071067811865473507, 1.000000000000000000),
 ( 1.000000000000000000, 0.7071067811865473507, 1.000000000000000000),
 ( 1.000000000000000000, 0.7071067811865475727, 1.000000000000000000),
 ( 1.000000000000000000, 0.7071067811865475727, 1.000000000000000000),
 ( 1.000000000000000000, 0.7071067811865473507, 1.000000000000000000),
 ( 1.000000000000000000, 0.7071067811865473507, 1.000000000000000000),
 ( 1.000000000000000000, 0.7071067811865476838, 1.000000000000000000),
 ( 1.000000000000000000, 0.7071067811865476838, 1.000000000000000000),
 ( 1.000000000000000000, 0.7071067811865476838, 1.000000000000000000),
 ( 1.000000000000000000, 0.7071067811865476838, 1.000000000000000000),
 ( 1.000000000000000000, 0.7071067811865472397, 1.000000000000000000),
 ( 1.000000000000000000, 0.7071067811865472397, 1.000000000000000000),
 ( 1.000000000000000000, 0.7071067811865475727, 1.000000000000000000),
 ( 1.000000000000000000, 0.7071067811865475727, 1.000000000000000000),
 ( 1.000000000000000000, 0.7071067811865475727, 1.000000000000000000),
 ( 1.000000000000000000, 0.7071067811865475727, 1.000000000000000000),
 ( 1.000000000000000000, 0.7071067811865475727, 1.000000000000000000),
 ( 1.000000000000000000, 0.7071067811865475727, 1.000000000000000000),
 ( 1.000000000000000000, 0.7071067811865475727, 1.000000000000000000),
 ( 1.000000000000000000, 0.7071067811865475727, 1.000000000000000000),
 ( 1.000000000000000000, 0.7071067811865474617, 1.000000000000000000),
 ( 1.000000000000000000, 0.7071067811865474617, 1.000000000000000000),
 ( 1.000000000000000000, 0.7071067811865474617, 1.000000000000000000),
 ( 1.000000000000000000, 0.7071067811865474617, 1.000000000000000000),
 ( 1.000000000000000000, 0.7071067811865475727, 1.000000000000000000),
 ( 1.000000000000000000, 0.7071067811865475727, 1.000000000000000000),
 ( 1.000000000000000000, 0.7071067811865475727, 1.000000000000000000),
 ( 1.000000000000000000, 0.7071067811865475727, 1.000000000000000000),
 ( 1.000000000000000000, 0.7071067811865475727, 1.000000000000000000),
 ( 1.000000000000000000, 0.7071067811865475727, 1.000000000000000000),
 ( 1.000000000000000000, 0.7071067811865475727, 1.000000000000000000),
 ( 1.000000000000000000, 0.7071067811865475727, 1.000000000000000000),
 ( 1.000000000000000000, 0.7071067811865475727, 1.000000000000000000),
 ( 1.000000000000000000, 0.7071067811865475727, 1.000000000000000000),
 ( 1.000000000000000000, 0.7071067811865475727, 1.000000000000000000),
 ( 1.000000000000000000, 0.7071067811865475727, 1.000000000000000000),
 ( 1.000000000000000000, 0.7071067811865477948, 1.000000000000000000),
 ( 1.000000000000000000, 0.7071067811865477948, 1.000000000000000000),
 ( 1.000000000000000000, 0.7071067811865473507, 1.000000000000000000),
 ( 1.000000000000000000, 0.7071067811865473507, 1.000000000000000000),
 ( 1.000000000000000000, 0.7071067811865477948, 1.000000000000000000),
 ( 1.000000000000000000, 0.7071067811865477948, 1.000000000000000000),
 ( 1.000000000000000000, 0.7071067811865475727, 1.000000000000000000),
 ( 1.000000000000000000, 0.7071067811865475727, 1.000000000000000000),
 ( 1.000000000000000000, 0.7071067811865473507, 1.000000000000000000),
 ( 1.000000000000000000, 0.7071067811865473507, 1.000000000000000000),
 ( 1.000000000000000000, 0.7071067811865475727, 1.000000000000000000),
 ( 1.000000000000000000, 0.7071067811865475727, 1.000000000000000000) ) ) 
 REPRESENTATION_ITEM ( '' )  SURFACE ( )  );
#4021 = CARTESIAN_POINT ( 'NONE',  ( 28.31995778835973354, 2.600000000000000089, -3.036252418651918195 ) ) ;
#4022 = DIRECTION ( 'NONE',  ( -0.000000000000000000, 0.000000000000000000, -1.000000000000000000 ) ) ;
#4023 = EDGE_CURVE ( 'NONE', #1668, #1380, #3255, .T. ) ;
#4024 = VERTEX_POINT ( 'NONE', #252 ) ;
#4025 = CARTESIAN_POINT ( 'NONE',  ( 56.64943361827388202, 0.2470720308951286082, -6.923511845444725310 ) ) ;
#4026 = CARTESIAN_POINT ( 'NONE',  ( 24.29814085939407420, 3.513813419708204489, -15.61523087444552615 ) ) ;
#4027 = CARTESIAN_POINT ( 'NONE',  ( 12.74941679387679372, 4.749999999999993783, -19.43744705462573208 ) ) ;
#4028 = TOROIDAL_SURFACE ( 'NONE', #445, 6.000000000000000000, 1.000000000000000000 ) ;
#4029 = CARTESIAN_POINT ( 'NONE',  ( 13.27216712976268376, 17.00000000000126832, -5.422221215098374181 ) ) ;
#4030 = EDGE_LOOP ( 'NONE', ( #692, #3797, #529 ) ) ;
#4031 = CARTESIAN_POINT ( 'NONE',  ( 24.92746556790207180, 1.000000000000000888, 0.9665895722708510718 ) ) ;
#4032 = CARTESIAN_POINT ( 'NONE',  ( 16.87863763768851655, 12.24999999999998757, -4.744091057485760210 ) ) ;
#4033 = VECTOR ( 'NONE', #3548, 1000.000000000000000 ) ;
#4034 = AXIS2_PLACEMENT_3D ( 'NONE', #3014, #1082, #2391 ) ;
#4035 = B_SPLINE_CURVE_WITH_KNOTS ( 'NONE', 3,
 ( #3460, #2261, #3807, #2844, #3218, #2235, #662, #3, #3475, #1591, #1629, #1274, #621, #2218 ),
 .UNSPECIFIED., .F., .F.,
 ( 4, 2, 2, 2, 2, 2, 4 ),
 ( 0.002337901758874725948, 0.007487084929465262322, 0.01006167651476053138, 0.01263626810005580303, 0.01778545127064634288, 0.02036004285594159025, 0.02293463444123684108 ),
 .UNSPECIFIED. ) ;
#4036 = CARTESIAN_POINT ( 'NONE',  ( 73.56244054220279338, 13.00000000000000178, 1.000003369765737560 ) ) ;
#4037 = CARTESIAN_POINT ( 'NONE',  ( 73.56244054220279338, 5.000000000000000888, 1.000003369765737560 ) ) ;
#4038 = CARTESIAN_POINT ( 'NONE',  ( 54.47682587645020647, 7.090117369738831596E-13, -9.805008133641372581 ) ) ;
#4039 = CARTESIAN_POINT ( 'NONE',  ( 54.67464717984476863, 13.00000000000000178, -9.854795926768563419 ) ) ;
#4040 = LINE ( 'NONE', #2468, #3840 ) ;
#4041 = CARTESIAN_POINT ( 'NONE',  ( 25.44272430317187172, 4.950132051196009945E-14, -15.26740195227583818 ) ) ;
#4042 = DIRECTION ( 'NONE',  ( 0.000000000000000000, 0.000000000000000000, -1.000000000000000000 ) ) ;
#4043 = AXIS2_PLACEMENT_3D ( 'NONE', #1569, #600, #1554 ) ;
#4044 = CARTESIAN_POINT ( 'NONE',  ( 25.77135769114199704, 16.99999999999999645, 3.369765737499044733E-06 ) ) ;
#4045 = CARTESIAN_POINT ( 'NONE',  ( 21.05161044332098896, 5.749999999999997335, -1.770541749933758569 ) ) ;
#4046 = CARTESIAN_POINT ( 'NONE',  ( 56.68842876943880071, 17.99999999999952749, -10.57044524270670571 ) ) ;
#4047 = CARTESIAN_POINT ( 'NONE',  ( 30.34038421362279081, 4.687499999999990230, -12.30671705923619186 ) ) ;
#4048 = ORIENTED_EDGE ( 'NONE', *, *, #3726, .F. ) ;
#4049 = CARTESIAN_POINT ( 'NONE',  ( 23.96363624506641798, 18.00000000000000000, -0.2469776697805939336 ) ) ;
#4050 = CARTESIAN_POINT ( 'NONE',  ( 24.86266811547487166, 4.190374989158756946, -15.48009450483008287 ) ) ;
#4051 = CARTESIAN_POINT ( 'NONE',  ( 24.52017338427537396, 14.28008756545741065, -15.56156077036582452 ) ) ;
#4052 = CARTESIAN_POINT ( 'NONE',  ( 25.03535184844620431, 17.99999999999999645, -0.02941224122802305399 ) ) ;
#4053 = EDGE_CURVE ( 'NONE', #759, #3428, #1084, .T. ) ;
#4054 = EDGE_LOOP ( 'NONE', ( #2343, #212, #3888, #428 ) ) ;
#4055 = CARTESIAN_POINT ( 'NONE',  ( 15.64565140744767646, 6.505213034913026604E-15, -5.523701949543510459 ) ) ;
#4056 = DIRECTION ( 'NONE',  ( 0.000000000000000000, -1.000000000000000000, -0.000000000000000000 ) ) ;
#4057 = CARTESIAN_POINT ( 'NONE',  ( 10.02495778835974249, 14.79999999999999893, -12.98939904555686020 ) ) ;
#4058 = ORIENTED_EDGE ( 'NONE', *, *, #2581, .F. ) ;
#4059 = CARTESIAN_POINT ( 'NONE',  ( 11.56210964119079421, 1.000000000000000888, -19.84778355227338054 ) ) ;
#4060 = CARTESIAN_POINT ( 'NONE',  ( 56.56944936803142099, 16.80013604552383555, -8.676685775346291152 ) ) ;
#4061 = CARTESIAN_POINT ( 'NONE',  ( 23.73481892126493165, -1.734723475976807094E-15, -10.42130707942844836 ) ) ;
#4062 = CARTESIAN_POINT ( 'NONE',  ( 42.95055190033723136, 8.673617379884035472E-16, -3.591793477942754276 ) ) ;
#4063 = CARTESIAN_POINT ( 'NONE',  ( 28.31995778835972999, 2.600000000000000089, -8.942545672461802653 ) ) ;
#4064 = CARTESIAN_POINT ( 'NONE',  ( 20.45560280812090070, 5.749999999999990230, -2.193739833563643771 ) ) ;
#4065 = CARTESIAN_POINT ( 'NONE',  ( 0.000000000000000000, 18.00000000000000000, 0.000000000000000000 ) ) ;
#4066 = LINE ( 'NONE', #1232, #3829 ) ;
#4067 = VERTEX_POINT ( 'NONE', #1813 ) ;
#4068 = B_SPLINE_CURVE_WITH_KNOTS ( 'NONE', 3,
 ( #1430, #3021, #2716, #3927, #3353, #198, #505, #487, #1753, #1470, #2693, #1105, #172, #135, #1415, #1777, #2733, #67, #2603, #3994, #1029, #3680, #1161, #2356, #778, #2422, #842, #2111 ),
 .UNSPECIFIED., .F., .F.,
 ( 4, 2, 2, 2, 2, 2, 2, 2, 2, 2, 2, 2, 2, 4 ),
 ( 0.001527360343973590022, 0.002835837458153510696, 0.003490076015243480032, 0.004144314572333449367, 0.004798553129423418703, 0.005452791686513388039, 0.006107030243603354773, 0.006761268800693320639, 0.008069745914873258444, 0.009378223029053195381, 0.01003246158614316125, 0.01068670014323312711, 0.01134093870032309125, 0.01199517725741305711 ),
 .UNSPECIFIED. ) ;
#4069 = VERTEX_POINT ( 'NONE', #586 ) ;
#4070 = CARTESIAN_POINT ( 'NONE',  ( 21.97356759469429122, 17.99999999999999645, -1.181086278030623715 ) ) ;
#4071 = CARTESIAN_POINT ( 'NONE',  ( 25.38556614574351400, 4.687499999999987566, -15.29321486565272714 ) ) ;
#4072 = CARTESIAN_POINT ( 'NONE',  ( 20.42480454296303094, 16.17233310501499233, -16.66763105329784267 ) ) ;
#4073 = CARTESIAN_POINT ( 'NONE',  ( 18.09392132338082604, 17.99999999999999645, -2.672916651896075191 ) ) ;
#4074 = VERTEX_POINT ( 'NONE', #3411 ) ;
#4075 = CARTESIAN_POINT ( 'NONE',  ( 19.87994689817769256, 1.000000000000636158, -1.377982585794028436 ) ) ;
#4076 = DIRECTION ( 'NONE',  ( -1.000000000000000000, 0.000000000000000000, 3.469446951953613794E-15 ) ) ;
#4077 = ORIENTED_EDGE ( 'NONE', *, *, #3724, .T. ) ;
#4078 = LINE ( 'NONE', #1508, #1292 ) ;
#4079 = CARTESIAN_POINT ( 'NONE',  ( 25.96613670347466041, 4.827178460737357841E-13, -14.92633815318300528 ) ) ;
#4080 = CARTESIAN_POINT ( 'NONE',  ( 10.02495778835974249, 0.9999999999999974465, -5.989399045556861090 ) ) ;
#4081 = CARTESIAN_POINT ( 'NONE',  ( 58.21167517893579202, 8.673617379884035472E-16, -5.801260749933906169 ) ) ;
#4082 = CARTESIAN_POINT ( 'NONE',  ( 73.56244054220279338, 4.661113143357047406, 1.000003369765738004 ) ) ;
#4083 = CARTESIAN_POINT ( 'NONE',  ( 13.27216712976263757, 4.750000000000626166, -5.422221215098387503 ) ) ;
#4084 = CARTESIAN_POINT ( 'NONE',  ( 32.62153440617748146, 4.749999999999994671, 1.000003369765737560 ) ) ;
#4085 = VERTEX_POINT ( 'NONE', #3059 ) ;
#4086 = VERTEX_POINT ( 'NONE', #2831 ) ;
#4087 = CARTESIAN_POINT ( 'NONE',  ( 74.20426002887082007, 1.516475467985402670, 1.000003369765792405 ) ) ;
#4088 = CARTESIAN_POINT ( 'NONE',  ( 28.31995778835973354, 0.000000000000000000, -3.036252418651918195 ) ) ;
#4089 = CARTESIAN_POINT ( 'NONE',  ( 19.87294604858944425, 16.29139059786243138, -16.83582605756655326 ) ) ;
#4090 = CARTESIAN_POINT ( 'NONE',  ( 24.68726383111345513, 12.99999999999999822, -15.76562825779422639 ) ) ;
#4091 = AXIS2_PLACEMENT_3D ( 'NONE', #3409, #3057, #3364 ) ;
#4092 = ORIENTED_EDGE ( 'NONE', *, *, #2695, .F. ) ;
#4093 = CARTESIAN_POINT ( 'NONE',  ( 25.06508466426987880, 4.749999999999992006, -15.43264500671689454 ) ) ;
#4094 = CARTESIAN_POINT ( 'NONE',  ( 10.69335591973145050, 13.24999999999998934, -5.989399045556862866 ) ) ;
#4095 = VECTOR ( 'NONE', #96, 1000.000000000000000 ) ;
#4096 = ORIENTED_EDGE ( 'NONE', *, *, #3989, .F. ) ;
#4097 = AXIS2_PLACEMENT_3D ( 'NONE', #3594, #3033, #738 ) ;
#4098 = DIRECTION ( 'NONE',  ( 0.000000000000000000, -0.000000000000000000, 1.000000000000000000 ) ) ;
#4099 = TOROIDAL_SURFACE ( 'NONE', #521, 6.000000000000000000, 1.000000000000000000 ) ;
#4100 = CARTESIAN_POINT ( 'NONE',  ( 37.08891808624878195, 0.000000000000000000, -4.510567557436966801 ) ) ;
#4101 = AXIS2_PLACEMENT_3D ( 'NONE', #413, #1996, #140 ) ;
#4102 = DIRECTION ( 'NONE',  ( -0.000000000000000000, 1.000000000000000000, -0.000000000000000000 ) ) ;
ENDSEC;
END-ISO-10303-21;
