ISO-10303-21;
HEADER;
/* Generated by software containing ST-Developer
 * from STEP Tools, Inc. (www.steptools.com) 
 */

FILE_DESCRIPTION(
/* description */ ('STEP AP214'),
/* implementation_level */ '2;1');

FILE_NAME(
/* name */ 'T2M1BD.step',
/* time_stamp */ '2026-06-27T09:56:57-04:00',
/* author */ (''),
/* organization */ (''),
/* preprocessor_version */ 'ST-DEVELOPER v20.1',
/* originating_system */ 'Autodesk Translation Framework v15.8.0.0',
/* authorisation */ '');

FILE_SCHEMA (('AUTOMOTIVE_DESIGN { 1 0 10303 214 3 1 1 }'));
ENDSEC;

DATA;
#10=MECHANICAL_DESIGN_GEOMETRIC_PRESENTATION_REPRESENTATION('',(#13),#1953);
#11=SHAPE_REPRESENTATION_RELATIONSHIP('SRR','None',#1960,#12);
#12=ADVANCED_BREP_SHAPE_REPRESENTATION('',(#14),#1952);
#13=STYLED_ITEM('',(#1970),#14);
#14=MANIFOLD_SOLID_BREP('T2M1BD',#959);
#15=(
BOUNDED_SURFACE()
B_SPLINE_SURFACE(3,2,((#1920,#1921,#1922),(#1923,#1924,#1925),(#1926,#1927,
#1928),(#1929,#1930,#1931),(#1932,#1933,#1934),(#1935,#1936,#1937),(#1938,
#1939,#1940),(#1941,#1942,#1943),(#1944,#1945,#1946),(#1947,#1948,#1949)),
 .UNSPECIFIED.,.F.,.F.,.F.)
B_SPLINE_SURFACE_WITH_KNOTS((4,2,2,2,4),(3,3),(0.,0.0081826900735499,0.0122740351103249,
0.0163653801470998,0.0327307602941996),(0.,1.),.UNSPECIFIED.)
GEOMETRIC_REPRESENTATION_ITEM()
RATIONAL_B_SPLINE_SURFACE(((1.,0.707106781186546,1.),(1.,0.707106781186546,
1.),(1.,0.707106781186546,1.),(1.,0.707106781186546,1.),(1.,0.707106781186546,
1.),(1.,0.707106781186546,1.),(1.,0.707106781186546,1.),(1.,0.707106781186546,
1.),(1.,0.707106781186546,1.),(1.,0.707106781186546,1.)))
REPRESENTATION_ITEM('')
SURFACE()
);
#16=CONICAL_SURFACE('',#1049,3.,0.785398163397447);
#17=CONICAL_SURFACE('',#1051,3.,0.785398163397446);
#18=CONICAL_SURFACE('',#1053,3.,0.785398163397447);
#19=FACE_BOUND('',#291,.T.);
#20=FACE_BOUND('',#292,.T.);
#21=FACE_BOUND('',#302,.T.);
#22=FACE_BOUND('',#303,.T.);
#23=FACE_BOUND('',#305,.T.);
#24=FACE_BOUND('',#307,.T.);
#25=FACE_BOUND('',#316,.T.);
#26=FACE_BOUND('',#333,.T.);
#27=PLANE('',#994);
#28=PLANE('',#999);
#29=PLANE('',#1001);
#30=PLANE('',#1021);
#31=PLANE('',#1025);
#32=PLANE('',#1029);
#33=PLANE('',#1034);
#34=PLANE('',#1035);
#35=PLANE('',#1036);
#36=PLANE('',#1037);
#37=PLANE('',#1038);
#38=PLANE('',#1039);
#39=PLANE('',#1040);
#40=PLANE('',#1043);
#41=PLANE('',#1044);
#42=PLANE('',#1045);
#43=PLANE('',#1050);
#44=PLANE('',#1052);
#45=PLANE('',#1054);
#46=PLANE('',#1055);
#47=PLANE('',#1056);
#48=PLANE('',#1057);
#49=PLANE('',#1058);
#50=PLANE('',#1059);
#51=PLANE('',#1060);
#52=LINE('',#1440,#126);
#53=LINE('',#1441,#127);
#54=LINE('',#1456,#128);
#55=LINE('',#1458,#129);
#56=LINE('',#1478,#130);
#57=LINE('',#1481,#131);
#58=LINE('',#1484,#132);
#59=LINE('',#1486,#133);
#60=LINE('',#1488,#134);
#61=LINE('',#1490,#135);
#62=LINE('',#1492,#136);
#63=LINE('',#1493,#137);
#64=LINE('',#1496,#138);
#65=LINE('',#1522,#139);
#66=LINE('',#1545,#140);
#67=LINE('',#1611,#141);
#68=LINE('',#1640,#142);
#69=LINE('',#1642,#143);
#70=LINE('',#1644,#144);
#71=LINE('',#1646,#145);
#72=LINE('',#1648,#146);
#73=LINE('',#1649,#147);
#74=LINE('',#1652,#148);
#75=LINE('',#1654,#149);
#76=LINE('',#1655,#150);
#77=LINE('',#1660,#151);
#78=LINE('',#1664,#152);
#79=LINE('',#1739,#153);
#80=LINE('',#1745,#154);
#81=LINE('',#1750,#155);
#82=LINE('',#1796,#156);
#83=LINE('',#1801,#157);
#84=LINE('',#1804,#158);
#85=LINE('',#1806,#159);
#86=LINE('',#1808,#160);
#87=LINE('',#1810,#161);
#88=LINE('',#1812,#162);
#89=LINE('',#1813,#163);
#90=LINE('',#1822,#164);
#91=LINE('',#1824,#165);
#92=LINE('',#1826,#166);
#93=LINE('',#1828,#167);
#94=LINE('',#1830,#168);
#95=LINE('',#1831,#169);
#96=LINE('',#1839,#170);
#97=LINE('',#1840,#171);
#98=LINE('',#1842,#172);
#99=LINE('',#1843,#173);
#100=LINE('',#1845,#174);
#101=LINE('',#1847,#175);
#102=LINE('',#1849,#176);
#103=LINE('',#1851,#177);
#104=LINE('',#1856,#178);
#105=LINE('',#1859,#179);
#106=LINE('',#1861,#180);
#107=LINE('',#1863,#181);
#108=LINE('',#1867,#182);
#109=LINE('',#1872,#183);
#110=LINE('',#1875,#184);
#111=LINE('',#1877,#185);
#112=LINE('',#1879,#186);
#113=LINE('',#1881,#187);
#114=LINE('',#1885,#188);
#115=LINE('',#1887,#189);
#116=LINE('',#1888,#190);
#117=LINE('',#1891,#191);
#118=LINE('',#1892,#192);
#119=LINE('',#1895,#193);
#120=LINE('',#1896,#194);
#121=LINE('',#1899,#195);
#122=LINE('',#1900,#196);
#123=LINE('',#1903,#197);
#124=LINE('',#1904,#198);
#125=LINE('',#1906,#199);
#126=VECTOR('',#1089,10.);
#127=VECTOR('',#1090,10.);
#128=VECTOR('',#1109,10.);
#129=VECTOR('',#1110,10.);
#130=VECTOR('',#1119,1000.);
#131=VECTOR('',#1122,1000.);
#132=VECTOR('',#1125,1000.);
#133=VECTOR('',#1126,1000.);
#134=VECTOR('',#1127,1000.);
#135=VECTOR('',#1128,1000.);
#136=VECTOR('',#1129,1000.);
#137=VECTOR('',#1130,1000.);
#138=VECTOR('',#1133,1000.);
#139=VECTOR('',#1138,1000.);
#140=VECTOR('',#1141,1000.);
#141=VECTOR('',#1142,1000.);
#142=VECTOR('',#1147,10.);
#143=VECTOR('',#1148,10.);
#144=VECTOR('',#1149,10.);
#145=VECTOR('',#1150,10.);
#146=VECTOR('',#1151,10.);
#147=VECTOR('',#1152,10.);
#148=VECTOR('',#1155,1000.);
#149=VECTOR('',#1156,1000.);
#150=VECTOR('',#1157,1000.);
#151=VECTOR('',#1162,1000.);
#152=VECTOR('',#1165,1000.);
#153=VECTOR('',#1180,3.5);
#154=VECTOR('',#1187,2.);
#155=VECTOR('',#1194,1.65);
#156=VECTOR('',#1205,1000.);
#157=VECTOR('',#1210,1000.);
#158=VECTOR('',#1211,1000.);
#159=VECTOR('',#1212,1000.);
#160=VECTOR('',#1213,1000.);
#161=VECTOR('',#1214,1000.);
#162=VECTOR('',#1215,1000.);
#163=VECTOR('',#1216,1000.);
#164=VECTOR('',#1225,10.);
#165=VECTOR('',#1226,10.);
#166=VECTOR('',#1227,10.);
#167=VECTOR('',#1228,10.);
#168=VECTOR('',#1229,10.);
#169=VECTOR('',#1230,10.);
#170=VECTOR('',#1241,1000.);
#171=VECTOR('',#1242,1000.);
#172=VECTOR('',#1245,10.);
#173=VECTOR('',#1246,10.);
#174=VECTOR('',#1249,10.);
#175=VECTOR('',#1252,10.);
#176=VECTOR('',#1255,10.);
#177=VECTOR('',#1258,10.);
#178=VECTOR('',#1265,1000.);
#179=VECTOR('',#1268,1000.);
#180=VECTOR('',#1271,1000.);
#181=VECTOR('',#1274,1000.);
#182=VECTOR('',#1277,1000.);
#183=VECTOR('',#1282,1000.);
#184=VECTOR('',#1287,1000.);
#185=VECTOR('',#1290,1000.);
#186=VECTOR('',#1293,1000.);
#187=VECTOR('',#1296,1000.);
#188=VECTOR('',#1301,1000.);
#189=VECTOR('',#1302,1000.);
#190=VECTOR('',#1303,1000.);
#191=VECTOR('',#1306,1000.);
#192=VECTOR('',#1307,1000.);
#193=VECTOR('',#1310,1000.);
#194=VECTOR('',#1311,1000.);
#195=VECTOR('',#1314,1000.);
#196=VECTOR('',#1315,1000.);
#197=VECTOR('',#1318,1000.);
#198=VECTOR('',#1319,1000.);
#199=VECTOR('',#1322,1000.);
#200=CYLINDRICAL_SURFACE('',#978,1.);
#201=CYLINDRICAL_SURFACE('',#988,1.);
#202=CYLINDRICAL_SURFACE('',#992,6.);
#203=CYLINDRICAL_SURFACE('',#995,5.);
#204=CYLINDRICAL_SURFACE('',#1002,10.);
#205=CYLINDRICAL_SURFACE('',#1006,5.5);
#206=CYLINDRICAL_SURFACE('',#1010,3.5);
#207=CYLINDRICAL_SURFACE('',#1013,2.);
#208=CYLINDRICAL_SURFACE('',#1016,1.65);
#209=CYLINDRICAL_SURFACE('',#1018,6.);
#210=CYLINDRICAL_SURFACE('',#1033,7.);
#211=CYLINDRICAL_SURFACE('',#1041,3.00000000000001);
#212=CYLINDRICAL_SURFACE('',#1061,2.);
#213=CYLINDRICAL_SURFACE('',#1062,2.);
#214=CYLINDRICAL_SURFACE('',#1068,1.);
#215=CYLINDRICAL_SURFACE('',#1069,1.);
#216=TOROIDAL_SURFACE('',#974,4.,1.);
#217=TOROIDAL_SURFACE('',#980,5.,1.);
#218=TOROIDAL_SURFACE('',#984,11.,1.);
#219=TOROIDAL_SURFACE('',#989,4.5,1.);
#220=TOROIDAL_SURFACE('',#1008,4.5,1.);
#221=TOROIDAL_SURFACE('',#1063,11.,1.);
#222=TOROIDAL_SURFACE('',#1066,5.,1.);
#223=TOROIDAL_SURFACE('',#1071,4.,1.);
#224=FACE_OUTER_BOUND('',#279,.T.);
#225=FACE_OUTER_BOUND('',#280,.T.);
#226=FACE_OUTER_BOUND('',#281,.T.);
#227=FACE_OUTER_BOUND('',#282,.T.);
#228=FACE_OUTER_BOUND('',#283,.T.);
#229=FACE_OUTER_BOUND('',#284,.T.);
#230=FACE_OUTER_BOUND('',#285,.T.);
#231=FACE_OUTER_BOUND('',#286,.T.);
#232=FACE_OUTER_BOUND('',#287,.T.);
#233=FACE_OUTER_BOUND('',#288,.T.);
#234=FACE_OUTER_BOUND('',#289,.T.);
#235=FACE_OUTER_BOUND('',#290,.T.);
#236=FACE_OUTER_BOUND('',#293,.T.);
#237=FACE_OUTER_BOUND('',#294,.T.);
#238=FACE_OUTER_BOUND('',#295,.T.);
#239=FACE_OUTER_BOUND('',#296,.T.);
#240=FACE_OUTER_BOUND('',#297,.T.);
#241=FACE_OUTER_BOUND('',#298,.T.);
#242=FACE_OUTER_BOUND('',#299,.T.);
#243=FACE_OUTER_BOUND('',#300,.T.);
#244=FACE_OUTER_BOUND('',#301,.T.);
#245=FACE_OUTER_BOUND('',#304,.T.);
#246=FACE_OUTER_BOUND('',#306,.T.);
#247=FACE_OUTER_BOUND('',#308,.T.);
#248=FACE_OUTER_BOUND('',#309,.T.);
#249=FACE_OUTER_BOUND('',#310,.T.);
#250=FACE_OUTER_BOUND('',#311,.T.);
#251=FACE_OUTER_BOUND('',#312,.T.);
#252=FACE_OUTER_BOUND('',#313,.T.);
#253=FACE_OUTER_BOUND('',#314,.T.);
#254=FACE_OUTER_BOUND('',#315,.T.);
#255=FACE_OUTER_BOUND('',#317,.T.);
#256=FACE_OUTER_BOUND('',#318,.T.);
#257=FACE_OUTER_BOUND('',#319,.T.);
#258=FACE_OUTER_BOUND('',#320,.T.);
#259=FACE_OUTER_BOUND('',#321,.T.);
#260=FACE_OUTER_BOUND('',#322,.T.);
#261=FACE_OUTER_BOUND('',#323,.T.);
#262=FACE_OUTER_BOUND('',#324,.T.);
#263=FACE_OUTER_BOUND('',#325,.T.);
#264=FACE_OUTER_BOUND('',#326,.T.);
#265=FACE_OUTER_BOUND('',#327,.T.);
#266=FACE_OUTER_BOUND('',#328,.T.);
#267=FACE_OUTER_BOUND('',#329,.T.);
#268=FACE_OUTER_BOUND('',#330,.T.);
#269=FACE_OUTER_BOUND('',#331,.T.);
#270=FACE_OUTER_BOUND('',#332,.T.);
#271=FACE_OUTER_BOUND('',#334,.T.);
#272=FACE_OUTER_BOUND('',#335,.T.);
#273=FACE_OUTER_BOUND('',#336,.T.);
#274=FACE_OUTER_BOUND('',#337,.T.);
#275=FACE_OUTER_BOUND('',#338,.T.);
#276=FACE_OUTER_BOUND('',#339,.T.);
#277=FACE_OUTER_BOUND('',#340,.T.);
#278=FACE_OUTER_BOUND('',#341,.T.);
#279=EDGE_LOOP('',(#628,#629,#630,#631));
#280=EDGE_LOOP('',(#632,#633,#634,#635));
#281=EDGE_LOOP('',(#636,#637,#638,#639));
#282=EDGE_LOOP('',(#640,#641,#642,#643));
#283=EDGE_LOOP('',(#644,#645,#646,#647));
#284=EDGE_LOOP('',(#648,#649,#650,#651));
#285=EDGE_LOOP('',(#652,#653,#654,#655));
#286=EDGE_LOOP('',(#656,#657,#658,#659));
#287=EDGE_LOOP('',(#660,#661,#662,#663,#664,#665,#666,#667));
#288=EDGE_LOOP('',(#668,#669,#670,#671,#672,#673,#674,#675));
#289=EDGE_LOOP('',(#676,#677,#678,#679,#680,#681,#682,#683,#684,#685,#686,
#687));
#290=EDGE_LOOP('',(#688,#689,#690,#691,#692,#693,#694));
#291=EDGE_LOOP('',(#695));
#292=EDGE_LOOP('',(#696,#697,#698,#699,#700,#701));
#293=EDGE_LOOP('',(#702,#703,#704,#705));
#294=EDGE_LOOP('',(#706,#707,#708,#709,#710,#711,#712,#713));
#295=EDGE_LOOP('',(#714,#715,#716,#717));
#296=EDGE_LOOP('',(#718,#719,#720,#721));
#297=EDGE_LOOP('',(#722,#723,#724,#725));
#298=EDGE_LOOP('',(#726,#727,#728,#729));
#299=EDGE_LOOP('',(#730,#731,#732,#733));
#300=EDGE_LOOP('',(#734,#735,#736,#737));
#301=EDGE_LOOP('',(#738,#739,#740,#741,#742,#743,#744));
#302=EDGE_LOOP('',(#745,#746,#747,#748,#749,#750));
#303=EDGE_LOOP('',(#751));
#304=EDGE_LOOP('',(#752,#753,#754,#755,#756,#757));
#305=EDGE_LOOP('',(#758,#759,#760,#761,#762,#763));
#306=EDGE_LOOP('',(#764,#765,#766,#767,#768,#769));
#307=EDGE_LOOP('',(#770));
#308=EDGE_LOOP('',(#771,#772,#773,#774));
#309=EDGE_LOOP('',(#775,#776,#777,#778));
#310=EDGE_LOOP('',(#779,#780,#781,#782));
#311=EDGE_LOOP('',(#783,#784,#785,#786));
#312=EDGE_LOOP('',(#787,#788,#789,#790));
#313=EDGE_LOOP('',(#791,#792,#793,#794));
#314=EDGE_LOOP('',(#795,#796,#797,#798));
#315=EDGE_LOOP('',(#799));
#316=EDGE_LOOP('',(#800));
#317=EDGE_LOOP('',(#801,#802,#803,#804));
#318=EDGE_LOOP('',(#805,#806,#807,#808));
#319=EDGE_LOOP('',(#809,#810,#811,#812));
#320=EDGE_LOOP('',(#813,#814,#815,#816,#817,#818));
#321=EDGE_LOOP('',(#819,#820,#821));
#322=EDGE_LOOP('',(#822,#823,#824,#825,#826));
#323=EDGE_LOOP('',(#827,#828,#829,#830));
#324=EDGE_LOOP('',(#831,#832,#833,#834,#835));
#325=EDGE_LOOP('',(#836,#837,#838));
#326=EDGE_LOOP('',(#839,#840,#841,#842));
#327=EDGE_LOOP('',(#843,#844,#845,#846));
#328=EDGE_LOOP('',(#847,#848,#849,#850));
#329=EDGE_LOOP('',(#851,#852,#853,#854));
#330=EDGE_LOOP('',(#855,#856,#857,#858));
#331=EDGE_LOOP('',(#859,#860,#861,#862));
#332=EDGE_LOOP('',(#863,#864,#865,#866,#867,#868));
#333=EDGE_LOOP('',(#869));
#334=EDGE_LOOP('',(#870,#871,#872,#873));
#335=EDGE_LOOP('',(#874,#875,#876,#877));
#336=EDGE_LOOP('',(#878,#879,#880,#881));
#337=EDGE_LOOP('',(#882,#883,#884,#885));
#338=EDGE_LOOP('',(#886,#887,#888,#889));
#339=EDGE_LOOP('',(#890,#891,#892,#893));
#340=EDGE_LOOP('',(#894,#895,#896,#897));
#341=EDGE_LOOP('',(#898,#899,#900,#901));
#342=CIRCLE('',#973,1.);
#343=CIRCLE('',#975,1.00000000000003);
#344=CIRCLE('',#976,4.);
#345=CIRCLE('',#977,5.);
#346=CIRCLE('',#979,0.999999999999996);
#347=CIRCLE('',#981,0.999999999999994);
#348=CIRCLE('',#982,5.);
#349=CIRCLE('',#983,6.);
#350=CIRCLE('',#985,1.00000000000001);
#351=CIRCLE('',#986,11.);
#352=CIRCLE('',#987,10.);
#353=CIRCLE('',#990,4.5);
#354=CIRCLE('',#991,5.5);
#355=CIRCLE('',#993,6.);
#356=CIRCLE('',#996,5.);
#357=CIRCLE('',#997,5.);
#358=CIRCLE('',#998,5.);
#359=CIRCLE('',#1000,1.65);
#360=CIRCLE('',#1003,10.);
#361=CIRCLE('',#1004,10.);
#362=CIRCLE('',#1005,10.);
#363=CIRCLE('',#1007,5.5);
#364=CIRCLE('',#1009,4.5);
#365=CIRCLE('',#1011,3.5);
#366=CIRCLE('',#1012,3.5);
#367=CIRCLE('',#1014,2.);
#368=CIRCLE('',#1015,2.);
#369=CIRCLE('',#1017,1.65);
#370=CIRCLE('',#1019,6.);
#371=CIRCLE('',#1020,6.);
#372=CIRCLE('',#1022,4.);
#373=CIRCLE('',#1023,11.);
#374=CIRCLE('',#1024,5.);
#375=CIRCLE('',#1026,7.);
#376=CIRCLE('',#1027,2.);
#377=CIRCLE('',#1028,2.);
#378=CIRCLE('',#1030,2.);
#379=CIRCLE('',#1031,7.);
#380=CIRCLE('',#1032,2.);
#381=CIRCLE('',#1042,3.);
#382=CIRCLE('',#1046,2.49999999999999);
#383=CIRCLE('',#1047,2.49999999999999);
#384=CIRCLE('',#1048,2.5);
#385=CIRCLE('',#1064,1.);
#386=CIRCLE('',#1065,1.);
#387=CIRCLE('',#1067,1.);
#388=CIRCLE('',#1070,1.);
#389=CIRCLE('',#1072,1.);
#390=B_SPLINE_CURVE_WITH_KNOTS('',3,(#1377,#1378,#1379,#1380,#1381),
 .UNSPECIFIED.,.F.,.F.,(4,1,4),(4.48755490181304E-12,1.38924189823395,3.24156442920657),
 .UNSPECIFIED.);
#391=B_SPLINE_CURVE_WITH_KNOTS('',3,(#1385,#1386,#1387,#1388,#1389),
 .UNSPECIFIED.,.F.,.F.,(4,1,4),(-3.24156442920657,-1.38924189823395,-0.00742574235048605),
 .UNSPECIFIED.);
#392=B_SPLINE_CURVE_WITH_KNOTS('',3,(#1390,#1391,#1392,#1393,#1394,#1395,
#1396,#1397,#1398,#1399,#1400,#1401,#1402,#1403,#1404,#1405,#1406,#1407,
#1408,#1409,#1410,#1411,#1412,#1413,#1414,#1415,#1416,#1417,#1418,#1419,
#1420,#1421,#1422,#1423,#1424,#1425,#1426,#1427,#1428,#1429),
 .UNSPECIFIED.,.F.,.F.,(4,3,3,3,3,3,3,3,3,3,3,3,3,4),(-0.000462990377534151,
0.,0.0132164645357952,0.0267121820520777,0.0402078995683602,0.0537273573481386,
0.0672468151279171,0.0793367933940287,0.092624273079468,0.106099577514411,
0.118364537636687,0.131841114990997,0.145001055417302,0.157343401311588),
 .UNSPECIFIED.);
#393=B_SPLINE_CURVE_WITH_KNOTS('',3,(#1459,#1460,#1461,#1462,#1463,#1464,
#1465,#1466,#1467,#1468,#1469,#1470,#1471,#1472),.UNSPECIFIED.,.F.,.F.,
(4,2,2,2,2,2,4),(-0.161040643901335,-0.123447463053595,-0.0850748989393617,
-0.0450042220683876,-0.0225676127920922,0.,0.00048806788729983),
 .UNSPECIFIED.);
#394=B_SPLINE_CURVE_WITH_KNOTS('',3,(#1500,#1501,#1502,#1503,#1504,#1505,
#1506,#1507,#1508,#1509,#1510,#1511,#1512,#1513,#1514,#1515,#1516,#1517,
#1518),.UNSPECIFIED.,.F.,.F.,(4,2,2,2,3,2,2,2,4),(-0.466330361623163,-0.35012509024339,
-0.233919818863617,-0.116959909431809,0.,0.116959909431809,0.233919818863617,
0.35012509024339,0.466330361623163),.UNSPECIFIED.);
#395=B_SPLINE_CURVE_WITH_KNOTS('',3,(#1546,#1547,#1548,#1549,#1550,#1551,
#1552,#1553,#1554,#1555,#1556,#1557,#1558,#1559,#1560,#1561,#1562,#1563,
#1564,#1565,#1566,#1567,#1568,#1569,#1570,#1571,#1572,#1573,#1574,#1575,
#1576,#1577,#1578,#1579,#1580,#1581,#1582,#1583,#1584,#1585),
 .UNSPECIFIED.,.F.,.F.,(4,3,3,3,3,3,3,3,3,3,3,3,3,4),(0.,0.0035067572742407,
0.00706029673494353,0.0106419237742054,0.0142666593390947,0.0157531676991931,
0.0163939432884031,0.018307347457554,0.0197725981015216,0.0200831770531841,
0.0237921736897019,0.0242990773446512,0.0280735697751986,0.031848062205746),
 .UNSPECIFIED.);
#396=B_SPLINE_CURVE_WITH_KNOTS('',3,(#1587,#1588,#1589,#1590),
 .UNSPECIFIED.,.F.,.F.,(4,4),(0.254497634911396,0.311031069163459),
 .UNSPECIFIED.);
#397=B_SPLINE_CURVE_WITH_KNOTS('',3,(#1592,#1593,#1594,#1595),
 .UNSPECIFIED.,.F.,.F.,(4,4),(0.,0.000384766764076366),.UNSPECIFIED.);
#398=B_SPLINE_CURVE_WITH_KNOTS('',3,(#1597,#1598,#1599,#1600,#1601,#1602,
#1603,#1604,#1605,#1606,#1607,#1608,#1609),.UNSPECIFIED.,.F.,.F.,(4,3,3,
3,4),(-0.138403222470765,-0.0771380364280766,-0.0692646228991928,-0.00454032483236831,
-1.00000003086454E-6),.UNSPECIFIED.);
#399=B_SPLINE_CURVE_WITH_KNOTS('',3,(#1613,#1614,#1615,#1616,#1617,#1618,
#1619,#1620,#1621,#1622,#1623,#1624,#1625),.UNSPECIFIED.,.F.,.F.,(4,3,3,
3,4),(-0.138479247302717,-0.0737133435451201,-0.0693534578121771,-0.00805158413708552,
-1.00000001115747E-6),.UNSPECIFIED.);
#400=B_SPLINE_CURVE_WITH_KNOTS('',3,(#1627,#1628,#1629,#1630),
 .UNSPECIFIED.,.F.,.F.,(4,4),(0.,0.000384766764091582),.UNSPECIFIED.);
#401=B_SPLINE_CURVE_WITH_KNOTS('',3,(#1631,#1632,#1633,#1634),
 .UNSPECIFIED.,.F.,.F.,(4,4),(0.688968930836541,0.745502365088605),
 .UNSPECIFIED.);
#402=B_SPLINE_CURVE_WITH_KNOTS('',3,(#1670,#1671,#1672,#1673,#1674,#1675,
#1676,#1677,#1678,#1679,#1680,#1681,#1682,#1683),.UNSPECIFIED.,.F.,.F.,
(4,2,2,2,2,2,4),(0.161040643523908,0.198633824281564,0.237006388303851,
0.277077065078807,0.299513674301337,0.322081287047854,0.322569354932674),
 .UNSPECIFIED.);
#403=B_SPLINE_CURVE_WITH_KNOTS('',3,(#1686,#1687,#1688,#1689,#1690,#1691,
#1692,#1693,#1694,#1695,#1696,#1697,#1698,#1699,#1700,#1701,#1702,#1703,
#1704,#1705,#1706,#1707,#1708,#1709,#1710,#1711,#1712,#1713,#1714,#1715,
#1716,#1717,#1718,#1719,#1720,#1721,#1722,#1723,#1724,#1725,#1726,#1727,
#1728,#1729,#1730,#1731,#1732,#1733,#1734),.UNSPECIFIED.,.F.,.F.,(4,3,3,
3,3,3,3,3,3,3,3,3,3,3,3,3,4),(3.46944695195361E-18,0.000114210649091142,
0.000232912721394925,0.000357254800399324,0.000391086588416939,0.000513827491721521,
0.000639070236669406,0.000767478769788678,0.000782173176833875,0.00089348941703731,
0.00100440379390953,0.00111505696975281,0.00117325976525081,0.00127103874658192,
0.00136861283703141,0.0014664844857631,0.00156434635366775),
 .UNSPECIFIED.);
#404=B_SPLINE_CURVE_WITH_KNOTS('',3,(#1758,#1759,#1760,#1761,#1762,#1763,
#1764,#1765,#1766,#1767,#1768,#1769,#1770,#1771,#1772,#1773,#1774,#1775,
#1776,#1777,#1778,#1779,#1780,#1781,#1782,#1783,#1784,#1785,#1786,#1787,
#1788,#1789,#1790,#1791,#1792,#1793,#1794),.UNSPECIFIED.,.F.,.F.,(4,3,3,
3,3,3,3,3,3,3,3,3,4),(1.73472347597681E-18,0.00808956532327528,0.00818269007696597,
0.0121343479849129,0.0122740363809912,0.0146859896617871,0.0161791306465506,
0.016364386065803,0.0201548746500033,0.0238605382739554,0.0275206025951544,
0.0311189969260487,0.0323582612931011),.UNSPECIFIED.);
#405=VERTEX_POINT('',#1375);
#406=VERTEX_POINT('',#1376);
#407=VERTEX_POINT('',#1382);
#408=VERTEX_POINT('',#1384);
#409=VERTEX_POINT('',#1431);
#410=VERTEX_POINT('',#1432);
#411=VERTEX_POINT('',#1437);
#412=VERTEX_POINT('',#1438);
#413=VERTEX_POINT('',#1443);
#414=VERTEX_POINT('',#1444);
#415=VERTEX_POINT('',#1449);
#416=VERTEX_POINT('',#1450);
#417=VERTEX_POINT('',#1455);
#418=VERTEX_POINT('',#1457);
#419=VERTEX_POINT('',#1477);
#420=VERTEX_POINT('',#1479);
#421=VERTEX_POINT('',#1483);
#422=VERTEX_POINT('',#1485);
#423=VERTEX_POINT('',#1487);
#424=VERTEX_POINT('',#1489);
#425=VERTEX_POINT('',#1491);
#426=VERTEX_POINT('',#1495);
#427=VERTEX_POINT('',#1497);
#428=VERTEX_POINT('',#1499);
#429=VERTEX_POINT('',#1519);
#430=VERTEX_POINT('',#1521);
#431=VERTEX_POINT('',#1544);
#432=VERTEX_POINT('',#1586);
#433=VERTEX_POINT('',#1591);
#434=VERTEX_POINT('',#1596);
#435=VERTEX_POINT('',#1610);
#436=VERTEX_POINT('',#1612);
#437=VERTEX_POINT('',#1626);
#438=VERTEX_POINT('',#1636);
#439=VERTEX_POINT('',#1638);
#440=VERTEX_POINT('',#1639);
#441=VERTEX_POINT('',#1641);
#442=VERTEX_POINT('',#1643);
#443=VERTEX_POINT('',#1645);
#444=VERTEX_POINT('',#1647);
#445=VERTEX_POINT('',#1651);
#446=VERTEX_POINT('',#1653);
#447=VERTEX_POINT('',#1657);
#448=VERTEX_POINT('',#1659);
#449=VERTEX_POINT('',#1661);
#450=VERTEX_POINT('',#1663);
#451=VERTEX_POINT('',#1669);
#452=VERTEX_POINT('',#1684);
#453=VERTEX_POINT('',#1736);
#454=VERTEX_POINT('',#1738);
#455=VERTEX_POINT('',#1742);
#456=VERTEX_POINT('',#1744);
#457=VERTEX_POINT('',#1748);
#458=VERTEX_POINT('',#1755);
#459=VERTEX_POINT('',#1756);
#460=VERTEX_POINT('',#1795);
#461=VERTEX_POINT('',#1797);
#462=VERTEX_POINT('',#1799);
#463=VERTEX_POINT('',#1802);
#464=VERTEX_POINT('',#1803);
#465=VERTEX_POINT('',#1805);
#466=VERTEX_POINT('',#1807);
#467=VERTEX_POINT('',#1809);
#468=VERTEX_POINT('',#1811);
#469=VERTEX_POINT('',#1815);
#470=VERTEX_POINT('',#1816);
#471=VERTEX_POINT('',#1820);
#472=VERTEX_POINT('',#1821);
#473=VERTEX_POINT('',#1823);
#474=VERTEX_POINT('',#1825);
#475=VERTEX_POINT('',#1827);
#476=VERTEX_POINT('',#1829);
#477=VERTEX_POINT('',#1833);
#478=VERTEX_POINT('',#1835);
#479=VERTEX_POINT('',#1855);
#480=VERTEX_POINT('',#1857);
#481=VERTEX_POINT('',#1865);
#482=VERTEX_POINT('',#1866);
#483=VERTEX_POINT('',#1869);
#484=VERTEX_POINT('',#1871);
#485=VERTEX_POINT('',#1884);
#486=VERTEX_POINT('',#1886);
#487=VERTEX_POINT('',#1890);
#488=VERTEX_POINT('',#1894);
#489=VERTEX_POINT('',#1898);
#490=VERTEX_POINT('',#1902);
#491=EDGE_CURVE('',#405,#406,#390,.T.);
#492=EDGE_CURVE('',#406,#407,#342,.T.);
#493=EDGE_CURVE('',#407,#408,#391,.T.);
#494=EDGE_CURVE('',#408,#405,#392,.T.);
#495=EDGE_CURVE('',#409,#410,#343,.T.);
#496=EDGE_CURVE('',#410,#407,#344,.T.);
#497=EDGE_CURVE('',#406,#409,#345,.T.);
#498=EDGE_CURVE('',#411,#412,#346,.T.);
#499=EDGE_CURVE('',#412,#410,#52,.T.);
#500=EDGE_CURVE('',#409,#411,#53,.T.);
#501=EDGE_CURVE('',#413,#414,#347,.T.);
#502=EDGE_CURVE('',#414,#412,#348,.T.);
#503=EDGE_CURVE('',#411,#413,#349,.T.);
#504=EDGE_CURVE('',#415,#416,#350,.T.);
#505=EDGE_CURVE('',#416,#414,#351,.T.);
#506=EDGE_CURVE('',#413,#415,#352,.T.);
#507=EDGE_CURVE('',#417,#416,#54,.T.);
#508=EDGE_CURVE('',#415,#418,#55,.T.);
#509=EDGE_CURVE('',#418,#417,#393,.T.);
#510=EDGE_CURVE('',#408,#417,#353,.T.);
#511=EDGE_CURVE('',#418,#405,#354,.T.);
#512=EDGE_CURVE('',#419,#411,#56,.T.);
#513=EDGE_CURVE('',#420,#419,#355,.T.);
#514=EDGE_CURVE('',#420,#413,#57,.T.);
#515=EDGE_CURVE('',#409,#421,#58,.T.);
#516=EDGE_CURVE('',#421,#422,#59,.T.);
#517=EDGE_CURVE('',#422,#423,#60,.T.);
#518=EDGE_CURVE('',#424,#423,#61,.T.);
#519=EDGE_CURVE('',#424,#425,#62,.T.);
#520=EDGE_CURVE('',#425,#419,#63,.T.);
#521=EDGE_CURVE('',#426,#406,#64,.T.);
#522=EDGE_CURVE('',#426,#427,#356,.T.);
#523=EDGE_CURVE('',#427,#428,#394,.T.);
#524=EDGE_CURVE('',#428,#429,#357,.T.);
#525=EDGE_CURVE('',#430,#429,#65,.T.);
#526=EDGE_CURVE('',#430,#421,#358,.T.);
#527=EDGE_CURVE('',#431,#405,#66,.T.);
#528=EDGE_CURVE('',#431,#430,#395,.T.);
#529=EDGE_CURVE('',#429,#432,#396,.T.);
#530=EDGE_CURVE('',#432,#433,#397,.T.);
#531=EDGE_CURVE('',#433,#434,#398,.T.);
#532=EDGE_CURVE('',#435,#434,#67,.T.);
#533=EDGE_CURVE('',#435,#436,#399,.T.);
#534=EDGE_CURVE('',#436,#437,#400,.T.);
#535=EDGE_CURVE('',#437,#426,#401,.T.);
#536=EDGE_CURVE('',#438,#438,#359,.T.);
#537=EDGE_CURVE('',#439,#440,#68,.T.);
#538=EDGE_CURVE('',#441,#439,#69,.T.);
#539=EDGE_CURVE('',#442,#441,#70,.T.);
#540=EDGE_CURVE('',#443,#442,#71,.T.);
#541=EDGE_CURVE('',#444,#443,#72,.T.);
#542=EDGE_CURVE('',#440,#444,#73,.T.);
#543=EDGE_CURVE('',#415,#445,#74,.T.);
#544=EDGE_CURVE('',#445,#446,#75,.T.);
#545=EDGE_CURVE('',#446,#418,#76,.T.);
#546=EDGE_CURVE('',#447,#420,#360,.T.);
#547=EDGE_CURVE('',#447,#448,#77,.T.);
#548=EDGE_CURVE('',#449,#448,#361,.T.);
#549=EDGE_CURVE('',#450,#449,#78,.T.);
#550=EDGE_CURVE('',#450,#445,#362,.T.);
#551=EDGE_CURVE('',#446,#431,#363,.T.);
#552=EDGE_CURVE('',#446,#451,#402,.T.);
#553=EDGE_CURVE('',#452,#451,#364,.T.);
#554=EDGE_CURVE('',#431,#452,#403,.T.);
#555=EDGE_CURVE('',#453,#453,#365,.T.);
#556=EDGE_CURVE('',#453,#454,#79,.T.);
#557=EDGE_CURVE('',#454,#454,#366,.T.);
#558=EDGE_CURVE('',#455,#455,#367,.T.);
#559=EDGE_CURVE('',#455,#456,#80,.T.);
#560=EDGE_CURVE('',#456,#456,#368,.T.);
#561=EDGE_CURVE('',#457,#457,#369,.T.);
#562=EDGE_CURVE('',#457,#438,#81,.T.);
#563=EDGE_CURVE('',#422,#450,#370,.T.);
#564=EDGE_CURVE('',#449,#423,#371,.T.);
#565=EDGE_CURVE('',#458,#459,#372,.T.);
#566=EDGE_CURVE('',#459,#452,#404,.T.);
#567=EDGE_CURVE('',#451,#460,#82,.T.);
#568=EDGE_CURVE('',#460,#461,#373,.T.);
#569=EDGE_CURVE('',#461,#462,#374,.T.);
#570=EDGE_CURVE('',#462,#458,#83,.T.);
#571=EDGE_CURVE('',#463,#464,#84,.T.);
#572=EDGE_CURVE('',#465,#463,#85,.T.);
#573=EDGE_CURVE('',#466,#465,#86,.T.);
#574=EDGE_CURVE('',#467,#466,#87,.T.);
#575=EDGE_CURVE('',#468,#467,#88,.T.);
#576=EDGE_CURVE('',#464,#468,#89,.T.);
#577=EDGE_CURVE('',#469,#470,#375,.T.);
#578=EDGE_CURVE('',#469,#447,#376,.T.);
#579=EDGE_CURVE('',#425,#470,#377,.T.);
#580=EDGE_CURVE('',#471,#472,#90,.F.);
#581=EDGE_CURVE('',#473,#471,#91,.F.);
#582=EDGE_CURVE('',#474,#473,#92,.F.);
#583=EDGE_CURVE('',#475,#474,#93,.F.);
#584=EDGE_CURVE('',#476,#475,#94,.F.);
#585=EDGE_CURVE('',#472,#476,#95,.F.);
#586=EDGE_CURVE('',#448,#477,#378,.T.);
#587=EDGE_CURVE('',#477,#478,#379,.T.);
#588=EDGE_CURVE('',#478,#424,#380,.T.);
#589=EDGE_CURVE('',#477,#469,#96,.T.);
#590=EDGE_CURVE('',#470,#478,#97,.T.);
#591=EDGE_CURVE('',#472,#441,#98,.F.);
#592=EDGE_CURVE('',#471,#439,#99,.F.);
#593=EDGE_CURVE('',#476,#442,#100,.T.);
#594=EDGE_CURVE('',#475,#443,#101,.F.);
#595=EDGE_CURVE('',#474,#444,#102,.T.);
#596=EDGE_CURVE('',#473,#440,#103,.T.);
#597=EDGE_CURVE('',#479,#427,#104,.T.);
#598=EDGE_CURVE('',#479,#480,#381,.T.);
#599=EDGE_CURVE('',#480,#428,#105,.T.);
#600=EDGE_CURVE('',#480,#432,#106,.T.);
#601=EDGE_CURVE('',#437,#479,#107,.T.);
#602=EDGE_CURVE('',#481,#482,#108,.T.);
#603=EDGE_CURVE('',#482,#435,#382,.T.);
#604=EDGE_CURVE('',#434,#483,#383,.T.);
#605=EDGE_CURVE('',#483,#484,#109,.T.);
#606=EDGE_CURVE('',#484,#481,#384,.T.);
#607=EDGE_CURVE('',#483,#433,#110,.T.);
#608=EDGE_CURVE('',#484,#480,#111,.T.);
#609=EDGE_CURVE('',#481,#479,#112,.T.);
#610=EDGE_CURVE('',#482,#436,#113,.T.);
#611=EDGE_CURVE('',#485,#464,#114,.T.);
#612=EDGE_CURVE('',#486,#485,#115,.T.);
#613=EDGE_CURVE('',#486,#463,#116,.T.);
#614=EDGE_CURVE('',#487,#486,#117,.T.);
#615=EDGE_CURVE('',#487,#465,#118,.T.);
#616=EDGE_CURVE('',#488,#487,#119,.T.);
#617=EDGE_CURVE('',#488,#466,#120,.T.);
#618=EDGE_CURVE('',#489,#488,#121,.T.);
#619=EDGE_CURVE('',#489,#467,#122,.T.);
#620=EDGE_CURVE('',#490,#489,#123,.T.);
#621=EDGE_CURVE('',#490,#468,#124,.T.);
#622=EDGE_CURVE('',#485,#490,#125,.T.);
#623=EDGE_CURVE('',#445,#460,#385,.T.);
#624=EDGE_CURVE('',#461,#450,#386,.T.);
#625=EDGE_CURVE('',#462,#422,#387,.T.);
#626=EDGE_CURVE('',#458,#421,#388,.T.);
#627=EDGE_CURVE('',#459,#430,#389,.T.);
#628=ORIENTED_EDGE('',*,*,#491,.T.);
#629=ORIENTED_EDGE('',*,*,#492,.T.);
#630=ORIENTED_EDGE('',*,*,#493,.T.);
#631=ORIENTED_EDGE('',*,*,#494,.T.);
#632=ORIENTED_EDGE('',*,*,#495,.T.);
#633=ORIENTED_EDGE('',*,*,#496,.T.);
#634=ORIENTED_EDGE('',*,*,#492,.F.);
#635=ORIENTED_EDGE('',*,*,#497,.T.);
#636=ORIENTED_EDGE('',*,*,#498,.T.);
#637=ORIENTED_EDGE('',*,*,#499,.T.);
#638=ORIENTED_EDGE('',*,*,#495,.F.);
#639=ORIENTED_EDGE('',*,*,#500,.T.);
#640=ORIENTED_EDGE('',*,*,#501,.T.);
#641=ORIENTED_EDGE('',*,*,#502,.T.);
#642=ORIENTED_EDGE('',*,*,#498,.F.);
#643=ORIENTED_EDGE('',*,*,#503,.T.);
#644=ORIENTED_EDGE('',*,*,#504,.T.);
#645=ORIENTED_EDGE('',*,*,#505,.T.);
#646=ORIENTED_EDGE('',*,*,#501,.F.);
#647=ORIENTED_EDGE('',*,*,#506,.T.);
#648=ORIENTED_EDGE('',*,*,#507,.T.);
#649=ORIENTED_EDGE('',*,*,#504,.F.);
#650=ORIENTED_EDGE('',*,*,#508,.T.);
#651=ORIENTED_EDGE('',*,*,#509,.T.);
#652=ORIENTED_EDGE('',*,*,#510,.T.);
#653=ORIENTED_EDGE('',*,*,#509,.F.);
#654=ORIENTED_EDGE('',*,*,#511,.T.);
#655=ORIENTED_EDGE('',*,*,#494,.F.);
#656=ORIENTED_EDGE('',*,*,#503,.F.);
#657=ORIENTED_EDGE('',*,*,#512,.F.);
#658=ORIENTED_EDGE('',*,*,#513,.F.);
#659=ORIENTED_EDGE('',*,*,#514,.T.);
#660=ORIENTED_EDGE('',*,*,#500,.F.);
#661=ORIENTED_EDGE('',*,*,#515,.T.);
#662=ORIENTED_EDGE('',*,*,#516,.T.);
#663=ORIENTED_EDGE('',*,*,#517,.T.);
#664=ORIENTED_EDGE('',*,*,#518,.F.);
#665=ORIENTED_EDGE('',*,*,#519,.T.);
#666=ORIENTED_EDGE('',*,*,#520,.T.);
#667=ORIENTED_EDGE('',*,*,#512,.T.);
#668=ORIENTED_EDGE('',*,*,#497,.F.);
#669=ORIENTED_EDGE('',*,*,#521,.F.);
#670=ORIENTED_EDGE('',*,*,#522,.T.);
#671=ORIENTED_EDGE('',*,*,#523,.T.);
#672=ORIENTED_EDGE('',*,*,#524,.T.);
#673=ORIENTED_EDGE('',*,*,#525,.F.);
#674=ORIENTED_EDGE('',*,*,#526,.T.);
#675=ORIENTED_EDGE('',*,*,#515,.F.);
#676=ORIENTED_EDGE('',*,*,#491,.F.);
#677=ORIENTED_EDGE('',*,*,#527,.F.);
#678=ORIENTED_EDGE('',*,*,#528,.T.);
#679=ORIENTED_EDGE('',*,*,#525,.T.);
#680=ORIENTED_EDGE('',*,*,#529,.T.);
#681=ORIENTED_EDGE('',*,*,#530,.T.);
#682=ORIENTED_EDGE('',*,*,#531,.T.);
#683=ORIENTED_EDGE('',*,*,#532,.F.);
#684=ORIENTED_EDGE('',*,*,#533,.T.);
#685=ORIENTED_EDGE('',*,*,#534,.T.);
#686=ORIENTED_EDGE('',*,*,#535,.T.);
#687=ORIENTED_EDGE('',*,*,#521,.T.);
#688=ORIENTED_EDGE('',*,*,#493,.F.);
#689=ORIENTED_EDGE('',*,*,#496,.F.);
#690=ORIENTED_EDGE('',*,*,#499,.F.);
#691=ORIENTED_EDGE('',*,*,#502,.F.);
#692=ORIENTED_EDGE('',*,*,#505,.F.);
#693=ORIENTED_EDGE('',*,*,#507,.F.);
#694=ORIENTED_EDGE('',*,*,#510,.F.);
#695=ORIENTED_EDGE('',*,*,#536,.T.);
#696=ORIENTED_EDGE('',*,*,#537,.F.);
#697=ORIENTED_EDGE('',*,*,#538,.F.);
#698=ORIENTED_EDGE('',*,*,#539,.F.);
#699=ORIENTED_EDGE('',*,*,#540,.F.);
#700=ORIENTED_EDGE('',*,*,#541,.F.);
#701=ORIENTED_EDGE('',*,*,#542,.F.);
#702=ORIENTED_EDGE('',*,*,#508,.F.);
#703=ORIENTED_EDGE('',*,*,#543,.T.);
#704=ORIENTED_EDGE('',*,*,#544,.T.);
#705=ORIENTED_EDGE('',*,*,#545,.T.);
#706=ORIENTED_EDGE('',*,*,#506,.F.);
#707=ORIENTED_EDGE('',*,*,#514,.F.);
#708=ORIENTED_EDGE('',*,*,#546,.F.);
#709=ORIENTED_EDGE('',*,*,#547,.T.);
#710=ORIENTED_EDGE('',*,*,#548,.F.);
#711=ORIENTED_EDGE('',*,*,#549,.F.);
#712=ORIENTED_EDGE('',*,*,#550,.T.);
#713=ORIENTED_EDGE('',*,*,#543,.F.);
#714=ORIENTED_EDGE('',*,*,#511,.F.);
#715=ORIENTED_EDGE('',*,*,#545,.F.);
#716=ORIENTED_EDGE('',*,*,#551,.T.);
#717=ORIENTED_EDGE('',*,*,#527,.T.);
#718=ORIENTED_EDGE('',*,*,#551,.F.);
#719=ORIENTED_EDGE('',*,*,#552,.T.);
#720=ORIENTED_EDGE('',*,*,#553,.F.);
#721=ORIENTED_EDGE('',*,*,#554,.F.);
#722=ORIENTED_EDGE('',*,*,#555,.F.);
#723=ORIENTED_EDGE('',*,*,#556,.T.);
#724=ORIENTED_EDGE('',*,*,#557,.T.);
#725=ORIENTED_EDGE('',*,*,#556,.F.);
#726=ORIENTED_EDGE('',*,*,#558,.T.);
#727=ORIENTED_EDGE('',*,*,#559,.T.);
#728=ORIENTED_EDGE('',*,*,#560,.T.);
#729=ORIENTED_EDGE('',*,*,#559,.F.);
#730=ORIENTED_EDGE('',*,*,#561,.T.);
#731=ORIENTED_EDGE('',*,*,#562,.T.);
#732=ORIENTED_EDGE('',*,*,#536,.F.);
#733=ORIENTED_EDGE('',*,*,#562,.F.);
#734=ORIENTED_EDGE('',*,*,#517,.F.);
#735=ORIENTED_EDGE('',*,*,#563,.T.);
#736=ORIENTED_EDGE('',*,*,#549,.T.);
#737=ORIENTED_EDGE('',*,*,#564,.T.);
#738=ORIENTED_EDGE('',*,*,#565,.T.);
#739=ORIENTED_EDGE('',*,*,#566,.T.);
#740=ORIENTED_EDGE('',*,*,#553,.T.);
#741=ORIENTED_EDGE('',*,*,#567,.T.);
#742=ORIENTED_EDGE('',*,*,#568,.T.);
#743=ORIENTED_EDGE('',*,*,#569,.T.);
#744=ORIENTED_EDGE('',*,*,#570,.T.);
#745=ORIENTED_EDGE('',*,*,#571,.F.);
#746=ORIENTED_EDGE('',*,*,#572,.F.);
#747=ORIENTED_EDGE('',*,*,#573,.F.);
#748=ORIENTED_EDGE('',*,*,#574,.F.);
#749=ORIENTED_EDGE('',*,*,#575,.F.);
#750=ORIENTED_EDGE('',*,*,#576,.F.);
#751=ORIENTED_EDGE('',*,*,#557,.F.);
#752=ORIENTED_EDGE('',*,*,#577,.F.);
#753=ORIENTED_EDGE('',*,*,#578,.T.);
#754=ORIENTED_EDGE('',*,*,#546,.T.);
#755=ORIENTED_EDGE('',*,*,#513,.T.);
#756=ORIENTED_EDGE('',*,*,#520,.F.);
#757=ORIENTED_EDGE('',*,*,#579,.T.);
#758=ORIENTED_EDGE('',*,*,#580,.F.);
#759=ORIENTED_EDGE('',*,*,#581,.F.);
#760=ORIENTED_EDGE('',*,*,#582,.F.);
#761=ORIENTED_EDGE('',*,*,#583,.F.);
#762=ORIENTED_EDGE('',*,*,#584,.F.);
#763=ORIENTED_EDGE('',*,*,#585,.F.);
#764=ORIENTED_EDGE('',*,*,#564,.F.);
#765=ORIENTED_EDGE('',*,*,#548,.T.);
#766=ORIENTED_EDGE('',*,*,#586,.T.);
#767=ORIENTED_EDGE('',*,*,#587,.T.);
#768=ORIENTED_EDGE('',*,*,#588,.T.);
#769=ORIENTED_EDGE('',*,*,#518,.T.);
#770=ORIENTED_EDGE('',*,*,#560,.F.);
#771=ORIENTED_EDGE('',*,*,#587,.F.);
#772=ORIENTED_EDGE('',*,*,#589,.T.);
#773=ORIENTED_EDGE('',*,*,#577,.T.);
#774=ORIENTED_EDGE('',*,*,#590,.T.);
#775=ORIENTED_EDGE('',*,*,#580,.T.);
#776=ORIENTED_EDGE('',*,*,#591,.T.);
#777=ORIENTED_EDGE('',*,*,#538,.T.);
#778=ORIENTED_EDGE('',*,*,#592,.F.);
#779=ORIENTED_EDGE('',*,*,#585,.T.);
#780=ORIENTED_EDGE('',*,*,#593,.T.);
#781=ORIENTED_EDGE('',*,*,#539,.T.);
#782=ORIENTED_EDGE('',*,*,#591,.F.);
#783=ORIENTED_EDGE('',*,*,#584,.T.);
#784=ORIENTED_EDGE('',*,*,#594,.T.);
#785=ORIENTED_EDGE('',*,*,#540,.T.);
#786=ORIENTED_EDGE('',*,*,#593,.F.);
#787=ORIENTED_EDGE('',*,*,#583,.T.);
#788=ORIENTED_EDGE('',*,*,#595,.T.);
#789=ORIENTED_EDGE('',*,*,#541,.T.);
#790=ORIENTED_EDGE('',*,*,#594,.F.);
#791=ORIENTED_EDGE('',*,*,#582,.T.);
#792=ORIENTED_EDGE('',*,*,#596,.T.);
#793=ORIENTED_EDGE('',*,*,#542,.T.);
#794=ORIENTED_EDGE('',*,*,#595,.F.);
#795=ORIENTED_EDGE('',*,*,#581,.T.);
#796=ORIENTED_EDGE('',*,*,#592,.T.);
#797=ORIENTED_EDGE('',*,*,#537,.T.);
#798=ORIENTED_EDGE('',*,*,#596,.F.);
#799=ORIENTED_EDGE('',*,*,#555,.T.);
#800=ORIENTED_EDGE('',*,*,#558,.F.);
#801=ORIENTED_EDGE('',*,*,#597,.F.);
#802=ORIENTED_EDGE('',*,*,#598,.T.);
#803=ORIENTED_EDGE('',*,*,#599,.T.);
#804=ORIENTED_EDGE('',*,*,#523,.F.);
#805=ORIENTED_EDGE('',*,*,#599,.F.);
#806=ORIENTED_EDGE('',*,*,#600,.T.);
#807=ORIENTED_EDGE('',*,*,#529,.F.);
#808=ORIENTED_EDGE('',*,*,#524,.F.);
#809=ORIENTED_EDGE('',*,*,#535,.F.);
#810=ORIENTED_EDGE('',*,*,#601,.T.);
#811=ORIENTED_EDGE('',*,*,#597,.T.);
#812=ORIENTED_EDGE('',*,*,#522,.F.);
#813=ORIENTED_EDGE('',*,*,#602,.T.);
#814=ORIENTED_EDGE('',*,*,#603,.T.);
#815=ORIENTED_EDGE('',*,*,#532,.T.);
#816=ORIENTED_EDGE('',*,*,#604,.T.);
#817=ORIENTED_EDGE('',*,*,#605,.T.);
#818=ORIENTED_EDGE('',*,*,#606,.T.);
#819=ORIENTED_EDGE('',*,*,#604,.F.);
#820=ORIENTED_EDGE('',*,*,#531,.F.);
#821=ORIENTED_EDGE('',*,*,#607,.F.);
#822=ORIENTED_EDGE('',*,*,#530,.F.);
#823=ORIENTED_EDGE('',*,*,#600,.F.);
#824=ORIENTED_EDGE('',*,*,#608,.F.);
#825=ORIENTED_EDGE('',*,*,#605,.F.);
#826=ORIENTED_EDGE('',*,*,#607,.T.);
#827=ORIENTED_EDGE('',*,*,#608,.T.);
#828=ORIENTED_EDGE('',*,*,#598,.F.);
#829=ORIENTED_EDGE('',*,*,#609,.F.);
#830=ORIENTED_EDGE('',*,*,#606,.F.);
#831=ORIENTED_EDGE('',*,*,#601,.F.);
#832=ORIENTED_EDGE('',*,*,#534,.F.);
#833=ORIENTED_EDGE('',*,*,#610,.F.);
#834=ORIENTED_EDGE('',*,*,#602,.F.);
#835=ORIENTED_EDGE('',*,*,#609,.T.);
#836=ORIENTED_EDGE('',*,*,#533,.F.);
#837=ORIENTED_EDGE('',*,*,#603,.F.);
#838=ORIENTED_EDGE('',*,*,#610,.T.);
#839=ORIENTED_EDGE('',*,*,#571,.T.);
#840=ORIENTED_EDGE('',*,*,#611,.F.);
#841=ORIENTED_EDGE('',*,*,#612,.F.);
#842=ORIENTED_EDGE('',*,*,#613,.T.);
#843=ORIENTED_EDGE('',*,*,#572,.T.);
#844=ORIENTED_EDGE('',*,*,#613,.F.);
#845=ORIENTED_EDGE('',*,*,#614,.F.);
#846=ORIENTED_EDGE('',*,*,#615,.T.);
#847=ORIENTED_EDGE('',*,*,#573,.T.);
#848=ORIENTED_EDGE('',*,*,#615,.F.);
#849=ORIENTED_EDGE('',*,*,#616,.F.);
#850=ORIENTED_EDGE('',*,*,#617,.T.);
#851=ORIENTED_EDGE('',*,*,#574,.T.);
#852=ORIENTED_EDGE('',*,*,#617,.F.);
#853=ORIENTED_EDGE('',*,*,#618,.F.);
#854=ORIENTED_EDGE('',*,*,#619,.T.);
#855=ORIENTED_EDGE('',*,*,#575,.T.);
#856=ORIENTED_EDGE('',*,*,#619,.F.);
#857=ORIENTED_EDGE('',*,*,#620,.F.);
#858=ORIENTED_EDGE('',*,*,#621,.T.);
#859=ORIENTED_EDGE('',*,*,#576,.T.);
#860=ORIENTED_EDGE('',*,*,#621,.F.);
#861=ORIENTED_EDGE('',*,*,#622,.F.);
#862=ORIENTED_EDGE('',*,*,#611,.T.);
#863=ORIENTED_EDGE('',*,*,#612,.T.);
#864=ORIENTED_EDGE('',*,*,#622,.T.);
#865=ORIENTED_EDGE('',*,*,#620,.T.);
#866=ORIENTED_EDGE('',*,*,#618,.T.);
#867=ORIENTED_EDGE('',*,*,#616,.T.);
#868=ORIENTED_EDGE('',*,*,#614,.T.);
#869=ORIENTED_EDGE('',*,*,#561,.F.);
#870=ORIENTED_EDGE('',*,*,#586,.F.);
#871=ORIENTED_EDGE('',*,*,#547,.F.);
#872=ORIENTED_EDGE('',*,*,#578,.F.);
#873=ORIENTED_EDGE('',*,*,#589,.F.);
#874=ORIENTED_EDGE('',*,*,#579,.F.);
#875=ORIENTED_EDGE('',*,*,#519,.F.);
#876=ORIENTED_EDGE('',*,*,#588,.F.);
#877=ORIENTED_EDGE('',*,*,#590,.F.);
#878=ORIENTED_EDGE('',*,*,#623,.F.);
#879=ORIENTED_EDGE('',*,*,#550,.F.);
#880=ORIENTED_EDGE('',*,*,#624,.F.);
#881=ORIENTED_EDGE('',*,*,#568,.F.);
#882=ORIENTED_EDGE('',*,*,#624,.T.);
#883=ORIENTED_EDGE('',*,*,#563,.F.);
#884=ORIENTED_EDGE('',*,*,#625,.F.);
#885=ORIENTED_EDGE('',*,*,#569,.F.);
#886=ORIENTED_EDGE('',*,*,#623,.T.);
#887=ORIENTED_EDGE('',*,*,#567,.F.);
#888=ORIENTED_EDGE('',*,*,#552,.F.);
#889=ORIENTED_EDGE('',*,*,#544,.F.);
#890=ORIENTED_EDGE('',*,*,#625,.T.);
#891=ORIENTED_EDGE('',*,*,#516,.F.);
#892=ORIENTED_EDGE('',*,*,#626,.F.);
#893=ORIENTED_EDGE('',*,*,#570,.F.);
#894=ORIENTED_EDGE('',*,*,#626,.T.);
#895=ORIENTED_EDGE('',*,*,#526,.F.);
#896=ORIENTED_EDGE('',*,*,#627,.F.);
#897=ORIENTED_EDGE('',*,*,#565,.F.);
#898=ORIENTED_EDGE('',*,*,#554,.T.);
#899=ORIENTED_EDGE('',*,*,#566,.F.);
#900=ORIENTED_EDGE('',*,*,#627,.T.);
#901=ORIENTED_EDGE('',*,*,#528,.F.);
#902=B_SPLINE_SURFACE_WITH_KNOTS('',3,3,((#1350,#1351,#1352,#1353,#1354),
(#1355,#1356,#1357,#1358,#1359),(#1360,#1361,#1362,#1363,#1364),(#1365,
#1366,#1367,#1368,#1369),(#1370,#1371,#1372,#1373,#1374)),.UNSPECIFIED.,
 .F.,.F.,.F.,(4,1,4),(4,1,4),(0.,0.571428571428571,1.),(4.48755490181304E-12,
1.38924189823395,3.24156442920657),.UNSPECIFIED.);
#903=B_SPLINE_SURFACE_WITH_KNOTS('',3,1,((#1524,#1525),(#1526,#1527),(#1528,
#1529),(#1530,#1531),(#1532,#1533),(#1534,#1535),(#1536,#1537),(#1538,#1539),
(#1540,#1541),(#1542,#1543)),.UNSPECIFIED.,.F.,.F.,.F.,(4,3,3,4),(2,2),
(-0.0157069876855516,0.156193194394946,0.745502365088605,0.928961498931706),
(0.,2.35),.UNSPECIFIED.);
#904=ADVANCED_FACE('',(#224),#902,.F.);
#905=ADVANCED_FACE('',(#225),#216,.T.);
#906=ADVANCED_FACE('',(#226),#200,.T.);
#907=ADVANCED_FACE('',(#227),#217,.T.);
#908=ADVANCED_FACE('',(#228),#218,.T.);
#909=ADVANCED_FACE('',(#229),#201,.T.);
#910=ADVANCED_FACE('',(#230),#219,.T.);
#911=ADVANCED_FACE('',(#231),#202,.T.);
#912=ADVANCED_FACE('',(#232),#27,.F.);
#913=ADVANCED_FACE('',(#233),#203,.T.);
#914=ADVANCED_FACE('',(#234),#903,.T.);
#915=ADVANCED_FACE('',(#235,#19,#20),#28,.F.);
#916=ADVANCED_FACE('',(#236),#29,.T.);
#917=ADVANCED_FACE('',(#237),#204,.F.);
#918=ADVANCED_FACE('',(#238),#205,.T.);
#919=ADVANCED_FACE('',(#239),#220,.T.);
#920=ADVANCED_FACE('',(#240),#206,.F.);
#921=ADVANCED_FACE('',(#241),#207,.F.);
#922=ADVANCED_FACE('',(#242),#208,.F.);
#923=ADVANCED_FACE('',(#243),#209,.T.);
#924=ADVANCED_FACE('',(#244,#21,#22),#30,.T.);
#925=ADVANCED_FACE('',(#245,#23),#31,.T.);
#926=ADVANCED_FACE('',(#246,#24),#32,.F.);
#927=ADVANCED_FACE('',(#247),#210,.F.);
#928=ADVANCED_FACE('',(#248),#33,.F.);
#929=ADVANCED_FACE('',(#249),#34,.F.);
#930=ADVANCED_FACE('',(#250),#35,.F.);
#931=ADVANCED_FACE('',(#251),#36,.F.);
#932=ADVANCED_FACE('',(#252),#37,.F.);
#933=ADVANCED_FACE('',(#253),#38,.F.);
#934=ADVANCED_FACE('',(#254,#25),#39,.T.);
#935=ADVANCED_FACE('',(#255),#211,.F.);
#936=ADVANCED_FACE('',(#256),#40,.T.);
#937=ADVANCED_FACE('',(#257),#41,.T.);
#938=ADVANCED_FACE('',(#258),#42,.F.);
#939=ADVANCED_FACE('',(#259),#16,.F.);
#940=ADVANCED_FACE('',(#260),#43,.F.);
#941=ADVANCED_FACE('',(#261),#17,.F.);
#942=ADVANCED_FACE('',(#262),#44,.F.);
#943=ADVANCED_FACE('',(#263),#18,.F.);
#944=ADVANCED_FACE('',(#264),#45,.F.);
#945=ADVANCED_FACE('',(#265),#46,.F.);
#946=ADVANCED_FACE('',(#266),#47,.F.);
#947=ADVANCED_FACE('',(#267),#48,.F.);
#948=ADVANCED_FACE('',(#268),#49,.F.);
#949=ADVANCED_FACE('',(#269),#50,.F.);
#950=ADVANCED_FACE('',(#270,#26),#51,.T.);
#951=ADVANCED_FACE('',(#271),#212,.T.);
#952=ADVANCED_FACE('',(#272),#213,.T.);
#953=ADVANCED_FACE('',(#273),#221,.T.);
#954=ADVANCED_FACE('',(#274),#222,.T.);
#955=ADVANCED_FACE('',(#275),#214,.T.);
#956=ADVANCED_FACE('',(#276),#215,.T.);
#957=ADVANCED_FACE('',(#277),#223,.T.);
#958=ADVANCED_FACE('',(#278),#15,.T.);
#959=CLOSED_SHELL('',(#904,#905,#906,#907,#908,#909,#910,#911,#912,#913,
#914,#915,#916,#917,#918,#919,#920,#921,#922,#923,#924,#925,#926,#927,#928,
#929,#930,#931,#932,#933,#934,#935,#936,#937,#938,#939,#940,#941,#942,#943,
#944,#945,#946,#947,#948,#949,#950,#951,#952,#953,#954,#955,#956,#957,#958));
#960=DERIVED_UNIT_ELEMENT(#962,1.);
#961=DERIVED_UNIT_ELEMENT(#1955,-3.);
#962=(
MASS_UNIT()
NAMED_UNIT(*)
SI_UNIT(.KILO.,.GRAM.)
);
#963=DERIVED_UNIT((#960,#961));
#964=MEASURE_REPRESENTATION_ITEM('density measure',
POSITIVE_RATIO_MEASURE(7850.),#963);
#965=PROPERTY_DEFINITION_REPRESENTATION(#970,#967);
#966=PROPERTY_DEFINITION_REPRESENTATION(#971,#968);
#967=REPRESENTATION('material name',(#969),#1952);
#968=REPRESENTATION('density',(#964),#1952);
#969=DESCRIPTIVE_REPRESENTATION_ITEM('Steel','Steel');
#970=PROPERTY_DEFINITION('material property','material name',#1962);
#971=PROPERTY_DEFINITION('material property','density of part',#1962);
#972=AXIS2_PLACEMENT_3D('',#1349,#1073,#1074);
#973=AXIS2_PLACEMENT_3D('',#1383,#1075,#1076);
#974=AXIS2_PLACEMENT_3D('',#1430,#1077,#1078);
#975=AXIS2_PLACEMENT_3D('',#1433,#1079,#1080);
#976=AXIS2_PLACEMENT_3D('',#1434,#1081,#1082);
#977=AXIS2_PLACEMENT_3D('',#1435,#1083,#1084);
#978=AXIS2_PLACEMENT_3D('',#1436,#1085,#1086);
#979=AXIS2_PLACEMENT_3D('',#1439,#1087,#1088);
#980=AXIS2_PLACEMENT_3D('',#1442,#1091,#1092);
#981=AXIS2_PLACEMENT_3D('',#1445,#1093,#1094);
#982=AXIS2_PLACEMENT_3D('',#1446,#1095,#1096);
#983=AXIS2_PLACEMENT_3D('',#1447,#1097,#1098);
#984=AXIS2_PLACEMENT_3D('',#1448,#1099,#1100);
#985=AXIS2_PLACEMENT_3D('',#1451,#1101,#1102);
#986=AXIS2_PLACEMENT_3D('',#1452,#1103,#1104);
#987=AXIS2_PLACEMENT_3D('',#1453,#1105,#1106);
#988=AXIS2_PLACEMENT_3D('',#1454,#1107,#1108);
#989=AXIS2_PLACEMENT_3D('',#1473,#1111,#1112);
#990=AXIS2_PLACEMENT_3D('',#1474,#1113,#1114);
#991=AXIS2_PLACEMENT_3D('',#1475,#1115,#1116);
#992=AXIS2_PLACEMENT_3D('',#1476,#1117,#1118);
#993=AXIS2_PLACEMENT_3D('',#1480,#1120,#1121);
#994=AXIS2_PLACEMENT_3D('',#1482,#1123,#1124);
#995=AXIS2_PLACEMENT_3D('',#1494,#1131,#1132);
#996=AXIS2_PLACEMENT_3D('',#1498,#1134,#1135);
#997=AXIS2_PLACEMENT_3D('',#1520,#1136,#1137);
#998=AXIS2_PLACEMENT_3D('',#1523,#1139,#1140);
#999=AXIS2_PLACEMENT_3D('',#1635,#1143,#1144);
#1000=AXIS2_PLACEMENT_3D('',#1637,#1145,#1146);
#1001=AXIS2_PLACEMENT_3D('',#1650,#1153,#1154);
#1002=AXIS2_PLACEMENT_3D('',#1656,#1158,#1159);
#1003=AXIS2_PLACEMENT_3D('',#1658,#1160,#1161);
#1004=AXIS2_PLACEMENT_3D('',#1662,#1163,#1164);
#1005=AXIS2_PLACEMENT_3D('',#1665,#1166,#1167);
#1006=AXIS2_PLACEMENT_3D('',#1666,#1168,#1169);
#1007=AXIS2_PLACEMENT_3D('',#1667,#1170,#1171);
#1008=AXIS2_PLACEMENT_3D('',#1668,#1172,#1173);
#1009=AXIS2_PLACEMENT_3D('',#1685,#1174,#1175);
#1010=AXIS2_PLACEMENT_3D('',#1735,#1176,#1177);
#1011=AXIS2_PLACEMENT_3D('',#1737,#1178,#1179);
#1012=AXIS2_PLACEMENT_3D('',#1740,#1181,#1182);
#1013=AXIS2_PLACEMENT_3D('',#1741,#1183,#1184);
#1014=AXIS2_PLACEMENT_3D('',#1743,#1185,#1186);
#1015=AXIS2_PLACEMENT_3D('',#1746,#1188,#1189);
#1016=AXIS2_PLACEMENT_3D('',#1747,#1190,#1191);
#1017=AXIS2_PLACEMENT_3D('',#1749,#1192,#1193);
#1018=AXIS2_PLACEMENT_3D('',#1751,#1195,#1196);
#1019=AXIS2_PLACEMENT_3D('',#1752,#1197,#1198);
#1020=AXIS2_PLACEMENT_3D('',#1753,#1199,#1200);
#1021=AXIS2_PLACEMENT_3D('',#1754,#1201,#1202);
#1022=AXIS2_PLACEMENT_3D('',#1757,#1203,#1204);
#1023=AXIS2_PLACEMENT_3D('',#1798,#1206,#1207);
#1024=AXIS2_PLACEMENT_3D('',#1800,#1208,#1209);
#1025=AXIS2_PLACEMENT_3D('',#1814,#1217,#1218);
#1026=AXIS2_PLACEMENT_3D('',#1817,#1219,#1220);
#1027=AXIS2_PLACEMENT_3D('',#1818,#1221,#1222);
#1028=AXIS2_PLACEMENT_3D('',#1819,#1223,#1224);
#1029=AXIS2_PLACEMENT_3D('',#1832,#1231,#1232);
#1030=AXIS2_PLACEMENT_3D('',#1834,#1233,#1234);
#1031=AXIS2_PLACEMENT_3D('',#1836,#1235,#1236);
#1032=AXIS2_PLACEMENT_3D('',#1837,#1237,#1238);
#1033=AXIS2_PLACEMENT_3D('',#1838,#1239,#1240);
#1034=AXIS2_PLACEMENT_3D('',#1841,#1243,#1244);
#1035=AXIS2_PLACEMENT_3D('',#1844,#1247,#1248);
#1036=AXIS2_PLACEMENT_3D('',#1846,#1250,#1251);
#1037=AXIS2_PLACEMENT_3D('',#1848,#1253,#1254);
#1038=AXIS2_PLACEMENT_3D('',#1850,#1256,#1257);
#1039=AXIS2_PLACEMENT_3D('',#1852,#1259,#1260);
#1040=AXIS2_PLACEMENT_3D('',#1853,#1261,#1262);
#1041=AXIS2_PLACEMENT_3D('',#1854,#1263,#1264);
#1042=AXIS2_PLACEMENT_3D('',#1858,#1266,#1267);
#1043=AXIS2_PLACEMENT_3D('',#1860,#1269,#1270);
#1044=AXIS2_PLACEMENT_3D('',#1862,#1272,#1273);
#1045=AXIS2_PLACEMENT_3D('',#1864,#1275,#1276);
#1046=AXIS2_PLACEMENT_3D('',#1868,#1278,#1279);
#1047=AXIS2_PLACEMENT_3D('',#1870,#1280,#1281);
#1048=AXIS2_PLACEMENT_3D('',#1873,#1283,#1284);
#1049=AXIS2_PLACEMENT_3D('',#1874,#1285,#1286);
#1050=AXIS2_PLACEMENT_3D('',#1876,#1288,#1289);
#1051=AXIS2_PLACEMENT_3D('',#1878,#1291,#1292);
#1052=AXIS2_PLACEMENT_3D('',#1880,#1294,#1295);
#1053=AXIS2_PLACEMENT_3D('',#1882,#1297,#1298);
#1054=AXIS2_PLACEMENT_3D('',#1883,#1299,#1300);
#1055=AXIS2_PLACEMENT_3D('',#1889,#1304,#1305);
#1056=AXIS2_PLACEMENT_3D('',#1893,#1308,#1309);
#1057=AXIS2_PLACEMENT_3D('',#1897,#1312,#1313);
#1058=AXIS2_PLACEMENT_3D('',#1901,#1316,#1317);
#1059=AXIS2_PLACEMENT_3D('',#1905,#1320,#1321);
#1060=AXIS2_PLACEMENT_3D('',#1907,#1323,#1324);
#1061=AXIS2_PLACEMENT_3D('',#1908,#1325,#1326);
#1062=AXIS2_PLACEMENT_3D('',#1909,#1327,#1328);
#1063=AXIS2_PLACEMENT_3D('',#1910,#1329,#1330);
#1064=AXIS2_PLACEMENT_3D('',#1911,#1331,#1332);
#1065=AXIS2_PLACEMENT_3D('',#1912,#1333,#1334);
#1066=AXIS2_PLACEMENT_3D('',#1913,#1335,#1336);
#1067=AXIS2_PLACEMENT_3D('',#1914,#1337,#1338);
#1068=AXIS2_PLACEMENT_3D('',#1915,#1339,#1340);
#1069=AXIS2_PLACEMENT_3D('',#1916,#1341,#1342);
#1070=AXIS2_PLACEMENT_3D('',#1917,#1343,#1344);
#1071=AXIS2_PLACEMENT_3D('',#1918,#1345,#1346);
#1072=AXIS2_PLACEMENT_3D('',#1919,#1347,#1348);
#1073=DIRECTION('axis',(0.,0.,1.));
#1074=DIRECTION('refdir',(1.,0.,0.));
#1075=DIRECTION('center_axis',(0.506420834299023,5.62240070388656E-16,0.862286459703434));
#1076=DIRECTION('ref_axis',(-0.862286459703434,0.,0.506420834299023));
#1077=DIRECTION('center_axis',(0.,-1.,0.));
#1078=DIRECTION('ref_axis',(0.,0.,-1.));
#1079=DIRECTION('center_axis',(-1.,0.,0.));
#1080=DIRECTION('ref_axis',(0.,0.,-1.));
#1081=DIRECTION('center_axis',(0.,1.,0.));
#1082=DIRECTION('ref_axis',(-0.867876959683517,0.,-0.496779209358136));
#1083=DIRECTION('center_axis',(0.,-1.,0.));
#1084=DIRECTION('ref_axis',(-0.867876959683517,0.,-0.496779209358136));
#1085=DIRECTION('center_axis',(1.,0.,-3.67760375625564E-16));
#1086=DIRECTION('ref_axis',(-2.60045855456548E-16,-0.707106781186549,-0.707106781186546));
#1087=DIRECTION('center_axis',(-1.,0.,0.));
#1088=DIRECTION('ref_axis',(0.,0.,-1.));
#1089=DIRECTION('',(-1.,0.,3.67760375625564E-16));
#1090=DIRECTION('',(1.,0.,-3.67760375625564E-16));
#1091=DIRECTION('center_axis',(0.,-1.,0.));
#1092=DIRECTION('ref_axis',(0.,0.,-1.));
#1093=DIRECTION('center_axis',(0.707060265216514,0.,-0.707153294096798));
#1094=DIRECTION('ref_axis',(0.707153294096798,0.,0.707060265216514));
#1095=DIRECTION('center_axis',(0.,1.,0.));
#1096=DIRECTION('ref_axis',(0.923866945294752,0.,-0.382713819180524));
#1097=DIRECTION('center_axis',(0.,-1.,0.));
#1098=DIRECTION('ref_axis',(0.923866945294753,0.,-0.382713819180524));
#1099=DIRECTION('center_axis',(0.,1.,0.));
#1100=DIRECTION('ref_axis',(0.,0.,1.));
#1101=DIRECTION('center_axis',(-0.311114918138961,0.,-0.950372299528657));
#1102=DIRECTION('ref_axis',(0.950372299528657,0.,-0.311114918138961));
#1103=DIRECTION('center_axis',(0.,-1.,0.));
#1104=DIRECTION('ref_axis',(-0.972634540503828,0.,-0.232340376643637));
#1105=DIRECTION('center_axis',(0.,1.,0.));
#1106=DIRECTION('ref_axis',(-0.972634540503828,0.,-0.232340376643637));
#1107=DIRECTION('center_axis',(0.311114918138962,0.,0.950372299528657));
#1108=DIRECTION('ref_axis',(0.672014697648568,-0.707106781186546,-0.219991468344357));
#1109=DIRECTION('',(-0.311114918138962,0.,-0.950372299528657));
#1110=DIRECTION('',(0.311114918138962,0.,0.950372299528657));
#1111=DIRECTION('center_axis',(0.,-1.,0.));
#1112=DIRECTION('ref_axis',(-0.00343963643026254,0.,0.999994084433117));
#1113=DIRECTION('center_axis',(0.,1.,0.));
#1114=DIRECTION('ref_axis',(-0.00343963643027175,0.,0.999994084433117));
#1115=DIRECTION('center_axis',(0.,-1.,0.));
#1116=DIRECTION('ref_axis',(-0.00343963643027175,0.,0.999994084433117));
#1117=DIRECTION('center_axis',(0.,-1.,0.));
#1118=DIRECTION('ref_axis',(0.,0.,-1.));
#1119=DIRECTION('',(0.,-1.,0.));
#1120=DIRECTION('center_axis',(2.16840434497101E-16,1.,-8.42443831746308E-32));
#1121=DIRECTION('ref_axis',(-1.,2.16840434497101E-16,-9.72346137165803E-63));
#1122=DIRECTION('',(0.,-1.,0.));
#1123=DIRECTION('center_axis',(3.67760375625564E-16,0.,1.));
#1124=DIRECTION('ref_axis',(1.,0.,-3.67760375625564E-16));
#1125=DIRECTION('',(0.,1.,0.));
#1126=DIRECTION('',(1.,0.,-3.67760375625564E-16));
#1127=DIRECTION('',(0.,-1.,0.));
#1128=DIRECTION('',(1.,0.,-3.67760375625564E-16));
#1129=DIRECTION('',(0.,-1.,0.));
#1130=DIRECTION('',(1.,0.,-3.67760375625564E-16));
#1131=DIRECTION('center_axis',(0.,-1.,0.));
#1132=DIRECTION('ref_axis',(0.,0.,-1.));
#1133=DIRECTION('',(0.,-1.,0.));
#1134=DIRECTION('center_axis',(0.,-1.,0.));
#1135=DIRECTION('ref_axis',(-1.04083408558608E-15,0.,1.));
#1136=DIRECTION('center_axis',(1.19235792896192E-16,1.,6.8356807399792E-16));
#1137=DIRECTION('ref_axis',(-1.04083408558608E-15,6.8356807399792E-16,-1.));
#1138=DIRECTION('',(0.,-1.,0.));
#1139=DIRECTION('center_axis',(0.,-1.,0.));
#1140=DIRECTION('ref_axis',(1.04083408558608E-15,0.,1.));
#1141=DIRECTION('',(0.,-1.,0.));
#1142=DIRECTION('',(0.,1.,0.));
#1143=DIRECTION('center_axis',(0.,1.,0.));
#1144=DIRECTION('ref_axis',(0.,0.,1.));
#1145=DIRECTION('center_axis',(0.,1.,0.));
#1146=DIRECTION('ref_axis',(0.,0.,-1.));
#1147=DIRECTION('',(0.5,0.,-0.866025403784438));
#1148=DIRECTION('',(-0.5,0.,-0.866025403784438));
#1149=DIRECTION('',(-1.,0.,0.));
#1150=DIRECTION('',(-0.5,0.,0.866025403784439));
#1151=DIRECTION('',(0.499999999999999,0.,0.866025403784439));
#1152=DIRECTION('',(1.,0.,0.));
#1153=DIRECTION('center_axis',(0.950372299528657,0.,-0.311114918138962));
#1154=DIRECTION('ref_axis',(-0.311114918138962,0.,-0.950372299528657));
#1155=DIRECTION('',(0.,1.,0.));
#1156=DIRECTION('',(0.311114918138962,0.,0.950372299528657));
#1157=DIRECTION('',(0.,-1.,0.));
#1158=DIRECTION('center_axis',(0.,-1.,0.));
#1159=DIRECTION('ref_axis',(0.,0.,-1.));
#1160=DIRECTION('center_axis',(-2.16840434497101E-16,-1.,8.42443831746308E-32));
#1161=DIRECTION('ref_axis',(-1.,2.16840434497101E-16,-2.18777880862306E-62));
#1162=DIRECTION('',(0.,1.,0.));
#1163=DIRECTION('center_axis',(0.,1.,0.));
#1164=DIRECTION('ref_axis',(0.,0.,1.));
#1165=DIRECTION('',(0.,-1.,0.));
#1166=DIRECTION('center_axis',(0.,1.,0.));
#1167=DIRECTION('ref_axis',(0.,0.,1.));
#1168=DIRECTION('center_axis',(0.,-1.,0.));
#1169=DIRECTION('ref_axis',(-0.00343963643027129,0.,0.999994084433117));
#1170=DIRECTION('center_axis',(0.,-1.,0.));
#1171=DIRECTION('ref_axis',(0.,0.,1.));
#1172=DIRECTION('center_axis',(0.,1.,0.));
#1173=DIRECTION('ref_axis',(0.,0.,1.));
#1174=DIRECTION('center_axis',(0.,1.,0.));
#1175=DIRECTION('ref_axis',(0.,0.,1.));
#1176=DIRECTION('center_axis',(0.,1.,0.));
#1177=DIRECTION('ref_axis',(0.,0.,1.));
#1178=DIRECTION('center_axis',(0.,1.,0.));
#1179=DIRECTION('ref_axis',(0.,0.,1.));
#1180=DIRECTION('',(0.,1.,0.));
#1181=DIRECTION('center_axis',(0.,1.,0.));
#1182=DIRECTION('ref_axis',(0.,0.,1.));
#1183=DIRECTION('center_axis',(0.,-1.,0.));
#1184=DIRECTION('ref_axis',(0.,0.,-1.));
#1185=DIRECTION('center_axis',(0.,1.,0.));
#1186=DIRECTION('ref_axis',(0.,0.,1.));
#1187=DIRECTION('',(0.,-1.,0.));
#1188=DIRECTION('center_axis',(0.,-1.,0.));
#1189=DIRECTION('ref_axis',(0.,0.,-1.));
#1190=DIRECTION('center_axis',(0.,-1.,0.));
#1191=DIRECTION('ref_axis',(0.,0.,-1.));
#1192=DIRECTION('center_axis',(0.,1.,0.));
#1193=DIRECTION('ref_axis',(0.,0.,1.));
#1194=DIRECTION('',(0.,-1.,0.));
#1195=DIRECTION('center_axis',(0.,-1.,0.));
#1196=DIRECTION('ref_axis',(0.,0.,-1.));
#1197=DIRECTION('center_axis',(0.,-1.,0.));
#1198=DIRECTION('ref_axis',(1.73472347597681E-15,0.,1.));
#1199=DIRECTION('center_axis',(0.,1.,0.));
#1200=DIRECTION('ref_axis',(0.,0.,1.));
#1201=DIRECTION('center_axis',(0.,1.,0.));
#1202=DIRECTION('ref_axis',(0.,0.,1.));
#1203=DIRECTION('center_axis',(0.,1.,0.));
#1204=DIRECTION('ref_axis',(0.,0.,1.));
#1205=DIRECTION('',(-0.311114918138962,0.,-0.950372299528657));
#1206=DIRECTION('center_axis',(0.,-1.,0.));
#1207=DIRECTION('ref_axis',(6.30808536718839E-16,0.,1.));
#1208=DIRECTION('center_axis',(0.,1.,0.));
#1209=DIRECTION('ref_axis',(0.,0.,1.));
#1210=DIRECTION('',(-1.,0.,3.67760375625564E-16));
#1211=DIRECTION('',(-0.311114918138961,0.,-0.950372299528657));
#1212=DIRECTION('',(0.66748909537537,0.,-0.744619572368985));
#1213=DIRECTION('',(0.978604013514331,0.,0.205752727159672));
#1214=DIRECTION('',(0.311114918138961,0.,0.950372299528657));
#1215=DIRECTION('',(-0.66748909537537,0.,0.744619572368985));
#1216=DIRECTION('',(-0.978604013514331,0.,-0.205752727159671));
#1217=DIRECTION('center_axis',(2.16840434497101E-16,1.,-8.42443831746308E-32));
#1218=DIRECTION('ref_axis',(-1.,2.16840434497101E-16,0.));
#1219=DIRECTION('center_axis',(0.,-1.,0.));
#1220=DIRECTION('ref_axis',(0.,0.,-1.));
#1221=DIRECTION('center_axis',(-2.16840434497101E-16,-1.,8.42443831746308E-32));
#1222=DIRECTION('ref_axis',(-1.,2.16840434497101E-16,-3.40321148008031E-62));
#1223=DIRECTION('center_axis',(-2.16840434497101E-16,-1.,8.42443831746308E-32));
#1224=DIRECTION('ref_axis',(-1.,2.16840434497101E-16,-1.70160574004016E-62));
#1225=DIRECTION('',(-0.5,1.08420217248551E-16,-0.866025403784438));
#1226=DIRECTION('',(0.5,-1.08420217248551E-16,-0.866025403784438));
#1227=DIRECTION('',(1.,-2.16840434497101E-16,0.));
#1228=DIRECTION('',(0.499999999999999,-1.0842021724855E-16,0.866025403784439));
#1229=DIRECTION('',(-0.5,1.08420217248551E-16,0.866025403784439));
#1230=DIRECTION('',(-1.,2.16840434497101E-16,0.));
#1231=DIRECTION('center_axis',(0.,1.,0.));
#1232=DIRECTION('ref_axis',(0.,0.,1.));
#1233=DIRECTION('center_axis',(0.,1.,0.));
#1234=DIRECTION('ref_axis',(0.,0.,1.));
#1235=DIRECTION('center_axis',(0.,-1.,0.));
#1236=DIRECTION('ref_axis',(0.,0.,-1.));
#1237=DIRECTION('center_axis',(0.,1.,0.));
#1238=DIRECTION('ref_axis',(0.,0.,1.));
#1239=DIRECTION('center_axis',(0.,1.,0.));
#1240=DIRECTION('ref_axis',(0.,0.,1.));
#1241=DIRECTION('',(0.,-1.,0.));
#1242=DIRECTION('',(0.,1.,0.));
#1243=DIRECTION('center_axis',(-0.866025403784438,0.,0.5));
#1244=DIRECTION('ref_axis',(0.5,0.,0.866025403784438));
#1245=DIRECTION('',(0.,1.,0.));
#1246=DIRECTION('',(0.,1.,0.));
#1247=DIRECTION('center_axis',(0.,0.,1.));
#1248=DIRECTION('ref_axis',(1.,0.,0.));
#1249=DIRECTION('',(0.,-1.,0.));
#1250=DIRECTION('center_axis',(0.866025403784439,0.,0.5));
#1251=DIRECTION('ref_axis',(0.5,0.,-0.866025403784439));
#1252=DIRECTION('',(0.,1.,0.));
#1253=DIRECTION('center_axis',(0.866025403784439,0.,-0.499999999999999));
#1254=DIRECTION('ref_axis',(-0.499999999999999,0.,-0.866025403784439));
#1255=DIRECTION('',(0.,-1.,0.));
#1256=DIRECTION('center_axis',(0.,0.,-1.));
#1257=DIRECTION('ref_axis',(-1.,0.,0.));
#1258=DIRECTION('',(0.,-1.,0.));
#1259=DIRECTION('center_axis',(-0.866025403784439,0.,-0.5));
#1260=DIRECTION('ref_axis',(-0.5,0.,0.866025403784439));
#1261=DIRECTION('center_axis',(0.,1.,0.));
#1262=DIRECTION('ref_axis',(0.,0.,1.));
#1263=DIRECTION('center_axis',(-0.985125415468608,0.,0.171836887186085));
#1264=DIRECTION('ref_axis',(-0.171836887186085,-1.22464679914735E-16,-0.985125415468608));
#1265=DIRECTION('',(-0.985125415468608,0.,0.171836887186085));
#1266=DIRECTION('center_axis',(0.985125415468609,0.,-0.17183688718608));
#1267=DIRECTION('ref_axis',(-0.17183688718608,0.,-0.985125415468608));
#1268=DIRECTION('',(-0.985125415468608,0.,0.171836887186085));
#1269=DIRECTION('center_axis',(-1.19235792896192E-16,-1.,-6.8356807399792E-16));
#1270=DIRECTION('ref_axis',(0.,6.8356807399792E-16,-1.));
#1271=DIRECTION('',(0.171836887186085,-6.93889390390723E-16,0.985125415468608));
#1272=DIRECTION('center_axis',(0.,1.,0.));
#1273=DIRECTION('ref_axis',(0.,0.,1.));
#1274=DIRECTION('',(-0.171836887186085,0.,-0.985125415468608));
#1275=DIRECTION('center_axis',(0.985125415468608,0.,-0.171836887186085));
#1276=DIRECTION('ref_axis',(-0.171836887186085,0.,-0.985125415468608));
#1277=DIRECTION('',(0.171836887186085,0.,0.985125415468608));
#1278=DIRECTION('center_axis',(-0.985125415468608,0.,0.171836887186085));
#1279=DIRECTION('ref_axis',(-0.171836887186085,2.08166817117218E-15,-0.985125415468608));
#1280=DIRECTION('center_axis',(-0.985125415468608,0.,0.171836887186085));
#1281=DIRECTION('ref_axis',(-0.171836887186085,0.,-0.985125415468608));
#1282=DIRECTION('',(-0.171836887186085,6.93889390390723E-16,-0.985125415468608));
#1283=DIRECTION('center_axis',(-0.985125415468608,0.,0.171836887186085));
#1284=DIRECTION('ref_axis',(-0.171836887186085,0.,-0.985125415468608));
#1285=DIRECTION('center_axis',(-0.985125415468608,0.,0.17183688718608));
#1286=DIRECTION('ref_axis',(0.17183688718608,0.,0.985125415468608));
#1287=DIRECTION('',(-0.696588861597069,0.707106781186547,0.121507028187265));
#1288=DIRECTION('center_axis',(0.696588861597066,0.707106781186549,-0.121507028187267));
#1289=DIRECTION('ref_axis',(0.171836887186085,-7.07767178198537E-16,0.985125415468608));
#1290=DIRECTION('',(-0.69658886159707,0.707106781186546,0.121507028187265));
#1291=DIRECTION('center_axis',(-0.985125415468609,0.,0.17183688718608));
#1292=DIRECTION('ref_axis',(-0.17183688718608,1.22464679914735E-16,-0.985125415468608));
#1293=DIRECTION('',(-0.69658886159707,-0.707106781186546,0.121507028187265));
#1294=DIRECTION('center_axis',(0.696588861597066,-0.707106781186549,-0.121507028187268));
#1295=DIRECTION('ref_axis',(-0.171836887186085,1.38777878078145E-17,-0.985125415468608));
#1296=DIRECTION('',(-0.69658886159707,-0.707106781186546,0.121507028187265));
#1297=DIRECTION('center_axis',(-0.985125415468608,0.,0.17183688718608));
#1298=DIRECTION('ref_axis',(0.17183688718608,0.,0.985125415468608));
#1299=DIRECTION('center_axis',(0.950372299528657,0.,-0.311114918138961));
#1300=DIRECTION('ref_axis',(-0.311114918138961,0.,-0.950372299528657));
#1301=DIRECTION('',(0.,1.,0.));
#1302=DIRECTION('',(-0.311114918138961,0.,-0.950372299528657));
#1303=DIRECTION('',(0.,1.,0.));
#1304=DIRECTION('center_axis',(0.744619572368985,0.,0.66748909537537));
#1305=DIRECTION('ref_axis',(0.66748909537537,0.,-0.744619572368985));
#1306=DIRECTION('',(0.66748909537537,0.,-0.744619572368985));
#1307=DIRECTION('',(0.,1.,0.));
#1308=DIRECTION('center_axis',(-0.205752727159672,0.,0.978604013514331));
#1309=DIRECTION('ref_axis',(0.978604013514331,0.,0.205752727159672));
#1310=DIRECTION('',(0.978604013514331,0.,0.205752727159672));
#1311=DIRECTION('',(0.,1.,0.));
#1312=DIRECTION('center_axis',(-0.950372299528657,0.,0.311114918138961));
#1313=DIRECTION('ref_axis',(0.311114918138962,0.,0.950372299528657));
#1314=DIRECTION('',(0.311114918138961,0.,0.950372299528657));
#1315=DIRECTION('',(0.,1.,0.));
#1316=DIRECTION('center_axis',(-0.744619572368985,0.,-0.66748909537537));
#1317=DIRECTION('ref_axis',(-0.66748909537537,0.,0.744619572368985));
#1318=DIRECTION('',(-0.66748909537537,0.,0.744619572368985));
#1319=DIRECTION('',(0.,1.,0.));
#1320=DIRECTION('center_axis',(0.205752727159671,0.,-0.978604013514332));
#1321=DIRECTION('ref_axis',(-0.978604013514332,0.,-0.205752727159671));
#1322=DIRECTION('',(-0.978604013514331,0.,-0.205752727159671));
#1323=DIRECTION('center_axis',(0.,1.,0.));
#1324=DIRECTION('ref_axis',(0.,0.,1.));
#1325=DIRECTION('center_axis',(0.,-1.,0.));
#1326=DIRECTION('ref_axis',(0.,0.,-1.));
#1327=DIRECTION('center_axis',(0.,1.,0.));
#1328=DIRECTION('ref_axis',(0.,0.,1.));
#1329=DIRECTION('center_axis',(0.,1.,0.));
#1330=DIRECTION('ref_axis',(0.,0.,1.));
#1331=DIRECTION('center_axis',(0.311114918138962,0.,0.950372299528657));
#1332=DIRECTION('ref_axis',(0.950372299528657,0.,-0.311114918138962));
#1333=DIRECTION('center_axis',(0.707060265216513,0.,-0.7071532940968));
#1334=DIRECTION('ref_axis',(-0.7071532940968,0.,-0.707060265216513));
#1335=DIRECTION('center_axis',(0.,1.,0.));
#1336=DIRECTION('ref_axis',(0.,0.,1.));
#1337=DIRECTION('center_axis',(-1.,0.,0.));
#1338=DIRECTION('ref_axis',(0.,0.,1.));
#1339=DIRECTION('center_axis',(0.311114918138962,0.,0.950372299528657));
#1340=DIRECTION('ref_axis',(0.950372299528657,0.,-0.311114918138962));
#1341=DIRECTION('center_axis',(1.,0.,-3.67760375625564E-16));
#1342=DIRECTION('ref_axis',(-3.67760375625564E-16,0.,-1.));
#1343=DIRECTION('center_axis',(-1.,0.,0.));
#1344=DIRECTION('ref_axis',(0.,0.,1.));
#1345=DIRECTION('center_axis',(0.,1.,0.));
#1346=DIRECTION('ref_axis',(0.,0.,1.));
#1347=DIRECTION('center_axis',(0.506420834299013,0.,0.86228645970344));
#1348=DIRECTION('ref_axis',(0.86228645970344,0.,-0.506420834299013));
#1349=CARTESIAN_POINT('',(0.,0.,0.));
#1350=CARTESIAN_POINT('Ctrl Pts',(18.4270784861555,2.40344051456497E-17,
-8.60235228336733));
#1351=CARTESIAN_POINT('Ctrl Pts',(17.8986432180567,2.40344051456497E-17,
-13.1236515841753));
#1352=CARTESIAN_POINT('Ctrl Pts',(15.4013153609228,8.45830595336433E-17,
-23.5295127940266));
#1353=CARTESIAN_POINT('Ctrl Pts',(10.6927844658263,5.10915561272343E-16,
-33.1887106550165));
#1354=CARTESIAN_POINT('Ctrl Pts',(7.59231903477163,5.10915561272343E-16,
-38.467895828505));
#1355=CARTESIAN_POINT('Ctrl Pts',(18.4270784861555,-0.299199300341882,-8.60235228336733));
#1356=CARTESIAN_POINT('Ctrl Pts',(17.8986724267871,-0.299199300341884,-13.1234016738835));
#1357=CARTESIAN_POINT('Ctrl Pts',(15.40134276154,-0.299199300341884,-23.5295075529325));
#1358=CARTESIAN_POINT('Ctrl Pts',(10.6927001478544,-0.299199300341884,-33.1888542238441));
#1359=CARTESIAN_POINT('Ctrl Pts',(7.59231903477163,-0.299199300341884,-38.467895828505));
#1360=CARTESIAN_POINT('Ctrl Pts',(18.6765579416572,-0.817141777849723,-8.63151065890987));
#1361=CARTESIAN_POINT('Ctrl Pts',(18.1458189679851,-0.817141777849726,-13.1725204957604));
#1362=CARTESIAN_POINT('Ctrl Pts',(15.6380196945676,-0.817141777849728,-23.6194543728144));
#1363=CARTESIAN_POINT('Ctrl Pts',(10.9160217444961,-0.817141777849728,-33.3045889103986));
#1364=CARTESIAN_POINT('Ctrl Pts',(7.80890611743695,-0.817141777849728,-38.595097421279));
#1365=CARTESIAN_POINT('Ctrl Pts',(19.1974352439835,-0.999999999999991,-8.6923891627621));
#1366=CARTESIAN_POINT('Ctrl Pts',(18.6619071010095,-0.999999999999995,-13.2743751969328));
#1367=CARTESIAN_POINT('Ctrl Pts',(16.1322437355418,-0.999999999999998,-23.8072357794601));
#1368=CARTESIAN_POINT('Ctrl Pts',(11.3820495727639,-0.999999999999998,-33.546627517059));
#1369=CARTESIAN_POINT('Ctrl Pts',(8.26110886539691,-0.999999999999998,-38.8606760933283));
#1370=CARTESIAN_POINT('Ctrl Pts',(19.4203175741289,-0.999999999999991,-8.71843894979208));
#1371=CARTESIAN_POINT('Ctrl Pts',(18.882742704719,-0.999999999999995,-13.3179368030298));
#1372=CARTESIAN_POINT('Ctrl Pts',(16.3437235812635,-0.999999999999998,-23.8875866010776));
#1373=CARTESIAN_POINT('Ctrl Pts',(11.5814545662284,-0.999999999999997,-33.6502078712663));
#1374=CARTESIAN_POINT('Ctrl Pts',(8.45460549447507,-0.999999999999997,-38.974316662804));
#1375=CARTESIAN_POINT('',(18.4270784861555,2.40344051456497E-17,-8.60235228336733));
#1376=CARTESIAN_POINT('',(7.59231903477164,5.10915561272343E-16,-38.4678958285049));
#1377=CARTESIAN_POINT('Ctrl Pts',(18.4270784861555,2.40344051456497E-17,
-8.60235228336733));
#1378=CARTESIAN_POINT('Ctrl Pts',(17.8986432180567,2.40344051456497E-17,
-13.1236515841753));
#1379=CARTESIAN_POINT('Ctrl Pts',(15.4013153609228,8.45830595336433E-17,
-23.5295127940266));
#1380=CARTESIAN_POINT('Ctrl Pts',(10.6927844658263,5.10915561272343E-16,
-33.1887106550165));
#1381=CARTESIAN_POINT('Ctrl Pts',(7.59231903477163,5.10915561272343E-16,
-38.467895828505));
#1382=CARTESIAN_POINT('',(8.45460549447507,-1.,-38.974316662804));
#1383=CARTESIAN_POINT('Origin',(8.45460549447507,5.10915561272343E-16,-38.974316662804));
#1384=CARTESIAN_POINT('',(19.4116507871858,-1.,-8.7921884239254));
#1385=CARTESIAN_POINT('Ctrl Pts',(8.45460549447507,-0.999999999999997,-38.974316662804));
#1386=CARTESIAN_POINT('Ctrl Pts',(11.5814545662284,-0.999999999999997,-33.6502078712663));
#1387=CARTESIAN_POINT('Ctrl Pts',(16.3328142245438,-0.999999999999998,-23.9099507131467));
#1388=CARTESIAN_POINT('Ctrl Pts',(18.8710983201142,-0.999999999999995,-13.3663582573588));
#1389=CARTESIAN_POINT('Ctrl Pts',(19.4116501077216,-0.999999999999991,-8.79218834362982));
#1390=CARTESIAN_POINT('Ctrl Pts',(19.4116501752715,-0.999999999999991,-8.79218777201976));
#1391=CARTESIAN_POINT('Ctrl Pts',(19.4101360268779,-0.999999999999991,-8.79188923360627));
#1392=CARTESIAN_POINT('Ctrl Pts',(19.4086218575962,-0.99999631520723,-8.79159072586713));
#1393=CARTESIAN_POINT('Ctrl Pts',(19.4071076794381,-0.999988951003629,-8.79129225112812));
#1394=CARTESIAN_POINT('Ctrl Pts',(19.3638841419787,-0.999778733382583,-8.78277202912276));
#1395=CARTESIAN_POINT('Ctrl Pts',(19.3207941083489,-0.996575478194928,-8.77430712201652));
#1396=CARTESIAN_POINT('Ctrl Pts',(19.2781135088357,-0.990534409179426,-8.76594879158465));
#1397=CARTESIAN_POINT('Ctrl Pts',(19.2345311035036,-0.984365697364797,-8.7574138565337));
#1398=CARTESIAN_POINT('Ctrl Pts',(19.1913744591073,-0.975237767404671,-8.74898991268245));
#1399=CARTESIAN_POINT('Ctrl Pts',(19.1489395329185,-0.963261347968057,-8.74073142623636));
#1400=CARTESIAN_POINT('Ctrl Pts',(19.1065046067298,-0.951284928531443,-8.73247293979028));
#1401=CARTESIAN_POINT('Ctrl Pts',(19.0647902026099,-0.936459641049803,-8.7243797684262));
#1402=CARTESIAN_POINT('Ctrl Pts',(19.0241121920329,-0.918847017498301,-8.71650837459183));
#1403=CARTESIAN_POINT('Ctrl Pts',(18.9833626249278,-0.901203411650121,-8.70862313421959));
#1404=CARTESIAN_POINT('Ctrl Pts',(18.9439206265854,-0.88087837397602,-8.7010119849189));
#1405=CARTESIAN_POINT('Ctrl Pts',(18.9060796062187,-0.85799184686575,-8.69372325422896));
#1406=CARTESIAN_POINT('Ctrl Pts',(18.868238585852,-0.835105319755481,-8.68643452353901));
#1407=CARTESIAN_POINT('Ctrl Pts',(18.8319973454245,-0.809656885804891,-8.67946806754386));
#1408=CARTESIAN_POINT('Ctrl Pts',(18.797674043294,-0.781718293295309,-8.67287495036222));
#1409=CARTESIAN_POINT('Ctrl Pts',(18.7669799146137,-0.756733787131769,-8.66697895625282));
#1410=CARTESIAN_POINT('Ctrl Pts',(18.7378197022186,-0.729756652603621,-8.66138153034569));
#1411=CARTESIAN_POINT('Ctrl Pts',(18.7102912841125,-0.70097087717518,-8.65610393589493));
#1412=CARTESIAN_POINT('Ctrl Pts',(18.6800362010755,-0.669333896709536,-8.65030360048416));
#1413=CARTESIAN_POINT('Ctrl Pts',(18.6519465713011,-0.635717105291819,-8.64492676244404));
#1414=CARTESIAN_POINT('Ctrl Pts',(18.6261072751648,-0.6004105020897,-8.63999085584481));
#1415=CARTESIAN_POINT('Ctrl Pts',(18.5999027284738,-0.564604823512924,-8.63498517789371));
#1416=CARTESIAN_POINT('Ctrl Pts',(18.5760119754648,-0.52706025463816,-8.6304329115566));
#1417=CARTESIAN_POINT('Ctrl Pts',(18.5545630839194,-0.488043850405129,-8.62635703017429));
#1418=CARTESIAN_POINT('Ctrl Pts',(18.5350407198243,-0.452531877793081,-8.62264724217964));
#1419=CARTESIAN_POINT('Ctrl Pts',(18.5175414244069,-0.415799593872848,-8.61933212438263));
#1420=CARTESIAN_POINT('Ctrl Pts',(18.5021961173331,-0.378033790920557,-8.6164331607438));
#1421=CARTESIAN_POINT('Ctrl Pts',(18.4853348951405,-0.336537221852239,-8.61324781751101));
#1422=CARTESIAN_POINT('Ctrl Pts',(18.4711850337322,-0.294067146804745,-8.61058579695291));
#1423=CARTESIAN_POINT('Ctrl Pts',(18.4598611810669,-0.250896254695238,-8.60846276868961));
#1424=CARTESIAN_POINT('Ctrl Pts',(18.4488033863054,-0.208739677889789,-8.60638962172255));
#1425=CARTESIAN_POINT('Ctrl Pts',(18.4404400623266,-0.165913779443643,-8.60483040084133));
#1426=CARTESIAN_POINT('Ctrl Pts',(18.4349231187727,-0.122656339564238,-8.60380529714692));
#1427=CARTESIAN_POINT('Ctrl Pts',(18.4297489292691,-0.0820863773761307,
-8.60284388060825));
#1428=CARTESIAN_POINT('Ctrl Pts',(18.4270784861502,-0.0411360563797031,
-8.60235228341269));
#1429=CARTESIAN_POINT('Ctrl Pts',(18.4270784861502,2.40344051456497E-17,
-8.60235228341269));
#1430=CARTESIAN_POINT('Origin',(11.9037513332888,0.,-41.));
#1431=CARTESIAN_POINT('',(11.9037513332888,0.,-46.));
#1432=CARTESIAN_POINT('',(11.9037513332888,-1.,-45.));
#1433=CARTESIAN_POINT('Origin',(11.9037513332888,0.,-45.));
#1434=CARTESIAN_POINT('Origin',(11.9037513332888,-1.,-41.));
#1435=CARTESIAN_POINT('Origin',(11.9037513332888,0.,-41.));
#1436=CARTESIAN_POINT('Origin',(-1.65492169031504E-14,0.,-45.));
#1437=CARTESIAN_POINT('',(21.6770709399618,0.,-46.));
#1438=CARTESIAN_POINT('',(21.6770709399618,-1.,-45.));
#1439=CARTESIAN_POINT('Origin',(21.6770709399618,0.,-45.));
#1440=CARTESIAN_POINT('',(-1.65492169031504E-14,-1.,-45.));
#1441=CARTESIAN_POINT('',(-1.6916977278776E-14,0.,-46.));
#1442=CARTESIAN_POINT('Origin',(21.6770709399618,0.,-40.));
#1443=CARTESIAN_POINT('',(25.9199907045426,0.,-35.7576384087009));
#1444=CARTESIAN_POINT('',(25.2128374104458,-1.,-36.4646986739174));
#1445=CARTESIAN_POINT('Origin',(25.2128374104458,0.,-36.4646986739174));
#1446=CARTESIAN_POINT('Origin',(21.6770709399618,-1.,-40.));
#1447=CARTESIAN_POINT('Origin',(21.6770709399618,0.,-40.));
#1448=CARTESIAN_POINT('Origin',(32.9915236455105,0.,-28.6870357565358));
#1449=CARTESIAN_POINT('',(23.487800650224,0.,-25.5758865751461));
#1450=CARTESIAN_POINT('',(22.5374283506953,-1.,-25.2647716570072));
#1451=CARTESIAN_POINT('Origin',(22.5374283506953,0.,-25.2647716570072));
#1452=CARTESIAN_POINT('Origin',(32.9915236455105,-1.,-28.6870357565358));
#1453=CARTESIAN_POINT('Origin',(32.9915236455105,0.,-28.6870357565358));
#1454=CARTESIAN_POINT('Origin',(27.8261358548208,0.,-9.109194347194));
#1455=CARTESIAN_POINT('',(28.0078821036893,-1.,-8.5540084965729));
#1456=CARTESIAN_POINT('',(27.8261358548208,-1.,-9.109194347194));
#1457=CARTESIAN_POINT('',(29.0562439935943,0.,-8.56579160223273));
#1458=CARTESIAN_POINT('',(28.7765081543495,0.,-9.42030926533296));
#1459=CARTESIAN_POINT('Ctrl Pts',(29.0562439935943,-3.46944695195361E-17,
-8.56579160223274));
#1460=CARTESIAN_POINT('Ctrl Pts',(29.0562439935943,-0.125089434363551,-8.56579160223274));
#1461=CARTESIAN_POINT('Ctrl Pts',(29.031766240982,-0.248713165543967,-8.56512651799043));
#1462=CARTESIAN_POINT('Ctrl Pts',(28.9361284356194,-0.482749226739223,-8.56279343978042));
#1463=CARTESIAN_POINT('Ctrl Pts',(28.8651256192448,-0.590160412344672,-8.56114149381335));
#1464=CARTESIAN_POINT('Ctrl Pts',(28.6828255318001,-0.777251955705888,-8.55773083305288));
#1465=CARTESIAN_POINT('Ctrl Pts',(28.5717976573412,-0.853567579711747,-8.55602236444551));
#1466=CARTESIAN_POINT('Ctrl Pts',(28.3812069684515,-0.93766831479416,-8.55428245216591));
#1467=CARTESIAN_POINT('Ctrl Pts',(28.3097892542476,-0.960617171444109,-8.55384811939208));
#1468=CARTESIAN_POINT('Ctrl Pts',(28.1630355370235,-0.991688374696235,-8.55349987970181));
#1469=CARTESIAN_POINT('Ctrl Pts',(28.0879863248591,-0.999658816624134,-8.55359047124706));
#1470=CARTESIAN_POINT('Ctrl Pts',(28.0111358418211,-0.999996426846087,-8.55399111579766));
#1471=CARTESIAN_POINT('Ctrl Pts',(28.009508973062,-1.,-8.55399973643346));
#1472=CARTESIAN_POINT('Ctrl Pts',(28.0078821036893,-1.,-8.5540084965729));
#1473=CARTESIAN_POINT('Origin',(23.746531546411,0.,-10.));
#1474=CARTESIAN_POINT('Origin',(23.746531546411,-1.,-10.));
#1475=CARTESIAN_POINT('Origin',(23.746531546411,0.,-10.));
#1476=CARTESIAN_POINT('Origin',(21.6770709399618,22.,-40.));
#1477=CARTESIAN_POINT('',(21.6770709399618,2.,-46.));
#1478=CARTESIAN_POINT('',(21.6770709399618,22.,-46.));
#1479=CARTESIAN_POINT('',(25.9199907045426,2.,-35.7576384087009));
#1480=CARTESIAN_POINT('Origin',(21.6770709399618,2.,-40.));
#1481=CARTESIAN_POINT('',(25.9199907045426,22.,-35.7576384087009));
#1482=CARTESIAN_POINT('Origin',(-1.6916977278776E-14,22.,-46.));
#1483=CARTESIAN_POINT('',(11.9037513332888,21.,-46.));
#1484=CARTESIAN_POINT('',(11.9037513332888,22.,-46.));
#1485=CARTESIAN_POINT('',(21.6770709399618,21.,-46.));
#1486=CARTESIAN_POINT('',(21.6770709399618,21.,-46.));
#1487=CARTESIAN_POINT('',(21.6770709399618,18.,-46.));
#1488=CARTESIAN_POINT('',(21.6770709399618,22.,-46.));
#1489=CARTESIAN_POINT('',(13.6148131916632,18.,-46.));
#1490=CARTESIAN_POINT('',(-1.6916977278776E-14,18.,-46.));
#1491=CARTESIAN_POINT('',(13.6148131916632,2.,-46.));
#1492=CARTESIAN_POINT('',(13.6148131916632,2.,-46.));
#1493=CARTESIAN_POINT('',(-1.6916977278776E-14,2.,-46.));
#1494=CARTESIAN_POINT('Origin',(11.9037513332888,11.,-41.));
#1495=CARTESIAN_POINT('',(7.59231903477164,8.,-38.4678958285049));
#1496=CARTESIAN_POINT('',(7.59231903477164,22.,-38.4678958285049));
#1497=CARTESIAN_POINT('',(6.9781242559458,8.,-40.1408155640696));
#1498=CARTESIAN_POINT('Origin',(11.9037513332888,8.,-41.));
#1499=CARTESIAN_POINT('',(6.9781242559458,14.,-40.1408155640696));
#1500=CARTESIAN_POINT('Ctrl Pts',(6.9781242559458,8.,-40.1408155640696));
#1501=CARTESIAN_POINT('Ctrl Pts',(6.91156308225076,8.,-40.522404784895));
#1502=CARTESIAN_POINT('Ctrl Pts',(6.88989949410542,8.07949628005242,-40.9313251636344));
#1503=CARTESIAN_POINT('Ctrl Pts',(6.93675686271288,8.38907904263343,-41.6873079594383));
#1504=CARTESIAN_POINT('Ctrl Pts',(7.00355881090633,8.61867818444436,-42.0346754087347));
#1505=CARTESIAN_POINT('Ctrl Pts',(7.15470081050929,9.140369580277,-42.5906078392334));
#1506=CARTESIAN_POINT('Ctrl Pts',(7.25062461769077,9.47062584291553,-42.8392124270136));
#1507=CARTESIAN_POINT('Ctrl Pts',(7.39942191799389,10.204841942567,-43.1783735659558));
#1508=CARTESIAN_POINT('Ctrl Pts',(7.44773900985617,10.6101336352273,-43.2680286976615));
#1509=CARTESIAN_POINT('Ctrl Pts',(7.44773900985617,11.,-43.2680286976615));
#1510=CARTESIAN_POINT('Ctrl Pts',(7.44773900985617,11.3898663647727,-43.2680286976615));
#1511=CARTESIAN_POINT('Ctrl Pts',(7.39942191799389,11.795158057433,-43.1783735659558));
#1512=CARTESIAN_POINT('Ctrl Pts',(7.25062461769076,12.5293741570845,-42.8392124270136));
#1513=CARTESIAN_POINT('Ctrl Pts',(7.15470081050929,12.859630419723,-42.5906078392334));
#1514=CARTESIAN_POINT('Ctrl Pts',(7.00355881090633,13.3813218155556,-42.0346754087347));
#1515=CARTESIAN_POINT('Ctrl Pts',(6.93675686271288,13.6109209573666,-41.6873079594383));
#1516=CARTESIAN_POINT('Ctrl Pts',(6.88989949410542,13.9205037199476,-40.9313251636344));
#1517=CARTESIAN_POINT('Ctrl Pts',(6.91156308225075,14.,-40.522404784895));
#1518=CARTESIAN_POINT('Ctrl Pts',(6.9781242559458,14.,-40.1408155640696));
#1519=CARTESIAN_POINT('',(7.59231903477164,14.,-38.4678958285049));
#1520=CARTESIAN_POINT('Origin',(11.9037513332888,14.,-41.));
#1521=CARTESIAN_POINT('',(7.59231903477164,21.,-38.4678958285049));
#1522=CARTESIAN_POINT('',(7.59231903477164,22.,-38.4678958285049));
#1523=CARTESIAN_POINT('Origin',(11.9037513332888,21.,-41.));
#1524=CARTESIAN_POINT('Ctrl Pts',(19.5159495412491,21.,0.714043190659933));
#1525=CARTESIAN_POINT('Ctrl Pts',(19.5159495412491,-2.5,0.714043190659933));
#1526=CARTESIAN_POINT('Ctrl Pts',(19.1529925228828,21.,-2.39142196736428));
#1527=CARTESIAN_POINT('Ctrl Pts',(19.1529925228828,-2.5,-2.39142196736428));
#1528=CARTESIAN_POINT('Ctrl Pts',(18.7900355045165,21.,-5.49688712538849));
#1529=CARTESIAN_POINT('Ctrl Pts',(18.7900355045165,-2.5,-5.49688712538849));
#1530=CARTESIAN_POINT('Ctrl Pts',(18.4270784861501,21.,-8.60235228341269));
#1531=CARTESIAN_POINT('Ctrl Pts',(18.4270784861501,-2.5,-8.60235228341269));
#1532=CARTESIAN_POINT('Ctrl Pts',(17.1827871951105,21.,-19.248525398205));
#1533=CARTESIAN_POINT('Ctrl Pts',(17.1827871951105,-2.5,-19.248525398205));
#1534=CARTESIAN_POINT('Ctrl Pts',(13.0146675399112,21.,-29.2352233571066));
#1535=CARTESIAN_POINT('Ctrl Pts',(13.0146675399112,-2.5,-29.2352233571066));
#1536=CARTESIAN_POINT('Ctrl Pts',(7.59231903477163,21.,-38.4678958285049));
#1537=CARTESIAN_POINT('Ctrl Pts',(7.59231903477163,-2.5,-38.4678958285049));
#1538=CARTESIAN_POINT('Ctrl Pts',(5.90427579767519,21.,-41.3421393985923));
#1539=CARTESIAN_POINT('Ctrl Pts',(5.90427579767519,-2.5,-41.3421393985923));
#1540=CARTESIAN_POINT('Ctrl Pts',(4.21623256057874,21.,-44.2163829686797));
#1541=CARTESIAN_POINT('Ctrl Pts',(4.21623256057874,-2.5,-44.2163829686797));
#1542=CARTESIAN_POINT('Ctrl Pts',(2.5281893234823,21.,-47.0906265387671));
#1543=CARTESIAN_POINT('Ctrl Pts',(2.5281893234823,-2.5,-47.0906265387671));
#1544=CARTESIAN_POINT('',(18.4270792140571,21.,-8.60235233861034));
#1545=CARTESIAN_POINT('',(18.4270784861501,22.,-8.60235228341268));
#1546=CARTESIAN_POINT('Ctrl Pts',(18.4270799267371,21.,-8.60235245176201));
#1547=CARTESIAN_POINT('Ctrl Pts',(18.2900688263304,21.,-9.7747740575953));
#1548=CARTESIAN_POINT('Ctrl Pts',(18.1178995808454,21.,-10.9380217747108));
#1549=CARTESIAN_POINT('Ctrl Pts',(17.9126813603419,21.0000000000001,-12.0926292750445));
#1550=CARTESIAN_POINT('Ctrl Pts',(17.7047254091355,21.0000000000001,-13.2626399125636));
#1551=CARTESIAN_POINT('Ctrl Pts',(17.4628327905684,21.0000000000002,-14.4237782578001));
#1552=CARTESIAN_POINT('Ctrl Pts',(17.1891458661644,21.0000000000002,-15.5765879147728));
#1553=CARTESIAN_POINT('Ctrl Pts',(16.9132956892976,21.0000000000002,-16.7385095099024));
#1554=CARTESIAN_POINT('Ctrl Pts',(16.6051465322424,21.0000000000003,-17.8919702164396));
#1555=CARTESIAN_POINT('Ctrl Pts',(16.2668399696141,21.0000000000002,-19.0375150155595));
#1556=CARTESIAN_POINT('Ctrl Pts',(15.9244615432867,21.0000000000002,-20.1968476118982));
#1557=CARTESIAN_POINT('Ctrl Pts',(15.5511953463428,21.0000000000002,-21.3480725905562));
#1558=CARTESIAN_POINT('Ctrl Pts',(15.1492090550119,21.0000000000001,-22.4917432131688));
#1559=CARTESIAN_POINT('Ctrl Pts',(14.9843539995158,21.0000000000001,-22.960763893789));
#1560=CARTESIAN_POINT('Ctrl Pts',(14.8146681139302,21.,-23.4285139267723));
#1561=CARTESIAN_POINT('Ctrl Pts',(14.640298445993,21.,-23.8950309233981));
#1562=CARTESIAN_POINT('Ctrl Pts',(14.5651345049672,21.,-24.0961281465376));
#1563=CARTESIAN_POINT('Ctrl Pts',(14.4890781262506,21.,-24.297027886332));
#1564=CARTESIAN_POINT('Ctrl Pts',(14.4121573638344,21.,-24.4976973455618));
#1565=CARTESIAN_POINT('Ctrl Pts',(14.1824661740017,21.,-25.0969114641662));
#1566=CARTESIAN_POINT('Ctrl Pts',(13.9450635954261,21.,-25.6940945632502));
#1567=CARTESIAN_POINT('Ctrl Pts',(13.7005726429919,21.,-26.2885985550403));
#1568=CARTESIAN_POINT('Ctrl Pts',(13.5133458504124,21.,-26.74385906448));
#1569=CARTESIAN_POINT('Ctrl Pts',(13.3219609302197,21.,-27.1975486350277));
#1570=CARTESIAN_POINT('Ctrl Pts',(13.126678554153,21.,-27.6493686422881));
#1571=CARTESIAN_POINT('Ctrl Pts',(13.0852859119544,21.,-27.7451377755574));
#1572=CARTESIAN_POINT('Ctrl Pts',(13.0437119382598,21.,-27.8408403475465));
#1573=CARTESIAN_POINT('Ctrl Pts',(13.0019678772994,21.,-27.9364540638617));
#1574=CARTESIAN_POINT('Ctrl Pts',(12.5034518611045,21.,-29.0782923961761));
#1575=CARTESIAN_POINT('Ctrl Pts',(11.9803861491807,21.,-30.2081278125295));
#1576=CARTESIAN_POINT('Ctrl Pts',(11.4352868406881,21.,-31.3267038990184));
#1577=CARTESIAN_POINT('Ctrl Pts',(11.3607888405915,21.,-31.4795782103611));
#1578=CARTESIAN_POINT('Ctrl Pts',(11.2858786359207,21.,-31.6322456977072));
#1579=CARTESIAN_POINT('Ctrl Pts',(11.2105582297833,21.,-31.7847152510288));
#1580=CARTESIAN_POINT('Ctrl Pts',(10.6497094372064,21.,-32.920029958828));
#1581=CARTESIAN_POINT('Ctrl Pts',(10.0661724080292,21.,-34.0442438592232));
#1582=CARTESIAN_POINT('Ctrl Pts',(9.46232975310227,21.,-35.1579167579371));
#1583=CARTESIAN_POINT('Ctrl Pts',(8.85848709817534,21.,-36.271589656651));
#1584=CARTESIAN_POINT('Ctrl Pts',(8.23433996111308,21.,-37.3747220999857));
#1585=CARTESIAN_POINT('Ctrl Pts',(7.59231903477164,21.,-38.4678958285049));
#1586=CARTESIAN_POINT('',(9.11674286502136,14.,-35.7900435862572));
#1587=CARTESIAN_POINT('Ctrl Pts',(7.59231903477164,14.,-38.4678958285049));
#1588=CARTESIAN_POINT('Ctrl Pts',(8.1124941787394,14.,-37.5821898050974));
#1589=CARTESIAN_POINT('Ctrl Pts',(8.62112678972724,14.,-36.6895445663645));
#1590=CARTESIAN_POINT('Ctrl Pts',(9.1167428632111,14.,-35.7900435859866));
#1591=CARTESIAN_POINT('',(9.29287405210963,13.8816412344478,-35.4690849111523));
#1592=CARTESIAN_POINT('Ctrl Pts',(9.1167428632111,14.,-35.7900435859866));
#1593=CARTESIAN_POINT('Ctrl Pts',(9.17560798415617,13.9603687022345,-35.6832084135554));
#1594=CARTESIAN_POINT('Ctrl Pts',(9.23431933617069,13.9209148122193,-35.5762223331396));
#1595=CARTESIAN_POINT('Ctrl Pts',(9.29287405210963,13.8816412344478,-35.4690849111523));
#1596=CARTESIAN_POINT('',(9.86557535111623,13.2224296988701,-34.4067904663173));
#1597=CARTESIAN_POINT('Ctrl Pts',(9.29287405210963,13.8816412344478,-35.4690849111523));
#1598=CARTESIAN_POINT('Ctrl Pts',(9.38616009466342,13.8190728044163,-35.2983996649454));
#1599=CARTESIAN_POINT('Ctrl Pts',(9.47650355415704,13.7410095301144,-35.1319776098854));
#1600=CARTESIAN_POINT('Ctrl Pts',(9.56272728538447,13.6474987457451,-34.9721874801951));
#1601=CARTESIAN_POINT('Ctrl Pts',(9.57380821300107,13.63548133223,-34.9516522651708));
#1602=CARTESIAN_POINT('Ctrl Pts',(9.58482116392057,13.6232087913181,-34.9312266111364));
#1603=CARTESIAN_POINT('Ctrl Pts',(9.59576369471637,13.6106812234762,-34.9109155711443));
#1604=CARTESIAN_POINT('Ctrl Pts',(9.68571802294194,13.5076969165962,-34.7439463396072));
#1605=CARTESIAN_POINT('Ctrl Pts',(9.7706633142672,13.387753060877,-34.5851773943804));
#1606=CARTESIAN_POINT('Ctrl Pts',(9.84915612975815,13.2513675968938,-34.4376607971071));
#1607=CARTESIAN_POINT('Ctrl Pts',(9.85466108534917,13.2418024422004,-34.4273149799536));
#1608=CARTESIAN_POINT('Ctrl Pts',(9.86013432238966,13.2321564166358,-34.4170245175864));
#1609=CARTESIAN_POINT('Ctrl Pts',(9.86557535111623,13.2224296988701,-34.4067904663173));
#1610=CARTESIAN_POINT('',(9.86557535111623,8.77757030112992,-34.4067904663173));
#1611=CARTESIAN_POINT('',(9.86557535111623,22.,-34.4067904663173));
#1612=CARTESIAN_POINT('',(9.2928740521096,8.11835876555219,-35.4690849111523));
#1613=CARTESIAN_POINT('Ctrl Pts',(9.86557535111624,8.77757030112992,-34.4067904663173));
#1614=CARTESIAN_POINT('Ctrl Pts',(9.78798677957149,8.63886819621762,-34.5527271005431));
#1615=CARTESIAN_POINT('Ctrl Pts',(9.70384464901285,8.51657381918122,-34.7101337922179));
#1616=CARTESIAN_POINT('Ctrl Pts',(9.6145896653489,8.41120598595611,-34.875955743636));
#1617=CARTESIAN_POINT('Ctrl Pts',(9.60858123333,8.40411287544369,-34.8871184807901));
#1618=CARTESIAN_POINT('Ctrl Pts',(9.60254965006447,8.39709647027909,-34.898319361062));
#1619=CARTESIAN_POINT('Ctrl Pts',(9.59649536340299,8.39015692873259,-34.9095574562161));
#1620=CARTESIAN_POINT('Ctrl Pts',(9.51136948193538,8.29258398180128,-35.0675699206896));
#1621=CARTESIAN_POINT('Ctrl Pts',(9.42197195564225,8.21045322527054,-35.2325284747156));
#1622=CARTESIAN_POINT('Ctrl Pts',(9.32947397124014,8.14381240036648,-35.4020609769818));
#1623=CARTESIAN_POINT('Ctrl Pts',(9.31732649904564,8.13506066839337,-35.4243251524734));
#1624=CARTESIAN_POINT('Ctrl Pts',(9.30512562109153,8.12657608741126,-35.4466682450482));
#1625=CARTESIAN_POINT('Ctrl Pts',(9.2928740521096,8.1183587655522,-35.4690849111523));
#1626=CARTESIAN_POINT('',(9.11674286502137,8.,-35.7900435862572));
#1627=CARTESIAN_POINT('Ctrl Pts',(9.2928740521096,8.11835876555219,-35.4690849111523));
#1628=CARTESIAN_POINT('Ctrl Pts',(9.23431933616835,8.07908518777908,-35.5762223331439));
#1629=CARTESIAN_POINT('Ctrl Pts',(9.17560798029249,8.03963129331507,-35.6832084098062));
#1630=CARTESIAN_POINT('Ctrl Pts',(9.11674286321111,8.,-35.7900435859866));
#1631=CARTESIAN_POINT('Ctrl Pts',(9.11674286321111,8.,-35.7900435859866));
#1632=CARTESIAN_POINT('Ctrl Pts',(8.62112678972725,8.,-36.6895445663645));
#1633=CARTESIAN_POINT('Ctrl Pts',(8.11249417873939,8.,-37.5821898050974));
#1634=CARTESIAN_POINT('Ctrl Pts',(7.59231903477164,8.,-38.4678958285049));
#1635=CARTESIAN_POINT('Origin',(0.,-1.,0.));
#1636=CARTESIAN_POINT('',(23.746531546411,-1.,-8.35));
#1637=CARTESIAN_POINT('Origin',(23.746531546411,-1.,-10.));
#1638=CARTESIAN_POINT('',(17.6356190556344,-1.,-40.));
#1639=CARTESIAN_POINT('',(19.6563449977981,-1.,-43.5));
#1640=CARTESIAN_POINT('',(6.79978014929518,-1.,-21.2317764715889));
#1641=CARTESIAN_POINT('',(19.6563449977981,-1.,-36.5));
#1642=CARTESIAN_POINT('',(25.0729161691468,-1.,-27.1182235284111));
#1643=CARTESIAN_POINT('',(23.6977968821255,-1.,-36.5));
#1644=CARTESIAN_POINT('',(11.7911634141438,-1.,-36.5));
#1645=CARTESIAN_POINT('',(25.7185228242892,-1.,-40.));
#1646=CARTESIAN_POINT('',(13.8145859199491,-1.,-19.3817764715889));
#1647=CARTESIAN_POINT('',(23.6977968821255,-1.,-43.5));
#1648=CARTESIAN_POINT('',(30.182466051475,-1.,-32.2682235284111));
#1649=CARTESIAN_POINT('',(9.88590752581801,-1.,-43.5));
#1650=CARTESIAN_POINT('Origin',(28.7765081543495,22.,-9.42030926533296));
#1651=CARTESIAN_POINT('',(23.487800650224,21.,-25.5758865751461));
#1652=CARTESIAN_POINT('',(23.487800650224,22.,-25.5758865751461));
#1653=CARTESIAN_POINT('',(29.0562439935943,21.,-8.56579160223273));
#1654=CARTESIAN_POINT('',(28.7765081543495,21.,-9.42030926533296));
#1655=CARTESIAN_POINT('',(29.0562439935943,22.,-8.56579160223273));
#1656=CARTESIAN_POINT('Origin',(32.9915236455105,22.,-28.6870357565358));
#1657=CARTESIAN_POINT('',(23.1809545707881,2.,-30.6242333277966));
#1658=CARTESIAN_POINT('Origin',(32.9915236455105,2.,-28.6870357565358));
#1659=CARTESIAN_POINT('',(23.1809545707881,18.,-30.6242333277966));
#1660=CARTESIAN_POINT('',(23.1809545707881,22.,-30.6242333277966));
#1661=CARTESIAN_POINT('',(25.9199907045426,18.,-35.7576384087009));
#1662=CARTESIAN_POINT('Origin',(32.9915236455105,18.,-28.6870357565358));
#1663=CARTESIAN_POINT('',(25.9199907045426,21.,-35.7576384087009));
#1664=CARTESIAN_POINT('',(25.9199907045426,20.,-35.7576384087009));
#1665=CARTESIAN_POINT('Origin',(32.9915236455105,21.,-28.6870357565358));
#1666=CARTESIAN_POINT('Origin',(23.746531546411,22.,-10.));
#1667=CARTESIAN_POINT('Origin',(23.746531546411,21.,-10.));
#1668=CARTESIAN_POINT('Origin',(23.746531546411,21.,-10.));
#1669=CARTESIAN_POINT('',(28.0078821036893,22.,-8.55400849657289));
#1670=CARTESIAN_POINT('Ctrl Pts',(29.0562439935943,21.,-8.56579160223273));
#1671=CARTESIAN_POINT('Ctrl Pts',(29.0562439935943,21.1250894343636,-8.56579160223273));
#1672=CARTESIAN_POINT('Ctrl Pts',(29.031766240982,21.248713165544,-8.56512651799043));
#1673=CARTESIAN_POINT('Ctrl Pts',(28.9361284356194,21.4827492267392,-8.56279343978042));
#1674=CARTESIAN_POINT('Ctrl Pts',(28.8651256192448,21.5901604123447,-8.56114149381334));
#1675=CARTESIAN_POINT('Ctrl Pts',(28.6828255318001,21.7772519557059,-8.55773083305287));
#1676=CARTESIAN_POINT('Ctrl Pts',(28.5717976573412,21.8535675797117,-8.55602236444551));
#1677=CARTESIAN_POINT('Ctrl Pts',(28.3812069684515,21.9376683147942,-8.55428245216591));
#1678=CARTESIAN_POINT('Ctrl Pts',(28.3097892542476,21.9606171714441,-8.55384811939207));
#1679=CARTESIAN_POINT('Ctrl Pts',(28.1630355369957,21.9916883747021,-8.55349987970173));
#1680=CARTESIAN_POINT('Ctrl Pts',(28.0879863247074,21.9996588166248,-8.55359047123422));
#1681=CARTESIAN_POINT('Ctrl Pts',(28.0111358418297,21.999996426846,-8.55399111579887));
#1682=CARTESIAN_POINT('Ctrl Pts',(28.0095089730537,22.,-8.5539997364335));
#1683=CARTESIAN_POINT('Ctrl Pts',(28.0078821036893,22.,-8.55400849657289));
#1684=CARTESIAN_POINT('',(19.4116507871858,22.,-8.79218842392542));
#1685=CARTESIAN_POINT('Origin',(23.746531546411,22.,-10.));
#1686=CARTESIAN_POINT('Ctrl Pts',(18.4270799267371,21.,-8.60235245176201));
#1687=CARTESIAN_POINT('Ctrl Pts',(18.4270799267364,21.0386188091234,-8.60235245176194));
#1688=CARTESIAN_POINT('Ctrl Pts',(18.4292844014391,21.077063670915,-8.60276729942477));
#1689=CARTESIAN_POINT('Ctrl Pts',(18.4336302465292,21.1151281288932,-8.60358706056958));
#1690=CARTESIAN_POINT('Ctrl Pts',(18.4381469953807,21.1546895014892,-8.60443905946335));
#1691=CARTESIAN_POINT('Ctrl Pts',(18.4449750149748,21.1938407438162,-8.60572823049546));
#1692=CARTESIAN_POINT('Ctrl Pts',(18.4540525387537,21.2324070913631,-8.60744471420026));
#1693=CARTESIAN_POINT('Ctrl Pts',(18.463561371725,21.2728058791897,-8.6092427548603));
#1694=CARTESIAN_POINT('Ctrl Pts',(18.4755369414109,21.3125648197235,-8.61150948986951));
#1695=CARTESIAN_POINT('Ctrl Pts',(18.4899459634466,21.3515233716022,-8.61423825659966));
#1696=CARTESIAN_POINT('Ctrl Pts',(18.4938664623071,21.3621234635356,-8.61498071690194));
#1697=CARTESIAN_POINT('Ctrl Pts',(18.497967389685,21.3726644191079,-8.61575741582931));
#1698=CARTESIAN_POINT('Ctrl Pts',(18.5022487204136,21.3831431461413,-8.61656829797822));
#1699=CARTESIAN_POINT('Ctrl Pts',(18.5177812840695,21.4211597127177,-8.61951015867381));
#1700=CARTESIAN_POINT('Ctrl Pts',(18.5356278973622,21.4581982911383,-8.62289464016498));
#1701=CARTESIAN_POINT('Ctrl Pts',(18.5556357413977,21.4939556072943,-8.62669309135153));
#1702=CARTESIAN_POINT('Ctrl Pts',(18.5760514075695,21.5304417688491,-8.63056896679603));
#1703=CARTESIAN_POINT('Ctrl Pts',(18.5987168185615,21.5655937093778,-8.63487580719109));
#1704=CARTESIAN_POINT('Ctrl Pts',(18.6234308833163,21.5991275830152,-8.63957876244544));
#1705=CARTESIAN_POINT('Ctrl Pts',(18.6487696508746,21.633509099688,-8.64440059532516));
#1706=CARTESIAN_POINT('Ctrl Pts',(18.6762616141276,21.6661896126481,-8.64963878754312));
#1707=CARTESIAN_POINT('Ctrl Pts',(18.7056561548338,21.6969053654057,-8.65525186439092));
#1708=CARTESIAN_POINT('Ctrl Pts',(18.7090199137333,21.700420316965,-8.65589419581527));
#1709=CARTESIAN_POINT('Ctrl Pts',(18.7124085547301,21.703909584516,-8.656541432643));
#1710=CARTESIAN_POINT('Ctrl Pts',(18.7158216774174,21.7073728076625,-8.65719350980666));
#1711=CARTESIAN_POINT('Ctrl Pts',(18.7416775002307,21.7336081622754,-8.66213326531757));
#1712=CARTESIAN_POINT('Ctrl Pts',(18.7690362804619,21.7584424988607,-8.6673705856108));
#1713=CARTESIAN_POINT('Ctrl Pts',(18.7976995575308,21.7816682323022,-8.6728671374531));
#1714=CARTESIAN_POINT('Ctrl Pts',(18.8262593571557,21.8048101184039,-8.67834384616532));
#1715=CARTESIAN_POINT('Ctrl Pts',(18.8561137530281,21.826354461938,-8.68407786377431));
#1716=CARTESIAN_POINT('Ctrl Pts',(18.887030739336,21.8461329664543,-8.69002697531451));
#1717=CARTESIAN_POINT('Ctrl Pts',(18.9178749167902,21.8658648930077,-8.69596207682192));
#1718=CARTESIAN_POINT('Ctrl Pts',(18.9497760684892,21.8838388805991,-8.70211119150211));
#1719=CARTESIAN_POINT('Ctrl Pts',(18.9824766062969,21.8999318344891,-8.70842904216127));
#1720=CARTESIAN_POINT('Ctrl Pts',(18.9996768601549,21.908396615523,-8.71175218735887));
#1721=CARTESIAN_POINT('Ctrl Pts',(19.0170978797923,21.9163417487771,-8.71512196654006));
#1722=CARTESIAN_POINT('Ctrl Pts',(19.0347000863128,21.9237547192294,-8.7185315219685));
#1723=CARTESIAN_POINT('Ctrl Pts',(19.0642712745696,21.9362082911457,-8.72425947461636));
#1724=CARTESIAN_POINT('Ctrl Pts',(19.0946064580848,21.9472627933715,-8.73014938568163));
#1725=CARTESIAN_POINT('Ctrl Pts',(19.125489428723,21.9567968459862,-8.73615819990147));
#1726=CARTESIAN_POINT('Ctrl Pts',(19.1563076856672,21.9663109204785,-8.74215442295675));
#1727=CARTESIAN_POINT('Ctrl Pts',(19.1876706403541,21.9743105048004,-8.74826895991082));
#1728=CARTESIAN_POINT('Ctrl Pts',(19.2193413075403,21.9807218247433,-8.75445620871847));
#1729=CARTESIAN_POINT('Ctrl Pts',(19.2511085564038,21.9871526964068,-8.76066232592776));
#1730=CARTESIAN_POINT('Ctrl Pts',(19.28318451185,21.9919854145203,-8.76694149618415));
#1731=CARTESIAN_POINT('Ctrl Pts',(19.3153204131456,21.9951972668777,-8.77324632888276));
#1732=CARTESIAN_POINT('Ctrl Pts',(19.3474531029321,21.9984087982579,-8.77955053150637));
#1733=CARTESIAN_POINT('Ctrl Pts',(19.3796448357093,21.9999999089042,-8.78588028643146));
#1734=CARTESIAN_POINT('Ctrl Pts',(19.4116507871858,21.9999999999961,-8.79218842392542));
#1735=CARTESIAN_POINT('Origin',(21.6770709399618,20.,-40.));
#1736=CARTESIAN_POINT('',(21.6770709399618,20.,-43.5));
#1737=CARTESIAN_POINT('Origin',(21.6770709399618,20.,-40.));
#1738=CARTESIAN_POINT('',(21.6770709399618,22.,-43.5));
#1739=CARTESIAN_POINT('',(21.6770709399618,20.,-43.5));
#1740=CARTESIAN_POINT('Origin',(21.6770709399618,22.,-40.));
#1741=CARTESIAN_POINT('Origin',(21.6770709399618,22.,-40.));
#1742=CARTESIAN_POINT('',(21.6770709399618,20.,-38.));
#1743=CARTESIAN_POINT('Origin',(21.6770709399618,20.,-40.));
#1744=CARTESIAN_POINT('',(21.6770709399618,18.,-38.));
#1745=CARTESIAN_POINT('',(21.6770709399618,22.,-38.));
#1746=CARTESIAN_POINT('Origin',(21.6770709399618,18.,-40.));
#1747=CARTESIAN_POINT('Origin',(23.746531546411,22.,-10.));
#1748=CARTESIAN_POINT('',(23.746531546411,19.5,-8.35));
#1749=CARTESIAN_POINT('Origin',(23.746531546411,19.5,-10.));
#1750=CARTESIAN_POINT('',(23.746531546411,22.,-8.35));
#1751=CARTESIAN_POINT('Origin',(21.6770709399618,22.,-40.));
#1752=CARTESIAN_POINT('Origin',(21.6770709399618,21.,-40.));
#1753=CARTESIAN_POINT('Origin',(21.6770709399618,18.,-40.));
#1754=CARTESIAN_POINT('Origin',(0.,22.,0.));
#1755=CARTESIAN_POINT('',(11.9037513332888,22.,-45.));
#1756=CARTESIAN_POINT('',(8.45460549447508,22.,-38.9743166628039));
#1757=CARTESIAN_POINT('Origin',(11.9037513332888,22.,-41.));
#1758=CARTESIAN_POINT('Ctrl Pts',(8.45460549447508,22.,-38.9743166628039));
#1759=CARTESIAN_POINT('Ctrl Pts',(9.82355826952484,22.,-36.6433907570149));
#1760=CARTESIAN_POINT('Ctrl Pts',(11.1097299722165,21.9999999999839,-34.2713721840479));
#1761=CARTESIAN_POINT('Ctrl Pts',(12.2933894333034,21.9999999999968,-31.8484666217447));
#1762=CARTESIAN_POINT('Ctrl Pts',(12.3070153812205,21.9999999999969,-31.8205748284667));
#1763=CARTESIAN_POINT('Ctrl Pts',(12.3206277401724,21.9999999999971,-31.7926762905704));
#1764=CARTESIAN_POINT('Ctrl Pts',(12.3342264800868,21.9999999999972,-31.7647709931854));
#1765=CARTESIAN_POINT('Ctrl Pts',(12.9112757177068,22.0000000000026,-30.5806369717276));
#1766=CARTESIAN_POINT('Ctrl Pts',(13.4637551297635,21.9999999999986,-29.384306173734));
#1767=CARTESIAN_POINT('Ctrl Pts',(13.9890088384901,21.9999999999995,-28.1744607454694));
#1768=CARTESIAN_POINT('Ctrl Pts',(14.0075761967522,21.9999999999995,-28.1316935395742));
#1769=CARTESIAN_POINT('Ctrl Pts',(14.0261093514691,21.9999999999996,-28.0889098560413));
#1770=CARTESIAN_POINT('Ctrl Pts',(14.0446082183793,21.9999999999996,-28.0461095634774));
#1771=CARTESIAN_POINT('Ctrl Pts',(14.3640220278856,22.0000000000001,-27.307091084013));
#1772=CARTESIAN_POINT('Ctrl Pts',(14.6735052006438,22.0000000000038,-26.5622629647702));
#1773=CARTESIAN_POINT('Ctrl Pts',(14.9716293861363,21.9999999999952,-25.8134678440655));
#1774=CARTESIAN_POINT('Ctrl Pts',(15.1561857966822,21.9999999999899,-25.3499196100192));
#1775=CARTESIAN_POINT('Ctrl Pts',(15.3363882444188,21.9999999999809,-24.8848506302589));
#1776=CARTESIAN_POINT('Ctrl Pts',(15.5118877669953,21.999999999927,-24.4186966418882));
#1777=CARTESIAN_POINT('Ctrl Pts',(15.5336621593436,21.9999999999203,-24.3608604740829));
#1778=CARTESIAN_POINT('Ctrl Pts',(15.5553642314258,21.9999999999131,-24.3030074462485));
#1779=CARTESIAN_POINT('Ctrl Pts',(15.5769932460229,21.9999999999055,-24.2451385559624));
#1780=CARTESIAN_POINT('Ctrl Pts',(16.01954188103,21.9999999997494,-23.0610902355694));
#1781=CARTESIAN_POINT('Ctrl Pts',(16.4323154543337,21.9999999993746,-21.8691856753143));
#1782=CARTESIAN_POINT('Ctrl Pts',(16.8129911633488,21.999999998935,-20.668831289964));
#1783=CARTESIAN_POINT('Ctrl Pts',(17.1851479700729,21.9999999985053,-19.4953388805197));
#1784=CARTESIAN_POINT('Ctrl Pts',(17.5266274792836,21.9999999980305,-18.3137706140506));
#1785=CARTESIAN_POINT('Ctrl Pts',(17.8352107453844,21.9999999978029,-17.1235610425165));
#1786=CARTESIAN_POINT('Ctrl Pts',(18.1399968018074,21.9999999975782,-15.9479973568748));
#1787=CARTESIAN_POINT('Ctrl Pts',(18.4126913465654,21.9999999976251,-14.7640037533579));
#1788=CARTESIAN_POINT('Ctrl Pts',(18.6511070600915,21.9999999980216,-13.5710243897516));
#1789=CARTESIAN_POINT('Ctrl Pts',(18.8855056052152,21.9999999984114,-12.3981460460539));
#1790=CARTESIAN_POINT('Ctrl Pts',(19.08677081117,21.9999999991803,-11.2165822170731));
#1791=CARTESIAN_POINT('Ctrl Pts',(19.2527748525215,21.9999999996741,-10.0257936659985));
#1792=CARTESIAN_POINT('Ctrl Pts',(19.3099455998927,21.9999999998442,-9.61569358125489));
#1793=CARTESIAN_POINT('Ctrl Pts',(19.3629336861563,21.9999999999722,-9.20449928123263));
#1794=CARTESIAN_POINT('Ctrl Pts',(19.4116507871858,21.9999999999961,-8.79218842392542));
#1795=CARTESIAN_POINT('',(22.5374283506953,22.,-25.2647716570072));
#1796=CARTESIAN_POINT('',(27.8261358548208,22.,-9.109194347194));
#1797=CARTESIAN_POINT('',(25.2128374104458,22.,-36.4646986739174));
#1798=CARTESIAN_POINT('Origin',(32.9915236455105,22.,-28.6870357565358));
#1799=CARTESIAN_POINT('',(21.6770709399618,22.,-45.));
#1800=CARTESIAN_POINT('Origin',(21.6770709399618,22.,-40.));
#1801=CARTESIAN_POINT('',(11.9037513332888,22.,-45.));
#1802=CARTESIAN_POINT('',(26.9105163739532,22.,-9.33476820249204));
#1803=CARTESIAN_POINT('',(25.9046315962292,22.,-12.4074753390861));
#1804=CARTESIAN_POINT('',(26.9105163739532,22.,-9.33476820249204));
#1805=CARTESIAN_POINT('',(24.752416324135,22.,-6.92729286340589));
#1806=CARTESIAN_POINT('',(24.752416324135,22.,-6.92729286340589));
#1807=CARTESIAN_POINT('',(21.5884314965927,22.,-7.59252466091385));
#1808=CARTESIAN_POINT('',(21.5884314965927,22.,-7.59252466091385));
#1809=CARTESIAN_POINT('',(20.5825467188687,22.,-10.665231797508));
#1810=CARTESIAN_POINT('',(20.5825467188687,22.,-10.665231797508));
#1811=CARTESIAN_POINT('',(22.7406467686869,22.,-13.0727071365941));
#1812=CARTESIAN_POINT('',(22.7406467686869,22.,-13.0727071365941));
#1813=CARTESIAN_POINT('',(25.9046315962292,22.,-12.4074753390861));
#1814=CARTESIAN_POINT('Origin',(-7.13842660521563E-15,2.00000000000001,
-30.));
#1815=CARTESIAN_POINT('',(21.3206696856476,2.,-33.0090788771491));
#1816=CARTESIAN_POINT('',(15.4064260246185,2.,-43.1111111111111));
#1817=CARTESIAN_POINT('Origin',(21.6770709399618,2.,-40.));
#1818=CARTESIAN_POINT('Origin',(21.2188407558436,2.,-31.0116728420488));
#1819=CARTESIAN_POINT('Origin',(13.6148131916632,2.,-44.));
#1820=CARTESIAN_POINT('',(17.6356190556344,2.,-40.));
#1821=CARTESIAN_POINT('',(19.6563449977981,2.,-36.5));
#1822=CARTESIAN_POINT('',(18.5777256407636,2.,-38.3682235284111));
#1823=CARTESIAN_POINT('',(19.6563449977981,2.,-43.5));
#1824=CARTESIAN_POINT('',(13.2949706776785,2.,-32.4817764715889));
#1825=CARTESIAN_POINT('',(23.6977968821255,2.,-43.5));
#1826=CARTESIAN_POINT('',(9.885907525818,2.,-43.5));
#1827=CARTESIAN_POINT('',(25.7185228242892,2.,-40.));
#1828=CARTESIAN_POINT('',(23.6872755230917,2.,-43.5182235284111));
#1829=CARTESIAN_POINT('',(23.6977968821255,2.,-36.5));
#1830=CARTESIAN_POINT('',(20.3097764483324,2.,-30.6317764715889));
#1831=CARTESIAN_POINT('',(11.7911634141438,2.,-36.5));
#1832=CARTESIAN_POINT('Origin',(-7.57210747420983E-15,18.,-30.));
#1833=CARTESIAN_POINT('',(21.3206696856476,18.,-33.0090788771491));
#1834=CARTESIAN_POINT('Origin',(21.2188407558436,18.,-31.0116728420488));
#1835=CARTESIAN_POINT('',(15.4064260246185,18.,-43.1111111111111));
#1836=CARTESIAN_POINT('Origin',(21.6770709399618,18.,-40.));
#1837=CARTESIAN_POINT('Origin',(13.6148131916632,18.,-44.));
#1838=CARTESIAN_POINT('Origin',(21.6770709399618,2.,-40.));
#1839=CARTESIAN_POINT('',(21.3206696856476,2.,-33.0090788771491));
#1840=CARTESIAN_POINT('',(15.4064260246185,2.,-43.1111111111111));
#1841=CARTESIAN_POINT('Origin',(19.5986099708791,16.,-36.6));
#1842=CARTESIAN_POINT('',(19.6563449977981,16.,-36.5));
#1843=CARTESIAN_POINT('',(17.6356190556344,16.,-40.));
#1844=CARTESIAN_POINT('Origin',(23.5823268282875,16.,-36.5));
#1845=CARTESIAN_POINT('',(23.6977968821255,16.,-36.5));
#1846=CARTESIAN_POINT('Origin',(25.6607877973702,16.,-39.9));
#1847=CARTESIAN_POINT('',(25.7185228242892,16.,-40.));
#1848=CARTESIAN_POINT('Origin',(23.7555319090444,16.,-43.4));
#1849=CARTESIAN_POINT('',(23.6977968821255,16.,-43.5));
#1850=CARTESIAN_POINT('Origin',(19.771815051636,16.,-43.5));
#1851=CARTESIAN_POINT('',(19.6563449977981,16.,-43.5));
#1852=CARTESIAN_POINT('Origin',(17.6933540825534,16.,-40.1));
#1853=CARTESIAN_POINT('Origin',(21.6770709399618,20.,-40.));
#1854=CARTESIAN_POINT('Origin',(8.80965409582453,11.,-40.4602920302447));
#1855=CARTESIAN_POINT('',(8.31709138809022,8.,-40.3743735866516));
#1856=CARTESIAN_POINT('',(8.80965409582453,8.,-40.4602920302447));
#1857=CARTESIAN_POINT('',(8.31709138809022,14.,-40.3743735866516));
#1858=CARTESIAN_POINT('Origin',(8.31709138809022,11.,-40.3743735866516));
#1859=CARTESIAN_POINT('',(8.80965409582453,14.,-40.4602920302447));
#1860=CARTESIAN_POINT('Origin',(8.80965409582453,14.,-40.4602920302447));
#1861=CARTESIAN_POINT('',(8.31709138809022,14.,-40.3743735866516));
#1862=CARTESIAN_POINT('Origin',(9.66883853175496,8.,-35.5346649529016));
#1863=CARTESIAN_POINT('',(9.17627582402064,8.,-35.4487465093086));
#1864=CARTESIAN_POINT('Origin',(8.80965409582453,11.,-40.4602920302447));
#1865=CARTESIAN_POINT('',(8.80965409582453,8.5,-40.4602920302447));
#1866=CARTESIAN_POINT('',(9.66883853175496,8.50000000000001,-35.5346649529016));
#1867=CARTESIAN_POINT('',(8.80965409582453,8.50000000000001,-40.4602920302447));
#1868=CARTESIAN_POINT('Origin',(9.66883853175496,11.,-35.5346649529016));
#1869=CARTESIAN_POINT('',(9.66883853175496,13.5,-35.5346649529016));
#1870=CARTESIAN_POINT('Origin',(9.66883853175496,11.,-35.5346649529016));
#1871=CARTESIAN_POINT('',(8.80965409582453,13.5,-40.4602920302447));
#1872=CARTESIAN_POINT('',(8.80965409582453,13.5,-40.4602920302447));
#1873=CARTESIAN_POINT('Origin',(8.80965409582453,11.,-40.4602920302447));
#1874=CARTESIAN_POINT('Origin',(9.17627582402064,11.,-35.4487465093086));
#1875=CARTESIAN_POINT('',(9.66883853175496,13.5,-35.5346649529016));
#1876=CARTESIAN_POINT('Origin',(8.31709138809022,14.,-40.3743735866516));
#1877=CARTESIAN_POINT('',(8.80965409582453,13.5,-40.4602920302447));
#1878=CARTESIAN_POINT('Origin',(8.31709138809022,11.,-40.3743735866516));
#1879=CARTESIAN_POINT('',(8.80965409582453,8.5,-40.4602920302447));
#1880=CARTESIAN_POINT('Origin',(9.17627582402064,8.,-35.4487465093086));
#1881=CARTESIAN_POINT('',(9.66883853175496,8.50000000000001,-35.5346649529016));
#1882=CARTESIAN_POINT('Origin',(9.17627582402064,11.,-35.4487465093086));
#1883=CARTESIAN_POINT('Origin',(26.9105163739532,19.5,-9.33476820249204));
#1884=CARTESIAN_POINT('',(25.9046315962292,19.5,-12.4074753390861));
#1885=CARTESIAN_POINT('',(25.9046315962292,19.5,-12.4074753390861));
#1886=CARTESIAN_POINT('',(26.9105163739532,19.5,-9.33476820249204));
#1887=CARTESIAN_POINT('',(26.9105163739532,19.5,-9.33476820249204));
#1888=CARTESIAN_POINT('',(26.9105163739532,19.5,-9.33476820249204));
#1889=CARTESIAN_POINT('Origin',(24.752416324135,19.5,-6.92729286340589));
#1890=CARTESIAN_POINT('',(24.752416324135,19.5,-6.92729286340589));
#1891=CARTESIAN_POINT('',(24.752416324135,19.5,-6.92729286340589));
#1892=CARTESIAN_POINT('',(24.752416324135,19.5,-6.92729286340589));
#1893=CARTESIAN_POINT('Origin',(21.5884314965927,19.5,-7.59252466091385));
#1894=CARTESIAN_POINT('',(21.5884314965927,19.5,-7.59252466091385));
#1895=CARTESIAN_POINT('',(21.5884314965927,19.5,-7.59252466091385));
#1896=CARTESIAN_POINT('',(21.5884314965927,19.5,-7.59252466091385));
#1897=CARTESIAN_POINT('Origin',(20.5825467188687,19.5,-10.665231797508));
#1898=CARTESIAN_POINT('',(20.5825467188687,19.5,-10.665231797508));
#1899=CARTESIAN_POINT('',(20.5825467188687,19.5,-10.665231797508));
#1900=CARTESIAN_POINT('',(20.5825467188687,19.5,-10.665231797508));
#1901=CARTESIAN_POINT('Origin',(22.7406467686869,19.5,-13.0727071365941));
#1902=CARTESIAN_POINT('',(22.7406467686869,19.5,-13.0727071365941));
#1903=CARTESIAN_POINT('',(22.7406467686869,19.5,-13.0727071365941));
#1904=CARTESIAN_POINT('',(22.7406467686869,19.5,-13.0727071365941));
#1905=CARTESIAN_POINT('Origin',(25.9046315962292,19.5,-12.4074753390861));
#1906=CARTESIAN_POINT('',(25.9046315962292,19.5,-12.4074753390861));
#1907=CARTESIAN_POINT('Origin',(0.,19.5,0.));
#1908=CARTESIAN_POINT('Origin',(21.2188407558436,22.,-31.0116728420488));
#1909=CARTESIAN_POINT('Origin',(13.6148131916632,2.,-44.));
#1910=CARTESIAN_POINT('Origin',(32.9915236455105,21.,-28.6870357565358));
#1911=CARTESIAN_POINT('Origin',(22.5374283506953,21.,-25.2647716570072));
#1912=CARTESIAN_POINT('Origin',(25.2128374104458,21.,-36.4646986739174));
#1913=CARTESIAN_POINT('Origin',(21.6770709399618,21.,-40.));
#1914=CARTESIAN_POINT('Origin',(21.6770709399618,21.,-45.));
#1915=CARTESIAN_POINT('Origin',(27.8261358548208,21.,-9.109194347194));
#1916=CARTESIAN_POINT('Origin',(-1.65492169031504E-14,21.,-45.));
#1917=CARTESIAN_POINT('Origin',(11.9037513332888,21.,-45.));
#1918=CARTESIAN_POINT('Origin',(11.9037513332888,21.,-41.));
#1919=CARTESIAN_POINT('Origin',(8.45460549447508,21.,-38.9743166628039));
#1920=CARTESIAN_POINT('Ctrl Pts',(7.59231903477164,21.,-38.4678958285049));
#1921=CARTESIAN_POINT('Ctrl Pts',(7.59231903477164,22.,-38.4678958285049));
#1922=CARTESIAN_POINT('Ctrl Pts',(8.45460549447508,22.,-38.9743166628039));
#1923=CARTESIAN_POINT('Ctrl Pts',(8.96534306589151,21.,-36.1300377652187));
#1924=CARTESIAN_POINT('Ctrl Pts',(8.9653430660828,22.,-36.1300377653396));
#1925=CARTESIAN_POINT('Ctrl Pts',(9.83931291689802,22.,-36.6165652041222));
#1926=CARTESIAN_POINT('Ctrl Pts',(10.2529997246173,21.,-33.75282712977));
#1927=CARTESIAN_POINT('Ctrl Pts',(10.2529997247304,22.,-33.7528271298252));
#1928=CARTESIAN_POINT('Ctrl Pts',(11.1393380496885,22.,-34.2167582847096));
#1929=CARTESIAN_POINT('Ctrl Pts',(12.0264303987234,21.,-30.1136422836425));
#1930=CARTESIAN_POINT('Ctrl Pts',(12.0264303986669,22.,-30.113642283615));
#1931=CARTESIAN_POINT('Ctrl Pts',(12.931673894888,22.,-30.5387789066385));
#1932=CARTESIAN_POINT('Ctrl Pts',(12.5911848015249,21.,-28.888327303451));
#1933=CARTESIAN_POINT('Ctrl Pts',(12.5911848015882,22.,-28.8883273034784));
#1934=CARTESIAN_POINT('Ctrl Pts',(13.5027854674396,22.,-29.2997137062363));
#1935=CARTESIAN_POINT('Ctrl Pts',(13.662172306781,21.,-26.4104099811253));
#1936=CARTESIAN_POINT('Ctrl Pts',(13.6621723067177,22.,-26.4104099810979));
#1937=CARTESIAN_POINT('Ctrl Pts',(14.5864325967987,22.,-26.792506124136));
#1938=CARTESIAN_POINT('Ctrl Pts',(14.1692229193109,21.,-25.1553690457997));
#1939=CARTESIAN_POINT('Ctrl Pts',(14.169222919356,22.,-25.1553690458137));
#1940=CARTESIAN_POINT('Ctrl Pts',(15.0997972828548,22.,-25.5218908580564));
#1941=CARTESIAN_POINT('Ctrl Pts',(16.5246005527217,21.,-18.853678433792));
#1942=CARTESIAN_POINT('Ctrl Pts',(16.5246005525413,22.,-18.8536784337358));
#1943=CARTESIAN_POINT('Ctrl Pts',(17.4858414912742,22.,-19.138153415547));
#1944=CARTESIAN_POINT('Ctrl Pts',(17.8480132221262,20.9999999999812,-13.7055618083553));
#1945=CARTESIAN_POINT('Ctrl Pts',(17.8480132216462,21.9999999999624,-13.7055618083278));
#1946=CARTESIAN_POINT('Ctrl Pts',(18.831179502855,22.,-13.9104182676868));
#1947=CARTESIAN_POINT('Ctrl Pts',(18.4488923729831,21.,-8.4130040961147));
#1948=CARTESIAN_POINT('Ctrl Pts',(18.4488923729831,22.,-8.4130040961147));
#1949=CARTESIAN_POINT('Ctrl Pts',(19.4425091616194,22.,-8.52581224005843));
#1950=UNCERTAINTY_MEASURE_WITH_UNIT(LENGTH_MEASURE(0.01),#1954,
'DISTANCE_ACCURACY_VALUE',
'Maximum model space distance between geometric entities at asserted c
onnectivities');
#1951=UNCERTAINTY_MEASURE_WITH_UNIT(LENGTH_MEASURE(0.01),#1954,
'DISTANCE_ACCURACY_VALUE',
'Maximum model space distance between geometric entities at asserted c
onnectivities');
#1952=(
GEOMETRIC_REPRESENTATION_CONTEXT(3)
GLOBAL_UNCERTAINTY_ASSIGNED_CONTEXT((#1950))
GLOBAL_UNIT_ASSIGNED_CONTEXT((#1954,#1956,#1957))
REPRESENTATION_CONTEXT('','3D')
);
#1953=(
GEOMETRIC_REPRESENTATION_CONTEXT(3)
GLOBAL_UNCERTAINTY_ASSIGNED_CONTEXT((#1951))
GLOBAL_UNIT_ASSIGNED_CONTEXT((#1954,#1956,#1957))
REPRESENTATION_CONTEXT('','3D')
);
#1954=(
LENGTH_UNIT()
NAMED_UNIT(*)
SI_UNIT(.MILLI.,.METRE.)
);
#1955=(
LENGTH_UNIT()
NAMED_UNIT(*)
SI_UNIT($,.METRE.)
);
#1956=(
NAMED_UNIT(*)
PLANE_ANGLE_UNIT()
SI_UNIT($,.RADIAN.)
);
#1957=(
NAMED_UNIT(*)
SI_UNIT($,.STERADIAN.)
SOLID_ANGLE_UNIT()
);
#1958=SHAPE_DEFINITION_REPRESENTATION(#1959,#1960);
#1959=PRODUCT_DEFINITION_SHAPE('',$,#1962);
#1960=SHAPE_REPRESENTATION('',(#972),#1952);
#1961=PRODUCT_DEFINITION_CONTEXT('part definition',#1966,'design');
#1962=PRODUCT_DEFINITION('1M2A','moveo v25',#1963,#1961);
#1963=PRODUCT_DEFINITION_FORMATION('',$,#1968);
#1964=PRODUCT_RELATED_PRODUCT_CATEGORY('moveo v25','moveo v25',(#1968));
#1965=APPLICATION_PROTOCOL_DEFINITION('international standard',
'automotive_design',2009,#1966);
#1966=APPLICATION_CONTEXT(
'Core Data for Automotive Mechanical Design Process');
#1967=PRODUCT_CONTEXT('part definition',#1966,'mechanical');
#1968=PRODUCT('1M2A','moveo v25','STEP AP214',(#1967));
#1969=PRESENTATION_STYLE_ASSIGNMENT((#1971));
#1970=PRESENTATION_STYLE_ASSIGNMENT((#1972));
#1971=SURFACE_STYLE_USAGE(.BOTH.,#1973);
#1972=SURFACE_STYLE_USAGE(.BOTH.,#1974);
#1973=SURFACE_SIDE_STYLE('',(#1975));
#1974=SURFACE_SIDE_STYLE('',(#1976));
#1975=SURFACE_STYLE_FILL_AREA(#1977);
#1976=SURFACE_STYLE_FILL_AREA(#1978);
#1977=FILL_AREA_STYLE('Steel - Satin',(#1979));
#1978=FILL_AREA_STYLE('Opaque(202,209,238)',(#1980));
#1979=FILL_AREA_STYLE_COLOUR('Steel - Satin',#1981);
#1980=FILL_AREA_STYLE_COLOUR('Opaque(202,209,238)',#1982);
#1981=COLOUR_RGB('Steel - Satin',0.627450980392157,0.627450980392157,0.627450980392157);
#1982=COLOUR_RGB('Opaque(202,209,238)',0.792156862745098,0.819607843137255,
0.933333333333333);
ENDSEC;
END-ISO-10303-21;
